dt,0
2023-10-25 09:00:00+00:00,
2023-10-25 10:00:00+00:00,0.0
2023-10-25 11:00:00+00:00,0.0
2023-10-25 12:00:00+00:00,0.0
2023-10-25 13:00:00+00:00,0.0
2023-10-25 14:00:00+00:00,0.0
2023-10-25 15:00:00+00:00,0.0
2023-10-25 16:00:00+00:00,0.0
2023-10-25 17:00:00+00:00,0.0
2023-10-25 18:00:00+00:00,0.0
2023-10-25 19:00:00+00:00,0.0
2023-10-25 20:00:00+00:00,0.0
2023-10-25 21:00:00+00:00,0.0
2023-10-25 22:00:00+00:00,0.0
2023-10-25 23:00:00+00:00,0.0
2023-10-26 00:00:00+00:00,0.0
2023-10-26 01:00:00+00:00,0.0
2023-10-26 02:00:00+00:00,0.0
2023-10-26 03:00:00+00:00,0.0
2023-10-26 04:00:00+00:00,0.0
2023-10-26 05:00:00+00:00,0.0
2023-10-26 06:00:00+00:00,0.0
2023-10-26 07:00:00+00:00,0.0
2023-10-26 08:00:00+00:00,0.0
2023-10-26 09:00:00+00:00,0.0
2023-10-26 10:00:00+00:00,0.0
2023-10-26 11:00:00+00:00,0.0
2023-10-26 12:00:00+00:00,0.0
2023-10-26 13:00:00+00:00,0.0
2023-10-26 14:00:00+00:00,0.0
2023-10-26 15:00:00+00:00,0.0
2023-10-26 16:00:00+00:00,0.0
2023-10-26 17:00:00+00:00,0.0
2023-10-26 18:00:00+00:00,0.0
2023-10-26 19:00:00+00:00,0.0
2023-10-26 20:00:00+00:00,0.0
2023-10-26 21:00:00+00:00,0.0
2023-10-26 22:00:00+00:00,0.0
2023-10-26 23:00:00+00:00,0.0
2023-10-27 00:00:00+00:00,0.0
2023-10-27 01:00:00+00:00,0.0
2023-10-27 02:00:00+00:00,0.0
2023-10-27 03:00:00+00:00,0.0
2023-10-27 04:00:00+00:00,0.0
2023-10-27 05:00:00+00:00,0.0
2023-10-27 06:00:00+00:00,0.0
2023-10-27 07:00:00+00:00,0.0
2023-10-27 08:00:00+00:00,0.0
2023-10-27 09:00:00+00:00,0.0
2023-10-27 10:00:00+00:00,0.0
2023-10-27 11:00:00+00:00,0.0
2023-10-27 12:00:00+00:00,0.0
2023-10-27 13:00:00+00:00,0.0
2023-10-27 14:00:00+00:00,0.0
2023-10-27 15:00:00+00:00,0.0
2023-10-27 16:00:00+00:00,0.0
2023-10-27 17:00:00+00:00,0.0
2023-10-27 18:00:00+00:00,0.0
2023-10-27 19:00:00+00:00,0.0
2023-10-27 20:00:00+00:00,0.0
2023-10-27 21:00:00+00:00,0.0
2023-10-27 22:00:00+00:00,0.0
2023-10-27 23:00:00+00:00,0.0
2023-10-28 00:00:00+00:00,0.0
2023-10-28 01:00:00+00:00,0.0
2023-10-28 02:00:00+00:00,0.0
2023-10-28 03:00:00+00:00,0.0
2023-10-28 04:00:00+00:00,0.0
2023-10-28 05:00:00+00:00,0.0
2023-10-28 06:00:00+00:00,0.0
2023-10-28 07:00:00+00:00,0.0
2023-10-28 08:00:00+00:00,0.0
2023-10-28 09:00:00+00:00,0.0
2023-10-28 10:00:00+00:00,0.0
2023-10-28 11:00:00+00:00,0.0
2023-10-28 12:00:00+00:00,0.0
2023-10-28 13:00:00+00:00,0.0
2023-10-28 14:00:00+00:00,0.0
2023-10-28 15:00:00+00:00,0.0
2023-10-28 16:00:00+00:00,0.0
2023-10-28 17:00:00+00:00,0.0
2023-10-28 18:00:00+00:00,0.0
2023-10-28 19:00:00+00:00,0.0
2023-10-28 20:00:00+00:00,0.0
2023-10-28 21:00:00+00:00,0.0
2023-10-28 22:00:00+00:00,0.0
2023-10-28 23:00:00+00:00,0.0
2023-10-29 00:00:00+00:00,0.0
2023-10-29 01:00:00+00:00,0.0
2023-10-29 02:00:00+00:00,0.0
2023-10-29 03:00:00+00:00,0.0
2023-10-29 04:00:00+00:00,0.0
2023-10-29 05:00:00+00:00,0.0
2023-10-29 06:00:00+00:00,0.0
2023-10-29 07:00:00+00:00,0.0
2023-10-29 08:00:00+00:00,0.0
2023-10-29 09:00:00+00:00,0.0
2023-10-29 10:00:00+00:00,0.0
2023-10-29 11:00:00+00:00,0.0
2023-10-29 12:00:00+00:00,0.0
2023-10-29 13:00:00+00:00,0.0
2023-10-29 14:00:00+00:00,0.0
2023-10-29 15:00:00+00:00,0.0
2023-10-29 16:00:00+00:00,0.0
2023-10-29 17:00:00+00:00,0.0
2023-10-29 18:00:00+00:00,0.0
2023-10-29 19:00:00+00:00,0.0
2023-10-29 20:00:00+00:00,0.0
2023-10-29 21:00:00+00:00,0.0
2023-10-29 22:00:00+00:00,0.0
2023-10-29 23:00:00+00:00,0.0
2023-10-30 00:00:00+00:00,0.0
2023-10-30 01:00:00+00:00,0.0
2023-10-30 02:00:00+00:00,0.0
2023-10-30 03:00:00+00:00,0.0
2023-10-30 04:00:00+00:00,0.0
2023-10-30 05:00:00+00:00,0.0
2023-10-30 06:00:00+00:00,0.0
2023-10-30 07:00:00+00:00,0.0
2023-10-30 08:00:00+00:00,0.0
2023-10-30 09:00:00+00:00,0.0
2023-10-30 10:00:00+00:00,0.0
2023-10-30 11:00:00+00:00,0.0
2023-10-30 12:00:00+00:00,0.0
2023-10-30 13:00:00+00:00,0.0
2023-10-30 14:00:00+00:00,0.0
2023-10-30 15:00:00+00:00,0.0
2023-10-30 16:00:00+00:00,0.0
2023-10-30 17:00:00+00:00,0.0
2023-10-30 18:00:00+00:00,0.0
2023-10-30 19:00:00+00:00,0.0
2023-10-30 20:00:00+00:00,0.0
2023-10-30 21:00:00+00:00,0.0
2023-10-30 22:00:00+00:00,0.0
2023-10-30 23:00:00+00:00,0.0
2023-10-31 00:00:00+00:00,0.0
2023-10-31 01:00:00+00:00,0.0
2023-10-31 02:00:00+00:00,0.0
2023-10-31 03:00:00+00:00,0.0
2023-10-31 04:00:00+00:00,0.0
2023-10-31 05:00:00+00:00,0.0
2023-10-31 06:00:00+00:00,0.0
2023-10-31 07:00:00+00:00,0.0
2023-10-31 08:00:00+00:00,0.0
2023-10-31 09:00:00+00:00,0.0
2023-10-31 10:00:00+00:00,0.0
2023-10-31 11:00:00+00:00,0.0
2023-10-31 12:00:00+00:00,0.0
2023-10-31 13:00:00+00:00,0.0
2023-10-31 14:00:00+00:00,0.0
2023-10-31 15:00:00+00:00,0.0
2023-10-31 16:00:00+00:00,0.0
2023-10-31 17:00:00+00:00,0.0
2023-10-31 18:00:00+00:00,0.0
2023-10-31 19:00:00+00:00,0.0
2023-10-31 20:00:00+00:00,0.0
2023-10-31 21:00:00+00:00,0.0
2023-10-31 22:00:00+00:00,0.0
2023-10-31 23:00:00+00:00,0.0
2023-11-01 00:00:00+00:00,0.0
2023-11-01 01:00:00+00:00,0.0
2023-11-01 02:00:00+00:00,0.0
2023-11-01 03:00:00+00:00,0.0
2023-11-01 04:00:00+00:00,0.0
2023-11-01 05:00:00+00:00,0.0
2023-11-01 06:00:00+00:00,0.0
2023-11-01 07:00:00+00:00,0.0
2023-11-01 08:00:00+00:00,0.0
2023-11-01 09:00:00+00:00,0.0
2023-11-01 10:00:00+00:00,0.0
2023-11-01 11:00:00+00:00,0.0
2023-11-01 12:00:00+00:00,0.0
2023-11-01 13:00:00+00:00,0.0
2023-11-01 14:00:00+00:00,0.0
2023-11-01 15:00:00+00:00,0.0
2023-11-01 16:00:00+00:00,0.0
2023-11-01 17:00:00+00:00,0.0
2023-11-01 18:00:00+00:00,0.0
2023-11-01 19:00:00+00:00,0.0
2023-11-01 20:00:00+00:00,0.0
2023-11-01 21:00:00+00:00,0.0
2023-11-01 22:00:00+00:00,0.0
2023-11-01 23:00:00+00:00,0.0
2023-11-02 00:00:00+00:00,0.0
2023-11-02 01:00:00+00:00,0.0
2023-11-02 02:00:00+00:00,0.0
2023-11-02 03:00:00+00:00,0.0
2023-11-02 04:00:00+00:00,0.0
2023-11-02 05:00:00+00:00,0.0
2023-11-02 06:00:00+00:00,0.0
2023-11-02 07:00:00+00:00,0.0
2023-11-02 08:00:00+00:00,0.0
2023-11-02 09:00:00+00:00,0.0
2023-11-02 10:00:00+00:00,0.0
2023-11-02 11:00:00+00:00,0.0
2023-11-02 12:00:00+00:00,0.0
2023-11-02 13:00:00+00:00,0.0
2023-11-02 14:00:00+00:00,0.0
2023-11-02 15:00:00+00:00,0.0
2023-11-02 16:00:00+00:00,0.0
2023-11-02 17:00:00+00:00,0.0
2023-11-02 18:00:00+00:00,0.0
2023-11-02 19:00:00+00:00,0.0
2023-11-02 20:00:00+00:00,0.0
2023-11-02 21:00:00+00:00,0.0
2023-11-02 22:00:00+00:00,0.0
2023-11-02 23:00:00+00:00,0.0
2023-11-03 00:00:00+00:00,0.0
2023-11-03 01:00:00+00:00,0.0
2023-11-03 02:00:00+00:00,0.0
2023-11-03 03:00:00+00:00,0.0
2023-11-03 04:00:00+00:00,0.0
2023-11-03 05:00:00+00:00,0.0
2023-11-03 06:00:00+00:00,0.0
2023-11-03 07:00:00+00:00,0.0
2023-11-03 08:00:00+00:00,0.0
2023-11-03 09:00:00+00:00,0.0
2023-11-03 10:00:00+00:00,0.0
2023-11-03 11:00:00+00:00,0.0
2023-11-03 12:00:00+00:00,0.0
2023-11-03 13:00:00+00:00,0.0
2023-11-03 14:00:00+00:00,0.0
2023-11-03 15:00:00+00:00,0.0
2023-11-03 16:00:00+00:00,0.0
2023-11-03 17:00:00+00:00,0.0
2023-11-03 18:00:00+00:00,0.0
2023-11-03 19:00:00+00:00,0.0
2023-11-03 20:00:00+00:00,0.0
2023-11-03 21:00:00+00:00,0.0
2023-11-03 22:00:00+00:00,0.0
2023-11-03 23:00:00+00:00,0.0
2023-11-04 00:00:00+00:00,0.0
2023-11-04 01:00:00+00:00,0.0
2023-11-04 02:00:00+00:00,0.0
2023-11-04 03:00:00+00:00,0.0
2023-11-04 04:00:00+00:00,0.0
2023-11-04 05:00:00+00:00,0.0
2023-11-04 06:00:00+00:00,0.0
2023-11-04 07:00:00+00:00,0.0
2023-11-04 08:00:00+00:00,0.0
2023-11-04 09:00:00+00:00,0.0
2023-11-04 10:00:00+00:00,0.0
2023-11-04 11:00:00+00:00,0.0
2023-11-04 12:00:00+00:00,0.0
2023-11-04 13:00:00+00:00,0.0
2023-11-04 14:00:00+00:00,0.0
2023-11-04 15:00:00+00:00,0.0
2023-11-04 16:00:00+00:00,0.0
2023-11-04 17:00:00+00:00,0.0
2023-11-04 18:00:00+00:00,0.0
2023-11-04 19:00:00+00:00,0.0
2023-11-04 20:00:00+00:00,0.0
2023-11-04 21:00:00+00:00,0.0
2023-11-04 22:00:00+00:00,0.0
2023-11-04 23:00:00+00:00,0.0
2023-11-05 00:00:00+00:00,0.0
2023-11-05 01:00:00+00:00,0.0
2023-11-05 02:00:00+00:00,0.0
2023-11-05 03:00:00+00:00,0.0
2023-11-05 04:00:00+00:00,0.0
2023-11-05 05:00:00+00:00,0.0
2023-11-05 06:00:00+00:00,0.0
2023-11-05 07:00:00+00:00,0.0
2023-11-05 08:00:00+00:00,0.0
2023-11-05 09:00:00+00:00,0.0
2023-11-05 10:00:00+00:00,0.0
2023-11-05 11:00:00+00:00,0.0
2023-11-05 12:00:00+00:00,0.0
2023-11-05 13:00:00+00:00,0.0
2023-11-05 14:00:00+00:00,0.0
2023-11-05 15:00:00+00:00,0.0
2023-11-05 16:00:00+00:00,0.0
2023-11-05 17:00:00+00:00,0.0
2023-11-05 18:00:00+00:00,0.0
2023-11-05 19:00:00+00:00,0.0
2023-11-05 20:00:00+00:00,0.0
2023-11-05 21:00:00+00:00,0.0
2023-11-05 22:00:00+00:00,0.0
2023-11-05 23:00:00+00:00,0.0
2023-11-06 00:00:00+00:00,0.0
2023-11-06 01:00:00+00:00,0.0
2023-11-06 02:00:00+00:00,0.0
2023-11-06 03:00:00+00:00,0.0
2023-11-06 04:00:00+00:00,0.0
2023-11-06 05:00:00+00:00,0.0
2023-11-06 06:00:00+00:00,0.0
2023-11-06 07:00:00+00:00,0.0
2023-11-06 08:00:00+00:00,0.0
2023-11-06 09:00:00+00:00,0.0
2023-11-06 10:00:00+00:00,0.0
2023-11-06 11:00:00+00:00,0.0
2023-11-06 12:00:00+00:00,0.0
2023-11-06 13:00:00+00:00,0.0
2023-11-06 14:00:00+00:00,0.0
2023-11-06 15:00:00+00:00,0.0
2023-11-06 16:00:00+00:00,0.0
2023-11-06 17:00:00+00:00,0.0
2023-11-06 18:00:00+00:00,0.0
2023-11-06 19:00:00+00:00,0.0
2023-11-06 20:00:00+00:00,0.0
2023-11-06 21:00:00+00:00,0.0
2023-11-06 22:00:00+00:00,0.0
2023-11-06 23:00:00+00:00,0.0
2023-11-07 00:00:00+00:00,0.0
2023-11-07 01:00:00+00:00,0.0
2023-11-07 02:00:00+00:00,0.0
2023-11-07 03:00:00+00:00,0.0
2023-11-07 04:00:00+00:00,0.0
2023-11-07 05:00:00+00:00,0.0
2023-11-07 06:00:00+00:00,0.0
2023-11-07 07:00:00+00:00,0.0
2023-11-07 08:00:00+00:00,0.0
2023-11-07 09:00:00+00:00,0.0
2023-11-07 10:00:00+00:00,0.0
2023-11-07 11:00:00+00:00,0.0
2023-11-07 12:00:00+00:00,0.0
2023-11-07 13:00:00+00:00,0.0
2023-11-07 14:00:00+00:00,0.0
2023-11-07 15:00:00+00:00,0.0
2023-11-07 16:00:00+00:00,0.0
2023-11-07 17:00:00+00:00,0.0
2023-11-07 18:00:00+00:00,0.0
2023-11-07 19:00:00+00:00,0.0
2023-11-07 20:00:00+00:00,0.0
2023-11-07 21:00:00+00:00,0.0
2023-11-07 22:00:00+00:00,0.0
2023-11-07 23:00:00+00:00,0.0
2023-11-08 00:00:00+00:00,0.0
2023-11-08 01:00:00+00:00,0.0
2023-11-08 02:00:00+00:00,0.0
2023-11-08 03:00:00+00:00,0.0
2023-11-08 04:00:00+00:00,0.0
2023-11-08 05:00:00+00:00,0.0
2023-11-08 06:00:00+00:00,0.0
2023-11-08 07:00:00+00:00,0.0
2023-11-08 08:00:00+00:00,0.0
2023-11-08 09:00:00+00:00,0.0
2023-11-08 10:00:00+00:00,0.0
2023-11-08 11:00:00+00:00,0.0
2023-11-08 12:00:00+00:00,0.0
2023-11-08 13:00:00+00:00,0.0
2023-11-08 14:00:00+00:00,0.0
2023-11-08 15:00:00+00:00,0.0
2023-11-08 16:00:00+00:00,0.0
2023-11-08 17:00:00+00:00,0.0
2023-11-08 18:00:00+00:00,0.0
2023-11-08 19:00:00+00:00,0.0
2023-11-08 20:00:00+00:00,0.0
2023-11-08 21:00:00+00:00,0.0
2023-11-08 22:00:00+00:00,0.0
2023-11-08 23:00:00+00:00,0.0
2023-11-09 00:00:00+00:00,0.0
2023-11-09 01:00:00+00:00,0.0
2023-11-09 02:00:00+00:00,0.0
2023-11-09 03:00:00+00:00,0.0
2023-11-09 04:00:00+00:00,0.0
2023-11-09 05:00:00+00:00,0.0
2023-11-09 06:00:00+00:00,0.0
2023-11-09 07:00:00+00:00,0.0
2023-11-09 08:00:00+00:00,0.0
2023-11-09 09:00:00+00:00,0.0
2023-11-09 10:00:00+00:00,0.0
2023-11-09 11:00:00+00:00,0.0
2023-11-09 12:00:00+00:00,0.0
2023-11-09 13:00:00+00:00,0.0
2023-11-09 14:00:00+00:00,0.0
2023-11-09 15:00:00+00:00,0.0
2023-11-09 16:00:00+00:00,0.0
2023-11-09 17:00:00+00:00,0.0
2023-11-09 18:00:00+00:00,0.0
2023-11-09 19:00:00+00:00,0.0
2023-11-09 20:00:00+00:00,0.0
2023-11-09 21:00:00+00:00,0.0
2023-11-09 22:00:00+00:00,0.0
2023-11-09 23:00:00+00:00,0.0
2023-11-10 00:00:00+00:00,0.0
2023-11-10 01:00:00+00:00,0.0
2023-11-10 02:00:00+00:00,0.0
2023-11-10 03:00:00+00:00,0.0
2023-11-10 04:00:00+00:00,0.0
2023-11-10 05:00:00+00:00,0.0
2023-11-10 06:00:00+00:00,0.0
2023-11-10 07:00:00+00:00,0.0
2023-11-10 08:00:00+00:00,0.0
2023-11-10 09:00:00+00:00,0.0
2023-11-10 10:00:00+00:00,0.0
2023-11-10 11:00:00+00:00,0.0
2023-11-10 12:00:00+00:00,0.0
2023-11-10 13:00:00+00:00,0.0
2023-11-10 14:00:00+00:00,0.0
2023-11-10 15:00:00+00:00,0.0
2023-11-10 16:00:00+00:00,0.0
2023-11-10 17:00:00+00:00,0.0
2023-11-10 18:00:00+00:00,0.0
2023-11-10 19:00:00+00:00,0.0
2023-11-10 20:00:00+00:00,0.0
2023-11-10 21:00:00+00:00,0.0
2023-11-10 22:00:00+00:00,0.0
2023-11-10 23:00:00+00:00,0.0
2023-11-11 00:00:00+00:00,0.0
2023-11-11 01:00:00+00:00,0.0
2023-11-11 02:00:00+00:00,0.0
2023-11-11 03:00:00+00:00,0.0
2023-11-11 04:00:00+00:00,0.0
2023-11-11 05:00:00+00:00,0.0
2023-11-11 06:00:00+00:00,0.0
2023-11-11 07:00:00+00:00,0.0
2023-11-11 08:00:00+00:00,0.0
2023-11-11 09:00:00+00:00,0.0
2023-11-11 10:00:00+00:00,0.0
2023-11-11 11:00:00+00:00,0.0
2023-11-11 12:00:00+00:00,0.0
2023-11-11 13:00:00+00:00,0.0
2023-11-11 14:00:00+00:00,0.0
2023-11-11 15:00:00+00:00,0.0
2023-11-11 16:00:00+00:00,0.0
2023-11-11 17:00:00+00:00,0.0
2023-11-11 18:00:00+00:00,0.0
2023-11-11 19:00:00+00:00,0.0
2023-11-11 20:00:00+00:00,0.0
2023-11-11 21:00:00+00:00,0.0
2023-11-11 22:00:00+00:00,0.0
2023-11-11 23:00:00+00:00,0.0
2023-11-12 00:00:00+00:00,0.0
2023-11-12 01:00:00+00:00,0.0
2023-11-12 02:00:00+00:00,0.0
2023-11-12 03:00:00+00:00,0.0
2023-11-12 04:00:00+00:00,0.0
2023-11-12 05:00:00+00:00,0.0
2023-11-12 06:00:00+00:00,0.0
2023-11-12 07:00:00+00:00,0.0
2023-11-12 08:00:00+00:00,0.0
2023-11-12 09:00:00+00:00,0.0
2023-11-12 10:00:00+00:00,0.0
2023-11-12 11:00:00+00:00,0.0
2023-11-12 12:00:00+00:00,0.0
2023-11-12 13:00:00+00:00,0.0
2023-11-12 14:00:00+00:00,0.0
2023-11-12 15:00:00+00:00,0.0
2023-11-12 16:00:00+00:00,0.0
2023-11-12 17:00:00+00:00,0.0
2023-11-12 18:00:00+00:00,0.0
2023-11-12 19:00:00+00:00,0.0
2023-11-12 20:00:00+00:00,0.0
2023-11-12 21:00:00+00:00,0.0
2023-11-12 22:00:00+00:00,0.0
2023-11-12 23:00:00+00:00,0.0
2023-11-13 00:00:00+00:00,0.0
2023-11-13 01:00:00+00:00,0.0
2023-11-13 02:00:00+00:00,0.0
2023-11-13 03:00:00+00:00,0.0
2023-11-13 04:00:00+00:00,0.0
2023-11-13 05:00:00+00:00,0.0
2023-11-13 06:00:00+00:00,0.0
2023-11-13 07:00:00+00:00,0.0
2023-11-13 08:00:00+00:00,0.0
2023-11-13 09:00:00+00:00,0.0
2023-11-13 10:00:00+00:00,0.0
2023-11-13 11:00:00+00:00,0.0
2023-11-13 12:00:00+00:00,0.0
2023-11-13 13:00:00+00:00,0.0
2023-11-13 14:00:00+00:00,0.0
2023-11-13 15:00:00+00:00,0.0
2023-11-13 16:00:00+00:00,0.0
2023-11-13 17:00:00+00:00,0.0
2023-11-13 18:00:00+00:00,0.0
2023-11-13 19:00:00+00:00,0.0
2023-11-13 20:00:00+00:00,0.0
2023-11-13 21:00:00+00:00,0.0
2023-11-13 22:00:00+00:00,0.0
2023-11-13 23:00:00+00:00,0.0
2023-11-14 00:00:00+00:00,0.0
2023-11-14 01:00:00+00:00,0.0
2023-11-14 02:00:00+00:00,0.0
2023-11-14 03:00:00+00:00,0.0
2023-11-14 04:00:00+00:00,0.0
2023-11-14 05:00:00+00:00,0.0
2023-11-14 06:00:00+00:00,0.0
2023-11-14 07:00:00+00:00,0.0
2023-11-14 08:00:00+00:00,0.0
2023-11-14 09:00:00+00:00,0.0
2023-11-14 10:00:00+00:00,0.0
2023-11-14 11:00:00+00:00,0.0
2023-11-14 12:00:00+00:00,0.0
2023-11-14 13:00:00+00:00,0.0
2023-11-14 14:00:00+00:00,0.0
2023-11-14 15:00:00+00:00,0.0
2023-11-14 16:00:00+00:00,0.0
2023-11-14 17:00:00+00:00,0.0
2023-11-14 18:00:00+00:00,0.0
2023-11-14 19:00:00+00:00,0.0
2023-11-14 20:00:00+00:00,0.0
2023-11-14 21:00:00+00:00,0.0
2023-11-14 22:00:00+00:00,0.0
2023-11-14 23:00:00+00:00,0.0
2023-11-15 00:00:00+00:00,0.0
2023-11-15 01:00:00+00:00,0.0
2023-11-15 02:00:00+00:00,0.0
2023-11-15 03:00:00+00:00,0.0
2023-11-15 04:00:00+00:00,0.0
2023-11-15 05:00:00+00:00,0.0
2023-11-15 06:00:00+00:00,0.0
2023-11-15 07:00:00+00:00,0.0
2023-11-15 08:00:00+00:00,0.0
2023-11-15 09:00:00+00:00,0.0
2023-11-15 10:00:00+00:00,0.0
2023-11-15 11:00:00+00:00,0.0
2023-11-15 12:00:00+00:00,0.0
2023-11-15 13:00:00+00:00,0.0
2023-11-15 14:00:00+00:00,0.0
2023-11-15 15:00:00+00:00,0.0
2023-11-15 16:00:00+00:00,0.0
2023-11-15 17:00:00+00:00,0.0
2023-11-15 18:00:00+00:00,0.0
2023-11-15 19:00:00+00:00,0.0
2023-11-15 20:00:00+00:00,0.0
2023-11-15 21:00:00+00:00,0.0
2023-11-15 22:00:00+00:00,0.0
2023-11-15 23:00:00+00:00,0.0
2023-11-16 00:00:00+00:00,0.0
2023-11-16 01:00:00+00:00,0.0
2023-11-16 02:00:00+00:00,0.0
2023-11-16 03:00:00+00:00,0.0
2023-11-16 04:00:00+00:00,0.0
2023-11-16 05:00:00+00:00,0.0
2023-11-16 06:00:00+00:00,0.0
2023-11-16 07:00:00+00:00,0.0
2023-11-16 08:00:00+00:00,0.0
2023-11-16 09:00:00+00:00,0.0
2023-11-16 10:00:00+00:00,0.0
2023-11-16 11:00:00+00:00,0.0
2023-11-16 12:00:00+00:00,0.0
2023-11-16 13:00:00+00:00,0.0
2023-11-16 14:00:00+00:00,0.0
2023-11-16 15:00:00+00:00,0.0
2023-11-16 16:00:00+00:00,0.0
2023-11-16 17:00:00+00:00,0.0
2023-11-16 18:00:00+00:00,0.0
2023-11-16 19:00:00+00:00,0.0
2023-11-16 20:00:00+00:00,0.0
2023-11-16 21:00:00+00:00,0.0
2023-11-16 22:00:00+00:00,0.0
2023-11-16 23:00:00+00:00,0.0
2023-11-17 00:00:00+00:00,0.0
2023-11-17 01:00:00+00:00,0.0
2023-11-17 02:00:00+00:00,0.0
2023-11-17 03:00:00+00:00,0.0
2023-11-17 04:00:00+00:00,0.0
2023-11-17 05:00:00+00:00,0.0
2023-11-17 06:00:00+00:00,0.0
2023-11-17 07:00:00+00:00,0.0
2023-11-17 08:00:00+00:00,0.0
2023-11-17 09:00:00+00:00,0.0
2023-11-17 10:00:00+00:00,0.0
2023-11-17 11:00:00+00:00,0.0
2023-11-17 12:00:00+00:00,0.0
2023-11-17 13:00:00+00:00,0.0
2023-11-17 14:00:00+00:00,0.0
2023-11-17 15:00:00+00:00,0.0
2023-11-17 16:00:00+00:00,0.0
2023-11-17 17:00:00+00:00,0.0
2023-11-17 18:00:00+00:00,0.0
2023-11-17 19:00:00+00:00,0.0
2023-11-17 20:00:00+00:00,0.0
2023-11-17 21:00:00+00:00,0.0
2023-11-17 22:00:00+00:00,0.0
2023-11-17 23:00:00+00:00,0.0
2023-11-18 00:00:00+00:00,0.0
2023-11-18 01:00:00+00:00,0.0
2023-11-18 02:00:00+00:00,0.0
2023-11-18 03:00:00+00:00,0.0
2023-11-18 04:00:00+00:00,0.0
2023-11-18 05:00:00+00:00,0.0
2023-11-18 06:00:00+00:00,0.0
2023-11-18 07:00:00+00:00,0.0
2023-11-18 08:00:00+00:00,0.0
2023-11-18 09:00:00+00:00,0.0
2023-11-18 10:00:00+00:00,0.0
2023-11-18 11:00:00+00:00,0.0
2023-11-18 12:00:00+00:00,0.0
2023-11-18 13:00:00+00:00,0.0
2023-11-18 14:00:00+00:00,0.0
2023-11-18 15:00:00+00:00,0.0
2023-11-18 16:00:00+00:00,0.0
2023-11-18 17:00:00+00:00,0.0
2023-11-18 18:00:00+00:00,0.0
2023-11-18 19:00:00+00:00,0.0
2023-11-18 20:00:00+00:00,0.0
2023-11-18 21:00:00+00:00,0.0
2023-11-18 22:00:00+00:00,0.0
2023-11-18 23:00:00+00:00,0.0
2023-11-19 00:00:00+00:00,0.0
2023-11-19 01:00:00+00:00,0.0
2023-11-19 02:00:00+00:00,0.0
2023-11-19 03:00:00+00:00,0.0
2023-11-19 04:00:00+00:00,0.0
2023-11-19 05:00:00+00:00,0.0
2023-11-19 06:00:00+00:00,0.0
2023-11-19 07:00:00+00:00,0.0
2023-11-19 08:00:00+00:00,0.0
2023-11-19 09:00:00+00:00,0.0
2023-11-19 10:00:00+00:00,0.0
2023-11-19 11:00:00+00:00,0.0
2023-11-19 12:00:00+00:00,0.0
2023-11-19 13:00:00+00:00,0.0
2023-11-19 14:00:00+00:00,0.0
2023-11-19 15:00:00+00:00,0.0
2023-11-19 16:00:00+00:00,0.0
2023-11-19 17:00:00+00:00,0.0
2023-11-19 18:00:00+00:00,0.0
2023-11-19 19:00:00+00:00,0.0
2023-11-19 20:00:00+00:00,0.0
2023-11-19 21:00:00+00:00,0.0
2023-11-19 22:00:00+00:00,0.0
2023-11-19 23:00:00+00:00,0.0
2023-11-20 00:00:00+00:00,0.0
2023-11-20 01:00:00+00:00,0.0
2023-11-20 02:00:00+00:00,0.0
2023-11-20 03:00:00+00:00,0.0
2023-11-20 04:00:00+00:00,0.0
2023-11-20 05:00:00+00:00,0.0
2023-11-20 06:00:00+00:00,0.0
2023-11-20 07:00:00+00:00,0.0
2023-11-20 08:00:00+00:00,0.0
2023-11-20 09:00:00+00:00,0.0
2023-11-20 10:00:00+00:00,0.0
2023-11-20 11:00:00+00:00,0.0
2023-11-20 12:00:00+00:00,0.0
2023-11-20 13:00:00+00:00,0.0
2023-11-20 14:00:00+00:00,0.0
2023-11-20 15:00:00+00:00,0.0
2023-11-20 16:00:00+00:00,0.0
2023-11-20 17:00:00+00:00,0.0
2023-11-20 18:00:00+00:00,0.0
2023-11-20 19:00:00+00:00,0.0
2023-11-20 20:00:00+00:00,0.0
2023-11-20 21:00:00+00:00,0.0
2023-11-20 22:00:00+00:00,0.0
2023-11-20 23:00:00+00:00,0.0
2023-11-21 00:00:00+00:00,0.0
2023-11-21 01:00:00+00:00,0.0
2023-11-21 02:00:00+00:00,0.0
2023-11-21 03:00:00+00:00,0.0
2023-11-21 04:00:00+00:00,0.0
2023-11-21 05:00:00+00:00,0.0
2023-11-21 06:00:00+00:00,0.0
2023-11-21 07:00:00+00:00,0.0
2023-11-21 08:00:00+00:00,0.0
2023-11-21 09:00:00+00:00,0.0
2023-11-21 10:00:00+00:00,0.0
2023-11-21 11:00:00+00:00,0.0
2023-11-21 12:00:00+00:00,0.0
2023-11-21 13:00:00+00:00,0.0
2023-11-21 14:00:00+00:00,0.0
2023-11-21 15:00:00+00:00,0.0
2023-11-21 16:00:00+00:00,0.0
2023-11-21 17:00:00+00:00,0.0
2023-11-21 18:00:00+00:00,0.0
2023-11-21 19:00:00+00:00,0.0
2023-11-21 20:00:00+00:00,0.0
2023-11-21 21:00:00+00:00,0.0
2023-11-21 22:00:00+00:00,0.0
2023-11-21 23:00:00+00:00,0.0
2023-11-22 00:00:00+00:00,0.0
2023-11-22 01:00:00+00:00,0.0
2023-11-22 02:00:00+00:00,0.0
2023-11-22 03:00:00+00:00,0.0
2023-11-22 04:00:00+00:00,0.0
2023-11-22 05:00:00+00:00,0.0
2023-11-22 06:00:00+00:00,0.0
2023-11-22 07:00:00+00:00,0.0
2023-11-22 08:00:00+00:00,0.0
2023-11-22 09:00:00+00:00,0.0
2023-11-22 10:00:00+00:00,0.0
2023-11-22 11:00:00+00:00,0.0
2023-11-22 12:00:00+00:00,0.0
2023-11-22 13:00:00+00:00,0.0
2023-11-22 14:00:00+00:00,0.0
2023-11-22 15:00:00+00:00,0.0
2023-11-22 16:00:00+00:00,0.0
2023-11-22 17:00:00+00:00,0.0
2023-11-22 18:00:00+00:00,0.0
2023-11-22 19:00:00+00:00,0.0
2023-11-22 20:00:00+00:00,0.0
2023-11-22 21:00:00+00:00,0.0
2023-11-22 22:00:00+00:00,0.0
2023-11-22 23:00:00+00:00,0.0
2023-11-23 00:00:00+00:00,0.0
2023-11-23 01:00:00+00:00,0.0
2023-11-23 02:00:00+00:00,0.0
2023-11-23 03:00:00+00:00,0.0
2023-11-23 04:00:00+00:00,0.0
2023-11-23 05:00:00+00:00,0.0
2023-11-23 06:00:00+00:00,0.0
2023-11-23 07:00:00+00:00,0.0
2023-11-23 08:00:00+00:00,0.0
2023-11-23 09:00:00+00:00,0.0
2023-11-23 10:00:00+00:00,0.0
2023-11-23 11:00:00+00:00,0.0
2023-11-23 12:00:00+00:00,0.0
2023-11-23 13:00:00+00:00,0.0
2023-11-23 14:00:00+00:00,0.0
2023-11-23 15:00:00+00:00,0.0
2023-11-23 16:00:00+00:00,0.0
2023-11-23 17:00:00+00:00,0.0
2023-11-23 18:00:00+00:00,0.0
2023-11-23 19:00:00+00:00,0.0
2023-11-23 20:00:00+00:00,0.0
2023-11-23 21:00:00+00:00,0.0
2023-11-23 22:00:00+00:00,0.0
2023-11-23 23:00:00+00:00,0.0
2023-11-24 00:00:00+00:00,0.0
2023-11-24 01:00:00+00:00,0.0
2023-11-24 02:00:00+00:00,0.0
2023-11-24 03:00:00+00:00,0.0
2023-11-24 04:00:00+00:00,0.0
2023-11-24 05:00:00+00:00,0.0
2023-11-24 06:00:00+00:00,0.0
2023-11-24 07:00:00+00:00,0.0
2023-11-24 08:00:00+00:00,0.0
2023-11-24 09:00:00+00:00,0.0
2023-11-24 10:00:00+00:00,0.0
2023-11-24 11:00:00+00:00,0.0
2023-11-24 12:00:00+00:00,0.0
2023-11-24 13:00:00+00:00,0.0
2023-11-24 14:00:00+00:00,0.0
2023-11-24 15:00:00+00:00,0.0
2023-11-24 16:00:00+00:00,0.0
2023-11-24 17:00:00+00:00,0.0
2023-11-24 18:00:00+00:00,0.0
2023-11-24 19:00:00+00:00,0.0
2023-11-24 20:00:00+00:00,0.0
2023-11-24 21:00:00+00:00,0.0
2023-11-24 22:00:00+00:00,0.0
2023-11-24 23:00:00+00:00,0.0
2023-11-25 00:00:00+00:00,0.0
2023-11-25 01:00:00+00:00,0.0
2023-11-25 02:00:00+00:00,0.0
2023-11-25 03:00:00+00:00,0.0
2023-11-25 04:00:00+00:00,0.0
2023-11-25 05:00:00+00:00,0.0
2023-11-25 06:00:00+00:00,0.0
2023-11-25 07:00:00+00:00,0.0
2023-11-25 08:00:00+00:00,0.0
2023-11-25 09:00:00+00:00,0.0
2023-11-25 10:00:00+00:00,0.0
2023-11-25 11:00:00+00:00,0.0
2023-11-25 12:00:00+00:00,0.0
2023-11-25 13:00:00+00:00,0.0
2023-11-25 14:00:00+00:00,0.0
2023-11-25 15:00:00+00:00,0.0
2023-11-25 16:00:00+00:00,0.0
2023-11-25 17:00:00+00:00,0.00012171078713560694
2023-11-25 18:00:00+00:00,0.003906629358447539
2023-11-25 19:00:00+00:00,-0.0001348720214097599
2023-11-25 20:00:00+00:00,0.006363984904660045
2023-11-25 21:00:00+00:00,-0.0005370236154302564
2023-11-25 22:00:00+00:00,0.000975692058746188
2023-11-25 23:00:00+00:00,0.0024050177187750887
2023-11-26 00:00:00+00:00,-0.005043926646210415
2023-11-26 01:00:00+00:00,0.008184519815022917
2023-11-26 02:00:00+00:00,-0.0021624803857969665
2023-11-26 03:00:00+00:00,-0.0042320636325204036
2023-11-26 04:00:00+00:00,0.0008093879238169744
2023-11-26 05:00:00+00:00,-0.0011042165154705452
2023-11-26 06:00:00+00:00,0.005360390791606814
2023-11-26 07:00:00+00:00,0.003649707232597311
2023-11-26 08:00:00+00:00,-8.548866181483279e-05
2023-11-26 09:00:00+00:00,-0.00037614004920891994
2023-11-26 10:00:00+00:00,0.0017637516836705599
2023-11-26 11:00:00+00:00,0.005226818699905846
2023-11-26 12:00:00+00:00,-0.00014317144272088934
2023-11-26 13:00:00+00:00,0.004863740745220573
2023-11-26 14:00:00+00:00,-0.00014564654187066353
2023-11-26 15:00:00+00:00,-0.0020235493001478136
2023-11-26 16:00:00+00:00,0.004648656020178501
2023-11-26 17:00:00+00:00,0.007275841020874438
2023-11-26 18:00:00+00:00,-0.0003094928318970205
2023-11-26 19:00:00+00:00,-0.003801130792547013
2023-11-26 20:00:00+00:00,0.004109663624283328
2023-11-26 21:00:00+00:00,-0.00047798347564011786
2023-11-26 22:00:00+00:00,0.0015618163270840156
2023-11-26 23:00:00+00:00,-0.0024190068253699725
2023-11-27 00:00:00+00:00,0.008062370904712419
2023-11-27 01:00:00+00:00,0.0017993148615738188
2023-11-27 02:00:00+00:00,0.0015450801221771014
2023-11-27 03:00:00+00:00,0.015131297418317388
2023-11-27 04:00:00+00:00,0.0030829140965008173
2023-11-27 05:00:00+00:00,0.0009151823777351666
2023-11-27 06:00:00+00:00,0.00033896288357189344
2023-11-27 07:00:00+00:00,0.012485063464313459
2023-11-27 08:00:00+00:00,0.0012778357648562562
2023-11-27 09:00:00+00:00,0.00028725361479257114
2023-11-27 10:00:00+00:00,-0.0002054708396644092
2023-11-27 11:00:00+00:00,0.000405612721502028
2023-11-27 12:00:00+00:00,0.0008531655491159461
2023-11-27 13:00:00+00:00,0.0011152224344969355
2023-11-27 14:00:00+00:00,-0.00016776840591764932
2023-11-27 15:00:00+00:00,-0.0006522247511344469
2023-11-27 16:00:00+00:00,-0.0004285116891459905
2023-11-27 17:00:00+00:00,0.002485099803048456
2023-11-27 18:00:00+00:00,-0.0008978798948832807
2023-11-27 19:00:00+00:00,0.0002159209568817488
2023-11-27 20:00:00+00:00,0.005460355494000598
2023-11-27 21:00:00+00:00,0.0005074885605491177
2023-11-27 22:00:00+00:00,-0.0014010892544454262
2023-11-27 23:00:00+00:00,0.0018671133508076946
2023-11-28 00:00:00+00:00,0.00728932541448181
2023-11-28 01:00:00+00:00,0.0005872424913489612
2023-11-28 02:00:00+00:00,-0.002184779518266905
2023-11-28 03:00:00+00:00,0.0024320055922095753
2023-11-28 04:00:00+00:00,-0.00034490684547442004
2023-11-28 05:00:00+00:00,-0.00277291633710652
2023-11-28 06:00:00+00:00,0.0005706826158063207
2023-11-28 07:00:00+00:00,-0.00044210103296887614
2023-11-28 08:00:00+00:00,0.002160572509037062
2023-11-28 09:00:00+00:00,0.0008597117288745418
2023-11-28 10:00:00+00:00,-0.00015090055703392887
2023-11-28 11:00:00+00:00,0.0006027742507710656
2023-11-28 12:00:00+00:00,0.0006813395256369622
2023-11-28 13:00:00+00:00,0.0024201443498121596
2023-11-28 14:00:00+00:00,0.0008331781101803889
2023-11-28 15:00:00+00:00,-0.002474848228790072
2023-11-28 16:00:00+00:00,0.00014576567148514376
2023-11-28 17:00:00+00:00,-0.001254179828378824
2023-11-28 18:00:00+00:00,-0.0003434448435301044
2023-11-28 19:00:00+00:00,-0.0011795301502772531
2023-11-28 20:00:00+00:00,-0.013450610561373881
2023-11-28 21:00:00+00:00,0.015747390716953
2023-11-28 22:00:00+00:00,0.004907086101747341
2023-11-28 23:00:00+00:00,0.002280548824944783
2023-11-29 00:00:00+00:00,-0.00040510277404365915
2023-11-29 01:00:00+00:00,-0.0002082810598386487
2023-11-29 02:00:00+00:00,-0.0021087137676842576
2023-11-29 03:00:00+00:00,-0.0011948363751803426
2023-11-29 04:00:00+00:00,0.0003160440315319728
2023-11-29 05:00:00+00:00,-0.0021363621816020803
2023-11-29 06:00:00+00:00,-0.0014483713819465826
2023-11-29 07:00:00+00:00,0.0005503052886587376
2023-11-29 08:00:00+00:00,-0.0012181853160025023
2023-11-29 09:00:00+00:00,0.00019423929987269473
2023-11-29 10:00:00+00:00,-0.00017119400078302442
2023-11-29 11:00:00+00:00,-0.00114176822275124
2023-11-29 12:00:00+00:00,-0.0025005004799152227
2023-11-29 13:00:00+00:00,0.0011380511587509542
2023-11-29 14:00:00+00:00,0.003393231718853684
2023-11-29 15:00:00+00:00,0.003879102286485541
2023-11-29 16:00:00+00:00,-0.0005472490163968588
2023-11-29 17:00:00+00:00,0.003634416651971716
2023-11-29 18:00:00+00:00,-0.00013971659054799068
2023-11-29 19:00:00+00:00,0.003789925417262826
2023-11-29 20:00:00+00:00,0.0016306716261937305
2023-11-29 21:00:00+00:00,-0.00319105142467585
2023-11-29 22:00:00+00:00,0.001202040721424555
2023-11-29 23:00:00+00:00,0.0021403029736283405
2023-11-30 00:00:00+00:00,0.0017698064354037238
2023-11-30 01:00:00+00:00,-0.0007315653409093624
2023-11-30 02:00:00+00:00,-0.003280295674874744
2023-11-30 03:00:00+00:00,0.00410745599620927
2023-11-30 04:00:00+00:00,0.0029613793779335153
2023-11-30 05:00:00+00:00,-0.0017945161534736042
2023-11-30 06:00:00+00:00,0.0006647074823335476
2023-11-30 07:00:00+00:00,0.005376157235811462
2023-11-30 08:00:00+00:00,-0.00033380886191904677
2023-11-30 09:00:00+00:00,1.383594406768612e-05
2023-11-30 10:00:00+00:00,0.0006834339316168889
2023-11-30 11:00:00+00:00,-0.0005651269982434749
2023-11-30 12:00:00+00:00,0.003371275294932246
2023-11-30 13:00:00+00:00,-0.0010772516876152369
2023-11-30 14:00:00+00:00,0.0006025585515220099
2023-11-30 15:00:00+00:00,0.0035307556076507253
2023-11-30 16:00:00+00:00,0.001643910122823484
2023-11-30 17:00:00+00:00,-0.001248798171685928
2023-11-30 18:00:00+00:00,-0.0015437294657770781
2023-11-30 19:00:00+00:00,-0.004748070513771332
2023-11-30 20:00:00+00:00,0.005313763627725706
2023-11-30 21:00:00+00:00,3.680889033993641e-05
2023-11-30 22:00:00+00:00,-0.001576160122808785
2023-11-30 23:00:00+00:00,0.0007222651725551359
2023-12-01 00:00:00+00:00,0.009606834151178339
2023-12-01 01:00:00+00:00,0.0035816395237260744
2023-12-01 02:00:00+00:00,0.0020012492930543287
2023-12-01 03:00:00+00:00,-0.003528236767623228
2023-12-01 04:00:00+00:00,0.0008717056375081242
2023-12-01 05:00:00+00:00,-0.0015560446909365822
2023-12-01 06:00:00+00:00,-0.005089759336925465
2023-12-01 07:00:00+00:00,0.0032020160366241675
2023-12-01 08:00:00+00:00,0.0022152767812784056
2023-12-01 09:00:00+00:00,0.0025297853193401083
2023-12-01 10:00:00+00:00,0.0015742993573843896
2023-12-01 11:00:00+00:00,-0.0006055991835413546
2023-12-01 12:00:00+00:00,0.0010517342666807542
2023-12-01 13:00:00+00:00,-0.0012339791356007466
2023-12-01 14:00:00+00:00,-0.000813977259587015
2023-12-01 15:00:00+00:00,-0.0005877780124251537
2023-12-01 16:00:00+00:00,-0.004281931612839124
2023-12-01 17:00:00+00:00,-0.003624607543075481
2023-12-01 18:00:00+00:00,0.002723425839953913
2023-12-01 19:00:00+00:00,-0.0010278533538321236
2023-12-01 20:00:00+00:00,0.004025628279654538
2023-12-01 21:00:00+00:00,0.0029231061595925353
2023-12-01 22:00:00+00:00,0.00040104843601466327
2023-12-01 23:00:00+00:00,0.0011477096337568888
2023-12-02 00:00:00+00:00,0.0002300080733212451
2023-12-02 01:00:00+00:00,0.0007585785903993702
2023-12-02 02:00:00+00:00,0.0012942345488187218
2023-12-02 03:00:00+00:00,-0.0012355029340982578
2023-12-02 04:00:00+00:00,-0.0006962910385566713
2023-12-02 05:00:00+00:00,0.00022942650875546665
2023-12-02 06:00:00+00:00,0.0012141733332012852
2023-12-02 07:00:00+00:00,0.001240799852710204
2023-12-02 08:00:00+00:00,0.0005033765462312948
2023-12-02 09:00:00+00:00,0.0036503049105855805
2023-12-02 10:00:00+00:00,-0.0005020251752985884
2023-12-02 11:00:00+00:00,0.0022775444028719457
2023-12-02 12:00:00+00:00,-0.00026318215917621983
2023-12-02 13:00:00+00:00,0.0005729351022946516
2023-12-02 14:00:00+00:00,-0.00018814281405550923
2023-12-02 15:00:00+00:00,-0.001309437548356424
2023-12-02 16:00:00+00:00,0.0011836705130401194
2023-12-02 17:00:00+00:00,0.00018611424003379625
2023-12-02 18:00:00+00:00,0.0010844756328650534
2023-12-02 19:00:00+00:00,-0.0010475756970878458
2023-12-02 20:00:00+00:00,-0.0004784343736964864
2023-12-02 21:00:00+00:00,0.0028070912790825824
2023-12-02 22:00:00+00:00,0.037864854231023475
2023-12-02 23:00:00+00:00,0.00017659984053710855
2023-12-03 00:00:00+00:00,0.0013434958380668563
2023-12-03 01:00:00+00:00,-0.0007435825817654875
2023-12-03 02:00:00+00:00,0.004969027421808758
2023-12-03 03:00:00+00:00,-0.0026792340937271068
2023-12-03 04:00:00+00:00,-0.0017120399812178251
2023-12-03 05:00:00+00:00,-0.0017915403256499277
2023-12-03 06:00:00+00:00,0.0007558936758326191
2023-12-03 07:00:00+00:00,0.001158723265196399
2023-12-03 08:00:00+00:00,0.006190732130299216
2023-12-03 09:00:00+00:00,0.0009084930027645178
2023-12-03 10:00:00+00:00,0.003065474027763935
2023-12-03 11:00:00+00:00,-0.002637059907950454
2023-12-03 12:00:00+00:00,-0.0013909007825660853
2023-12-03 13:00:00+00:00,-0.002608999347042272
2023-12-03 14:00:00+00:00,-0.0009599285934788368
2023-12-03 15:00:00+00:00,-0.0006308371132545238
2023-12-03 16:00:00+00:00,-0.0001979833096995485
2023-12-03 17:00:00+00:00,0.0002902724400070611
2023-12-03 18:00:00+00:00,-0.00020319298778618647
2023-12-03 19:00:00+00:00,0.00017713212898020364
2023-12-03 20:00:00+00:00,0.0006381583904617123
2023-12-03 21:00:00+00:00,-6.985494571247004e-05
2023-12-03 22:00:00+00:00,0.0021077181780460694
2023-12-03 23:00:00+00:00,-1.0266822816275007e-05
2023-12-04 00:00:00+00:00,-0.0032010929665568337
2023-12-04 01:00:00+00:00,-0.0005740437428914914
2023-12-04 02:00:00+00:00,-0.00020469884237446888
2023-12-04 03:00:00+00:00,-0.0017543293900817401
2023-12-04 04:00:00+00:00,0.001417852702818182
2023-12-04 05:00:00+00:00,-0.0072145394047721184
2023-12-04 06:00:00+00:00,0.006591227401896263
2023-12-04 07:00:00+00:00,-0.0007491182277033638
2023-12-04 08:00:00+00:00,0.000925370916086415
2023-12-04 09:00:00+00:00,-0.0016871668107264755
2023-12-04 10:00:00+00:00,-0.005643282228623189
2023-12-04 11:00:00+00:00,-0.005888695350541099
2023-12-04 12:00:00+00:00,0.00368535893530042
2023-12-04 13:00:00+00:00,-0.005636445628251226
2023-12-04 14:00:00+00:00,0.0015036109312874253
2023-12-04 15:00:00+00:00,0.003580979148171886
2023-12-04 16:00:00+00:00,-0.00012148423706353591
2023-12-04 17:00:00+00:00,-0.0020550994222308812
2023-12-04 18:00:00+00:00,-0.002580464317171478
2023-12-04 19:00:00+00:00,-0.0032452141135343605
2023-12-04 20:00:00+00:00,0.0057308544173876215
2023-12-04 21:00:00+00:00,-0.004046309021474358
2023-12-04 22:00:00+00:00,-0.0015047622495600898
2023-12-04 23:00:00+00:00,0.005123941199158177
2023-12-05 00:00:00+00:00,0.004325588236421171
2023-12-05 01:00:00+00:00,-0.007691412292146389
2023-12-05 02:00:00+00:00,0.006071036474681531
2023-12-05 03:00:00+00:00,0.0005070222876205361
2023-12-05 04:00:00+00:00,-0.006479294504585737
2023-12-05 05:00:00+00:00,0.0037616635754186413
2023-12-05 06:00:00+00:00,-0.00501683700057481
2023-12-05 07:00:00+00:00,0.005886128879868404
2023-12-05 08:00:00+00:00,0.0027388519152347747
2023-12-05 09:00:00+00:00,0.0014475681317912862
2023-12-05 10:00:00+00:00,-0.0019037950333989746
2023-12-05 11:00:00+00:00,0.0006575501614142299
2023-12-05 12:00:00+00:00,0.0002491861673365394
2023-12-05 13:00:00+00:00,-0.002548704229345858
2023-12-05 14:00:00+00:00,-0.002462604496936982
2023-12-05 15:00:00+00:00,0.002255113202775159
2023-12-05 16:00:00+00:00,-0.005163002553839904
2023-12-05 17:00:00+00:00,-0.0008906475040062257
2023-12-05 18:00:00+00:00,-0.0060938714716216695
2023-12-05 19:00:00+00:00,-0.0006518709234282178
2023-12-05 20:00:00+00:00,-0.0035875470047471237
2023-12-05 21:00:00+00:00,-0.0013248269531987006
2023-12-05 22:00:00+00:00,-0.0073309887025460145
2023-12-05 23:00:00+00:00,0.006372862838409547
2023-12-06 00:00:00+00:00,0.009818337214260144
2023-12-06 01:00:00+00:00,0.003828372637428069
2023-12-06 02:00:00+00:00,-0.0017720255164262318
2023-12-06 03:00:00+00:00,0.0017050474526605814
2023-12-06 04:00:00+00:00,-0.000523862723142954
2023-12-06 05:00:00+00:00,-0.012658996111032661
2023-12-06 06:00:00+00:00,-0.022678361989997523
2023-12-06 07:00:00+00:00,0.009966399370078226
2023-12-06 08:00:00+00:00,0.01103072930283456
2023-12-06 09:00:00+00:00,0.0036755511527294567
2023-12-06 10:00:00+00:00,-0.002613269668586108
2023-12-06 11:00:00+00:00,0.006520783180612865
2023-12-06 12:00:00+00:00,-0.009272730754298185
2023-12-06 13:00:00+00:00,-0.0037985563816163546
2023-12-06 14:00:00+00:00,0.005210956665435254
2023-12-06 15:00:00+00:00,0.004461236040699445
2023-12-06 16:00:00+00:00,0.0018145450848791591
2023-12-06 17:00:00+00:00,0.01000635712905775
2023-12-06 18:00:00+00:00,0.006071285241316454
2023-12-06 19:00:00+00:00,-0.0014377733328924
2023-12-06 20:00:00+00:00,0.005041476935904643
2023-12-06 21:00:00+00:00,-0.0008362789603162444
2023-12-06 22:00:00+00:00,-0.0002968248633009192
2023-12-06 23:00:00+00:00,-0.0015524454775336734
2023-12-07 00:00:00+00:00,0.0036972586688790578
2023-12-07 01:00:00+00:00,-0.0029286452793569288
2023-12-07 02:00:00+00:00,0.0010116566624582563
2023-12-07 03:00:00+00:00,0.0014383600760262153
2023-12-07 04:00:00+00:00,0.005744596244775584
2023-12-07 05:00:00+00:00,-0.000730850236847525
2023-12-07 06:00:00+00:00,0.002521449592412253
2023-12-07 07:00:00+00:00,-0.00045845506694702396
2023-12-07 08:00:00+00:00,0.008325305925140972
2023-12-07 09:00:00+00:00,0.001231242071693219
2023-12-07 10:00:00+00:00,-0.001029596875812039
2023-12-07 11:00:00+00:00,-0.00012917034370414502
2023-12-07 12:00:00+00:00,-0.00011190721353853155
2023-12-07 13:00:00+00:00,-0.0006062754711324245
2023-12-07 14:00:00+00:00,0.0006325105612081652
2023-12-07 15:00:00+00:00,0.014743620628289397
2023-12-07 16:00:00+00:00,0.0047078544775180295
2023-12-07 17:00:00+00:00,-0.008163312200334328
2023-12-07 18:00:00+00:00,0.007176474302439912
2023-12-07 19:00:00+00:00,-0.002549627208740416
2023-12-07 20:00:00+00:00,0.0008618572327474447
2023-12-07 21:00:00+00:00,0.00573019444793831
2023-12-07 22:00:00+00:00,0.001899784406626544
2023-12-07 23:00:00+00:00,-9.090202353816942e-05
2023-12-08 00:00:00+00:00,0.0003576060203296713
2023-12-08 01:00:00+00:00,-0.004980250035464813
2023-12-08 02:00:00+00:00,-0.004069136992460197
2023-12-08 03:00:00+00:00,0.006803703947124748
2023-12-08 04:00:00+00:00,-0.0005080361121099628
2023-12-08 05:00:00+00:00,0.00027516905423101857
2023-12-08 06:00:00+00:00,-0.0011072416093884803
2023-12-08 07:00:00+00:00,0.008872785878319139
2023-12-08 08:00:00+00:00,-0.00026357443438626164
2023-12-08 09:00:00+00:00,-0.0009519588594518559
2023-12-08 10:00:00+00:00,-0.000532551218373329
2023-12-08 11:00:00+00:00,-0.00868690942800309
2023-12-08 12:00:00+00:00,0.0021937340082136382
2023-12-08 13:00:00+00:00,0.005712857659182083
2023-12-08 14:00:00+00:00,0.0031047330894688812
2023-12-08 15:00:00+00:00,-0.0013291094885648459
2023-12-08 16:00:00+00:00,-0.0015569336776484225
2023-12-08 17:00:00+00:00,-0.0002226229707797832
2023-12-08 18:00:00+00:00,-0.002023247110197916
2023-12-08 19:00:00+00:00,0.0006338369969831712
2023-12-08 20:00:00+00:00,-0.005205662857174558
2023-12-08 21:00:00+00:00,0.0017287941808390714
2023-12-08 22:00:00+00:00,0.000286658743008253
2023-12-08 23:00:00+00:00,0.0011359850233587537
2023-12-09 00:00:00+00:00,-0.012177083246819216
2023-12-09 01:00:00+00:00,0.0005837325124794268
2023-12-09 02:00:00+00:00,-0.0034531807090323772
2023-12-09 03:00:00+00:00,0.0003901134042306948
2023-12-09 04:00:00+00:00,-0.002359780869142762
2023-12-09 05:00:00+00:00,0.005091930463006509
2023-12-09 06:00:00+00:00,0.0031918564815704635
2023-12-09 07:00:00+00:00,-0.012040668846061194
2023-12-09 08:00:00+00:00,0.0023788998686966475
2023-12-09 09:00:00+00:00,0.0004923391479318175
2023-12-09 10:00:00+00:00,-0.0038866340405175285
2023-12-09 11:00:00+00:00,-0.0018288892515215876
2023-12-09 12:00:00+00:00,0.0005568565452909486
2023-12-09 13:00:00+00:00,0.00318362284209663
2023-12-09 14:00:00+00:00,0.0021481010429769136
2023-12-09 15:00:00+00:00,0.0015590233084820167
2023-12-09 16:00:00+00:00,0.009986352378560423
2023-12-09 17:00:00+00:00,0.0072329511444835515
2023-12-09 18:00:00+00:00,-0.004234305431156806
2023-12-09 19:00:00+00:00,-0.0018734512976871182
2023-12-09 20:00:00+00:00,0.004111196559048272
2023-12-09 21:00:00+00:00,0.000304468204618477
2023-12-09 22:00:00+00:00,0.003856144679134135
2023-12-09 23:00:00+00:00,-0.0007137123880218652
2023-12-10 00:00:00+00:00,-0.00795630472161946
2023-12-10 01:00:00+00:00,-0.0015626430794379372
2023-12-10 02:00:00+00:00,0.003540986028661546
2023-12-10 03:00:00+00:00,-0.0010169054506266285
2023-12-10 04:00:00+00:00,-0.00555476583871174
2023-12-10 05:00:00+00:00,0.00061671373522072
2023-12-10 06:00:00+00:00,0.0017306382928306714
2023-12-10 07:00:00+00:00,0.004692012982187531
2023-12-10 08:00:00+00:00,0.0021413859371572364
2023-12-10 09:00:00+00:00,0.0003780245614960211
2023-12-10 10:00:00+00:00,-0.00212868797407721
2023-12-10 11:00:00+00:00,-0.0015248059661936743
2023-12-10 12:00:00+00:00,-0.0022967337868063566
2023-12-10 13:00:00+00:00,-0.00014136678125548124
2023-12-10 14:00:00+00:00,-0.003629162406555643
2023-12-10 15:00:00+00:00,0.001111356711066082
2023-12-10 16:00:00+00:00,-0.0010839972698490816
2023-12-10 17:00:00+00:00,0.0010562165016579502
2023-12-10 18:00:00+00:00,-0.0040606045808197315
2023-12-10 19:00:00+00:00,-0.007941638858881526
2023-12-10 20:00:00+00:00,-0.010464250169184128
2023-12-10 21:00:00+00:00,0.005347580692852838
2023-12-10 22:00:00+00:00,-0.0009107603883998034
2023-12-10 23:00:00+00:00,-0.0019361930355559732
2023-12-11 00:00:00+00:00,0.0023766436937750638
2023-12-11 01:00:00+00:00,0.00028681900750856143
2023-12-11 02:00:00+00:00,-0.0058665119190784406
2023-12-11 03:00:00+00:00,-0.009076185648171278
2023-12-11 04:00:00+00:00,0.004291983498356469
2023-12-11 05:00:00+00:00,0.0026972441843469926
2023-12-11 06:00:00+00:00,0.0021777393955132404
2023-12-11 07:00:00+00:00,-0.001687799330985813
2023-12-11 08:00:00+00:00,-0.0005262660348209746
2023-12-11 09:00:00+00:00,-0.00071813936088564
2023-12-11 10:00:00+00:00,-0.0004962995629064852
2023-12-11 11:00:00+00:00,-0.0005646606362951185
2023-12-11 12:00:00+00:00,0.002302292586656888
2023-12-11 13:00:00+00:00,0.000663524382359154
2023-12-11 14:00:00+00:00,0.0005373900414199827
2023-12-11 15:00:00+00:00,-0.0030718536150435077
2023-12-11 16:00:00+00:00,-0.003293618839077137
2023-12-11 17:00:00+00:00,0.001004057495533128
2023-12-11 18:00:00+00:00,-0.0017090128749217913
2023-12-11 19:00:00+00:00,-0.0018162974750132086
2023-12-11 20:00:00+00:00,0.00023853908327680295
2023-12-11 21:00:00+00:00,-0.01276887255308608
2023-12-11 22:00:00+00:00,-0.0002095375014862221
2023-12-11 23:00:00+00:00,0.0038117821821361296
2023-12-12 00:00:00+00:00,0.004489995694083343
2023-12-12 01:00:00+00:00,-0.008464426158029404
2023-12-12 02:00:00+00:00,-0.018542729393662652
2023-12-12 03:00:00+00:00,0.0023525065338701637
2023-12-12 04:00:00+00:00,0.0007529940050406521
2023-12-12 05:00:00+00:00,-0.006168971938285069
2023-12-12 06:00:00+00:00,0.005226982575656143
2023-12-12 07:00:00+00:00,-0.007366912957432365
2023-12-12 08:00:00+00:00,0.0055359478481829235
2023-12-12 09:00:00+00:00,0.0005671846550796089
2023-12-12 10:00:00+00:00,-0.002624002026857919
2023-12-12 11:00:00+00:00,0.0014998882732845714
2023-12-12 12:00:00+00:00,0.0013914837734530184
2023-12-12 13:00:00+00:00,0.0056173484353903794
2023-12-12 14:00:00+00:00,-0.0018996300498291985
2023-12-12 15:00:00+00:00,0.0053337409516110695
2023-12-12 16:00:00+00:00,0.004674274139343881
2023-12-12 17:00:00+00:00,0.008085516447002793
2023-12-12 18:00:00+00:00,-0.005194364284723251
2023-12-12 19:00:00+00:00,0.0022852932782448233
2023-12-12 20:00:00+00:00,0.0010087369961466494
2023-12-12 21:00:00+00:00,0.002312278287821298
2023-12-12 22:00:00+00:00,0.002404186964758794
2023-12-12 23:00:00+00:00,-0.0019362000278942578
2023-12-13 00:00:00+00:00,0.00929726020506019
2023-12-13 01:00:00+00:00,0.0059706551878700165
2023-12-13 02:00:00+00:00,0.0011473388613201898
2023-12-13 03:00:00+00:00,-0.0027366893831243266
2023-12-13 04:00:00+00:00,-0.00016403854071126922
2023-12-13 05:00:00+00:00,0.007193813991684924
2023-12-13 06:00:00+00:00,0.0035739795431950503
2023-12-13 07:00:00+00:00,-0.005018875014568863
2023-12-13 08:00:00+00:00,-0.002729710306463385
2023-12-13 09:00:00+00:00,-0.0007054572649956599
2023-12-13 10:00:00+00:00,0.00014232912537790935
2023-12-13 11:00:00+00:00,-0.007935633448423653
2023-12-13 12:00:00+00:00,-0.0017434853636151167
2023-12-13 13:00:00+00:00,-0.013827120576217544
2023-12-13 14:00:00+00:00,0.0031094257220075413
2023-12-13 15:00:00+00:00,-0.0028967019071449865
2023-12-13 16:00:00+00:00,0.0061623164041081325
2023-12-13 17:00:00+00:00,0.0006601345346050302
2023-12-13 18:00:00+00:00,0.0013837396040912995
2023-12-13 19:00:00+00:00,-0.011627589673399849
2023-12-13 20:00:00+00:00,0.0031452345649985846
2023-12-13 21:00:00+00:00,0.0015870784325185065
2023-12-13 22:00:00+00:00,-0.0013210264866491891
2023-12-13 23:00:00+00:00,-0.0036330897333379936
2023-12-14 00:00:00+00:00,0.0057268788564749555
2023-12-14 01:00:00+00:00,-0.007817309484226057
2023-12-14 02:00:00+00:00,0.0020212341677538713
2023-12-14 03:00:00+00:00,0.004994111811388734
2023-12-14 04:00:00+00:00,0.0014119823870603215
2023-12-14 05:00:00+00:00,0.005196181371206971
2023-12-14 06:00:00+00:00,-0.0025496718060311536
2023-12-14 07:00:00+00:00,0.0023186265480371598
2023-12-14 08:00:00+00:00,0.007783172634446008
2023-12-14 09:00:00+00:00,-0.0019683207473980505
2023-12-14 10:00:00+00:00,-0.001326830396842214
2023-12-14 11:00:00+00:00,-0.005148280887322439
2023-12-14 12:00:00+00:00,0.006196557171877182
2023-12-14 13:00:00+00:00,0.0004259871012831086
2023-12-14 14:00:00+00:00,0.0017463204443487156
2023-12-14 15:00:00+00:00,-0.0032894927253876295
2023-12-14 16:00:00+00:00,-0.0009020438212658728
2023-12-14 17:00:00+00:00,0.00599403304206825
2023-12-14 18:00:00+00:00,-0.002032420597460537
2023-12-14 19:00:00+00:00,0.002175670777765257
2023-12-14 20:00:00+00:00,-0.001528174967002653
2023-12-14 21:00:00+00:00,0.0013962980538675842
2023-12-14 22:00:00+00:00,-0.0061678575281050325
2023-12-14 23:00:00+00:00,0.0032742320606956314
2023-12-15 00:00:00+00:00,0.0007476843274403198
2023-12-15 01:00:00+00:00,-0.00010155978444499256
2023-12-15 02:00:00+00:00,-0.0013722159311153653
2023-12-15 03:00:00+00:00,-0.0028778793073341385
2023-12-15 04:00:00+00:00,0.0023401873249128224
2023-12-15 05:00:00+00:00,-0.0038747107215507566
2023-12-15 06:00:00+00:00,0.005866119918396254
2023-12-15 07:00:00+00:00,-0.0002485235107109568
2023-12-15 08:00:00+00:00,-0.0022778766277988397
2023-12-15 09:00:00+00:00,-0.004115020357510602
2023-12-15 10:00:00+00:00,-1.8182029565362016e-05
2023-12-15 11:00:00+00:00,-0.0036296791839279903
2023-12-15 12:00:00+00:00,0.0036375596129594634
2023-12-15 13:00:00+00:00,0.0024657276929252042
2023-12-15 14:00:00+00:00,-0.0034264520369471693
2023-12-15 15:00:00+00:00,-0.0011133481076178087
2023-12-15 16:00:00+00:00,0.0038832422805018564
2023-12-15 17:00:00+00:00,-0.0004154081752612112
2023-12-15 18:00:00+00:00,-0.00403676536561335
2023-12-15 19:00:00+00:00,0.0014960401480776284
2023-12-15 20:00:00+00:00,0.00043902074266396747
2023-12-15 21:00:00+00:00,-0.004700861809193634
2023-12-15 22:00:00+00:00,0.0008458602194394877
2023-12-15 23:00:00+00:00,0.00030989850204815237
2023-12-16 00:00:00+00:00,0.005338537746475437
2023-12-16 01:00:00+00:00,-0.0031203540095619885
2023-12-16 02:00:00+00:00,-0.0010136941912927138
2023-12-16 03:00:00+00:00,-0.002186671971603951
2023-12-16 04:00:00+00:00,-0.0028646903212960536
2023-12-16 05:00:00+00:00,-0.0011870688815119204
2023-12-16 06:00:00+00:00,0.0013953873656927264
2023-12-16 07:00:00+00:00,-0.002111058252898096
2023-12-16 08:00:00+00:00,2.1533244038920516e-05
2023-12-16 09:00:00+00:00,0.0006734120411880752
2023-12-16 10:00:00+00:00,-0.0017369653308928863
2023-12-16 11:00:00+00:00,-0.006164428797563058
2023-12-16 12:00:00+00:00,0.00231082646857729
2023-12-16 13:00:00+00:00,-0.0022105311466941225
2023-12-16 14:00:00+00:00,0.00032853398917253104
2023-12-16 15:00:00+00:00,-0.005263946121973563
2023-12-16 16:00:00+00:00,-0.0018917175984232346
2023-12-16 17:00:00+00:00,0.0044340318389653
2023-12-16 18:00:00+00:00,0.003888373907773162
2023-12-16 19:00:00+00:00,0.008857785528046792
2023-12-16 20:00:00+00:00,-0.0021445779435288375
2023-12-16 21:00:00+00:00,0.0013611463453320853
2023-12-16 22:00:00+00:00,-0.00042235091804441153
2023-12-16 23:00:00+00:00,-0.0020280224148817613
2023-12-17 00:00:00+00:00,-0.00035812764054207085
2023-12-17 01:00:00+00:00,0.0010392852149727586
2023-12-17 02:00:00+00:00,-0.0031734780950646185
2023-12-17 03:00:00+00:00,-0.005256150422917485
2023-12-17 04:00:00+00:00,-0.00013228551045256658
2023-12-17 05:00:00+00:00,0.006780375804058545
2023-12-17 06:00:00+00:00,0.0020638936539757718
2023-12-17 07:00:00+00:00,0.006450558647320162
2023-12-17 08:00:00+00:00,-0.004556292845488246
2023-12-17 09:00:00+00:00,-1.1605092283733926e-05
2023-12-17 10:00:00+00:00,0.0018962881243448303
2023-12-17 11:00:00+00:00,0.0030021987921463656
2023-12-17 12:00:00+00:00,0.004300467255304504
2023-12-17 13:00:00+00:00,0.00334623913764074
2023-12-17 14:00:00+00:00,0.0025401403884748055
2023-12-17 15:00:00+00:00,-0.003485377784300154
2023-12-17 16:00:00+00:00,-0.0007104582097254065
2023-12-17 17:00:00+00:00,0.0009757113683578023
2023-12-17 18:00:00+00:00,0.0021853784623791267
2023-12-17 19:00:00+00:00,-0.00019377142293029682
2023-12-17 20:00:00+00:00,0.003831709617937751
2023-12-17 21:00:00+00:00,-0.0006638626462625368
2023-12-17 22:00:00+00:00,0.0028408987355060564
2023-12-17 23:00:00+00:00,-0.004259912330955505
2023-12-18 00:00:00+00:00,-0.003345263148653445
2023-12-18 01:00:00+00:00,0.0015960193551333155
2023-12-18 02:00:00+00:00,0.00035861122642630376
2023-12-18 03:00:00+00:00,0.0009296000319487852
2023-12-18 04:00:00+00:00,0.013320343683163335
2023-12-18 05:00:00+00:00,0.00152633263238153
2023-12-18 06:00:00+00:00,-0.0021510832995641914
2023-12-18 07:00:00+00:00,0.006670618139098943
2023-12-18 08:00:00+00:00,0.011970219727125973
2023-12-18 09:00:00+00:00,0.0058485805979882
2023-12-18 10:00:00+00:00,0.0017219014437673508
2023-12-18 11:00:00+00:00,-0.0023323833373106676
2023-12-18 12:00:00+00:00,0.0022100889813941415
2023-12-18 13:00:00+00:00,-0.002957602250424315
2023-12-18 14:00:00+00:00,0.002920188085878732
2023-12-18 15:00:00+00:00,-0.0022614606406184653
2023-12-18 16:00:00+00:00,-0.00030801236803720084
2023-12-18 17:00:00+00:00,0.000643464549970086
2023-12-18 18:00:00+00:00,-0.00027397701430536723
2023-12-18 19:00:00+00:00,-0.002144437408839626
2023-12-18 20:00:00+00:00,0.0016271909758251149
2023-12-18 21:00:00+00:00,0.0012210386823361557
2023-12-18 22:00:00+00:00,-0.0018568026701554277
2023-12-18 23:00:00+00:00,-0.0016521140246231077
2023-12-19 00:00:00+00:00,0.0020007254860514795
2023-12-19 01:00:00+00:00,0.0009369441282566722
2023-12-19 02:00:00+00:00,0.0032281227270297107
2023-12-19 03:00:00+00:00,0.00076968834901453
2023-12-19 04:00:00+00:00,0.00033103510710526756
2023-12-19 05:00:00+00:00,-0.00042810335680572406
2023-12-19 06:00:00+00:00,-0.0022133527494904957
2023-12-19 07:00:00+00:00,0.00045408360031780505
2023-12-19 08:00:00+00:00,0.0016585301490696154
2023-12-19 09:00:00+00:00,0.0011761408998091332
2023-12-19 10:00:00+00:00,0.0031422845613114786
2023-12-19 11:00:00+00:00,-0.004638203550606187
2023-12-19 12:00:00+00:00,0.0019847019405764732
2023-12-19 13:00:00+00:00,-0.0001212459369316513
2023-12-19 14:00:00+00:00,-0.00030154117197201254
2023-12-19 15:00:00+00:00,-0.0005117808289599053
2023-12-19 16:00:00+00:00,-0.004340444733011564
2023-12-19 17:00:00+00:00,0.0024619412263180204
2023-12-19 18:00:00+00:00,-0.0029219550625396644
2023-12-19 19:00:00+00:00,0.005989713885951744
2023-12-19 20:00:00+00:00,0.0017727691190637448
2023-12-19 21:00:00+00:00,-0.003742536631695658
2023-12-19 22:00:00+00:00,0.0017394146559950186
2023-12-19 23:00:00+00:00,0.0020928580050454224
2023-12-20 00:00:00+00:00,-0.0010819892820897892
2023-12-20 01:00:00+00:00,0.0018874841716690176
2023-12-20 02:00:00+00:00,-0.0032430026655374446
2023-12-20 03:00:00+00:00,0.0016881199712917082
2023-12-20 04:00:00+00:00,-0.004171122061949942
2023-12-20 05:00:00+00:00,-0.0037071514923184674
2023-12-20 06:00:00+00:00,0.002049633955258588
2023-12-20 07:00:00+00:00,-0.001943917969937216
2023-12-20 08:00:00+00:00,0.004856145468254928
2023-12-20 09:00:00+00:00,-0.00258763554035808
2023-12-20 10:00:00+00:00,-0.0016357286007829678
2023-12-20 11:00:00+00:00,-0.0011503283095823102
2023-12-20 12:00:00+00:00,-0.0013201030580465897
2023-12-20 13:00:00+00:00,0.01275675497111144
2023-12-20 14:00:00+00:00,0.003322518558657074
2023-12-20 15:00:00+00:00,-0.010101860709743588
2023-12-20 16:00:00+00:00,-0.006297323476594071
2023-12-20 17:00:00+00:00,-0.009741920812972114
2023-12-20 18:00:00+00:00,0.002141307570095206
2023-12-20 19:00:00+00:00,0.005709935492795703
2023-12-20 20:00:00+00:00,0.003538306662536743
2023-12-20 21:00:00+00:00,-0.00799231988816396
2023-12-20 22:00:00+00:00,0.0021162552278948645
2023-12-20 23:00:00+00:00,0.001644924630705181
2023-12-21 00:00:00+00:00,0.004460903866025514
2023-12-21 01:00:00+00:00,0.014324079465137425
2023-12-21 02:00:00+00:00,-0.001197117925187299
2023-12-21 03:00:00+00:00,0.0015910311196517613
2023-12-21 04:00:00+00:00,-0.004730696750452878
2023-12-21 05:00:00+00:00,-0.0008833741625067788
2023-12-21 06:00:00+00:00,-0.0034837935164803093
2023-12-21 07:00:00+00:00,-0.007204451544950498
2023-12-21 08:00:00+00:00,-0.016757646820619563
2023-12-21 09:00:00+00:00,0.0003444785774110076
2023-12-21 10:00:00+00:00,0.004485211547168206
2023-12-21 11:00:00+00:00,0.005034075357316581
2023-12-21 12:00:00+00:00,0.0007126601496170314
2023-12-21 13:00:00+00:00,-0.007535790129349696
2023-12-21 14:00:00+00:00,0.0017329073836656085
2023-12-21 15:00:00+00:00,-0.0008024552153039581
2023-12-21 16:00:00+00:00,-0.004776661334564343
2023-12-21 17:00:00+00:00,-0.014719192289075846
2023-12-21 18:00:00+00:00,-0.0042550921579158005
2023-12-21 19:00:00+00:00,-0.00528508824662634
2023-12-21 20:00:00+00:00,0.0060937141811957295
2023-12-21 21:00:00+00:00,0.00603631774074236
2023-12-21 22:00:00+00:00,-0.004650589827008165
2023-12-21 23:00:00+00:00,-0.0007193864811670217
2023-12-22 00:00:00+00:00,0.0024218152103082143
2023-12-22 01:00:00+00:00,-0.012839550914372494
2023-12-22 02:00:00+00:00,-0.0025884559324655847
2023-12-22 03:00:00+00:00,0.008302132378998317
2023-12-22 04:00:00+00:00,0.008149992365596239
2023-12-22 05:00:00+00:00,-0.001739682564226099
2023-12-22 06:00:00+00:00,0.010209366680066655
2023-12-22 07:00:00+00:00,-0.007994738629802368
2023-12-22 08:00:00+00:00,-0.001315914286166212
2023-12-22 09:00:00+00:00,0.0009854634500456282
2023-12-22 10:00:00+00:00,-0.0043556867895358856
2023-12-22 11:00:00+00:00,-0.0037120283137351716
2023-12-22 12:00:00+00:00,-0.0030886375431740764
2023-12-22 13:00:00+00:00,0.0037460344127547298
2023-12-22 14:00:00+00:00,-3.9890524622977045e-05
2023-12-22 15:00:00+00:00,-0.007739587559001403
2023-12-22 16:00:00+00:00,0.006118128639917667
2023-12-22 17:00:00+00:00,-0.006517943312306747
2023-12-22 18:00:00+00:00,-0.004607211711854491
2023-12-22 19:00:00+00:00,-0.0007057093789629386
2023-12-22 20:00:00+00:00,-0.004311891940693727
2023-12-22 21:00:00+00:00,-0.0006902279119891531
2023-12-22 22:00:00+00:00,-7.083755305850153e-05
2023-12-22 23:00:00+00:00,-0.004791395388804226
2023-12-23 00:00:00+00:00,0.011322196475358893
2023-12-23 01:00:00+00:00,0.0007729228644922559
2023-12-23 02:00:00+00:00,-0.0022150310369376193
2023-12-23 03:00:00+00:00,0.004631320319762616
2023-12-23 04:00:00+00:00,-6.643129910712537e-05
2023-12-23 05:00:00+00:00,0.002237077339667546
2023-12-23 06:00:00+00:00,-0.006630311826077849
2023-12-23 07:00:00+00:00,0.00390476211147958
2023-12-23 08:00:00+00:00,-0.005477841256538892
2023-12-23 09:00:00+00:00,0.0026432257446384185
2023-12-23 10:00:00+00:00,0.0053693629888490755
2023-12-23 11:00:00+00:00,-0.0009513864477189735
2023-12-23 12:00:00+00:00,0.0012613061313646308
2023-12-23 13:00:00+00:00,0.004383453410736829
2023-12-23 14:00:00+00:00,-0.007733749956543181
2023-12-23 15:00:00+00:00,0.009623445401988872
2023-12-23 16:00:00+00:00,-0.009304096709366005
2023-12-23 17:00:00+00:00,-0.0036933415124805365
2023-12-23 18:00:00+00:00,-0.012419379806055729
2023-12-23 19:00:00+00:00,0.0007832265776365495
2023-12-23 20:00:00+00:00,0.0005229673141120134
2023-12-23 21:00:00+00:00,0.000804624727485746
2023-12-23 22:00:00+00:00,-0.017085404366137247
2023-12-23 23:00:00+00:00,-0.01175703985280151
2023-12-24 00:00:00+00:00,0.0034221491851733144
2023-12-24 01:00:00+00:00,-0.007792330023009229
2023-12-24 02:00:00+00:00,0.0035608344940139948
2023-12-24 03:00:00+00:00,-0.014305906306350586
2023-12-24 04:00:00+00:00,-0.003396510222009034
2023-12-24 05:00:00+00:00,-0.0029914129757374406
2023-12-24 06:00:00+00:00,0.008330661150845759
2023-12-24 07:00:00+00:00,0.029978466049222118
2023-12-24 08:00:00+00:00,-0.03596265903851419
2023-12-24 09:00:00+00:00,0.018450967340677336
2023-12-24 10:00:00+00:00,0.002433703186522282
2023-12-24 11:00:00+00:00,0.0022667415747970624
2023-12-24 12:00:00+00:00,-0.0022607871539957842
2023-12-24 13:00:00+00:00,0.0024164649820607557
2023-12-24 14:00:00+00:00,0.016327734681437417
2023-12-24 15:00:00+00:00,0.004810573917735209
2023-12-24 16:00:00+00:00,-0.003025041881017975
2023-12-24 17:00:00+00:00,0.012480714530532722
2023-12-24 18:00:00+00:00,-0.008778693408853323
2023-12-24 19:00:00+00:00,0.008465096279967367
2023-12-24 20:00:00+00:00,0.00029152069166286476
2023-12-24 21:00:00+00:00,-0.004936979103534687
2023-12-24 22:00:00+00:00,-0.0058331579052659545
2023-12-24 23:00:00+00:00,-0.0007153098848180893
2023-12-25 00:00:00+00:00,0.013725315424836295
2023-12-25 01:00:00+00:00,-0.006848932090012395
2023-12-25 02:00:00+00:00,0.00944170949710878
2023-12-25 03:00:00+00:00,0.00010415374583312839
2023-12-25 04:00:00+00:00,-0.004497223269829713
2023-12-25 05:00:00+00:00,-0.0022764313215965087
2023-12-25 06:00:00+00:00,0.0018189899468258202
2023-12-25 07:00:00+00:00,4.264412654538034e-05
2023-12-25 08:00:00+00:00,0.0031810310656541474
2023-12-25 09:00:00+00:00,0.015578844482534793
2023-12-25 10:00:00+00:00,-0.003651374791816965
2023-12-25 11:00:00+00:00,0.002906467197343488
2023-12-25 12:00:00+00:00,-0.0028074569887700743
2023-12-25 13:00:00+00:00,-0.003710793440539833
2023-12-25 14:00:00+00:00,-0.004319745622603004
2023-12-25 15:00:00+00:00,-0.009597008269432005
2023-12-25 16:00:00+00:00,-0.0009837669902662473
2023-12-25 17:00:00+00:00,-0.013403899156808348
2023-12-25 18:00:00+00:00,0.0012230855052236882
2023-12-25 19:00:00+00:00,-0.0014863134406365764
2023-12-25 20:00:00+00:00,0.007448599109152792
2023-12-25 21:00:00+00:00,0.001642396663054659
2023-12-25 22:00:00+00:00,0.0031408772536893202
2023-12-25 23:00:00+00:00,-0.002015718257411222
2023-12-26 00:00:00+00:00,-0.0034023395317308394
2023-12-26 01:00:00+00:00,0.005722931651634421
2023-12-26 02:00:00+00:00,-0.002994146744138383
2023-12-26 03:00:00+00:00,-0.000383444568969568
2023-12-26 04:00:00+00:00,-0.011189550623319127
2023-12-26 05:00:00+00:00,0.007903948332325366
2023-12-26 06:00:00+00:00,0.007235552540312631
2023-12-26 07:00:00+00:00,-0.0054835228473055445
2023-12-26 08:00:00+00:00,-0.0034676511278289553
2023-12-26 09:00:00+00:00,-0.004415777006482064
2023-12-26 10:00:00+00:00,-0.0048923267182317395
2023-12-26 11:00:00+00:00,0.007731038297180325
2023-12-26 12:00:00+00:00,-5.871820395488006e-06
2023-12-26 13:00:00+00:00,0.0026890762392157387
2023-12-26 14:00:00+00:00,0.009416471547200506
2023-12-26 15:00:00+00:00,0.004473525770811018
2023-12-26 16:00:00+00:00,0.00121194991860315
2023-12-26 17:00:00+00:00,0.016113407073522268
2023-12-26 18:00:00+00:00,-0.001359975814929222
2023-12-26 19:00:00+00:00,-0.011175316176509215
2023-12-26 20:00:00+00:00,-0.0037449524173639036
2023-12-26 21:00:00+00:00,0.0005985581523781757
2023-12-26 22:00:00+00:00,-0.005024048369261185
2023-12-26 23:00:00+00:00,0.005346151813733924
2023-12-27 00:00:00+00:00,-0.003633872826122997
2023-12-27 01:00:00+00:00,-0.002219070264411167
2023-12-27 02:00:00+00:00,0.014582726419800527
2023-12-27 03:00:00+00:00,0.006658244501463657
2023-12-27 04:00:00+00:00,0.00037801080096925877
2023-12-27 05:00:00+00:00,0.0033349487881004936
2023-12-27 06:00:00+00:00,-0.001369642923448704
2023-12-27 07:00:00+00:00,0.00859158496813217
2023-12-27 08:00:00+00:00,-0.002186139791303825
2023-12-27 09:00:00+00:00,0.007426837764623406
2023-12-27 10:00:00+00:00,0.0006177147296547295
2023-12-27 11:00:00+00:00,-0.007604694329444338
2023-12-27 12:00:00+00:00,0.0021888754306033232
2023-12-27 13:00:00+00:00,-0.011621045238521664
2023-12-27 14:00:00+00:00,-0.000616076920183454
2023-12-27 15:00:00+00:00,-0.002151434008479751
2023-12-27 16:00:00+00:00,-0.004663806182042303
2023-12-27 17:00:00+00:00,0.0037425413011442153
2023-12-27 18:00:00+00:00,0.0016127689617533093
2023-12-27 19:00:00+00:00,0.0010165945191737684
2023-12-27 20:00:00+00:00,0.007888919413479726
2023-12-27 21:00:00+00:00,-0.0032419665730730723
2023-12-27 22:00:00+00:00,0.008241617673342045
2023-12-27 23:00:00+00:00,-0.00041486198298048676
2023-12-28 00:00:00+00:00,-0.01429373495321184
2023-12-28 01:00:00+00:00,-0.003854723798641535
2023-12-28 02:00:00+00:00,-0.0031134701607149675
2023-12-28 03:00:00+00:00,0.009857356688839162
2023-12-28 04:00:00+00:00,-0.0005799863912765759
2023-12-28 05:00:00+00:00,0.0035716287389960114
2023-12-28 06:00:00+00:00,0.004114775255881557
2023-12-28 07:00:00+00:00,-0.007727731474382283
2023-12-28 08:00:00+00:00,0.0005403348106049183
2023-12-28 09:00:00+00:00,0.00031808879002727776
2023-12-28 10:00:00+00:00,-0.0032781985835102848
2023-12-28 11:00:00+00:00,-0.0019938127791398735
2023-12-28 12:00:00+00:00,0.007116854133194804
2023-12-28 13:00:00+00:00,-0.0015643487155153602
2023-12-28 14:00:00+00:00,0.010777868886556116
2023-12-28 15:00:00+00:00,-0.0034468143875257193
2023-12-28 16:00:00+00:00,0.00023637651920424226
2023-12-28 17:00:00+00:00,0.0012013798071625434
2023-12-28 18:00:00+00:00,0.002787948415679637
2023-12-28 19:00:00+00:00,-0.0006276883066507159
2023-12-28 20:00:00+00:00,0.003389553077921424
2023-12-28 21:00:00+00:00,0.003479112522540815
2023-12-28 22:00:00+00:00,-0.0005759428149102051
2023-12-28 23:00:00+00:00,0.006615760878084538
2023-12-29 00:00:00+00:00,0.003585361770948338
2023-12-29 01:00:00+00:00,0.006621669780828989
2023-12-29 02:00:00+00:00,0.006334442179733676
2023-12-29 03:00:00+00:00,-0.0003435540104790956
2023-12-29 04:00:00+00:00,-0.0028733112971968838
2023-12-29 05:00:00+00:00,0.0001378387726755085
2023-12-29 06:00:00+00:00,-0.0021389040713107187
2023-12-29 07:00:00+00:00,0.010381478555282328
2023-12-29 08:00:00+00:00,0.0018624052326883564
2023-12-29 09:00:00+00:00,-0.0024584449210356394
2023-12-29 10:00:00+00:00,0.009106532911740317
2023-12-29 11:00:00+00:00,-0.006086971554001976
2023-12-29 12:00:00+00:00,0.002414541195852986
2023-12-29 13:00:00+00:00,0.005026569257916037
2023-12-29 14:00:00+00:00,-0.0033874651648365347
2023-12-29 15:00:00+00:00,0.01113130958501324
2023-12-29 16:00:00+00:00,0.010989848777294857
2023-12-29 17:00:00+00:00,0.0073319732901267936
2023-12-29 18:00:00+00:00,0.002719741440890306
2023-12-29 19:00:00+00:00,-0.0010942086708230236
2023-12-29 20:00:00+00:00,-0.0007424732500821142
2023-12-29 21:00:00+00:00,0.003951033758292961
2023-12-29 22:00:00+00:00,0.000122771541039306
2023-12-29 23:00:00+00:00,-0.010906027636494233
2023-12-30 00:00:00+00:00,0.002522950461344101
2023-12-30 01:00:00+00:00,0.001715038821657607
2023-12-30 02:00:00+00:00,0.0030721556328298476
2023-12-30 03:00:00+00:00,-0.0003605825993311387
2023-12-30 04:00:00+00:00,-0.0017275285983983546
2023-12-30 05:00:00+00:00,-0.0019853850861098676
2023-12-30 06:00:00+00:00,-0.001579684993703952
2023-12-30 07:00:00+00:00,0.01001278618720914
2023-12-30 08:00:00+00:00,0.0010972866320479065
2023-12-30 09:00:00+00:00,0.0013138806325285583
2023-12-30 10:00:00+00:00,0.0002767593070694684
2023-12-30 11:00:00+00:00,-2.7925498514716603e-05
2023-12-30 12:00:00+00:00,0.0013282066473547678
2023-12-30 13:00:00+00:00,0.005115888433825464
2023-12-30 14:00:00+00:00,-0.004359713574634354
2023-12-30 15:00:00+00:00,-0.0025108531519942054
2023-12-30 16:00:00+00:00,-0.0017761344476103886
2023-12-30 17:00:00+00:00,0.0011317863630073315
2023-12-30 18:00:00+00:00,-0.0007998601488201307
2023-12-30 19:00:00+00:00,0.004339276024362663
2023-12-30 20:00:00+00:00,-0.0012817979444238407
2023-12-30 21:00:00+00:00,-0.0009582812945941863
2023-12-30 22:00:00+00:00,0.0022100688618881554
2023-12-30 23:00:00+00:00,0.0005153137234108754
2023-12-31 00:00:00+00:00,-0.007727943401305529
2023-12-31 01:00:00+00:00,-0.003873146649737389
2023-12-31 02:00:00+00:00,0.0029442586188093466
2023-12-31 03:00:00+00:00,-0.002172072090759054
2023-12-31 04:00:00+00:00,-0.002912156506440722
2023-12-31 05:00:00+00:00,0.0031860099247165426
2023-12-31 06:00:00+00:00,-0.0019228007055435024
2023-12-31 07:00:00+00:00,0.0025066168044108076
2023-12-31 08:00:00+00:00,0.00016299545583221755
2023-12-31 09:00:00+00:00,-0.002177089735740103
2023-12-31 10:00:00+00:00,-0.002538171552141408
2023-12-31 11:00:00+00:00,-0.008889783664534573
2023-12-31 12:00:00+00:00,0.0013283317097929981
2023-12-31 13:00:00+00:00,0.0016942275828401461
2023-12-31 14:00:00+00:00,0.0026871509611214994
2023-12-31 15:00:00+00:00,0.0030992511438798984
2023-12-31 16:00:00+00:00,0.0010907235798482799
2023-12-31 17:00:00+00:00,0.002949450483896556
2023-12-31 18:00:00+00:00,-0.004736854236293279
2023-12-31 19:00:00+00:00,-0.000793722793747285
2023-12-31 20:00:00+00:00,0.003591483745320372
2023-12-31 21:00:00+00:00,-0.002116273217914632
2023-12-31 22:00:00+00:00,0.005828426341082951
2023-12-31 23:00:00+00:00,-0.0009406717519247406
2024-01-01 00:00:00+00:00,0.0005576483500873642
2024-01-01 01:00:00+00:00,-0.0034739429432716616
2024-01-01 02:00:00+00:00,0.00197547200139051
2024-01-01 03:00:00+00:00,0.0088304581583034
2024-01-01 04:00:00+00:00,-0.0011075899372180505
2024-01-01 05:00:00+00:00,-0.0002805495288231576
2024-01-01 06:00:00+00:00,0.0018066285748909142
2024-01-01 07:00:00+00:00,-0.0001664087397013393
2024-01-01 08:00:00+00:00,0.0010020715463296545
2024-01-01 09:00:00+00:00,-0.004535759814099673
2024-01-01 10:00:00+00:00,-0.0012021962464929539
2024-01-01 11:00:00+00:00,0.0006213147555733329
2024-01-01 12:00:00+00:00,1.5796297786499285e-05
2024-01-01 13:00:00+00:00,0.0017778633449272963
2024-01-01 14:00:00+00:00,0.004496228322937252
2024-01-01 15:00:00+00:00,-0.005396371997236975
2024-01-01 16:00:00+00:00,-0.0015225683069687885
2024-01-01 17:00:00+00:00,0.0017611029026424075
2024-01-01 18:00:00+00:00,-0.017040702494580354
2024-01-01 19:00:00+00:00,-0.006691463976625583
2024-01-01 20:00:00+00:00,0.0061857968903452675
2024-01-01 21:00:00+00:00,0.0019554438428788243
2024-01-01 22:00:00+00:00,-0.0007039981113675111
2024-01-01 23:00:00+00:00,0.004651076612878569
2024-01-02 00:00:00+00:00,0.00642365112988602
2024-01-02 01:00:00+00:00,0.003975716755933786
2024-01-02 02:00:00+00:00,-0.003105214149203202
2024-01-02 03:00:00+00:00,0.0026898660382411893
2024-01-02 04:00:00+00:00,-0.00909628319501151
2024-01-02 05:00:00+00:00,0.00589009552776451
2024-01-02 06:00:00+00:00,-0.0020716182804429582
2024-01-02 07:00:00+00:00,-0.001034665573339517
2024-01-02 08:00:00+00:00,-0.013270987577747702
2024-01-02 09:00:00+00:00,0.0034067586144473677
2024-01-02 10:00:00+00:00,0.002121636128718662
2024-01-02 11:00:00+00:00,0.003961172965164995
2024-01-02 12:00:00+00:00,-0.000347759369509246
2024-01-02 13:00:00+00:00,0.0004925568753554819
2024-01-02 14:00:00+00:00,-0.01276020940689958
2024-01-02 15:00:00+00:00,0.008883834131634719
2024-01-02 16:00:00+00:00,0.0003920751617286009
2024-01-02 17:00:00+00:00,0.0023063745623725764
2024-01-02 18:00:00+00:00,0.0007778199989687856
2024-01-02 19:00:00+00:00,0.00013554362047498263
2024-01-02 20:00:00+00:00,0.002024135174730992
2024-01-02 21:00:00+00:00,-0.00334460422503812
2024-01-02 22:00:00+00:00,-0.010447572870681198
2024-01-02 23:00:00+00:00,0.0018468340219656696
2024-01-03 00:00:00+00:00,0.0002666875821275961
2024-01-03 01:00:00+00:00,-0.015572392514723732
2024-01-03 02:00:00+00:00,0.0008680572120410674
2024-01-03 03:00:00+00:00,0.0016037571432476613
2024-01-03 04:00:00+00:00,0.0010394026170490033
2024-01-03 05:00:00+00:00,-0.0006933319470339229
2024-01-03 06:00:00+00:00,-0.0003171461000107509
2024-01-03 07:00:00+00:00,0.0063001460172290085
2024-01-03 08:00:00+00:00,-0.0018895198374555674
2024-01-03 09:00:00+00:00,-0.004720608316500016
2024-01-03 10:00:00+00:00,-0.000862549821920854
2024-01-03 11:00:00+00:00,0.001411302144102964
2024-01-03 12:00:00+00:00,-0.02883687688467979
2024-01-03 13:00:00+00:00,0.018667829834473185
2024-01-03 14:00:00+00:00,-0.00023854819953847685
2024-01-03 15:00:00+00:00,-0.002951744167146452
2024-01-03 16:00:00+00:00,-0.01499156531681774
2024-01-03 17:00:00+00:00,0.0013553390631029245
2024-01-03 18:00:00+00:00,0.00472476454757615
2024-01-03 19:00:00+00:00,-0.001883461989193451
2024-01-03 20:00:00+00:00,0.006284372485685036
2024-01-03 21:00:00+00:00,0.00032519866315182004
2024-01-03 22:00:00+00:00,0.001589146668635494
2024-01-03 23:00:00+00:00,0.0011278700786658481
2024-01-04 00:00:00+00:00,-0.00025200303701039046
2024-01-04 01:00:00+00:00,0.003985027190005135
2024-01-04 02:00:00+00:00,-0.0009035291080027555
2024-01-04 03:00:00+00:00,-0.0017611160793468928
2024-01-04 04:00:00+00:00,-0.009959689510712282
2024-01-04 05:00:00+00:00,0.0013201672572475238
2024-01-04 06:00:00+00:00,0.0016923857026139046
2024-01-04 07:00:00+00:00,0.00399272082969718
2024-01-04 08:00:00+00:00,0.0011279289797717915
2024-01-04 09:00:00+00:00,0.002098430205049964
2024-01-04 10:00:00+00:00,0.003263033771346597
2024-01-04 11:00:00+00:00,0.001986661492980712
2024-01-04 12:00:00+00:00,-0.008298100783604056
2024-01-04 13:00:00+00:00,-0.00589683114941008
2024-01-04 14:00:00+00:00,-0.008565371525558139
2024-01-04 15:00:00+00:00,-0.00033676029781508457
2024-01-04 16:00:00+00:00,0.0011574545749507912
2024-01-04 17:00:00+00:00,0.0026678756358405483
2024-01-04 18:00:00+00:00,-0.00015898168763569476
2024-01-04 19:00:00+00:00,0.004577313569565622
2024-01-04 20:00:00+00:00,-0.0010881406801869092
2024-01-04 21:00:00+00:00,0.005781716931462212
2024-01-04 22:00:00+00:00,0.0031383452846282453
2024-01-04 23:00:00+00:00,0.0027674876015988605
2024-01-05 00:00:00+00:00,0.0010794163540671694
2024-01-05 01:00:00+00:00,-0.004959722765029802
2024-01-05 02:00:00+00:00,-0.005006356182810094
2024-01-05 03:00:00+00:00,0.008208262763583989
2024-01-05 04:00:00+00:00,-0.000415474595517891
2024-01-05 05:00:00+00:00,0.004053256606695405
2024-01-05 06:00:00+00:00,-0.0034748526982390764
2024-01-05 07:00:00+00:00,0.005595146258165866
2024-01-05 08:00:00+00:00,-0.0009432764671545178
2024-01-05 09:00:00+00:00,0.0057765386195938245
2024-01-05 10:00:00+00:00,0.0022527728037902398
2024-01-05 11:00:00+00:00,-0.005156302417654517
2024-01-05 12:00:00+00:00,0.0006009822741570484
2024-01-05 13:00:00+00:00,0.0018347135376850193
2024-01-05 14:00:00+00:00,-0.004169542077931399
2024-01-05 15:00:00+00:00,0.012938054808866544
2024-01-05 16:00:00+00:00,0.006288502785650545
2024-01-05 17:00:00+00:00,0.000829381859562058
2024-01-05 18:00:00+00:00,-0.0036823097242113393
2024-01-05 19:00:00+00:00,0.0001442867473392889
2024-01-05 20:00:00+00:00,0.0037632824896424444
2024-01-05 21:00:00+00:00,0.00037287288355370026
2024-01-05 22:00:00+00:00,-0.0022413177631319344
2024-01-05 23:00:00+00:00,-0.0028205391316952814
2024-01-06 00:00:00+00:00,-0.0009049738868475082
2024-01-06 01:00:00+00:00,0.01126130978064652
2024-01-06 02:00:00+00:00,0.0045786404607012
2024-01-06 03:00:00+00:00,0.0006248868401768206
2024-01-06 04:00:00+00:00,-0.00018632675145700714
2024-01-06 05:00:00+00:00,0.011278278117392185
2024-01-06 06:00:00+00:00,-0.0048199578789465125
2024-01-06 07:00:00+00:00,-0.0037341021621030987
2024-01-06 08:00:00+00:00,-0.005196741041510996
2024-01-06 09:00:00+00:00,-0.0033543024065598457
2024-01-06 10:00:00+00:00,0.00020188274800279595
2024-01-06 11:00:00+00:00,0.0007099509111602003
2024-01-06 12:00:00+00:00,-0.00022155078463959328
2024-01-06 13:00:00+00:00,-0.0007666968774833066
2024-01-06 14:00:00+00:00,0.002256336404465309
2024-01-06 15:00:00+00:00,0.0028291702163389747
2024-01-06 16:00:00+00:00,0.0034791297072357136
2024-01-06 17:00:00+00:00,-0.0020611961058401855
2024-01-06 18:00:00+00:00,-0.0008541078108934774
2024-01-06 19:00:00+00:00,0.00807479074054842
2024-01-06 20:00:00+00:00,-0.003522379154712584
2024-01-06 21:00:00+00:00,-0.0004055935761618124
2024-01-06 22:00:00+00:00,0.0007352477102526014
2024-01-06 23:00:00+00:00,0.00023953572983905034
2024-01-07 00:00:00+00:00,-0.005853628440379903
2024-01-07 01:00:00+00:00,-0.0018911705771607137
2024-01-07 02:00:00+00:00,-0.002534791192662596
2024-01-07 03:00:00+00:00,-0.0017284290079263543
2024-01-07 04:00:00+00:00,0.00601422491649261
2024-01-07 05:00:00+00:00,-0.002060297300173585
2024-01-07 06:00:00+00:00,0.0001965380975032454
2024-01-07 07:00:00+00:00,-0.0008170673983550011
2024-01-07 08:00:00+00:00,0.003615218686730114
2024-01-07 09:00:00+00:00,-0.0037644492824441805
2024-01-07 10:00:00+00:00,0.0032725073781139573
2024-01-07 11:00:00+00:00,-0.0027176520517991423
2024-01-07 12:00:00+00:00,-0.0017966080967394228
2024-01-07 13:00:00+00:00,-0.00300255611478439
2024-01-07 14:00:00+00:00,0.0017072888188955034
2024-01-07 15:00:00+00:00,0.001762408658672245
2024-01-07 16:00:00+00:00,-0.00413599525701314
2024-01-07 17:00:00+00:00,0.00043018782248737444
2024-01-07 18:00:00+00:00,0.0007277176504907316
2024-01-07 19:00:00+00:00,0.0027308190367414395
2024-01-07 20:00:00+00:00,-0.004090904093000893
2024-01-07 21:00:00+00:00,0.004406348832671131
2024-01-07 22:00:00+00:00,-0.002366699818942531
2024-01-07 23:00:00+00:00,0.006521523000984866
2024-01-08 00:00:00+00:00,0.014748045205274899
2024-01-08 01:00:00+00:00,0.004740549718340717
2024-01-08 02:00:00+00:00,-0.003912176585335085
2024-01-08 03:00:00+00:00,0.006487812727454002
2024-01-08 04:00:00+00:00,-0.00047830599997608734
2024-01-08 05:00:00+00:00,-4.067803489167056e-05
2024-01-08 06:00:00+00:00,-0.0020458473436030292
2024-01-08 07:00:00+00:00,-0.004372381565120609
2024-01-08 08:00:00+00:00,-0.0072187972543179295
2024-01-08 09:00:00+00:00,0.006596476532474181
2024-01-08 10:00:00+00:00,0.0028026380502695694
2024-01-08 11:00:00+00:00,0.0034394306019551856
2024-01-08 12:00:00+00:00,-0.00582397589640194
2024-01-08 13:00:00+00:00,-0.014830668763443794
2024-01-08 14:00:00+00:00,0.0090751736790421
2024-01-08 15:00:00+00:00,0.0008601311739480803
2024-01-08 16:00:00+00:00,-0.01009593180355916
2024-01-08 17:00:00+00:00,-0.0002890243468536122
2024-01-08 18:00:00+00:00,-0.002127850316783893
2024-01-08 19:00:00+00:00,0.0013919505728931187
2024-01-08 20:00:00+00:00,0.003625424394175318
2024-01-08 21:00:00+00:00,0.003728368589956493
2024-01-08 22:00:00+00:00,-0.007391808450728263
2024-01-08 23:00:00+00:00,-0.0007106066086161815
2024-01-09 00:00:00+00:00,0.006182874720172865
2024-01-09 01:00:00+00:00,-0.0018726945132027549
2024-01-09 02:00:00+00:00,0.003432767069911783
2024-01-09 03:00:00+00:00,-0.003089073291997214
2024-01-09 04:00:00+00:00,0.0074127080946225655
2024-01-09 05:00:00+00:00,-0.00828819630189412
2024-01-09 06:00:00+00:00,0.004973542994859296
2024-01-09 07:00:00+00:00,0.0009424439762082904
2024-01-09 08:00:00+00:00,-0.005025846750224238
2024-01-09 09:00:00+00:00,0.005654672818180554
2024-01-09 10:00:00+00:00,0.000622716335994682
2024-01-09 11:00:00+00:00,0.0022495528294033014
2024-01-09 12:00:00+00:00,-0.002486088678688745
2024-01-09 13:00:00+00:00,0.0060372627732570745
2024-01-09 14:00:00+00:00,-0.0009964061765805597
2024-01-09 15:00:00+00:00,0.004281168764777625
2024-01-09 16:00:00+00:00,-0.0012934731652497655
2024-01-09 17:00:00+00:00,0.009327307543519915
2024-01-09 18:00:00+00:00,0.0031146854315576666
2024-01-09 19:00:00+00:00,-0.004019980928110991
2024-01-09 20:00:00+00:00,-0.00850119160117855
2024-01-09 21:00:00+00:00,0.020865781119086754
2024-01-09 22:00:00+00:00,-0.01367682256686527
2024-01-09 23:00:00+00:00,-0.004277137806482177
2024-01-10 00:00:00+00:00,-0.016339768528908432
2024-01-10 01:00:00+00:00,0.009133415086673742
2024-01-10 02:00:00+00:00,0.011298106696148088
2024-01-10 03:00:00+00:00,-0.005246485400527178
2024-01-10 04:00:00+00:00,-0.00792872387522936
2024-01-10 05:00:00+00:00,-0.004408195978051592
2024-01-10 06:00:00+00:00,0.0028121101007981004
2024-01-10 07:00:00+00:00,0.002458924462009053
2024-01-10 08:00:00+00:00,-0.0027182935009826127
2024-01-10 09:00:00+00:00,-0.014948180273486203
2024-01-10 10:00:00+00:00,0.005101517463118357
2024-01-10 11:00:00+00:00,-0.008036532795205466
2024-01-10 12:00:00+00:00,0.002548309041583931
2024-01-10 13:00:00+00:00,-0.0007350862572631452
2024-01-10 14:00:00+00:00,0.0017153995565686643
2024-01-10 15:00:00+00:00,-0.01200113787206001
2024-01-10 16:00:00+00:00,0.01132896784582127
2024-01-10 17:00:00+00:00,-0.006787862993371193
2024-01-10 18:00:00+00:00,0.004141271828972689
2024-01-10 19:00:00+00:00,-0.01534882801391381
2024-01-10 20:00:00+00:00,-0.012942568908320426
2024-01-10 21:00:00+00:00,0.012883899733580215
2024-01-10 22:00:00+00:00,0.0026954519613653287
2024-01-10 23:00:00+00:00,-0.014993041483698755
2024-01-11 00:00:00+00:00,-0.011016375701002301
2024-01-11 01:00:00+00:00,0.00038410005736419923
2024-01-11 02:00:00+00:00,-0.00581974859074188
2024-01-11 03:00:00+00:00,-0.0014860795481937388
2024-01-11 04:00:00+00:00,-0.0013171332320088133
2024-01-11 05:00:00+00:00,-0.00030036454586737166
2024-01-11 06:00:00+00:00,0.006608879435083311
2024-01-11 07:00:00+00:00,-0.002846518607618053
2024-01-11 08:00:00+00:00,-0.0004630563670689903
2024-01-11 09:00:00+00:00,0.007626762642647381
2024-01-11 10:00:00+00:00,-0.010337378104332983
2024-01-11 11:00:00+00:00,-0.007533234247419855
2024-01-11 12:00:00+00:00,-0.002519696145974946
2024-01-11 13:00:00+00:00,0.01022043175537964
2024-01-11 14:00:00+00:00,-0.007867874658212945
2024-01-11 15:00:00+00:00,0.00013299517977050424
2024-01-11 16:00:00+00:00,-0.0004292235985801462
2024-01-11 17:00:00+00:00,0.005916862355590539
2024-01-11 18:00:00+00:00,-0.00552949233029393
2024-01-11 19:00:00+00:00,-0.0021525146077513617
2024-01-11 20:00:00+00:00,0.0013116607592858185
2024-01-11 21:00:00+00:00,-0.003566188380378003
2024-01-11 22:00:00+00:00,0.001646139263786135
2024-01-11 23:00:00+00:00,-0.0036678225797498946
2024-01-12 00:00:00+00:00,0.00792469531065766
2024-01-12 01:00:00+00:00,-0.006899577456522164
2024-01-12 02:00:00+00:00,-0.0018960509193212563
2024-01-12 03:00:00+00:00,-0.004507160003935596
2024-01-12 04:00:00+00:00,-0.0006360268033510454
2024-01-12 05:00:00+00:00,0.005010212418049749
2024-01-12 06:00:00+00:00,-0.0014778242073389578
2024-01-12 07:00:00+00:00,-0.0015134769642239196
2024-01-12 08:00:00+00:00,0.0034036172109101104
2024-01-12 09:00:00+00:00,-0.0003177709005492101
2024-01-12 10:00:00+00:00,-0.010837623734009016
2024-01-12 11:00:00+00:00,-0.008376355501472988
2024-01-12 12:00:00+00:00,-0.0005513489240301289
2024-01-12 13:00:00+00:00,0.0011297792481052315
2024-01-12 14:00:00+00:00,-0.005455188126506415
2024-01-12 15:00:00+00:00,-0.001379884269684692
2024-01-12 16:00:00+00:00,0.005394397424484735
2024-01-12 17:00:00+00:00,0.005567091314209608
2024-01-12 18:00:00+00:00,0.001173510217480167
2024-01-12 19:00:00+00:00,0.0014859914200755914
2024-01-12 20:00:00+00:00,-0.007586452985149003
2024-01-12 21:00:00+00:00,0.007977580592827781
2024-01-12 22:00:00+00:00,-0.0014418752841197215
2024-01-12 23:00:00+00:00,-0.009320552630120393
2024-01-13 00:00:00+00:00,0.005089645845977551
2024-01-13 01:00:00+00:00,-0.003995632660005089
2024-01-13 02:00:00+00:00,-0.0022599904691088107
2024-01-13 03:00:00+00:00,-0.002697646602283194
2024-01-13 04:00:00+00:00,-0.003969764199922703
2024-01-13 05:00:00+00:00,-0.0074845325188834235
2024-01-13 06:00:00+00:00,0.0070980754752528845
2024-01-13 07:00:00+00:00,-0.007638632969733275
2024-01-13 08:00:00+00:00,-0.009029258253431241
2024-01-13 09:00:00+00:00,0.004995872960884257
2024-01-13 10:00:00+00:00,-0.0023844969179612225
2024-01-13 11:00:00+00:00,-7.181184733211502e-06
2024-01-13 12:00:00+00:00,0.0036492469345644233
2024-01-13 13:00:00+00:00,0.00301662169548716
2024-01-13 14:00:00+00:00,0.007373104102982347
2024-01-13 15:00:00+00:00,-0.0018594885533229726
2024-01-13 16:00:00+00:00,-0.002150557425634404
2024-01-13 17:00:00+00:00,0.0020946429724711937
2024-01-13 18:00:00+00:00,0.0008259781848778631
2024-01-13 19:00:00+00:00,-0.0029171551860250706
2024-01-13 20:00:00+00:00,0.006048289737970936
2024-01-13 21:00:00+00:00,-0.004194777218124072
2024-01-13 22:00:00+00:00,-0.0003296442347794909
2024-01-13 23:00:00+00:00,0.005226935630843796
2024-01-14 00:00:00+00:00,-0.0011208601266466684
2024-01-14 01:00:00+00:00,0.0065720339204794935
2024-01-14 02:00:00+00:00,-0.0008999368149030278
2024-01-14 03:00:00+00:00,0.0005775351952704645
2024-01-14 04:00:00+00:00,0.0016899193076746473
2024-01-14 05:00:00+00:00,0.002803547249771684
2024-01-14 06:00:00+00:00,-0.004062703366194363
2024-01-14 07:00:00+00:00,0.001373591335140708
2024-01-14 08:00:00+00:00,0.002164405358288845
2024-01-14 09:00:00+00:00,-0.006860422255332268
2024-01-14 10:00:00+00:00,0.002648693268958712
2024-01-14 11:00:00+00:00,0.0037172486913739783
2024-01-14 12:00:00+00:00,-0.0030231739372904814
2024-01-14 13:00:00+00:00,0.003999783814437468
2024-01-14 14:00:00+00:00,-0.0006742680886442858
2024-01-14 15:00:00+00:00,0.0037895454715410107
2024-01-14 16:00:00+00:00,0.001963648122912538
2024-01-14 17:00:00+00:00,0.001819512282642803
2024-01-14 18:00:00+00:00,-6.950596255953443e-05
2024-01-14 19:00:00+00:00,-0.003018761145165562
2024-01-14 20:00:00+00:00,-0.004101797026908484
2024-01-14 21:00:00+00:00,0.006957981790785028
2024-01-14 22:00:00+00:00,0.0004892601171804261
2024-01-14 23:00:00+00:00,0.0005163005695782399
2024-01-15 00:00:00+00:00,0.00366993866998458
2024-01-15 01:00:00+00:00,-0.003090179207103948
2024-01-15 02:00:00+00:00,0.0025004767111675335
2024-01-15 03:00:00+00:00,-0.006384219992690563
2024-01-15 04:00:00+00:00,-0.011182496017766734
2024-01-15 05:00:00+00:00,-0.001191405935959082
2024-01-15 06:00:00+00:00,-0.004109608089448764
2024-01-15 07:00:00+00:00,0.005410250869946823
2024-01-15 08:00:00+00:00,-0.002039512325642483
2024-01-15 09:00:00+00:00,-0.0012475639543944193
2024-01-15 10:00:00+00:00,-0.003955402308916944
2024-01-15 11:00:00+00:00,0.004246945608282879
2024-01-15 12:00:00+00:00,0.0032960735567364344
2024-01-15 13:00:00+00:00,-0.0030691492523093372
2024-01-15 14:00:00+00:00,0.003863535509665784
2024-01-15 15:00:00+00:00,0.006715268234686093
2024-01-15 16:00:00+00:00,-0.005246579930636122
2024-01-15 17:00:00+00:00,-0.0013409395147962987
2024-01-15 18:00:00+00:00,0.0008905095626842753
2024-01-15 19:00:00+00:00,-0.004091659889239326
2024-01-15 20:00:00+00:00,0.00603006618856204
2024-01-15 21:00:00+00:00,0.0025531859636469915
2024-01-15 22:00:00+00:00,0.004248878685078526
2024-01-15 23:00:00+00:00,-0.00043048773462974166
2024-01-16 00:00:00+00:00,-0.0027716957817083714
2024-01-16 01:00:00+00:00,0.0034713350807871178
2024-01-16 02:00:00+00:00,-0.0028079623822753596
2024-01-16 03:00:00+00:00,-0.00204823873549025
2024-01-16 04:00:00+00:00,-0.0016335269247701007
2024-01-16 05:00:00+00:00,0.005627379551148965
2024-01-16 06:00:00+00:00,0.002222513478352516
2024-01-16 07:00:00+00:00,-0.0008231730241396481
2024-01-16 08:00:00+00:00,0.004337134810819041
2024-01-16 09:00:00+00:00,0.0036617455864121516
2024-01-16 10:00:00+00:00,0.00022198975333089538
2024-01-16 11:00:00+00:00,-0.0050085777741027074
2024-01-16 12:00:00+00:00,-0.0017991422630122015
2024-01-16 13:00:00+00:00,0.0023857384880015564
2024-01-16 14:00:00+00:00,0.0028746821688536233
2024-01-16 15:00:00+00:00,-0.004006453024189332
2024-01-16 16:00:00+00:00,-0.0006277838321206898
2024-01-16 17:00:00+00:00,0.006126087743466088
2024-01-16 18:00:00+00:00,-0.003371261446383287
2024-01-16 19:00:00+00:00,0.0008824389531166708
2024-01-16 20:00:00+00:00,-0.002049471410622888
2024-01-16 21:00:00+00:00,-0.004928587740041213
2024-01-16 22:00:00+00:00,0.0035469733196699807
2024-01-16 23:00:00+00:00,-0.0025496306835211193
2024-01-17 00:00:00+00:00,-0.0018865165818034645
2024-01-17 01:00:00+00:00,-0.0035127924439139722
2024-01-17 02:00:00+00:00,0.0026092728917094677
2024-01-17 03:00:00+00:00,0.00126367968679563
2024-01-17 04:00:00+00:00,0.004658115567343449
2024-01-17 05:00:00+00:00,-0.002821648891832495
2024-01-17 06:00:00+00:00,0.005528524279359077
2024-01-17 07:00:00+00:00,-0.0013327196387750517
2024-01-17 08:00:00+00:00,0.005271827717331363
2024-01-17 09:00:00+00:00,0.0006237206611536526
2024-01-17 10:00:00+00:00,-0.004544796693408348
2024-01-17 11:00:00+00:00,-0.0008383436363359567
2024-01-17 12:00:00+00:00,-0.0012353165875366376
2024-01-17 13:00:00+00:00,0.00021300714753980207
2024-01-17 14:00:00+00:00,4.08859256525312e-05
2024-01-17 15:00:00+00:00,-0.0012356434866837905
2024-01-17 16:00:00+00:00,-0.0031248528691974952
2024-01-17 17:00:00+00:00,0.0025864278828502223
2024-01-17 18:00:00+00:00,0.001919120231538903
2024-01-17 19:00:00+00:00,-0.004476047844798564
2024-01-17 20:00:00+00:00,-0.003254276067851442
2024-01-17 21:00:00+00:00,0.005788903278561802
2024-01-17 22:00:00+00:00,0.0013547261613666751
2024-01-17 23:00:00+00:00,-0.0009175380589346801
2024-01-18 00:00:00+00:00,-0.0017834212381581823
2024-01-18 01:00:00+00:00,0.004372437528189978
2024-01-18 02:00:00+00:00,-0.002676636238452038
2024-01-18 03:00:00+00:00,0.0034543567540046257
2024-01-18 04:00:00+00:00,-0.002991932214952451
2024-01-18 05:00:00+00:00,-0.0030535626014178553
2024-01-18 06:00:00+00:00,-0.0015883324925552904
2024-01-18 07:00:00+00:00,-9.565363664171954e-05
2024-01-18 08:00:00+00:00,0.003797077039149537
2024-01-18 09:00:00+00:00,0.0005797496585156133
2024-01-18 10:00:00+00:00,-0.00031615209254997375
2024-01-18 11:00:00+00:00,0.003116335384028413
2024-01-18 12:00:00+00:00,0.007602414395033151
2024-01-18 13:00:00+00:00,0.00038037509135546433
2024-01-18 14:00:00+00:00,-0.004533490178004361
2024-01-18 15:00:00+00:00,-0.001199757659974965
2024-01-18 16:00:00+00:00,0.010763252280066327
2024-01-18 17:00:00+00:00,-0.003416042538783091
2024-01-18 18:00:00+00:00,0.00045651029038353843
2024-01-18 19:00:00+00:00,0.0046858035777542105
2024-01-18 20:00:00+00:00,-0.004425204104871217
2024-01-18 21:00:00+00:00,0.004730428583954618
2024-01-18 22:00:00+00:00,-0.002330940599294681
2024-01-18 23:00:00+00:00,0.00337663077518327
2024-01-19 00:00:00+00:00,-0.0010707565579860885
2024-01-19 01:00:00+00:00,0.003048901757916175
2024-01-19 02:00:00+00:00,0.008162190250519182
2024-01-19 03:00:00+00:00,-0.0001411968781361873
2024-01-19 04:00:00+00:00,-0.0007542780545103785
2024-01-19 05:00:00+00:00,-0.0003385483911251372
2024-01-19 06:00:00+00:00,-0.00087719201631212
2024-01-19 07:00:00+00:00,-0.0016309588420288183
2024-01-19 08:00:00+00:00,-0.00047692718337572735
2024-01-19 09:00:00+00:00,-0.0011142108990762588
2024-01-19 10:00:00+00:00,-0.003318087944800025
2024-01-19 11:00:00+00:00,-0.0009119148523242724
2024-01-19 12:00:00+00:00,-0.0004446178254955285
2024-01-19 13:00:00+00:00,0.0032175706670496997
2024-01-19 14:00:00+00:00,0.0034407316534296427
2024-01-19 15:00:00+00:00,-0.0009763763076721351
2024-01-19 16:00:00+00:00,0.0010219192357583684
2024-01-19 17:00:00+00:00,-0.005278489340768139
2024-01-19 18:00:00+00:00,-0.0017554923206943955
2024-01-19 19:00:00+00:00,-0.0005459677765607448
2024-01-19 20:00:00+00:00,-0.0033751672865138136
2024-01-19 21:00:00+00:00,0.0018753302467409583
2024-01-19 22:00:00+00:00,-0.0021286833364271406
2024-01-19 23:00:00+00:00,0.0024064924875934653
2024-01-20 00:00:00+00:00,0.0014881101649533957
2024-01-20 01:00:00+00:00,0.001342298580727906
2024-01-20 02:00:00+00:00,-9.786096464663456e-05
2024-01-20 03:00:00+00:00,0.007441455702112166
2024-01-20 04:00:00+00:00,0.001270842607078727
2024-01-20 05:00:00+00:00,-0.001418794078898659
2024-01-20 06:00:00+00:00,0.0023209723783891695
2024-01-20 07:00:00+00:00,0.0012167128062387782
2024-01-20 08:00:00+00:00,-0.0017436055355349617
2024-01-20 09:00:00+00:00,0.008156089048286996
2024-01-20 10:00:00+00:00,0.004143131790995148
2024-01-20 11:00:00+00:00,0.001804963723038559
2024-01-20 12:00:00+00:00,0.0021155687376461113
2024-01-20 13:00:00+00:00,0.00016720666614768263
2024-01-20 14:00:00+00:00,-0.0011073487189856878
2024-01-20 15:00:00+00:00,-5.0451858436909124e-05
2024-01-20 16:00:00+00:00,0.00521279140468988
2024-01-20 17:00:00+00:00,-0.00277122916623454
2024-01-20 18:00:00+00:00,-0.0009351662837821192
2024-01-20 19:00:00+00:00,0.00020370790017731932
2024-01-20 20:00:00+00:00,-0.00013352838199984
2024-01-20 21:00:00+00:00,0.00018965056637697896
2024-01-20 22:00:00+00:00,0.001245341276004992
2024-01-20 23:00:00+00:00,0.00057082428488732
2024-01-21 00:00:00+00:00,-0.0002383776720681829
2024-01-21 01:00:00+00:00,5.3064900639831884e-05
2024-01-21 02:00:00+00:00,-0.0005984655864294784
2024-01-21 03:00:00+00:00,0.003480911458355476
2024-01-21 04:00:00+00:00,0.00035260460402717405
2024-01-21 05:00:00+00:00,-0.0013470721787955102
2024-01-21 06:00:00+00:00,-0.00029677441364504446
2024-01-21 07:00:00+00:00,0.0022757271492078695
2024-01-21 08:00:00+00:00,-0.002658874108688888
2024-01-21 09:00:00+00:00,-0.0011207329030884744
2024-01-21 10:00:00+00:00,0.00189200006942644
2024-01-21 11:00:00+00:00,-0.0009428093576241675
2024-01-21 12:00:00+00:00,0.0010946103428426807
2024-01-21 13:00:00+00:00,0.00042275665889597987
2024-01-21 14:00:00+00:00,0.004570416803093374
2024-01-21 15:00:00+00:00,0.0046689619489033
2024-01-21 16:00:00+00:00,0.0006324191669510446
2024-01-21 17:00:00+00:00,-0.0026228768432513786
2024-01-21 18:00:00+00:00,0.0014343123666411704
2024-01-21 19:00:00+00:00,-0.00020163069817471458
2024-01-21 20:00:00+00:00,0.00449291476928343
2024-01-21 21:00:00+00:00,-0.004395132939040272
2024-01-21 22:00:00+00:00,0.00456459733047987
2024-01-21 23:00:00+00:00,-0.0012587762919773738
2024-01-22 00:00:00+00:00,0.00481805534448058
2024-01-22 01:00:00+00:00,-0.0023501237519570214
2024-01-22 02:00:00+00:00,0.0030987432296233747
2024-01-22 03:00:00+00:00,0.0014451187944724342
2024-01-22 04:00:00+00:00,-0.0005584315723471755
2024-01-22 05:00:00+00:00,-0.00241714719135215
2024-01-22 06:00:00+00:00,-1.26369940790381e-05
2024-01-22 07:00:00+00:00,-0.0012820593106985592
2024-01-22 08:00:00+00:00,0.0037115137277828818
2024-01-22 09:00:00+00:00,0.00032026084565221687
2024-01-22 10:00:00+00:00,0.0017699851702698568
2024-01-22 11:00:00+00:00,-0.002691762864093944
2024-01-22 12:00:00+00:00,-0.001547334743762843
2024-01-22 13:00:00+00:00,0.005789349329762701
2024-01-22 14:00:00+00:00,0.0008632206925054097
2024-01-22 15:00:00+00:00,0.0001105632210263855
2024-01-22 16:00:00+00:00,-0.004158097323712891
2024-01-22 17:00:00+00:00,0.0007178811589758947
2024-01-22 18:00:00+00:00,-0.0022918670172128873
2024-01-22 19:00:00+00:00,0.008247355075954902
2024-01-22 20:00:00+00:00,-0.013623904868573823
2024-01-22 21:00:00+00:00,0.0039413904979808435
2024-01-22 22:00:00+00:00,0.0021535017833976865
2024-01-22 23:00:00+00:00,-0.0014719838799831912
2024-01-23 00:00:00+00:00,0.0006901246509122205
2024-01-23 01:00:00+00:00,0.002494276575464476
2024-01-23 02:00:00+00:00,0.00034076179291267863
2024-01-23 03:00:00+00:00,-0.005217037464596678
2024-01-23 04:00:00+00:00,-0.0037403326444836425
2024-01-23 05:00:00+00:00,-0.003404794462464593
2024-01-23 06:00:00+00:00,0.004037292585702308
2024-01-23 07:00:00+00:00,-0.008740307833284493
2024-01-23 08:00:00+00:00,0.001203789125445768
2024-01-23 09:00:00+00:00,0.00635734463384101
2024-01-23 10:00:00+00:00,-0.00410696054487087
2024-01-23 11:00:00+00:00,0.004960665909650891
2024-01-23 12:00:00+00:00,-0.011674463285612268
2024-01-23 13:00:00+00:00,0.0063225119002704114
2024-01-23 14:00:00+00:00,0.001139133521558182
2024-01-23 15:00:00+00:00,-0.004307658623035714
2024-01-23 16:00:00+00:00,-0.0009121499204550992
2024-01-23 17:00:00+00:00,-0.0026571024089479486
2024-01-23 18:00:00+00:00,-0.0009221316177384414
2024-01-23 19:00:00+00:00,0.011278398853710552
2024-01-23 20:00:00+00:00,0.0007361454045885764
2024-01-23 21:00:00+00:00,0.005244111941439203
2024-01-23 22:00:00+00:00,4.4606586482923464e-05
2024-01-23 23:00:00+00:00,-0.007692250027602047
2024-01-24 00:00:00+00:00,0.010394791260717517
2024-01-24 01:00:00+00:00,-0.006776941720380526
2024-01-24 02:00:00+00:00,0.0046130237124974785
2024-01-24 03:00:00+00:00,-0.01077361661513168
2024-01-24 04:00:00+00:00,0.009073367004764006
2024-01-24 05:00:00+00:00,-0.02385238915471209
2024-01-24 06:00:00+00:00,0.0012560886691295359
2024-01-24 07:00:00+00:00,-0.0021540736362533433
2024-01-24 08:00:00+00:00,0.0030339042485791733
2024-01-24 09:00:00+00:00,-0.0029606925916256747
2024-01-24 10:00:00+00:00,0.002262442486284568
2024-01-24 11:00:00+00:00,0.006158455369113637
2024-01-24 12:00:00+00:00,0.0005581286305290241
2024-01-24 13:00:00+00:00,-0.012200847840290907
2024-01-24 14:00:00+00:00,-0.0019254096686628249
2024-01-24 15:00:00+00:00,0.008856772960843168
2024-01-24 16:00:00+00:00,-0.012054327518036801
2024-01-24 17:00:00+00:00,-0.0008744216745541981
2024-01-24 18:00:00+00:00,0.012172716596112168
2024-01-24 19:00:00+00:00,-0.006902293255090009
2024-01-24 20:00:00+00:00,0.0016292920159882728
2024-01-24 21:00:00+00:00,-0.0024948595915620674
2024-01-24 22:00:00+00:00,0.0021640995513997124
2024-01-24 23:00:00+00:00,0.009982425144285951
2024-01-25 00:00:00+00:00,0.007486764727296958
2024-01-25 01:00:00+00:00,0.003467475287444874
2024-01-25 02:00:00+00:00,0.0034971424445423183
2024-01-25 03:00:00+00:00,-0.00024813571627829603
2024-01-25 04:00:00+00:00,-0.011207133796065718
2024-01-25 05:00:00+00:00,0.0075985554878402655
2024-01-25 06:00:00+00:00,0.003253580993900523
2024-01-25 07:00:00+00:00,-0.017245558719195257
2024-01-25 08:00:00+00:00,-0.0018542920516717639
2024-01-25 09:00:00+00:00,-0.0018409357170996667
2024-01-25 10:00:00+00:00,0.019922946803068532
2024-01-25 11:00:00+00:00,0.011721546132688741
2024-01-25 12:00:00+00:00,0.00665172808254996
2024-01-25 13:00:00+00:00,-0.011380990232374075
2024-01-25 14:00:00+00:00,0.0014552946305032553
2024-01-25 15:00:00+00:00,-0.004122756662966155
2024-01-25 16:00:00+00:00,0.013634095755938208
2024-01-25 17:00:00+00:00,-0.005948806717572329
2024-01-25 18:00:00+00:00,0.0010883150417159506
2024-01-25 19:00:00+00:00,0.005738571714395976
2024-01-25 20:00:00+00:00,-0.004403463501752035
2024-01-25 21:00:00+00:00,0.009267499358646788
2024-01-25 22:00:00+00:00,0.0009181862434633689
2024-01-25 23:00:00+00:00,0.0009299943401070504
2024-01-26 00:00:00+00:00,0.000617950132511833
2024-01-26 01:00:00+00:00,0.012554101631071268
2024-01-26 02:00:00+00:00,0.0031326660627578394
2024-01-26 03:00:00+00:00,0.002947680261316337
2024-01-26 04:00:00+00:00,-0.0007516178741594576
2024-01-26 05:00:00+00:00,-0.002564197038699617
2024-01-26 06:00:00+00:00,-0.00022203747490911888
2024-01-26 07:00:00+00:00,-0.0022097034201728795
2024-01-26 08:00:00+00:00,0.0016357218846492201
2024-01-26 09:00:00+00:00,-0.0011735153779859724
2024-01-26 10:00:00+00:00,-0.0006639361695040971
2024-01-26 11:00:00+00:00,-0.0015491994382594422
2024-01-26 12:00:00+00:00,0.005315329360432656
2024-01-26 13:00:00+00:00,-0.003189827289639781
2024-01-26 14:00:00+00:00,0.0011754149129477118
2024-01-26 15:00:00+00:00,-0.009102884471996017
2024-01-26 16:00:00+00:00,-0.01574697265433945
2024-01-26 17:00:00+00:00,-0.01808716808133256
2024-01-26 18:00:00+00:00,-0.009170948691378945
2024-01-26 19:00:00+00:00,-0.006744514754376546
2024-01-26 20:00:00+00:00,0.0009269638866063597
2024-01-26 21:00:00+00:00,-0.00021428648506261673
2024-01-26 22:00:00+00:00,-0.008372023697766389
2024-01-26 23:00:00+00:00,0.00036747870869168175
2024-01-27 00:00:00+00:00,0.0006185131613629402
2024-01-27 01:00:00+00:00,0.0031610305674182227
2024-01-27 02:00:00+00:00,0.011044333682124716
2024-01-27 03:00:00+00:00,-0.003104805388867162
2024-01-27 04:00:00+00:00,-0.004615707221648816
2024-01-27 05:00:00+00:00,0.0020206260587514627
2024-01-27 06:00:00+00:00,0.0036521304639957957
2024-01-27 07:00:00+00:00,0.005892319282583521
2024-01-27 08:00:00+00:00,0.0008796662681503755
2024-01-27 09:00:00+00:00,0.002318123519897272
2024-01-27 10:00:00+00:00,0.00012792641973584438
2024-01-27 11:00:00+00:00,0.012452359008940057
2024-01-27 12:00:00+00:00,-0.0066853095376687805
2024-01-27 13:00:00+00:00,-0.0012088662507140743
2024-01-27 14:00:00+00:00,-0.0017762945672911245
2024-01-27 15:00:00+00:00,0.0004031633433933269
2024-01-27 16:00:00+00:00,-0.0013885308474514185
2024-01-27 17:00:00+00:00,-0.0005001516504712097
2024-01-27 18:00:00+00:00,0.01114780126604568
2024-01-27 19:00:00+00:00,-0.005111307233996245
2024-01-27 20:00:00+00:00,0.0010487258257900261
2024-01-27 21:00:00+00:00,-0.00012303491788141758
2024-01-27 22:00:00+00:00,-0.0006931439358233938
2024-01-27 23:00:00+00:00,-0.0008827339023919772
2024-01-28 00:00:00+00:00,0.0018175853638064659
2024-01-28 01:00:00+00:00,-0.004790698582305119
2024-01-28 02:00:00+00:00,-0.007020855300968981
2024-01-28 03:00:00+00:00,0.010009522546654829
2024-01-28 04:00:00+00:00,-0.01754949716641916
2024-01-28 05:00:00+00:00,0.012497669672231074
2024-01-28 06:00:00+00:00,0.005209462904739684
2024-01-28 07:00:00+00:00,0.0001755709961733744
2024-01-28 08:00:00+00:00,0.010008643305765914
2024-01-28 09:00:00+00:00,0.0007508203405475014
2024-01-28 10:00:00+00:00,-0.006473635673354826
2024-01-28 11:00:00+00:00,0.004477452223351697
2024-01-28 12:00:00+00:00,0.01166580735126367
2024-01-28 13:00:00+00:00,0.0002751107095116419
2024-01-28 14:00:00+00:00,-0.006444983546241616
2024-01-28 15:00:00+00:00,-0.00035520410109093756
2024-01-28 16:00:00+00:00,0.0028754037622604383
2024-01-28 17:00:00+00:00,0.0028900557378521517
2024-01-28 18:00:00+00:00,-0.002872877265270551
2024-01-28 19:00:00+00:00,-0.00341155599565479
2024-01-28 20:00:00+00:00,0.005540480842849173
2024-01-28 21:00:00+00:00,0.004413094019843073
2024-01-28 22:00:00+00:00,-0.0034700769945073063
2024-01-28 23:00:00+00:00,0.010998598915076093
2024-01-29 00:00:00+00:00,-0.018091664395053834
2024-01-29 01:00:00+00:00,-0.010175049042399277
2024-01-29 02:00:00+00:00,0.003826529248525416
2024-01-29 03:00:00+00:00,-0.006820107081784195
2024-01-29 04:00:00+00:00,-0.0010075422718832138
2024-01-29 05:00:00+00:00,-8.934707122087806e-05
2024-01-29 06:00:00+00:00,-0.0010349872931812642
2024-01-29 07:00:00+00:00,-0.0027031522903851924
2024-01-29 08:00:00+00:00,-0.009455502380509436
2024-01-29 09:00:00+00:00,0.002392821913182021
2024-01-29 10:00:00+00:00,0.0009353570055429545
2024-01-29 11:00:00+00:00,-0.0007201424929949021
2024-01-29 12:00:00+00:00,0.0049715309701295505
2024-01-29 13:00:00+00:00,-0.002513916475118902
2024-01-29 14:00:00+00:00,0.004243987755210395
2024-01-29 15:00:00+00:00,0.010688982301065337
2024-01-29 16:00:00+00:00,-0.05108524237016492
2024-01-29 17:00:00+00:00,0.003330183951356606
2024-01-29 18:00:00+00:00,0.004942114585620663
2024-01-29 19:00:00+00:00,0.001961050749888028
2024-01-29 20:00:00+00:00,0.00926247610207317
2024-01-29 21:00:00+00:00,-0.0034093744668151193
2024-01-29 22:00:00+00:00,-0.0034341140946841007
2024-01-29 23:00:00+00:00,-0.0031736961572634377
2024-01-30 00:00:00+00:00,0.0011386986459642012
2024-01-30 01:00:00+00:00,-0.009555424445342433
2024-01-30 02:00:00+00:00,-0.006306562869001752
2024-01-30 03:00:00+00:00,0.004568006476444586
2024-01-30 04:00:00+00:00,-0.00046244951889504626
2024-01-30 05:00:00+00:00,-0.006123659340680383
2024-01-30 06:00:00+00:00,-0.0004029780725430318
2024-01-30 07:00:00+00:00,-9.585418739680992e-05
2024-01-30 08:00:00+00:00,0.006096140062176669
2024-01-30 09:00:00+00:00,0.000985885507930782
2024-01-30 10:00:00+00:00,-0.0036780346773237246
2024-01-30 11:00:00+00:00,0.0026777618036323905
2024-01-30 12:00:00+00:00,0.015586786875890858
2024-01-30 13:00:00+00:00,-0.012049772983604363
2024-01-30 14:00:00+00:00,0.011869330207609255
2024-01-30 15:00:00+00:00,0.0003327777452682584
2024-01-30 16:00:00+00:00,0.007460298280502731
2024-01-30 17:00:00+00:00,-0.0066752458740175075
2024-01-30 18:00:00+00:00,0.0007063878634120097
2024-01-30 19:00:00+00:00,-0.00010591121079271887
2024-01-30 20:00:00+00:00,6.38131147130049e-05
2024-01-30 21:00:00+00:00,-0.001123548813262519
2024-01-30 22:00:00+00:00,0.0033596577348928335
2024-01-30 23:00:00+00:00,-0.004970188102391043
2024-01-31 00:00:00+00:00,0.0005597441736329493
2024-01-31 01:00:00+00:00,0.002468724740614214
2024-01-31 02:00:00+00:00,-0.006447773082678729
2024-01-31 03:00:00+00:00,-0.0028879840224573816
2024-01-31 04:00:00+00:00,-0.005949415026932453
2024-01-31 05:00:00+00:00,0.007031204910124858
2024-01-31 06:00:00+00:00,-0.007492075264234152
2024-01-31 07:00:00+00:00,-0.001374358483003324
2024-01-31 08:00:00+00:00,-0.005476313623660268
2024-01-31 09:00:00+00:00,0.0033753530732834754
2024-01-31 10:00:00+00:00,-0.0011551051469330066
2024-01-31 11:00:00+00:00,0.022036587367693882
2024-01-31 12:00:00+00:00,-0.009688995288325576
2024-01-31 13:00:00+00:00,0.0010219231095424436
2024-01-31 14:00:00+00:00,5.821703503607124e-05
2024-01-31 15:00:00+00:00,-8.490925151799581e-05
2024-01-31 16:00:00+00:00,0.007462837628965771
2024-01-31 17:00:00+00:00,0.004355932760135889
2024-01-31 18:00:00+00:00,-0.011075346191873276
2024-01-31 19:00:00+00:00,0.0020588476946435063
2024-01-31 20:00:00+00:00,0.00591744660431827
2024-01-31 21:00:00+00:00,-0.0029041364106624145
2024-01-31 22:00:00+00:00,-3.3099225790850416e-05
2024-01-31 23:00:00+00:00,0.007483725800315944
2024-02-01 00:00:00+00:00,0.0010850974228435145
2024-02-01 01:00:00+00:00,-0.004375804418628307
2024-02-01 02:00:00+00:00,0.0021285035568122793
2024-02-01 03:00:00+00:00,0.03086174840950473
2024-02-01 04:00:00+00:00,0.00454468011482034
2024-02-01 05:00:00+00:00,0.0006708841597912424
2024-02-01 06:00:00+00:00,-0.007026901533422793
2024-02-01 07:00:00+00:00,-0.0017702328838026674
2024-02-01 08:00:00+00:00,0.0030726018111595765
2024-02-01 09:00:00+00:00,0.006336595634573232
2024-02-01 10:00:00+00:00,0.002794597172633779
2024-02-01 11:00:00+00:00,-0.0025488875430457326
2024-02-01 12:00:00+00:00,-0.004975207948241538
2024-02-01 13:00:00+00:00,0.0034307846605667967
2024-02-01 14:00:00+00:00,-0.011284939331464239
2024-02-01 15:00:00+00:00,-0.0008595069468691947
2024-02-01 16:00:00+00:00,0.00349131089430684
2024-02-01 17:00:00+00:00,-0.004027853046943583
2024-02-01 18:00:00+00:00,-0.0032878040722205152
2024-02-01 19:00:00+00:00,-0.0010038180868270773
2024-02-01 20:00:00+00:00,-0.0037338454353756795
2024-02-01 21:00:00+00:00,-0.0037430407574655876
2024-02-01 22:00:00+00:00,0.004623182732413235
2024-02-01 23:00:00+00:00,-0.0011244122576157048
2024-02-02 00:00:00+00:00,-0.007372933647558834
2024-02-02 01:00:00+00:00,0.0011580408986943637
2024-02-02 02:00:00+00:00,-0.004256091060023207
2024-02-02 03:00:00+00:00,0.001170112648453413
2024-02-02 04:00:00+00:00,0.00038745622925316327
2024-02-02 05:00:00+00:00,0.0023499864065236373
2024-02-02 06:00:00+00:00,0.0010627724584909006
2024-02-02 07:00:00+00:00,-0.008301760483462414
2024-02-02 08:00:00+00:00,0.007896874194218334
2024-02-02 09:00:00+00:00,0.00016093578285488998
2024-02-02 10:00:00+00:00,0.006933986546589688
2024-02-02 11:00:00+00:00,0.0045057947870365276
2024-02-02 12:00:00+00:00,-0.001872983694605531
2024-02-02 13:00:00+00:00,-0.007669319510922945
2024-02-02 14:00:00+00:00,0.0034573131870428556
2024-02-02 15:00:00+00:00,-0.007430829147893168
2024-02-02 16:00:00+00:00,-0.006559277093753592
2024-02-02 17:00:00+00:00,0.007859494299433402
2024-02-02 18:00:00+00:00,0.002832144158537656
2024-02-02 19:00:00+00:00,0.0010125291307365623
2024-02-02 20:00:00+00:00,0.003084173853502089
2024-02-02 21:00:00+00:00,0.0040486931795002895
2024-02-02 22:00:00+00:00,0.003709020941814972
2024-02-02 23:00:00+00:00,-0.00046646770361466006
2024-02-03 00:00:00+00:00,-0.0003289964464628328
2024-02-03 01:00:00+00:00,-0.0004844293797863815
2024-02-03 02:00:00+00:00,0.006167510270839682
2024-02-03 03:00:00+00:00,0.0016355458489907314
2024-02-03 04:00:00+00:00,0.002715446116187083
2024-02-03 05:00:00+00:00,-0.0004351191113851968
2024-02-03 06:00:00+00:00,-0.0020322426526047685
2024-02-03 07:00:00+00:00,-0.00160263800236407
2024-02-03 08:00:00+00:00,-0.0013031478297898824
2024-02-03 09:00:00+00:00,-0.00161401519003019
2024-02-03 10:00:00+00:00,0.002439452003866118
2024-02-03 11:00:00+00:00,0.000680710297867196
2024-02-03 12:00:00+00:00,0.0012766502559817866
2024-02-03 13:00:00+00:00,-0.005506058288575601
2024-02-03 14:00:00+00:00,-0.0016620482400729502
2024-02-03 15:00:00+00:00,0.0030456537670455696
2024-02-03 16:00:00+00:00,-0.007958536543102402
2024-02-03 17:00:00+00:00,0.0035533667117949746
2024-02-03 18:00:00+00:00,0.0016321350850336514
2024-02-03 19:00:00+00:00,-0.0004928499639596264
2024-02-03 20:00:00+00:00,-9.655895003906972e-05
2024-02-03 21:00:00+00:00,-0.0042730345640295386
2024-02-03 22:00:00+00:00,0.006688551451401826
2024-02-03 23:00:00+00:00,-0.006776579868052057
2024-02-04 00:00:00+00:00,0.0003221538408548236
2024-02-04 01:00:00+00:00,-0.004006120575971224
2024-02-04 02:00:00+00:00,-0.0073693722818616095
2024-02-04 03:00:00+00:00,0.0010492979495326062
2024-02-04 04:00:00+00:00,0.0029279897758772056
2024-02-04 05:00:00+00:00,0.0029861277489963917
2024-02-04 06:00:00+00:00,-0.0031636849378288796
2024-02-04 07:00:00+00:00,0.0038921897941953843
2024-02-04 08:00:00+00:00,-9.949319781228147e-06
2024-02-04 09:00:00+00:00,-0.012505084927191587
2024-02-04 10:00:00+00:00,0.001457419234034539
2024-02-04 11:00:00+00:00,-0.0025804905876569634
2024-02-04 12:00:00+00:00,-7.045401371001541e-05
2024-02-04 13:00:00+00:00,-0.00044665765743305167
2024-02-04 14:00:00+00:00,-0.0016593852802138476
2024-02-04 15:00:00+00:00,-0.002569259864423148
2024-02-04 16:00:00+00:00,-0.0036756613099632107
2024-02-04 17:00:00+00:00,-0.002262593104732487
2024-02-04 18:00:00+00:00,0.00243915262138547
2024-02-04 19:00:00+00:00,0.003935243935101137
2024-02-04 20:00:00+00:00,-0.0037423711560517353
2024-02-04 21:00:00+00:00,0.0002711986340601765
2024-02-04 22:00:00+00:00,-0.00264205230189895
2024-02-04 23:00:00+00:00,0.008242167296377462
2024-02-05 00:00:00+00:00,0.00042073916487264743
2024-02-05 01:00:00+00:00,-0.0019341028412033603
2024-02-05 02:00:00+00:00,0.0003966666082996972
2024-02-05 03:00:00+00:00,0.0014239341835145104
2024-02-05 04:00:00+00:00,-0.006702164670432684
2024-02-05 05:00:00+00:00,-0.005805539590544248
2024-02-05 06:00:00+00:00,-0.001876989706167038
2024-02-05 07:00:00+00:00,0.0026858313936268105
2024-02-05 08:00:00+00:00,-9.670738168431033e-05
2024-02-05 09:00:00+00:00,-0.0029997952489782746
2024-02-05 10:00:00+00:00,-0.01042628894234295
2024-02-05 11:00:00+00:00,-0.0013310493132375294
2024-02-05 12:00:00+00:00,0.003281485858006466
2024-02-05 13:00:00+00:00,-0.01082117081393261
2024-02-05 14:00:00+00:00,-0.0005600698185992743
2024-02-05 15:00:00+00:00,0.001108110788208644
2024-02-05 16:00:00+00:00,-0.003957887851697763
2024-02-05 17:00:00+00:00,0.004682231362167252
2024-02-05 18:00:00+00:00,-0.0013708020902970341
2024-02-05 19:00:00+00:00,0.0025120221473402104
2024-02-05 20:00:00+00:00,-0.00029066525867344286
2024-02-05 21:00:00+00:00,-0.000855928610833278
2024-02-05 22:00:00+00:00,0.0055395303367280465
2024-02-05 23:00:00+00:00,-1.7487182711044953e-05
2024-02-06 00:00:00+00:00,0.0005517523760564599
2024-02-06 01:00:00+00:00,-0.00808953694975014
2024-02-06 02:00:00+00:00,0.003038208559163734
2024-02-06 03:00:00+00:00,0.0024626569075429754
2024-02-06 04:00:00+00:00,-0.0008037292885576369
2024-02-06 05:00:00+00:00,0.007867915614160951
2024-02-06 06:00:00+00:00,0.0003585012274493926
2024-02-06 07:00:00+00:00,-0.0007410866842010841
2024-02-06 08:00:00+00:00,0.0024010167719679485
2024-02-06 09:00:00+00:00,-0.009269360397234763
2024-02-06 10:00:00+00:00,0.008023595253357765
2024-02-06 11:00:00+00:00,-0.0012315723017263418
2024-02-06 12:00:00+00:00,0.0006906623614270813
2024-02-06 13:00:00+00:00,0.0006969301768812839
2024-02-06 14:00:00+00:00,0.004647835505471798
2024-02-06 15:00:00+00:00,0.0038118415717777808
2024-02-06 16:00:00+00:00,2.3824699862662917e-05
2024-02-06 17:00:00+00:00,-0.0025596022362408223
2024-02-06 18:00:00+00:00,0.003865652129831938
2024-02-06 19:00:00+00:00,0.004537183001000428
2024-02-06 20:00:00+00:00,-0.0012772784462925615
2024-02-06 21:00:00+00:00,0.0024137791462131735
2024-02-06 22:00:00+00:00,-5.551163907797825e-05
2024-02-06 23:00:00+00:00,0.0025648366379259924
2024-02-07 00:00:00+00:00,-0.000708515415972324
2024-02-07 01:00:00+00:00,0.0005933312158810855
2024-02-07 02:00:00+00:00,0.0036220644752735357
2024-02-07 03:00:00+00:00,-0.006448302530131939
2024-02-07 04:00:00+00:00,-3.218991723933806e-05
2024-02-07 05:00:00+00:00,-0.0022254261107500506
2024-02-07 06:00:00+00:00,0.002386905034707568
2024-02-07 07:00:00+00:00,-0.0013988768670958388
2024-02-07 08:00:00+00:00,-0.003209254060837159
2024-02-07 09:00:00+00:00,-0.0008210266523624729
2024-02-07 10:00:00+00:00,-0.0025648412215181675
2024-02-07 11:00:00+00:00,-0.0015448962498463429
2024-02-07 12:00:00+00:00,0.004444737031402088
2024-02-07 13:00:00+00:00,0.0044013309659578104
2024-02-07 14:00:00+00:00,0.0023575839593854377
2024-02-07 15:00:00+00:00,0.0038566191836075982
2024-02-07 16:00:00+00:00,-4.927323415775232e-05
2024-02-07 17:00:00+00:00,0.0003782651330500506
2024-02-07 18:00:00+00:00,0.0024036066895020075
2024-02-07 19:00:00+00:00,0.00016338145890055448
2024-02-07 20:00:00+00:00,0.004770747713391484
2024-02-07 21:00:00+00:00,-0.004844134330874122
2024-02-07 22:00:00+00:00,-0.0017335183898431635
2024-02-07 23:00:00+00:00,4.657841845338983e-05
2024-02-08 00:00:00+00:00,0.006555925916666537
2024-02-08 01:00:00+00:00,-0.002354946418052698
2024-02-08 02:00:00+00:00,0.0033913145968173706
2024-02-08 03:00:00+00:00,0.006586690879645081
2024-02-08 04:00:00+00:00,-0.006727027124090889
2024-02-08 05:00:00+00:00,0.0026127704480066118
2024-02-08 06:00:00+00:00,-0.006290559140922651
2024-02-08 07:00:00+00:00,0.0015919462965248363
2024-02-08 08:00:00+00:00,0.0029365837228707164
2024-02-08 09:00:00+00:00,0.004415639111990274
2024-02-08 10:00:00+00:00,0.0013922462486405265
2024-02-08 11:00:00+00:00,0.002714903813491342
2024-02-08 12:00:00+00:00,0.0008363890306570897
2024-02-08 13:00:00+00:00,-2.116335966981352e-05
2024-02-08 14:00:00+00:00,0.010983076761106277
2024-02-08 15:00:00+00:00,-0.006433907358354292
2024-02-08 16:00:00+00:00,0.005021726118582267
2024-02-08 17:00:00+00:00,0.00041447164274083177
2024-02-08 18:00:00+00:00,0.006977928268258306
2024-02-08 19:00:00+00:00,-0.005300569618809029
2024-02-08 20:00:00+00:00,-0.00025577247536390257
2024-02-08 21:00:00+00:00,-0.00047178146509921083
2024-02-08 22:00:00+00:00,-0.002998433373481409
2024-02-08 23:00:00+00:00,0.0005132454436256046
2024-02-09 00:00:00+00:00,0.001196270264174237
2024-02-09 01:00:00+00:00,0.0005040527600425827
2024-02-09 02:00:00+00:00,0.0016412786334165349
2024-02-09 03:00:00+00:00,-0.002436550927552711
2024-02-09 04:00:00+00:00,0.00543043851642292
2024-02-09 05:00:00+00:00,-0.004320655311823347
2024-02-09 06:00:00+00:00,0.002498007108497563
2024-02-09 07:00:00+00:00,0.0029108191891066356
2024-02-09 08:00:00+00:00,-0.0021995271093027857
2024-02-09 09:00:00+00:00,0.004822014864087014
2024-02-09 10:00:00+00:00,-0.002748808284471491
2024-02-09 11:00:00+00:00,-0.0022907265590432755
2024-02-09 12:00:00+00:00,0.0014908463223056968
2024-02-09 13:00:00+00:00,0.0013984646284737354
2024-02-09 14:00:00+00:00,-0.006991575056333753
2024-02-09 15:00:00+00:00,-0.0057682202967266295
2024-02-09 16:00:00+00:00,-0.01490602844885525
2024-02-09 17:00:00+00:00,-0.0012052922692592292
2024-02-09 18:00:00+00:00,-0.006129550870781828
2024-02-09 19:00:00+00:00,-0.008606707594705928
2024-02-09 20:00:00+00:00,-0.008688125259465652
2024-02-09 21:00:00+00:00,0.013666327330313335
2024-02-09 22:00:00+00:00,0.001243634979186654
2024-02-09 23:00:00+00:00,0.0030074777133139896
2024-02-10 00:00:00+00:00,-0.014248335370823317
2024-02-10 01:00:00+00:00,0.0007770253513545898
2024-02-10 02:00:00+00:00,0.0033774415252850027
2024-02-10 03:00:00+00:00,0.013348697060762941
2024-02-10 04:00:00+00:00,-0.002371189366432742
2024-02-10 05:00:00+00:00,0.006574498721681409
2024-02-10 06:00:00+00:00,-0.007580753294736523
2024-02-10 07:00:00+00:00,-0.0014117630506234261
2024-02-10 08:00:00+00:00,0.0054883182477601785
2024-02-10 09:00:00+00:00,0.0018141887525821205
2024-02-10 10:00:00+00:00,-0.00270934342885402
2024-02-10 11:00:00+00:00,0.0035733671255934844
2024-02-10 12:00:00+00:00,0.004066056287308156
2024-02-10 13:00:00+00:00,-0.012355950802948884
2024-02-10 14:00:00+00:00,0.0007757661216125421
2024-02-10 15:00:00+00:00,0.0030195914907645296
2024-02-10 16:00:00+00:00,0.006108746044120921
2024-02-10 17:00:00+00:00,0.0002593476397518166
2024-02-10 18:00:00+00:00,-0.0008873316677126732
2024-02-10 19:00:00+00:00,-0.001899987299147381
2024-02-10 20:00:00+00:00,0.0019408932431715623
2024-02-10 21:00:00+00:00,0.0004464465216404745
2024-02-10 22:00:00+00:00,0.004821991177827912
2024-02-10 23:00:00+00:00,-0.001128147742609501
2024-02-11 00:00:00+00:00,0.0009539766910529498
2024-02-11 01:00:00+00:00,-0.005618736823206785
2024-02-11 02:00:00+00:00,-0.003599080085030371
2024-02-11 03:00:00+00:00,0.005777302030746079
2024-02-11 04:00:00+00:00,-0.0037999236466054443
2024-02-11 05:00:00+00:00,-0.003088919086967114
2024-02-11 06:00:00+00:00,0.0009693346630938952
2024-02-11 07:00:00+00:00,-0.0013404112643499982
2024-02-11 08:00:00+00:00,-0.00022911119263201502
2024-02-11 09:00:00+00:00,0.0049162598074474805
2024-02-11 10:00:00+00:00,-0.001784976767102504
2024-02-11 11:00:00+00:00,0.0033541235526689393
2024-02-11 12:00:00+00:00,0.0004876714596475731
2024-02-11 13:00:00+00:00,-0.0009720023471795057
2024-02-11 14:00:00+00:00,0.005325906002792693
2024-02-11 15:00:00+00:00,-0.001755340950909004
2024-02-11 16:00:00+00:00,0.004663742401912818
2024-02-11 17:00:00+00:00,0.003064468002592299
2024-02-11 18:00:00+00:00,0.002358519345585775
2024-02-11 19:00:00+00:00,-0.0015127654521505797
2024-02-11 20:00:00+00:00,0.00045206536655765053
2024-02-11 21:00:00+00:00,0.0011181452093261051
2024-02-11 22:00:00+00:00,0.002648856523243531
2024-02-11 23:00:00+00:00,0.0014385247147117792
2024-02-12 00:00:00+00:00,-0.0014930256937685455
2024-02-12 01:00:00+00:00,0.004293695133245225
2024-02-12 02:00:00+00:00,-0.004578023172051088
2024-02-12 03:00:00+00:00,0.00027145929976502285
2024-02-12 04:00:00+00:00,-0.006391125501568833
2024-02-12 05:00:00+00:00,0.003123980764006154
2024-02-12 06:00:00+00:00,-0.0023588850193850134
2024-02-12 07:00:00+00:00,0.0021605512453321
2024-02-12 08:00:00+00:00,0.0010932636955156797
2024-02-12 09:00:00+00:00,-0.002622302987145459
2024-02-12 10:00:00+00:00,-0.008591615335936378
2024-02-12 11:00:00+00:00,-0.0007170977527074752
2024-02-12 12:00:00+00:00,0.0005564120906335679
2024-02-12 13:00:00+00:00,-0.003776810091085418
2024-02-12 14:00:00+00:00,0.018136593944483036
2024-02-12 15:00:00+00:00,0.005357508917944462
2024-02-12 16:00:00+00:00,-0.0030472530259118705
2024-02-12 17:00:00+00:00,0.003815030405380319
2024-02-12 18:00:00+00:00,-0.001723189058827365
2024-02-12 19:00:00+00:00,0.000491976588095712
2024-02-12 20:00:00+00:00,0.0053685284249112035
2024-02-12 21:00:00+00:00,-0.0012106038689457198
2024-02-12 22:00:00+00:00,0.002207691662583943
2024-02-12 23:00:00+00:00,0.004523988640022101
2024-02-13 00:00:00+00:00,0.010744475920565922
2024-02-13 01:00:00+00:00,0.0028220953973088552
2024-02-13 02:00:00+00:00,-0.001554235257823002
2024-02-13 03:00:00+00:00,-0.002765052245049254
2024-02-13 04:00:00+00:00,0.0015472453392680226
2024-02-13 05:00:00+00:00,-0.0013999507244606812
2024-02-13 06:00:00+00:00,0.003110647668219149
2024-02-13 07:00:00+00:00,-0.00018496258680738428
2024-02-13 08:00:00+00:00,-0.0011480385216548431
2024-02-13 09:00:00+00:00,0.004277287518467957
2024-02-13 10:00:00+00:00,-0.0043269765326168575
2024-02-13 11:00:00+00:00,-0.0018076785285039431
2024-02-13 12:00:00+00:00,-0.00021775925423157388
2024-02-13 13:00:00+00:00,-3.680121296094551e-05
2024-02-13 14:00:00+00:00,0.0009833128329993126
2024-02-13 15:00:00+00:00,0.002271856002984124
2024-02-13 16:00:00+00:00,-5.358002976987838e-05
2024-02-13 17:00:00+00:00,0.004046671774825451
2024-02-13 18:00:00+00:00,-0.003437057379529449
2024-02-13 19:00:00+00:00,-0.00159033899132098
2024-02-13 20:00:00+00:00,0.0008987443678605149
2024-02-13 21:00:00+00:00,0.0006242265600134089
2024-02-13 22:00:00+00:00,-0.0010354028688815975
2024-02-13 23:00:00+00:00,-0.004415141805234612
2024-02-14 00:00:00+00:00,0.0017265337317632988
2024-02-14 01:00:00+00:00,-0.0038391576711623004
2024-02-14 02:00:00+00:00,-0.0017829800731081005
2024-02-14 03:00:00+00:00,0.001728347309004768
2024-02-14 04:00:00+00:00,0.005135120792324823
2024-02-14 05:00:00+00:00,-0.0007980988623138281
2024-02-14 06:00:00+00:00,0.001320610391334493
2024-02-14 07:00:00+00:00,-0.002687071262948965
2024-02-14 08:00:00+00:00,0.0013522950660429136
2024-02-14 09:00:00+00:00,0.00014809023077529297
2024-02-14 10:00:00+00:00,0.0003471213262715245
2024-02-14 11:00:00+00:00,-0.004498536395035212
2024-02-14 12:00:00+00:00,-0.0027032334230850706
2024-02-14 13:00:00+00:00,0.01639045769177757
2024-02-14 14:00:00+00:00,-0.0017392513553699676
2024-02-14 15:00:00+00:00,-0.006822480227778672
2024-02-14 16:00:00+00:00,0.00853733649931832
2024-02-14 17:00:00+00:00,0.003126503956167181
2024-02-14 18:00:00+00:00,0.0034816696772883263
2024-02-14 19:00:00+00:00,0.0015868724576492753
2024-02-14 20:00:00+00:00,0.010276764999619192
2024-02-14 21:00:00+00:00,0.00035434278653972886
2024-02-14 22:00:00+00:00,-0.001300394689907974
2024-02-14 23:00:00+00:00,0.005660911060368501
2024-02-15 00:00:00+00:00,0.0014227824087020367
2024-02-15 01:00:00+00:00,0.00111531615385368
2024-02-15 02:00:00+00:00,0.005913389063793932
2024-02-15 03:00:00+00:00,0.0006956631214963802
2024-02-15 04:00:00+00:00,-0.0003217655561609844
2024-02-15 05:00:00+00:00,-0.0039266529576653395
2024-02-15 06:00:00+00:00,0.0013152059713108974
2024-02-15 07:00:00+00:00,0.0032091523544831935
2024-02-15 08:00:00+00:00,5.994366677662159e-05
2024-02-15 09:00:00+00:00,-0.0003800254068538034
2024-02-15 10:00:00+00:00,-0.0005591091031788839
2024-02-15 11:00:00+00:00,-0.0018062167968335757
2024-02-15 12:00:00+00:00,-0.0016080932781334792
2024-02-15 13:00:00+00:00,-0.0019435067812765138
2024-02-15 14:00:00+00:00,-0.012170684472548253
2024-02-15 15:00:00+00:00,-0.0007584670569176464
2024-02-15 16:00:00+00:00,0.007587725776479545
2024-02-15 17:00:00+00:00,0.003482051089565409
2024-02-15 18:00:00+00:00,0.00031984257966168685
2024-02-15 19:00:00+00:00,0.0016553273091397078
2024-02-15 20:00:00+00:00,0.0029418009032038126
2024-02-15 21:00:00+00:00,3.1621453644891875e-05
2024-02-15 22:00:00+00:00,-0.0025710964016661267
2024-02-15 23:00:00+00:00,0.0019268834174609175
2024-02-16 00:00:00+00:00,-0.0028954323473770753
2024-02-16 01:00:00+00:00,-0.0003581817221385944
2024-02-16 02:00:00+00:00,-0.003594548067741632
2024-02-16 03:00:00+00:00,-0.0006768543976599501
2024-02-16 04:00:00+00:00,-0.0010220173555241026
2024-02-16 05:00:00+00:00,-0.001764555936754833
2024-02-16 06:00:00+00:00,0.004453546871510081
2024-02-16 07:00:00+00:00,-0.0008427874224670931
2024-02-16 08:00:00+00:00,0.0012219827127048033
2024-02-16 09:00:00+00:00,-0.0009910701370480462
2024-02-16 10:00:00+00:00,-0.0015503847606479933
2024-02-16 11:00:00+00:00,-0.0016258893352661301
2024-02-16 12:00:00+00:00,-0.0030781224074876512
2024-02-16 13:00:00+00:00,-0.00783281327166724
2024-02-16 14:00:00+00:00,-0.0016741584854869612
2024-02-16 15:00:00+00:00,0.0006255290934782981
2024-02-16 16:00:00+00:00,-0.00205344396982655
2024-02-16 17:00:00+00:00,0.003393761548675401
2024-02-16 18:00:00+00:00,0.00030750739283484847
2024-02-16 19:00:00+00:00,-0.00017335437927514804
2024-02-16 20:00:00+00:00,-0.0013891909917497429
2024-02-16 21:00:00+00:00,0.00048391845792361695
2024-02-16 22:00:00+00:00,-0.0015371230815695014
2024-02-16 23:00:00+00:00,-0.00019888357731710486
2024-02-17 00:00:00+00:00,-0.003139199888290392
2024-02-17 01:00:00+00:00,0.00011083674630515563
2024-02-17 02:00:00+00:00,0.0003282437222362375
2024-02-17 03:00:00+00:00,0.0028575410346493874
2024-02-17 04:00:00+00:00,0.0003448484053964916
2024-02-17 05:00:00+00:00,0.003817036231106908
2024-02-17 06:00:00+00:00,0.00025826390345758956
2024-02-17 07:00:00+00:00,-0.0008772813195889627
2024-02-17 08:00:00+00:00,0.00017089577263625343
2024-02-17 09:00:00+00:00,-0.00021972465272824862
2024-02-17 10:00:00+00:00,-0.00041356443064085533
2024-02-17 11:00:00+00:00,-0.0007787814990625359
2024-02-17 12:00:00+00:00,-0.002814690602525682
2024-02-17 13:00:00+00:00,0.0011155962098123961
2024-02-17 14:00:00+00:00,0.0073260121735462536
2024-02-17 15:00:00+00:00,0.00032147602733276583
2024-02-17 16:00:00+00:00,-0.0005211494603378831
2024-02-17 17:00:00+00:00,-0.001163671601569412
2024-02-17 18:00:00+00:00,0.0008641775064504466
2024-02-17 19:00:00+00:00,0.0007678212556386929
2024-02-17 20:00:00+00:00,0.0013374404687168768
2024-02-17 21:00:00+00:00,0.0010799591237655299
2024-02-17 22:00:00+00:00,0.000380372813639166
2024-02-17 23:00:00+00:00,-0.0009615472107596014
2024-02-18 00:00:00+00:00,0.0028583271354309676
2024-02-18 01:00:00+00:00,-0.0039012272402684177
2024-02-18 02:00:00+00:00,-0.0002065418384101967
2024-02-18 03:00:00+00:00,0.0011625323616914528
2024-02-18 04:00:00+00:00,-0.0004121975054181639
2024-02-18 05:00:00+00:00,0.0004758547468868823
2024-02-18 06:00:00+00:00,0.00012185686197232362
2024-02-18 07:00:00+00:00,-0.0023368522687976915
2024-02-18 08:00:00+00:00,-0.0010304669622533678
2024-02-18 09:00:00+00:00,0.0028187060784859194
2024-02-18 10:00:00+00:00,0.0024385501846491786
2024-02-18 11:00:00+00:00,0.002696583617023305
2024-02-18 12:00:00+00:00,-3.970618884023199e-05
2024-02-18 13:00:00+00:00,2.5961841778990907e-05
2024-02-18 14:00:00+00:00,0.0017460602023261181
2024-02-18 15:00:00+00:00,-0.0002619391495360214
2024-02-18 16:00:00+00:00,0.0045736545564149375
2024-02-18 17:00:00+00:00,0.002901053234226136
2024-02-18 18:00:00+00:00,0.000551905721291481
2024-02-18 19:00:00+00:00,-0.0026590634636962708
2024-02-18 20:00:00+00:00,0.001298069668248136
2024-02-18 21:00:00+00:00,0.00027246395732725655
2024-02-18 22:00:00+00:00,-0.002242626820929099
2024-02-18 23:00:00+00:00,-0.00034112402985305866
2024-02-19 00:00:00+00:00,0.0002314378899939542
2024-02-19 01:00:00+00:00,0.0012941822323290664
2024-02-19 02:00:00+00:00,-0.002988703364176085
2024-02-19 03:00:00+00:00,-0.0014397362005470356
2024-02-19 04:00:00+00:00,0.0012227313339289723
2024-02-19 05:00:00+00:00,-0.0005600242249243261
2024-02-19 06:00:00+00:00,0.001800256851347978
2024-02-19 07:00:00+00:00,0.0017283454958801397
2024-02-19 08:00:00+00:00,-0.002915500111173044
2024-02-19 09:00:00+00:00,-0.00050808924532585
2024-02-19 10:00:00+00:00,-0.0016526732109425621
2024-02-19 11:00:00+00:00,0.0028615681508220893
2024-02-19 12:00:00+00:00,-0.0010998110197522862
2024-02-19 13:00:00+00:00,0.0020782665695673105
2024-02-19 14:00:00+00:00,-0.0009030782142571132
2024-02-19 15:00:00+00:00,-0.00015281001466083385
2024-02-19 16:00:00+00:00,-0.0001202666506945234
2024-02-19 17:00:00+00:00,-0.003086526552803861
2024-02-19 18:00:00+00:00,0.0017336538858280346
2024-02-19 19:00:00+00:00,-0.00013430872591138724
2024-02-19 20:00:00+00:00,0.0018955868727844227
2024-02-19 21:00:00+00:00,-0.0005549691410848657
2024-02-19 22:00:00+00:00,-0.0007370139040767332
2024-02-19 23:00:00+00:00,0.001760275228278261
2024-02-20 00:00:00+00:00,-0.002748662743027526
2024-02-20 01:00:00+00:00,-0.003395596504254017
2024-02-20 02:00:00+00:00,0.001716418296069644
2024-02-20 03:00:00+00:00,-0.0026045700222020528
2024-02-20 04:00:00+00:00,-0.001051745756274367
2024-02-20 05:00:00+00:00,0.0009594746272253018
2024-02-20 06:00:00+00:00,-0.00015575397268659114
2024-02-20 07:00:00+00:00,-0.0016623952586730555
2024-02-20 08:00:00+00:00,-0.0010028301321641092
2024-02-20 09:00:00+00:00,-0.0022253261572585045
2024-02-20 10:00:00+00:00,-0.0014154127865610507
2024-02-20 11:00:00+00:00,0.0020211966718847504
2024-02-20 12:00:00+00:00,-0.0012815381706206296
2024-02-20 13:00:00+00:00,-0.0014573005567291273
2024-02-20 14:00:00+00:00,-0.0022341162310896678
2024-02-20 15:00:00+00:00,-0.0025966551710339047
2024-02-20 16:00:00+00:00,0.0025786290037151725
2024-02-20 17:00:00+00:00,-0.0030927967788591153
2024-02-20 18:00:00+00:00,0.0006682370896016439
2024-02-20 19:00:00+00:00,-0.005166757245963249
2024-02-20 20:00:00+00:00,0.0074329818672459
2024-02-20 21:00:00+00:00,-0.0044279165712246115
2024-02-20 22:00:00+00:00,0.003263282498897381
2024-02-20 23:00:00+00:00,0.0002821622674792987
2024-02-21 00:00:00+00:00,-0.0025450516987004027
2024-02-21 01:00:00+00:00,-0.0004791013987586569
2024-02-21 02:00:00+00:00,4.4213057993452154e-05
2024-02-21 03:00:00+00:00,0.000669509188153616
2024-02-21 04:00:00+00:00,-0.0011097304517094708
2024-02-21 05:00:00+00:00,0.004400546213049417
2024-02-21 06:00:00+00:00,0.00034803241273393266
2024-02-21 07:00:00+00:00,-0.005968237404154843
2024-02-21 08:00:00+00:00,-0.00298696018508667
2024-02-21 09:00:00+00:00,-0.0036322523172944527
2024-02-21 10:00:00+00:00,-0.0008814180494719988
2024-02-21 11:00:00+00:00,0.0008765901682081898
2024-02-21 12:00:00+00:00,-0.006116062036925672
2024-02-21 13:00:00+00:00,7.097797317671949e-05
2024-02-21 14:00:00+00:00,-0.00047374055110073975
2024-02-21 15:00:00+00:00,0.0013655307973821959
2024-02-21 16:00:00+00:00,-0.0024303005928444405
2024-02-21 17:00:00+00:00,-0.0004641389557576237
2024-02-21 18:00:00+00:00,-0.0009767806709600015
2024-02-21 19:00:00+00:00,-0.0014817275550486775
2024-02-21 20:00:00+00:00,0.003912796671373323
2024-02-21 21:00:00+00:00,0.002134147072866046
2024-02-21 22:00:00+00:00,-0.0009058893714025162
2024-02-21 23:00:00+00:00,-0.0027603005274499126
2024-02-22 00:00:00+00:00,-0.0037098067185246976
2024-02-22 01:00:00+00:00,-0.0027574422907321572
2024-02-22 02:00:00+00:00,0.001166651946257138
2024-02-22 03:00:00+00:00,0.0014533450481716823
2024-02-22 04:00:00+00:00,0.00022053190155384337
2024-02-22 05:00:00+00:00,-0.00033800246567049105
2024-02-22 06:00:00+00:00,-0.0012780911929764073
2024-02-22 07:00:00+00:00,0.002677719090583623
2024-02-22 08:00:00+00:00,-0.0021701414614981843
2024-02-22 09:00:00+00:00,0.0021910854557512707
2024-02-22 10:00:00+00:00,-0.0005262385338212964
2024-02-22 11:00:00+00:00,-0.0012231591496965936
2024-02-22 12:00:00+00:00,-0.0009458289461097808
2024-02-22 13:00:00+00:00,0.0005290123336748968
2024-02-22 14:00:00+00:00,0.000419868045371032
2024-02-22 15:00:00+00:00,0.0011884198034256954
2024-02-22 16:00:00+00:00,-0.0017790937831139724
2024-02-22 17:00:00+00:00,-0.002402252910487495
2024-02-22 18:00:00+00:00,0.001642884123288751
2024-02-22 19:00:00+00:00,-0.002401811904328618
2024-02-22 20:00:00+00:00,-0.0026928508336209783
2024-02-22 21:00:00+00:00,-0.0004195657015677492
2024-02-22 22:00:00+00:00,-0.0010143186913460398
2024-02-22 23:00:00+00:00,-0.0003809346943856462
2024-02-23 00:00:00+00:00,-0.002170658214086559
2024-02-23 01:00:00+00:00,0.0009023348780003897
2024-02-23 02:00:00+00:00,-3.225897415549469e-05
2024-02-23 03:00:00+00:00,-0.0004338835076417162
2024-02-23 04:00:00+00:00,0.0007698167075538122
2024-02-23 05:00:00+00:00,-0.00036013360204055164
2024-02-23 06:00:00+00:00,0.0005333214130729948
2024-02-23 07:00:00+00:00,0.006705099940608549
2024-02-23 08:00:00+00:00,-0.004563590649013114
2024-02-23 09:00:00+00:00,0.0028074278886165882
2024-02-23 10:00:00+00:00,0.0005764502248237158
2024-02-23 11:00:00+00:00,-0.0003821404550153401
2024-02-23 12:00:00+00:00,0.00040264209535439147
2024-02-23 13:00:00+00:00,5.146580398370307e-05
2024-02-23 14:00:00+00:00,-0.0014877541260623075
2024-02-23 15:00:00+00:00,0.0002486747683815705
2024-02-23 16:00:00+00:00,-0.003747902028210384
2024-02-23 17:00:00+00:00,0.0007399076454804606
2024-02-23 18:00:00+00:00,-0.0021047089981009225
2024-02-23 19:00:00+00:00,0.0025871916167339234
2024-02-23 20:00:00+00:00,0.0027744167844130155
2024-02-23 21:00:00+00:00,0.0006653062147358855
2024-02-23 22:00:00+00:00,-0.0014073742649956783
2024-02-23 23:00:00+00:00,0.00021401452846515938
2024-02-24 00:00:00+00:00,-0.001011922419965733
2024-02-24 01:00:00+00:00,-0.0028332223354054146
2024-02-24 02:00:00+00:00,-0.003655960305671826
2024-02-24 03:00:00+00:00,0.002624350450897687
2024-02-24 04:00:00+00:00,0.003668021378133383
2024-02-24 05:00:00+00:00,-0.0009343116092580426
2024-02-24 06:00:00+00:00,-0.00087268255109336
2024-02-24 07:00:00+00:00,-0.0007680503332453618
2024-02-24 08:00:00+00:00,0.0011494433452689894
2024-02-24 09:00:00+00:00,0.001384323650385691
2024-02-24 10:00:00+00:00,0.00013597295437303732
2024-02-24 11:00:00+00:00,0.0019007533951753619
2024-02-24 12:00:00+00:00,0.0018996977278004773
2024-02-24 13:00:00+00:00,-0.0005058162879419165
2024-02-24 14:00:00+00:00,-0.0008498969627442938
2024-02-24 15:00:00+00:00,0.0007953206778190794
2024-02-24 16:00:00+00:00,-0.00026653480371484833
2024-02-24 17:00:00+00:00,0.0001226519319378457
2024-02-24 18:00:00+00:00,0.0008095436384833192
2024-02-24 19:00:00+00:00,0.00010177003021203564
2024-02-24 20:00:00+00:00,0.00045134069874686847
2024-02-24 21:00:00+00:00,0.00014725249305891903
2024-02-24 22:00:00+00:00,0.0005097506068428824
2024-02-24 23:00:00+00:00,0.00026406944067172315
2024-02-25 00:00:00+00:00,-0.0007082814346275567
2024-02-25 01:00:00+00:00,-0.0006898660574426039
2024-02-25 02:00:00+00:00,-0.0003753195719765962
2024-02-25 03:00:00+00:00,0.0006197159876149281
2024-02-25 04:00:00+00:00,-0.00031376833942017883
2024-02-25 05:00:00+00:00,-0.000460013778510285
2024-02-25 06:00:00+00:00,0.0004691377853017571
2024-02-25 07:00:00+00:00,-0.000605392691775092
2024-02-25 08:00:00+00:00,0.0003335545026866154
2024-02-25 09:00:00+00:00,-0.0014371373178092466
2024-02-25 10:00:00+00:00,-0.0017323128513916778
2024-02-25 11:00:00+00:00,-0.0025894250620754388
2024-02-25 12:00:00+00:00,0.0027765982401054172
2024-02-25 13:00:00+00:00,-0.001265564997916249
2024-02-25 14:00:00+00:00,0.0004310003909087189
2024-02-25 15:00:00+00:00,0.00030701606783152893
2024-02-25 16:00:00+00:00,-0.0005328656006003524
2024-02-25 17:00:00+00:00,-0.0014807910951826631
2024-02-25 18:00:00+00:00,-0.001592174020885512
2024-02-25 19:00:00+00:00,0.00016984301573115
2024-02-25 20:00:00+00:00,-0.0004385529964808486
2024-02-25 21:00:00+00:00,-0.0017293812112612076
2024-02-25 22:00:00+00:00,0.0018225856058483926
2024-02-25 23:00:00+00:00,5.231031270396097e-05
2024-02-26 00:00:00+00:00,0.0024703664312459724
2024-02-26 01:00:00+00:00,0.0029884537296916767
2024-02-26 02:00:00+00:00,-0.00166638396347662
2024-02-26 03:00:00+00:00,-0.0006660451039597931
2024-02-26 04:00:00+00:00,-0.001891707042973917
2024-02-26 05:00:00+00:00,0.0013318595615070988
2024-02-26 06:00:00+00:00,-0.0025182890041435574
2024-02-26 07:00:00+00:00,0.0009773304901813924
2024-02-26 08:00:00+00:00,-0.0023454851683743145
2024-02-26 09:00:00+00:00,-0.0010907846558361014
2024-02-26 10:00:00+00:00,-0.0007138877855665955
2024-02-26 11:00:00+00:00,-0.004165906097743222
2024-02-26 12:00:00+00:00,-0.002718802237465151
2024-02-26 13:00:00+00:00,0.0005520433738551456
2024-02-26 14:00:00+00:00,1.879756926098513e-05
2024-02-26 15:00:00+00:00,-0.0007302996008840309
2024-02-26 16:00:00+00:00,0.005582196809084096
2024-02-26 17:00:00+00:00,0.0037488081224518106
2024-02-26 18:00:00+00:00,-0.0009649277488663983
2024-02-26 19:00:00+00:00,-0.003487187848849161
2024-02-26 20:00:00+00:00,0.0003186890868691025
2024-02-26 21:00:00+00:00,0.0007084905546310161
2024-02-26 22:00:00+00:00,0.00028295503574307884
2024-02-26 23:00:00+00:00,0.0021002928462650395
2024-02-27 00:00:00+00:00,-0.0004705411970369282
2024-02-27 01:00:00+00:00,-0.0022051899113300806
2024-02-27 02:00:00+00:00,-0.003742550929537538
2024-02-27 03:00:00+00:00,0.0013749019733821824
2024-02-27 04:00:00+00:00,-0.0006508144323632525
2024-02-27 05:00:00+00:00,0.001554718463255176
2024-02-27 06:00:00+00:00,-0.0007381229303704704
2024-02-27 07:00:00+00:00,-0.0002582343904233206
2024-02-27 08:00:00+00:00,-0.0005847211041220265
2024-02-27 09:00:00+00:00,-0.001429682660131285
2024-02-27 10:00:00+00:00,0.0012751203794958948
2024-02-27 11:00:00+00:00,-0.00012076374681444615
2024-02-27 12:00:00+00:00,-0.0031592822319346757
2024-02-27 13:00:00+00:00,-0.0003435873715397834
2024-02-27 14:00:00+00:00,-0.0008687836212209803
2024-02-27 15:00:00+00:00,-0.002524800408202376
2024-02-27 16:00:00+00:00,-0.0005725543623097645
2024-02-27 17:00:00+00:00,0.0012379174965918736
2024-02-27 18:00:00+00:00,-0.00043630665955912993
2024-02-27 19:00:00+00:00,-5.973863519708458e-05
2024-02-27 20:00:00+00:00,0.0015337418994594873
2024-02-27 21:00:00+00:00,0.003097468065368452
2024-02-27 22:00:00+00:00,-0.0014181572089982917
2024-02-27 23:00:00+00:00,-0.000292496000421762
2024-02-28 00:00:00+00:00,0.0015565555935362905
2024-02-28 01:00:00+00:00,-0.00020284005279693227
2024-02-28 02:00:00+00:00,-6.518255150237132e-05
2024-02-28 03:00:00+00:00,-0.0026528634520034825
2024-02-28 04:00:00+00:00,0.0018587603567768302
2024-02-28 05:00:00+00:00,-0.0004667614545885249
2024-02-28 06:00:00+00:00,-0.0009515904531634241
2024-02-28 07:00:00+00:00,0.0009693775087668433
2024-02-28 08:00:00+00:00,-0.010080006847707993
2024-02-28 09:00:00+00:00,-0.006132666152036911
2024-02-28 10:00:00+00:00,0.005060273739558258
2024-02-28 11:00:00+00:00,-0.0030019699421593264
2024-02-28 12:00:00+00:00,0.0027018354117858876
2024-02-28 13:00:00+00:00,-0.0051885659882170716
2024-02-28 14:00:00+00:00,0.008542002184528889
2024-02-28 15:00:00+00:00,0.0033633994301938337
2024-02-28 16:00:00+00:00,-0.007130079809755452
2024-02-28 17:00:00+00:00,0.007954828576712146
2024-02-28 18:00:00+00:00,-0.007006825796635604
2024-02-28 19:00:00+00:00,-0.003920219107528833
2024-02-28 20:00:00+00:00,0.0004124222525992595
2024-02-28 21:00:00+00:00,0.00341009501012716
2024-02-28 22:00:00+00:00,0.0016353248339742938
2024-02-28 23:00:00+00:00,-0.006142268246193177
2024-02-29 00:00:00+00:00,0.021377707733915768
2024-02-29 01:00:00+00:00,0.006763619162738376
2024-02-29 02:00:00+00:00,-0.006777265879530027
2024-02-29 03:00:00+00:00,-0.011203585606844306
2024-02-29 04:00:00+00:00,-0.00017060626238654022
2024-02-29 05:00:00+00:00,0.007069981642904492
2024-02-29 06:00:00+00:00,-0.005664616283348124
2024-02-29 07:00:00+00:00,0.007105925593897247
2024-02-29 08:00:00+00:00,0.01470470372384171
2024-02-29 09:00:00+00:00,0.001458443815504611
2024-02-29 10:00:00+00:00,-0.006236384442268168
2024-02-29 11:00:00+00:00,0.003106772941908371
2024-02-29 12:00:00+00:00,0.0013660515842853097
2024-02-29 13:00:00+00:00,-0.004919671138319318
2024-02-29 14:00:00+00:00,0.0006829903774728744
2024-02-29 15:00:00+00:00,-0.018107560779217012
2024-02-29 16:00:00+00:00,0.008182243155116134
2024-02-29 17:00:00+00:00,0.003571565413659111
2024-02-29 18:00:00+00:00,0.009287621650086087
2024-02-29 19:00:00+00:00,-0.0010914172149455931
2024-02-29 20:00:00+00:00,-0.004387480029160335
2024-02-29 21:00:00+00:00,0.005418762092333153
2024-02-29 22:00:00+00:00,0.005172033813824275
2024-02-29 23:00:00+00:00,0.00192185235727281
2024-03-01 00:00:00+00:00,-3.782064973653914e-05
2024-03-01 01:00:00+00:00,0.00016140062352666505
2024-03-01 02:00:00+00:00,-0.003530634570143416
2024-03-01 03:00:00+00:00,0.0034169480968939
2024-03-01 04:00:00+00:00,-0.0012356530626053098
2024-03-01 05:00:00+00:00,0.0015152047925396008
2024-03-01 06:00:00+00:00,0.0004917264288857698
2024-03-01 07:00:00+00:00,0.0024924503008672077
2024-03-01 08:00:00+00:00,-0.005558524276315135
2024-03-01 09:00:00+00:00,-0.0026882666334667117
2024-03-01 10:00:00+00:00,0.00025762782495900824
2024-03-01 11:00:00+00:00,0.00048513366299848647
2024-03-01 12:00:00+00:00,0.0014315700505670792
2024-03-01 13:00:00+00:00,-0.01842503450768014
2024-03-01 14:00:00+00:00,0.0012202917074670603
2024-03-01 15:00:00+00:00,-0.0005769868694737407
2024-03-01 16:00:00+00:00,-0.01879852419654974
2024-03-01 17:00:00+00:00,-0.004791307990233355
2024-03-01 18:00:00+00:00,-0.007314010096750893
2024-03-01 19:00:00+00:00,-0.0052269305003191735
2024-03-01 20:00:00+00:00,-0.005955193384999848
2024-03-01 21:00:00+00:00,-0.006637610661140708
2024-03-01 22:00:00+00:00,0.0021259016087669847
2024-03-01 23:00:00+00:00,0.0006871102440765581
2024-03-02 00:00:00+00:00,-0.02186027137690102
2024-03-02 01:00:00+00:00,0.00788259405756373
2024-03-02 02:00:00+00:00,0.004430875335607214
2024-03-02 03:00:00+00:00,-0.00035146847097965774
2024-03-02 04:00:00+00:00,-0.0018893085289848274
2024-03-02 05:00:00+00:00,0.0030063012063359772
2024-03-02 06:00:00+00:00,0.0007900514430139773
2024-03-02 07:00:00+00:00,-0.007120562223998122
2024-03-02 08:00:00+00:00,-0.0012684769768414527
2024-03-02 09:00:00+00:00,0.007004190028921062
2024-03-02 10:00:00+00:00,0.004268588932507249
2024-03-02 11:00:00+00:00,0.0033515968469804303
2024-03-02 12:00:00+00:00,0.0017305727298888526
2024-03-02 13:00:00+00:00,-0.0015076397533083734
2024-03-02 14:00:00+00:00,0.005450863063666488
2024-03-02 15:00:00+00:00,0.0007672965289181393
2024-03-02 16:00:00+00:00,0.002960332995711109
2024-03-02 17:00:00+00:00,-0.0004755411245148035
2024-03-02 18:00:00+00:00,-0.002567907710922342
2024-03-02 19:00:00+00:00,0.002328608411587453
2024-03-02 20:00:00+00:00,0.002760839731113841
2024-03-02 21:00:00+00:00,-0.0041368954436699495
2024-03-02 22:00:00+00:00,0.0004953080691457159
2024-03-02 23:00:00+00:00,0.001994170662426634
2024-03-03 00:00:00+00:00,0.020570320796755488
2024-03-03 01:00:00+00:00,-0.001517548923982098
2024-03-03 02:00:00+00:00,0.0026381577068728826
2024-03-03 03:00:00+00:00,0.001817589461223536
2024-03-03 04:00:00+00:00,0.001231239977757136
2024-03-03 05:00:00+00:00,0.0026551551475836677
2024-03-03 06:00:00+00:00,-0.0008900121476091189
2024-03-03 07:00:00+00:00,-0.006328166504351632
2024-03-03 08:00:00+00:00,-0.00019953575598197874
2024-03-03 09:00:00+00:00,0.002671758378716367
2024-03-03 10:00:00+00:00,-0.004701084212417737
2024-03-03 11:00:00+00:00,-0.008583238314129448
2024-03-03 12:00:00+00:00,0.002383083168856438
2024-03-03 13:00:00+00:00,-0.0017025076631965645
2024-03-03 14:00:00+00:00,0.006224591362445152
2024-03-03 15:00:00+00:00,-0.003965821783669576
2024-03-03 16:00:00+00:00,-0.002482223728085527
2024-03-03 17:00:00+00:00,0.0004562734465427354
2024-03-03 18:00:00+00:00,-0.014586677640434198
2024-03-03 19:00:00+00:00,0.00014369340458188277
2024-03-03 20:00:00+00:00,-0.008738735325832981
2024-03-03 21:00:00+00:00,0.0003017132481441414
2024-03-03 22:00:00+00:00,0.0029223102800790242
2024-03-03 23:00:00+00:00,-0.0030494244388740645
2024-03-04 00:00:00+00:00,0.0031575233911250718
2024-03-04 01:00:00+00:00,-0.0011108118821611353
2024-03-04 02:00:00+00:00,-0.011755578591297786
2024-03-04 03:00:00+00:00,0.0008726327269694496
2024-03-04 04:00:00+00:00,-0.0014046524513711698
2024-03-04 05:00:00+00:00,-0.0021462898376182035
2024-03-04 06:00:00+00:00,-0.009886233535348576
2024-03-04 07:00:00+00:00,0.004852692624151743
2024-03-04 08:00:00+00:00,-0.005607816256469741
2024-03-04 09:00:00+00:00,0.009854030176103033
2024-03-04 10:00:00+00:00,0.004492870290803624
2024-03-04 11:00:00+00:00,-0.0010459415593218149
2024-03-04 12:00:00+00:00,0.0015073643594642366
2024-03-04 13:00:00+00:00,0.0030747328292688014
2024-03-04 14:00:00+00:00,-0.009137658400569229
2024-03-04 15:00:00+00:00,-0.00918862972433252
2024-03-04 16:00:00+00:00,-0.04009522995080509
2024-03-04 17:00:00+00:00,0.01650145520611089
2024-03-04 18:00:00+00:00,0.005468228981205475
2024-03-04 19:00:00+00:00,-0.0005241628493804031
2024-03-04 20:00:00+00:00,0.004079384467766782
2024-03-04 21:00:00+00:00,0.0018279726194324946
2024-03-04 22:00:00+00:00,-0.008039346010682747
2024-03-04 23:00:00+00:00,0.006295641512435961
2024-03-05 00:00:00+00:00,-0.05198420866794038
2024-03-05 01:00:00+00:00,-0.00491316301947497
2024-03-05 02:00:00+00:00,0.002097568635213493
2024-03-05 03:00:00+00:00,0.008397531175970373
2024-03-05 04:00:00+00:00,0.04079491601708674
2024-03-05 05:00:00+00:00,0.004640983947406787
2024-03-05 06:00:00+00:00,0.00030156678513190737
2024-03-05 07:00:00+00:00,0.0011854018900261764
2024-03-05 08:00:00+00:00,0.006441949805948495
2024-03-05 09:00:00+00:00,-0.0007822854312724803
2024-03-05 10:00:00+00:00,-0.006689536876322555
2024-03-05 11:00:00+00:00,-0.002432094520655614
2024-03-05 12:00:00+00:00,-0.002552448842661035
2024-03-05 13:00:00+00:00,-0.007741149326022897
2024-03-05 14:00:00+00:00,0.0008951929751700405
2024-03-05 15:00:00+00:00,0.022475622295204705
2024-03-05 16:00:00+00:00,0.0007968168126103245
2024-03-05 17:00:00+00:00,0.0019412228655698088
2024-03-05 18:00:00+00:00,-0.0020061221006115095
2024-03-05 19:00:00+00:00,0.001817631764679835
2024-03-05 20:00:00+00:00,-0.014280933337425814
2024-03-05 21:00:00+00:00,-0.00039881368112839986
2024-03-05 22:00:00+00:00,-0.015279176512742175
2024-03-05 23:00:00+00:00,0.008692599926191055
2024-03-06 00:00:00+00:00,0.00024027656612668228
2024-03-06 01:00:00+00:00,0.0034948261617639034
2024-03-06 02:00:00+00:00,0.001988099827850307
2024-03-06 03:00:00+00:00,0.0030075247073883316
2024-03-06 04:00:00+00:00,-0.012941343556999144
2024-03-06 05:00:00+00:00,-0.003916917623764654
2024-03-06 06:00:00+00:00,-0.004861648533194178
2024-03-06 07:00:00+00:00,0.004491753891403551
2024-03-06 08:00:00+00:00,0.003028576420838528
2024-03-06 09:00:00+00:00,-0.0028176106764276733
2024-03-06 10:00:00+00:00,0.0017246225280710288
2024-03-06 11:00:00+00:00,0.0008975784148553937
2024-03-06 12:00:00+00:00,0.005338526642070533
2024-03-06 13:00:00+00:00,-0.0016022822918473748
2024-03-06 14:00:00+00:00,-0.0021044091866864708
2024-03-06 15:00:00+00:00,0.00627849259016674
2024-03-06 16:00:00+00:00,0.0016881652670277575
2024-03-06 17:00:00+00:00,0.005006909648218191
2024-03-06 18:00:00+00:00,-0.00041796353129061224
2024-03-06 19:00:00+00:00,-0.0012070282875781579
2024-03-06 20:00:00+00:00,0.0008973643319891847
2024-03-06 21:00:00+00:00,0.005878351624096805
2024-03-06 22:00:00+00:00,0.005504723047105664
2024-03-06 23:00:00+00:00,-0.005838687035345983
2024-03-07 00:00:00+00:00,0.008899476092778687
2024-03-07 01:00:00+00:00,0.007337449968196542
2024-03-07 02:00:00+00:00,-0.00026701191208576927
2024-03-07 03:00:00+00:00,0.009939958284760297
2024-03-07 04:00:00+00:00,0.009055496432739592
2024-03-07 05:00:00+00:00,-0.0017914242812326327
2024-03-07 06:00:00+00:00,-0.0005830077078915627
2024-03-07 07:00:00+00:00,0.010813519750055896
2024-03-07 08:00:00+00:00,-0.006408223257547673
2024-03-07 09:00:00+00:00,-0.00043463086526190236
2024-03-07 10:00:00+00:00,0.004962061050162163
2024-03-07 11:00:00+00:00,-0.0012178890002773489
2024-03-07 12:00:00+00:00,0.005039615874213474
2024-03-07 13:00:00+00:00,0.004130102032658347
2024-03-07 14:00:00+00:00,-0.008328731667739432
2024-03-07 15:00:00+00:00,-0.002475551233894757
2024-03-07 16:00:00+00:00,0.00500485498443337
2024-03-07 17:00:00+00:00,-0.00027556786085254284
2024-03-07 18:00:00+00:00,-0.003087046771782833
2024-03-07 19:00:00+00:00,0.001292708591794927
2024-03-07 20:00:00+00:00,-0.006585085232680756
2024-03-07 21:00:00+00:00,0.006935146472767773
2024-03-07 22:00:00+00:00,0.0032779931179652113
2024-03-07 23:00:00+00:00,-0.005320953410502316
2024-03-08 00:00:00+00:00,0.004226740309840481
2024-03-08 01:00:00+00:00,-0.00904529092996661
2024-03-08 02:00:00+00:00,-0.0043987486706826
2024-03-08 03:00:00+00:00,-0.0005165990311875682
2024-03-08 04:00:00+00:00,0.0005441951149218717
2024-03-08 05:00:00+00:00,0.004469534866907045
2024-03-08 06:00:00+00:00,-2.7122757454328523e-05
2024-03-08 07:00:00+00:00,-0.009492595638231899
2024-03-08 08:00:00+00:00,0.006470422646439171
2024-03-08 09:00:00+00:00,0.0004604922290214439
2024-03-08 10:00:00+00:00,-0.0018563467349668166
2024-03-08 11:00:00+00:00,-0.0015974961376729409
2024-03-08 12:00:00+00:00,-0.0005130616225280573
2024-03-08 13:00:00+00:00,-0.0075076021436773594
2024-03-08 14:00:00+00:00,0.007714241910665392
2024-03-08 15:00:00+00:00,-0.0005348236237661567
2024-03-08 16:00:00+00:00,-0.002295328977366361
2024-03-08 17:00:00+00:00,-0.001871453673547511
2024-03-08 18:00:00+00:00,-0.002290462125636608
2024-03-08 19:00:00+00:00,0.0038606211925911217
2024-03-08 20:00:00+00:00,-0.0013293348331062478
2024-03-08 21:00:00+00:00,0.0018664411391601536
2024-03-08 22:00:00+00:00,0.004095221378515734
2024-03-08 23:00:00+00:00,-0.0032834075399404733
2024-03-09 00:00:00+00:00,0.00298331732706314
2024-03-09 01:00:00+00:00,-0.0019693392891533567
2024-03-09 02:00:00+00:00,-0.00022597240712963178
2024-03-09 03:00:00+00:00,-0.000994972949541662
2024-03-09 04:00:00+00:00,-0.0017427187875607153
2024-03-09 05:00:00+00:00,0.004654847245820114
2024-03-09 06:00:00+00:00,-0.000740072660963948
2024-03-09 07:00:00+00:00,-0.00024229553779964977
2024-03-09 08:00:00+00:00,-0.0017835861829644847
2024-03-09 09:00:00+00:00,-0.002196532081370197
2024-03-09 10:00:00+00:00,0.007827709450474746
2024-03-09 11:00:00+00:00,0.002024144301084497
2024-03-09 12:00:00+00:00,0.0017776714464604532
2024-03-09 13:00:00+00:00,0.0015128130344382448
2024-03-09 14:00:00+00:00,-0.002420790741385655
2024-03-09 15:00:00+00:00,0.0001464368579124671
2024-03-09 16:00:00+00:00,-0.005457647473608043
2024-03-09 17:00:00+00:00,-0.003785887631652782
2024-03-09 18:00:00+00:00,0.0028183372081345306
2024-03-09 19:00:00+00:00,0.00335948206676761
2024-03-09 20:00:00+00:00,-0.0052477321013055045
2024-03-09 21:00:00+00:00,-0.000858740501781354
2024-03-09 22:00:00+00:00,0.00012194143733981278
2024-03-09 23:00:00+00:00,-0.003386511228511511
2024-03-10 00:00:00+00:00,0.005165802310006199
2024-03-10 01:00:00+00:00,0.006207214781946845
2024-03-10 02:00:00+00:00,-0.004874023232822908
2024-03-10 03:00:00+00:00,0.001413376299842737
2024-03-10 04:00:00+00:00,-0.0013909252738262396
2024-03-10 05:00:00+00:00,-0.0018395952545569897
2024-03-10 06:00:00+00:00,0.0007505755947823693
2024-03-10 07:00:00+00:00,0.002740065858389015
2024-03-10 08:00:00+00:00,-0.0027802068218389015
2024-03-10 09:00:00+00:00,-0.00314382322102803
2024-03-10 10:00:00+00:00,-0.007294375443814145
2024-03-10 11:00:00+00:00,0.0007140675390541144
2024-03-10 12:00:00+00:00,0.003452022001091299
2024-03-10 13:00:00+00:00,0.0033109637291235928
2024-03-10 14:00:00+00:00,-0.005317605938113082
2024-03-10 15:00:00+00:00,0.001264313610550049
2024-03-10 16:00:00+00:00,0.0014935808760064566
2024-03-10 17:00:00+00:00,-0.0037024748003266525
2024-03-10 18:00:00+00:00,0.0008049902531577344
2024-03-10 19:00:00+00:00,-0.00012915834387745961
2024-03-10 20:00:00+00:00,-9.315674007292447e-06
2024-03-10 21:00:00+00:00,0.001483548247602262
2024-03-10 22:00:00+00:00,0.00034637057839704844
2024-03-10 23:00:00+00:00,-0.0005958538219732949
2024-03-11 00:00:00+00:00,0.0014036430175904033
2024-03-11 01:00:00+00:00,-0.007017660696665776
2024-03-11 02:00:00+00:00,-0.0008819459797343685
2024-03-11 03:00:00+00:00,-0.012417714097405835
2024-03-11 04:00:00+00:00,-0.003647062474732767
2024-03-11 05:00:00+00:00,0.0002825129859093309
2024-03-11 06:00:00+00:00,-1.2409344238883922e-05
2024-03-11 07:00:00+00:00,0.011440947192663815
2024-03-11 08:00:00+00:00,-0.00020505032367150423
2024-03-11 09:00:00+00:00,-0.005747735106605634
2024-03-11 10:00:00+00:00,0.009069880882636893
2024-03-11 11:00:00+00:00,-0.0032496775891340916
2024-03-11 12:00:00+00:00,0.003462307002798837
2024-03-11 13:00:00+00:00,-0.004290213838351027
2024-03-11 14:00:00+00:00,0.003096936393448336
2024-03-11 15:00:00+00:00,0.023336737793334016
2024-03-11 16:00:00+00:00,0.008103085797725784
2024-03-11 17:00:00+00:00,0.003432442639033817
2024-03-11 18:00:00+00:00,-0.0008609461317244303
2024-03-11 19:00:00+00:00,0.0014632289662681482
2024-03-11 20:00:00+00:00,0.002078615099837578
2024-03-11 21:00:00+00:00,0.00277445827690503
2024-03-11 22:00:00+00:00,0.0015308840848466526
2024-03-11 23:00:00+00:00,-0.0037075439225913685
2024-03-12 00:00:00+00:00,-0.0003349063827412517
2024-03-12 01:00:00+00:00,0.003258792789854074
2024-03-12 02:00:00+00:00,-0.00031519594699099034
2024-03-12 03:00:00+00:00,-0.007155205573697297
2024-03-12 04:00:00+00:00,-0.007126152966183173
2024-03-12 05:00:00+00:00,0.0036730410133845896
2024-03-12 06:00:00+00:00,-0.001245844798048374
2024-03-12 07:00:00+00:00,-0.007453362286075802
2024-03-12 08:00:00+00:00,0.0003883383930916871
2024-03-12 09:00:00+00:00,-0.005189558523675606
2024-03-12 10:00:00+00:00,0.0010303725600406004
2024-03-12 11:00:00+00:00,0.002138801533136486
2024-03-12 12:00:00+00:00,8.001868924154683e-05
2024-03-12 13:00:00+00:00,-0.0016098999132837363
2024-03-12 14:00:00+00:00,-0.00489438506511993
2024-03-12 15:00:00+00:00,-0.0058853855046541725
2024-03-12 16:00:00+00:00,-0.004098316006597246
2024-03-12 17:00:00+00:00,0.000985380466610332
2024-03-12 18:00:00+00:00,-0.002829652050445514
2024-03-12 19:00:00+00:00,0.00293904841340985
2024-03-12 20:00:00+00:00,-0.002610794465920106
2024-03-12 21:00:00+00:00,-0.0014226762511650732
2024-03-12 22:00:00+00:00,0.002791866953367587
2024-03-12 23:00:00+00:00,-0.0035662010990238796
2024-03-13 00:00:00+00:00,0.0009080188188614163
2024-03-13 01:00:00+00:00,0.00525563566459254
2024-03-13 02:00:00+00:00,0.0010997122059346212
2024-03-13 03:00:00+00:00,-0.006365193736706425
2024-03-13 04:00:00+00:00,0.008911322261228382
2024-03-13 05:00:00+00:00,0.005288211767513013
2024-03-13 06:00:00+00:00,0.0076703306210054055
2024-03-13 07:00:00+00:00,-0.007207733741278469
2024-03-13 08:00:00+00:00,0.0002607330698291196
2024-03-13 09:00:00+00:00,0.0007215576972216676
2024-03-13 10:00:00+00:00,-0.005191284403655874
2024-03-13 11:00:00+00:00,-0.004076414147727251
2024-03-13 12:00:00+00:00,0.0025206905038222998
2024-03-13 13:00:00+00:00,-0.0038910143504362273
2024-03-13 14:00:00+00:00,0.005044102229847996
2024-03-13 15:00:00+00:00,-0.0019006477538042919
2024-03-13 16:00:00+00:00,-0.0008383929647884986
2024-03-13 17:00:00+00:00,-0.0006069419235995461
2024-03-13 18:00:00+00:00,-0.0030162234741481758
2024-03-13 19:00:00+00:00,-0.0010100232888412075
2024-03-13 20:00:00+00:00,-0.0009557207579188503
2024-03-13 21:00:00+00:00,0.0014399718158263548
2024-03-13 22:00:00+00:00,8.828792543029089e-05
2024-03-13 23:00:00+00:00,-0.0016685582228424234
2024-03-14 00:00:00+00:00,-0.002140909277696003
2024-03-14 01:00:00+00:00,-0.0016289131711706094
2024-03-14 02:00:00+00:00,0.00432962404548003
2024-03-14 03:00:00+00:00,0.002248438697263888
2024-03-14 04:00:00+00:00,-0.01217384183040568
2024-03-14 05:00:00+00:00,-0.005484917292686037
2024-03-14 06:00:00+00:00,0.0023745519612375365
2024-03-14 07:00:00+00:00,0.009050313887032863
2024-03-14 08:00:00+00:00,-0.0018999067577383072
2024-03-14 09:00:00+00:00,0.0021450942432002526
2024-03-14 10:00:00+00:00,-1.170374126634947e-05
2024-03-14 11:00:00+00:00,-0.0012469880934422497
2024-03-14 12:00:00+00:00,0.000242040221243039
2024-03-14 13:00:00+00:00,0.00039813788711636546
2024-03-14 14:00:00+00:00,-0.0006476241141769348
2024-03-14 15:00:00+00:00,0.002917203326193896
2024-03-14 16:00:00+00:00,-0.004866412642064161
2024-03-14 17:00:00+00:00,0.0027911456643493517
2024-03-14 18:00:00+00:00,0.0007761888562278819
2024-03-14 19:00:00+00:00,0.005516886540232359
2024-03-14 20:00:00+00:00,-0.0057496552423484835
2024-03-14 21:00:00+00:00,-0.00988714343776151
2024-03-14 22:00:00+00:00,0.0015125991400408404
2024-03-14 23:00:00+00:00,-0.0026943815516612285
2024-03-15 00:00:00+00:00,-0.0027425597361970724
2024-03-15 01:00:00+00:00,-0.0009561712406249692
2024-03-15 02:00:00+00:00,-0.0007373596178428898
2024-03-15 03:00:00+00:00,0.006048361713064653
2024-03-15 04:00:00+00:00,0.0024489565828177437
2024-03-15 05:00:00+00:00,-0.0007021521980951131
2024-03-15 06:00:00+00:00,0.0009982978697683645
2024-03-15 07:00:00+00:00,0.006158360626148924
2024-03-15 08:00:00+00:00,0.0002200351948367262
2024-03-15 09:00:00+00:00,0.00017570617423697454
2024-03-15 10:00:00+00:00,0.0033218955096322132
2024-03-15 11:00:00+00:00,-0.0001228163265449855
2024-03-15 12:00:00+00:00,0.002704327657154076
2024-03-15 13:00:00+00:00,-0.004911706763215434
2024-03-15 14:00:00+00:00,0.0033134583731579234
2024-03-15 15:00:00+00:00,-0.0021440439809253015
2024-03-15 16:00:00+00:00,0.0025023198765530565
2024-03-15 17:00:00+00:00,-0.003042814153828914
2024-03-15 18:00:00+00:00,-0.002110939268967157
2024-03-15 19:00:00+00:00,0.0010598276573990262
2024-03-15 20:00:00+00:00,0.005097879346352539
2024-03-15 21:00:00+00:00,-0.012011995738590296
2024-03-15 22:00:00+00:00,-0.00746313823707717
2024-03-15 23:00:00+00:00,-0.00924752847556126
2024-03-16 00:00:00+00:00,0.011366159276739738
2024-03-16 01:00:00+00:00,0.0019240115193794817
2024-03-16 02:00:00+00:00,-0.002860254213445372
2024-03-16 03:00:00+00:00,0.0010789637559148124
2024-03-16 04:00:00+00:00,-0.00039427435431117194
2024-03-16 05:00:00+00:00,0.003803408621338016
2024-03-16 06:00:00+00:00,-0.009082893875947528
2024-03-16 07:00:00+00:00,0.00027313409709690963
2024-03-16 08:00:00+00:00,-0.005541331892539635
2024-03-16 09:00:00+00:00,-0.002266098600083136
2024-03-16 10:00:00+00:00,0.0019156474488517979
2024-03-16 11:00:00+00:00,0.0011140714942700681
2024-03-16 12:00:00+00:00,0.0012426185778138378
2024-03-16 13:00:00+00:00,0.004278104988834967
2024-03-16 14:00:00+00:00,-0.0015577584614432298
2024-03-16 15:00:00+00:00,0.005585918498681886
2024-03-16 16:00:00+00:00,0.000561678635229569
2024-03-16 17:00:00+00:00,0.004926228755196266
2024-03-16 18:00:00+00:00,-6.666789221090465e-05
2024-03-16 19:00:00+00:00,0.0028930310083173324
2024-03-16 20:00:00+00:00,-0.002713838468459696
2024-03-16 21:00:00+00:00,0.0023591929535399215
2024-03-16 22:00:00+00:00,0.00021965752291298312
2024-03-16 23:00:00+00:00,-0.0008283611451780651
2024-03-17 00:00:00+00:00,-0.0018876066195792098
2024-03-17 01:00:00+00:00,-0.0023757689821815834
2024-03-17 02:00:00+00:00,0.0017067880129592351
2024-03-17 03:00:00+00:00,0.00014496984751412474
2024-03-17 04:00:00+00:00,0.00394342504690981
2024-03-17 05:00:00+00:00,-0.0011568243048412715
2024-03-17 06:00:00+00:00,0.00538079497281386
2024-03-17 07:00:00+00:00,-0.003248259013492775
2024-03-17 08:00:00+00:00,-0.0007286126400707799
2024-03-17 09:00:00+00:00,0.010417591393638775
2024-03-17 10:00:00+00:00,-0.0010343783379900585
2024-03-17 11:00:00+00:00,0.0029753012036934233
2024-03-17 12:00:00+00:00,-0.0007567275570151014
2024-03-17 13:00:00+00:00,-0.003143588239905194
2024-03-17 14:00:00+00:00,-0.0053481897903171665
2024-03-17 15:00:00+00:00,-0.0016531312368229425
2024-03-17 16:00:00+00:00,-0.0016547197021801695
2024-03-17 17:00:00+00:00,0.0031734751294578306
2024-03-17 18:00:00+00:00,0.0015430492216274225
2024-03-17 19:00:00+00:00,0.0012161880976212147
2024-03-17 20:00:00+00:00,-0.0017160633471366828
2024-03-17 21:00:00+00:00,-0.0019895890347796986
2024-03-17 22:00:00+00:00,-0.0006274731088906855
2024-03-17 23:00:00+00:00,0.000114995845242109
2024-03-18 00:00:00+00:00,0.00080486615812974
2024-03-18 01:00:00+00:00,-0.006259161536650483
2024-03-18 02:00:00+00:00,-0.0032990169322831115
2024-03-18 03:00:00+00:00,0.00406624040326492
2024-03-18 04:00:00+00:00,0.006991482546296461
2024-03-18 05:00:00+00:00,0.009149221829218944
2024-03-18 06:00:00+00:00,-0.0025327196343485213
2024-03-18 07:00:00+00:00,-0.002118112041759634
2024-03-18 08:00:00+00:00,5.533883406760502e-05
2024-03-18 09:00:00+00:00,-0.004815222655934333
2024-03-18 10:00:00+00:00,0.0009676376223129987
2024-03-18 11:00:00+00:00,0.0008692336779389005
2024-03-18 12:00:00+00:00,-0.0016929153860578729
2024-03-18 13:00:00+00:00,0.0023952159270432777
2024-03-18 14:00:00+00:00,-0.0008736439496115473
2024-03-18 15:00:00+00:00,-0.00994134151414126
2024-03-18 16:00:00+00:00,0.0059553595629144255
2024-03-18 17:00:00+00:00,0.0026578980909759764
2024-03-18 18:00:00+00:00,0.0013045898676532462
2024-03-18 19:00:00+00:00,-0.001064890345995054
2024-03-18 20:00:00+00:00,0.004905672511808332
2024-03-18 21:00:00+00:00,-0.007308866416342555
2024-03-18 22:00:00+00:00,0.009318205011765699
2024-03-18 23:00:00+00:00,0.005855092874800963
2024-03-19 00:00:00+00:00,-0.002473001278765716
2024-03-19 01:00:00+00:00,-0.0024599092000083494
2024-03-19 02:00:00+00:00,-0.003469126849355439
2024-03-19 03:00:00+00:00,-0.00047922165711644
2024-03-19 04:00:00+00:00,-0.004840517416036909
2024-03-19 05:00:00+00:00,0.003036905705939199
2024-03-19 06:00:00+00:00,0.0003940739278087903
2024-03-19 07:00:00+00:00,-0.013657495296704642
2024-03-19 08:00:00+00:00,0.009832597264803495
2024-03-19 09:00:00+00:00,-0.00594465971385361
2024-03-19 10:00:00+00:00,0.006095560973416822
2024-03-19 11:00:00+00:00,-0.008884941267141832
2024-03-19 12:00:00+00:00,0.001485662410099177
2024-03-19 13:00:00+00:00,-0.0022093291522241897
2024-03-19 14:00:00+00:00,0.0008975289886814163
2024-03-19 15:00:00+00:00,0.0032907678870396266
2024-03-19 16:00:00+00:00,-0.00040134280508642077
2024-03-19 17:00:00+00:00,0.002152440091889998
2024-03-19 18:00:00+00:00,0.0010895605242569586
2024-03-19 19:00:00+00:00,-0.0015191942167204209
2024-03-19 20:00:00+00:00,0.005766683569823463
2024-03-19 21:00:00+00:00,-0.0002488974979388506
2024-03-19 22:00:00+00:00,0.005152704337762227
2024-03-19 23:00:00+00:00,-0.00027837659195500074
2024-03-20 00:00:00+00:00,0.0015854142235634595
2024-03-20 01:00:00+00:00,0.0091605608808891
2024-03-20 02:00:00+00:00,0.004503905232938481
2024-03-20 03:00:00+00:00,-0.003936420636821975
2024-03-20 04:00:00+00:00,0.006069655636135365
2024-03-20 05:00:00+00:00,0.002243346008853424
2024-03-20 06:00:00+00:00,-0.005962077539692911
2024-03-20 07:00:00+00:00,0.0014828554222939714
2024-03-20 08:00:00+00:00,0.0006885062815982138
2024-03-20 09:00:00+00:00,0.005188571804719384
2024-03-20 10:00:00+00:00,-0.002661232025219758
2024-03-20 11:00:00+00:00,0.0027427384787825195
2024-03-20 12:00:00+00:00,-0.005210947556552194
2024-03-20 13:00:00+00:00,0.003645458098542638
2024-03-20 14:00:00+00:00,0.0014147431800628366
2024-03-20 15:00:00+00:00,-6.867038172553996e-05
2024-03-20 16:00:00+00:00,-0.0027111660348826667
2024-03-20 17:00:00+00:00,-0.0007003953998241495
2024-03-20 18:00:00+00:00,-0.0029005702509584444
2024-03-20 19:00:00+00:00,0.004897813853077934
2024-03-20 20:00:00+00:00,0.0008669346674916142
2024-03-20 21:00:00+00:00,-0.009209835821590483
2024-03-20 22:00:00+00:00,0.0013759969180170146
2024-03-20 23:00:00+00:00,-0.00010901406751641181
2024-03-21 00:00:00+00:00,-0.005594664547014454
2024-03-21 01:00:00+00:00,0.002799440138478791
2024-03-21 02:00:00+00:00,0.0004987884572821447
2024-03-21 03:00:00+00:00,0.0034559767172646764
2024-03-21 04:00:00+00:00,0.002014658983849565
2024-03-21 05:00:00+00:00,-0.0007671557416031109
2024-03-21 06:00:00+00:00,-0.002995146884249031
2024-03-21 07:00:00+00:00,8.94775641002963e-05
2024-03-21 08:00:00+00:00,0.001955858069034428
2024-03-21 09:00:00+00:00,-0.002226006923790613
2024-03-21 10:00:00+00:00,-0.003912104083827584
2024-03-21 11:00:00+00:00,0.0026087238158566174
2024-03-21 12:00:00+00:00,7.185932352404793e-05
2024-03-21 13:00:00+00:00,0.006765034962696285
2024-03-21 14:00:00+00:00,0.0004757915114146311
2024-03-21 15:00:00+00:00,0.002143964644843146
2024-03-21 16:00:00+00:00,0.005014583185142446
2024-03-21 17:00:00+00:00,-0.006245821355633116
2024-03-21 18:00:00+00:00,0.0027532290401705477
2024-03-21 19:00:00+00:00,-0.00047691924019415354
2024-03-21 20:00:00+00:00,0.0019225543737425121
2024-03-21 21:00:00+00:00,0.001000740778362592
2024-03-21 22:00:00+00:00,-0.0026254628871008566
2024-03-21 23:00:00+00:00,-0.00033809027116517114
2024-03-22 00:00:00+00:00,0.0020481388062065916
2024-03-22 01:00:00+00:00,-0.006781246053052752
2024-03-22 02:00:00+00:00,-0.0015643945073893176
2024-03-22 03:00:00+00:00,-0.0015300507495103054
2024-03-22 04:00:00+00:00,-0.0025842440419674025
2024-03-22 05:00:00+00:00,0.003239870699564048
2024-03-22 06:00:00+00:00,-0.0031454369504133645
2024-03-22 07:00:00+00:00,0.001380608501596774
2024-03-22 08:00:00+00:00,-0.0014317884048220325
2024-03-22 09:00:00+00:00,0.0006593754679181823
2024-03-22 10:00:00+00:00,-0.0028923156298502084
2024-03-22 11:00:00+00:00,0.000335369901548872
2024-03-22 12:00:00+00:00,0.0034075679875584836
2024-03-22 13:00:00+00:00,-0.004224295756622023
2024-03-22 14:00:00+00:00,-0.0012943280918903722
2024-03-22 15:00:00+00:00,0.004486321869996324
2024-03-22 16:00:00+00:00,0.0010349425158623512
2024-03-22 17:00:00+00:00,-0.0006063542252184076
2024-03-22 18:00:00+00:00,0.0010919670563920782
2024-03-22 19:00:00+00:00,-0.005596144825720525
2024-03-22 20:00:00+00:00,0.004929519727747328
2024-03-22 21:00:00+00:00,0.00011371112030423331
2024-03-22 22:00:00+00:00,0.0035101744217652005
2024-03-22 23:00:00+00:00,-0.006494778605429414
2024-03-23 00:00:00+00:00,0.007164694701327839
2024-03-23 01:00:00+00:00,-0.0004428446917719644
2024-03-23 02:00:00+00:00,0.002583780511920937
2024-03-23 03:00:00+00:00,3.133075138264779e-05
2024-03-23 04:00:00+00:00,0.00024599439434037657
2024-03-23 05:00:00+00:00,-0.0004846997900945301
2024-03-23 06:00:00+00:00,0.002372111636332105
2024-03-23 07:00:00+00:00,0.002117231070876805
2024-03-23 08:00:00+00:00,-0.0022414048587235647
2024-03-23 09:00:00+00:00,0.0014377936913137993
2024-03-23 10:00:00+00:00,0.0013721906661455098
2024-03-23 11:00:00+00:00,0.0004657803744747813
2024-03-23 12:00:00+00:00,-0.0021386657222313486
2024-03-23 13:00:00+00:00,0.0016248203481229666
2024-03-23 14:00:00+00:00,0.0009703338795670428
2024-03-23 15:00:00+00:00,0.002099944703189238
2024-03-23 16:00:00+00:00,-0.005816386210729187
2024-03-23 17:00:00+00:00,-0.0018538820828787848
2024-03-23 18:00:00+00:00,0.003464611752439285
2024-03-23 19:00:00+00:00,-0.0018908896170590482
2024-03-23 20:00:00+00:00,-0.000698278186387477
2024-03-23 21:00:00+00:00,0.0014236300670120868
2024-03-23 22:00:00+00:00,0.002463545913537358
2024-03-23 23:00:00+00:00,-0.0016300351283403908
2024-03-24 00:00:00+00:00,0.00271449917811736
2024-03-24 01:00:00+00:00,-0.0011513144580730897
2024-03-24 02:00:00+00:00,-0.006172134282829043
2024-03-24 03:00:00+00:00,4.3479551853624404e-05
2024-03-24 04:00:00+00:00,-0.0014558505068244041
2024-03-24 05:00:00+00:00,-0.0019392842840208855
2024-03-24 06:00:00+00:00,-0.00237619635009905
2024-03-24 07:00:00+00:00,-0.0025217061263139357
2024-03-24 08:00:00+00:00,0.0007911335695346319
2024-03-24 09:00:00+00:00,0.009798478974381337
2024-03-24 10:00:00+00:00,0.004569991936094758
2024-03-24 11:00:00+00:00,0.0015130691419541083
2024-03-24 12:00:00+00:00,-0.0013331711077809063
2024-03-24 13:00:00+00:00,0.0038042482235996315
2024-03-24 14:00:00+00:00,-0.0011869350345525525
2024-03-24 15:00:00+00:00,-0.002515727884036469
2024-03-24 16:00:00+00:00,0.0013840229945098455
2024-03-24 17:00:00+00:00,0.001392075755739229
2024-03-24 18:00:00+00:00,-2.095898011600375e-06
2024-03-24 19:00:00+00:00,-0.0032738337123260426
2024-03-24 20:00:00+00:00,-0.0002596937009611942
2024-03-24 21:00:00+00:00,-0.0012520753101656916
2024-03-24 22:00:00+00:00,0.006167174636101942
2024-03-24 23:00:00+00:00,0.0012781434483824013
2024-03-25 00:00:00+00:00,-0.0009021819942677604
2024-03-25 01:00:00+00:00,0.0027339418249288563
2024-03-25 02:00:00+00:00,-0.003888300828956148
2024-03-25 03:00:00+00:00,0.0016446653734681282
2024-03-25 04:00:00+00:00,0.0015798579196440162
2024-03-25 05:00:00+00:00,0.0016831586324522543
2024-03-25 06:00:00+00:00,-0.0037614393403017595
2024-03-25 07:00:00+00:00,0.002665625823038238
2024-03-25 08:00:00+00:00,0.0007326562774345202
2024-03-25 09:00:00+00:00,0.0005437497628295932
2024-03-25 10:00:00+00:00,-0.0006673633419215785
2024-03-25 11:00:00+00:00,0.0006019361260780778
2024-03-25 12:00:00+00:00,0.003123569950860307
2024-03-25 13:00:00+00:00,0.0007484868081494108
2024-03-25 14:00:00+00:00,0.0032607042117443466
2024-03-25 15:00:00+00:00,-0.0026637864656180676
2024-03-25 16:00:00+00:00,-8.15961993083315e-06
2024-03-25 17:00:00+00:00,0.0032870607471811378
2024-03-25 18:00:00+00:00,0.0017896826601110076
2024-03-25 19:00:00+00:00,0.0027494545794485552
2024-03-25 20:00:00+00:00,0.0004956685256680178
2024-03-25 21:00:00+00:00,-0.0014612003851663875
2024-03-25 22:00:00+00:00,0.00012794996744912667
2024-03-25 23:00:00+00:00,-0.0027288895151677314
2024-03-26 00:00:00+00:00,0.001364035698051057
2024-03-26 01:00:00+00:00,0.003766750019353956
2024-03-26 02:00:00+00:00,0.0025228132422065695
2024-03-26 03:00:00+00:00,-0.004317879271856218
2024-03-26 04:00:00+00:00,-0.0028699285726431884
2024-03-26 05:00:00+00:00,-0.008277147476159595
2024-03-26 06:00:00+00:00,0.0014860935114245227
2024-03-26 07:00:00+00:00,-0.00021557028705854406
2024-03-26 08:00:00+00:00,0.0031326968643645356
2024-03-26 09:00:00+00:00,0.0001345717927171062
2024-03-26 10:00:00+00:00,-0.002026483559467834
2024-03-26 11:00:00+00:00,-0.004532013778000464
2024-03-26 12:00:00+00:00,0.002611562369088685
2024-03-26 13:00:00+00:00,-0.004876234768329066
2024-03-26 14:00:00+00:00,-0.0014670493475056133
2024-03-26 15:00:00+00:00,0.00033497995043930994
2024-03-26 16:00:00+00:00,-0.0009464682945735904
2024-03-26 17:00:00+00:00,-0.0025747803924980445
2024-03-26 18:00:00+00:00,-0.0004340937285099409
2024-03-26 19:00:00+00:00,0.0029134889859458116
2024-03-26 20:00:00+00:00,-0.0011293953677419199
2024-03-26 21:00:00+00:00,0.005654585367303767
2024-03-26 22:00:00+00:00,0.0036083557934806347
2024-03-26 23:00:00+00:00,0.0034436314660065124
2024-03-27 00:00:00+00:00,0.00010516673291221527
2024-03-27 01:00:00+00:00,-0.00016298074884615955
2024-03-27 02:00:00+00:00,-0.0015723214157373074
2024-03-27 03:00:00+00:00,0.0005903839227381344
2024-03-27 04:00:00+00:00,-0.0002510361943117805
2024-03-27 05:00:00+00:00,-0.002445646103656963
2024-03-27 06:00:00+00:00,0.0003507312198786874
2024-03-27 07:00:00+00:00,-0.0044930995302227975
2024-03-27 08:00:00+00:00,0.003824411230711212
2024-03-27 09:00:00+00:00,-0.0019975757228564276
2024-03-27 10:00:00+00:00,-0.00027780747560921784
2024-03-27 11:00:00+00:00,0.004612079263914529
2024-03-27 12:00:00+00:00,-0.0031282071591941327
2024-03-27 13:00:00+00:00,0.00419661056309709
2024-03-27 14:00:00+00:00,0.0018573143274312918
2024-03-27 15:00:00+00:00,-0.004333184502050365
2024-03-27 16:00:00+00:00,0.0016314645110570894
2024-03-27 17:00:00+00:00,2.2236165475281828e-05
2024-03-27 18:00:00+00:00,0.0011050912639754829
2024-03-27 19:00:00+00:00,0.0020987690103059244
2024-03-27 20:00:00+00:00,-0.0018309861103725073
2024-03-27 21:00:00+00:00,0.0010250691667312102
2024-03-27 22:00:00+00:00,-0.0059748825251014865
2024-03-27 23:00:00+00:00,0.0009988081680479396
2024-03-28 00:00:00+00:00,-0.006908248931128238
2024-03-28 01:00:00+00:00,-0.0039055498939323595
2024-03-28 02:00:00+00:00,-0.0001368389645178592
2024-03-28 03:00:00+00:00,0.0018486764203750263
2024-03-28 04:00:00+00:00,-0.0006179475530558228
2024-03-28 05:00:00+00:00,0.003204930202466428
2024-03-28 06:00:00+00:00,0.0007118300889817094
2024-03-28 07:00:00+00:00,0.001547701934428224
2024-03-28 08:00:00+00:00,0.0019200959711480508
2024-03-28 09:00:00+00:00,-0.0023659516891293476
2024-03-28 10:00:00+00:00,-0.008589797332698875
2024-03-28 11:00:00+00:00,-0.0017911986003802845
2024-03-28 12:00:00+00:00,0.0025911830835268226
2024-03-28 13:00:00+00:00,-8.740504144474479e-05
2024-03-28 14:00:00+00:00,0.0028916698754065644
2024-03-28 15:00:00+00:00,5.9871618656565175e-06
2024-03-28 16:00:00+00:00,0.0006059250008103653
2024-03-28 17:00:00+00:00,-0.00038063855020522446
2024-03-28 18:00:00+00:00,0.0009195867991822733
2024-03-28 19:00:00+00:00,-0.004269107454099531
2024-03-28 20:00:00+00:00,0.0045686335103460015
2024-03-28 21:00:00+00:00,-0.0021758109735970583
2024-03-28 22:00:00+00:00,-0.0015186632671705975
2024-03-28 23:00:00+00:00,-0.00078238567164965
2024-03-29 00:00:00+00:00,-0.0015472259796244186
2024-03-29 01:00:00+00:00,0.004360373653991673
2024-03-29 02:00:00+00:00,-0.0014064529049808226
2024-03-29 03:00:00+00:00,0.0025495752684194335
2024-03-29 04:00:00+00:00,-0.0033632761771558353
2024-03-29 05:00:00+00:00,-0.0009998458988213802
2024-03-29 06:00:00+00:00,0.005005608124321319
2024-03-29 07:00:00+00:00,0.00014974283500657692
2024-03-29 08:00:00+00:00,0.00022667138027936912
2024-03-29 09:00:00+00:00,-0.003705316035673209
2024-03-29 10:00:00+00:00,0.00293089219393352
2024-03-29 11:00:00+00:00,0.0012922302828367557
2024-03-29 12:00:00+00:00,0.0003975547078679365
2024-03-29 13:00:00+00:00,2.1466746950018273e-07
2024-03-29 14:00:00+00:00,0.002058534977320011
2024-03-29 15:00:00+00:00,-0.005646603165558313
2024-03-29 16:00:00+00:00,0.001955673089205926
2024-03-29 17:00:00+00:00,-0.0016120687418111758
2024-03-29 18:00:00+00:00,0.0022709731667730354
2024-03-29 19:00:00+00:00,-0.007342669579495703
2024-03-29 20:00:00+00:00,-0.0006917802376032648
2024-03-29 21:00:00+00:00,0.003384718114571828
2024-03-29 22:00:00+00:00,0.002447777646848736
2024-03-29 23:00:00+00:00,-0.0012240381368233781
2024-03-30 00:00:00+00:00,-0.00032970928677182105
2024-03-30 01:00:00+00:00,-0.0013749080989984197
2024-03-30 02:00:00+00:00,0.0017782157401320096
2024-03-30 03:00:00+00:00,-0.0007699414887010418
2024-03-30 04:00:00+00:00,0.00437390712690889
2024-03-30 05:00:00+00:00,0.0011175128876935835
2024-03-30 06:00:00+00:00,0.0031815750887198044
2024-03-30 07:00:00+00:00,0.003862972633611006
2024-03-30 08:00:00+00:00,0.0005748330951372665
2024-03-30 09:00:00+00:00,-0.00024836095552247884
2024-03-30 10:00:00+00:00,0.0003225002128618061
2024-03-30 11:00:00+00:00,0.0018117509577717482
2024-03-30 12:00:00+00:00,0.0001327922451154321
2024-03-30 13:00:00+00:00,-0.0007936414244036846
2024-03-30 14:00:00+00:00,0.003795693283452363
2024-03-30 15:00:00+00:00,0.000308116405372015
2024-03-30 16:00:00+00:00,-0.003043664583400334
2024-03-30 17:00:00+00:00,0.0047152751681075
2024-03-30 18:00:00+00:00,2.180557550378194e-05
2024-03-30 19:00:00+00:00,-0.0004627882338046581
2024-03-30 20:00:00+00:00,-0.000949009148177275
2024-03-30 21:00:00+00:00,0.0011991803080238853
2024-03-30 22:00:00+00:00,-0.0005047437755950531
2024-03-30 23:00:00+00:00,0.002798504423244381
2024-03-31 00:00:00+00:00,-0.003975578609210408
2024-03-31 01:00:00+00:00,0.005318869372130123
2024-03-31 02:00:00+00:00,0.001330627616749488
2024-03-31 03:00:00+00:00,0.00752902929219664
2024-03-31 04:00:00+00:00,-0.0009511335843182859
2024-03-31 05:00:00+00:00,0.002818260746785577
2024-03-31 06:00:00+00:00,0.006042321700910616
2024-03-31 07:00:00+00:00,-0.00397277991780221
2024-03-31 08:00:00+00:00,0.0007316514574004688
2024-03-31 09:00:00+00:00,0.00010780504012860599
2024-03-31 10:00:00+00:00,0.0004702678521355609
2024-03-31 11:00:00+00:00,-0.0003474557792081312
2024-03-31 12:00:00+00:00,-0.00014965733564450935
2024-03-31 13:00:00+00:00,0.0008099778421708626
2024-03-31 14:00:00+00:00,-0.00450249617146045
2024-03-31 15:00:00+00:00,0.0007616083429427498
2024-03-31 16:00:00+00:00,0.0010308627096304052
2024-03-31 17:00:00+00:00,-0.0025174764147144224
2024-03-31 18:00:00+00:00,-0.005187135440886067
2024-03-31 19:00:00+00:00,-0.003529586365572721
2024-03-31 20:00:00+00:00,0.0013110802760202018
2024-03-31 21:00:00+00:00,6.845847302237978e-05
2024-03-31 22:00:00+00:00,-0.0006184467870705304
2024-03-31 23:00:00+00:00,-0.000643102081465663
2024-04-01 00:00:00+00:00,0.0002062527294523499
2024-04-01 01:00:00+00:00,0.0048854172524770735
2024-04-01 02:00:00+00:00,-0.004936848665600783
2024-04-01 03:00:00+00:00,2.296668261943908e-05
2024-04-01 04:00:00+00:00,0.0025662847228102785
2024-04-01 05:00:00+00:00,0.002797239708071731
2024-04-01 06:00:00+00:00,-0.006728412205709762
2024-04-01 07:00:00+00:00,-0.0027795470674773434
2024-04-01 08:00:00+00:00,0.004466016514158344
2024-04-01 09:00:00+00:00,-0.006200822466765158
2024-04-01 10:00:00+00:00,-0.005062102684274566
2024-04-01 11:00:00+00:00,0.002255982353472079
2024-04-01 12:00:00+00:00,0.0008634240950312413
2024-04-01 13:00:00+00:00,0.0050904919067013285
2024-04-01 14:00:00+00:00,0.00022863992804282547
2024-04-01 15:00:00+00:00,-0.006061401110507106
2024-04-01 16:00:00+00:00,0.0021277099381372525
2024-04-01 17:00:00+00:00,-0.0006464062897239506
2024-04-01 18:00:00+00:00,0.002184831156267904
2024-04-01 19:00:00+00:00,-0.0009311199677022275
2024-04-01 20:00:00+00:00,0.0007447327874898357
2024-04-01 21:00:00+00:00,0.003192199169019241
2024-04-01 22:00:00+00:00,0.0009871395646338372
2024-04-01 23:00:00+00:00,0.001195198226002092
2024-04-02 00:00:00+00:00,-0.0014495788190740644
2024-04-02 01:00:00+00:00,0.0021723014216187115
2024-04-02 02:00:00+00:00,0.003618673176871613
2024-04-02 03:00:00+00:00,-0.006672556651398934
2024-04-02 04:00:00+00:00,-0.0004158300166773804
2024-04-02 05:00:00+00:00,0.004755627101027083
2024-04-02 06:00:00+00:00,-0.0009778170582416467
2024-04-02 07:00:00+00:00,0.0034597746232745896
2024-04-02 08:00:00+00:00,0.0032663364889365812
2024-04-02 09:00:00+00:00,0.0013047210955721958
2024-04-02 10:00:00+00:00,-0.001377824885675825
2024-04-02 11:00:00+00:00,-3.9884392186702526e-05
2024-04-02 12:00:00+00:00,0.0030400321735829096
2024-04-02 13:00:00+00:00,0.003925261749900818
2024-04-02 14:00:00+00:00,-0.00015163396943173818
2024-04-02 15:00:00+00:00,0.003560921242219824
2024-04-02 16:00:00+00:00,-0.0026705094739920927
2024-04-02 17:00:00+00:00,-0.0012655836898190778
2024-04-02 18:00:00+00:00,-0.004683161223171518
2024-04-02 19:00:00+00:00,0.0009634362203703263
2024-04-02 20:00:00+00:00,0.0024304142417783054
2024-04-02 21:00:00+00:00,0.0003761848111216777
2024-04-02 22:00:00+00:00,0.001308513087966928
2024-04-02 23:00:00+00:00,0.0039544508498449045
2024-04-03 00:00:00+00:00,0.0038260022617874014
2024-04-03 01:00:00+00:00,-0.004166132544313517
2024-04-03 02:00:00+00:00,-0.0005971759192480324
2024-04-03 03:00:00+00:00,-0.0017879143196108188
2024-04-03 04:00:00+00:00,0.001337044684254654
2024-04-03 05:00:00+00:00,-0.00033829921839851934
2024-04-03 06:00:00+00:00,-0.002001022082260746
2024-04-03 07:00:00+00:00,0.0034697654107760903
2024-04-03 08:00:00+00:00,-0.0026681734380249807
2024-04-03 09:00:00+00:00,0.0029441838109863943
2024-04-03 10:00:00+00:00,0.001753759922171033
2024-04-03 11:00:00+00:00,-0.0014113429886834041
2024-04-03 12:00:00+00:00,-3.0536145338690424e-05
2024-04-03 13:00:00+00:00,0.0020473750852223016
2024-04-03 14:00:00+00:00,-0.003312461542191321
2024-04-03 15:00:00+00:00,-0.0007539789090748871
2024-04-03 16:00:00+00:00,-0.001901659908580278
2024-04-03 17:00:00+00:00,-0.0016176225003520163
2024-04-03 18:00:00+00:00,0.002274859461748618
2024-04-03 19:00:00+00:00,-0.0014205319010434446
2024-04-03 20:00:00+00:00,0.002913356975045756
2024-04-03 21:00:00+00:00,-0.0025514461852597925
2024-04-03 22:00:00+00:00,0.0005918197280172262
2024-04-03 23:00:00+00:00,0.0017858537241709491
2024-04-04 00:00:00+00:00,-0.0020371872901879633
2024-04-04 01:00:00+00:00,-0.0025882790389195986
2024-04-04 02:00:00+00:00,-0.002815168529957342
2024-04-04 03:00:00+00:00,0.0017127446250376113
2024-04-04 04:00:00+00:00,-0.0020267348344351786
2024-04-04 05:00:00+00:00,0.00215134708580472
2024-04-04 06:00:00+00:00,-0.0005334210551376184
2024-04-04 07:00:00+00:00,-0.0013316503306489882
2024-04-04 08:00:00+00:00,-0.0007619456758585687
2024-04-04 09:00:00+00:00,0.00031051188263535366
2024-04-04 10:00:00+00:00,0.0005565981156444366
2024-04-04 11:00:00+00:00,-0.00012008841384592445
2024-04-04 12:00:00+00:00,7.648548165253549e-05
2024-04-04 13:00:00+00:00,0.0069765055422671115
2024-04-04 14:00:00+00:00,0.0010160775004530564
2024-04-04 15:00:00+00:00,-0.0012222454051857132
2024-04-04 16:00:00+00:00,0.0009614380485740897
2024-04-04 17:00:00+00:00,-0.0009761322869460088
2024-04-04 18:00:00+00:00,0.0016500987033687038
2024-04-04 19:00:00+00:00,-0.0018688293377715228
2024-04-04 20:00:00+00:00,0.0021457585058663555
2024-04-04 21:00:00+00:00,9.73032215769923e-06
2024-04-04 22:00:00+00:00,0.0018015584745197657
2024-04-04 23:00:00+00:00,-0.0013589298060855957
2024-04-05 00:00:00+00:00,-0.0024214556273365584
2024-04-05 01:00:00+00:00,0.0001450811489181941
2024-04-05 02:00:00+00:00,0.005657488005138794
2024-04-05 03:00:00+00:00,-0.0034738317153815874
2024-04-05 04:00:00+00:00,0.00030928354301213194
2024-04-05 05:00:00+00:00,0.00400704008233457
2024-04-05 06:00:00+00:00,0.0003431967343258999
2024-04-05 07:00:00+00:00,-0.00468943164955569
2024-04-05 08:00:00+00:00,-0.0032163560805863463
2024-04-05 09:00:00+00:00,-0.0028135117031044543
2024-04-05 10:00:00+00:00,-0.0025279154564251585
2024-04-05 11:00:00+00:00,-0.003410203770205187
2024-04-05 12:00:00+00:00,0.0043567436739913
2024-04-05 13:00:00+00:00,-0.0004176699703298533
2024-04-05 14:00:00+00:00,0.0018988141915917908
2024-04-05 15:00:00+00:00,0.0004103719666265831
2024-04-05 16:00:00+00:00,-0.003559663981844069
2024-04-05 17:00:00+00:00,-0.0027605284344309772
2024-04-05 18:00:00+00:00,-0.004527623608559125
2024-04-05 19:00:00+00:00,0.0002510619601026899
2024-04-05 20:00:00+00:00,0.0011491312873650487
2024-04-05 21:00:00+00:00,0.0037240795062375804
2024-04-05 22:00:00+00:00,0.0050465018871663145
2024-04-05 23:00:00+00:00,-0.0032941697350778016
2024-04-06 00:00:00+00:00,0.002205411214132211
2024-04-06 01:00:00+00:00,0.0016543560961495177
2024-04-06 02:00:00+00:00,0.002196989751477696
2024-04-06 03:00:00+00:00,-0.002200086339284616
2024-04-06 04:00:00+00:00,0.0005945614303920065
2024-04-06 05:00:00+00:00,0.005197329981378829
2024-04-06 06:00:00+00:00,-0.0009652472736783582
2024-04-06 07:00:00+00:00,0.00015302568284859756
2024-04-06 08:00:00+00:00,0.0005389152609317633
2024-04-06 09:00:00+00:00,0.00029999542535425513
2024-04-06 10:00:00+00:00,0.0011133006822812044
2024-04-06 11:00:00+00:00,6.39920433604113e-05
2024-04-06 12:00:00+00:00,-0.0004007249468686889
2024-04-06 13:00:00+00:00,2.1777180437602365e-06
2024-04-06 14:00:00+00:00,-0.001489215406664747
2024-04-06 15:00:00+00:00,0.00046017771885366896
2024-04-06 16:00:00+00:00,0.001109976660971097
2024-04-06 17:00:00+00:00,-0.0006466137429472992
2024-04-06 18:00:00+00:00,-0.0006428809067881939
2024-04-06 19:00:00+00:00,0.0006274951212405395
2024-04-06 20:00:00+00:00,-0.0016383013457669097
2024-04-06 21:00:00+00:00,0.004823450314069153
2024-04-06 22:00:00+00:00,-0.0029659210301731524
2024-04-06 23:00:00+00:00,0.0013684773947301493
2024-04-07 00:00:00+00:00,-0.0019842590889247507
2024-04-07 01:00:00+00:00,0.0014606874162709543
2024-04-07 02:00:00+00:00,0.0005978867559165632
2024-04-07 03:00:00+00:00,0.00024991997544472616
2024-04-07 04:00:00+00:00,-0.0033846357441514
2024-04-07 05:00:00+00:00,0.0019767859520140505
2024-04-07 06:00:00+00:00,0.0013351123890853937
2024-04-07 07:00:00+00:00,-0.0006245192789295469
2024-04-07 08:00:00+00:00,0.0012073911053354133
2024-04-07 09:00:00+00:00,0.0005005371464214822
2024-04-07 10:00:00+00:00,-0.004204018901534149
2024-04-07 11:00:00+00:00,-0.001104505349181481
2024-04-07 12:00:00+00:00,0.0041309922514936
2024-04-07 13:00:00+00:00,-0.0025327672243519697
2024-04-07 14:00:00+00:00,-0.0033673357572000027
2024-04-07 15:00:00+00:00,0.00017363520512535518
2024-04-07 16:00:00+00:00,-0.0011763071036366647
2024-04-07 17:00:00+00:00,0.0008040602957019502
2024-04-07 18:00:00+00:00,0.004456773000622864
2024-04-07 19:00:00+00:00,-0.0021510765646715543
2024-04-07 20:00:00+00:00,-0.0021131937831563707
2024-04-07 21:00:00+00:00,0.0025351090578028235
2024-04-07 22:00:00+00:00,0.003610088333281776
2024-04-07 23:00:00+00:00,-0.001532475998464695
2024-04-08 00:00:00+00:00,0.0006374426969282015
2024-04-08 01:00:00+00:00,0.0001003035210111638
2024-04-08 02:00:00+00:00,-0.0019397280487352929
2024-04-08 03:00:00+00:00,-0.003182319909951658
2024-04-08 04:00:00+00:00,-0.0005994757958145056
2024-04-08 05:00:00+00:00,-0.0028700791547559977
2024-04-08 06:00:00+00:00,-0.0024979169805062025
2024-04-08 07:00:00+00:00,0.004544270930458976
2024-04-08 08:00:00+00:00,0.00891148606034131
2024-04-08 09:00:00+00:00,0.006198625109113832
2024-04-08 10:00:00+00:00,-0.0017394720926823789
2024-04-08 11:00:00+00:00,0.0019200002438371265
2024-04-08 12:00:00+00:00,0.0031973547906537334
2024-04-08 13:00:00+00:00,0.0048572888653838206
2024-04-08 14:00:00+00:00,0.0019997697655676507
2024-04-08 15:00:00+00:00,0.0009240977600680224
2024-04-08 16:00:00+00:00,0.0025594351040338233
2024-04-08 17:00:00+00:00,0.000432269119562604
2024-04-08 18:00:00+00:00,-0.0024681798251618967
2024-04-08 19:00:00+00:00,0.001281814599311766
2024-04-08 20:00:00+00:00,0.0015550439896291125
2024-04-08 21:00:00+00:00,0.0011873731954021988
2024-04-08 22:00:00+00:00,0.00045086032522269586
2024-04-08 23:00:00+00:00,0.0005757374788297462
2024-04-09 00:00:00+00:00,-0.000687874981860343
2024-04-09 01:00:00+00:00,-0.00019452496472420697
2024-04-09 02:00:00+00:00,0.0004693283121427048
2024-04-09 03:00:00+00:00,-0.0023821485048785384
2024-04-09 04:00:00+00:00,0.0021241371588957185
2024-04-09 05:00:00+00:00,0.0023919817511249553
2024-04-09 06:00:00+00:00,-0.002665187000324971
2024-04-09 07:00:00+00:00,-1.0833201709030398e-05
2024-04-09 08:00:00+00:00,-0.0008942089983404295
2024-04-09 09:00:00+00:00,0.0002873810833508673
2024-04-09 10:00:00+00:00,0.002018167797412878
2024-04-09 11:00:00+00:00,0.00016071785269204474
2024-04-09 12:00:00+00:00,0.002412634783103162
2024-04-09 13:00:00+00:00,0.00238393732274056
2024-04-09 14:00:00+00:00,-0.001671746074989104
2024-04-09 15:00:00+00:00,0.003858839124028547
2024-04-09 16:00:00+00:00,0.0026966505782774156
2024-04-09 17:00:00+00:00,-0.0018924472190099398
2024-04-09 18:00:00+00:00,0.009725421496879732
2024-04-09 19:00:00+00:00,0.000286868967619908
2024-04-09 20:00:00+00:00,-0.0015642627127215622
2024-04-09 21:00:00+00:00,-0.0034956458457201067
2024-04-09 22:00:00+00:00,0.0013237568248211495
2024-04-09 23:00:00+00:00,-0.0020635543187787248
2024-04-10 00:00:00+00:00,0.0003167046933344129
2024-04-10 01:00:00+00:00,-0.0031030536845529874
2024-04-10 02:00:00+00:00,-0.005326804459192988
2024-04-10 03:00:00+00:00,0.0017136279535181214
2024-04-10 04:00:00+00:00,-0.0004548320887635136
2024-04-10 05:00:00+00:00,0.0031861328480599638
2024-04-10 06:00:00+00:00,0.001135433861184467
2024-04-10 07:00:00+00:00,-0.002490569996420224
2024-04-10 08:00:00+00:00,-0.0004825252966339516
2024-04-10 09:00:00+00:00,-0.0035250197802074914
2024-04-10 10:00:00+00:00,0.0020115130658507653
2024-04-10 11:00:00+00:00,-0.0008153698669743923
2024-04-10 12:00:00+00:00,-0.001066258826651562
2024-04-10 13:00:00+00:00,-0.0030842868197684743
2024-04-10 14:00:00+00:00,0.00354255812369515
2024-04-10 15:00:00+00:00,-0.002974619590220926
2024-04-10 16:00:00+00:00,-0.003952371885094207
2024-04-10 17:00:00+00:00,0.002354578770715698
2024-04-10 18:00:00+00:00,-0.0002237429484532838
2024-04-10 19:00:00+00:00,0.003769308948906296
2024-04-10 20:00:00+00:00,0.0033796192697760625
2024-04-10 21:00:00+00:00,-0.004787848438615608
2024-04-10 22:00:00+00:00,0.006600424966024808
2024-04-10 23:00:00+00:00,-0.003268262555679812
2024-04-11 00:00:00+00:00,0.0009083410722892843
2024-04-11 01:00:00+00:00,1.108600402257708e-05
2024-04-11 02:00:00+00:00,-0.004432934050412616
2024-04-11 03:00:00+00:00,-0.0016392692654545909
2024-04-11 04:00:00+00:00,0.001380522658260056
2024-04-11 05:00:00+00:00,0.0027951580260300577
2024-04-11 06:00:00+00:00,0.0065531366967280695
2024-04-11 07:00:00+00:00,0.0009588357727849154
2024-04-11 08:00:00+00:00,0.0025351534450064267
2024-04-11 09:00:00+00:00,-0.0030642652773393906
2024-04-11 10:00:00+00:00,-0.0002578626550116356
2024-04-11 11:00:00+00:00,-0.003641220582047806
2024-04-11 12:00:00+00:00,-0.0020613752315207707
2024-04-11 13:00:00+00:00,-0.00023035947518236266
2024-04-11 14:00:00+00:00,0.004410329454978893
2024-04-11 15:00:00+00:00,-8.614870322155594e-09
2024-04-11 16:00:00+00:00,0.0010853321085558985
2024-04-11 17:00:00+00:00,0.0005712064834256516
2024-04-11 18:00:00+00:00,0.0009056312012465501
2024-04-11 19:00:00+00:00,-0.0005757533735481416
2024-04-11 20:00:00+00:00,0.0022278020773121494
2024-04-11 21:00:00+00:00,-0.0019871682353188188
2024-04-11 22:00:00+00:00,0.0032929980779363346
2024-04-11 23:00:00+00:00,0.00046011694648529807
2024-04-12 00:00:00+00:00,-0.0011318268782960954
2024-04-12 01:00:00+00:00,-0.0006505421826891294
2024-04-12 02:00:00+00:00,0.000713508674941714
2024-04-12 03:00:00+00:00,-0.0020785689107503057
2024-04-12 04:00:00+00:00,-0.00032349187611891507
2024-04-12 05:00:00+00:00,0.0035956659365821014
2024-04-12 06:00:00+00:00,-0.007076110816297544
2024-04-12 07:00:00+00:00,0.0006468023657108889
2024-04-12 08:00:00+00:00,0.0006774091955221485
2024-04-12 09:00:00+00:00,-0.0017282704178824726
2024-04-12 10:00:00+00:00,0.0020846323534942065
2024-04-12 11:00:00+00:00,0.002520673492446041
2024-04-12 12:00:00+00:00,-0.003338185825154643
2024-04-12 13:00:00+00:00,-0.002094089731373058
2024-04-12 14:00:00+00:00,0.002560111607508628
2024-04-12 15:00:00+00:00,-0.004095738633444891
2024-04-12 16:00:00+00:00,-0.0019640047881214558
2024-04-12 17:00:00+00:00,-0.014555211808732604
2024-04-12 18:00:00+00:00,-0.027577236740761495
2024-04-12 19:00:00+00:00,0.0005750213033220237
2024-04-12 20:00:00+00:00,0.007426701003489262
2024-04-12 21:00:00+00:00,0.0001408934389326972
2024-04-12 22:00:00+00:00,0.0023751405821483456
2024-04-12 23:00:00+00:00,0.0094978193957341
2024-04-13 00:00:00+00:00,0.0068141071611490436
2024-04-13 01:00:00+00:00,-0.005850697225224062
2024-04-13 02:00:00+00:00,0.008328158690245462
2024-04-13 03:00:00+00:00,-0.00225266945658105
2024-04-13 04:00:00+00:00,0.007300185783323414
2024-04-13 05:00:00+00:00,0.001660528230231576
2024-04-13 06:00:00+00:00,0.006318753765003763
2024-04-13 07:00:00+00:00,0.008394478317801289
2024-04-13 08:00:00+00:00,-0.005105320058961722
2024-04-13 09:00:00+00:00,-0.003145862293072892
2024-04-13 10:00:00+00:00,0.00565962029029182
2024-04-13 11:00:00+00:00,0.00010469635138413555
2024-04-13 12:00:00+00:00,-0.005015332455932072
2024-04-13 13:00:00+00:00,0.013720446464636467
2024-04-13 14:00:00+00:00,-0.00962771425193499
2024-04-13 15:00:00+00:00,0.0007511646247527562
2024-04-13 16:00:00+00:00,0.005308687795359512
2024-04-13 17:00:00+00:00,-0.010225045174373877
2024-04-13 18:00:00+00:00,0.008672160471406365
2024-04-13 19:00:00+00:00,-0.010163862908957032
2024-04-13 20:00:00+00:00,-0.014303385588665183
2024-04-13 21:00:00+00:00,0.0031884170697486234
2024-04-13 22:00:00+00:00,0.023084764261020498
2024-04-13 23:00:00+00:00,0.00529656805857681
2024-04-14 00:00:00+00:00,-0.004740248586018422
2024-04-14 01:00:00+00:00,0.01122408566386865
2024-04-14 02:00:00+00:00,0.002700588520226397
2024-04-14 03:00:00+00:00,-0.004420547206670541
2024-04-14 04:00:00+00:00,0.00809776178856996
2024-04-14 05:00:00+00:00,0.0070184841342983495
2024-04-14 06:00:00+00:00,0.0033865744276695632
2024-04-14 07:00:00+00:00,0.0027436599086912185
2024-04-14 08:00:00+00:00,-0.0016491523311582788
2024-04-14 09:00:00+00:00,0.00047014148245158556
2024-04-14 10:00:00+00:00,-0.0025080403777030928
2024-04-14 11:00:00+00:00,-0.004445853217869153
2024-04-14 12:00:00+00:00,0.0023986250264196804
2024-04-14 13:00:00+00:00,-0.0033434072793202966
2024-04-14 14:00:00+00:00,0.005985467742717017
2024-04-14 15:00:00+00:00,-0.001081975585518303
2024-04-14 16:00:00+00:00,0.0005077063973116905
2024-04-14 17:00:00+00:00,-0.0017153808784904521
2024-04-14 18:00:00+00:00,0.0036818725460079486
2024-04-14 19:00:00+00:00,-0.0018770658484151272
2024-04-14 20:00:00+00:00,0.0008971124513315041
2024-04-14 21:00:00+00:00,-0.0030394830710784838
2024-04-14 22:00:00+00:00,0.006508160022845483
2024-04-14 23:00:00+00:00,-0.0019438089822686297
2024-04-15 00:00:00+00:00,-0.004701458507369965
2024-04-15 01:00:00+00:00,0.0022596598124728622
2024-04-15 02:00:00+00:00,-0.0038188450446955185
2024-04-15 03:00:00+00:00,0.003954026765648991
2024-04-15 04:00:00+00:00,0.0007544380198125762
2024-04-15 05:00:00+00:00,0.004215732981076109
2024-04-15 06:00:00+00:00,0.012114082628425473
2024-04-15 07:00:00+00:00,0.0014968446983077701
2024-04-15 08:00:00+00:00,0.00017190374014332046
2024-04-15 09:00:00+00:00,-0.0024244444357555055
2024-04-15 10:00:00+00:00,0.0031668056911188873
2024-04-15 11:00:00+00:00,0.0030828881530127117
2024-04-15 12:00:00+00:00,-0.004077430672733723
2024-04-15 13:00:00+00:00,0.0063174111826656805
2024-04-15 14:00:00+00:00,0.004935537516485312
2024-04-15 15:00:00+00:00,-0.0011491904358388913
2024-04-15 16:00:00+00:00,-0.0016654413809136463
2024-04-15 17:00:00+00:00,-0.0010040376520313134
2024-04-15 18:00:00+00:00,-0.0008076107206969551
2024-04-15 19:00:00+00:00,0.011509266041873597
2024-04-15 20:00:00+00:00,-0.009742975934729177
2024-04-15 21:00:00+00:00,0.010310408533383861
2024-04-15 22:00:00+00:00,0.001119712467810247
2024-04-15 23:00:00+00:00,-0.0017428265081753276
2024-04-16 00:00:00+00:00,-0.003853770773529304
2024-04-16 01:00:00+00:00,0.0025931586569883113
2024-04-16 02:00:00+00:00,0.00037442252338661575
2024-04-16 03:00:00+00:00,-0.0033616021215036643
2024-04-16 04:00:00+00:00,0.00039427166258056655
2024-04-16 05:00:00+00:00,0.0014432002703002429
2024-04-16 06:00:00+00:00,-0.0006065858438046288
2024-04-16 07:00:00+00:00,0.020301410124771217
2024-04-16 08:00:00+00:00,0.0011535674712209846
2024-04-16 09:00:00+00:00,-0.002172387703242499
2024-04-16 10:00:00+00:00,0.0033595286923503937
2024-04-16 11:00:00+00:00,-0.002261357765171969
2024-04-16 12:00:00+00:00,-0.006350753903048758
2024-04-16 13:00:00+00:00,0.002423210188514489
2024-04-16 14:00:00+00:00,0.0031345597925721423
2024-04-16 15:00:00+00:00,0.0007474255796154299
2024-04-16 16:00:00+00:00,-0.0016638058384148024
2024-04-16 17:00:00+00:00,-0.0025548314859780248
2024-04-16 18:00:00+00:00,-0.00262357098886462
2024-04-16 19:00:00+00:00,-0.0015194187603491491
2024-04-16 20:00:00+00:00,0.0010373790512620924
2024-04-16 21:00:00+00:00,0.0014500404050549495
2024-04-16 22:00:00+00:00,0.0008743398175950024
2024-04-16 23:00:00+00:00,0.0003109272354664662
2024-04-17 00:00:00+00:00,-0.0009654387954632299
2024-04-17 01:00:00+00:00,0.0006086714691864601
2024-04-17 02:00:00+00:00,-0.002379245809893292
2024-04-17 03:00:00+00:00,0.0006611417936223235
2024-04-17 04:00:00+00:00,0.0009592451228914534
2024-04-17 05:00:00+00:00,-0.0004989493329911936
2024-04-17 06:00:00+00:00,0.0001666707673957332
2024-04-17 07:00:00+00:00,0.008445306205650363
2024-04-17 08:00:00+00:00,0.0006088632261198694
2024-04-17 09:00:00+00:00,0.0008388283784477311
2024-04-17 10:00:00+00:00,0.0013831772913584946
2024-04-17 11:00:00+00:00,-0.00384639797921323
2024-04-17 12:00:00+00:00,0.0018325683642520106
2024-04-17 13:00:00+00:00,0.001303092108731394
2024-04-17 14:00:00+00:00,0.013262326951354968
2024-04-17 15:00:00+00:00,0.005170618994691816
2024-04-17 16:00:00+00:00,0.00033692212296898826
2024-04-17 17:00:00+00:00,0.0016441721997586863
2024-04-17 18:00:00+00:00,0.006344548099654206
2024-04-17 19:00:00+00:00,-0.0018328924644566069
2024-04-17 20:00:00+00:00,-0.0032697201274430247
2024-04-17 21:00:00+00:00,3.2122382669885805e-05
2024-04-17 22:00:00+00:00,-0.0057985280640445586
2024-04-17 23:00:00+00:00,0.0014095153080331934
2024-04-18 00:00:00+00:00,-0.0038033642161161133
2024-04-18 01:00:00+00:00,0.0024137738661977994
2024-04-18 02:00:00+00:00,0.001149218254184091
2024-04-18 03:00:00+00:00,-0.001305032515056302
2024-04-18 04:00:00+00:00,0.002075796867435046
2024-04-18 05:00:00+00:00,0.0036664283111477623
2024-04-18 06:00:00+00:00,-0.00865110308793619
2024-04-18 07:00:00+00:00,-0.0004980524150462909
2024-04-18 08:00:00+00:00,0.0017458015488802893
2024-04-18 09:00:00+00:00,0.003283722199261206
2024-04-18 10:00:00+00:00,-0.002821625568321765
2024-04-18 11:00:00+00:00,0.0062223904606650785
2024-04-18 12:00:00+00:00,-0.0018724363085776703
2024-04-18 13:00:00+00:00,-0.0030305955670628737
2024-04-18 14:00:00+00:00,-0.00293543271295882
2024-04-18 15:00:00+00:00,0.004446241376666982
2024-04-18 16:00:00+00:00,-0.0015320153509842244
2024-04-18 17:00:00+00:00,0.004208191139732486
2024-04-18 18:00:00+00:00,0.0021393863084520582
2024-04-18 19:00:00+00:00,-0.0027337443496565235
2024-04-18 20:00:00+00:00,0.0020107141621481714
2024-04-18 21:00:00+00:00,0.0004825086594000279
2024-04-18 22:00:00+00:00,0.001127741373261601
2024-04-18 23:00:00+00:00,-0.001273933971120598
2024-04-19 00:00:00+00:00,0.0028271081391730555
2024-04-19 01:00:00+00:00,-0.001919142465056074
2024-04-19 02:00:00+00:00,-0.005592612337052267
2024-04-19 03:00:00+00:00,0.0066518531234841805
2024-04-19 04:00:00+00:00,0.002572172864800006
2024-04-19 05:00:00+00:00,0.002279823513678304
2024-04-19 06:00:00+00:00,-0.010665801723285857
2024-04-19 07:00:00+00:00,-0.004709542151190759
2024-04-19 08:00:00+00:00,0.005994071743987542
2024-04-19 09:00:00+00:00,-0.0033923033391236664
2024-04-19 10:00:00+00:00,0.0015872700659081641
2024-04-19 11:00:00+00:00,-6.485620424403688e-05
2024-04-19 12:00:00+00:00,-0.002673992769027094
2024-04-19 13:00:00+00:00,0.0017220624558755423
2024-04-19 14:00:00+00:00,0.003914594472459725
2024-04-19 15:00:00+00:00,0.004097633271055646
2024-04-19 16:00:00+00:00,0.0020038394221844917
2024-04-19 17:00:00+00:00,-0.005053173478958872
2024-04-19 18:00:00+00:00,0.001952277762832815
2024-04-19 19:00:00+00:00,0.001464040986935378
2024-04-19 20:00:00+00:00,-5.490587748465673e-05
2024-04-19 21:00:00+00:00,-0.0010019169224087451
2024-04-19 22:00:00+00:00,0.0031661858132716243
2024-04-19 23:00:00+00:00,0.0018894978835116453
2024-04-20 00:00:00+00:00,0.0019361263827175233
2024-04-20 01:00:00+00:00,0.003941915316785033
2024-04-20 02:00:00+00:00,-0.00028822703521916434
2024-04-20 03:00:00+00:00,-0.0015616462471413524
2024-04-20 04:00:00+00:00,0.00012460551140425777
2024-04-20 05:00:00+00:00,0.005162492977022071
2024-04-20 06:00:00+00:00,0.003704322975705972
2024-04-20 07:00:00+00:00,0.0026465431382682075
2024-04-20 08:00:00+00:00,0.00037126718270293356
2024-04-20 09:00:00+00:00,-0.002352562073560001
2024-04-20 10:00:00+00:00,0.00251006652775194
2024-04-20 11:00:00+00:00,-0.0010550187021912678
2024-04-20 12:00:00+00:00,0.005379563634551929
2024-04-20 13:00:00+00:00,0.00020347365207629798
2024-04-20 14:00:00+00:00,0.0012941582674264181
2024-04-20 15:00:00+00:00,0.001207806274094149
2024-04-20 16:00:00+00:00,0.0027718250954856627
2024-04-20 17:00:00+00:00,0.00789253578280415
2024-04-20 18:00:00+00:00,0.002837240063420238
2024-04-20 19:00:00+00:00,0.0026149060384497895
2024-04-20 20:00:00+00:00,0.0031092027342574514
2024-04-20 21:00:00+00:00,0.0006933401389031738
2024-04-20 22:00:00+00:00,-0.001086084517143339
2024-04-20 23:00:00+00:00,-0.0008516567040474686
2024-04-21 00:00:00+00:00,0.0008903776120584231
2024-04-21 01:00:00+00:00,0.001611943475120721
2024-04-21 02:00:00+00:00,-0.00046799495657090864
2024-04-21 03:00:00+00:00,-4.5672774114477455e-05
2024-04-21 04:00:00+00:00,0.0010014286257562855
2024-04-21 05:00:00+00:00,0.0017730933447648919
2024-04-21 06:00:00+00:00,-0.0006665394876680007
2024-04-21 07:00:00+00:00,-0.0021205959544350074
2024-04-21 08:00:00+00:00,0.001235124053892694
2024-04-21 09:00:00+00:00,-0.0019007230494091907
2024-04-21 10:00:00+00:00,0.0022501706681421953
2024-04-21 11:00:00+00:00,-0.0006083309139910957
2024-04-21 12:00:00+00:00,0.0010465551776655513
2024-04-21 13:00:00+00:00,-0.0013209104517205982
2024-04-21 14:00:00+00:00,-1.8349483001048415e-05
2024-04-21 15:00:00+00:00,0.0018788009503538012
2024-04-21 16:00:00+00:00,-0.0007914309136132547
2024-04-21 17:00:00+00:00,-0.002280337002503481
2024-04-21 18:00:00+00:00,0.0003175359997323231
2024-04-21 19:00:00+00:00,0.0021075452733131453
2024-04-21 20:00:00+00:00,0.0034126232168739646
2024-04-21 21:00:00+00:00,0.006625113446257753
2024-04-21 22:00:00+00:00,-0.005491889508690387
2024-04-21 23:00:00+00:00,0.004558704876947262
2024-04-22 00:00:00+00:00,-0.0013139276276896035
2024-04-22 01:00:00+00:00,0.009281567644753179
2024-04-22 02:00:00+00:00,-0.0023049080774308543
2024-04-22 03:00:00+00:00,-0.0006579579821334859
2024-04-22 04:00:00+00:00,-0.0029796460813685463
2024-04-22 05:00:00+00:00,-0.005941331476050015
2024-04-22 06:00:00+00:00,0.002409104571439715
2024-04-22 07:00:00+00:00,0.00020943336447884665
2024-04-22 08:00:00+00:00,0.00024539011140735313
2024-04-22 09:00:00+00:00,0.00231669082451896
2024-04-22 10:00:00+00:00,0.0037893975188564217
2024-04-22 11:00:00+00:00,-0.0012860961112195971
2024-04-22 12:00:00+00:00,0.008054512672448041
2024-04-22 13:00:00+00:00,-0.0008929847814168692
2024-04-22 14:00:00+00:00,-0.0015261590803274834
2024-04-22 15:00:00+00:00,-0.0008338612024490681
2024-04-22 16:00:00+00:00,-0.0011270517754484867
2024-04-22 17:00:00+00:00,0.0001081303247438694
2024-04-22 18:00:00+00:00,0.010429030834568661
2024-04-22 19:00:00+00:00,0.001439713397689168
2024-04-22 20:00:00+00:00,4.720506623877768e-05
2024-04-22 21:00:00+00:00,-0.001174554079434694
2024-04-22 22:00:00+00:00,-0.004971628035659366
2024-04-22 23:00:00+00:00,-0.00012613578351134962
2024-04-23 00:00:00+00:00,-0.0024050483164164737
2024-04-23 01:00:00+00:00,0.004977913144605134
2024-04-23 02:00:00+00:00,-0.0011220852827178239
2024-04-23 03:00:00+00:00,-0.000511276749298104
2024-04-23 04:00:00+00:00,-0.0044435050051264725
2024-04-23 05:00:00+00:00,0.002644939888866171
2024-04-23 06:00:00+00:00,0.006561040231160272
2024-04-23 07:00:00+00:00,-0.0010917252087086753
2024-04-23 08:00:00+00:00,-0.0025400122479409485
2024-04-23 09:00:00+00:00,0.0017818895132859364
2024-04-23 10:00:00+00:00,-0.0001474071167154177
2024-04-23 11:00:00+00:00,0.0006301650337064543
2024-04-23 12:00:00+00:00,0.0013795268987635706
2024-04-23 13:00:00+00:00,0.00498215960877646
2024-04-23 14:00:00+00:00,0.008191172699572586
2024-04-23 15:00:00+00:00,-0.0016037728241517974
2024-04-23 16:00:00+00:00,-0.0037635054892056125
2024-04-23 17:00:00+00:00,-0.0006814421458344844
2024-04-23 18:00:00+00:00,-0.0035919522473967023
2024-04-23 19:00:00+00:00,0.00011054625559228201
2024-04-23 20:00:00+00:00,0.0005399494171093209
2024-04-23 21:00:00+00:00,0.006067060241306992
2024-04-23 22:00:00+00:00,-0.001970657748010595
2024-04-23 23:00:00+00:00,0.00273396256220394
2024-04-24 00:00:00+00:00,0.004581261762792344
2024-04-24 01:00:00+00:00,0.0008522981116142334
2024-04-24 02:00:00+00:00,0.0026697603663016203
2024-04-24 03:00:00+00:00,0.003282387354445001
2024-04-24 04:00:00+00:00,0.0012673756212563333
2024-04-24 05:00:00+00:00,0.0053448543959105765
2024-04-24 06:00:00+00:00,-0.0024043303508870465
2024-04-24 07:00:00+00:00,0.003264414604183148
2024-04-24 08:00:00+00:00,0.000646366147487882
2024-04-24 09:00:00+00:00,-0.004245565903627268
2024-04-24 10:00:00+00:00,-0.002207702431426062
2024-04-24 11:00:00+00:00,0.0012277730910036722
2024-04-24 12:00:00+00:00,-0.001125239905063864
2024-04-24 13:00:00+00:00,0.0007185915720706505
2024-04-24 14:00:00+00:00,-0.003012486891760077
2024-04-24 15:00:00+00:00,-0.0032673531667199614
2024-04-24 16:00:00+00:00,-0.004900471187056986
2024-04-24 17:00:00+00:00,-0.0030794078063283805
2024-04-24 18:00:00+00:00,0.0056491398553803794
2024-04-24 19:00:00+00:00,-0.0036795453185790306
2024-04-24 20:00:00+00:00,0.0023090931792898927
2024-04-24 21:00:00+00:00,-0.0006347200960510749
2024-04-24 22:00:00+00:00,0.0032235092827857382
2024-04-24 23:00:00+00:00,-0.005755017827469188
2024-04-25 00:00:00+00:00,-0.0011409203814151236
2024-04-25 01:00:00+00:00,0.0038966435034603272
2024-04-25 02:00:00+00:00,-0.0031047006779763094
2024-04-25 03:00:00+00:00,-0.000900903542210296
2024-04-25 04:00:00+00:00,-0.0002527038997216125
2024-04-25 05:00:00+00:00,0.003735755654478918
2024-04-25 06:00:00+00:00,0.002354795555174113
2024-04-25 07:00:00+00:00,-0.002422504435566506
2024-04-25 08:00:00+00:00,-0.0011287016820351891
2024-04-25 09:00:00+00:00,-0.0047776150541629075
2024-04-25 10:00:00+00:00,0.0009258821741932267
2024-04-25 11:00:00+00:00,-0.0025821079776577826
2024-04-25 12:00:00+00:00,0.007645825362321644
2024-04-25 13:00:00+00:00,-0.006591792380212016
2024-04-25 14:00:00+00:00,-0.0036798306961877292
2024-04-25 15:00:00+00:00,-0.0002514342207544911
2024-04-25 16:00:00+00:00,0.004652659480629284
2024-04-25 17:00:00+00:00,-0.0002962810192485223
2024-04-25 18:00:00+00:00,0.0025062179342293235
2024-04-25 19:00:00+00:00,0.0038736812154966478
2024-04-25 20:00:00+00:00,0.0012749481899507413
2024-04-25 21:00:00+00:00,-0.0047963399214659246
2024-04-25 22:00:00+00:00,-0.004302371820223527
2024-04-25 23:00:00+00:00,-0.003170312730589757
2024-04-26 00:00:00+00:00,-0.0060331260470411815
2024-04-26 01:00:00+00:00,-0.0035990854761767323
2024-04-26 02:00:00+00:00,-0.0035103508709945076
2024-04-26 03:00:00+00:00,0.0051537389309958435
2024-04-26 04:00:00+00:00,-0.003893621616070072
2024-04-26 05:00:00+00:00,0.007302614321688287
2024-04-26 06:00:00+00:00,-0.0028830002105142832
2024-04-26 07:00:00+00:00,0.0038379793787900345
2024-04-26 08:00:00+00:00,0.004135764122066545
2024-04-26 09:00:00+00:00,-0.0040412902770896
2024-04-26 10:00:00+00:00,0.0019526972742308524
2024-04-26 11:00:00+00:00,-0.0003181679310877944
2024-04-26 12:00:00+00:00,-0.00030469096798557314
2024-04-26 13:00:00+00:00,0.0030760211599532754
2024-04-26 14:00:00+00:00,0.00794284613065666
2024-04-26 15:00:00+00:00,0.003392112500851475
2024-04-26 16:00:00+00:00,-0.0017001071765377282
2024-04-26 17:00:00+00:00,-0.001697308701767129
2024-04-26 18:00:00+00:00,-0.0026667677443061575
2024-04-26 19:00:00+00:00,0.0011180252193962893
2024-04-26 20:00:00+00:00,0.00048286598825050125
2024-04-26 21:00:00+00:00,0.0032605089694085565
2024-04-26 22:00:00+00:00,-0.004639941039327419
2024-04-26 23:00:00+00:00,0.002745263885967389
2024-04-27 00:00:00+00:00,-0.0007387336849220246
2024-04-27 01:00:00+00:00,-0.009488035115633245
2024-04-27 02:00:00+00:00,-0.002874138516941156
2024-04-27 03:00:00+00:00,-0.00334707466676823
2024-04-27 04:00:00+00:00,8.73543962403521e-05
2024-04-27 05:00:00+00:00,0.00906133898138918
2024-04-27 06:00:00+00:00,-0.0012157509139280294
2024-04-27 07:00:00+00:00,0.005162283597080226
2024-04-27 08:00:00+00:00,0.006060642564846754
2024-04-27 09:00:00+00:00,0.0006424430602843238
2024-04-27 10:00:00+00:00,0.0061539526766278795
2024-04-27 11:00:00+00:00,0.00044983626124029834
2024-04-27 12:00:00+00:00,-0.006398737042708921
2024-04-27 13:00:00+00:00,-0.0009448885682560728
2024-04-27 14:00:00+00:00,-0.005264309309589589
2024-04-27 15:00:00+00:00,0.007826219089089906
2024-04-27 16:00:00+00:00,-0.0011590950067288965
2024-04-27 17:00:00+00:00,-0.001232499633120958
2024-04-27 18:00:00+00:00,-0.0033522447761354115
2024-04-27 19:00:00+00:00,-0.0035058155433407064
2024-04-27 20:00:00+00:00,0.0009426578175170619
2024-04-27 21:00:00+00:00,0.008521893926032208
2024-04-27 22:00:00+00:00,-0.0004064052981168263
2024-04-27 23:00:00+00:00,0.005219112388622733
2024-04-28 00:00:00+00:00,-0.0004940241035071124
2024-04-28 01:00:00+00:00,0.0009517213321368456
2024-04-28 02:00:00+00:00,0.002417816719109106
2024-04-28 03:00:00+00:00,0.002547130710651853
2024-04-28 04:00:00+00:00,-0.004773326696447116
2024-04-28 05:00:00+00:00,0.0021536395616670854
2024-04-28 06:00:00+00:00,-0.0009939246289436337
2024-04-28 07:00:00+00:00,-0.001574081171250013
2024-04-28 08:00:00+00:00,0.0010718265822252239
2024-04-28 09:00:00+00:00,-0.0017132528572199662
2024-04-28 10:00:00+00:00,-0.003863607322956442
2024-04-28 11:00:00+00:00,-0.0004797080158961821
2024-04-28 12:00:00+00:00,0.001349232820491428
2024-04-28 13:00:00+00:00,-0.00412587873361504
2024-04-28 14:00:00+00:00,-0.0012360835512797846
2024-04-28 15:00:00+00:00,0.007524515259698809
2024-04-28 16:00:00+00:00,-0.0004865602106350084
2024-04-28 17:00:00+00:00,0.0008430055373847326
2024-04-28 18:00:00+00:00,0.004420217745246695
2024-04-28 19:00:00+00:00,0.001810689402356825
2024-04-28 20:00:00+00:00,-0.0008922794008550438
2024-04-28 21:00:00+00:00,-0.003137065667434185
2024-04-28 22:00:00+00:00,-0.0005162130152155127
2024-04-28 23:00:00+00:00,0.00048613084064615553
2024-04-29 00:00:00+00:00,0.0016424838344531146
2024-04-29 01:00:00+00:00,0.002332928313763342
2024-04-29 02:00:00+00:00,0.0009570923932700377
2024-04-29 03:00:00+00:00,-0.0004381660026825493
2024-04-29 04:00:00+00:00,-0.002627351559699522
2024-04-29 05:00:00+00:00,0.0009416691580622761
2024-04-29 06:00:00+00:00,-0.0028745827330360655
2024-04-29 07:00:00+00:00,0.0006936966217758589
2024-04-29 08:00:00+00:00,-0.003349994720362592
2024-04-29 09:00:00+00:00,0.006103992204648944
2024-04-29 10:00:00+00:00,0.00016453661891366724
2024-04-29 11:00:00+00:00,0.0028014506908038083
2024-04-29 12:00:00+00:00,0.0010065310688018964
2024-04-29 13:00:00+00:00,-0.0003095100496289547
2024-04-29 14:00:00+00:00,0.00038103280942017813
2024-04-29 15:00:00+00:00,0.001164716016601706
2024-04-29 16:00:00+00:00,-0.0011554406543347786
2024-04-29 17:00:00+00:00,-0.0011924393524093964
2024-04-29 18:00:00+00:00,-0.0013072131651441117
2024-04-29 19:00:00+00:00,0.002296188939372941
2024-04-29 20:00:00+00:00,0.0025555540820877405
2024-04-29 21:00:00+00:00,0.00019037695038537947
2024-04-29 22:00:00+00:00,0.00011621867783411581
2024-04-29 23:00:00+00:00,0.0012771785969407825
2024-04-30 00:00:00+00:00,0.0037239819067360134
2024-04-30 01:00:00+00:00,0.0012073082753524336
2024-04-30 02:00:00+00:00,0.001572524051347062
2024-04-30 03:00:00+00:00,-0.0005799959924765055
2024-04-30 04:00:00+00:00,-0.004648327022155865
2024-04-30 05:00:00+00:00,-0.003202375866357334
2024-04-30 06:00:00+00:00,0.0017384671827442978
2024-04-30 07:00:00+00:00,0.0025578537263668106
2024-04-30 08:00:00+00:00,0.001167493112990903
2024-04-30 09:00:00+00:00,0.00045185821205415003
2024-04-30 10:00:00+00:00,-0.002055365675659135
2024-04-30 11:00:00+00:00,0.008758372492011262
2024-04-30 12:00:00+00:00,0.0004003665962580565
2024-04-30 13:00:00+00:00,0.0032649089416137696
2024-04-30 14:00:00+00:00,-0.001685877446837892
2024-04-30 15:00:00+00:00,0.005205771926074885
2024-04-30 16:00:00+00:00,-0.006204351980238375
2024-04-30 17:00:00+00:00,-0.003991109312298107
2024-04-30 18:00:00+00:00,-0.0036088308495676774
2024-04-30 19:00:00+00:00,0.0036399252937298256
2024-04-30 20:00:00+00:00,-0.004010969771860853
2024-04-30 21:00:00+00:00,0.005817874396167978
2024-04-30 22:00:00+00:00,0.011141207696936118
2024-04-30 23:00:00+00:00,0.00029320288047729606
2024-05-01 00:00:00+00:00,0.0028278459423683776
2024-05-01 01:00:00+00:00,0.0007746286998668093
2024-05-01 02:00:00+00:00,-0.0030870146303582013
2024-05-01 03:00:00+00:00,-0.0018058325279644435
2024-05-01 04:00:00+00:00,0.0068112070053201555
2024-05-01 05:00:00+00:00,0.0026470759917122015
2024-05-01 06:00:00+00:00,-0.0025045383312702805
2024-05-01 07:00:00+00:00,0.0007776806206177118
2024-05-01 08:00:00+00:00,-0.0007705541757890602
2024-05-01 09:00:00+00:00,0.007541220283121262
2024-05-01 10:00:00+00:00,-7.180366810962568e-05
2024-05-01 11:00:00+00:00,0.0007871295919283462
2024-05-01 12:00:00+00:00,0.007766202176941547
2024-05-01 13:00:00+00:00,0.004295507631134449
2024-05-01 14:00:00+00:00,-0.0032091974972971496
2024-05-01 15:00:00+00:00,0.0008781972563978854
2024-05-01 16:00:00+00:00,0.007498274902231611
2024-05-01 17:00:00+00:00,-0.006133031369712241
2024-05-01 18:00:00+00:00,0.0040934473399293824
2024-05-01 19:00:00+00:00,-0.0031863748563524938
2024-05-01 20:00:00+00:00,-0.0017075046713220371
2024-05-01 21:00:00+00:00,-0.0023723292531245147
2024-05-01 22:00:00+00:00,-0.0016799100019654683
2024-05-01 23:00:00+00:00,-0.0005045593758264374
2024-05-02 00:00:00+00:00,0.009161625552713252
2024-05-02 01:00:00+00:00,0.0029323899163348223
2024-05-02 02:00:00+00:00,-0.004986161299230883
2024-05-02 03:00:00+00:00,-0.000245970895109572
2024-05-02 04:00:00+00:00,-3.307798619362349e-05
2024-05-02 05:00:00+00:00,-0.0034205251263958844
2024-05-02 06:00:00+00:00,-0.0018922517447047735
2024-05-02 07:00:00+00:00,0.007521422553684617
2024-05-02 08:00:00+00:00,-0.005865603648537544
2024-05-02 09:00:00+00:00,0.0016728608479573961
2024-05-02 10:00:00+00:00,0.0006016608063209873
2024-05-02 11:00:00+00:00,-0.0017757133809097744
2024-05-02 12:00:00+00:00,0.003151143381125103
2024-05-02 13:00:00+00:00,-0.0032386270752007645
2024-05-02 14:00:00+00:00,-0.0009077090997654794
2024-05-02 15:00:00+00:00,-0.001010825833481774
2024-05-02 16:00:00+00:00,0.00023569913226015356
2024-05-02 17:00:00+00:00,8.064188153723084e-05
2024-05-02 18:00:00+00:00,-0.001588804069452745
2024-05-02 19:00:00+00:00,0.0006356920605277652
2024-05-02 20:00:00+00:00,-0.0022088773627402082
2024-05-02 21:00:00+00:00,-0.00443070014835738
2024-05-02 22:00:00+00:00,0.004612788389752179
2024-05-02 23:00:00+00:00,0.0005505477869910944
2024-05-03 00:00:00+00:00,-0.0007439666194596988
2024-05-03 01:00:00+00:00,-0.0012571444562664304
2024-05-03 02:00:00+00:00,0.004886560605212411
2024-05-03 03:00:00+00:00,0.0006578470106144583
2024-05-03 04:00:00+00:00,-0.003854909381707179
2024-05-03 05:00:00+00:00,0.0011638185727630994
2024-05-03 06:00:00+00:00,-0.0045082390760301065
2024-05-03 07:00:00+00:00,-0.003231149325024732
2024-05-03 08:00:00+00:00,-0.0008445376092089068
2024-05-03 09:00:00+00:00,-0.0038089709181108856
2024-05-03 10:00:00+00:00,0.0015971434807158273
2024-05-03 11:00:00+00:00,0.0004849598514114019
2024-05-03 12:00:00+00:00,0.005118427287149852
2024-05-03 13:00:00+00:00,-0.002608806656974843
2024-05-03 14:00:00+00:00,-0.003981624477852277
2024-05-03 15:00:00+00:00,-0.0015209154600165009
2024-05-03 16:00:00+00:00,0.0010354433530862493
2024-05-03 17:00:00+00:00,-0.0023864316203669306
2024-05-03 18:00:00+00:00,-0.007986798387851626
2024-05-03 19:00:00+00:00,-0.0011620192264905622
2024-05-03 20:00:00+00:00,0.0030458037180514297
2024-05-03 21:00:00+00:00,0.00023196089400528836
2024-05-03 22:00:00+00:00,-0.0025740974827167854
2024-05-03 23:00:00+00:00,0.0013291784170218165
2024-05-04 00:00:00+00:00,-0.00016656492564160887
2024-05-04 01:00:00+00:00,-0.0022273731118030767
2024-05-04 02:00:00+00:00,0.0009740133640996442
2024-05-04 03:00:00+00:00,-0.00038650062313782093
2024-05-04 04:00:00+00:00,-0.0016041499070323353
2024-05-04 05:00:00+00:00,0.0014762464318983737
2024-05-04 06:00:00+00:00,0.0008539251616752873
2024-05-04 07:00:00+00:00,-0.0007372772195756465
2024-05-04 08:00:00+00:00,-0.0014827355675265186
2024-05-04 09:00:00+00:00,0.0013095524393272535
2024-05-04 10:00:00+00:00,0.0009764258370412897
2024-05-04 11:00:00+00:00,0.002302935247898884
2024-05-04 12:00:00+00:00,-0.001701780044344872
2024-05-04 13:00:00+00:00,-0.0037957168800224943
2024-05-04 14:00:00+00:00,-0.001106121590835779
2024-05-04 15:00:00+00:00,0.0022845858643717933
2024-05-04 16:00:00+00:00,-0.004696898833061302
2024-05-04 17:00:00+00:00,0.005255036714174828
2024-05-04 18:00:00+00:00,0.0007070245153568796
2024-05-04 19:00:00+00:00,-9.985242396885482e-05
2024-05-04 20:00:00+00:00,0.000883118961283851
2024-05-04 21:00:00+00:00,0.0009292968159678413
2024-05-04 22:00:00+00:00,0.0018343440449188992
2024-05-04 23:00:00+00:00,-0.0023811488448693126
2024-05-05 00:00:00+00:00,0.0003587274054782501
2024-05-05 01:00:00+00:00,-0.005868541763629101
2024-05-05 02:00:00+00:00,-0.004713712411375388
2024-05-05 03:00:00+00:00,0.0046670008420911634
2024-05-05 04:00:00+00:00,-0.003515954485553807
2024-05-05 05:00:00+00:00,0.001439862670845748
2024-05-05 06:00:00+00:00,-0.0044136345695163295
2024-05-05 07:00:00+00:00,0.0004877101279921947
2024-05-05 08:00:00+00:00,0.0003530664341173313
2024-05-05 09:00:00+00:00,0.0009759710592044315
2024-05-05 10:00:00+00:00,-0.0001158524576215522
2024-05-05 11:00:00+00:00,-0.0017079286751675346
2024-05-05 12:00:00+00:00,-0.0029034422694619523
2024-05-05 13:00:00+00:00,-0.0016782622665119764
2024-05-05 14:00:00+00:00,0.0019678693240270293
2024-05-05 15:00:00+00:00,0.0027710261550903076
2024-05-05 16:00:00+00:00,-0.00027967329538570074
2024-05-05 17:00:00+00:00,0.008413377617097558
2024-05-05 18:00:00+00:00,-0.0019267164500147082
2024-05-05 19:00:00+00:00,-0.0015533515097687959
2024-05-05 20:00:00+00:00,0.0017126251762838753
2024-05-05 21:00:00+00:00,-0.0014508995995656726
2024-05-05 22:00:00+00:00,-0.001045485282830642
2024-05-05 23:00:00+00:00,0.0025439012147748857
2024-05-06 00:00:00+00:00,0.0037450847867183494
2024-05-06 01:00:00+00:00,0.003349170258929354
2024-05-06 02:00:00+00:00,-0.0005667405440313008
2024-05-06 03:00:00+00:00,-0.0008097978136896824
2024-05-06 04:00:00+00:00,0.0014344117479945287
2024-05-06 05:00:00+00:00,0.003184577462656101
2024-05-06 06:00:00+00:00,0.009030311653606873
2024-05-06 07:00:00+00:00,-0.002527462439530754
2024-05-06 08:00:00+00:00,-0.004418612818029655
2024-05-06 09:00:00+00:00,0.0024310595357645523
2024-05-06 10:00:00+00:00,-0.002916118723433545
2024-05-06 11:00:00+00:00,-0.004299735138839322
2024-05-06 12:00:00+00:00,-0.004105214710409686
2024-05-06 13:00:00+00:00,-0.00022719988522691703
2024-05-06 14:00:00+00:00,-0.0009517935839203602
2024-05-06 15:00:00+00:00,0.0043254272918792315
2024-05-06 16:00:00+00:00,0.000241911582019459
2024-05-06 17:00:00+00:00,0.001823991653962531
2024-05-06 18:00:00+00:00,-0.0046849450839744206
2024-05-06 19:00:00+00:00,0.0007646156183801756
2024-05-06 20:00:00+00:00,0.0001597465792134585
2024-05-06 21:00:00+00:00,-0.0015684886367442856
2024-05-06 22:00:00+00:00,0.0022312376886154273
2024-05-06 23:00:00+00:00,-5.162849977771427e-05
2024-05-07 00:00:00+00:00,-0.004941715595021291
2024-05-07 01:00:00+00:00,0.0006133919131119704
2024-05-07 02:00:00+00:00,-0.004170700470095888
2024-05-07 03:00:00+00:00,-0.0003843318148407456
2024-05-07 04:00:00+00:00,0.0033362591953926633
2024-05-07 05:00:00+00:00,0.00044955209656840646
2024-05-07 06:00:00+00:00,0.0022703016588995952
2024-05-07 07:00:00+00:00,-0.0030928046232724504
2024-05-07 08:00:00+00:00,0.0008125282578955571
2024-05-07 09:00:00+00:00,-0.005749648495878251
2024-05-07 10:00:00+00:00,-0.0015049856677842278
2024-05-07 11:00:00+00:00,-0.0027777079993423224
2024-05-07 12:00:00+00:00,-0.0016591975073627203
2024-05-07 13:00:00+00:00,0.0039001255721205362
2024-05-07 14:00:00+00:00,0.004520963537580085
2024-05-07 15:00:00+00:00,0.006713044444141261
2024-05-07 16:00:00+00:00,-0.0012343190215088316
2024-05-07 17:00:00+00:00,0.0007142270259971628
2024-05-07 18:00:00+00:00,-0.0037583888732724393
2024-05-07 19:00:00+00:00,0.001640927433988864
2024-05-07 20:00:00+00:00,0.002663516235702432
2024-05-07 21:00:00+00:00,-0.0012294549183808972
2024-05-07 22:00:00+00:00,0.0025781056834598697
2024-05-07 23:00:00+00:00,0.0007884541280358888
2024-05-08 00:00:00+00:00,-0.002060796926315491
2024-05-08 01:00:00+00:00,-0.0014103696598392948
2024-05-08 02:00:00+00:00,-0.005344450983857039
2024-05-08 03:00:00+00:00,-0.0003303326321014355
2024-05-08 04:00:00+00:00,-0.0007007740001101947
2024-05-08 05:00:00+00:00,-0.0012137668744510194
2024-05-08 06:00:00+00:00,0.004450508449103871
2024-05-08 07:00:00+00:00,0.00239088487478854
2024-05-08 08:00:00+00:00,-0.004997529720307933
2024-05-08 09:00:00+00:00,-0.009318015409666446
2024-05-08 10:00:00+00:00,0.001968021370722693
2024-05-08 11:00:00+00:00,0.0013090704985114306
2024-05-08 12:00:00+00:00,0.0010946707114105306
2024-05-08 13:00:00+00:00,0.006817340588925869
2024-05-08 14:00:00+00:00,0.005387546563331643
2024-05-08 15:00:00+00:00,0.0042692898876495414
2024-05-08 16:00:00+00:00,0.0030944479436893317
2024-05-08 17:00:00+00:00,-0.0031489740236885777
2024-05-08 18:00:00+00:00,-0.0024377962770393575
2024-05-08 19:00:00+00:00,0.004073087141927764
2024-05-08 20:00:00+00:00,-0.008093441388009772
2024-05-08 21:00:00+00:00,0.006050689532871396
2024-05-08 22:00:00+00:00,-0.007792299540910215
2024-05-08 23:00:00+00:00,0.009803155950809538
2024-05-09 00:00:00+00:00,0.0009849060285821974
2024-05-09 01:00:00+00:00,-0.011693627963285247
2024-05-09 02:00:00+00:00,-0.0015371653052413943
2024-05-09 03:00:00+00:00,-0.005836538175564182
2024-05-09 04:00:00+00:00,-0.009959650737575354
2024-05-09 05:00:00+00:00,0.0036117026897800227
2024-05-09 06:00:00+00:00,-0.003906331119758814
2024-05-09 07:00:00+00:00,0.0027005497476640682
2024-05-09 08:00:00+00:00,0.0012156057714222126
2024-05-09 09:00:00+00:00,0.0020710562845797646
2024-05-09 10:00:00+00:00,0.011745051224856867
2024-05-09 11:00:00+00:00,-0.013739523544275798
2024-05-09 12:00:00+00:00,0.0025712449728726794
2024-05-09 13:00:00+00:00,-0.0009968811277549932
2024-05-09 14:00:00+00:00,-0.0069084094899836855
2024-05-09 15:00:00+00:00,0.0005984498755182679
2024-05-09 16:00:00+00:00,0.0013902632670960357
2024-05-09 17:00:00+00:00,0.0053161732118713
2024-05-09 18:00:00+00:00,0.002006465125374172
2024-05-09 19:00:00+00:00,0.0003030824683842784
2024-05-09 20:00:00+00:00,-0.00021994825763080572
2024-05-09 21:00:00+00:00,-0.0038337681166840955
2024-05-09 22:00:00+00:00,-0.0024220965596630306
2024-05-09 23:00:00+00:00,0.0018670056939589792
2024-05-10 00:00:00+00:00,-0.0027536121711930544
2024-05-10 01:00:00+00:00,0.002777066596575159
2024-05-10 02:00:00+00:00,0.0023069022164211063
2024-05-10 03:00:00+00:00,0.0028091278260053442
2024-05-10 04:00:00+00:00,0.004367828798859627
2024-05-10 05:00:00+00:00,-0.0016688357453021737
2024-05-10 06:00:00+00:00,-0.0025177289043213274
2024-05-10 07:00:00+00:00,0.0014362371935730497
2024-05-10 08:00:00+00:00,-0.0008185136623810572
2024-05-10 09:00:00+00:00,-0.00124884483187919
2024-05-10 10:00:00+00:00,0.0024046728300005085
2024-05-10 11:00:00+00:00,-0.003514946042548763
2024-05-10 12:00:00+00:00,0.004620477387865109
2024-05-10 13:00:00+00:00,0.004780989295833574
2024-05-10 14:00:00+00:00,-0.007603128986728644
2024-05-10 15:00:00+00:00,-0.005308343945936495
2024-05-10 16:00:00+00:00,-0.004205133890983075
2024-05-10 17:00:00+00:00,0.0037140283815238857
2024-05-10 18:00:00+00:00,-0.0041138474289910834
2024-05-10 19:00:00+00:00,0.007608792731335309
2024-05-10 20:00:00+00:00,-0.008241280865611891
2024-05-10 21:00:00+00:00,0.001408334809129056
2024-05-10 22:00:00+00:00,0.0013920953646506563
2024-05-10 23:00:00+00:00,-0.00495618550148001
2024-05-11 00:00:00+00:00,0.005210617958794237
2024-05-11 01:00:00+00:00,0.005107150379073135
2024-05-11 02:00:00+00:00,0.0022868823313453965
2024-05-11 03:00:00+00:00,0.007815993092211057
2024-05-11 04:00:00+00:00,-0.00028717837032816795
2024-05-11 05:00:00+00:00,-0.003460814636923528
2024-05-11 06:00:00+00:00,-0.0026326407809977833
2024-05-11 07:00:00+00:00,-0.0058136708204505495
2024-05-11 08:00:00+00:00,-0.0016835508550492341
2024-05-11 09:00:00+00:00,-0.008789159412201333
2024-05-11 10:00:00+00:00,-0.0013823787398313445
2024-05-11 11:00:00+00:00,0.006228827545002143
2024-05-11 12:00:00+00:00,0.007643777976364219
2024-05-11 13:00:00+00:00,-0.0013003660248486182
2024-05-11 14:00:00+00:00,0.000717204922832324
2024-05-11 15:00:00+00:00,0.0003951091626275127
2024-05-11 16:00:00+00:00,-0.00629461942949602
2024-05-11 17:00:00+00:00,0.0023452703188754447
2024-05-11 18:00:00+00:00,-0.0001227333532247442
2024-05-11 19:00:00+00:00,-0.0009750967562627905
2024-05-11 20:00:00+00:00,0.0009101837938043151
2024-05-11 21:00:00+00:00,0.000629072897931636
2024-05-11 22:00:00+00:00,0.0012184253608032737
2024-05-11 23:00:00+00:00,-0.0022323845885107527
2024-05-12 00:00:00+00:00,0.00302656195822251
2024-05-12 01:00:00+00:00,0.0034342861953341663
2024-05-12 02:00:00+00:00,-0.004096590074314075
2024-05-12 03:00:00+00:00,0.00016807552578931292
2024-05-12 04:00:00+00:00,0.0006268613913915087
2024-05-12 05:00:00+00:00,-0.0012396556526785478
2024-05-12 06:00:00+00:00,0.0028839102601116925
2024-05-12 07:00:00+00:00,-0.0003844366892124319
2024-05-12 08:00:00+00:00,-0.0013491181321417713
2024-05-12 09:00:00+00:00,0.00030200757683655505
2024-05-12 10:00:00+00:00,-0.001975957937484735
2024-05-12 11:00:00+00:00,-0.0005389395259951079
2024-05-12 12:00:00+00:00,0.0035005966313281277
2024-05-12 13:00:00+00:00,2.089642201242875e-05
2024-05-12 14:00:00+00:00,-0.00038025547217234937
2024-05-12 15:00:00+00:00,-0.0015690012289565332
2024-05-12 16:00:00+00:00,0.0021507068703750126
2024-05-12 17:00:00+00:00,0.0017191413190363546
2024-05-12 18:00:00+00:00,-0.0013872176141295136
2024-05-12 19:00:00+00:00,0.0014551841205848804
2024-05-12 20:00:00+00:00,-0.0017377588653410172
2024-05-12 21:00:00+00:00,0.004551501726550791
2024-05-12 22:00:00+00:00,-0.0009340848794424995
2024-05-12 23:00:00+00:00,-3.1834558971570596e-05
2024-05-13 00:00:00+00:00,-0.0018876025500356973
2024-05-13 01:00:00+00:00,-0.001369402359326745
2024-05-13 02:00:00+00:00,-0.00410973789276584
2024-05-13 03:00:00+00:00,0.001365020971899666
2024-05-13 04:00:00+00:00,0.0009062052049059945
2024-05-13 05:00:00+00:00,-0.0010682719968250541
2024-05-13 06:00:00+00:00,-0.0009734501549001285
2024-05-13 07:00:00+00:00,-0.00045687778059727026
2024-05-13 08:00:00+00:00,-0.0007993628771810501
2024-05-13 09:00:00+00:00,-0.0015015661493670708
2024-05-13 10:00:00+00:00,0.003162969004184439
2024-05-13 11:00:00+00:00,-0.00028605759102102275
2024-05-13 12:00:00+00:00,-0.004534226991107372
2024-05-13 13:00:00+00:00,0.0038368266338596104
2024-05-13 14:00:00+00:00,0.007472601765296794
2024-05-13 15:00:00+00:00,-0.0026891602542236837
2024-05-13 16:00:00+00:00,0.002334090655380281
2024-05-13 17:00:00+00:00,-0.0019572212839093516
2024-05-13 18:00:00+00:00,-0.001096461919074819
2024-05-13 19:00:00+00:00,-0.003903746625835044
2024-05-13 20:00:00+00:00,-0.0017785557422602813
2024-05-13 21:00:00+00:00,0.0008790207850100568
2024-05-13 22:00:00+00:00,0.0029482154191150575
2024-05-13 23:00:00+00:00,-0.003866661481068251
2024-05-14 00:00:00+00:00,0.013017599401181836
2024-05-14 01:00:00+00:00,-0.00032144054113852655
2024-05-14 02:00:00+00:00,0.0034304875909703008
2024-05-14 03:00:00+00:00,0.0010114672545741845
2024-05-14 04:00:00+00:00,-0.005277219405634065
2024-05-14 05:00:00+00:00,-0.005080877299021567
2024-05-14 06:00:00+00:00,0.008176341081866679
2024-05-14 07:00:00+00:00,-0.00614612785641983
2024-05-14 08:00:00+00:00,0.0024659321823812625
2024-05-14 09:00:00+00:00,0.0031228853173004487
2024-05-14 10:00:00+00:00,0.00021143875509404016
2024-05-14 11:00:00+00:00,-0.007894599373378167
2024-05-14 12:00:00+00:00,-0.001469570641131056
2024-05-14 13:00:00+00:00,0.006909099380933621
2024-05-14 14:00:00+00:00,-0.007003666534672135
2024-05-14 15:00:00+00:00,0.002860210638188804
2024-05-14 16:00:00+00:00,-0.0004706639985440994
2024-05-14 17:00:00+00:00,-0.0020507730313874466
2024-05-14 18:00:00+00:00,-0.0014765502635432782
2024-05-14 19:00:00+00:00,-0.00021553595471134672
2024-05-14 20:00:00+00:00,-0.0022881807402889602
2024-05-14 21:00:00+00:00,0.00016590723637598112
2024-05-14 22:00:00+00:00,0.008625990418744659
2024-05-14 23:00:00+00:00,-0.00881589990130839
2024-05-15 00:00:00+00:00,0.0022041573644332813
2024-05-15 01:00:00+00:00,0.004384788370476112
2024-05-15 02:00:00+00:00,0.006405395664710397
2024-05-15 03:00:00+00:00,-0.0036301608708334933
2024-05-15 04:00:00+00:00,-0.0005319266842484754
2024-05-15 05:00:00+00:00,0.004712047271064558
2024-05-15 06:00:00+00:00,-0.0003584480505409163
2024-05-15 07:00:00+00:00,-0.003241958459522865
2024-05-15 08:00:00+00:00,-0.0004941453849535128
2024-05-15 09:00:00+00:00,-0.007216924545705922
2024-05-15 10:00:00+00:00,-0.009176038498491617
2024-05-15 11:00:00+00:00,0.007974136284615095
2024-05-15 12:00:00+00:00,-0.003869313305166023
2024-05-15 13:00:00+00:00,-0.0012535461046651757
2024-05-15 14:00:00+00:00,-0.009013751020886888
2024-05-15 15:00:00+00:00,0.002071314674822266
2024-05-15 16:00:00+00:00,-0.00401914435440567
2024-05-15 17:00:00+00:00,0.0037385709675113237
2024-05-15 18:00:00+00:00,0.004203007787414367
2024-05-15 19:00:00+00:00,-0.0010118733052356594
2024-05-15 20:00:00+00:00,-0.009067187840205333
2024-05-15 21:00:00+00:00,0.003301327647284566
2024-05-15 22:00:00+00:00,-0.0026770879830643767
2024-05-15 23:00:00+00:00,0.00018839322477409194
2024-05-16 00:00:00+00:00,-0.004190079600791549
2024-05-16 01:00:00+00:00,-0.011590446932552938
2024-05-16 02:00:00+00:00,0.011223304781356455
2024-05-16 03:00:00+00:00,-0.0024775536868778415
2024-05-16 04:00:00+00:00,0.00011662394772904311
2024-05-16 05:00:00+00:00,-0.0002468339271664312
2024-05-16 06:00:00+00:00,0.009467497800431537
2024-05-16 07:00:00+00:00,-0.003370197582032558
2024-05-16 08:00:00+00:00,-0.0004213470176638294
2024-05-16 09:00:00+00:00,-0.00022592177161108063
2024-05-16 10:00:00+00:00,0.006239781876283817
2024-05-16 11:00:00+00:00,-0.00035648411565912487
2024-05-16 12:00:00+00:00,0.0003211697719176157
2024-05-16 13:00:00+00:00,-0.0004762077448788274
2024-05-16 14:00:00+00:00,0.0018917708470502826
2024-05-16 15:00:00+00:00,0.0012213597267819094
2024-05-16 16:00:00+00:00,0.0038403250738857603
2024-05-16 17:00:00+00:00,-0.0069871115821101
2024-05-16 18:00:00+00:00,0.00018767558446055688
2024-05-16 19:00:00+00:00,0.002522140795327564
2024-05-16 20:00:00+00:00,-0.0011449114111844799
2024-05-16 21:00:00+00:00,-0.007287947056974497
2024-05-16 22:00:00+00:00,0.003775286268150309
2024-05-16 23:00:00+00:00,0.0035355515936122605
2024-05-17 00:00:00+00:00,-0.002816548678255759
2024-05-17 01:00:00+00:00,0.004076053183200472
2024-05-17 02:00:00+00:00,0.003273736711203384
2024-05-17 03:00:00+00:00,-0.00344935425969508
2024-05-17 04:00:00+00:00,0.00565784554982485
2024-05-17 05:00:00+00:00,-0.0035574831140695183
2024-05-17 06:00:00+00:00,-0.005776344890624315
2024-05-17 07:00:00+00:00,0.0003488133531611228
2024-05-17 08:00:00+00:00,0.00275307597441382
2024-05-17 09:00:00+00:00,0.0008806637746632406
2024-05-17 10:00:00+00:00,0.001991300687477089
2024-05-17 11:00:00+00:00,-0.0015724118061895614
2024-05-17 12:00:00+00:00,0.006201092631572042
2024-05-17 13:00:00+00:00,0.00619451028135495
2024-05-17 14:00:00+00:00,0.004102367971008985
2024-05-17 15:00:00+00:00,0.004133405613474917
2024-05-17 16:00:00+00:00,-0.0020929902337415616
2024-05-17 17:00:00+00:00,0.003622280608265092
2024-05-17 18:00:00+00:00,0.003279178945493775
2024-05-17 19:00:00+00:00,-0.0007562766463101839
2024-05-17 20:00:00+00:00,0.003117823066507876
2024-05-17 21:00:00+00:00,0.0007748876485917015
2024-05-17 22:00:00+00:00,-0.0033078402724370085
2024-05-17 23:00:00+00:00,-0.000630728175242469
2024-05-18 00:00:00+00:00,0.00037096935095665487
2024-05-18 01:00:00+00:00,-0.0023703921416382183
2024-05-18 02:00:00+00:00,0.0004376948771925085
2024-05-18 03:00:00+00:00,0.001056496469393611
2024-05-18 04:00:00+00:00,0.0062850914211944366
2024-05-18 05:00:00+00:00,0.00012384706322159493
2024-05-18 06:00:00+00:00,-0.0014130319695077806
2024-05-18 07:00:00+00:00,-0.0013369010779368034
2024-05-18 08:00:00+00:00,0.0026957555890980353
2024-05-18 09:00:00+00:00,-0.0007879707263371359
2024-05-18 10:00:00+00:00,0.002441224244693446
2024-05-18 11:00:00+00:00,0.0023537564501593194
2024-05-18 12:00:00+00:00,-0.004935100328531147
2024-05-18 13:00:00+00:00,-0.004807682782326374
2024-05-18 14:00:00+00:00,0.00017830675376577865
2024-05-18 15:00:00+00:00,0.0009061340174430273
2024-05-18 16:00:00+00:00,0.001527785366169481
2024-05-18 17:00:00+00:00,0.0024282998027867517
2024-05-18 18:00:00+00:00,0.0007669709620922295
2024-05-18 19:00:00+00:00,-0.0007125491704710148
2024-05-18 20:00:00+00:00,0.0005813310624300242
2024-05-18 21:00:00+00:00,4.154376260283974e-05
2024-05-18 22:00:00+00:00,0.0004351075811438638
2024-05-18 23:00:00+00:00,-0.0007838928208990911
2024-05-19 00:00:00+00:00,-0.00032838835235488056
2024-05-19 01:00:00+00:00,-0.0006438066186762739
2024-05-19 02:00:00+00:00,0.003536037570678966
2024-05-19 03:00:00+00:00,-0.0006886442848351679
2024-05-19 04:00:00+00:00,-0.0013289435718881434
2024-05-19 05:00:00+00:00,-0.001508782018013389
2024-05-19 06:00:00+00:00,-0.0006065443746037466
2024-05-19 07:00:00+00:00,-0.002256629158872986
2024-05-19 08:00:00+00:00,0.00039638526789095293
2024-05-19 09:00:00+00:00,4.040397766204509e-05
2024-05-19 10:00:00+00:00,-0.00027313023496728614
2024-05-19 11:00:00+00:00,0.0006123225282691684
2024-05-19 12:00:00+00:00,0.001658592439089513
2024-05-19 13:00:00+00:00,-0.003194969681046198
2024-05-19 14:00:00+00:00,-0.0013008520117765952
2024-05-19 15:00:00+00:00,-0.0029934902145018374
2024-05-19 16:00:00+00:00,0.001291753790565597
2024-05-19 17:00:00+00:00,-0.004976786429268941
2024-05-19 18:00:00+00:00,0.001288669843291995
2024-05-19 19:00:00+00:00,-0.0008074113992256224
2024-05-19 20:00:00+00:00,0.0005564828135327523
2024-05-19 21:00:00+00:00,-0.0004964163907068814
2024-05-19 22:00:00+00:00,0.0019453741818795608
2024-05-19 23:00:00+00:00,0.003274212809324815
2024-05-20 00:00:00+00:00,-0.002792996303480349
2024-05-20 01:00:00+00:00,-0.004953839924222369
2024-05-20 02:00:00+00:00,-0.003037488840158347
2024-05-20 03:00:00+00:00,0.0037753130206679276
2024-05-20 04:00:00+00:00,0.000644991075192353
2024-05-20 05:00:00+00:00,0.0010838314978415054
2024-05-20 06:00:00+00:00,-0.0006889598317930074
2024-05-20 07:00:00+00:00,2.458138517864023e-05
2024-05-20 08:00:00+00:00,0.003488045452300694
2024-05-20 09:00:00+00:00,-0.0009665854220495664
2024-05-20 10:00:00+00:00,0.0017993573183862493
2024-05-20 11:00:00+00:00,-0.0009641978084051325
2024-05-20 12:00:00+00:00,0.003390302508427305
2024-05-20 13:00:00+00:00,-7.725457582512077e-05
2024-05-20 14:00:00+00:00,0.0014008786255684123
2024-05-20 15:00:00+00:00,-0.0029609849280066275
2024-05-20 16:00:00+00:00,0.00016404818142735288
2024-05-20 17:00:00+00:00,0.0009820681643419398
2024-05-20 18:00:00+00:00,0.002838719188233776
2024-05-20 19:00:00+00:00,0.01958799415699886
2024-05-20 20:00:00+00:00,0.0059411258242249
2024-05-20 21:00:00+00:00,-0.003247346347418097
2024-05-20 22:00:00+00:00,0.0066921529497171155
2024-05-20 23:00:00+00:00,0.0022321121451424433
2024-05-21 00:00:00+00:00,0.004754192640639145
2024-05-21 01:00:00+00:00,-0.003775859407941297
2024-05-21 02:00:00+00:00,0.0027764338388180437
2024-05-21 03:00:00+00:00,0.00020742572459447805
2024-05-21 04:00:00+00:00,0.0032482828383340137
2024-05-21 05:00:00+00:00,0.0020539061942190856
2024-05-21 06:00:00+00:00,-0.004255938245307775
2024-05-21 07:00:00+00:00,0.002691477636388447
2024-05-21 08:00:00+00:00,0.0032606545395850793
2024-05-21 09:00:00+00:00,-0.0028358308742012454
2024-05-21 10:00:00+00:00,0.005965555688499459
2024-05-21 11:00:00+00:00,-0.003297705888013459
2024-05-21 12:00:00+00:00,0.006518863079481694
2024-05-21 13:00:00+00:00,0.0018465324082177549
2024-05-21 14:00:00+00:00,-0.0032375603949399406
2024-05-21 15:00:00+00:00,0.0022315707042143483
2024-05-21 16:00:00+00:00,0.0006733838278332139
2024-05-21 17:00:00+00:00,0.010616486406135368
2024-05-21 18:00:00+00:00,0.002419988749128668
2024-05-21 19:00:00+00:00,-0.005166988833123641
2024-05-21 20:00:00+00:00,-0.00021595989901362605
2024-05-21 21:00:00+00:00,0.0035551971808956695
2024-05-21 22:00:00+00:00,0.000771007076834562
2024-05-21 23:00:00+00:00,0.0008419880873072345
2024-05-22 00:00:00+00:00,-0.00021471903130214882
2024-05-22 01:00:00+00:00,-0.0029797664778703483
2024-05-22 02:00:00+00:00,0.0008385119212379596
2024-05-22 03:00:00+00:00,0.0012519064835759936
2024-05-22 04:00:00+00:00,0.0004092135950432442
2024-05-22 05:00:00+00:00,-0.0013661776825521458
2024-05-22 06:00:00+00:00,0.008598414441875958
2024-05-22 07:00:00+00:00,0.0013430061335124694
2024-05-22 08:00:00+00:00,-0.00032140542245390533
2024-05-22 09:00:00+00:00,-0.0010087493365041908
2024-05-22 10:00:00+00:00,-0.0001472130181898675
2024-05-22 11:00:00+00:00,0.0026088452357945387
2024-05-22 12:00:00+00:00,-0.0021239992856880957
2024-05-22 13:00:00+00:00,0.007102006492903645
2024-05-22 14:00:00+00:00,-0.00079653189683894
2024-05-22 15:00:00+00:00,0.0033323829046737015
2024-05-22 16:00:00+00:00,-0.0029769330277188886
2024-05-22 17:00:00+00:00,0.000220402536474958
2024-05-22 18:00:00+00:00,0.004330727709082284
2024-05-22 19:00:00+00:00,0.002139276276721508
2024-05-22 20:00:00+00:00,-0.0026242246232019892
2024-05-22 21:00:00+00:00,-0.0021281886384411754
2024-05-22 22:00:00+00:00,0.004559006262364019
2024-05-22 23:00:00+00:00,-0.0017835323806105695
2024-05-23 00:00:00+00:00,0.0032306571568304332
2024-05-23 01:00:00+00:00,-0.0008120499692413227
2024-05-23 02:00:00+00:00,0.0033712984043149405
2024-05-23 03:00:00+00:00,-0.0010766165889976747
2024-05-23 04:00:00+00:00,-0.0008967204557364674
2024-05-23 05:00:00+00:00,0.0006036177745219559
2024-05-23 06:00:00+00:00,-0.004654471189768838
2024-05-23 07:00:00+00:00,-0.0009088251236253195
2024-05-23 08:00:00+00:00,0.0013405724868624845
2024-05-23 09:00:00+00:00,2.3001895907912072e-05
2024-05-23 10:00:00+00:00,-0.0051392314084705605
2024-05-23 11:00:00+00:00,-0.0042852720709572216
2024-05-23 12:00:00+00:00,-0.0030520561481184854
2024-05-23 13:00:00+00:00,0.0020828496021546507
2024-05-23 14:00:00+00:00,-0.0006533727295723027
2024-05-23 15:00:00+00:00,-0.004166073340339539
2024-05-23 16:00:00+00:00,-0.0010028053979071422
2024-05-23 17:00:00+00:00,0.0009672683290190821
2024-05-23 18:00:00+00:00,-0.0028485506362733344
2024-05-23 19:00:00+00:00,0.0016387555905075521
2024-05-23 20:00:00+00:00,-0.0009568640896778279
2024-05-23 21:00:00+00:00,0.0006860256877876921
2024-05-23 22:00:00+00:00,0.003037410743984489
2024-05-23 23:00:00+00:00,0.003773050254588953
2024-05-24 00:00:00+00:00,-0.0033019566300043998
2024-05-24 01:00:00+00:00,-0.0013051285346089795
2024-05-24 02:00:00+00:00,-0.002696616353553487
2024-05-24 03:00:00+00:00,-0.0012802340646510238
2024-05-24 04:00:00+00:00,-0.0008985311991953393
2024-05-24 05:00:00+00:00,0.003840485133896648
2024-05-24 06:00:00+00:00,0.002412331703723858
2024-05-24 07:00:00+00:00,0.0008425067052423911
2024-05-24 08:00:00+00:00,-0.0023926545914550235
2024-05-24 09:00:00+00:00,-0.0013864829101339455
2024-05-24 10:00:00+00:00,0.00048126946331613144
2024-05-24 11:00:00+00:00,-0.0001075461735329146
2024-05-24 12:00:00+00:00,0.0018654051894936349
2024-05-24 13:00:00+00:00,0.006176022414547398
2024-05-24 14:00:00+00:00,-0.003275211607560023
2024-05-24 15:00:00+00:00,0.0019157434254378628
2024-05-24 16:00:00+00:00,0.002361412655715909
2024-05-24 17:00:00+00:00,-0.003268718960467724
2024-05-24 18:00:00+00:00,0.002404164049205305
2024-05-24 19:00:00+00:00,-0.0036364381896229233
2024-05-24 20:00:00+00:00,0.0012551612304767925
2024-05-24 21:00:00+00:00,0.00023963200462885878
2024-05-24 22:00:00+00:00,-0.0005627449515847171
2024-05-24 23:00:00+00:00,0.004005333854051476
2024-05-25 00:00:00+00:00,0.0005426095035310194
2024-05-25 01:00:00+00:00,0.000469737976584358
2024-05-25 02:00:00+00:00,0.0013728582652699026
2024-05-25 03:00:00+00:00,-0.0016008582105853145
2024-05-25 04:00:00+00:00,-0.0011058321934565253
2024-05-25 05:00:00+00:00,0.0009089025436744586
2024-05-25 06:00:00+00:00,0.0014054075900003856
2024-05-25 07:00:00+00:00,0.0001827979799952893
2024-05-25 08:00:00+00:00,0.0004327710080611415
2024-05-25 09:00:00+00:00,0.00027142629204662924
2024-05-25 10:00:00+00:00,-0.0022580361922382042
2024-05-25 11:00:00+00:00,0.0008084260597485396
2024-05-25 12:00:00+00:00,0.0005227528684892402
2024-05-25 13:00:00+00:00,-0.00036249517071682415
2024-05-25 14:00:00+00:00,-0.002268915277264882
2024-05-25 15:00:00+00:00,0.0006344044383519821
2024-05-25 16:00:00+00:00,-0.00213748117748569
2024-05-25 17:00:00+00:00,-0.0001909215915527006
2024-05-25 18:00:00+00:00,-0.000494741542416206
2024-05-25 19:00:00+00:00,-6.137951025268309e-05
2024-05-25 20:00:00+00:00,-0.0006273976975953222
2024-05-25 21:00:00+00:00,0.0024824371245940934
2024-05-25 22:00:00+00:00,-0.0013685754623526253
2024-05-25 23:00:00+00:00,0.0004653876868267841
2024-05-26 00:00:00+00:00,0.0018857822529133566
2024-05-26 01:00:00+00:00,-0.0005265975122719892
2024-05-26 02:00:00+00:00,-0.005690647094217466
2024-05-26 03:00:00+00:00,-0.0022370356490184493
2024-05-26 04:00:00+00:00,-0.00014565872413222443
2024-05-26 05:00:00+00:00,-0.0010517423820990647
2024-05-26 06:00:00+00:00,0.002361196891348231
2024-05-26 07:00:00+00:00,-0.00014415945658646822
2024-05-26 08:00:00+00:00,-0.002784307405854134
2024-05-26 09:00:00+00:00,-0.0033561955931160612
2024-05-26 10:00:00+00:00,0.002339118424645889
2024-05-26 11:00:00+00:00,-0.0009129727903709269
2024-05-26 12:00:00+00:00,0.0003536974461118408
2024-05-26 13:00:00+00:00,0.0016754196923994724
2024-05-26 14:00:00+00:00,-0.0027888183238704433
2024-05-26 15:00:00+00:00,0.001540214546176321
2024-05-26 16:00:00+00:00,-0.0034696360271492827
2024-05-26 17:00:00+00:00,0.002366677099815974
2024-05-26 18:00:00+00:00,-0.00019999247307706143
2024-05-26 19:00:00+00:00,0.006418198956482929
2024-05-26 20:00:00+00:00,-0.0026733157494032364
2024-05-26 21:00:00+00:00,0.003817141592710247
2024-05-26 22:00:00+00:00,0.0010205944102334406
2024-05-26 23:00:00+00:00,-0.004340025259862454
2024-05-27 00:00:00+00:00,0.0012622679727818651
2024-05-27 01:00:00+00:00,-0.0008676410406038075
2024-05-27 02:00:00+00:00,-0.0024647544326459954
2024-05-27 03:00:00+00:00,-0.002033226974480631
2024-05-27 04:00:00+00:00,0.002904432865568836
2024-05-27 05:00:00+00:00,-0.0011165844767351669
2024-05-27 06:00:00+00:00,0.002823367737059401
2024-05-27 07:00:00+00:00,0.0003462599483541816
2024-05-27 08:00:00+00:00,-0.0006443866609872385
2024-05-27 09:00:00+00:00,0.0009984388287896824
2024-05-27 10:00:00+00:00,0.0001745173234546131
2024-05-27 11:00:00+00:00,0.0022693957512113262
2024-05-27 12:00:00+00:00,0.00019051656435696972
2024-05-27 13:00:00+00:00,-0.003928484252010469
2024-05-27 14:00:00+00:00,0.0038527172005840818
2024-05-27 15:00:00+00:00,-0.004026730711059426
2024-05-27 16:00:00+00:00,0.0018587631082806987
2024-05-27 17:00:00+00:00,-0.00267271192492544
2024-05-27 18:00:00+00:00,-0.00014248699260438274
2024-05-27 19:00:00+00:00,-0.0050204198762755425
2024-05-27 20:00:00+00:00,-0.0012908579434883368
2024-05-27 21:00:00+00:00,0.0029257660510371084
2024-05-27 22:00:00+00:00,4.213619469007677e-05
2024-05-27 23:00:00+00:00,-0.0006216104179617311
2024-05-28 00:00:00+00:00,0.0008826784161083041
2024-05-28 01:00:00+00:00,-0.0002580922398268073
2024-05-28 02:00:00+00:00,-0.004013135465655358
2024-05-28 03:00:00+00:00,0.010077646809487207
2024-05-28 04:00:00+00:00,-0.012376909504169281
2024-05-28 05:00:00+00:00,0.0038771506911662082
2024-05-28 06:00:00+00:00,-0.0011177480094771057
2024-05-28 07:00:00+00:00,0.0006710883672212289
2024-05-28 08:00:00+00:00,-0.0025274720710809153
2024-05-28 09:00:00+00:00,-0.0012566166030780865
2024-05-28 10:00:00+00:00,-0.0014320833368313874
2024-05-28 11:00:00+00:00,0.0002001526703352505
2024-05-28 12:00:00+00:00,0.003853666692693334
2024-05-28 13:00:00+00:00,-0.002135899050488753
2024-05-28 14:00:00+00:00,0.0013395655517360854
2024-05-28 15:00:00+00:00,0.0026841562258936753
2024-05-28 16:00:00+00:00,-0.0010702874601941847
2024-05-28 17:00:00+00:00,0.0012505894280382946
2024-05-28 18:00:00+00:00,-0.006413383621702869
2024-05-28 19:00:00+00:00,0.002980860599194674
2024-05-28 20:00:00+00:00,0.0010284326337935503
2024-05-28 21:00:00+00:00,-0.0018468283597326473
2024-05-28 22:00:00+00:00,-0.001136874232243221
2024-05-28 23:00:00+00:00,-0.00263634728292832
2024-05-29 00:00:00+00:00,-0.000689276885655416
2024-05-29 01:00:00+00:00,0.004505811657337127
2024-05-29 02:00:00+00:00,0.0011535351106255378
2024-05-29 03:00:00+00:00,0.0080857604666023
2024-05-29 04:00:00+00:00,-0.009283082340178994
2024-05-29 05:00:00+00:00,0.0012685562587358514
2024-05-29 06:00:00+00:00,0.0028603211866157084
2024-05-29 07:00:00+00:00,-0.0017030128795733723
2024-05-29 08:00:00+00:00,0.003260571799886892
2024-05-29 09:00:00+00:00,-0.0024440887308000117
2024-05-29 10:00:00+00:00,-0.001371181938583019
2024-05-29 11:00:00+00:00,-0.000495635652656187
2024-05-29 12:00:00+00:00,-0.0034634659235562764
2024-05-29 13:00:00+00:00,4.2643946504084404e-05
2024-05-29 14:00:00+00:00,0.0015904615878270583
2024-05-29 15:00:00+00:00,7.875531140961087e-05
2024-05-29 16:00:00+00:00,-0.0004793065796339984
2024-05-29 17:00:00+00:00,0.0026156278836632664
2024-05-29 18:00:00+00:00,0.00037271602392134607
2024-05-29 19:00:00+00:00,-0.002969599060855038
2024-05-29 20:00:00+00:00,-0.00034040571265581625
2024-05-29 21:00:00+00:00,-0.0014360511483733358
2024-05-29 22:00:00+00:00,0.0013348441227415092
2024-05-29 23:00:00+00:00,0.00047584456900393545
2024-05-30 00:00:00+00:00,-0.000826648303638183
2024-05-30 01:00:00+00:00,0.0017147209615490909
2024-05-30 02:00:00+00:00,-0.002757075293818659
2024-05-30 03:00:00+00:00,0.0006725604877381303
2024-05-30 04:00:00+00:00,0.0012876552248978445
2024-05-30 05:00:00+00:00,0.0013691132727083406
2024-05-30 06:00:00+00:00,-0.002315872078180598
2024-05-30 07:00:00+00:00,-0.0037955364324998367
2024-05-30 08:00:00+00:00,0.0054592728474814264
2024-05-30 09:00:00+00:00,-0.0031993168412949246
2024-05-30 10:00:00+00:00,0.005679623921468431
2024-05-30 11:00:00+00:00,0.00389247864319883
2024-05-30 12:00:00+00:00,-0.0018963749818068842
2024-05-30 13:00:00+00:00,-0.0031613775839619694
2024-05-30 14:00:00+00:00,0.0008898423292068714
2024-05-30 15:00:00+00:00,-0.0006522888455865466
2024-05-30 16:00:00+00:00,0.004543737769156
2024-05-30 17:00:00+00:00,0.00013946627960104217
2024-05-30 18:00:00+00:00,0.00027857164150770766
2024-05-30 19:00:00+00:00,-0.0013364954581516388
2024-05-30 20:00:00+00:00,0.001294371912276949
2024-05-30 21:00:00+00:00,-0.001728359189744947
2024-05-30 22:00:00+00:00,0.0017970007841435832
2024-05-30 23:00:00+00:00,-0.0026094128735169035
2024-05-31 00:00:00+00:00,0.0012679427123381472
2024-05-31 01:00:00+00:00,-0.00024233847943525922
2024-05-31 02:00:00+00:00,0.0007512345650448402
2024-05-31 03:00:00+00:00,0.0008158660649436524
2024-05-31 04:00:00+00:00,-0.0012951294925911347
2024-05-31 05:00:00+00:00,-0.001809308542493322
2024-05-31 06:00:00+00:00,0.0041607526374846885
2024-05-31 07:00:00+00:00,0.0006604049299453445
2024-05-31 08:00:00+00:00,0.0001465323954798064
2024-05-31 09:00:00+00:00,-0.0022630777840879582
2024-05-31 10:00:00+00:00,-0.0015550868760472575
2024-05-31 11:00:00+00:00,-0.001285140018933543
2024-05-31 12:00:00+00:00,0.0037565332600045663
2024-05-31 13:00:00+00:00,0.004341588868339583
2024-05-31 14:00:00+00:00,0.0004888527193156948
2024-05-31 15:00:00+00:00,0.0012492680153674512
2024-05-31 16:00:00+00:00,-0.0014537434110641061
2024-05-31 17:00:00+00:00,-0.0006260402945628255
2024-05-31 18:00:00+00:00,-0.0034192259213034807
2024-05-31 19:00:00+00:00,-0.001439515042334577
2024-05-31 20:00:00+00:00,-0.0016641597012427157
2024-05-31 21:00:00+00:00,-0.0002467540755300445
2024-05-31 22:00:00+00:00,0.0007889111108343266
2024-05-31 23:00:00+00:00,0.0006722734784300738
2024-06-01 00:00:00+00:00,0.001597399619589345
2024-06-01 01:00:00+00:00,-0.0007703530262391361
2024-06-01 02:00:00+00:00,-0.00016778203302489052
2024-06-01 03:00:00+00:00,0.00016029929740481167
2024-06-01 04:00:00+00:00,-0.001607926519980596
2024-06-01 05:00:00+00:00,0.0011485122187810837
2024-06-01 06:00:00+00:00,-0.001902092002789901
2024-06-01 07:00:00+00:00,0.001055603198824946
2024-06-01 08:00:00+00:00,-0.0006307872904557473
2024-06-01 09:00:00+00:00,0.00030199453697989537
2024-06-01 10:00:00+00:00,-0.0016021784099730088
2024-06-01 11:00:00+00:00,0.00026885145100760324
2024-06-01 12:00:00+00:00,-0.00041410092672561013
2024-06-01 13:00:00+00:00,-3.6433514171237185e-05
2024-06-01 14:00:00+00:00,0.0007304060888585465
2024-06-01 15:00:00+00:00,0.0017206956543680822
2024-06-01 16:00:00+00:00,0.0007328186363126155
2024-06-01 17:00:00+00:00,0.0008056763333393103
2024-06-01 18:00:00+00:00,-0.00010668304662371785
2024-06-01 19:00:00+00:00,0.0012663755867425353
2024-06-01 20:00:00+00:00,0.0003916411505509513
2024-06-01 21:00:00+00:00,0.0005514677251108172
2024-06-01 22:00:00+00:00,-5.236753277383968e-05
2024-06-01 23:00:00+00:00,-0.0012333334662273164
2024-06-02 00:00:00+00:00,0.0009920159216119167
2024-06-02 01:00:00+00:00,-0.0006601448016959617
2024-06-02 02:00:00+00:00,0.0011013719347762164
2024-06-02 03:00:00+00:00,0.0007935632659770498
2024-06-02 04:00:00+00:00,0.0040886341241096495
2024-06-02 05:00:00+00:00,0.00042636444435023894
2024-06-02 06:00:00+00:00,-0.002812680336192374
2024-06-02 07:00:00+00:00,0.0014470658691614206
2024-06-02 08:00:00+00:00,0.0013214519849054805
2024-06-02 09:00:00+00:00,-0.00309210300907025
2024-06-02 10:00:00+00:00,-0.0003544073963985676
2024-06-02 11:00:00+00:00,0.00015083635048940942
2024-06-02 12:00:00+00:00,0.002791058076552677
2024-06-02 13:00:00+00:00,-0.0017636057867515635
2024-06-02 14:00:00+00:00,0.003659409114742409
2024-06-02 15:00:00+00:00,0.0024273275652774936
2024-06-02 16:00:00+00:00,-0.0008304571440636185
2024-06-02 17:00:00+00:00,-0.0034272589937673265
2024-06-02 18:00:00+00:00,2.9084959863618274e-05
2024-06-02 19:00:00+00:00,0.0005188299373819945
2024-06-02 20:00:00+00:00,0.0006057309452023203
2024-06-02 21:00:00+00:00,-0.0005385918681427315
2024-06-02 22:00:00+00:00,0.00016406050462310938
2024-06-02 23:00:00+00:00,4.516050402875797e-05
2024-06-03 00:00:00+00:00,0.0004912975499280104
2024-06-03 01:00:00+00:00,0.0031886457992877557
2024-06-03 02:00:00+00:00,-0.0005307570609780283
2024-06-03 03:00:00+00:00,0.0003832484151984938
2024-06-03 04:00:00+00:00,-0.0021909076417004035
2024-06-03 05:00:00+00:00,0.003974173372468602
2024-06-03 06:00:00+00:00,0.001252117527081064
2024-06-03 07:00:00+00:00,0.001966180601691573
2024-06-03 08:00:00+00:00,0.0025999375833483628
2024-06-03 09:00:00+00:00,-0.00012815183879526237
2024-06-03 10:00:00+00:00,0.0014668965360253104
2024-06-03 11:00:00+00:00,0.00044054216958090285
2024-06-03 12:00:00+00:00,-0.003739959702529532
2024-06-03 13:00:00+00:00,0.0020276456591397356
2024-06-03 14:00:00+00:00,-0.0001749939264928404
2024-06-03 15:00:00+00:00,0.0008846396680394233
2024-06-03 16:00:00+00:00,0.0016765817199694707
2024-06-03 17:00:00+00:00,0.003252842810577447
2024-06-03 18:00:00+00:00,-0.0002490906738532221
2024-06-03 19:00:00+00:00,0.004792308035902505
2024-06-03 20:00:00+00:00,0.0010030200302793373
2024-06-03 21:00:00+00:00,-0.0019048327882019958
2024-06-03 22:00:00+00:00,-0.0014476587772409208
2024-06-03 23:00:00+00:00,-0.0019160665476958079
2024-06-04 00:00:00+00:00,0.0025450571038554185
2024-06-04 01:00:00+00:00,-0.0005825023224228527
2024-06-04 02:00:00+00:00,-9.562696329542987e-05
2024-06-04 03:00:00+00:00,-0.0006785680563897108
2024-06-04 04:00:00+00:00,0.0017746727726625456
2024-06-04 05:00:00+00:00,-0.0033030627627350065
2024-06-04 06:00:00+00:00,0.001558266000061869
2024-06-04 07:00:00+00:00,-0.0014235570338077444
2024-06-04 08:00:00+00:00,0.0012181135406494257
2024-06-04 09:00:00+00:00,0.0013253856608129498
2024-06-04 10:00:00+00:00,-0.0007462012953365619
2024-06-04 11:00:00+00:00,-0.00087925252549294
2024-06-04 12:00:00+00:00,0.0005622946020744249
2024-06-04 13:00:00+00:00,-0.0012265171775503619
2024-06-04 14:00:00+00:00,0.0019401982044949572
2024-06-04 15:00:00+00:00,-0.0008494150107869693
2024-06-04 16:00:00+00:00,0.0010349932933555865
2024-06-04 17:00:00+00:00,0.001177923045020788
2024-06-04 18:00:00+00:00,0.0004826155003722592
2024-06-04 19:00:00+00:00,0.00021543409067659663
2024-06-04 20:00:00+00:00,-0.00036786849392111607
2024-06-04 21:00:00+00:00,-0.00037354619299544893
2024-06-04 22:00:00+00:00,-0.002060186682151035
2024-06-04 23:00:00+00:00,-0.0010709895362647544
2024-06-05 00:00:00+00:00,-0.0020149017133985047
2024-06-05 01:00:00+00:00,-0.0006728923189063604
2024-06-05 02:00:00+00:00,0.001000185859508519
2024-06-05 03:00:00+00:00,0.00013967524013911887
2024-06-05 04:00:00+00:00,0.0018479681532854789
2024-06-05 05:00:00+00:00,-0.0033761343172810637
2024-06-05 06:00:00+00:00,0.0015070924325018974
2024-06-05 07:00:00+00:00,-0.0004828667097177586
2024-06-05 08:00:00+00:00,0.002668663835785
2024-06-05 09:00:00+00:00,7.479017039976736e-05
2024-06-05 10:00:00+00:00,8.723141050365448e-05
2024-06-05 11:00:00+00:00,-0.00027302521100441537
2024-06-05 12:00:00+00:00,-0.0020391827134167632
2024-06-05 13:00:00+00:00,0.002594712257849214
2024-06-05 14:00:00+00:00,-0.0005749431703523178
2024-06-05 15:00:00+00:00,8.036298944825143e-05
2024-06-05 16:00:00+00:00,0.004397019624886689
2024-06-05 17:00:00+00:00,-0.0010918440064346237
2024-06-05 18:00:00+00:00,0.003961982887167389
2024-06-05 19:00:00+00:00,-0.0018547274840520086
2024-06-05 20:00:00+00:00,0.0012078015607853022
2024-06-05 21:00:00+00:00,-0.0012333752195137885
2024-06-05 22:00:00+00:00,-0.0006696529308885679
2024-06-05 23:00:00+00:00,-0.0021649817403222
2024-06-06 00:00:00+00:00,0.0002266646676058466
2024-06-06 01:00:00+00:00,-0.0007869316334548288
2024-06-06 02:00:00+00:00,0.00013127665228405234
2024-06-06 03:00:00+00:00,-0.00035672351771387815
2024-06-06 04:00:00+00:00,-0.0022192941620066907
2024-06-06 05:00:00+00:00,5.356777883442601e-05
2024-06-06 06:00:00+00:00,-0.00013170211908075373
2024-06-06 07:00:00+00:00,-0.0014926274226683108
2024-06-06 08:00:00+00:00,0.0014355441691990066
2024-06-06 09:00:00+00:00,-0.0012782555686756114
2024-06-06 10:00:00+00:00,0.0005223246475003121
2024-06-06 11:00:00+00:00,0.0021961346157713477
2024-06-06 12:00:00+00:00,-0.0006676235912921339
2024-06-06 13:00:00+00:00,-0.0013415701413513528
2024-06-06 14:00:00+00:00,0.002179751186962298
2024-06-06 15:00:00+00:00,0.00214298291378509
2024-06-06 16:00:00+00:00,-0.0009833945231409657
2024-06-06 17:00:00+00:00,-0.0006752606566447644
2024-06-06 18:00:00+00:00,-0.0018341560097685286
2024-06-06 19:00:00+00:00,-0.002894363396206994
2024-06-06 20:00:00+00:00,0.001618328654498515
2024-06-06 21:00:00+00:00,-0.0007188836561493506
2024-06-06 22:00:00+00:00,-0.00193944311594787
2024-06-06 23:00:00+00:00,-0.0012112200667889206
2024-06-07 00:00:00+00:00,0.0017612430720890704
2024-06-07 01:00:00+00:00,0.0013257249235332285
2024-06-07 02:00:00+00:00,-0.00031001200421239326
2024-06-07 03:00:00+00:00,-0.0024207625199077604
2024-06-07 04:00:00+00:00,0.00042283806390284746
2024-06-07 05:00:00+00:00,-0.0002709824103707703
2024-06-07 06:00:00+00:00,0.0027658757140910117
2024-06-07 07:00:00+00:00,0.004174881345579779
2024-06-07 08:00:00+00:00,-0.0011112710373755341
2024-06-07 09:00:00+00:00,-0.002674934855794111
2024-06-07 10:00:00+00:00,-0.0015968583923696535
2024-06-07 11:00:00+00:00,0.00015668519801853128
2024-06-07 12:00:00+00:00,-0.0015786856564882522
2024-06-07 13:00:00+00:00,0.0057126903315164995
2024-06-07 14:00:00+00:00,0.0019060097842058612
2024-06-07 15:00:00+00:00,-0.003156737192212198
2024-06-07 16:00:00+00:00,-0.002063754005872012
2024-06-07 17:00:00+00:00,0.002436875041868343
2024-06-07 18:00:00+00:00,-0.02048098965541435
2024-06-07 19:00:00+00:00,0.0012597629296279666
2024-06-07 20:00:00+00:00,0.0005112095478387862
2024-06-07 21:00:00+00:00,0.004304765990405857
2024-06-07 22:00:00+00:00,-0.0030567314335036284
2024-06-07 23:00:00+00:00,0.0015291568971261696
2024-06-08 00:00:00+00:00,-0.0006469637110519159
2024-06-08 01:00:00+00:00,-0.00019172313940153473
2024-06-08 02:00:00+00:00,0.0021595980614822706
2024-06-08 03:00:00+00:00,0.0012477605263600785
2024-06-08 04:00:00+00:00,-0.0019718626867665347
2024-06-08 05:00:00+00:00,-0.0007477804327603254
2024-06-08 06:00:00+00:00,-0.0028781082498574913
2024-06-08 07:00:00+00:00,-0.0038801040314565866
2024-06-08 08:00:00+00:00,-0.0009485848524198184
2024-06-08 09:00:00+00:00,-0.0006836869865485556
2024-06-08 10:00:00+00:00,0.0006328918242312395
2024-06-08 11:00:00+00:00,-0.0009728273160201333
2024-06-08 12:00:00+00:00,0.00021399032292546691
2024-06-08 13:00:00+00:00,0.0007870806744815366
2024-06-08 14:00:00+00:00,-0.0005800797555292584
2024-06-08 15:00:00+00:00,-0.00017234620784616883
2024-06-08 16:00:00+00:00,-0.0029103279770252015
2024-06-08 17:00:00+00:00,-0.0018251263129704359
2024-06-08 18:00:00+00:00,0.0033157811532430245
2024-06-08 19:00:00+00:00,-0.002688766605727764
2024-06-08 20:00:00+00:00,-0.0017709718584507624
2024-06-08 21:00:00+00:00,0.0014081150307695656
2024-06-08 22:00:00+00:00,0.000973259090365916
2024-06-08 23:00:00+00:00,0.003170544770200388
2024-06-09 00:00:00+00:00,0.003025175426841033
2024-06-09 01:00:00+00:00,0.0014493977818641037
2024-06-09 02:00:00+00:00,0.0038292856118785482
2024-06-09 03:00:00+00:00,-0.0010476310772570344
2024-06-09 04:00:00+00:00,0.0018872542373572258
2024-06-09 05:00:00+00:00,-0.0010140308490144889
2024-06-09 06:00:00+00:00,-0.0013323269512710999
2024-06-09 07:00:00+00:00,-0.00201120056327748
2024-06-09 08:00:00+00:00,0.0003559397603700935
2024-06-09 09:00:00+00:00,0.0005792652313235338
2024-06-09 10:00:00+00:00,0.0011241387346124447
2024-06-09 11:00:00+00:00,-0.0024087041143286197
2024-06-09 12:00:00+00:00,-0.001443010850137646
2024-06-09 13:00:00+00:00,0.002265782907602856
2024-06-09 14:00:00+00:00,0.0013113780136450415
2024-06-09 15:00:00+00:00,0.0005692919807242655
2024-06-09 16:00:00+00:00,0.003801457189169745
2024-06-09 17:00:00+00:00,-0.0017494391325378503
2024-06-09 18:00:00+00:00,0.0014673362802246131
2024-06-09 19:00:00+00:00,0.001826003326063276
2024-06-09 20:00:00+00:00,-0.00019913437098615288
2024-06-09 21:00:00+00:00,0.00031811777387345846
2024-06-09 22:00:00+00:00,0.00018292415392407558
2024-06-09 23:00:00+00:00,-0.0013545155900688678
2024-06-10 00:00:00+00:00,0.0019453337087079164
2024-06-10 01:00:00+00:00,-0.00011813509192482838
2024-06-10 02:00:00+00:00,-0.00045748740354751373
2024-06-10 03:00:00+00:00,0.0004522137665328492
2024-06-10 04:00:00+00:00,8.830615040929447e-05
2024-06-10 05:00:00+00:00,0.0035074229245034595
2024-06-10 06:00:00+00:00,0.007167975812962936
2024-06-10 07:00:00+00:00,0.002066089200749701
2024-06-10 08:00:00+00:00,0.0055129330363104835
2024-06-10 09:00:00+00:00,0.000928731664453881
2024-06-10 10:00:00+00:00,0.0009652543644147998
2024-06-10 11:00:00+00:00,-0.0008316399272614254
2024-06-10 12:00:00+00:00,-0.00286537117818861
2024-06-10 13:00:00+00:00,0.0007859647122301718
2024-06-10 14:00:00+00:00,0.0012173784840585516
2024-06-10 15:00:00+00:00,0.003159042601214635
2024-06-10 16:00:00+00:00,-0.001903260787426841
2024-06-10 17:00:00+00:00,-0.00039475696253811997
2024-06-10 18:00:00+00:00,0.00041123482731473626
2024-06-10 19:00:00+00:00,-0.0005270404971236449
2024-06-10 20:00:00+00:00,-0.0030568311483105395
2024-06-10 21:00:00+00:00,-0.0015624709177878484
2024-06-10 22:00:00+00:00,0.00222335819471623
2024-06-10 23:00:00+00:00,-0.000832154953096049
2024-06-11 00:00:00+00:00,-0.0003751805518945266
2024-06-11 01:00:00+00:00,-0.0021970302180267503
2024-06-11 02:00:00+00:00,0.006813022819974752
2024-06-11 03:00:00+00:00,-0.002527338984805514
2024-06-11 04:00:00+00:00,0.001857303633408244
2024-06-11 05:00:00+00:00,0.002336136723987322
2024-06-11 06:00:00+00:00,0.003255168557619229
2024-06-11 07:00:00+00:00,0.0036519029467548527
2024-06-11 08:00:00+00:00,0.0011124405101207986
2024-06-11 09:00:00+00:00,0.0035671685375311384
2024-06-11 10:00:00+00:00,0.0042979207610911235
2024-06-11 11:00:00+00:00,-0.002840330537732317
2024-06-11 12:00:00+00:00,-0.0029415323689110017
2024-06-11 13:00:00+00:00,-0.0038969640960731097
2024-06-11 14:00:00+00:00,0.0037351769750171406
2024-06-11 15:00:00+00:00,-0.0003523865443937506
2024-06-11 16:00:00+00:00,-0.002248844813470397
2024-06-11 17:00:00+00:00,-0.00047014546189555034
2024-06-11 18:00:00+00:00,0.0011750531208235744
2024-06-11 19:00:00+00:00,-0.0021530337841530692
2024-06-11 20:00:00+00:00,0.0013752715714128413
2024-06-11 21:00:00+00:00,0.0013466085564356877
2024-06-11 22:00:00+00:00,-0.0030788251258158806
2024-06-11 23:00:00+00:00,-0.0018934839728959676
2024-06-12 00:00:00+00:00,-0.0025747055266294333
2024-06-12 01:00:00+00:00,-0.002311726950509066
2024-06-12 02:00:00+00:00,0.005346053336401216
2024-06-12 03:00:00+00:00,0.0025020560342107956
2024-06-12 04:00:00+00:00,0.002436714041143492
2024-06-12 05:00:00+00:00,-4.76263791875166e-05
2024-06-12 06:00:00+00:00,0.0011646527924593607
2024-06-12 07:00:00+00:00,-0.0010485069151427427
2024-06-12 08:00:00+00:00,0.0017252355107563253
2024-06-12 09:00:00+00:00,-0.0023198242482666697
2024-06-12 10:00:00+00:00,0.002318557862997419
2024-06-12 11:00:00+00:00,-0.0005105461480717175
2024-06-12 12:00:00+00:00,0.006333282381661058
2024-06-12 13:00:00+00:00,0.0019310584550250864
2024-06-12 14:00:00+00:00,0.0022039339136739225
2024-06-12 15:00:00+00:00,-0.0008349628835909776
2024-06-12 16:00:00+00:00,-0.00033074650257883996
2024-06-12 17:00:00+00:00,-0.0005862694734668784
2024-06-12 18:00:00+00:00,0.002240526349117008
2024-06-12 19:00:00+00:00,0.0007778030782614506
2024-06-12 20:00:00+00:00,0.0025534153326900273
2024-06-12 21:00:00+00:00,-0.006179089933044641
2024-06-12 22:00:00+00:00,0.0017446034133743943
2024-06-12 23:00:00+00:00,0.0011339146406009637
2024-06-13 00:00:00+00:00,0.0011065710937193038
2024-06-13 01:00:00+00:00,-0.0022731476158019143
2024-06-13 02:00:00+00:00,-0.001534771975434009
2024-06-13 03:00:00+00:00,-0.0010135765448811022
2024-06-13 04:00:00+00:00,0.0030059862428405957
2024-06-13 05:00:00+00:00,-0.0030363611054412295
2024-06-13 06:00:00+00:00,-0.0012360606038239821
2024-06-13 07:00:00+00:00,-0.0013021562308803876
2024-06-13 08:00:00+00:00,-0.000106843928811188
2024-06-13 09:00:00+00:00,-0.0002452448593969008
2024-06-13 10:00:00+00:00,-0.0013820930948615071
2024-06-13 11:00:00+00:00,0.0005903880252180611
2024-06-13 12:00:00+00:00,-0.0016431439118449957
2024-06-13 13:00:00+00:00,0.006763937059380281
2024-06-13 14:00:00+00:00,0.0011337913471408667
2024-06-13 15:00:00+00:00,0.0009399557099125329
2024-06-13 16:00:00+00:00,-0.0052917687954137605
2024-06-13 17:00:00+00:00,0.0017674024463034338
2024-06-13 18:00:00+00:00,0.0033364113176925256
2024-06-13 19:00:00+00:00,0.0006653130370471447
2024-06-13 20:00:00+00:00,-0.008099147760756827
2024-06-13 21:00:00+00:00,0.0005791107214875365
2024-06-13 22:00:00+00:00,9.107435314792046e-05
2024-06-13 23:00:00+00:00,-2.1399694883118294e-06
2024-06-14 00:00:00+00:00,-0.0025546286713191983
2024-06-14 01:00:00+00:00,0.0036484705264150023
2024-06-14 02:00:00+00:00,0.0011435586790796224
2024-06-14 03:00:00+00:00,-0.0014561337982726785
2024-06-14 04:00:00+00:00,-0.0009677325749576906
2024-06-14 05:00:00+00:00,0.0012658309694336056
2024-06-14 06:00:00+00:00,-9.958110150801321e-05
2024-06-14 07:00:00+00:00,0.0018431247700250628
2024-06-14 08:00:00+00:00,-0.0016266673691564277
2024-06-14 09:00:00+00:00,0.0019392232876301167
2024-06-14 10:00:00+00:00,0.0008967159707434736
2024-06-14 11:00:00+00:00,-0.0005148583892136893
2024-06-14 12:00:00+00:00,-0.0012431920750691518
2024-06-14 13:00:00+00:00,-0.0011967076276328938
2024-06-14 14:00:00+00:00,-0.00886047950458462
2024-06-14 15:00:00+00:00,-0.0023826206638554396
2024-06-14 16:00:00+00:00,-0.0008132099565437163
2024-06-14 17:00:00+00:00,-0.002174028338355339
2024-06-14 18:00:00+00:00,-0.0005346098824046486
2024-06-14 19:00:00+00:00,-5.752523673402684e-05
2024-06-14 20:00:00+00:00,-0.00061064185601916
2024-06-14 21:00:00+00:00,0.0016912039360104712
2024-06-14 22:00:00+00:00,-3.483318776764856e-05
2024-06-14 23:00:00+00:00,0.0016551435839884453
2024-06-15 00:00:00+00:00,0.0013430771315486752
2024-06-15 01:00:00+00:00,-0.0016665020050943
2024-06-15 02:00:00+00:00,0.0015994738149565076
2024-06-15 03:00:00+00:00,0.0005734048675961143
2024-06-15 04:00:00+00:00,0.0018883665265244237
2024-06-15 05:00:00+00:00,0.000285838076705872
2024-06-15 06:00:00+00:00,0.0003311162781555391
2024-06-15 07:00:00+00:00,-9.526244129249802e-05
2024-06-15 08:00:00+00:00,-0.0004098157366140284
2024-06-15 09:00:00+00:00,-0.0006089427002616246
2024-06-15 10:00:00+00:00,-3.637350404022316e-05
2024-06-15 11:00:00+00:00,0.0009988799953735078
2024-06-15 12:00:00+00:00,-0.0005210320628582121
2024-06-15 13:00:00+00:00,-6.152822252553264e-06
2024-06-15 14:00:00+00:00,0.0008853726882114569
2024-06-15 15:00:00+00:00,0.002048811440988067
2024-06-15 16:00:00+00:00,-0.000314874054957188
2024-06-15 17:00:00+00:00,-0.00023868816098131254
2024-06-15 18:00:00+00:00,0.0003568928499772873
2024-06-15 19:00:00+00:00,-0.0017747712609308302
2024-06-15 20:00:00+00:00,-0.0006451218110462416
2024-06-15 21:00:00+00:00,0.00024546283548205886
2024-06-15 22:00:00+00:00,0.00015760289813886584
2024-06-15 23:00:00+00:00,-0.0003976889415619994
2024-06-16 00:00:00+00:00,-0.00133446730469371
2024-06-16 01:00:00+00:00,-6.111001336082746e-05
2024-06-16 02:00:00+00:00,0.0007273027068666505
2024-06-16 03:00:00+00:00,-0.0032467102358649546
2024-06-16 04:00:00+00:00,-0.002679548187063543
2024-06-16 05:00:00+00:00,0.005881426367668935
2024-06-16 06:00:00+00:00,0.0014362648838513823
2024-06-16 07:00:00+00:00,0.0005812377985443274
2024-06-16 08:00:00+00:00,-0.0013006792702447336
2024-06-16 09:00:00+00:00,-0.0010386906599626007
2024-06-16 10:00:00+00:00,-0.0006278422997330825
2024-06-16 11:00:00+00:00,0.0004773788079652227
2024-06-16 12:00:00+00:00,-0.002480099455013003
2024-06-16 13:00:00+00:00,0.001073469550317741
2024-06-16 14:00:00+00:00,0.0025827520237497958
2024-06-16 15:00:00+00:00,0.001698215675148447
2024-06-16 16:00:00+00:00,-0.000274248793432468
2024-06-16 17:00:00+00:00,-0.0002503796767864622
2024-06-16 18:00:00+00:00,-0.002170094923637293
2024-06-16 19:00:00+00:00,0.0009105730208099606
2024-06-16 20:00:00+00:00,0.001415256169583804
2024-06-16 21:00:00+00:00,-0.0013130779679562626
2024-06-16 22:00:00+00:00,0.0022194044900143524
2024-06-16 23:00:00+00:00,-0.0010286231482415137
2024-06-17 00:00:00+00:00,0.0035494963334505997
2024-06-17 01:00:00+00:00,-0.003164583955190462
2024-06-17 02:00:00+00:00,-0.003547444114459872
2024-06-17 03:00:00+00:00,-0.0009041462096048968
2024-06-17 04:00:00+00:00,-6.751914318460896e-05
2024-06-17 05:00:00+00:00,-0.0030299281721024663
2024-06-17 06:00:00+00:00,-0.002828297024604157
2024-06-17 07:00:00+00:00,-0.0016234003535596055
2024-06-17 08:00:00+00:00,-0.005271332040905489
2024-06-17 09:00:00+00:00,-0.002864658484429367
2024-06-17 10:00:00+00:00,0.0026513043537008327
2024-06-17 11:00:00+00:00,0.0013532854803028048
2024-06-17 12:00:00+00:00,0.0022967680160504004
2024-06-17 13:00:00+00:00,-0.0020446631054151926
2024-06-17 14:00:00+00:00,0.004493584771430552
2024-06-17 15:00:00+00:00,-0.003914548193560721
2024-06-17 16:00:00+00:00,-0.002139520028643267
2024-06-17 17:00:00+00:00,0.00031246613528741686
2024-06-17 18:00:00+00:00,0.0015019089673320083
2024-06-17 19:00:00+00:00,0.0019607533220906306
2024-06-17 20:00:00+00:00,-0.007195212481393191
2024-06-17 21:00:00+00:00,-2.5870556611696023e-05
2024-06-17 22:00:00+00:00,-0.0014918213597950305
2024-06-17 23:00:00+00:00,-0.0008952260487855752
2024-06-18 00:00:00+00:00,-0.0009157006356703607
2024-06-18 01:00:00+00:00,-0.031077644158120442
2024-06-18 02:00:00+00:00,0.006000107729006525
2024-06-18 03:00:00+00:00,0.016864491707217266
2024-06-18 04:00:00+00:00,0.002303038124589178
2024-06-18 05:00:00+00:00,0.0032546641976755244
2024-06-18 06:00:00+00:00,-0.0009056386366714541
2024-06-18 07:00:00+00:00,4.667602928210375e-05
2024-06-18 08:00:00+00:00,-0.003545377362974492
2024-06-18 09:00:00+00:00,0.000571687868811184
2024-06-18 10:00:00+00:00,-0.002495773615788023
2024-06-18 11:00:00+00:00,-0.006280945849421742
2024-06-18 12:00:00+00:00,-0.0016088288173733627
2024-06-18 13:00:00+00:00,-0.0022233663044313365
2024-06-18 14:00:00+00:00,0.003808431170629898
2024-06-18 15:00:00+00:00,0.0026928052863325444
2024-06-18 16:00:00+00:00,-0.005135615513142702
2024-06-18 17:00:00+00:00,-0.005362013583559105
2024-06-18 18:00:00+00:00,0.004751168641576789
2024-06-18 19:00:00+00:00,0.0021948579992073164
2024-06-18 20:00:00+00:00,0.006547464532078198
2024-06-18 21:00:00+00:00,0.005994858978117573
2024-06-18 22:00:00+00:00,-0.0032511516821691383
2024-06-18 23:00:00+00:00,0.0004642161179352597
2024-06-19 00:00:00+00:00,-0.0019032857516264182
2024-06-19 01:00:00+00:00,0.010877910467602407
2024-06-19 02:00:00+00:00,0.005547839564334503
2024-06-19 03:00:00+00:00,0.0037548375540024763
2024-06-19 04:00:00+00:00,0.0001235987165844546
2024-06-19 05:00:00+00:00,0.0016203167176821126
2024-06-19 06:00:00+00:00,-0.001542630873091441
2024-06-19 07:00:00+00:00,-0.0007696991784224055
2024-06-19 08:00:00+00:00,-0.002243452740278904
2024-06-19 09:00:00+00:00,-0.000980562802356502
2024-06-19 10:00:00+00:00,0.0007684885220256095
2024-06-19 11:00:00+00:00,-0.0005321854521564422
2024-06-19 12:00:00+00:00,0.008610618367571637
2024-06-19 13:00:00+00:00,0.0016294465298691198
2024-06-19 14:00:00+00:00,-0.008858522375940698
2024-06-19 15:00:00+00:00,0.004239431596404247
2024-06-19 16:00:00+00:00,0.0014631603567731987
2024-06-19 17:00:00+00:00,0.004768640462448197
2024-06-19 18:00:00+00:00,0.0018307666121968366
2024-06-19 19:00:00+00:00,0.00023751448352431372
2024-06-19 20:00:00+00:00,-0.0019271328113376737
2024-06-19 21:00:00+00:00,0.000254590167735066
2024-06-19 22:00:00+00:00,-0.0008667875095288663
2024-06-19 23:00:00+00:00,-0.0009944643685509934
2024-06-20 00:00:00+00:00,-0.0025344832905414335
2024-06-20 01:00:00+00:00,0.0011651354255657518
2024-06-20 02:00:00+00:00,-0.001257252604315256
2024-06-20 03:00:00+00:00,-0.0023597249637031465
2024-06-20 04:00:00+00:00,0.0032662819378168582
2024-06-20 05:00:00+00:00,0.0017799245961989344
2024-06-20 06:00:00+00:00,0.00016341518166209485
2024-06-20 07:00:00+00:00,0.0020449583979462588
2024-06-20 08:00:00+00:00,0.0015560457630142495
2024-06-20 09:00:00+00:00,-0.0005850811736126091
2024-06-20 10:00:00+00:00,-0.0018963926060407215
2024-06-20 11:00:00+00:00,0.000406048001093802
2024-06-20 12:00:00+00:00,-0.002390028510283992
2024-06-20 13:00:00+00:00,-0.00041048002269525167
2024-06-20 14:00:00+00:00,-0.00037901652869559406
2024-06-20 15:00:00+00:00,-0.0015810957227465425
2024-06-20 16:00:00+00:00,0.0011748363587627258
2024-06-20 17:00:00+00:00,0.004947451343942942
2024-06-20 18:00:00+00:00,0.00024052057408176206
2024-06-20 19:00:00+00:00,0.00010106536356436078
2024-06-20 20:00:00+00:00,-0.0008075127934289282
2024-06-20 21:00:00+00:00,-0.0020667301225448615
2024-06-20 22:00:00+00:00,-0.0007913884133035373
2024-06-20 23:00:00+00:00,-2.6906379383530013e-05
2024-06-21 00:00:00+00:00,0.0006095567885823077
2024-06-21 01:00:00+00:00,0.0024485001157183305
2024-06-21 02:00:00+00:00,0.0008666614320426796
2024-06-21 03:00:00+00:00,0.0010085774434758466
2024-06-21 04:00:00+00:00,0.0011081605392256307
2024-06-21 05:00:00+00:00,0.0007275007077844604
2024-06-21 06:00:00+00:00,-0.0006722407247492474
2024-06-21 07:00:00+00:00,0.0028202210336924307
2024-06-21 08:00:00+00:00,5.712490541743188e-05
2024-06-21 09:00:00+00:00,0.0015840955685126705
2024-06-21 10:00:00+00:00,0.0013064379725520883
2024-06-21 11:00:00+00:00,0.0023310314602333357
2024-06-21 12:00:00+00:00,-0.002505132329485463
2024-06-21 13:00:00+00:00,-0.002059357426108837
2024-06-21 14:00:00+00:00,0.005444370684264793
2024-06-21 15:00:00+00:00,0.0010980297729117643
2024-06-21 16:00:00+00:00,0.001244133189735524
2024-06-21 17:00:00+00:00,-0.004760611560091665
2024-06-21 18:00:00+00:00,0.0006791848381183418
2024-06-21 19:00:00+00:00,7.352476242158856e-05
2024-06-21 20:00:00+00:00,0.002078277934642515
2024-06-21 21:00:00+00:00,-0.0012732773970831294
2024-06-21 22:00:00+00:00,-0.0004948176880451853
2024-06-21 23:00:00+00:00,0.001389053223430065
2024-06-22 00:00:00+00:00,-0.003611380810053322
2024-06-22 01:00:00+00:00,-9.178431781439988e-05
2024-06-22 02:00:00+00:00,0.000976799883953637
2024-06-22 03:00:00+00:00,-0.0023118340486672113
2024-06-22 04:00:00+00:00,-0.0008746938763413371
2024-06-22 05:00:00+00:00,-0.007559902549050457
2024-06-22 06:00:00+00:00,0.0014082781932557836
2024-06-22 07:00:00+00:00,2.4088497479936356e-05
2024-06-22 08:00:00+00:00,0.0014957345905508527
2024-06-22 09:00:00+00:00,0.0011590054055082527
2024-06-22 10:00:00+00:00,0.0006555929704196946
2024-06-22 11:00:00+00:00,0.002597787902383785
2024-06-22 12:00:00+00:00,0.00345322712884021
2024-06-22 13:00:00+00:00,-0.0013939687949955182
2024-06-22 14:00:00+00:00,0.0032638843129457664
2024-06-22 15:00:00+00:00,9.89523525313015e-05
2024-06-22 16:00:00+00:00,-0.0008321281157018817
2024-06-22 17:00:00+00:00,0.005332797245085773
2024-06-22 18:00:00+00:00,-0.0001596238434552665
2024-06-22 19:00:00+00:00,0.0004187420687831182
2024-06-22 20:00:00+00:00,-0.001393119951935428
2024-06-22 21:00:00+00:00,-0.0021792529443780155
2024-06-22 22:00:00+00:00,0.0009886804046664404
2024-06-22 23:00:00+00:00,-0.0014365145238027586
2024-06-23 00:00:00+00:00,0.002020272370706672
2024-06-23 01:00:00+00:00,0.000496393700048694
2024-06-23 02:00:00+00:00,-0.00027444158394734035
2024-06-23 03:00:00+00:00,0.001676653457290267
2024-06-23 04:00:00+00:00,0.0017369489993744104
2024-06-23 05:00:00+00:00,-0.002236040853317254
2024-06-23 06:00:00+00:00,8.833103445493557e-05
2024-06-23 07:00:00+00:00,0.00018550635229777263
2024-06-23 08:00:00+00:00,-0.00038525830443801503
2024-06-23 09:00:00+00:00,-0.00025839843606590486
2024-06-23 10:00:00+00:00,-0.0023474289572785446
2024-06-23 11:00:00+00:00,-0.0018743925871387436
2024-06-23 12:00:00+00:00,0.0001988844556004326
2024-06-23 13:00:00+00:00,-0.005478762070464807
2024-06-23 14:00:00+00:00,-0.002144553073394126
2024-06-23 15:00:00+00:00,-0.002409664874515182
2024-06-23 16:00:00+00:00,-0.0010931065580990198
2024-06-23 17:00:00+00:00,0.0007466657764750163
2024-06-23 18:00:00+00:00,0.005394775190781493
2024-06-23 19:00:00+00:00,-0.0010735628956257584
2024-06-23 20:00:00+00:00,0.0027594601412163525
2024-06-23 21:00:00+00:00,5.1992720099760555e-05
2024-06-23 22:00:00+00:00,0.0014446670005458903
2024-06-23 23:00:00+00:00,0.0031034032652365734
2024-06-24 00:00:00+00:00,0.003881311120624781
2024-06-24 01:00:00+00:00,-0.003938656504701313
2024-06-24 02:00:00+00:00,0.0023212848451988153
2024-06-24 03:00:00+00:00,0.0016656270665662773
2024-06-24 04:00:00+00:00,-0.001923097291796838
2024-06-24 05:00:00+00:00,-0.002334442260586389
2024-06-24 06:00:00+00:00,0.002200253872294605
2024-06-24 07:00:00+00:00,5.136105694798499e-05
2024-06-24 08:00:00+00:00,-0.0007029114009557525
2024-06-24 09:00:00+00:00,0.013113671970029824
2024-06-24 10:00:00+00:00,0.004895145329459
2024-06-24 11:00:00+00:00,0.0010998946154989829
2024-06-24 12:00:00+00:00,0.01676532726112314
2024-06-24 13:00:00+00:00,0.000593417890369054
2024-06-24 14:00:00+00:00,-0.002152125157868756
2024-06-24 15:00:00+00:00,-0.0020319146581583443
2024-06-24 16:00:00+00:00,0.015389487550198101
2024-06-24 17:00:00+00:00,-0.0006313988105127737
2024-06-24 18:00:00+00:00,-0.0016052081031362694
2024-06-24 19:00:00+00:00,0.004849969563979253
2024-06-24 20:00:00+00:00,0.0014139243019587768
2024-06-24 21:00:00+00:00,0.0006067269237464242
2024-06-24 22:00:00+00:00,0.004745636146756939
2024-06-24 23:00:00+00:00,0.001560895267109606
2024-06-25 00:00:00+00:00,0.0025745377704418466
2024-06-25 01:00:00+00:00,0.00018807587926772683
2024-06-25 02:00:00+00:00,0.0014885728800875734
2024-06-25 03:00:00+00:00,-0.0022608737239075477
2024-06-25 04:00:00+00:00,0.0016036460671622285
2024-06-25 05:00:00+00:00,0.002350984567071973
2024-06-25 06:00:00+00:00,-0.001948343368338274
2024-06-25 07:00:00+00:00,0.005898186473077506
2024-06-25 08:00:00+00:00,-0.005476270008818904
2024-06-25 09:00:00+00:00,-3.5256019297799906e-05
2024-06-25 10:00:00+00:00,2.0011213800355257e-05
2024-06-25 11:00:00+00:00,3.509690271121928e-05
2024-06-25 12:00:00+00:00,0.0021371915146775155
2024-06-25 13:00:00+00:00,0.0011445631749958684
2024-06-25 14:00:00+00:00,-0.001295016282963597
2024-06-25 15:00:00+00:00,0.0017464786287649254
2024-06-25 16:00:00+00:00,0.000787286373596858
2024-06-25 17:00:00+00:00,-0.00023764234217322586
2024-06-25 18:00:00+00:00,-0.007777101117923958
2024-06-25 19:00:00+00:00,0.001212826349489053
2024-06-25 20:00:00+00:00,0.0034936311058816074
2024-06-25 21:00:00+00:00,0.0005119218876568425
2024-06-25 22:00:00+00:00,-0.0009906116619125488
2024-06-25 23:00:00+00:00,0.0022374938722802802
2024-06-26 00:00:00+00:00,-0.0005461677855455755
2024-06-26 01:00:00+00:00,0.0013659037102884924
2024-06-26 02:00:00+00:00,-0.001746248837648341
2024-06-26 03:00:00+00:00,-0.00138230297769446
2024-06-26 04:00:00+00:00,0.002591554335757929
2024-06-26 05:00:00+00:00,0.002906820236358054
2024-06-26 06:00:00+00:00,-0.0007448561754296151
2024-06-26 07:00:00+00:00,0.0010125497531725009
2024-06-26 08:00:00+00:00,-0.0008412811074955636
2024-06-26 09:00:00+00:00,0.0014864460990255048
2024-06-26 10:00:00+00:00,0.0010354285261489286
2024-06-26 11:00:00+00:00,-0.0013084173634443535
2024-06-26 12:00:00+00:00,-0.0019191796557721024
2024-06-26 13:00:00+00:00,-0.0011071762287845916
2024-06-26 14:00:00+00:00,-0.0012513631867311294
2024-06-26 15:00:00+00:00,0.0005369122606669136
2024-06-26 16:00:00+00:00,0.0035631373477896518
2024-06-26 17:00:00+00:00,0.0012596865610639456
2024-06-26 18:00:00+00:00,0.0029446653986834968
2024-06-26 19:00:00+00:00,0.009532314255343642
2024-06-26 20:00:00+00:00,-0.0009695731641728863
2024-06-26 21:00:00+00:00,-0.0003552003952481665
2024-06-26 22:00:00+00:00,0.0012709388771301353
2024-06-26 23:00:00+00:00,-0.0020025625507513814
2024-06-27 00:00:00+00:00,-0.003889938333952708
2024-06-27 01:00:00+00:00,-0.001982980217597983
2024-06-27 02:00:00+00:00,0.001001466409775518
2024-06-27 03:00:00+00:00,0.0018114014569855855
2024-06-27 04:00:00+00:00,-0.0003887270789559932
2024-06-27 05:00:00+00:00,-0.0012732261223741626
2024-06-27 06:00:00+00:00,0.004305916860560032
2024-06-27 07:00:00+00:00,-0.0014967578442012647
2024-06-27 08:00:00+00:00,0.0009275379922268111
2024-06-27 09:00:00+00:00,0.004585289239786238
2024-06-27 10:00:00+00:00,0.0015654867922453419
2024-06-27 11:00:00+00:00,-0.0009446610502272092
2024-06-27 12:00:00+00:00,-0.0014065931842155077
2024-06-27 13:00:00+00:00,0.0026732980324042643
2024-06-27 14:00:00+00:00,0.005288299460199472
2024-06-27 15:00:00+00:00,-0.002533599995699406
2024-06-27 16:00:00+00:00,0.001398377134850683
2024-06-27 17:00:00+00:00,0.001981482287127168
2024-06-27 18:00:00+00:00,-0.00045114644643107807
2024-06-27 19:00:00+00:00,0.00013142880895190758
2024-06-27 20:00:00+00:00,-0.0012271570732443901
2024-06-27 21:00:00+00:00,-0.0007991023452074535
2024-06-27 22:00:00+00:00,0.0007877657614191421
2024-06-27 23:00:00+00:00,0.0004777194202640407
2024-06-28 00:00:00+00:00,0.0011623917009577747
2024-06-28 01:00:00+00:00,-0.0007906233512683241
2024-06-28 02:00:00+00:00,0.0025008412165168493
2024-06-28 03:00:00+00:00,0.000537821372461417
2024-06-28 04:00:00+00:00,-0.002977594255846212
2024-06-28 05:00:00+00:00,-0.0002881178310079363
2024-06-28 06:00:00+00:00,0.0003823455933924763
2024-06-28 07:00:00+00:00,0.001420425211314435
2024-06-28 08:00:00+00:00,0.0013794007243843318
2024-06-28 09:00:00+00:00,0.0012542304031463694
2024-06-28 10:00:00+00:00,-0.0013409025952265362
2024-06-28 11:00:00+00:00,0.0001664952493966196
2024-06-28 12:00:00+00:00,0.006822855771711249
2024-06-28 13:00:00+00:00,-0.0007568352752587808
2024-06-28 14:00:00+00:00,0.00010819771749089147
2024-06-28 15:00:00+00:00,-0.00043765290110836074
2024-06-28 16:00:00+00:00,-0.0020576678849270496
2024-06-28 17:00:00+00:00,-0.001892549088222358
2024-06-28 18:00:00+00:00,0.00015873447957784646
2024-06-28 19:00:00+00:00,0.004438558654951471
2024-06-28 20:00:00+00:00,0.001276859348743577
2024-06-28 21:00:00+00:00,-0.0015480571262574802
2024-06-28 22:00:00+00:00,0.0010068291285386885
2024-06-28 23:00:00+00:00,-0.0005555045566351239
2024-06-29 00:00:00+00:00,-0.0016103093662829966
2024-06-29 01:00:00+00:00,0.0004192170197936043
2024-06-29 02:00:00+00:00,0.0015342344953923211
2024-06-29 03:00:00+00:00,0.002167990939429659
2024-06-29 04:00:00+00:00,-0.0004477481169859537
2024-06-29 05:00:00+00:00,-5.622775006770684e-05
2024-06-29 06:00:00+00:00,-0.000745564624751323
2024-06-29 07:00:00+00:00,-0.0013245154659242615
2024-06-29 08:00:00+00:00,-0.0004948878690497294
2024-06-29 09:00:00+00:00,-0.0018651594891217985
2024-06-29 10:00:00+00:00,0.0010863754465775602
2024-06-29 11:00:00+00:00,-0.0011811587521856112
2024-06-29 12:00:00+00:00,-0.0006058434728886592
2024-06-29 13:00:00+00:00,-0.0009238560301147611
2024-06-29 14:00:00+00:00,0.0015474808887587898
2024-06-29 15:00:00+00:00,-0.0011629900517274609
2024-06-29 16:00:00+00:00,0.0004467231890149339
2024-06-29 17:00:00+00:00,1.7717742566137113e-05
2024-06-29 18:00:00+00:00,-0.001200349983238332
2024-06-29 19:00:00+00:00,-0.002318516054467296
2024-06-29 20:00:00+00:00,0.0008413454363435339
2024-06-29 21:00:00+00:00,-1.592411247812007e-05
2024-06-29 22:00:00+00:00,-0.0005044481678163268
2024-06-29 23:00:00+00:00,-0.0006085716924702955
2024-06-30 00:00:00+00:00,-5.369091829269039e-05
2024-06-30 01:00:00+00:00,-0.000431305757506264
2024-06-30 02:00:00+00:00,-0.0035609506899738773
2024-06-30 03:00:00+00:00,0.0016220935914685406
2024-06-30 04:00:00+00:00,0.001864086042850331
2024-06-30 05:00:00+00:00,-0.0017273458384737086
2024-06-30 06:00:00+00:00,0.0005639677989429354
2024-06-30 07:00:00+00:00,0.003919984844176998
2024-06-30 08:00:00+00:00,0.00309060319120892
2024-06-30 09:00:00+00:00,-0.001611490513609012
2024-06-30 10:00:00+00:00,-0.0005444862329363956
2024-06-30 11:00:00+00:00,-0.0007898123762930436
2024-06-30 12:00:00+00:00,-0.001981889334944947
2024-06-30 13:00:00+00:00,-0.0010914439941397415
2024-06-30 14:00:00+00:00,3.2284552456644394e-05
2024-06-30 15:00:00+00:00,0.0019980914691653806
2024-06-30 16:00:00+00:00,-0.0008969537677145128
2024-06-30 17:00:00+00:00,0.00039591644139607524
2024-06-30 18:00:00+00:00,-0.0012307017609925533
2024-06-30 19:00:00+00:00,-8.714334622918962e-05
2024-06-30 20:00:00+00:00,0.0014501012025046126
2024-06-30 21:00:00+00:00,-0.00027647939635453984
2024-06-30 22:00:00+00:00,0.0006041058512854713
2024-06-30 23:00:00+00:00,0.0004940084001814893
2024-07-01 00:00:00+00:00,-0.0005999728891456233
2024-07-01 01:00:00+00:00,-0.0007901908373493029
2024-07-01 02:00:00+00:00,-0.00032524256538666316
2024-07-01 03:00:00+00:00,-0.001810157322784794
2024-07-01 04:00:00+00:00,0.0035828744172148796
2024-07-01 05:00:00+00:00,-0.004026415708878648
2024-07-01 06:00:00+00:00,1.3128814397054934e-05
2024-07-01 07:00:00+00:00,0.0035027031551853544
2024-07-01 08:00:00+00:00,0.002459926660741705
2024-07-01 09:00:00+00:00,0.0009244335844514296
2024-07-01 10:00:00+00:00,-0.0016730400182091373
2024-07-01 11:00:00+00:00,-0.0019215423736093419
2024-07-01 12:00:00+00:00,-0.0017083473088592015
2024-07-01 13:00:00+00:00,-0.0007995562338876242
2024-07-01 14:00:00+00:00,-0.0023043331720163235
2024-07-01 15:00:00+00:00,-0.00149239559358998
2024-07-01 16:00:00+00:00,5.250208056362361e-05
2024-07-01 17:00:00+00:00,-0.001633661752362558
2024-07-01 18:00:00+00:00,0.0027369640560359594
2024-07-01 19:00:00+00:00,0.004025308324286606
2024-07-01 20:00:00+00:00,0.0004682036108971316
2024-07-01 21:00:00+00:00,0.0015399896099969651
2024-07-01 22:00:00+00:00,-0.00548058433835271
2024-07-01 23:00:00+00:00,-0.0004502751231005378
2024-07-02 00:00:00+00:00,-0.0009514941380649143
2024-07-02 01:00:00+00:00,0.0007084027095707607
2024-07-02 02:00:00+00:00,-0.0006814728948193499
2024-07-02 03:00:00+00:00,0.0006022521302423462
2024-07-02 04:00:00+00:00,0.002053338639638533
2024-07-02 05:00:00+00:00,0.0014779661655110043
2024-07-02 06:00:00+00:00,0.0008108505908824948
2024-07-02 07:00:00+00:00,0.00020835967597483492
2024-07-02 08:00:00+00:00,0.0007605741737872882
2024-07-02 09:00:00+00:00,-0.0010753783654447301
2024-07-02 10:00:00+00:00,7.629685961701223e-05
2024-07-02 11:00:00+00:00,-0.0007802330541401761
2024-07-02 12:00:00+00:00,0.0015643300373125158
2024-07-02 13:00:00+00:00,0.000995606779659985
2024-07-02 14:00:00+00:00,0.002292530973066057
2024-07-02 15:00:00+00:00,-0.0006379747992246378
2024-07-02 16:00:00+00:00,-0.0018036139597380606
2024-07-02 17:00:00+00:00,-0.0018067850298306577
2024-07-02 18:00:00+00:00,-0.0011296532827189867
2024-07-02 19:00:00+00:00,0.0029864881226326473
2024-07-02 20:00:00+00:00,-0.003620475799819522
2024-07-02 21:00:00+00:00,-0.0011128559282816016
2024-07-02 22:00:00+00:00,-0.0012481568156343073
2024-07-02 23:00:00+00:00,0.0022752634988836094
2024-07-03 00:00:00+00:00,0.0011601072000184411
2024-07-03 01:00:00+00:00,0.0011256207624552427
2024-07-03 02:00:00+00:00,-7.205467103614454e-05
2024-07-03 03:00:00+00:00,-0.002601058199470945
2024-07-03 04:00:00+00:00,0.004628730594214882
2024-07-03 05:00:00+00:00,0.0010210078500196443
2024-07-03 06:00:00+00:00,0.0028694723741644616
2024-07-03 07:00:00+00:00,0.001169857522910456
2024-07-03 08:00:00+00:00,-0.0003605222826505321
2024-07-03 09:00:00+00:00,0.0010847151734333905
2024-07-03 10:00:00+00:00,-0.0012012558867181358
2024-07-03 11:00:00+00:00,-0.0016611985805406071
2024-07-03 12:00:00+00:00,0.003760421123048377
2024-07-03 13:00:00+00:00,0.0009707883440908301
2024-07-03 14:00:00+00:00,0.004876741329453629
2024-07-03 15:00:00+00:00,0.0006915646378805947
2024-07-03 16:00:00+00:00,-0.0018406476125932617
2024-07-03 17:00:00+00:00,-0.0028869394290240886
2024-07-03 18:00:00+00:00,0.0003286476679884104
2024-07-03 19:00:00+00:00,0.0014344731751086254
2024-07-03 20:00:00+00:00,0.0013612829734576887
2024-07-03 21:00:00+00:00,-0.0028512200703738814
2024-07-03 22:00:00+00:00,0.0017088191309492684
2024-07-03 23:00:00+00:00,0.0004210672101707273
2024-07-04 00:00:00+00:00,-0.004824711030122917
2024-07-04 01:00:00+00:00,0.004149731294532626
2024-07-04 02:00:00+00:00,0.004387368412902697
2024-07-04 03:00:00+00:00,6.990138968774394e-05
2024-07-04 04:00:00+00:00,0.003969105352823551
2024-07-04 05:00:00+00:00,0.0020743129079927023
2024-07-04 06:00:00+00:00,-0.0006836219695999274
2024-07-04 07:00:00+00:00,-0.004049187414017421
2024-07-04 08:00:00+00:00,-0.002569166527470539
2024-07-04 09:00:00+00:00,0.002690089700309823
2024-07-04 10:00:00+00:00,0.0020119646351925754
2024-07-04 11:00:00+00:00,0.006040552352814825
2024-07-04 12:00:00+00:00,0.0025462041207509533
2024-07-04 13:00:00+00:00,0.0013155038036124912
2024-07-04 14:00:00+00:00,-0.003635241090934412
2024-07-04 15:00:00+00:00,-0.0017170180843152883
2024-07-04 16:00:00+00:00,0.001568411667384388
2024-07-04 17:00:00+00:00,0.005182790079649598
2024-07-04 18:00:00+00:00,0.0006863157366808715
2024-07-04 19:00:00+00:00,0.001024035786027934
2024-07-04 20:00:00+00:00,0.0005803716501282395
2024-07-04 21:00:00+00:00,0.0023373620103909944
2024-07-04 22:00:00+00:00,0.00033884675094018337
2024-07-04 23:00:00+00:00,-0.011596771963370398
2024-07-05 00:00:00+00:00,-0.024056490086809334
2024-07-05 01:00:00+00:00,-0.0030244923707047422
2024-07-05 02:00:00+00:00,-0.02222870603275387
2024-07-05 03:00:00+00:00,-0.001779593150971668
2024-07-05 04:00:00+00:00,0.021557811876092473
2024-07-05 05:00:00+00:00,-0.003159650614399639
2024-07-05 06:00:00+00:00,0.0003733441155594814
2024-07-05 07:00:00+00:00,-0.005609608497739213
2024-07-05 08:00:00+00:00,0.00785719221068437
2024-07-05 09:00:00+00:00,-0.0002451287796482626
2024-07-05 10:00:00+00:00,0.004050053014636095
2024-07-05 11:00:00+00:00,0.0002886818641706591
2024-07-05 12:00:00+00:00,0.01037952267477102
2024-07-05 13:00:00+00:00,-0.01191753780592833
2024-07-05 14:00:00+00:00,-0.0011455091956334622
2024-07-05 15:00:00+00:00,-0.006955618273689524
2024-07-05 16:00:00+00:00,0.005945595407000975
2024-07-05 17:00:00+00:00,0.004436430741596596
2024-07-05 18:00:00+00:00,-0.0015138785436343571
2024-07-05 19:00:00+00:00,0.004623508489108177
2024-07-05 20:00:00+00:00,-0.0021340353069814752
2024-07-05 21:00:00+00:00,0.012681501864854264
2024-07-05 22:00:00+00:00,0.001598381644249353
2024-07-05 23:00:00+00:00,5.108016997057983e-05
2024-07-06 00:00:00+00:00,0.003907199064986048
2024-07-06 01:00:00+00:00,0.000428344869831386
2024-07-06 02:00:00+00:00,-0.004114237485190338
2024-07-06 03:00:00+00:00,-0.0027090587250919694
2024-07-06 04:00:00+00:00,0.0020356874316211295
2024-07-06 05:00:00+00:00,-0.0015831953175860513
2024-07-06 06:00:00+00:00,-0.0004941185148248689
2024-07-06 07:00:00+00:00,0.0061125396155886046
2024-07-06 08:00:00+00:00,-0.000466007573116255
2024-07-06 09:00:00+00:00,-0.01089870515434647
2024-07-06 10:00:00+00:00,-0.0009415067446549375
2024-07-06 11:00:00+00:00,0.003153464404921481
2024-07-06 12:00:00+00:00,0.00010157088932368599
2024-07-06 13:00:00+00:00,0.003562512194542855
2024-07-06 14:00:00+00:00,-0.0013542691463050728
2024-07-06 15:00:00+00:00,0.003464455470406105
2024-07-06 16:00:00+00:00,0.008845419081434318
2024-07-06 17:00:00+00:00,-0.001628870887607455
2024-07-06 18:00:00+00:00,0.005719205201109971
2024-07-06 19:00:00+00:00,-0.002405687629178337
2024-07-06 20:00:00+00:00,0.004568016505445896
2024-07-06 21:00:00+00:00,-0.0004266764633301978
2024-07-06 22:00:00+00:00,0.0013745937084468313
2024-07-06 23:00:00+00:00,0.002049563137503391
2024-07-07 00:00:00+00:00,0.0025864901241441497
2024-07-07 01:00:00+00:00,-0.0023239716129434726
2024-07-07 02:00:00+00:00,-0.0018791739293236437
2024-07-07 03:00:00+00:00,0.0019947860123367186
2024-07-07 04:00:00+00:00,0.0010380167835253313
2024-07-07 05:00:00+00:00,0.0026419047965685035
2024-07-07 06:00:00+00:00,0.0006131989742284073
2024-07-07 07:00:00+00:00,0.003115504705517345
2024-07-07 08:00:00+00:00,0.0004145739307458959
2024-07-07 09:00:00+00:00,-0.0011673301515875915
2024-07-07 10:00:00+00:00,-0.0004513941431391553
2024-07-07 11:00:00+00:00,0.0007547729311246005
2024-07-07 12:00:00+00:00,0.0013934385146361548
2024-07-07 13:00:00+00:00,0.00040842281870976115
2024-07-07 14:00:00+00:00,0.00038224330800909175
2024-07-07 15:00:00+00:00,-0.0021638893843082653
2024-07-07 16:00:00+00:00,-0.001239359810529175
2024-07-07 17:00:00+00:00,-0.0003862284258635366
2024-07-07 18:00:00+00:00,0.0017770937264377697
2024-07-07 19:00:00+00:00,0.0015922996727696355
2024-07-07 20:00:00+00:00,0.0006966217591012495
2024-07-07 21:00:00+00:00,-0.00158953213432583
2024-07-07 22:00:00+00:00,0.0025621128087174212
2024-07-07 23:00:00+00:00,0.0011089959573744254
2024-07-08 00:00:00+00:00,-0.006229377849939033
2024-07-08 01:00:00+00:00,-0.00265516082192889
2024-07-08 02:00:00+00:00,0.003689534641910768
2024-07-08 03:00:00+00:00,-0.00020580671806034694
2024-07-08 04:00:00+00:00,-0.004930702343315819
2024-07-08 05:00:00+00:00,0.008754699191233294
2024-07-08 06:00:00+00:00,-0.00039228624101916675
2024-07-08 07:00:00+00:00,-0.0022497895292273255
2024-07-08 08:00:00+00:00,0.01686171241220398
2024-07-08 09:00:00+00:00,0.0009764807227543188
2024-07-08 10:00:00+00:00,0.007258776821401511
2024-07-08 11:00:00+00:00,-0.0026200291199090816
2024-07-08 12:00:00+00:00,0.002045948028865253
2024-07-08 13:00:00+00:00,0.003330652863668569
2024-07-08 14:00:00+00:00,-0.0067429803765563035
2024-07-08 15:00:00+00:00,0.007086522952796962
2024-07-08 16:00:00+00:00,-0.0026430443682408738
2024-07-08 17:00:00+00:00,0.0006633553459380324
2024-07-08 18:00:00+00:00,0.001013542945748503
2024-07-08 19:00:00+00:00,-0.00014901763714846538
2024-07-08 20:00:00+00:00,0.0011154568839765535
2024-07-08 21:00:00+00:00,0.0018058824840840153
2024-07-08 22:00:00+00:00,-3.445227883289331e-05
2024-07-08 23:00:00+00:00,0.0004917706528273392
2024-07-09 00:00:00+00:00,0.006354169448271482
2024-07-09 01:00:00+00:00,0.0033448703268588093
2024-07-09 02:00:00+00:00,0.00023713052960595843
2024-07-09 03:00:00+00:00,-0.0025882535732356785
2024-07-09 04:00:00+00:00,0.0020568184063514375
2024-07-09 05:00:00+00:00,-0.007463412997612399
2024-07-09 06:00:00+00:00,-0.000592708145684641
2024-07-09 07:00:00+00:00,0.0012764460198369987
2024-07-09 08:00:00+00:00,0.0003116144163853643
2024-07-09 09:00:00+00:00,0.0022085197247654264
2024-07-09 10:00:00+00:00,0.0008219824362027277
2024-07-09 11:00:00+00:00,-0.0006547811418762702
2024-07-09 12:00:00+00:00,0.0021869565598550893
2024-07-09 13:00:00+00:00,0.0005737555551869821
2024-07-09 14:00:00+00:00,0.002816080159319059
2024-07-09 15:00:00+00:00,-0.000591481671229664
2024-07-09 16:00:00+00:00,-0.00048377410237756223
2024-07-09 17:00:00+00:00,0.002092929413789193
2024-07-09 18:00:00+00:00,0.0025070141792112133
2024-07-09 19:00:00+00:00,-1.8258158656925333e-05
2024-07-09 20:00:00+00:00,0.006099175415309563
2024-07-09 21:00:00+00:00,-0.0009464410694473139
2024-07-09 22:00:00+00:00,0.001766354235574732
2024-07-09 23:00:00+00:00,-0.001659650804255562
2024-07-10 00:00:00+00:00,0.0002787924946251836
2024-07-10 01:00:00+00:00,5.8349537628406326e-05
2024-07-10 02:00:00+00:00,-0.0008855653139491212
2024-07-10 03:00:00+00:00,0.00188570583403946
2024-07-10 04:00:00+00:00,0.0006048101427553943
2024-07-10 05:00:00+00:00,0.0008234199717555542
2024-07-10 06:00:00+00:00,0.0016833858007017824
2024-07-10 07:00:00+00:00,0.0011831480501570647
2024-07-10 08:00:00+00:00,-0.0020786480611276283
2024-07-10 09:00:00+00:00,-0.00027360311414724784
2024-07-10 10:00:00+00:00,0.0017823088000827934
2024-07-10 11:00:00+00:00,0.0021248717495792667
2024-07-10 12:00:00+00:00,-0.00330367158344861
2024-07-10 13:00:00+00:00,0.004432252222693423
2024-07-10 14:00:00+00:00,0.0011488020692788587
2024-07-10 15:00:00+00:00,-0.002377981431061073
2024-07-10 16:00:00+00:00,0.007428147106660382
2024-07-10 17:00:00+00:00,0.0002926942180865198
2024-07-10 18:00:00+00:00,-0.0003467477194737224
2024-07-10 19:00:00+00:00,-0.0008579556524478387
2024-07-10 20:00:00+00:00,0.00044604650677966724
2024-07-10 21:00:00+00:00,0.0022185278908319907
2024-07-10 22:00:00+00:00,-0.0018053001193973973
2024-07-10 23:00:00+00:00,0.0004098460357335354
2024-07-11 00:00:00+00:00,0.0005095560458402847
2024-07-11 01:00:00+00:00,0.0022928895780077122
2024-07-11 02:00:00+00:00,-0.0002321710004590352
2024-07-11 03:00:00+00:00,-0.00274248082768513
2024-07-11 04:00:00+00:00,-0.0008043290078772564
2024-07-11 05:00:00+00:00,0.000338647438340377
2024-07-11 06:00:00+00:00,-0.0005627021470285548
2024-07-11 07:00:00+00:00,0.0014980799189151083
2024-07-11 08:00:00+00:00,-0.0018103624020004386
2024-07-11 09:00:00+00:00,0.0036759526808915676
2024-07-11 10:00:00+00:00,-0.0007874046227748389
2024-07-11 11:00:00+00:00,-0.0013046069822973557
2024-07-11 12:00:00+00:00,0.005777389868358084
2024-07-11 13:00:00+00:00,-0.0031791793478110814
2024-07-11 14:00:00+00:00,0.0008725802698042937
2024-07-11 15:00:00+00:00,0.002393505309310647
2024-07-11 16:00:00+00:00,0.0034568900536798373
2024-07-11 17:00:00+00:00,-0.0006455298664955437
2024-07-11 18:00:00+00:00,0.00018381546173047844
2024-07-11 19:00:00+00:00,0.0036772144876117195
2024-07-11 20:00:00+00:00,0.00039455411470042193
2024-07-11 21:00:00+00:00,-0.0027888403194986137
2024-07-11 22:00:00+00:00,2.2373570952843944e-05
2024-07-11 23:00:00+00:00,-0.005412607061976471
2024-07-12 00:00:00+00:00,0.0007169702460616845
2024-07-12 01:00:00+00:00,-0.005572318639629611
2024-07-12 02:00:00+00:00,-0.00035495346910823156
2024-07-12 03:00:00+00:00,0.004312974114494923
2024-07-12 04:00:00+00:00,0.001752430098174397
2024-07-12 05:00:00+00:00,-4.992571941097918e-05
2024-07-12 06:00:00+00:00,-0.00310877857870078
2024-07-12 07:00:00+00:00,0.001107364479824612
2024-07-12 08:00:00+00:00,-0.0028606997700926238
2024-07-12 09:00:00+00:00,0.0011570906712176999
2024-07-12 10:00:00+00:00,-0.0029548237113815492
2024-07-12 11:00:00+00:00,-0.00018300553737666162
2024-07-12 12:00:00+00:00,-0.0011830993107523956
2024-07-12 13:00:00+00:00,0.002254358968939886
2024-07-12 14:00:00+00:00,0.003286228288525994
2024-07-12 15:00:00+00:00,0.0022817841907936155
2024-07-12 16:00:00+00:00,0.00224000691164551
2024-07-12 17:00:00+00:00,-0.0011628355867851705
2024-07-12 18:00:00+00:00,-0.001311938117006585
2024-07-12 19:00:00+00:00,-4.037451938786806e-05
2024-07-12 20:00:00+00:00,0.0006838443742408744
2024-07-12 21:00:00+00:00,0.001530557597485382
2024-07-12 22:00:00+00:00,-0.002203437502140214
2024-07-12 23:00:00+00:00,0.00045203348156203896
2024-07-13 00:00:00+00:00,0.0032037646661283547
2024-07-13 01:00:00+00:00,0.0014407569158079833
2024-07-13 02:00:00+00:00,-0.002207581311629879
2024-07-13 03:00:00+00:00,-0.0017151770011027507
2024-07-13 04:00:00+00:00,-0.002542999432902907
2024-07-13 05:00:00+00:00,-0.005256102972439345
2024-07-13 06:00:00+00:00,-0.0033423966861140923
2024-07-13 07:00:00+00:00,-0.0030398544198763917
2024-07-13 08:00:00+00:00,0.003223085446301731
2024-07-13 09:00:00+00:00,0.0018667201644541925
2024-07-13 10:00:00+00:00,-0.0020449440669265437
2024-07-13 11:00:00+00:00,0.0028858824866386094
2024-07-13 12:00:00+00:00,-0.004124550872491771
2024-07-13 13:00:00+00:00,-0.0017071048587435707
2024-07-13 14:00:00+00:00,-0.003123371240168167
2024-07-13 15:00:00+00:00,-0.008459873429779335
2024-07-13 16:00:00+00:00,0.002334499545788747
2024-07-13 17:00:00+00:00,-0.004577095487532877
2024-07-13 18:00:00+00:00,-0.0017812855703726283
2024-07-13 19:00:00+00:00,-0.009605514513826293
2024-07-13 20:00:00+00:00,0.008719354851511384
2024-07-13 21:00:00+00:00,0.0032439669349452254
2024-07-13 22:00:00+00:00,0.005420117344838149
2024-07-13 23:00:00+00:00,-0.0013880785867734632
2024-07-14 00:00:00+00:00,0.003620871627503252
2024-07-14 01:00:00+00:00,0.0011260350540831044
2024-07-14 02:00:00+00:00,0.0027729877535026984
2024-07-14 03:00:00+00:00,-0.002355139638383349
2024-07-14 04:00:00+00:00,0.0030123910924305993
2024-07-14 05:00:00+00:00,0.0003487317795011135
2024-07-14 06:00:00+00:00,-0.002178043455826056
2024-07-14 07:00:00+00:00,0.001999678047815432
2024-07-14 08:00:00+00:00,-0.002422617112443372
2024-07-14 09:00:00+00:00,0.0013100232922006725
2024-07-14 10:00:00+00:00,-0.0008135857848928897
2024-07-14 11:00:00+00:00,0.0013217983917150715
2024-07-14 12:00:00+00:00,-0.00011025654191165594
2024-07-14 13:00:00+00:00,-0.003230761379531903
2024-07-14 14:00:00+00:00,-0.00035103007493160016
2024-07-14 15:00:00+00:00,0.0007209846053153321
2024-07-14 16:00:00+00:00,-0.0007385301133733294
2024-07-14 17:00:00+00:00,0.0019575970313559597
2024-07-14 18:00:00+00:00,-0.0005762190541200379
2024-07-14 19:00:00+00:00,-0.0008646788593324751
2024-07-14 20:00:00+00:00,0.0004934538778119273
2024-07-14 21:00:00+00:00,0.0035647569698553662
2024-07-14 22:00:00+00:00,0.002865044678380988
2024-07-14 23:00:00+00:00,0.003358519577175573
2024-07-15 00:00:00+00:00,-0.004129444086552544
2024-07-15 01:00:00+00:00,-0.0017216941866383456
2024-07-15 02:00:00+00:00,0.0011597610631771044
2024-07-15 03:00:00+00:00,0.003100664846351951
2024-07-15 04:00:00+00:00,-0.0010287277603857438
2024-07-15 05:00:00+00:00,-5.715960696465934e-05
2024-07-15 06:00:00+00:00,0.0010223374894519507
2024-07-15 07:00:00+00:00,0.003390654741206641
2024-07-15 08:00:00+00:00,-0.0015035708010980836
2024-07-15 09:00:00+00:00,-0.00037029731530425694
2024-07-15 10:00:00+00:00,-0.00038580353119776247
2024-07-15 11:00:00+00:00,-0.0005980291224512255
2024-07-15 12:00:00+00:00,-0.000538549515679016
2024-07-15 13:00:00+00:00,0.0018099035939053187
2024-07-15 14:00:00+00:00,-0.0014641078126649571
2024-07-15 15:00:00+00:00,0.002415705660448168
2024-07-15 16:00:00+00:00,-0.0014969187929553518
2024-07-15 17:00:00+00:00,-0.0009400614024672828
2024-07-15 18:00:00+00:00,-0.001336408394391596
2024-07-15 19:00:00+00:00,0.0038492075804324724
2024-07-15 20:00:00+00:00,0.0007105489591287499
2024-07-15 21:00:00+00:00,0.004872565650679741
2024-07-15 22:00:00+00:00,-0.00011457317347241676
2024-07-15 23:00:00+00:00,0.0016277064989440597
2024-07-16 00:00:00+00:00,-0.003732445167360496
2024-07-16 01:00:00+00:00,-0.003449122918778918
2024-07-16 02:00:00+00:00,0.0030329502685622115
2024-07-16 03:00:00+00:00,-0.005933893511178867
2024-07-16 04:00:00+00:00,0.0014279430861997362
2024-07-16 05:00:00+00:00,0.0025922805466265285
2024-07-16 06:00:00+00:00,-0.004538278134277297
2024-07-16 07:00:00+00:00,-0.00353407436637429
2024-07-16 08:00:00+00:00,-0.004744123712815873
2024-07-16 09:00:00+00:00,0.0014906739422530899
2024-07-16 10:00:00+00:00,0.0006484799448162508
2024-07-16 11:00:00+00:00,-0.00185486450227209
2024-07-16 12:00:00+00:00,0.002834081871148965
2024-07-16 13:00:00+00:00,-0.005047893679788547
2024-07-16 14:00:00+00:00,-0.004596909618983582
2024-07-16 15:00:00+00:00,0.00102751004747333
2024-07-16 16:00:00+00:00,0.0037194584562805534
2024-07-16 17:00:00+00:00,0.0027341612607342746
2024-07-16 18:00:00+00:00,0.0038412809349388606
2024-07-16 19:00:00+00:00,-0.0008272298746078024
2024-07-16 20:00:00+00:00,0.0028792408352209765
2024-07-16 21:00:00+00:00,0.002390796569265123
2024-07-16 22:00:00+00:00,-0.002131334110853671
2024-07-16 23:00:00+00:00,-0.0030237754465584597
2024-07-17 00:00:00+00:00,-0.0014403020092069562
2024-07-17 01:00:00+00:00,0.003906982613362883
2024-07-17 02:00:00+00:00,-0.0015419133233543544
2024-07-17 03:00:00+00:00,0.00039200376740852055
2024-07-17 04:00:00+00:00,-0.0065963321170762115
2024-07-17 05:00:00+00:00,0.0025872434869821334
2024-07-17 06:00:00+00:00,0.0030436009370987337
2024-07-17 07:00:00+00:00,-0.0011303915842039928
2024-07-17 08:00:00+00:00,-0.0016095507060283555
2024-07-17 09:00:00+00:00,0.003664880416873703
2024-07-17 10:00:00+00:00,-0.001481065967506023
2024-07-17 11:00:00+00:00,-0.0026162010123152793
2024-07-17 12:00:00+00:00,-0.0033431544537732252
2024-07-17 13:00:00+00:00,0.0008687809663489115
2024-07-17 14:00:00+00:00,0.004336144730200835
2024-07-17 15:00:00+00:00,0.003123555100563761
2024-07-17 16:00:00+00:00,-0.007592723200904446
2024-07-17 17:00:00+00:00,0.00038058181643615074
2024-07-17 18:00:00+00:00,-0.001475306511579504
2024-07-17 19:00:00+00:00,-0.0005165680830257558
2024-07-17 20:00:00+00:00,-0.002533301528619137
2024-07-17 21:00:00+00:00,0.0007001302258301743
2024-07-17 22:00:00+00:00,1.3520052764945698e-05
2024-07-17 23:00:00+00:00,0.003005374298415643
2024-07-18 00:00:00+00:00,-0.0019285627671405694
2024-07-18 01:00:00+00:00,0.007331995251499096
2024-07-18 02:00:00+00:00,0.0028534425789431754
2024-07-18 03:00:00+00:00,-0.0014396081016860788
2024-07-18 04:00:00+00:00,-0.0010884552025922823
2024-07-18 05:00:00+00:00,0.008106003755238626
2024-07-18 06:00:00+00:00,-0.00233334796782196
2024-07-18 07:00:00+00:00,0.006116001385413374
2024-07-18 08:00:00+00:00,-0.0006586166681768597
2024-07-18 09:00:00+00:00,-0.00010187368351426864
2024-07-18 10:00:00+00:00,-0.00030883487805707076
2024-07-18 11:00:00+00:00,-0.0018546274764714352
2024-07-18 12:00:00+00:00,-0.0030086272493203055
2024-07-18 13:00:00+00:00,0.0028097420683815934
2024-07-18 14:00:00+00:00,0.0015729651976507466
2024-07-18 15:00:00+00:00,0.0007899954816726019
2024-07-18 16:00:00+00:00,-0.00468224182878267
2024-07-18 17:00:00+00:00,0.0014621801632712468
2024-07-18 18:00:00+00:00,-0.0015682910760043958
2024-07-18 19:00:00+00:00,-0.0015352600392826467
2024-07-18 20:00:00+00:00,-0.001314615142786737
2024-07-18 21:00:00+00:00,-0.0005028490449591528
2024-07-18 22:00:00+00:00,0.0021725885215284862
2024-07-18 23:00:00+00:00,0.017071118260455057
2024-07-19 00:00:00+00:00,0.004597017172798345
2024-07-19 01:00:00+00:00,-0.00017318802440267157
2024-07-19 02:00:00+00:00,0.001118904564963197
2024-07-19 03:00:00+00:00,-0.003590735272898676
2024-07-19 04:00:00+00:00,0.00040608976802905213
2024-07-19 05:00:00+00:00,-0.00039964221474189096
2024-07-19 06:00:00+00:00,-0.003238467679964463
2024-07-19 07:00:00+00:00,0.0007471822939851189
2024-07-19 08:00:00+00:00,-0.0007926965747591864
2024-07-19 09:00:00+00:00,-0.00021434403678326423
2024-07-19 10:00:00+00:00,-0.003643744099135034
2024-07-19 11:00:00+00:00,-0.0020526594867253415
2024-07-19 12:00:00+00:00,0.0012580224271071232
2024-07-19 13:00:00+00:00,0.0005256370156878978
2024-07-19 14:00:00+00:00,-0.002246239575082126
2024-07-19 15:00:00+00:00,0.0009474991593241197
2024-07-19 16:00:00+00:00,0.0002214105686253622
2024-07-19 17:00:00+00:00,-0.0018997455156884837
2024-07-19 18:00:00+00:00,0.0017542008932386448
2024-07-19 19:00:00+00:00,0.0019081979213717809
2024-07-19 20:00:00+00:00,0.0032290280421868075
2024-07-19 21:00:00+00:00,-0.0008174688000388379
2024-07-19 22:00:00+00:00,0.0004345320320929959
2024-07-19 23:00:00+00:00,-0.0009035997101333693
2024-07-20 00:00:00+00:00,-0.004423589237821737
2024-07-20 01:00:00+00:00,-0.0014765422391849505
2024-07-20 02:00:00+00:00,0.0016141867853404588
2024-07-20 03:00:00+00:00,0.004037308943435828
2024-07-20 04:00:00+00:00,-0.0012103481312722793
2024-07-20 05:00:00+00:00,0.0007736882742027088
2024-07-20 06:00:00+00:00,-0.0012286017275445849
2024-07-20 07:00:00+00:00,0.0010167341643592819
2024-07-20 08:00:00+00:00,0.00140237605618639
2024-07-20 09:00:00+00:00,-0.0043003164750281125
2024-07-20 10:00:00+00:00,-0.0010248865436442304
2024-07-20 11:00:00+00:00,0.00055186821479054
2024-07-20 12:00:00+00:00,-0.00016491238496901825
2024-07-20 13:00:00+00:00,-0.0004887916420361358
2024-07-20 14:00:00+00:00,0.000470911076401125
2024-07-20 15:00:00+00:00,0.004452089641951726
2024-07-20 16:00:00+00:00,2.333805750289719e-05
2024-07-20 17:00:00+00:00,-0.0021660224315931576
2024-07-20 18:00:00+00:00,0.0005221166686512546
2024-07-20 19:00:00+00:00,0.003698983644873378
2024-07-20 20:00:00+00:00,-0.002429862106433103
2024-07-20 21:00:00+00:00,-0.0018078536854549067
2024-07-20 22:00:00+00:00,0.0016244682609238498
2024-07-20 23:00:00+00:00,-0.0009228732339008573
2024-07-21 00:00:00+00:00,0.00028946225240468953
2024-07-21 01:00:00+00:00,-0.0015727947429032608
2024-07-21 02:00:00+00:00,0.0007656608036995801
2024-07-21 03:00:00+00:00,-0.002382678144708278
2024-07-21 04:00:00+00:00,-0.002424103582690263
2024-07-21 05:00:00+00:00,0.0018603839999266894
2024-07-21 06:00:00+00:00,0.0005983376382209903
2024-07-21 07:00:00+00:00,0.0008038668984428878
2024-07-21 08:00:00+00:00,0.0017470061749432083
2024-07-21 09:00:00+00:00,0.0020541790207147426
2024-07-21 10:00:00+00:00,9.078111825531652e-05
2024-07-21 11:00:00+00:00,0.0020317897981196784
2024-07-21 12:00:00+00:00,0.00015468804870654552
2024-07-21 13:00:00+00:00,0.0021821652417994943
2024-07-21 14:00:00+00:00,-0.0025638542497636117
2024-07-21 15:00:00+00:00,-0.0009434187286755092
2024-07-21 16:00:00+00:00,-0.0031461279226130154
2024-07-21 17:00:00+00:00,0.0012500940387234548
2024-07-21 18:00:00+00:00,-0.0023109166445674997
2024-07-21 19:00:00+00:00,-0.00663089530811624
2024-07-21 20:00:00+00:00,-0.002692983436911099
2024-07-21 21:00:00+00:00,-0.002514531988452537
2024-07-21 22:00:00+00:00,0.0013979680119056248
2024-07-21 23:00:00+00:00,0.0027343503893718355
2024-07-22 00:00:00+00:00,0.0025388466512412567
2024-07-22 01:00:00+00:00,0.0017757235337993475
2024-07-22 02:00:00+00:00,-0.0011838703932716753
2024-07-22 03:00:00+00:00,-0.0003423574725726969
2024-07-22 04:00:00+00:00,-0.0022062244183123875
2024-07-22 05:00:00+00:00,-0.00036298112496210117
2024-07-22 06:00:00+00:00,-0.003132535171956015
2024-07-22 07:00:00+00:00,0.001966694338592277
2024-07-22 08:00:00+00:00,0.0020849549492524444
2024-07-22 09:00:00+00:00,-0.0033683133384092524
2024-07-22 10:00:00+00:00,0.00026470292852979934
2024-07-22 11:00:00+00:00,-0.0017014993027526834
2024-07-22 12:00:00+00:00,-0.002278987371451754
2024-07-22 13:00:00+00:00,0.0031611112821600578
2024-07-22 14:00:00+00:00,-0.003625408256471846
2024-07-22 15:00:00+00:00,-0.0009127751313182402
2024-07-22 16:00:00+00:00,0.002837221368296652
2024-07-22 17:00:00+00:00,-0.00321385971505745
2024-07-22 18:00:00+00:00,0.0006003041382614223
2024-07-22 19:00:00+00:00,0.0001937813790110037
2024-07-22 20:00:00+00:00,-0.0006774204926414778
2024-07-22 21:00:00+00:00,0.0038073101247859823
2024-07-22 22:00:00+00:00,-0.0008391048562761915
2024-07-22 23:00:00+00:00,-0.0015117100963889375
2024-07-23 00:00:00+00:00,0.0009298307159858342
2024-07-23 01:00:00+00:00,0.00414756050763963
2024-07-23 02:00:00+00:00,-0.0035720138717637803
2024-07-23 03:00:00+00:00,-0.00034801279192209125
2024-07-23 04:00:00+00:00,0.00033499134311121227
2024-07-23 05:00:00+00:00,0.0038674374144043017
2024-07-23 06:00:00+00:00,-0.0018161532648753947
2024-07-23 07:00:00+00:00,0.0040800021764461234
2024-07-23 08:00:00+00:00,0.005750748994558837
2024-07-23 09:00:00+00:00,0.0005114461118006935
2024-07-23 10:00:00+00:00,0.006493806906406437
2024-07-23 11:00:00+00:00,0.0006392987478616401
2024-07-23 12:00:00+00:00,-7.682502550139061e-05
2024-07-23 13:00:00+00:00,0.0005020475926890863
2024-07-23 14:00:00+00:00,-0.005065095298429456
2024-07-23 15:00:00+00:00,-0.0022987620474176768
2024-07-23 16:00:00+00:00,0.002054539655230399
2024-07-23 17:00:00+00:00,-0.002319518586814942
2024-07-23 18:00:00+00:00,0.004443997128182348
2024-07-23 19:00:00+00:00,0.00394787784647448
2024-07-23 20:00:00+00:00,-0.005853002669628923
2024-07-23 21:00:00+00:00,0.0015785366572137938
2024-07-23 22:00:00+00:00,-0.0018932078305948956
2024-07-23 23:00:00+00:00,0.0020586279516202045
2024-07-24 00:00:00+00:00,0.0037380160698524474
2024-07-24 01:00:00+00:00,-0.002670079411454117
2024-07-24 02:00:00+00:00,0.0012925014129196682
2024-07-24 03:00:00+00:00,-0.00023815652640631532
2024-07-24 04:00:00+00:00,-0.0023619372548556367
2024-07-24 05:00:00+00:00,-0.0008467072680527097
2024-07-24 06:00:00+00:00,-0.0009332828230422292
2024-07-24 07:00:00+00:00,0.0012727069280224698
2024-07-24 08:00:00+00:00,-0.006006960065069768
2024-07-24 09:00:00+00:00,-0.0037681448043048356
2024-07-24 10:00:00+00:00,-0.0009395063919412286
2024-07-24 11:00:00+00:00,-0.0004188276459082342
2024-07-24 12:00:00+00:00,0.0030423620330099124
2024-07-24 13:00:00+00:00,-0.001783871770360432
2024-07-24 14:00:00+00:00,-0.004413454223184572
2024-07-24 15:00:00+00:00,0.003152798568038917
2024-07-24 16:00:00+00:00,-0.003343401807605581
2024-07-24 17:00:00+00:00,-0.0002150013379991246
2024-07-24 18:00:00+00:00,-0.00031870968255025706
2024-07-24 19:00:00+00:00,-0.004600640093721721
2024-07-24 20:00:00+00:00,-0.003343955229840534
2024-07-24 21:00:00+00:00,-0.0017143066336959218
2024-07-24 22:00:00+00:00,0.0029610765538102086
2024-07-24 23:00:00+00:00,-0.0034120879898510027
2024-07-25 00:00:00+00:00,-0.0015440135185232457
2024-07-25 01:00:00+00:00,-0.006887568527017161
2024-07-25 02:00:00+00:00,0.006143618774553724
2024-07-25 03:00:00+00:00,-0.003267815044754091
2024-07-25 04:00:00+00:00,0.002375079800003929
2024-07-25 05:00:00+00:00,0.00418858041141458
2024-07-25 06:00:00+00:00,-0.006096154710599109
2024-07-25 07:00:00+00:00,0.0021663262709023284
2024-07-25 08:00:00+00:00,0.0006204056396109482
2024-07-25 09:00:00+00:00,0.0014109217045381376
2024-07-25 10:00:00+00:00,0.0019797111368333883
2024-07-25 11:00:00+00:00,-0.002757003972293153
2024-07-25 12:00:00+00:00,-0.005806637776399728
2024-07-25 13:00:00+00:00,0.006020065430574036
2024-07-25 14:00:00+00:00,-0.006225635817166903
2024-07-25 15:00:00+00:00,-0.0016705081208536305
2024-07-25 16:00:00+00:00,-0.0014219978402836265
2024-07-25 17:00:00+00:00,0.0045335003391389385
2024-07-25 18:00:00+00:00,0.00021080733069638356
2024-07-25 19:00:00+00:00,0.0011202952800140715
2024-07-25 20:00:00+00:00,0.002785884469772061
2024-07-25 21:00:00+00:00,0.0011421896482710881
2024-07-25 22:00:00+00:00,-0.0011337940997415542
2024-07-25 23:00:00+00:00,-4.2442288201616676e-05
2024-07-26 00:00:00+00:00,0.00110896262165946
2024-07-26 01:00:00+00:00,-0.0013649960248509568
2024-07-26 02:00:00+00:00,0.003162057997218782
2024-07-26 03:00:00+00:00,0.002211829121505311
2024-07-26 04:00:00+00:00,0.0003400856836131142
2024-07-26 05:00:00+00:00,0.000526399446518075
2024-07-26 06:00:00+00:00,0.004185361184226833
2024-07-26 07:00:00+00:00,0.0023962474403205086
2024-07-26 08:00:00+00:00,-0.0034814465378553987
2024-07-26 09:00:00+00:00,0.0001122075323364771
2024-07-26 10:00:00+00:00,-0.0017243714121112032
2024-07-26 11:00:00+00:00,-0.0013151850276192343
2024-07-26 12:00:00+00:00,0.001934571496469922
2024-07-26 13:00:00+00:00,-0.003696842383196776
2024-07-26 14:00:00+00:00,0.005941291582041546
2024-07-26 15:00:00+00:00,-0.001411811385744531
2024-07-26 16:00:00+00:00,0.000912081961563398
2024-07-26 17:00:00+00:00,-0.0012441313369823104
2024-07-26 18:00:00+00:00,-0.00020951511771543214
2024-07-26 19:00:00+00:00,0.0019663056321675312
2024-07-26 20:00:00+00:00,-0.0034884123126090617
2024-07-26 21:00:00+00:00,-0.002084143102698703
2024-07-26 22:00:00+00:00,0.0017154193541196558
2024-07-26 23:00:00+00:00,-0.00031240076593309544
2024-07-27 00:00:00+00:00,0.0021555615820293334
2024-07-27 01:00:00+00:00,-0.00012242770977300847
2024-07-27 02:00:00+00:00,-0.0005689024873009635
2024-07-27 03:00:00+00:00,-0.00030786786840917863
2024-07-27 04:00:00+00:00,-3.5421977892184524e-05
2024-07-27 05:00:00+00:00,0.0008724702283024633
2024-07-27 06:00:00+00:00,-0.0007604901333137306
2024-07-27 07:00:00+00:00,-0.0006118413026753922
2024-07-27 08:00:00+00:00,-0.002258168728925765
2024-07-27 09:00:00+00:00,-0.00027585894692615595
2024-07-27 10:00:00+00:00,0.0006233995689340747
2024-07-27 11:00:00+00:00,0.002297301344024533
2024-07-27 12:00:00+00:00,-0.0005647888789515015
2024-07-27 13:00:00+00:00,0.002038399198930408
2024-07-27 14:00:00+00:00,0.0017950250456420414
2024-07-27 15:00:00+00:00,0.0014628063233596447
2024-07-27 16:00:00+00:00,7.954768083981224e-05
2024-07-27 17:00:00+00:00,0.0016124657046667002
2024-07-27 18:00:00+00:00,-0.002799492150415782
2024-07-27 19:00:00+00:00,-0.0015506561378118647
2024-07-27 20:00:00+00:00,-0.0006562096397330177
2024-07-27 21:00:00+00:00,0.000645186233941566
2024-07-27 22:00:00+00:00,-0.0006613420806580336
2024-07-27 23:00:00+00:00,-4.402035548106213e-05
2024-07-28 00:00:00+00:00,-0.0005412015173433145
2024-07-28 01:00:00+00:00,-0.0030959267907584537
2024-07-28 02:00:00+00:00,0.0009619878668115338
2024-07-28 03:00:00+00:00,-0.001795256752097881
2024-07-28 04:00:00+00:00,-0.000885590027348133
2024-07-28 05:00:00+00:00,-0.0032721842621142865
2024-07-28 06:00:00+00:00,0.005070443893569108
2024-07-28 07:00:00+00:00,-0.00409264597367218
2024-07-28 08:00:00+00:00,-0.0006747094505089373
2024-07-28 09:00:00+00:00,0.0016748853480670755
2024-07-28 10:00:00+00:00,0.0021779315235077863
2024-07-28 11:00:00+00:00,0.0021733455780021983
2024-07-28 12:00:00+00:00,0.00019912358564890432
2024-07-28 13:00:00+00:00,5.5036073238700606e-05
2024-07-28 14:00:00+00:00,-0.002732967276412571
2024-07-28 15:00:00+00:00,-0.00039500017906477945
2024-07-28 16:00:00+00:00,0.001598499940087859
2024-07-28 17:00:00+00:00,0.0004477940210785244
2024-07-28 18:00:00+00:00,-0.0008329681735658013
2024-07-28 19:00:00+00:00,-0.0012180679823711393
2024-07-28 20:00:00+00:00,-0.000648257267549268
2024-07-28 21:00:00+00:00,6.415737844807087e-05
2024-07-28 22:00:00+00:00,0.0009250742357679246
2024-07-28 23:00:00+00:00,-0.002054141932182752
2024-07-29 00:00:00+00:00,0.002227946248218785
2024-07-29 01:00:00+00:00,-0.000571793520763062
2024-07-29 02:00:00+00:00,0.011925943494734652
2024-07-29 03:00:00+00:00,-0.0012515824733030302
2024-07-29 04:00:00+00:00,0.000151431825749634
2024-07-29 05:00:00+00:00,0.0015482004413376977
2024-07-29 06:00:00+00:00,0.002667412497388814
2024-07-29 07:00:00+00:00,-0.001078499252451151
2024-07-29 08:00:00+00:00,0.0012539142811255936
2024-07-29 09:00:00+00:00,0.0033404452846532706
2024-07-29 10:00:00+00:00,0.0010181291697360212
2024-07-29 11:00:00+00:00,-0.0017699177500773082
2024-07-29 12:00:00+00:00,-0.0038163828288769455
2024-07-29 13:00:00+00:00,0.004449939683430619
2024-07-29 14:00:00+00:00,0.0010994839569244124
2024-07-29 15:00:00+00:00,-0.0036403291251929358
2024-07-29 16:00:00+00:00,0.0006200592575830258
2024-07-29 17:00:00+00:00,-0.0006465081531313078
2024-07-29 18:00:00+00:00,0.0007178875752507035
2024-07-29 19:00:00+00:00,-0.0001409976977289583
2024-07-29 20:00:00+00:00,0.0021757962511054483
2024-07-29 21:00:00+00:00,0.0005273101626718022
2024-07-29 22:00:00+00:00,-0.0006904213072429745
2024-07-29 23:00:00+00:00,0.000903202424364333
2024-07-30 00:00:00+00:00,-0.0022741226975586965
2024-07-30 01:00:00+00:00,0.004209069754907723
2024-07-30 02:00:00+00:00,-0.001317814392719135
2024-07-30 03:00:00+00:00,-0.0018052249517023773
2024-07-30 04:00:00+00:00,-0.0009410922730020315
2024-07-30 05:00:00+00:00,0.006975991747101129
2024-07-30 06:00:00+00:00,0.0019550780507741573
2024-07-30 07:00:00+00:00,-0.002369758870985414
2024-07-30 08:00:00+00:00,0.0026816691309181394
2024-07-30 09:00:00+00:00,-0.005983147737355114
2024-07-30 10:00:00+00:00,-0.0061334740242153145
2024-07-30 11:00:00+00:00,-0.0017106928173641887
2024-07-30 12:00:00+00:00,0.0012525679584142217
2024-07-30 13:00:00+00:00,0.0041744469811918605
2024-07-30 14:00:00+00:00,-0.0005100142367622701
2024-07-30 15:00:00+00:00,-0.004589620265931227
2024-07-30 16:00:00+00:00,-0.0018235008984162607
2024-07-30 17:00:00+00:00,-0.002719494047870419
2024-07-30 18:00:00+00:00,-0.005704215291634375
2024-07-30 19:00:00+00:00,-0.0035747571960054506
2024-07-30 20:00:00+00:00,0.0007969094921545415
2024-07-30 21:00:00+00:00,-0.0031748362170804794
2024-07-30 22:00:00+00:00,0.0031248876324899717
2024-07-30 23:00:00+00:00,-0.0014857607029610882
2024-07-31 00:00:00+00:00,9.806724589289267e-05
2024-07-31 01:00:00+00:00,-0.006274509134186049
2024-07-31 02:00:00+00:00,-0.0007106257454064039
2024-07-31 03:00:00+00:00,0.0003897287074847797
2024-07-31 04:00:00+00:00,0.0007641478094334824
2024-07-31 05:00:00+00:00,0.00045244439914717455
2024-07-31 06:00:00+00:00,0.0004059368642425101
2024-07-31 07:00:00+00:00,0.00020769424472257212
2024-07-31 08:00:00+00:00,-0.0011066628915642127
2024-07-31 09:00:00+00:00,-0.0024804946882633007
2024-07-31 10:00:00+00:00,0.00032112124551368474
2024-07-31 11:00:00+00:00,6.636806222897254e-05
2024-07-31 12:00:00+00:00,0.0013986250196847759
2024-07-31 13:00:00+00:00,0.002910556806390051
2024-07-31 14:00:00+00:00,-1.1588388947519698e-05
2024-07-31 15:00:00+00:00,0.00010452551738056712
2024-07-31 16:00:00+00:00,0.002672031083415116
2024-07-31 17:00:00+00:00,0.0008221404201670349
2024-07-31 18:00:00+00:00,-0.0018692022237992993
2024-07-31 19:00:00+00:00,0.0001235064019382515
2024-07-31 20:00:00+00:00,0.0002734172398576963
2024-07-31 21:00:00+00:00,-0.0016762838257244434
2024-07-31 22:00:00+00:00,0.0037326171205639635
2024-07-31 23:00:00+00:00,0.005208712033336431
2024-08-01 00:00:00+00:00,-0.0011363982345401402
2024-08-01 01:00:00+00:00,0.001305009585512265
2024-08-01 02:00:00+00:00,0.006809493427453897
2024-08-01 03:00:00+00:00,0.0019204349284608854
2024-08-01 04:00:00+00:00,-0.0056499041729620265
2024-08-01 05:00:00+00:00,-0.001338159623814109
2024-08-01 06:00:00+00:00,0.002654258535771528
2024-08-01 07:00:00+00:00,-2.366630648223808e-05
2024-08-01 08:00:00+00:00,0.001210054849788432
2024-08-01 09:00:00+00:00,0.0070519141008055725
2024-08-01 10:00:00+00:00,-0.0006115629697929041
2024-08-01 11:00:00+00:00,-0.0012271615313003137
2024-08-01 12:00:00+00:00,0.0016447636918626332
2024-08-01 13:00:00+00:00,0.0019361301668860533
2024-08-01 14:00:00+00:00,0.0044275336311945706
2024-08-01 15:00:00+00:00,-0.0002501902372551352
2024-08-01 16:00:00+00:00,-0.00531570797735735
2024-08-01 17:00:00+00:00,0.004062718538285521
2024-08-01 18:00:00+00:00,-0.0019341530515732197
2024-08-01 19:00:00+00:00,0.0037429686829585046
2024-08-01 20:00:00+00:00,0.005507497332819425
2024-08-01 21:00:00+00:00,0.0009180375945729845
2024-08-01 22:00:00+00:00,-0.0001211021135289998
2024-08-01 23:00:00+00:00,0.001712229788902513
2024-08-02 00:00:00+00:00,0.007516073114497591
2024-08-02 01:00:00+00:00,-0.0001412458329332425
2024-08-02 02:00:00+00:00,0.003681491563005718
2024-08-02 03:00:00+00:00,-0.005234565448912487
2024-08-02 04:00:00+00:00,0.006751014513020209
2024-08-02 05:00:00+00:00,0.008162962404698939
2024-08-02 06:00:00+00:00,0.007032778229758898
2024-08-02 07:00:00+00:00,0.0022715053702087604
2024-08-02 08:00:00+00:00,-0.0008596096697896082
2024-08-02 09:00:00+00:00,-0.00044494578772356224
2024-08-02 10:00:00+00:00,-0.0018339816480084786
2024-08-02 11:00:00+00:00,-7.28992432584552e-05
2024-08-02 12:00:00+00:00,-0.0016964949267077084
2024-08-02 13:00:00+00:00,0.006417930119380207
2024-08-02 14:00:00+00:00,-0.009864587046713853
2024-08-02 15:00:00+00:00,-0.0030960231099312076
2024-08-02 16:00:00+00:00,0.0016166280531673435
2024-08-02 17:00:00+00:00,0.0016747298045870363
2024-08-02 18:00:00+00:00,0.0012786674379956795
2024-08-02 19:00:00+00:00,-0.00027005193025834653
2024-08-02 20:00:00+00:00,-0.004426572093815813
2024-08-02 21:00:00+00:00,0.0024474096035729124
2024-08-02 22:00:00+00:00,0.003213775307672258
2024-08-02 23:00:00+00:00,-0.00025808107623521347
2024-08-03 00:00:00+00:00,0.004277482855477073
2024-08-03 01:00:00+00:00,-0.004307132151710211
2024-08-03 02:00:00+00:00,-0.0033050600191768436
2024-08-03 03:00:00+00:00,0.0053749855055919326
2024-08-03 04:00:00+00:00,-0.0025528579304732713
2024-08-03 05:00:00+00:00,-0.003633355546074561
2024-08-03 06:00:00+00:00,0.00022444878085780298
2024-08-03 07:00:00+00:00,-0.001289284512661666
2024-08-03 08:00:00+00:00,0.004806539116122972
2024-08-03 09:00:00+00:00,0.004054883206935772
2024-08-03 10:00:00+00:00,0.0009878079851144827
2024-08-03 11:00:00+00:00,-0.0015104751461394153
2024-08-03 12:00:00+00:00,0.0026486469038481757
2024-08-03 13:00:00+00:00,0.0003707751447972439
2024-08-03 14:00:00+00:00,0.002006009333741598
2024-08-03 15:00:00+00:00,-0.0025046545961409906
2024-08-03 16:00:00+00:00,-0.008714204037144268
2024-08-03 17:00:00+00:00,0.005005381789712791
2024-08-03 18:00:00+00:00,0.0009224222758820957
2024-08-03 19:00:00+00:00,0.004744494650248751
2024-08-03 20:00:00+00:00,-0.003279174882136616
2024-08-03 21:00:00+00:00,-0.003622367010375729
2024-08-03 22:00:00+00:00,0.0011201468854899032
2024-08-03 23:00:00+00:00,-0.001722157055165858
2024-08-04 00:00:00+00:00,0.009529401126275013
2024-08-04 01:00:00+00:00,-0.0002080395958687636
2024-08-04 02:00:00+00:00,0.0018935095966503637
2024-08-04 03:00:00+00:00,6.975236492975558e-05
2024-08-04 04:00:00+00:00,0.0010194892065309837
2024-08-04 05:00:00+00:00,-0.0015913747124488755
2024-08-04 06:00:00+00:00,0.0015994139363199901
2024-08-04 07:00:00+00:00,0.006040675134530339
2024-08-04 08:00:00+00:00,-0.0034067916707078583
2024-08-04 09:00:00+00:00,0.0023326826923798795
2024-08-04 10:00:00+00:00,-0.001152604476337742
2024-08-04 11:00:00+00:00,-0.0022611364157074246
2024-08-04 12:00:00+00:00,-0.0014641460174858625
2024-08-04 13:00:00+00:00,0.0008553810665746099
2024-08-04 14:00:00+00:00,-0.0006391838444462334
2024-08-04 15:00:00+00:00,-0.0013159978948295026
2024-08-04 16:00:00+00:00,-0.0011496733709211136
2024-08-04 17:00:00+00:00,0.0014995222853571668
2024-08-04 18:00:00+00:00,-0.001511184458534688
2024-08-04 19:00:00+00:00,0.00592260477583463
2024-08-04 20:00:00+00:00,-0.0007237602218087608
2024-08-04 21:00:00+00:00,0.004270461513988495
2024-08-04 22:00:00+00:00,0.0006371571619822302
2024-08-04 23:00:00+00:00,-0.0008097512422416196
2024-08-05 00:00:00+00:00,-0.004227095585244271
2024-08-05 01:00:00+00:00,-0.02759299936927051
2024-08-05 02:00:00+00:00,0.007601739629351393
2024-08-05 03:00:00+00:00,0.0006725881758015876
2024-08-05 04:00:00+00:00,0.005553407783364648
2024-08-05 05:00:00+00:00,0.0023580970022221673
2024-08-05 06:00:00+00:00,-0.0024745277071609845
2024-08-05 07:00:00+00:00,0.015500463461981752
2024-08-05 08:00:00+00:00,-0.006601416220235075
2024-08-05 09:00:00+00:00,-0.0024639642526533387
2024-08-05 10:00:00+00:00,0.00026891838576456476
2024-08-05 11:00:00+00:00,-0.0026310661246500573
2024-08-05 12:00:00+00:00,0.021494211905833175
2024-08-05 13:00:00+00:00,0.003087942344616552
2024-08-05 14:00:00+00:00,-0.0025398432037431
2024-08-05 15:00:00+00:00,0.00642662061371324
2024-08-05 16:00:00+00:00,0.011282279934334831
2024-08-05 17:00:00+00:00,-0.00396509638717572
2024-08-05 18:00:00+00:00,0.003136495812610429
2024-08-05 19:00:00+00:00,0.0017294679144061514
2024-08-05 20:00:00+00:00,0.0006461529632456985
2024-08-05 21:00:00+00:00,0.006969840787516645
2024-08-05 22:00:00+00:00,3.979251995896938e-06
2024-08-05 23:00:00+00:00,0.0020476466403616072
2024-08-06 00:00:00+00:00,0.0013034132280963944
2024-08-06 01:00:00+00:00,-0.0001217504342373362
2024-08-06 02:00:00+00:00,-0.0037457181051667576
2024-08-06 03:00:00+00:00,-1.7411997442780077e-05
2024-08-06 04:00:00+00:00,-0.005769156662721668
2024-08-06 05:00:00+00:00,0.00045890998857721664
2024-08-06 06:00:00+00:00,0.0036202386021455856
2024-08-06 07:00:00+00:00,0.0005852697358336778
2024-08-06 08:00:00+00:00,0.005702193433729283
2024-08-06 09:00:00+00:00,-0.008433700547130826
2024-08-06 10:00:00+00:00,-0.003326237025860745
2024-08-06 11:00:00+00:00,-0.0009900992146749023
2024-08-06 12:00:00+00:00,0.0012073174499450945
2024-08-06 13:00:00+00:00,-0.004462288822280234
2024-08-06 14:00:00+00:00,0.004535419281710227
2024-08-06 15:00:00+00:00,-0.004773304425536794
2024-08-06 16:00:00+00:00,0.0009474833739322833
2024-08-06 17:00:00+00:00,-0.000763504358998999
2024-08-06 18:00:00+00:00,1.566760656398998e-05
2024-08-06 19:00:00+00:00,-0.002397682723660984
2024-08-06 20:00:00+00:00,-0.004758125309483872
2024-08-06 21:00:00+00:00,0.00263585930389564
2024-08-06 22:00:00+00:00,0.004578730986769124
2024-08-06 23:00:00+00:00,-0.0021581351115174054
2024-08-07 00:00:00+00:00,-0.0032698859002969556
2024-08-07 01:00:00+00:00,-0.0041062561517905705
2024-08-07 02:00:00+00:00,0.005399696714601795
2024-08-07 03:00:00+00:00,-0.0038928779504944335
2024-08-07 04:00:00+00:00,-0.00034301818997040253
2024-08-07 05:00:00+00:00,-0.004403101853569684
2024-08-07 06:00:00+00:00,0.0015601328746344242
2024-08-07 07:00:00+00:00,-0.0015665219566332084
2024-08-07 08:00:00+00:00,0.0037835847464509657
2024-08-07 09:00:00+00:00,0.0032241435590012494
2024-08-07 10:00:00+00:00,0.0036666357234502954
2024-08-07 11:00:00+00:00,-0.003680695623063886
2024-08-07 12:00:00+00:00,-0.00439212576031277
2024-08-07 13:00:00+00:00,0.0006920193906114127
2024-08-07 14:00:00+00:00,0.0005988620364600855
2024-08-07 15:00:00+00:00,-0.0031183625462109527
2024-08-07 16:00:00+00:00,0.0002553068383288836
2024-08-07 17:00:00+00:00,0.017937026711888352
2024-08-07 18:00:00+00:00,0.001384241367065312
2024-08-07 19:00:00+00:00,0.003091641935184171
2024-08-07 20:00:00+00:00,-0.03718821015276392
2024-08-07 21:00:00+00:00,-0.008779739487081918
2024-08-07 22:00:00+00:00,0.026180610173797633
2024-08-07 23:00:00+00:00,0.00414503193005256
2024-08-08 00:00:00+00:00,0.010220769258205439
2024-08-08 01:00:00+00:00,-0.00527651200747357
2024-08-08 02:00:00+00:00,-0.0018712517142477807
2024-08-08 03:00:00+00:00,0.0024786246006859055
2024-08-08 04:00:00+00:00,0.007526445279026488
2024-08-08 05:00:00+00:00,-0.00412012213578001
2024-08-08 06:00:00+00:00,-0.0003668691476376146
2024-08-08 07:00:00+00:00,-0.0017421512058004695
2024-08-08 08:00:00+00:00,-0.005561064778160837
2024-08-08 09:00:00+00:00,0.004484855930866973
2024-08-08 10:00:00+00:00,0.0005116722130422364
2024-08-08 11:00:00+00:00,-0.000587236426754626
2024-08-08 12:00:00+00:00,0.0084788294553426
2024-08-08 13:00:00+00:00,-0.0011354407247432502
2024-08-08 14:00:00+00:00,0.0031745608200195513
2024-08-08 15:00:00+00:00,-0.0018427426670681978
2024-08-08 16:00:00+00:00,0.01149966973449817
2024-08-08 17:00:00+00:00,0.0016148380984477334
2024-08-08 18:00:00+00:00,-0.0037952569614919684
2024-08-08 19:00:00+00:00,0.0030255765110647624
2024-08-08 20:00:00+00:00,-0.00016602378653627015
2024-08-08 21:00:00+00:00,0.005985501833361098
2024-08-08 22:00:00+00:00,0.00601092411068958
2024-08-08 23:00:00+00:00,-0.015022552431096703
2024-08-09 00:00:00+00:00,0.0011879630745775674
2024-08-09 01:00:00+00:00,0.0015099684994304787
2024-08-09 02:00:00+00:00,-0.0013094563409516635
2024-08-09 03:00:00+00:00,1.7063219769949278e-05
2024-08-09 04:00:00+00:00,0.008307060227130488
2024-08-09 05:00:00+00:00,-0.00405990109572455
2024-08-09 06:00:00+00:00,0.00206440428807794
2024-08-09 07:00:00+00:00,-0.0029822883979437687
2024-08-09 08:00:00+00:00,0.00474251553145512
2024-08-09 09:00:00+00:00,0.00012964548721653186
2024-08-09 10:00:00+00:00,0.002594491105310915
2024-08-09 11:00:00+00:00,0.0008386980137498238
2024-08-09 12:00:00+00:00,-0.0026634636967971205
2024-08-09 13:00:00+00:00,-0.0020079918410843616
2024-08-09 14:00:00+00:00,-0.00392131191409921
2024-08-09 15:00:00+00:00,-0.0005374613395452878
2024-08-09 16:00:00+00:00,-0.0018005494743566306
2024-08-09 17:00:00+00:00,0.009389146313203926
2024-08-09 18:00:00+00:00,-0.005568427720902687
2024-08-09 19:00:00+00:00,-5.391466187312096e-05
2024-08-09 20:00:00+00:00,0.0003210256512826131
2024-08-09 21:00:00+00:00,0.005528745233363213
2024-08-09 22:00:00+00:00,-0.004569539044537772
2024-08-09 23:00:00+00:00,-0.00022136738062927962
2024-08-10 00:00:00+00:00,0.0029882936417218423
2024-08-10 01:00:00+00:00,-0.003519162528543807
2024-08-10 02:00:00+00:00,-0.0025224736022507782
2024-08-10 03:00:00+00:00,-0.002583150910882575
2024-08-10 04:00:00+00:00,-0.00014757441885744383
2024-08-10 05:00:00+00:00,-0.0016698743020475042
2024-08-10 06:00:00+00:00,0.0006325409617212643
2024-08-10 07:00:00+00:00,-0.0008248140480481118
2024-08-10 08:00:00+00:00,0.0031262599426495
2024-08-10 09:00:00+00:00,0.0031243617471341167
2024-08-10 10:00:00+00:00,-0.004598023706053497
2024-08-10 11:00:00+00:00,-0.001135603396777236
2024-08-10 12:00:00+00:00,-0.0033306545929808005
2024-08-10 13:00:00+00:00,-0.008093483656345416
2024-08-10 14:00:00+00:00,-0.007371575895011921
2024-08-10 15:00:00+00:00,-0.00467277576383513
2024-08-10 16:00:00+00:00,0.012179184094699364
2024-08-10 17:00:00+00:00,-0.004086398017083625
2024-08-10 18:00:00+00:00,-0.002843557701215554
2024-08-10 19:00:00+00:00,-0.0033439530202901643
2024-08-10 20:00:00+00:00,0.003615723045361895
2024-08-10 21:00:00+00:00,0.007926110923635049
2024-08-10 22:00:00+00:00,-0.0015653231868065862
2024-08-10 23:00:00+00:00,0.000415981612239337
2024-08-11 00:00:00+00:00,0.003822994740008882
2024-08-11 01:00:00+00:00,0.004675017846406819
2024-08-11 02:00:00+00:00,0.0018887069543035342
2024-08-11 03:00:00+00:00,0.006567842779724804
2024-08-11 04:00:00+00:00,-0.00046632545757045404
2024-08-11 05:00:00+00:00,-0.0037290631946043816
2024-08-11 06:00:00+00:00,0.00046512337718063906
2024-08-11 07:00:00+00:00,0.0007393262411712401
2024-08-11 08:00:00+00:00,0.0027642621865756004
2024-08-11 09:00:00+00:00,0.0016367592226224313
2024-08-11 10:00:00+00:00,-3.7077476116612076e-05
2024-08-11 11:00:00+00:00,0.00808264205407435
2024-08-11 12:00:00+00:00,-0.008130853567107783
2024-08-11 13:00:00+00:00,-0.007510028829453842
2024-08-11 14:00:00+00:00,-0.005867008546974431
2024-08-11 15:00:00+00:00,-0.00022064107278677231
2024-08-11 16:00:00+00:00,-0.005966988755063862
2024-08-11 17:00:00+00:00,0.0003576374688560493
2024-08-11 18:00:00+00:00,-0.000933405928641222
2024-08-11 19:00:00+00:00,0.008393885597926823
2024-08-11 20:00:00+00:00,-0.015528293068911606
2024-08-11 21:00:00+00:00,0.009233685091388373
2024-08-11 22:00:00+00:00,0.003601249091712421
2024-08-11 23:00:00+00:00,0.010294811340346103
2024-08-12 00:00:00+00:00,-0.020993720142016434
2024-08-12 01:00:00+00:00,-0.009725669516158284
2024-08-12 02:00:00+00:00,-0.008500804916086905
2024-08-12 03:00:00+00:00,0.010957989891319563
2024-08-12 04:00:00+00:00,0.005444924274945294
2024-08-12 05:00:00+00:00,0.0007511575519316069
2024-08-12 06:00:00+00:00,0.001837380036291897
2024-08-12 07:00:00+00:00,0.004546881433681921
2024-08-12 08:00:00+00:00,-0.006725865672864824
2024-08-12 09:00:00+00:00,-0.00351854362658047
2024-08-12 10:00:00+00:00,-0.0011774959322348143
2024-08-12 11:00:00+00:00,-0.01011178947078726
2024-08-12 12:00:00+00:00,-0.0077638866320767115
2024-08-12 13:00:00+00:00,0.006494941464938251
2024-08-12 14:00:00+00:00,-0.007706148755819269
2024-08-12 15:00:00+00:00,0.0024447281986779436
2024-08-12 16:00:00+00:00,0.011719864055318193
2024-08-12 17:00:00+00:00,0.0005815785227477399
2024-08-12 18:00:00+00:00,0.0014369562125528086
2024-08-12 19:00:00+00:00,-8.973166716096135e-05
2024-08-12 20:00:00+00:00,0.0057531918967416735
2024-08-12 21:00:00+00:00,0.0009094282282023378
2024-08-12 22:00:00+00:00,0.003463195324967035
2024-08-12 23:00:00+00:00,0.0028654942786089507
2024-08-13 00:00:00+00:00,0.001283924247282681
2024-08-13 01:00:00+00:00,0.00797203499531894
2024-08-13 02:00:00+00:00,0.005471936521183267
2024-08-13 03:00:00+00:00,-0.00563015549542029
2024-08-13 04:00:00+00:00,-0.0008245439887757269
2024-08-13 05:00:00+00:00,0.006689272952295613
2024-08-13 06:00:00+00:00,-0.011658397674797791
2024-08-13 07:00:00+00:00,-0.002552432170220186
2024-08-13 08:00:00+00:00,-0.003295095397723937
2024-08-13 09:00:00+00:00,0.003431526681123142
2024-08-13 10:00:00+00:00,-0.00670489377390899
2024-08-13 11:00:00+00:00,-0.0013133427727409408
2024-08-13 12:00:00+00:00,0.0008983982239479641
2024-08-13 13:00:00+00:00,0.011214353017157367
2024-08-13 14:00:00+00:00,0.01900384506126414
2024-08-13 15:00:00+00:00,-0.0034933528665603334
2024-08-13 16:00:00+00:00,-0.00313438378561502
2024-08-13 17:00:00+00:00,0.00424551293531431
2024-08-13 18:00:00+00:00,-0.0026523623635066112
2024-08-13 19:00:00+00:00,-0.0020325521433999585
2024-08-13 20:00:00+00:00,-0.0013763070751983833
2024-08-13 21:00:00+00:00,0.004190984311365399
2024-08-13 22:00:00+00:00,-0.0013130046527071741
2024-08-13 23:00:00+00:00,0.005239351818558601
2024-08-14 00:00:00+00:00,-0.006110840549416872
2024-08-14 01:00:00+00:00,-0.0010653079221473473
2024-08-14 02:00:00+00:00,0.002473873126548312
2024-08-14 03:00:00+00:00,0.0047067006469242376
2024-08-14 04:00:00+00:00,-0.0010629216647744172
2024-08-14 05:00:00+00:00,0.003920551757088364
2024-08-14 06:00:00+00:00,-0.000766477466974987
2024-08-14 07:00:00+00:00,-0.0035794400522175685
2024-08-14 08:00:00+00:00,-0.0002613618497573542
2024-08-14 09:00:00+00:00,0.004580133886730796
2024-08-14 10:00:00+00:00,0.004661360025174025
2024-08-14 11:00:00+00:00,0.0027391936870486905
2024-08-14 12:00:00+00:00,0.0017552825721929126
2024-08-14 13:00:00+00:00,-0.0025821517927080294
2024-08-14 14:00:00+00:00,0.005076467590025604
2024-08-14 15:00:00+00:00,-0.003192686344112234
2024-08-14 16:00:00+00:00,0.002301610539281442
2024-08-14 17:00:00+00:00,-0.0015371715458021168
2024-08-14 18:00:00+00:00,0.001787716221336559
2024-08-14 19:00:00+00:00,0.0028085331113323632
2024-08-14 20:00:00+00:00,-0.002437818457193939
2024-08-14 21:00:00+00:00,0.001434036824594308
2024-08-14 22:00:00+00:00,-0.014018309299531186
2024-08-14 23:00:00+00:00,-0.0007350970170867271
2024-08-15 00:00:00+00:00,-0.0010256959507913797
2024-08-15 01:00:00+00:00,0.010875460862369152
2024-08-15 02:00:00+00:00,-0.003138101303030495
2024-08-15 03:00:00+00:00,0.0023742979625652806
2024-08-15 04:00:00+00:00,0.0011010914037841509
2024-08-15 05:00:00+00:00,0.0030043628318840087
2024-08-15 06:00:00+00:00,0.001182877804030914
2024-08-15 07:00:00+00:00,-0.00042791731236745595
2024-08-15 08:00:00+00:00,0.0010246535436756444
2024-08-15 09:00:00+00:00,0.008756781831494549
2024-08-15 10:00:00+00:00,0.0011807752157071722
2024-08-15 11:00:00+00:00,-0.003580831087530954
2024-08-15 12:00:00+00:00,0.002802219896192182
2024-08-15 13:00:00+00:00,-0.005088926444718551
2024-08-15 14:00:00+00:00,0.012255320522252793
2024-08-15 15:00:00+00:00,0.00963426184283024
2024-08-15 16:00:00+00:00,-0.0016696351574056738
2024-08-15 17:00:00+00:00,-0.00015317877080755945
2024-08-15 18:00:00+00:00,-0.006695551726327786
2024-08-15 19:00:00+00:00,-0.0025765000004982987
2024-08-15 20:00:00+00:00,-0.002360122846592826
2024-08-15 21:00:00+00:00,0.0004042704150189047
2024-08-15 22:00:00+00:00,0.0037592844987617995
2024-08-15 23:00:00+00:00,-0.003949376734096233
2024-08-16 00:00:00+00:00,-0.008350484160594968
2024-08-16 01:00:00+00:00,-0.0029572654144478724
2024-08-16 02:00:00+00:00,0.003909265801901188
2024-08-16 03:00:00+00:00,0.0024004238958078915
2024-08-16 04:00:00+00:00,0.005724252515220471
2024-08-16 05:00:00+00:00,-0.003373010175912286
2024-08-16 06:00:00+00:00,0.002236140788269496
2024-08-16 07:00:00+00:00,0.00909892483207324
2024-08-16 08:00:00+00:00,0.0013775349166114282
2024-08-16 09:00:00+00:00,-0.003569143451068475
2024-08-16 10:00:00+00:00,0.0031359185703488945
2024-08-16 11:00:00+00:00,0.008495603081916473
2024-08-16 12:00:00+00:00,0.009494485710172751
2024-08-16 13:00:00+00:00,0.0035326582383836186
2024-08-16 14:00:00+00:00,-0.0028874264490694555
2024-08-16 15:00:00+00:00,-0.001994967369800368
2024-08-16 16:00:00+00:00,-0.0026303585702917016
2024-08-16 17:00:00+00:00,-0.0054294501848245165
2024-08-16 18:00:00+00:00,0.011154868952662576
2024-08-16 19:00:00+00:00,-0.0008792042930732556
2024-08-16 20:00:00+00:00,0.0002889452718233262
2024-08-16 21:00:00+00:00,0.006435338390978128
2024-08-16 22:00:00+00:00,0.0010905491261141507
2024-08-16 23:00:00+00:00,-0.00437381152427521
2024-08-17 00:00:00+00:00,0.0038451355576098675
2024-08-17 01:00:00+00:00,0.00222691464254085
2024-08-17 02:00:00+00:00,-0.0020558904963102033
2024-08-17 03:00:00+00:00,0.01184676436151459
2024-08-17 04:00:00+00:00,0.0006378175778860653
2024-08-17 05:00:00+00:00,-0.0012843497822791624
2024-08-17 06:00:00+00:00,0.0021816667552121785
2024-08-17 07:00:00+00:00,0.007566157497745329
2024-08-17 08:00:00+00:00,-0.00026316637094954144
2024-08-17 09:00:00+00:00,0.0013091244527104362
2024-08-17 10:00:00+00:00,-0.005883466562712084
2024-08-17 11:00:00+00:00,0.0006971832343894034
2024-08-17 12:00:00+00:00,-0.0004578494224724778
2024-08-17 13:00:00+00:00,0.0006130387492585559
2024-08-17 14:00:00+00:00,-0.008937684006219875
2024-08-17 15:00:00+00:00,0.00967610086491596
2024-08-17 16:00:00+00:00,-0.013329062483688666
2024-08-17 17:00:00+00:00,0.0039216757758590405
2024-08-17 18:00:00+00:00,0.010395995802132742
2024-08-17 19:00:00+00:00,0.00850023849328842
2024-08-17 20:00:00+00:00,0.0013567433197035237
2024-08-17 21:00:00+00:00,0.00048393289929195987
2024-08-17 22:00:00+00:00,-0.00747609026373392
2024-08-17 23:00:00+00:00,-0.002927516655883722
2024-08-18 00:00:00+00:00,-0.0020499958076485862
2024-08-18 01:00:00+00:00,0.0030769320572279946
2024-08-18 02:00:00+00:00,-0.011759430001603463
2024-08-18 03:00:00+00:00,0.010796783737171288
2024-08-18 04:00:00+00:00,0.0035587876139086014
2024-08-18 05:00:00+00:00,-0.004895084181425178
2024-08-18 06:00:00+00:00,-0.009272968281689104
2024-08-18 07:00:00+00:00,-0.0006660500183340212
2024-08-18 08:00:00+00:00,0.00033054483520903827
2024-08-18 09:00:00+00:00,0.01239863204783874
2024-08-18 10:00:00+00:00,0.0044244094162677215
2024-08-18 11:00:00+00:00,0.006485026783834418
2024-08-18 12:00:00+00:00,-0.005380791646346014
2024-08-18 13:00:00+00:00,0.006487527541644619
2024-08-18 14:00:00+00:00,-0.0003867945280450749
2024-08-18 15:00:00+00:00,0.002664057716056812
2024-08-18 16:00:00+00:00,-0.01600736279597897
2024-08-18 17:00:00+00:00,-0.003155691097578707
2024-08-18 18:00:00+00:00,-0.002865951821082728
2024-08-18 19:00:00+00:00,0.007532482050262644
2024-08-18 20:00:00+00:00,-0.0005569006212018485
2024-08-18 21:00:00+00:00,-0.0044115811576350755
2024-08-18 22:00:00+00:00,0.003736566573558249
2024-08-18 23:00:00+00:00,0.002123895188955519
2024-08-19 00:00:00+00:00,0.005811754425679976
2024-08-19 01:00:00+00:00,-0.0004969052830888732
2024-08-19 02:00:00+00:00,-0.0034566230319653924
2024-08-19 03:00:00+00:00,-0.01114756641333939
2024-08-19 04:00:00+00:00,-0.0006145821420293554
2024-08-19 05:00:00+00:00,-0.004964510952177048
2024-08-19 06:00:00+00:00,0.00659875100246617
2024-08-19 07:00:00+00:00,0.004250283715533052
2024-08-19 08:00:00+00:00,0.003987716188164801
2024-08-19 09:00:00+00:00,-0.0025869657719576355
2024-08-19 10:00:00+00:00,-0.005411447432177954
2024-08-19 11:00:00+00:00,0.005836098419703463
2024-08-19 12:00:00+00:00,0.0014092491343602812
2024-08-19 13:00:00+00:00,-0.004438393242879622
2024-08-19 14:00:00+00:00,-0.0021806734735034267
2024-08-19 15:00:00+00:00,-0.0029388577338058694
2024-08-19 16:00:00+00:00,-0.0009641866361894655
2024-08-19 17:00:00+00:00,-0.013179747583198976
2024-08-19 18:00:00+00:00,0.00201643611322139
2024-08-19 19:00:00+00:00,-0.006698420237770207
2024-08-19 20:00:00+00:00,0.0009405691348297556
2024-08-19 21:00:00+00:00,-0.0008820816113047629
2024-08-19 22:00:00+00:00,-0.0013231407990005072
2024-08-19 23:00:00+00:00,0.0020876076763906492
2024-08-20 00:00:00+00:00,0.003780917240623682
2024-08-20 01:00:00+00:00,0.0003851712379941176
2024-08-20 02:00:00+00:00,-0.0008507022169314231
2024-08-20 03:00:00+00:00,0.003542954173191373
2024-08-20 04:00:00+00:00,-0.0033046409235433414
2024-08-20 05:00:00+00:00,0.0031284270296214455
2024-08-20 06:00:00+00:00,0.0010636660136825536
2024-08-20 07:00:00+00:00,0.0019662604811494966
2024-08-20 08:00:00+00:00,-0.0005270979151549239
2024-08-20 09:00:00+00:00,-0.001741389603662368
2024-08-20 10:00:00+00:00,0.0064909604612382555
2024-08-20 11:00:00+00:00,0.00108859753029829
2024-08-20 12:00:00+00:00,0.0007555193121623383
2024-08-20 13:00:00+00:00,0.0018773892927031876
2024-08-20 14:00:00+00:00,-0.005420625131073428
2024-08-20 15:00:00+00:00,-9.930203102985702e-05
2024-08-20 16:00:00+00:00,-0.003060188445365286
2024-08-20 17:00:00+00:00,0.0011930159497059677
2024-08-20 18:00:00+00:00,0.00011324404363254247
2024-08-20 19:00:00+00:00,0.0023220554509235246
2024-08-20 20:00:00+00:00,0.00038374606566011745
2024-08-20 21:00:00+00:00,0.000891511864256475
2024-08-20 22:00:00+00:00,0.0033727234395248733
2024-08-20 23:00:00+00:00,-0.0012261009607889063
2024-08-21 00:00:00+00:00,0.0029190827096930824
2024-08-21 01:00:00+00:00,-0.0022580960119173267
2024-08-21 02:00:00+00:00,-0.0011023433087568502
2024-08-21 03:00:00+00:00,0.0021022414242175863
2024-08-21 04:00:00+00:00,-0.0008007960531731497
2024-08-21 05:00:00+00:00,0.0032054466265794093
2024-08-21 06:00:00+00:00,-0.0005168886536629821
2024-08-21 07:00:00+00:00,0.0020296808265991653
2024-08-21 08:00:00+00:00,0.00183450632755404
2024-08-21 09:00:00+00:00,-0.003130698250671811
2024-08-21 10:00:00+00:00,0.0008205443970359209
2024-08-21 11:00:00+00:00,0.0007728629148568677
2024-08-21 12:00:00+00:00,0.000262448400750967
2024-08-21 13:00:00+00:00,0.0013272991496521024
2024-08-21 14:00:00+00:00,0.006687672814298851
2024-08-21 15:00:00+00:00,0.00024643891369280184
2024-08-21 16:00:00+00:00,0.0004660223079148057
2024-08-21 17:00:00+00:00,-0.0028074213388432777
2024-08-21 18:00:00+00:00,0.0027375398861639137
2024-08-21 19:00:00+00:00,0.0008855050019681725
2024-08-21 20:00:00+00:00,-0.0033392286546468975
2024-08-21 21:00:00+00:00,0.0011816341808390505
2024-08-21 22:00:00+00:00,0.00194372474162557
2024-08-21 23:00:00+00:00,-0.004010874700907948
2024-08-22 00:00:00+00:00,-0.0006716973744465445
2024-08-22 01:00:00+00:00,-0.0083604860953372
2024-08-22 02:00:00+00:00,-0.0020057575482585925
2024-08-22 03:00:00+00:00,-0.0026384711643050313
2024-08-22 04:00:00+00:00,0.0015284250474545053
2024-08-22 05:00:00+00:00,0.003493208686334464
2024-08-22 06:00:00+00:00,-0.001575252740127384
2024-08-22 07:00:00+00:00,0.0012292615017786448
2024-08-22 08:00:00+00:00,0.0023665629487589074
2024-08-22 09:00:00+00:00,0.00019529452156876766
2024-08-22 10:00:00+00:00,0.001434885881408925
2024-08-22 11:00:00+00:00,0.0005439941268069096
2024-08-22 12:00:00+00:00,-0.0020885856314006345
2024-08-22 13:00:00+00:00,-0.001112236366053105
2024-08-22 14:00:00+00:00,-0.007081885126238669
2024-08-22 15:00:00+00:00,0.003716855451049048
2024-08-22 16:00:00+00:00,0.001661985375991311
2024-08-22 17:00:00+00:00,-0.0023754709001305
2024-08-22 18:00:00+00:00,-0.0019181304870668028
2024-08-22 19:00:00+00:00,-0.0038224751384409762
2024-08-22 20:00:00+00:00,0.0010545034351469526
2024-08-22 21:00:00+00:00,0.0010689023508577895
2024-08-22 22:00:00+00:00,0.0010104849983904897
2024-08-22 23:00:00+00:00,0.0017389171812218262
2024-08-23 00:00:00+00:00,-0.00027004015518584923
2024-08-23 01:00:00+00:00,-0.004523529137355583
2024-08-23 02:00:00+00:00,0.002340786637073994
2024-08-23 03:00:00+00:00,-0.0013696479418350196
2024-08-23 04:00:00+00:00,0.0003562913635759579
2024-08-23 05:00:00+00:00,0.008120650187598917
2024-08-23 06:00:00+00:00,-0.0016426855726544445
2024-08-23 07:00:00+00:00,0.0007320619535011823
2024-08-23 08:00:00+00:00,-0.002171367951560566
2024-08-23 09:00:00+00:00,-0.0028644422260831106
2024-08-23 10:00:00+00:00,-0.0003133837614866196
2024-08-23 11:00:00+00:00,0.002934956037184132
2024-08-23 12:00:00+00:00,0.003594470383190135
2024-08-23 13:00:00+00:00,-0.0009759673216528717
2024-08-23 14:00:00+00:00,0.001384182872894695
2024-08-23 15:00:00+00:00,-0.011607693494193909
2024-08-23 16:00:00+00:00,-0.003274382961498934
2024-08-23 17:00:00+00:00,0.0010185122735123014
2024-08-23 18:00:00+00:00,4.498014603756691e-05
2024-08-23 19:00:00+00:00,0.0015419508251606718
2024-08-23 20:00:00+00:00,-1.916041018293796e-05
2024-08-23 21:00:00+00:00,-0.003170063080634591
2024-08-23 22:00:00+00:00,0.00539138230725601
2024-08-23 23:00:00+00:00,-0.0005197527127753344
2024-08-24 00:00:00+00:00,0.0023615512046329806
2024-08-24 01:00:00+00:00,0.000953751773018101
2024-08-24 02:00:00+00:00,0.0005343144221501946
2024-08-24 03:00:00+00:00,0.0014220146305104536
2024-08-24 04:00:00+00:00,-0.0008755789511421658
2024-08-24 05:00:00+00:00,0.001332443397469418
2024-08-24 06:00:00+00:00,-0.0004851422331289464
2024-08-24 07:00:00+00:00,-0.0014931875469600337
2024-08-24 08:00:00+00:00,0.003053109021207131
2024-08-24 09:00:00+00:00,0.0007148798070192413
2024-08-24 10:00:00+00:00,-0.0020148391387953203
2024-08-24 11:00:00+00:00,-0.0014200542696745336
2024-08-24 12:00:00+00:00,0.0016621099794181338
2024-08-24 13:00:00+00:00,-0.0011634111999776861
2024-08-24 14:00:00+00:00,0.0015388927366008205
2024-08-24 15:00:00+00:00,-0.002307639544544671
2024-08-24 16:00:00+00:00,0.0059603337053593265
2024-08-24 17:00:00+00:00,-0.0015396447346156408
2024-08-24 18:00:00+00:00,-0.001960345451734371
2024-08-24 19:00:00+00:00,-0.0006026030984516648
2024-08-24 20:00:00+00:00,0.0015044272168265075
2024-08-24 21:00:00+00:00,0.0030675505429668755
2024-08-24 22:00:00+00:00,0.0007327377490625367
2024-08-24 23:00:00+00:00,-0.0014629616717281395
2024-08-25 00:00:00+00:00,0.0008871177825493059
2024-08-25 01:00:00+00:00,0.007119948099468062
2024-08-25 02:00:00+00:00,-0.00232917678798012
2024-08-25 03:00:00+00:00,0.0018981672593026066
2024-08-25 04:00:00+00:00,0.002850884733102576
2024-08-25 05:00:00+00:00,-0.00019079240867888014
2024-08-25 06:00:00+00:00,0.0012379713355203828
2024-08-25 07:00:00+00:00,0.002818044641772667
2024-08-25 08:00:00+00:00,-0.0027312277072125838
2024-08-25 09:00:00+00:00,0.004197102210919744
2024-08-25 10:00:00+00:00,0.0006885074740070522
2024-08-25 11:00:00+00:00,-0.0057576600418379215
2024-08-25 12:00:00+00:00,0.001720587330058046
2024-08-25 13:00:00+00:00,-0.0074534947497244975
2024-08-25 14:00:00+00:00,0.0007012050656456677
2024-08-25 15:00:00+00:00,-0.0006604191332101926
2024-08-25 16:00:00+00:00,-0.002785964521565409
2024-08-25 17:00:00+00:00,0.0007696409674798751
2024-08-25 18:00:00+00:00,-0.004124416928036182
2024-08-25 19:00:00+00:00,0.00014307681232421992
2024-08-25 20:00:00+00:00,0.002387626071184162
2024-08-25 21:00:00+00:00,-0.002566213806861178
2024-08-25 22:00:00+00:00,0.002207165483054951
2024-08-25 23:00:00+00:00,0.0018345922182935802
2024-08-26 00:00:00+00:00,0.003152311209665061
2024-08-26 01:00:00+00:00,0.0009709781700868599
2024-08-26 02:00:00+00:00,0.001210634192074085
2024-08-26 03:00:00+00:00,-0.0018928442568999918
2024-08-26 04:00:00+00:00,0.0009130243496814183
2024-08-26 05:00:00+00:00,-0.00021844544537957087
2024-08-26 06:00:00+00:00,0.00020577833198087
2024-08-26 07:00:00+00:00,0.0020474993720302763
2024-08-26 08:00:00+00:00,-0.00038407375869720616
2024-08-26 09:00:00+00:00,-0.0008880284398004905
2024-08-26 10:00:00+00:00,-0.0018335074841072043
2024-08-26 11:00:00+00:00,0.00202189547732252
2024-08-26 12:00:00+00:00,0.001352502770227787
2024-08-26 13:00:00+00:00,-0.0009118863272643614
2024-08-26 14:00:00+00:00,-0.0019970045128886215
2024-08-26 15:00:00+00:00,0.00043827571171373706
2024-08-26 16:00:00+00:00,0.003702376659524281
2024-08-26 17:00:00+00:00,-0.001382244485000175
2024-08-26 18:00:00+00:00,-3.424921824682e-05
2024-08-26 19:00:00+00:00,0.0011384809842825434
2024-08-26 20:00:00+00:00,0.002416234773766722
2024-08-26 21:00:00+00:00,0.0004275543461556647
2024-08-26 22:00:00+00:00,-6.687864539728964e-05
2024-08-26 23:00:00+00:00,0.0036265985598962712
2024-08-27 00:00:00+00:00,-0.011032419286594531
2024-08-27 01:00:00+00:00,-0.0046003158984533315
2024-08-27 02:00:00+00:00,9.41772488966551e-05
2024-08-27 03:00:00+00:00,-0.0025218942591489295
2024-08-27 04:00:00+00:00,0.0016492885571511467
2024-08-27 05:00:00+00:00,0.0014404933817510203
2024-08-27 06:00:00+00:00,0.0024536473579152983
2024-08-27 07:00:00+00:00,0.002094571950568302
2024-08-27 08:00:00+00:00,0.0006211487712018265
2024-08-27 09:00:00+00:00,0.0032434508249872198
2024-08-27 10:00:00+00:00,0.0029014677401312033
2024-08-27 11:00:00+00:00,-0.004446991702721623
2024-08-27 12:00:00+00:00,0.0012289035297918958
2024-08-27 13:00:00+00:00,0.006755559930379604
2024-08-27 14:00:00+00:00,-0.0014267089992765823
2024-08-27 15:00:00+00:00,-0.006840939031550229
2024-08-27 16:00:00+00:00,-0.017173414466106564
2024-08-27 17:00:00+00:00,0.003784882700544556
2024-08-27 18:00:00+00:00,0.00850625358349748
2024-08-27 19:00:00+00:00,0.003155999824763894
2024-08-27 20:00:00+00:00,0.0028268507046503677
2024-08-27 21:00:00+00:00,-0.0004020571363779399
2024-08-27 22:00:00+00:00,0.0023167889049447755
2024-08-27 23:00:00+00:00,-0.0023010593069260096
2024-08-28 00:00:00+00:00,0.0026081886646128804
2024-08-28 01:00:00+00:00,0.007848164857554801
2024-08-28 02:00:00+00:00,0.006056310117814198
2024-08-28 03:00:00+00:00,-0.008115316841838987
2024-08-28 04:00:00+00:00,-0.0013068881962673945
2024-08-28 05:00:00+00:00,0.007176430183691375
2024-08-28 06:00:00+00:00,0.0024307904307356125
2024-08-28 07:00:00+00:00,0.003105525680531294
2024-08-28 08:00:00+00:00,-0.007651355038861533
2024-08-28 09:00:00+00:00,0.00734890194751908
2024-08-28 10:00:00+00:00,-0.0024511633506143224
2024-08-28 11:00:00+00:00,0.0005097370314020328
2024-08-28 12:00:00+00:00,-0.028555097293742678
2024-08-28 13:00:00+00:00,0.005632596195260762
2024-08-28 14:00:00+00:00,0.0036054172128543076
2024-08-28 15:00:00+00:00,0.0035893935583772595
2024-08-28 16:00:00+00:00,0.005982534062611704
2024-08-28 17:00:00+00:00,0.0004033935659372575
2024-08-28 18:00:00+00:00,0.001521286212552698
2024-08-28 19:00:00+00:00,0.0027292172100002493
2024-08-28 20:00:00+00:00,0.007181364666525022
2024-08-28 21:00:00+00:00,0.0011414385866318898
2024-08-28 22:00:00+00:00,0.006736508458256729
2024-08-28 23:00:00+00:00,-0.00729435415078715
2024-08-29 00:00:00+00:00,0.002091437698921385
2024-08-29 01:00:00+00:00,0.006474437410707127
2024-08-29 02:00:00+00:00,0.0040956400729466385
2024-08-29 03:00:00+00:00,0.001593046094754919
2024-08-29 04:00:00+00:00,9.86231522219913e-05
2024-08-29 05:00:00+00:00,0.0016856145647833063
2024-08-29 06:00:00+00:00,-0.017587125055989906
2024-08-29 07:00:00+00:00,-0.0012454982576479304
2024-08-29 08:00:00+00:00,0.009802319824377462
2024-08-29 09:00:00+00:00,0.002160051745773775
2024-08-29 10:00:00+00:00,0.0027301229476677596
2024-08-29 11:00:00+00:00,-0.021002768357636474
2024-08-29 12:00:00+00:00,-0.0037271050402397344
2024-08-29 13:00:00+00:00,-0.004785100442270006
2024-08-29 14:00:00+00:00,-0.004458762158090694
2024-08-29 15:00:00+00:00,0.00825133750680465
2024-08-29 16:00:00+00:00,0.004367526175208667
2024-08-29 17:00:00+00:00,0.00028020007060942546
2024-08-29 18:00:00+00:00,0.007041783595721069
2024-08-29 19:00:00+00:00,0.000864243852840934
2024-08-29 20:00:00+00:00,-0.000881274212312038
2024-08-29 21:00:00+00:00,-0.001472260785500043
2024-08-29 22:00:00+00:00,0.007796744417869889
2024-08-29 23:00:00+00:00,-0.0030439043174828825
2024-08-30 00:00:00+00:00,-0.01267963404336307
2024-08-30 01:00:00+00:00,7.716279836782857e-05
2024-08-30 02:00:00+00:00,0.01298549100999318
2024-08-30 03:00:00+00:00,0.003849409076528856
2024-08-30 04:00:00+00:00,0.0009193907418472491
2024-08-30 05:00:00+00:00,0.0028011732942640048
2024-08-30 06:00:00+00:00,-0.0023489729908059546
2024-08-30 07:00:00+00:00,-0.009350799737278842
2024-08-30 08:00:00+00:00,-0.009479437740135474
2024-08-30 09:00:00+00:00,0.009119369503301568
2024-08-30 10:00:00+00:00,0.0009967459964984303
2024-08-30 11:00:00+00:00,0.0072445088002008355
2024-08-30 12:00:00+00:00,0.006113490285875321
2024-08-30 13:00:00+00:00,-0.0019883204356988936
2024-08-30 14:00:00+00:00,0.0024378709869166946
2024-08-30 15:00:00+00:00,0.0016000716200761543
2024-08-30 16:00:00+00:00,0.005302764579855611
2024-08-30 17:00:00+00:00,0.0006556124410496319
2024-08-30 18:00:00+00:00,-0.006430617620214629
2024-08-30 19:00:00+00:00,0.003483821063764883
2024-08-30 20:00:00+00:00,0.0075351190741409415
2024-08-30 21:00:00+00:00,-0.010859593164820915
2024-08-30 22:00:00+00:00,0.0027670629496283627
2024-08-30 23:00:00+00:00,0.0011027722311402243
2024-08-31 00:00:00+00:00,0.0017835040294476654
2024-08-31 01:00:00+00:00,-0.0008237995084375028
2024-08-31 02:00:00+00:00,0.00015700488476241592
2024-08-31 03:00:00+00:00,0.0027276865680970572
2024-08-31 04:00:00+00:00,0.0021056183897338885
2024-08-31 05:00:00+00:00,-0.0012807476366222931
2024-08-31 06:00:00+00:00,-0.0002583445523219918
2024-08-31 07:00:00+00:00,-0.0004411538636735443
2024-08-31 08:00:00+00:00,0.004061090430956021
2024-08-31 09:00:00+00:00,0.000318019021768184
2024-08-31 10:00:00+00:00,0.0001490477273710456
2024-08-31 11:00:00+00:00,0.0012046023732885244
2024-08-31 12:00:00+00:00,-2.6081386970256115e-06
2024-08-31 13:00:00+00:00,-0.0006468425861531424
2024-08-31 14:00:00+00:00,0.001020022873657601
2024-08-31 15:00:00+00:00,0.000458938255131676
2024-08-31 16:00:00+00:00,0.003895734026843493
2024-08-31 17:00:00+00:00,-0.00016386949913289541
2024-08-31 18:00:00+00:00,0.002074775696472072
2024-08-31 19:00:00+00:00,-0.0009735108187514056
2024-08-31 20:00:00+00:00,-0.0005643946275547499
2024-08-31 21:00:00+00:00,0.0009669513005059703
2024-08-31 22:00:00+00:00,0.0007728988924758878
2024-08-31 23:00:00+00:00,-0.0011151926065062832
2024-09-01 00:00:00+00:00,0.002258399815282004
2024-09-01 01:00:00+00:00,-0.0027935631024881735
2024-09-01 02:00:00+00:00,0.0021805055155626075
2024-09-01 03:00:00+00:00,0.00046098212574147596
2024-09-01 04:00:00+00:00,0.00010862109258852237
2024-09-01 05:00:00+00:00,-0.002267572183857023
2024-09-01 06:00:00+00:00,0.0004325297983080259
2024-09-01 07:00:00+00:00,-0.0012464438995496837
2024-09-01 08:00:00+00:00,-0.0002401603811671232
2024-09-01 09:00:00+00:00,-0.0005966192114987255
2024-09-01 10:00:00+00:00,-0.00032058115982128117
2024-09-01 11:00:00+00:00,-0.00020835410648710186
2024-09-01 12:00:00+00:00,0.0007751241199282679
2024-09-01 13:00:00+00:00,-0.0014026987952924298
2024-09-01 14:00:00+00:00,0.002739997068468951
2024-09-01 15:00:00+00:00,0.002844290064639425
2024-09-01 16:00:00+00:00,-0.0027094963044067056
2024-09-01 17:00:00+00:00,0.0014452972581347734
2024-09-01 18:00:00+00:00,0.003790555024785251
2024-09-01 19:00:00+00:00,1.3264442467223126e-05
2024-09-01 20:00:00+00:00,-0.0011695148203919653
2024-09-01 21:00:00+00:00,-0.0017753387990740474
2024-09-01 22:00:00+00:00,-0.007489234581621372
2024-09-01 23:00:00+00:00,0.0011782282065953059
2024-09-02 00:00:00+00:00,0.0014464802146001324
2024-09-02 01:00:00+00:00,0.00043217239415400656
2024-09-02 02:00:00+00:00,-0.0015042461141159171
2024-09-02 03:00:00+00:00,-0.0005104531107576183
2024-09-02 04:00:00+00:00,0.006586986440845368
2024-09-02 05:00:00+00:00,0.001796657392615423
2024-09-02 06:00:00+00:00,-0.00011006639394527015
2024-09-02 07:00:00+00:00,-0.003537836876443904
2024-09-02 08:00:00+00:00,0.0035086980490941716
2024-09-02 09:00:00+00:00,0.0031582948525327383
2024-09-02 10:00:00+00:00,0.0016118346178239716
2024-09-02 11:00:00+00:00,0.0004162957876527693
2024-09-02 12:00:00+00:00,-0.001706733243325223
2024-09-02 13:00:00+00:00,-0.0012141217979078093
2024-09-02 14:00:00+00:00,0.0021225805399239443
2024-09-02 15:00:00+00:00,0.0007395418077451414
2024-09-02 16:00:00+00:00,0.009710943203387794
2024-09-02 17:00:00+00:00,0.0023138475158327914
2024-09-02 18:00:00+00:00,-0.0003432659577486145
2024-09-02 19:00:00+00:00,0.0005744550644509516
2024-09-02 20:00:00+00:00,0.011951471483671362
2024-09-02 21:00:00+00:00,-0.0011721484595257085
2024-09-02 22:00:00+00:00,-0.0012511358674145712
2024-09-02 23:00:00+00:00,0.0013213247444324309
2024-09-03 00:00:00+00:00,0.0025402063491687795
2024-09-03 01:00:00+00:00,6.980225130129078e-05
2024-09-03 02:00:00+00:00,0.0011322044748361755
2024-09-03 03:00:00+00:00,0.0012195725709043645
2024-09-03 04:00:00+00:00,-0.0018929216087998975
2024-09-03 05:00:00+00:00,-0.0010548949551876616
2024-09-03 06:00:00+00:00,-0.0005676828944558754
2024-09-03 07:00:00+00:00,-0.0004808116235526283
2024-09-03 08:00:00+00:00,-0.0011570725649680523
2024-09-03 09:00:00+00:00,-0.0005914027644204575
2024-09-03 10:00:00+00:00,-0.0008814906977248095
2024-09-03 11:00:00+00:00,0.0014623074224691965
2024-09-03 12:00:00+00:00,-0.001558059412379992
2024-09-03 13:00:00+00:00,-0.0019120152936935976
2024-09-03 14:00:00+00:00,0.0020273587585242715
2024-09-03 15:00:00+00:00,-0.003207835458560821
2024-09-03 16:00:00+00:00,0.0006931268642272135
2024-09-03 17:00:00+00:00,-0.0005704350805979283
2024-09-03 18:00:00+00:00,-0.0008066648016801357
2024-09-03 19:00:00+00:00,-0.0020751426797921795
2024-09-03 20:00:00+00:00,-0.0020683256435477387
2024-09-03 21:00:00+00:00,-8.547006069068901e-05
2024-09-03 22:00:00+00:00,-0.0006492069987601766
2024-09-03 23:00:00+00:00,-0.00210324276557837
2024-09-04 00:00:00+00:00,-0.0029250563188513512
2024-09-04 01:00:00+00:00,0.0024089281581771587
2024-09-04 02:00:00+00:00,0.0032947013639648055
2024-09-04 03:00:00+00:00,0.001094835963546746
2024-09-04 04:00:00+00:00,-0.0001617644141407803
2024-09-04 05:00:00+00:00,-0.00012262049310481391
2024-09-04 06:00:00+00:00,0.0036968649097337135
2024-09-04 07:00:00+00:00,0.0021679860301423975
2024-09-04 08:00:00+00:00,-0.0014235047021999882
2024-09-04 09:00:00+00:00,0.002941026184914703
2024-09-04 10:00:00+00:00,-0.0007879972349090537
2024-09-04 11:00:00+00:00,-0.000380594589613512
2024-09-04 12:00:00+00:00,-6.625729270132372e-05
2024-09-04 13:00:00+00:00,0.0006303296088105693
2024-09-04 14:00:00+00:00,0.0010451565918572776
2024-09-04 15:00:00+00:00,-0.0013487875991705222
2024-09-04 16:00:00+00:00,0.0014743050318474905
2024-09-04 17:00:00+00:00,-0.0012973351150645366
2024-09-04 18:00:00+00:00,-0.0016797247364873295
2024-09-04 19:00:00+00:00,-0.0022746336857675945
2024-09-04 20:00:00+00:00,0.0026360917790540306
2024-09-04 21:00:00+00:00,0.0009743867684630518
2024-09-04 22:00:00+00:00,0.0008420081995858423
2024-09-04 23:00:00+00:00,-0.0027026670658102233
2024-09-05 00:00:00+00:00,-4.013792971638762e-05
2024-09-05 01:00:00+00:00,-0.00017848130598114114
2024-09-05 02:00:00+00:00,0.0005325286118399242
2024-09-05 03:00:00+00:00,0.0004052697545989119
2024-09-05 04:00:00+00:00,0.0032388113430868084
2024-09-05 05:00:00+00:00,-0.0010143080487785927
2024-09-05 06:00:00+00:00,-0.0010935545743526564
2024-09-05 07:00:00+00:00,0.0010777429132104088
2024-09-05 08:00:00+00:00,0.008369091959823933
2024-09-05 09:00:00+00:00,0.0009668913280014783
2024-09-05 10:00:00+00:00,0.0049547605579204484
2024-09-05 11:00:00+00:00,-0.004167968975061091
2024-09-05 12:00:00+00:00,-0.0018652221636887999
2024-09-05 13:00:00+00:00,0.0005174939272420359
2024-09-05 14:00:00+00:00,-0.0007992669881147046
2024-09-05 15:00:00+00:00,-0.00020672918776859967
2024-09-05 16:00:00+00:00,0.00208220406576466
2024-09-05 17:00:00+00:00,-0.0013606411472168519
2024-09-05 18:00:00+00:00,0.007831959127127442
2024-09-05 19:00:00+00:00,-5.7085151046750506e-05
2024-09-05 20:00:00+00:00,0.0022514900358981804
2024-09-05 21:00:00+00:00,0.000565843065753645
2024-09-05 22:00:00+00:00,0.0005906431138186324
2024-09-05 23:00:00+00:00,-0.0007133921307265347
2024-09-06 00:00:00+00:00,-0.0025844119067256685
2024-09-06 01:00:00+00:00,0.004452382109414504
2024-09-06 02:00:00+00:00,-0.0008264172347556688
2024-09-06 03:00:00+00:00,0.0032311676502548604
2024-09-06 04:00:00+00:00,0.004474247940418006
2024-09-06 05:00:00+00:00,-0.002925293984442412
2024-09-06 06:00:00+00:00,-0.00363725138142868
2024-09-06 07:00:00+00:00,-0.006765035877129613
2024-09-06 08:00:00+00:00,0.008127589616136466
2024-09-06 09:00:00+00:00,-0.008191622990154128
2024-09-06 10:00:00+00:00,-0.0034161899796065825
2024-09-06 11:00:00+00:00,0.007786675367211627
2024-09-06 12:00:00+00:00,-0.01106853693996943
2024-09-06 13:00:00+00:00,0.0045230270403954055
2024-09-06 14:00:00+00:00,-0.008291038423242485
2024-09-06 15:00:00+00:00,-0.007979579486944863
2024-09-06 16:00:00+00:00,0.011492978925226691
2024-09-06 17:00:00+00:00,-0.012602786236082887
2024-09-06 18:00:00+00:00,0.004502617622516711
2024-09-06 19:00:00+00:00,0.002252028990240129
2024-09-06 20:00:00+00:00,0.005413078618180516
2024-09-06 21:00:00+00:00,0.0006598733155432886
2024-09-06 22:00:00+00:00,0.007244521083738544
2024-09-06 23:00:00+00:00,-0.004715581826860266
2024-09-07 00:00:00+00:00,-0.006439633744839991
2024-09-07 01:00:00+00:00,0.0042628067877271475
2024-09-07 02:00:00+00:00,-0.003555174017205777
2024-09-07 03:00:00+00:00,0.00048022826614085276
2024-09-07 04:00:00+00:00,0.0011005891796769935
2024-09-07 05:00:00+00:00,0.002593195348204134
2024-09-07 06:00:00+00:00,-0.004732095947281054
2024-09-07 07:00:00+00:00,-0.0026017246592328217
2024-09-07 08:00:00+00:00,-0.00021087079246414004
2024-09-07 09:00:00+00:00,0.0010376482747000723
2024-09-07 10:00:00+00:00,-0.005556835724615558
2024-09-07 11:00:00+00:00,0.0036387515850003476
2024-09-07 12:00:00+00:00,-0.0026259422058833616
2024-09-07 13:00:00+00:00,0.0020940205067908357
2024-09-07 14:00:00+00:00,-0.0019827157260601286
2024-09-07 15:00:00+00:00,-0.0015790691727858971
2024-09-07 16:00:00+00:00,-0.0045502704231450185
2024-09-07 17:00:00+00:00,0.004376662751009025
2024-09-07 18:00:00+00:00,-0.0011293920358346205
2024-09-07 19:00:00+00:00,-0.009414028146215187
2024-09-07 20:00:00+00:00,0.003054314830541366
2024-09-07 21:00:00+00:00,-0.006082043739088396
2024-09-07 22:00:00+00:00,0.0040120320003414565
2024-09-07 23:00:00+00:00,0.0013446810617647677
2024-09-08 00:00:00+00:00,-0.0019895198647282785
2024-09-08 01:00:00+00:00,0.0017971503763341936
2024-09-08 02:00:00+00:00,-0.00325052784248267
2024-09-08 03:00:00+00:00,-0.009480604523302396
2024-09-08 04:00:00+00:00,-0.0010833432557630128
2024-09-08 05:00:00+00:00,0.0001504557393475407
2024-09-08 06:00:00+00:00,0.000940404055786224
2024-09-08 07:00:00+00:00,-0.0038323263915379644
2024-09-08 08:00:00+00:00,-0.006193012916278515
2024-09-08 09:00:00+00:00,0.007031538158074455
2024-09-08 10:00:00+00:00,-3.9160976260291816e-05
2024-09-08 11:00:00+00:00,0.0015662928438990968
2024-09-08 12:00:00+00:00,0.00033881511763721736
2024-09-08 13:00:00+00:00,-0.0036166889843045292
2024-09-08 14:00:00+00:00,0.006550386737510497
2024-09-08 15:00:00+00:00,0.0026249876409451356
2024-09-08 16:00:00+00:00,-0.0014467201714689838
2024-09-08 17:00:00+00:00,0.0018152322527756587
2024-09-08 18:00:00+00:00,-0.0016888457583447455
2024-09-08 19:00:00+00:00,0.004031702947337294
2024-09-08 20:00:00+00:00,-0.008337197646472855
2024-09-08 21:00:00+00:00,0.0026472493218777505
2024-09-08 22:00:00+00:00,0.009356459502811191
2024-09-08 23:00:00+00:00,0.0008717261778753106
2024-09-09 00:00:00+00:00,0.0008959895433771697
2024-09-09 01:00:00+00:00,-0.000759913997252727
2024-09-09 02:00:00+00:00,-0.0008297820322161127
2024-09-09 03:00:00+00:00,0.003260130840488986
2024-09-09 04:00:00+00:00,-0.0004218851349623122
2024-09-09 05:00:00+00:00,-0.002758632507556148
2024-09-09 06:00:00+00:00,0.0035131073947896364
2024-09-09 07:00:00+00:00,0.0013853577619475947
2024-09-09 08:00:00+00:00,-0.004393722281941324
2024-09-09 09:00:00+00:00,0.002131777859822518
2024-09-09 10:00:00+00:00,-0.001173657703082269
2024-09-09 11:00:00+00:00,-0.0018127587374647811
2024-09-09 12:00:00+00:00,-1.53298629160788e-05
2024-09-09 13:00:00+00:00,0.004743814720328563
2024-09-09 14:00:00+00:00,0.001402179328237087
2024-09-09 15:00:00+00:00,0.007741184413489721
2024-09-09 16:00:00+00:00,0.0021406819421462813
2024-09-09 17:00:00+00:00,-0.00014761580493744057
2024-09-09 18:00:00+00:00,-0.0007882812420581441
2024-09-09 19:00:00+00:00,-0.0016053202910860309
2024-09-09 20:00:00+00:00,-0.00031304499941022093
2024-09-09 21:00:00+00:00,0.0005565806436909124
2024-09-09 22:00:00+00:00,-0.0010050108021271498
2024-09-09 23:00:00+00:00,0.0004614345002377693
2024-09-10 00:00:00+00:00,-0.0031840738643442545
2024-09-10 01:00:00+00:00,0.003107153360344442
2024-09-10 02:00:00+00:00,-0.001739875944803686
2024-09-10 03:00:00+00:00,-0.0036068429574114646
2024-09-10 04:00:00+00:00,0.002605466100834513
2024-09-10 05:00:00+00:00,0.002130004793941215
2024-09-10 06:00:00+00:00,0.00513509255983293
2024-09-10 07:00:00+00:00,-0.0009462929240947362
2024-09-10 08:00:00+00:00,0.00171064020590136
2024-09-10 09:00:00+00:00,-0.003951849659300206
2024-09-10 10:00:00+00:00,-0.001117321163735568
2024-09-10 11:00:00+00:00,-0.0020296408232456133
2024-09-10 12:00:00+00:00,0.00027533927100088784
2024-09-10 13:00:00+00:00,0.005028162180852034
2024-09-10 14:00:00+00:00,-0.00044621351382586206
2024-09-10 15:00:00+00:00,-0.0019085725080784054
2024-09-10 16:00:00+00:00,-0.003413989750230637
2024-09-10 17:00:00+00:00,0.0025494144305116917
2024-09-10 18:00:00+00:00,-0.00041665714307463387
2024-09-10 19:00:00+00:00,0.00017290810978391698
2024-09-10 20:00:00+00:00,-0.004861831777185474
2024-09-10 21:00:00+00:00,0.00571573873695344
2024-09-10 22:00:00+00:00,0.0028506577190061874
2024-09-10 23:00:00+00:00,-0.0017725190375035868
2024-09-11 00:00:00+00:00,0.0026512065260345438
2024-09-11 01:00:00+00:00,0.0032476127055676434
2024-09-11 02:00:00+00:00,-0.001593833364039682
2024-09-11 03:00:00+00:00,0.007691542889238706
2024-09-11 04:00:00+00:00,-0.001179949691192788
2024-09-11 05:00:00+00:00,0.0019629408407234638
2024-09-11 06:00:00+00:00,0.0006493603249534768
2024-09-11 07:00:00+00:00,-0.00249363992984908
2024-09-11 08:00:00+00:00,0.0011241320273843248
2024-09-11 09:00:00+00:00,-0.001512547651725008
2024-09-11 10:00:00+00:00,0.0015481505830878908
2024-09-11 11:00:00+00:00,-0.000982861489229955
2024-09-11 12:00:00+00:00,-0.0009249572500371868
2024-09-11 13:00:00+00:00,0.0013504614764351167
2024-09-11 14:00:00+00:00,0.0020499369689428513
2024-09-11 15:00:00+00:00,0.005111247011444357
2024-09-11 16:00:00+00:00,-0.0019010955752169327
2024-09-11 17:00:00+00:00,0.0005202523975676459
2024-09-11 18:00:00+00:00,0.00015209300655176681
2024-09-11 19:00:00+00:00,0.0025630205541795656
2024-09-11 20:00:00+00:00,-0.0010452865761735929
2024-09-11 21:00:00+00:00,-0.006338925951659437
2024-09-11 22:00:00+00:00,0.0006006839665018786
2024-09-11 23:00:00+00:00,0.0011636665009423768
2024-09-12 00:00:00+00:00,-0.0055701520363309505
2024-09-12 01:00:00+00:00,-0.0023173496205315513
2024-09-12 02:00:00+00:00,0.0002522393945524291
2024-09-12 03:00:00+00:00,0.0002464712268658981
2024-09-12 04:00:00+00:00,-0.001111788313173432
2024-09-12 05:00:00+00:00,-0.0015598779880047736
2024-09-12 06:00:00+00:00,9.692916617473212e-06
2024-09-12 07:00:00+00:00,0.0017237813446787545
2024-09-12 08:00:00+00:00,-0.0030166015356391388
2024-09-12 09:00:00+00:00,-0.003188936090911289
2024-09-12 10:00:00+00:00,-0.001014282119495535
2024-09-12 11:00:00+00:00,0.0006933021517931603
2024-09-12 12:00:00+00:00,0.014864023039091394
2024-09-12 13:00:00+00:00,-0.0016699372807686612
2024-09-12 14:00:00+00:00,0.002567479956296179
2024-09-12 15:00:00+00:00,0.0032671555897906893
2024-09-12 16:00:00+00:00,0.0005832843969413412
2024-09-12 17:00:00+00:00,-0.002758558143044618
2024-09-12 18:00:00+00:00,0.003821243722811284
2024-09-12 19:00:00+00:00,-0.006703169205109577
2024-09-12 20:00:00+00:00,0.0011564778115526714
2024-09-12 21:00:00+00:00,0.003643447791880403
2024-09-12 22:00:00+00:00,-0.003688205952662749
2024-09-12 23:00:00+00:00,-0.001714607235553215
2024-09-13 00:00:00+00:00,0.0053546263121449075
2024-09-13 01:00:00+00:00,0.0012722955502284714
2024-09-13 02:00:00+00:00,0.00044039119620526237
2024-09-13 03:00:00+00:00,-0.00042726736429930264
2024-09-13 04:00:00+00:00,0.002557977167986661
2024-09-13 05:00:00+00:00,0.001957825266538582
2024-09-13 06:00:00+00:00,0.001008809462743323
2024-09-13 07:00:00+00:00,0.001140228698964148
2024-09-13 08:00:00+00:00,0.0025435544357266036
2024-09-13 09:00:00+00:00,0.00112953517089784
2024-09-13 10:00:00+00:00,0.009792127321574019
2024-09-13 11:00:00+00:00,-0.0008677026441316457
2024-09-13 12:00:00+00:00,-0.0026831618617025946
2024-09-13 13:00:00+00:00,0.0015959810301660793
2024-09-13 14:00:00+00:00,0.0016942178206840663
2024-09-13 15:00:00+00:00,0.0013477374872835081
2024-09-13 16:00:00+00:00,0.0008599576270648529
2024-09-13 17:00:00+00:00,0.0006529585679266668
2024-09-13 18:00:00+00:00,0.0018469097353707208
2024-09-13 19:00:00+00:00,0.0012451818809782736
2024-09-13 20:00:00+00:00,0.0007392041345760816
2024-09-13 21:00:00+00:00,-0.0027074384066897027
2024-09-13 22:00:00+00:00,0.0010473308004140696
2024-09-13 23:00:00+00:00,0.00022287438932581586
2024-09-14 00:00:00+00:00,-0.003980107098891133
2024-09-14 01:00:00+00:00,0.0025016356094986047
2024-09-14 02:00:00+00:00,-0.0031364927493214654
2024-09-14 03:00:00+00:00,-0.00029169868463674715
2024-09-14 04:00:00+00:00,-0.00307640866579957
2024-09-14 05:00:00+00:00,-0.0014913794616534248
2024-09-14 06:00:00+00:00,0.002050732095855951
2024-09-14 07:00:00+00:00,0.0005157672275957325
2024-09-14 08:00:00+00:00,0.0015514966533507345
2024-09-14 09:00:00+00:00,0.00040052839344879106
2024-09-14 10:00:00+00:00,0.002326423720782024
2024-09-14 11:00:00+00:00,-9.676505329853013e-05
2024-09-14 12:00:00+00:00,0.0005161154114156657
2024-09-14 13:00:00+00:00,-0.001260976901392929
2024-09-14 14:00:00+00:00,-0.0033362389990531636
2024-09-14 15:00:00+00:00,-0.0031720443311611906
2024-09-14 16:00:00+00:00,-0.0004462346564192608
2024-09-14 17:00:00+00:00,0.0011310765479371784
2024-09-14 18:00:00+00:00,0.0010614795110506416
2024-09-14 19:00:00+00:00,-0.0011144504662135093
2024-09-14 20:00:00+00:00,0.0005798632556985751
2024-09-14 21:00:00+00:00,-1.5566960745511992e-05
2024-09-14 22:00:00+00:00,-0.0012835275167274514
2024-09-14 23:00:00+00:00,1.721890977192176e-05
2024-09-15 00:00:00+00:00,-0.00752875379030944
2024-09-15 01:00:00+00:00,-0.000576231987306425
2024-09-15 02:00:00+00:00,-0.0002695417521007818
2024-09-15 03:00:00+00:00,0.0046337533742357995
2024-09-15 04:00:00+00:00,-8.68665671338923e-05
2024-09-15 05:00:00+00:00,0.0010614177467548102
2024-09-15 06:00:00+00:00,0.0015475934249579429
2024-09-15 07:00:00+00:00,0.000506143609450101
2024-09-15 08:00:00+00:00,-0.0027144952026857145
2024-09-15 09:00:00+00:00,-0.0019380859434568701
2024-09-15 10:00:00+00:00,-0.004762607844549562
2024-09-15 11:00:00+00:00,0.006907167824082419
2024-09-15 12:00:00+00:00,-0.0019322444473547718
2024-09-15 13:00:00+00:00,-0.004048257403920808
2024-09-15 14:00:00+00:00,0.0030714585062950163
2024-09-15 15:00:00+00:00,-0.0010672753896379295
2024-09-15 16:00:00+00:00,-0.0036879955866540044
2024-09-15 17:00:00+00:00,-0.00012038557361623914
2024-09-15 18:00:00+00:00,-0.002381144516569828
2024-09-15 19:00:00+00:00,-0.0011868875541273336
2024-09-15 20:00:00+00:00,0.0013264458600681824
2024-09-15 21:00:00+00:00,0.0006408322747214356
2024-09-15 22:00:00+00:00,-0.00031442252809895423
2024-09-15 23:00:00+00:00,0.003778107577623082
2024-09-16 00:00:00+00:00,-0.0018657571029783398
2024-09-16 01:00:00+00:00,0.0016480498915634814
2024-09-16 02:00:00+00:00,0.0011183944189329146
2024-09-16 03:00:00+00:00,-0.01346049266451412
2024-09-16 04:00:00+00:00,0.003798017604993798
2024-09-16 05:00:00+00:00,0.0015262774104964657
2024-09-16 06:00:00+00:00,0.0005258910161286306
2024-09-16 07:00:00+00:00,-0.006200461419299015
2024-09-16 08:00:00+00:00,0.003957875368663503
2024-09-16 09:00:00+00:00,0.003272113598796801
2024-09-16 10:00:00+00:00,-0.006178511691588329
2024-09-16 11:00:00+00:00,0.0024275359756766386
2024-09-16 12:00:00+00:00,0.0007098879067503334
2024-09-16 13:00:00+00:00,-0.0016200191235779056
2024-09-16 14:00:00+00:00,0.0018989505488332713
2024-09-16 15:00:00+00:00,0.010149247499606892
2024-09-16 16:00:00+00:00,0.0023554587903448733
2024-09-16 17:00:00+00:00,0.0074042046455684045
2024-09-16 18:00:00+00:00,-4.31817192431305e-05
2024-09-16 19:00:00+00:00,-0.005459993813686063
2024-09-16 20:00:00+00:00,0.007610164522554897
2024-09-16 21:00:00+00:00,0.0038360074465760975
2024-09-16 22:00:00+00:00,0.0004266528160764327
2024-09-16 23:00:00+00:00,-0.005617238347953851
2024-09-17 00:00:00+00:00,0.003367342663010595
2024-09-17 01:00:00+00:00,-2.8361452844847854e-05
2024-09-17 02:00:00+00:00,-0.00722615145710079
2024-09-17 03:00:00+00:00,-0.005117225895493913
2024-09-17 04:00:00+00:00,-0.0016473464258079699
2024-09-17 05:00:00+00:00,0.0019848993355191225
2024-09-17 06:00:00+00:00,0.0005879585985186038
2024-09-17 07:00:00+00:00,-0.0016541404100829087
2024-09-17 08:00:00+00:00,-0.016611875111584247
2024-09-17 09:00:00+00:00,8.063313160866732e-07
2024-09-17 10:00:00+00:00,-0.0032242660911336834
2024-09-17 11:00:00+00:00,-0.008838508240871013
2024-09-17 12:00:00+00:00,0.009315366487054798
2024-09-17 13:00:00+00:00,-0.004351448472880165
2024-09-17 14:00:00+00:00,0.01683253182648365
2024-09-17 15:00:00+00:00,0.01713509254653786
2024-09-17 16:00:00+00:00,-0.0014150753992806942
2024-09-17 17:00:00+00:00,-0.004256814600010019
2024-09-17 18:00:00+00:00,-0.006392090316114775
2024-09-17 19:00:00+00:00,0.005427597413631546
2024-09-17 20:00:00+00:00,-0.006759296032462311
2024-09-17 21:00:00+00:00,-0.007265395464309942
2024-09-17 22:00:00+00:00,0.0010189579318229355
2024-09-17 23:00:00+00:00,-0.0009360428425876037
2024-09-18 00:00:00+00:00,-0.009930718615096553
2024-09-18 01:00:00+00:00,0.004255388524453342
2024-09-18 02:00:00+00:00,-0.013905927463388394
2024-09-18 03:00:00+00:00,0.004430193989967507
2024-09-18 04:00:00+00:00,0.0023326519097218103
2024-09-18 05:00:00+00:00,0.0029638150970009787
2024-09-18 06:00:00+00:00,-0.0030521096776822557
2024-09-18 07:00:00+00:00,3.634612719612993e-05
2024-09-18 08:00:00+00:00,0.00015823661514797322
2024-09-18 09:00:00+00:00,0.0071610026782016195
2024-09-18 10:00:00+00:00,-0.006460227979093223
2024-09-18 11:00:00+00:00,0.0005513113957403182
2024-09-18 12:00:00+00:00,0.00027560759372553974
2024-09-18 13:00:00+00:00,-0.014359961921611186
2024-09-18 14:00:00+00:00,0.006555808168982209
2024-09-18 15:00:00+00:00,0.003460107067649613
2024-09-18 16:00:00+00:00,0.004382187343742096
2024-09-18 17:00:00+00:00,0.0018128865560945902
2024-09-18 18:00:00+00:00,-0.024709442099869333
2024-09-18 19:00:00+00:00,0.0037284300553276925
2024-09-18 20:00:00+00:00,-0.016957213927826648
2024-09-18 21:00:00+00:00,0.01220034233388224
2024-09-18 22:00:00+00:00,-0.006315424450639676
2024-09-18 23:00:00+00:00,-0.001990469741866957
2024-09-19 00:00:00+00:00,-0.01887705389297853
2024-09-19 01:00:00+00:00,0.0010336113685428432
2024-09-19 02:00:00+00:00,0.003886596609204719
2024-09-19 03:00:00+00:00,6.705867860480799e-05
2024-09-19 04:00:00+00:00,0.0017988314023014802
2024-09-19 05:00:00+00:00,0.0010414344493017336
2024-09-19 06:00:00+00:00,0.0021135294980354847
2024-09-19 07:00:00+00:00,0.0026352636666085102
2024-09-19 08:00:00+00:00,0.0021137655378081215
2024-09-19 09:00:00+00:00,-0.0012633745675714404
2024-09-19 10:00:00+00:00,-0.0012560406737067255
2024-09-19 11:00:00+00:00,0.0005296221544357813
2024-09-19 12:00:00+00:00,-0.0010304817537443469
2024-09-19 13:00:00+00:00,0.0076265172952861135
2024-09-19 14:00:00+00:00,-0.001778272560881451
2024-09-19 15:00:00+00:00,0.004759054723216714
2024-09-19 16:00:00+00:00,0.0076113019818423765
2024-09-19 17:00:00+00:00,-8.700543172395034e-05
2024-09-19 18:00:00+00:00,-0.004095959525089527
2024-09-19 19:00:00+00:00,-0.0007797852796501283
2024-09-19 20:00:00+00:00,-0.0005916467928661184
2024-09-19 21:00:00+00:00,-0.002996472214903317
2024-09-19 22:00:00+00:00,-0.005903194700385839
2024-09-19 23:00:00+00:00,-0.00030811869380759457
2024-09-20 00:00:00+00:00,-0.001750125111393117
2024-09-20 01:00:00+00:00,-0.00010901323687841443
2024-09-20 02:00:00+00:00,-0.0037229594289706464
2024-09-20 03:00:00+00:00,0.003066329734413335
2024-09-20 04:00:00+00:00,-0.0021507576236176615
2024-09-20 05:00:00+00:00,0.0004112868458222737
2024-09-20 06:00:00+00:00,-0.00043660623704519383
2024-09-20 07:00:00+00:00,-0.006047304163103329
2024-09-20 08:00:00+00:00,-0.0022115587122796755
2024-09-20 09:00:00+00:00,-0.0018688231048167307
2024-09-20 10:00:00+00:00,-0.003805877954579759
2024-09-20 11:00:00+00:00,-0.003097336926920014
2024-09-20 12:00:00+00:00,0.002236777592928013
2024-09-20 13:00:00+00:00,0.0028495039029447916
2024-09-20 14:00:00+00:00,0.007725136016639458
2024-09-20 15:00:00+00:00,-0.0009097130068772363
2024-09-20 16:00:00+00:00,0.0027974911421701724
2024-09-20 17:00:00+00:00,-0.0014509222835762457
2024-09-20 18:00:00+00:00,-0.002386672745076122
2024-09-20 19:00:00+00:00,0.001060001187824165
2024-09-20 20:00:00+00:00,0.00016354061716863526
2024-09-20 21:00:00+00:00,-0.0018110159245371903
2024-09-20 22:00:00+00:00,0.0022716815502362877
2024-09-20 23:00:00+00:00,0.0043904973604646505
2024-09-21 00:00:00+00:00,-0.003982405638613996
2024-09-21 01:00:00+00:00,0.00400404102194303
2024-09-21 02:00:00+00:00,-0.0002947086484343583
2024-09-21 03:00:00+00:00,0.005667273483097959
2024-09-21 04:00:00+00:00,-4.866954964437217e-05
2024-09-21 05:00:00+00:00,0.0005075158179906468
2024-09-21 06:00:00+00:00,-0.004456445315971282
2024-09-21 07:00:00+00:00,-4.609734863363828e-06
2024-09-21 08:00:00+00:00,-0.0005320260623026816
2024-09-21 09:00:00+00:00,-0.009289829599518877
2024-09-21 10:00:00+00:00,0.0013377419594109478
2024-09-21 11:00:00+00:00,-0.0020359587794444465
2024-09-21 12:00:00+00:00,-0.0005464298118536145
2024-09-21 13:00:00+00:00,-0.0014905250820574426
2024-09-21 14:00:00+00:00,-0.004409221106011708
2024-09-21 15:00:00+00:00,0.0025261543142794897
2024-09-21 16:00:00+00:00,0.0002847216041328017
2024-09-21 17:00:00+00:00,-0.001725656263139656
2024-09-21 18:00:00+00:00,-0.0003794645496266178
2024-09-21 19:00:00+00:00,-0.002697149316224533
2024-09-21 20:00:00+00:00,0.0001579892474824367
2024-09-21 21:00:00+00:00,-0.0010021820588572952
2024-09-21 22:00:00+00:00,0.0029437846494908227
2024-09-21 23:00:00+00:00,0.0008769237229638822
2024-09-22 00:00:00+00:00,-0.001584011587672764
2024-09-22 01:00:00+00:00,0.005391380925786102
2024-09-22 02:00:00+00:00,0.0043301538186473615
2024-09-22 03:00:00+00:00,-0.0013053588452980316
2024-09-22 04:00:00+00:00,0.0010745767737402215
2024-09-22 05:00:00+00:00,0.00026710300814893984
2024-09-22 06:00:00+00:00,-0.0013108937169399762
2024-09-22 07:00:00+00:00,-0.001054408124021203
2024-09-22 08:00:00+00:00,0.0025756209604343135
2024-09-22 09:00:00+00:00,-0.0003809381190539068
2024-09-22 10:00:00+00:00,-0.004136993885360186
2024-09-22 11:00:00+00:00,-0.0034142576216088503
2024-09-22 12:00:00+00:00,-0.007328350181552732
2024-09-22 13:00:00+00:00,0.004673598300676776
2024-09-22 14:00:00+00:00,0.00019782720895281512
2024-09-22 15:00:00+00:00,-0.0005834552843693182
2024-09-22 16:00:00+00:00,-0.007410089332280535
2024-09-22 17:00:00+00:00,-0.004662345444025199
2024-09-22 18:00:00+00:00,-0.0010074588238603273
2024-09-22 19:00:00+00:00,-0.0007534895769097588
2024-09-22 20:00:00+00:00,0.008346377863612186
2024-09-22 21:00:00+00:00,-0.0030208326213237
2024-09-22 22:00:00+00:00,-0.002221701766405294
2024-09-22 23:00:00+00:00,0.0012494076969337008
2024-09-23 00:00:00+00:00,0.003741682886029362
2024-09-23 01:00:00+00:00,-0.00028890917043561024
2024-09-23 02:00:00+00:00,-0.00239037354494987
2024-09-23 03:00:00+00:00,0.001856949165224352
2024-09-23 04:00:00+00:00,-0.0014924430433055455
2024-09-23 05:00:00+00:00,-0.0029308857806953615
2024-09-23 06:00:00+00:00,0.008508183300046162
2024-09-23 07:00:00+00:00,0.0033477505706960894
2024-09-23 08:00:00+00:00,0.0013348263057919984
2024-09-23 09:00:00+00:00,0.0012543901028743928
2024-09-23 10:00:00+00:00,0.0022965994335790198
2024-09-23 11:00:00+00:00,0.0013784140268963234
2024-09-23 12:00:00+00:00,-0.0005164390981454413
2024-09-23 13:00:00+00:00,-0.007354630212574113
2024-09-23 14:00:00+00:00,-0.0010645772755310937
2024-09-23 15:00:00+00:00,-0.00123665471473675
2024-09-23 16:00:00+00:00,-0.0018928526114591227
2024-09-23 17:00:00+00:00,0.0016861581753672861
2024-09-23 18:00:00+00:00,0.0017378572242663056
2024-09-23 19:00:00+00:00,-0.0016998482354331477
2024-09-23 20:00:00+00:00,-0.0006041420230405339
2024-09-23 21:00:00+00:00,0.00452667395463491
2024-09-23 22:00:00+00:00,0.002699579612694554
2024-09-23 23:00:00+00:00,-0.001465942843718441
2024-09-24 00:00:00+00:00,-0.0003222212809024924
2024-09-24 01:00:00+00:00,0.0033317643073442894
2024-09-24 02:00:00+00:00,-0.0031633046649016377
2024-09-24 03:00:00+00:00,0.00033635945671466413
2024-09-24 04:00:00+00:00,0.004357243692914121
2024-09-24 05:00:00+00:00,0.001448591025438675
2024-09-24 06:00:00+00:00,0.003397003531973852
2024-09-24 07:00:00+00:00,-0.0017139586964558572
2024-09-24 08:00:00+00:00,0.0021086123327619458
2024-09-24 09:00:00+00:00,-0.0012047852779656558
2024-09-24 10:00:00+00:00,-0.005512806467601397
2024-09-24 11:00:00+00:00,0.005608940493002953
2024-09-24 12:00:00+00:00,-0.004614421893837242
2024-09-24 13:00:00+00:00,0.0027513449897860246
2024-09-24 14:00:00+00:00,-0.0014369085930743932
2024-09-24 15:00:00+00:00,-0.001452053572631286
2024-09-24 16:00:00+00:00,-0.004172649211734783
2024-09-24 17:00:00+00:00,-0.002112373561635196
2024-09-24 18:00:00+00:00,0.0034243598900633226
2024-09-24 19:00:00+00:00,-0.0007053384498968114
2024-09-24 20:00:00+00:00,0.004279358871794921
2024-09-24 21:00:00+00:00,-0.007953204770544314
2024-09-24 22:00:00+00:00,0.0026705433496477097
2024-09-24 23:00:00+00:00,0.002062354347074324
2024-09-25 00:00:00+00:00,0.001765244255807094
2024-09-25 01:00:00+00:00,-0.005631428832955936
2024-09-25 02:00:00+00:00,0.002099347795824369
2024-09-25 03:00:00+00:00,-0.0005190915898745518
2024-09-25 04:00:00+00:00,0.008337694717953231
2024-09-25 05:00:00+00:00,-0.005060006320853028
2024-09-25 06:00:00+00:00,0.005565051345611276
2024-09-25 07:00:00+00:00,-0.005695113211458345
2024-09-25 08:00:00+00:00,0.001366290292727109
2024-09-25 09:00:00+00:00,-0.0011002206941031964
2024-09-25 10:00:00+00:00,-0.003348070396286479
2024-09-25 11:00:00+00:00,0.004140514817034704
2024-09-25 12:00:00+00:00,-2.111066985478164e-05
2024-09-25 13:00:00+00:00,0.002057109779390781
2024-09-25 14:00:00+00:00,-0.004461910889523125
2024-09-25 15:00:00+00:00,0.00781380386376616
2024-09-25 16:00:00+00:00,-0.001354583905932412
2024-09-25 17:00:00+00:00,0.0015182467308066051
2024-09-25 18:00:00+00:00,-0.0012820639019213488
2024-09-25 19:00:00+00:00,-0.0029602418067336796
2024-09-25 20:00:00+00:00,0.002982933696566858
2024-09-25 21:00:00+00:00,0.0014956530571695254
2024-09-25 22:00:00+00:00,-2.3509530463029874e-05
2024-09-25 23:00:00+00:00,-0.0017261253915371291
2024-09-26 00:00:00+00:00,-0.0011249014677773479
2024-09-26 01:00:00+00:00,-0.004518946901937511
2024-09-26 02:00:00+00:00,-0.001961112999530945
2024-09-26 03:00:00+00:00,-0.0011633810261833365
2024-09-26 04:00:00+00:00,0.00046936369490350614
2024-09-26 05:00:00+00:00,-0.005747271643816159
2024-09-26 06:00:00+00:00,0.0007258450802168319
2024-09-26 07:00:00+00:00,0.007120478558156306
2024-09-26 08:00:00+00:00,0.0013566732519459336
2024-09-26 09:00:00+00:00,-0.002225166428401152
2024-09-26 10:00:00+00:00,6.75672215379929e-05
2024-09-26 11:00:00+00:00,-0.0012470309551480842
2024-09-26 12:00:00+00:00,0.001459676714992833
2024-09-26 13:00:00+00:00,-0.0020266505692724396
2024-09-26 14:00:00+00:00,-0.003078283628489509
2024-09-26 15:00:00+00:00,-0.0002688518113156128
2024-09-26 16:00:00+00:00,0.0026402973126135217
2024-09-26 17:00:00+00:00,0.009530928567505955
2024-09-26 18:00:00+00:00,0.004122576197890403
2024-09-26 19:00:00+00:00,-0.0035375825497290124
2024-09-26 20:00:00+00:00,0.003585194456764672
2024-09-26 21:00:00+00:00,9.161535214576515e-05
2024-09-26 22:00:00+00:00,-0.0006723253576976411
2024-09-26 23:00:00+00:00,0.004670725164749008
2024-09-27 00:00:00+00:00,0.0018794945495495604
2024-09-27 01:00:00+00:00,0.00016405073464008163
2024-09-27 02:00:00+00:00,-0.0009658300903286377
2024-09-27 03:00:00+00:00,0.0006154780070354153
2024-09-27 04:00:00+00:00,-0.006421009282651456
2024-09-27 05:00:00+00:00,-0.004207728737045426
2024-09-27 06:00:00+00:00,0.000267225989454565
2024-09-27 07:00:00+00:00,0.00249899619931027
2024-09-27 08:00:00+00:00,-0.00022040872888450436
2024-09-27 09:00:00+00:00,0.001028336971593714
2024-09-27 10:00:00+00:00,0.0005619566319535304
2024-09-27 11:00:00+00:00,-0.00025362826867710096
2024-09-27 12:00:00+00:00,-0.003349840564276891
2024-09-27 13:00:00+00:00,0.003524957666074153
2024-09-27 14:00:00+00:00,-0.00024143041997973095
2024-09-27 15:00:00+00:00,-0.0019149924095591706
2024-09-27 16:00:00+00:00,-0.001630348306571541
2024-09-27 17:00:00+00:00,0.003653952791142344
2024-09-27 18:00:00+00:00,0.0019071164690413168
2024-09-27 19:00:00+00:00,-0.0022207564895560727
2024-09-27 20:00:00+00:00,0.00047211782210683615
2024-09-27 21:00:00+00:00,-0.0012913837664552366
2024-09-27 22:00:00+00:00,-0.0051233929999278905
2024-09-27 23:00:00+00:00,0.0016141837163523758
2024-09-28 00:00:00+00:00,0.002380574635081497
2024-09-28 01:00:00+00:00,0.001967249703543768
2024-09-28 02:00:00+00:00,0.00020034267491859372
2024-09-28 03:00:00+00:00,-0.0012590975232811097
2024-09-28 04:00:00+00:00,0.0012599584989537805
2024-09-28 05:00:00+00:00,0.0013022820281917802
2024-09-28 06:00:00+00:00,0.0037452387699709066
2024-09-28 07:00:00+00:00,0.019564409880185284
2024-09-28 08:00:00+00:00,0.00014944894518503223
2024-09-28 09:00:00+00:00,0.0015326031956697718
2024-09-28 10:00:00+00:00,-0.002379743554108586
2024-09-28 11:00:00+00:00,-0.0015008579246155098
2024-09-28 12:00:00+00:00,-0.0008369368784035087
2024-09-28 13:00:00+00:00,0.0002770735050472499
2024-09-28 14:00:00+00:00,-0.007007715495815121
2024-09-28 15:00:00+00:00,-9.291808557001908e-05
2024-09-28 16:00:00+00:00,0.004364866333789648
2024-09-28 17:00:00+00:00,0.0018238384513766476
2024-09-28 18:00:00+00:00,-0.003003123129955576
2024-09-28 19:00:00+00:00,0.00014487591409376898
2024-09-28 20:00:00+00:00,0.00013050934609495901
2024-09-28 21:00:00+00:00,0.0023561850356006667
2024-09-28 22:00:00+00:00,6.317141127039946e-06
2024-09-28 23:00:00+00:00,0.0022852235831602886
2024-09-29 00:00:00+00:00,0.0007166856870936647
2024-09-29 01:00:00+00:00,-0.0007093554946356542
2024-09-29 02:00:00+00:00,-0.0013473853636917126
2024-09-29 03:00:00+00:00,0.0005998421161467777
2024-09-29 04:00:00+00:00,0.0010177246061291007
2024-09-29 05:00:00+00:00,0.0017959195911596893
2024-09-29 06:00:00+00:00,-0.001539657021926954
2024-09-29 07:00:00+00:00,0.0024396217426859057
2024-09-29 08:00:00+00:00,0.0005151782403512978
2024-09-29 09:00:00+00:00,-0.0028805885463873567
2024-09-29 10:00:00+00:00,0.0012399328692340899
2024-09-29 11:00:00+00:00,0.001445969660421036
2024-09-29 12:00:00+00:00,0.0023082344708879286
2024-09-29 13:00:00+00:00,-0.006915800743764752
2024-09-29 14:00:00+00:00,-0.0015225633268027311
2024-09-29 15:00:00+00:00,-0.004600969931464135
2024-09-29 16:00:00+00:00,-0.002747823993434516
2024-09-29 17:00:00+00:00,-0.0017577061242425678
2024-09-29 18:00:00+00:00,-0.000745417943822353
2024-09-29 19:00:00+00:00,0.002560714907194292
2024-09-29 20:00:00+00:00,0.0029717871931043472
2024-09-29 21:00:00+00:00,0.0025280229446819724
2024-09-29 22:00:00+00:00,0.0021615595261355535
2024-09-29 23:00:00+00:00,0.0028158952164885147
2024-09-30 00:00:00+00:00,-0.0028095368712629768
2024-09-30 01:00:00+00:00,0.0003080142884860225
2024-09-30 02:00:00+00:00,0.0034341866719024452
2024-09-30 03:00:00+00:00,0.0029990181172293608
2024-09-30 04:00:00+00:00,-0.0017124117202962825
2024-09-30 05:00:00+00:00,-0.0022198254923128584
2024-09-30 06:00:00+00:00,0.0016524116327437692
2024-09-30 07:00:00+00:00,-6.884139854703848e-05
2024-09-30 08:00:00+00:00,-0.0018340132223155857
2024-09-30 09:00:00+00:00,0.005836774886317434
2024-09-30 10:00:00+00:00,0.0006111853724727587
2024-09-30 11:00:00+00:00,-0.002249115824407562
2024-09-30 12:00:00+00:00,0.0016856251792542252
2024-09-30 13:00:00+00:00,0.0017927034601410664
2024-09-30 14:00:00+00:00,-0.0021778668347558474
2024-09-30 15:00:00+00:00,0.005017533997371488
2024-09-30 16:00:00+00:00,-0.006137591242717736
2024-09-30 17:00:00+00:00,-0.003299384097127121
2024-09-30 18:00:00+00:00,-0.005462449964745095
2024-09-30 19:00:00+00:00,0.004732663564537425
2024-09-30 20:00:00+00:00,-0.00024188359947705892
2024-09-30 21:00:00+00:00,-2.529320797563113e-05
2024-09-30 22:00:00+00:00,0.006557480939235225
2024-09-30 23:00:00+00:00,-0.003907634957924948
2024-10-01 00:00:00+00:00,-0.004254972361613039
2024-10-01 01:00:00+00:00,-0.006708163231090841
2024-10-01 02:00:00+00:00,0.0018726065226947132
2024-10-01 03:00:00+00:00,0.0003473269261644772
2024-10-01 04:00:00+00:00,0.001707739608445419
2024-10-01 05:00:00+00:00,0.002674783381709831
2024-10-01 06:00:00+00:00,0.000319602984082703
2024-10-01 07:00:00+00:00,0.001517656367459139
2024-10-01 08:00:00+00:00,0.0006558759066533961
2024-10-01 09:00:00+00:00,-8.882961455501816e-05
2024-10-01 10:00:00+00:00,-0.0008377001727178392
2024-10-01 11:00:00+00:00,-0.002761231727094573
2024-10-01 12:00:00+00:00,0.001175958435515694
2024-10-01 13:00:00+00:00,0.0012635001312102155
2024-10-01 14:00:00+00:00,0.010674699482029535
2024-10-01 15:00:00+00:00,-0.006440438661312588
2024-10-01 16:00:00+00:00,0.002681706441735521
2024-10-01 17:00:00+00:00,2.7339469396469407e-05
2024-10-01 18:00:00+00:00,0.009253659078156558
2024-10-01 19:00:00+00:00,0.0018380309278526968
2024-10-01 20:00:00+00:00,-0.007657767851883744
2024-10-01 21:00:00+00:00,0.005614796917201837
2024-10-01 22:00:00+00:00,-0.001033451487392434
2024-10-01 23:00:00+00:00,-0.0017183868774080825
2024-10-02 00:00:00+00:00,0.004856131197952749
2024-10-02 01:00:00+00:00,-0.0026206186046311133
2024-10-02 02:00:00+00:00,0.00539475870590176
2024-10-02 03:00:00+00:00,0.0016883379778068475
2024-10-02 04:00:00+00:00,-0.0020970406273640024
2024-10-02 05:00:00+00:00,-0.006027595585989514
2024-10-02 06:00:00+00:00,-0.007334854778733353
2024-10-02 07:00:00+00:00,0.003954412298652113
2024-10-02 08:00:00+00:00,-0.001388601363910258
2024-10-02 09:00:00+00:00,0.004152178724001857
2024-10-02 10:00:00+00:00,0.002359074147614734
2024-10-02 11:00:00+00:00,-0.0018812672822048273
2024-10-02 12:00:00+00:00,-0.0038548132553952916
2024-10-02 13:00:00+00:00,-0.002400771513877644
2024-10-02 14:00:00+00:00,0.0011723852833752174
2024-10-02 15:00:00+00:00,-0.0003072806717896274
2024-10-02 16:00:00+00:00,0.00012155680616905579
2024-10-02 17:00:00+00:00,0.006446362745307695
2024-10-02 18:00:00+00:00,0.003711000341447925
2024-10-02 19:00:00+00:00,-0.00894890899442982
2024-10-02 20:00:00+00:00,0.0010201599452277633
2024-10-02 21:00:00+00:00,0.003250971758093386
2024-10-02 22:00:00+00:00,0.0010398811973513172
2024-10-02 23:00:00+00:00,-0.005025168958012929
2024-10-03 00:00:00+00:00,-0.007044314728815546
2024-10-03 01:00:00+00:00,-0.010246176232555134
2024-10-03 02:00:00+00:00,0.0013925840807414388
2024-10-03 03:00:00+00:00,0.0014885234966210692
2024-10-03 04:00:00+00:00,-0.0014074457954222621
2024-10-03 05:00:00+00:00,-0.0018928434255493071
2024-10-03 06:00:00+00:00,0.001719616065869335
2024-10-03 07:00:00+00:00,0.0029283809361504197
2024-10-03 08:00:00+00:00,-0.005301018637386787
2024-10-03 09:00:00+00:00,-0.0046525419823236274
2024-10-03 10:00:00+00:00,-0.009576172800282083
2024-10-03 11:00:00+00:00,0.003656893787153293
2024-10-03 12:00:00+00:00,0.0014432569499670928
2024-10-03 13:00:00+00:00,-0.002665216271206551
2024-10-03 14:00:00+00:00,0.0035949808897750906
2024-10-03 15:00:00+00:00,0.015371393120108712
2024-10-03 16:00:00+00:00,0.010156929342464045
2024-10-03 17:00:00+00:00,-0.006006460625779103
2024-10-03 18:00:00+00:00,0.0002954698618012888
2024-10-03 19:00:00+00:00,-0.002892320502988621
2024-10-03 20:00:00+00:00,0.00103813289076506
2024-10-03 21:00:00+00:00,-0.011683429335256425
2024-10-03 22:00:00+00:00,-0.0019544634405906365
2024-10-03 23:00:00+00:00,-0.0009715472097656691
2024-10-04 00:00:00+00:00,-0.0022626634987551004
2024-10-04 01:00:00+00:00,0.005860190553709463
2024-10-04 02:00:00+00:00,0.00770384666121333
2024-10-04 03:00:00+00:00,0.0035177560111675685
2024-10-04 04:00:00+00:00,-0.0035580139017252904
2024-10-04 05:00:00+00:00,0.004452941821656172
2024-10-04 06:00:00+00:00,-0.005095165988847473
2024-10-04 07:00:00+00:00,-0.0017870199175224143
2024-10-04 08:00:00+00:00,-0.018707174952975733
2024-10-04 09:00:00+00:00,0.0025253076286008507
2024-10-04 10:00:00+00:00,0.002769503203369331
2024-10-04 11:00:00+00:00,0.00046905666635276954
2024-10-04 12:00:00+00:00,-0.0028138424837193003
2024-10-04 13:00:00+00:00,-0.0037127590878920525
2024-10-04 14:00:00+00:00,0.0036293818339473804
2024-10-04 15:00:00+00:00,-0.004536574312175802
2024-10-04 16:00:00+00:00,0.0047387317579142855
2024-10-04 17:00:00+00:00,-0.003033431133694836
2024-10-04 18:00:00+00:00,0.002138616669141424
2024-10-04 19:00:00+00:00,-0.0019438483024907087
2024-10-04 20:00:00+00:00,0.0036984697848512485
2024-10-04 21:00:00+00:00,0.001684405895680692
2024-10-04 22:00:00+00:00,0.001097119058078392
2024-10-04 23:00:00+00:00,-0.002821972631848555
2024-10-05 00:00:00+00:00,0.0030279753687432287
2024-10-05 01:00:00+00:00,-8.219092670701544e-05
2024-10-05 02:00:00+00:00,0.002053631158909369
2024-10-05 03:00:00+00:00,0.0034714100481955316
2024-10-05 04:00:00+00:00,-0.008502158991612245
2024-10-05 05:00:00+00:00,0.007779962685126258
2024-10-05 06:00:00+00:00,-0.0006336194702062273
2024-10-05 07:00:00+00:00,0.0005415384489947788
2024-10-05 08:00:00+00:00,5.295646559522023e-05
2024-10-05 09:00:00+00:00,0.0002522592490673527
2024-10-05 10:00:00+00:00,0.0025093802271080458
2024-10-05 11:00:00+00:00,-0.0022371626063084266
2024-10-05 12:00:00+00:00,-0.000645600063399677
2024-10-05 13:00:00+00:00,-0.00044560825625553
2024-10-05 14:00:00+00:00,-0.0018464386909381391
2024-10-05 15:00:00+00:00,0.002144356773708158
2024-10-05 16:00:00+00:00,0.00037461330589489783
2024-10-05 17:00:00+00:00,-0.0028561575984521275
2024-10-05 18:00:00+00:00,0.0007286656036235653
2024-10-05 19:00:00+00:00,0.000540936986727291
2024-10-05 20:00:00+00:00,0.005847287689708317
2024-10-05 21:00:00+00:00,-0.0030282561875143617
2024-10-05 22:00:00+00:00,0.002153857112238253
2024-10-05 23:00:00+00:00,-0.002351538236905293
2024-10-06 00:00:00+00:00,-0.000479137464350733
2024-10-06 01:00:00+00:00,0.00044204677635709024
2024-10-06 02:00:00+00:00,-0.00329568168359355
2024-10-06 03:00:00+00:00,0.002354387537064521
2024-10-06 04:00:00+00:00,0.0018064846470787705
2024-10-06 05:00:00+00:00,0.003989652110913446
2024-10-06 06:00:00+00:00,0.0010772822864003283
2024-10-06 07:00:00+00:00,-0.004127397344456399
2024-10-06 08:00:00+00:00,-0.0017690346384100642
2024-10-06 09:00:00+00:00,0.001820522875970851
2024-10-06 10:00:00+00:00,0.0019729955975146024
2024-10-06 11:00:00+00:00,0.004224950606055003
2024-10-06 12:00:00+00:00,-0.0007142272026890523
2024-10-06 13:00:00+00:00,-0.0023643553769078945
2024-10-06 14:00:00+00:00,-0.004519216061665504
2024-10-06 15:00:00+00:00,0.0029015003369725124
2024-10-06 16:00:00+00:00,0.00038369105515410754
2024-10-06 17:00:00+00:00,0.00022788411979577855
2024-10-06 18:00:00+00:00,-0.007473745363725875
2024-10-06 19:00:00+00:00,0.0005807412417128364
2024-10-06 20:00:00+00:00,0.0011015749898852056
2024-10-06 21:00:00+00:00,0.002604054156177645
2024-10-06 22:00:00+00:00,-0.004567736555287865
2024-10-06 23:00:00+00:00,-0.003466667485687934
2024-10-07 00:00:00+00:00,-0.006396490949502229
2024-10-07 01:00:00+00:00,-0.00868363608826844
2024-10-07 02:00:00+00:00,0.008288780632970736
2024-10-07 03:00:00+00:00,0.004909913173247807
2024-10-07 04:00:00+00:00,-0.005464857895787766
2024-10-07 05:00:00+00:00,-0.0007549319352692247
2024-10-07 06:00:00+00:00,0.000263438175972929
2024-10-07 07:00:00+00:00,-0.00028004032033926055
2024-10-07 08:00:00+00:00,-0.007298521376527604
2024-10-07 09:00:00+00:00,0.0022021325471242646
2024-10-07 10:00:00+00:00,0.002297646283626617
2024-10-07 11:00:00+00:00,0.0017448069559710593
2024-10-07 12:00:00+00:00,0.00302951694975018
2024-10-07 13:00:00+00:00,-0.00419062496803387
2024-10-07 14:00:00+00:00,-0.005286017429390696
2024-10-07 15:00:00+00:00,-0.0043982170751235925
2024-10-07 16:00:00+00:00,-0.01122405899075665
2024-10-07 17:00:00+00:00,-0.002841802130583091
2024-10-07 18:00:00+00:00,0.0037947388957007147
2024-10-07 19:00:00+00:00,-0.0037552302587110227
2024-10-07 20:00:00+00:00,0.00500296221439465
2024-10-07 21:00:00+00:00,-0.002873895699236542
2024-10-07 22:00:00+00:00,0.0020253071993574998
2024-10-07 23:00:00+00:00,0.0019877422526471573
2024-10-08 00:00:00+00:00,-0.00592406773114126
2024-10-08 01:00:00+00:00,-0.0027498527610887733
2024-10-08 02:00:00+00:00,4.14731525918038e-05
2024-10-08 03:00:00+00:00,-0.004800677832476053
2024-10-08 04:00:00+00:00,0.004409645720772136
2024-10-08 05:00:00+00:00,0.005748356830355037
2024-10-08 06:00:00+00:00,-0.0032253928908618865
2024-10-08 07:00:00+00:00,0.0039038786807124317
2024-10-08 08:00:00+00:00,-0.004303711060115887
2024-10-08 09:00:00+00:00,0.0015942859044060541
2024-10-08 10:00:00+00:00,0.0004923429994973762
2024-10-08 11:00:00+00:00,-0.0014426715274855246
2024-10-08 12:00:00+00:00,0.005253960843954304
2024-10-08 13:00:00+00:00,-0.0036644543644092846
2024-10-08 14:00:00+00:00,0.003805592461171432
2024-10-08 15:00:00+00:00,-0.003972078788078868
2024-10-08 16:00:00+00:00,0.004199660575157922
2024-10-08 17:00:00+00:00,-0.0018103669220103475
2024-10-08 18:00:00+00:00,-0.005811100420247398
2024-10-08 19:00:00+00:00,-0.00038686864201309466
2024-10-08 20:00:00+00:00,0.000612864219194921
2024-10-08 21:00:00+00:00,-0.0034825087647116035
2024-10-08 22:00:00+00:00,0.00331484390317277
2024-10-08 23:00:00+00:00,-0.0023263112317340657
2024-10-09 00:00:00+00:00,0.003385520659278212
2024-10-09 01:00:00+00:00,0.002710670975596572
2024-10-09 02:00:00+00:00,0.004498558263398318
2024-10-09 03:00:00+00:00,0.000244087234115124
2024-10-09 04:00:00+00:00,-0.0022545581803853592
2024-10-09 05:00:00+00:00,0.00015019723457498446
2024-10-09 06:00:00+00:00,0.002805946161021655
2024-10-09 07:00:00+00:00,0.0006354055340095968
2024-10-09 08:00:00+00:00,-0.0005209357036247914
2024-10-09 09:00:00+00:00,0.003371024305929791
2024-10-09 10:00:00+00:00,-0.0015155223016540952
2024-10-09 11:00:00+00:00,0.0009695469799275874
2024-10-09 12:00:00+00:00,-0.002104710634399091
2024-10-09 13:00:00+00:00,-0.0013322405712846792
2024-10-09 14:00:00+00:00,-0.004651575131717417
2024-10-09 15:00:00+00:00,-0.0010234105264151098
2024-10-09 16:00:00+00:00,0.0030744636483006804
2024-10-09 17:00:00+00:00,0.0022925362058703615
2024-10-09 18:00:00+00:00,0.002792863678320881
2024-10-09 19:00:00+00:00,0.0012602478149776714
2024-10-09 20:00:00+00:00,-0.0006226649594470974
2024-10-09 21:00:00+00:00,0.004017769613484394
2024-10-09 22:00:00+00:00,0.0023356469436871807
2024-10-09 23:00:00+00:00,-0.0003288385989684926
2024-10-10 00:00:00+00:00,0.00547008576576384
2024-10-10 01:00:00+00:00,-0.0044846481016560516
2024-10-10 02:00:00+00:00,0.002242897513949693
2024-10-10 03:00:00+00:00,0.0015664868632438514
2024-10-10 04:00:00+00:00,-0.0006845714436483444
2024-10-10 05:00:00+00:00,-0.000988519513464115
2024-10-10 06:00:00+00:00,0.0009663991617577409
2024-10-10 07:00:00+00:00,0.004178351409278187
2024-10-10 08:00:00+00:00,0.0023660259131329945
2024-10-10 09:00:00+00:00,0.005224482675322947
2024-10-10 10:00:00+00:00,-0.00211697169315624
2024-10-10 11:00:00+00:00,-0.00014555216189454653
2024-10-10 12:00:00+00:00,0.005643872363179462
2024-10-10 13:00:00+00:00,0.0001656216130588002
2024-10-10 14:00:00+00:00,-0.0007108879100477708
2024-10-10 15:00:00+00:00,0.00819414046284223
2024-10-10 16:00:00+00:00,0.00013936505871209895
2024-10-10 17:00:00+00:00,0.001519494209717053
2024-10-10 18:00:00+00:00,-0.00799295374059998
2024-10-10 19:00:00+00:00,-0.0010256146707752682
2024-10-10 20:00:00+00:00,-0.0002924488207856604
2024-10-10 21:00:00+00:00,0.0012537785547167338
2024-10-10 22:00:00+00:00,-0.0017947869713797946
2024-10-10 23:00:00+00:00,0.002131682249324793
2024-10-11 00:00:00+00:00,0.002326522941780817
2024-10-11 01:00:00+00:00,0.00279379388175718
2024-10-11 02:00:00+00:00,-0.00031160346313631243
2024-10-11 03:00:00+00:00,0.0013039065755847876
2024-10-11 04:00:00+00:00,0.0013377321004080798
2024-10-11 05:00:00+00:00,0.0033495564702944462
2024-10-11 06:00:00+00:00,-0.0013782582730298809
2024-10-11 07:00:00+00:00,-0.002371620144985493
2024-10-11 08:00:00+00:00,-0.007895549372397096
2024-10-11 09:00:00+00:00,-0.004036369351938454
2024-10-11 10:00:00+00:00,0.005453117474975157
2024-10-11 11:00:00+00:00,-0.004632698236613406
2024-10-11 12:00:00+00:00,-0.002410065281120551
2024-10-11 13:00:00+00:00,-0.0026449324897758796
2024-10-11 14:00:00+00:00,0.0021597486954886653
2024-10-11 15:00:00+00:00,0.0007860698382844076
2024-10-11 16:00:00+00:00,-0.002999677810193288
2024-10-11 17:00:00+00:00,0.004376083459778174
2024-10-11 18:00:00+00:00,-0.0016581133741539438
2024-10-11 19:00:00+00:00,0.0021313585487000436
2024-10-11 20:00:00+00:00,-0.003912497845835941
2024-10-11 21:00:00+00:00,-0.002477543997046862
2024-10-11 22:00:00+00:00,0.00012977571867363392
2024-10-11 23:00:00+00:00,-0.0008802702481037591
2024-10-12 00:00:00+00:00,-0.00031670509126157384
2024-10-12 01:00:00+00:00,-0.005282373079822923
2024-10-12 02:00:00+00:00,0.004230295438469227
2024-10-12 03:00:00+00:00,7.343140427911272e-05
2024-10-12 04:00:00+00:00,-0.0009676166920588864
2024-10-12 05:00:00+00:00,-0.0019386119730711176
2024-10-12 06:00:00+00:00,0.006580337643172794
2024-10-12 07:00:00+00:00,-0.0004794202862831203
2024-10-12 08:00:00+00:00,-0.0022975280491637504
2024-10-12 09:00:00+00:00,-0.00046284989773524794
2024-10-12 10:00:00+00:00,-0.009055387147092264
2024-10-12 11:00:00+00:00,4.8098190460510664e-05
2024-10-12 12:00:00+00:00,-0.0022796476131529604
2024-10-12 13:00:00+00:00,-0.01316928190076599
2024-10-12 14:00:00+00:00,-0.003107035381296155
2024-10-12 15:00:00+00:00,0.004870947933728367
2024-10-12 16:00:00+00:00,-0.009805578662261425
2024-10-12 17:00:00+00:00,-0.006143446560204535
2024-10-12 18:00:00+00:00,0.0031973582359650604
2024-10-12 19:00:00+00:00,-0.0037374911830647365
2024-10-12 20:00:00+00:00,0.001437516317497713
2024-10-12 21:00:00+00:00,-0.0004754249460019536
2024-10-12 22:00:00+00:00,-0.003655139348434284
2024-10-12 23:00:00+00:00,0.004485002609739169
2024-10-13 00:00:00+00:00,-0.00535559238129091
2024-10-13 01:00:00+00:00,-0.0031999966378968136
2024-10-13 02:00:00+00:00,0.0020032367745155028
2024-10-13 03:00:00+00:00,0.0012246290547333206
2024-10-13 04:00:00+00:00,-0.006101175900763145
2024-10-13 05:00:00+00:00,-0.0010595063628717212
2024-10-13 06:00:00+00:00,-0.0018803556708854915
2024-10-13 07:00:00+00:00,0.0036759746192316653
2024-10-13 08:00:00+00:00,0.004531658829709002
2024-10-13 09:00:00+00:00,-0.0038447423976221908
2024-10-13 10:00:00+00:00,0.0011010859207560104
2024-10-13 11:00:00+00:00,-0.00043044730869097435
2024-10-13 12:00:00+00:00,-0.0026976474584704084
2024-10-13 13:00:00+00:00,0.005333217557604581
2024-10-13 14:00:00+00:00,-0.0020371736740183444
2024-10-13 15:00:00+00:00,0.0013186484768633042
2024-10-13 16:00:00+00:00,-0.0011678696588825744
2024-10-13 17:00:00+00:00,-0.002690279866788961
2024-10-13 18:00:00+00:00,0.0028825386654995483
2024-10-13 19:00:00+00:00,-0.004293984986383261
2024-10-13 20:00:00+00:00,-0.0005176496186035029
2024-10-13 21:00:00+00:00,-0.0038049233873639348
2024-10-13 22:00:00+00:00,-0.0022219182472606887
2024-10-13 23:00:00+00:00,-0.0036299941725126414
2024-10-14 00:00:00+00:00,-0.003106979301171892
2024-10-14 01:00:00+00:00,0.0010081574956336723
2024-10-14 02:00:00+00:00,0.008460232105700098
2024-10-14 03:00:00+00:00,0.007171864590688824
2024-10-14 04:00:00+00:00,0.001852402491187124
2024-10-14 05:00:00+00:00,-0.0010632122419988077
2024-10-14 06:00:00+00:00,0.00033366415886314373
2024-10-14 07:00:00+00:00,0.001973028286732671
2024-10-14 08:00:00+00:00,0.006477471005412086
2024-10-14 09:00:00+00:00,0.0025845701083532934
2024-10-14 10:00:00+00:00,-0.0035307658852791546
2024-10-14 11:00:00+00:00,0.00032061592764549564
2024-10-14 12:00:00+00:00,0.002096204146293234
2024-10-14 13:00:00+00:00,-0.0021240348539129012
2024-10-14 14:00:00+00:00,0.004274678321469961
2024-10-14 15:00:00+00:00,0.006814165531144132
2024-10-14 16:00:00+00:00,0.003452828568555941
2024-10-14 17:00:00+00:00,-0.0032279616858732125
2024-10-14 18:00:00+00:00,-0.0014057097896878676
2024-10-14 19:00:00+00:00,0.0008263106388770265
2024-10-14 20:00:00+00:00,-0.0005469511529672741
2024-10-14 21:00:00+00:00,0.001245374879216483
2024-10-14 22:00:00+00:00,-0.0035790998774195295
2024-10-14 23:00:00+00:00,0.002423272567340721
2024-10-15 00:00:00+00:00,0.013609458016614421
2024-10-15 01:00:00+00:00,-0.002981965870232863
2024-10-15 02:00:00+00:00,-0.008717376938891548
2024-10-15 03:00:00+00:00,0.005400332693054364
2024-10-15 04:00:00+00:00,0.001284323557220528
2024-10-15 05:00:00+00:00,0.0014875163796698252
2024-10-15 06:00:00+00:00,-0.00905168620204993
2024-10-15 07:00:00+00:00,0.00021413880048265016
2024-10-15 08:00:00+00:00,-0.0021882305512802213
2024-10-15 09:00:00+00:00,-0.006473855487016518
2024-10-15 10:00:00+00:00,0.0051332528987139865
2024-10-15 11:00:00+00:00,0.009207112716799672
2024-10-15 12:00:00+00:00,-0.0064782226285011735
2024-10-15 13:00:00+00:00,0.01278922192559443
2024-10-15 14:00:00+00:00,-0.012681125222924349
2024-10-15 15:00:00+00:00,0.00583460678914191
2024-10-15 16:00:00+00:00,0.0017469810450820664
2024-10-15 17:00:00+00:00,0.0036437691484727695
2024-10-15 18:00:00+00:00,-0.0061794753180012575
2024-10-15 19:00:00+00:00,0.004691352626582283
2024-10-15 20:00:00+00:00,0.006639209123390804
2024-10-15 21:00:00+00:00,0.00019594047835201774
2024-10-15 22:00:00+00:00,0.0001790640281816974
2024-10-15 23:00:00+00:00,-0.004873996385934383
2024-10-16 00:00:00+00:00,0.009103474027554175
2024-10-16 01:00:00+00:00,0.0009575879379194645
2024-10-16 02:00:00+00:00,0.0021008511688719146
2024-10-16 03:00:00+00:00,0.001656413785706743
2024-10-16 04:00:00+00:00,-0.005307030532028274
2024-10-16 05:00:00+00:00,-0.0022177299112319535
2024-10-16 06:00:00+00:00,0.001568569685425743
2024-10-16 07:00:00+00:00,-0.0046527851848702185
2024-10-16 08:00:00+00:00,0.004707673156139872
2024-10-16 09:00:00+00:00,-0.003358727443339379
2024-10-16 10:00:00+00:00,0.006840710527717124
2024-10-16 11:00:00+00:00,0.000902669234610547
2024-10-16 12:00:00+00:00,0.003274952015101488
2024-10-16 13:00:00+00:00,-0.0014925256477054465
2024-10-16 14:00:00+00:00,-0.0001506996063376894
2024-10-16 15:00:00+00:00,-0.0003756417048876291
2024-10-16 16:00:00+00:00,0.0034894733355344317
2024-10-16 17:00:00+00:00,-0.006908027478867566
2024-10-16 18:00:00+00:00,0.0003072253723627908
2024-10-16 19:00:00+00:00,-0.0010571351779504938
2024-10-16 20:00:00+00:00,-0.007102765320007155
2024-10-16 21:00:00+00:00,0.00013981193491585656
2024-10-16 22:00:00+00:00,0.0014568389214220322
2024-10-16 23:00:00+00:00,0.0015821091641778195
2024-10-17 00:00:00+00:00,0.002978377752456261
2024-10-17 01:00:00+00:00,-0.005055157321143739
2024-10-17 02:00:00+00:00,-0.002321648127353236
2024-10-17 03:00:00+00:00,-0.002367670327872521
2024-10-17 04:00:00+00:00,0.0011586298861975064
2024-10-17 05:00:00+00:00,0.0012101193400910742
2024-10-17 06:00:00+00:00,-0.004950056527525904
2024-10-17 07:00:00+00:00,0.00976225672168006
2024-10-17 08:00:00+00:00,-0.0033683717790849626
2024-10-17 09:00:00+00:00,0.005304764899058587
2024-10-17 10:00:00+00:00,-0.0009551455436307405
2024-10-17 11:00:00+00:00,0.0043662163874043855
2024-10-17 12:00:00+00:00,-0.006906577944831119
2024-10-17 13:00:00+00:00,-9.667427744841264e-05
2024-10-17 14:00:00+00:00,-0.0003413632342694178
2024-10-17 15:00:00+00:00,0.004223365844541782
2024-10-17 16:00:00+00:00,-0.00016195746269113726
2024-10-17 17:00:00+00:00,0.004493613280718278
2024-10-17 18:00:00+00:00,1.75310496085937e-05
2024-10-17 19:00:00+00:00,-0.0033831588136101426
2024-10-17 20:00:00+00:00,-0.005529724133012064
2024-10-17 21:00:00+00:00,0.00030994391922618304
2024-10-17 22:00:00+00:00,0.001469677435530339
2024-10-17 23:00:00+00:00,0.00011272138641441095
2024-10-18 00:00:00+00:00,-0.005985911381470984
2024-10-18 01:00:00+00:00,0.002291500336849448
2024-10-18 02:00:00+00:00,0.003973331794897228
2024-10-18 03:00:00+00:00,0.0007463940457109415
2024-10-18 04:00:00+00:00,0.0009933347647304975
2024-10-18 05:00:00+00:00,0.0015026182117546679
2024-10-18 06:00:00+00:00,-0.0025670485061713064
2024-10-18 07:00:00+00:00,0.0009355946913889194
2024-10-18 08:00:00+00:00,0.0005388388411634522
2024-10-18 09:00:00+00:00,0.00048538427410451865
2024-10-18 10:00:00+00:00,-0.0008481843213931565
2024-10-18 11:00:00+00:00,0.0005763804324433404
2024-10-18 12:00:00+00:00,0.0014976694392669072
2024-10-18 13:00:00+00:00,0.00013326392788527952
2024-10-18 14:00:00+00:00,-0.003197666308119665
2024-10-18 15:00:00+00:00,0.0026090745719514388
2024-10-18 16:00:00+00:00,-0.006745060916442722
2024-10-18 17:00:00+00:00,0.0027142560466890935
2024-10-18 18:00:00+00:00,-0.0017846247851306173
2024-10-18 19:00:00+00:00,0.0045820439224208845
2024-10-18 20:00:00+00:00,-0.0010562507279731786
2024-10-18 21:00:00+00:00,-0.00038980777017923077
2024-10-18 22:00:00+00:00,-6.263436888990972e-05
2024-10-18 23:00:00+00:00,0.0009994576483475738
2024-10-19 00:00:00+00:00,0.0033678629663064226
2024-10-19 01:00:00+00:00,-0.008790497492058971
2024-10-19 02:00:00+00:00,0.0029450007945706013
2024-10-19 03:00:00+00:00,0.0016963868722305823
2024-10-19 04:00:00+00:00,0.005559669034949017
2024-10-19 05:00:00+00:00,-0.0006606236468059506
2024-10-19 06:00:00+00:00,-0.0022940654395400997
2024-10-19 07:00:00+00:00,0.0010906644575725051
2024-10-19 08:00:00+00:00,-0.0005422550979318264
2024-10-19 09:00:00+00:00,0.0014427643756793227
2024-10-19 10:00:00+00:00,-0.003600771118447484
2024-10-19 11:00:00+00:00,0.0048168423705349595
2024-10-19 12:00:00+00:00,-0.0032645912826199572
2024-10-19 13:00:00+00:00,0.0013292327078091443
2024-10-19 14:00:00+00:00,-0.0006423577216190688
2024-10-19 15:00:00+00:00,0.0032533939526121756
2024-10-19 16:00:00+00:00,0.0016376285877530558
2024-10-19 17:00:00+00:00,0.0019521915463495262
2024-10-19 18:00:00+00:00,0.0009074498736322825
2024-10-19 19:00:00+00:00,-0.00011631880693769714
2024-10-19 20:00:00+00:00,-0.0021421695521053534
2024-10-19 21:00:00+00:00,0.0023626550246153935
2024-10-19 22:00:00+00:00,-0.0027254740713533324
2024-10-19 23:00:00+00:00,0.001637272559837312
2024-10-20 00:00:00+00:00,0.0019292072819464292
2024-10-20 01:00:00+00:00,0.0016439168458367544
2024-10-20 02:00:00+00:00,-0.0030997750617202504
2024-10-20 03:00:00+00:00,0.0007020543436157634
2024-10-20 04:00:00+00:00,0.0011662658953973816
2024-10-20 05:00:00+00:00,0.0006322313153293137
2024-10-20 06:00:00+00:00,0.004211515846731204
2024-10-20 07:00:00+00:00,-0.00385444677217376
2024-10-20 08:00:00+00:00,0.004355535064965923
2024-10-20 09:00:00+00:00,-0.0032546354467720977
2024-10-20 10:00:00+00:00,-0.0006994632020664157
2024-10-20 11:00:00+00:00,-0.003710220134631836
2024-10-20 12:00:00+00:00,0.008079432323315214
2024-10-20 13:00:00+00:00,0.0006572283759660372
2024-10-20 14:00:00+00:00,0.003332364144113995
2024-10-20 15:00:00+00:00,0.003972858181906791
2024-10-20 16:00:00+00:00,-0.0027893824661615204
2024-10-20 17:00:00+00:00,0.0019399517572733843
2024-10-20 18:00:00+00:00,0.0028760845393994107
2024-10-20 19:00:00+00:00,6.734403619332316e-05
2024-10-20 20:00:00+00:00,0.0003594012228701228
2024-10-20 21:00:00+00:00,0.00032703458346503293
2024-10-20 22:00:00+00:00,-0.0005799055760392598
2024-10-20 23:00:00+00:00,-0.00026682657574980114
2024-10-21 00:00:00+00:00,0.0018541679038605082
2024-10-21 01:00:00+00:00,-0.0013616451103049207
2024-10-21 02:00:00+00:00,-0.0017417301036572784
2024-10-21 03:00:00+00:00,-0.0009699902936598423
2024-10-21 04:00:00+00:00,-0.0014224278302049488
2024-10-21 05:00:00+00:00,-0.002844747747475715
2024-10-21 06:00:00+00:00,0.0012538886961381982
2024-10-21 07:00:00+00:00,0.0002991647952317583
2024-10-21 08:00:00+00:00,0.0026031370176727584
2024-10-21 09:00:00+00:00,-0.0012060534340638672
2024-10-21 10:00:00+00:00,0.003392503003785159
2024-10-21 11:00:00+00:00,-7.996206007238911e-05
2024-10-21 12:00:00+00:00,0.0009062905737076417
2024-10-21 13:00:00+00:00,-0.0036574364603505598
2024-10-21 14:00:00+00:00,-0.0012187386342103318
2024-10-21 15:00:00+00:00,0.0004626419565518131
2024-10-21 16:00:00+00:00,0.001541405559221847
2024-10-21 17:00:00+00:00,-0.005157378964008942
2024-10-21 18:00:00+00:00,0.0017033899103638447
2024-10-21 19:00:00+00:00,0.0006648269101775606
2024-10-21 20:00:00+00:00,-0.00193243706769602
2024-10-21 21:00:00+00:00,5.974272741424663e-05
2024-10-21 22:00:00+00:00,-0.0019918642561973245
2024-10-21 23:00:00+00:00,0.0019653894484222764
2024-10-22 00:00:00+00:00,0.00012333107356660261
2024-10-22 01:00:00+00:00,-0.008343930440409627
2024-10-22 02:00:00+00:00,-0.003993479360870159
2024-10-22 03:00:00+00:00,-0.003433824813202502
2024-10-22 04:00:00+00:00,0.00579139064803933
2024-10-22 05:00:00+00:00,-0.006205291547020948
2024-10-22 06:00:00+00:00,0.0018928412271772674
2024-10-22 07:00:00+00:00,0.001023513676999299
2024-10-22 08:00:00+00:00,-0.0030950954512261627
2024-10-22 09:00:00+00:00,0.0006592885598528937
2024-10-22 10:00:00+00:00,-0.0009937452228747496
2024-10-22 11:00:00+00:00,0.0004999858150297199
2024-10-22 12:00:00+00:00,0.0021220701531765576
2024-10-22 13:00:00+00:00,0.002654704771969634
2024-10-22 14:00:00+00:00,0.0016808122435430905
2024-10-22 15:00:00+00:00,0.0030654695756110904
2024-10-22 16:00:00+00:00,0.0060366381153164304
2024-10-22 17:00:00+00:00,-0.0005272299595381036
2024-10-22 18:00:00+00:00,-0.003777436044166591
2024-10-22 19:00:00+00:00,-0.004492644451862281
2024-10-22 20:00:00+00:00,0.004116417055524709
2024-10-22 21:00:00+00:00,0.0009023760109978418
2024-10-22 22:00:00+00:00,0.002428062687105751
2024-10-22 23:00:00+00:00,-0.0011942171691484561
2024-10-23 00:00:00+00:00,0.0021033274073457026
2024-10-23 01:00:00+00:00,-0.0012629913830991227
2024-10-23 02:00:00+00:00,-0.004651488796358774
2024-10-23 03:00:00+00:00,3.929387482097997e-05
2024-10-23 04:00:00+00:00,0.0015710228229116642
2024-10-23 05:00:00+00:00,0.00037018831209982355
2024-10-23 06:00:00+00:00,-0.004761292504511146
2024-10-23 07:00:00+00:00,-0.0008716842382761784
2024-10-23 08:00:00+00:00,0.0029750637042799625
2024-10-23 09:00:00+00:00,0.0031449773980705338
2024-10-23 10:00:00+00:00,-0.002005210161527708
2024-10-23 11:00:00+00:00,0.001195135326261643
2024-10-23 12:00:00+00:00,-0.002345564922966298
2024-10-23 13:00:00+00:00,0.00023126901205941972
2024-10-23 14:00:00+00:00,-0.0016084281218295272
2024-10-23 15:00:00+00:00,-0.002448028459763476
2024-10-23 16:00:00+00:00,-0.0027468904714564864
2024-10-23 17:00:00+00:00,0.00482149633063438
2024-10-23 18:00:00+00:00,-0.008727786485375394
2024-10-23 19:00:00+00:00,-0.002847528088433696
2024-10-23 20:00:00+00:00,0.004297395512725464
2024-10-23 21:00:00+00:00,0.0006724706176425297
2024-10-23 22:00:00+00:00,0.0011749520971954112
2024-10-23 23:00:00+00:00,-0.0008813095616290375
2024-10-24 00:00:00+00:00,0.002914494028127609
2024-10-24 01:00:00+00:00,0.00023090525778808927
2024-10-24 02:00:00+00:00,0.002851320048503979
2024-10-24 03:00:00+00:00,-0.0021275098262038866
2024-10-24 04:00:00+00:00,0.0016356149114403777
2024-10-24 05:00:00+00:00,-0.0007468109635033638
2024-10-24 06:00:00+00:00,0.001521266197832393
2024-10-24 07:00:00+00:00,0.00036303039386272263
2024-10-24 08:00:00+00:00,0.0002655781739812331
2024-10-24 09:00:00+00:00,-0.0001699096571969217
2024-10-24 10:00:00+00:00,-0.00015634045130385614
2024-10-24 11:00:00+00:00,-0.0008937359750616587
2024-10-24 12:00:00+00:00,-0.003818395289386281
2024-10-24 13:00:00+00:00,-0.005408655721722757
2024-10-24 14:00:00+00:00,0.0018902462215833792
2024-10-24 15:00:00+00:00,-0.0012358636200343438
2024-10-24 16:00:00+00:00,0.0007405568380257038
2024-10-24 17:00:00+00:00,0.000489962343035911
2024-10-24 18:00:00+00:00,0.0023358193338891414
2024-10-24 19:00:00+00:00,-0.0007037400950256914
2024-10-24 20:00:00+00:00,-0.0011646257633581344
2024-10-24 21:00:00+00:00,-0.001132442293879609
2024-10-24 22:00:00+00:00,-0.0003611603512330289
2024-10-24 23:00:00+00:00,0.0027500624849627984
2024-10-25 00:00:00+00:00,0.00026188016263164115
2024-10-25 01:00:00+00:00,0.0014294155208524593
2024-10-25 02:00:00+00:00,-0.00032850548933275887
2024-10-25 03:00:00+00:00,0.002425360703909592
2024-10-25 04:00:00+00:00,-0.0008676603504246652
2024-10-25 05:00:00+00:00,-0.0010655495258488083
2024-10-25 06:00:00+00:00,0.0014594887681642582
2024-10-25 07:00:00+00:00,0.003657000599500009
2024-10-25 08:00:00+00:00,0.0033705122540269063
2024-10-25 09:00:00+00:00,0.0020850963872257548
2024-10-25 10:00:00+00:00,-0.0003938881409253108
2024-10-25 11:00:00+00:00,-0.0005919534720918009
2024-10-25 12:00:00+00:00,0.0004388664013826059
2024-10-25 13:00:00+00:00,0.0005257472853177519
2024-10-25 14:00:00+00:00,-0.00012702419871957578
2024-10-25 15:00:00+00:00,-0.0007128739125651001
2024-10-25 16:00:00+00:00,0.0003147529017110703
2024-10-25 17:00:00+00:00,-0.0007669737629862652
2024-10-25 18:00:00+00:00,-0.0024340874001626627
2024-10-25 19:00:00+00:00,-0.002559450330223835
2024-10-25 20:00:00+00:00,0.0020522737713738596
2024-10-25 21:00:00+00:00,0.0009648834563733866
2024-10-25 22:00:00+00:00,0.003948004354614842
2024-10-25 23:00:00+00:00,-0.011875146452438961
2024-10-26 00:00:00+00:00,0.01127627522774912
2024-10-26 01:00:00+00:00,0.0016622516388394455
2024-10-26 02:00:00+00:00,0.0006008476968059296
2024-10-26 03:00:00+00:00,-0.0011477323232997221
2024-10-26 04:00:00+00:00,-0.002127860683305987
2024-10-26 05:00:00+00:00,0.0016030789587784023
2024-10-26 06:00:00+00:00,-0.0016234614452555808
2024-10-26 07:00:00+00:00,4.9642111187802567e-05
2024-10-26 08:00:00+00:00,-0.0008802493513267867
2024-10-26 09:00:00+00:00,-0.0016570635976601083
2024-10-26 10:00:00+00:00,-0.00043590662457277025
2024-10-26 11:00:00+00:00,0.0011728965004064542
2024-10-26 12:00:00+00:00,-0.00019857548801213362
2024-10-26 13:00:00+00:00,-0.00038761662130251635
2024-10-26 14:00:00+00:00,-0.0009003535708572239
2024-10-26 15:00:00+00:00,-0.001783667037737513
2024-10-26 16:00:00+00:00,-0.0013664229785499422
2024-10-26 17:00:00+00:00,-0.004054601032240274
2024-10-26 18:00:00+00:00,0.002823275605582457
2024-10-26 19:00:00+00:00,0.0018529164397179181
2024-10-26 20:00:00+00:00,-0.00045343550467113016
2024-10-26 21:00:00+00:00,0.001442646934588879
2024-10-26 22:00:00+00:00,-0.000659274198641057
2024-10-26 23:00:00+00:00,0.0009991813108751338
2024-10-27 00:00:00+00:00,0.0015418258319935606
2024-10-27 01:00:00+00:00,-0.0044994009993248865
2024-10-27 02:00:00+00:00,0.0005342998293029233
2024-10-27 03:00:00+00:00,0.001301716646514791
2024-10-27 04:00:00+00:00,-0.0010378585189796442
2024-10-27 05:00:00+00:00,-3.225353924946167e-05
2024-10-27 06:00:00+00:00,-0.0005894314545671465
2024-10-27 07:00:00+00:00,-0.0009348490640834849
2024-10-27 08:00:00+00:00,-0.001052792318481435
2024-10-27 09:00:00+00:00,0.00019907594384829255
2024-10-27 10:00:00+00:00,0.0013843443583815903
2024-10-27 11:00:00+00:00,-0.0013055256509121
2024-10-27 12:00:00+00:00,-0.0011678852046121777
2024-10-27 13:00:00+00:00,0.004023207921141454
2024-10-27 14:00:00+00:00,0.0015411498547396282
2024-10-27 15:00:00+00:00,-0.0020829579558608205
2024-10-27 16:00:00+00:00,-0.002767912053503618
2024-10-27 17:00:00+00:00,-2.5995440088130734e-05
2024-10-27 18:00:00+00:00,0.00014997678843681466
2024-10-27 19:00:00+00:00,-0.000534536830844047
2024-10-27 20:00:00+00:00,0.002797617347830504
2024-10-27 21:00:00+00:00,0.00012652659431645487
2024-10-27 22:00:00+00:00,-0.0022838221436875584
2024-10-27 23:00:00+00:00,-0.0014322398439337283
2024-10-28 00:00:00+00:00,0.007060038925405739
2024-10-28 01:00:00+00:00,-0.0005074262176097636
2024-10-28 02:00:00+00:00,-0.007877661832285261
2024-10-28 03:00:00+00:00,-0.0012966077050112846
2024-10-28 04:00:00+00:00,-0.0008789618922391417
2024-10-28 05:00:00+00:00,0.003474232315157884
2024-10-28 06:00:00+00:00,-0.00027062428448745905
2024-10-28 07:00:00+00:00,0.00855546478295347
2024-10-28 08:00:00+00:00,-0.0003186713158969735
2024-10-28 09:00:00+00:00,-0.0036413045120194496
2024-10-28 10:00:00+00:00,-0.0021131684633693528
2024-10-28 11:00:00+00:00,0.0006508562411131683
2024-10-28 12:00:00+00:00,-0.0019034326663001826
2024-10-28 13:00:00+00:00,0.003026875172463276
2024-10-28 14:00:00+00:00,-0.006517945909859585
2024-10-28 15:00:00+00:00,0.0009962788889111508
2024-10-28 16:00:00+00:00,-0.004628901635691416
2024-10-28 17:00:00+00:00,-0.002383346650621735
2024-10-28 18:00:00+00:00,-0.004970457988218684
2024-10-28 19:00:00+00:00,-0.008026651529975178
2024-10-28 20:00:00+00:00,0.004625645067795025
2024-10-28 21:00:00+00:00,-6.561238357423158e-05
2024-10-28 22:00:00+00:00,0.009720806461769139
2024-10-28 23:00:00+00:00,-0.004549184189260519
2024-10-29 00:00:00+00:00,-0.008175289811057229
2024-10-29 01:00:00+00:00,0.003844919256228954
2024-10-29 02:00:00+00:00,0.008487561976593597
2024-10-29 03:00:00+00:00,-0.004446627146316837
2024-10-29 04:00:00+00:00,0.007308468855859699
2024-10-29 05:00:00+00:00,-0.002347372298285312
2024-10-29 06:00:00+00:00,0.003021500613838138
2024-10-29 07:00:00+00:00,-0.0009060195489095363
2024-10-29 08:00:00+00:00,-0.000855332541642043
2024-10-29 09:00:00+00:00,0.0001287349008770831
2024-10-29 10:00:00+00:00,-0.0029769105302000507
2024-10-29 11:00:00+00:00,0.0033805614909955635
2024-10-29 12:00:00+00:00,0.0015404136495028656
2024-10-29 13:00:00+00:00,-0.001486474583936838
2024-10-29 14:00:00+00:00,-0.0002602241671568452
2024-10-29 15:00:00+00:00,-0.005553654138809817
2024-10-29 16:00:00+00:00,-0.006934333901622876
2024-10-29 17:00:00+00:00,0.0036596486178013875
2024-10-29 18:00:00+00:00,0.004749423679849891
2024-10-29 19:00:00+00:00,0.006198164812929885
2024-10-29 20:00:00+00:00,-0.007609789228803391
2024-10-29 21:00:00+00:00,-0.0010110503732234423
2024-10-29 22:00:00+00:00,0.0012293652175174327
2024-10-29 23:00:00+00:00,-0.003961984024418571
2024-10-30 00:00:00+00:00,-0.0011085030091348678
2024-10-30 01:00:00+00:00,-0.007798746322561616
2024-10-30 02:00:00+00:00,0.00819036643445659
2024-10-30 03:00:00+00:00,0.0005794700443725314
2024-10-30 04:00:00+00:00,-0.001546033698876387
2024-10-30 05:00:00+00:00,-0.002357434856246122
2024-10-30 06:00:00+00:00,0.011016304118331866
2024-10-30 07:00:00+00:00,0.0020361400255519565
2024-10-30 08:00:00+00:00,0.0001748645560870471
2024-10-30 09:00:00+00:00,0.0010216333907511921
2024-10-30 10:00:00+00:00,0.0032574953585260114
2024-10-30 11:00:00+00:00,0.0007597925638645675
2024-10-30 12:00:00+00:00,-0.008121869564491353
2024-10-30 13:00:00+00:00,0.0008726796215138432
2024-10-30 14:00:00+00:00,0.012811653913180286
2024-10-30 15:00:00+00:00,0.005615375620794175
2024-10-30 16:00:00+00:00,-0.0045806311822505835
2024-10-30 17:00:00+00:00,-0.0008488525359359915
2024-10-30 18:00:00+00:00,-0.0035455577930999906
2024-10-30 19:00:00+00:00,0.0024991063096896538
2024-10-30 20:00:00+00:00,-0.00511021312278164
2024-10-30 21:00:00+00:00,-0.0017246109245128219
2024-10-30 22:00:00+00:00,0.002787280628793965
2024-10-30 23:00:00+00:00,0.0020928813171915586
2024-10-31 00:00:00+00:00,-0.006331801987614858
2024-10-31 01:00:00+00:00,-0.006607080916023376
2024-10-31 02:00:00+00:00,0.0034283654298543145
2024-10-31 03:00:00+00:00,-0.0008169326038866085
2024-10-31 04:00:00+00:00,-0.004100182182488476
2024-10-31 05:00:00+00:00,-0.0017040571005747269
2024-10-31 06:00:00+00:00,0.0001557045057728721
2024-10-31 07:00:00+00:00,-0.0014939875361784426
2024-10-31 08:00:00+00:00,0.0015972373996553735
2024-10-31 09:00:00+00:00,-0.0045721011304792145
2024-10-31 10:00:00+00:00,0.000347521935876206
2024-10-31 11:00:00+00:00,0.0013460379267259276
2024-10-31 12:00:00+00:00,0.0004209152970573718
2024-10-31 13:00:00+00:00,0.004604367748528036
2024-10-31 14:00:00+00:00,-0.0033225763215489236
2024-10-31 15:00:00+00:00,-1.9114686613631304e-05
2024-10-31 16:00:00+00:00,-0.00021568185896839962
2024-10-31 17:00:00+00:00,-0.0034714135687172946
2024-10-31 18:00:00+00:00,0.002410438816515762
2024-10-31 19:00:00+00:00,0.013609867784505382
2024-10-31 20:00:00+00:00,0.004383114172483947
2024-10-31 21:00:00+00:00,-0.0038877740510773174
2024-10-31 22:00:00+00:00,-0.004439952047538159
2024-10-31 23:00:00+00:00,-0.00039435422875127847
2024-11-01 00:00:00+00:00,-0.004720979330864101
2024-11-01 01:00:00+00:00,0.003406212290470277
2024-11-01 02:00:00+00:00,-0.0002466573679389652
2024-11-01 03:00:00+00:00,0.010220165593302669
2024-11-01 04:00:00+00:00,-0.0024449054444154166
2024-11-01 05:00:00+00:00,-0.0025237682301755037
2024-11-01 06:00:00+00:00,0.009382984000440669
2024-11-01 07:00:00+00:00,-0.00279971804175787
2024-11-01 08:00:00+00:00,-0.006327445862893669
2024-11-01 09:00:00+00:00,0.004866575634554556
2024-11-01 10:00:00+00:00,-0.00872613450131471
2024-11-01 11:00:00+00:00,0.00294494661627129
2024-11-01 12:00:00+00:00,-0.0030432934546341136
2024-11-01 13:00:00+00:00,-0.0074297569116857
2024-11-01 14:00:00+00:00,0.002810953390975532
2024-11-01 15:00:00+00:00,0.004280498327111669
2024-11-01 16:00:00+00:00,-0.0011835775450427257
2024-11-01 17:00:00+00:00,0.0009494411518573677
2024-11-01 18:00:00+00:00,4.231750065722848e-05
2024-11-01 19:00:00+00:00,-0.0016076654895388154
2024-11-01 20:00:00+00:00,-0.0012832334226204262
2024-11-01 21:00:00+00:00,-0.0001743632053649238
2024-11-01 22:00:00+00:00,0.0010993916507472134
2024-11-01 23:00:00+00:00,-0.0006216349611503102
2024-11-02 00:00:00+00:00,-0.0033259610203634237
2024-11-02 01:00:00+00:00,-0.000159637258474953
2024-11-02 02:00:00+00:00,-0.001911047712065192
2024-11-02 03:00:00+00:00,0.0004866360408704648
2024-11-02 04:00:00+00:00,0.00021474559930069633
2024-11-02 05:00:00+00:00,-0.0031135034222929676
2024-11-02 06:00:00+00:00,-0.0014612777892626626
2024-11-02 07:00:00+00:00,0.002294354628102254
2024-11-02 08:00:00+00:00,0.004735967709832261
2024-11-02 09:00:00+00:00,0.0022117032694256348
2024-11-02 10:00:00+00:00,-0.0037616056738275206
2024-11-02 11:00:00+00:00,5.63300379510305e-06
2024-11-02 12:00:00+00:00,0.0022853975876701493
2024-11-02 13:00:00+00:00,-0.0021198439905503177
2024-11-02 14:00:00+00:00,-0.002289129516744735
2024-11-02 15:00:00+00:00,0.0011169428706431892
2024-11-02 16:00:00+00:00,-0.0028707940089090613
2024-11-02 17:00:00+00:00,-0.0013379433604088374
2024-11-02 18:00:00+00:00,-0.00111583491575497
2024-11-02 19:00:00+00:00,-0.004382806408251785
2024-11-02 20:00:00+00:00,0.0015399381901545304
2024-11-02 21:00:00+00:00,0.0032544175230645772
2024-11-02 22:00:00+00:00,-0.0002370019193452622
2024-11-02 23:00:00+00:00,-0.004065687276873547
2024-11-03 00:00:00+00:00,0.007071417876450144
2024-11-03 01:00:00+00:00,0.004579443234371434
2024-11-03 02:00:00+00:00,0.0074190403728395075
2024-11-03 03:00:00+00:00,0.0018174203599199271
2024-11-03 04:00:00+00:00,-0.0023845057142989523
2024-11-03 05:00:00+00:00,0.00021701831672058238
2024-11-03 06:00:00+00:00,-0.002595348979976725
2024-11-03 07:00:00+00:00,-0.0010138771740982337
2024-11-03 08:00:00+00:00,-0.00040869860680222737
2024-11-03 09:00:00+00:00,0.0028908969435117718
2024-11-03 10:00:00+00:00,0.0002696143986857871
2024-11-03 11:00:00+00:00,0.003957827104702612
2024-11-03 12:00:00+00:00,-0.0012823655765127077
2024-11-03 13:00:00+00:00,-0.0007344035539516741
2024-11-03 14:00:00+00:00,-0.0036508584109340497
2024-11-03 15:00:00+00:00,0.0035010477819984133
2024-11-03 16:00:00+00:00,0.003052856967614589
2024-11-03 17:00:00+00:00,0.004623666185159374
2024-11-03 18:00:00+00:00,0.002637495177871684
2024-11-03 19:00:00+00:00,-0.006511460177401771
2024-11-03 20:00:00+00:00,-0.0007732490507841787
2024-11-03 21:00:00+00:00,-0.002408002020074516
2024-11-03 22:00:00+00:00,-0.001582199225871243
2024-11-03 23:00:00+00:00,0.0007202839840273477
2024-11-04 00:00:00+00:00,0.0040462886895044365
2024-11-04 01:00:00+00:00,-0.0034754568578762453
2024-11-04 02:00:00+00:00,-0.0017334143124760185
2024-11-04 03:00:00+00:00,0.0020313922020510373
2024-11-04 04:00:00+00:00,-0.0015260483572401868
2024-11-04 05:00:00+00:00,0.003588166690278368
2024-11-04 06:00:00+00:00,-0.007398713390181966
2024-11-04 07:00:00+00:00,-0.0015201779441171778
2024-11-04 08:00:00+00:00,0.0029644370960870145
2024-11-04 09:00:00+00:00,-0.002996298964433051
2024-11-04 10:00:00+00:00,-0.010631266724509817
2024-11-04 11:00:00+00:00,-0.0009943030793682145
2024-11-04 12:00:00+00:00,-0.0010802140286838746
2024-11-04 13:00:00+00:00,-0.0006645523608980056
2024-11-04 14:00:00+00:00,9.652706313603411e-06
2024-11-04 15:00:00+00:00,-0.00938907183727344
2024-11-04 16:00:00+00:00,0.0002347915189006369
2024-11-04 17:00:00+00:00,-0.005400834799614015
2024-11-04 18:00:00+00:00,0.002241610920181128
2024-11-04 19:00:00+00:00,-0.008123155864204928
2024-11-04 20:00:00+00:00,0.00507047536577958
2024-11-04 21:00:00+00:00,0.006143457533882563
2024-11-04 22:00:00+00:00,-0.012090630821727595
2024-11-04 23:00:00+00:00,-0.00022908692661330687
2024-11-05 00:00:00+00:00,-0.015538848473259108
2024-11-05 01:00:00+00:00,0.009518638814764543
2024-11-05 02:00:00+00:00,0.004599012960485533
2024-11-05 03:00:00+00:00,-0.00037163320892078574
2024-11-05 04:00:00+00:00,0.007136265292847615
2024-11-05 05:00:00+00:00,-0.007835942657445718
2024-11-05 06:00:00+00:00,-0.011779836239540927
2024-11-05 07:00:00+00:00,0.00620045503559835
2024-11-05 08:00:00+00:00,-0.0014978808556351862
2024-11-05 09:00:00+00:00,-0.0004199522086481755
2024-11-05 10:00:00+00:00,-0.00426223489482931
2024-11-05 11:00:00+00:00,-0.006138630019168671
2024-11-05 12:00:00+00:00,0.007542489960126696
2024-11-05 13:00:00+00:00,-0.0025888644836973753
2024-11-05 14:00:00+00:00,-0.003513493350511472
2024-11-05 15:00:00+00:00,0.003276872828594073
2024-11-05 16:00:00+00:00,-0.0009511018112522485
2024-11-05 17:00:00+00:00,0.0010154298421508048
2024-11-05 18:00:00+00:00,0.003635351787621656
2024-11-05 19:00:00+00:00,0.006602258960055989
2024-11-05 20:00:00+00:00,0.001295698658428259
2024-11-05 21:00:00+00:00,0.004446421857300344
2024-11-05 22:00:00+00:00,-0.005767509652092121
2024-11-05 23:00:00+00:00,-0.0014940629366327859
2024-11-06 00:00:00+00:00,-0.018964627654479125
2024-11-06 01:00:00+00:00,0.00893454286451233
2024-11-06 02:00:00+00:00,-0.030131062695048103
2024-11-06 03:00:00+00:00,-0.0225916611395866
2024-11-06 04:00:00+00:00,0.01839129229285817
2024-11-06 05:00:00+00:00,0.0005607335481690129
2024-11-06 06:00:00+00:00,0.006513680712889494
2024-11-06 07:00:00+00:00,0.004221248091556714
2024-11-06 08:00:00+00:00,0.007709098147728099
2024-11-06 09:00:00+00:00,0.0008980846502025966
2024-11-06 10:00:00+00:00,-0.01085317490030494
2024-11-06 11:00:00+00:00,0.005763257172513777
2024-11-06 12:00:00+00:00,0.012884810214500862
2024-11-06 13:00:00+00:00,-0.009971485403534382
2024-11-06 14:00:00+00:00,0.014881398483647919
2024-11-06 15:00:00+00:00,0.006482820758703739
2024-11-06 16:00:00+00:00,-0.0031335111148049753
2024-11-06 17:00:00+00:00,0.007748733773537279
2024-11-06 18:00:00+00:00,-0.0019886535597685817
2024-11-06 19:00:00+00:00,0.004677042451563794
2024-11-06 20:00:00+00:00,0.0047182686863892764
2024-11-06 21:00:00+00:00,-0.0058620307992295175
2024-11-06 22:00:00+00:00,0.001924547736593315
2024-11-06 23:00:00+00:00,0.0019023878267059914
2024-11-07 00:00:00+00:00,0.00023395830984513453
2024-11-07 01:00:00+00:00,0.0034482825919720165
2024-11-07 02:00:00+00:00,0.0016983897501139584
2024-11-07 03:00:00+00:00,0.010238362358881295
2024-11-07 04:00:00+00:00,-0.0024478127663055253
2024-11-07 05:00:00+00:00,-6.153085484752031e-05
2024-11-07 06:00:00+00:00,0.0023097363801120414
2024-11-07 07:00:00+00:00,-0.0018501529106786363
2024-11-07 08:00:00+00:00,-0.0005643154403077434
2024-11-07 09:00:00+00:00,0.0003891100450217702
2024-11-07 10:00:00+00:00,-0.0003447164137076452
2024-11-07 11:00:00+00:00,0.00047054751489112884
2024-11-07 12:00:00+00:00,0.0013779812364907106
2024-11-07 13:00:00+00:00,0.003243362985768596
2024-11-07 14:00:00+00:00,-0.005797804361144354
2024-11-07 15:00:00+00:00,0.006192128464436417
2024-11-07 16:00:00+00:00,0.002504413021230612
2024-11-07 17:00:00+00:00,-0.0006557930594028491
2024-11-07 18:00:00+00:00,-0.0009448705901138517
2024-11-07 19:00:00+00:00,-0.0006889391453635462
2024-11-07 20:00:00+00:00,0.002613166648002073
2024-11-07 21:00:00+00:00,0.004196480661997311
2024-11-07 22:00:00+00:00,-0.0043663117751716034
2024-11-07 23:00:00+00:00,-0.0027645510830455575
2024-11-08 00:00:00+00:00,0.002158423874867684
2024-11-08 01:00:00+00:00,-0.0017390461364139333
2024-11-08 02:00:00+00:00,-0.003512957110076794
2024-11-08 03:00:00+00:00,-0.004489707632594164
2024-11-08 04:00:00+00:00,-0.0015862030004524432
2024-11-08 05:00:00+00:00,-0.0052959941671373596
2024-11-08 06:00:00+00:00,-0.0020753262580949293
2024-11-08 07:00:00+00:00,0.0006271987651105467
2024-11-08 08:00:00+00:00,-0.001601206954599068
2024-11-08 09:00:00+00:00,0.002453730811644152
2024-11-08 10:00:00+00:00,0.00024274509636866472
2024-11-08 11:00:00+00:00,-2.983642203685995e-05
2024-11-08 12:00:00+00:00,0.0017866496057594846
2024-11-08 13:00:00+00:00,0.0006863948738332874
2024-11-08 14:00:00+00:00,0.003528807910266758
2024-11-08 15:00:00+00:00,-0.004906595100311275
2024-11-08 16:00:00+00:00,0.0016695574196518355
2024-11-08 17:00:00+00:00,-0.0003848157193375221
2024-11-08 18:00:00+00:00,-9.118843278112769e-05
2024-11-08 19:00:00+00:00,0.0056577547238437255
2024-11-08 20:00:00+00:00,-0.0040004247531322135
2024-11-08 21:00:00+00:00,-0.0069581942645699545
2024-11-08 22:00:00+00:00,0.00010006841924386742
2024-11-08 23:00:00+00:00,0.003421895663669723
2024-11-09 00:00:00+00:00,0.006116499053040111
2024-11-09 01:00:00+00:00,0.005680036884354224
2024-11-09 02:00:00+00:00,-0.0015156131717428477
2024-11-09 03:00:00+00:00,-0.0008165895937333873
2024-11-09 04:00:00+00:00,-0.0003500536537285453
2024-11-09 05:00:00+00:00,0.01170035806758282
2024-11-09 06:00:00+00:00,-0.005221267562787721
2024-11-09 07:00:00+00:00,-0.0047152759245822524
2024-11-09 08:00:00+00:00,-0.0008121563426328459
2024-11-09 09:00:00+00:00,-0.0037501769958557768
2024-11-09 10:00:00+00:00,0.0012491858249126311
2024-11-09 11:00:00+00:00,0.005374015614445207
2024-11-09 12:00:00+00:00,-2.428434401600157e-05
2024-11-09 13:00:00+00:00,-0.0010605983673550273
2024-11-09 14:00:00+00:00,-0.002758164606981804
2024-11-09 15:00:00+00:00,0.0018086072359116965
2024-11-09 16:00:00+00:00,-6.129261514747923e-05
2024-11-09 17:00:00+00:00,-0.00764905344923341
2024-11-09 18:00:00+00:00,0.0019650341775116317
2024-11-09 19:00:00+00:00,-0.0004219760997582837
2024-11-09 20:00:00+00:00,0.0100573358788775
2024-11-09 21:00:00+00:00,-0.0002265119801756301
2024-11-09 22:00:00+00:00,0.004133522365277384
2024-11-09 23:00:00+00:00,-0.008542412618171402
2024-11-10 00:00:00+00:00,-0.018232730776380365
2024-11-10 01:00:00+00:00,-0.001164863160218522
2024-11-10 02:00:00+00:00,0.007115469660959684
2024-11-10 03:00:00+00:00,-0.003982083632545991
2024-11-10 04:00:00+00:00,-0.0013313768482724447
2024-11-10 05:00:00+00:00,-0.001844759056905758
2024-11-10 06:00:00+00:00,0.00016345343374005178
2024-11-10 07:00:00+00:00,-0.0033140412401527182
2024-11-10 08:00:00+00:00,0.0007587515627125389
2024-11-10 09:00:00+00:00,-0.007285063147409378
2024-11-10 10:00:00+00:00,-0.003251538215304956
2024-11-10 11:00:00+00:00,-0.0023207387424188496
2024-11-10 12:00:00+00:00,-0.00416308411589808
2024-11-10 13:00:00+00:00,0.0030071428411279255
2024-11-10 14:00:00+00:00,0.016839193753814805
2024-11-10 15:00:00+00:00,-0.006494491250948062
2024-11-10 16:00:00+00:00,-0.0158302942855035
2024-11-10 17:00:00+00:00,-0.0041889893536224045
2024-11-10 18:00:00+00:00,-0.0035468001643469654
2024-11-10 19:00:00+00:00,0.0017028139584206556
2024-11-10 20:00:00+00:00,0.013679617422879124
2024-11-10 21:00:00+00:00,-0.014384284164127242
2024-11-10 22:00:00+00:00,-0.0006964175840036745
2024-11-10 23:00:00+00:00,0.003604462487754223
2024-11-11 00:00:00+00:00,-0.007324432536403513
2024-11-11 01:00:00+00:00,0.0028312867433644205
2024-11-11 02:00:00+00:00,0.0064627862379089225
2024-11-11 03:00:00+00:00,0.003956083875693682
2024-11-11 04:00:00+00:00,0.007959281628107126
2024-11-11 05:00:00+00:00,0.0073501838844625775
2024-11-11 06:00:00+00:00,0.0009261153940660936
2024-11-11 07:00:00+00:00,-0.003761142967386839
2024-11-11 08:00:00+00:00,0.0010233084108752064
2024-11-11 09:00:00+00:00,-0.000684306716123392
2024-11-11 10:00:00+00:00,0.0001462422953619694
2024-11-11 11:00:00+00:00,-0.007301571598502318
2024-11-11 12:00:00+00:00,-0.003399067223587827
2024-11-11 13:00:00+00:00,0.002394164743145281
2024-11-11 14:00:00+00:00,-0.003054800700960475
2024-11-11 15:00:00+00:00,-0.00276142665517029
2024-11-11 16:00:00+00:00,0.022048841445771825
2024-11-11 17:00:00+00:00,0.009834157688060136
2024-11-11 18:00:00+00:00,-0.011157745116208047
2024-11-11 19:00:00+00:00,-0.0021105500407348644
2024-11-11 20:00:00+00:00,0.0018686936429677236
2024-11-11 21:00:00+00:00,-0.011317679431664226
2024-11-11 22:00:00+00:00,0.011549070934499398
2024-11-11 23:00:00+00:00,0.010969959981092126
2024-11-12 00:00:00+00:00,0.007980882384579493
2024-11-12 01:00:00+00:00,-3.59629405262981e-05
2024-11-12 02:00:00+00:00,-0.00544681711649823
2024-11-12 03:00:00+00:00,-0.0033290091134512536
2024-11-12 04:00:00+00:00,-0.02964761408352431
2024-11-12 05:00:00+00:00,-0.003356350212598816
2024-11-12 06:00:00+00:00,0.00026131413383030124
2024-11-12 07:00:00+00:00,-0.011629000240291398
2024-11-12 08:00:00+00:00,-0.018302015823885034
2024-11-12 09:00:00+00:00,0.006005421977930018
2024-11-12 10:00:00+00:00,0.004069742856347535
2024-11-12 11:00:00+00:00,0.003928800129071344
2024-11-12 12:00:00+00:00,0.01596737665674344
2024-11-12 13:00:00+00:00,-0.0031691507028207724
2024-11-12 14:00:00+00:00,-0.003887643787382828
2024-11-12 15:00:00+00:00,0.005529056353041175
2024-11-12 16:00:00+00:00,0.00522375927312177
2024-11-12 17:00:00+00:00,-0.003875767611833581
2024-11-12 18:00:00+00:00,-0.006618665763588865
2024-11-12 19:00:00+00:00,0.006026251703008882
2024-11-12 20:00:00+00:00,-0.002009481456905
2024-11-12 21:00:00+00:00,-0.004957979107611227
2024-11-12 22:00:00+00:00,-0.0033570610285991852
2024-11-12 23:00:00+00:00,0.005273504595124448
2024-11-13 00:00:00+00:00,-0.008294026511263795
2024-11-13 01:00:00+00:00,0.006904077521165417
2024-11-13 02:00:00+00:00,0.0015709853848086411
2024-11-13 03:00:00+00:00,0.008361122191244914
2024-11-13 04:00:00+00:00,0.0067191856892737925
2024-11-13 05:00:00+00:00,-0.0008482926867464093
2024-11-13 06:00:00+00:00,-0.002694470909793803
2024-11-13 07:00:00+00:00,-0.0032758397820939747
2024-11-13 08:00:00+00:00,0.0006818030340985011
2024-11-13 09:00:00+00:00,0.0017415078048921312
2024-11-13 10:00:00+00:00,-0.010706431453486145
2024-11-13 11:00:00+00:00,0.001281746002490297
2024-11-13 12:00:00+00:00,0.001849012070677773
2024-11-13 13:00:00+00:00,-0.003995107137506462
2024-11-13 14:00:00+00:00,-0.0032689550928017798
2024-11-13 15:00:00+00:00,0.0038887778393927592
2024-11-13 16:00:00+00:00,0.001748023935656742
2024-11-13 17:00:00+00:00,0.011666954252815446
2024-11-13 18:00:00+00:00,0.0004889910254413292
2024-11-13 19:00:00+00:00,-0.007266252621783903
2024-11-13 20:00:00+00:00,-0.0053834678189166995
2024-11-13 21:00:00+00:00,-0.0028431838774194106
2024-11-13 22:00:00+00:00,-0.0005810865647827276
2024-11-13 23:00:00+00:00,-1.3376533444863166e-05
2024-11-14 00:00:00+00:00,0.0033981691338646953
2024-11-14 01:00:00+00:00,0.002143567442861406
2024-11-14 02:00:00+00:00,0.003413322445661102
2024-11-14 03:00:00+00:00,0.004512481455122629
2024-11-14 04:00:00+00:00,-4.1188294814227345e-05
2024-11-14 05:00:00+00:00,0.0009630852749653222
2024-11-14 06:00:00+00:00,-0.001234306068744793
2024-11-14 07:00:00+00:00,0.008074224041767693
2024-11-14 08:00:00+00:00,-0.0058774507269791455
2024-11-14 09:00:00+00:00,-0.0031961652837440924
2024-11-14 10:00:00+00:00,-0.00408581005777589
2024-11-14 11:00:00+00:00,-0.002202123371669482
2024-11-14 12:00:00+00:00,0.00384346839887394
2024-11-14 13:00:00+00:00,-0.008700565527748354
2024-11-14 14:00:00+00:00,-0.0005486257109325317
2024-11-14 15:00:00+00:00,-0.003992844607507183
2024-11-14 16:00:00+00:00,0.00034851762674792115
2024-11-14 17:00:00+00:00,-0.0068977809974352395
2024-11-14 18:00:00+00:00,-0.0012796896981477801
2024-11-14 19:00:00+00:00,-0.005567448200604038
2024-11-14 20:00:00+00:00,-0.00290336695839708
2024-11-14 21:00:00+00:00,-0.008771694438282731
2024-11-14 22:00:00+00:00,0.006445059580334454
2024-11-14 23:00:00+00:00,-0.0014866137685925179
2024-11-15 00:00:00+00:00,-0.00979317695114015
2024-11-15 01:00:00+00:00,-0.005993220673179566
2024-11-15 02:00:00+00:00,0.0004208869947790359
2024-11-15 03:00:00+00:00,0.0021239046711586033
2024-11-15 04:00:00+00:00,-0.002311477511393348
2024-11-15 05:00:00+00:00,-0.0005098836597724653
2024-11-15 06:00:00+00:00,0.008168740745518936
2024-11-15 07:00:00+00:00,0.0031610686716012685
2024-11-15 08:00:00+00:00,9.169184498694133e-05
2024-11-15 09:00:00+00:00,-0.005775034657339756
2024-11-15 10:00:00+00:00,0.0066072385485482854
2024-11-15 11:00:00+00:00,-0.0031899775533023537
2024-11-15 12:00:00+00:00,-0.01977668207233438
2024-11-15 13:00:00+00:00,0.00015742561263841398
2024-11-15 14:00:00+00:00,-0.01573034256718748
2024-11-15 15:00:00+00:00,0.007866990029592387
2024-11-15 16:00:00+00:00,-0.0010444145499414398
2024-11-15 17:00:00+00:00,0.006219715343785059
2024-11-15 18:00:00+00:00,-0.007799126752359669
2024-11-15 19:00:00+00:00,-0.002894342793093696
2024-11-15 20:00:00+00:00,0.013526641591160182
2024-11-15 21:00:00+00:00,-0.011918532640800507
2024-11-15 22:00:00+00:00,0.00574325448333234
2024-11-15 23:00:00+00:00,-0.007419070452637688
2024-11-16 00:00:00+00:00,0.00035420800114891745
2024-11-16 01:00:00+00:00,0.00017798892356701612
2024-11-16 02:00:00+00:00,-0.00461699115531357
2024-11-16 03:00:00+00:00,0.0006789520740968523
2024-11-16 04:00:00+00:00,-0.005525245239468383
2024-11-16 05:00:00+00:00,-0.007705019049633955
2024-11-16 06:00:00+00:00,0.004650330279395205
2024-11-16 07:00:00+00:00,-0.0038274991276479914
2024-11-16 08:00:00+00:00,-0.0002463692482554816
2024-11-16 09:00:00+00:00,-0.012619492905147986
2024-11-16 10:00:00+00:00,-0.004668983720244401
2024-11-16 11:00:00+00:00,0.015333308645472955
2024-11-16 12:00:00+00:00,-0.0022703108573488445
2024-11-16 13:00:00+00:00,-0.008768893712977649
2024-11-16 14:00:00+00:00,-0.014053140680166167
2024-11-16 15:00:00+00:00,0.0101150727710097
2024-11-16 16:00:00+00:00,-0.011391988968175714
2024-11-16 17:00:00+00:00,0.0017177411997924626
2024-11-16 18:00:00+00:00,-0.008421101009368147
2024-11-16 19:00:00+00:00,-0.00021621735151848448
2024-11-16 20:00:00+00:00,0.005177465627243468
2024-11-16 21:00:00+00:00,0.008846320820311808
2024-11-16 22:00:00+00:00,0.003920275814541283
2024-11-16 23:00:00+00:00,0.001413593103389684
2024-11-17 00:00:00+00:00,-0.01711380066894619
2024-11-17 01:00:00+00:00,0.01327145200263731
2024-11-17 02:00:00+00:00,0.0011665885946104064
2024-11-17 03:00:00+00:00,0.0042325137760884455
2024-11-17 04:00:00+00:00,0.015337077729995202
2024-11-17 05:00:00+00:00,0.002812211659213101
2024-11-17 06:00:00+00:00,-0.005888908400299236
2024-11-17 07:00:00+00:00,0.002284585800163784
2024-11-17 08:00:00+00:00,0.0016073732294411749
2024-11-17 09:00:00+00:00,-0.00046567938907394064
2024-11-17 10:00:00+00:00,0.0016824939123135949
2024-11-17 11:00:00+00:00,0.005648391296221541
2024-11-17 12:00:00+00:00,-0.007480744540699091
2024-11-17 13:00:00+00:00,-0.01328104877354638
2024-11-17 14:00:00+00:00,0.0027958721798953877
2024-11-17 15:00:00+00:00,0.004026850790959394
2024-11-17 16:00:00+00:00,-0.004535292934936549
2024-11-17 17:00:00+00:00,0.00029854842997410346
2024-11-17 18:00:00+00:00,0.003794149625660251
2024-11-17 19:00:00+00:00,0.007218558551975694
2024-11-17 20:00:00+00:00,-0.004492037659338094
2024-11-17 21:00:00+00:00,0.001380807853065736
2024-11-17 22:00:00+00:00,0.0007625700731152327
2024-11-17 23:00:00+00:00,0.003005286006053955
2024-11-18 00:00:00+00:00,0.0029093245048605167
2024-11-18 01:00:00+00:00,-0.004572114884530409
2024-11-18 02:00:00+00:00,0.0017636651531110778
2024-11-18 03:00:00+00:00,-0.0021207789248574565
2024-11-18 04:00:00+00:00,-0.007210107211613006
2024-11-18 05:00:00+00:00,-0.006866664584499114
2024-11-18 06:00:00+00:00,0.0013337843632938496
2024-11-18 07:00:00+00:00,0.001954347455943519
2024-11-18 08:00:00+00:00,-0.0008870153631655735
2024-11-18 09:00:00+00:00,0.0036023104264288576
2024-11-18 10:00:00+00:00,-0.00067366908879715
2024-11-18 11:00:00+00:00,-0.0002462762995399869
2024-11-18 12:00:00+00:00,0.004023672355635776
2024-11-18 13:00:00+00:00,-0.000240567649047317
2024-11-18 14:00:00+00:00,0.0010380107946688303
2024-11-18 15:00:00+00:00,-0.007036718129945449
2024-11-18 16:00:00+00:00,0.010487317628729356
2024-11-18 17:00:00+00:00,0.003717127493085541
2024-11-18 18:00:00+00:00,0.004016201194141883
2024-11-18 19:00:00+00:00,-0.00048138442791593176
2024-11-18 20:00:00+00:00,0.0010296423616149109
2024-11-18 21:00:00+00:00,-0.003252298394589943
2024-11-18 22:00:00+00:00,-0.0005418765346341189
2024-11-18 23:00:00+00:00,0.004396327252338308
2024-11-19 00:00:00+00:00,-0.005035803784836682
2024-11-19 01:00:00+00:00,0.0014508335426519
2024-11-19 02:00:00+00:00,0.007995756935812953
2024-11-19 03:00:00+00:00,-0.0027365908399922347
2024-11-19 04:00:00+00:00,0.006105091232484042
2024-11-19 05:00:00+00:00,-0.0001447624332673171
2024-11-19 06:00:00+00:00,-0.0013892169867674076
2024-11-19 07:00:00+00:00,0.0027328934402016712
2024-11-19 08:00:00+00:00,0.0037830947428619437
2024-11-19 09:00:00+00:00,0.003646838306535646
2024-11-19 10:00:00+00:00,-0.0008409992362713547
2024-11-19 11:00:00+00:00,0.003763853962170793
2024-11-19 12:00:00+00:00,-0.0019285967708519238
2024-11-19 13:00:00+00:00,0.002141991826860842
2024-11-19 14:00:00+00:00,0.002747094741187576
2024-11-19 15:00:00+00:00,-0.004078932111566065
2024-11-19 16:00:00+00:00,0.00018694556600745688
2024-11-19 17:00:00+00:00,0.0011285107451514422
2024-11-19 18:00:00+00:00,-0.001655400629992534
2024-11-19 19:00:00+00:00,-0.00017354425760544788
2024-11-19 20:00:00+00:00,-0.004370666575531563
2024-11-19 21:00:00+00:00,0.0041329087733257925
2024-11-19 22:00:00+00:00,-0.0012263271155230145
2024-11-19 23:00:00+00:00,0.004355915875265892
2024-11-20 00:00:00+00:00,-0.006382116245526149
2024-11-20 01:00:00+00:00,-0.0024066575656865393
2024-11-20 02:00:00+00:00,-0.0006366237011708443
2024-11-20 03:00:00+00:00,0.0036788542966810734
2024-11-20 04:00:00+00:00,-0.0002610297563307878
2024-11-20 05:00:00+00:00,-0.001363007155503518
2024-11-20 06:00:00+00:00,-0.0007745720182780861
2024-11-20 07:00:00+00:00,0.002786773897934173
2024-11-20 08:00:00+00:00,-0.004400162092561264
2024-11-20 09:00:00+00:00,-0.0018543947904415283
2024-11-20 10:00:00+00:00,-0.0032390980824859765
2024-11-20 11:00:00+00:00,-0.0004037830722872205
2024-11-20 12:00:00+00:00,0.0014636042997550544
2024-11-20 13:00:00+00:00,0.001938793784275658
2024-11-20 14:00:00+00:00,0.0001389173384248736
2024-11-20 15:00:00+00:00,0.0017945565232293352
2024-11-20 16:00:00+00:00,0.0049366035145431255
2024-11-20 17:00:00+00:00,0.0039721362670495485
2024-11-20 18:00:00+00:00,-0.003934976849615205
2024-11-20 19:00:00+00:00,0.001390294714662256
2024-11-20 20:00:00+00:00,0.0007710757307677508
2024-11-20 21:00:00+00:00,-0.0017039242190105153
2024-11-20 22:00:00+00:00,-0.005532030080437251
2024-11-20 23:00:00+00:00,0.003891924404771318
2024-11-21 00:00:00+00:00,-0.0016385297244013136
2024-11-21 01:00:00+00:00,0.0006002628952839811
2024-11-21 02:00:00+00:00,0.004381580341412991
2024-11-21 03:00:00+00:00,0.005857773588891094
2024-11-21 04:00:00+00:00,0.0030135330844772456
2024-11-21 05:00:00+00:00,0.0028065914038223555
2024-11-21 06:00:00+00:00,0.00020842903288707508
2024-11-21 07:00:00+00:00,0.0025504686797722794
2024-11-21 08:00:00+00:00,-0.0007873602111386996
2024-11-21 09:00:00+00:00,0.0025243504234034476
2024-11-21 10:00:00+00:00,-0.003225405230463868
2024-11-21 11:00:00+00:00,0.0046562500395639864
2024-11-21 12:00:00+00:00,0.007347564365441233
2024-11-21 13:00:00+00:00,0.00603528846443241
2024-11-21 14:00:00+00:00,0.0005936701334594642
2024-11-21 15:00:00+00:00,0.0015748751769134144
2024-11-21 16:00:00+00:00,0.00047723350959036175
2024-11-21 17:00:00+00:00,-0.003264172069827766
2024-11-21 18:00:00+00:00,-0.005555926631496007
2024-11-21 19:00:00+00:00,0.005999875951951058
2024-11-21 20:00:00+00:00,-0.0017773946668650968
2024-11-21 21:00:00+00:00,-0.0037272036262395256
2024-11-21 22:00:00+00:00,-0.0010963154724307228
2024-11-21 23:00:00+00:00,-0.0055693485985429374
2024-11-22 00:00:00+00:00,-0.005929648503370534
2024-11-22 01:00:00+00:00,-0.012753568410225886
2024-11-22 02:00:00+00:00,-0.0009468463881716833
2024-11-22 03:00:00+00:00,-0.0030437943907354235
2024-11-22 04:00:00+00:00,-0.00417671800107059
2024-11-22 05:00:00+00:00,0.0016464440436220983
2024-11-22 06:00:00+00:00,-0.0030221258214186576
2024-11-22 07:00:00+00:00,0.008075771914302128
2024-11-22 08:00:00+00:00,-0.0068504885698882296
2024-11-22 09:00:00+00:00,0.0018312910337357148
2024-11-22 10:00:00+00:00,-0.008491254906732838
2024-11-22 11:00:00+00:00,-0.012595232667333565
2024-11-22 12:00:00+00:00,-0.00017441788817327078
2024-11-22 13:00:00+00:00,0.011377435659524359
2024-11-22 14:00:00+00:00,-0.00806135153633477
2024-11-22 15:00:00+00:00,-0.005640361558285758
2024-11-22 16:00:00+00:00,-0.006357554678509426
2024-11-22 17:00:00+00:00,0.0015265812815142795
2024-11-22 18:00:00+00:00,0.0051031254974345545
2024-11-22 19:00:00+00:00,-0.0034176769913838068
2024-11-22 20:00:00+00:00,-0.004349882424246343
2024-11-22 21:00:00+00:00,0.007312749533705185
2024-11-22 22:00:00+00:00,-0.007166423758161221
2024-11-22 23:00:00+00:00,-0.00047985210707892354
2024-11-23 00:00:00+00:00,-0.03318277059184154
2024-11-23 01:00:00+00:00,0.0003896719265374407
2024-11-23 02:00:00+00:00,0.011414718501609016
2024-11-23 03:00:00+00:00,-0.005284310914326666
2024-11-23 04:00:00+00:00,0.014614555571273797
2024-11-23 05:00:00+00:00,-0.00014004072344154562
2024-11-23 06:00:00+00:00,-0.0014119304592455654
2024-11-23 07:00:00+00:00,-0.0016305172614165314
2024-11-23 08:00:00+00:00,0.0017839681757025204
2024-11-23 09:00:00+00:00,0.0017922575692648447
2024-11-23 10:00:00+00:00,0.0015507183703384257
2024-11-23 11:00:00+00:00,-0.009865367103596452
2024-11-23 12:00:00+00:00,-0.0015970836042799063
2024-11-23 13:00:00+00:00,0.0034476390590766418
2024-11-23 14:00:00+00:00,-0.00627485235051669
2024-11-23 15:00:00+00:00,-0.014832124776711355
2024-11-23 16:00:00+00:00,0.008373653183049456
2024-11-23 17:00:00+00:00,-0.002456633488685565
2024-11-23 18:00:00+00:00,-0.0058919466867307915
2024-11-23 19:00:00+00:00,0.002074423130400996
2024-11-23 20:00:00+00:00,0.0037299251801613266
2024-11-23 21:00:00+00:00,-0.0005731295837716185
2024-11-23 22:00:00+00:00,-0.004771078705145097
2024-11-23 23:00:00+00:00,0.004374871547300213
2024-11-24 00:00:00+00:00,-0.03371905127434769
2024-11-24 01:00:00+00:00,0.005791488969772685
2024-11-24 02:00:00+00:00,-0.0053228796656261245
2024-11-24 03:00:00+00:00,-0.003965757722972775
2024-11-24 04:00:00+00:00,0.010485743646209283
2024-11-24 05:00:00+00:00,0.006212130286060822
2024-11-24 06:00:00+00:00,0.005983896929301342
2024-11-24 07:00:00+00:00,-0.003507280496256251
2024-11-24 08:00:00+00:00,0.011790114932516804
2024-11-24 09:00:00+00:00,-0.0024814031367248845
2024-11-24 10:00:00+00:00,-0.004185950869020472
2024-11-24 11:00:00+00:00,0.004818777146010915
2024-11-24 12:00:00+00:00,0.005818846926072947
2024-11-24 13:00:00+00:00,-0.006823171755778246
2024-11-24 14:00:00+00:00,0.004353748624477903
2024-11-24 15:00:00+00:00,0.01282466989043025
2024-11-24 16:00:00+00:00,-0.004001920888002231
2024-11-24 17:00:00+00:00,-0.003967290300468414
2024-11-24 18:00:00+00:00,0.0006118672819882668
2024-11-24 19:00:00+00:00,0.00036529427147694114
2024-11-24 20:00:00+00:00,-0.0073563033640598515
2024-11-24 21:00:00+00:00,-0.00545658321011981
2024-11-24 22:00:00+00:00,0.0008138576943493797
2024-11-24 23:00:00+00:00,-0.0011276101432808718
2024-11-25 00:00:00+00:00,0.016129429630718565
2024-11-25 01:00:00+00:00,-0.0012850426467096452
2024-11-25 02:00:00+00:00,0.004447797123284718
2024-11-25 03:00:00+00:00,-0.00245974279845254
2024-11-25 04:00:00+00:00,-0.01120336194811586
2024-11-25 05:00:00+00:00,-0.002603921474124097
2024-11-25 06:00:00+00:00,-0.0021990553383748504
2024-11-25 07:00:00+00:00,0.00243692521576079
2024-11-25 08:00:00+00:00,0.000554734339518466
2024-11-25 09:00:00+00:00,0.004527259593383343
2024-11-25 10:00:00+00:00,-0.005087586088800581
2024-11-25 11:00:00+00:00,0.0014380196040261286
2024-11-25 12:00:00+00:00,0.0038847047177485226
2024-11-25 13:00:00+00:00,0.00036949487056551984
2024-11-25 14:00:00+00:00,-0.0036126618852382665
2024-11-25 15:00:00+00:00,0.004537649674041733
2024-11-25 16:00:00+00:00,0.01311916704865173
2024-11-25 17:00:00+00:00,-0.003051398075121835
2024-11-25 18:00:00+00:00,-0.0077203696945293086
2024-11-25 19:00:00+00:00,0.004872195720769486
2024-11-25 20:00:00+00:00,-0.0028489871725482525
2024-11-25 21:00:00+00:00,0.006228873967074974
2024-11-25 22:00:00+00:00,-0.0011665500334057256
2024-11-25 23:00:00+00:00,0.0035013487263593174
2024-11-26 00:00:00+00:00,0.007403966095480198
2024-11-26 01:00:00+00:00,-0.002567713630891982
2024-11-26 02:00:00+00:00,-0.0008033292416755037
2024-11-26 03:00:00+00:00,-0.003415571274589021
2024-11-26 04:00:00+00:00,0.001239532475809683
2024-11-26 05:00:00+00:00,-0.00029276451269463094
2024-11-26 06:00:00+00:00,-0.0021327926983970174
2024-11-26 07:00:00+00:00,0.011012658922731079
2024-11-26 08:00:00+00:00,-0.002513617126619718
2024-11-26 09:00:00+00:00,-0.0027816023416643142
2024-11-26 10:00:00+00:00,0.002659030680002585
2024-11-26 11:00:00+00:00,0.006544769627291469
2024-11-26 12:00:00+00:00,-0.0030096788751304594
2024-11-26 13:00:00+00:00,-0.007316020182631353
2024-11-26 14:00:00+00:00,0.0023430190302405193
2024-11-26 15:00:00+00:00,-0.006092619145009182
2024-11-26 16:00:00+00:00,0.002091595644954704
2024-11-26 17:00:00+00:00,0.005397789290069126
2024-11-26 18:00:00+00:00,0.0009384388350624115
2024-11-26 19:00:00+00:00,0.002444834312595628
2024-11-26 20:00:00+00:00,-0.005670891732668947
2024-11-26 21:00:00+00:00,0.006395905176648469
2024-11-26 22:00:00+00:00,-0.003393422709641902
2024-11-26 23:00:00+00:00,-0.004577453874028051
2024-11-27 00:00:00+00:00,0.004271155318259177
2024-11-27 01:00:00+00:00,0.006917198351765722
2024-11-27 02:00:00+00:00,-0.0019040253665654717
2024-11-27 03:00:00+00:00,-0.0017996936569409415
2024-11-27 04:00:00+00:00,-0.010623590110035795
2024-11-27 05:00:00+00:00,-0.005698098635277688
2024-11-27 06:00:00+00:00,-0.0009119237859129321
2024-11-27 07:00:00+00:00,0.003696772601458346
2024-11-27 08:00:00+00:00,0.005240864567594225
2024-11-27 09:00:00+00:00,0.006094506194846786
2024-11-27 10:00:00+00:00,-0.0071315753263106645
2024-11-27 11:00:00+00:00,0.005895565042164154
2024-11-27 12:00:00+00:00,-0.005730441348461048
2024-11-27 13:00:00+00:00,0.0076659573784664484
2024-11-27 14:00:00+00:00,0.003637899393966526
2024-11-27 15:00:00+00:00,-0.00027322475411182184
2024-11-27 16:00:00+00:00,0.005484334246922253
2024-11-27 17:00:00+00:00,0.0012488129733953077
2024-11-27 18:00:00+00:00,-0.00504059433807908
2024-11-27 19:00:00+00:00,0.003873767607598311
2024-11-27 20:00:00+00:00,0.0016644209963378332
2024-11-27 21:00:00+00:00,-0.004146946703852691
2024-11-27 22:00:00+00:00,-0.005680772809183005
2024-11-27 23:00:00+00:00,-0.007758914344493193
2024-11-28 00:00:00+00:00,0.0051778240642792
2024-11-28 01:00:00+00:00,0.008469067861332459
2024-11-28 02:00:00+00:00,0.006241302286333726
2024-11-28 03:00:00+00:00,0.0004740575453214552
2024-11-28 04:00:00+00:00,-0.0007872642384121068
2024-11-28 05:00:00+00:00,-2.757495249173095e-05
2024-11-28 06:00:00+00:00,0.007015474667495987
2024-11-28 07:00:00+00:00,0.0015699392624281406
2024-11-28 08:00:00+00:00,-0.006466978769536723
2024-11-28 09:00:00+00:00,0.010015961867300222
2024-11-28 10:00:00+00:00,-0.0005725494871824011
2024-11-28 11:00:00+00:00,0.0017299278250818841
2024-11-28 12:00:00+00:00,-0.005441768929126909
2024-11-28 13:00:00+00:00,0.0034790756914347145
2024-11-28 14:00:00+00:00,0.0024061352389697778
2024-11-28 15:00:00+00:00,0.002511657914946403
2024-11-28 16:00:00+00:00,0.002114126352708851
2024-11-28 17:00:00+00:00,-0.005061941137377386
2024-11-28 18:00:00+00:00,-0.002003508158575997
2024-11-28 19:00:00+00:00,0.0012508485154117083
2024-11-28 20:00:00+00:00,0.0011384326324390057
2024-11-28 21:00:00+00:00,-0.0020066000007460424
2024-11-28 22:00:00+00:00,-0.001748808389302825
2024-11-28 23:00:00+00:00,0.003025661353080145
2024-11-29 00:00:00+00:00,0.0015890932325296806
2024-11-29 01:00:00+00:00,0.001119202334731998
2024-11-29 02:00:00+00:00,0.0019442565130247456
2024-11-29 03:00:00+00:00,0.0018667399374283416
2024-11-29 04:00:00+00:00,0.0025870590594784136
2024-11-29 05:00:00+00:00,-0.00021014485111247802
2024-11-29 06:00:00+00:00,-0.00638238925561348
2024-11-29 07:00:00+00:00,0.0013684469299208035
2024-11-29 08:00:00+00:00,-0.0011789340968717172
2024-11-29 09:00:00+00:00,-0.0022149259853769666
2024-11-29 10:00:00+00:00,-0.004571208845400224
2024-11-29 11:00:00+00:00,0.003914859196377516
2024-11-29 12:00:00+00:00,-0.001152966703976735
2024-11-29 13:00:00+00:00,0.00011373901370703318
2024-11-29 14:00:00+00:00,-0.008529821823077427
2024-11-29 15:00:00+00:00,0.0027571678537345427
2024-11-29 16:00:00+00:00,0.0017018154934535115
2024-11-29 17:00:00+00:00,-0.0033393564245752893
2024-11-29 18:00:00+00:00,0.0002445670716894444
2024-11-29 19:00:00+00:00,-0.006850715916351932
2024-11-29 20:00:00+00:00,0.0009592008618677557
2024-11-29 21:00:00+00:00,0.0017994229871520018
2024-11-29 22:00:00+00:00,0.0007338907085994558
2024-11-29 23:00:00+00:00,-0.0071877696564745875
2024-11-30 00:00:00+00:00,0.005443970586974071
2024-11-30 01:00:00+00:00,-0.006471699595576812
2024-11-30 02:00:00+00:00,0.003265407187236092
2024-11-30 03:00:00+00:00,-0.0013203641581874747
2024-11-30 04:00:00+00:00,-0.001884327021112585
2024-11-30 05:00:00+00:00,-0.0054950126543458384
2024-11-30 06:00:00+00:00,0.0006954457454947896
2024-11-30 07:00:00+00:00,0.008645633519039062
2024-11-30 08:00:00+00:00,0.0032906947092552195
2024-11-30 09:00:00+00:00,0.001263798059006736
2024-11-30 10:00:00+00:00,0.004847649272910173
2024-11-30 11:00:00+00:00,-0.0017288877249464014
2024-11-30 12:00:00+00:00,0.005738659973682567
2024-11-30 13:00:00+00:00,0.00016556890781566552
2024-11-30 14:00:00+00:00,0.004666218432542858
2024-11-30 15:00:00+00:00,0.0012644718824945905
2024-11-30 16:00:00+00:00,-0.002283813706280651
2024-11-30 17:00:00+00:00,-0.0033458524847513847
2024-11-30 18:00:00+00:00,0.0015841908906579975
2024-11-30 19:00:00+00:00,-0.0016522276535416726
2024-11-30 20:00:00+00:00,0.0012907476061534374
2024-11-30 21:00:00+00:00,0.0008518068683590139
2024-11-30 22:00:00+00:00,0.0023572519009921657
2024-11-30 23:00:00+00:00,-0.0001524331600604709
2024-12-01 00:00:00+00:00,0.007406324908342674
2024-12-01 01:00:00+00:00,0.0015587357146997368
2024-12-01 02:00:00+00:00,-0.0011145346592732178
2024-12-01 03:00:00+00:00,0.0033257424186551423
2024-12-01 04:00:00+00:00,0.002209878229744424
2024-12-01 05:00:00+00:00,-0.0003723829157766805
2024-12-01 06:00:00+00:00,-0.0029719664510045513
2024-12-01 07:00:00+00:00,0.0016539076971377902
2024-12-01 08:00:00+00:00,0.0013327177957102136
2024-12-01 09:00:00+00:00,-0.001348489340054891
2024-12-01 10:00:00+00:00,-0.0006395976377515453
2024-12-01 11:00:00+00:00,-0.0003850878792924943
2024-12-01 12:00:00+00:00,0.0005277173624402182
2024-12-01 13:00:00+00:00,0.0032113791399186035
2024-12-01 14:00:00+00:00,0.0005785936925104166
2024-12-01 15:00:00+00:00,-0.002185621601601704
2024-12-01 16:00:00+00:00,0.0026752134478534475
2024-12-01 17:00:00+00:00,-0.00017558937720499174
2024-12-01 18:00:00+00:00,-0.0038266140748252886
2024-12-01 19:00:00+00:00,-0.011173141425046357
2024-12-01 20:00:00+00:00,-0.008852083628881688
2024-12-01 21:00:00+00:00,0.0013318555428619829
2024-12-01 22:00:00+00:00,0.001643577903821712
2024-12-01 23:00:00+00:00,-0.013533478806316005
2024-12-02 00:00:00+00:00,-0.011765009579091257
2024-12-02 01:00:00+00:00,0.00317108631756752
2024-12-02 02:00:00+00:00,-0.0026135437192768233
2024-12-02 03:00:00+00:00,-0.0075803663120235345
2024-12-02 04:00:00+00:00,-0.0015952916546327833
2024-12-02 05:00:00+00:00,-0.0037704314694873837
2024-12-02 06:00:00+00:00,-0.00041707137059835504
2024-12-02 07:00:00+00:00,-0.0037836114631578763
2024-12-02 08:00:00+00:00,0.014301871880226882
2024-12-02 09:00:00+00:00,-0.019084831003058505
2024-12-02 10:00:00+00:00,0.01259024215558484
2024-12-02 11:00:00+00:00,-0.0049697325151326814
2024-12-02 12:00:00+00:00,-0.008863024668261523
2024-12-02 13:00:00+00:00,-0.017095853961856897
2024-12-02 14:00:00+00:00,-0.008968419443537545
2024-12-02 15:00:00+00:00,0.0003377002023790996
2024-12-02 16:00:00+00:00,-0.007656008547743612
2024-12-02 17:00:00+00:00,-0.005484665454646034
2024-12-02 18:00:00+00:00,-0.011427830888004333
2024-12-02 19:00:00+00:00,-0.006331346174742178
2024-12-02 20:00:00+00:00,-0.00923307988528883
2024-12-02 21:00:00+00:00,-0.00921978890786842
2024-12-02 22:00:00+00:00,0.004743028356680334
2024-12-02 23:00:00+00:00,-0.003783898967078246
2024-12-03 00:00:00+00:00,0.011945957156089601
2024-12-03 01:00:00+00:00,-0.0033486857986348524
2024-12-03 02:00:00+00:00,0.009740262082743293
2024-12-03 03:00:00+00:00,-0.0048451487268628786
2024-12-03 04:00:00+00:00,-0.00168371591309509
2024-12-03 05:00:00+00:00,-0.014838443934788977
2024-12-03 06:00:00+00:00,0.005518459503561192
2024-12-03 07:00:00+00:00,0.00022205913971313511
2024-12-03 08:00:00+00:00,-0.00791325722938333
2024-12-03 09:00:00+00:00,-0.01686106106006742
2024-12-03 10:00:00+00:00,0.0077285961219515625
2024-12-03 11:00:00+00:00,0.0069537437431815416
2024-12-03 12:00:00+00:00,-0.00029592831413782886
2024-12-03 13:00:00+00:00,0.00816487143277067
2024-12-03 14:00:00+00:00,0.00932863612032411
2024-12-03 15:00:00+00:00,-0.006147885794607241
2024-12-03 16:00:00+00:00,0.005547115267759109
2024-12-03 17:00:00+00:00,0.0021982396434029597
2024-12-03 18:00:00+00:00,-0.000124755052996753
2024-12-03 19:00:00+00:00,0.005753047112864027
2024-12-03 20:00:00+00:00,-0.008139493853874972
2024-12-03 21:00:00+00:00,0.013660498645734346
2024-12-03 22:00:00+00:00,-0.0016960946326048808
2024-12-03 23:00:00+00:00,0.002639142570128299
2024-12-04 00:00:00+00:00,0.003294588787011738
2024-12-04 01:00:00+00:00,-0.0014727589696304213
2024-12-04 02:00:00+00:00,0.013842458174269223
2024-12-04 03:00:00+00:00,1.591651169797673e-05
2024-12-04 04:00:00+00:00,-0.0013551320107053717
2024-12-04 05:00:00+00:00,-0.000312835677830939
2024-12-04 06:00:00+00:00,-0.00613634109337217
2024-12-04 07:00:00+00:00,-0.004272131741926069
2024-12-04 08:00:00+00:00,0.0014165790026905384
2024-12-04 09:00:00+00:00,0.004386242120995491
2024-12-04 10:00:00+00:00,-0.0009806963194201167
2024-12-04 11:00:00+00:00,-0.0024971897912550965
2024-12-04 12:00:00+00:00,-0.003951211332191556
2024-12-04 13:00:00+00:00,-0.007829721267719164
2024-12-04 14:00:00+00:00,-0.001982454638199294
2024-12-04 15:00:00+00:00,0.0032662838461138136
2024-12-04 16:00:00+00:00,0.005515494516648017
2024-12-04 17:00:00+00:00,-0.001051397278650049
2024-12-04 18:00:00+00:00,-0.003117435794694069
2024-12-04 19:00:00+00:00,0.003219563181647497
2024-12-04 20:00:00+00:00,0.011228318410128495
2024-12-04 21:00:00+00:00,-0.006364576479597476
2024-12-04 22:00:00+00:00,0.0002484963506594413
2024-12-04 23:00:00+00:00,0.004566475949213388
2024-12-05 00:00:00+00:00,0.005734953971890517
2024-12-05 01:00:00+00:00,0.008453465588226522
2024-12-05 02:00:00+00:00,0.002629212231733481
2024-12-05 03:00:00+00:00,0.010927997831699773
2024-12-05 04:00:00+00:00,-0.0024088126833752494
2024-12-05 05:00:00+00:00,0.01181855958398487
2024-12-05 06:00:00+00:00,-0.004422000255138755
2024-12-05 07:00:00+00:00,0.0009735599374919745
2024-12-05 08:00:00+00:00,-0.003141326187692919
2024-12-05 09:00:00+00:00,0.0050385212149996715
2024-12-05 10:00:00+00:00,0.0006904971959340535
2024-12-05 11:00:00+00:00,0.0018130914426019785
2024-12-05 12:00:00+00:00,-0.001668570163461518
2024-12-05 13:00:00+00:00,-0.00047843867815081483
2024-12-05 14:00:00+00:00,0.005233878291426016
2024-12-05 15:00:00+00:00,-0.003885332048951647
2024-12-05 16:00:00+00:00,-0.003461096335968956
2024-12-05 17:00:00+00:00,-0.0014838553129361332
2024-12-05 18:00:00+00:00,1.9893118451310457e-05
2024-12-05 19:00:00+00:00,0.0034615853733632957
2024-12-05 20:00:00+00:00,0.0035275701016158046
2024-12-05 21:00:00+00:00,-0.0018794712431259627
2024-12-05 22:00:00+00:00,0.008859021442925804
2024-12-05 23:00:00+00:00,0.0057924163876927086
2024-12-06 00:00:00+00:00,-0.001347252277518553
2024-12-06 01:00:00+00:00,-0.0031148832083884156
2024-12-06 02:00:00+00:00,0.00016365230014244865
2024-12-06 03:00:00+00:00,0.0003169375368935546
2024-12-06 04:00:00+00:00,-0.0035501360945545696
2024-12-06 05:00:00+00:00,-0.001021307822088845
2024-12-06 06:00:00+00:00,-0.002424816114879217
2024-12-06 07:00:00+00:00,0.007013562181499392
2024-12-06 08:00:00+00:00,0.005568896681260753
2024-12-06 09:00:00+00:00,0.0008108282603372329
2024-12-06 10:00:00+00:00,0.002707934780144984
2024-12-06 11:00:00+00:00,-0.0019662043919011648
2024-12-06 12:00:00+00:00,0.002567325655618695
2024-12-06 13:00:00+00:00,0.0026051904358826276
2024-12-06 14:00:00+00:00,-0.007687893602669532
2024-12-06 15:00:00+00:00,-0.006801585789780126
2024-12-06 16:00:00+00:00,-0.0012939123530282903
2024-12-06 17:00:00+00:00,-0.00033613395099699314
2024-12-06 18:00:00+00:00,-0.0051698156721529855
2024-12-06 19:00:00+00:00,-0.004280685383606181
2024-12-06 20:00:00+00:00,-0.0005764234964486418
2024-12-06 21:00:00+00:00,5.0850542703833454e-05
2024-12-06 22:00:00+00:00,-0.001419494969278146
2024-12-06 23:00:00+00:00,-0.0004876925335846555
2024-12-07 00:00:00+00:00,0.005576300897240866
2024-12-07 01:00:00+00:00,-2.5811429408012292e-05
2024-12-07 02:00:00+00:00,-0.005596129967995929
2024-12-07 03:00:00+00:00,-0.006578622839242426
2024-12-07 04:00:00+00:00,0.0064493705099486695
2024-12-07 05:00:00+00:00,0.0006003941614599036
2024-12-07 06:00:00+00:00,0.0019107655885882886
2024-12-07 07:00:00+00:00,0.004296396191106828
2024-12-07 08:00:00+00:00,-8.793356441487817e-05
2024-12-07 09:00:00+00:00,0.012509931556724023
2024-12-07 10:00:00+00:00,0.0020586411148493795
2024-12-07 11:00:00+00:00,-0.002912310707228132
2024-12-07 12:00:00+00:00,-0.0009601402507489269
2024-12-07 13:00:00+00:00,0.0019624591809260816
2024-12-07 14:00:00+00:00,0.0050636770553876215
2024-12-07 15:00:00+00:00,-0.004104786759835609
2024-12-07 16:00:00+00:00,0.0042826676337832294
2024-12-07 17:00:00+00:00,0.0023856826151459135
2024-12-07 18:00:00+00:00,-0.0036843127433703673
2024-12-07 19:00:00+00:00,7.766927841771091e-06
2024-12-07 20:00:00+00:00,0.00015645050027777004
2024-12-07 21:00:00+00:00,0.002314851211164417
2024-12-07 22:00:00+00:00,-0.005700250642254606
2024-12-07 23:00:00+00:00,-0.0009766111745107033
2024-12-08 00:00:00+00:00,-0.0008004847625952852
2024-12-08 01:00:00+00:00,0.002251766642110365
2024-12-08 02:00:00+00:00,0.001963858584312225
2024-12-08 03:00:00+00:00,0.0007417091738821554
2024-12-08 04:00:00+00:00,-0.0036546288115517993
2024-12-08 05:00:00+00:00,-0.0007467761387468266
2024-12-08 06:00:00+00:00,-0.0015582220309875747
2024-12-08 07:00:00+00:00,-0.0008281090934438473
2024-12-08 08:00:00+00:00,-0.0046135808562211755
2024-12-08 09:00:00+00:00,0.0007511398594989774
2024-12-08 10:00:00+00:00,-0.0030163867342051956
2024-12-08 11:00:00+00:00,-0.0024236009832830654
2024-12-08 12:00:00+00:00,-0.00231068865151187
2024-12-08 13:00:00+00:00,-0.00010067218069989534
2024-12-08 14:00:00+00:00,0.0023090998312305096
2024-12-08 15:00:00+00:00,0.001404821499874828
2024-12-08 16:00:00+00:00,-0.00037979554804529577
2024-12-08 17:00:00+00:00,0.0011600312699037842
2024-12-08 18:00:00+00:00,0.0023427565071017548
2024-12-08 19:00:00+00:00,-0.00141282349205715
2024-12-08 20:00:00+00:00,-0.0010709647246937809
2024-12-08 21:00:00+00:00,-0.004246046144955356
2024-12-08 22:00:00+00:00,0.0018793199179006888
2024-12-08 23:00:00+00:00,0.0011405386567877682
2024-12-09 00:00:00+00:00,-0.003968657692961714
2024-12-09 01:00:00+00:00,0.002806162445842972
2024-12-09 02:00:00+00:00,-0.00438667302510727
2024-12-09 03:00:00+00:00,0.006286958226397117
2024-12-09 04:00:00+00:00,-0.001965663418537747
2024-12-09 05:00:00+00:00,-0.002281802429159977
2024-12-09 06:00:00+00:00,0.0016060594356572537
2024-12-09 07:00:00+00:00,0.004948271543638947
2024-12-09 08:00:00+00:00,0.004441063792272125
2024-12-09 09:00:00+00:00,0.006674074244060802
2024-12-09 10:00:00+00:00,-0.0014895039534359618
2024-12-09 11:00:00+00:00,0.00909848576285264
2024-12-09 12:00:00+00:00,-0.0007255736449230847
2024-12-09 13:00:00+00:00,-0.0034834681914405405
2024-12-09 14:00:00+00:00,-0.0015924845500280883
2024-12-09 15:00:00+00:00,0.0011425541214464966
2024-12-09 16:00:00+00:00,0.003993083427635154
2024-12-09 17:00:00+00:00,-0.0021827149596473335
2024-12-09 18:00:00+00:00,0.0004355330717363096
2024-12-09 19:00:00+00:00,-0.005049606542362527
2024-12-09 20:00:00+00:00,0.023363656437810774
2024-12-09 21:00:00+00:00,-0.004598528989617471
2024-12-09 22:00:00+00:00,-0.0018209464763773715
2024-12-09 23:00:00+00:00,0.0027998938494368823
2024-12-10 00:00:00+00:00,-0.0038468440392042842
2024-12-10 01:00:00+00:00,0.0006446548264144487
2024-12-10 02:00:00+00:00,0.0035264255611281484
2024-12-10 03:00:00+00:00,0.0023108443334677125
2024-12-10 04:00:00+00:00,-0.007435970457602416
2024-12-10 05:00:00+00:00,-0.004893965800707564
2024-12-10 06:00:00+00:00,0.0021358111918761253
2024-12-10 07:00:00+00:00,-0.00038677107540343464
2024-12-10 08:00:00+00:00,-0.006577354671499207
2024-12-10 09:00:00+00:00,0.0043083946804312505
2024-12-10 10:00:00+00:00,-0.005501055126250845
2024-12-10 11:00:00+00:00,0.00012086340258830903
2024-12-10 12:00:00+00:00,0.009842549253652138
2024-12-10 13:00:00+00:00,-0.002787432453646248
2024-12-10 14:00:00+00:00,0.0054798497281308865
2024-12-10 15:00:00+00:00,0.0005093207001574888
2024-12-10 16:00:00+00:00,0.0037378859692717126
2024-12-10 17:00:00+00:00,0.015386728657577493
2024-12-10 18:00:00+00:00,-0.00588291607403164
2024-12-10 19:00:00+00:00,-0.011260645424710659
2024-12-10 20:00:00+00:00,-0.010879273271227558
2024-12-10 21:00:00+00:00,-0.0028029927041280122
2024-12-10 22:00:00+00:00,0.0015367489857197837
2024-12-10 23:00:00+00:00,-0.006619473396174857
2024-12-11 00:00:00+00:00,0.00965342345666859
2024-12-11 01:00:00+00:00,0.008386437605943995
2024-12-11 02:00:00+00:00,-0.0025429050234083393
2024-12-11 03:00:00+00:00,0.0041478468455589295
2024-12-11 04:00:00+00:00,-0.0035608211143365854
2024-12-11 05:00:00+00:00,0.006421966702195633
2024-12-11 06:00:00+00:00,0.0023834137734427465
2024-12-11 07:00:00+00:00,0.005802138559679825
2024-12-11 08:00:00+00:00,-0.005514355124015552
2024-12-11 09:00:00+00:00,0.00021776789016570097
2024-12-11 10:00:00+00:00,0.0008109210470583953
2024-12-11 11:00:00+00:00,0.008118341047179149
2024-12-11 12:00:00+00:00,-0.0050394140520896285
2024-12-11 13:00:00+00:00,0.0026254883152958164
2024-12-11 14:00:00+00:00,-0.001471916839835105
2024-12-11 15:00:00+00:00,0.005357064260126356
2024-12-11 16:00:00+00:00,0.008614138682708552
2024-12-11 17:00:00+00:00,-0.003203578283935612
2024-12-11 18:00:00+00:00,-0.003937011943148067
2024-12-11 19:00:00+00:00,0.003839150197645622
2024-12-11 20:00:00+00:00,0.0036431882894492618
2024-12-11 21:00:00+00:00,-0.0047840569796291
2024-12-11 22:00:00+00:00,-0.0009029499101195799
2024-12-11 23:00:00+00:00,-0.0004636313895072398
2024-12-12 00:00:00+00:00,0.002701232651853901
2024-12-12 01:00:00+00:00,-0.009774799961994032
2024-12-12 02:00:00+00:00,-0.01230191556075439
2024-12-12 03:00:00+00:00,-0.004593123914398315
2024-12-12 04:00:00+00:00,-0.0041304214985536025
2024-12-12 05:00:00+00:00,0.00021032877035993678
2024-12-12 06:00:00+00:00,-0.004729004276104131
2024-12-12 07:00:00+00:00,-0.0004232727116105201
2024-12-12 08:00:00+00:00,0.007206466594456943
2024-12-12 09:00:00+00:00,0.006648008160515753
2024-12-12 10:00:00+00:00,-0.005461252704348659
2024-12-12 11:00:00+00:00,0.0007215068464242804
2024-12-12 12:00:00+00:00,0.006028834841144892
2024-12-12 13:00:00+00:00,-0.004103903121572853
2024-12-12 14:00:00+00:00,-0.0014214499896810636
2024-12-12 15:00:00+00:00,0.004746158251280896
2024-12-12 16:00:00+00:00,-0.007046589847691524
2024-12-12 17:00:00+00:00,0.0022441612216456716
2024-12-12 18:00:00+00:00,-0.0005773297324600587
2024-12-12 19:00:00+00:00,0.0017387194067234775
2024-12-12 20:00:00+00:00,-0.011034423482645647
2024-12-12 21:00:00+00:00,0.0006983843523892444
2024-12-12 22:00:00+00:00,-0.0018796574020385416
2024-12-12 23:00:00+00:00,-0.005215596775208074
2024-12-13 00:00:00+00:00,0.0009983093508123448
2024-12-13 01:00:00+00:00,-0.0028175274993885208
2024-12-13 02:00:00+00:00,-0.004696881979305624
2024-12-13 03:00:00+00:00,0.00034076519975122916
2024-12-13 04:00:00+00:00,0.002826759801911664
2024-12-13 05:00:00+00:00,0.0005071227173266177
2024-12-13 06:00:00+00:00,0.003052650331407382
2024-12-13 07:00:00+00:00,-0.0027619023402272853
2024-12-13 08:00:00+00:00,0.0014836678382119505
2024-12-13 09:00:00+00:00,0.0028555485099334664
2024-12-13 10:00:00+00:00,0.0001447773832557378
2024-12-13 11:00:00+00:00,-0.0014909832554377046
2024-12-13 12:00:00+00:00,-0.0031242080738944603
2024-12-13 13:00:00+00:00,-0.005217783237604474
2024-12-13 14:00:00+00:00,-0.0034906869386408515
2024-12-13 15:00:00+00:00,0.00794354076723767
2024-12-13 16:00:00+00:00,-0.004464419845774995
2024-12-13 17:00:00+00:00,0.005539909714670298
2024-12-13 18:00:00+00:00,0.0031014024320392022
2024-12-13 19:00:00+00:00,-3.610244172457207e-05
2024-12-13 20:00:00+00:00,-0.0020334722979009497
2024-12-13 21:00:00+00:00,0.00229513576647848
2024-12-13 22:00:00+00:00,-0.002764621511181138
2024-12-13 23:00:00+00:00,-0.0042584613252520396
2024-12-14 00:00:00+00:00,-0.0059552123536408515
2024-12-14 01:00:00+00:00,0.00030137087812860967
2024-12-14 02:00:00+00:00,0.006678558401507618
2024-12-14 03:00:00+00:00,-0.0006497081634348293
2024-12-14 04:00:00+00:00,0.00043639920236951033
2024-12-14 05:00:00+00:00,0.0033158189837716842
2024-12-14 06:00:00+00:00,-0.0011097735564056118
2024-12-14 07:00:00+00:00,-0.0011826247377952996
2024-12-14 08:00:00+00:00,-0.002462833142981135
2024-12-14 09:00:00+00:00,-5.4842072175721476e-05
2024-12-14 10:00:00+00:00,-0.0031381165447375535
2024-12-14 11:00:00+00:00,0.0012881312184260098
2024-12-14 12:00:00+00:00,0.00442546828813744
2024-12-14 13:00:00+00:00,-0.00043322787634698283
2024-12-14 14:00:00+00:00,-0.0035051344956533005
2024-12-14 15:00:00+00:00,0.000606576087901307
2024-12-14 16:00:00+00:00,-0.0015453184215042
2024-12-14 17:00:00+00:00,0.0011574912942807483
2024-12-14 18:00:00+00:00,0.004118677330671647
2024-12-14 19:00:00+00:00,-0.0017064049889956214
2024-12-14 20:00:00+00:00,0.0003502923010466738
2024-12-14 21:00:00+00:00,0.00026174266483704065
2024-12-14 22:00:00+00:00,-0.002776624069097761
2024-12-14 23:00:00+00:00,0.010656313092458066
2024-12-15 00:00:00+00:00,0.00048063549297495516
2024-12-15 01:00:00+00:00,-0.0024077458971539746
2024-12-15 02:00:00+00:00,0.0008407634523565503
2024-12-15 03:00:00+00:00,-0.002207315154799931
2024-12-15 04:00:00+00:00,-0.0012817585485234966
2024-12-15 05:00:00+00:00,-2.0337600009438685e-05
2024-12-15 06:00:00+00:00,-0.001393732410364714
2024-12-15 07:00:00+00:00,0.0004450441242137328
2024-12-15 08:00:00+00:00,0.003434489560624589
2024-12-15 09:00:00+00:00,0.0016097825572691606
2024-12-15 10:00:00+00:00,-1.2902202546990693e-05
2024-12-15 11:00:00+00:00,-0.002165007115679113
2024-12-15 12:00:00+00:00,0.004118675582791073
2024-12-15 13:00:00+00:00,-0.0002775580711542741
2024-12-15 14:00:00+00:00,-0.0010693704043913104
2024-12-15 15:00:00+00:00,3.647795179294868e-05
2024-12-15 16:00:00+00:00,0.0012285156817027512
2024-12-15 17:00:00+00:00,-0.0006668795248995797
2024-12-15 18:00:00+00:00,0.0015607740107767788
2024-12-15 19:00:00+00:00,-0.002594146103655011
2024-12-15 20:00:00+00:00,5.232572530280527e-05
2024-12-15 21:00:00+00:00,0.0007007775189154221
2024-12-15 22:00:00+00:00,0.0019847710608823445
2024-12-15 23:00:00+00:00,0.0004701226241123889
2024-12-16 00:00:00+00:00,0.0011493678710844972
2024-12-16 01:00:00+00:00,0.0024379089639867957
2024-12-16 02:00:00+00:00,0.0016138605572631505
2024-12-16 03:00:00+00:00,-0.001429383826995972
2024-12-16 04:00:00+00:00,-0.00015085298908206211
2024-12-16 05:00:00+00:00,-0.0049837655307095625
2024-12-16 06:00:00+00:00,0.002713662797912947
2024-12-16 07:00:00+00:00,0.0015177191070669298
2024-12-16 08:00:00+00:00,-0.006708621598012063
2024-12-16 09:00:00+00:00,-0.002559783107962713
2024-12-16 10:00:00+00:00,-0.004529833925679238
2024-12-16 11:00:00+00:00,0.0020142284585038467
2024-12-16 12:00:00+00:00,0.00045191226734553574
2024-12-16 13:00:00+00:00,0.00548867979894659
2024-12-16 14:00:00+00:00,-0.00021192825157180582
2024-12-16 15:00:00+00:00,-0.0018624185801507497
2024-12-16 16:00:00+00:00,0.0034705053272315015
2024-12-16 17:00:00+00:00,3.701797591537705e-05
2024-12-16 18:00:00+00:00,0.0033014462874371197
2024-12-16 19:00:00+00:00,-0.0003562054463246887
2024-12-16 20:00:00+00:00,-0.005022886452821477
2024-12-16 21:00:00+00:00,0.004791086272923871
2024-12-16 22:00:00+00:00,-0.0008610715846562745
2024-12-16 23:00:00+00:00,-0.0003627278581797364
2024-12-17 00:00:00+00:00,-0.0018273416483334786
2024-12-17 01:00:00+00:00,0.0017162094456602225
2024-12-17 02:00:00+00:00,-0.0018425989063010895
2024-12-17 03:00:00+00:00,0.001279705391323364
2024-12-17 04:00:00+00:00,-0.0018236226576431509
2024-12-17 05:00:00+00:00,-0.0019031704105815289
2024-12-17 06:00:00+00:00,0.0013032280437875324
2024-12-17 07:00:00+00:00,-0.0002409580840087009
2024-12-17 08:00:00+00:00,0.00010061187053236752
2024-12-17 09:00:00+00:00,0.0011886557767882332
2024-12-17 10:00:00+00:00,-0.0007699579781076796
2024-12-17 11:00:00+00:00,-0.0007373088491224461
2024-12-17 12:00:00+00:00,0.0030448446935718407
2024-12-17 13:00:00+00:00,-0.0001248991027277616
2024-12-17 14:00:00+00:00,-0.0017172012247913585
2024-12-17 15:00:00+00:00,-0.0003895321579797326
2024-12-17 16:00:00+00:00,0.004551397861393954
2024-12-17 17:00:00+00:00,-0.0006766736992845521
2024-12-17 18:00:00+00:00,0.0017306567072341084
2024-12-17 19:00:00+00:00,-0.0010470219219312809
2024-12-17 20:00:00+00:00,-0.000983613241257527
2024-12-17 21:00:00+00:00,-0.00021227749542274637
2024-12-17 22:00:00+00:00,-0.003757322513621843
2024-12-17 23:00:00+00:00,-0.0035520782596530696
2024-12-18 00:00:00+00:00,-0.00555841401125435
2024-12-18 01:00:00+00:00,0.0011030133654068048
2024-12-18 02:00:00+00:00,-0.00020494409958021585
2024-12-18 03:00:00+00:00,0.002780148347837762
2024-12-18 04:00:00+00:00,-0.00013118254200419934
2024-12-18 05:00:00+00:00,-0.002169915173723253
2024-12-18 06:00:00+00:00,-3.600048197384607e-05
2024-12-18 07:00:00+00:00,0.0019108711794077699
2024-12-18 08:00:00+00:00,0.0010452789884365045
2024-12-18 09:00:00+00:00,-0.0033087878976920935
2024-12-18 10:00:00+00:00,-0.0006632432352360075
2024-12-18 11:00:00+00:00,-0.0011339752742287202
2024-12-18 12:00:00+00:00,0.0037087056384279456
2024-12-18 13:00:00+00:00,-0.0025497002341297406
2024-12-18 14:00:00+00:00,0.006948727655152199
2024-12-18 15:00:00+00:00,0.0020717685592719446
2024-12-18 16:00:00+00:00,-0.007565636739608718
2024-12-18 17:00:00+00:00,-0.006818917682317081
2024-12-18 18:00:00+00:00,0.001658215011228252
2024-12-18 19:00:00+00:00,0.009014524444744846
2024-12-18 20:00:00+00:00,-4.0752420616476455e-05
2024-12-18 21:00:00+00:00,-0.002789314484292213
2024-12-18 22:00:00+00:00,0.0002285151902768998
2024-12-18 23:00:00+00:00,0.004661503594785746
2024-12-19 00:00:00+00:00,-0.00468198254380592
2024-12-19 01:00:00+00:00,0.0032538198015912654
2024-12-19 02:00:00+00:00,-0.004758540443374147
2024-12-19 03:00:00+00:00,0.0031096775736730656
2024-12-19 04:00:00+00:00,0.007149337856598041
2024-12-19 05:00:00+00:00,-0.0056859744371426145
2024-12-19 06:00:00+00:00,0.0038127071082162353
2024-12-19 07:00:00+00:00,-0.0036156638849315953
2024-12-19 08:00:00+00:00,0.003077670553056438
2024-12-19 09:00:00+00:00,0.003723455616560333
2024-12-19 10:00:00+00:00,-0.003758617773400162
2024-12-19 11:00:00+00:00,-0.004537201933394648
2024-12-19 12:00:00+00:00,0.004153837668707294
2024-12-19 13:00:00+00:00,0.0035905663101104056
2024-12-19 14:00:00+00:00,0.003941463779684186
2024-12-19 15:00:00+00:00,-0.0033059560276430737
2024-12-19 16:00:00+00:00,0.0008717925723172429
2024-12-19 17:00:00+00:00,-0.015096856476637771
2024-12-19 18:00:00+00:00,-0.00843629289324618
2024-12-19 19:00:00+00:00,0.009700639675482443
2024-12-19 20:00:00+00:00,-7.735502680080933e-05
2024-12-19 21:00:00+00:00,0.007508305296045756
2024-12-19 22:00:00+00:00,0.00307439698616451
2024-12-19 23:00:00+00:00,-0.003904159914170812
2024-12-20 00:00:00+00:00,-0.0059479446632010316
2024-12-20 01:00:00+00:00,0.0035514630685710407
2024-12-20 02:00:00+00:00,0.0067426719107950344
2024-12-20 03:00:00+00:00,-0.0019636344808987936
2024-12-20 04:00:00+00:00,-0.0008057242864525077
2024-12-20 05:00:00+00:00,-0.0007443812536634396
2024-12-20 06:00:00+00:00,-0.005914249825047677
2024-12-20 07:00:00+00:00,0.005188373880353369
2024-12-20 08:00:00+00:00,-0.019204118055383915
2024-12-20 09:00:00+00:00,0.012376259193948403
2024-12-20 10:00:00+00:00,0.013285903420395668
2024-12-20 11:00:00+00:00,0.0013088538354172
2024-12-20 12:00:00+00:00,0.021071573892137627
2024-12-20 13:00:00+00:00,0.0069041834398334565
2024-12-20 14:00:00+00:00,-0.003664610735548582
2024-12-20 15:00:00+00:00,-0.0044020911225020895
2024-12-20 16:00:00+00:00,-0.008039279008536774
2024-12-20 17:00:00+00:00,-0.0026166190990116445
2024-12-20 18:00:00+00:00,0.0012912283829875522
2024-12-20 19:00:00+00:00,0.00029188928774620716
2024-12-20 20:00:00+00:00,-0.005161904989782383
2024-12-20 21:00:00+00:00,-0.000634488006976955
2024-12-20 22:00:00+00:00,0.007804331381903658
2024-12-20 23:00:00+00:00,0.000929203782483454
2024-12-21 00:00:00+00:00,-0.006038585513891725
2024-12-21 01:00:00+00:00,0.0011207558989243392
2024-12-21 02:00:00+00:00,0.002050295361903997
2024-12-21 03:00:00+00:00,-0.006001878937444446
2024-12-21 04:00:00+00:00,-0.0015130413179242246
2024-12-21 05:00:00+00:00,0.006840948257423721
2024-12-21 06:00:00+00:00,0.0027526931267322723
2024-12-21 07:00:00+00:00,0.0015544663561905582
2024-12-21 08:00:00+00:00,-0.009467151884071805
2024-12-21 09:00:00+00:00,-0.004080367190381436
2024-12-21 10:00:00+00:00,0.004097800430389672
2024-12-21 11:00:00+00:00,-0.007343934198967122
2024-12-21 12:00:00+00:00,-0.004599842532312615
2024-12-21 13:00:00+00:00,-0.007379366037651471
2024-12-21 14:00:00+00:00,-0.0006079008159488258
2024-12-21 15:00:00+00:00,-0.0009093152857098745
2024-12-21 16:00:00+00:00,-0.0030294436704436808
2024-12-21 17:00:00+00:00,-0.001981050124174386
2024-12-21 18:00:00+00:00,-0.00570576777755767
2024-12-21 19:00:00+00:00,-0.012530462859814717
2024-12-21 20:00:00+00:00,0.01169880088535515
2024-12-21 21:00:00+00:00,-0.005560168732727937
2024-12-21 22:00:00+00:00,-0.004867159898629687
2024-12-21 23:00:00+00:00,-0.0015813904278383546
2024-12-22 00:00:00+00:00,0.004948386671519931
2024-12-22 01:00:00+00:00,-0.0010241034933390562
2024-12-22 02:00:00+00:00,0.0007810680104413674
2024-12-22 03:00:00+00:00,-0.0010081159229094574
2024-12-22 04:00:00+00:00,-0.0017354065520242452
2024-12-22 05:00:00+00:00,0.002291320419387491
2024-12-22 06:00:00+00:00,0.0037834676607827683
2024-12-22 07:00:00+00:00,0.0014455416225777266
2024-12-22 08:00:00+00:00,0.0020361184445372078
2024-12-22 09:00:00+00:00,0.01908484161341455
2024-12-22 10:00:00+00:00,0.0002536939176107637
2024-12-22 11:00:00+00:00,0.0027888392062576594
2024-12-22 12:00:00+00:00,-0.0017454111625461635
2024-12-22 13:00:00+00:00,-0.0018506570821771485
2024-12-22 14:00:00+00:00,0.002542259106797245
2024-12-22 15:00:00+00:00,0.005100163748456084
2024-12-22 16:00:00+00:00,-0.0037718994539851234
2024-12-22 17:00:00+00:00,-9.608612937866406e-05
2024-12-22 18:00:00+00:00,-0.001741945038744406
2024-12-22 19:00:00+00:00,-0.001890895253630682
2024-12-22 20:00:00+00:00,0.0020695855267022154
2024-12-22 21:00:00+00:00,0.0050036439445965515
2024-12-22 22:00:00+00:00,-0.004673744708073612
2024-12-22 23:00:00+00:00,0.0012631365223232237
2024-12-23 00:00:00+00:00,0.0006677064122372531
2024-12-23 01:00:00+00:00,-0.00010498692051434171
2024-12-23 02:00:00+00:00,0.005428340597377841
2024-12-23 03:00:00+00:00,0.0008682089088755459
2024-12-23 04:00:00+00:00,-0.00030971429389092825
2024-12-23 05:00:00+00:00,0.0011230080142774059
2024-12-23 06:00:00+00:00,4.0496912231285167e-05
2024-12-23 07:00:00+00:00,-0.003506178577126766
2024-12-23 08:00:00+00:00,0.0013535322378014298
2024-12-23 09:00:00+00:00,-0.0023502313119134794
2024-12-23 10:00:00+00:00,-0.00040766434010781357
2024-12-23 11:00:00+00:00,0.0038338371856994936
2024-12-23 12:00:00+00:00,0.0003680830911637224
2024-12-23 13:00:00+00:00,-0.0005715070624228066
2024-12-23 14:00:00+00:00,0.010442717872457367
2024-12-23 15:00:00+00:00,-0.003194561743889882
2024-12-23 16:00:00+00:00,-0.0019515520912090443
2024-12-23 17:00:00+00:00,0.00025209478928376125
2024-12-23 18:00:00+00:00,0.005190402374958302
2024-12-23 19:00:00+00:00,-0.0015994656423888034
2024-12-23 20:00:00+00:00,-0.008034137113169556
2024-12-23 21:00:00+00:00,0.002850275379419064
2024-12-23 22:00:00+00:00,-0.010298732315763472
2024-12-23 23:00:00+00:00,-0.0006371189570440309
2024-12-24 00:00:00+00:00,-0.0008118770376420246
2024-12-24 01:00:00+00:00,-0.0010627719525335476
2024-12-24 02:00:00+00:00,0.00039752025193447155
2024-12-24 03:00:00+00:00,-0.000556646264914784
2024-12-24 04:00:00+00:00,-0.0006478036780838725
2024-12-24 05:00:00+00:00,0.00020791137649421213
2024-12-24 06:00:00+00:00,0.004379500306790858
2024-12-24 07:00:00+00:00,0.0013672049095811718
2024-12-24 08:00:00+00:00,0.0010446426914280697
2024-12-24 09:00:00+00:00,0.004551407245519012
2024-12-24 10:00:00+00:00,-0.0034299054158406974
2024-12-24 11:00:00+00:00,0.0002624765967950737
2024-12-24 12:00:00+00:00,0.0026616787683266577
2024-12-24 13:00:00+00:00,-0.003063664592347495
2024-12-24 14:00:00+00:00,0.0017917713604333387
2024-12-24 15:00:00+00:00,0.007202829006985212
2024-12-24 16:00:00+00:00,-0.0021355915044561917
2024-12-24 17:00:00+00:00,-0.0009771450110639137
2024-12-24 18:00:00+00:00,-0.004552016846694339
2024-12-24 19:00:00+00:00,-0.0024520125353789985
2024-12-24 20:00:00+00:00,-0.0008504672172878315
2024-12-24 21:00:00+00:00,-0.002992471034098726
2024-12-24 22:00:00+00:00,0.0017558616137266097
2024-12-24 23:00:00+00:00,0.007329424852384426
2024-12-25 00:00:00+00:00,0.0024539363456389488
2024-12-25 01:00:00+00:00,-0.00022473754972781622
2024-12-25 02:00:00+00:00,0.009444640709393104
2024-12-25 03:00:00+00:00,-0.005604108852672739
2024-12-25 04:00:00+00:00,-0.0005525516298245012
2024-12-25 05:00:00+00:00,-0.002062728460793715
2024-12-25 06:00:00+00:00,0.0011319788341771486
2024-12-25 07:00:00+00:00,0.00048178959628799754
2024-12-25 08:00:00+00:00,-0.002873647474049452
2024-12-25 09:00:00+00:00,-0.0003532819495651533
2024-12-25 10:00:00+00:00,0.002830074463911736
2024-12-25 11:00:00+00:00,-4.099622275769899e-05
2024-12-25 12:00:00+00:00,0.0004059110505459407
2024-12-25 13:00:00+00:00,-0.00033942292959262795
2024-12-25 14:00:00+00:00,0.0019308857339677818
2024-12-25 15:00:00+00:00,0.0006672784050977532
2024-12-25 16:00:00+00:00,-0.005686025411463684
2024-12-25 17:00:00+00:00,-0.0004960580542886053
2024-12-25 18:00:00+00:00,0.005504776057906986
2024-12-25 19:00:00+00:00,-0.0014411117091690476
2024-12-25 20:00:00+00:00,-0.002731365366745372
2024-12-25 21:00:00+00:00,0.0010933132140275767
2024-12-25 22:00:00+00:00,0.000737386244374241
2024-12-25 23:00:00+00:00,0.004729457345947515
2024-12-26 00:00:00+00:00,0.007549918195884975
2024-12-26 01:00:00+00:00,-0.006288289775137827
2024-12-26 02:00:00+00:00,0.0015339639829709815
2024-12-26 03:00:00+00:00,-0.0014132905906324965
2024-12-26 04:00:00+00:00,-0.001468753319233537
2024-12-26 05:00:00+00:00,-0.0017113638401197377
2024-12-26 06:00:00+00:00,-0.00022072749001887567
2024-12-26 07:00:00+00:00,0.005038309271816331
2024-12-26 08:00:00+00:00,-0.0026090927867451603
2024-12-26 09:00:00+00:00,0.0057609710500593075
2024-12-26 10:00:00+00:00,-0.00047086591536411025
2024-12-26 11:00:00+00:00,0.0031906331240478037
2024-12-26 12:00:00+00:00,0.0017465311280501147
2024-12-26 13:00:00+00:00,-0.0037257413187257397
2024-12-26 14:00:00+00:00,0.0024020385079263633
2024-12-26 15:00:00+00:00,-0.000389364033773361
2024-12-26 16:00:00+00:00,-0.0033358998716034797
2024-12-26 17:00:00+00:00,0.0031957563544941863
2024-12-26 18:00:00+00:00,0.0029330043019363127
2024-12-26 19:00:00+00:00,0.0010821315652501905
2024-12-26 20:00:00+00:00,-0.0007481125046612214
2024-12-26 21:00:00+00:00,0.00020015959848339993
2024-12-26 22:00:00+00:00,0.0010889749888985543
2024-12-26 23:00:00+00:00,-9.601358949828633e-05
2024-12-27 00:00:00+00:00,-0.0025405996789851235
2024-12-27 01:00:00+00:00,0.0032919056241509075
2024-12-27 02:00:00+00:00,0.0042969235117009084
2024-12-27 03:00:00+00:00,-0.0008657919794475312
2024-12-27 04:00:00+00:00,0.002311959735611352
2024-12-27 05:00:00+00:00,-0.004764109815683761
2024-12-27 06:00:00+00:00,0.002206392066808198
2024-12-27 07:00:00+00:00,0.002365146778361916
2024-12-27 08:00:00+00:00,0.0013649770481311732
2024-12-27 09:00:00+00:00,-0.0014163270148792142
2024-12-27 10:00:00+00:00,-0.0035317396271616584
2024-12-27 11:00:00+00:00,-0.0024243271609114543
2024-12-27 12:00:00+00:00,0.0031001857845148776
2024-12-27 13:00:00+00:00,0.0031649190096825833
2024-12-27 14:00:00+00:00,0.0014712058637596124
2024-12-27 15:00:00+00:00,0.004927126893698346
2024-12-27 16:00:00+00:00,0.0009140542912113057
2024-12-27 17:00:00+00:00,0.0009943983117465343
2024-12-27 18:00:00+00:00,-0.0006761415337255641
2024-12-27 19:00:00+00:00,-0.0031360512828693073
2024-12-27 20:00:00+00:00,0.002549734511944673
2024-12-27 21:00:00+00:00,0.0014472092209984581
2024-12-27 22:00:00+00:00,-0.0022364474733229792
2024-12-27 23:00:00+00:00,0.00044867523291609326
2024-12-28 00:00:00+00:00,-0.001564718532103211
2024-12-28 01:00:00+00:00,-0.0003448780264162465
2024-12-28 02:00:00+00:00,0.0005961306969516012
2024-12-28 03:00:00+00:00,-0.0009315601134998053
2024-12-28 04:00:00+00:00,-0.00045139333126092155
2024-12-28 05:00:00+00:00,0.0005877514410282527
2024-12-28 06:00:00+00:00,0.0019064744872914524
2024-12-28 07:00:00+00:00,-0.0009304739794389226
2024-12-28 08:00:00+00:00,0.0007998596836382289
2024-12-28 09:00:00+00:00,-0.00025539045478216866
2024-12-28 10:00:00+00:00,0.00018029127985521456
2024-12-28 11:00:00+00:00,0.0003098458870307602
2024-12-28 12:00:00+00:00,0.0019353096293813301
2024-12-28 13:00:00+00:00,0.0026996023496592245
2024-12-28 14:00:00+00:00,-0.0084827026902083
2024-12-28 15:00:00+00:00,0.0045003904050787275
2024-12-28 16:00:00+00:00,-0.004853996439551495
2024-12-28 17:00:00+00:00,0.0038413908380678665
2024-12-28 18:00:00+00:00,-0.0024624354324362277
2024-12-28 19:00:00+00:00,0.0008927366825407623
2024-12-28 20:00:00+00:00,0.0011535796853209717
2024-12-28 21:00:00+00:00,0.0015996558334735998
2024-12-28 22:00:00+00:00,-0.001001448056506746
2024-12-28 23:00:00+00:00,0.0020711222528105914
2024-12-29 00:00:00+00:00,0.001841713021897812
2024-12-29 01:00:00+00:00,0.00036638951010085284
2024-12-29 02:00:00+00:00,0.0035315993811252666
2024-12-29 03:00:00+00:00,0.0001346445943174601
2024-12-29 04:00:00+00:00,-0.001038319537815058
2024-12-29 05:00:00+00:00,0.0033531635937062536
2024-12-29 06:00:00+00:00,-0.0029488134261339235
2024-12-29 07:00:00+00:00,-0.0011891388853030797
2024-12-29 08:00:00+00:00,-0.0009462904303480255
2024-12-29 09:00:00+00:00,0.00011078687850022114
2024-12-29 10:00:00+00:00,0.0026435065217124513
2024-12-29 11:00:00+00:00,-0.0006173712843956552
2024-12-29 12:00:00+00:00,-0.0010306381845826983
2024-12-29 13:00:00+00:00,-0.0029725696432510644
2024-12-29 14:00:00+00:00,0.002217123155902284
2024-12-29 15:00:00+00:00,0.0007392723758315493
2024-12-29 16:00:00+00:00,0.000702355186341153
2024-12-29 17:00:00+00:00,-0.002153634826220079
2024-12-29 18:00:00+00:00,0.001741429342764312
2024-12-29 19:00:00+00:00,0.0014054851603743847
2024-12-29 20:00:00+00:00,-0.0004597701335739349
2024-12-29 21:00:00+00:00,0.0022527287361476826
2024-12-29 22:00:00+00:00,-0.0019683955694749797
2024-12-29 23:00:00+00:00,-0.0038123019010571756
2024-12-30 00:00:00+00:00,0.006230680110347932
2024-12-30 01:00:00+00:00,0.002418227298416152
2024-12-30 02:00:00+00:00,-0.000552545676783083
2024-12-30 03:00:00+00:00,0.005203980870832208
2024-12-30 04:00:00+00:00,-0.003150532198663684
2024-12-30 05:00:00+00:00,0.0034918424491685637
2024-12-30 06:00:00+00:00,0.0042408750729432424
2024-12-30 07:00:00+00:00,-0.0011460445955125433
2024-12-30 08:00:00+00:00,0.002077837747170962
2024-12-30 09:00:00+00:00,-0.0012817426357594841
2024-12-30 10:00:00+00:00,-0.002154003488409334
2024-12-30 11:00:00+00:00,-0.0016524580039521605
2024-12-30 12:00:00+00:00,0.0013346449246332453
2024-12-30 13:00:00+00:00,-7.587843777680106e-05
2024-12-30 14:00:00+00:00,-0.00023727522365394544
2024-12-30 15:00:00+00:00,-0.005947855543921179
2024-12-30 16:00:00+00:00,-0.0055050844612787725
2024-12-30 17:00:00+00:00,0.004232040652895206
2024-12-30 18:00:00+00:00,-0.006626207733090721
2024-12-30 19:00:00+00:00,-0.004739540561721921
2024-12-30 20:00:00+00:00,0.006402563488753182
2024-12-30 21:00:00+00:00,0.0013393972733913746
2024-12-30 22:00:00+00:00,-0.004401487011526214
2024-12-30 23:00:00+00:00,-0.0012050815353734725
2024-12-31 00:00:00+00:00,0.004626694546520102
2024-12-31 01:00:00+00:00,-0.001051495452970058
2024-12-31 02:00:00+00:00,-0.0005625682043881551
2024-12-31 03:00:00+00:00,-0.0025132127889692982
2024-12-31 04:00:00+00:00,0.001771375401942558
2024-12-31 05:00:00+00:00,-0.0019526908147061571
2024-12-31 06:00:00+00:00,0.001337404284942989
2024-12-31 07:00:00+00:00,-0.0035651659389400146
2024-12-31 08:00:00+00:00,-0.0010688856410805468
2024-12-31 09:00:00+00:00,-0.0018035674979818507
2024-12-31 10:00:00+00:00,0.003027299042817966
2024-12-31 11:00:00+00:00,0.00035912520002282774
2024-12-31 12:00:00+00:00,0.0006329883831474347
2024-12-31 13:00:00+00:00,0.0020280838030846578
2024-12-31 14:00:00+00:00,0.0018563093982296621
2024-12-31 15:00:00+00:00,-0.005231996774568531
2024-12-31 16:00:00+00:00,0.001730469041940232
2024-12-31 17:00:00+00:00,-0.002910412368609174
2024-12-31 18:00:00+00:00,0.0038058826832149603
2024-12-31 19:00:00+00:00,-0.001015312576044704
2024-12-31 20:00:00+00:00,-0.0007518918776032136
2024-12-31 21:00:00+00:00,-0.00014869760828062784
2024-12-31 22:00:00+00:00,-5.2912555064828394e-05
2024-12-31 23:00:00+00:00,0.0024504554975953827
2025-01-01 00:00:00+00:00,-0.0033358996319259294
2025-01-01 01:00:00+00:00,0.0006647720210736507
2025-01-01 02:00:00+00:00,-0.0021055307487153744
2025-01-01 03:00:00+00:00,0.0008879021778083898
2025-01-01 04:00:00+00:00,-6.025682601035165e-05
2025-01-01 05:00:00+00:00,0.00011854351369289034
2025-01-01 06:00:00+00:00,0.0009906303141052938
2025-01-01 07:00:00+00:00,0.0026391862821583878
2025-01-01 08:00:00+00:00,-0.0003417747342065095
2025-01-01 09:00:00+00:00,-0.0031288202326355897
2025-01-01 10:00:00+00:00,-0.001443333442142558
2025-01-01 11:00:00+00:00,0.0005842051038763517
2025-01-01 12:00:00+00:00,0.006808024472319985
2025-01-01 13:00:00+00:00,0.0006265481711783639
2025-01-01 14:00:00+00:00,0.0005195274051334956
2025-01-01 15:00:00+00:00,0.0037017924397022583
2025-01-01 16:00:00+00:00,0.005240629609679567
2025-01-01 17:00:00+00:00,-0.001985074889432892
2025-01-01 18:00:00+00:00,0.003672128823677871
2025-01-01 19:00:00+00:00,0.0024649799956940905
2025-01-01 20:00:00+00:00,0.0007727314157477482
2025-01-01 21:00:00+00:00,0.0022158567425968473
2025-01-01 22:00:00+00:00,-0.0032415609480089588
2025-01-01 23:00:00+00:00,0.001427714369231676
2025-01-02 00:00:00+00:00,0.0021058295861685564
2025-01-02 01:00:00+00:00,0.0015870673577330437
2025-01-02 02:00:00+00:00,-0.0010548603035750953
2025-01-02 03:00:00+00:00,0.000217947864417229
2025-01-02 04:00:00+00:00,0.0010072560620308243
2025-01-02 05:00:00+00:00,0.0011238713630387644
2025-01-02 06:00:00+00:00,0.00014726082900521308
2025-01-02 07:00:00+00:00,-0.0027359923744136416
2025-01-02 08:00:00+00:00,-0.00014992144081809317
2025-01-02 09:00:00+00:00,0.002705924862785173
2025-01-02 10:00:00+00:00,0.0010302237553497197
2025-01-02 11:00:00+00:00,-0.0022114620512079914
2025-01-02 12:00:00+00:00,0.001027659400344474
2025-01-02 13:00:00+00:00,0.003349261649902401
2025-01-02 14:00:00+00:00,-0.0023603522594283755
2025-01-02 15:00:00+00:00,-0.0016161672215044022
2025-01-02 16:00:00+00:00,-0.00011039970331432107
2025-01-02 17:00:00+00:00,0.0014142438872589921
2025-01-02 18:00:00+00:00,-0.001957048597360415
2025-01-02 19:00:00+00:00,0.00430852556750267
2025-01-02 20:00:00+00:00,0.0025475914395040617
2025-01-02 21:00:00+00:00,0.00027936729207653503
2025-01-02 22:00:00+00:00,0.0010538993759672643
2025-01-02 23:00:00+00:00,0.0043012120946907045
2025-01-03 00:00:00+00:00,-0.0010338792067638254
2025-01-03 01:00:00+00:00,-0.00011974297152184208
2025-01-03 02:00:00+00:00,1.1029063699117723e-05
2025-01-03 03:00:00+00:00,-0.002752825725860059
2025-01-03 04:00:00+00:00,-0.0009918932301034805
2025-01-03 05:00:00+00:00,0.0001980771491567775
2025-01-03 06:00:00+00:00,0.00044295483165802057
2025-01-03 07:00:00+00:00,0.004131736540500288
2025-01-03 08:00:00+00:00,0.0022843694376048964
2025-01-03 09:00:00+00:00,0.004349810871347041
2025-01-03 10:00:00+00:00,0.003092316113033799
2025-01-03 11:00:00+00:00,0.006773674443458549
2025-01-03 12:00:00+00:00,0.00461456617904367
2025-01-03 13:00:00+00:00,0.0006665806070538033
2025-01-03 14:00:00+00:00,-0.0007126667331702999
2025-01-03 15:00:00+00:00,0.0011875899685417964
2025-01-03 16:00:00+00:00,0.0006243004142089366
2025-01-03 17:00:00+00:00,0.0017284559861549117
2025-01-03 18:00:00+00:00,-0.0012770777039857403
2025-01-03 19:00:00+00:00,-0.010670620373308794
2025-01-03 20:00:00+00:00,-0.004982830306827788
2025-01-03 21:00:00+00:00,0.0017916526018727616
2025-01-03 22:00:00+00:00,0.003669444971756436
2025-01-03 23:00:00+00:00,-0.009305065688550367
2025-01-04 00:00:00+00:00,0.002124030549157628
2025-01-04 01:00:00+00:00,0.0003685098980054961
2025-01-04 02:00:00+00:00,-0.0031241929969956644
2025-01-04 03:00:00+00:00,0.0010680021226098125
2025-01-04 04:00:00+00:00,0.004031319733548567
2025-01-04 05:00:00+00:00,-0.0003123188524844526
2025-01-04 06:00:00+00:00,0.0002122942532389947
2025-01-04 07:00:00+00:00,-0.0038966917265811727
2025-01-04 08:00:00+00:00,-0.0006508479075743288
2025-01-04 09:00:00+00:00,-0.0020403367996731075
2025-01-04 10:00:00+00:00,-0.0032258250464424426
2025-01-04 11:00:00+00:00,0.0008966547273926348
2025-01-04 12:00:00+00:00,0.00735561049200418
2025-01-04 13:00:00+00:00,0.0029821173038146473
2025-01-04 14:00:00+00:00,-0.0058886926122067584
2025-01-04 15:00:00+00:00,-0.0006533027188167584
2025-01-04 16:00:00+00:00,0.0038326303216880356
2025-01-04 17:00:00+00:00,-0.00016694945727551577
2025-01-04 18:00:00+00:00,3.6820336934186755e-06
2025-01-04 19:00:00+00:00,-0.0022388940931788027
2025-01-04 20:00:00+00:00,0.004257351970891378
2025-01-04 21:00:00+00:00,-0.002445589132906638
2025-01-04 22:00:00+00:00,-0.006070918070613161
2025-01-04 23:00:00+00:00,0.007388771217216908
2025-01-05 00:00:00+00:00,-0.004520428350746403
2025-01-05 01:00:00+00:00,0.0014435347859870803
2025-01-05 02:00:00+00:00,0.0064982811191196775
2025-01-05 03:00:00+00:00,0.002117921796220258
2025-01-05 04:00:00+00:00,0.0013966198136440523
2025-01-05 05:00:00+00:00,0.0015330569376193924
2025-01-05 06:00:00+00:00,0.0014860167396919873
2025-01-05 07:00:00+00:00,0.0030097266973084106
2025-01-05 08:00:00+00:00,-0.007356486001799733
2025-01-05 09:00:00+00:00,0.001409707611292938
2025-01-05 10:00:00+00:00,-0.004337515597519099
2025-01-05 11:00:00+00:00,0.00038293537084787123
2025-01-05 12:00:00+00:00,0.006471240348931169
2025-01-05 13:00:00+00:00,-0.002754461460820256
2025-01-05 14:00:00+00:00,-0.008841084968762129
2025-01-05 15:00:00+00:00,0.0017270115868364654
2025-01-05 16:00:00+00:00,0.0047882613059555485
2025-01-05 17:00:00+00:00,0.0027929529657983476
2025-01-05 18:00:00+00:00,-0.0032906597215788124
2025-01-05 19:00:00+00:00,0.0028272390660242855
2025-01-05 20:00:00+00:00,0.0032414209756308284
2025-01-05 21:00:00+00:00,0.004796549497685044
2025-01-05 22:00:00+00:00,-0.0018224251869840473
2025-01-05 23:00:00+00:00,0.0018003456357241683
2025-01-06 00:00:00+00:00,-0.005209646597283496
2025-01-06 01:00:00+00:00,0.0033847524860859787
2025-01-06 02:00:00+00:00,-0.004386303035224023
2025-01-06 03:00:00+00:00,0.0017286846324181407
2025-01-06 04:00:00+00:00,0.002601384996649472
2025-01-06 05:00:00+00:00,-0.0011830574135859528
2025-01-06 06:00:00+00:00,0.0003806777667234353
2025-01-06 07:00:00+00:00,-0.0019210118069855956
2025-01-06 08:00:00+00:00,-0.000175918649088207
2025-01-06 09:00:00+00:00,0.0022749817361758075
2025-01-06 10:00:00+00:00,-0.001608462993423521
2025-01-06 11:00:00+00:00,-0.0014252012626862725
2025-01-06 12:00:00+00:00,0.0006738063236233245
2025-01-06 13:00:00+00:00,-0.0011130845629026462
2025-01-06 14:00:00+00:00,-0.0024806353936597807
2025-01-06 15:00:00+00:00,0.004369919064411331
2025-01-06 16:00:00+00:00,0.004741512880101412
2025-01-06 17:00:00+00:00,8.391996048535218e-06
2025-01-06 18:00:00+00:00,0.006026047775054127
2025-01-06 19:00:00+00:00,-0.0019527994649257206
2025-01-06 20:00:00+00:00,0.004739028221937836
2025-01-06 21:00:00+00:00,0.0019559934937715432
2025-01-06 22:00:00+00:00,0.005703153182096138
2025-01-06 23:00:00+00:00,-0.00015461389573574716
2025-01-07 00:00:00+00:00,0.005406905782050331
2025-01-07 01:00:00+00:00,-1.3291419275339869e-05
2025-01-07 02:00:00+00:00,6.9010617134577944e-06
2025-01-07 03:00:00+00:00,-0.001578437416283266
2025-01-07 04:00:00+00:00,0.00012638684592226846
2025-01-07 05:00:00+00:00,-0.0018441834469698673
2025-01-07 06:00:00+00:00,0.006917519810660099
2025-01-07 07:00:00+00:00,-0.003815226084575439
2025-01-07 08:00:00+00:00,-0.0038486273270228796
2025-01-07 09:00:00+00:00,0.00027178872146627547
2025-01-07 10:00:00+00:00,-0.0036838543260373654
2025-01-07 11:00:00+00:00,0.0043218129803060095
2025-01-07 12:00:00+00:00,0.0009083584953841152
2025-01-07 13:00:00+00:00,0.006340753289463261
2025-01-07 14:00:00+00:00,0.0016145393552146298
2025-01-07 15:00:00+00:00,-0.013109060389579248
2025-01-07 16:00:00+00:00,0.0038499443979955056
2025-01-07 17:00:00+00:00,0.002762354204712
2025-01-07 18:00:00+00:00,-0.007305998918334344
2025-01-07 19:00:00+00:00,-0.005867708129786675
2025-01-07 20:00:00+00:00,-0.004675312232826957
2025-01-07 21:00:00+00:00,0.007821478787852932
2025-01-07 22:00:00+00:00,0.0016765003065639394
2025-01-07 23:00:00+00:00,0.0014882286492530847
2025-01-08 00:00:00+00:00,-0.0056470937244844826
2025-01-08 01:00:00+00:00,0.00638453228609763
2025-01-08 02:00:00+00:00,0.0033748392899103
2025-01-08 03:00:00+00:00,0.0062717170653294385
2025-01-08 04:00:00+00:00,-0.004390093894479746
2025-01-08 05:00:00+00:00,0.003042422677551494
2025-01-08 06:00:00+00:00,0.0030557596329506033
2025-01-08 07:00:00+00:00,0.0017661585959854785
2025-01-08 08:00:00+00:00,0.0015856587846157328
2025-01-08 09:00:00+00:00,0.004306916481602809
2025-01-08 10:00:00+00:00,-0.0008960345682851917
2025-01-08 11:00:00+00:00,0.0039017189434962783
2025-01-08 12:00:00+00:00,0.002060185581965621
2025-01-08 13:00:00+00:00,-0.0018473691357861546
2025-01-08 14:00:00+00:00,-0.005666158242712075
2025-01-08 15:00:00+00:00,0.00425632974653795
2025-01-08 16:00:00+00:00,0.00636622675958812
2025-01-08 17:00:00+00:00,-0.015561563316526993
2025-01-08 18:00:00+00:00,0.0026683604311784448
2025-01-08 19:00:00+00:00,0.00111377474670629
2025-01-08 20:00:00+00:00,0.005024703437849613
2025-01-08 21:00:00+00:00,-0.005365111400011025
2025-01-08 22:00:00+00:00,-0.009029791337297904
2025-01-08 23:00:00+00:00,0.0007006756216843624
2025-01-09 00:00:00+00:00,0.005972659772530793
2025-01-09 01:00:00+00:00,-0.004346148346234392
2025-01-09 02:00:00+00:00,-0.0009935939089134103
2025-01-09 03:00:00+00:00,0.0038289320551164736
2025-01-09 04:00:00+00:00,-0.00321264029362353
2025-01-09 05:00:00+00:00,0.0010452670776481036
2025-01-09 06:00:00+00:00,0.0049357147475928235
2025-01-09 07:00:00+00:00,0.0009180013461318525
2025-01-09 08:00:00+00:00,0.000980653302139497
2025-01-09 09:00:00+00:00,0.00043853142342403133
2025-01-09 10:00:00+00:00,0.002952061789158764
2025-01-09 11:00:00+00:00,-0.002686826057720155
2025-01-09 12:00:00+00:00,0.0020696754945914047
2025-01-09 13:00:00+00:00,0.009252103049850684
2025-01-09 14:00:00+00:00,-0.0003955476762598391
2025-01-09 15:00:00+00:00,0.002294793648669781
2025-01-09 16:00:00+00:00,-0.001820004632510434
2025-01-09 17:00:00+00:00,0.0011228771544278303
2025-01-09 18:00:00+00:00,0.0008869283549227845
2025-01-09 19:00:00+00:00,-0.0015612587189975959
2025-01-09 20:00:00+00:00,-0.0011084556382256927
2025-01-09 21:00:00+00:00,0.0047331204804587764
2025-01-09 22:00:00+00:00,-0.00439164665785945
2025-01-09 23:00:00+00:00,0.0025107718579645863
2025-01-10 00:00:00+00:00,-0.00033042300370082805
2025-01-10 01:00:00+00:00,-0.0020132800815230454
2025-01-10 02:00:00+00:00,0.005406735670304225
2025-01-10 03:00:00+00:00,-0.0009641683635175001
2025-01-10 04:00:00+00:00,0.002231081405945322
2025-01-10 05:00:00+00:00,-0.002075475724247742
2025-01-10 06:00:00+00:00,-0.018131273290936275
2025-01-10 07:00:00+00:00,-0.0014641056649421396
2025-01-10 08:00:00+00:00,0.004463781195867923
2025-01-10 09:00:00+00:00,0.004797597178577325
2025-01-10 10:00:00+00:00,0.0015404041999990614
2025-01-10 11:00:00+00:00,-0.0001330401004996835
2025-01-10 12:00:00+00:00,0.007240701451521458
2025-01-10 13:00:00+00:00,0.006583531379987317
2025-01-10 14:00:00+00:00,-0.0054565814542746425
2025-01-10 15:00:00+00:00,-0.0006986439788829624
2025-01-10 16:00:00+00:00,0.0030622649342596387
2025-01-10 17:00:00+00:00,-0.012487086835748722
2025-01-10 18:00:00+00:00,-0.005101505338041149
2025-01-10 19:00:00+00:00,-0.004630172572822146
2025-01-10 20:00:00+00:00,-0.0004889176858843543
2025-01-10 21:00:00+00:00,0.001810345113164442
2025-01-10 22:00:00+00:00,-0.0011934888984662427
2025-01-10 23:00:00+00:00,0.002051964417756554
2025-01-11 00:00:00+00:00,0.0005493213948804592
2025-01-11 01:00:00+00:00,0.0003962893175958537
2025-01-11 02:00:00+00:00,0.0007125095961972239
2025-01-11 03:00:00+00:00,-0.00042831135623185463
2025-01-11 04:00:00+00:00,0.002097478531964329
2025-01-11 05:00:00+00:00,0.0003447157442281203
2025-01-11 06:00:00+00:00,-0.0001528337759231641
2025-01-11 07:00:00+00:00,0.0009515252590194681
2025-01-11 08:00:00+00:00,0.0015671128804082039
2025-01-11 09:00:00+00:00,-0.004064444258464547
2025-01-11 10:00:00+00:00,-0.005327030689594312
2025-01-11 11:00:00+00:00,-7.501032947888577e-05
2025-01-11 12:00:00+00:00,0.0033617611741181635
2025-01-11 13:00:00+00:00,-0.001484295238900271
2025-01-11 14:00:00+00:00,0.0018173981183038205
2025-01-11 15:00:00+00:00,0.0009650041888514367
2025-01-11 16:00:00+00:00,-0.008829701799547247
2025-01-11 17:00:00+00:00,0.0024608699834752844
2025-01-11 18:00:00+00:00,0.005608419649123767
2025-01-11 19:00:00+00:00,-0.004581922040942446
2025-01-11 20:00:00+00:00,-0.011269175480054879
2025-01-11 21:00:00+00:00,0.011792863133135755
2025-01-11 22:00:00+00:00,0.003929119572474177
2025-01-11 23:00:00+00:00,-0.0017708713506095568
2025-01-12 00:00:00+00:00,0.007200417357403243
2025-01-12 01:00:00+00:00,-0.00034828027506867787
2025-01-12 02:00:00+00:00,0.0005988498489764093
2025-01-12 03:00:00+00:00,-0.0029945095285408645
2025-01-12 04:00:00+00:00,0.00017873071099447273
2025-01-12 05:00:00+00:00,0.0022034747296849214
2025-01-12 06:00:00+00:00,0.0014244371848819944
2025-01-12 07:00:00+00:00,-0.0008359219510086011
2025-01-12 08:00:00+00:00,0.00011487101689905563
2025-01-12 09:00:00+00:00,0.0027791891415471976
2025-01-12 10:00:00+00:00,-0.0020948023430016984
2025-01-12 11:00:00+00:00,0.0017745477908565892
2025-01-12 12:00:00+00:00,-0.0006982324933034622
2025-01-12 13:00:00+00:00,-0.0011752412427741708
2025-01-12 14:00:00+00:00,0.0011285303637810717
2025-01-12 15:00:00+00:00,0.0026314459755534658
2025-01-12 16:00:00+00:00,-0.0008787130180659406
2025-01-12 17:00:00+00:00,-0.0019966508839338987
2025-01-12 18:00:00+00:00,0.0029353000717471586
2025-01-12 19:00:00+00:00,-0.0016126844128052154
2025-01-12 20:00:00+00:00,0.0018680431823903999
2025-01-12 21:00:00+00:00,0.002305574036665768
2025-01-12 22:00:00+00:00,-0.0027153726292813507
2025-01-12 23:00:00+00:00,0.007687004520160771
2025-01-13 00:00:00+00:00,0.0023322917069864483
2025-01-13 01:00:00+00:00,0.0030429129725770185
2025-01-13 02:00:00+00:00,-0.0009438374350284096
2025-01-13 03:00:00+00:00,0.0015405910660286808
2025-01-13 04:00:00+00:00,-0.001168358155023391
2025-01-13 05:00:00+00:00,0.004817511300150466
2025-01-13 06:00:00+00:00,0.003421604238364178
2025-01-13 07:00:00+00:00,0.0009699010657815596
2025-01-13 08:00:00+00:00,-0.0031187382360346612
2025-01-13 09:00:00+00:00,-0.003993751154185827
2025-01-13 10:00:00+00:00,-4.763527925683714e-05
2025-01-13 11:00:00+00:00,0.007051763133486154
2025-01-13 12:00:00+00:00,-0.008603585648708003
2025-01-13 13:00:00+00:00,-0.0023640496298115788
2025-01-13 14:00:00+00:00,-0.0008937804147886711
2025-01-13 15:00:00+00:00,0.0002136423632127908
2025-01-13 16:00:00+00:00,0.0018005192469353276
2025-01-13 17:00:00+00:00,-0.0013316961944299806
2025-01-13 18:00:00+00:00,-0.0013652950389423239
2025-01-13 19:00:00+00:00,-0.002079449198480667
2025-01-13 20:00:00+00:00,0.003471869964702593
2025-01-13 21:00:00+00:00,0.002531244436555007
2025-01-13 22:00:00+00:00,-0.0019132237285931276
2025-01-13 23:00:00+00:00,-0.000964619541117472
2025-01-14 00:00:00+00:00,0.003084893523177561
2025-01-14 01:00:00+00:00,-0.0011140423088678336
2025-01-14 02:00:00+00:00,0.00041248808301378343
2025-01-14 03:00:00+00:00,0.004312992269862616
2025-01-14 04:00:00+00:00,0.0004339134078270195
2025-01-14 05:00:00+00:00,0.004983610576398688
2025-01-14 06:00:00+00:00,0.0015207975608157228
2025-01-14 07:00:00+00:00,0.004592755790982296
2025-01-14 08:00:00+00:00,-0.003832538144224614
2025-01-14 09:00:00+00:00,0.004790839962839809
2025-01-14 10:00:00+00:00,-0.004736874411753633
2025-01-14 11:00:00+00:00,0.0016589164719174006
2025-01-14 12:00:00+00:00,0.0022081015041936305
2025-01-14 13:00:00+00:00,0.0027421194678363806
2025-01-14 14:00:00+00:00,-0.0015122609541029749
2025-01-14 15:00:00+00:00,0.001122804048247388
2025-01-14 16:00:00+00:00,-0.009160372692212327
2025-01-14 17:00:00+00:00,-0.009312304770761037
2025-01-14 18:00:00+00:00,0.003938542360755181
2025-01-14 19:00:00+00:00,-0.0002591636112724295
2025-01-14 20:00:00+00:00,0.004379066022078801
2025-01-14 21:00:00+00:00,-0.0031846685729676745
2025-01-14 22:00:00+00:00,0.0038007963240192684
2025-01-14 23:00:00+00:00,-0.0012628956590760914
2025-01-15 00:00:00+00:00,7.016156526362816e-05
2025-01-15 01:00:00+00:00,-0.02067167100367637
2025-01-15 02:00:00+00:00,-0.01109956321525753
2025-01-15 03:00:00+00:00,0.007437972116314242
2025-01-15 04:00:00+00:00,0.0007018997135539112
2025-01-15 05:00:00+00:00,-0.004946504685693439
2025-01-15 06:00:00+00:00,0.0033845100431945164
2025-01-15 07:00:00+00:00,-0.0024161570594284673
2025-01-15 08:00:00+00:00,0.001380434544241895
2025-01-15 09:00:00+00:00,0.0015095081417596848
2025-01-15 10:00:00+00:00,0.0005351576467008426
2025-01-15 11:00:00+00:00,0.007039383183638242
2025-01-15 12:00:00+00:00,-0.0012634405612049868
2025-01-15 13:00:00+00:00,0.0008789537305631045
2025-01-15 14:00:00+00:00,0.007243998336972262
2025-01-15 15:00:00+00:00,-0.017634300011521192
2025-01-15 16:00:00+00:00,0.010044914653948914
2025-01-15 17:00:00+00:00,-0.0021449984652095085
2025-01-15 18:00:00+00:00,-0.002705009157606444
2025-01-15 19:00:00+00:00,0.0032017762154183485
2025-01-15 20:00:00+00:00,-0.004323163544570736
2025-01-15 21:00:00+00:00,-0.011262251053742543
2025-01-15 22:00:00+00:00,-0.003717510912807844
2025-01-15 23:00:00+00:00,-0.006283501271025752
2025-01-16 00:00:00+00:00,0.016864860901161998
2025-01-16 01:00:00+00:00,-0.009707498353248595
2025-01-16 02:00:00+00:00,0.001851367874163469
2025-01-16 03:00:00+00:00,-0.0011091694555899357
2025-01-16 04:00:00+00:00,-0.005612144003278647
2025-01-16 05:00:00+00:00,0.0019161541441696244
2025-01-16 06:00:00+00:00,-0.007625443983678719
2025-01-16 07:00:00+00:00,0.0021827438905859574
2025-01-16 08:00:00+00:00,-0.0029942961911516696
2025-01-16 09:00:00+00:00,0.008028170618106331
2025-01-16 10:00:00+00:00,-0.005935782873606602
2025-01-16 11:00:00+00:00,-0.01106642817386618
2025-01-16 12:00:00+00:00,-0.004074027540749266
2025-01-16 13:00:00+00:00,0.0024383847886970925
2025-01-16 14:00:00+00:00,-0.004933480566785063
2025-01-16 15:00:00+00:00,-0.0026140501080840536
2025-01-16 16:00:00+00:00,-0.0063286491440618185
2025-01-16 17:00:00+00:00,0.002181203349090109
2025-01-16 18:00:00+00:00,0.00012225066800380013
2025-01-16 19:00:00+00:00,0.0005336229051993381
2025-01-16 20:00:00+00:00,0.0057130246972832
2025-01-16 21:00:00+00:00,-0.0028380966167259034
2025-01-16 22:00:00+00:00,0.00546702112401634
2025-01-16 23:00:00+00:00,-0.0012249394666973472
2025-01-17 00:00:00+00:00,-0.004636987408225016
2025-01-17 01:00:00+00:00,0.008315058122161835
2025-01-17 02:00:00+00:00,-0.0052067898002980005
2025-01-17 03:00:00+00:00,0.004366453621477001
2025-01-17 04:00:00+00:00,0.002713767713693682
2025-01-17 05:00:00+00:00,-0.0009203124066956215
2025-01-17 06:00:00+00:00,-0.000442745097933307
2025-01-17 07:00:00+00:00,0.006922805324323201
2025-01-17 08:00:00+00:00,0.008082178023390387
2025-01-17 09:00:00+00:00,0.0024857122920358657
2025-01-17 10:00:00+00:00,0.005457233855217038
2025-01-17 11:00:00+00:00,-0.0030899297819700165
2025-01-17 12:00:00+00:00,0.006548125621868783
2025-01-17 13:00:00+00:00,-0.0009805606875062768
2025-01-17 14:00:00+00:00,-0.000542801237861926
2025-01-17 15:00:00+00:00,0.00922520176284941
2025-01-17 16:00:00+00:00,-0.004162654056548478
2025-01-17 17:00:00+00:00,0.0063010141881189394
2025-01-17 18:00:00+00:00,-0.004517837114558705
2025-01-17 19:00:00+00:00,-0.0027282949470128657
2025-01-17 20:00:00+00:00,0.009399934241036982
2025-01-17 21:00:00+00:00,-0.0062756440968870526
2025-01-17 22:00:00+00:00,0.0023813298515551915
2025-01-17 23:00:00+00:00,-0.0020588779269421578
2025-01-18 00:00:00+00:00,0.008181358223812276
2025-01-18 01:00:00+00:00,0.003168962133374866
2025-01-18 02:00:00+00:00,-0.0067841855006088745
2025-01-18 03:00:00+00:00,-0.0011227489274629157
2025-01-18 04:00:00+00:00,0.0016142551828927166
2025-01-18 05:00:00+00:00,0.005588987499875335
2025-01-18 06:00:00+00:00,-0.003574389964759227
2025-01-18 07:00:00+00:00,0.0009401543337604732
2025-01-18 08:00:00+00:00,-0.00491596572198245
2025-01-18 09:00:00+00:00,-0.001425178224655025
2025-01-18 10:00:00+00:00,-0.004892223420231051
2025-01-18 11:00:00+00:00,0.007635259718714907
2025-01-18 12:00:00+00:00,-0.007379325705829372
2025-01-18 13:00:00+00:00,-0.00045708997667505636
2025-01-18 14:00:00+00:00,-0.0024131565641796987
2025-01-18 15:00:00+00:00,-0.012210422303662444
2025-01-18 16:00:00+00:00,0.008218099225780423
2025-01-18 17:00:00+00:00,-0.008928838334089015
2025-01-18 18:00:00+00:00,-0.006151714383212306
2025-01-18 19:00:00+00:00,0.00041232959547779876
2025-01-18 20:00:00+00:00,0.005083353934612861
2025-01-18 21:00:00+00:00,-0.0004465114020953139
2025-01-18 22:00:00+00:00,-0.0020752474642374862
2025-01-18 23:00:00+00:00,-0.00573572895449731
2025-01-19 00:00:00+00:00,0.011079128145600487
2025-01-19 01:00:00+00:00,0.00810272619815518
2025-01-19 02:00:00+00:00,0.0033745497020032382
2025-01-19 03:00:00+00:00,-0.005111974823140596
2025-01-19 04:00:00+00:00,-0.01733399907962533
2025-01-19 05:00:00+00:00,0.004735493087857324
2025-01-19 06:00:00+00:00,-0.010536204110416721
2025-01-19 07:00:00+00:00,0.0021001022979513615
2025-01-19 08:00:00+00:00,-0.011593537089377888
2025-01-19 09:00:00+00:00,0.0016710710127635507
2025-01-19 10:00:00+00:00,-0.01455877571712565
2025-01-19 11:00:00+00:00,-0.009410200544969959
2025-01-19 12:00:00+00:00,0.016558325260366616
2025-01-19 13:00:00+00:00,0.006403671982867296
2025-01-19 14:00:00+00:00,0.02440919329893078
2025-01-19 15:00:00+00:00,7.310352803675947e-05
2025-01-19 16:00:00+00:00,0.004209847249700219
2025-01-19 17:00:00+00:00,0.00014790290165772818
2025-01-19 18:00:00+00:00,-0.0032790883409679625
2025-01-19 19:00:00+00:00,-0.0036903074604390162
2025-01-19 20:00:00+00:00,-0.008592759182363175
2025-01-19 21:00:00+00:00,0.007071481300383081
2025-01-19 22:00:00+00:00,0.002853238595276951
2025-01-19 23:00:00+00:00,0.0016851042149140833
2025-01-20 00:00:00+00:00,0.004964549395164949
2025-01-20 01:00:00+00:00,-0.003248088501281347
2025-01-20 02:00:00+00:00,0.007147448503585221
2025-01-20 03:00:00+00:00,-0.006352570054484653
2025-01-20 04:00:00+00:00,-0.0024963513373120858
2025-01-20 05:00:00+00:00,0.003008800908712324
2025-01-20 06:00:00+00:00,0.001977553911157627
2025-01-20 07:00:00+00:00,-0.00017175203198458252
2025-01-20 08:00:00+00:00,-0.010074274149077007
2025-01-20 09:00:00+00:00,-0.0005234406401799722
2025-01-20 10:00:00+00:00,-0.005866124386885347
2025-01-20 11:00:00+00:00,0.003390023802016447
2025-01-20 12:00:00+00:00,0.0015752798028786977
2025-01-20 13:00:00+00:00,-0.0024305624881703716
2025-01-20 14:00:00+00:00,-0.002990714420574222
2025-01-20 15:00:00+00:00,0.00536773084198574
2025-01-20 16:00:00+00:00,-0.0007834798982638287
2025-01-20 17:00:00+00:00,0.0076137938451263645
2025-01-20 18:00:00+00:00,-0.0006079129492995416
2025-01-20 19:00:00+00:00,0.008772217010767053
2025-01-20 20:00:00+00:00,0.004840817706614934
2025-01-20 21:00:00+00:00,-0.005038890501723488
2025-01-20 22:00:00+00:00,-0.000671666954662808
2025-01-20 23:00:00+00:00,0.006426694161687936
2025-01-21 00:00:00+00:00,-0.0025289810726212016
2025-01-21 01:00:00+00:00,0.004633185550951257
2025-01-21 02:00:00+00:00,-0.01108511773559285
2025-01-21 03:00:00+00:00,0.005675242671180491
2025-01-21 04:00:00+00:00,0.00037101252164370115
2025-01-21 05:00:00+00:00,0.006688505379371741
2025-01-21 06:00:00+00:00,-0.002512238039091267
2025-01-21 07:00:00+00:00,0.005453707791441177
2025-01-21 08:00:00+00:00,-0.004366327617034277
2025-01-21 09:00:00+00:00,0.008200709694419453
2025-01-21 10:00:00+00:00,0.01013413692744204
2025-01-21 11:00:00+00:00,-0.00014335900349730698
2025-01-21 12:00:00+00:00,-0.0013498254569057986
2025-01-21 13:00:00+00:00,-0.0038166037520767165
2025-01-21 14:00:00+00:00,0.004455797617437826
2025-01-21 15:00:00+00:00,-0.002397494617752424
2025-01-21 16:00:00+00:00,-0.00224907637397641
2025-01-21 17:00:00+00:00,-0.002942258405321034
2025-01-21 18:00:00+00:00,-0.005349441798630988
2025-01-21 19:00:00+00:00,0.0018513789978270934
2025-01-21 20:00:00+00:00,-0.002028371958277237
2025-01-21 21:00:00+00:00,0.0009401427506821936
2025-01-21 22:00:00+00:00,0.00774463323920719
2025-01-21 23:00:00+00:00,-0.0040195284257969095
2025-01-22 00:00:00+00:00,0.0010436798472264889
2025-01-22 01:00:00+00:00,-0.0038886535783352913
2025-01-22 02:00:00+00:00,0.0028656877789418737
2025-01-22 03:00:00+00:00,-0.001560610047101824
2025-01-22 04:00:00+00:00,-0.001550327096026143
2025-01-22 05:00:00+00:00,-0.0009984023074553127
2025-01-22 06:00:00+00:00,-0.001700939263472793
2025-01-22 07:00:00+00:00,-0.0037331174927704752
2025-01-22 08:00:00+00:00,0.0021216519728609303
2025-01-22 09:00:00+00:00,0.0026154343661866164
2025-01-22 10:00:00+00:00,0.00022096720575152904
2025-01-22 11:00:00+00:00,-0.0010862441685660076
2025-01-22 12:00:00+00:00,-0.002209584656777741
2025-01-22 13:00:00+00:00,-0.004539770006408217
2025-01-22 14:00:00+00:00,0.0038874828542700937
2025-01-22 15:00:00+00:00,-0.002403246596355437
2025-01-22 16:00:00+00:00,0.0029217062707693055
2025-01-22 17:00:00+00:00,-0.0011745353076869796
2025-01-22 18:00:00+00:00,0.004841120752438731
2025-01-22 19:00:00+00:00,-0.01418094183613099
2025-01-22 20:00:00+00:00,-0.004362469531423562
2025-01-22 21:00:00+00:00,0.006526414291993914
2025-01-22 22:00:00+00:00,0.0015991768851724522
2025-01-22 23:00:00+00:00,0.00017450644502426267
2025-01-23 00:00:00+00:00,0.005006861473664343
2025-01-23 01:00:00+00:00,-0.0031057444153583286
2025-01-23 02:00:00+00:00,0.0024962098351479865
2025-01-23 03:00:00+00:00,0.0012764723142728162
2025-01-23 04:00:00+00:00,0.0017952122610306786
2025-01-23 05:00:00+00:00,-0.0018816334353460647
2025-01-23 06:00:00+00:00,0.0029071620646652285
2025-01-23 07:00:00+00:00,0.003018630863221803
2025-01-23 08:00:00+00:00,0.0037104927858475833
2025-01-23 09:00:00+00:00,-0.0035597077227136897
2025-01-23 10:00:00+00:00,0.002478750524710694
2025-01-23 11:00:00+00:00,0.002787602313242495
2025-01-23 12:00:00+00:00,0.0032954066945110375
2025-01-23 13:00:00+00:00,-0.002679433474353651
2025-01-23 14:00:00+00:00,8.383794154523554e-05
2025-01-23 15:00:00+00:00,0.0016223171821506531
2025-01-23 16:00:00+00:00,-0.0010918443145938141
2025-01-23 17:00:00+00:00,-0.0011131512515667762
2025-01-23 18:00:00+00:00,-0.0020697019105958164
2025-01-23 19:00:00+00:00,-0.0003060094345968457
2025-01-23 20:00:00+00:00,-0.00027806506102026846
2025-01-23 21:00:00+00:00,0.0002050180970449031
2025-01-23 22:00:00+00:00,0.002616916264037333
2025-01-23 23:00:00+00:00,-0.000746539216760958
2025-01-24 00:00:00+00:00,-0.0010191777641367365
2025-01-24 01:00:00+00:00,0.002125090012096753
2025-01-24 02:00:00+00:00,-0.0002859298432360682
2025-01-24 03:00:00+00:00,-0.003883132672088473
2025-01-24 04:00:00+00:00,0.00025876258414443443
2025-01-24 05:00:00+00:00,0.0019221021248008387
2025-01-24 06:00:00+00:00,-0.003618739317681658
2025-01-24 07:00:00+00:00,0.0001530936433659129
2025-01-24 08:00:00+00:00,-0.0014216766050605184
2025-01-24 09:00:00+00:00,0.0012234793532628029
2025-01-24 10:00:00+00:00,-0.0027066185467180754
2025-01-24 11:00:00+00:00,0.0002166922676728409
2025-01-24 12:00:00+00:00,0.005329440345805275
2025-01-24 13:00:00+00:00,-0.0007290352297144578
2025-01-24 14:00:00+00:00,0.00029394768548918844
2025-01-24 15:00:00+00:00,0.004853242153311899
2025-01-24 16:00:00+00:00,0.002677978821250965
2025-01-24 17:00:00+00:00,0.00018112553112673994
2025-01-24 18:00:00+00:00,0.0014124516010877181
2025-01-24 19:00:00+00:00,0.0007204385872253156
2025-01-24 20:00:00+00:00,-0.002939291606591898
2025-01-24 21:00:00+00:00,-0.0012104552076791669
2025-01-24 22:00:00+00:00,0.0013401838529868973
2025-01-24 23:00:00+00:00,0.00043331404587399554
2025-01-25 00:00:00+00:00,0.0003170420303890256
2025-01-25 01:00:00+00:00,0.0005075772649736478
2025-01-25 02:00:00+00:00,0.005057465302851713
2025-01-25 03:00:00+00:00,-0.00019015004672040853
2025-01-25 04:00:00+00:00,0.001029384049570379
2025-01-25 05:00:00+00:00,-0.0013516484227681235
2025-01-25 06:00:00+00:00,0.003261253190022324
2025-01-25 07:00:00+00:00,-0.0028699986942913114
2025-01-25 08:00:00+00:00,-0.001105373284297325
2025-01-25 09:00:00+00:00,0.0005462238189426156
2025-01-25 10:00:00+00:00,0.0006028924648040214
2025-01-25 11:00:00+00:00,0.00029620516396024644
2025-01-25 12:00:00+00:00,-0.0011451049998394474
2025-01-25 13:00:00+00:00,0.0015763728788839046
2025-01-25 14:00:00+00:00,-0.003753864900632849
2025-01-25 15:00:00+00:00,-0.0012062452684185035
2025-01-25 16:00:00+00:00,0.0006604459114642249
2025-01-25 17:00:00+00:00,-0.0032959736162083125
2025-01-25 18:00:00+00:00,-0.0007438618816124352
2025-01-25 19:00:00+00:00,-0.00039400578272274903
2025-01-25 20:00:00+00:00,-0.0009855486008575939
2025-01-25 21:00:00+00:00,-0.00251568664141858
2025-01-25 22:00:00+00:00,0.001009675539411702
2025-01-25 23:00:00+00:00,0.0019622612399613094
2025-01-26 00:00:00+00:00,-0.0008647375389278341
2025-01-26 01:00:00+00:00,0.0005929281986281407
2025-01-26 02:00:00+00:00,-0.0021540475660453287
2025-01-26 03:00:00+00:00,0.002567574244760065
2025-01-26 04:00:00+00:00,0.0011075157159151962
2025-01-26 05:00:00+00:00,-0.0005287876700492296
2025-01-26 06:00:00+00:00,-0.0016927657114394153
2025-01-26 07:00:00+00:00,-0.0018411502410137373
2025-01-26 08:00:00+00:00,0.0013768988514818537
2025-01-26 09:00:00+00:00,0.0013243966777485587
2025-01-26 10:00:00+00:00,-0.0009257136078951949
2025-01-26 11:00:00+00:00,0.0002806429817243522
2025-01-26 12:00:00+00:00,-0.0014055641366059494
2025-01-26 13:00:00+00:00,0.0009943810736447744
2025-01-26 14:00:00+00:00,-0.00040532443964708364
2025-01-26 15:00:00+00:00,0.0022655038858048933
2025-01-26 16:00:00+00:00,-0.004574292115749285
2025-01-26 17:00:00+00:00,0.004031194971191117
2025-01-26 18:00:00+00:00,-0.0002868068245865558
2025-01-26 19:00:00+00:00,-0.0002855095829039778
2025-01-26 20:00:00+00:00,0.002633884112415803
2025-01-26 21:00:00+00:00,-0.002410441280324356
2025-01-26 22:00:00+00:00,0.00398020901837552
2025-01-26 23:00:00+00:00,-0.003866900514354735
2025-01-27 00:00:00+00:00,-0.005811977505756375
2025-01-27 01:00:00+00:00,-0.001864519731136797
2025-01-27 02:00:00+00:00,-0.006001832903890114
2025-01-27 03:00:00+00:00,0.0011949214168382684
2025-01-27 04:00:00+00:00,-0.0013106083445154333
2025-01-27 05:00:00+00:00,-0.001013350265293354
2025-01-27 06:00:00+00:00,0.00589881428863038
2025-01-27 07:00:00+00:00,-0.001980393606678352
2025-01-27 08:00:00+00:00,-1.3850275861421925e-05
2025-01-27 09:00:00+00:00,0.0012038814048728054
2025-01-27 10:00:00+00:00,0.0021090589890551317
2025-01-27 11:00:00+00:00,-0.0053737240694835455
2025-01-27 12:00:00+00:00,0.001661797790640022
2025-01-27 13:00:00+00:00,0.0012373961590158465
2025-01-27 14:00:00+00:00,-0.0019323348350860235
2025-01-27 15:00:00+00:00,0.0022805623463683943
2025-01-27 16:00:00+00:00,0.0013263369960042585
2025-01-27 17:00:00+00:00,0.0018929475011961508
2025-01-27 18:00:00+00:00,9.021692827721579e-06
2025-01-27 19:00:00+00:00,0.001102945325022452
2025-01-27 20:00:00+00:00,0.004069669386305299
2025-01-27 21:00:00+00:00,-0.0008806576792419939
2025-01-27 22:00:00+00:00,-0.0029457117922484367
2025-01-27 23:00:00+00:00,-0.0016229543716831415
2025-01-28 00:00:00+00:00,0.0013373490825652375
2025-01-28 01:00:00+00:00,-0.0018143122926908214
2025-01-28 02:00:00+00:00,-0.00022082820654102122
2025-01-28 03:00:00+00:00,-0.001979180955678263
2025-01-28 04:00:00+00:00,-0.00488064885618509
2025-01-28 05:00:00+00:00,0.000645834589097049
2025-01-28 06:00:00+00:00,0.0014039949589643409
2025-01-28 07:00:00+00:00,0.0012575281276623498
2025-01-28 08:00:00+00:00,0.0003665330640047224
2025-01-28 09:00:00+00:00,-0.0016861167708392085
2025-01-28 10:00:00+00:00,0.00043257864639710753
2025-01-28 11:00:00+00:00,-0.0026486418778613086
2025-01-28 12:00:00+00:00,-0.005049251631782668
2025-01-28 13:00:00+00:00,0.00455468079361623
2025-01-28 14:00:00+00:00,-0.001975156791125117
2025-01-28 15:00:00+00:00,0.0005974078532324821
2025-01-28 16:00:00+00:00,-0.003070328746763945
2025-01-28 17:00:00+00:00,0.004032900920972965
2025-01-28 18:00:00+00:00,-0.0010992586058369445
2025-01-28 19:00:00+00:00,-0.0024373095102002557
2025-01-28 20:00:00+00:00,0.004065445078181182
2025-01-28 21:00:00+00:00,0.002619754639618446
2025-01-28 22:00:00+00:00,-0.009267170409750159
2025-01-28 23:00:00+00:00,0.0033306171645953405
2025-01-29 00:00:00+00:00,0.00441859598294174
2025-01-29 01:00:00+00:00,0.005291666735956538
2025-01-29 02:00:00+00:00,0.004050966795727931
2025-01-29 03:00:00+00:00,-0.0022278236521196646
2025-01-29 04:00:00+00:00,0.0026519788459163705
2025-01-29 05:00:00+00:00,-0.003750764395006766
2025-01-29 06:00:00+00:00,0.00540081417402944
2025-01-29 07:00:00+00:00,0.0037315602482019634
2025-01-29 08:00:00+00:00,0.0011421458590093246
2025-01-29 09:00:00+00:00,-0.0010746500499421155
2025-01-29 10:00:00+00:00,0.000593157118061435
2025-01-29 11:00:00+00:00,0.005151270362834932
2025-01-29 12:00:00+00:00,0.001048299113133767
2025-01-29 13:00:00+00:00,-0.005047455740248184
2025-01-29 14:00:00+00:00,-0.0037431436673317823
2025-01-29 15:00:00+00:00,0.0015795141118600698
2025-01-29 16:00:00+00:00,0.0015992060190344302
2025-01-29 17:00:00+00:00,0.005980594552785229
2025-01-29 18:00:00+00:00,-0.0011378132985377797
2025-01-29 19:00:00+00:00,0.00451326348729913
2025-01-29 20:00:00+00:00,0.0011532745761124751
2025-01-29 21:00:00+00:00,-0.0006768160577576009
2025-01-29 22:00:00+00:00,-0.004040940270751986
2025-01-29 23:00:00+00:00,-0.0005275136832871781
2025-01-30 00:00:00+00:00,-0.003294687899678537
2025-01-30 01:00:00+00:00,0.0019170388302207388
2025-01-30 02:00:00+00:00,0.0009322771892033181
2025-01-30 03:00:00+00:00,0.005674335562325472
2025-01-30 04:00:00+00:00,0.0021309795916420534
2025-01-30 05:00:00+00:00,-0.001843965747604895
2025-01-30 06:00:00+00:00,0.0005837387829196756
2025-01-30 07:00:00+00:00,0.0010951434665741914
2025-01-30 08:00:00+00:00,0.0012862018105593545
2025-01-30 09:00:00+00:00,0.0024705558279320243
2025-01-30 10:00:00+00:00,0.003731855901487866
2025-01-30 11:00:00+00:00,-0.0003866099169921644
2025-01-30 12:00:00+00:00,-0.0012319642139248057
2025-01-30 13:00:00+00:00,0.003315896545525457
2025-01-30 14:00:00+00:00,0.0006862667081411601
2025-01-30 15:00:00+00:00,0.0009049046489329728
2025-01-30 16:00:00+00:00,-0.0006155207645268051
2025-01-30 17:00:00+00:00,0.004190990887865598
2025-01-30 18:00:00+00:00,-0.003340780689980642
2025-01-30 19:00:00+00:00,-0.0030653455121652027
2025-01-30 20:00:00+00:00,0.0011346822625970176
2025-01-30 21:00:00+00:00,-0.0010242684790405944
2025-01-30 22:00:00+00:00,-0.000761443717674895
2025-01-30 23:00:00+00:00,-0.002045842642907952
2025-01-31 00:00:00+00:00,0.0006569471180247709
2025-01-31 01:00:00+00:00,0.0011397262776066583
2025-01-31 02:00:00+00:00,-0.003724900423448124
2025-01-31 03:00:00+00:00,0.0003403884159251374
2025-01-31 04:00:00+00:00,0.00107439420498431
2025-01-31 05:00:00+00:00,-0.0005869541328330254
2025-01-31 06:00:00+00:00,0.006118861154995786
2025-01-31 07:00:00+00:00,0.0021744975240586568
2025-01-31 08:00:00+00:00,-0.0007982736178230483
2025-01-31 09:00:00+00:00,-0.002407926046211312
2025-01-31 10:00:00+00:00,-0.0006142855181198712
2025-01-31 11:00:00+00:00,0.0033144549336909896
2025-01-31 12:00:00+00:00,0.012127887453443547
2025-01-31 13:00:00+00:00,-0.0007273216275229685
2025-01-31 14:00:00+00:00,-0.0007271678362179641
2025-01-31 15:00:00+00:00,0.008111831861075473
2025-01-31 16:00:00+00:00,0.0016348180489051114
2025-01-31 17:00:00+00:00,-0.002278770678317737
2025-01-31 18:00:00+00:00,-0.00282717791002978
2025-01-31 19:00:00+00:00,0.0008628101294487307
2025-01-31 20:00:00+00:00,-0.00030089989258883664
2025-01-31 21:00:00+00:00,-0.00721155936190151
2025-01-31 22:00:00+00:00,0.0011678454856664663
2025-01-31 23:00:00+00:00,0.001253564886379767
2025-02-01 00:00:00+00:00,-0.0011728165958389343
2025-02-01 01:00:00+00:00,-0.00035615979501755606
2025-02-01 02:00:00+00:00,-0.0014029190337277223
2025-02-01 03:00:00+00:00,-0.0007500188456522381
2025-02-01 04:00:00+00:00,0.0015951326418544595
2025-02-01 05:00:00+00:00,-0.003454107785093325
2025-02-01 06:00:00+00:00,0.0015114916373611422
2025-02-01 07:00:00+00:00,0.0020495533781634346
2025-02-01 08:00:00+00:00,-0.003293065297600534
2025-02-01 09:00:00+00:00,0.0024008255716576133
2025-02-01 10:00:00+00:00,0.0048211177268523905
2025-02-01 11:00:00+00:00,-0.004249963519349665
2025-02-01 12:00:00+00:00,0.0008326520257519145
2025-02-01 13:00:00+00:00,0.002471102741020849
2025-02-01 14:00:00+00:00,0.0014608757220685
2025-02-01 15:00:00+00:00,-0.006105579249333519
2025-02-01 16:00:00+00:00,0.0035328210830520663
2025-02-01 17:00:00+00:00,-0.0016572308653643962
2025-02-01 18:00:00+00:00,-0.0013377345727408289
2025-02-01 19:00:00+00:00,-0.00639730317431183
2025-02-01 20:00:00+00:00,-0.0037603117715710576
2025-02-01 21:00:00+00:00,0.0004677324600008793
2025-02-01 22:00:00+00:00,-0.001545151139443491
2025-02-01 23:00:00+00:00,-0.006763707122776724
2025-02-02 00:00:00+00:00,0.005162912012346987
2025-02-02 01:00:00+00:00,0.0046923560880276745
2025-02-02 02:00:00+00:00,-0.004066274174766908
2025-02-02 03:00:00+00:00,-0.0049219864441766474
2025-02-02 04:00:00+00:00,0.0009815019922530508
2025-02-02 05:00:00+00:00,0.003696883555504357
2025-02-02 06:00:00+00:00,0.0016399071426092169
2025-02-02 07:00:00+00:00,-0.0011471285066200594
2025-02-02 08:00:00+00:00,0.0020269795390092894
2025-02-02 09:00:00+00:00,-0.0018346283003008255
2025-02-02 10:00:00+00:00,0.0030752512123481115
2025-02-02 11:00:00+00:00,-0.005491225820825657
2025-02-02 12:00:00+00:00,0.0021186349567884643
2025-02-02 13:00:00+00:00,0.005003079670405814
2025-02-02 14:00:00+00:00,-0.003201313668932449
2025-02-02 15:00:00+00:00,-0.0009938354332227166
2025-02-02 16:00:00+00:00,-0.014610440538058211
2025-02-02 17:00:00+00:00,-0.010837164249618838
2025-02-02 18:00:00+00:00,-0.005375583443223829
2025-02-02 19:00:00+00:00,0.0024684877236926333
2025-02-02 20:00:00+00:00,0.002836187249269667
2025-02-02 21:00:00+00:00,-0.006303670631014565
2025-02-02 22:00:00+00:00,-0.012286335088776898
2025-02-02 23:00:00+00:00,0.003413710170217548
2025-02-03 00:00:00+00:00,-0.011674813758263888
2025-02-03 01:00:00+00:00,-0.044495461635209684
2025-02-03 02:00:00+00:00,-0.016356647566801732
2025-02-03 03:00:00+00:00,0.027485191121796856
2025-02-03 04:00:00+00:00,-0.009629638527223969
2025-02-03 05:00:00+00:00,0.009717788000747843
2025-02-03 06:00:00+00:00,0.014172021659373276
2025-02-03 07:00:00+00:00,0.0054167633417547545
2025-02-03 08:00:00+00:00,-0.009434400777979501
2025-02-03 09:00:00+00:00,0.005223000054916088
2025-02-03 10:00:00+00:00,0.00039725848419764584
2025-02-03 11:00:00+00:00,-0.001286004734137018
2025-02-03 12:00:00+00:00,0.00289967581787008
2025-02-03 13:00:00+00:00,-0.0014911296793860514
2025-02-03 14:00:00+00:00,-0.005270184506742824
2025-02-03 15:00:00+00:00,0.018589986386881547
2025-02-03 16:00:00+00:00,0.005147495287202005
2025-02-03 17:00:00+00:00,-0.007570786199730202
2025-02-03 18:00:00+00:00,-0.0004946290251600721
2025-02-03 19:00:00+00:00,0.005404387795568383
2025-02-03 20:00:00+00:00,-0.00024616510556464216
2025-02-03 21:00:00+00:00,0.007545233603688739
2025-02-03 22:00:00+00:00,0.0117058555554118
2025-02-03 23:00:00+00:00,0.0005456225295411446
2025-02-04 00:00:00+00:00,0.002103672104551333
2025-02-04 01:00:00+00:00,-0.004741753817694313
2025-02-04 02:00:00+00:00,-0.002640495397628249
2025-02-04 03:00:00+00:00,-0.004060658380729263
2025-02-04 04:00:00+00:00,0.003665364772944772
2025-02-04 05:00:00+00:00,-0.015502123483555208
2025-02-04 06:00:00+00:00,-0.00032466027034755077
2025-02-04 07:00:00+00:00,-0.003200199420261173
2025-02-04 08:00:00+00:00,0.0020648026263455554
2025-02-04 09:00:00+00:00,0.001477441148439199
2025-02-04 10:00:00+00:00,0.00041590124767878166
2025-02-04 11:00:00+00:00,0.002822265218525808
2025-02-04 12:00:00+00:00,0.00012072183139807771
2025-02-04 13:00:00+00:00,0.001524902135241262
2025-02-04 14:00:00+00:00,-0.00013260772893572645
2025-02-04 15:00:00+00:00,-0.0028468805196153082
2025-02-04 16:00:00+00:00,0.004115454668168464
2025-02-04 17:00:00+00:00,-0.004103349835132962
2025-02-04 18:00:00+00:00,0.0038496362677452093
2025-02-04 19:00:00+00:00,-0.001601400085040375
2025-02-04 20:00:00+00:00,-0.005405887146141817
2025-02-04 21:00:00+00:00,0.0006089925034753757
2025-02-04 22:00:00+00:00,0.0009353793735976184
2025-02-04 23:00:00+00:00,0.004803115219890451
2025-02-05 00:00:00+00:00,-0.004213865558359662
2025-02-05 01:00:00+00:00,0.003011405924918045
2025-02-05 02:00:00+00:00,0.002519402098345318
2025-02-05 03:00:00+00:00,-0.002577926390677913
2025-02-05 04:00:00+00:00,0.001175736691713921
2025-02-05 05:00:00+00:00,0.006227677577890622
2025-02-05 06:00:00+00:00,0.0010614992908298312
2025-02-05 07:00:00+00:00,-0.0006156398991008053
2025-02-05 08:00:00+00:00,0.000669620075668793
2025-02-05 09:00:00+00:00,0.0035026538058203424
2025-02-05 10:00:00+00:00,-0.005174120228481943
2025-02-05 11:00:00+00:00,0.002960921960657108
2025-02-05 12:00:00+00:00,-0.0010821877338520927
2025-02-05 13:00:00+00:00,-0.0017512989422075243
2025-02-05 14:00:00+00:00,0.001528630918171311
2025-02-05 15:00:00+00:00,-0.0012947399720650541
2025-02-05 16:00:00+00:00,-0.0033846381362013897
2025-02-05 17:00:00+00:00,-0.0021559315272610844
2025-02-05 18:00:00+00:00,0.0034459463643207342
2025-02-05 19:00:00+00:00,0.0041863888166819825
2025-02-05 20:00:00+00:00,-0.0014387809713899652
2025-02-05 21:00:00+00:00,0.001681458563450019
2025-02-05 22:00:00+00:00,-0.0030404975718685235
2025-02-05 23:00:00+00:00,0.003242821098531773
2025-02-06 00:00:00+00:00,-0.0020087429747567497
2025-02-06 01:00:00+00:00,-0.0014849180606997464
2025-02-06 02:00:00+00:00,0.0027018921769622092
2025-02-06 03:00:00+00:00,0.0006654391410799877
2025-02-06 04:00:00+00:00,0.0019235790683486726
2025-02-06 05:00:00+00:00,-0.0028012352702354595
2025-02-06 06:00:00+00:00,-0.000671062194045386
2025-02-06 07:00:00+00:00,-0.0013580219129743646
2025-02-06 08:00:00+00:00,0.00034444653116363677
2025-02-06 09:00:00+00:00,-0.0007136793120649033
2025-02-06 10:00:00+00:00,0.00015039796897183268
2025-02-06 11:00:00+00:00,-0.005720473387462274
2025-02-06 12:00:00+00:00,0.0018723137676091117
2025-02-06 13:00:00+00:00,0.0012900184584607253
2025-02-06 14:00:00+00:00,-0.0006902460897055581
2025-02-06 15:00:00+00:00,-0.008933555792135589
2025-02-06 16:00:00+00:00,0.0032122846294169423
2025-02-06 17:00:00+00:00,0.0011979597932780736
2025-02-06 18:00:00+00:00,0.003638915197113134
2025-02-06 19:00:00+00:00,-4.270311816242948e-05
2025-02-06 20:00:00+00:00,-0.001272008242088219
2025-02-06 21:00:00+00:00,-0.006387549123829215
2025-02-06 22:00:00+00:00,0.0008896837761262735
2025-02-06 23:00:00+00:00,0.00017173802652407835
2025-02-07 00:00:00+00:00,0.0037589972461186216
2025-02-07 01:00:00+00:00,0.002466741692024866
2025-02-07 02:00:00+00:00,-0.0015691285124134694
2025-02-07 03:00:00+00:00,-0.003127563714403739
2025-02-07 04:00:00+00:00,0.001350208550216099
2025-02-07 05:00:00+00:00,-0.004546247229453788
2025-02-07 06:00:00+00:00,0.004812546670731617
2025-02-07 07:00:00+00:00,0.004249767543743958
2025-02-07 08:00:00+00:00,0.0006598167579561218
2025-02-07 09:00:00+00:00,0.00175318949840881
2025-02-07 10:00:00+00:00,0.00018424422906924097
2025-02-07 11:00:00+00:00,-0.0023206902727534832
2025-02-07 12:00:00+00:00,-0.00029655529210088395
2025-02-07 13:00:00+00:00,0.0017837249568519497
2025-02-07 14:00:00+00:00,0.0007913938276196544
2025-02-07 15:00:00+00:00,-0.0014021735862386115
2025-02-07 16:00:00+00:00,-0.004069316315032305
2025-02-07 17:00:00+00:00,0.0012536995564808755
2025-02-07 18:00:00+00:00,0.004399570103751147
2025-02-07 19:00:00+00:00,-0.00015629841661724092
2025-02-07 20:00:00+00:00,-0.006589082142279839
2025-02-07 21:00:00+00:00,-0.0026278769722322386
2025-02-07 22:00:00+00:00,-0.009349453930625915
2025-02-07 23:00:00+00:00,0.004969232495027967
2025-02-08 00:00:00+00:00,0.010657950779215213
2025-02-08 01:00:00+00:00,-0.003740273425596791
2025-02-08 02:00:00+00:00,-0.005541435248580072
2025-02-08 03:00:00+00:00,0.00595279955037288
2025-02-08 04:00:00+00:00,0.0009441585059125117
2025-02-08 05:00:00+00:00,-0.006243944971373853
2025-02-08 06:00:00+00:00,0.002919461130397355
2025-02-08 07:00:00+00:00,0.0027230023541926405
2025-02-08 08:00:00+00:00,-0.002288880232054456
2025-02-08 09:00:00+00:00,0.000631778887324976
2025-02-08 10:00:00+00:00,0.0001295987675757887
2025-02-08 11:00:00+00:00,0.0004889795018702729
2025-02-08 12:00:00+00:00,-0.0008094102639580023
2025-02-08 13:00:00+00:00,0.0029474397832399096
2025-02-08 14:00:00+00:00,-0.0011605528507253617
2025-02-08 15:00:00+00:00,0.001331048217634351
2025-02-08 16:00:00+00:00,-0.00042499726319017184
2025-02-08 17:00:00+00:00,0.005065171163441345
2025-02-08 18:00:00+00:00,0.0010577723690421844
2025-02-08 19:00:00+00:00,-0.0021268312608331043
2025-02-08 20:00:00+00:00,0.0011330619831670654
2025-02-08 21:00:00+00:00,0.002749292333393777
2025-02-08 22:00:00+00:00,-0.0011678888515647432
2025-02-08 23:00:00+00:00,0.0025764441847314556
2025-02-09 00:00:00+00:00,-0.0035491846412540502
2025-02-09 01:00:00+00:00,0.00030994090612430615
2025-02-09 02:00:00+00:00,-0.00015607216842217767
2025-02-09 03:00:00+00:00,0.006167963805677573
2025-02-09 04:00:00+00:00,-0.003443323995610637
2025-02-09 05:00:00+00:00,0.0005424214352843457
2025-02-09 06:00:00+00:00,-0.003493756351980345
2025-02-09 07:00:00+00:00,0.00431728914979164
2025-02-09 08:00:00+00:00,0.0008053715214465984
2025-02-09 09:00:00+00:00,0.0004217818408000208
2025-02-09 10:00:00+00:00,-0.0036232419221047378
2025-02-09 11:00:00+00:00,0.000976699293134167
2025-02-09 12:00:00+00:00,-0.00040085777132630633
2025-02-09 13:00:00+00:00,-0.0028794924991547956
2025-02-09 14:00:00+00:00,0.0010469219423232992
2025-02-09 15:00:00+00:00,0.00623116069901625
2025-02-09 16:00:00+00:00,0.002355562293041819
2025-02-09 17:00:00+00:00,-0.0008165387966016343
2025-02-09 18:00:00+00:00,-0.00021074717751155903
2025-02-09 19:00:00+00:00,-0.002810356274295833
2025-02-09 20:00:00+00:00,0.0007742308538565545
2025-02-09 21:00:00+00:00,-0.005573151505959064
2025-02-09 22:00:00+00:00,0.002626579726693485
2025-02-09 23:00:00+00:00,0.0028073793662538042
2025-02-10 00:00:00+00:00,0.005592415791026466
2025-02-10 01:00:00+00:00,-0.007348540376965653
2025-02-10 02:00:00+00:00,-0.0009364362428151386
2025-02-10 03:00:00+00:00,0.00572837565038099
2025-02-10 04:00:00+00:00,0.002315787694034125
2025-02-10 05:00:00+00:00,0.006165010241172426
2025-02-10 06:00:00+00:00,-0.005400127250895754
2025-02-10 07:00:00+00:00,0.00027599311378454384
2025-02-10 08:00:00+00:00,0.0011701974919805147
2025-02-10 09:00:00+00:00,0.0017685367037785348
2025-02-10 10:00:00+00:00,-0.001976510603984903
2025-02-10 11:00:00+00:00,0.0016351208213261806
2025-02-10 12:00:00+00:00,-0.0006103598749400128
2025-02-10 13:00:00+00:00,0.004420008360363514
2025-02-10 14:00:00+00:00,-0.0002682787419725884
2025-02-10 15:00:00+00:00,0.0008725220215762516
2025-02-10 16:00:00+00:00,0.0018795281830776777
2025-02-10 17:00:00+00:00,-0.00016004911064802497
2025-02-10 18:00:00+00:00,0.0014209260218467571
2025-02-10 19:00:00+00:00,-0.001289571858520956
2025-02-10 20:00:00+00:00,0.0032539480894602096
2025-02-10 21:00:00+00:00,-0.001988565393755205
2025-02-10 22:00:00+00:00,0.0005220525497148114
2025-02-10 23:00:00+00:00,-0.0017208944508821436
2025-02-11 00:00:00+00:00,0.009516676865383185
2025-02-11 01:00:00+00:00,0.0015324577127325198
2025-02-11 02:00:00+00:00,0.0001507257229220703
2025-02-11 03:00:00+00:00,0.0010969031029452658
2025-02-11 04:00:00+00:00,0.00465079623787719
2025-02-11 05:00:00+00:00,-0.0007690124196316206
2025-02-11 06:00:00+00:00,0.0052853450393865395
2025-02-11 07:00:00+00:00,-0.002030223653462672
2025-02-11 08:00:00+00:00,0.003425111101830044
2025-02-11 09:00:00+00:00,-0.0010034978192593074
2025-02-11 10:00:00+00:00,-0.0007028991860402931
2025-02-11 11:00:00+00:00,0.0013936713335074462
2025-02-11 12:00:00+00:00,-0.0006329867185857716
2025-02-11 13:00:00+00:00,-0.0013033824455721068
2025-02-11 14:00:00+00:00,0.007932186915348324
2025-02-11 15:00:00+00:00,-0.0018370302376458797
2025-02-11 16:00:00+00:00,0.0031110757408310025
2025-02-11 17:00:00+00:00,-0.002564406617241179
2025-02-11 18:00:00+00:00,-0.00133521943467476
2025-02-11 19:00:00+00:00,0.0017013892117274333
2025-02-11 20:00:00+00:00,0.00036335642327563157
2025-02-11 21:00:00+00:00,-0.0011575349427748673
2025-02-11 22:00:00+00:00,0.0012970246603804237
2025-02-11 23:00:00+00:00,-0.0002745580571675758
2025-02-12 00:00:00+00:00,0.0034049175694139803
2025-02-12 01:00:00+00:00,0.00033152172359792294
2025-02-12 02:00:00+00:00,0.0008258525745763269
2025-02-12 03:00:00+00:00,-0.0016877777461178198
2025-02-12 04:00:00+00:00,-0.004128400382851355
2025-02-12 05:00:00+00:00,0.002939094544261676
2025-02-12 06:00:00+00:00,-0.00019443530057218175
2025-02-12 07:00:00+00:00,-0.0020287299321079537
2025-02-12 08:00:00+00:00,-0.0012820868914093415
2025-02-12 09:00:00+00:00,0.0016124820988600583
2025-02-12 10:00:00+00:00,-0.0006392676800602121
2025-02-12 11:00:00+00:00,0.0026671111464787226
2025-02-12 12:00:00+00:00,0.0049994495052667195
2025-02-12 13:00:00+00:00,0.0004549446837582292
2025-02-12 14:00:00+00:00,-0.0051879696727871365
2025-02-12 15:00:00+00:00,0.004961954184894229
2025-02-12 16:00:00+00:00,-0.0001745718230709304
2025-02-12 17:00:00+00:00,0.005284473903382618
2025-02-12 18:00:00+00:00,0.0028298573481768917
2025-02-12 19:00:00+00:00,0.002713593972504288
2025-02-12 20:00:00+00:00,0.0017951437260691724
2025-02-12 21:00:00+00:00,-0.004194214229162489
2025-02-12 22:00:00+00:00,0.008486950679055413
2025-02-12 23:00:00+00:00,0.003296461180517322
2025-02-13 00:00:00+00:00,-0.003734263570279818
2025-02-13 01:00:00+00:00,0.0034189578064420796
2025-02-13 02:00:00+00:00,0.001838694139228122
2025-02-13 03:00:00+00:00,-0.0038966410725539222
2025-02-13 04:00:00+00:00,0.00930946200362854
2025-02-13 05:00:00+00:00,-0.004326464393337981
2025-02-13 06:00:00+00:00,-0.0006741581766338831
2025-02-13 07:00:00+00:00,0.0015584922172185594
2025-02-13 08:00:00+00:00,0.00199555432322249
2025-02-13 09:00:00+00:00,-0.002223383101388496
2025-02-13 10:00:00+00:00,-0.0024166786704816414
2025-02-13 11:00:00+00:00,-0.002798415603066019
2025-02-13 12:00:00+00:00,0.004568666147311237
2025-02-13 13:00:00+00:00,-0.01687834085015206
2025-02-13 14:00:00+00:00,0.016330523893141217
2025-02-13 15:00:00+00:00,-0.0026454990423281904
2025-02-13 16:00:00+00:00,0.022665570293772145
2025-02-13 17:00:00+00:00,0.0001506132281379506
2025-02-13 18:00:00+00:00,0.0013251365602952193
2025-02-13 19:00:00+00:00,0.002640203440454457
2025-02-13 20:00:00+00:00,-0.0022453364085172514
2025-02-13 21:00:00+00:00,0.0004828018499586214
2025-02-13 22:00:00+00:00,0.0016622141097752089
2025-02-13 23:00:00+00:00,-0.002097481369599387
2025-02-14 00:00:00+00:00,0.0017561053068337242
2025-02-14 01:00:00+00:00,0.0015026764586031412
2025-02-14 02:00:00+00:00,0.006173099551769957
2025-02-14 03:00:00+00:00,-0.000999506583808902
2025-02-14 04:00:00+00:00,-9.714807073799832e-05
2025-02-14 05:00:00+00:00,-0.0008806519388317477
2025-02-14 06:00:00+00:00,-0.0007027980640400237
2025-02-14 07:00:00+00:00,0.001296916813073035
2025-02-14 08:00:00+00:00,0.0015529876034278576
2025-02-14 09:00:00+00:00,0.005569665706965437
2025-02-14 10:00:00+00:00,-0.0005361520717902516
2025-02-14 11:00:00+00:00,-0.002239015487946703
2025-02-14 12:00:00+00:00,-0.000927264029570043
2025-02-14 13:00:00+00:00,0.005242579082023191
2025-02-14 14:00:00+00:00,0.0016972064658413587
2025-02-14 15:00:00+00:00,0.0060869376068307295
2025-02-14 16:00:00+00:00,-0.006826044804342426
2025-02-14 17:00:00+00:00,0.002163835378389935
2025-02-14 18:00:00+00:00,-0.0012253258787676463
2025-02-14 19:00:00+00:00,8.076784550192113e-05
2025-02-14 20:00:00+00:00,0.0030378549929917825
2025-02-14 21:00:00+00:00,0.0011770791813240536
2025-02-14 22:00:00+00:00,-0.0008503257520707527
2025-02-14 23:00:00+00:00,8.875570610726168e-05
2025-02-15 00:00:00+00:00,-0.0017490746538840946
2025-02-15 01:00:00+00:00,0.0017173764139314343
2025-02-15 02:00:00+00:00,-9.263812815721125e-06
2025-02-15 03:00:00+00:00,0.001989826652840208
2025-02-15 04:00:00+00:00,0.0027219465738091437
2025-02-15 05:00:00+00:00,-0.000639368353121208
2025-02-15 06:00:00+00:00,-0.0017059778143218114
2025-02-15 07:00:00+00:00,-0.0008468358056513884
2025-02-15 08:00:00+00:00,-0.0001241433020366926
2025-02-15 09:00:00+00:00,-0.0024109273471333878
2025-02-15 10:00:00+00:00,-0.00024990099722575987
2025-02-15 11:00:00+00:00,-0.0013357875106498318
2025-02-15 12:00:00+00:00,-0.00022195846947067172
2025-02-15 13:00:00+00:00,0.00016781754691466618
2025-02-15 14:00:00+00:00,-0.0015878750608515426
2025-02-15 15:00:00+00:00,-0.00012847190161109526
2025-02-15 16:00:00+00:00,0.00027370275743009544
2025-02-15 17:00:00+00:00,-0.001309120187405338
2025-02-15 18:00:00+00:00,0.001647928893553002
2025-02-15 19:00:00+00:00,-0.0018584648267200997
2025-02-15 20:00:00+00:00,-0.001635157425739937
2025-02-15 21:00:00+00:00,-0.00044242038844069824
2025-02-15 22:00:00+00:00,0.00018265764565994142
2025-02-15 23:00:00+00:00,0.0015822618145913815
2025-02-16 00:00:00+00:00,0.0022309098763565742
2025-02-16 01:00:00+00:00,-0.0019448851611880622
2025-02-16 02:00:00+00:00,-0.0012611119351066446
2025-02-16 03:00:00+00:00,0.0025831377448580902
2025-02-16 04:00:00+00:00,0.0013578273347999773
2025-02-16 05:00:00+00:00,-0.0010386835022343209
2025-02-16 06:00:00+00:00,0.002162496168375364
2025-02-16 07:00:00+00:00,-0.0016882632696755462
2025-02-16 08:00:00+00:00,0.0012850279880967136
2025-02-16 09:00:00+00:00,0.005633551911587809
2025-02-16 10:00:00+00:00,-0.0017631581785714748
2025-02-16 11:00:00+00:00,0.003002760026174267
2025-02-16 12:00:00+00:00,0.0007602820379199747
2025-02-16 13:00:00+00:00,-0.001573904808870797
2025-02-16 14:00:00+00:00,-0.002067281317891313
2025-02-16 15:00:00+00:00,0.00016128818198311675
2025-02-16 16:00:00+00:00,-0.001481185409118897
2025-02-16 17:00:00+00:00,0.0033975103617806266
2025-02-16 18:00:00+00:00,-0.003528635746110076
2025-02-16 19:00:00+00:00,-0.000987901226082248
2025-02-16 20:00:00+00:00,0.0013050614569946914
2025-02-16 21:00:00+00:00,-0.00016635336512754294
2025-02-16 22:00:00+00:00,0.0017285153499608165
2025-02-16 23:00:00+00:00,0.004852373359614809
2025-02-17 00:00:00+00:00,0.0014004629431832903
2025-02-17 01:00:00+00:00,0.003932955437514275
2025-02-17 02:00:00+00:00,6.497159327184806e-05
2025-02-17 03:00:00+00:00,-0.0031730441627594876
2025-02-17 04:00:00+00:00,-0.002176019646214175
2025-02-17 05:00:00+00:00,-0.0002376947949275724
2025-02-17 06:00:00+00:00,-0.00034146619341042116
2025-02-17 07:00:00+00:00,0.00019354856727005562
2025-02-17 08:00:00+00:00,0.00293505797888686
2025-02-17 09:00:00+00:00,0.00011370209005507711
2025-02-17 10:00:00+00:00,0.004361257000671114
2025-02-17 11:00:00+00:00,-0.00023275916156435778
2025-02-17 12:00:00+00:00,0.003572121837058646
2025-02-17 13:00:00+00:00,0.0004202921467401115
2025-02-17 14:00:00+00:00,0.000726422193336396
2025-02-17 15:00:00+00:00,-0.003787264131002953
2025-02-17 16:00:00+00:00,-0.0038634714051863656
2025-02-17 17:00:00+00:00,-9.795388415816464e-05
2025-02-17 18:00:00+00:00,-0.005143737521217417
2025-02-17 19:00:00+00:00,0.0022415556842701294
2025-02-17 20:00:00+00:00,-0.0029301558235330003
2025-02-17 21:00:00+00:00,0.004075027845162916
2025-02-17 22:00:00+00:00,-0.0006798882324616654
2025-02-17 23:00:00+00:00,-0.0008245816755049289
2025-02-18 00:00:00+00:00,-0.0012550311514946575
2025-02-18 01:00:00+00:00,-0.006452200467917265
2025-02-18 02:00:00+00:00,0.001505424936692349
2025-02-18 03:00:00+00:00,-0.0015726816662948602
2025-02-18 04:00:00+00:00,0.002815601202713015
2025-02-18 05:00:00+00:00,-0.0038979111269708
2025-02-18 06:00:00+00:00,-0.007509043299530446
2025-02-18 07:00:00+00:00,-0.0009654366306098411
2025-02-18 08:00:00+00:00,-0.0003030036377973495
2025-02-18 09:00:00+00:00,0.004867790043989078
2025-02-18 10:00:00+00:00,-0.004764992201354973
2025-02-18 11:00:00+00:00,0.0002511919298854661
2025-02-18 12:00:00+00:00,0.000883691228385418
2025-02-18 13:00:00+00:00,-0.0036528022777452596
2025-02-18 14:00:00+00:00,-0.002576577996291015
2025-02-18 15:00:00+00:00,-0.0014367466509431516
2025-02-18 16:00:00+00:00,0.004164870912075031
2025-02-18 17:00:00+00:00,0.006906064579426603
2025-02-18 18:00:00+00:00,0.00427754819733874
2025-02-18 19:00:00+00:00,-9.530301754478236e-05
2025-02-18 20:00:00+00:00,-0.0013418798032434416
2025-02-18 21:00:00+00:00,-0.0012384300218155498
2025-02-18 22:00:00+00:00,-0.001270622851653086
2025-02-18 23:00:00+00:00,0.0031177792950552057
2025-02-19 00:00:00+00:00,0.00033552760353902785
2025-02-19 01:00:00+00:00,-0.0042075727696783026
2025-02-19 02:00:00+00:00,0.004023936602780049
2025-02-19 03:00:00+00:00,-0.002527816755135573
2025-02-19 04:00:00+00:00,-0.004940422048836872
2025-02-19 05:00:00+00:00,0.004873419175771148
2025-02-19 06:00:00+00:00,0.0005270751110565678
2025-02-19 07:00:00+00:00,0.005016976055047698
2025-02-19 08:00:00+00:00,-0.0024930037372015677
2025-02-19 09:00:00+00:00,0.0014048385382811784
2025-02-19 10:00:00+00:00,-0.0016965753246392372
2025-02-19 11:00:00+00:00,0.0020330841188660313
2025-02-19 12:00:00+00:00,-0.0042003113216493
2025-02-19 13:00:00+00:00,0.0011648550011654941
2025-02-19 14:00:00+00:00,-0.0015053337792008915
2025-02-19 15:00:00+00:00,-0.0021002122142115805
2025-02-19 16:00:00+00:00,0.0013650484457488397
2025-02-19 17:00:00+00:00,-0.0004892247337358453
2025-02-19 18:00:00+00:00,0.003430317980091198
2025-02-19 19:00:00+00:00,-0.00566155045783629
2025-02-19 20:00:00+00:00,-0.00235529276785283
2025-02-19 21:00:00+00:00,-0.0029953762059640927
2025-02-19 22:00:00+00:00,0.00303188262188205
2025-02-19 23:00:00+00:00,-0.00039163459426755267
2025-02-20 00:00:00+00:00,0.003243960606158883
2025-02-20 01:00:00+00:00,-0.004844017493526508
2025-02-20 02:00:00+00:00,0.005233542609900769
2025-02-20 03:00:00+00:00,0.003114608373968665
2025-02-20 04:00:00+00:00,-0.002347230171821057
2025-02-20 05:00:00+00:00,0.001955334982779296
2025-02-20 06:00:00+00:00,-0.0025644847049213853
2025-02-20 07:00:00+00:00,-0.0015149473187361518
2025-02-20 08:00:00+00:00,0.00016048882893354428
2025-02-20 09:00:00+00:00,-0.002213570652327984
2025-02-20 10:00:00+00:00,0.003189051734829491
2025-02-20 11:00:00+00:00,0.005685414283503047
2025-02-20 12:00:00+00:00,-0.00266967654219188
2025-02-20 13:00:00+00:00,-0.001437717171821934
2025-02-20 14:00:00+00:00,0.00466719716352613
2025-02-20 15:00:00+00:00,-0.0018662711060366212
2025-02-20 16:00:00+00:00,-0.004530893332408341
2025-02-20 17:00:00+00:00,-0.0017234562307554074
2025-02-20 18:00:00+00:00,0.0005794652254452955
2025-02-20 19:00:00+00:00,0.0010551961288472298
2025-02-20 20:00:00+00:00,0.0005628143153250903
2025-02-20 21:00:00+00:00,-0.000239694020189725
2025-02-20 22:00:00+00:00,-0.0005614827191219322
2025-02-20 23:00:00+00:00,0.0032447128960073385
2025-02-21 00:00:00+00:00,-0.003346537473852685
2025-02-21 01:00:00+00:00,-0.0003257401685635061
2025-02-21 02:00:00+00:00,-0.0007234699474269603
2025-02-21 03:00:00+00:00,-0.0003236456881555672
2025-02-21 04:00:00+00:00,0.0022708563988289823
2025-02-21 05:00:00+00:00,-0.0011101081804267528
2025-02-21 06:00:00+00:00,0.0006049767238260602
2025-02-21 07:00:00+00:00,0.0027916785768901968
2025-02-21 08:00:00+00:00,0.0015976359150428224
2025-02-21 09:00:00+00:00,-0.0006007609242359097
2025-02-21 10:00:00+00:00,0.004412639400805492
2025-02-21 11:00:00+00:00,-0.003558670682894209
2025-02-21 12:00:00+00:00,0.0005360351681986264
2025-02-21 13:00:00+00:00,-0.00015480470574580026
2025-02-21 14:00:00+00:00,0.0007959984362260395
2025-02-21 15:00:00+00:00,-0.0029182830233123003
2025-02-21 16:00:00+00:00,-0.0024425878981034015
2025-02-21 17:00:00+00:00,0.0001009747264825295
2025-02-21 18:00:00+00:00,0.005656777856881954
2025-02-21 19:00:00+00:00,0.0013310894844466223
2025-02-21 20:00:00+00:00,0.0023869991661330373
2025-02-21 21:00:00+00:00,0.0028938661192884343
2025-02-21 22:00:00+00:00,0.003504635334324852
2025-02-21 23:00:00+00:00,-0.006757204002091565
2025-02-22 00:00:00+00:00,0.004913090368278388
2025-02-22 01:00:00+00:00,-0.00039593474888196335
2025-02-22 02:00:00+00:00,-0.0005856277249954312
2025-02-22 03:00:00+00:00,-0.0015631270021561707
2025-02-22 04:00:00+00:00,0.0014736244391590784
2025-02-22 05:00:00+00:00,0.000940605354034329
2025-02-22 06:00:00+00:00,-0.001744476227419671
2025-02-22 07:00:00+00:00,0.002165923745491572
2025-02-22 08:00:00+00:00,-0.00043665549863658616
2025-02-22 09:00:00+00:00,0.0007888115273875895
2025-02-22 10:00:00+00:00,0.0015194669456298395
2025-02-22 11:00:00+00:00,-0.001061245521419237
2025-02-22 12:00:00+00:00,-0.00313591826843604
2025-02-22 13:00:00+00:00,0.0014029062383588851
2025-02-22 14:00:00+00:00,0.002036148394021053
2025-02-22 15:00:00+00:00,0.0019789026735630034
2025-02-22 16:00:00+00:00,0.0006749649512591641
2025-02-22 17:00:00+00:00,0.0007962153271417047
2025-02-22 18:00:00+00:00,0.00022174695398225166
2025-02-22 19:00:00+00:00,-0.002544608622078781
2025-02-22 20:00:00+00:00,-0.00032010063576571517
2025-02-22 21:00:00+00:00,-0.00010342471101802914
2025-02-22 22:00:00+00:00,0.0005374859242004691
2025-02-22 23:00:00+00:00,0.001658436495724768
2025-02-23 00:00:00+00:00,-0.0015404974800698563
2025-02-23 01:00:00+00:00,-0.001892922547519241
2025-02-23 02:00:00+00:00,-0.0007075051359351523
2025-02-23 03:00:00+00:00,0.0020110784121978053
2025-02-23 04:00:00+00:00,0.0012916370749656396
2025-02-23 05:00:00+00:00,0.0027132012772187078
2025-02-23 06:00:00+00:00,-0.0018086127576599647
2025-02-23 07:00:00+00:00,0.0023406084744143916
2025-02-23 08:00:00+00:00,-0.00041508425952827997
2025-02-23 09:00:00+00:00,-0.0020773181324751115
2025-02-23 10:00:00+00:00,0.004033577391648745
2025-02-23 11:00:00+00:00,-0.002408798973675086
2025-02-23 12:00:00+00:00,0.0011420703947560176
2025-02-23 13:00:00+00:00,0.0003041237320129413
2025-02-23 14:00:00+00:00,0.0012830009657879738
2025-02-23 15:00:00+00:00,-0.0038820934678360317
2025-02-23 16:00:00+00:00,0.0010687069337759084
2025-02-23 17:00:00+00:00,0.0008460656493413374
2025-02-23 18:00:00+00:00,0.00052168531440319
2025-02-23 19:00:00+00:00,-0.0008977032234830673
2025-02-23 20:00:00+00:00,-0.001295812120477113
2025-02-23 21:00:00+00:00,0.0045328894953326196
2025-02-23 22:00:00+00:00,-0.0019992849562506265
2025-02-23 23:00:00+00:00,-0.0020572806067482175
2025-02-24 00:00:00+00:00,-0.0021743231495246064
2025-02-24 01:00:00+00:00,-0.005017350831291274
2025-02-24 02:00:00+00:00,-0.002726002525591416
2025-02-24 03:00:00+00:00,-0.006067207744372775
2025-02-24 04:00:00+00:00,-0.001254342422759263
2025-02-24 05:00:00+00:00,-0.0011892951957432158
2025-02-24 06:00:00+00:00,0.0009136607731683126
2025-02-24 07:00:00+00:00,0.0007067988120035273
2025-02-24 08:00:00+00:00,-0.005484369616420728
2025-02-24 09:00:00+00:00,0.00019066480236706364
2025-02-24 10:00:00+00:00,-0.001883919692703882
2025-02-24 11:00:00+00:00,0.0016791284000044662
2025-02-24 12:00:00+00:00,-7.389352192500336e-05
2025-02-24 13:00:00+00:00,-0.0011484119289070535
2025-02-24 14:00:00+00:00,-0.0021492485633909514
2025-02-24 15:00:00+00:00,0.0006631140412509235
2025-02-24 16:00:00+00:00,0.00042692658414067675
2025-02-24 17:00:00+00:00,0.0034420964399941405
2025-02-24 18:00:00+00:00,-0.002103243149853777
2025-02-24 19:00:00+00:00,-0.0032423055175632713
2025-02-24 20:00:00+00:00,0.0011149369239268514
2025-02-24 21:00:00+00:00,-0.003756816091086054
2025-02-24 22:00:00+00:00,-0.015231350394242496
2025-02-24 23:00:00+00:00,0.016077965258030024
2025-02-25 00:00:00+00:00,-0.004909852207709777
2025-02-25 01:00:00+00:00,-0.007705108782282755
2025-02-25 02:00:00+00:00,0.0038496956750487176
2025-02-25 03:00:00+00:00,-0.0032436908476221214
2025-02-25 04:00:00+00:00,-0.0010085722108408922
2025-02-25 05:00:00+00:00,0.006563733419909608
2025-02-25 06:00:00+00:00,-0.0036608891494349332
2025-02-25 07:00:00+00:00,0.01363570622737738
2025-02-25 08:00:00+00:00,0.0068037054668499365
2025-02-25 09:00:00+00:00,0.0019962845280841555
2025-02-25 10:00:00+00:00,0.0072931434316820054
2025-02-25 11:00:00+00:00,0.0026040570852874506
2025-02-25 12:00:00+00:00,5.0438524683093854e-05
2025-02-25 13:00:00+00:00,0.006933490723619962
2025-02-25 14:00:00+00:00,0.007793194689628868
2025-02-25 15:00:00+00:00,0.007987904781340953
2025-02-25 16:00:00+00:00,0.0022678860878090185
2025-02-25 17:00:00+00:00,-0.0002420163170668017
2025-02-25 18:00:00+00:00,-0.001427187984512959
2025-02-25 19:00:00+00:00,0.0023191294352845593
2025-02-25 20:00:00+00:00,-0.004203851780335373
2025-02-25 21:00:00+00:00,0.0040378713512938345
2025-02-25 22:00:00+00:00,-0.0001706151909811083
2025-02-25 23:00:00+00:00,0.001023892069287452
2025-02-26 00:00:00+00:00,0.003624046905220716
2025-02-26 01:00:00+00:00,-0.0009178057306213551
2025-02-26 02:00:00+00:00,0.0019146564831232882
2025-02-26 03:00:00+00:00,-0.0015659941573406763
2025-02-26 04:00:00+00:00,0.0029536252542266416
2025-02-26 05:00:00+00:00,0.000701016091722526
2025-02-26 06:00:00+00:00,0.0009435410170142101
2025-02-26 07:00:00+00:00,-0.00458352501287962
2025-02-26 08:00:00+00:00,-0.0009044400846313624
2025-02-26 09:00:00+00:00,7.900154887297257e-05
2025-02-26 10:00:00+00:00,-0.00029936725538632405
2025-02-26 11:00:00+00:00,-0.0003953245364083024
2025-02-26 12:00:00+00:00,0.006244609073760006
2025-02-26 13:00:00+00:00,0.001971633546638138
2025-02-26 14:00:00+00:00,0.0008380847826605221
2025-02-26 15:00:00+00:00,0.0027347422044137703
2025-02-26 16:00:00+00:00,-0.0023148695688622956
2025-02-26 17:00:00+00:00,0.0012991463870240623
2025-02-26 18:00:00+00:00,0.006233806880208688
2025-02-26 19:00:00+00:00,0.0013413037441531326
2025-02-26 20:00:00+00:00,0.0011141975452433378
2025-02-26 21:00:00+00:00,0.004965757560526536
2025-02-26 22:00:00+00:00,-0.008363770741921918
2025-02-26 23:00:00+00:00,0.017941520700911123
2025-02-27 00:00:00+00:00,0.004667097525280302
2025-02-27 01:00:00+00:00,-0.005390652520891168
2025-02-27 02:00:00+00:00,0.000978393963090341
2025-02-27 03:00:00+00:00,0.0032864989994899857
2025-02-27 04:00:00+00:00,0.003184817593684259
2025-02-27 05:00:00+00:00,0.00019308197361582558
2025-02-27 06:00:00+00:00,0.005657936810318218
2025-02-27 07:00:00+00:00,-0.005250411415803925
2025-02-27 08:00:00+00:00,-0.0021502751880009587
2025-02-27 09:00:00+00:00,0.0026374440532782057
2025-02-27 10:00:00+00:00,-0.004602612091431947
2025-02-27 11:00:00+00:00,0.002098310443923684
2025-02-27 12:00:00+00:00,0.0011798307690817677
2025-02-27 13:00:00+00:00,-0.001121782717356918
2025-02-27 14:00:00+00:00,-0.004748728921352898
2025-02-27 15:00:00+00:00,0.004366070248152198
2025-02-27 16:00:00+00:00,-0.0010657877564127288
2025-02-27 17:00:00+00:00,0.0031091475645336894
2025-02-27 18:00:00+00:00,0.0008536352412019377
2025-02-27 19:00:00+00:00,-0.003360935223463648
2025-02-27 20:00:00+00:00,0.005821120557514258
2025-02-27 21:00:00+00:00,-0.0011161625542509108
2025-02-27 22:00:00+00:00,-0.001426306058191681
2025-02-27 23:00:00+00:00,-0.0013865991209261227
2025-02-28 00:00:00+00:00,0.0061798324479291076
2025-02-28 01:00:00+00:00,0.0018427117153246477
2025-02-28 02:00:00+00:00,-0.0007788782655731647
2025-02-28 03:00:00+00:00,0.003634226500092442
2025-02-28 04:00:00+00:00,0.0006785349170967782
2025-02-28 05:00:00+00:00,0.0053063609376586135
2025-02-28 06:00:00+00:00,0.004720066210587783
2025-02-28 07:00:00+00:00,0.0015504033171516386
2025-02-28 08:00:00+00:00,0.009054991923286055
2025-02-28 09:00:00+00:00,0.005412831626911156
2025-02-28 10:00:00+00:00,0.001591934951233253
2025-02-28 11:00:00+00:00,0.005891399002610156
2025-02-28 12:00:00+00:00,0.0061543621513572505
2025-02-28 13:00:00+00:00,-0.004750498151849135
2025-02-28 14:00:00+00:00,0.008074835689487485
2025-02-28 15:00:00+00:00,0.00014908564625234596
2025-02-28 16:00:00+00:00,0.010101365498704737
2025-02-28 17:00:00+00:00,-0.0015895284463902128
2025-02-28 18:00:00+00:00,-0.000920547135569547
2025-02-28 19:00:00+00:00,0.0017669742226325443
2025-02-28 20:00:00+00:00,0.0005389103250811471
2025-02-28 21:00:00+00:00,-0.0075336136822253
2025-02-28 22:00:00+00:00,0.004073392491089236
2025-02-28 23:00:00+00:00,-0.0009392215428975129
2025-03-01 00:00:00+00:00,0.001170575771562417
2025-03-01 01:00:00+00:00,-0.00040008422315925105
2025-03-01 02:00:00+00:00,0.003887403714770129
2025-03-01 03:00:00+00:00,0.004010221126169054
2025-03-01 04:00:00+00:00,0.0032691896737417495
2025-03-01 05:00:00+00:00,-0.004681218984478797
2025-03-01 06:00:00+00:00,-0.0032319474648950437
2025-03-01 07:00:00+00:00,-0.0032501769709656347
2025-03-01 08:00:00+00:00,0.00012789380074237905
2025-03-01 09:00:00+00:00,-0.0023051994054386323
2025-03-01 10:00:00+00:00,-0.005400809819605882
2025-03-01 11:00:00+00:00,0.0012989418374130222
2025-03-01 12:00:00+00:00,-0.0030738965992383404
2025-03-01 13:00:00+00:00,0.0007796676388424585
2025-03-01 14:00:00+00:00,-0.0028568844134861824
2025-03-01 15:00:00+00:00,0.002980567069406343
2025-03-01 16:00:00+00:00,0.00569683397000891
2025-03-01 17:00:00+00:00,-0.002293176286423576
2025-03-01 18:00:00+00:00,0.00213827168064184
2025-03-01 19:00:00+00:00,0.00015355721302458177
2025-03-01 20:00:00+00:00,2.916442447226583e-05
2025-03-01 21:00:00+00:00,0.0036258987252568604
2025-03-01 22:00:00+00:00,0.00032515987557387967
2025-03-01 23:00:00+00:00,0.005392993700640228
2025-03-02 00:00:00+00:00,0.010264650447365324
2025-03-02 01:00:00+00:00,-0.0008683785942407775
2025-03-02 02:00:00+00:00,-0.0007498488305022208
2025-03-02 03:00:00+00:00,0.002744623204614544
2025-03-02 04:00:00+00:00,0.0001351066534942009
2025-03-02 05:00:00+00:00,-0.0022333585864534366
2025-03-02 06:00:00+00:00,0.002427917024090688
2025-03-02 07:00:00+00:00,-0.00200691364934491
2025-03-02 08:00:00+00:00,-8.304458986114235e-05
2025-03-02 09:00:00+00:00,0.004737337908745891
2025-03-02 10:00:00+00:00,-0.001783715072783173
2025-03-02 11:00:00+00:00,0.0005408321151887619
2025-03-02 12:00:00+00:00,-0.0018838038603186912
2025-03-02 13:00:00+00:00,-0.002708187142005207
2025-03-02 14:00:00+00:00,0.0010475724372807596
2025-03-02 15:00:00+00:00,0.019758056906081234
2025-03-02 16:00:00+00:00,-0.005641594597817834
2025-03-02 17:00:00+00:00,0.020257971586758097
2025-03-02 18:00:00+00:00,0.006175275312546365
2025-03-02 19:00:00+00:00,-0.00728515287459451
2025-03-02 20:00:00+00:00,0.00948374288722651
2025-03-02 21:00:00+00:00,-0.004338325845247152
2025-03-02 22:00:00+00:00,-0.0022720818533451094
2025-03-02 23:00:00+00:00,-0.022643081317318122
2025-03-03 00:00:00+00:00,0.003537102452250159
2025-03-03 01:00:00+00:00,0.004266894247528564
2025-03-03 02:00:00+00:00,-0.0031312915407751794
2025-03-03 03:00:00+00:00,0.002437054277726431
2025-03-03 04:00:00+00:00,-0.0009111691849358973
2025-03-03 05:00:00+00:00,0.005071454508904963
2025-03-03 06:00:00+00:00,0.0026828589138253103
2025-03-03 07:00:00+00:00,0.005626658280421917
2025-03-03 08:00:00+00:00,0.012193378474080594
2025-03-03 09:00:00+00:00,0.0024255108939899156
2025-03-03 10:00:00+00:00,-0.01099988174124352
2025-03-03 11:00:00+00:00,0.007423810770051268
2025-03-03 12:00:00+00:00,-0.0037784899912247927
2025-03-03 13:00:00+00:00,-0.00014979235171735765
2025-03-03 14:00:00+00:00,-0.011278608207742034
2025-03-03 15:00:00+00:00,0.0015622754065578715
2025-03-03 16:00:00+00:00,-0.0032188068758220558
2025-03-03 17:00:00+00:00,-0.0017305731778219746
2025-03-03 18:00:00+00:00,-0.0014961563845802056
2025-03-03 19:00:00+00:00,0.007474911289407382
2025-03-03 20:00:00+00:00,-0.013367147268173932
2025-03-03 21:00:00+00:00,0.01553756386873816
2025-03-03 22:00:00+00:00,0.000593124142206434
2025-03-03 23:00:00+00:00,0.0003199175057967626
2025-03-04 00:00:00+00:00,0.007000553101356267
2025-03-04 01:00:00+00:00,-0.00972186598664514
2025-03-04 02:00:00+00:00,-0.0027216629690383644
2025-03-04 03:00:00+00:00,-0.0021399967742017074
2025-03-04 04:00:00+00:00,0.004469673846751002
2025-03-04 05:00:00+00:00,-0.008553460732612376
2025-03-04 06:00:00+00:00,0.004273695856981186
2025-03-04 07:00:00+00:00,-0.0011007769590331313
2025-03-04 08:00:00+00:00,-0.0025023014563440656
2025-03-04 09:00:00+00:00,0.002969667213513436
2025-03-04 10:00:00+00:00,-0.005078664517711328
2025-03-04 11:00:00+00:00,0.007537356996520642
2025-03-04 12:00:00+00:00,0.0034229457867512537
2025-03-04 13:00:00+00:00,-0.007303795961087291
2025-03-04 14:00:00+00:00,-0.0011809121876047459
2025-03-04 15:00:00+00:00,-0.014666352385312142
2025-03-04 16:00:00+00:00,-0.01254839225690413
2025-03-04 17:00:00+00:00,0.012943688297129578
2025-03-04 18:00:00+00:00,0.002204180166564591
2025-03-04 19:00:00+00:00,0.01080642233098722
2025-03-04 20:00:00+00:00,0.0031669225013224197
2025-03-04 21:00:00+00:00,0.0029123957777974644
2025-03-04 22:00:00+00:00,0.002490179713160879
2025-03-04 23:00:00+00:00,-0.0014791502785449844
2025-03-05 00:00:00+00:00,-0.0026569808712864373
2025-03-05 01:00:00+00:00,-0.00033238233855233503
2025-03-05 02:00:00+00:00,-0.009142137817779786
2025-03-05 03:00:00+00:00,0.014018936225106353
2025-03-05 04:00:00+00:00,-0.0037754046306922914
2025-03-05 05:00:00+00:00,0.00425823050996132
2025-03-05 06:00:00+00:00,-0.0014641609914935044
2025-03-05 07:00:00+00:00,0.000203436410795234
2025-03-05 08:00:00+00:00,-0.0019531650492741336
2025-03-05 09:00:00+00:00,0.003528238416704119
2025-03-05 10:00:00+00:00,0.0003565210949777309
2025-03-05 11:00:00+00:00,0.003422868312907155
2025-03-05 12:00:00+00:00,-0.001598461385296075
2025-03-05 13:00:00+00:00,0.0036777833559582906
2025-03-05 14:00:00+00:00,-0.004331631558148562
2025-03-05 15:00:00+00:00,0.0031826723370618456
2025-03-05 16:00:00+00:00,-0.00239365627550172
2025-03-05 17:00:00+00:00,-0.001320567589490783
2025-03-05 18:00:00+00:00,-0.0008911049198338901
2025-03-05 19:00:00+00:00,0.0018787433889564395
2025-03-05 20:00:00+00:00,0.004870776516153214
2025-03-05 21:00:00+00:00,0.00714235170138686
2025-03-05 22:00:00+00:00,-0.001551604101488723
2025-03-05 23:00:00+00:00,0.004848544470679202
2025-03-06 00:00:00+00:00,0.005009790040380017
2025-03-06 01:00:00+00:00,0.0005916066732304084
2025-03-06 02:00:00+00:00,0.006198169459131046
2025-03-06 03:00:00+00:00,0.006531787231314753
2025-03-06 04:00:00+00:00,0.0011182066764864158
2025-03-06 05:00:00+00:00,0.016868158671207695
2025-03-06 06:00:00+00:00,-0.005418835703745492
2025-03-06 07:00:00+00:00,-0.0021751884021898914
2025-03-06 08:00:00+00:00,-0.0031741394814106057
2025-03-06 09:00:00+00:00,-0.00671211555096297
2025-03-06 10:00:00+00:00,-0.00017596187978063875
2025-03-06 11:00:00+00:00,0.0021671170811914113
2025-03-06 12:00:00+00:00,-0.0019451317609767236
2025-03-06 13:00:00+00:00,-0.00831339444042455
2025-03-06 14:00:00+00:00,0.0011454551564792027
2025-03-06 15:00:00+00:00,0.002889389164240211
2025-03-06 16:00:00+00:00,-0.00010096359103695243
2025-03-06 17:00:00+00:00,-0.006539358599365392
2025-03-06 18:00:00+00:00,-0.0006831601901029474
2025-03-06 19:00:00+00:00,-0.003658227690276618
2025-03-06 20:00:00+00:00,9.705926332464012e-05
2025-03-06 21:00:00+00:00,0.0005605731988308901
2025-03-06 22:00:00+00:00,0.007853724968459824
2025-03-06 23:00:00+00:00,-0.0035938217179360367
2025-03-07 00:00:00+00:00,0.004576266398315317
2025-03-07 01:00:00+00:00,-0.0015401167689576753
2025-03-07 02:00:00+00:00,-0.0005535445763107618
2025-03-07 03:00:00+00:00,0.002963205111466083
2025-03-07 04:00:00+00:00,-0.004573192576215482
2025-03-07 05:00:00+00:00,0.0005654111670968607
2025-03-07 06:00:00+00:00,0.0043046054085741315
2025-03-07 07:00:00+00:00,0.0023641897959946045
2025-03-07 08:00:00+00:00,0.00037403151230793944
2025-03-07 09:00:00+00:00,0.0022177005401016157
2025-03-07 10:00:00+00:00,-0.0001477777408337743
2025-03-07 11:00:00+00:00,-0.0027740616770992113
2025-03-07 12:00:00+00:00,0.00043175370454789344
2025-03-07 13:00:00+00:00,0.004566425189880141
2025-03-07 14:00:00+00:00,0.004526217025585951
2025-03-07 15:00:00+00:00,-0.0002749878290149292
2025-03-07 16:00:00+00:00,0.0010391429419648551
2025-03-07 17:00:00+00:00,-0.0008491404629050675
2025-03-07 18:00:00+00:00,0.002115610162829632
2025-03-07 19:00:00+00:00,0.0007156336847553336
2025-03-07 20:00:00+00:00,-0.006613971279707022
2025-03-07 21:00:00+00:00,0.002955447784342814
2025-03-07 22:00:00+00:00,-0.000503394009284241
2025-03-07 23:00:00+00:00,0.0013159776510307357
2025-03-08 00:00:00+00:00,-0.003275378978796953
2025-03-08 01:00:00+00:00,0.0020298017631651295
2025-03-08 02:00:00+00:00,0.0010690425500126913
2025-03-08 03:00:00+00:00,0.0028983596384642572
2025-03-08 04:00:00+00:00,-0.0008837558999526224
2025-03-08 05:00:00+00:00,-0.0005331502404496343
2025-03-08 06:00:00+00:00,-0.0015849568968088847
2025-03-08 07:00:00+00:00,-0.0006501573443037564
2025-03-08 08:00:00+00:00,0.002333709169922085
2025-03-08 09:00:00+00:00,0.006053134065016037
2025-03-08 10:00:00+00:00,0.00020379063022199931
2025-03-08 11:00:00+00:00,0.003916610824715449
2025-03-08 12:00:00+00:00,-0.0005892387864116301
2025-03-08 13:00:00+00:00,-0.002237371157271264
2025-03-08 14:00:00+00:00,0.0023854739528319153
2025-03-08 15:00:00+00:00,0.0006820209077821346
2025-03-08 16:00:00+00:00,0.0013026746035931108
2025-03-08 17:00:00+00:00,0.0004707065576310918
2025-03-08 18:00:00+00:00,0.004729704440069118
2025-03-08 19:00:00+00:00,-0.0013324464797286409
2025-03-08 20:00:00+00:00,0.001790745139190859
2025-03-08 21:00:00+00:00,-0.00071197628125212
2025-03-08 22:00:00+00:00,-0.0004300372099969603
2025-03-08 23:00:00+00:00,0.0010011168925951179
2025-03-09 00:00:00+00:00,-0.0004717637007387687
2025-03-09 01:00:00+00:00,0.0023660606329853335
2025-03-09 02:00:00+00:00,-0.0009088241112410995
2025-03-09 03:00:00+00:00,-0.0011191702523258354
2025-03-09 04:00:00+00:00,0.0013305438826627515
2025-03-09 05:00:00+00:00,-0.003746509362823746
2025-03-09 06:00:00+00:00,-0.0052984404921393455
2025-03-09 07:00:00+00:00,0.0028710635137847336
2025-03-09 08:00:00+00:00,0.0029742120202948105
2025-03-09 09:00:00+00:00,0.0009138868180635915
2025-03-09 10:00:00+00:00,-0.005182561795474518
2025-03-09 11:00:00+00:00,0.006412330763273313
2025-03-09 12:00:00+00:00,-0.001673429178541741
2025-03-09 13:00:00+00:00,-0.0017045462597674067
2025-03-09 14:00:00+00:00,-0.00903625176843325
2025-03-09 15:00:00+00:00,0.0035497865203771776
2025-03-09 16:00:00+00:00,-0.0061731199180625786
2025-03-09 17:00:00+00:00,0.0034687707645200266
2025-03-09 18:00:00+00:00,0.0014188876310974785
2025-03-09 19:00:00+00:00,-0.008260083127435197
2025-03-09 20:00:00+00:00,0.0010171017587898997
2025-03-09 21:00:00+00:00,-0.0004688720649480125
2025-03-09 22:00:00+00:00,0.002152752203150639
2025-03-09 23:00:00+00:00,0.0015577319752202448
2025-03-10 00:00:00+00:00,-0.002625250859045088
2025-03-10 01:00:00+00:00,0.006629504816896348
2025-03-10 02:00:00+00:00,-0.00206343293973366
2025-03-10 03:00:00+00:00,0.001551070384740261
2025-03-10 04:00:00+00:00,0.0036680517991408766
2025-03-10 05:00:00+00:00,0.0003929548624530539
2025-03-10 06:00:00+00:00,-0.0016748784119377503
2025-03-10 07:00:00+00:00,0.0004433502048341084
2025-03-10 08:00:00+00:00,-0.0030158364984788646
2025-03-10 09:00:00+00:00,0.010768452678693977
2025-03-10 10:00:00+00:00,-0.002849813787383581
2025-03-10 11:00:00+00:00,0.004013601793363846
2025-03-10 12:00:00+00:00,0.0025579989664333814
2025-03-10 13:00:00+00:00,-0.0018817501481837012
2025-03-10 14:00:00+00:00,-0.006414143682325545
2025-03-10 15:00:00+00:00,0.0011076014872760556
2025-03-10 16:00:00+00:00,0.0008303909415677991
2025-03-10 17:00:00+00:00,-0.014070084621221857
2025-03-10 18:00:00+00:00,-0.006776704871832298
2025-03-10 19:00:00+00:00,-0.0034087285043539117
2025-03-10 20:00:00+00:00,0.0007897047145890547
2025-03-10 21:00:00+00:00,0.012608288070118236
2025-03-10 22:00:00+00:00,0.0045934370384761
2025-03-10 23:00:00+00:00,-0.0006297954059714039
2025-03-11 00:00:00+00:00,-0.014341027469265183
2025-03-11 01:00:00+00:00,0.003699086124634051
2025-03-11 02:00:00+00:00,0.002479907251859333
2025-03-11 03:00:00+00:00,-0.001515373207348055
2025-03-11 04:00:00+00:00,-0.0005099176256551555
2025-03-11 05:00:00+00:00,-0.0007666183511107092
2025-03-11 06:00:00+00:00,0.010193383939258584
2025-03-11 07:00:00+00:00,0.0007913517773822259
2025-03-11 08:00:00+00:00,-0.0028505485426796456
2025-03-11 09:00:00+00:00,-0.003449204300225993
2025-03-11 10:00:00+00:00,-0.0001920550909231871
2025-03-11 11:00:00+00:00,0.0024091674825286245
2025-03-11 12:00:00+00:00,0.0005769703958917789
2025-03-11 13:00:00+00:00,-0.004089402515518265
2025-03-11 14:00:00+00:00,-0.003505928271709391
2025-03-11 15:00:00+00:00,0.027793610304945288
2025-03-11 16:00:00+00:00,0.006553296759655927
2025-03-11 17:00:00+00:00,-0.0011543496144821258
2025-03-11 18:00:00+00:00,0.004327903599684426
2025-03-11 19:00:00+00:00,0.007104935918254818
2025-03-11 20:00:00+00:00,0.0010657990622735022
2025-03-11 21:00:00+00:00,0.0007777988351632118
2025-03-11 22:00:00+00:00,-0.0010341829932897842
2025-03-11 23:00:00+00:00,-0.0034202610423553206
2025-03-12 00:00:00+00:00,-0.0039399613727973196
2025-03-12 01:00:00+00:00,-0.004634470875874489
2025-03-12 02:00:00+00:00,-0.00262785561641241
2025-03-12 03:00:00+00:00,0.0002603567458450247
2025-03-12 04:00:00+00:00,-0.0023886391637270164
2025-03-12 05:00:00+00:00,0.002042536500310666
2025-03-12 06:00:00+00:00,0.00259968990470956
2025-03-12 07:00:00+00:00,0.0002759660221375026
2025-03-12 08:00:00+00:00,0.0036205222439438093
2025-03-12 09:00:00+00:00,-0.0018480344530308614
2025-03-12 10:00:00+00:00,0.0011621441672210202
2025-03-12 11:00:00+00:00,-0.001378524873630406
2025-03-12 12:00:00+00:00,0.00476701685761786
2025-03-12 13:00:00+00:00,0.0022957857489397738
2025-03-12 14:00:00+00:00,-0.005916147987880497
2025-03-12 15:00:00+00:00,-0.006431086483183066
2025-03-12 16:00:00+00:00,0.004130668232008423
2025-03-12 17:00:00+00:00,0.0021903469845435427
2025-03-12 18:00:00+00:00,0.00031548603595287606
2025-03-12 19:00:00+00:00,0.002460008972375375
2025-03-12 20:00:00+00:00,0.0059563387462069906
2025-03-12 21:00:00+00:00,0.005524704551096602
2025-03-12 22:00:00+00:00,0.00235064689122936
2025-03-12 23:00:00+00:00,-0.0029069193541834152
2025-03-13 00:00:00+00:00,0.002104373602244793
2025-03-13 01:00:00+00:00,-0.001094515931552809
2025-03-13 02:00:00+00:00,0.0005701956848866947
2025-03-13 03:00:00+00:00,-0.0022501676569163104
2025-03-13 04:00:00+00:00,0.0007217601739292339
2025-03-13 05:00:00+00:00,-0.005658803096596936
2025-03-13 06:00:00+00:00,0.003685841524779051
2025-03-13 07:00:00+00:00,0.00031146835204003863
2025-03-13 08:00:00+00:00,0.002686041772397058
2025-03-13 09:00:00+00:00,-0.0056645962486195165
2025-03-13 10:00:00+00:00,0.006627161874551065
2025-03-13 11:00:00+00:00,-0.004298686441213389
2025-03-13 12:00:00+00:00,-0.0025618694786611225
2025-03-13 13:00:00+00:00,-0.002172149962911777
2025-03-13 14:00:00+00:00,-0.0011887390510875965
2025-03-13 15:00:00+00:00,0.0038132228028948272
2025-03-13 16:00:00+00:00,-0.0008895766194934303
2025-03-13 17:00:00+00:00,-0.0018802357275500344
2025-03-13 18:00:00+00:00,-0.0015501870088979854
2025-03-13 19:00:00+00:00,0.0015304711405882759
2025-03-13 20:00:00+00:00,0.002778894934933881
2025-03-13 21:00:00+00:00,0.0009166549583956295
2025-03-13 22:00:00+00:00,0.0024587666575274897
2025-03-13 23:00:00+00:00,1.1223829136551025e-05
2025-03-14 00:00:00+00:00,0.0019609657766131694
2025-03-14 01:00:00+00:00,0.0038019383962521703
2025-03-14 02:00:00+00:00,0.00024420213094818676
2025-03-14 03:00:00+00:00,0.002612775578968375
2025-03-14 04:00:00+00:00,-0.002886581073866637
2025-03-14 05:00:00+00:00,-0.0005699029762988687
2025-03-14 06:00:00+00:00,0.0017638295629953296
2025-03-14 07:00:00+00:00,0.0007011484954004695
2025-03-14 08:00:00+00:00,-0.000579836113763117
2025-03-14 09:00:00+00:00,-0.0011579044365837153
2025-03-14 10:00:00+00:00,0.0016880693812891664
2025-03-14 11:00:00+00:00,-0.0005797096163859917
2025-03-14 12:00:00+00:00,0.00017886959877451314
2025-03-14 13:00:00+00:00,-0.0015725956754301285
2025-03-14 14:00:00+00:00,-0.002006873566706859
2025-03-14 15:00:00+00:00,0.004830113002737981
2025-03-14 16:00:00+00:00,-0.0042668500493569204
2025-03-14 17:00:00+00:00,0.0039711212145224885
2025-03-14 18:00:00+00:00,3.157621959313098e-05
2025-03-14 19:00:00+00:00,-0.001697557983951438
2025-03-14 20:00:00+00:00,-0.002365335918642425
2025-03-14 21:00:00+00:00,-0.00012815565435029812
2025-03-14 22:00:00+00:00,-0.0008304508346941356
2025-03-14 23:00:00+00:00,-0.00025119873998653494
2025-03-15 00:00:00+00:00,-0.0032411881874442015
2025-03-15 01:00:00+00:00,-0.0007366682094960713
2025-03-15 02:00:00+00:00,-0.0017770923605437577
2025-03-15 03:00:00+00:00,0.0017033844010215643
2025-03-15 04:00:00+00:00,-0.003780120613198893
2025-03-15 05:00:00+00:00,0.0023222875058868204
2025-03-15 06:00:00+00:00,0.0022451485514222804
2025-03-15 07:00:00+00:00,-0.0007625010568151245
2025-03-15 08:00:00+00:00,-0.002212043133913685
2025-03-15 09:00:00+00:00,0.0013369444750456563
2025-03-15 10:00:00+00:00,-0.0014232954961532942
2025-03-15 11:00:00+00:00,-0.002026633818815231
2025-03-15 12:00:00+00:00,-0.0020338920702290676
2025-03-15 13:00:00+00:00,0.0012005573771689463
2025-03-15 14:00:00+00:00,0.0006561646813820715
2025-03-15 15:00:00+00:00,-2.056082024092199e-05
2025-03-15 16:00:00+00:00,-0.0029887574338792896
2025-03-15 17:00:00+00:00,-0.0042102704525327755
2025-03-15 18:00:00+00:00,-0.001336331103049605
2025-03-15 19:00:00+00:00,-0.0009163059525343424
2025-03-15 20:00:00+00:00,0.0010568726378474612
2025-03-15 21:00:00+00:00,0.0014094319582782816
2025-03-15 22:00:00+00:00,0.0007757616970840579
2025-03-15 23:00:00+00:00,0.0005977952547733712
2025-03-16 00:00:00+00:00,-0.0005916078178370547
2025-03-16 01:00:00+00:00,0.0013290401362289204
2025-03-16 02:00:00+00:00,-0.0038353136460025196
2025-03-16 03:00:00+00:00,0.003645779448734836
2025-03-16 04:00:00+00:00,-0.001226796443088315
2025-03-16 05:00:00+00:00,0.0025112873726770924
2025-03-16 06:00:00+00:00,0.0021919801606893738
2025-03-16 07:00:00+00:00,-6.339737582194586e-05
2025-03-16 08:00:00+00:00,-0.0010027805486727483
2025-03-16 09:00:00+00:00,0.0011542151271351133
2025-03-16 10:00:00+00:00,0.0001844325005539084
2025-03-16 11:00:00+00:00,-0.004503380254919841
2025-03-16 12:00:00+00:00,-0.001395461998369635
2025-03-16 13:00:00+00:00,0.0019785223692587862
2025-03-16 14:00:00+00:00,-0.0027697870490040184
2025-03-16 15:00:00+00:00,-5.451185524670574e-05
2025-03-16 16:00:00+00:00,0.0008623351432163566
2025-03-16 17:00:00+00:00,0.00044125592510574504
2025-03-16 18:00:00+00:00,0.00012655150385357383
2025-03-16 19:00:00+00:00,-0.004523661296870677
2025-03-16 20:00:00+00:00,0.001201510809829586
2025-03-16 21:00:00+00:00,-0.001426892630502948
2025-03-16 22:00:00+00:00,0.001930483787754161
2025-03-16 23:00:00+00:00,-0.0014230694569964248
2025-03-17 00:00:00+00:00,0.0018497403887482004
2025-03-17 01:00:00+00:00,-0.0014104225347459306
2025-03-17 02:00:00+00:00,-0.0005537390034187319
2025-03-17 03:00:00+00:00,-0.0010086806616066801
2025-03-17 04:00:00+00:00,-0.0003553058797581634
2025-03-17 05:00:00+00:00,0.0029622025348835647
2025-03-17 06:00:00+00:00,-0.0008530482014044431
2025-03-17 07:00:00+00:00,-0.0012001034828638803
2025-03-17 08:00:00+00:00,0.0013478800289509101
2025-03-17 09:00:00+00:00,0.0007519099865218612
2025-03-17 10:00:00+00:00,-0.0003283183525910134
2025-03-17 11:00:00+00:00,0.0017639884847899991
2025-03-17 12:00:00+00:00,-0.002602918898253949
2025-03-17 13:00:00+00:00,-0.0002704187073181159
2025-03-17 14:00:00+00:00,-0.001141504881434764
2025-03-17 15:00:00+00:00,0.0005029828956576527
2025-03-17 16:00:00+00:00,0.002677535947774391
2025-03-17 17:00:00+00:00,0.0009728184300772447
2025-03-17 18:00:00+00:00,0.0002598379324685952
2025-03-17 19:00:00+00:00,0.0020379939093893864
2025-03-17 20:00:00+00:00,-0.0015636242221544927
2025-03-17 21:00:00+00:00,-0.0008099231982787599
2025-03-17 22:00:00+00:00,-0.0004763541546043043
2025-03-17 23:00:00+00:00,-0.0007712813697318319
2025-03-18 00:00:00+00:00,-0.003699628300800991
2025-03-18 01:00:00+00:00,-0.0021146791472721276
2025-03-18 02:00:00+00:00,0.0005171749261884351
2025-03-18 03:00:00+00:00,-0.0024451408614017335
2025-03-18 04:00:00+00:00,-0.0015432352075347125
2025-03-18 05:00:00+00:00,-0.0018551126032387937
2025-03-18 06:00:00+00:00,0.0024089515893004425
2025-03-18 07:00:00+00:00,-0.005688116402654591
2025-03-18 08:00:00+00:00,7.17746242065451e-05
2025-03-18 09:00:00+00:00,0.0009082878828238444
2025-03-18 10:00:00+00:00,0.00030143266705563856
2025-03-18 11:00:00+00:00,-0.00035611949455820657
2025-03-18 12:00:00+00:00,-0.001756991140093302
2025-03-18 13:00:00+00:00,-0.0008039763155191173
2025-03-18 14:00:00+00:00,0.00433271175607607
2025-03-18 15:00:00+00:00,0.0027209504749632447
2025-03-18 16:00:00+00:00,-0.0021341840416502778
2025-03-18 17:00:00+00:00,0.0005851362214893254
2025-03-18 18:00:00+00:00,-0.0027713545590394486
2025-03-18 19:00:00+00:00,0.001992426067926391
2025-03-18 20:00:00+00:00,0.003174457456732979
2025-03-18 21:00:00+00:00,0.003913184046891707
2025-03-18 22:00:00+00:00,-0.0019293790662541937
2025-03-18 23:00:00+00:00,0.00037533709783178776
2025-03-19 00:00:00+00:00,0.012979888600632903
2025-03-19 01:00:00+00:00,0.0023922155304784004
2025-03-19 02:00:00+00:00,-0.004107406024951868
2025-03-19 03:00:00+00:00,-0.0006158268259247
2025-03-19 04:00:00+00:00,-0.0007696116477802785
2025-03-19 05:00:00+00:00,-4.993085260722255e-05
2025-03-19 06:00:00+00:00,0.004855269578882422
2025-03-19 07:00:00+00:00,-0.002167903995100412
2025-03-19 08:00:00+00:00,0.0019797628354925505
2025-03-19 09:00:00+00:00,-0.002221801529598979
2025-03-19 10:00:00+00:00,0.015746841971560798
2025-03-19 11:00:00+00:00,0.004059131285347632
2025-03-19 12:00:00+00:00,0.0005647431549048234
2025-03-19 13:00:00+00:00,-0.010584304635643669
2025-03-19 14:00:00+00:00,-0.0023712308122182685
2025-03-19 15:00:00+00:00,0.003078418120371993
2025-03-19 16:00:00+00:00,-0.0009368497941130557
2025-03-19 17:00:00+00:00,-0.0016818893076077162
2025-03-19 18:00:00+00:00,0.016907632063412233
2025-03-19 19:00:00+00:00,0.003205576820571968
2025-03-19 20:00:00+00:00,0.0014209212722050817
2025-03-19 21:00:00+00:00,-1.9156096367603707e-05
2025-03-19 22:00:00+00:00,0.0024627111713653896
2025-03-19 23:00:00+00:00,0.0018617738851102591
2025-03-20 00:00:00+00:00,-0.0026348684978853864
2025-03-20 01:00:00+00:00,0.0013795436521101966
2025-03-20 02:00:00+00:00,0.0006509827585301158
2025-03-20 03:00:00+00:00,-0.0018328647374476095
2025-03-20 04:00:00+00:00,-0.0001671030193572642
2025-03-20 05:00:00+00:00,0.0014493429629761155
2025-03-20 06:00:00+00:00,-0.00021915770837155566
2025-03-20 07:00:00+00:00,-0.0027696796549574643
2025-03-20 08:00:00+00:00,-0.0011416107054501676
2025-03-20 09:00:00+00:00,-0.005995357218600806
2025-03-20 10:00:00+00:00,-0.001622730697219353
2025-03-20 11:00:00+00:00,0.00526359121707929
2025-03-20 12:00:00+00:00,0.002381199593817119
2025-03-20 13:00:00+00:00,-0.0013720204766181495
2025-03-20 14:00:00+00:00,-0.00423370020982165
2025-03-20 15:00:00+00:00,-0.000797759503350761
2025-03-20 16:00:00+00:00,0.002592169796188579
2025-03-20 17:00:00+00:00,-0.0021465690540061603
2025-03-20 18:00:00+00:00,-0.0010616923626080425
2025-03-20 19:00:00+00:00,0.003109662391909944
2025-03-20 20:00:00+00:00,-0.0038608114383214985
2025-03-20 21:00:00+00:00,0.002589718908218508
2025-03-20 22:00:00+00:00,0.0015236998688947525
2025-03-20 23:00:00+00:00,0.0001214382480198631
2025-03-21 00:00:00+00:00,0.0024382275100244296
2025-03-21 01:00:00+00:00,-0.0018321232568739231
2025-03-21 02:00:00+00:00,0.0015198676065712319
2025-03-21 03:00:00+00:00,-7.693106568387656e-05
2025-03-21 04:00:00+00:00,0.000864339453524233
2025-03-21 05:00:00+00:00,-0.006339434663557367
2025-03-21 06:00:00+00:00,0.0033858312434996555
2025-03-21 07:00:00+00:00,0.0006906433781771567
2025-03-21 08:00:00+00:00,0.0005606467479702625
2025-03-21 09:00:00+00:00,0.0008961596988514651
2025-03-21 10:00:00+00:00,-0.002607538018473549
2025-03-21 11:00:00+00:00,0.00036768747672694975
2025-03-21 12:00:00+00:00,0.0002644542617400999
2025-03-21 13:00:00+00:00,-0.002053435477683046
2025-03-21 14:00:00+00:00,-0.00370710940138106
2025-03-21 15:00:00+00:00,0.0021767705672524813
2025-03-21 16:00:00+00:00,-0.0012437198526453026
2025-03-21 17:00:00+00:00,0.0033585046715593147
2025-03-21 18:00:00+00:00,-0.0014430502710382587
2025-03-21 19:00:00+00:00,0.0012202748096375494
2025-03-21 20:00:00+00:00,0.0007050996915524199
2025-03-21 21:00:00+00:00,-9.160884811047507e-05
2025-03-21 22:00:00+00:00,-0.0026717448877499
2025-03-21 23:00:00+00:00,0.0008663992059226892
2025-03-22 00:00:00+00:00,0.002063729530067842
2025-03-22 01:00:00+00:00,0.002058165827391108
2025-03-22 02:00:00+00:00,-0.002063982190800321
2025-03-22 03:00:00+00:00,0.0007212291490229204
2025-03-22 04:00:00+00:00,-0.0004883793890987294
2025-03-22 05:00:00+00:00,0.0016111006265196461
2025-03-22 06:00:00+00:00,0.0010954161431299544
2025-03-22 07:00:00+00:00,-0.0015869566443577252
2025-03-22 08:00:00+00:00,0.00010927818805060805
2025-03-22 09:00:00+00:00,0.0025200588233906594
2025-03-22 10:00:00+00:00,0.00028907540775876866
2025-03-22 11:00:00+00:00,3.301022700716252e-05
2025-03-22 12:00:00+00:00,-0.0017357288391010941
2025-03-22 13:00:00+00:00,0.0006832342782465424
2025-03-22 14:00:00+00:00,-2.9657333412999708e-06
2025-03-22 15:00:00+00:00,-0.0004602892349217486
2025-03-22 16:00:00+00:00,-0.003035306061962175
2025-03-22 17:00:00+00:00,-0.0017426332801630559
2025-03-22 18:00:00+00:00,-0.0015926053464043726
2025-03-22 19:00:00+00:00,0.0014234145376309545
2025-03-22 20:00:00+00:00,0.001319191901972407
2025-03-22 21:00:00+00:00,-0.0018661856504112102
2025-03-22 22:00:00+00:00,0.0006832915046578677
2025-03-22 23:00:00+00:00,0.0005168801947534638
2025-03-23 00:00:00+00:00,7.861218595463595e-05
2025-03-23 01:00:00+00:00,0.0018486315662219477
2025-03-23 02:00:00+00:00,0.003578511930921747
2025-03-23 03:00:00+00:00,0.001638795695215835
2025-03-23 04:00:00+00:00,-0.000805904416719764
2025-03-23 05:00:00+00:00,-0.0006373000170722194
2025-03-23 06:00:00+00:00,-6.597354435113393e-05
2025-03-23 07:00:00+00:00,0.0013687709721308832
2025-03-23 08:00:00+00:00,0.0024815548819516267
2025-03-23 09:00:00+00:00,0.001465681026888749
2025-03-23 10:00:00+00:00,3.452359545742879e-05
2025-03-23 11:00:00+00:00,-0.0031790030831490928
2025-03-23 12:00:00+00:00,0.0019679945229289383
2025-03-23 13:00:00+00:00,-0.0008821525017827869
2025-03-23 14:00:00+00:00,0.0010872721494761504
2025-03-23 15:00:00+00:00,0.0018811025255091754
2025-03-23 16:00:00+00:00,0.0008683158170648381
2025-03-23 17:00:00+00:00,-0.0020257742674112153
2025-03-23 18:00:00+00:00,0.0012115123740474257
2025-03-23 19:00:00+00:00,-0.0010366671818047306
2025-03-23 20:00:00+00:00,-0.0008391173524670466
2025-03-23 21:00:00+00:00,-0.001547684682811399
2025-03-23 22:00:00+00:00,-0.00029573600860780653
2025-03-23 23:00:00+00:00,0.0005364837944995075
2025-03-24 00:00:00+00:00,0.005310230062289332
2025-03-24 01:00:00+00:00,-0.00042633321881163937
2025-03-24 02:00:00+00:00,-0.0004916770960177945
2025-03-24 03:00:00+00:00,-7.437340548030657e-05
2025-03-24 04:00:00+00:00,0.004414490276031961
2025-03-24 05:00:00+00:00,0.00036996128261380327
2025-03-24 06:00:00+00:00,0.0012778595671659233
2025-03-24 07:00:00+00:00,0.001700850395180287
2025-03-24 08:00:00+00:00,0.00041358509837999117
2025-03-24 09:00:00+00:00,-0.0014294454987491003
2025-03-24 10:00:00+00:00,0.0026225556659484565
2025-03-24 11:00:00+00:00,0.0014959342325383542
2025-03-24 12:00:00+00:00,0.00255791212347313
2025-03-24 13:00:00+00:00,0.0032811790908020807
2025-03-24 14:00:00+00:00,0.0024467753268330905
2025-03-24 15:00:00+00:00,-0.0016740918289717723
2025-03-24 16:00:00+00:00,0.001423986665735796
2025-03-24 17:00:00+00:00,-0.0006956488757225406
2025-03-24 18:00:00+00:00,0.005477506301293647
2025-03-24 19:00:00+00:00,-0.0026521988011914887
2025-03-24 20:00:00+00:00,0.006158504963913231
2025-03-24 21:00:00+00:00,-0.0025331324571712054
2025-03-24 22:00:00+00:00,-0.0006688630335267695
2025-03-24 23:00:00+00:00,0.003910797435099648
2025-03-25 00:00:00+00:00,0.00641295451806081
2025-03-25 01:00:00+00:00,-0.0013914226854862862
2025-03-25 02:00:00+00:00,-0.0016961516920430927
2025-03-25 03:00:00+00:00,-0.002382306392860207
2025-03-25 04:00:00+00:00,-0.0005412710988991694
2025-03-25 05:00:00+00:00,-0.001036501312375382
2025-03-25 06:00:00+00:00,0.00022913492215863939
2025-03-25 07:00:00+00:00,0.00038254746985481994
2025-03-25 08:00:00+00:00,0.0011369842321067864
2025-03-25 09:00:00+00:00,0.0051487745753592785
2025-03-25 10:00:00+00:00,0.0011462276641371388
2025-03-25 11:00:00+00:00,0.0006095184788002696
2025-03-25 12:00:00+00:00,0.0026687735314495555
2025-03-25 13:00:00+00:00,-0.003349475858098996
2025-03-25 14:00:00+00:00,0.001382829972926086
2025-03-25 15:00:00+00:00,0.0026558270962275467
2025-03-25 16:00:00+00:00,0.0015794896427332177
2025-03-25 17:00:00+00:00,-0.0008114003111246335
2025-03-25 18:00:00+00:00,-0.0008631503293368081
2025-03-25 19:00:00+00:00,0.0035549517467379998
2025-03-25 20:00:00+00:00,-0.002415156812439439
2025-03-25 21:00:00+00:00,0.002283914943683104
2025-03-25 22:00:00+00:00,0.00189924929420993
2025-03-25 23:00:00+00:00,4.264320786930976e-05
2025-03-26 00:00:00+00:00,0.0016894260697600685
2025-03-26 01:00:00+00:00,-0.0010171401075177186
2025-03-26 02:00:00+00:00,0.0005015932383534285
2025-03-26 03:00:00+00:00,0.0044732852227199115
2025-03-26 04:00:00+00:00,0.0010844556373280489
2025-03-26 05:00:00+00:00,0.0019961335677028754
2025-03-26 06:00:00+00:00,-0.0017830133687174177
2025-03-26 07:00:00+00:00,-0.0039345859050511755
2025-03-26 08:00:00+00:00,0.0007049859532772438
2025-03-26 09:00:00+00:00,0.00014509445261511506
2025-03-26 10:00:00+00:00,0.0016484059008938774
2025-03-26 11:00:00+00:00,-0.0042873328620826575
2025-03-26 12:00:00+00:00,0.0002579110992551402
2025-03-26 13:00:00+00:00,-0.0021299163875768833
2025-03-26 14:00:00+00:00,-0.0006403231648541345
2025-03-26 15:00:00+00:00,-0.0005987201569941296
2025-03-26 16:00:00+00:00,0.0002587439480941263
2025-03-26 17:00:00+00:00,0.001057298058241403
2025-03-26 18:00:00+00:00,-0.000268332501306011
2025-03-26 19:00:00+00:00,-0.0014043252380685864
2025-03-26 20:00:00+00:00,-0.0002966164577457155
2025-03-26 21:00:00+00:00,-0.00016310362175645134
2025-03-26 22:00:00+00:00,0.0004682191659618938
2025-03-26 23:00:00+00:00,0.0007655881819159674
2025-03-27 00:00:00+00:00,-0.00013025086079275903
2025-03-27 01:00:00+00:00,0.0039057807998819053
2025-03-27 02:00:00+00:00,0.001822837555498668
2025-03-27 03:00:00+00:00,0.0005298486526329469
2025-03-27 04:00:00+00:00,0.0027497826119209133
2025-03-27 05:00:00+00:00,0.0012711923178769305
2025-03-27 06:00:00+00:00,0.00038566081995208953
2025-03-27 07:00:00+00:00,0.00043444962058581055
2025-03-27 08:00:00+00:00,-0.0027513160700845278
2025-03-27 09:00:00+00:00,0.004211087966411849
2025-03-27 10:00:00+00:00,0.0009844423392570108
2025-03-27 11:00:00+00:00,-0.00012019482283939148
2025-03-27 12:00:00+00:00,1.928437530399223e-05
2025-03-27 13:00:00+00:00,-0.0006257719748843401
2025-03-27 14:00:00+00:00,0.0021439606656783617
2025-03-27 15:00:00+00:00,0.0007249088075506608
2025-03-27 16:00:00+00:00,-0.0008036336735969801
2025-03-27 17:00:00+00:00,0.0015952282284596448
2025-03-27 18:00:00+00:00,0.0020918957678344795
2025-03-27 19:00:00+00:00,-0.0015042161389778892
2025-03-27 20:00:00+00:00,0.0005411950364037078
2025-03-27 21:00:00+00:00,0.000587138618441344
2025-03-27 22:00:00+00:00,-0.001814380427652975
2025-03-27 23:00:00+00:00,0.000742995214459987
2025-03-28 00:00:00+00:00,0.006196920002986842
2025-03-28 01:00:00+00:00,0.0023399900600050995
2025-03-28 02:00:00+00:00,0.0038587139976005817
2025-03-28 03:00:00+00:00,-0.0005144720674545405
2025-03-28 04:00:00+00:00,-0.008069767292350538
2025-03-28 05:00:00+00:00,-0.00019725342365610506
2025-03-28 06:00:00+00:00,-0.00024079187265581682
2025-03-28 07:00:00+00:00,0.0024828964570599624
2025-03-28 08:00:00+00:00,0.0014525112407593218
2025-03-28 09:00:00+00:00,6.590502568856884e-05
2025-03-28 10:00:00+00:00,-0.002870471397664673
2025-03-28 11:00:00+00:00,-0.0061925909780774615
2025-03-28 12:00:00+00:00,-0.00011523885001567869
2025-03-28 13:00:00+00:00,-0.0009185087581119626
2025-03-28 14:00:00+00:00,-0.0010194906494748514
2025-03-28 15:00:00+00:00,0.0023196596027531893
2025-03-28 16:00:00+00:00,0.0009370572856676121
2025-03-28 17:00:00+00:00,0.00088183509628315
2025-03-28 18:00:00+00:00,-0.000495987083729527
2025-03-28 19:00:00+00:00,0.001517427785733177
2025-03-28 20:00:00+00:00,-0.0016535618392841296
2025-03-28 21:00:00+00:00,-0.000472677640042602
2025-03-28 22:00:00+00:00,0.0021934237229055903
2025-03-28 23:00:00+00:00,0.002294320214913845
2025-03-29 00:00:00+00:00,0.005252396762133346
2025-03-29 01:00:00+00:00,0.003506714379149605
2025-03-29 02:00:00+00:00,0.0003827151774287063
2025-03-29 03:00:00+00:00,-0.002615872177371087
2025-03-29 04:00:00+00:00,0.000817799208951272
2025-03-29 05:00:00+00:00,0.003935243614525108
2025-03-29 06:00:00+00:00,-0.0007697000989999503
2025-03-29 07:00:00+00:00,-0.0009805751502235695
2025-03-29 08:00:00+00:00,0.002597515082796336
2025-03-29 09:00:00+00:00,0.0013004133146857961
2025-03-29 10:00:00+00:00,0.0026890526240316865
2025-03-29 11:00:00+00:00,-0.003209073542699952
2025-03-29 12:00:00+00:00,-0.006219155359314176
2025-03-29 13:00:00+00:00,-0.003716746765199628
2025-03-29 14:00:00+00:00,0.005194251020405359
2025-03-29 15:00:00+00:00,-0.0008852419369811718
2025-03-29 16:00:00+00:00,-0.0024904784937149122
2025-03-29 17:00:00+00:00,0.0025858704240993777
2025-03-29 18:00:00+00:00,-0.0007432802554081689
2025-03-29 19:00:00+00:00,0.0023304570577394844
2025-03-29 20:00:00+00:00,0.0026614949440058114
2025-03-29 21:00:00+00:00,-0.0006103553652738438
2025-03-29 22:00:00+00:00,-0.003913843492152805
2025-03-29 23:00:00+00:00,0.0067441627498116144
2025-03-30 00:00:00+00:00,0.0008942569169900236
2025-03-30 01:00:00+00:00,0.0008696029490931186
2025-03-30 02:00:00+00:00,-0.0015312172239174162
2025-03-30 03:00:00+00:00,0.001289645807312232
2025-03-30 04:00:00+00:00,-0.00184556892880969
2025-03-30 05:00:00+00:00,-0.00047113378946011993
2025-03-30 06:00:00+00:00,0.0006230467252586965
2025-03-30 07:00:00+00:00,0.0026017507585543278
2025-03-30 08:00:00+00:00,-0.0016368613842017371
2025-03-30 09:00:00+00:00,0.001977310674026506
2025-03-30 10:00:00+00:00,0.0007613338948333722
2025-03-30 11:00:00+00:00,-0.0009213485879639956
2025-03-30 12:00:00+00:00,-5.2787680224144164e-05
2025-03-30 13:00:00+00:00,-0.0020988203292885855
2025-03-30 14:00:00+00:00,-0.0008036962634575187
2025-03-30 15:00:00+00:00,0.0016673011284756031
2025-03-30 16:00:00+00:00,-0.004811261134378313
2025-03-30 17:00:00+00:00,0.000812294609508168
2025-03-30 18:00:00+00:00,0.002381249791379951
2025-03-30 19:00:00+00:00,0.0017205715819920162
2025-03-30 20:00:00+00:00,0.0008196297690353857
2025-03-30 21:00:00+00:00,0.0006163262220760873
2025-03-30 22:00:00+00:00,-0.0008344078956097397
2025-03-30 23:00:00+00:00,-0.0016247215488262607
2025-03-31 00:00:00+00:00,-0.0016529833342486657
2025-03-31 01:00:00+00:00,0.005714121869941782
2025-03-31 02:00:00+00:00,-0.0006714468498110357
2025-03-31 03:00:00+00:00,0.001928109397901438
2025-03-31 04:00:00+00:00,-0.0010438433493656695
2025-03-31 05:00:00+00:00,-0.00039988737172053356
2025-03-31 06:00:00+00:00,0.00293040325337702
2025-03-31 07:00:00+00:00,-0.004531465607435121
2025-03-31 08:00:00+00:00,-0.00013786082257921716
2025-03-31 09:00:00+00:00,-0.0023026674612688716
2025-03-31 10:00:00+00:00,0.0014400235492140082
2025-03-31 11:00:00+00:00,0.0038004303666424387
2025-03-31 12:00:00+00:00,0.001158199335565769
2025-03-31 13:00:00+00:00,-0.001140016773087369
2025-03-31 14:00:00+00:00,0.0009090613519774371
2025-03-31 15:00:00+00:00,3.706435402357183e-05
2025-03-31 16:00:00+00:00,0.00020482451090776216
2025-03-31 17:00:00+00:00,-0.0006903790228797074
2025-03-31 18:00:00+00:00,0.0016602077762286971
2025-03-31 19:00:00+00:00,0.002391284678306408
2025-03-31 20:00:00+00:00,-9.712832806853157e-05
2025-03-31 21:00:00+00:00,-0.0009373721680328961
2025-03-31 22:00:00+00:00,0.0012145212487900043
2025-03-31 23:00:00+00:00,-0.0018344954969470948
2025-04-01 00:00:00+00:00,0.0001975852603410024
2025-04-01 01:00:00+00:00,0.0006106127584050233
2025-04-01 02:00:00+00:00,0.0028468038396138188
2025-04-01 03:00:00+00:00,0.0016736571000964913
2025-04-01 04:00:00+00:00,-0.001154213606875311
2025-04-01 05:00:00+00:00,0.0013753315315539647
2025-04-01 06:00:00+00:00,-0.0026837824836262467
2025-04-01 07:00:00+00:00,-0.0007045101757731461
2025-04-01 08:00:00+00:00,0.002241467827510497
2025-04-01 09:00:00+00:00,0.002988870516759294
2025-04-01 10:00:00+00:00,0.000259150804704301
2025-04-01 11:00:00+00:00,-0.002220559593693144
2025-04-01 12:00:00+00:00,0.0028292835254864284
2025-04-01 13:00:00+00:00,-0.0004450215605791695
2025-04-01 14:00:00+00:00,-0.007444415541763518
2025-04-01 15:00:00+00:00,0.010982395677792073
2025-04-01 16:00:00+00:00,-0.0020798270502102897
2025-04-01 17:00:00+00:00,-0.000552261479585584
2025-04-01 18:00:00+00:00,-0.0009079850196447563
2025-04-01 19:00:00+00:00,0.00011570556099591077
2025-04-01 20:00:00+00:00,-0.0019836400682462325
2025-04-01 21:00:00+00:00,-0.000549680020288343
2025-04-01 22:00:00+00:00,0.001339365741428013
2025-04-01 23:00:00+00:00,-0.0002362224721969664
2025-04-02 00:00:00+00:00,-0.0020357936877618346
2025-04-02 01:00:00+00:00,-0.003623585366020638
2025-04-02 02:00:00+00:00,0.001269602656778413
2025-04-02 03:00:00+00:00,0.0022296518051930655
2025-04-02 04:00:00+00:00,-2.4578673706948353e-05
2025-04-02 05:00:00+00:00,-0.0024652243891818007
2025-04-02 06:00:00+00:00,0.0030518827423886004
2025-04-02 07:00:00+00:00,-0.004438448963960295
2025-04-02 08:00:00+00:00,-0.002733291583107147
2025-04-02 09:00:00+00:00,0.0018865559842541526
2025-04-02 10:00:00+00:00,-0.0015606910524257635
2025-04-02 11:00:00+00:00,0.0008573487539026023
2025-04-02 12:00:00+00:00,-0.0013399172927553334
2025-04-02 13:00:00+00:00,-0.0008270195597268532
2025-04-02 14:00:00+00:00,-0.003346669228145329
2025-04-02 15:00:00+00:00,0.006218079597071729
2025-04-02 16:00:00+00:00,-0.00041542215181149006
2025-04-02 17:00:00+00:00,-0.004551631058733654
2025-04-02 18:00:00+00:00,0.0026046559311615545
2025-04-02 19:00:00+00:00,-0.0024205535180708746
2025-04-02 20:00:00+00:00,0.00033306023451756605
2025-04-02 21:00:00+00:00,0.0005307154499190824
2025-04-02 22:00:00+00:00,-0.007485530697668961
2025-04-02 23:00:00+00:00,0.002117432035240699
2025-04-03 00:00:00+00:00,0.010078141013977382
2025-04-03 01:00:00+00:00,-0.004707717013001327
2025-04-03 02:00:00+00:00,0.0046563466846443
2025-04-03 03:00:00+00:00,0.0016459230510147205
2025-04-03 04:00:00+00:00,0.0013781399226486116
2025-04-03 05:00:00+00:00,-0.0004970404151652496
2025-04-03 06:00:00+00:00,-0.007091560644106213
2025-04-03 07:00:00+00:00,0.01848103417014371
2025-04-03 08:00:00+00:00,-0.0023850734176367387
2025-04-03 09:00:00+00:00,-0.003745712586022948
2025-04-03 10:00:00+00:00,-0.005813024636715022
2025-04-03 11:00:00+00:00,-0.0027165196994054174
2025-04-03 12:00:00+00:00,-0.001089489853355499
2025-04-03 13:00:00+00:00,0.005711285518453407
2025-04-03 14:00:00+00:00,0.002865714386284711
2025-04-03 15:00:00+00:00,0.0013127423246278949
2025-04-03 16:00:00+00:00,0.00016459048054882856
2025-04-03 17:00:00+00:00,-0.00020449058866579391
2025-04-03 18:00:00+00:00,-0.0047955543523481295
2025-04-03 19:00:00+00:00,-0.00047287986738392775
2025-04-03 20:00:00+00:00,-0.0061545802927834145
2025-04-03 21:00:00+00:00,-0.00011231425868351139
2025-04-03 22:00:00+00:00,-0.004103268939166737
2025-04-03 23:00:00+00:00,0.0071935853133606705
2025-04-04 00:00:00+00:00,0.0010272781790429523
2025-04-04 01:00:00+00:00,-0.0060001858977273325
2025-04-04 02:00:00+00:00,-0.008078440911392095
2025-04-04 03:00:00+00:00,-0.005236755589125544
2025-04-04 04:00:00+00:00,0.002443573719712661
2025-04-04 05:00:00+00:00,-0.000548853117720146
2025-04-04 06:00:00+00:00,0.0012176018042418196
2025-04-04 07:00:00+00:00,0.010143503155728324
2025-04-04 08:00:00+00:00,0.0005684034858960955
2025-04-04 09:00:00+00:00,0.0045401859562888645
2025-04-04 10:00:00+00:00,-0.005129118805085132
2025-04-04 11:00:00+00:00,-0.006531730655492185
2025-04-04 12:00:00+00:00,-0.0030902650814832546
2025-04-04 13:00:00+00:00,-0.009498840125381148
2025-04-04 14:00:00+00:00,-0.0005427153682521234
2025-04-04 15:00:00+00:00,-0.0061531914300391784
2025-04-04 16:00:00+00:00,0.006972848252977263
2025-04-04 17:00:00+00:00,0.007262119348136946
2025-04-04 18:00:00+00:00,0.0008563221204801781
2025-04-04 19:00:00+00:00,-0.0009968414488339668
2025-04-04 20:00:00+00:00,0.0038053954615858082
2025-04-04 21:00:00+00:00,-3.819835288159382e-05
2025-04-04 22:00:00+00:00,0.0003651352641819017
2025-04-04 23:00:00+00:00,0.003743366309500269
2025-04-05 00:00:00+00:00,-0.0007125888241350908
2025-04-05 01:00:00+00:00,-0.0018396618401947716
2025-04-05 02:00:00+00:00,0.0009882853798253912
2025-04-05 03:00:00+00:00,0.0056550352286368205
2025-04-05 04:00:00+00:00,0.0005132309439645224
2025-04-05 05:00:00+00:00,-0.0004102147238983905
2025-04-05 06:00:00+00:00,0.002609917241990189
2025-04-05 07:00:00+00:00,-0.0035609796035076064
2025-04-05 08:00:00+00:00,0.0023204925553149815
2025-04-05 09:00:00+00:00,0.004551796821591551
2025-04-05 10:00:00+00:00,-0.005104237091483088
2025-04-05 11:00:00+00:00,-0.0025952912649581006
2025-04-05 12:00:00+00:00,-0.0020171020268890676
2025-04-05 13:00:00+00:00,0.0031796673638545725
2025-04-05 14:00:00+00:00,0.0010708645432271962
2025-04-05 15:00:00+00:00,-0.0026474393809894038
2025-04-05 16:00:00+00:00,0.004523558900541054
2025-04-05 17:00:00+00:00,-0.0020555944635254307
2025-04-05 18:00:00+00:00,-0.00018431002849138775
2025-04-05 19:00:00+00:00,-0.0028910733794742078
2025-04-05 20:00:00+00:00,0.01231259622616394
2025-04-05 21:00:00+00:00,-0.0010581838345856405
2025-04-05 22:00:00+00:00,0.005868219540862605
2025-04-05 23:00:00+00:00,-0.003325169841391652
2025-04-06 00:00:00+00:00,0.004786070261113033
2025-04-06 01:00:00+00:00,-0.006001184545397909
2025-04-06 02:00:00+00:00,0.0015967253171643122
2025-04-06 03:00:00+00:00,0.003407415583988155
2025-04-06 04:00:00+00:00,0.0024430396586644925
2025-04-06 05:00:00+00:00,0.0020074969206140022
2025-04-06 06:00:00+00:00,0.0020383522245780313
2025-04-06 07:00:00+00:00,-0.0012327559643452867
2025-04-06 08:00:00+00:00,-0.00692544010644508
2025-04-06 09:00:00+00:00,0.0033189936543428396
2025-04-06 10:00:00+00:00,-0.0035236634786058848
2025-04-06 11:00:00+00:00,0.0014357712062522759
2025-04-06 12:00:00+00:00,0.004241363201623329
2025-04-06 13:00:00+00:00,-0.006760100803823324
2025-04-06 14:00:00+00:00,-0.005521602047559095
2025-04-06 15:00:00+00:00,-0.002397889355244058
2025-04-06 16:00:00+00:00,-0.003114106123814568
2025-04-06 17:00:00+00:00,0.0005226892012036505
2025-04-06 18:00:00+00:00,0.000987333321501978
2025-04-06 19:00:00+00:00,0.005096617826013379
2025-04-06 20:00:00+00:00,-0.0052309954095288505
2025-04-06 21:00:00+00:00,-0.0009303646208184303
2025-04-06 22:00:00+00:00,0.0008085558381378228
2025-04-06 23:00:00+00:00,-0.001215165554848453
2025-04-07 00:00:00+00:00,0.00157010666546984
2025-04-07 01:00:00+00:00,-0.0015332270205427826
2025-04-07 02:00:00+00:00,0.003753110058798325
2025-04-07 03:00:00+00:00,0.01132100489383657
2025-04-07 04:00:00+00:00,-0.003328002061473805
2025-04-07 05:00:00+00:00,0.007306316633874742
2025-04-07 06:00:00+00:00,0.005366512227945534
2025-04-07 07:00:00+00:00,0.0070191048663596975
2025-04-07 08:00:00+00:00,0.011294934608228212
2025-04-07 09:00:00+00:00,0.004965715830280725
2025-04-07 10:00:00+00:00,0.002144846838002449
2025-04-07 11:00:00+00:00,0.002287104195881964
2025-04-07 12:00:00+00:00,0.007711233822879365
2025-04-07 13:00:00+00:00,0.0008925029235393069
2025-04-07 14:00:00+00:00,-0.01153462185426426
2025-04-07 15:00:00+00:00,-0.0003360821106365463
2025-04-07 16:00:00+00:00,0.010133726899200399
2025-04-07 17:00:00+00:00,0.00195181777747804
2025-04-07 18:00:00+00:00,0.005672647906543524
2025-04-07 19:00:00+00:00,0.002380455123261518
2025-04-07 20:00:00+00:00,-0.004300519243876013
2025-04-07 21:00:00+00:00,0.0007237267390141775
2025-04-07 22:00:00+00:00,0.008252435200350874
2025-04-07 23:00:00+00:00,0.0027767024106972573
2025-04-08 00:00:00+00:00,0.00014454576919121034
2025-04-08 01:00:00+00:00,-0.0040123797906298315
2025-04-08 02:00:00+00:00,0.013093300679660452
2025-04-08 03:00:00+00:00,-0.0030588204275717916
2025-04-08 04:00:00+00:00,-0.0011058596917124333
2025-04-08 05:00:00+00:00,0.002318026660932541
2025-04-08 06:00:00+00:00,-0.004313258242355696
2025-04-08 07:00:00+00:00,-0.0013509508361530444
2025-04-08 08:00:00+00:00,-0.0004089120497097713
2025-04-08 09:00:00+00:00,0.004249664973505724
2025-04-08 10:00:00+00:00,-3.3267936548727824e-05
2025-04-08 11:00:00+00:00,0.003133095580853905
2025-04-08 12:00:00+00:00,0.005964043797841922
2025-04-08 13:00:00+00:00,-0.005132978497631407
2025-04-08 14:00:00+00:00,0.0030965688180145555
2025-04-08 15:00:00+00:00,0.0009831144886080082
2025-04-08 16:00:00+00:00,-0.008294439567773149
2025-04-08 17:00:00+00:00,-0.005775298346099743
2025-04-08 18:00:00+00:00,-0.0004176087069678714
2025-04-08 19:00:00+00:00,0.0006546664561342012
2025-04-08 20:00:00+00:00,0.00047399724904677244
2025-04-08 21:00:00+00:00,-0.0015805444556998888
2025-04-08 22:00:00+00:00,0.004456047205328181
2025-04-08 23:00:00+00:00,0.004880830731307719
2025-04-09 00:00:00+00:00,0.0004233439334809924
2025-04-09 01:00:00+00:00,-0.0032688449494552726
2025-04-09 02:00:00+00:00,-0.000372687240341618
2025-04-09 03:00:00+00:00,0.0014015619470795775
2025-04-09 04:00:00+00:00,0.005035405928449525
2025-04-09 05:00:00+00:00,-0.0011683120969835255
2025-04-09 06:00:00+00:00,-0.00088664070025105
2025-04-09 07:00:00+00:00,0.0013151268468673545
2025-04-09 08:00:00+00:00,0.0035167710337936416
2025-04-09 09:00:00+00:00,9.938853004463606e-05
2025-04-09 10:00:00+00:00,0.002953466848132422
2025-04-09 11:00:00+00:00,0.0003109134386245901
2025-04-09 12:00:00+00:00,0.005096323678294595
2025-04-09 13:00:00+00:00,-0.0001148773979676554
2025-04-09 14:00:00+00:00,0.004543411923510141
2025-04-09 15:00:00+00:00,-0.004950381869013003
2025-04-09 16:00:00+00:00,-0.0008853793912438856
2025-04-09 17:00:00+00:00,0.020632920086475433
2025-04-09 18:00:00+00:00,-0.0037112353961345195
2025-04-09 19:00:00+00:00,-0.0022615785570992528
2025-04-09 20:00:00+00:00,0.0032668536542249226
2025-04-09 21:00:00+00:00,-0.0006567483548450432
2025-04-09 22:00:00+00:00,-0.0018097424111996698
2025-04-09 23:00:00+00:00,0.0016816145773205012
2025-04-10 00:00:00+00:00,-0.006888340092855271
2025-04-10 01:00:00+00:00,-0.0014554469095360743
2025-04-10 02:00:00+00:00,-0.0007385455893169203
2025-04-10 03:00:00+00:00,-0.001878249065267288
2025-04-10 04:00:00+00:00,0.0023542556120902595
2025-04-10 05:00:00+00:00,0.0015476856459960531
2025-04-10 06:00:00+00:00,-0.0004531809682423621
2025-04-10 07:00:00+00:00,0.0017584895518707158
2025-04-10 08:00:00+00:00,-0.0007141099316567576
2025-04-10 09:00:00+00:00,-0.007231977313630369
2025-04-10 10:00:00+00:00,-0.002255884391506912
2025-04-10 11:00:00+00:00,-0.0014640997108534765
2025-04-10 12:00:00+00:00,0.002798254118661761
2025-04-10 13:00:00+00:00,0.005181077539798181
2025-04-10 14:00:00+00:00,-0.0038788464561830345
2025-04-10 15:00:00+00:00,0.005200283284758097
2025-04-10 16:00:00+00:00,-0.005665204357095284
2025-04-10 17:00:00+00:00,0.0025857430017446423
2025-04-10 18:00:00+00:00,0.003249227147250039
2025-04-10 19:00:00+00:00,-0.001473215060991436
2025-04-10 20:00:00+00:00,0.00035217969444895097
2025-04-10 21:00:00+00:00,0.002166451097274386
2025-04-10 22:00:00+00:00,0.0012762136010638758
2025-04-10 23:00:00+00:00,-0.001508125867740449
2025-04-11 00:00:00+00:00,0.0052376405866100244
2025-04-11 01:00:00+00:00,-0.00479860179222469
2025-04-11 02:00:00+00:00,0.001580750791117923
2025-04-11 03:00:00+00:00,-0.0036912404149688836
2025-04-11 04:00:00+00:00,-0.00011614964383172515
2025-04-11 05:00:00+00:00,-3.360175244692848e-05
2025-04-11 06:00:00+00:00,-0.002365308916527475
2025-04-11 07:00:00+00:00,-0.0014123179798790468
2025-04-11 08:00:00+00:00,-0.0025736232306426987
2025-04-11 09:00:00+00:00,-0.008150664007746361
2025-04-11 10:00:00+00:00,0.005445244105109993
2025-04-11 11:00:00+00:00,0.0017382293393682598
2025-04-11 12:00:00+00:00,-0.0016532293407813408
2025-04-11 13:00:00+00:00,-0.002004662658326157
2025-04-11 14:00:00+00:00,0.005150975147302878
2025-04-11 15:00:00+00:00,-0.003346197513146169
2025-04-11 16:00:00+00:00,-0.0018744384426064879
2025-04-11 17:00:00+00:00,-0.005335112393774339
2025-04-11 18:00:00+00:00,0.0012900291984118035
2025-04-11 19:00:00+00:00,-0.0020542078422921013
2025-04-11 20:00:00+00:00,0.0011448747094132215
2025-04-11 21:00:00+00:00,0.0017617311814234564
2025-04-11 22:00:00+00:00,0.0007725898049284226
2025-04-11 23:00:00+00:00,0.0008306721074963673
2025-04-12 00:00:00+00:00,0.0005071715253307682
2025-04-12 01:00:00+00:00,-7.980231820037464e-05
2025-04-12 02:00:00+00:00,0.0018564154852978958
2025-04-12 03:00:00+00:00,-0.003657011478275016
2025-04-12 04:00:00+00:00,-0.0001488044367206398
2025-04-12 05:00:00+00:00,0.0038995671736455225
2025-04-12 06:00:00+00:00,-0.002195927623662855
2025-04-12 07:00:00+00:00,0.001281409758782467
2025-04-12 08:00:00+00:00,0.004553979038131561
2025-04-12 09:00:00+00:00,-0.002328282983532768
2025-04-12 10:00:00+00:00,-0.0003159976369051855
2025-04-12 11:00:00+00:00,-0.00031113004304172124
2025-04-12 12:00:00+00:00,0.0011679167844985887
2025-04-12 13:00:00+00:00,0.0040556213632731595
2025-04-12 14:00:00+00:00,0.0029558703326942786
2025-04-12 15:00:00+00:00,0.0010772169728613177
2025-04-12 16:00:00+00:00,-0.002648517818714535
2025-04-12 17:00:00+00:00,0.00020768849162710462
2025-04-12 18:00:00+00:00,-0.00019239621982825324
2025-04-12 19:00:00+00:00,0.0005141254174574571
2025-04-12 20:00:00+00:00,-0.0027317419916503783
2025-04-12 21:00:00+00:00,0.0022120083818439576
2025-04-12 22:00:00+00:00,-0.0005639393426194757
2025-04-12 23:00:00+00:00,-0.00034298303211511655
2025-04-13 00:00:00+00:00,-0.0023078463224411147
2025-04-13 01:00:00+00:00,-0.0010264910114079597
2025-04-13 02:00:00+00:00,-0.0007639403118270835
2025-04-13 03:00:00+00:00,-0.0006041682808359024
2025-04-13 04:00:00+00:00,-0.000172824637234033
2025-04-13 05:00:00+00:00,-0.0003555465584495416
2025-04-13 06:00:00+00:00,0.0003501064341968451
2025-04-13 07:00:00+00:00,0.00022111922999000275
2025-04-13 08:00:00+00:00,0.001336348132875882
2025-04-13 09:00:00+00:00,-4.9809662971845605e-05
2025-04-13 10:00:00+00:00,0.002826894153541336
2025-04-13 11:00:00+00:00,-0.00022530116279946102
2025-04-13 12:00:00+00:00,0.001711632000530557
2025-04-13 13:00:00+00:00,-0.0032078080606957886
2025-04-13 14:00:00+00:00,-0.0019835670312506513
2025-04-13 15:00:00+00:00,0.0016742493164072247
2025-04-13 16:00:00+00:00,-0.00044579513850335855
2025-04-13 17:00:00+00:00,0.008785951226393572
2025-04-13 18:00:00+00:00,0.0060736932638128785
2025-04-13 19:00:00+00:00,-0.008827515038504883
2025-04-13 20:00:00+00:00,0.0036197658168411135
2025-04-13 21:00:00+00:00,-0.005317552126559669
2025-04-13 22:00:00+00:00,0.0008069344203358118
2025-04-13 23:00:00+00:00,-0.0034478508052234935
2025-04-14 00:00:00+00:00,0.006616812698803103
2025-04-14 01:00:00+00:00,-0.0035931998096440246
2025-04-14 02:00:00+00:00,0.001867044853548152
2025-04-14 03:00:00+00:00,-0.0025404154723037337
2025-04-14 04:00:00+00:00,0.0018890135578682197
2025-04-14 05:00:00+00:00,-0.0029571653165056558
2025-04-14 06:00:00+00:00,-0.0012308513221031068
2025-04-14 07:00:00+00:00,0.0010093098883369614
2025-04-14 08:00:00+00:00,0.0006529461858512857
2025-04-14 09:00:00+00:00,0.0036694069782717744
2025-04-14 10:00:00+00:00,0.008342975090857513
2025-04-14 11:00:00+00:00,0.0011746632684278922
2025-04-14 12:00:00+00:00,-0.00169819190466436
2025-04-14 13:00:00+00:00,0.001869619448480031
2025-04-14 14:00:00+00:00,5.718744044222603e-05
2025-04-14 15:00:00+00:00,-0.005214055252361929
2025-04-14 16:00:00+00:00,-0.0023141405616464773
2025-04-14 17:00:00+00:00,0.0032683967056417206
2025-04-14 18:00:00+00:00,-0.0029238846175901863
2025-04-14 19:00:00+00:00,0.003386824026515282
2025-04-14 20:00:00+00:00,-0.0004981181086309161
2025-04-14 21:00:00+00:00,-0.001160076508089716
2025-04-14 22:00:00+00:00,0.001370025742302727
2025-04-14 23:00:00+00:00,-0.002812523109996844
2025-04-15 00:00:00+00:00,-0.0017699266912655483
2025-04-15 01:00:00+00:00,-0.0014083032472027661
2025-04-15 02:00:00+00:00,-0.004105587918950738
2025-04-15 03:00:00+00:00,0.00435944945721106
2025-04-15 04:00:00+00:00,-0.0002869439292501024
2025-04-15 05:00:00+00:00,0.0004663855235948424
2025-04-15 06:00:00+00:00,-0.0002970904141492586
2025-04-15 07:00:00+00:00,0.004113532855742051
2025-04-15 08:00:00+00:00,-0.0017423770249637691
2025-04-15 09:00:00+00:00,-0.0020220365050603937
2025-04-15 10:00:00+00:00,-0.0030120044420980474
2025-04-15 11:00:00+00:00,-0.0005212327728635587
2025-04-15 12:00:00+00:00,-0.0015405525118466006
2025-04-15 13:00:00+00:00,0.008374620078794704
2025-04-15 14:00:00+00:00,-0.005374354615084577
2025-04-15 15:00:00+00:00,-0.0004982105996827782
2025-04-15 16:00:00+00:00,4.283157460238229e-05
2025-04-15 17:00:00+00:00,5.428663128824592e-05
2025-04-15 18:00:00+00:00,0.004894087278458585
2025-04-15 19:00:00+00:00,0.0010888831786005446
2025-04-15 20:00:00+00:00,-0.0012878719103154874
2025-04-15 21:00:00+00:00,-0.0005254384287965241
2025-04-15 22:00:00+00:00,-0.0021226756177407033
2025-04-15 23:00:00+00:00,0.0015152032722647027
2025-04-16 00:00:00+00:00,0.004507942993099665
2025-04-16 01:00:00+00:00,0.003302084167693842
2025-04-16 02:00:00+00:00,-0.0018820569340523736
2025-04-16 03:00:00+00:00,0.0017186918690344807
2025-04-16 04:00:00+00:00,-0.003439712519116851
2025-04-16 05:00:00+00:00,-0.0015297678525812621
2025-04-16 06:00:00+00:00,0.0006444742607272035
2025-04-16 07:00:00+00:00,-0.0019678951518682063
2025-04-16 08:00:00+00:00,0.0010598520287339425
2025-04-16 09:00:00+00:00,-0.003140021495364546
2025-04-16 10:00:00+00:00,-0.002376669159652128
2025-04-16 11:00:00+00:00,0.0028441681056665473
2025-04-16 12:00:00+00:00,-5.051358796773358e-05
2025-04-16 13:00:00+00:00,0.000555839394824511
2025-04-16 14:00:00+00:00,0.002500531339001861
2025-04-16 15:00:00+00:00,0.001809201454436136
2025-04-16 16:00:00+00:00,-0.010784604916214661
2025-04-16 17:00:00+00:00,0.004530055867947238
2025-04-16 18:00:00+00:00,0.007004696813405247
2025-04-16 19:00:00+00:00,0.004887140622828339
2025-04-16 20:00:00+00:00,-0.006154630117008969
2025-04-16 21:00:00+00:00,0.00039811811034951765
2025-04-16 22:00:00+00:00,0.0011055871179132559
2025-04-16 23:00:00+00:00,-0.0013447065227900276
2025-04-17 00:00:00+00:00,-0.000623993233511745
2025-04-17 01:00:00+00:00,0.0035967584846764923
2025-04-17 02:00:00+00:00,-0.003099854023950401
2025-04-17 03:00:00+00:00,0.0029710991823265077
2025-04-17 04:00:00+00:00,0.0013332127353118802
2025-04-17 05:00:00+00:00,0.0041498997043400146
2025-04-17 06:00:00+00:00,6.435722318669378e-05
2025-04-17 07:00:00+00:00,0.00258701812275656
2025-04-17 08:00:00+00:00,0.004907825196083053
2025-04-17 09:00:00+00:00,-0.0033937164933557766
2025-04-17 10:00:00+00:00,0.0020708571353395522
2025-04-17 11:00:00+00:00,-0.0027989098212386895
2025-04-17 12:00:00+00:00,-0.001320806585718242
2025-04-17 13:00:00+00:00,0.0016746139751518906
2025-04-17 14:00:00+00:00,-0.00036622720315583585
2025-04-17 15:00:00+00:00,0.0017264272968566564
2025-04-17 16:00:00+00:00,0.002414078095311163
2025-04-17 17:00:00+00:00,0.004640123288258762
2025-04-17 18:00:00+00:00,0.00336060490248696
2025-04-17 19:00:00+00:00,-0.004876928920984134
2025-04-17 20:00:00+00:00,-0.00017475944419286944
2025-04-17 21:00:00+00:00,0.0003658235207640411
2025-04-17 22:00:00+00:00,-0.00043365500806422607
2025-04-17 23:00:00+00:00,0.00018913513774744604
2025-04-18 00:00:00+00:00,-0.001205577624330174
2025-04-18 01:00:00+00:00,0.0013960873195928078
2025-04-18 02:00:00+00:00,-0.0009661241786020698
2025-04-18 03:00:00+00:00,0.003745764205007231
2025-04-18 04:00:00+00:00,0.0013625331438491695
2025-04-18 05:00:00+00:00,-0.00011661452770052105
2025-04-18 06:00:00+00:00,-0.0014635437347454974
2025-04-18 07:00:00+00:00,-0.0006903730817016243
2025-04-18 08:00:00+00:00,0.0063480496194259295
2025-04-18 09:00:00+00:00,-0.001255149382396406
2025-04-18 10:00:00+00:00,0.0030767226141254337
2025-04-18 11:00:00+00:00,-0.00035579185071856677
2025-04-18 12:00:00+00:00,-0.0007695427346261046
2025-04-18 13:00:00+00:00,0.0021367048560434047
2025-04-18 14:00:00+00:00,0.005042097359971338
2025-04-18 15:00:00+00:00,1.0315568709086875e-05
2025-04-18 16:00:00+00:00,0.00029415033125124206
2025-04-18 17:00:00+00:00,0.0018280293588682013
2025-04-18 18:00:00+00:00,-0.00030257369971488867
2025-04-18 19:00:00+00:00,0.00035474698651561623
2025-04-18 20:00:00+00:00,0.0007331020339902804
2025-04-18 21:00:00+00:00,0.00013541400988291338
2025-04-18 22:00:00+00:00,-0.0005467971330919162
2025-04-18 23:00:00+00:00,-0.0011039417217055677
2025-04-19 00:00:00+00:00,-0.0007510223660244286
2025-04-19 01:00:00+00:00,-0.001968059800531575
2025-04-19 02:00:00+00:00,-0.008128336471373449
2025-04-19 03:00:00+00:00,-0.0029936933708757264
2025-04-19 04:00:00+00:00,0.0029926925758115563
2025-04-19 05:00:00+00:00,-0.0011020501437020878
2025-04-19 06:00:00+00:00,3.952486771171013e-06
2025-04-19 07:00:00+00:00,0.0011430267820878531
2025-04-19 08:00:00+00:00,-0.0006434435551472978
2025-04-19 09:00:00+00:00,-0.0020521181701518326
2025-04-19 10:00:00+00:00,-9.090414441237226e-05
2025-04-19 11:00:00+00:00,0.0017223085724869718
2025-04-19 12:00:00+00:00,-0.00046727716256363475
2025-04-19 13:00:00+00:00,-0.0006710428000227301
2025-04-19 14:00:00+00:00,-0.0007778400390704758
2025-04-19 15:00:00+00:00,0.004870265731851138
2025-04-19 16:00:00+00:00,0.0008156427573678169
2025-04-19 17:00:00+00:00,0.0005673250881778812
2025-04-19 18:00:00+00:00,0.0016435046038274343
2025-04-19 19:00:00+00:00,-0.0004076879305630145
2025-04-19 20:00:00+00:00,-0.0018297472611300903
2025-04-19 21:00:00+00:00,0.000750061612652846
2025-04-19 22:00:00+00:00,0.002137789312316592
2025-04-19 23:00:00+00:00,-0.0028376679234312537
2025-04-20 00:00:00+00:00,-0.0018814771930335107
2025-04-20 01:00:00+00:00,-0.002949524407933873
2025-04-20 02:00:00+00:00,0.0011111292015015676
2025-04-20 03:00:00+00:00,6.586055425981191e-05
2025-04-20 04:00:00+00:00,0.0003067173701870373
2025-04-20 05:00:00+00:00,0.0008306003054978708
2025-04-20 06:00:00+00:00,0.0010672597746841548
2025-04-20 07:00:00+00:00,-0.002073730509528981
2025-04-20 08:00:00+00:00,0.000628215955630992
2025-04-20 09:00:00+00:00,-0.0028260608148332903
2025-04-20 10:00:00+00:00,-0.0018484363909891872
2025-04-20 11:00:00+00:00,0.007536573976212098
2025-04-20 12:00:00+00:00,-0.0006856555422372386
2025-04-20 13:00:00+00:00,-0.0012602341586618194
2025-04-20 14:00:00+00:00,-0.0004858275833093285
2025-04-20 15:00:00+00:00,0.002871305678157032
2025-04-20 16:00:00+00:00,-0.0011105076051009652
2025-04-20 17:00:00+00:00,0.0017413396427100522
2025-04-20 18:00:00+00:00,-0.0009603738948753034
2025-04-20 19:00:00+00:00,-0.001822581144981458
2025-04-20 20:00:00+00:00,0.0037111511783736607
2025-04-20 21:00:00+00:00,-0.001241780379463776
2025-04-20 22:00:00+00:00,-0.0016862264001911032
2025-04-20 23:00:00+00:00,-0.0017272385091624078
2025-04-21 00:00:00+00:00,0.00022165979169447533
2025-04-21 01:00:00+00:00,0.003887336222331939
2025-04-21 02:00:00+00:00,0.004762010057909973
2025-04-21 03:00:00+00:00,0.0006191991992187208
2025-04-21 04:00:00+00:00,0.0024680444075258537
2025-04-21 05:00:00+00:00,0.00038580410842325237
2025-04-21 06:00:00+00:00,0.001988728566891132
2025-04-21 07:00:00+00:00,-0.00033634592834567024
2025-04-21 08:00:00+00:00,-0.00042226866518403335
2025-04-21 09:00:00+00:00,0.0010052093450955053
2025-04-21 10:00:00+00:00,-0.000956450358201012
2025-04-21 11:00:00+00:00,0.001963786211485492
2025-04-21 12:00:00+00:00,-0.001946915932071435
2025-04-21 13:00:00+00:00,-0.0024963972845883607
2025-04-21 14:00:00+00:00,-0.005447432598017806
2025-04-21 15:00:00+00:00,-0.0016858510074848523
2025-04-21 16:00:00+00:00,0.0005622314178111304
2025-04-21 17:00:00+00:00,-7.053995922330418e-05
2025-04-21 18:00:00+00:00,-0.0008806986615644552
2025-04-21 19:00:00+00:00,-0.0022604093191909698
2025-04-21 20:00:00+00:00,-0.00010687628190138074
2025-04-21 21:00:00+00:00,0.0025476159980115038
2025-04-21 22:00:00+00:00,0.0010998949894277645
2025-04-21 23:00:00+00:00,-0.0011079029533393675
2025-04-22 00:00:00+00:00,-0.004467650849945205
2025-04-22 01:00:00+00:00,0.004164520938626494
2025-04-22 02:00:00+00:00,-0.0014235226858104039
2025-04-22 03:00:00+00:00,0.0015769878214892707
2025-04-22 04:00:00+00:00,-0.0009551956999871093
2025-04-22 05:00:00+00:00,0.0005835990985782392
2025-04-22 06:00:00+00:00,0.0004538876880538575
2025-04-22 07:00:00+00:00,0.00412366269549249
2025-04-22 08:00:00+00:00,0.0012700274445065706
2025-04-22 09:00:00+00:00,-0.0006194831092288489
2025-04-22 10:00:00+00:00,0.0011452842441856217
2025-04-22 11:00:00+00:00,0.0011442853604944564
2025-04-22 12:00:00+00:00,-0.003314647204009718
2025-04-22 13:00:00+00:00,-0.0009085269347182467
2025-04-22 14:00:00+00:00,0.002614590010915753
2025-04-22 15:00:00+00:00,0.0011999218641150407
2025-04-22 16:00:00+00:00,-0.00011061075589427121
2025-04-22 17:00:00+00:00,-0.0020814589109091762
2025-04-22 18:00:00+00:00,-0.00198645157176793
2025-04-22 19:00:00+00:00,0.00014855275224607469
2025-04-22 20:00:00+00:00,0.0031504968794003082
2025-04-22 21:00:00+00:00,0.0005119815777688991
2025-04-22 22:00:00+00:00,-0.0008316074435803763
2025-04-22 23:00:00+00:00,-0.0028028348275706263
2025-04-23 00:00:00+00:00,0.003144609605777933
2025-04-23 01:00:00+00:00,0.0022275823127837773
2025-04-23 02:00:00+00:00,0.005135968706778636
2025-04-23 03:00:00+00:00,0.0023559932265941916
2025-04-23 04:00:00+00:00,0.0025341571026380287
2025-04-23 05:00:00+00:00,0.002342833393688657
2025-04-23 06:00:00+00:00,-0.0049275152235119645
2025-04-23 07:00:00+00:00,0.0012174271838880366
2025-04-23 08:00:00+00:00,0.010908046181580644
2025-04-23 09:00:00+00:00,-0.0017072382946068092
2025-04-23 10:00:00+00:00,0.004785955332554847
2025-04-23 11:00:00+00:00,0.001118641502737042
2025-04-23 12:00:00+00:00,-0.002291212102156611
2025-04-23 13:00:00+00:00,-0.007869393868612039
2025-04-23 14:00:00+00:00,-0.008160232566021424
2025-04-23 15:00:00+00:00,-0.006454161705876938
2025-04-23 16:00:00+00:00,0.01596468629597472
2025-04-23 17:00:00+00:00,-0.004158536891616962
2025-04-23 18:00:00+00:00,-0.010010356488873206
2025-04-23 19:00:00+00:00,0.006246802745441535
2025-04-23 20:00:00+00:00,-0.0032984181261714175
2025-04-23 21:00:00+00:00,0.00681563589757096
2025-04-23 22:00:00+00:00,-0.0034808720134559008
2025-04-23 23:00:00+00:00,0.0010166438278103808
2025-04-24 00:00:00+00:00,0.004093159433904448
2025-04-24 01:00:00+00:00,-0.016519605808031978
2025-04-24 02:00:00+00:00,-0.0006397867921747712
2025-04-24 03:00:00+00:00,0.00414305921917081
2025-04-24 04:00:00+00:00,-0.009043178718769782
2025-04-24 05:00:00+00:00,-0.005872379826657524
2025-04-24 06:00:00+00:00,0.0010169569159677251
2025-04-24 07:00:00+00:00,-0.0068129923070942506
2025-04-24 08:00:00+00:00,0.005531631802297442
2025-04-24 09:00:00+00:00,0.0027787065605380666
2025-04-24 10:00:00+00:00,0.0042342817233785935
2025-04-24 11:00:00+00:00,-0.0036300718070538507
2025-04-24 12:00:00+00:00,-0.014626252369594011
2025-04-24 13:00:00+00:00,-0.006481787362901453
2025-04-24 14:00:00+00:00,-0.0052565886510111
2025-04-24 15:00:00+00:00,0.006333124817424841
2025-04-24 16:00:00+00:00,-0.00590688098203833
2025-04-24 17:00:00+00:00,0.005146401794543286
2025-04-24 18:00:00+00:00,0.0010382483029637768
2025-04-24 19:00:00+00:00,0.0013694479152326828
2025-04-24 20:00:00+00:00,-0.003747521351132588
2025-04-24 21:00:00+00:00,0.0008191423103021207
2025-04-24 22:00:00+00:00,-0.002493737602973637
2025-04-24 23:00:00+00:00,0.00174569117834388
2025-04-25 00:00:00+00:00,0.004495491135601938
2025-04-25 01:00:00+00:00,-0.0012792595101280642
2025-04-25 02:00:00+00:00,0.0035588183615606534
2025-04-25 03:00:00+00:00,0.0010393909074058278
2025-04-25 04:00:00+00:00,-0.002429075372500358
2025-04-25 05:00:00+00:00,-0.012901956188046553
2025-04-25 06:00:00+00:00,-0.002086434205325982
2025-04-25 07:00:00+00:00,-0.0029661933690081545
2025-04-25 08:00:00+00:00,-0.008512156676248316
2025-04-25 09:00:00+00:00,0.0025664663816495075
2025-04-25 10:00:00+00:00,0.00888338890759714
2025-04-25 11:00:00+00:00,-0.005984819893858731
2025-04-25 12:00:00+00:00,0.0027095479338249
2025-04-25 13:00:00+00:00,0.0017523487975367213
2025-04-25 14:00:00+00:00,-0.0007566753371623396
2025-04-25 15:00:00+00:00,0.009752793770422001
2025-04-25 16:00:00+00:00,-0.00913989560162154
2025-04-25 17:00:00+00:00,0.013444573626074593
2025-04-25 18:00:00+00:00,-0.0027808767077869365
2025-04-25 19:00:00+00:00,0.005069469322913813
2025-04-25 20:00:00+00:00,-0.002557871490358463
2025-04-25 21:00:00+00:00,0.0027273851957024453
2025-04-25 22:00:00+00:00,-0.0013012647903018074
2025-04-25 23:00:00+00:00,0.00047199166676379766
2025-04-26 00:00:00+00:00,-0.001528674606921901
2025-04-26 01:00:00+00:00,0.0006405383419391495
2025-04-26 02:00:00+00:00,-0.0027610286219402185
2025-04-26 03:00:00+00:00,0.003651266990277645
2025-04-26 04:00:00+00:00,0.0017372679708022225
2025-04-26 05:00:00+00:00,-0.0018376089287587207
2025-04-26 06:00:00+00:00,0.005271429070074564
2025-04-26 07:00:00+00:00,0.00112777062776905
2025-04-26 08:00:00+00:00,0.003950623521908409
2025-04-26 09:00:00+00:00,0.0033540507972291333
2025-04-26 10:00:00+00:00,-0.0030906749442087583
2025-04-26 11:00:00+00:00,0.005239866383677528
2025-04-26 12:00:00+00:00,0.0012034248656508457
2025-04-26 13:00:00+00:00,-0.004520896476849982
2025-04-26 14:00:00+00:00,-0.0004362995374245282
2025-04-26 15:00:00+00:00,-0.005135791035713347
2025-04-26 16:00:00+00:00,0.0016582463143925911
2025-04-26 17:00:00+00:00,-0.00036416033086949097
2025-04-26 18:00:00+00:00,0.004238039362789025
2025-04-26 19:00:00+00:00,-0.001036704829448241
2025-04-26 20:00:00+00:00,-0.003648172016547481
2025-04-26 21:00:00+00:00,0.0024288189542663397
2025-04-26 22:00:00+00:00,-0.0003681527358543279
2025-04-26 23:00:00+00:00,0.00040796823423801715
2025-04-27 00:00:00+00:00,0.006718022243517761
2025-04-27 01:00:00+00:00,-0.005795988061260899
2025-04-27 02:00:00+00:00,-0.0051194875204696065
2025-04-27 03:00:00+00:00,-0.0018640813050604865
2025-04-27 04:00:00+00:00,-0.0034411683275211258
2025-04-27 05:00:00+00:00,-0.0005009157994750169
2025-04-27 06:00:00+00:00,-0.002788794066960268
2025-04-27 07:00:00+00:00,0.001938553192818388
2025-04-27 08:00:00+00:00,-0.0022197042994038696
2025-04-27 09:00:00+00:00,0.0031420360743407054
2025-04-27 10:00:00+00:00,0.0006774570056691893
2025-04-27 11:00:00+00:00,-0.004343945664588113
2025-04-27 12:00:00+00:00,0.0057016945963094855
2025-04-27 13:00:00+00:00,0.002931002877490763
2025-04-27 14:00:00+00:00,0.006185160723383503
2025-04-27 15:00:00+00:00,0.000845433030490279
2025-04-27 16:00:00+00:00,0.0015454065000053965
2025-04-27 17:00:00+00:00,0.0018317544676630037
2025-04-27 18:00:00+00:00,-0.0024844831088947387
2025-04-27 19:00:00+00:00,0.0035186539606590706
2025-04-27 20:00:00+00:00,-0.002266386244677778
2025-04-27 21:00:00+00:00,0.0059740655759620755
2025-04-27 22:00:00+00:00,-0.003420689887294451
2025-04-27 23:00:00+00:00,0.0024015865825693767
2025-04-28 00:00:00+00:00,0.011424676170822214
2025-04-28 01:00:00+00:00,-0.001880604776270159
2025-04-28 02:00:00+00:00,-0.008964221914863447
2025-04-28 03:00:00+00:00,-0.00017299603271998194
2025-04-28 04:00:00+00:00,0.002380426062916271
2025-04-28 05:00:00+00:00,-0.009460643940162026
2025-04-28 06:00:00+00:00,0.00268343009224658
2025-04-28 07:00:00+00:00,-0.009530599621056401
2025-04-28 08:00:00+00:00,0.0018256040560686417
2025-04-28 09:00:00+00:00,-0.0013100083346320468
2025-04-28 10:00:00+00:00,-0.004255480687356884
2025-04-28 11:00:00+00:00,0.00026208924349058817
2025-04-28 12:00:00+00:00,0.005741841282058182
2025-04-28 13:00:00+00:00,-0.0039318114285182065
2025-04-28 14:00:00+00:00,0.009939318590568375
2025-04-28 15:00:00+00:00,-0.005199527220242395
2025-04-28 16:00:00+00:00,0.004120559209426519
2025-04-28 17:00:00+00:00,-0.003156380745884578
2025-04-28 18:00:00+00:00,0.006055055550965215
2025-04-28 19:00:00+00:00,-0.001082115950658253
2025-04-28 20:00:00+00:00,0.004613717861562461
2025-04-28 21:00:00+00:00,0.009409144180221107
2025-04-28 22:00:00+00:00,0.0012595061566784038
2025-04-28 23:00:00+00:00,0.008081205985059623
2025-04-29 00:00:00+00:00,-0.003480097462202573
2025-04-29 01:00:00+00:00,0.0031031789361887245
2025-04-29 02:00:00+00:00,-0.0082047024277896
2025-04-29 03:00:00+00:00,0.002338515609852537
2025-04-29 04:00:00+00:00,0.008724172548155568
2025-04-29 05:00:00+00:00,-0.005106430053803288
2025-04-29 06:00:00+00:00,0.005494307986324649
2025-04-29 07:00:00+00:00,-0.0060349424132536385
2025-04-29 08:00:00+00:00,0.0015445657164948872
2025-04-29 09:00:00+00:00,0.003102713018677971
2025-04-29 10:00:00+00:00,0.0008053084501217329
2025-04-29 11:00:00+00:00,-0.0018873628457828009
2025-04-29 12:00:00+00:00,0.004208786655779595
2025-04-29 13:00:00+00:00,0.0003804785256129
2025-04-29 14:00:00+00:00,-0.009588061342063536
2025-04-29 15:00:00+00:00,0.0018379665321891238
2025-04-29 16:00:00+00:00,0.003727016856081931
2025-04-29 17:00:00+00:00,-0.0032449122887510872
2025-04-29 18:00:00+00:00,0.0020754788829936924
2025-04-29 19:00:00+00:00,-0.0015829084341507146
2025-04-29 20:00:00+00:00,0.002866141803207194
2025-04-29 21:00:00+00:00,-0.004765633758694923
2025-04-29 22:00:00+00:00,0.003840241725795457
2025-04-29 23:00:00+00:00,-0.010311445679934576
2025-04-30 00:00:00+00:00,0.0025268455572006084
2025-04-30 01:00:00+00:00,-0.0025922718803717344
2025-04-30 02:00:00+00:00,0.002201024525131458
2025-04-30 03:00:00+00:00,0.0029860520179608384
2025-04-30 04:00:00+00:00,0.002508397171289666
2025-04-30 05:00:00+00:00,-0.007706233112703602
2025-04-30 06:00:00+00:00,-0.0002650555673886846
2025-04-30 07:00:00+00:00,0.0005379714468519258
2025-04-30 08:00:00+00:00,0.0025897906299659564
2025-04-30 09:00:00+00:00,0.002270262157429382
2025-04-30 10:00:00+00:00,0.005143180146201712
2025-04-30 11:00:00+00:00,0.001567162572773348
2025-04-30 12:00:00+00:00,0.004040841618204605
2025-04-30 13:00:00+00:00,0.006173470571580865
2025-04-30 14:00:00+00:00,-0.003773058287296963
2025-04-30 15:00:00+00:00,-0.0035037047971044643
2025-04-30 16:00:00+00:00,0.003756955125985492
2025-04-30 17:00:00+00:00,0.00012206323540263829
2025-04-30 18:00:00+00:00,0.004579362885714285
2025-04-30 19:00:00+00:00,-0.0018966881073826272
2025-04-30 20:00:00+00:00,0.0022877517206973796
2025-04-30 21:00:00+00:00,-0.007434912616421027
2025-04-30 22:00:00+00:00,-0.0023157694861895505
2025-04-30 23:00:00+00:00,-0.0023028105264693054
2025-05-01 00:00:00+00:00,0.001266329197413015
2025-05-01 01:00:00+00:00,0.0035482048665948455
2025-05-01 02:00:00+00:00,0.004199671754956554
2025-05-01 03:00:00+00:00,-0.004432210877889351
2025-05-01 04:00:00+00:00,-0.00045239345848294214
2025-05-01 05:00:00+00:00,3.114171823456272e-05
2025-05-01 06:00:00+00:00,0.0024605672509289893
2025-05-01 07:00:00+00:00,-0.001082365115647454
2025-05-01 08:00:00+00:00,0.0006727420908289213
2025-05-01 09:00:00+00:00,-0.002009316408879038
2025-05-01 10:00:00+00:00,-0.01023295376962287
2025-05-01 11:00:00+00:00,-0.00044672915624803625
2025-05-01 12:00:00+00:00,-0.002193745751925889
2025-05-01 13:00:00+00:00,9.241869440364421e-05
2025-05-01 14:00:00+00:00,0.0012620625613966644
2025-05-01 15:00:00+00:00,0.00213587838397995
2025-05-01 16:00:00+00:00,0.005760134815276904
2025-05-01 17:00:00+00:00,-0.0035310369824866528
2025-05-01 18:00:00+00:00,0.006804607251882195
2025-05-01 19:00:00+00:00,-0.0020114617119852936
2025-05-01 20:00:00+00:00,-0.002319847784008554
2025-05-01 21:00:00+00:00,0.006081060275233053
2025-05-01 22:00:00+00:00,-0.00015155353364471345
2025-05-01 23:00:00+00:00,0.008310753957656535
2025-05-02 00:00:00+00:00,0.010115122420468312
2025-05-02 01:00:00+00:00,0.0021076642311949373
2025-05-02 02:00:00+00:00,0.001609903696672566
2025-05-02 03:00:00+00:00,0.006052194422805118
2025-05-02 04:00:00+00:00,-0.0029113983963832443
2025-05-02 05:00:00+00:00,-0.0004496874757716772
2025-05-02 06:00:00+00:00,-0.0004943714797729932
2025-05-02 07:00:00+00:00,-0.0032376200942339493
2025-05-02 08:00:00+00:00,-0.000630734085807048
2025-05-02 09:00:00+00:00,0.000576856869280636
2025-05-02 10:00:00+00:00,0.004543578511104811
2025-05-02 11:00:00+00:00,-0.00019280889439287992
2025-05-02 12:00:00+00:00,-0.0023985116141538826
2025-05-02 13:00:00+00:00,0.0008413907131335384
2025-05-02 14:00:00+00:00,0.003484286294565346
2025-05-02 15:00:00+00:00,-0.0013219822086790313
2025-05-02 16:00:00+00:00,0.0010659681810027584
2025-05-02 17:00:00+00:00,-0.001458046058361488
2025-05-02 18:00:00+00:00,-0.0036226974327402354
2025-05-02 19:00:00+00:00,0.0038301314048502545
2025-05-02 20:00:00+00:00,-0.0031233655724787375
2025-05-02 21:00:00+00:00,0.00258435843430038
2025-05-02 22:00:00+00:00,0.002139374292669555
2025-05-02 23:00:00+00:00,0.0013023482202896345
2025-05-03 00:00:00+00:00,0.003997442992371987
2025-05-03 01:00:00+00:00,-3.1976162285289794e-05
2025-05-03 02:00:00+00:00,-0.00892147288358813
2025-05-03 03:00:00+00:00,0.00024640835421685066
2025-05-03 04:00:00+00:00,-0.0023127318101542164
2025-05-03 05:00:00+00:00,0.0033069165599268363
2025-05-03 06:00:00+00:00,-0.003196704219992185
2025-05-03 07:00:00+00:00,0.005850752353521959
2025-05-03 08:00:00+00:00,0.0026856875837175066
2025-05-03 09:00:00+00:00,-0.004750595297809295
2025-05-03 10:00:00+00:00,0.0037311723783084853
2025-05-03 11:00:00+00:00,-0.0024883169638595356
2025-05-03 12:00:00+00:00,0.0003269160204586234
2025-05-03 13:00:00+00:00,0.0033182123214330226
2025-05-03 14:00:00+00:00,0.002484708781525712
2025-05-03 15:00:00+00:00,0.0035957155860329004
2025-05-03 16:00:00+00:00,-0.006502708738945148
2025-05-03 17:00:00+00:00,0.004098729255399101
2025-05-03 18:00:00+00:00,0.0008408462647242621
2025-05-03 19:00:00+00:00,0.004110147177475876
2025-05-03 20:00:00+00:00,0.0008538398070081827
2025-05-03 21:00:00+00:00,-0.004980526384184116
2025-05-03 22:00:00+00:00,-0.0035636377012322187
2025-05-03 23:00:00+00:00,-0.0009395499096307029
2025-05-04 00:00:00+00:00,0.008385829461039622
2025-05-04 01:00:00+00:00,0.0022220430255726984
2025-05-04 02:00:00+00:00,0.0017960222357273619
2025-05-04 03:00:00+00:00,-0.0009474705772792068
2025-05-04 04:00:00+00:00,-0.0012942529712390524
2025-05-04 05:00:00+00:00,0.0018870727425824153
2025-05-04 06:00:00+00:00,-0.0013473943720124257
2025-05-04 07:00:00+00:00,-0.0007242115352226857
2025-05-04 08:00:00+00:00,-0.00151603446887874
2025-05-04 09:00:00+00:00,0.0011707903299140615
2025-05-04 10:00:00+00:00,-0.0008388496805207032
2025-05-04 11:00:00+00:00,0.001246850742202638
2025-05-04 12:00:00+00:00,0.0007711877501695166
2025-05-04 13:00:00+00:00,-0.00272419294895796
2025-05-04 14:00:00+00:00,0.001790024247325479
2025-05-04 15:00:00+00:00,-0.0018952852375129384
2025-05-04 16:00:00+00:00,0.0016174652808178484
2025-05-04 17:00:00+00:00,-0.00495382356814861
2025-05-04 18:00:00+00:00,0.0055958169508477556
2025-05-04 19:00:00+00:00,-0.0028369192996158623
2025-05-04 20:00:00+00:00,-0.003892925586059351
2025-05-04 21:00:00+00:00,-0.0002366076282046013
2025-05-04 22:00:00+00:00,0.001417321428444431
2025-05-04 23:00:00+00:00,-0.005016083032201293
2025-05-05 00:00:00+00:00,0.01370592428384102
2025-05-05 01:00:00+00:00,-0.007257906908515097
2025-05-05 02:00:00+00:00,-0.007203475768310956
2025-05-05 03:00:00+00:00,0.006129205285597276
2025-05-05 04:00:00+00:00,-0.0019368163660368701
2025-05-05 05:00:00+00:00,-0.008670879183930206
2025-05-05 06:00:00+00:00,-0.0045893810651097865
2025-05-05 07:00:00+00:00,-0.002319528814639773
2025-05-05 08:00:00+00:00,-0.0076539027142234735
2025-05-05 09:00:00+00:00,0.00010522731260049638
2025-05-05 10:00:00+00:00,-0.0042043602244224085
2025-05-05 11:00:00+00:00,-0.005193983454657475
2025-05-05 12:00:00+00:00,0.003732634250801385
2025-05-05 13:00:00+00:00,-0.004546964366174214
2025-05-05 14:00:00+00:00,-0.0011510983269562272
2025-05-05 15:00:00+00:00,0.007139655176194965
2025-05-05 16:00:00+00:00,0.005417489255091702
2025-05-05 17:00:00+00:00,-0.001104818946053211
2025-05-05 18:00:00+00:00,0.002695072021276275
2025-05-05 19:00:00+00:00,-0.00864019003225951
2025-05-05 20:00:00+00:00,0.005900212972028734
2025-05-05 21:00:00+00:00,0.003547927701463679
2025-05-05 22:00:00+00:00,-0.004006421628386423
2025-05-05 23:00:00+00:00,0.0037777980407982252
2025-05-06 00:00:00+00:00,0.00440909084403148
2025-05-06 01:00:00+00:00,0.007698790000405528
2025-05-06 02:00:00+00:00,-0.004460231279733025
2025-05-06 03:00:00+00:00,0.00018057236893231836
2025-05-06 04:00:00+00:00,-0.005306973204417228
2025-05-06 05:00:00+00:00,0.0023679961626675385
2025-05-06 06:00:00+00:00,-0.0028399361842482785
2025-05-06 07:00:00+00:00,-0.0005780319298099254
2025-05-06 08:00:00+00:00,0.007676255141145477
2025-05-06 09:00:00+00:00,0.0005810100043376914
2025-05-06 10:00:00+00:00,0.003345095526012523
2025-05-06 11:00:00+00:00,0.001458390575934873
2025-05-06 12:00:00+00:00,0.0002622976484524913
2025-05-06 13:00:00+00:00,-0.004996858483129577
2025-05-06 14:00:00+00:00,0.0048993524019683345
2025-05-06 15:00:00+00:00,0.003320242335736435
2025-05-06 16:00:00+00:00,0.0028855261556642825
2025-05-06 17:00:00+00:00,0.00200088734993217
2025-05-06 18:00:00+00:00,-0.004762557590001823
2025-05-06 19:00:00+00:00,0.0016375909093524121
2025-05-06 20:00:00+00:00,-0.008036795879474853
2025-05-06 21:00:00+00:00,-0.003936921981240757
2025-05-06 22:00:00+00:00,0.0041795227745036745
2025-05-06 23:00:00+00:00,0.0025089951530469293
2025-05-07 00:00:00+00:00,-0.0006780781889904634
2025-05-07 01:00:00+00:00,0.0021680773537573646
2025-05-07 02:00:00+00:00,0.0015608490604876513
2025-05-07 03:00:00+00:00,-0.0016222805429391997
2025-05-07 04:00:00+00:00,0.0024077879072939502
2025-05-07 05:00:00+00:00,-0.0036683049721539383
2025-05-07 06:00:00+00:00,0.004283137652279062
2025-05-07 07:00:00+00:00,-0.0011265593952224243
2025-05-07 08:00:00+00:00,-0.0030922701422567856
2025-05-07 09:00:00+00:00,-0.000531007643419479
2025-05-07 10:00:00+00:00,0.00641280600282272
2025-05-07 11:00:00+00:00,0.0005903088713835895
2025-05-07 12:00:00+00:00,-0.004651124336364921
2025-05-07 13:00:00+00:00,0.0006601840737637877
2025-05-07 14:00:00+00:00,-0.0005039091310129031
2025-05-07 15:00:00+00:00,-0.0062992700225880886
2025-05-07 16:00:00+00:00,-0.002921283796495685
2025-05-07 17:00:00+00:00,0.009976278084154919
2025-05-07 18:00:00+00:00,-0.0006815448315615878
2025-05-07 19:00:00+00:00,0.0028897561383609666
2025-05-07 20:00:00+00:00,-0.0069202349316128476
2025-05-07 21:00:00+00:00,0.0018957028409799335
2025-05-07 22:00:00+00:00,0.003928327534739484
2025-05-07 23:00:00+00:00,0.0017472822949594843
2025-05-08 00:00:00+00:00,-0.0016971284379923963
2025-05-08 01:00:00+00:00,0.0014314245820442972
2025-05-08 02:00:00+00:00,-0.002911077649379638
2025-05-08 03:00:00+00:00,0.0058220786781502205
2025-05-08 04:00:00+00:00,0.004356341482645729
2025-05-08 05:00:00+00:00,-0.00014647227219393604
2025-05-08 06:00:00+00:00,-0.006057821457133791
2025-05-08 07:00:00+00:00,0.006073498902515122
2025-05-08 08:00:00+00:00,-0.0023959942327512903
2025-05-08 09:00:00+00:00,-0.005433254918817759
2025-05-08 10:00:00+00:00,-0.006931551134268428
2025-05-08 11:00:00+00:00,0.003087644790556572
2025-05-08 12:00:00+00:00,-0.00559722482381026
2025-05-08 13:00:00+00:00,0.00044393252529812744
2025-05-08 14:00:00+00:00,0.009739181534749107
2025-05-08 15:00:00+00:00,-5.8980734886419047e-05
2025-05-08 16:00:00+00:00,-0.0015150996997815574
2025-05-08 17:00:00+00:00,-0.0025482040152523004
2025-05-08 18:00:00+00:00,0.001574117997885095
2025-05-08 19:00:00+00:00,0.005803402848423889
2025-05-08 20:00:00+00:00,0.005483334836132012
2025-05-08 21:00:00+00:00,-0.000502041895582382
2025-05-08 22:00:00+00:00,0.00284130540134128
2025-05-08 23:00:00+00:00,-7.130891087400601e-06
2025-05-09 00:00:00+00:00,0.002779775574055461
2025-05-09 01:00:00+00:00,0.0005062267486658186
2025-05-09 02:00:00+00:00,0.013512692199637513
2025-05-09 03:00:00+00:00,0.008688856468283969
2025-05-09 04:00:00+00:00,-0.0030595442656207675
2025-05-09 05:00:00+00:00,0.0032240855479493164
2025-05-09 06:00:00+00:00,0.003307603886983459
2025-05-09 07:00:00+00:00,0.01178987389262003
2025-05-09 08:00:00+00:00,0.002596050430737325
2025-05-09 09:00:00+00:00,0.010635289701769109
2025-05-09 10:00:00+00:00,0.004040379938312578
2025-05-09 11:00:00+00:00,-0.0011902842436801858
2025-05-09 12:00:00+00:00,0.0019025808124215435
2025-05-09 13:00:00+00:00,-0.0007995564589472749
2025-05-09 14:00:00+00:00,-0.0024677319274580565
2025-05-09 15:00:00+00:00,0.0004164142290565096
2025-05-09 16:00:00+00:00,0.002720438903185383
2025-05-09 17:00:00+00:00,0.00659103040296945
2025-05-09 18:00:00+00:00,0.002010742779959325
2025-05-09 19:00:00+00:00,-0.004609409992981748
2025-05-09 20:00:00+00:00,0.0012365715640718614
2025-05-09 21:00:00+00:00,-0.0013224210934917222
2025-05-09 22:00:00+00:00,0.0015333263090108532
2025-05-09 23:00:00+00:00,0.0016135934839988206
2025-05-10 00:00:00+00:00,0.0022635281418334056
2025-05-10 01:00:00+00:00,-0.000604957570886542
2025-05-10 02:00:00+00:00,0.003876489300008801
2025-05-10 03:00:00+00:00,-0.0034745122487619745
2025-05-10 04:00:00+00:00,0.0013391085411716748
2025-05-10 05:00:00+00:00,0.0048899163666020415
2025-05-10 06:00:00+00:00,0.0009249857069370065
2025-05-10 07:00:00+00:00,-0.0011410466365968735
2025-05-10 08:00:00+00:00,-0.0005051071143639411
2025-05-10 09:00:00+00:00,0.0004636746309204104
2025-05-10 10:00:00+00:00,-0.0015319900036500117
2025-05-10 11:00:00+00:00,0.003418008786809771
2025-05-10 12:00:00+00:00,0.0020201340594414034
2025-05-10 13:00:00+00:00,-0.005561745722036939
2025-05-10 14:00:00+00:00,0.0021717077715624907
2025-05-10 15:00:00+00:00,0.0007827401548156426
2025-05-10 16:00:00+00:00,-7.184758022257191e-07
2025-05-10 17:00:00+00:00,0.0020550384368990286
2025-05-10 18:00:00+00:00,-0.011342339538324153
2025-05-10 19:00:00+00:00,0.0025155049029555207
2025-05-10 20:00:00+00:00,-0.009036102163537939
2025-05-10 21:00:00+00:00,-0.0024294240854588877
2025-05-10 22:00:00+00:00,-0.013591802091385656
2025-05-10 23:00:00+00:00,0.0009180824095599952
2025-05-11 00:00:00+00:00,0.0001601887057174442
2025-05-11 01:00:00+00:00,-0.003436989148347377
2025-05-11 02:00:00+00:00,-0.007908816881435264
2025-05-11 03:00:00+00:00,0.00617754615060922
2025-05-11 04:00:00+00:00,0.003358548541653705
2025-05-11 05:00:00+00:00,-0.0006881345668508989
2025-05-11 06:00:00+00:00,0.0042954198566012595
2025-05-11 07:00:00+00:00,0.0023528857785818005
2025-05-11 08:00:00+00:00,-0.00275452031393377
2025-05-11 09:00:00+00:00,0.00036603600094958045
2025-05-11 10:00:00+00:00,-0.001105492657587234
2025-05-11 11:00:00+00:00,-0.0019959663269077115
2025-05-11 12:00:00+00:00,0.0037743602184750554
2025-05-11 13:00:00+00:00,0.0030299907270847476
2025-05-11 14:00:00+00:00,0.001389225967067337
2025-05-11 15:00:00+00:00,0.00028932973744415707
2025-05-11 16:00:00+00:00,0.0018422783076063284
2025-05-11 17:00:00+00:00,-0.004770980187359395
2025-05-11 18:00:00+00:00,0.0036522379045985207
2025-05-11 19:00:00+00:00,-0.0017841978721358234
2025-05-11 20:00:00+00:00,4.143608387986838e-05
2025-05-11 21:00:00+00:00,0.00154171959998714
2025-05-11 22:00:00+00:00,0.0022779056124909098
2025-05-11 23:00:00+00:00,-0.00026173187984092973
2025-05-12 00:00:00+00:00,-0.003175157717918441
2025-05-12 01:00:00+00:00,2.7098949737916167e-05
2025-05-12 02:00:00+00:00,0.00018085970258445132
2025-05-12 03:00:00+00:00,0.0043104848363600965
2025-05-12 04:00:00+00:00,-0.00018193027699189198
2025-05-12 05:00:00+00:00,0.0014255581990771915
2025-05-12 06:00:00+00:00,-0.0002248346590730905
2025-05-12 07:00:00+00:00,-0.002323238318501632
2025-05-12 08:00:00+00:00,-0.0026208301628972597
2025-05-12 09:00:00+00:00,0.0006155999856962655
2025-05-12 10:00:00+00:00,0.0030159013255418978
2025-05-12 11:00:00+00:00,0.013348921655594655
2025-05-12 12:00:00+00:00,0.01782138083384982
2025-05-12 13:00:00+00:00,0.001619987067967334
2025-05-12 14:00:00+00:00,0.0077892640119448745
2025-05-12 15:00:00+00:00,0.0008421932142148343
2025-05-12 16:00:00+00:00,0.0014564409842515343
2025-05-12 17:00:00+00:00,-0.0001661051198260237
2025-05-12 18:00:00+00:00,0.01428963298188377
2025-05-12 19:00:00+00:00,-0.004865685279762235
2025-05-12 20:00:00+00:00,0.0031688280929240897
2025-05-12 21:00:00+00:00,-0.002138790709853739
2025-05-12 22:00:00+00:00,-0.002773500429056462
2025-05-12 23:00:00+00:00,-0.00021060349487697305
2025-05-13 00:00:00+00:00,0.004152743078629417
2025-05-13 01:00:00+00:00,0.00524852558288814
2025-05-13 02:00:00+00:00,0.002407285277791816
2025-05-13 03:00:00+00:00,-0.001086051398867471
2025-05-13 04:00:00+00:00,0.005806191936073873
2025-05-13 05:00:00+00:00,-0.0028431511034640623
2025-05-13 06:00:00+00:00,-0.0015344309008485377
2025-05-13 07:00:00+00:00,0.0008367545747529745
2025-05-13 08:00:00+00:00,-0.0001893055024651871
2025-05-13 09:00:00+00:00,-0.0006525809145799272
2025-05-13 10:00:00+00:00,-0.0003960853419628915
2025-05-13 11:00:00+00:00,-0.0066395270726725755
2025-05-13 12:00:00+00:00,0.0023011422302451918
2025-05-13 13:00:00+00:00,-0.0029561462713592083
2025-05-13 14:00:00+00:00,-0.004348279872809346
2025-05-13 15:00:00+00:00,0.004702685367853756
2025-05-13 16:00:00+00:00,-0.004722449682983928
2025-05-13 17:00:00+00:00,-0.004959177592592357
2025-05-13 18:00:00+00:00,-0.006793049790427268
2025-05-13 19:00:00+00:00,0.0004715910390417215
2025-05-13 20:00:00+00:00,-0.007128136262394955
2025-05-13 21:00:00+00:00,0.0014679519401895312
2025-05-13 22:00:00+00:00,0.0001872104300650094
2025-05-13 23:00:00+00:00,0.002152175172922075
2025-05-14 00:00:00+00:00,-0.0026119639204337424
2025-05-14 01:00:00+00:00,0.001864401449880152
2025-05-14 02:00:00+00:00,0.005078795755024881
2025-05-14 03:00:00+00:00,-0.0013641346707736945
2025-05-14 04:00:00+00:00,-0.00443880818734234
2025-05-14 05:00:00+00:00,0.0011265424616156861
2025-05-14 06:00:00+00:00,-0.00118228759170008
2025-05-14 07:00:00+00:00,0.007126926758823361
2025-05-14 08:00:00+00:00,0.008050067848154003
2025-05-14 09:00:00+00:00,-0.0003931257028414637
2025-05-14 10:00:00+00:00,-0.0007387812674410786
2025-05-14 11:00:00+00:00,-0.0005661872263622767
2025-05-14 12:00:00+00:00,0.0034504988505227683
2025-05-14 13:00:00+00:00,0.0037048413553490756
2025-05-14 14:00:00+00:00,-0.0006968103267343301
2025-05-14 15:00:00+00:00,0.0003703262911437051
2025-05-14 16:00:00+00:00,0.00013838161106870833
2025-05-14 17:00:00+00:00,-0.0013129627733378733
2025-05-14 18:00:00+00:00,0.0006138854528333185
2025-05-14 19:00:00+00:00,-0.000554682787784757
2025-05-14 20:00:00+00:00,-0.002381671024200146
2025-05-14 21:00:00+00:00,0.0011226460884059257
2025-05-14 22:00:00+00:00,-0.0025842110633044475
2025-05-14 23:00:00+00:00,0.00164107075640163
2025-05-15 00:00:00+00:00,-0.0006330917144453941
2025-05-15 01:00:00+00:00,0.006073480387658066
2025-05-15 02:00:00+00:00,0.0021408037489986857
2025-05-15 03:00:00+00:00,-0.0021071561306506338
2025-05-15 04:00:00+00:00,-0.0002090732632773809
2025-05-15 05:00:00+00:00,0.00271181907196615
2025-05-15 06:00:00+00:00,-0.0022458799121866007
2025-05-15 07:00:00+00:00,0.0034632954126259624
2025-05-15 08:00:00+00:00,-4.453103417079503e-05
2025-05-15 09:00:00+00:00,0.003511577090642544
2025-05-15 10:00:00+00:00,-0.00336038102026447
2025-05-15 11:00:00+00:00,0.0027596517444296274
2025-05-15 12:00:00+00:00,-0.001455178347472963
2025-05-15 13:00:00+00:00,-0.0019267316902075995
2025-05-15 14:00:00+00:00,0.007947210515289632
2025-05-15 15:00:00+00:00,-0.0018558884798613236
2025-05-15 16:00:00+00:00,-0.0014320695378723751
2025-05-15 17:00:00+00:00,0.00021883338714533224
2025-05-15 18:00:00+00:00,-0.0014273441117532237
2025-05-15 19:00:00+00:00,0.00019840725730557298
2025-05-15 20:00:00+00:00,-0.00017317705660527383
2025-05-15 21:00:00+00:00,0.003320225134635499
2025-05-15 22:00:00+00:00,0.003212353581535869
2025-05-15 23:00:00+00:00,-0.0036902446669766975
2025-05-16 00:00:00+00:00,0.005888116148349354
2025-05-16 01:00:00+00:00,0.001627877053195089
2025-05-16 02:00:00+00:00,0.004491439062377745
2025-05-16 03:00:00+00:00,-0.000322327062797844
2025-05-16 04:00:00+00:00,-0.0001496681447312702
2025-05-16 05:00:00+00:00,0.0013206834234073838
2025-05-16 06:00:00+00:00,-0.002902152591939703
2025-05-16 07:00:00+00:00,-0.003813930000532437
2025-05-16 08:00:00+00:00,-0.0035367312423450967
2025-05-16 09:00:00+00:00,0.003521515964261598
2025-05-16 10:00:00+00:00,0.00015563435559563986
2025-05-16 11:00:00+00:00,-0.002198397954464381
2025-05-16 12:00:00+00:00,0.0017995928318211827
2025-05-16 13:00:00+00:00,0.0014623346387842076
2025-05-16 14:00:00+00:00,-0.0027124936214950103
2025-05-16 15:00:00+00:00,0.0025336885064403073
2025-05-16 16:00:00+00:00,-0.004321613795773513
2025-05-16 17:00:00+00:00,0.0011719307143006753
2025-05-16 18:00:00+00:00,0.00023246140723452328
2025-05-16 19:00:00+00:00,0.0008696148803291746
2025-05-16 20:00:00+00:00,-0.005081102617668403
2025-05-16 21:00:00+00:00,0.001175366835383678
2025-05-16 22:00:00+00:00,0.0011393263147222066
2025-05-16 23:00:00+00:00,0.006446936735129179
2025-05-17 00:00:00+00:00,-0.000372826433420002
2025-05-17 01:00:00+00:00,-0.0004313224943176113
2025-05-17 02:00:00+00:00,0.0006463311763764704
2025-05-17 03:00:00+00:00,9.360923345030743e-05
2025-05-17 04:00:00+00:00,-0.0003846955314712532
2025-05-17 05:00:00+00:00,0.0022192981632385353
2025-05-17 06:00:00+00:00,-0.00355611310239485
2025-05-17 07:00:00+00:00,-0.0007400832156727385
2025-05-17 08:00:00+00:00,-0.0009767210170097801
2025-05-17 09:00:00+00:00,0.0010236069596148316
2025-05-17 10:00:00+00:00,0.002416233588596903
2025-05-17 11:00:00+00:00,-2.966388493794847e-05
2025-05-17 12:00:00+00:00,0.0016334611428305164
2025-05-17 13:00:00+00:00,-0.0029258983796611013
2025-05-17 14:00:00+00:00,0.004891738666744289
2025-05-17 15:00:00+00:00,0.001926119965584823
2025-05-17 16:00:00+00:00,-0.004600154082148342
2025-05-17 17:00:00+00:00,0.0018896338483985376
2025-05-17 18:00:00+00:00,0.0003284261669720893
2025-05-17 19:00:00+00:00,-0.0020807956214517996
2025-05-17 20:00:00+00:00,0.0028432299359938463
2025-05-17 21:00:00+00:00,0.0007328114025308587
2025-05-17 22:00:00+00:00,-0.0016032469881154916
2025-05-17 23:00:00+00:00,-0.0008037924044132116
2025-05-18 00:00:00+00:00,-0.0010438625043842685
2025-05-18 01:00:00+00:00,-0.0002462447361040463
2025-05-18 02:00:00+00:00,0.000549185249068832
2025-05-18 03:00:00+00:00,0.0010861568494973822
2025-05-18 04:00:00+00:00,0.005053196488013997
2025-05-18 05:00:00+00:00,0.0008441674609596194
2025-05-18 06:00:00+00:00,0.0011828733941102846
2025-05-18 07:00:00+00:00,1.4435138996695911e-05
2025-05-18 08:00:00+00:00,0.003965043025074331
2025-05-18 09:00:00+00:00,-0.0013700626753518936
2025-05-18 10:00:00+00:00,0.00021969577497393464
2025-05-18 11:00:00+00:00,-0.0027693202661506215
2025-05-18 12:00:00+00:00,-0.0011742767228162154
2025-05-18 13:00:00+00:00,-0.0024845208332813975
2025-05-18 14:00:00+00:00,0.004317558594211244
2025-05-18 15:00:00+00:00,0.001035513710015475
2025-05-18 16:00:00+00:00,-0.0017297487751077516
2025-05-18 17:00:00+00:00,0.006996424557322
2025-05-18 18:00:00+00:00,0.0039824814296798615
2025-05-18 19:00:00+00:00,0.004380992626822647
2025-05-18 20:00:00+00:00,0.0034870833026272798
2025-05-18 21:00:00+00:00,0.004088301167192143
2025-05-18 22:00:00+00:00,-0.0055347191062103075
2025-05-18 23:00:00+00:00,-0.0007046744641393643
2025-05-19 00:00:00+00:00,0.0013050225215377903
2025-05-19 01:00:00+00:00,-0.0006420754047678911
2025-05-19 02:00:00+00:00,0.00046036911894681856
2025-05-19 03:00:00+00:00,-6.875387403673213e-05
2025-05-19 04:00:00+00:00,0.010352791354872387
2025-05-19 05:00:00+00:00,0.0020683268288807246
2025-05-19 06:00:00+00:00,-0.0029104515473787175
2025-05-19 07:00:00+00:00,-0.0015806432705550264
2025-05-19 08:00:00+00:00,-0.0006604901780487573
2025-05-19 09:00:00+00:00,0.0017048891336953849
2025-05-19 10:00:00+00:00,-0.001829695394333591
2025-05-19 11:00:00+00:00,8.260673838033523e-05
2025-05-19 12:00:00+00:00,0.0005057862985694366
2025-05-19 13:00:00+00:00,0.0016052264926276272
2025-05-19 14:00:00+00:00,-0.0019316327016918693
2025-05-19 15:00:00+00:00,-0.003637615875067355
2025-05-19 16:00:00+00:00,-0.003125385053824255
2025-05-19 17:00:00+00:00,0.0005000466419149257
2025-05-19 18:00:00+00:00,0.0020275132769745157
2025-05-19 19:00:00+00:00,-0.0052225229981661
2025-05-19 20:00:00+00:00,-0.0005376121956486874
2025-05-19 21:00:00+00:00,-0.0011049143333792396
2025-05-19 22:00:00+00:00,0.003930631649190172
2025-05-19 23:00:00+00:00,-0.0038807481223498436
2025-05-20 00:00:00+00:00,0.00410969233557794
2025-05-20 01:00:00+00:00,-0.0036472718621858367
2025-05-20 02:00:00+00:00,-0.0022094636053232443
2025-05-20 03:00:00+00:00,0.001931291938785407
2025-05-20 04:00:00+00:00,-0.0029425553757883092
2025-05-20 05:00:00+00:00,0.0026723670817597137
2025-05-20 06:00:00+00:00,-0.0014741694836978181
2025-05-20 07:00:00+00:00,-0.0014508998926465045
2025-05-20 08:00:00+00:00,-0.001691740527185958
2025-05-20 09:00:00+00:00,-0.0012890094519863783
2025-05-20 10:00:00+00:00,0.0023595818807068117
2025-05-20 11:00:00+00:00,-0.0018160843920847246
2025-05-20 12:00:00+00:00,0.004953255720593296
2025-05-20 13:00:00+00:00,0.001271840883915346
2025-05-20 14:00:00+00:00,0.0016935902392475998
2025-05-20 15:00:00+00:00,-0.0008476209201960461
2025-05-20 16:00:00+00:00,0.0014164146393741927
2025-05-20 17:00:00+00:00,-0.003616397428977108
2025-05-20 18:00:00+00:00,0.0046354938816422706
2025-05-20 19:00:00+00:00,-0.0018355939124996285
2025-05-20 20:00:00+00:00,0.0009637691889784971
2025-05-20 21:00:00+00:00,0.001368992528822679
2025-05-20 22:00:00+00:00,-0.0030703117565687196
2025-05-20 23:00:00+00:00,-0.00033111241177169015
2025-05-21 00:00:00+00:00,-0.0007551086467105563
2025-05-21 01:00:00+00:00,-0.004611200527654218
2025-05-21 02:00:00+00:00,0.0010225933774409251
2025-05-21 03:00:00+00:00,0.004213019033915459
2025-05-21 04:00:00+00:00,-0.0005798282568508528
2025-05-21 05:00:00+00:00,-0.00602442265172627
2025-05-21 06:00:00+00:00,0.00032495362660340057
2025-05-21 07:00:00+00:00,0.0014322720812775577
2025-05-21 08:00:00+00:00,0.004815340008734776
2025-05-21 09:00:00+00:00,-0.0010285658982481564
2025-05-21 10:00:00+00:00,0.004742014136905945
2025-05-21 11:00:00+00:00,0.00033804137166712245
2025-05-21 12:00:00+00:00,0.00046509777118843574
2025-05-21 13:00:00+00:00,-0.0025626043873053206
2025-05-21 14:00:00+00:00,0.0011710905819934023
2025-05-21 15:00:00+00:00,0.0037837250948256724
2025-05-21 16:00:00+00:00,0.0017830795446670004
2025-05-21 17:00:00+00:00,0.0005076275153081146
2025-05-21 18:00:00+00:00,0.00528068966963391
2025-05-21 19:00:00+00:00,-0.0034071972736715666
2025-05-21 20:00:00+00:00,0.0015422775689714501
2025-05-21 21:00:00+00:00,-0.0022558087499997877
2025-05-21 22:00:00+00:00,0.006090472863527802
2025-05-21 23:00:00+00:00,-0.0011247645334022433
2025-05-22 00:00:00+00:00,0.002637900337033405
2025-05-22 01:00:00+00:00,0.0006893672936193739
2025-05-22 02:00:00+00:00,0.0009568909288876854
2025-05-22 03:00:00+00:00,-0.005682365237261451
2025-05-22 04:00:00+00:00,0.0039066273906151056
2025-05-22 05:00:00+00:00,-2.221192623403714e-05
2025-05-22 06:00:00+00:00,0.001762702640515991
2025-05-22 07:00:00+00:00,-0.0012643450406519654
2025-05-22 08:00:00+00:00,-0.001242956713286622
2025-05-22 09:00:00+00:00,0.00162988743464506
2025-05-22 10:00:00+00:00,0.0006033842472473882
2025-05-22 11:00:00+00:00,-0.0013326659805062136
2025-05-22 12:00:00+00:00,6.565603052301387e-05
2025-05-22 13:00:00+00:00,-0.0006183689080018014
2025-05-22 14:00:00+00:00,0.00893738105918293
2025-05-22 15:00:00+00:00,-0.0015893669094280828
2025-05-22 16:00:00+00:00,0.002052276114604415
2025-05-22 17:00:00+00:00,-0.001512512919891181
2025-05-22 18:00:00+00:00,-5.300579541622242e-05
2025-05-22 19:00:00+00:00,0.003636013752563576
2025-05-22 20:00:00+00:00,-0.002509597668512543
2025-05-22 21:00:00+00:00,0.0001509333953103669
2025-05-22 22:00:00+00:00,0.001301450633784573
2025-05-22 23:00:00+00:00,-0.0028036178463670043
2025-05-23 00:00:00+00:00,0.002022717384127844
2025-05-23 01:00:00+00:00,-0.0009660785748588399
2025-05-23 02:00:00+00:00,-0.0010750053010930175
2025-05-23 03:00:00+00:00,0.0027633736070117394
2025-05-23 04:00:00+00:00,0.0028414984129758953
2025-05-23 05:00:00+00:00,-1.4298961685707269e-05
2025-05-23 06:00:00+00:00,-0.0014636525180231604
2025-05-23 07:00:00+00:00,0.0004909299802153913
2025-05-23 08:00:00+00:00,0.0020886593988011623
2025-05-23 09:00:00+00:00,0.00047860044899737626
2025-05-23 10:00:00+00:00,0.003519570064827201
2025-05-23 11:00:00+00:00,-0.0018092637924082622
2025-05-23 12:00:00+00:00,-0.003068668693144299
2025-05-23 13:00:00+00:00,0.0028209315701937703
2025-05-23 14:00:00+00:00,0.0012881184277843706
2025-05-23 15:00:00+00:00,-0.0003959386536911559
2025-05-23 16:00:00+00:00,-0.000325425173836133
2025-05-23 17:00:00+00:00,0.0006184622284027109
2025-05-23 18:00:00+00:00,-0.0030923801499488372
2025-05-23 19:00:00+00:00,-0.00018727661708768282
2025-05-23 20:00:00+00:00,-0.0017763208085125105
2025-05-23 21:00:00+00:00,0.00012383565021633497
2025-05-23 22:00:00+00:00,0.003681806310192891
2025-05-23 23:00:00+00:00,-0.0009920792710500662
2025-05-24 00:00:00+00:00,-0.002288957275577094
2025-05-24 01:00:00+00:00,0.0007920828783482119
2025-05-24 02:00:00+00:00,0.001970855018120227
2025-05-24 03:00:00+00:00,-0.00042666740824905765
2025-05-24 04:00:00+00:00,0.0019356133314525053
2025-05-24 05:00:00+00:00,-0.0016788677054260614
2025-05-24 06:00:00+00:00,0.0005168391757615536
2025-05-24 07:00:00+00:00,-0.002195345673114479
2025-05-24 08:00:00+00:00,-0.0001599549699773574
2025-05-24 09:00:00+00:00,0.00013597218410036304
2025-05-24 10:00:00+00:00,0.000777539631063547
2025-05-24 11:00:00+00:00,0.0012874564505691436
2025-05-24 12:00:00+00:00,0.0015287796895371714
2025-05-24 13:00:00+00:00,-0.0011838326904740225
2025-05-24 14:00:00+00:00,-0.00011871837331587726
2025-05-24 15:00:00+00:00,-0.0010483929217047598
2025-05-24 16:00:00+00:00,0.00042520874243892804
2025-05-24 17:00:00+00:00,-0.0018632226730447715
2025-05-24 18:00:00+00:00,0.0008387462284305398
2025-05-24 19:00:00+00:00,-0.0005280449355915017
2025-05-24 20:00:00+00:00,-0.0011077278807666488
2025-05-24 21:00:00+00:00,0.0011771451641168504
2025-05-24 22:00:00+00:00,0.003250709782934426
2025-05-24 23:00:00+00:00,0.0022967705826922842
2025-05-25 00:00:00+00:00,0.002213266519155168
2025-05-25 01:00:00+00:00,-0.0010382129760285455
2025-05-25 02:00:00+00:00,0.0014448756900515582
2025-05-25 03:00:00+00:00,0.0009661770599610196
2025-05-25 04:00:00+00:00,-0.0021517114375462776
2025-05-25 05:00:00+00:00,0.0006175076544725942
2025-05-25 06:00:00+00:00,0.0013846918660794512
2025-05-25 07:00:00+00:00,-0.0003094713560034038
2025-05-25 08:00:00+00:00,-0.0021248547090970825
2025-05-25 09:00:00+00:00,-0.0003545962350282588
2025-05-25 10:00:00+00:00,0.0013118935447179526
2025-05-25 11:00:00+00:00,-0.0006850844405386199
2025-05-25 12:00:00+00:00,-0.0003348240013171826
2025-05-25 13:00:00+00:00,0.0037094197026163998
2025-05-25 14:00:00+00:00,-0.000902705748473129
2025-05-25 15:00:00+00:00,-0.005802176205915574
2025-05-25 16:00:00+00:00,0.002359898702742154
2025-05-25 17:00:00+00:00,0.0007353714432343887
2025-05-25 18:00:00+00:00,0.0020253291291160327
2025-05-25 19:00:00+00:00,0.0017945982363618469
2025-05-25 20:00:00+00:00,0.00010613841562278202
2025-05-25 21:00:00+00:00,0.0006385886360868834
2025-05-25 22:00:00+00:00,0.007784574541611155
2025-05-25 23:00:00+00:00,0.0007672600616344476
2025-05-26 00:00:00+00:00,0.007328540455407543
2025-05-26 01:00:00+00:00,-0.0018733634866649372
2025-05-26 02:00:00+00:00,-0.0001677670522195327
2025-05-26 03:00:00+00:00,-0.0005507649447506472
2025-05-26 04:00:00+00:00,0.0005319314147471919
2025-05-26 05:00:00+00:00,0.0010618030583317553
2025-05-26 06:00:00+00:00,0.0007334414585196992
2025-05-26 07:00:00+00:00,0.003903742270416852
2025-05-26 08:00:00+00:00,0.0001398507143855345
2025-05-26 09:00:00+00:00,-0.0003929104005311437
2025-05-26 10:00:00+00:00,-0.002199741195035081
2025-05-26 11:00:00+00:00,-0.0006553901513130393
2025-05-26 12:00:00+00:00,0.001204396263062015
2025-05-26 13:00:00+00:00,-0.004785383827999088
2025-05-26 14:00:00+00:00,-0.0012713597600026432
2025-05-26 15:00:00+00:00,0.0037622815306667273
2025-05-26 16:00:00+00:00,-0.001966213304634561
2025-05-26 17:00:00+00:00,-0.002368817337133454
2025-05-26 18:00:00+00:00,0.003004896666764037
2025-05-26 19:00:00+00:00,-0.0012633035116937585
2025-05-26 20:00:00+00:00,-0.0022233121990934096
2025-05-26 21:00:00+00:00,0.002928028795269032
2025-05-26 22:00:00+00:00,-0.0009005226409771091
2025-05-26 23:00:00+00:00,-0.001440457360124528
2025-05-27 00:00:00+00:00,0.0021305683236701295
2025-05-27 01:00:00+00:00,0.0013109719186002384
2025-05-27 02:00:00+00:00,0.0055779420421976905
2025-05-27 03:00:00+00:00,-0.0031887137516120297
2025-05-27 04:00:00+00:00,0.003259947950716858
2025-05-27 05:00:00+00:00,3.18118913283812e-05
2025-05-27 06:00:00+00:00,0.00519943679281203
2025-05-27 07:00:00+00:00,-0.0012872138193551052
2025-05-27 08:00:00+00:00,-0.003617834926991544
2025-05-27 09:00:00+00:00,-0.0017619887581828706
2025-05-27 10:00:00+00:00,0.00067339150419405
2025-05-27 11:00:00+00:00,-0.003106922749490483
2025-05-27 12:00:00+00:00,0.0024121168783422446
2025-05-27 13:00:00+00:00,-0.0034631133505286615
2025-05-27 14:00:00+00:00,-6.609653428551858e-06
2025-05-27 15:00:00+00:00,-0.00016070822274983455
2025-05-27 16:00:00+00:00,-0.00044540494628176653
2025-05-27 17:00:00+00:00,0.0017168811174833106
2025-05-27 18:00:00+00:00,-0.0005731584076914322
2025-05-27 19:00:00+00:00,-0.0018333871096725472
2025-05-27 20:00:00+00:00,0.003380439976682297
2025-05-27 21:00:00+00:00,0.000673509987866672
2025-05-27 22:00:00+00:00,1.1722281248111233e-06
2025-05-27 23:00:00+00:00,-0.0009126978183069196
2025-05-28 00:00:00+00:00,0.0024070771138118546
2025-05-28 01:00:00+00:00,0.004497355506907334
2025-05-28 02:00:00+00:00,-0.0019469184179985236
2025-05-28 03:00:00+00:00,0.0011349037833118323
2025-05-28 04:00:00+00:00,-0.0007803598434588102
2025-05-28 05:00:00+00:00,-0.001482473669673572
2025-05-28 06:00:00+00:00,0.00024474588012604874
2025-05-28 07:00:00+00:00,0.0017852018984057696
2025-05-28 08:00:00+00:00,-0.0006097619963669528
2025-05-28 09:00:00+00:00,0.0016588341487651414
2025-05-28 10:00:00+00:00,0.0016836829689992389
2025-05-28 11:00:00+00:00,0.0024203639919172844
2025-05-28 12:00:00+00:00,-0.0007625889348143657
2025-05-28 13:00:00+00:00,-0.0024169011186800913
2025-05-28 14:00:00+00:00,0.00045816909581062985
2025-05-28 15:00:00+00:00,-0.0024280305920322473
2025-05-28 16:00:00+00:00,-0.0017595124017310134
2025-05-28 17:00:00+00:00,-0.003207112980925164
2025-05-28 18:00:00+00:00,-0.0005988781668002117
2025-05-28 19:00:00+00:00,-0.00014501064487481565
2025-05-28 20:00:00+00:00,0.0013385800758516824
2025-05-28 21:00:00+00:00,0.0002492560109888861
2025-05-28 22:00:00+00:00,0.0016283402448017726
2025-05-28 23:00:00+00:00,0.0008163464069692354
2025-05-29 00:00:00+00:00,0.0015436641192802937
2025-05-29 01:00:00+00:00,-0.0015179595716194726
2025-05-29 02:00:00+00:00,-0.0010735812109171148
2025-05-29 03:00:00+00:00,-0.0016669765668406407
2025-05-29 04:00:00+00:00,0.00480722141351931
2025-05-29 05:00:00+00:00,2.3935036437166696e-05
2025-05-29 06:00:00+00:00,0.0006007773188707915
2025-05-29 07:00:00+00:00,-0.0034367532497635985
2025-05-29 08:00:00+00:00,0.0009975863188635913
2025-05-29 09:00:00+00:00,-0.0031645375335163576
2025-05-29 10:00:00+00:00,0.0029780560651902765
2025-05-29 11:00:00+00:00,0.001150723349430566
2025-05-29 12:00:00+00:00,0.001141308170217379
2025-05-29 13:00:00+00:00,0.0007418479722213054
2025-05-29 14:00:00+00:00,-0.0015782644705755456
2025-05-29 15:00:00+00:00,0.0017603813124875876
2025-05-29 16:00:00+00:00,0.0001817223013403821
2025-05-29 17:00:00+00:00,0.0010164518265191396
2025-05-29 18:00:00+00:00,-0.0006463416134327634
2025-05-29 19:00:00+00:00,0.0010753177427116531
2025-05-29 20:00:00+00:00,-0.0005321180039342116
2025-05-29 21:00:00+00:00,0.0010934441761686088
2025-05-29 22:00:00+00:00,-0.0009773782336582931
2025-05-29 23:00:00+00:00,-0.0006820619777683838
2025-05-30 00:00:00+00:00,-0.009080338031575897
2025-05-30 01:00:00+00:00,0.00039789008693490256
2025-05-30 02:00:00+00:00,-0.0009865758113089351
2025-05-30 03:00:00+00:00,8.841777975461806e-05
2025-05-30 04:00:00+00:00,-7.586003263740803e-05
2025-05-30 05:00:00+00:00,-0.0013760003279638794
2025-05-30 06:00:00+00:00,-0.0022603806838228956
2025-05-30 07:00:00+00:00,0.004210904672790952
2025-05-30 08:00:00+00:00,0.00016555151221608522
2025-05-30 09:00:00+00:00,0.0007164159722435821
2025-05-30 10:00:00+00:00,-0.0012027614341431068
2025-05-30 11:00:00+00:00,0.002328389581096846
2025-05-30 12:00:00+00:00,0.00038095679155350634
2025-05-30 13:00:00+00:00,-0.00011990336846211502
2025-05-30 14:00:00+00:00,-0.0007368064011197674
2025-05-30 15:00:00+00:00,-0.0008105469389502875
2025-05-30 16:00:00+00:00,0.00041151119609303985
2025-05-30 17:00:00+00:00,0.004443508263186268
2025-05-30 18:00:00+00:00,-0.0006886108283220406
2025-05-30 19:00:00+00:00,0.0023669559185109106
2025-05-30 20:00:00+00:00,-0.00028488127767448417
2025-05-30 21:00:00+00:00,-0.002013076972252778
2025-05-30 22:00:00+00:00,-0.0004551460092532726
2025-05-30 23:00:00+00:00,-0.0018299778801607422
2025-05-31 00:00:00+00:00,0.0008658163945414388
2025-05-31 01:00:00+00:00,0.006927885645365953
2025-05-31 02:00:00+00:00,0.005542857056450968
2025-05-31 03:00:00+00:00,-0.005150472450767527
2025-05-31 04:00:00+00:00,0.0013172070926379992
2025-05-31 05:00:00+00:00,0.001840601947708088
2025-05-31 06:00:00+00:00,0.001263084356240733
2025-05-31 07:00:00+00:00,0.0004792271798688283
2025-05-31 08:00:00+00:00,-0.0009540643279776843
2025-05-31 09:00:00+00:00,-0.001248768882312628
2025-05-31 10:00:00+00:00,0.001795889850941777
2025-05-31 11:00:00+00:00,-0.0007436661048332457
2025-05-31 12:00:00+00:00,0.005700395070783375
2025-05-31 13:00:00+00:00,0.009070863974424134
2025-05-31 14:00:00+00:00,-0.0009753338923289464
2025-05-31 15:00:00+00:00,0.003594121635075095
2025-05-31 16:00:00+00:00,0.00141216251608001
2025-05-31 17:00:00+00:00,0.003790389229579619
2025-05-31 18:00:00+00:00,-0.004986380559622929
2025-05-31 19:00:00+00:00,0.001958933996562421
2025-05-31 20:00:00+00:00,0.0008105173252831626
2025-05-31 21:00:00+00:00,0.0007864501818334582
2025-05-31 22:00:00+00:00,-0.0005344365101711066
2025-05-31 23:00:00+00:00,0.0002187601895650672
2025-06-01 00:00:00+00:00,-0.000261052345530751
2025-06-01 01:00:00+00:00,0.0013529939984510096
2025-06-01 02:00:00+00:00,7.806432605459423e-05
2025-06-01 03:00:00+00:00,-0.00029254018790208646
2025-06-01 04:00:00+00:00,0.00014738654987051685
2025-06-01 05:00:00+00:00,0.0019575477191324368
2025-06-01 06:00:00+00:00,0.00023510872352220971
2025-06-01 07:00:00+00:00,0.00010662963436419866
2025-06-01 08:00:00+00:00,-0.0013194890770076128
2025-06-01 09:00:00+00:00,-0.0033385133035398304
2025-06-01 10:00:00+00:00,0.0034446515339017587
2025-06-01 11:00:00+00:00,0.00014652610359255157
2025-06-01 12:00:00+00:00,0.0009900458402686502
2025-06-01 13:00:00+00:00,0.001881115363301058
2025-06-01 14:00:00+00:00,0.001895156677309858
2025-06-01 15:00:00+00:00,-0.0013367062378104332
2025-06-01 16:00:00+00:00,0.0017636700425449178
2025-06-01 17:00:00+00:00,-0.001032687641686619
2025-06-01 18:00:00+00:00,0.000687494932805729
2025-06-01 19:00:00+00:00,0.0009000984535935414
2025-06-01 20:00:00+00:00,0.0037894542592358882
2025-06-01 21:00:00+00:00,0.004348745788570813
2025-06-01 22:00:00+00:00,0.0030635008407993696
2025-06-01 23:00:00+00:00,-0.0006621852474392606
2025-06-02 00:00:00+00:00,-0.0005264153181413326
2025-06-02 01:00:00+00:00,0.0015093621756410958
2025-06-02 02:00:00+00:00,-1.4173372034958695e-05
2025-06-02 03:00:00+00:00,-0.000667310456230782
2025-06-02 04:00:00+00:00,0.002637464272608549
2025-06-02 05:00:00+00:00,-0.0024910109312274013
2025-06-02 06:00:00+00:00,-0.001108075518800108
2025-06-02 07:00:00+00:00,-0.0018004391991073986
2025-06-02 08:00:00+00:00,-0.0016270592025510397
2025-06-02 09:00:00+00:00,0.0038631385769840433
2025-06-02 10:00:00+00:00,0.0022480263826916147
2025-06-02 11:00:00+00:00,0.003447914857082144
2025-06-02 12:00:00+00:00,-0.0016764379122203865
2025-06-02 13:00:00+00:00,-0.0007534166467663045
2025-06-02 14:00:00+00:00,-0.002824991187963626
2025-06-02 15:00:00+00:00,-0.0024024446781506924
2025-06-02 16:00:00+00:00,-0.0013051970612282292
2025-06-02 17:00:00+00:00,0.0018003135333277212
2025-06-02 18:00:00+00:00,0.004716288889210395
2025-06-02 19:00:00+00:00,-0.002967608454162912
2025-06-02 20:00:00+00:00,0.004516316148228534
2025-06-02 21:00:00+00:00,0.001106874390455396
2025-06-02 22:00:00+00:00,-0.0015242500052646403
2025-06-02 23:00:00+00:00,-0.003596685430130423
2025-06-03 00:00:00+00:00,-0.0008443257493462552
2025-06-03 01:00:00+00:00,0.004687885764806166
2025-06-03 02:00:00+00:00,-0.00040837932822784866
2025-06-03 03:00:00+00:00,-0.00014243521142403705
2025-06-03 04:00:00+00:00,-0.00034317964552381
2025-06-03 05:00:00+00:00,-6.098940299543091e-06
2025-06-03 06:00:00+00:00,0.0005252778319017143
2025-06-03 07:00:00+00:00,0.000496209444236627
2025-06-03 08:00:00+00:00,-0.0026172192566365645
2025-06-03 09:00:00+00:00,-0.0005601183892194903
2025-06-03 10:00:00+00:00,0.0021892000226535328
2025-06-03 11:00:00+00:00,0.001695655247487086
2025-06-03 12:00:00+00:00,-0.0007983189609601091
2025-06-03 13:00:00+00:00,0.002706324569411717
2025-06-03 14:00:00+00:00,-0.0021424086822510037
2025-06-03 15:00:00+00:00,0.0037893550140670755
2025-06-03 16:00:00+00:00,0.0008816055993378279
2025-06-03 17:00:00+00:00,-0.0008219911949611113
2025-06-03 18:00:00+00:00,-0.0021555841401637147
2025-06-03 19:00:00+00:00,0.001778797762217864
2025-06-03 20:00:00+00:00,-0.004744631930407251
2025-06-03 21:00:00+00:00,-0.0007029843698686256
2025-06-03 22:00:00+00:00,0.0019399386145720241
2025-06-03 23:00:00+00:00,0.0017287411583781997
2025-06-04 00:00:00+00:00,-0.0003824260880339644
2025-06-04 01:00:00+00:00,-0.00034763845430338484
2025-06-04 02:00:00+00:00,0.0006477011701701471
2025-06-04 03:00:00+00:00,-0.00034888462681323705
2025-06-04 04:00:00+00:00,-0.0008132241852933345
2025-06-04 05:00:00+00:00,0.0006092937956029422
2025-06-04 06:00:00+00:00,0.0009971439280827906
2025-06-04 07:00:00+00:00,-0.0018461096709667313
2025-06-04 08:00:00+00:00,0.0015973778396823847
2025-06-04 09:00:00+00:00,-0.002998262242266113
2025-06-04 10:00:00+00:00,-0.0007121198146707019
2025-06-04 11:00:00+00:00,0.00022593435582284857
2025-06-04 12:00:00+00:00,-0.00012995479318690572
2025-06-04 13:00:00+00:00,-0.0014686174477112162
2025-06-04 14:00:00+00:00,-0.0013170539498013275
2025-06-04 15:00:00+00:00,-0.0007433295465701856
2025-06-04 16:00:00+00:00,-7.361367502673407e-05
2025-06-04 17:00:00+00:00,-0.0016723467637324513
2025-06-04 18:00:00+00:00,0.001543125354265843
2025-06-04 19:00:00+00:00,-0.0012709727610908169
2025-06-04 20:00:00+00:00,0.0006406208552630217
2025-06-04 21:00:00+00:00,0.0009330507757997009
2025-06-04 22:00:00+00:00,-0.0014133276510779806
2025-06-04 23:00:00+00:00,-0.001397750903487391
2025-06-05 00:00:00+00:00,0.0005845338467716191
2025-06-05 01:00:00+00:00,-0.0007666450037030057
2025-06-05 02:00:00+00:00,0.00019804341474753147
2025-06-05 03:00:00+00:00,-0.0004107547268648038
2025-06-05 04:00:00+00:00,0.0019543946440986415
2025-06-05 05:00:00+00:00,0.001614775471787335
2025-06-05 06:00:00+00:00,-0.0006488985755239046
2025-06-05 07:00:00+00:00,0.0015824028198350994
2025-06-05 08:00:00+00:00,-0.003815924890306338
2025-06-05 09:00:00+00:00,0.000991863045998759
2025-06-05 10:00:00+00:00,0.0019938518781546077
2025-06-05 11:00:00+00:00,-0.00035332501054239756
2025-06-05 12:00:00+00:00,0.0031216944144282005
2025-06-05 13:00:00+00:00,0.0035557212913848927
2025-06-05 14:00:00+00:00,0.002588439733075174
2025-06-05 15:00:00+00:00,0.0011026624752209148
2025-06-05 16:00:00+00:00,-0.004178783040760943
2025-06-05 17:00:00+00:00,-0.002124634027186054
2025-06-05 18:00:00+00:00,-0.000844499406709364
2025-06-05 19:00:00+00:00,-0.0014435182190707092
2025-06-05 20:00:00+00:00,0.012270222472908363
2025-06-05 21:00:00+00:00,0.0005374388331723565
2025-06-05 22:00:00+00:00,0.0012423406207546013
2025-06-05 23:00:00+00:00,-0.0004158661122775479
2025-06-06 00:00:00+00:00,0.0009722359451398057
2025-06-06 01:00:00+00:00,0.0003998985036218439
2025-06-06 02:00:00+00:00,7.530733505800044e-05
2025-06-06 03:00:00+00:00,0.0011270221852651167
2025-06-06 04:00:00+00:00,0.0009504185238212468
2025-06-06 05:00:00+00:00,-0.0009473239830104609
2025-06-06 06:00:00+00:00,-0.0012968595769667977
2025-06-06 07:00:00+00:00,0.0001019104948620913
2025-06-06 08:00:00+00:00,-0.0029881583779453372
2025-06-06 09:00:00+00:00,0.0005245123995652357
2025-06-06 10:00:00+00:00,-0.001367958524467162
2025-06-06 11:00:00+00:00,0.0011846851349755732
2025-06-06 12:00:00+00:00,0.0047997741445519665
2025-06-06 13:00:00+00:00,0.0030603918460264585
2025-06-06 14:00:00+00:00,-6.16808706883563e-05
2025-06-06 15:00:00+00:00,-0.005624913630147382
2025-06-06 16:00:00+00:00,0.0004982514180691687
2025-06-06 17:00:00+00:00,-0.0017029186523684443
2025-06-06 18:00:00+00:00,0.000683900384877331
2025-06-06 19:00:00+00:00,0.003801891298110723
2025-06-06 20:00:00+00:00,-0.0017074412105582166
2025-06-06 21:00:00+00:00,0.0023488069723469345
2025-06-06 22:00:00+00:00,-0.004056502562227386
2025-06-06 23:00:00+00:00,0.00116908484425041
2025-06-07 00:00:00+00:00,0.002364356388739887
2025-06-07 01:00:00+00:00,-0.00110459550899716
2025-06-07 02:00:00+00:00,0.0031768462705246145
2025-06-07 03:00:00+00:00,0.0013165732984800498
2025-06-07 04:00:00+00:00,-0.00017454395597466297
2025-06-07 05:00:00+00:00,0.0022246805142823525
2025-06-07 06:00:00+00:00,0.0012319431872611648
2025-06-07 07:00:00+00:00,0.003575132228241938
2025-06-07 08:00:00+00:00,-0.001095248484532384
2025-06-07 09:00:00+00:00,0.0009351168079648449
2025-06-07 10:00:00+00:00,-0.0018279529099330593
2025-06-07 11:00:00+00:00,-9.698121924462762e-06
2025-06-07 12:00:00+00:00,-0.0007735701444032317
2025-06-07 13:00:00+00:00,0.0005604474518311016
2025-06-07 14:00:00+00:00,-0.0010699234902919906
2025-06-07 15:00:00+00:00,-0.001595380271883539
2025-06-07 16:00:00+00:00,-0.002902758020692156
2025-06-07 17:00:00+00:00,-0.0022623777711750243
2025-06-07 18:00:00+00:00,0.0001499873026346035
2025-06-07 19:00:00+00:00,-0.00014989006552642786
2025-06-07 20:00:00+00:00,-0.0003569353010596958
2025-06-07 21:00:00+00:00,0.002890519991667665
2025-06-07 22:00:00+00:00,0.00025490224586505
2025-06-07 23:00:00+00:00,-0.0009122943035599322
2025-06-08 00:00:00+00:00,-0.003243922133606051
2025-06-08 01:00:00+00:00,0.0012088846435557962
2025-06-08 02:00:00+00:00,0.0003935252414262224
2025-06-08 03:00:00+00:00,-0.0014770768810441403
2025-06-08 04:00:00+00:00,0.0007030610070057083
2025-06-08 05:00:00+00:00,0.0001504457584553228
2025-06-08 06:00:00+00:00,0.0015734492010121659
2025-06-08 07:00:00+00:00,-0.001665343320869704
2025-06-08 08:00:00+00:00,-3.4333274804453964e-05
2025-06-08 09:00:00+00:00,-0.0006600445802050056
2025-06-08 10:00:00+00:00,-0.0017325735074860307
2025-06-08 11:00:00+00:00,0.0036128621145167326
2025-06-08 12:00:00+00:00,-0.00024477704304096473
2025-06-08 13:00:00+00:00,7.518776490233774e-05
2025-06-08 14:00:00+00:00,0.0015939607131596524
2025-06-08 15:00:00+00:00,-0.0005380311896125468
2025-06-08 16:00:00+00:00,0.0029137848485396925
2025-06-08 17:00:00+00:00,0.0007680920026613722
2025-06-08 18:00:00+00:00,0.0014458954729596814
2025-06-08 19:00:00+00:00,-0.0004555788905107463
2025-06-08 20:00:00+00:00,0.0009165335120144966
2025-06-08 21:00:00+00:00,-0.00021255606195383185
2025-06-08 22:00:00+00:00,0.00027075575558145013
2025-06-08 23:00:00+00:00,-0.0008975380257924553
2025-06-09 00:00:00+00:00,0.0006542079769938916
2025-06-09 01:00:00+00:00,-9.4383701113583e-05
2025-06-09 02:00:00+00:00,0.0009755068894173717
2025-06-09 03:00:00+00:00,-0.0013317662776232302
2025-06-09 04:00:00+00:00,-0.000735915390340116
2025-06-09 05:00:00+00:00,-0.0032874012635176605
2025-06-09 06:00:00+00:00,0.0006641599270686701
2025-06-09 07:00:00+00:00,0.0013615676150180401
2025-06-09 08:00:00+00:00,-0.0035232707947229812
2025-06-09 09:00:00+00:00,0.005318359812700708
2025-06-09 10:00:00+00:00,0.0016288920159587196
2025-06-09 11:00:00+00:00,-0.0014250002580567021
2025-06-09 12:00:00+00:00,-0.00277511658016803
2025-06-09 13:00:00+00:00,-0.00015905301335849683
2025-06-09 14:00:00+00:00,-0.0015624671804687316
2025-06-09 15:00:00+00:00,0.0013349382865032405
2025-06-09 16:00:00+00:00,0.005581955719665294
2025-06-09 17:00:00+00:00,-0.0027608923926172838
2025-06-09 18:00:00+00:00,-0.0007971522362701388
2025-06-09 19:00:00+00:00,-0.0018437416608920272
2025-06-09 20:00:00+00:00,0.000786468878830119
2025-06-09 21:00:00+00:00,0.00252145168566832
2025-06-09 22:00:00+00:00,0.0011192789909880404
2025-06-09 23:00:00+00:00,0.0005009311101823896
2025-06-10 00:00:00+00:00,0.002920337238845023
2025-06-10 01:00:00+00:00,0.0019935018703482743
2025-06-10 02:00:00+00:00,0.0027174009831510623
2025-06-10 03:00:00+00:00,0.0007432473201520414
2025-06-10 04:00:00+00:00,-0.0012970951141211193
2025-06-10 05:00:00+00:00,-0.0008093968133239633
2025-06-10 06:00:00+00:00,-0.003438400121490449
2025-06-10 07:00:00+00:00,0.003760230410820794
2025-06-10 08:00:00+00:00,0.0002737962472548533
2025-06-10 09:00:00+00:00,2.7425116618558874e-05
2025-06-10 10:00:00+00:00,-0.00038681746590785485
2025-06-10 11:00:00+00:00,0.007774213561233421
2025-06-10 12:00:00+00:00,0.005154063479705059
2025-06-10 13:00:00+00:00,-0.002944564402345162
2025-06-10 14:00:00+00:00,-0.004358329869447183
2025-06-10 15:00:00+00:00,0.0029266132956852326
2025-06-10 16:00:00+00:00,-0.0010509857441637254
2025-06-10 17:00:00+00:00,0.0013025370055014835
2025-06-10 18:00:00+00:00,0.0057269081730592485
2025-06-10 19:00:00+00:00,-0.0033726480195755497
2025-06-10 20:00:00+00:00,0.0016751569307957642
2025-06-10 21:00:00+00:00,0.0037493282109763637
2025-06-10 22:00:00+00:00,-0.002384207050679438
2025-06-10 23:00:00+00:00,-0.0002551205423431695
2025-06-11 00:00:00+00:00,0.0004426701257504501
2025-06-11 01:00:00+00:00,0.0007693899210971922
2025-06-11 02:00:00+00:00,0.0017640252711634001
2025-06-11 03:00:00+00:00,0.004225562633301513
2025-06-11 04:00:00+00:00,-0.0007206702022388118
2025-06-11 05:00:00+00:00,-0.00045178817421229
2025-06-11 06:00:00+00:00,0.0012800912258545476
2025-06-11 07:00:00+00:00,0.009272984489965016
2025-06-11 08:00:00+00:00,0.004975788221746331
2025-06-11 09:00:00+00:00,-0.0030309149913316713
2025-06-11 10:00:00+00:00,-0.0006632429617036948
2025-06-11 11:00:00+00:00,-0.0026709338359738534
2025-06-11 12:00:00+00:00,0.0022911874371569626
2025-06-11 13:00:00+00:00,0.00858091928464481
2025-06-11 14:00:00+00:00,-0.00242807741766253
2025-06-11 15:00:00+00:00,-0.0025435911028535768
2025-06-11 16:00:00+00:00,-0.0014419688299328402
2025-06-11 17:00:00+00:00,-0.0008950871915273207
2025-06-11 18:00:00+00:00,-0.002393241635231942
2025-06-11 19:00:00+00:00,-0.00029590786377523047
2025-06-11 20:00:00+00:00,0.000638053774243875
2025-06-11 21:00:00+00:00,-0.00045774012155376623
2025-06-11 22:00:00+00:00,0.002551313753076722
2025-06-11 23:00:00+00:00,-0.0003740881718965145
2025-06-12 00:00:00+00:00,-0.00029907228638169093
2025-06-12 01:00:00+00:00,-0.0010327067167489358
2025-06-12 02:00:00+00:00,0.0013010897002631082
2025-06-12 03:00:00+00:00,-0.002254321409083833
2025-06-12 04:00:00+00:00,-0.0007428670936256778
2025-06-12 05:00:00+00:00,0.0008531532527558739
2025-06-12 06:00:00+00:00,-0.0013660717215763962
2025-06-12 07:00:00+00:00,0.0016014120644244096
2025-06-12 08:00:00+00:00,-0.0028405398030623137
2025-06-12 09:00:00+00:00,0.0011825919250280992
2025-06-12 10:00:00+00:00,-0.0010821686992092837
2025-06-12 11:00:00+00:00,0.0007434756611951043
2025-06-12 12:00:00+00:00,0.0010963456435624656
2025-06-12 13:00:00+00:00,0.0011152494415910398
2025-06-12 14:00:00+00:00,0.0006312541764126242
2025-06-12 15:00:00+00:00,-0.0004831862178862845
2025-06-12 16:00:00+00:00,0.000501641774582718
2025-06-12 17:00:00+00:00,-0.0014846879568362174
2025-06-12 18:00:00+00:00,7.373580300747614e-05
2025-06-12 19:00:00+00:00,0.0004991271268258761
2025-06-12 20:00:00+00:00,0.005297338621484604
2025-06-12 21:00:00+00:00,0.0028668384680176264
2025-06-12 22:00:00+00:00,0.000791625519868845
2025-06-12 23:00:00+00:00,0.0007127717785966836
2025-06-13 00:00:00+00:00,0.002380473668941616
2025-06-13 01:00:00+00:00,-0.006169657262603391
2025-06-13 02:00:00+00:00,-0.0005886067277841587
2025-06-13 03:00:00+00:00,0.008729411977959522
2025-06-13 04:00:00+00:00,0.0014635241348880243
2025-06-13 05:00:00+00:00,0.001766405936631921
2025-06-13 06:00:00+00:00,-0.0015240318541342652
2025-06-13 07:00:00+00:00,0.00211113462609812
2025-06-13 08:00:00+00:00,0.002187269351403274
2025-06-13 09:00:00+00:00,-0.002472903112489253
2025-06-13 10:00:00+00:00,0.00027329277334039065
2025-06-13 11:00:00+00:00,-0.0009295970305600981
2025-06-13 12:00:00+00:00,0.002038438107852896
2025-06-13 13:00:00+00:00,0.004998435076891436
2025-06-13 14:00:00+00:00,-8.325250164164631e-05
2025-06-13 15:00:00+00:00,-0.0009257623910185503
2025-06-13 16:00:00+00:00,0.0009581170590633886
2025-06-13 17:00:00+00:00,0.0007507175295195577
2025-06-13 18:00:00+00:00,-0.00850526656350851
2025-06-13 19:00:00+00:00,-0.00103997285502655
2025-06-13 20:00:00+00:00,0.002704342047910903
2025-06-13 21:00:00+00:00,0.005407051590883519
2025-06-13 22:00:00+00:00,0.0034151037750740697
2025-06-13 23:00:00+00:00,0.0006134348324932781
2025-06-14 00:00:00+00:00,0.00020486657792835404
2025-06-14 01:00:00+00:00,-0.0005040059294618671
2025-06-14 02:00:00+00:00,0.0006251048731279973
2025-06-14 03:00:00+00:00,0.0020494986980743716
2025-06-14 04:00:00+00:00,0.00030880289880077415
2025-06-14 05:00:00+00:00,0.0001415319650380165
2025-06-14 06:00:00+00:00,0.0001581099188686086
2025-06-14 07:00:00+00:00,0.0011142342406107268
2025-06-14 08:00:00+00:00,-0.0010022896116379683
2025-06-14 09:00:00+00:00,0.00018425740759685168
2025-06-14 10:00:00+00:00,-0.0019379314665002605
2025-06-14 11:00:00+00:00,0.0008099527721049511
2025-06-14 12:00:00+00:00,-0.0010525563149739285
2025-06-14 13:00:00+00:00,0.0025519945703972274
2025-06-14 14:00:00+00:00,-0.0010225706980557664
2025-06-14 15:00:00+00:00,-0.00409505544332934
2025-06-14 16:00:00+00:00,-0.0022023942056583505
2025-06-14 17:00:00+00:00,0.0044685780879767075
2025-06-14 18:00:00+00:00,-0.005712207929608662
2025-06-14 19:00:00+00:00,0.005814498997305915
2025-06-14 20:00:00+00:00,-0.0037534580570493187
2025-06-14 21:00:00+00:00,0.0020608736709237063
2025-06-14 22:00:00+00:00,0.0002869366731732579
2025-06-14 23:00:00+00:00,0.0008510213700914592
2025-06-15 00:00:00+00:00,-0.000931086755623594
2025-06-15 01:00:00+00:00,0.001195706110833493
2025-06-15 02:00:00+00:00,0.00253789963017205
2025-06-15 03:00:00+00:00,-0.0016305573735344574
2025-06-15 04:00:00+00:00,0.001687196779384734
2025-06-15 05:00:00+00:00,0.0011601196021062273
2025-06-15 06:00:00+00:00,0.0015268245075398643
2025-06-15 07:00:00+00:00,-0.0017965118752603147
2025-06-15 08:00:00+00:00,-0.00023062493947233531
2025-06-15 09:00:00+00:00,-0.0014163420714072479
2025-06-15 10:00:00+00:00,0.0009076008013404293
2025-06-15 11:00:00+00:00,0.0035776769919619055
2025-06-15 12:00:00+00:00,-0.002572861640666832
2025-06-15 13:00:00+00:00,0.0004465367865325702
2025-06-15 14:00:00+00:00,0.00396298628874172
2025-06-15 15:00:00+00:00,0.0023985909387738355
2025-06-15 16:00:00+00:00,-0.0008207214586356887
2025-06-15 17:00:00+00:00,0.00013886120790473658
2025-06-15 18:00:00+00:00,-0.0006449879383189945
2025-06-15 19:00:00+00:00,-0.0005525473719543362
2025-06-15 20:00:00+00:00,0.0008792016289202251
2025-06-15 21:00:00+00:00,0.0027481346323862204
2025-06-15 22:00:00+00:00,0.002313431413987048
2025-06-15 23:00:00+00:00,-0.001383489424986172
2025-06-16 00:00:00+00:00,0.0011561615453045252
2025-06-16 01:00:00+00:00,0.0036232417105403632
2025-06-16 02:00:00+00:00,0.0038236459828640532
2025-06-16 03:00:00+00:00,-0.0011697754846533854
2025-06-16 04:00:00+00:00,-0.001242546821048072
2025-06-16 05:00:00+00:00,0.004558493521244192
2025-06-16 06:00:00+00:00,-0.0003712762903752348
2025-06-16 07:00:00+00:00,-0.001184842376649734
2025-06-16 08:00:00+00:00,-0.0025224419746071934
2025-06-16 09:00:00+00:00,0.0031173963679970024
2025-06-16 10:00:00+00:00,0.0005370317022160854
2025-06-16 11:00:00+00:00,0.000713147028331056
2025-06-16 12:00:00+00:00,0.00227291780999209
2025-06-16 13:00:00+00:00,-0.001654640621857297
2025-06-16 14:00:00+00:00,0.00010019990404691827
2025-06-16 15:00:00+00:00,0.0011834943057507615
2025-06-16 16:00:00+00:00,-0.0017134792845916562
2025-06-16 17:00:00+00:00,0.0009712477692016578
2025-06-16 18:00:00+00:00,-0.0024675119100954685
2025-06-16 19:00:00+00:00,-0.0006922085306026157
2025-06-16 20:00:00+00:00,0.0005198869033574404
2025-06-16 21:00:00+00:00,-0.001727223267884873
2025-06-16 22:00:00+00:00,-0.006183993587883578
2025-06-16 23:00:00+00:00,-0.000518521503662191
2025-06-17 00:00:00+00:00,0.0011678001631932862
2025-06-17 01:00:00+00:00,-0.00043510033911332293
2025-06-17 02:00:00+00:00,0.0004732140727461589
2025-06-17 03:00:00+00:00,0.00031329569566611385
2025-06-17 04:00:00+00:00,0.00036331384015749526
2025-06-17 05:00:00+00:00,-0.0027824332892584097
2025-06-17 06:00:00+00:00,0.0015773354929343292
2025-06-17 07:00:00+00:00,0.0005286318333846238
2025-06-17 08:00:00+00:00,-0.0013277098701964074
2025-06-17 09:00:00+00:00,0.002471299228945861
2025-06-17 10:00:00+00:00,0.0007725727376549081
2025-06-17 11:00:00+00:00,0.000953214691291369
2025-06-17 12:00:00+00:00,0.001765573514158797
2025-06-17 13:00:00+00:00,0.002700667614798956
2025-06-17 14:00:00+00:00,0.003291720692735591
2025-06-17 15:00:00+00:00,-0.0008773497425757752
2025-06-17 16:00:00+00:00,-0.0029284674758242707
2025-06-17 17:00:00+00:00,0.0004023233357725352
2025-06-17 18:00:00+00:00,-0.0016796721703787884
2025-06-17 19:00:00+00:00,0.008172467762578364
2025-06-17 20:00:00+00:00,0.004722412334453947
2025-06-17 21:00:00+00:00,-0.009966296079967562
2025-06-17 22:00:00+00:00,-0.0008195795172985822
2025-06-17 23:00:00+00:00,-0.002354901050935014
2025-06-18 00:00:00+00:00,0.0031573154316325873
2025-06-18 01:00:00+00:00,0.0016484958182917484
2025-06-18 02:00:00+00:00,-0.0006202734791554144
2025-06-18 03:00:00+00:00,-0.0011671989348814667
2025-06-18 04:00:00+00:00,0.0004883888992760648
2025-06-18 05:00:00+00:00,-0.0009818965748126783
2025-06-18 06:00:00+00:00,0.0035910464632602536
2025-06-18 07:00:00+00:00,0.0005810797144083136
2025-06-18 08:00:00+00:00,-0.0029353954136107103
2025-06-18 09:00:00+00:00,-0.0018770578545411155
2025-06-18 10:00:00+00:00,-0.006264716353519121
2025-06-18 11:00:00+00:00,0.00023660560577960676
2025-06-18 12:00:00+00:00,0.0034141090578263438
2025-06-18 13:00:00+00:00,-0.0045890667536277385
2025-06-18 14:00:00+00:00,0.006960564926540446
2025-06-18 15:00:00+00:00,-0.00040143067851114667
2025-06-18 16:00:00+00:00,-0.002342694182489969
2025-06-18 17:00:00+00:00,-0.003182622791375756
2025-06-18 18:00:00+00:00,0.009333641263785513
2025-06-18 19:00:00+00:00,0.0009030679559885954
2025-06-18 20:00:00+00:00,0.001511737233002279
2025-06-18 21:00:00+00:00,0.0017830134947375647
2025-06-18 22:00:00+00:00,0.0014224489454248493
2025-06-18 23:00:00+00:00,-0.003158104044702
2025-06-19 00:00:00+00:00,0.0035300574415659705
2025-06-19 01:00:00+00:00,-0.0019392532873993913
2025-06-19 02:00:00+00:00,-0.0010191418858903859
2025-06-19 03:00:00+00:00,0.0005484082676528116
2025-06-19 04:00:00+00:00,-0.0022566053624460073
2025-06-19 05:00:00+00:00,0.005484344066757546
2025-06-19 06:00:00+00:00,-0.0012241791203715787
2025-06-19 07:00:00+00:00,-0.0013585734545726886
2025-06-19 08:00:00+00:00,-0.0013894931154669761
2025-06-19 09:00:00+00:00,0.00011680918655148796
2025-06-19 10:00:00+00:00,-4.602791036514779e-05
2025-06-19 11:00:00+00:00,-3.1300223212882546e-05
2025-06-19 12:00:00+00:00,0.0014607518870518507
2025-06-19 13:00:00+00:00,-0.0004307469152098624
2025-06-19 14:00:00+00:00,0.0008164522632371158
2025-06-19 15:00:00+00:00,-0.0025091814969343644
2025-06-19 16:00:00+00:00,0.002463473007449204
2025-06-19 17:00:00+00:00,-0.0005474513976101113
2025-06-19 18:00:00+00:00,0.0012910620436761822
2025-06-19 19:00:00+00:00,0.0037436330497170643
2025-06-19 20:00:00+00:00,-0.00042783338931051256
2025-06-19 21:00:00+00:00,-5.853390201768478e-05
2025-06-19 22:00:00+00:00,-0.0019819159605148247
2025-06-19 23:00:00+00:00,-0.0025999473169392886
2025-06-20 00:00:00+00:00,0.00037760001027935074
2025-06-20 01:00:00+00:00,-0.00029157902624692703
2025-06-20 02:00:00+00:00,-0.0006840814860042578
2025-06-20 03:00:00+00:00,-0.000898890947204772
2025-06-20 04:00:00+00:00,-0.00157447464832659
2025-06-20 05:00:00+00:00,-0.0024658069665941303
2025-06-20 06:00:00+00:00,0.002370424723531732
2025-06-20 07:00:00+00:00,0.0024484231697859465
2025-06-20 08:00:00+00:00,0.0006558213071544604
2025-06-20 09:00:00+00:00,-0.0015982655510813051
2025-06-20 10:00:00+00:00,0.001174251334725364
2025-06-20 11:00:00+00:00,-0.0011499717155361308
2025-06-20 12:00:00+00:00,0.0023023933007835676
2025-06-20 13:00:00+00:00,0.002905203203197661
2025-06-20 14:00:00+00:00,0.000890344254812847
2025-06-20 15:00:00+00:00,-0.0026905896690048994
2025-06-20 16:00:00+00:00,0.000628600838040453
2025-06-20 17:00:00+00:00,-0.000802626592736421
2025-06-20 18:00:00+00:00,0.0028036052981058445
2025-06-20 19:00:00+00:00,-0.002637463934777836
2025-06-20 20:00:00+00:00,0.0037400522778265033
2025-06-20 21:00:00+00:00,0.0009884782255247845
2025-06-20 22:00:00+00:00,-0.0027728949588062307
2025-06-20 23:00:00+00:00,-0.0022116470856259917
2025-06-21 00:00:00+00:00,0.0010806796838397944
2025-06-21 01:00:00+00:00,0.005353328349119838
2025-06-21 02:00:00+00:00,-0.001043030329632502
2025-06-21 03:00:00+00:00,0.0002777315822604832
2025-06-21 04:00:00+00:00,0.0017043550106344437
2025-06-21 05:00:00+00:00,0.00047371940286035266
2025-06-21 06:00:00+00:00,0.0015073123748857358
2025-06-21 07:00:00+00:00,4.666749479956474e-05
2025-06-21 08:00:00+00:00,-0.0020648614741998247
2025-06-21 09:00:00+00:00,-0.003609782487189774
2025-06-21 10:00:00+00:00,0.0013132053166484063
2025-06-21 11:00:00+00:00,0.00037015013932205235
2025-06-21 12:00:00+00:00,-0.001055597667648129
2025-06-21 13:00:00+00:00,-0.0067476770381731475
2025-06-21 14:00:00+00:00,0.0009290938360803093
2025-06-21 15:00:00+00:00,-0.0003257009093490633
2025-06-21 16:00:00+00:00,-0.0011545125078597717
2025-06-21 17:00:00+00:00,-0.002075099087769231
2025-06-21 18:00:00+00:00,0.0027709583430347642
2025-06-21 19:00:00+00:00,-0.001991519935623513
2025-06-21 20:00:00+00:00,0.0009545126844704468
2025-06-21 21:00:00+00:00,-0.002083465510502783
2025-06-21 22:00:00+00:00,-0.0006006505408275866
2025-06-21 23:00:00+00:00,0.0002027884394537372
2025-06-22 00:00:00+00:00,0.007350366353689626
2025-06-22 01:00:00+00:00,-0.004537741733575157
2025-06-22 02:00:00+00:00,-0.002402276353583981
2025-06-22 03:00:00+00:00,-0.0037342378506513177
2025-06-22 04:00:00+00:00,0.002635441514313119
2025-06-22 05:00:00+00:00,0.0010631457192291516
2025-06-22 06:00:00+00:00,0.002289026854641635
2025-06-22 07:00:00+00:00,0.0016247079985880109
2025-06-22 08:00:00+00:00,-0.003910167976515965
2025-06-22 09:00:00+00:00,-0.0011283504960087796
2025-06-22 10:00:00+00:00,-0.0006597737555871417
2025-06-22 11:00:00+00:00,0.004856803228728266
2025-06-22 12:00:00+00:00,7.457815901426029e-05
2025-06-22 13:00:00+00:00,-0.0002036393356741384
2025-06-22 14:00:00+00:00,0.014206300858802735
2025-06-22 15:00:00+00:00,0.005759338071681483
2025-06-22 16:00:00+00:00,-0.0017091847806540402
2025-06-22 17:00:00+00:00,0.0019432980555586872
2025-06-22 18:00:00+00:00,0.001545746091783666
2025-06-22 19:00:00+00:00,0.0026551360568217094
2025-06-22 20:00:00+00:00,0.001277130647091025
2025-06-22 21:00:00+00:00,-0.001216745618857674
2025-06-22 22:00:00+00:00,0.004573952751040794
2025-06-22 23:00:00+00:00,0.0003691357206689747
2025-06-23 00:00:00+00:00,0.003255784201540745
2025-06-23 01:00:00+00:00,-0.0028606751023948947
2025-06-23 02:00:00+00:00,0.00048596388566136267
2025-06-23 03:00:00+00:00,0.0008261265533039425
2025-06-23 04:00:00+00:00,0.0010369126072884587
2025-06-23 05:00:00+00:00,-0.0023244725914040323
2025-06-23 06:00:00+00:00,-0.0004271904567945277
2025-06-23 07:00:00+00:00,0.00035727113175164967
2025-06-23 08:00:00+00:00,0.0017954024378240984
2025-06-23 09:00:00+00:00,0.0008381598289296883
2025-06-23 10:00:00+00:00,0.0008157037322369271
2025-06-23 11:00:00+00:00,-0.0008873131246582339
2025-06-23 12:00:00+00:00,0.0021907814601732816
2025-06-23 13:00:00+00:00,0.002186057810772217
2025-06-23 14:00:00+00:00,0.0016787586934528193
2025-06-23 15:00:00+00:00,-0.0024616614815372155
2025-06-23 16:00:00+00:00,-0.0024224665320792442
2025-06-23 17:00:00+00:00,0.005250529483021639
2025-06-23 18:00:00+00:00,-5.82504305318453e-05
2025-06-23 19:00:00+00:00,-0.0021747681294973127
2025-06-23 20:00:00+00:00,0.002099039881992087
2025-06-23 21:00:00+00:00,0.0008976214556076776
2025-06-23 22:00:00+00:00,8.536748329371054e-05
2025-06-23 23:00:00+00:00,0.0020845151808180145
2025-06-24 00:00:00+00:00,0.002560224873863983
2025-06-24 01:00:00+00:00,0.0008419928577163198
2025-06-24 02:00:00+00:00,-0.00028801355163835413
2025-06-24 03:00:00+00:00,-0.001037003229017658
2025-06-24 04:00:00+00:00,-0.0005879959191330479
2025-06-24 05:00:00+00:00,0.007173545497616045
2025-06-24 06:00:00+00:00,0.0006813994990404967
2025-06-24 07:00:00+00:00,-0.000656505150321334
2025-06-24 08:00:00+00:00,-0.004162501729766156
2025-06-24 09:00:00+00:00,0.00418832617751343
2025-06-24 10:00:00+00:00,-0.0021799660224054948
2025-06-24 11:00:00+00:00,0.0013491585054805993
2025-06-24 12:00:00+00:00,-0.002040370864643382
2025-06-24 13:00:00+00:00,0.0023023456697967414
2025-06-24 14:00:00+00:00,-0.0007984441750940295
2025-06-24 15:00:00+00:00,0.0013520959200757408
2025-06-24 16:00:00+00:00,0.0009097037178182216
2025-06-24 17:00:00+00:00,-0.0033236979426544758
2025-06-24 18:00:00+00:00,0.0013155013875102521
2025-06-24 19:00:00+00:00,-0.000491347256977348
2025-06-24 20:00:00+00:00,-0.0005013137893349985
2025-06-24 21:00:00+00:00,-0.002528535739061079
2025-06-24 22:00:00+00:00,0.0004127598003034402
2025-06-24 23:00:00+00:00,0.0033823638953216486
2025-06-25 00:00:00+00:00,-0.004343004228868775
2025-06-25 01:00:00+00:00,0.001983384005448494
2025-06-25 02:00:00+00:00,-0.00027068373449040114
2025-06-25 03:00:00+00:00,-6.365067764806229e-05
2025-06-25 04:00:00+00:00,-0.0016926770739160654
2025-06-25 05:00:00+00:00,-0.0015056695434410006
2025-06-25 06:00:00+00:00,-0.0006300013441772453
2025-06-25 07:00:00+00:00,0.0005985052085112977
2025-06-25 08:00:00+00:00,-0.002486742654934989
2025-06-25 09:00:00+00:00,-0.002724432084018267
2025-06-25 10:00:00+00:00,-0.003181315095324517
2025-06-25 11:00:00+00:00,-1.9138091570506378e-05
2025-06-25 12:00:00+00:00,0.00020619614055031077
2025-06-25 13:00:00+00:00,-0.00173285498736377
2025-06-25 14:00:00+00:00,-0.0008647784560659086
2025-06-25 15:00:00+00:00,0.0009803390907055618
2025-06-25 16:00:00+00:00,-0.0026999274141265915
2025-06-25 17:00:00+00:00,0.000819609966285754
2025-06-25 18:00:00+00:00,-0.002108734090090388
2025-06-25 19:00:00+00:00,-5.6927796539210566e-05
2025-06-25 20:00:00+00:00,0.0016970595791947827
2025-06-25 21:00:00+00:00,-0.0001295715856408604
2025-06-25 22:00:00+00:00,-0.00048149245795797545
2025-06-25 23:00:00+00:00,0.0010150271624426055
2025-06-26 00:00:00+00:00,0.000993301799505018
2025-06-26 01:00:00+00:00,0.00023531550315635398
2025-06-26 02:00:00+00:00,0.0023616427898915755
2025-06-26 03:00:00+00:00,0.004069472900152519
2025-06-26 04:00:00+00:00,-0.004814146584172004
2025-06-26 05:00:00+00:00,0.0024977772377881664
2025-06-26 06:00:00+00:00,-0.0007737647016419356
2025-06-26 07:00:00+00:00,-0.001618127185360004
2025-06-26 08:00:00+00:00,0.0009052016567021405
2025-06-26 09:00:00+00:00,-3.561022778998789e-05
2025-06-26 10:00:00+00:00,0.0009565553366336781
2025-06-26 11:00:00+00:00,-0.004071309709833614
2025-06-26 12:00:00+00:00,-0.0038302235700074555
2025-06-26 13:00:00+00:00,-0.0017041162848693038
2025-06-26 14:00:00+00:00,0.0001576208879083235
2025-06-26 15:00:00+00:00,-0.0011630166764648971
2025-06-26 16:00:00+00:00,0.0005621896679069845
2025-06-26 17:00:00+00:00,0.001665700671700374
2025-06-26 18:00:00+00:00,-0.0017480588031155992
2025-06-26 19:00:00+00:00,0.0013269256238730724
2025-06-26 20:00:00+00:00,0.004312904217108271
2025-06-26 21:00:00+00:00,-0.0016695953455418612
2025-06-26 22:00:00+00:00,-0.0012796560559972636
2025-06-26 23:00:00+00:00,0.0010365848809373375
2025-06-27 00:00:00+00:00,0.0006411507032190487
2025-06-27 01:00:00+00:00,0.001533274798643061
2025-06-27 02:00:00+00:00,0.001144909127687788
2025-06-27 03:00:00+00:00,3.299129068066862e-05
2025-06-27 04:00:00+00:00,-0.0025924687281335865
2025-06-27 05:00:00+00:00,-0.0021386725110451622
2025-06-27 06:00:00+00:00,0.002976347888736175
2025-06-27 07:00:00+00:00,0.0004238625832569562
2025-06-27 08:00:00+00:00,-0.0008128190319095745
2025-06-27 09:00:00+00:00,0.0019890524483267657
2025-06-27 10:00:00+00:00,0.0008695022128126652
2025-06-27 11:00:00+00:00,0.0004543817953067044
2025-06-27 12:00:00+00:00,-0.0018345387040207743
2025-06-27 13:00:00+00:00,-0.0007119614044686607
2025-06-27 14:00:00+00:00,0.003696596549616274
2025-06-27 15:00:00+00:00,-0.002952774021815692
2025-06-27 16:00:00+00:00,0.0006903915244122689
2025-06-27 17:00:00+00:00,-0.0016167751930351523
2025-06-27 18:00:00+00:00,-0.0012787639406219961
2025-06-27 19:00:00+00:00,0.0016765848156226277
2025-06-27 20:00:00+00:00,-0.0003524367843842176
2025-06-27 21:00:00+00:00,0.0027826722660557377
2025-06-27 22:00:00+00:00,2.9970549624041496e-05
2025-06-27 23:00:00+00:00,0.0003204268941201036
2025-06-28 00:00:00+00:00,-0.001294844275046904
2025-06-28 01:00:00+00:00,0.0005396820627624072
2025-06-28 02:00:00+00:00,0.001042650212149015
2025-06-28 03:00:00+00:00,-0.0008703557706744603
2025-06-28 04:00:00+00:00,0.0009168975378869438
2025-06-28 05:00:00+00:00,-0.0007724195659783839
2025-06-28 06:00:00+00:00,4.848670277910024e-05
2025-06-28 07:00:00+00:00,-0.0004144838920695029
2025-06-28 08:00:00+00:00,-0.00010749437938424976
2025-06-28 09:00:00+00:00,0.001120283853796547
2025-06-28 10:00:00+00:00,-8.42471114965291e-06
2025-06-28 11:00:00+00:00,-0.0017129235639200364
2025-06-28 12:00:00+00:00,-0.0003212966408247355
2025-06-28 13:00:00+00:00,0.0007122703424777112
2025-06-28 14:00:00+00:00,0.0013740006053079659
2025-06-28 15:00:00+00:00,0.0012941738360141089
2025-06-28 16:00:00+00:00,0.0012504961731554841
2025-06-28 17:00:00+00:00,0.00034043834198270624
2025-06-28 18:00:00+00:00,0.0014929172864484514
2025-06-28 19:00:00+00:00,-0.0005603995944021541
2025-06-28 20:00:00+00:00,0.00017625573166232594
2025-06-28 21:00:00+00:00,-0.00033899153623294186
2025-06-28 22:00:00+00:00,0.0010251391309972656
2025-06-28 23:00:00+00:00,2.4675499706754003e-05
2025-06-29 00:00:00+00:00,-0.0010495323586621097
2025-06-29 01:00:00+00:00,3.4202831429736937e-05
2025-06-29 02:00:00+00:00,0.0006571895148598685
2025-06-29 03:00:00+00:00,0.00030823038542642786
2025-06-29 04:00:00+00:00,-0.0016083827978433914
2025-06-29 05:00:00+00:00,0.0004014237661990181
2025-06-29 06:00:00+00:00,-0.0005314577983370949
2025-06-29 07:00:00+00:00,-0.0004153802731585708
2025-06-29 08:00:00+00:00,0.00039050181427348183
2025-06-29 09:00:00+00:00,-0.0002745792870549622
2025-06-29 10:00:00+00:00,-0.0001958653737508277
2025-06-29 11:00:00+00:00,-0.002208288991775543
2025-06-29 12:00:00+00:00,0.0004109310363904321
2025-06-29 13:00:00+00:00,0.0003778516092553392
2025-06-29 14:00:00+00:00,-0.002061834285545016
2025-06-29 15:00:00+00:00,-0.0007605951423343276
2025-06-29 16:00:00+00:00,0.0010349903351843169
2025-06-29 17:00:00+00:00,0.0008281118034500534
2025-06-29 18:00:00+00:00,0.0006496123775386563
2025-06-29 19:00:00+00:00,0.0004415286649269739
2025-06-29 20:00:00+00:00,0.0004472631753756015
2025-06-29 21:00:00+00:00,0.0031219845820871423
2025-06-29 22:00:00+00:00,0.008286211681571135
2025-06-29 23:00:00+00:00,-0.0016689800620193122
2025-06-30 00:00:00+00:00,-0.002246478674237262
2025-06-30 01:00:00+00:00,-0.0010921464548146304
2025-06-30 02:00:00+00:00,-0.0019138299387519975
2025-06-30 03:00:00+00:00,0.00047948187870098505
2025-06-30 04:00:00+00:00,0.0007731000636704692
2025-06-30 05:00:00+00:00,0.002165656247722084
2025-06-30 06:00:00+00:00,-0.0018625598060313386
2025-06-30 07:00:00+00:00,0.0011695048813421336
2025-06-30 08:00:00+00:00,0.002953321687702675
2025-06-30 09:00:00+00:00,1.526992724928001e-05
2025-06-30 10:00:00+00:00,-0.0005243305697023611
2025-06-30 11:00:00+00:00,-0.001294130014751383
2025-06-30 12:00:00+00:00,0.0012475603099786714
2025-06-30 13:00:00+00:00,0.0029722743130579897
2025-06-30 14:00:00+00:00,0.0021402676414913183
2025-06-30 15:00:00+00:00,-0.0008474833308290879
2025-06-30 16:00:00+00:00,-0.0006838768828145357
2025-06-30 17:00:00+00:00,0.001108361325652359
2025-06-30 18:00:00+00:00,0.0017151178928334883
2025-06-30 19:00:00+00:00,0.007091127206789156
2025-06-30 20:00:00+00:00,-0.001858117289238766
2025-06-30 21:00:00+00:00,-0.002728657021790718
2025-06-30 22:00:00+00:00,0.0015125475175917318
2025-06-30 23:00:00+00:00,-0.004036380208598259
2025-07-01 00:00:00+00:00,0.0002224518255489147
2025-07-01 01:00:00+00:00,0.0017816867650663896
2025-07-01 02:00:00+00:00,-0.00505591845890148
2025-07-01 03:00:00+00:00,0.0012822217003672506
2025-07-01 04:00:00+00:00,-0.002710081690925732
2025-07-01 05:00:00+00:00,-0.003486430784640552
2025-07-01 06:00:00+00:00,0.0015026578777340529
2025-07-01 07:00:00+00:00,0.00032733519590437816
2025-07-01 08:00:00+00:00,0.0033522419740737593
2025-07-01 09:00:00+00:00,-0.0007033739043474506
2025-07-01 10:00:00+00:00,-4.124084838172823e-05
2025-07-01 11:00:00+00:00,-0.002186138442280947
2025-07-01 12:00:00+00:00,-0.0011466729783634931
2025-07-01 13:00:00+00:00,-0.0037154532401124383
2025-07-01 14:00:00+00:00,0.0028271800150357212
2025-07-01 15:00:00+00:00,0.0012269222812465314
2025-07-01 16:00:00+00:00,-0.0005180298313214978
2025-07-01 17:00:00+00:00,-0.004035176715274571
2025-07-01 18:00:00+00:00,0.0004473533079898725
2025-07-01 19:00:00+00:00,0.002104713127260082
2025-07-01 20:00:00+00:00,-0.00491116832043066
2025-07-01 21:00:00+00:00,0.0015466757575529264
2025-07-01 22:00:00+00:00,0.0005236322653914454
2025-07-01 23:00:00+00:00,0.001381676374964688
2025-07-02 00:00:00+00:00,0.0013108547865687758
2025-07-02 01:00:00+00:00,0.00022036083102316436
2025-07-02 02:00:00+00:00,-0.0016856929472355861
2025-07-02 03:00:00+00:00,0.0006505326080521835
2025-07-02 04:00:00+00:00,0.00348717221229009
2025-07-02 05:00:00+00:00,-0.0015338286790364517
2025-07-02 06:00:00+00:00,-0.0011692432923815401
2025-07-02 07:00:00+00:00,-0.0011254439174698302
2025-07-02 08:00:00+00:00,-0.004193307987443945
2025-07-02 09:00:00+00:00,0.0006249484334793549
2025-07-02 10:00:00+00:00,-0.0013891927918016345
2025-07-02 11:00:00+00:00,0.0038786085684131603
2025-07-02 12:00:00+00:00,0.0001949653802467238
2025-07-02 13:00:00+00:00,-0.0006414452492058703
2025-07-02 14:00:00+00:00,0.002839236546411426
2025-07-02 15:00:00+00:00,0.003511493116823174
2025-07-02 16:00:00+00:00,0.006735903618218929
2025-07-02 17:00:00+00:00,0.004521355429221967
2025-07-02 18:00:00+00:00,0.002970296436893031
2025-07-02 19:00:00+00:00,-0.0008576018229518279
2025-07-02 20:00:00+00:00,0.004969431337376409
2025-07-02 21:00:00+00:00,-0.0008650049002064704
2025-07-02 22:00:00+00:00,-0.0003716068477471987
2025-07-02 23:00:00+00:00,-0.0016359214754051515
2025-07-03 00:00:00+00:00,0.0008800434144591195
2025-07-03 01:00:00+00:00,0.0019127837160692633
2025-07-03 02:00:00+00:00,-0.0006646557853292207
2025-07-03 03:00:00+00:00,0.0034333954358414655
2025-07-03 04:00:00+00:00,0.0014062371409276227
2025-07-03 05:00:00+00:00,0.006583314515788847
2025-07-03 06:00:00+00:00,0.002431891601086811
2025-07-03 07:00:00+00:00,0.002582105929497599
2025-07-03 08:00:00+00:00,0.002057436071009192
2025-07-03 09:00:00+00:00,-0.006849177919650255
2025-07-03 10:00:00+00:00,-0.0012275035283550284
2025-07-03 11:00:00+00:00,-0.003030103884575638
2025-07-03 12:00:00+00:00,0.00010679014334422371
2025-07-03 13:00:00+00:00,-0.002223692332847301
2025-07-03 14:00:00+00:00,0.002978329668375821
2025-07-03 15:00:00+00:00,-0.005709285522116446
2025-07-03 16:00:00+00:00,0.0017728352672693997
2025-07-03 17:00:00+00:00,-0.00012397567567669734
2025-07-03 18:00:00+00:00,0.002434267638765979
2025-07-03 19:00:00+00:00,0.0009519430361693011
2025-07-03 20:00:00+00:00,0.0017878990943445278
2025-07-03 21:00:00+00:00,0.0012735195636051054
2025-07-03 22:00:00+00:00,-0.0004895521407652841
2025-07-03 23:00:00+00:00,-0.0005105300144823625
2025-07-04 00:00:00+00:00,0.0021635549265792563
2025-07-04 01:00:00+00:00,0.001686041107256025
2025-07-04 02:00:00+00:00,-0.002145620507305697
2025-07-04 03:00:00+00:00,0.0010554879142386268
2025-07-04 04:00:00+00:00,0.0008827536278048279
2025-07-04 05:00:00+00:00,-0.00019633609404925132
2025-07-04 06:00:00+00:00,-0.004377250256280632
2025-07-04 07:00:00+00:00,-0.00419281627947829
2025-07-04 08:00:00+00:00,0.0013548273282979043
2025-07-04 09:00:00+00:00,0.000709175242545386
2025-07-04 10:00:00+00:00,0.0008920592687658276
2025-07-04 11:00:00+00:00,0.0017828970310049895
2025-07-04 12:00:00+00:00,0.0022097063688087133
2025-07-04 13:00:00+00:00,0.002862498866789116
2025-07-04 14:00:00+00:00,0.003195457900124049
2025-07-04 15:00:00+00:00,-0.006709237874322687
2025-07-04 16:00:00+00:00,-0.005927114587186974
2025-07-04 17:00:00+00:00,-0.0011976510534799916
2025-07-04 18:00:00+00:00,0.0028203333996623258
2025-07-04 19:00:00+00:00,0.0017664002751140435
2025-07-04 20:00:00+00:00,0.0007006535953184989
2025-07-04 21:00:00+00:00,-0.0028268513326219396
2025-07-04 22:00:00+00:00,0.0048010860782276375
2025-07-04 23:00:00+00:00,0.0001052673568228872
2025-07-05 00:00:00+00:00,0.0003730925943148737
2025-07-05 01:00:00+00:00,0.0014466622515178864
2025-07-05 02:00:00+00:00,-0.0007024991676008374
2025-07-05 03:00:00+00:00,-0.00033869340136282356
2025-07-05 04:00:00+00:00,0.0014208525757996157
2025-07-05 05:00:00+00:00,-2.515785078791347e-05
2025-07-05 06:00:00+00:00,0.00042171500395371943
2025-07-05 07:00:00+00:00,0.0017115463125907597
2025-07-05 08:00:00+00:00,-4.977806827531585e-06
2025-07-05 09:00:00+00:00,-0.0013340202391761737
2025-07-05 10:00:00+00:00,0.0005282745601042464
2025-07-05 11:00:00+00:00,-0.0019306702888183121
2025-07-05 12:00:00+00:00,0.00020992933027424185
2025-07-05 13:00:00+00:00,-0.0004996123398802279
2025-07-05 14:00:00+00:00,-0.0018052714354214062
2025-07-05 15:00:00+00:00,0.0012273119318071415
2025-07-05 16:00:00+00:00,-0.0017763175868317008
2025-07-05 17:00:00+00:00,0.001046054616241774
2025-07-05 18:00:00+00:00,-0.003373022011802293
2025-07-05 19:00:00+00:00,-0.002200515403168654
2025-07-05 20:00:00+00:00,0.0051216239691685515
2025-07-05 21:00:00+00:00,0.001493057820960644
2025-07-05 22:00:00+00:00,-0.0003623902127840935
2025-07-05 23:00:00+00:00,-0.0002703987927713478
2025-07-06 00:00:00+00:00,3.355669301282789e-05
2025-07-06 01:00:00+00:00,-0.0003395847599891814
2025-07-06 02:00:00+00:00,1.3403084046700631e-05
2025-07-06 03:00:00+00:00,-0.0013917617963690877
2025-07-06 04:00:00+00:00,0.006896571879054389
2025-07-06 05:00:00+00:00,-0.0022626551924468685
2025-07-06 06:00:00+00:00,-0.0010807749770492523
2025-07-06 07:00:00+00:00,0.0005901448594207327
2025-07-06 08:00:00+00:00,0.004447746552526814
2025-07-06 09:00:00+00:00,0.0005723800450561484
2025-07-06 10:00:00+00:00,-0.0012200107219426219
2025-07-06 11:00:00+00:00,-0.0009146720394265787
2025-07-06 12:00:00+00:00,-0.0021548577893152876
2025-07-06 13:00:00+00:00,0.005404083124854357
2025-07-06 14:00:00+00:00,-0.0014686646855620502
2025-07-06 15:00:00+00:00,-0.0002927583767767803
2025-07-06 16:00:00+00:00,-0.0012025486453047837
2025-07-06 17:00:00+00:00,-0.0007700154917627093
2025-07-06 18:00:00+00:00,0.0030809312313159623
2025-07-06 19:00:00+00:00,-0.0013047819974837242
2025-07-06 20:00:00+00:00,-0.0006611204604893531
2025-07-06 21:00:00+00:00,0.002235766522376254
2025-07-06 22:00:00+00:00,-0.001365148491512737
2025-07-06 23:00:00+00:00,0.0012169634014414636
2025-07-07 00:00:00+00:00,0.002235282454772457
2025-07-07 01:00:00+00:00,-0.002168012027575587
2025-07-07 02:00:00+00:00,-0.001219680509320324
2025-07-07 03:00:00+00:00,-0.0005811391562384812
2025-07-07 04:00:00+00:00,0.0014714105421421576
2025-07-07 05:00:00+00:00,0.002923730675099725
2025-07-07 06:00:00+00:00,0.0019082245331773764
2025-07-07 07:00:00+00:00,-0.003008784520786198
2025-07-07 08:00:00+00:00,-8.120412040863467e-05
2025-07-07 09:00:00+00:00,0.0005659698428994465
2025-07-07 10:00:00+00:00,0.0006117785042070062
2025-07-07 11:00:00+00:00,-0.00020394309595937174
2025-07-07 12:00:00+00:00,0.002186179628578616
2025-07-07 13:00:00+00:00,-0.0011607737803687622
2025-07-07 14:00:00+00:00,0.007970454093837617
2025-07-07 15:00:00+00:00,-0.004949131984377621
2025-07-07 16:00:00+00:00,0.0033910360237084203
2025-07-07 17:00:00+00:00,0.0023443549730798614
2025-07-07 18:00:00+00:00,0.001408105865952936
2025-07-07 19:00:00+00:00,0.004819040437280466
2025-07-07 20:00:00+00:00,0.00456885510194783
2025-07-07 21:00:00+00:00,-0.004760463219121277
2025-07-07 22:00:00+00:00,0.0010144734269775851
2025-07-07 23:00:00+00:00,0.003913815699710779
2025-07-08 00:00:00+00:00,-0.00017033456526738597
2025-07-08 01:00:00+00:00,0.001973115805574505
2025-07-08 02:00:00+00:00,-0.0027803185367627626
2025-07-08 03:00:00+00:00,0.00047223665580248226
2025-07-08 04:00:00+00:00,-0.003248033034709312
2025-07-08 05:00:00+00:00,-0.0014624966429951439
2025-07-08 06:00:00+00:00,0.0005805505009397506
2025-07-08 07:00:00+00:00,-0.000781750352505172
2025-07-08 08:00:00+00:00,0.0018081231566923978
2025-07-08 09:00:00+00:00,-0.002274736070971755
2025-07-08 10:00:00+00:00,0.001036072274656588
2025-07-08 11:00:00+00:00,0.006958537853263891
2025-07-08 12:00:00+00:00,0.0001901990516484381
2025-07-08 13:00:00+00:00,-0.0004614323299401816
2025-07-08 14:00:00+00:00,-0.0024589779249081585
2025-07-08 15:00:00+00:00,3.063677363842828e-05
2025-07-08 16:00:00+00:00,-0.0001427955073068174
2025-07-08 17:00:00+00:00,0.002873549169215323
2025-07-08 18:00:00+00:00,-0.0007674895205675366
2025-07-08 19:00:00+00:00,-0.0008194020688344081
2025-07-08 20:00:00+00:00,0.004056514838192166
2025-07-08 21:00:00+00:00,9.140414810650813e-05
2025-07-08 22:00:00+00:00,0.0004841653966945598
2025-07-08 23:00:00+00:00,-0.0009338249930179824
2025-07-09 00:00:00+00:00,-5.771469520207405e-05
2025-07-09 01:00:00+00:00,0.000582032672549162
2025-07-09 02:00:00+00:00,0.0012018934948550028
2025-07-09 03:00:00+00:00,0.0015115382092698092
2025-07-09 04:00:00+00:00,-0.002607967265188309
2025-07-09 05:00:00+00:00,0.0030673177655878014
2025-07-09 06:00:00+00:00,0.0003734942025379259
2025-07-09 07:00:00+00:00,0.001925393635827874
2025-07-09 08:00:00+00:00,0.0025930018319795904
2025-07-09 09:00:00+00:00,-7.452686852397131e-05
2025-07-09 10:00:00+00:00,-0.0029511188912781645
2025-07-09 11:00:00+00:00,-0.0052370995612960715
2025-07-09 12:00:00+00:00,0.004889805645883981
2025-07-09 13:00:00+00:00,0.0038330058939679192
2025-07-09 14:00:00+00:00,-0.0046457922321513105
2025-07-09 15:00:00+00:00,-0.0010403487532566176
2025-07-09 16:00:00+00:00,0.0011192085881365648
2025-07-09 17:00:00+00:00,-0.0013132606153852169
2025-07-09 18:00:00+00:00,0.003604931174932146
2025-07-09 19:00:00+00:00,0.0019094080056711203
2025-07-09 20:00:00+00:00,0.012817386952882183
2025-07-09 21:00:00+00:00,-0.0020861270418894994
2025-07-09 22:00:00+00:00,0.0032326967422097084
2025-07-09 23:00:00+00:00,0.0014165731480730486
2025-07-10 00:00:00+00:00,-0.0003297754958873627
2025-07-10 01:00:00+00:00,-0.005460435682169581
2025-07-10 02:00:00+00:00,0.0040700516721443245
2025-07-10 03:00:00+00:00,0.0012273327686923683
2025-07-10 04:00:00+00:00,-0.0010235532021463734
2025-07-10 05:00:00+00:00,0.0013218529487970183
2025-07-10 06:00:00+00:00,0.00030939529382978235
2025-07-10 07:00:00+00:00,0.0031211596397285974
2025-07-10 08:00:00+00:00,-0.0036866964733759523
2025-07-10 09:00:00+00:00,0.0021645692040936798
2025-07-10 10:00:00+00:00,-9.328605747205995e-05
2025-07-10 11:00:00+00:00,-0.0027248944702774106
2025-07-10 12:00:00+00:00,0.0026268157072418578
2025-07-10 13:00:00+00:00,0.0033167697330023496
2025-07-10 14:00:00+00:00,-0.0027169009883805714
2025-07-10 15:00:00+00:00,-0.004174533067667924
2025-07-10 16:00:00+00:00,0.002579988266722574
2025-07-10 17:00:00+00:00,0.001859948276038502
2025-07-10 18:00:00+00:00,-0.0011992551421201448
2025-07-10 19:00:00+00:00,-0.001178992520317154
2025-07-10 20:00:00+00:00,0.0008611892060667153
2025-07-10 21:00:00+00:00,0.003682734970177174
2025-07-10 22:00:00+00:00,0.00442543658415474
2025-07-10 23:00:00+00:00,-0.004723346398158048
2025-07-11 00:00:00+00:00,0.002375210432414779
2025-07-11 01:00:00+00:00,0.0011968822173300242
2025-07-11 02:00:00+00:00,-0.003912172247486533
2025-07-11 03:00:00+00:00,0.0008345571258589481
2025-07-11 04:00:00+00:00,7.717337284399697e-05
2025-07-11 05:00:00+00:00,-6.388002635251126e-05
2025-07-11 06:00:00+00:00,0.0031834870980736603
2025-07-11 07:00:00+00:00,-0.002541873524652654
2025-07-11 08:00:00+00:00,-0.0017607561193968807
2025-07-11 09:00:00+00:00,0.00030756699945670306
2025-07-11 10:00:00+00:00,-0.006702721680410857
2025-07-11 11:00:00+00:00,0.0015616193739872385
2025-07-11 12:00:00+00:00,-0.009030251017952885
2025-07-11 13:00:00+00:00,-0.01880807367908742
2025-07-11 14:00:00+00:00,-0.00021252622096309083
2025-07-11 15:00:00+00:00,0.000929591979066838
2025-07-11 16:00:00+00:00,-0.00012435891860291292
2025-07-11 17:00:00+00:00,0.0016028105627123505
2025-07-11 18:00:00+00:00,-0.005467206235036507
2025-07-11 19:00:00+00:00,0.00123284070583646
2025-07-11 20:00:00+00:00,0.005203442761481305
2025-07-11 21:00:00+00:00,0.00028616357600911994
2025-07-11 22:00:00+00:00,0.0008414705131433656
2025-07-11 23:00:00+00:00,-0.0006982398496242409
2025-07-12 00:00:00+00:00,-0.0032169081758267495
2025-07-12 01:00:00+00:00,-0.013550887081506816
2025-07-12 02:00:00+00:00,0.006683406113232712
2025-07-12 03:00:00+00:00,-0.004635061745045688
2025-07-12 04:00:00+00:00,0.001999882111726931
2025-07-12 05:00:00+00:00,-0.002709490361193632
2025-07-12 06:00:00+00:00,0.0028769635841184526
2025-07-12 07:00:00+00:00,0.004538182772850798
2025-07-12 08:00:00+00:00,-0.0052010950144512355
2025-07-12 09:00:00+00:00,-0.0038886527543083717
2025-07-12 10:00:00+00:00,-0.0018001278691428982
2025-07-12 11:00:00+00:00,0.0030432178298917486
2025-07-12 12:00:00+00:00,-0.005262880108494977
2025-07-12 13:00:00+00:00,1.504276316477537e-05
2025-07-12 14:00:00+00:00,0.004752623382463391
2025-07-12 15:00:00+00:00,0.008556263048799266
2025-07-12 16:00:00+00:00,-0.001821643481150706
2025-07-12 17:00:00+00:00,0.000797362943980739
2025-07-12 18:00:00+00:00,-0.0023980260617655715
2025-07-12 19:00:00+00:00,0.00013566868138123066
2025-07-12 20:00:00+00:00,0.006507725265589846
2025-07-12 21:00:00+00:00,-0.005927279624853205
2025-07-12 22:00:00+00:00,-0.0012048963563856647
2025-07-12 23:00:00+00:00,0.0007934745905182076
2025-07-13 00:00:00+00:00,0.0001687737033061273
2025-07-13 01:00:00+00:00,-0.0039035316958577534
2025-07-13 02:00:00+00:00,-0.002774613907460473
2025-07-13 03:00:00+00:00,0.005513888688138134
2025-07-13 04:00:00+00:00,0.00032576566287425066
2025-07-13 05:00:00+00:00,0.00023684088056281748
2025-07-13 06:00:00+00:00,-0.0026936020481125875
2025-07-13 07:00:00+00:00,0.005185780311800129
2025-07-13 08:00:00+00:00,0.0007459177361719563
2025-07-13 09:00:00+00:00,-0.0021539520798276087
2025-07-13 10:00:00+00:00,0.0012586850809839217
2025-07-13 11:00:00+00:00,-0.0006242603357823415
2025-07-13 12:00:00+00:00,-0.0057467190416637
2025-07-13 13:00:00+00:00,0.0017539150836392494
2025-07-13 14:00:00+00:00,-0.0006147972605369312
2025-07-13 15:00:00+00:00,0.00043575278088703865
2025-07-13 16:00:00+00:00,-0.003982795156551783
2025-07-13 17:00:00+00:00,0.0014044100738047252
2025-07-13 18:00:00+00:00,0.00019360682476016785
2025-07-13 19:00:00+00:00,0.0024943208415036224
2025-07-13 20:00:00+00:00,-0.0018197641708058042
2025-07-13 21:00:00+00:00,0.0029671558228690463
2025-07-13 22:00:00+00:00,-0.0051195226664013885
2025-07-13 23:00:00+00:00,-0.0018755882787285854
2025-07-14 00:00:00+00:00,0.0007885938268728771
2025-07-14 01:00:00+00:00,0.001580261255387243
2025-07-14 02:00:00+00:00,0.0020950928706810574
2025-07-14 03:00:00+00:00,-0.002108576863366487
2025-07-14 04:00:00+00:00,-0.0010335861405848996
2025-07-14 05:00:00+00:00,-0.004929666507850041
2025-07-14 06:00:00+00:00,0.0002094126085066758
2025-07-14 07:00:00+00:00,-0.0023504072115177513
2025-07-14 08:00:00+00:00,-0.0018079895365039171
2025-07-14 09:00:00+00:00,-0.0007139740065438168
2025-07-14 10:00:00+00:00,-0.0010972383159268454
2025-07-14 11:00:00+00:00,0.0016550109077839987
2025-07-14 12:00:00+00:00,0.004064254042331919
2025-07-14 13:00:00+00:00,-0.010759792659516388
2025-07-14 14:00:00+00:00,-0.006143855876722834
2025-07-14 15:00:00+00:00,0.005594692220007495
2025-07-14 16:00:00+00:00,-0.0043505563781789155
2025-07-14 17:00:00+00:00,0.006494843330114205
2025-07-14 18:00:00+00:00,-0.00011137677801656775
2025-07-14 19:00:00+00:00,0.001954090107705383
2025-07-14 20:00:00+00:00,4.468443547807799e-05
2025-07-14 21:00:00+00:00,-0.005147785912899078
2025-07-14 22:00:00+00:00,-0.0014227622865523126
2025-07-14 23:00:00+00:00,-0.00420297653725592
2025-07-15 00:00:00+00:00,0.007636338122891581
2025-07-15 01:00:00+00:00,6.618384823780469e-05
2025-07-15 02:00:00+00:00,-0.0011813818174825712
2025-07-15 03:00:00+00:00,-8.454512956130366e-05
2025-07-15 04:00:00+00:00,-0.0025319397634237873
2025-07-15 05:00:00+00:00,0.004743080515701525
2025-07-15 06:00:00+00:00,-0.0010431263299469152
2025-07-15 07:00:00+00:00,-7.290172165056252e-05
2025-07-15 08:00:00+00:00,-0.0027174906078415856
2025-07-15 09:00:00+00:00,-0.004854582441608644
2025-07-15 10:00:00+00:00,-0.0017965107581638308
2025-07-15 11:00:00+00:00,0.0017643547096449152
2025-07-15 12:00:00+00:00,-0.0006187212674905712
2025-07-15 13:00:00+00:00,0.005327283594738676
2025-07-15 14:00:00+00:00,-0.004138101325486445
2025-07-15 15:00:00+00:00,0.002585279055994998
2025-07-15 16:00:00+00:00,0.002288163509231283
2025-07-15 17:00:00+00:00,0.0012522740134439869
2025-07-15 18:00:00+00:00,0.003315114605082891
2025-07-15 19:00:00+00:00,-0.0028828600341707523
2025-07-15 20:00:00+00:00,0.0013415061479799695
2025-07-15 21:00:00+00:00,-0.0015334192308542073
2025-07-15 22:00:00+00:00,-0.00042741985225534345
2025-07-15 23:00:00+00:00,0.002604662952444915
2025-07-16 00:00:00+00:00,-6.552209156566378e-05
2025-07-16 01:00:00+00:00,-0.005176458828309994
2025-07-16 02:00:00+00:00,0.006509645971190287
2025-07-16 03:00:00+00:00,-0.0008993140535344143
2025-07-16 04:00:00+00:00,0.00257823671761386
2025-07-16 05:00:00+00:00,-0.0024353401917512297
2025-07-16 06:00:00+00:00,0.0003921114947306812
2025-07-16 07:00:00+00:00,0.002470169917798399
2025-07-16 08:00:00+00:00,0.0010964764266987127
2025-07-16 09:00:00+00:00,0.005234053664984912
2025-07-16 10:00:00+00:00,-0.001105042853429382
2025-07-16 11:00:00+00:00,0.002391967978186397
2025-07-16 12:00:00+00:00,-0.00012424874057485012
2025-07-16 13:00:00+00:00,-0.0017441716128819688
2025-07-16 14:00:00+00:00,-0.004189143859504101
2025-07-16 15:00:00+00:00,0.0048085035558503835
2025-07-16 16:00:00+00:00,0.0031438146523598055
2025-07-16 17:00:00+00:00,-0.00445896337873783
2025-07-16 18:00:00+00:00,0.0003043189045927126
2025-07-16 19:00:00+00:00,-0.005073183639031883
2025-07-16 20:00:00+00:00,0.001582328721984947
2025-07-16 21:00:00+00:00,-0.003648756883345051
2025-07-16 22:00:00+00:00,-0.0011046758889645591
2025-07-16 23:00:00+00:00,0.001513285264275498
2025-07-17 00:00:00+00:00,6.97212719496082e-05
2025-07-17 01:00:00+00:00,0.0036511997517806594
2025-07-17 02:00:00+00:00,-0.0004710177846060259
2025-07-17 03:00:00+00:00,0.005579796380871522
2025-07-17 04:00:00+00:00,-0.004013478462569046
2025-07-17 05:00:00+00:00,-0.002830709782871125
2025-07-17 06:00:00+00:00,-0.005915392232581742
2025-07-17 07:00:00+00:00,-0.0023691958850769806
2025-07-17 08:00:00+00:00,-0.0028864804115425174
2025-07-17 09:00:00+00:00,-0.0029719660858347095
2025-07-17 10:00:00+00:00,-0.0008819003470711702
2025-07-17 11:00:00+00:00,0.0015214711650894464
2025-07-17 12:00:00+00:00,-0.0009679704218020367
2025-07-17 13:00:00+00:00,0.004988928186828612
2025-07-17 14:00:00+00:00,-0.0008029675210451315
2025-07-17 15:00:00+00:00,0.0007940324733427888
2025-07-17 16:00:00+00:00,0.00024517891516915956
2025-07-17 17:00:00+00:00,-0.0005211229705401564
2025-07-17 18:00:00+00:00,-0.0022001404113210225
2025-07-17 19:00:00+00:00,0.0020922758611321467
2025-07-17 20:00:00+00:00,-0.0007036480564072904
2025-07-17 21:00:00+00:00,0.0030145665612607243
2025-07-17 22:00:00+00:00,-0.0011790115034897581
2025-07-17 23:00:00+00:00,-0.002239456124657405
2025-07-18 00:00:00+00:00,-0.0115168681343437
2025-07-18 01:00:00+00:00,-0.0036279572942099696
2025-07-18 02:00:00+00:00,-0.001846937330584451
2025-07-18 03:00:00+00:00,-0.0006068767492731589
2025-07-18 04:00:00+00:00,-0.005570113410874815
2025-07-18 05:00:00+00:00,-0.009535782419017227
2025-07-18 06:00:00+00:00,0.0027868383767320317
2025-07-18 07:00:00+00:00,0.00491569672469488
2025-07-18 08:00:00+00:00,-0.01610897462223578
2025-07-18 09:00:00+00:00,0.008154485272460646
2025-07-18 10:00:00+00:00,-0.005166906860131512
2025-07-18 11:00:00+00:00,0.0004283458420472209
2025-07-18 12:00:00+00:00,-0.002076340744703509
2025-07-18 13:00:00+00:00,-0.0010044069291934598
2025-07-18 14:00:00+00:00,0.0032832686959443605
2025-07-18 15:00:00+00:00,0.009266567718597187
2025-07-18 16:00:00+00:00,-0.00952156990842811
2025-07-18 17:00:00+00:00,-0.003908020762905227
2025-07-18 18:00:00+00:00,0.00039576495411801273
2025-07-18 19:00:00+00:00,0.008238916579096792
2025-07-18 20:00:00+00:00,0.002657508901253371
2025-07-18 21:00:00+00:00,-0.0011168685241096225
2025-07-18 22:00:00+00:00,0.0016709868788921528
2025-07-18 23:00:00+00:00,-0.00029728265825696744
2025-07-19 00:00:00+00:00,0.0036968738290592234
2025-07-19 01:00:00+00:00,-0.0034026747926410956
2025-07-19 02:00:00+00:00,-0.0004512802742904351
2025-07-19 03:00:00+00:00,-0.00985989015916761
2025-07-19 04:00:00+00:00,-0.008838093951412922
2025-07-19 05:00:00+00:00,0.0030997322147337117
2025-07-19 06:00:00+00:00,0.002263636597226991
2025-07-19 07:00:00+00:00,0.0002721149436810035
2025-07-19 08:00:00+00:00,0.0025610004922968443
2025-07-19 09:00:00+00:00,6.473642721226503e-05
2025-07-19 10:00:00+00:00,0.00177386463586194
2025-07-19 11:00:00+00:00,0.0031573038101646274
2025-07-19 12:00:00+00:00,-0.0016306763038964724
2025-07-19 13:00:00+00:00,0.0037206010888022317
2025-07-19 14:00:00+00:00,0.005040572372717404
2025-07-19 15:00:00+00:00,-0.0028484601690403548
2025-07-19 16:00:00+00:00,-0.0015248056183016928
2025-07-19 17:00:00+00:00,0.0014093356132867465
2025-07-19 18:00:00+00:00,-0.0014935668553510374
2025-07-19 19:00:00+00:00,-0.001837441133106616
2025-07-19 20:00:00+00:00,-0.0008037934115289679
2025-07-19 21:00:00+00:00,0.0033223854097481865
2025-07-19 22:00:00+00:00,-0.0014046272147817394
2025-07-19 23:00:00+00:00,-0.007121221843358985
2025-07-20 00:00:00+00:00,0.0009082076415530627
2025-07-20 01:00:00+00:00,-0.003526969349952647
2025-07-20 02:00:00+00:00,0.000865444184931221
2025-07-20 03:00:00+00:00,-0.00611345812827978
2025-07-20 04:00:00+00:00,0.0006768997012491098
2025-07-20 05:00:00+00:00,-0.0005475342219221662
2025-07-20 06:00:00+00:00,-0.0012886346468198341
2025-07-20 07:00:00+00:00,-0.0007017550951490143
2025-07-20 08:00:00+00:00,-0.0030338291454383155
2025-07-20 09:00:00+00:00,-0.00207279627164496
2025-07-20 10:00:00+00:00,0.0011424693119936173
2025-07-20 11:00:00+00:00,-0.003598824931352773
2025-07-20 12:00:00+00:00,0.005075457980486232
2025-07-20 13:00:00+00:00,-0.0028961651247998658
2025-07-20 14:00:00+00:00,0.0013159739177477383
2025-07-20 15:00:00+00:00,-0.0025008507384842674
2025-07-20 16:00:00+00:00,-0.003794690398763215
2025-07-20 17:00:00+00:00,0.004027194436278232
2025-07-20 18:00:00+00:00,0.0011469751163594856
2025-07-20 19:00:00+00:00,-0.0011947890706042982
2025-07-20 20:00:00+00:00,0.0015638219242601406
2025-07-20 21:00:00+00:00,-0.0007872030749293712
2025-07-20 22:00:00+00:00,-0.0013130667644737325
2025-07-20 23:00:00+00:00,-0.002234595297384354
2025-07-21 00:00:00+00:00,0.003909587360832274
2025-07-21 01:00:00+00:00,0.0021432882954818587
2025-07-21 02:00:00+00:00,0.0017716142299927181
2025-07-21 03:00:00+00:00,-0.0014012868361754423
2025-07-21 04:00:00+00:00,0.00011428674981170443
2025-07-21 05:00:00+00:00,-0.0013956979875302498
2025-07-21 06:00:00+00:00,0.0015227547451352322
2025-07-21 07:00:00+00:00,0.0013981011802334028
2025-07-21 08:00:00+00:00,-0.0009811274153871334
2025-07-21 09:00:00+00:00,0.0010930661792507125
2025-07-21 10:00:00+00:00,-0.007760689042179702
2025-07-21 11:00:00+00:00,-9.675546018383078e-05
2025-07-21 12:00:00+00:00,-0.0009878267780778446
2025-07-21 13:00:00+00:00,0.0006281681469440298
2025-07-21 14:00:00+00:00,-0.0027669894500541308
2025-07-21 15:00:00+00:00,-0.002729688304229213
2025-07-21 16:00:00+00:00,0.002180844227896578
2025-07-21 17:00:00+00:00,0.0020245579212414657
2025-07-21 18:00:00+00:00,0.004431747862936842
2025-07-21 19:00:00+00:00,0.0016541436996316788
2025-07-21 20:00:00+00:00,-3.6108325593558735e-06
2025-07-21 21:00:00+00:00,-0.0027835357679292507
2025-07-21 22:00:00+00:00,-0.0012571579831576714
2025-07-21 23:00:00+00:00,0.0014962560881640167
2025-07-22 00:00:00+00:00,0.0006016443819871595
2025-07-22 01:00:00+00:00,-0.001669069671404168
2025-07-22 02:00:00+00:00,-0.0018296267867324025
2025-07-22 03:00:00+00:00,0.004230306171201544
2025-07-22 04:00:00+00:00,0.009305748356087728
2025-07-22 05:00:00+00:00,-0.0010992003140348622
2025-07-22 06:00:00+00:00,-0.0008880213243071476
2025-07-22 07:00:00+00:00,0.0013510971901927924
2025-07-22 08:00:00+00:00,-0.000371489822964544
2025-07-22 09:00:00+00:00,0.0010943710626867065
2025-07-22 10:00:00+00:00,-6.085326143684063e-05
2025-07-22 11:00:00+00:00,0.0005513331314906077
2025-07-22 12:00:00+00:00,-0.0013278769549882813
2025-07-22 13:00:00+00:00,0.0002926187879901782
2025-07-22 14:00:00+00:00,-0.0013329565621879984
2025-07-22 15:00:00+00:00,0.003084612761773565
2025-07-22 16:00:00+00:00,-0.0026230555832630603
2025-07-22 17:00:00+00:00,0.00370807520855044
2025-07-22 18:00:00+00:00,0.0016191608757360266
2025-07-22 19:00:00+00:00,0.002673454798841642
2025-07-22 20:00:00+00:00,-0.003026672334554431
2025-07-22 21:00:00+00:00,-0.0013439338913394463
2025-07-22 22:00:00+00:00,0.0006815722534741223
2025-07-22 23:00:00+00:00,-0.003077131833465572
2025-07-23 00:00:00+00:00,-0.0035357318034475098
2025-07-23 01:00:00+00:00,0.0026137703345656725
2025-07-23 02:00:00+00:00,0.00011244205953026467
2025-07-23 03:00:00+00:00,-0.0009208147234573004
2025-07-23 04:00:00+00:00,-0.002376528368206371
2025-07-23 05:00:00+00:00,0.00014775993447494135
2025-07-23 06:00:00+00:00,0.0032261311184145257
2025-07-23 07:00:00+00:00,0.0012814018892592176
2025-07-23 08:00:00+00:00,-0.0002234215285144816
2025-07-23 09:00:00+00:00,0.004416548907169807
2025-07-23 10:00:00+00:00,0.0005135234326397087
2025-07-23 11:00:00+00:00,-0.0009060264185518761
2025-07-23 12:00:00+00:00,0.0033348528008934415
2025-07-23 13:00:00+00:00,0.007277916603152954
2025-07-23 14:00:00+00:00,-0.00026943600742661793
2025-07-23 15:00:00+00:00,-0.0002547052827323796
2025-07-23 16:00:00+00:00,-0.001704232762227315
2025-07-23 17:00:00+00:00,-0.010640860787920441
2025-07-23 18:00:00+00:00,0.003861656431433358
2025-07-23 19:00:00+00:00,-0.006815023298805649
2025-07-23 20:00:00+00:00,-0.001974310695586305
2025-07-23 21:00:00+00:00,0.00042751067863208356
2025-07-23 22:00:00+00:00,-0.0019709584911839885
2025-07-23 23:00:00+00:00,-0.0019592578232651026
2025-07-24 00:00:00+00:00,-0.006853133241670397
2025-07-24 01:00:00+00:00,0.0008043909641606136
2025-07-24 02:00:00+00:00,0.0010633241708382557
2025-07-24 03:00:00+00:00,-0.006844756806149021
2025-07-24 04:00:00+00:00,-0.001387127102887039
2025-07-24 05:00:00+00:00,-0.005815055996903647
2025-07-24 06:00:00+00:00,-0.002502014106160096
2025-07-24 07:00:00+00:00,0.01292256882009958
2025-07-24 08:00:00+00:00,-0.0056431792893357575
2025-07-24 09:00:00+00:00,-0.003512887255120835
2025-07-24 10:00:00+00:00,-0.006726351568417685
2025-07-24 11:00:00+00:00,0.006380737949141934
2025-07-24 12:00:00+00:00,0.003353767986977768
2025-07-24 13:00:00+00:00,0.0026495687508447494
2025-07-24 14:00:00+00:00,0.0001845122198640295
2025-07-24 15:00:00+00:00,-0.003922179454672543
2025-07-24 16:00:00+00:00,0.000525411963032315
2025-07-24 17:00:00+00:00,0.002332654344697738
2025-07-24 18:00:00+00:00,-0.0005758702884927432
2025-07-24 19:00:00+00:00,0.002805835183814556
2025-07-24 20:00:00+00:00,-0.0005616825516025458
2025-07-24 21:00:00+00:00,-0.004784265126699008
2025-07-24 22:00:00+00:00,0.001299847395911609
2025-07-24 23:00:00+00:00,7.707609916174994e-05
2025-07-25 00:00:00+00:00,2.580743920170827e-05
2025-07-25 01:00:00+00:00,0.002890965726896789
2025-07-25 02:00:00+00:00,0.003735401010016728
2025-07-25 03:00:00+00:00,-0.0008975315572034654
2025-07-25 04:00:00+00:00,0.00775808013507374
2025-07-25 05:00:00+00:00,0.0032952175993455663
2025-07-25 06:00:00+00:00,-0.006717724608695737
2025-07-25 07:00:00+00:00,0.003977560511062103
2025-07-25 08:00:00+00:00,0.0053652633663326494
2025-07-25 09:00:00+00:00,-0.003619503413200345
2025-07-25 10:00:00+00:00,0.0023774605064984288
2025-07-25 11:00:00+00:00,-0.0024224925031290792
2025-07-25 12:00:00+00:00,0.0010644982303477319
2025-07-25 13:00:00+00:00,0.001230848172437426
2025-07-25 14:00:00+00:00,-0.002039813401737965
2025-07-25 15:00:00+00:00,-0.0045130388559889946
2025-07-25 16:00:00+00:00,0.005388375522180551
2025-07-25 17:00:00+00:00,5.519999392549105e-05
2025-07-25 18:00:00+00:00,-0.0001501841322708668
2025-07-25 19:00:00+00:00,0.0003845883206154955
2025-07-25 20:00:00+00:00,0.0017335842520259373
2025-07-25 21:00:00+00:00,-6.089802570363522e-06
2025-07-25 22:00:00+00:00,-0.0010162066002765745
2025-07-25 23:00:00+00:00,0.001302777333978151
2025-07-26 00:00:00+00:00,0.0008356004774461341
2025-07-26 01:00:00+00:00,0.002358510065607864
2025-07-26 02:00:00+00:00,-0.0015831622824142573
2025-07-26 03:00:00+00:00,0.00036115615937900317
2025-07-26 04:00:00+00:00,0.002119227120589313
2025-07-26 05:00:00+00:00,0.0017252148643803528
2025-07-26 06:00:00+00:00,-0.00028002881027582786
2025-07-26 07:00:00+00:00,0.0005720502135459608
2025-07-26 08:00:00+00:00,-0.001460186614040513
2025-07-26 09:00:00+00:00,-0.006089876224563538
2025-07-26 10:00:00+00:00,0.00039920346591190334
2025-07-26 11:00:00+00:00,0.0023453654835958234
2025-07-26 12:00:00+00:00,0.0006786870054183618
2025-07-26 13:00:00+00:00,0.006514659440626216
2025-07-26 14:00:00+00:00,-0.0012129975428127621
2025-07-26 15:00:00+00:00,-0.0034856095580044688
2025-07-26 16:00:00+00:00,-0.002312354836076341
2025-07-26 17:00:00+00:00,0.005104389195000462
2025-07-26 18:00:00+00:00,-0.0014354031288643589
2025-07-26 19:00:00+00:00,0.0004335694291515246
2025-07-26 20:00:00+00:00,0.0026887238235360246
2025-07-26 21:00:00+00:00,-0.0010246155437701903
2025-07-26 22:00:00+00:00,0.0010915672125921423
2025-07-26 23:00:00+00:00,0.0015894477939412859
2025-07-27 00:00:00+00:00,0.0005330896454125328
2025-07-27 01:00:00+00:00,-0.001548527473349521
2025-07-27 02:00:00+00:00,-0.0016015788905324193
2025-07-27 03:00:00+00:00,-0.005412158679020656
2025-07-27 04:00:00+00:00,-4.95242607168376e-06
2025-07-27 05:00:00+00:00,0.005533468524325764
2025-07-27 06:00:00+00:00,-0.004764179739216341
2025-07-27 07:00:00+00:00,-0.0010615595839262055
2025-07-27 08:00:00+00:00,-0.0035668485182684816
2025-07-27 09:00:00+00:00,0.002501410569477328
2025-07-27 10:00:00+00:00,-0.005693133626509132
2025-07-27 11:00:00+00:00,0.005259216938527127
2025-07-27 12:00:00+00:00,-0.006023875979461148
2025-07-27 13:00:00+00:00,0.0070845332369236045
2025-07-27 14:00:00+00:00,-0.0001932856866647687
2025-07-27 15:00:00+00:00,-0.0041018895319956785
2025-07-27 16:00:00+00:00,-0.0011901810193897962
2025-07-27 17:00:00+00:00,-0.0075336243596223745
2025-07-27 18:00:00+00:00,0.0021306456088042948
2025-07-27 19:00:00+00:00,0.001785496713734263
2025-07-27 20:00:00+00:00,-0.0007020703180321875
2025-07-27 21:00:00+00:00,-0.003247341843799796
2025-07-27 22:00:00+00:00,0.0050414585575283225
2025-07-27 23:00:00+00:00,-0.00165612057066733
2025-07-28 00:00:00+00:00,-0.002131125349045276
2025-07-28 01:00:00+00:00,0.0042248329160102845
2025-07-28 02:00:00+00:00,-0.00043137593051939766
2025-07-28 03:00:00+00:00,0.0018736859137636877
2025-07-28 04:00:00+00:00,-0.002922469888543381
2025-07-28 05:00:00+00:00,0.00035343856341432667
2025-07-28 06:00:00+00:00,0.0004685585926644266
2025-07-28 07:00:00+00:00,0.0004005100314181979
2025-07-28 08:00:00+00:00,-0.000976010393856824
2025-07-28 09:00:00+00:00,-0.009505176671508311
2025-07-28 10:00:00+00:00,0.0013997763519977455
2025-07-28 11:00:00+00:00,-0.0017616718451745814
2025-07-28 12:00:00+00:00,0.0016596953571393037
2025-07-28 13:00:00+00:00,-0.001102076844795557
2025-07-28 14:00:00+00:00,-0.0027915716768390493
2025-07-28 15:00:00+00:00,3.523180167643417e-05
2025-07-28 16:00:00+00:00,0.004137414845762391
2025-07-28 17:00:00+00:00,0.0019801196686818527
2025-07-28 18:00:00+00:00,-0.004023440314678019
2025-07-28 19:00:00+00:00,0.002435975930325327
2025-07-28 20:00:00+00:00,0.0010444052620689603
2025-07-28 21:00:00+00:00,-0.0005460539195345074
2025-07-28 22:00:00+00:00,-0.0009576976227743908
2025-07-28 23:00:00+00:00,0.0057298837529577455
2025-07-29 00:00:00+00:00,-0.008758480811642278
2025-07-29 01:00:00+00:00,0.009897394009947073
2025-07-29 02:00:00+00:00,-0.005195456066328176
2025-07-29 03:00:00+00:00,-0.0015022657849986455
2025-07-29 04:00:00+00:00,0.006600598998600998
2025-07-29 05:00:00+00:00,-0.0006245392371555629
2025-07-29 06:00:00+00:00,0.001061636956254079
2025-07-29 07:00:00+00:00,0.0015692369910390812
2025-07-29 08:00:00+00:00,0.0020919152968224106
2025-07-29 09:00:00+00:00,0.0010659331559775159
2025-07-29 10:00:00+00:00,-0.0037979224124872744
2025-07-29 11:00:00+00:00,-0.0035351800620868775
2025-07-29 12:00:00+00:00,0.005816039245976593
2025-07-29 13:00:00+00:00,0.003404287665370766
2025-07-29 14:00:00+00:00,-0.005642153283698431
2025-07-29 15:00:00+00:00,0.0018488063631905889
2025-07-29 16:00:00+00:00,-0.006425950138368156
2025-07-29 17:00:00+00:00,0.0011116600457013188
2025-07-29 18:00:00+00:00,0.0026852514525373882
2025-07-29 19:00:00+00:00,-0.007257238758266201
2025-07-29 20:00:00+00:00,-0.0020202720099951723
2025-07-29 21:00:00+00:00,0.004727270002155227
2025-07-29 22:00:00+00:00,0.0018431830782574198
2025-07-29 23:00:00+00:00,-0.0005688183529954125
2025-07-30 00:00:00+00:00,-0.003665783278360606
2025-07-30 01:00:00+00:00,-0.00031956966780379123
2025-07-30 02:00:00+00:00,0.002118011147879237
2025-07-30 03:00:00+00:00,0.0009270431377644412
2025-07-30 04:00:00+00:00,0.0030583158015509765
2025-07-30 05:00:00+00:00,-0.0024392640431434754
2025-07-30 06:00:00+00:00,-0.0018879769216379445
2025-07-30 07:00:00+00:00,0.002751984064517938
2025-07-30 08:00:00+00:00,-0.0011354376795810897
2025-07-30 09:00:00+00:00,0.002931774411219816
2025-07-30 10:00:00+00:00,-0.0016446756484424338
2025-07-30 11:00:00+00:00,-0.004507454652100257
2025-07-30 12:00:00+00:00,0.0030606085351950127
2025-07-30 13:00:00+00:00,0.0030644983209203998
2025-07-30 14:00:00+00:00,-0.001081242273639876
2025-07-30 15:00:00+00:00,-0.00239267990092605
2025-07-30 16:00:00+00:00,0.005334121233820649
2025-07-30 17:00:00+00:00,-0.0013419824636878462
2025-07-30 18:00:00+00:00,0.0008272721378653679
2025-07-30 19:00:00+00:00,-0.0013803305295329417
2025-07-30 20:00:00+00:00,0.006618953519711967
2025-07-30 21:00:00+00:00,-0.0009172487149243847
2025-07-30 22:00:00+00:00,-0.0019859796411482574
2025-07-30 23:00:00+00:00,0.00031697441380579354
2025-07-31 00:00:00+00:00,-0.004046515438930475
2025-07-31 01:00:00+00:00,0.005645323637552321
2025-07-31 02:00:00+00:00,0.0002357345472154932
2025-07-31 03:00:00+00:00,0.0006786733852720244
2025-07-31 04:00:00+00:00,0.000441378708816065
2025-07-31 05:00:00+00:00,0.000640433614111153
2025-07-31 06:00:00+00:00,0.00014156805305376286
2025-07-31 07:00:00+00:00,0.0014222829373277423
2025-07-31 08:00:00+00:00,-0.0027890750349754065
2025-07-31 09:00:00+00:00,-0.000823542136209857
2025-07-31 10:00:00+00:00,0.004849604699708875
2025-07-31 11:00:00+00:00,0.0007124571269956285
2025-07-31 12:00:00+00:00,0.00032837397858185923
2025-07-31 13:00:00+00:00,-0.006485581702963175
2025-07-31 14:00:00+00:00,0.0011806238303481743
2025-07-31 15:00:00+00:00,0.001912060183182002
2025-07-31 16:00:00+00:00,0.0018739241372097517
2025-07-31 17:00:00+00:00,0.002231869482253141
2025-07-31 18:00:00+00:00,0.0004484641966685253
2025-07-31 19:00:00+00:00,-0.0005562474019671793
2025-07-31 20:00:00+00:00,-0.001312241868324475
2025-07-31 21:00:00+00:00,-0.001683799068865226
2025-07-31 22:00:00+00:00,-0.0008438876395703333
2025-07-31 23:00:00+00:00,-6.4769519726623135e-06
2025-08-01 00:00:00+00:00,-0.003303604066564137
2025-08-01 01:00:00+00:00,2.5530181634720754e-05
2025-08-01 02:00:00+00:00,0.003788086710347773
2025-08-01 03:00:00+00:00,0.0050042801149730864
2025-08-01 04:00:00+00:00,0.0018063505754711952
2025-08-01 05:00:00+00:00,-0.005115908919153701
2025-08-01 06:00:00+00:00,0.0015086741864667006
2025-08-01 07:00:00+00:00,6.975166163970199e-05
2025-08-01 08:00:00+00:00,-1.9824774119598602e-05
2025-08-01 09:00:00+00:00,-0.00325478884718298
2025-08-01 10:00:00+00:00,0.0033726805602131266
2025-08-01 11:00:00+00:00,-4.630652677474751e-05
2025-08-01 12:00:00+00:00,0.004147247950024779
2025-08-01 13:00:00+00:00,-0.006001386861201264
2025-08-01 14:00:00+00:00,0.005771596288638545
2025-08-01 15:00:00+00:00,0.0012405995039975273
2025-08-01 16:00:00+00:00,0.0025947380610077627
2025-08-01 17:00:00+00:00,-0.002712660432268674
2025-08-01 18:00:00+00:00,-0.0006851797342970925
2025-08-01 19:00:00+00:00,0.0036229734383913872
2025-08-01 20:00:00+00:00,0.00012052898855827103
2025-08-01 21:00:00+00:00,0.0007810349985530467
2025-08-01 22:00:00+00:00,-0.007731928964318282
2025-08-01 23:00:00+00:00,0.007108119073361749
2025-08-02 00:00:00+00:00,0.00044500476782166474
