dt,0
2023-10-25 09:00:00+00:00,
2023-10-25 10:00:00+00:00,1.0
2023-10-25 11:00:00+00:00,1.0
2023-10-25 12:00:00+00:00,1.0
2023-10-25 13:00:00+00:00,1.0
2023-10-25 14:00:00+00:00,1.0
2023-10-25 15:00:00+00:00,1.0
2023-10-25 16:00:00+00:00,1.0
2023-10-25 17:00:00+00:00,1.0
2023-10-25 18:00:00+00:00,1.0
2023-10-25 19:00:00+00:00,1.0
2023-10-25 20:00:00+00:00,1.0
2023-10-25 21:00:00+00:00,1.0
2023-10-25 22:00:00+00:00,1.0
2023-10-25 23:00:00+00:00,1.0
2023-10-26 00:00:00+00:00,1.0
2023-10-26 01:00:00+00:00,1.0
2023-10-26 02:00:00+00:00,1.0
2023-10-26 03:00:00+00:00,1.0
2023-10-26 04:00:00+00:00,1.0
2023-10-26 05:00:00+00:00,1.0
2023-10-26 06:00:00+00:00,1.0
2023-10-26 07:00:00+00:00,1.0
2023-10-26 08:00:00+00:00,1.0
2023-10-26 09:00:00+00:00,1.0
2023-10-26 10:00:00+00:00,1.0
2023-10-26 11:00:00+00:00,1.0
2023-10-26 12:00:00+00:00,1.0
2023-10-26 13:00:00+00:00,1.0
2023-10-26 14:00:00+00:00,1.0
2023-10-26 15:00:00+00:00,1.0
2023-10-26 16:00:00+00:00,1.0
2023-10-26 17:00:00+00:00,1.0
2023-10-26 18:00:00+00:00,1.0
2023-10-26 19:00:00+00:00,1.0
2023-10-26 20:00:00+00:00,1.0
2023-10-26 21:00:00+00:00,1.0
2023-10-26 22:00:00+00:00,1.0
2023-10-26 23:00:00+00:00,1.0
2023-10-27 00:00:00+00:00,1.0
2023-10-27 01:00:00+00:00,1.0
2023-10-27 02:00:00+00:00,1.0
2023-10-27 03:00:00+00:00,1.0
2023-10-27 04:00:00+00:00,1.0
2023-10-27 05:00:00+00:00,1.0
2023-10-27 06:00:00+00:00,1.0
2023-10-27 07:00:00+00:00,1.0
2023-10-27 08:00:00+00:00,1.0
2023-10-27 09:00:00+00:00,1.0
2023-10-27 10:00:00+00:00,1.0
2023-10-27 11:00:00+00:00,1.0
2023-10-27 12:00:00+00:00,1.0
2023-10-27 13:00:00+00:00,1.0
2023-10-27 14:00:00+00:00,1.0
2023-10-27 15:00:00+00:00,1.0
2023-10-27 16:00:00+00:00,1.0
2023-10-27 17:00:00+00:00,1.0
2023-10-27 18:00:00+00:00,1.0
2023-10-27 19:00:00+00:00,1.0
2023-10-27 20:00:00+00:00,1.0
2023-10-27 21:00:00+00:00,1.0
2023-10-27 22:00:00+00:00,1.0
2023-10-27 23:00:00+00:00,1.0
2023-10-28 00:00:00+00:00,1.0
2023-10-28 01:00:00+00:00,1.0
2023-10-28 02:00:00+00:00,1.0
2023-10-28 03:00:00+00:00,1.0
2023-10-28 04:00:00+00:00,1.0
2023-10-28 05:00:00+00:00,1.0
2023-10-28 06:00:00+00:00,1.0
2023-10-28 07:00:00+00:00,1.0
2023-10-28 08:00:00+00:00,1.0
2023-10-28 09:00:00+00:00,1.0
2023-10-28 10:00:00+00:00,1.0
2023-10-28 11:00:00+00:00,1.0
2023-10-28 12:00:00+00:00,1.0
2023-10-28 13:00:00+00:00,1.0
2023-10-28 14:00:00+00:00,1.0
2023-10-28 15:00:00+00:00,1.0
2023-10-28 16:00:00+00:00,1.0
2023-10-28 17:00:00+00:00,1.0
2023-10-28 18:00:00+00:00,1.0
2023-10-28 19:00:00+00:00,1.0
2023-10-28 20:00:00+00:00,1.0
2023-10-28 21:00:00+00:00,1.0
2023-10-28 22:00:00+00:00,1.0
2023-10-28 23:00:00+00:00,1.0
2023-10-29 00:00:00+00:00,1.0
2023-10-29 01:00:00+00:00,1.0
2023-10-29 02:00:00+00:00,1.0
2023-10-29 03:00:00+00:00,1.0
2023-10-29 04:00:00+00:00,1.0
2023-10-29 05:00:00+00:00,1.0
2023-10-29 06:00:00+00:00,1.0
2023-10-29 07:00:00+00:00,1.0
2023-10-29 08:00:00+00:00,1.0
2023-10-29 09:00:00+00:00,1.0
2023-10-29 10:00:00+00:00,1.0
2023-10-29 11:00:00+00:00,1.0
2023-10-29 12:00:00+00:00,1.0
2023-10-29 13:00:00+00:00,1.0
2023-10-29 14:00:00+00:00,1.0
2023-10-29 15:00:00+00:00,1.0
2023-10-29 16:00:00+00:00,1.0
2023-10-29 17:00:00+00:00,1.0
2023-10-29 18:00:00+00:00,1.0
2023-10-29 19:00:00+00:00,1.0
2023-10-29 20:00:00+00:00,1.0
2023-10-29 21:00:00+00:00,1.0
2023-10-29 22:00:00+00:00,1.0
2023-10-29 23:00:00+00:00,1.0
2023-10-30 00:00:00+00:00,1.0
2023-10-30 01:00:00+00:00,1.0
2023-10-30 02:00:00+00:00,1.0
2023-10-30 03:00:00+00:00,1.0
2023-10-30 04:00:00+00:00,1.0
2023-10-30 05:00:00+00:00,1.0
2023-10-30 06:00:00+00:00,1.0
2023-10-30 07:00:00+00:00,1.0
2023-10-30 08:00:00+00:00,1.0
2023-10-30 09:00:00+00:00,1.0
2023-10-30 10:00:00+00:00,1.0
2023-10-30 11:00:00+00:00,1.0
2023-10-30 12:00:00+00:00,1.0
2023-10-30 13:00:00+00:00,1.0
2023-10-30 14:00:00+00:00,1.0
2023-10-30 15:00:00+00:00,1.0
2023-10-30 16:00:00+00:00,1.0
2023-10-30 17:00:00+00:00,1.0
2023-10-30 18:00:00+00:00,1.0
2023-10-30 19:00:00+00:00,1.0
2023-10-30 20:00:00+00:00,1.0
2023-10-30 21:00:00+00:00,1.0
2023-10-30 22:00:00+00:00,1.0
2023-10-30 23:00:00+00:00,1.0
2023-10-31 00:00:00+00:00,1.0
2023-10-31 01:00:00+00:00,1.0
2023-10-31 02:00:00+00:00,1.0
2023-10-31 03:00:00+00:00,1.0
2023-10-31 04:00:00+00:00,1.0
2023-10-31 05:00:00+00:00,1.0
2023-10-31 06:00:00+00:00,1.0
2023-10-31 07:00:00+00:00,1.0
2023-10-31 08:00:00+00:00,1.0
2023-10-31 09:00:00+00:00,1.0
2023-10-31 10:00:00+00:00,1.0
2023-10-31 11:00:00+00:00,1.0
2023-10-31 12:00:00+00:00,1.0
2023-10-31 13:00:00+00:00,1.0
2023-10-31 14:00:00+00:00,1.0
2023-10-31 15:00:00+00:00,1.0
2023-10-31 16:00:00+00:00,1.0
2023-10-31 17:00:00+00:00,1.0
2023-10-31 18:00:00+00:00,1.0
2023-10-31 19:00:00+00:00,1.0
2023-10-31 20:00:00+00:00,1.0
2023-10-31 21:00:00+00:00,1.0
2023-10-31 22:00:00+00:00,1.0
2023-10-31 23:00:00+00:00,1.0
2023-11-01 00:00:00+00:00,1.0
2023-11-01 01:00:00+00:00,1.0
2023-11-01 02:00:00+00:00,1.0
2023-11-01 03:00:00+00:00,1.0
2023-11-01 04:00:00+00:00,1.0
2023-11-01 05:00:00+00:00,1.0
2023-11-01 06:00:00+00:00,1.0
2023-11-01 07:00:00+00:00,1.0
2023-11-01 08:00:00+00:00,1.0
2023-11-01 09:00:00+00:00,1.0
2023-11-01 10:00:00+00:00,1.0
2023-11-01 11:00:00+00:00,1.0
2023-11-01 12:00:00+00:00,1.0
2023-11-01 13:00:00+00:00,1.0
2023-11-01 14:00:00+00:00,1.0
2023-11-01 15:00:00+00:00,1.0
2023-11-01 16:00:00+00:00,1.0
2023-11-01 17:00:00+00:00,1.0
2023-11-01 18:00:00+00:00,1.0
2023-11-01 19:00:00+00:00,1.0
2023-11-01 20:00:00+00:00,1.0
2023-11-01 21:00:00+00:00,1.0
2023-11-01 22:00:00+00:00,1.0
2023-11-01 23:00:00+00:00,1.0
2023-11-02 00:00:00+00:00,1.0
2023-11-02 01:00:00+00:00,1.0
2023-11-02 02:00:00+00:00,1.0
2023-11-02 03:00:00+00:00,1.0
2023-11-02 04:00:00+00:00,1.0
2023-11-02 05:00:00+00:00,1.0
2023-11-02 06:00:00+00:00,1.0
2023-11-02 07:00:00+00:00,1.0
2023-11-02 08:00:00+00:00,1.0
2023-11-02 09:00:00+00:00,1.0
2023-11-02 10:00:00+00:00,1.0
2023-11-02 11:00:00+00:00,1.0
2023-11-02 12:00:00+00:00,1.0
2023-11-02 13:00:00+00:00,1.0
2023-11-02 14:00:00+00:00,1.0
2023-11-02 15:00:00+00:00,1.0
2023-11-02 16:00:00+00:00,1.0
2023-11-02 17:00:00+00:00,1.0
2023-11-02 18:00:00+00:00,1.0
2023-11-02 19:00:00+00:00,1.0
2023-11-02 20:00:00+00:00,1.0
2023-11-02 21:00:00+00:00,1.0
2023-11-02 22:00:00+00:00,1.0
2023-11-02 23:00:00+00:00,1.0
2023-11-03 00:00:00+00:00,1.0
2023-11-03 01:00:00+00:00,1.0
2023-11-03 02:00:00+00:00,1.0
2023-11-03 03:00:00+00:00,1.0
2023-11-03 04:00:00+00:00,1.0
2023-11-03 05:00:00+00:00,1.0
2023-11-03 06:00:00+00:00,1.0
2023-11-03 07:00:00+00:00,1.0
2023-11-03 08:00:00+00:00,1.0
2023-11-03 09:00:00+00:00,1.0
2023-11-03 10:00:00+00:00,1.0
2023-11-03 11:00:00+00:00,1.0
2023-11-03 12:00:00+00:00,1.0
2023-11-03 13:00:00+00:00,1.0
2023-11-03 14:00:00+00:00,1.0
2023-11-03 15:00:00+00:00,1.0
2023-11-03 16:00:00+00:00,1.0
2023-11-03 17:00:00+00:00,1.0
2023-11-03 18:00:00+00:00,1.0
2023-11-03 19:00:00+00:00,1.0
2023-11-03 20:00:00+00:00,1.0
2023-11-03 21:00:00+00:00,1.0
2023-11-03 22:00:00+00:00,1.0
2023-11-03 23:00:00+00:00,1.0
2023-11-04 00:00:00+00:00,1.0
2023-11-04 01:00:00+00:00,1.0
2023-11-04 02:00:00+00:00,1.0
2023-11-04 03:00:00+00:00,1.0
2023-11-04 04:00:00+00:00,1.0
2023-11-04 05:00:00+00:00,1.0
2023-11-04 06:00:00+00:00,1.0
2023-11-04 07:00:00+00:00,1.0
2023-11-04 08:00:00+00:00,1.0
2023-11-04 09:00:00+00:00,1.0
2023-11-04 10:00:00+00:00,1.0
2023-11-04 11:00:00+00:00,1.0
2023-11-04 12:00:00+00:00,1.0
2023-11-04 13:00:00+00:00,1.0
2023-11-04 14:00:00+00:00,1.0
2023-11-04 15:00:00+00:00,1.0
2023-11-04 16:00:00+00:00,1.0
2023-11-04 17:00:00+00:00,1.0
2023-11-04 18:00:00+00:00,1.0
2023-11-04 19:00:00+00:00,1.0
2023-11-04 20:00:00+00:00,1.0
2023-11-04 21:00:00+00:00,1.0
2023-11-04 22:00:00+00:00,1.0
2023-11-04 23:00:00+00:00,1.0
2023-11-05 00:00:00+00:00,1.0
2023-11-05 01:00:00+00:00,1.0
2023-11-05 02:00:00+00:00,1.0
2023-11-05 03:00:00+00:00,1.0
2023-11-05 04:00:00+00:00,1.0
2023-11-05 05:00:00+00:00,1.0
2023-11-05 06:00:00+00:00,1.0
2023-11-05 07:00:00+00:00,1.0
2023-11-05 08:00:00+00:00,1.0
2023-11-05 09:00:00+00:00,1.0
2023-11-05 10:00:00+00:00,1.0
2023-11-05 11:00:00+00:00,1.0
2023-11-05 12:00:00+00:00,1.0
2023-11-05 13:00:00+00:00,1.0
2023-11-05 14:00:00+00:00,1.0
2023-11-05 15:00:00+00:00,1.0
2023-11-05 16:00:00+00:00,1.0
2023-11-05 17:00:00+00:00,1.0
2023-11-05 18:00:00+00:00,1.0
2023-11-05 19:00:00+00:00,1.0
2023-11-05 20:00:00+00:00,1.0
2023-11-05 21:00:00+00:00,1.0
2023-11-05 22:00:00+00:00,1.0
2023-11-05 23:00:00+00:00,1.0
2023-11-06 00:00:00+00:00,1.0
2023-11-06 01:00:00+00:00,1.0
2023-11-06 02:00:00+00:00,1.0
2023-11-06 03:00:00+00:00,1.0
2023-11-06 04:00:00+00:00,1.0
2023-11-06 05:00:00+00:00,1.0
2023-11-06 06:00:00+00:00,1.0
2023-11-06 07:00:00+00:00,1.0
2023-11-06 08:00:00+00:00,1.0
2023-11-06 09:00:00+00:00,1.0
2023-11-06 10:00:00+00:00,1.0
2023-11-06 11:00:00+00:00,1.0
2023-11-06 12:00:00+00:00,1.0
2023-11-06 13:00:00+00:00,1.0
2023-11-06 14:00:00+00:00,1.0
2023-11-06 15:00:00+00:00,1.0
2023-11-06 16:00:00+00:00,1.0
2023-11-06 17:00:00+00:00,1.0
2023-11-06 18:00:00+00:00,1.0
2023-11-06 19:00:00+00:00,1.0
2023-11-06 20:00:00+00:00,1.0
2023-11-06 21:00:00+00:00,1.0
2023-11-06 22:00:00+00:00,1.0
2023-11-06 23:00:00+00:00,1.0
2023-11-07 00:00:00+00:00,1.0
2023-11-07 01:00:00+00:00,1.0
2023-11-07 02:00:00+00:00,1.0
2023-11-07 03:00:00+00:00,1.0
2023-11-07 04:00:00+00:00,1.0
2023-11-07 05:00:00+00:00,1.0
2023-11-07 06:00:00+00:00,1.0
2023-11-07 07:00:00+00:00,1.0
2023-11-07 08:00:00+00:00,1.0
2023-11-07 09:00:00+00:00,1.0
2023-11-07 10:00:00+00:00,1.0
2023-11-07 11:00:00+00:00,1.0
2023-11-07 12:00:00+00:00,1.0
2023-11-07 13:00:00+00:00,1.0
2023-11-07 14:00:00+00:00,1.0
2023-11-07 15:00:00+00:00,1.0
2023-11-07 16:00:00+00:00,1.0
2023-11-07 17:00:00+00:00,1.0
2023-11-07 18:00:00+00:00,1.0
2023-11-07 19:00:00+00:00,1.0
2023-11-07 20:00:00+00:00,1.0
2023-11-07 21:00:00+00:00,1.0
2023-11-07 22:00:00+00:00,1.0
2023-11-07 23:00:00+00:00,1.0
2023-11-08 00:00:00+00:00,1.0
2023-11-08 01:00:00+00:00,1.0
2023-11-08 02:00:00+00:00,1.0
2023-11-08 03:00:00+00:00,1.0
2023-11-08 04:00:00+00:00,1.0
2023-11-08 05:00:00+00:00,1.0
2023-11-08 06:00:00+00:00,1.0
2023-11-08 07:00:00+00:00,1.0
2023-11-08 08:00:00+00:00,1.0
2023-11-08 09:00:00+00:00,1.0
2023-11-08 10:00:00+00:00,1.0
2023-11-08 11:00:00+00:00,1.0
2023-11-08 12:00:00+00:00,1.0
2023-11-08 13:00:00+00:00,1.0
2023-11-08 14:00:00+00:00,1.0
2023-11-08 15:00:00+00:00,1.0
2023-11-08 16:00:00+00:00,1.0
2023-11-08 17:00:00+00:00,1.0
2023-11-08 18:00:00+00:00,1.0
2023-11-08 19:00:00+00:00,1.0
2023-11-08 20:00:00+00:00,1.0
2023-11-08 21:00:00+00:00,1.0
2023-11-08 22:00:00+00:00,1.0
2023-11-08 23:00:00+00:00,1.0
2023-11-09 00:00:00+00:00,1.0
2023-11-09 01:00:00+00:00,1.0
2023-11-09 02:00:00+00:00,1.0
2023-11-09 03:00:00+00:00,1.0
2023-11-09 04:00:00+00:00,1.0
2023-11-09 05:00:00+00:00,1.0
2023-11-09 06:00:00+00:00,1.0
2023-11-09 07:00:00+00:00,1.0
2023-11-09 08:00:00+00:00,1.0
2023-11-09 09:00:00+00:00,1.0
2023-11-09 10:00:00+00:00,1.0
2023-11-09 11:00:00+00:00,1.0
2023-11-09 12:00:00+00:00,1.0
2023-11-09 13:00:00+00:00,1.0
2023-11-09 14:00:00+00:00,1.0
2023-11-09 15:00:00+00:00,1.0
2023-11-09 16:00:00+00:00,1.0
2023-11-09 17:00:00+00:00,1.0
2023-11-09 18:00:00+00:00,1.0
2023-11-09 19:00:00+00:00,1.0
2023-11-09 20:00:00+00:00,1.0
2023-11-09 21:00:00+00:00,1.0
2023-11-09 22:00:00+00:00,1.0
2023-11-09 23:00:00+00:00,1.0
2023-11-10 00:00:00+00:00,1.0
2023-11-10 01:00:00+00:00,1.0
2023-11-10 02:00:00+00:00,1.0
2023-11-10 03:00:00+00:00,1.0
2023-11-10 04:00:00+00:00,1.0
2023-11-10 05:00:00+00:00,1.0
2023-11-10 06:00:00+00:00,1.0
2023-11-10 07:00:00+00:00,1.0
2023-11-10 08:00:00+00:00,1.0
2023-11-10 09:00:00+00:00,1.0
2023-11-10 10:00:00+00:00,1.0
2023-11-10 11:00:00+00:00,1.0
2023-11-10 12:00:00+00:00,1.0
2023-11-10 13:00:00+00:00,1.0
2023-11-10 14:00:00+00:00,1.0
2023-11-10 15:00:00+00:00,1.0
2023-11-10 16:00:00+00:00,1.0
2023-11-10 17:00:00+00:00,1.0
2023-11-10 18:00:00+00:00,1.0
2023-11-10 19:00:00+00:00,1.0
2023-11-10 20:00:00+00:00,1.0
2023-11-10 21:00:00+00:00,1.0
2023-11-10 22:00:00+00:00,1.0
2023-11-10 23:00:00+00:00,1.0
2023-11-11 00:00:00+00:00,1.0
2023-11-11 01:00:00+00:00,1.0
2023-11-11 02:00:00+00:00,1.0
2023-11-11 03:00:00+00:00,1.0
2023-11-11 04:00:00+00:00,1.0
2023-11-11 05:00:00+00:00,1.0
2023-11-11 06:00:00+00:00,1.0
2023-11-11 07:00:00+00:00,1.0
2023-11-11 08:00:00+00:00,1.0
2023-11-11 09:00:00+00:00,1.0
2023-11-11 10:00:00+00:00,1.0
2023-11-11 11:00:00+00:00,1.0
2023-11-11 12:00:00+00:00,1.0
2023-11-11 13:00:00+00:00,1.0
2023-11-11 14:00:00+00:00,1.0
2023-11-11 15:00:00+00:00,1.0
2023-11-11 16:00:00+00:00,1.0
2023-11-11 17:00:00+00:00,1.0
2023-11-11 18:00:00+00:00,1.0
2023-11-11 19:00:00+00:00,1.0
2023-11-11 20:00:00+00:00,1.0
2023-11-11 21:00:00+00:00,1.0
2023-11-11 22:00:00+00:00,1.0
2023-11-11 23:00:00+00:00,1.0
2023-11-12 00:00:00+00:00,1.0
2023-11-12 01:00:00+00:00,1.0
2023-11-12 02:00:00+00:00,1.0
2023-11-12 03:00:00+00:00,1.0
2023-11-12 04:00:00+00:00,1.0
2023-11-12 05:00:00+00:00,1.0
2023-11-12 06:00:00+00:00,1.0
2023-11-12 07:00:00+00:00,1.0
2023-11-12 08:00:00+00:00,1.0
2023-11-12 09:00:00+00:00,1.0
2023-11-12 10:00:00+00:00,1.0
2023-11-12 11:00:00+00:00,1.0
2023-11-12 12:00:00+00:00,1.0
2023-11-12 13:00:00+00:00,1.0
2023-11-12 14:00:00+00:00,1.0
2023-11-12 15:00:00+00:00,1.0
2023-11-12 16:00:00+00:00,1.0
2023-11-12 17:00:00+00:00,1.0
2023-11-12 18:00:00+00:00,1.0
2023-11-12 19:00:00+00:00,1.0
2023-11-12 20:00:00+00:00,1.0
2023-11-12 21:00:00+00:00,1.0
2023-11-12 22:00:00+00:00,1.0
2023-11-12 23:00:00+00:00,1.0
2023-11-13 00:00:00+00:00,1.0
2023-11-13 01:00:00+00:00,1.0
2023-11-13 02:00:00+00:00,1.0
2023-11-13 03:00:00+00:00,1.0
2023-11-13 04:00:00+00:00,1.0
2023-11-13 05:00:00+00:00,1.0
2023-11-13 06:00:00+00:00,1.0
2023-11-13 07:00:00+00:00,1.0
2023-11-13 08:00:00+00:00,1.0
2023-11-13 09:00:00+00:00,1.0
2023-11-13 10:00:00+00:00,1.0
2023-11-13 11:00:00+00:00,1.0
2023-11-13 12:00:00+00:00,1.0
2023-11-13 13:00:00+00:00,1.0
2023-11-13 14:00:00+00:00,1.0
2023-11-13 15:00:00+00:00,1.0
2023-11-13 16:00:00+00:00,1.0
2023-11-13 17:00:00+00:00,1.0
2023-11-13 18:00:00+00:00,1.0
2023-11-13 19:00:00+00:00,1.0
2023-11-13 20:00:00+00:00,1.0
2023-11-13 21:00:00+00:00,1.0
2023-11-13 22:00:00+00:00,1.0
2023-11-13 23:00:00+00:00,1.0
2023-11-14 00:00:00+00:00,1.0
2023-11-14 01:00:00+00:00,1.0
2023-11-14 02:00:00+00:00,1.0
2023-11-14 03:00:00+00:00,1.0
2023-11-14 04:00:00+00:00,1.0
2023-11-14 05:00:00+00:00,1.0
2023-11-14 06:00:00+00:00,1.0
2023-11-14 07:00:00+00:00,1.0
2023-11-14 08:00:00+00:00,1.0
2023-11-14 09:00:00+00:00,1.0
2023-11-14 10:00:00+00:00,1.0
2023-11-14 11:00:00+00:00,1.0
2023-11-14 12:00:00+00:00,1.0
2023-11-14 13:00:00+00:00,1.0
2023-11-14 14:00:00+00:00,1.0
2023-11-14 15:00:00+00:00,1.0
2023-11-14 16:00:00+00:00,1.0
2023-11-14 17:00:00+00:00,1.0
2023-11-14 18:00:00+00:00,1.0
2023-11-14 19:00:00+00:00,1.0
2023-11-14 20:00:00+00:00,1.0
2023-11-14 21:00:00+00:00,1.0
2023-11-14 22:00:00+00:00,1.0
2023-11-14 23:00:00+00:00,1.0
2023-11-15 00:00:00+00:00,1.0
2023-11-15 01:00:00+00:00,1.0
2023-11-15 02:00:00+00:00,1.0
2023-11-15 03:00:00+00:00,1.0
2023-11-15 04:00:00+00:00,1.0
2023-11-15 05:00:00+00:00,1.0
2023-11-15 06:00:00+00:00,1.0
2023-11-15 07:00:00+00:00,1.0
2023-11-15 08:00:00+00:00,1.0
2023-11-15 09:00:00+00:00,1.0
2023-11-15 10:00:00+00:00,1.0
2023-11-15 11:00:00+00:00,1.0
2023-11-15 12:00:00+00:00,1.0
2023-11-15 13:00:00+00:00,1.0
2023-11-15 14:00:00+00:00,1.0
2023-11-15 15:00:00+00:00,1.0
2023-11-15 16:00:00+00:00,1.0
2023-11-15 17:00:00+00:00,1.0
2023-11-15 18:00:00+00:00,1.0
2023-11-15 19:00:00+00:00,1.0
2023-11-15 20:00:00+00:00,1.0
2023-11-15 21:00:00+00:00,1.0
2023-11-15 22:00:00+00:00,1.0
2023-11-15 23:00:00+00:00,1.0
2023-11-16 00:00:00+00:00,1.0
2023-11-16 01:00:00+00:00,1.0
2023-11-16 02:00:00+00:00,1.0
2023-11-16 03:00:00+00:00,1.0
2023-11-16 04:00:00+00:00,1.0
2023-11-16 05:00:00+00:00,1.0
2023-11-16 06:00:00+00:00,1.0
2023-11-16 07:00:00+00:00,1.0
2023-11-16 08:00:00+00:00,1.0
2023-11-16 09:00:00+00:00,1.0
2023-11-16 10:00:00+00:00,1.0
2023-11-16 11:00:00+00:00,1.0
2023-11-16 12:00:00+00:00,1.0
2023-11-16 13:00:00+00:00,1.0
2023-11-16 14:00:00+00:00,1.0
2023-11-16 15:00:00+00:00,1.0
2023-11-16 16:00:00+00:00,1.0
2023-11-16 17:00:00+00:00,1.0
2023-11-16 18:00:00+00:00,1.0
2023-11-16 19:00:00+00:00,1.0
2023-11-16 20:00:00+00:00,1.0
2023-11-16 21:00:00+00:00,1.0
2023-11-16 22:00:00+00:00,1.0
2023-11-16 23:00:00+00:00,1.0
2023-11-17 00:00:00+00:00,1.0
2023-11-17 01:00:00+00:00,1.0
2023-11-17 02:00:00+00:00,1.0
2023-11-17 03:00:00+00:00,1.0
2023-11-17 04:00:00+00:00,1.0
2023-11-17 05:00:00+00:00,1.0
2023-11-17 06:00:00+00:00,1.0
2023-11-17 07:00:00+00:00,1.0
2023-11-17 08:00:00+00:00,1.0
2023-11-17 09:00:00+00:00,1.0
2023-11-17 10:00:00+00:00,1.0
2023-11-17 11:00:00+00:00,1.0
2023-11-17 12:00:00+00:00,1.0
2023-11-17 13:00:00+00:00,1.0
2023-11-17 14:00:00+00:00,1.0
2023-11-17 15:00:00+00:00,1.0
2023-11-17 16:00:00+00:00,1.0
2023-11-17 17:00:00+00:00,1.0
2023-11-17 18:00:00+00:00,1.0
2023-11-17 19:00:00+00:00,1.0
2023-11-17 20:00:00+00:00,1.0
2023-11-17 21:00:00+00:00,1.0
2023-11-17 22:00:00+00:00,1.0
2023-11-17 23:00:00+00:00,1.0
2023-11-18 00:00:00+00:00,1.0
2023-11-18 01:00:00+00:00,1.0
2023-11-18 02:00:00+00:00,1.0
2023-11-18 03:00:00+00:00,1.0
2023-11-18 04:00:00+00:00,1.0
2023-11-18 05:00:00+00:00,1.0
2023-11-18 06:00:00+00:00,1.0
2023-11-18 07:00:00+00:00,1.0
2023-11-18 08:00:00+00:00,1.0
2023-11-18 09:00:00+00:00,1.0
2023-11-18 10:00:00+00:00,1.0
2023-11-18 11:00:00+00:00,1.0
2023-11-18 12:00:00+00:00,1.0
2023-11-18 13:00:00+00:00,1.0
2023-11-18 14:00:00+00:00,1.0
2023-11-18 15:00:00+00:00,1.0
2023-11-18 16:00:00+00:00,1.0
2023-11-18 17:00:00+00:00,1.0
2023-11-18 18:00:00+00:00,1.0
2023-11-18 19:00:00+00:00,1.0
2023-11-18 20:00:00+00:00,1.0
2023-11-18 21:00:00+00:00,1.0
2023-11-18 22:00:00+00:00,1.0
2023-11-18 23:00:00+00:00,1.0
2023-11-19 00:00:00+00:00,1.0
2023-11-19 01:00:00+00:00,1.0
2023-11-19 02:00:00+00:00,1.0
2023-11-19 03:00:00+00:00,1.0
2023-11-19 04:00:00+00:00,1.0
2023-11-19 05:00:00+00:00,1.0
2023-11-19 06:00:00+00:00,1.0
2023-11-19 07:00:00+00:00,1.0
2023-11-19 08:00:00+00:00,1.0
2023-11-19 09:00:00+00:00,1.0
2023-11-19 10:00:00+00:00,1.0
2023-11-19 11:00:00+00:00,1.0
2023-11-19 12:00:00+00:00,1.0
2023-11-19 13:00:00+00:00,1.0
2023-11-19 14:00:00+00:00,1.0
2023-11-19 15:00:00+00:00,1.0
2023-11-19 16:00:00+00:00,1.0
2023-11-19 17:00:00+00:00,1.0
2023-11-19 18:00:00+00:00,1.0
2023-11-19 19:00:00+00:00,1.0
2023-11-19 20:00:00+00:00,1.0
2023-11-19 21:00:00+00:00,1.0
2023-11-19 22:00:00+00:00,1.0
2023-11-19 23:00:00+00:00,1.0
2023-11-20 00:00:00+00:00,1.0
2023-11-20 01:00:00+00:00,1.0
2023-11-20 02:00:00+00:00,1.0
2023-11-20 03:00:00+00:00,1.0
2023-11-20 04:00:00+00:00,1.0
2023-11-20 05:00:00+00:00,1.0
2023-11-20 06:00:00+00:00,1.0
2023-11-20 07:00:00+00:00,1.0
2023-11-20 08:00:00+00:00,1.0
2023-11-20 09:00:00+00:00,1.0
2023-11-20 10:00:00+00:00,1.0
2023-11-20 11:00:00+00:00,1.0
2023-11-20 12:00:00+00:00,1.0
2023-11-20 13:00:00+00:00,1.0
2023-11-20 14:00:00+00:00,1.0
2023-11-20 15:00:00+00:00,1.0
2023-11-20 16:00:00+00:00,1.0
2023-11-20 17:00:00+00:00,1.0
2023-11-20 18:00:00+00:00,1.0
2023-11-20 19:00:00+00:00,1.0
2023-11-20 20:00:00+00:00,1.0
2023-11-20 21:00:00+00:00,1.0
2023-11-20 22:00:00+00:00,1.0
2023-11-20 23:00:00+00:00,1.0
2023-11-21 00:00:00+00:00,1.0
2023-11-21 01:00:00+00:00,1.0
2023-11-21 02:00:00+00:00,1.0
2023-11-21 03:00:00+00:00,1.0
2023-11-21 04:00:00+00:00,1.0
2023-11-21 05:00:00+00:00,1.0
2023-11-21 06:00:00+00:00,1.0
2023-11-21 07:00:00+00:00,1.0
2023-11-21 08:00:00+00:00,1.0
2023-11-21 09:00:00+00:00,1.0
2023-11-21 10:00:00+00:00,1.0
2023-11-21 11:00:00+00:00,1.0
2023-11-21 12:00:00+00:00,1.0
2023-11-21 13:00:00+00:00,1.0
2023-11-21 14:00:00+00:00,1.0
2023-11-21 15:00:00+00:00,1.0
2023-11-21 16:00:00+00:00,1.0
2023-11-21 17:00:00+00:00,1.0
2023-11-21 18:00:00+00:00,1.0
2023-11-21 19:00:00+00:00,1.0
2023-11-21 20:00:00+00:00,1.0
2023-11-21 21:00:00+00:00,1.0
2023-11-21 22:00:00+00:00,1.0
2023-11-21 23:00:00+00:00,1.0
2023-11-22 00:00:00+00:00,1.0
2023-11-22 01:00:00+00:00,1.0
2023-11-22 02:00:00+00:00,1.0
2023-11-22 03:00:00+00:00,1.0
2023-11-22 04:00:00+00:00,1.0
2023-11-22 05:00:00+00:00,1.0
2023-11-22 06:00:00+00:00,1.0
2023-11-22 07:00:00+00:00,1.0
2023-11-22 08:00:00+00:00,1.0
2023-11-22 09:00:00+00:00,1.0
2023-11-22 10:00:00+00:00,1.0
2023-11-22 11:00:00+00:00,1.0
2023-11-22 12:00:00+00:00,1.0
2023-11-22 13:00:00+00:00,1.0
2023-11-22 14:00:00+00:00,1.0
2023-11-22 15:00:00+00:00,1.0
2023-11-22 16:00:00+00:00,1.0
2023-11-22 17:00:00+00:00,1.0
2023-11-22 18:00:00+00:00,1.0
2023-11-22 19:00:00+00:00,1.0
2023-11-22 20:00:00+00:00,1.0
2023-11-22 21:00:00+00:00,1.0
2023-11-22 22:00:00+00:00,1.0
2023-11-22 23:00:00+00:00,1.0
2023-11-23 00:00:00+00:00,1.0
2023-11-23 01:00:00+00:00,1.0
2023-11-23 02:00:00+00:00,1.0
2023-11-23 03:00:00+00:00,1.0
2023-11-23 04:00:00+00:00,1.0
2023-11-23 05:00:00+00:00,1.0
2023-11-23 06:00:00+00:00,1.0
2023-11-23 07:00:00+00:00,1.0
2023-11-23 08:00:00+00:00,1.0
2023-11-23 09:00:00+00:00,1.0
2023-11-23 10:00:00+00:00,1.0
2023-11-23 11:00:00+00:00,1.0
2023-11-23 12:00:00+00:00,1.0
2023-11-23 13:00:00+00:00,1.0
2023-11-23 14:00:00+00:00,1.0
2023-11-23 15:00:00+00:00,1.0
2023-11-23 16:00:00+00:00,1.0
2023-11-23 17:00:00+00:00,1.0
2023-11-23 18:00:00+00:00,1.0
2023-11-23 19:00:00+00:00,1.0
2023-11-23 20:00:00+00:00,1.0
2023-11-23 21:00:00+00:00,1.0
2023-11-23 22:00:00+00:00,1.0
2023-11-23 23:00:00+00:00,1.0
2023-11-24 00:00:00+00:00,1.0
2023-11-24 01:00:00+00:00,1.0
2023-11-24 02:00:00+00:00,1.0
2023-11-24 03:00:00+00:00,1.0
2023-11-24 04:00:00+00:00,1.0
2023-11-24 05:00:00+00:00,1.0
2023-11-24 06:00:00+00:00,1.0
2023-11-24 07:00:00+00:00,1.0
2023-11-24 08:00:00+00:00,1.0
2023-11-24 09:00:00+00:00,1.0
2023-11-24 10:00:00+00:00,1.0
2023-11-24 11:00:00+00:00,1.0
2023-11-24 12:00:00+00:00,1.0
2023-11-24 13:00:00+00:00,1.0
2023-11-24 14:00:00+00:00,1.0
2023-11-24 15:00:00+00:00,1.0
2023-11-24 16:00:00+00:00,1.0
2023-11-24 17:00:00+00:00,1.0
2023-11-24 18:00:00+00:00,1.0
2023-11-24 19:00:00+00:00,1.0
2023-11-24 20:00:00+00:00,1.0
2023-11-24 21:00:00+00:00,1.0
2023-11-24 22:00:00+00:00,1.0
2023-11-24 23:00:00+00:00,1.0
2023-11-25 00:00:00+00:00,1.0
2023-11-25 01:00:00+00:00,1.0
2023-11-25 02:00:00+00:00,1.0
2023-11-25 03:00:00+00:00,1.0
2023-11-25 04:00:00+00:00,1.0
2023-11-25 05:00:00+00:00,1.0
2023-11-25 06:00:00+00:00,1.0
2023-11-25 07:00:00+00:00,1.0
2023-11-25 08:00:00+00:00,1.0
2023-11-25 09:00:00+00:00,1.0
2023-11-25 10:00:00+00:00,1.0
2023-11-25 11:00:00+00:00,1.0
2023-11-25 12:00:00+00:00,1.0
2023-11-25 13:00:00+00:00,1.0
2023-11-25 14:00:00+00:00,1.0
2023-11-25 15:00:00+00:00,1.0
2023-11-25 16:00:00+00:00,1.0
2023-11-25 17:00:00+00:00,1.0001217107871356
2023-11-25 18:00:00+00:00,1.0040288156245174
2023-11-25 19:00:00+00:00,1.0038934002286006
2023-11-25 20:00:00+00:00,1.0102821626735432
2023-11-25 21:00:00+00:00,1.0097396172939395
2023-11-25 22:00:00+00:00,1.0107248122199346
2023-11-25 23:00:00+00:00,1.0131556233021293
2023-11-26 00:00:00+00:00,1.0080453406569978
2023-11-26 01:00:00+00:00,1.0162957077220467
2023-11-26 02:00:00+00:00,1.0140979881879282
2023-11-26 03:00:00+00:00,1.009806260972306
2023-11-26 04:00:00+00:00,1.0106235859653316
2023-11-26 05:00:00+00:00,1.0095076387107846
2023-11-26 06:00:00+00:00,1.0149189941613868
2023-11-26 07:00:00+00:00,1.018623151354878
2023-11-26 08:00:00+00:00,1.018536070624775
2023-11-26 09:00:00+00:00,1.0181529584170492
2023-11-26 10:00:00+00:00,1.0199487274116914
2023-11-26 11:00:00+00:00,1.025279814493072
2023-11-26 12:00:00+00:00,1.0251330237028384
2023-11-26 13:00:00+00:00,1.030119004959493
2023-11-26 14:00:00+00:00,1.0299689716887055
2023-11-26 15:00:00+00:00,1.0278847786968708
2023-11-26 16:00:00+00:00,1.0326630614614098
2023-11-26 17:00:00+00:00,1.0401765537247325
2023-11-26 18:00:00+00:00,1.0398546265374473
2023-11-26 19:00:00+00:00,1.0359020030967434
2023-11-26 20:00:00+00:00,1.0401592118771923
2023-11-26 21:00:00+00:00,1.0396620329618802
2023-11-26 22:00:00+00:00,1.0412857940996094
2023-11-26 23:00:00+00:00,1.0387669166565217
2023-11-27 00:00:00+00:00,1.0471418408221511
2023-11-27 01:00:00+00:00,1.049025978698518
2023-11-27 02:00:00+00:00,1.0506468078858524
2023-11-27 03:00:00+00:00,1.0665444572175788
2023-11-27 04:00:00+00:00,1.0698325221592797
2023-11-27 05:00:00+00:00,1.0708116140306878
2023-11-27 06:00:00+00:00,1.071174579423142
2023-11-27 07:00:00+00:00,1.084548262028599
2023-11-27 08:00:00+00:00,1.0859341365865318
2023-11-27 09:00:00+00:00,1.086246075092693
2023-11-27 10:00:00+00:00,1.0860228831995615
2023-11-27 11:00:00+00:00,1.0864633878968295
2023-11-27 12:00:00+00:00,1.0873903210297589
2023-11-27 13:00:00+00:00,1.0886030031108263
2023-11-27 14:00:00+00:00,1.0884203699203172
2023-11-27 15:00:00+00:00,1.0877104752154163
2023-11-27 16:00:00+00:00,1.08724437856238
2023-11-27 17:00:00+00:00,1.089946289353411
2023-11-27 18:00:00+00:00,1.0889676484936979
2023-11-27 19:00:00+00:00,1.0892027794303738
2023-11-27 20:00:00+00:00,1.0951502138111173
2023-11-27 21:00:00+00:00,1.0957059900167094
2023-11-27 22:00:00+00:00,1.0941708081280657
2023-11-27 23:00:00+00:00,1.0962137490519857
2023-11-28 00:00:00+00:00,1.1042044077926547
2023-11-28 01:00:00+00:00,1.1048528435400453
2023-11-28 02:00:00+00:00,1.10243898367678
2023-11-28 03:00:00+00:00,1.1051201214501518
2023-11-28 04:00:00+00:00,1.104738957955192
2023-11-28 05:00:00+00:00,1.10167560925044
2023-11-28 06:00:00+00:00,1.102304316368897
2023-11-28 07:00:00+00:00,1.1018169864919845
2023-11-28 08:00:00+00:00,1.104197541982989
2023-11-28 09:00:00+00:00,1.105146833560826
2023-11-28 10:00:00+00:00,1.1049800662880376
2023-11-28 11:00:00+00:00,1.1056461198196113
2023-11-28 12:00:00+00:00,1.1063994402224113
2023-11-28 13:00:00+00:00,1.1090770865763009
2023-11-28 14:00:00+00:00,1.110001145327339
2023-11-28 15:00:00+00:00,1.1072540609588708
2023-11-28 16:00:00+00:00,1.107415460590571
2023-11-28 17:00:00+00:00,1.1060265624582635
2023-11-28 18:00:00+00:00,1.10564670333858
2023-11-28 19:00:00+00:00,1.1043425597164374
2023-11-28 20:00:00+00:00,1.0894884780193408
2023-11-28 21:00:00+00:00,1.1066450787643298
2023-11-28 22:00:00+00:00,1.1120754814499012
2023-11-28 23:00:00+00:00,1.1146116238823718
2023-11-29 00:00:00+00:00,1.1141600916215557
2023-11-29 01:00:00+00:00,1.1139280331768429
2023-11-29 02:00:00+00:00,1.1115790777970733
2023-11-29 03:00:00+00:00,1.110250922681032
2023-11-29 04:00:00+00:00,1.1106018108586482
2023-11-29 05:00:00+00:00,1.108229163151111
2023-11-29 06:00:00+00:00,1.1066240357465644
2023-11-29 07:00:00+00:00,1.1072330168059927
2023-11-29 08:00:00+00:00,1.1058842018035266
2023-11-29 09:00:00+00:00,1.106099007976625
2023-11-29 10:00:00+00:00,1.1059096504621875
2023-11-29 11:00:00+00:00,1.1046469579660558
2023-11-29 12:00:00+00:00,1.1018847877175248
2023-11-29 13:00:00+00:00,1.1031387889769968
2023-11-29 14:00:00+00:00,1.1068819945060513
2023-11-29 15:00:00+00:00,1.1111757029818092
2023-11-29 16:00:00+00:00,1.1105676131713083
2023-11-29 17:00:00+00:00,1.1146038785977586
2023-11-29 18:00:00+00:00,1.1144481499440293
2023-11-29 19:00:00+00:00,1.1186718253137238
2023-11-29 20:00:00+00:00,1.1204960117182854
2023-11-29 21:00:00+00:00,1.1169204513237483
2023-11-29 22:00:00+00:00,1.1182630351888314
2023-11-29 23:00:00+00:00,1.1206564568883448
2023-11-30 00:00:00+00:00,1.1226398018976225
2023-11-30 01:00:00+00:00,1.121818517528229
2023-11-30 02:00:00+00:00,1.1181386210971866
2023-11-30 03:00:00+00:00,1.1227313262810055
2023-11-30 04:00:00+00:00,1.126056159677614
2023-11-30 05:00:00+00:00,1.124035433709354
2023-11-30 06:00:00+00:00,1.1247825884725489
2023-11-30 07:00:00+00:00,1.1308295965242803
2023-11-30 08:00:00+00:00,1.1304521155836402
2023-11-30 09:00:00+00:00,1.1304677564558827
2023-11-30 10:00:00+00:00,1.1312403564792435
2023-11-30 11:00:00+00:00,1.1306010620122944
2023-11-30 12:00:00+00:00,1.1344126294410806
2023-11-30 13:00:00+00:00,1.1331905815215633
2023-11-30 14:00:00+00:00,1.1338733951969633
2023-11-30 15:00:00+00:00,1.137876825045421
2023-11-30 16:00:00+00:00,1.1397473922766392
2023-11-30 17:00:00+00:00,1.1383240778169803
2023-11-30 18:00:00+00:00,1.1365668133964508
2023-11-30 19:00:00+00:00,1.131170314022832
2023-11-30 20:00:00+00:00,1.1371810856942495
2023-11-30 21:00:00+00:00,1.1372229440681294
2023-11-30 22:00:00+00:00,1.135430498612946
2023-11-30 23:00:00+00:00,1.136250580517951
2023-12-01 00:00:00+00:00,1.147166351399167
2023-12-01 01:00:00+00:00,1.1512750877436269
2023-12-01 02:00:00+00:00,1.153579076199085
2023-12-01 03:00:00+00:00,1.1495089760880786
2023-12-01 04:00:00+00:00,1.1505110095429005
2023-12-01 05:00:00+00:00,1.1487207629946372
2023-12-01 06:00:00+00:00,1.1428740507656652
2023-12-01 07:00:00+00:00,1.1465335518040585
2023-12-01 08:00:00+00:00,1.1490734409603267
2023-12-01 09:00:00+00:00,1.1519803500821117
2023-12-01 10:00:00+00:00,1.1537939120069656
2023-12-01 11:00:00+00:00,1.1530951753558791
2023-12-01 12:00:00+00:00,1.1543079250645452
2023-12-01 13:00:00+00:00,1.1528835331689569
2023-12-01 14:00:00+00:00,1.151945112190005
2023-12-01 15:00:00+00:00,1.1512680241815392
2023-12-01 16:00:00+00:00,1.1463383732339454
2023-12-01 17:00:00+00:00,1.1421833465194047
2023-12-01 18:00:00+00:00,1.1452939981592807
2023-12-01 19:00:00+00:00,1.1441168038821488
2023-12-01 20:00:00+00:00,1.1487225928430846
2023-12-01 21:00:00+00:00,1.1520804309298873
2023-12-01 22:00:00+00:00,1.1525424709848748
2023-12-01 23:00:00+00:00,1.1538652550821382
2023-12-02 00:00:00+00:00,1.154130653406332
2023-12-02 01:00:00+00:00,1.1550061522105297
2023-12-02 02:00:00+00:00,1.1565010010768189
2023-12-02 03:00:00+00:00,1.1550721406967008
2023-12-02 04:00:00+00:00,1.1542678743162473
2023-12-02 05:00:00+00:00,1.1545326939648204
2023-12-02 06:00:00+00:00,1.1559344967741416
2023-12-02 07:00:00+00:00,1.1573687801274817
2023-12-02 08:00:00+00:00,1.157951372426738
2023-12-02 09:00:00+00:00,1.1621782480077267
2023-12-02 10:00:00+00:00,1.1615948052690424
2023-12-02 11:00:00+00:00,1.164240389016188
2023-12-02 12:00:00+00:00,1.1639339817168066
2023-12-02 13:00:00+00:00,1.1646008403516859
2023-12-02 14:00:00+00:00,1.1643817290723306
2023-12-02 15:00:00+00:00,1.1628570439156631
2023-12-02 16:00:00+00:00,1.164233483509427
2023-12-02 17:00:00+00:00,1.1644501639394325
2023-12-02 18:00:00+00:00,1.1657129817679104
2023-12-02 19:00:00+00:00,1.1644918091784306
2023-12-02 20:00:00+00:00,1.1639346762690317
2023-12-02 21:00:00+00:00,1.1672019471482082
2023-12-02 22:00:00+00:00,1.2113978787351418
2023-12-02 23:00:00+00:00,1.2116118114073535
2023-12-03 00:00:00+00:00,1.213239606833332
2023-12-03 01:00:00+00:00,1.2123374629941828
2023-12-03 02:00:00+00:00,1.218361601092287
2023-12-03 03:00:00+00:00,1.2150973251521529
2023-12-03 04:00:00+00:00,1.2130170299504215
2023-12-03 05:00:00+00:00,1.2108438610255652
2023-12-03 06:00:00+00:00,1.211759130242535
2023-12-03 07:00:00+00:00,1.2131632237385612
2023-12-03 08:00:00+00:00,1.2206735922870569
2023-12-03 09:00:00+00:00,1.221782565704309
2023-12-03 10:00:00+00:00,1.2255279084270505
2023-12-03 11:00:00+00:00,1.222296117913663
2023-12-03 12:00:00+00:00,1.2205960252867294
2023-12-03 13:00:00+00:00,1.217411491053754
2023-12-03 14:00:00+00:00,1.2162428629534616
2023-12-03 15:00:00+00:00,1.2154756118167798
2023-12-03 16:00:00+00:00,1.2152349679322931
2023-12-03 17:00:00+00:00,1.2155877171516167
2023-12-03 18:00:00+00:00,1.2153407182514526
2023-12-03 19:00:00+00:00,1.215555994140313
2023-12-03 20:00:00+00:00,1.2163317113970495
2023-12-03 21:00:00+00:00,1.2162467446113816
2023-12-03 22:00:00+00:00,1.2188102499839883
2023-12-03 23:00:00+00:00,1.218797736675105
2023-12-04 00:00:00+00:00,1.214896251812579
2023-12-04 01:00:00+00:00,1.2141988482209636
2023-12-04 02:00:00+00:00,1.2139503031223202
2023-12-04 03:00:00+00:00,1.2118206344274542
2023-12-04 04:00:00+00:00,1.213538817589308
2023-12-04 05:00:00+00:00,1.2047836939705894
2023-12-04 06:00:00+00:00,1.212724697267646
2023-12-04 07:00:00+00:00,1.2118162230917366
2023-12-04 08:00:00+00:00,1.2129376025802274
2023-12-04 09:00:00+00:00,1.210891174513672
2023-12-04 10:00:00+00:00,1.2040577738677423
2023-12-04 11:00:00+00:00,1.1969674444529843
2023-12-04 12:00:00+00:00,1.2013786991196629
2023-12-04 13:00:00+00:00,1.1946071934031357
2023-12-04 14:00:00+00:00,1.1964034178377312
2023-12-04 15:00:00+00:00,1.2006877135298095
2023-12-04 16:00:00+00:00,1.2005418488989799
2023-12-04 17:00:00+00:00,1.1980746160389435
2023-12-04 18:00:00+00:00,1.194983027242946
2023-12-04 19:00:00+00:00,1.1911050514575032
2023-12-04 20:00:00+00:00,1.197931101103221
2023-12-04 21:00:00+00:00,1.1930839016817223
2023-12-04 22:00:00+00:00,1.1912885940659137
2023-12-04 23:00:00+00:00,1.1973926867731353
2023-12-05 00:00:00+00:00,1.202572114493418
2023-12-05 01:00:00+00:00,1.1933226365498109
2023-12-05 02:00:00+00:00,1.2005673418023677
2023-12-05 03:00:00+00:00,1.2011760562024507
2023-12-05 04:00:00+00:00,1.1933932827824583
2023-12-05 05:00:00+00:00,1.1978824268254504
2023-12-05 06:00:00+00:00,1.1918728459442143
2023-12-05 07:00:00+00:00,1.1988883631238574
2023-12-05 08:00:00+00:00,1.2021719408133518
2023-12-05 09:00:00+00:00,1.2039121666038068
2023-12-05 10:00:00+00:00,1.201620164600378
2023-12-05 11:00:00+00:00,1.2024102901335696
2023-12-05 12:00:00+00:00,1.2027099141453341
2023-12-05 13:00:00+00:00,1.1996445623004757
2023-12-05 14:00:00+00:00,1.1966903122066284
2023-12-05 15:00:00+00:00,1.1993889843293186
2023-12-05 16:00:00+00:00,1.1931965359401788
2023-12-05 17:00:00+00:00,1.1921338184236547
2023-12-05 18:00:00+00:00,1.1848691081572074
2023-12-05 19:00:00+00:00,1.1840967264375313
2023-12-05 20:00:00+00:00,1.1798487237732693
2023-12-05 21:00:00+00:00,1.1782856283833174
2023-12-05 22:00:00+00:00,1.169647629753267
2023-12-05 23:00:00+00:00,1.1771016336669555
2023-12-06 00:00:00+00:00,1.1886588144417543
2023-12-06 01:00:00+00:00,1.1932094433222007
2023-12-06 02:00:00+00:00,1.1910950457421932
2023-12-06 03:00:00+00:00,1.1931259193158126
2023-12-06 04:00:00+00:00,1.1925008851226673
2023-12-06 05:00:00+00:00,1.1774050210554965
2023-12-06 06:00:00+00:00,1.1507034037791593
2023-12-06 07:00:00+00:00,1.1621717734577308
2023-12-06 08:00:00+00:00,1.1749913756941384
2023-12-06 09:00:00+00:00,1.1793101165995183
2023-12-06 10:00:00+00:00,1.1762282612419521
2023-12-06 11:00:00+00:00,1.1838981907044202
2023-12-06 12:00:00+00:00,1.1729202215415173
2023-12-06 13:00:00+00:00,1.168464817948854
2023-12-06 14:00:00+00:00,1.1745536374802712
2023-12-06 15:00:00+00:00,1.179793598499533
2023-12-06 16:00:00+00:00,1.1819343871748622
2023-12-06 17:00:00+00:00,1.193761244756048
2023-12-06 18:00:00+00:00,1.201008909782991
2023-12-06 19:00:00+00:00,1.1992821311999389
2023-12-06 20:00:00+00:00,1.2053282844040258
2023-12-06 21:00:00+00:00,1.2043202937195048
2023-12-06 22:00:00+00:00,1.203962821512951
2023-12-06 23:00:00+00:00,1.2020937348755745
2023-12-07 00:00:00+00:00,1.2065381863576483
2023-12-07 01:00:00+00:00,1.2030046639938081
2023-12-07 02:00:00+00:00,1.2042216916771058
2023-12-07 03:00:00+00:00,1.2059537960810989
2023-12-07 04:00:00+00:00,1.212881513729439
2023-12-07 05:00:00+00:00,1.211995078987862
2023-12-07 06:00:00+00:00,1.2150510634857814
2023-12-07 07:00:00+00:00,1.214494017169127
2023-12-07 08:00:00+00:00,1.2246050514063134
2023-12-07 09:00:00+00:00,1.2261128366668128
2023-12-07 10:00:00+00:00,1.2248504347207876
2023-12-07 11:00:00+00:00,1.2246922203691484
2023-12-07 12:00:00+00:00,1.2245551684753246
2023-12-07 13:00:00+00:00,1.2238127507136296
2023-12-07 14:00:00+00:00,1.2245868252033971
2023-12-07 15:00:00+00:00,1.2426416687805972
2023-12-07 16:00:00+00:00,1.2484918449249165
2023-12-07 17:00:00+00:00,1.2383000162152231
2023-12-07 18:00:00+00:00,1.2471866444603026
2023-12-07 19:00:00+00:00,1.2440067834572088
2023-12-07 20:00:00+00:00,1.2450789397011184
2023-12-07 21:00:00+00:00,1.2522134841286385
2023-12-07 22:00:00+00:00,1.2545924197795537
2023-12-07 23:00:00+00:00,1.2544783747898802
2023-12-08 00:00:00+00:00,1.2549269838090784
2023-12-08 01:00:00+00:00,1.2486771336534577
2023-12-08 02:00:00+00:00,1.2435960953372693
2023-12-08 03:00:00+00:00,1.2520571549997443
2023-12-08 04:00:00+00:00,1.2514210647505788
2023-12-08 05:00:00+00:00,1.251765417101411
2023-12-08 06:00:00+00:00,1.2503794103464028
2023-12-08 07:00:00+00:00,1.2614737591210652
2023-12-08 08:00:00+00:00,1.2611412668885118
2023-12-08 09:00:00+00:00,1.259940712286477
2023-12-08 10:00:00+00:00,1.2592697293250705
2023-12-08 11:00:00+00:00,1.2483305672409977
2023-12-08 12:00:00+00:00,1.251069072459847
2023-12-08 13:00:00+00:00,1.258216251992615
2023-12-08 14:00:00+00:00,1.262122677623884
2023-12-08 15:00:00+00:00,1.2604451783973214
2023-12-08 16:00:00+00:00,1.258482748850245
2023-12-08 17:00:00+00:00,1.2582025816820208
2023-12-08 18:00:00+00:00,1.255656926944589
2023-12-08 19:00:00+00:00,1.2564528087604045
2023-12-08 20:00:00+00:00,1.2499121390420478
2023-12-08 21:00:00+00:00,1.2520729798745838
2023-12-08 22:00:00+00:00,1.252431897541149
2023-12-08 23:00:00+00:00,1.2538546414195326
2023-12-09 00:00:00+00:00,1.2385863490715563
2023-12-09 01:00:00+00:00,1.2393093521930225
2023-12-09 02:00:00+00:00,1.2350297930455063
2023-12-09 03:00:00+00:00,1.2355115947223978
2023-12-09 04:00:00+00:00,1.232596058097568
2023-12-09 05:00:00+00:00,1.2388723515143767
2023-12-09 06:00:00+00:00,1.2428266542593964
2023-12-09 07:00:00+00:00,1.227862190082401
2023-12-09 08:00:00+00:00,1.2307831512851655
2023-12-09 09:00:00+00:00,1.231389114013158
2023-12-09 10:00:00+00:00,1.2266031551655119
2023-12-09 11:00:00+00:00,1.2243598338391473
2023-12-09 12:00:00+00:00,1.225041626626412
2023-12-09 13:00:00+00:00,1.228941697131459
2023-12-09 14:00:00+00:00,1.231581588072825
2023-12-09 15:00:00+00:00,1.2335016524749278
2023-12-09 16:00:00+00:00,1.245819834636079
2023-12-09 17:00:00+00:00,1.2548307886348302
2023-12-09 18:00:00+00:00,1.249517451811331
2023-12-09 19:00:00+00:00,1.2471765417197525
2023-12-09 20:00:00+00:00,1.2523039296265965
2023-12-09 21:00:00+00:00,1.2526852163556865
2023-12-09 22:00:00+00:00,1.2575157517873665
2023-12-09 23:00:00+00:00,1.2566182472171832
2023-12-10 00:00:00+00:00,1.2466202095235759
2023-12-10 01:00:00+00:00,1.2446721870804764
2023-12-10 02:00:00+00:00,1.249079553905192
2023-12-10 03:00:00+00:00,1.2478093580985596
2023-12-10 04:00:00+00:00,1.2408780693029688
2023-12-10 05:00:00+00:00,1.241643335852042
2023-12-10 06:00:00+00:00,1.2437921713551054
2023-12-10 07:00:00+00:00,1.2496280603702468
2023-12-10 08:00:00+00:00,1.2523039963254008
2023-12-10 09:00:00+00:00,1.2527773979944714
2023-12-10 10:00:00+00:00,1.250110625813165
2023-12-10 11:00:00+00:00,1.2482044496725229
2023-12-10 12:00:00+00:00,1.245337656340118
2023-12-10 13:00:00+00:00,1.2451616069640647
2023-12-10 14:00:00+00:00,1.2406427132699844
2023-12-10 15:00:00+00:00,1.2420215098754124
2023-12-10 16:00:00+00:00,1.2406751619496137
2023-12-10 17:00:00+00:00,1.241985583528862
2023-12-10 18:00:00+00:00,1.2369423711790728
2023-12-10 19:00:00+00:00,1.22711902157792
2023-12-10 20:00:00+00:00,1.2142781411487642
2023-12-10 21:00:00+00:00,1.2207715914921247
2023-12-10 22:00:00+00:00,1.21965976108331
2023-12-10 23:00:00+00:00,1.2172982643481527
2023-12-11 00:00:00+00:00,1.2201913485915592
2023-12-11 01:00:00+00:00,1.2205413226631328
2023-12-11 02:00:00+00:00,1.2133810024460019
2023-12-11 03:00:00+00:00,1.2023681312058379
2023-12-11 04:00:00+00:00,1.2075286753839232
2023-12-11 05:00:00+00:00,1.2107856750810346
2023-12-11 06:00:00+00:00,1.2134224507451816
2023-12-11 07:00:00+00:00,1.2113744371446107
2023-12-11 08:00:00+00:00,1.2107369319228911
2023-12-11 09:00:00+00:00,1.2098674540763994
2023-12-11 10:00:00+00:00,1.2092669973877663
2023-12-11 11:00:00+00:00,1.2085841719155708
2023-12-11 12:00:00+00:00,1.2113666862949228
2023-12-11 13:00:00+00:00,1.2121704576272572
2023-12-11 14:00:00+00:00,1.2128218659596897
2023-12-11 15:00:00+00:00,1.2090962547263375
2023-12-11 16:00:00+00:00,1.2051139525235133
2023-12-11 17:00:00+00:00,1.2063239562205161
2023-12-11 18:00:00+00:00,1.2042623330480087
2023-12-11 19:00:00+00:00,1.20207503441324
2023-12-11 20:00:00+00:00,1.202361776289979
2023-12-11 21:00:00+00:00,1.1870089720058299
2023-12-11 22:00:00+00:00,1.186760249111594
2023-12-11 23:00:00+00:00,1.1912839206836252
2023-12-12 00:00:00+00:00,1.1966327803579255
2023-12-12 01:00:00+00:00,1.1865039705503084
2023-12-12 02:00:00+00:00,1.164502948499888
2023-12-12 03:00:00+00:00,1.167242449294945
2023-12-12 04:00:00+00:00,1.1681213758616928
2023-12-12 05:00:00+00:00,1.160915267873491
2023-12-12 06:00:00+00:00,1.166983351750479
2023-12-12 07:00:00+00:00,1.1583862869753605
2023-12-12 08:00:00+00:00,1.1647990530481063
2023-12-12 09:00:00+00:00,1.1654597091972465
2023-12-12 10:00:00+00:00,1.1624015405580916
2023-12-12 11:00:00+00:00,1.1641450129976227
2023-12-12 12:00:00+00:00,1.165764901893155
2023-12-12 13:00:00+00:00,1.1723134095408374
2023-12-12 14:00:00+00:00,1.170086447760256
2023-12-12 15:00:00+00:00,1.1763273857635999
2023-12-12 16:00:00+00:00,1.1818258624422768
2023-12-12 17:00:00+00:00,1.1913815348905472
2023-12-12 18:00:00+00:00,1.185193065196233
2023-12-12 19:00:00+00:00,1.1879015789415484
2023-12-12 20:00:00+00:00,1.1890998592120077
2023-12-12 21:00:00+00:00,1.191849388998515
2023-12-12 22:00:00+00:00,1.194714817763501
2023-12-12 23:00:00+00:00,1.1924016109000215
2023-12-13 00:00:00+00:00,1.203487678945492
2023-12-13 01:00:00+00:00,1.2106732888993255
2023-12-13 02:00:00+00:00,1.212062341412042
2023-12-13 03:00:00+00:00,1.2087453032706148
2023-12-13 04:00:00+00:00,1.2085470224549748
2023-12-13 05:00:00+00:00,1.2172410849347206
2023-12-13 06:00:00+00:00,1.2215914796714138
2023-12-13 07:00:00+00:00,1.2154604647160807
2023-12-13 08:00:00+00:00,1.2121426097584465
2023-12-13 09:00:00+00:00,1.2112874949481816
2023-12-13 10:00:00+00:00,1.2114598964379188
2023-12-13 11:00:00+00:00,1.2018461947623222
2023-12-13 12:00:00+00:00,1.1997507935124376
2023-12-13 13:00:00+00:00,1.1831616946291286
2023-12-13 14:00:00+00:00,1.1868406480357023
2023-12-13 15:00:00+00:00,1.1834027244670602
2023-12-13 16:00:00+00:00,1.1906952264887096
2023-12-13 17:00:00+00:00,1.1914812455279042
2023-12-13 18:00:00+00:00,1.1931299453148732
2023-12-13 19:00:00+00:00,1.1792567198837058
2023-12-13 20:00:00+00:00,1.1829657588800908
2023-12-13 21:00:00+00:00,1.1848432183224173
2023-12-13 22:00:00+00:00,1.1832780090484867
2023-12-13 23:00:00+00:00,1.178979053862128
2023-12-14 00:00:00+00:00,1.1857309240779181
2023-12-14 01:00:00+00:00,1.1764616984793836
2023-12-14 02:00:00+00:00,1.178839603061404
2023-12-14 03:00:00+00:00,1.1847268598467857
2023-12-14 04:00:00+00:00,1.1863996733063669
2023-12-14 05:00:00+00:00,1.1925644211876074
2023-12-14 06:00:00+00:00,1.1895237733060295
2023-12-14 07:00:00+00:00,1.1922818347063382
2023-12-14 08:00:00+00:00,1.2015615700547715
2023-12-14 09:00:00+00:00,1.1991965114871566
2023-12-14 10:00:00+00:00,1.1976053811039282
2023-12-14 11:00:00+00:00,1.1914397722098364
2023-12-14 12:00:00+00:00,1.1988225968751829
2023-12-14 13:00:00+00:00,1.1993332798381784
2023-12-14 14:00:00+00:00,1.2014277000643474
2023-12-14 15:00:00+00:00,1.1974756123849066
2023-12-14 16:00:00+00:00,1.1963954369076382
2023-12-14 17:00:00+00:00,1.2035666706878423
2023-12-14 18:00:00+00:00,1.2011205169959194
2023-12-14 19:00:00+00:00,1.2037337598053215
2023-12-14 20:00:00+00:00,1.2018942440066511
2023-12-14 21:00:00+00:00,1.2035724466005122
2023-12-14 22:00:00+00:00,1.1961489832251275
2023-12-14 23:00:00+00:00,1.2000654525753716
2023-12-15 00:00:00+00:00,1.2009627227061648
2023-12-15 01:00:00+00:00,1.2008407531909202
2023-12-15 02:00:00+00:00,1.199192940378659
2023-12-15 03:00:00+00:00,1.195741807830042
2023-12-15 04:00:00+00:00,1.1985400676525941
2023-12-15 05:00:00+00:00,1.1938960716022524
2023-12-15 06:00:00+00:00,1.2008996091283735
2023-12-15 07:00:00+00:00,1.2006011573415014
2023-12-15 08:00:00+00:00,1.197866336025885
2023-12-15 09:00:00+00:00,1.1929370916675617
2023-12-15 10:00:00+00:00,1.1929154016500914
2023-12-15 11:00:00+00:00,1.188585501448535
2023-12-15 12:00:00+00:00,1.1929090520651533
2023-12-15 13:00:00+00:00,1.1958504409499715
2023-12-15 14:00:00+00:00,1.1917529167706944
2023-12-15 15:00:00+00:00,1.1904260809160598
2023-12-15 16:00:00+00:00,1.1950487938052854
2023-12-15 17:00:00+00:00,1.1945523607665027
2023-12-15 18:00:00+00:00,1.1897302331691488
2023-12-15 19:00:00+00:00,1.1915101173633518
2023-12-15 20:00:00+00:00,1.1920332150199682
2023-12-15 21:00:00+00:00,1.1864296316041905
2023-12-15 22:00:00+00:00,1.1874331852327287
2023-12-15 23:00:00+00:00,1.1878011689981147
2023-12-16 00:00:00+00:00,1.1941422903741188
2023-12-16 01:00:00+00:00,1.1904161436903624
2023-12-16 02:00:00+00:00,1.1892094257602823
2023-12-16 03:00:00+00:00,1.186609014840605
2023-12-16 04:00:00+00:00,1.1832097474806285
2023-12-16 05:00:00+00:00,1.1818051960090927
2023-12-16 06:00:00+00:00,1.1834542720483137
2023-12-16 07:00:00+00:00,1.1809559311403786
2023-12-16 08:00:00+00:00,1.1809813609526432
2023-12-16 09:00:00+00:00,1.1817766480215273
2023-12-16 10:00:00+00:00,1.179723942955055
2023-12-16 11:00:00+00:00,1.1724516187079281
2023-12-16 12:00:00+00:00,1.1751609509415648
2023-12-16 13:00:00+00:00,1.1725632210571297
2023-12-16 14:00:00+00:00,1.1729484479297005
2023-12-16 15:00:00+00:00,1.1667741104959461
2023-12-16 16:00:00+00:00,1.1645669033777364
2023-12-16 17:00:00+00:00,1.1697306301059185
2023-12-16 18:00:00+00:00,1.1742789801671454
2023-12-16 19:00:00+00:00,1.1846804915235594
2023-12-16 20:00:00+00:00,1.182139851871309
2023-12-16 21:00:00+00:00,1.183748917210355
2023-12-16 22:00:00+00:00,1.183248959768437
2023-12-16 23:00:00+00:00,1.1808493043556412
2023-12-17 00:00:00+00:00,1.1804264095804364
2023-12-17 01:00:00+00:00,1.1816532092952767
2023-12-17 02:00:00+00:00,1.1779032587196154
2023-12-17 03:00:00+00:00,1.1717120220081405
2023-12-17 04:00:00+00:00,1.1715570214852058
2023-12-17 05:00:00+00:00,1.179500618366759
2023-12-17 06:00:00+00:00,1.1819349822078666
2023-12-17 07:00:00+00:00,1.189559123127918
2023-12-17 08:00:00+00:00,1.184139143405925
2023-12-17 09:00:00+00:00,1.184125401361889
2023-12-17 10:00:00+00:00,1.1863708442982264
2023-12-17 11:00:00+00:00,1.1899325654140163
2023-12-17 12:00:00+00:00,1.1950498314475997
2023-12-17 13:00:00+00:00,1.1990487539650205
2023-12-17 14:00:00+00:00,1.2020945061327175
2023-12-17 15:00:00+00:00,1.1979047526464133
2023-12-17 16:00:00+00:00,1.1970536913804266
2023-12-17 17:00:00+00:00,1.198221670275641
2023-12-17 18:00:00+00:00,1.2008402381070173
2023-12-17 19:00:00+00:00,1.2006075495853674
2023-12-17 20:00:00+00:00,1.2052079290804822
2023-12-17 21:00:00+00:00,1.2044078365553863
2023-12-17 22:00:00+00:00,1.20782943725529
2023-12-17 23:00:00+00:00,1.2026841897418352
2023-12-18 00:00:00+00:00,1.1986608946424238
2023-12-18 01:00:00+00:00,1.2005739806305145
2023-12-18 02:00:00+00:00,1.2010045199381238
2023-12-18 03:00:00+00:00,1.202120973778229
2023-12-18 04:00:00+00:00,1.218133638297694
2023-12-18 05:00:00+00:00,1.2199929154204294
2023-12-18 06:00:00+00:00,1.217368609034482
2023-12-18 07:00:00+00:00,1.225489210159877
2023-12-18 08:00:00+00:00,1.2401585852787127
2023-12-18 09:00:00+00:00,1.2474117527190023
2023-12-18 10:00:00+00:00,1.2495596728169813
2023-12-18 11:00:00+00:00,1.2466452206571277
2023-12-18 12:00:00+00:00,1.2494004175230096
2023-12-18 13:00:00+00:00,1.2457051880364625
2023-12-18 14:00:00+00:00,1.2493428814850838
2023-12-18 15:00:00+00:00,1.2465175417319683
2023-12-18 16:00:00+00:00,1.2461335989121394
2023-12-18 17:00:00+00:00,1.2469354417075658
2023-12-18 18:00:00+00:00,1.2465938100582152
2023-12-18 19:00:00+00:00,1.2439205676582985
2023-12-18 20:00:00+00:00,1.2459446639806355
2023-12-18 21:00:00+00:00,1.2474660106114062
2023-12-18 22:00:00+00:00,1.2451497123919748
2023-12-18 23:00:00+00:00,1.2430925830893766
2023-12-19 00:00:00+00:00,1.245579670101885
2023-12-19 01:00:00+00:00,1.246746708660063
2023-12-19 02:00:00+00:00,1.250771360045138
2023-12-19 03:00:00+00:00,1.2517340641882457
2023-12-19 04:00:00+00:00,1.2521484321082517
2023-12-19 05:00:00+00:00,1.2516123831612471
2023-12-19 06:00:00+00:00,1.2488421234516809
2023-12-19 07:00:00+00:00,1.2494092021793262
2023-12-19 08:00:00+00:00,1.2514813850096658
2023-12-19 09:00:00+00:00,1.2529533034519256
2023-12-19 10:00:00+00:00,1.2568904392734066
2023-12-19 11:00:00+00:00,1.2510607255752457
2023-12-19 12:00:00+00:00,1.253543708225074
2023-12-19 13:00:00+00:00,1.2533917211436856
2023-12-19 14:00:00+00:00,1.253013771935152
2023-12-19 15:00:00+00:00,1.252372503508253
2023-12-19 16:00:00+00:00,1.246936649871632
2023-12-19 17:00:00+00:00,1.250006534616558
2023-12-19 18:00:00+00:00,1.2463540716945276
2023-12-19 19:00:00+00:00,1.2538193759845688
2023-12-19 20:00:00+00:00,1.256042108255198
2023-12-19 21:00:00+00:00,1.2513413246541008
2023-12-19 22:00:00+00:00,1.2535179260938563
2023-12-19 23:00:00+00:00,1.2561413611199497
2023-12-20 00:00:00+00:00,1.2547822296304283
2023-12-20 01:00:00+00:00,1.2571506112277473
2023-12-20 02:00:00+00:00,1.2530736684445536
2023-12-20 03:00:00+00:00,1.2551890071297547
2023-12-20 04:00:00+00:00,1.2499534605701987
2023-12-20 05:00:00+00:00,1.2453196937335174
2023-12-20 06:00:00+00:00,1.2478721432629456
2023-12-20 07:00:00+00:00,1.2454463821794728
2023-12-20 08:00:00+00:00,1.2514944509842483
2023-12-20 09:00:00+00:00,1.2482560394643205
2023-12-20 10:00:00+00:00,1.2462142313594686
2023-12-20 11:00:00+00:00,1.2447806758493316
2023-12-20 12:00:00+00:00,1.2431374370725456
2023-12-20 13:00:00+00:00,1.2589958367526954
2023-12-20 14:00:00+00:00,1.2631788737855785
2023-12-20 15:00:00+00:00,1.2504184167511057
2023-12-20 16:00:00+00:00,1.2425441274997333
2023-12-20 17:00:00+00:00,1.2304393610030073
2023-12-20 18:00:00+00:00,1.233074110121266
2023-12-20 19:00:00+00:00,1.240114883747895
2023-12-20 20:00:00+00:00,1.2445027905033712
2023-12-20 21:00:00+00:00,1.2345563260999555
2023-12-20 22:00:00+00:00,1.237168962379195
2023-12-20 23:00:00+00:00,1.2392040120777565
2023-12-21 00:00:00+00:00,1.2447319820460285
2023-12-21 01:00:00+00:00,1.2625616218696538
2023-12-21 02:00:00+00:00,1.2610501867204602
2023-12-21 03:00:00+00:00,1.2630565568109753
2023-12-21 04:00:00+00:00,1.2570814192620314
2023-12-21 05:00:00+00:00,1.255970946016088
2023-12-21 06:00:00+00:00,1.2515954025774694
2023-12-21 07:00:00+00:00,1.2425783441457172
2023-12-21 08:00:00+00:00,1.221755655107573
2023-12-21 09:00:00+00:00,1.2221765237575881
2023-12-21 10:00:00+00:00,1.2276582440146238
2023-12-21 11:00:00+00:00,1.2338383681280243
2023-12-21 12:00:00+00:00,1.2347176755640576
2023-12-21 13:00:00+00:00,1.2254131022920085
2023-12-21 14:00:00+00:00,1.227536629705011
2023-12-21 15:00:00+00:00,1.2265515865345276
2023-12-21 16:00:00+00:00,1.2206927649962795
2023-12-21 17:00:00+00:00,1.2027251534624157
2023-12-21 18:00:00+00:00,1.1976074470937899
2023-12-21 19:00:00+00:00,1.1912779860510823
2023-12-21 20:00:00+00:00,1.198537293608428
2023-12-21 21:00:00+00:00,1.2057720455367777
2023-12-21 22:00:00+00:00,1.2001644943281136
2023-12-21 23:00:00+00:00,1.1993011122157173
2023-12-22 00:00:00+00:00,1.2022055978910209
2023-12-22 01:00:00+00:00,1.1867698179073556
2023-12-22 02:00:00+00:00,1.183697916531722
2023-12-22 03:00:00+00:00,1.1935251333315129
2023-12-22 04:00:00+00:00,1.203252354056312
2023-12-22 05:00:00+00:00,1.2011590769155962
2023-12-22 06:00:00+00:00,1.213422150372918
2023-12-22 07:00:00+00:00,1.2037211574330737
2023-12-22 08:00:00+00:00,1.202137163565447
2023-12-22 09:00:00+00:00,1.2033218258020824
2023-12-22 10:00:00+00:00,1.198080532821876
2023-12-22 11:00:00+00:00,1.1936332239619063
2023-12-22 12:00:00+00:00,1.1899465235735975
2023-12-22 13:00:00+00:00,1.194404104200242
2023-12-22 14:00:00+00:00,1.1943564587939137
2023-12-22 15:00:00+00:00,1.1851126324044194
2023-12-22 16:00:00+00:00,1.1923633039422612
2023-12-22 17:00:00+00:00,1.1845915475194908
2023-12-22 18:00:00+00:00,1.1791338834679952
2023-12-22 19:00:00+00:00,1.1783017576273789
2023-12-22 20:00:00+00:00,1.17322104777496
2023-12-22 21:00:00+00:00,1.1724112578608525
2023-12-22 22:00:00+00:00,1.1723282071161674
2023-12-22 23:00:00+00:00,1.1667111191504258
2023-12-23 00:00:00+00:00,1.1799208516714328
2023-12-23 01:00:00+00:00,1.1808328394759806
2023-12-23 02:00:00+00:00,1.1782172580871062
2023-12-23 03:00:00+00:00,1.1836739596155799
2023-12-23 04:00:00+00:00,1.1835953266167234
2023-12-23 05:00:00+00:00,1.186243120901234
2023-12-23 06:00:00+00:00,1.1783779591081192
2023-12-23 07:00:00+00:00,1.1829792447158471
2023-12-23 08:00:00+00:00,1.1764990722035134
2023-12-23 09:00:00+00:00,1.179608824839705
2023-12-23 10:00:00+00:00,1.1859425728051192
2023-12-23 11:00:00+00:00,1.1848142831135795
2023-12-23 12:00:00+00:00,1.186308696633399
2023-12-23 13:00:00+00:00,1.1915088255358435
2023-12-23 14:00:00+00:00,1.1822939942081347
2023-12-23 15:00:00+00:00,1.193671735910496
2023-12-23 16:00:00+00:00,1.1825656986403479
2023-12-23 17:00:00+00:00,1.1781980796543239
2023-12-23 18:00:00+00:00,1.1635655902163313
2023-12-23 19:00:00+00:00,1.1644769257114123
2023-12-23 20:00:00+00:00,1.165085909081597
2023-12-23 21:00:00+00:00,1.1660233660136894
2023-12-23 22:00:00+00:00,1.146101385304981
2023-12-23 23:00:00+00:00,1.1326266256425994
2023-12-24 00:00:00+00:00,1.1365026429266478
2023-12-24 01:00:00+00:00,1.1276466392609412
2023-12-24 02:00:00+00:00,1.1316620023110804
2023-12-24 03:00:00+00:00,1.115472551735561
2023-12-24 04:00:00+00:00,1.1116838378112206
2023-12-24 05:00:00+00:00,1.1083583323538746
2023-12-24 06:00:00+00:00,1.1175916900544312
2023-12-24 07:00:00+00:00,1.1510953745916208
2023-12-24 08:00:00+00:00,1.1096989241143715
2023-12-24 09:00:00+00:00,1.1301739427211908
2023-12-24 10:00:00+00:00,1.1329244506469158
2023-12-24 11:00:00+00:00,1.1354924976003014
2023-12-24 12:00:00+00:00,1.132925390748268
2023-12-24 13:00:00+00:00,1.1356630652822988
2023-12-24 14:00:00+00:00,1.1542058704997362
2023-12-24 15:00:00+00:00,1.1597582631560592
2023-12-24 16:00:00+00:00,1.1562499458381554
2023-12-24 17:00:00+00:00,1.1706807713381056
2023-12-24 18:00:00+00:00,1.1604037237668885
2023-12-24 19:00:00+00:00,1.1702266530122079
2023-12-24 20:00:00+00:00,1.1705677982954963
2023-12-24 21:00:00+00:00,1.1647887295360408
2023-12-24 22:00:00+00:00,1.157994332950383
2023-12-24 23:00:00+00:00,1.1571660081574604
2023-12-25 00:00:00+00:00,1.1730484766183202
2023-12-25 01:00:00+00:00,1.165014347263669
2023-12-25 02:00:00+00:00,1.1760140742904963
2023-12-25 03:00:00+00:00,1.176136560561486
2023-12-25 04:00:00+00:00,1.1708472118528315
2023-12-25 05:00:00+00:00,1.1681818585869657
2023-12-25 06:00:00+00:00,1.1703067696437994
2023-12-25 07:00:00+00:00,1.170356676353781
2023-12-25 08:00:00+00:00,1.174079617299158
2023-12-25 09:00:00+00:00,1.1923704210671757
2023-12-25 10:00:00+00:00,1.1880166297691828
2023-12-25 11:00:00+00:00,1.1914695611335056
2023-12-25 12:00:00+00:00,1.1881245615871945
2023-12-25 13:00:00+00:00,1.1837156767575125
2023-12-25 14:00:00+00:00,1.1786023261444327
2023-12-25 15:00:00+00:00,1.1672912698740527
2023-12-25 16:00:00+00:00,1.1661429272547246
2023-12-25 17:00:00+00:00,1.1505120650553768
2023-12-25 18:00:00+00:00,1.1519192396857312
2023-12-25 19:00:00+00:00,1.1502071266372584
2023-12-25 20:00:00+00:00,1.15877455841607
2023-12-25 21:00:00+00:00,1.1606777258840453
2023-12-25 22:00:00+00:00,1.1643232721521384
2023-12-25 23:00:00+00:00,1.1619763244749326
2023-12-26 00:00:00+00:00,1.1580228864912363
2023-12-26 01:00:00+00:00,1.1646501723216542
2023-12-26 02:00:00+00:00,1.1611630388001373
2023-12-26 03:00:00+00:00,1.160717797139221
2023-12-26 04:00:00+00:00,1.1477298865887442
2023-12-26 05:00:00+00:00,1.1568014843118073
2023-12-26 06:00:00+00:00,1.165171582230257
2023-12-26 07:00:00+00:00,1.1587823372380663
2023-12-26 08:00:00+00:00,1.1547640843594345
2023-12-26 09:00:00+00:00,1.1496649036678086
2023-12-26 10:00:00+00:00,1.1440403673425814
2023-12-26 11:00:00+00:00,1.1528849872360272
2023-12-26 12:00:00+00:00,1.1528782177024455
2023-12-26 13:00:00+00:00,1.1559783951243785
2023-12-26 14:00:00+00:00,1.1668636327912456
2023-12-26 15:00:00+00:00,1.1720836273235595
2023-12-26 16:00:00+00:00,1.1735041339802905
2023-12-26 17:00:00+00:00,1.1924132837935761
2023-12-26 18:00:00+00:00,1.1907916305662165
2023-12-26 19:00:00+00:00,1.177484157594298
2023-12-26 20:00:00+00:00,1.1730745354519074
2023-12-26 21:00:00+00:00,1.1737766887784495
2023-12-26 22:00:00+00:00,1.1678795779193154
2023-12-26 23:00:00+00:00,1.1741232394430314
2023-12-27 00:00:00+00:00,1.1698566249087
2023-12-27 01:00:00+00:00,1.1672606308587405
2023-12-27 02:00:00+00:00,1.1842824732991575
2023-12-27 03:00:00+00:00,1.1921677155651813
2023-12-27 04:00:00+00:00,1.1926183678382318
2023-12-27 05:00:00+00:00,1.1965956890187204
2023-12-27 06:00:00+00:00,1.1949567802010268
2023-12-27 07:00:00+00:00,1.2052233529113696
2023-12-27 08:00:00+00:00,1.2025885661821616
2023-12-27 09:00:00+00:00,1.2115199963607877
2023-12-27 10:00:00+00:00,1.212268370107811
2023-12-27 11:00:00+00:00,1.2030494397078875
2023-12-27 12:00:00+00:00,1.2056827650682653
2023-12-27 13:00:00+00:00,1.191671471112101
2023-12-27 14:00:00+00:00,1.1909373098223077
2023-12-27 15:00:00+00:00,1.1883750867919887
2023-12-27 16:00:00+00:00,1.1828327357156232
2023-12-27 17:00:00+00:00,1.1872595360813845
2023-12-27 18:00:00+00:00,1.1891743114107223
2023-12-27 19:00:00+00:00,1.1903832194980446
2023-12-27 20:00:00+00:00,1.1997740567878232
2023-12-27 21:00:00+00:00,1.195884429400477
2023-12-27 22:00:00+00:00,1.2057404516490984
2023-12-27 23:00:00+00:00,1.2052402357743675
2023-12-28 00:00:00+00:00,1.188012851289262
2023-12-28 01:00:00+00:00,1.1834333898783054
2023-12-28 02:00:00+00:00,1.1797488053317255
2023-12-28 03:00:00+00:00,1.1913780101091123
2023-12-28 04:00:00+00:00,1.1906870270763827
2023-12-28 05:00:00+00:00,1.1949397190814384
2023-12-28 06:00:00+00:00,1.1998566274697848
2023-12-28 07:00:00+00:00,1.1905844576449403
2023-12-28 08:00:00+00:00,1.1912277718723712
2023-12-28 09:00:00+00:00,1.191606688072973
2023-12-28 10:00:00+00:00,1.1877003647160307
2023-12-28 11:00:00+00:00,1.1853323125510706
2023-12-28 12:00:00+00:00,1.193768149718859
2023-12-28 13:00:00+00:00,1.1919006800472232
2023-12-28 14:00:00+00:00,1.2047468293025692
2023-12-28 15:00:00+00:00,1.2005942905980032
2023-12-28 16:00:00+00:00,1.200878082897391
2023-12-28 17:00:00+00:00,1.2023207935770481
2023-12-28 18:00:00+00:00,1.20567280192864
2023-12-28 19:00:00+00:00,1.2049160152092226
2023-12-28 20:00:00+00:00,1.2090001419972118
2023-12-28 21:00:00+00:00,1.213206389530988
2023-12-28 22:00:00+00:00,1.2125076520279343
2023-12-28 23:00:00+00:00,1.2205293127165988
2023-12-29 00:00:00+00:00,1.2249053518547346
2023-12-29 01:00:00+00:00,1.2330162706074868
2023-12-29 02:00:00+00:00,1.2408267408803209
2023-12-29 03:00:00+00:00,1.2404004498771817
2023-12-29 04:00:00+00:00,1.2368363932515014
2023-12-29 05:00:00+00:00,1.2370068772619478
2023-12-29 06:00:00+00:00,1.234361038215933
2023-12-29 07:00:00+00:00,1.2471755308636476
2023-12-29 08:00:00+00:00,1.2494982770984089
2023-12-29 09:00:00+00:00,1.2464264544052335
2023-12-29 10:00:00+00:00,1.2577770779343385
2023-12-29 11:00:00+00:00,1.2501210246396763
2023-12-29 12:00:00+00:00,1.2531394933534707
2023-12-29 13:00:00+00:00,1.2594384858066419
2023-12-29 14:00:00+00:00,1.2551721818087174
2023-12-29 15:00:00+00:00,1.2691438919469267
2023-12-29 16:00:00+00:00,1.2830915913960508
2023-12-29 17:00:00+00:00,1.2924991846729528
2023-12-29 18:00:00+00:00,1.2960144482678249
2023-12-29 19:00:00+00:00,1.2945963380210184
2023-12-29 20:00:00+00:00,1.2936351348703834
2023-12-29 21:00:00+00:00,1.29874633095917
2023-12-29 22:00:00+00:00,1.298905780047641
2023-12-29 23:00:00+00:00,1.284739877713239
2023-12-30 00:00:00+00:00,1.2879812127804229
2023-12-30 01:00:00+00:00,1.290190150561907
2023-12-30 02:00:00+00:00,1.2941538155003773
2023-12-30 03:00:00+00:00,1.29368716615365
2023-12-30 04:00:00+00:00,1.2914522845767387
2023-12-30 05:00:00+00:00,1.2888882544715174
2023-12-30 06:00:00+00:00,1.2868522170373675
2023-12-30 07:00:00+00:00,1.2997371931410988
2023-12-30 08:00:00+00:00,1.3011633773883082
2023-12-30 09:00:00+00:00,1.3028729507496142
2023-12-30 10:00:00+00:00,1.3032335329646632
2023-12-30 11:00:00+00:00,1.303197139518574
2023-12-30 12:00:00+00:00,1.3049280546220963
2023-12-30 13:00:00+00:00,1.3116039209637116
2023-12-30 14:00:00+00:00,1.3058857035449425
2023-12-30 15:00:00+00:00,1.3026068163100526
2023-12-30 16:00:00+00:00,1.3002932114719121
2023-12-30 17:00:00+00:00,1.301764865596567
2023-12-30 18:00:00+00:00,1.300723635757442
2023-12-30 19:00:00+00:00,1.306367834644406
2023-12-30 20:00:00+00:00,1.3046933350392975
2023-12-30 21:00:00+00:00,1.3034430718211476
2023-12-30 22:00:00+00:00,1.3063237707674236
2023-12-30 23:00:00+00:00,1.3069969373337178
2023-12-31 00:00:00+00:00,1.2968965389763232
2023-12-31 01:00:00+00:00,1.2918734684913311
2023-12-31 02:00:00+00:00,1.2956770780853477
2023-12-31 03:00:00+00:00,1.2928627740654022
2023-12-31 04:00:00+00:00,1.2890977553259726
2023-12-31 05:00:00+00:00,1.293204833568371
2023-12-31 06:00:00+00:00,1.2907182584019734
2023-12-31 07:00:00+00:00,1.2939535944782437
2023-12-31 08:00:00+00:00,1.2941645030342013
2023-12-31 09:00:00+00:00,1.2913469907782862
2023-12-31 10:00:00+00:00,1.2880693305823494
2023-12-31 11:00:00+00:00,1.2766186728885505
2023-12-31 12:00:00+00:00,1.2783144459530622
2023-12-31 13:00:00+00:00,1.280480201546939
2023-12-31 14:00:00+00:00,1.2839210451512229
2023-12-31 15:00:00+00:00,1.2879002389190592
2023-12-31 16:00:00+00:00,1.2893049820781406
2023-12-31 17:00:00+00:00,1.2931077232814212
2023-12-31 18:00:00+00:00,1.286982460484412
2023-12-31 19:00:00+00:00,1.2859609531703726
2023-12-31 20:00:00+00:00,1.2905794610308008
2023-12-31 21:00:00+00:00,1.2878482422818307
2023-12-31 22:00:00+00:00,1.2953543709004636
2023-12-31 23:00:00+00:00,1.2941358676350254
2024-01-01 00:00:00+00:00,1.2948575403664009
2024-01-01 01:00:00+00:00,1.290359279151503
2024-01-01 02:00:00+00:00,1.2929083477792012
2024-01-01 03:00:00+00:00,1.3043253208467867
2024-01-01 04:00:00+00:00,1.3028806632465582
2024-01-01 05:00:00+00:00,1.3025151406903714
2024-01-01 06:00:00+00:00,1.304868301762771
2024-01-01 07:00:00+00:00,1.3046511602731983
2024-01-01 08:00:00+00:00,1.3059585140787942
2024-01-01 09:00:00+00:00,1.3000349999317542
2024-01-01 10:00:00+00:00,1.2984721027345267
2024-01-01 11:00:00+00:00,1.299278862611656
2024-01-01 12:00:00+00:00,1.2992993864074776
2024-01-01 13:00:00+00:00,1.3016093631606578
2024-01-01 14:00:00+00:00,1.3074616960447012
2024-01-01 15:00:00+00:00,1.3004061463607055
2024-01-01 16:00:00+00:00,1.2984261891760691
2024-01-01 17:00:00+00:00,1.300712851306694
2024-01-01 18:00:00+00:00,1.2785477905766993
2024-01-01 19:00:00+00:00,1.269992434093661
2024-01-01 20:00:00+00:00,1.2778483493432398
2024-01-01 21:00:00+00:00,1.2803471100300958
2024-01-01 22:00:00+00:00,1.2794457480827397
2024-01-01 23:00:00+00:00,1.2853965482790943
2024-01-02 00:00:00+00:00,1.293653487268799
2024-01-02 01:00:00+00:00,1.2987966871145058
2024-01-02 02:00:00+00:00,1.2947636452647395
2024-01-02 03:00:00+00:00,1.2982463860216866
2024-01-02 04:00:00+00:00,1.2864371692375332
2024-01-02 05:00:00+00:00,1.2940144070548092
2024-01-02 06:00:00+00:00,1.2913337031539978
2024-01-02 07:00:00+00:00,1.2899976046276513
2024-01-02 08:00:00+00:00,1.2728780624413134
2024-01-02 09:00:00+00:00,1.2772144507456764
2024-01-02 10:00:00+00:00,1.2799242350685
2024-01-02 11:00:00+00:00,1.2849942363459128
2024-01-02 12:00:00+00:00,1.2845473675604582
2024-01-02 13:00:00+00:00,1.28518008019807
2024-01-02 14:00:00+00:00,1.2687809132491665
2024-01-02 15:00:00+00:00,1.280052552431856
2024-01-02 16:00:00+00:00,1.2805544292433717
2024-01-02 17:00:00+00:00,1.2835078674047122
2024-01-02 18:00:00+00:00,1.2845062054928134
2024-01-02 19:00:00+00:00,1.2846803121144286
2024-01-02 20:00:00+00:00,1.2872806787224638
2024-01-02 21:00:00+00:00,1.2829752343255987
2024-01-02 22:00:00+00:00,1.2695712570737028
2024-01-02 23:00:00+00:00,1.2719159444645762
2024-01-03 00:00:00+00:00,1.272255148652475
2024-01-03 01:00:00+00:00,1.2524430920987804
2024-01-03 02:00:00+00:00,1.2535302843575475
2024-01-03 03:00:00+00:00,1.2555406425053632
2024-01-03 04:00:00+00:00,1.2568456547349947
2024-01-03 05:00:00+00:00,1.255974243490076
2024-01-03 06:00:00+00:00,1.2555759161570392
2024-01-03 07:00:00+00:00,1.2634862277645447
2024-01-03 08:00:00+00:00,1.2610988454728316
2024-01-03 09:00:00+00:00,1.255145691774964
2024-01-03 10:00:00+00:00,1.2540630660820389
2024-01-03 11:00:00+00:00,1.2558329279760407
2024-01-03 12:00:00+00:00,1.2196186284442687
2024-01-03 13:00:00+00:00,1.24238626146302
2024-01-03 14:00:00+00:00,1.2420898924572166
2024-01-03 15:00:00+00:00,1.2384235608620844
2024-01-03 16:00:00+00:00,1.2198576531595344
2024-01-03 17:00:00+00:00,1.2215109738882866
2024-01-03 18:00:00+00:00,1.227282325632189
2024-01-03 19:00:00+00:00,1.224970786021852
2024-01-03 20:00:00+00:00,1.2326689587252957
2024-01-03 21:00:00+00:00,1.233069821022782
2024-01-03 22:00:00+00:00,1.2350293498210554
2024-01-03 23:00:00+00:00,1.2364223024709928
2024-01-04 00:00:00+00:00,1.2361107202957429
2024-01-04 01:00:00+00:00,1.2410366551259782
2024-01-04 02:00:00+00:00,1.2399153423839735
2024-01-04 03:00:00+00:00,1.237731707537472
2024-01-04 04:00:00+00:00,1.2254042840328352
2024-01-04 05:00:00+00:00,1.2270220226455062
2024-01-04 06:00:00+00:00,1.2290986171734237
2024-01-04 07:00:00+00:00,1.2340060648239641
2024-01-04 08:00:00+00:00,1.2353979360256933
2024-01-04 09:00:00+00:00,1.237990332369906
2024-01-04 10:00:00+00:00,1.2420299366330296
2024-01-04 11:00:00+00:00,1.2444974296812676
2024-01-04 12:00:00+00:00,1.2341704645848364
2024-01-04 13:00:00+00:00,1.2268927697455907
2024-01-04 14:00:00+00:00,1.2163839773506986
2024-01-04 15:00:00+00:00,1.2159743475202285
2024-01-04 16:00:00+00:00,1.2173817825917888
2024-01-04 17:00:00+00:00,1.2206296057890815
2024-01-04 18:00:00+00:00,1.2204355480343752
2024-01-04 19:00:00+00:00,1.2260218642291731
2024-01-04 20:00:00+00:00,1.2246877799639069
2024-01-04 21:00:00+00:00,1.231768578037079
2024-01-04 22:00:00+00:00,1.2356342931457152
2024-01-04 23:00:00+00:00,1.2390538957321062
2024-01-05 00:00:00+00:00,1.2403913507707303
2024-01-05 01:00:00+00:00,1.2342393535507667
2024-01-05 02:00:00+00:00,1.2280603117320503
2024-01-05 03:00:00+00:00,1.2381405534602759
2024-01-05 04:00:00+00:00,1.2376261375146327
2024-01-05 05:00:00+00:00,1.2426425538331327
2024-01-05 06:00:00+00:00,1.238324554001999
2024-01-05 07:00:00+00:00,1.2452531609967181
2024-01-05 08:00:00+00:00,1.2440785429943002
2024-01-05 09:00:00+00:00,1.2512650107437149
2024-01-05 10:00:00+00:00,1.2540838265302525
2024-01-05 11:00:00+00:00,1.247617391063573
2024-01-05 12:00:00+00:00,1.2483671870005324
2024-01-05 13:00:00+00:00,1.250657583178524
2024-01-05 14:00:00+00:00,1.245442913760377
2024-01-05 15:00:00+00:00,1.2615565224399232
2024-01-05 16:00:00+00:00,1.2694898241455423
2024-01-05 17:00:00+00:00,1.2705427159765874
2024-01-05 18:00:00+00:00,1.265864184178521
2024-01-05 19:00:00+00:00,1.2660468316042295
2024-01-05 20:00:00+00:00,1.2708113234766731
2024-01-05 21:00:00+00:00,1.2712851745593106
2024-01-05 22:00:00+00:00,1.2684358205155644
2024-01-05 23:00:00+00:00,1.264858147647756
2024-01-06 00:00:00+00:00,1.2637134840535684
2024-01-06 01:00:00+00:00,1.2779445530714757
2024-01-06 02:00:00+00:00,1.2837958017087014
2024-01-06 03:00:00+00:00,1.2845980288106635
2024-01-06 04:00:00+00:00,1.2843586738330273
2024-01-06 05:00:00+00:00,1.298844028159001
2024-01-06 06:00:00+00:00,1.2925836546519534
2024-01-06 07:00:00+00:00,1.2877570152324183
2024-01-06 08:00:00+00:00,1.2810648754998661
2024-01-06 09:00:00+00:00,1.2767677965050177
2024-01-06 10:00:00+00:00,1.2770255538963375
2024-01-06 11:00:00+00:00,1.277932179351901
2024-01-06 12:00:00+00:00,1.2776490524748494
2024-01-06 13:00:00+00:00,1.2766694829357974
2024-01-06 14:00:00+00:00,1.2795500787666152
2024-01-06 15:00:00+00:00,1.283170143739776
2024-01-06 16:00:00+00:00,1.287634459106299
2024-01-06 17:00:00+00:00,1.2849803919734433
2024-01-06 18:00:00+00:00,1.2838828801838138
2024-01-06 19:00:00+00:00,1.2942499657766708
2024-01-06 20:00:00+00:00,1.2896911266762316
2024-01-06 21:00:00+00:00,1.2891680362400189
2024-01-06 22:00:00+00:00,1.2901158940867954
2024-01-06 23:00:00+00:00,1.2904249229390623
2024-01-07 00:00:00+00:00,1.282871254909971
2024-01-07 01:00:00+00:00,1.2804451265384
2024-01-07 02:00:00+00:00,1.2771994655089627
2024-01-07 03:00:00+00:00,1.274991916903869
2024-01-07 04:00:00+00:00,1.2826600050588388
2024-01-07 05:00:00+00:00,1.2800173441133755
2024-01-07 06:00:00+00:00,1.2802689162869587
2024-01-07 07:00:00+00:00,1.2792228502943335
2024-01-07 08:00:00+00:00,1.2838475206472098
2024-01-07 09:00:00+00:00,1.2790145417693417
2024-01-07 10:00:00+00:00,1.283200126293997
2024-01-07 11:00:00+00:00,1.279712834837905
2024-01-07 12:00:00+00:00,1.2774136923973338
2024-01-07 13:00:00+00:00,1.2735781861041169
2024-01-07 14:00:00+00:00,1.2757525519012418
2024-01-07 15:00:00+00:00,1.2780009492450357
2024-01-07 16:00:00+00:00,1.2727151433805
2024-01-07 17:00:00+00:00,1.2732626499366775
2024-01-07 18:00:00+00:00,1.274189225640747
2024-01-07 19:00:00+00:00,1.2776688058345376
2024-01-07 20:00:00+00:00,1.2724419852872495
2024-01-07 21:00:00+00:00,1.2780488085437616
2024-01-07 22:00:00+00:00,1.2750240506599813
2024-01-07 23:00:00+00:00,1.2833391493331694
2024-01-08 00:00:00+00:00,1.3022658931212339
2024-01-08 01:00:00+00:00,1.3084393493340747
2024-01-08 02:00:00+00:00,1.3033205035482789
2024-01-08 03:00:00+00:00,1.311776202899151
2024-01-08 04:00:00+00:00,1.3111487724706785
2024-01-08 05:00:00+00:00,1.3110954375151638
2024-01-08 06:00:00+00:00,1.3084131363971134
2024-01-08 07:00:00+00:00,1.302692254919969
2024-01-08 08:00:00+00:00,1.2932883836469315
2024-01-08 09:00:00+00:00,1.30181953011938
2024-01-08 10:00:00+00:00,1.3054680590690766
2024-01-08 11:00:00+00:00,1.3099581258613138
2024-01-08 12:00:00+00:00,1.3023289613110016
2024-01-08 13:00:00+00:00,1.2830145518647584
2024-01-08 14:00:00+00:00,1.2946581317556696
2024-01-08 15:00:00+00:00,1.295771707574398
2024-01-08 16:00:00+00:00,1.2826896847817455
2024-01-08 17:00:00+00:00,1.2823189562333857
2024-01-08 18:00:00+00:00,1.2795903734361465
2024-01-08 19:00:00+00:00,1.2813714999895196
2024-01-08 20:00:00+00:00,1.2860170154835826
2024-01-08 21:00:00+00:00,1.2908117609302612
2024-01-08 22:00:00+00:00,1.2812703276475175
2024-01-08 23:00:00+00:00,1.2803598484852672
2024-01-09 00:00:00+00:00,1.2882761530251912
2024-01-09 01:00:00+00:00,1.285863605341931
2024-01-09 02:00:00+00:00,1.2902776755827468
2024-01-09 03:00:00+00:00,1.2862919132758437
2024-01-09 04:00:00+00:00,1.295826819753431
2024-01-09 05:00:00+00:00,1.2850867526980554
2024-01-09 06:00:00+00:00,1.2914781869147232
2024-01-09 07:00:00+00:00,1.2926953327523854
2024-01-09 08:00:00+00:00,1.2861984441152419
2024-01-09 09:00:00+00:00,1.2934714754959664
2024-01-09 10:00:00+00:00,1.2942769413139008
2024-01-09 11:00:00+00:00,1.297188485669265
2024-01-09 12:00:00+00:00,1.2939635600609174
2024-01-09 13:00:00+00:00,1.3017755580920243
2024-01-09 14:00:00+00:00,1.3004784608854199
2024-01-09 15:00:00+00:00,1.3060460286514286
2024-01-09 16:00:00+00:00,1.304356693160787
2024-01-09 17:00:00+00:00,1.3165228291843463
2024-01-09 18:00:00+00:00,1.3206233836607197
2024-01-09 19:00:00+00:00,1.3153145028451863
2024-01-09 20:00:00+00:00,1.3041327622406904
2024-01-09 21:00:00+00:00,1.3313445110078346
2024-01-09 22:00:00+00:00,1.3131359483554104
2024-01-09 23:00:00+00:00,1.3075194849456486
2024-01-10 00:00:00+00:00,1.2861549192145991
2024-01-10 01:00:00+00:00,1.2979019059575534
2024-01-10 02:00:00+00:00,1.312565740172196
2024-01-10 03:00:00+00:00,1.3056793831791504
2024-01-10 04:00:00+00:00,1.2953270118803433
2024-01-10 05:00:00+00:00,1.2896169565563107
2024-01-10 06:00:00+00:00,1.293243501426003
2024-01-10 07:00:00+00:00,1.2964234895069937
2024-01-10 08:00:00+00:00,1.2928994299609455
2024-01-10 09:00:00+00:00,1.2735729362064017
2024-01-10 10:00:00+00:00,1.2800700907810136
2024-01-10 11:00:00+00:00,1.2697827655162903
2024-01-10 12:00:00+00:00,1.2730185644185028
2024-01-10 13:00:00+00:00,1.272082785966558
2024-01-10 14:00:00+00:00,1.2742649162135236
2024-01-10 15:00:00+00:00,1.258972287268516
2024-01-10 16:00:00+00:00,1.273235143829761
2024-01-10 17:00:00+00:00,1.2645925981150994
2024-01-10 18:00:00+00:00,1.2698296198168006
2024-01-10 19:00:00+00:00,1.250339223375259
2024-01-10 20:00:00+00:00,1.234156621817949
2024-01-10 21:00:00+00:00,1.2500573719889856
2024-01-10 22:00:00+00:00,1.2534268415841325
2024-01-10 23:00:00+00:00,1.2346341609514802
2024-01-11 00:00:00+00:00,1.2210329671811468
2024-01-11 01:00:00+00:00,1.2215019660138846
2024-01-11 02:00:00+00:00,1.214393131668587
2024-01-11 03:00:00+00:00,1.2125884468721475
2024-01-11 04:00:00+00:00,1.2109913063320223
2024-01-11 05:00:00+00:00,1.2106275674782465
2024-01-11 06:00:00+00:00,1.2186284591124985
2024-01-11 07:00:00+00:00,1.215159610527862
2024-01-11 08:00:00+00:00,1.2145969231332019
2024-01-11 09:00:00+00:00,1.2238603655724287
2024-01-11 10:00:00+00:00,1.2112088582265994
2024-01-11 11:00:00+00:00,1.2020845381750285
2024-01-11 12:00:00+00:00,1.1990556503970529
2024-01-11 13:00:00+00:00,1.2113105168428382
2024-01-11 14:00:00+00:00,1.2017800775241436
2024-01-11 15:00:00+00:00,1.2019399084815987
2024-01-11 16:00:00+00:00,1.2014240075088032
2024-01-11 17:00:00+00:00,1.2085326679919348
2024-01-11 18:00:00+00:00,1.2018500958733638
2024-01-11 19:00:00+00:00,1.199263095985669
2024-01-11 20:00:00+00:00,1.200836122328733
2024-01-11 21:00:00+00:00,1.196553714502546
2024-01-11 22:00:00+00:00,1.1985234085532177
2024-01-11 23:00:00+00:00,1.1941274373329676
2024-01-12 00:00:00+00:00,1.2035905334359278
2024-01-12 01:00:00+00:00,1.19528626732455
2024-01-12 02:00:00+00:00,1.1930199436985371
2024-01-12 03:00:00+00:00,1.1876428119244016
2024-01-12 04:00:00+00:00,1.1868874392632105
2024-01-12 05:00:00+00:00,1.1928339974502344
2024-01-12 06:00:00+00:00,1.1910711984934654
2024-01-12 07:00:00+00:00,1.189268539671795
2024-01-12 08:00:00+00:00,1.193316354541816
2024-01-12 09:00:00+00:00,1.192937153329193
2024-01-12 10:00:00+00:00,1.1800085493230914
2024-01-12 11:00:00+00:00,1.1701243782191837
2024-01-12 12:00:00+00:00,1.1694792314022713
2024-01-12 13:00:00+00:00,1.1708004847689997
2024-01-12 14:00:00+00:00,1.1644135478659798
2024-01-12 15:00:00+00:00,1.1628067919278717
2024-01-12 16:00:00+00:00,1.1690794338914208
2024-01-12 17:00:00+00:00,1.1755878058534588
2024-01-12 18:00:00+00:00,1.1769673701551728
2024-01-12 19:00:00+00:00,1.1787163335689324
2024-01-12 20:00:00+00:00,1.1697740575214843
2024-01-12 21:00:00+00:00,1.179106024340761
2024-01-12 22:00:00+00:00,1.1774059005069073
2024-01-12 23:00:00+00:00,1.1664318268442184
2024-01-13 00:00:00+00:00,1.172368551746332
2024-01-13 01:00:00+00:00,1.1676841976714114
2024-01-13 02:00:00+00:00,1.165045242513745
2024-01-13 03:00:00+00:00,1.1619023621737716
2024-01-13 04:00:00+00:00,1.1572898837726087
2024-01-13 05:00:00+00:00,1.1486281100037379
2024-01-13 06:00:00+00:00,1.1567811590215415
2024-01-13 07:00:00+00:00,1.1479449323214732
2024-01-13 08:00:00+00:00,1.137579841066825
2024-01-13 09:00:00+00:00,1.1432630454356578
2024-01-13 10:00:00+00:00,1.1405369382273975
2024-01-13 11:00:00+00:00,1.1405287478209492
2024-01-13 12:00:00+00:00,1.1446908188577172
2024-01-13 13:00:00+00:00,1.1481439180165085
2024-01-13 14:00:00+00:00,1.15660930264925
2024-01-13 15:00:00+00:00,1.154458600890307
2024-01-13 16:00:00+00:00,1.1519758713735748
2024-01-13 17:00:00+00:00,1.1543888495370038
2024-01-13 18:00:00+00:00,1.1553423495435877
2024-01-13 19:00:00+00:00,1.1519720366169823
2024-01-13 20:00:00+00:00,1.1589394972644824
2024-01-13 21:00:00+00:00,1.1540780042641732
2024-01-13 22:00:00+00:00,1.1536975691035818
2024-01-13 23:00:00+00:00,1.1597278720347473
2024-01-14 00:00:00+00:00,1.1584279793052228
2024-01-14 01:00:00+00:00,1.1660412072796493
2024-01-14 02:00:00+00:00,1.1649918438695244
2024-01-14 03:00:00+00:00,1.1656646676615618
2024-01-14 04:00:00+00:00,1.1676345468897174
2024-01-14 05:00:00+00:00,1.1709080655123882
2024-01-14 06:00:00+00:00,1.166151013373127
2024-01-14 07:00:00+00:00,1.1677528283005618
2024-01-14 08:00:00+00:00,1.1702803187792925
2024-01-14 09:00:00+00:00,1.1622517016353617
2024-01-14 10:00:00+00:00,1.1653301498943192
2024-01-14 11:00:00+00:00,1.1696619718690324
2024-01-14 12:00:00+00:00,1.1661258802802381
2024-01-14 13:00:00+00:00,1.1707901317017797
2024-01-14 14:00:00+00:00,1.1700007052774737
2024-01-14 15:00:00+00:00,1.174434476151858
2024-01-14 16:00:00+00:00,1.1767406522064374
2024-01-14 17:00:00+00:00,1.1788817462766121
2024-01-14 18:00:00+00:00,1.1787998069660934
2024-01-14 19:00:00+00:00,1.1752412919108957
2024-01-14 20:00:00+00:00,1.1704206906738355
2024-01-14 21:00:00+00:00,1.178564456527102
2024-01-14 22:00:00+00:00,1.1791410811112073
2024-01-14 23:00:00+00:00,1.1797498723229982
2024-01-15 00:00:00+00:00,1.1840794820003457
2024-01-15 01:00:00+00:00,1.1804204642055098
2024-01-15 02:00:00+00:00,1.1833720780856414
2024-01-15 03:00:00+00:00,1.1758171704059353
2024-01-15 04:00:00+00:00,1.162668599580249
2024-01-15 05:00:00+00:00,1.1612833893091559
2024-01-15 06:00:00+00:00,1.1565109696983085
2024-01-15 07:00:00+00:00,1.1627679841782217
2024-01-15 08:00:00+00:00,1.1603965045426277
2024-01-15 09:00:00+00:00,1.158948835690755
2024-01-15 10:00:00+00:00,1.1543647267901471
2024-01-15 11:00:00+00:00,1.1592672509969453
2024-01-15 12:00:00+00:00,1.1630882811281469
2024-01-15 13:00:00+00:00,1.1595185895997526
2024-01-15 14:00:00+00:00,1.163998430844789
2024-01-15 15:00:00+00:00,1.1718149925326655
2024-01-15 16:00:00+00:00,1.165666971510425
2024-01-15 17:00:00+00:00,1.1641038826072339
2024-01-15 18:00:00+00:00,1.1651405282466536
2024-01-15 19:00:00+00:00,1.1603731694818997
2024-01-15 20:00:00+00:00,1.167370296497307
2024-01-15 21:00:00+00:00,1.1703508099527022
2024-01-15 22:00:00+00:00,1.1753234885631747
2024-01-15 23:00:00+00:00,1.174817526217126
2024-01-16 00:00:00+00:00,1.171561289435433
2024-01-16 01:00:00+00:00,1.1756281712387424
2024-01-16 02:00:00+00:00,1.1723270515583608
2024-01-16 03:00:00+00:00,1.169925845880696
2024-01-16 04:00:00+00:00,1.1680147405114654
2024-01-16 05:00:00+00:00,1.1745876027776603
2024-01-16 06:00:00+00:00,1.1771981395563393
2024-01-16 07:00:00+00:00,1.1762291018037891
2024-01-16 08:00:00+00:00,1.1813305659867208
2024-01-16 09:00:00+00:00,1.1856562979728165
2024-01-16 10:00:00+00:00,1.1859195015219386
2024-01-16 11:00:00+00:00,1.1799797314647409
2024-01-16 12:00:00+00:00,1.1778567800603648
2024-01-16 13:00:00+00:00,1.1806668383139083
2024-01-16 14:00:00+00:00,1.1840608802213661
2024-01-16 15:00:00+00:00,1.179316995926979
2024-01-16 16:00:00+00:00,1.1785766397839907
2024-01-16 17:00:00+00:00,1.185796703691707
2024-01-16 18:00:00+00:00,1.1817990729813026
2024-01-16 19:00:00+00:00,1.1828419385180584
2024-01-16 20:00:00+00:00,1.18041773778178
2024-01-16 21:00:00+00:00,1.1745999453912215
2024-01-16 22:00:00+00:00,1.17876622005881
2024-01-16 23:00:00+00:00,1.17576080153545
2024-01-17 00:00:00+00:00,1.1735427092871187
2024-01-17 01:00:00+00:00,1.1694202973253245
2024-01-17 02:00:00+00:00,1.1724716340061503
2024-01-17 03:00:00+00:00,1.1739532625933877
2024-01-17 04:00:00+00:00,1.1794216725612077
2024-01-17 05:00:00+00:00,1.1760937587058222
2024-01-17 06:00:00+00:00,1.18259582160563
2024-01-17 07:00:00+00:00,1.1810197529294428
2024-01-17 08:00:00+00:00,1.1872458855976522
2024-01-17 09:00:00+00:00,1.1879863953863692
2024-01-17 10:00:00+00:00,1.182587238744803
2024-01-17 11:00:00+00:00,1.1815958242587894
2024-01-17 12:00:00+00:00,1.1801361793373184
2024-01-17 13:00:00+00:00,1.1803875567785878
2024-01-17 14:00:00+00:00,1.1804358180164753
2024-01-17 15:00:00+00:00,1.178977220186495
2024-01-17 16:00:00+00:00,1.1752930898372766
2024-01-17 17:00:00+00:00,1.178332900655353
2024-01-17 18:00:00+00:00,1.1805942631644886
2024-01-17 19:00:00+00:00,1.1753098667572697
2024-01-17 20:00:00+00:00,1.1714850839855717
2024-01-17 21:00:00+00:00,1.1782666978290421
2024-01-17 22:00:00+00:00,1.1798629265496583
2024-01-17 23:00:00+00:00,1.178780357410223
2024-01-18 00:00:00+00:00,1.1766780954856937
2024-01-18 01:00:00+00:00,1.1818230469489943
2024-01-18 02:00:00+00:00,1.1786597365540927
2024-01-18 03:00:00+00:00,1.1827312477757317
2024-01-18 04:00:00+00:00,1.1791925960538805
2024-01-18 05:00:00+00:00,1.1755918576427016
2024-01-18 06:00:00+00:00,1.1737246268972241
2024-01-18 07:00:00+00:00,1.1736123558682454
2024-01-18 08:00:00+00:00,1.178068652397575
2024-01-18 09:00:00+00:00,1.1787516372965103
2024-01-18 10:00:00+00:00,1.1783789724997824
2024-01-18 11:00:00+00:00,1.1820511965875786
2024-01-18 12:00:00+00:00,1.191037639620182
2024-01-18 13:00:00+00:00,1.1914906806711603
2024-01-18 14:00:00+00:00,1.1860890693731538
2024-01-18 15:00:00+00:00,1.184666049926761
2024-01-18 16:00:00+00:00,1.1974169094897522
2024-01-18 17:00:00+00:00,1.193326482390277
2024-01-18 18:00:00+00:00,1.1938712482092753
2024-01-18 19:00:00+00:00,1.199465494375512
2024-01-18 20:00:00+00:00,1.1941576147461501
2024-01-18 21:00:00+00:00,1.1998064920606923
2024-01-18 22:00:00+00:00,1.1970098143970507
2024-01-18 23:00:00+00:00,1.20105167457454
2024-01-19 00:00:00+00:00,1.1997656406175092
2024-01-19 01:00:00+00:00,1.2034236081882754
2024-01-19 02:00:00+00:00,1.2132461806302743
2024-01-19 03:00:00+00:00,1.2130748740571586
2024-01-19 04:00:00+00:00,1.2121598783011793
2024-01-19 05:00:00+00:00,1.211749503524594
2024-01-19 06:00:00+00:00,1.210686566534332
2024-01-19 07:00:00+00:00,1.2087119865737175
2024-01-19 08:00:00+00:00,1.2081355189704484
2024-01-19 09:00:00+00:00,1.2067894012076503
2024-01-19 10:00:00+00:00,1.2027851678435908
2024-01-19 11:00:00+00:00,1.2016883301848789
2024-01-19 12:00:00+00:00,1.2011540381325887
2024-01-19 13:00:00+00:00,1.2050188361322924
2024-01-19 14:00:00+00:00,1.209164982584752
2024-01-19 15:00:00+00:00,1.2079843825436893
2024-01-19 16:00:00+00:00,1.2092188450207064
2024-01-19 17:00:00+00:00,1.2028359962366086
2024-01-19 18:00:00+00:00,1.2007244268821604
2024-01-19 19:00:00+00:00,1.2000688700365534
2024-01-19 20:00:00+00:00,1.1960184368448425
2024-01-19 21:00:00+00:00,1.1982613663951174
2024-01-19 22:00:00+00:00,1.1957106473917878
2024-01-19 23:00:00+00:00,1.1985881160820717
2024-01-20 00:00:00+00:00,1.2003717472412057
2024-01-20 01:00:00+00:00,1.2019830045338733
2024-01-20 02:00:00+00:00,1.2018653773175607
2024-01-20 03:00:00+00:00,1.2108090052827716
2024-01-20 04:00:00+00:00,1.2123477529557194
2024-01-20 05:00:00+00:00,1.2106276811422598
2024-01-20 06:00:00+00:00,1.2134375145507044
2024-01-20 07:00:00+00:00,1.214913919514229
2024-01-20 08:00:00+00:00,1.2127955888789654
2024-01-20 09:00:00+00:00,1.222687257699232
2024-01-20 10:00:00+00:00,1.2277530121470506
2024-01-20 11:00:00+00:00,1.2299690617948273
2024-01-20 12:00:00+00:00,1.2325711458902324
2024-01-20 13:00:00+00:00,1.2327772400023267
2024-01-20 14:00:00+00:00,1.2314121257048154
2024-01-20 15:00:00+00:00,1.231349998674572
2024-01-20 16:00:00+00:00,1.2377687693638275
2024-01-20 17:00:00+00:00,1.2343386284491122
2024-01-20 18:00:00+00:00,1.2331843165810168
2024-01-20 19:00:00+00:00,1.2334355259686791
2024-01-20 20:00:00+00:00,1.2332708273185953
2024-01-20 21:00:00+00:00,1.2335047178294924
2024-01-20 22:00:00+00:00,1.2350408521687524
2024-01-20 23:00:00+00:00,1.2357458434799984
2024-01-21 00:00:00+00:00,1.2354512692625617
2024-01-21 01:00:00+00:00,1.2355168283614104
2024-01-21 02:00:00+00:00,1.2347774140581815
2024-01-21 03:00:00+00:00,1.239075564907295
2024-01-21 04:00:00+00:00,1.239512468656219
2024-01-21 05:00:00+00:00,1.237842755894422
2024-01-21 06:00:00+00:00,1.2374753958363567
2024-01-21 07:00:00+00:00,1.2402915521911382
2024-01-21 08:00:00+00:00,1.2369937730957916
2024-01-21 09:00:00+00:00,1.2356074334733675
2024-01-21 10:00:00+00:00,1.237945202823283
2024-01-21 11:00:00+00:00,1.2367780565018351
2024-01-21 12:00:00+00:00,1.2381318465542828
2024-01-21 13:00:00+00:00,1.2386552750370046
2024-01-21 14:00:00+00:00,1.244316445919274
2024-01-21 15:00:00+00:00,1.2501261120576657
2024-01-21 16:00:00+00:00,1.2509167157720371
2024-01-21 17:00:00+00:00,1.2476357152854025
2024-01-21 18:00:00+00:00,1.2494252146208995
2024-01-21 19:00:00+00:00,1.2491732921425585
2024-01-21 20:00:00+00:00,1.2547857212762201
2024-01-21 21:00:00+00:00,1.2492707712212017
2024-01-21 22:00:00+00:00,1.2549731892485647
2024-01-21 23:00:00+00:00,1.2533934587508715
2024-01-22 00:00:00+00:00,1.259432377803543
2024-01-22 01:00:00+00:00,1.2564725558584833
2024-01-22 02:00:00+00:00,1.2603660416841573
2024-01-22 03:00:00+00:00,1.2621874203389098
2024-01-22 04:00:00+00:00,1.2614825750331733
2024-01-22 05:00:00+00:00,1.2584333859699923
2024-01-22 06:00:00+00:00,1.258417483154745
2024-01-22 07:00:00+00:00,1.2568041173037205
2024-01-22 08:00:00+00:00,1.2614687630382273
2024-01-22 09:00:00+00:00,1.261872762091042
2024-01-22 10:00:00+00:00,1.2641062581667106
2024-01-22 11:00:00+00:00,1.2607035838847087
2024-01-22 12:00:00+00:00,1.2587528534277774
2024-01-22 13:00:00+00:00,1.2660402134161064
2024-01-22 14:00:00+00:00,1.2671330855258711
2024-01-22 15:00:00+00:00,1.2672731838412759
2024-01-22 16:00:00+00:00,1.2620037386071323
2024-01-22 17:00:00+00:00,1.2629097073136355
2024-01-22 18:00:00+00:00,1.2600152862097254
2024-01-22 19:00:00+00:00,1.270407079676228
2024-01-22 20:00:00+00:00,1.2530991744783564
2024-01-22 21:00:00+00:00,1.258038127657673
2024-01-22 22:00:00+00:00,1.2607473150091664
2024-01-22 23:00:00+00:00,1.2588915152847409
2024-01-23 00:00:00+00:00,1.259760307352263
2024-01-23 01:00:00+00:00,1.2629024979775918
2024-01-23 02:00:00+00:00,1.2633328468970766
2024-01-23 03:00:00+00:00,1.256741992104559
2024-01-23 04:00:00+00:00,1.252041359005797
2024-01-23 05:00:00+00:00,1.2477784155198774
2024-01-23 06:00:00+00:00,1.2528160620654554
2024-01-23 07:00:00+00:00,1.24186606402452
2024-01-23 08:00:00+00:00,1.2433610088876528
2024-01-23 09:00:00+00:00,1.2512654833254317
2024-01-23 10:00:00+00:00,1.2461265853542554
2024-01-23 11:00:00+00:00,1.2523082030253319
2024-01-23 12:00:00+00:00,1.2376881768868415
2024-01-23 13:00:00+00:00,1.2455134751140324
2024-01-23 14:00:00+00:00,1.2469322812650874
2024-01-23 15:00:00+00:00,1.2415609226713542
2024-01-23 16:00:00+00:00,1.2404284329744995
2024-01-23 17:00:00+00:00,1.2371324875971155
2024-01-23 18:00:00+00:00,1.2359916886149707
2024-01-23 19:00:00+00:00,1.2499316958590416
2024-01-23 20:00:00+00:00,1.250851827332998
2024-01-23 21:00:00+00:00,1.257411434337686
2024-01-23 22:00:00+00:00,1.2574675231695767
2024-01-23 23:00:00+00:00,1.2477947685797668
2024-01-24 00:00:00+00:00,1.260765334735369
2024-01-24 01:00:00+00:00,1.2522212015387912
2024-01-24 02:00:00+00:00,1.2579977276347818
2024-01-24 03:00:00+00:00,1.2444445424145378
2024-01-24 04:00:00+00:00,1.2557358444649405
2024-01-24 05:00:00+00:00,1.2257835444272416
2024-01-24 06:00:00+00:00,1.2273232372482021
2024-01-24 07:00:00+00:00,1.2246794926196847
2024-01-24 08:00:00+00:00,1.2283950529354914
2024-01-24 09:00:00+00:00,1.2247581528026756
2024-01-24 10:00:00+00:00,1.2275290976829998
2024-01-24 11:00:00+00:00,1.2350887808453688
2024-01-24 12:00:00+00:00,1.2357781192552038
2024-01-24 13:00:00+00:00,1.2207005784578102
2024-01-24 14:00:00+00:00,1.2183502297615052
2024-01-24 15:00:00+00:00,1.2291408811332938
2024-01-24 16:00:00+00:00,1.2143244143863048
2024-01-24 17:00:00+00:00,1.2132625827984251
2024-01-24 18:00:00+00:00,1.2280312843754972
2024-01-24 19:00:00+00:00,1.2195550523243126
2024-01-24 20:00:00+00:00,1.221542063634123
2024-01-24 21:00:00+00:00,1.2184944877001689
2024-01-24 22:00:00+00:00,1.2211314310743837
2024-01-24 23:00:00+00:00,1.2333212841764185
2024-01-25 00:00:00+00:00,1.242554870464215
2024-01-25 01:00:00+00:00,1.246863398770844
2024-01-25 02:00:00+00:00,1.2512238576852317
2024-01-25 03:00:00+00:00,1.2509133843570805
2024-01-25 04:00:00+00:00,1.2368942306913013
2024-01-25 05:00:00+00:00,1.2462928401357987
2024-01-25 06:00:00+00:00,1.2503477548332989
2024-01-25 07:00:00+00:00,1.2287848092079072
2024-01-25 08:00:00+00:00,1.226506283302978
2024-01-25 09:00:00+00:00,1.2242483640787984
2024-01-25 10:00:00+00:00,1.2486389991100841
2024-01-25 11:00:00+00:00,1.2632749787412272
2024-01-25 12:00:00+00:00,1.271677940393303
2024-01-25 13:00:00+00:00,1.2572049861749612
2024-01-25 14:00:00+00:00,1.2590345898407838
2024-01-25 15:00:00+00:00,1.2538438965966128
2024-01-25 16:00:00+00:00,1.2709389243458096
2024-01-25 17:00:00+00:00,1.263378354335037
2024-01-25 18:00:00+00:00,1.2647533080014381
2024-01-25 19:00:00+00:00,1.2720111855604241
2024-01-25 20:00:00+00:00,1.2664099307309884
2024-01-25 21:00:00+00:00,1.2781463839518217
2024-01-25 22:00:00+00:00,1.2793199603786987
2024-01-25 23:00:00+00:00,1.280509720701037
2024-01-26 00:00:00+00:00,1.281301011852627
2024-01-26 01:00:00+00:00,1.2973865949754193
2024-01-26 02:00:00+00:00,1.3014508739317756
2024-01-26 03:00:00+00:00,1.3052871349839372
2024-01-26 04:00:00+00:00,1.3043060578423729
2024-01-26 05:00:00+00:00,1.3009615601112956
2024-01-26 06:00:00+00:00,1.3006726978915346
2024-01-26 07:00:00+00:00,1.2977985969824781
2024-01-26 08:00:00+00:00,1.2999214345494294
2024-01-26 09:00:00+00:00,1.298395956755812
2024-01-26 10:00:00+00:00,1.297533904717784
2024-01-26 11:00:00+00:00,1.2955237659214727
2024-01-26 12:00:00+00:00,1.3024099014316133
2024-01-26 13:00:00+00:00,1.2982554387857297
2024-01-26 14:00:00+00:00,1.2997814275892938
2024-01-26 15:00:00+00:00,1.2879496674151023
2024-01-26 16:00:00+00:00,1.2676683592221512
2024-01-26 17:00:00+00:00,1.244739828537513
2024-01-26 18:00:00+00:00,1.2333243834358798
2024-01-26 19:00:00+00:00,1.2250062089348641
2024-01-26 20:00:00+00:00,1.2261417454514152
2024-01-26 21:00:00+00:00,1.2258789998465938
2024-01-26 22:00:00+00:00,1.215615911809284
2024-01-26 23:00:00+00:00,1.2160626247748205
2024-01-27 00:00:00+00:00,1.2168147755132854
2024-01-27 01:00:00+00:00,1.220661164213569
2024-01-27 02:00:00+00:00,1.2341425534239543
2024-01-27 03:00:00+00:00,1.2303107809734533
2024-01-27 04:00:00+00:00,1.2246320266168416
2024-01-27 05:00:00+00:00,1.2271065500022051
2024-01-27 06:00:00+00:00,1.231588103216037
2024-01-27 07:00:00+00:00,1.2388450135448172
2024-01-27 08:00:00+00:00,1.2399347837146988
2024-01-27 09:00:00+00:00,1.2428091056999666
2024-01-27 10:00:00+00:00,1.2429680938192738
2024-01-27 11:00:00+00:00,1.2584459787601692
2024-01-27 12:00:00+00:00,1.2500328778557228
2024-01-27 13:00:00+00:00,1.2485217552974002
2024-01-27 14:00:00+00:00,1.2463040128863205
2024-01-27 15:00:00+00:00,1.2468064769790403
2024-01-27 16:00:00+00:00,1.2450752477249527
2024-01-27 17:00:00+00:00,1.2444525212848423
2024-01-27 18:00:00+00:00,1.2583254306771552
2024-01-27 19:00:00+00:00,1.2518937428006136
2024-01-27 20:00:00+00:00,1.2532066360998335
2024-01-27 21:00:00+00:00,1.2530524479242724
2024-01-27 22:00:00+00:00,1.2521839022187249
2024-01-27 23:00:00+00:00,1.2510785570362069
2024-01-28 00:00:00+00:00,1.253352499110448
2024-01-28 01:00:00+00:00,1.2473480650698312
2024-01-28 02:00:00+00:00,1.2385906147950323
2024-01-28 03:00:00+00:00,1.2509883154798982
2024-01-28 04:00:00+00:00,1.2290340995821603
2024-01-28 05:00:00+00:00,1.244394161774646
2024-01-28 06:00:00+00:00,1.2508767869992856
2024-01-28 07:00:00+00:00,1.2510964046828692
2024-01-28 08:00:00+00:00,1.2636181823384662
2024-01-28 09:00:00+00:00,1.2645669325724516
2024-01-28 10:00:00+00:00,1.2563805869664058
2024-01-28 11:00:00+00:00,1.2620059710188944
2024-01-28 12:00:00+00:00,1.2767282895529453
2024-01-28 13:00:00+00:00,1.2770795311785377
2024-01-28 14:00:00+00:00,1.26884877461285
2024-01-28 15:00:00+00:00,1.2683980743244434
2024-01-28 16:00:00+00:00,1.2720452309194
2024-01-28 17:00:00+00:00,1.275721512537826
2024-01-28 18:00:00+00:00,1.2720565212076396
2024-01-28 19:00:00+00:00,1.2677168291559018
2024-01-28 20:00:00+00:00,1.2747405899619977
2024-01-28 21:00:00+00:00,1.2803661400364101
2024-01-28 22:00:00+00:00,1.2759231709493237
2024-01-28 23:00:00+00:00,1.2899565381530473
2024-01-29 00:00:00+00:00,1.266619077380577
2024-01-29 01:00:00+00:00,1.253731166150191
2024-01-29 02:00:00+00:00,1.2585286051272526
2024-01-29 03:00:00+00:00,1.2499453052747964
2024-01-29 04:00:00+00:00,1.24868593254219
2024-01-29 05:00:00+00:00,1.2485743661112425
2024-01-29 06:00:00+00:00,1.2472821075077254
2024-01-29 07:00:00+00:00,1.2439105140220594
2024-01-29 08:00:00+00:00,1.2321487151955832
2024-01-29 09:00:00+00:00,1.2350970276416025
2024-01-29 10:00:00+00:00,1.2362522842989323
2024-01-29 11:00:00+00:00,1.2353620064969466
2024-01-29 12:00:00+00:00,1.2415036469715675
2024-01-29 13:00:00+00:00,1.2383826104995255
2024-01-29 14:00:00+00:00,1.2436382911347508
2024-01-29 15:00:00+00:00,1.2569315188176173
2024-01-29 16:00:00+00:00,1.1927208675361198
2024-01-29 17:00:00+00:00,1.1966928474276368
2024-01-29 18:00:00+00:00,1.202607040603417
2024-01-29 19:00:00+00:00,1.204965414042213
2024-01-29 20:00:00+00:00,1.2161263773936037
2024-01-29 21:00:00+00:00,1.2119801471740976
2024-01-29 22:00:00+00:00,1.2078180690682099
2024-01-29 23:00:00+00:00,1.2039848215037348
2024-01-30 00:00:00+00:00,1.2053557973897426
2024-01-30 01:00:00+00:00,1.1938381111380294
2024-01-30 02:00:00+00:00,1.1863090960347271
2024-01-30 03:00:00+00:00,1.191728163668479
2024-01-30 04:00:00+00:00,1.1911770495525367
2024-01-30 05:00:00+00:00,1.1838826870866401
2024-01-30 06:00:00+00:00,1.183405608323281
2024-01-30 07:00:00+00:00,1.1832921739403344
2024-01-30 08:00:00+00:00,1.1905056887671521
2024-01-30 09:00:00+00:00,1.1916793910728167
2024-01-30 10:00:00+00:00,1.1872963529481988
2024-01-30 11:00:00+00:00,1.1904756497717155
2024-01-30 12:00:00+00:00,1.2090313400056447
2024-01-30 13:00:00+00:00,1.1944627868285138
2024-01-30 14:00:00+00:00,1.2086402600660826
2024-01-30 15:00:00+00:00,1.2090424686466676
2024-01-30 16:00:00+00:00,1.2180622860965673
2024-01-30 17:00:00+00:00,1.209931420847005
2024-01-30 18:00:00+00:00,1.210786101718252
2024-01-30 19:00:00+00:00,1.210657865896208
2024-01-30 20:00:00+00:00,1.2107351217454827
2024-01-30 21:00:00+00:00,1.2093748017362704
2024-01-30 22:00:00+00:00,1.2134378871433082
2024-01-30 23:00:00+00:00,1.207406872593638
2024-01-31 00:00:00+00:00,1.2080827115557766
2024-01-31 01:00:00+00:00,1.2110651352345025
2024-01-31 02:00:00+00:00,1.2032564620541668
2024-01-31 03:00:00+00:00,1.1997814766168358
2024-01-31 04:00:00+00:00,1.1926434786708164
2024-01-31 05:00:00+00:00,1.2010291993540751
2024-01-31 06:00:00+00:00,1.1920309981979715
2024-01-31 07:00:00+00:00,1.1903927202835953
2024-01-31 08:00:00+00:00,1.1838737564120003
2024-01-31 09:00:00+00:00,1.1878697483340852
2024-01-31 10:00:00+00:00,1.1864976338738986
2024-01-31 11:00:00+00:00,1.2126439926443229
2024-01-31 12:00:00+00:00,1.2008946907131757
2024-01-31 13:00:00+00:00,1.2021219127497424
2024-01-31 14:00:00+00:00,1.2021918967232545
2024-01-31 15:00:00+00:00,1.2020898195091227
2024-01-31 16:00:00+00:00,1.2110608206475522
2024-01-31 17:00:00+00:00,1.216336120150728
2024-01-31 18:00:00+00:00,1.2028647765343787
2024-01-31 19:00:00+00:00,1.2053412919065143
2024-01-31 20:00:00+00:00,1.2124738346413513
2024-01-31 21:00:00+00:00,1.2089526452311938
2024-01-31 22:00:00+00:00,1.208912629834619
2024-01-31 23:00:00+00:00,1.21795980047284
2024-02-01 00:00:00+00:00,1.2192814055134602
2024-02-01 01:00:00+00:00,1.2139460685516632
2024-02-01 02:00:00+00:00,1.216529957076354
2024-02-01 03:00:00+00:00,1.25407419854427
2024-02-01 04:00:00+00:00,1.2597735646169035
2024-02-01 05:00:00+00:00,1.260618726746329
2024-02-01 06:00:00+00:00,1.2517604830822937
2024-02-01 07:00:00+00:00,1.2495445755124968
2024-02-01 08:00:00+00:00,1.253383928438341
2024-02-01 09:00:00+00:00,1.2613261155677278
2024-02-01 10:00:00+00:00,1.2648510139640625
2024-02-01 11:00:00+00:00,1.2616270509707608
2024-02-01 12:00:00+00:00,1.2553501940390546
2024-02-01 13:00:00+00:00,1.2596570302284034
2024-02-01 14:00:00+00:00,1.2454418770638234
2024-02-01 15:00:00+00:00,1.244371411118565
2024-02-01 16:00:00+00:00,1.2487158985827673
2024-02-01 17:00:00+00:00,1.243686254445894
2024-02-01 18:00:00+00:00,1.239597257713962
2024-02-01 19:00:00+00:00,1.2383529275662875
2024-02-01 20:00:00+00:00,1.23372910914031
2024-02-01 21:00:00+00:00,1.2291112108011262
2024-02-01 22:00:00+00:00,1.2347936165271174
2024-02-01 23:00:00+00:00,1.2334051994490687
2024-02-02 00:00:00+00:00,1.2243113847529765
2024-02-02 01:00:00+00:00,1.2257291874092577
2024-02-02 02:00:00+00:00,1.2205123723727156
2024-02-02 03:00:00+00:00,1.2219405093372226
2024-02-02 04:00:00+00:00,1.2224139577993423
2024-02-02 05:00:00+00:00,1.2252866139833156
2024-02-02 06:00:00+00:00,1.2265888148504145
2024-02-02 07:00:00+00:00,1.2164059682978323
2024-02-02 08:00:00+00:00,1.2260117731985765
2024-02-02 09:00:00+00:00,1.2262090823630856
2024-02-02 10:00:00+00:00,1.2347115996434972
2024-02-02 11:00:00+00:00,1.2402749567326645
2024-02-02 12:00:00+00:00,1.2379519419618767
2024-02-02 13:00:00+00:00,1.2284576929798035
2024-02-02 14:00:00+00:00,1.2327048559614666
2024-02-02 15:00:00+00:00,1.2235448367870387
2024-02-02 16:00:00+00:00,1.215519267165921
2024-02-02 17:00:00+00:00,1.225072633917063
2024-02-02 18:00:00+00:00,1.2285422162209956
2024-02-02 19:00:00+00:00,1.229786151003259
2024-02-02 20:00:00+00:00,1.2335790252955823
2024-02-02 21:00:00+00:00,1.238573408281671
2024-02-02 22:00:00+00:00,1.243167302990963
2024-02-02 23:00:00+00:00,1.2425874055939279
2024-02-03 00:00:00+00:00,1.242178598753068
2024-02-03 01:00:00+00:00,1.2415768509448901
2024-02-03 02:00:00+00:00,1.2492342889251293
2024-02-03 03:00:00+00:00,1.2512774688807977
2024-02-03 04:00:00+00:00,1.2546752454239425
2024-02-03 05:00:00+00:00,1.2541293122460766
2024-02-03 06:00:00+00:00,1.2515806171658481
2024-02-03 07:00:00+00:00,1.2495747865057558
2024-02-03 08:00:00+00:00,1.2479464058345606
2024-02-03 09:00:00+00:00,1.2459322013792
2024-02-03 10:00:00+00:00,1.248971593184536
2024-02-03 11:00:00+00:00,1.2498217810097603
2024-02-03 12:00:00+00:00,1.251417366306418
2024-02-03 13:00:00+00:00,1.244526989344199
2024-02-03 14:00:00+00:00,1.242458525451836
2024-02-03 15:00:00+00:00,1.2462426239402764
2024-02-03 16:00:00+00:00,1.236324356476076
2024-02-03 17:00:00+00:00,1.2407174702893595
2024-02-03 18:00:00+00:00,1.242742488803233
2024-02-03 19:00:00+00:00,1.2421300032124152
2024-02-03 20:00:00+00:00,1.242010064443493
2024-02-03 21:00:00+00:00,1.2367029125092535
2024-02-03 22:00:00+00:00,1.2449746635696701
2024-02-03 23:00:00+00:00,1.236537993328289
2024-02-04 00:00:00+00:00,1.2369363487922027
2024-02-04 01:00:00+00:00,1.2319810326341394
2024-02-04 02:00:00+00:00,1.222902105760466
2024-02-04 03:00:00+00:00,1.2241852944325198
2024-02-04 04:00:00+00:00,1.2277696964583973
2024-02-04 05:00:00+00:00,1.2314359736183687
2024-02-04 06:00:00+00:00,1.2275400981767315
2024-02-04 07:00:00+00:00,1.2323179172188208
2024-02-04 08:00:00+00:00,1.2323056564937902
2024-02-04 09:00:00+00:00,1.2168955696030768
2024-02-04 10:00:00+00:00,1.218669096612028
2024-02-04 11:00:00+00:00,1.2155243324787521
2024-02-04 12:00:00+00:00,1.2154386939107669
2024-02-04 13:00:00+00:00,1.2148958089109911
2024-02-04 14:00:00+00:00,1.2128798286886908
2024-02-04 15:00:00+00:00,1.2097636252244726
2024-02-04 16:00:00+00:00,1.2053169438730342
2024-02-04 17:00:00+00:00,1.2025898020668098
2024-02-04 18:00:00+00:00,1.2055231021349724
2024-02-04 19:00:00+00:00,1.2102671296112733
2024-02-04 20:00:00+00:00,1.2057378608142986
2024-02-04 21:00:00+00:00,1.206064855275186
2024-02-04 22:00:00+00:00,1.2028783688480669
2024-02-04 23:00:00+00:00,1.2127926936013063
2024-02-05 00:00:00+00:00,1.2133029629863759
2024-02-05 01:00:00+00:00,1.2109563102784235
2024-02-05 02:00:00+00:00,1.2114366562108208
2024-02-05 03:00:00+00:00,1.2131616622767618
2024-02-05 04:00:00+00:00,1.205030853044327
2024-02-05 05:00:00+00:00,1.198034998719151
2024-02-05 06:00:00+00:00,1.1957862993589272
2024-02-05 07:00:00+00:00,1.1989979797418144
2024-02-05 08:00:00+00:00,1.1988820277865488
2024-02-05 09:00:00+00:00,1.1952856271755092
2024-02-05 10:00:00+00:00,1.1828232338579476
2024-02-05 11:00:00+00:00,1.1812488378048396
2024-02-05 12:00:00+00:00,1.1851250891608827
2024-02-05 13:00:00+00:00,1.1723006481351956
2024-02-05 14:00:00+00:00,1.1716440779238508
2024-02-05 15:00:00+00:00,1.1729423893665392
2024-02-05 16:00:00+00:00,1.168300014932924
2024-02-05 17:00:00+00:00,1.1737702659032634
2024-02-05 18:00:00+00:00,1.1721612591692347
2024-02-05 19:00:00+00:00,1.175105754212522
2024-02-05 20:00:00+00:00,1.174764191794505
2024-02-05 21:00:00+00:00,1.1737586775117657
2024-02-05 22:00:00+00:00,1.18026074931384
2024-02-05 23:00:00+00:00,1.18024010987847
2024-02-06 00:00:00+00:00,1.1808913101634126
2024-02-06 01:00:00+00:00,1.1713384462762069
2024-02-06 02:00:00+00:00,1.174897216769361
2024-02-06 03:00:00+00:00,1.177790585515891
2024-02-06 04:00:00+00:00,1.1768439607265244
2024-02-06 05:00:00+00:00,1.1861032697005558
2024-02-06 06:00:00+00:00,1.1865284891786252
2024-02-06 07:00:00+00:00,1.1856491687148698
2024-02-06 08:00:00+00:00,1.188495932254624
2024-02-06 09:00:00+00:00,1.1774793351279083
2024-02-06 10:00:00+00:00,1.1869269527321675
2024-02-06 11:00:00+00:00,1.1854651663730102
2024-02-06 12:00:00+00:00,1.186283922544207
2024-02-06 13:00:00+00:00,1.1871106796081772
2024-02-06 14:00:00+00:00,1.1926281747737848
2024-02-06 15:00:00+00:00,1.197174284430061
2024-02-06 16:00:00+00:00,1.197202806748071
2024-02-06 17:00:00+00:00,1.1941384437666847
2024-02-06 18:00:00+00:00,1.1987545675851454
2024-02-06 19:00:00+00:00,1.2041935364315643
2024-02-06 20:00:00+00:00,1.2026554459823156
2024-02-06 21:00:00+00:00,1.2055583906179073
2024-02-06 22:00:00+00:00,1.20549146809564
2024-02-06 23:00:00+00:00,1.2085833567797188
2024-02-07 00:00:00+00:00,1.207727056839953
2024-02-07 01:00:00+00:00,1.2084436390030402
2024-02-07 02:00:00+00:00,1.2128206997782434
2024-02-07 03:00:00+00:00,1.2050000649912669
2024-02-07 04:00:00+00:00,1.2049612761389015
2024-02-07 05:00:00+00:00,1.2022797238525393
2024-02-07 06:00:00+00:00,1.20514945137853
2024-02-07 07:00:00+00:00,1.2034635956896031
2024-02-07 08:00:00+00:00,1.1996013752580665
2024-02-07 09:00:00+00:00,1.198616470556769
2024-02-07 10:00:00+00:00,1.1955422096242945
2024-02-07 11:00:00+00:00,1.1936952209481129
2024-02-07 12:00:00+00:00,1.1990008823008687
2024-02-07 13:00:00+00:00,1.2042780820123502
2024-02-07 14:00:00+00:00,1.207117268701142
2024-02-07 15:00:00+00:00,1.211772660316479
2024-02-07 16:00:00+00:00,1.2117129523584411
2024-02-07 17:00:00+00:00,1.2121713011195834
2024-02-07 18:00:00+00:00,1.2150848841677766
2024-02-07 19:00:00+00:00,1.21528340650884
2024-02-07 20:00:00+00:00,1.2210812170415648
2024-02-07 21:00:00+00:00,1.2151661355973082
2024-02-07 22:00:00+00:00,1.2130596227545356
2024-02-07 23:00:00+00:00,1.2131161251532532
2024-02-08 00:00:00+00:00,1.2210692245980714
2024-02-08 01:00:00+00:00,1.21819367200141
2024-02-08 02:00:00+00:00,1.2223249499830189
2024-02-08 03:00:00+00:00,1.2303760265830346
2024-02-08 04:00:00+00:00,1.2220992536793793
2024-02-08 05:00:00+00:00,1.2252923184939237
2024-02-08 06:00:00+00:00,1.2175845446995195
2024-02-08 07:00:00+00:00,1.2195228739061597
2024-02-08 08:00:00+00:00,1.223104104927341
2024-02-08 09:00:00+00:00,1.228504891251094
2024-02-08 10:00:00+00:00,1.2302152725773747
2024-02-08 11:00:00+00:00,1.2335551887123102
2024-02-08 12:00:00+00:00,1.2345869207408593
2024-02-08 13:00:00+00:00,1.234560792733812
2024-02-08 14:00:00+00:00,1.2481200686866598
2024-02-08 15:00:00+00:00,1.2400897797926271
2024-02-08 16:00:00+00:00,1.2463171710291987
2024-02-08 17:00:00+00:00,1.2468337341544513
2024-02-08 18:00:00+00:00,1.2555340505138257
2024-02-08 19:00:00+00:00,1.248879004870292
2024-02-08 20:00:00+00:00,1.2485595759957864
2024-02-08 21:00:00+00:00,1.2479705287297596
2024-02-08 22:00:00+00:00,1.244228572247295
2024-02-08 23:00:00+00:00,1.2448671668928297
2024-02-09 00:00:00+00:00,1.2463563644674303
2024-02-09 01:00:00+00:00,1.2469845938329367
2024-02-09 02:00:00+00:00,1.2490312430029944
2024-02-09 03:00:00+00:00,1.2459879147693131
2024-02-09 04:00:00+00:00,1.252754175532674
2024-02-09 05:00:00+00:00,1.24734145654975
2024-02-09 06:00:00+00:00,1.2504573243749348
2024-02-09 07:00:00+00:00,1.2540971795498845
2024-02-09 08:00:00+00:00,1.2513387588057643
2024-02-09 09:00:00+00:00,1.2573727329007338
2024-02-09 10:00:00+00:00,1.2539164563158678
2024-02-09 11:00:00+00:00,1.2510440765865636
2024-02-09 12:00:00+00:00,1.252909191047185
2024-02-09 13:00:00+00:00,1.254661340233554
2024-02-09 14:00:00+00:00,1.245889281303031
2024-02-09 15:00:00+00:00,1.2387027174631446
2024-02-09 16:00:00+00:00,1.2202385795169648
2024-02-09 17:00:00+00:00,1.2187678353904212
2024-02-09 18:00:00+00:00,1.211297335943723
2024-02-09 19:00:00+00:00,1.200872053963009
2024-02-09 20:00:00+00:00,1.1904387271375865
2024-02-09 21:00:00+00:00,1.20670765244933
2024-02-09 22:00:00+00:00,1.2082083562955683
2024-02-09 23:00:00+00:00,1.211842016000167
2024-02-10 00:00:00+00:00,1.194575284539742
2024-02-10 01:00:00+00:00,1.195503499819931
2024-02-10 02:00:00+00:00,1.1995412429838463
2024-02-10 03:00:00+00:00,1.2155535556483288
2024-02-10 04:00:00+00:00,1.2126712479828459
2024-02-10 05:00:00+00:00,1.2206439535525289
2024-02-10 06:00:00+00:00,1.2113905528799354
2024-02-10 07:00:00+00:00,1.2096803564575052
2024-02-10 08:00:00+00:00,1.2163194672318078
2024-02-10 09:00:00+00:00,1.2185261003288066
2024-02-10 10:00:00+00:00,1.2152246946459937
2024-02-10 11:00:00+00:00,1.219567138620051
2024-02-10 12:00:00+00:00,1.2245259672518314
2024-02-10 13:00:00+00:00,1.2093957846435344
2024-02-10 14:00:00+00:00,1.2103339929208818
2024-02-10 15:00:00+00:00,1.2139887071468887
2024-02-10 16:00:00+00:00,1.2214046558592797
2024-02-10 17:00:00+00:00,1.2217214242739587
2024-02-10 18:00:00+00:00,1.2206373521650773
2024-02-10 19:00:00+00:00,1.2183181566990988
2024-02-10 20:00:00+00:00,1.2206827821774693
2024-02-10 21:00:00+00:00,1.2212277517595989
2024-02-10 22:00:00+00:00,1.2271165012047023
2024-02-10 23:00:00+00:00,1.2257321324939494
2024-02-11 00:00:00+00:00,1.2269014523778232
2024-02-11 01:00:00+00:00,1.220007816008902
2024-02-11 02:00:00+00:00,1.215616910174723
2024-02-11 03:00:00+00:00,1.2226398962184848
2024-02-11 04:00:00+00:00,1.217993957965561
2024-02-11 05:00:00+00:00,1.2142316731809906
2024-02-11 06:00:00+00:00,1.2154086700308313
2024-02-11 07:00:00+00:00,1.2137795225587333
2024-02-11 08:00:00+00:00,1.2135014320847275
2024-02-11 09:00:00+00:00,1.2194673204015656
2024-02-11 10:00:00+00:00,1.217290599566408
2024-02-11 11:00:00+00:00,1.2213735426368562
2024-02-11 12:00:00+00:00,1.2219691716551688
2024-02-11 13:00:00+00:00,1.220781414752139
2024-02-11 14:00:00+00:00,1.227283181817065
2024-02-11 15:00:00+00:00,1.2251288813896597
2024-02-11 16:00:00+00:00,1.2308425669016048
2024-02-11 17:00:00+00:00,1.2346144445641032
2024-02-11 18:00:00+00:00,1.2375263066159472
2024-02-11 19:00:00+00:00,1.235654219573171
2024-02-11 20:00:00+00:00,1.2362128160508807
2024-02-11 21:00:00+00:00,1.2375950814888554
2024-02-11 22:00:00+00:00,1.240873293293591
2024-02-11 23:00:00+00:00,1.2426583201938197
2024-02-12 00:00:00+00:00,1.240802999393195
2024-02-12 01:00:00+00:00,1.2461306291930059
2024-02-12 02:00:00+00:00,1.2404258142971576
2024-02-12 03:00:00+00:00,1.2407625394201172
2024-02-12 04:00:00+00:00,1.232832670313038
2024-02-12 05:00:00+00:00,1.2366840158603343
2024-02-12 06:00:00+00:00,1.2337668204616086
2024-02-12 07:00:00+00:00,1.2364324369020065
2024-02-12 08:00:00+00:00,1.2377841835972294
2024-02-12 09:00:00+00:00,1.234538338435141
2024-02-12 10:00:00+00:00,1.2239316599138401
2024-02-12 11:00:00+00:00,1.2230539812710484
2024-02-12 12:00:00+00:00,1.2237345032937252
2024-02-12 13:00:00+00:00,1.2191126904728762
2024-02-12 14:00:00+00:00,1.241223242312549
2024-02-12 15:00:00+00:00,1.2478731069023985
2024-02-12 16:00:00+00:00,1.244070521801436
2024-02-12 17:00:00+00:00,1.248816688668546
2024-02-12 18:00:00+00:00,1.2466647414141512
2024-02-12 19:00:00+00:00,1.2472780712801315
2024-02-12 20:00:00+00:00,1.2539741190595672
2024-02-12 21:00:00+00:00,1.252456053139476
2024-02-12 22:00:00+00:00,1.2552210899257448
2024-02-12 23:00:00+00:00,1.2608996958772851
2024-02-13 00:00:00+00:00,1.2744474022978876
2024-02-13 01:00:00+00:00,1.2780440144460246
2024-02-13 02:00:00+00:00,1.276057633377723
2024-02-13 03:00:00+00:00,1.2725292673537396
2024-02-13 04:00:00+00:00,1.2744981823317347
2024-02-13 05:00:00+00:00,1.2727139476780556
2024-02-13 06:00:00+00:00,1.2766729123517104
2024-02-13 07:00:00+00:00,1.276436775627335
2024-02-13 08:00:00+00:00,1.2749713770384579
2024-02-13 09:00:00+00:00,1.2804247961958684
2024-02-13 10:00:00+00:00,1.2748844281509482
2024-02-13 11:00:00+00:00,1.2725798469438556
2024-02-13 12:00:00+00:00,1.2723027309054349
2024-02-13 13:00:00+00:00,1.272255908621684
2024-02-13 14:00:00+00:00,1.2735069341834908
2024-02-13 15:00:00+00:00,1.2764001585567575
2024-02-13 16:00:00+00:00,1.2763317689982638
2024-02-13 17:00:00+00:00,1.2814966647431822
2024-02-13 18:00:00+00:00,1.2770920871747842
2024-02-13 19:00:00+00:00,1.2750610778330427
2024-02-13 20:00:00+00:00,1.2762070317954233
2024-02-13 21:00:00+00:00,1.2770036741207458
2024-02-13 22:00:00+00:00,1.2756814608529887
2024-02-13 23:00:00+00:00,1.2700491463050139
2024-02-14 00:00:00+00:00,1.2722419289971068
2024-02-14 01:00:00+00:00,1.2673575916358233
2024-02-14 02:00:00+00:00,1.2650979183044344
2024-02-14 03:00:00+00:00,1.2672844468871636
2024-02-14 04:00:00+00:00,1.2737921056001638
2024-02-14 05:00:00+00:00,1.2727754935698599
2024-02-14 06:00:00+00:00,1.2744563341125041
2024-02-14 07:00:00+00:00,1.2710317791212271
2024-02-14 08:00:00+00:00,1.2727505891249165
2024-02-14 09:00:00+00:00,1.2729390710533794
2024-02-14 10:00:00+00:00,1.2733809353519865
2024-02-14 11:00:00+00:00,1.2676525848695617
2024-02-14 12:00:00+00:00,1.264225824033282
2024-02-14 13:00:00+00:00,1.284947063914952
2024-02-14 14:00:00+00:00,1.2827122179924593
2024-02-14 15:00:00+00:00,1.2739609392472757
2024-02-14 16:00:00+00:00,1.2848371724726175
2024-02-14 17:00:00+00:00,1.288854220975384
2024-02-14 18:00:00+00:00,1.293341585634999
2024-02-14 19:00:00+00:00,1.2953939537755756
2024-02-14 20:00:00+00:00,1.3087064130204547
2024-02-14 21:00:00+00:00,1.3091701436976069
2024-02-14 22:00:00+00:00,1.3074677057945565
2024-02-14 23:00:00+00:00,1.3148691641913635
2024-02-15 00:00:00+00:00,1.3167399369079198
2024-02-15 01:00:00+00:00,1.3182085182299776
2024-02-15 02:00:00+00:00,1.3260035980654787
2024-02-15 03:00:00+00:00,1.3269260498676243
2024-02-15 04:00:00+00:00,1.326499090769204
2024-02-15 05:00:00+00:00,1.3212903891910948
2024-02-15 06:00:00+00:00,1.3230281582007946
2024-02-15 07:00:00+00:00,1.3272739571297323
2024-02-15 08:00:00+00:00,1.3273535187975396
2024-02-15 09:00:00+00:00,1.3268490907365198
2024-02-15 10:00:00+00:00,1.3261072373313443
2024-02-15 11:00:00+00:00,1.323712000164874
2024-02-15 12:00:00+00:00,1.3215833477952241
2024-02-15 13:00:00+00:00,1.319014841596762
2024-02-15 14:00:00+00:00,1.3029615281450797
2024-02-15 15:00:00+00:00,1.3019732747495507
2024-02-15 16:00:00+00:00,1.3118522909266555
2024-02-15 17:00:00+00:00,1.3164202276256256
2024-02-15 18:00:00+00:00,1.3168412748671483
2024-02-15 19:00:00+00:00,1.3190210781912384
2024-02-15 20:00:00+00:00,1.3229013755904062
2024-02-15 21:00:00+00:00,1.3229432076549312
2024-02-15 22:00:00+00:00,1.3195417931341211
2024-02-15 23:00:00+00:00,1.3220843963339577
2024-02-16 00:00:00+00:00,1.3182563904068498
2024-02-16 01:00:00+00:00,1.3177842150627137
2024-02-16 02:00:00+00:00,1.3130473763587596
2024-02-16 03:00:00+00:00,1.3121586344677352
2024-02-16 04:00:00+00:00,1.3108175855701083
2024-02-16 05:00:00+00:00,1.308504574617488
2024-02-16 06:00:00+00:00,1.3143320610721323
2024-02-16 07:00:00+00:00,1.3132243585421155
2024-02-16 08:00:00+00:00,1.314829096006157
2024-02-16 09:00:00+00:00,1.3135260081537834
2024-02-16 10:00:00+00:00,1.311489537448027
2024-02-16 11:00:00+00:00,1.3093572005957772
2024-02-16 12:00:00+00:00,1.3053268388572181
2024-02-16 13:00:00+00:00,1.295102457469954
2024-02-16 14:00:00+00:00,1.2929342507012056
2024-02-16 15:00:00+00:00,1.2937430186909737
2024-02-16 16:00:00+00:00,1.2910863898907377
2024-02-16 17:00:00+00:00,1.295468029236767
2024-02-16 18:00:00+00:00,1.2958663952329386
2024-02-16 19:00:00+00:00,1.2956417511183695
2024-02-16 20:00:00+00:00,1.293841857269181
2024-02-16 21:00:00+00:00,1.2944679712255478
2024-02-16 22:00:00+00:00,1.2924782146286247
2024-02-16 23:00:00+00:00,1.2922211619376949
2024-02-17 00:00:00+00:00,1.2881646214104936
2024-02-17 01:00:00+00:00,1.288307397385836
2024-02-17 02:00:00+00:00,1.2887302762013386
2024-02-17 03:00:00+00:00,1.292412875848179
2024-02-17 04:00:00+00:00,1.292858562367529
2024-02-17 05:00:00+00:00,1.2977934503417827
2024-02-17 06:00:00+00:00,1.2981286235441498
2024-02-17 07:00:00+00:00,1.2969897995522908
2024-02-17 08:00:00+00:00,1.2972114496261866
2024-02-17 09:00:00+00:00,1.2969264202909023
2024-02-17 10:00:00+00:00,1.2963900576543117
2024-02-17 11:00:00+00:00,1.295380453061842
2024-02-17 12:00:00+00:00,1.2917343578739133
2024-02-17 13:00:00+00:00,1.293175411827642
2024-02-17 14:00:00+00:00,1.3026492306372222
2024-02-17 15:00:00+00:00,1.3030680011368954
2024-02-17 16:00:00+00:00,1.3023889079513193
2024-02-17 17:00:00+00:00,1.3008733549649374
2024-02-17 18:00:00+00:00,1.3019975404570387
2024-02-17 19:00:00+00:00,1.302997241843391
2024-02-17 20:00:00+00:00,1.304739923085259
2024-02-17 21:00:00+00:00,1.306148988869336
2024-02-17 22:00:00+00:00,1.3066458124352642
2024-02-17 23:00:00+00:00,1.3053894107988664
2024-02-18 00:00:00+00:00,1.309120640774057
2024-02-18 01:00:00+00:00,1.3040134636694716
2024-02-18 02:00:00+00:00,1.3037441303313737
2024-02-18 03:00:00+00:00,1.3052597750742492
2024-02-18 04:00:00+00:00,1.3047217502510409
2024-02-18 05:00:00+00:00,1.3053426082892643
2024-02-18 06:00:00+00:00,1.3055016732433091
2024-02-18 07:00:00+00:00,1.3024509086962714
2024-02-18 08:00:00+00:00,1.301108776064903
2024-02-18 09:00:00+00:00,1.3047762192807684
2024-02-18 10:00:00+00:00,1.3079579815712212
2024-02-18 11:00:00+00:00,1.3114849996360811
2024-02-18 12:00:00+00:00,1.3114329255650246
2024-02-18 13:00:00+00:00,1.311466972779142
2024-02-18 14:00:00+00:00,1.3137568730669766
2024-02-18 15:00:00+00:00,1.3134127487089484
2024-02-18 16:00:00+00:00,1.3194198449115346
2024-02-18 17:00:00+00:00,1.3232475521199174
2024-02-18 18:00:00+00:00,1.3239778600146173
2024-02-18 19:00:00+00:00,1.3204573188603097
2024-02-18 20:00:00+00:00,1.3221713644541384
2024-02-18 21:00:00+00:00,1.3225316084963623
2024-02-18 22:00:00+00:00,1.3195656636396218
2024-02-18 23:00:00+00:00,1.3191155280827853
2024-02-19 00:00:00+00:00,1.319420821397263
2024-02-19 01:00:00+00:00,1.3211283923812804
2024-02-19 02:00:00+00:00,1.317179931510462
2024-02-19 03:00:00+00:00,1.3152835398804323
2024-02-19 04:00:00+00:00,1.3168917782776453
2024-02-19 05:00:00+00:00,1.316154286980206
2024-02-19 06:00:00+00:00,1.3185237027527732
2024-02-19 07:00:00+00:00,1.3208025672556372
2024-02-19 08:00:00+00:00,1.3169517672239657
2024-02-19 09:00:00+00:00,1.3162826381944264
2024-02-19 10:00:00+00:00,1.3141072531402538
2024-02-19 11:00:00+00:00,1.3178676606026043
2024-02-19 12:00:00+00:00,1.3164182552268984
2024-02-19 13:00:00+00:00,1.3191541232783046
2024-02-19 14:00:00+00:00,1.3179628239283245
2024-02-19 15:00:00+00:00,1.3177614260098776
2024-02-19 16:00:00+00:00,1.3176029432567569
2024-02-19 17:00:00+00:00,1.3135361267863424
2024-02-19 18:00:00+00:00,1.3158133437967212
2024-02-19 19:00:00+00:00,1.3156366185829786
2024-02-19 20:00:00+00:00,1.318130522086519
2024-02-19 21:00:00+00:00,1.3173990003228389
2024-02-19 22:00:00+00:00,1.316428058942384
2024-02-19 23:00:00+00:00,1.3187453346443505
2024-02-20 00:00:00+00:00,1.3151205484754722
2024-02-20 01:00:00+00:00,1.3106549297383963
2024-02-20 02:00:00+00:00,1.312904561839633
2024-02-20 03:00:00+00:00,1.3094850099758533
2024-02-20 04:00:00+00:00,1.3081077646737063
2024-02-20 05:00:00+00:00,1.309362860883587
2024-02-20 06:00:00+00:00,1.309158922416316
2024-02-20 07:00:00+00:00,1.3069825828308417
2024-02-20 08:00:00+00:00,1.3056719013145652
2024-02-20 09:00:00+00:00,1.3027663554797726
2024-02-20 10:00:00+00:00,1.300922403322325
2024-02-20 11:00:00+00:00,1.3035518233543004
2024-02-20 12:00:00+00:00,1.30188127193529
2024-02-20 13:00:00+00:00,1.2999840396329034
2024-02-20 14:00:00+00:00,1.297079724189802
2024-02-20 15:00:00+00:00,1.2937116554167414
2024-02-20 16:00:00+00:00,1.2970476578138432
2024-02-20 17:00:00+00:00,1.29303615299573
2024-02-20 18:00:00+00:00,1.2939002077113575
2024-02-20 19:00:00+00:00,1.2872149394376116
2024-02-20 20:00:00+00:00,1.2967827847416993
2024-02-20 21:00:00+00:00,1.2910407387598626
2024-02-20 22:00:00+00:00,1.2952537694080213
2024-02-20 23:00:00+00:00,1.2956192411485585
2024-02-21 00:00:00+00:00,1.2923218231980045
2024-02-21 01:00:00+00:00,1.291702670004864
2024-02-21 02:00:00+00:00,1.2917597801299232
2024-02-21 03:00:00+00:00,1.2926246251716076
2024-02-21 04:00:00+00:00,1.2911901602624252
2024-02-21 05:00:00+00:00,1.2968721022324947
2024-02-21 06:00:00+00:00,1.297323455759242
2024-02-21 07:00:00+00:00,1.2895807213852921
2024-02-21 08:00:00+00:00,1.2857287951150589
2024-02-21 09:00:00+00:00,1.28105870371959
2024-02-21 10:00:00+00:00,1.2799295554556984
2024-02-21 11:00:00+00:00,1.28105152912001
2024-02-21 12:00:00+00:00,1.2732165384954135
2024-02-21 13:00:00+00:00,1.2733069088247309
2024-02-21 14:00:00+00:00,1.2727036917080239
2024-02-21 15:00:00+00:00,1.2744416077949932
2024-02-21 16:00:00+00:00,1.2713443316000235
2024-02-21 17:00:00+00:00,1.2707542511695462
2024-02-21 18:00:00+00:00,1.2695130029794637
2024-02-21 19:00:00+00:00,1.2676319305814563
2024-02-21 20:00:00+00:00,1.2725919165799617
2024-02-21 21:00:00+00:00,1.2753078148936838
2024-02-21 22:00:00+00:00,1.274152527098905
2024-02-21 23:00:00+00:00,1.2706354832063023
2024-02-22 00:00:00+00:00,1.2659216711539076
2024-02-22 01:00:00+00:00,1.2624309652011134
2024-02-22 02:00:00+00:00,1.2639037827436808
2024-02-22 03:00:00+00:00,1.2657406710476968
2024-02-22 04:00:00+00:00,1.266019807244757
2024-02-22 05:00:00+00:00,1.2655918894283207
2024-02-22 06:00:00+00:00,1.26397434758054
2024-02-22 07:00:00+00:00,1.2673589158210643
2024-02-22 08:00:00+00:00,1.2646085676912415
2024-02-22 09:00:00+00:00,1.267379433131128
2024-02-22 10:00:00+00:00,1.2667124892364419
2024-02-22 11:00:00+00:00,1.2651630982651974
2024-02-22 12:00:00+00:00,1.2639664703853082
2024-02-22 13:00:00+00:00,1.2646351242374936
2024-02-22 14:00:00+00:00,1.265166104115215
2024-02-22 15:00:00+00:00,1.2666696525679684
2024-02-22 16:00:00+00:00,1.2644161284638256
2024-02-22 17:00:00+00:00,1.261378681139156
2024-02-22 18:00:00+00:00,1.2634509801478544
2024-02-22 19:00:00+00:00,1.2604164085431997
2024-02-22 20:00:00+00:00,1.2570222951667445
2024-02-22 21:00:00+00:00,1.2564948917255865
2024-02-22 22:00:00+00:00,1.2552204054713283
2024-02-22 23:00:00+00:00,1.2547422484697834
2024-02-23 00:00:00+00:00,1.2520186319015811
2024-02-23 01:00:00+00:00,1.2531483719810523
2024-02-23 02:00:00+00:00,1.2531079467001076
2024-02-23 03:00:00+00:00,1.2525642438287397
2024-02-23 04:00:00+00:00,1.2535284887109235
2024-02-23 05:00:00+00:00,1.2530770509810236
2024-02-23 06:00:00+00:00,1.253745343804542
2024-02-23 07:00:00+00:00,1.2621518316348241
2024-02-23 08:00:00+00:00,1.2563918873383406
2024-02-23 09:00:00+00:00,1.2599191169618857
2024-02-23 10:00:00+00:00,1.2606453976201182
2024-02-23 11:00:00+00:00,1.2601636540142587
2024-02-23 12:00:00+00:00,1.2606710489484005
2024-02-23 13:00:00+00:00,1.2607359303974937
2024-02-23 14:00:00+00:00,1.25886026531517
2024-02-23 15:00:00+00:00,1.259173312100072
2024-02-23 16:00:00+00:00,1.254454053889784
2024-02-23 17:00:00+00:00,1.2553822340351608
2024-02-23 18:00:00+00:00,1.252740019751131
2024-02-23 19:00:00+00:00,1.255981098228178
2024-02-23 20:00:00+00:00,1.2594657132680078
2024-02-23 21:00:00+00:00,1.2603036436342918
2024-02-23 22:00:00+00:00,1.2585299247201607
2024-02-23 23:00:00+00:00,1.2587992684085592
2024-02-24 00:00:00+00:00,1.25752546120662
2024-02-24 01:00:00+00:00,1.2539626119825884
2024-02-24 02:00:00+00:00,1.2493781744483834
2024-02-24 03:00:00+00:00,1.2526569806238386
2024-02-24 04:00:00+00:00,1.257251753208235
2024-02-24 05:00:00+00:00,1.2560770882994525
2024-02-24 06:00:00+00:00,1.2549809317416654
2024-02-24 07:00:00+00:00,1.2540170432188247
2024-02-24 08:00:00+00:00,1.2554584647640066
2024-02-24 09:00:00+00:00,1.2571964256088564
2024-02-24 10:00:00+00:00,1.2573673703210737
2024-02-24 11:00:00+00:00,1.2597573156191941
2024-02-24 12:00:00+00:00,1.262150473729256
2024-02-24 13:00:00+00:00,1.2615120574618102
2024-02-24 14:00:00+00:00,1.260439902195708
2024-02-24 15:00:00+00:00,1.2614423561130725
2024-02-24 16:00:00+00:00,1.2611061378222883
2024-02-24 17:00:00+00:00,1.261260814926471
2024-02-24 18:00:00+00:00,1.2622818605956632
2024-02-24 19:00:00+00:00,1.262410323058752
2024-02-24 20:00:00+00:00,1.2629801002160668
2024-02-24 21:00:00+00:00,1.2631660771845075
2024-02-24 22:00:00+00:00,1.2638099768588955
2024-02-24 23:00:00+00:00,1.2641437104525999
2024-02-25 00:00:00+00:00,1.2632483409317852
2024-02-25 01:00:00+00:00,1.2623768687792556
2024-02-25 02:00:00+00:00,1.2619030740331922
2024-02-25 03:00:00+00:00,1.262685095542991
2024-02-25 04:00:00+00:00,1.2622889049373518
2024-02-25 05:00:00+00:00,1.26170823464862
2024-02-25 06:00:00+00:00,1.26230014965552
2024-02-25 07:00:00+00:00,1.261535962370092
2024-02-25 08:00:00+00:00,1.2619567533706415
2024-02-25 09:00:00+00:00,1.2601431482269112
2024-02-25 10:00:00+00:00,1.2579601860566445
2024-02-25 11:00:00+00:00,1.2547027924237764
2024-02-25 12:00:00+00:00,1.2581865979890754
2024-02-25 13:00:00+00:00,1.256594281069813
2024-02-25 14:00:00+00:00,1.2571358736961677
2024-02-25 15:00:00+00:00,1.25752183460884
2024-02-25 16:00:00+00:00,1.2568517444811729
2024-02-25 17:00:00+00:00,1.2549906096099803
2024-02-25 18:00:00+00:00,1.252992446164904
2024-02-25 19:00:00+00:00,1.253205258180649
2024-02-25 20:00:00+00:00,1.2526556612594684
2024-02-25 21:00:00+00:00,1.2504893420947063
2024-02-25 22:00:00+00:00,1.252768465969875
2024-02-25 23:00:00+00:00,1.2528339986800756
2024-02-26 00:00:00+00:00,1.2559289577343384
2024-02-26 01:00:00+00:00,1.2596822433123074
2024-02-26 02:00:00+00:00,1.2575831290229755
2024-02-26 03:00:00+00:00,1.2567455219370673
2024-02-26 04:00:00+00:00,1.2543681275819931
2024-02-26 05:00:00+00:00,1.2560387697663629
2024-02-26 06:00:00+00:00,1.2528757011436822
2024-02-26 07:00:00+00:00,1.2541001747668175
2024-02-26 08:00:00+00:00,1.2511587014072463
2024-02-26 09:00:00+00:00,1.2497939566937355
2024-02-26 10:00:00+00:00,1.248901744053577
2024-02-26 11:00:00+00:00,1.243698936662542
2024-02-26 12:00:00+00:00,1.240317565210811
2024-02-26 13:00:00+00:00,1.2410022743041615
2024-02-26 14:00:00+00:00,1.2410256021303658
2024-02-26 15:00:00+00:00,1.2401192816284432
2024-02-26 16:00:00+00:00,1.2470418715252332
2024-02-26 17:00:00+00:00,1.2517167922222443
2024-02-26 18:00:00+00:00,1.250508975955707
2024-02-26 19:00:00+00:00,1.2461482162498776
2024-02-26 20:00:00+00:00,1.2465453500870178
2024-02-26 21:00:00+00:00,1.2474285156934737
2024-02-26 22:00:00+00:00,1.2477814818737187
2024-02-26 23:00:00+00:00,1.2504021883938001
2024-02-27 00:00:00+00:00,1.2498138226512958
2024-02-27 01:00:00+00:00,1.2470577458185443
2024-02-27 02:00:00+00:00,1.2423905686927441
2024-02-27 03:00:00+00:00,1.2440987339373513
2024-02-27 04:00:00+00:00,1.24328905652602
2024-02-27 05:00:00+00:00,1.2452220209773641
2024-02-27 06:00:00+00:00,1.2443028940502785
2024-02-27 07:00:00+00:00,1.2439815722509315
2024-02-27 08:00:00+00:00,1.2432541899724976
2024-02-27 09:00:00+00:00,1.2414767310149584
2024-02-27 10:00:00+00:00,1.2430597632953455
2024-02-27 11:00:00+00:00,1.2429096467408156
2024-02-27 12:00:00+00:00,1.2389829443779672
2024-02-27 13:00:00+00:00,1.2385572454847258
2024-02-27 14:00:00+00:00,1.237481207235904
2024-02-27 15:00:00+00:00,1.234356814178732
2024-02-27 16:00:00+00:00,1.2336500778001271
2024-02-27 17:00:00+00:00,1.2351772348161079
2024-02-27 18:00:00+00:00,1.2346383187628216
2024-02-27 19:00:00+00:00,1.2345645631546966
2024-02-27 20:00:00+00:00,1.2364580665527949
2024-02-27 21:00:00+00:00,1.2402879559281093
2024-02-27 22:00:00+00:00,1.238529032622176
2024-02-27 23:00:00+00:00,1.2381667678337278
2024-02-28 00:00:00+00:00,1.24009404324193
2024-02-28 01:00:00+00:00,1.2398425025007258
2024-02-28 02:00:00+00:00,1.2397616864029517
2024-02-28 03:00:00+00:00,1.236472767935899
2024-02-28 04:00:00+00:00,1.2387710744991725
2024-02-28 05:00:00+00:00,1.238192863910537
2024-02-28 06:00:00+00:00,1.2370146114020648
2024-02-28 07:00:00+00:00,1.238213745544374
2024-02-28 08:00:00+00:00,1.2257325425103605
2024-02-28 09:00:00+00:00,1.218215534035457
2024-02-28 10:00:00+00:00,1.2243800381114585
2024-02-28 11:00:00+00:00,1.220704486039268
2024-02-28 12:00:00+00:00,1.2240026286469747
2024-02-28 13:00:00+00:00,1.2176518102384888
2024-02-28 14:00:00+00:00,1.2280529946615415
2024-02-28 15:00:00+00:00,1.232183427404034
2024-02-28 16:00:00+00:00,1.2233978612263852
2024-02-28 17:00:00+00:00,1.2331297814935573
2024-02-28 18:00:00+00:00,1.2244894559299886
2024-02-28 19:00:00+00:00,1.2196891889678843
2024-02-28 20:00:00+00:00,1.2201922159306693
2024-02-28 21:00:00+00:00,1.2243531873176106
2024-02-28 22:00:00+00:00,1.2263554024903864
2024-02-28 23:00:00+00:00,1.2188227986431224
2024-02-29 00:00:00+00:00,1.2448784362119483
2024-02-29 01:00:00+00:00,1.2532983198583911
2024-02-29 02:00:00+00:00,1.2448043839183427
2024-02-29 03:00:00+00:00,1.2308581114393384
2024-02-29 04:00:00+00:00,1.2306481193374177
2024-02-29 05:00:00+00:00,1.2393487789500082
2024-02-29 06:00:00+00:00,1.2323283436760204
2024-02-29 07:00:00+00:00,1.2410851771934328
2024-02-29 08:00:00+00:00,1.2593349670201137
2024-02-29 09:00:00+00:00,1.2611716363144128
2024-02-29 10:00:00+00:00,1.2533064851426716
2024-02-29 11:00:00+00:00,1.257200223818631
2024-02-29 12:00:00+00:00,1.2589176241761424
2024-02-29 13:00:00+00:00,1.2527241634749615
2024-02-29 14:00:00+00:00,1.2535797620242426
2024-02-29 15:00:00+00:00,1.2308804902917923
2024-02-29 16:00:00+00:00,1.2409518537582482
2024-02-29 17:00:00+00:00,1.2453839944791474
2024-02-29 18:00:00+00:00,1.2569506498289427
2024-02-29 19:00:00+00:00,1.2555787922513824
2024-02-29 20:00:00+00:00,1.2500699653753422
2024-02-29 21:00:00+00:00,1.2568437971164823
2024-02-29 22:00:00+00:00,1.2633442357338642
2024-02-29 23:00:00+00:00,1.2657721968313564
2024-03-01 00:00:00+00:00,1.2657243245044538
2024-03-01 01:00:00+00:00,1.2659286131996417
2024-03-01 02:00:00+00:00,1.2614590818745453
2024-03-01 03:00:00+00:00,1.2657694220836662
2024-03-01 04:00:00+00:00,1.2642053702207163
2024-03-01 05:00:00+00:00,1.2661209002564289
2024-03-01 06:00:00+00:00,1.2667434853652495
2024-03-01 07:00:00+00:00,1.2699007805464697
2024-03-01 08:00:00+00:00,1.2628420062292907
2024-03-01 09:00:00+00:00,1.2594471502006044
2024-03-01 10:00:00+00:00,1.2597716188305614
2024-03-01 11:00:00+00:00,1.2603827764505462
2024-03-01 12:00:00+00:00,1.2621871026855636
2024-03-01 13:00:00+00:00,1.2389312617634332
2024-03-01 14:00:00+00:00,1.2404431193082848
2024-03-01 15:00:00+00:00,1.239727399916115
2024-03-01 16:00:00+00:00,1.2164223543916661
2024-03-01 17:00:00+00:00,1.210594100245571
2024-03-01 18:00:00+00:00,1.2017398027733077
2024-03-01 19:00:00+00:00,1.1954583923447444
2024-03-01 20:00:00+00:00,1.1883392064346103
2024-03-01 21:00:00+00:00,1.1804514734489284
2024-03-01 22:00:00+00:00,1.1829609971354047
2024-03-01 23:00:00+00:00,1.1837738217548797
2024-03-02 00:00:00+00:00,1.1578962047624466
2024-03-02 01:00:00+00:00,1.1670234305053826
2024-03-02 02:00:00+00:00,1.1721943658396847
2024-03-02 03:00:00+00:00,1.171782376478232
2024-03-02 04:00:00+00:00,1.1695685180402375
2024-03-02 05:00:00+00:00,1.1730845932869145
2024-03-02 06:00:00+00:00,1.1740113904626182
2024-03-02 07:00:00+00:00,1.1656517693051465
2024-03-02 08:00:00+00:00,1.1641731668727684
2024-03-02 09:00:00+00:00,1.1723272569601162
2024-03-02 10:00:00+00:00,1.1773314401144526
2024-03-02 11:00:00+00:00,1.181277380456991
2024-03-02 12:00:00+00:00,1.1833216668780444
2024-03-02 13:00:00+00:00,1.181537644092108
2024-03-02 14:00:00+00:00,1.187978043994621
2024-03-02 15:00:00+00:00,1.188889575424209
2024-03-02 16:00:00+00:00,1.1924090844625943
2024-03-02 17:00:00+00:00,1.1918420449056875
2024-03-02 18:00:00+00:00,1.1887815045283727
2024-03-02 19:00:00+00:00,1.1915497111393571
2024-03-02 20:00:00+00:00,1.1948393889234679
2024-03-02 21:00:00+00:00,1.189896463299513
2024-03-02 22:00:00+00:00,1.1904858286192332
2024-03-02 23:00:00+00:00,1.1928598605327005
2024-03-03 00:00:00+00:00,1.2173973705294314
2024-03-03 01:00:00+00:00,1.2155499104597258
2024-03-03 02:00:00+00:00,1.2187567228240936
2024-03-03 03:00:00+00:00,1.220971922199294
2024-03-03 04:00:00+00:00,1.222475231641625
2024-03-03 05:00:00+00:00,1.2257210930457119
2024-03-03 06:00:00+00:00,1.2246301863833204
2024-03-03 07:00:00+00:00,1.2168805226576316
2024-03-03 08:00:00+00:00,1.2166377114826032
2024-03-03 09:00:00+00:00,1.2198882734821193
2024-03-03 10:00:00+00:00,1.214153475978739
2024-03-03 11:00:00+00:00,1.2037321073444847
2024-03-03 12:00:00+00:00,1.2066007010693094
2024-03-03 13:00:00+00:00,1.2045464541293205
2024-03-03 14:00:00+00:00,1.212044263583358
2024-03-03 15:00:00+00:00,1.2072375120400674
2024-03-03 16:00:00+00:00,1.2042408784422467
2024-03-03 17:00:00+00:00,1.2047903415783212
2024-03-03 18:00:00+00:00,1.1872164532414096
2024-03-03 19:00:00+00:00,1.1873870484155515
2024-03-03 20:00:00+00:00,1.1770107872701259
2024-03-03 21:00:00+00:00,1.177365907017854
2024-03-03 22:00:00+00:00,1.1808065355113468
2024-03-03 23:00:00+00:00,1.1772057552043764
2024-03-04 00:00:00+00:00,1.1809228099126012
2024-03-04 01:00:00+00:00,1.1796110268234352
2024-03-04 02:00:00+00:00,1.1657440166904507
2024-03-04 03:00:00+00:00,1.1667612830706837
2024-03-04 04:00:00+00:00,1.1651223889742535
2024-03-04 05:00:00+00:00,1.1626216986312166
2024-03-04 06:00:00+00:00,1.1511277490052847
2024-03-04 07:00:00+00:00,1.1567138181423389
2024-03-04 08:00:00+00:00,1.150227179588877
2024-03-04 09:00:00+00:00,1.1615615529259196
2024-03-04 10:00:00+00:00,1.166780298318
2024-03-04 11:00:00+00:00,1.1655599143133912
2024-03-04 12:00:00+00:00,1.1673168377870475
2024-03-04 13:00:00+00:00,1.1709060251903496
2024-03-04 14:00:00+00:00,1.1602066859129918
2024-03-04 15:00:00+00:00,1.1495459762724423
2024-03-04 16:00:00+00:00,1.103454666014776
2024-03-04 17:00:00+00:00,1.1216632737579928
2024-03-04 18:00:00+00:00,1.12779678537871
2024-03-04 19:00:00+00:00,1.1272056362021639
2024-03-04 20:00:00+00:00,1.131803941366466
2024-03-04 21:00:00+00:00,1.1338728479818498
2024-03-04 22:00:00+00:00,1.1247572518248055
2024-03-04 23:00:00+00:00,1.131838320270807
2024-03-05 00:00:00+00:00,1.0730006008514783
2024-03-05 01:00:00+00:00,1.0677287739795005
2024-03-05 02:00:00+00:00,1.069968408366715
2024-03-05 03:00:00+00:00,1.0789535014332778
2024-03-05 04:00:00+00:00,1.1229693189105903
2024-03-05 05:00:00+00:00,1.1281810014930846
2024-03-05 06:00:00+00:00,1.1285212234107518
2024-03-05 07:00:00+00:00,1.1298589746019174
2024-03-05 08:00:00+00:00,1.1371374694041034
2024-03-05 09:00:00+00:00,1.1362479033284345
2024-03-05 10:00:00+00:00,1.1286469310784748
2024-03-05 11:00:00+00:00,1.125901955061644
2024-03-05 12:00:00+00:00,1.1230281479194972
2024-03-05 13:00:00+00:00,1.1143346193291255
2024-03-05 14:00:00+00:00,1.1153321638523375
2024-03-05 15:00:00+00:00,1.140399948300776
2024-03-05 16:00:00+00:00,1.141308638152682
2024-03-05 17:00:00+00:00,1.1435241725777363
2024-03-05 18:00:00+00:00,1.1412301234625446
2024-03-05 19:00:00+00:00,1.1433044595857595
2024-03-05 20:00:00+00:00,1.1269770048140335
2024-03-05 21:00:00+00:00,1.1265275509661965
2024-03-05 22:00:00+00:00,1.1093151376685169
2024-03-05 23:00:00+00:00,1.118957970352337
2024-03-06 00:00:00+00:00,1.1192268297310932
2024-03-06 01:00:00+00:00,1.1231383329365856
2024-03-06 02:00:00+00:00,1.1253712440629489
2024-03-06 03:00:00+00:00,1.1287558258844526
2024-03-06 04:00:00+00:00,1.1141482089497174
2024-03-06 05:00:00+00:00,1.1097841821945964
2024-03-06 06:00:00+00:00,1.104388801553068
2024-03-06 07:00:00+00:00,1.1093494442500667
2024-03-06 08:00:00+00:00,1.1127091938193927
2024-03-06 09:00:00+00:00,1.1095740125151279
2024-03-06 10:00:00+00:00,1.1114876088536736
2024-03-06 11:00:00+00:00,1.11248525613976
2024-03-06 12:00:00+00:00,1.1184242883185727
2024-03-06 13:00:00+00:00,1.1166322568866278
2024-03-06 14:00:00+00:00,1.1142824057070853
2024-03-06 15:00:00+00:00,1.1212784195346703
2024-03-06 16:00:00+00:00,1.1231713228171964
2024-03-06 17:00:00+00:00,1.128794940150012
2024-03-06 18:00:00+00:00,1.1283231450307238
2024-03-06 19:00:00+00:00,1.1269612270771427
2024-03-06 20:00:00+00:00,1.1279725218858565
2024-03-06 21:00:00+00:00,1.1346031409918207
2024-03-06 22:00:00+00:00,1.1408488170513569
2024-03-06 23:00:00+00:00,1.1341877578539494
2024-03-07 00:00:00+00:00,1.144281434689693
2024-03-07 01:00:00+00:00,1.152677542466265
2024-03-07 02:00:00+00:00,1.1523697638316328
2024-03-07 03:00:00+00:00,1.1638242712127385
2024-03-07 04:00:00+00:00,1.1743632777490411
2024-03-07 05:00:00+00:00,1.1722594948582936
2024-03-07 06:00:00+00:00,1.1715760585371422
2024-03-07 07:00:00+00:00,1.1842449193848261
2024-03-07 08:00:00+00:00,1.1766560135497917
2024-03-07 09:00:00+00:00,1.176144602528507
2024-03-07 10:00:00+00:00,1.181980703850072
2024-03-07 11:00:00+00:00,1.180541182552313
2024-03-07 12:00:00+00:00,1.1864906566360665
2024-03-07 13:00:00+00:00,1.191390984108769
2024-03-07 14:00:00+00:00,1.1814682082907633
2024-03-07 15:00:00+00:00,1.1785434232099217
2024-03-07 16:00:00+00:00,1.184441862135945
2024-03-07 17:00:00+00:00,1.1841154680256918
2024-03-07 18:00:00+00:00,1.180460048192705
2024-03-07 19:00:00+00:00,1.1819860390392742
2024-03-07 20:00:00+00:00,1.174202560228362
2024-03-07 21:00:00+00:00,1.1823458269722447
2024-03-07 22:00:00+00:00,1.1862215484561145
2024-03-07 23:00:00+00:00,1.1799097188622456
2024-03-08 00:00:00+00:00,1.1848968908329331
2024-03-08 01:00:00+00:00,1.1741791537333364
2024-03-08 02:00:00+00:00,1.1690142347417087
2024-03-08 03:00:00+00:00,1.1684103231205967
2024-03-08 04:00:00+00:00,1.1690461663106633
2024-03-08 05:00:00+00:00,1.1742712589120128
2024-03-08 06:00:00+00:00,1.1742394094374717
2024-03-08 07:00:00+00:00,1.1630928295412055
2024-03-08 08:00:00+00:00,1.1706185317253799
2024-03-08 09:00:00+00:00,1.1711575924623878
2024-03-08 10:00:00+00:00,1.1689835178894887
2024-03-08 11:00:00+00:00,1.1671160712346569
2024-03-08 12:00:00+00:00,1.1665172687694707
2024-03-08 13:00:00+00:00,1.1577595212218204
2024-03-08 14:00:00+00:00,1.1666907582429018
2024-03-08 15:00:00+00:00,1.166066784463764
2024-03-08 16:00:00+00:00,1.1633902775838398
2024-03-08 17:00:00+00:00,1.161213046575086
2024-03-08 18:00:00+00:00,1.1585533320721106
2024-03-08 19:00:00+00:00,1.1630260676186552
2024-03-08 20:00:00+00:00,1.161480016555159
2024-03-08 21:00:00+00:00,1.1636478506403702
2024-03-08 22:00:00+00:00,1.1684132461953765
2024-03-08 23:00:00+00:00,1.1645768693330523
2024-03-09 00:00:00+00:00,1.1680511716860307
2024-03-09 01:00:00+00:00,1.1657508826218879
2024-03-09 02:00:00+00:00,1.1654874550888283
2024-03-09 03:00:00+00:00,1.1643278265979848
2024-03-09 04:00:00+00:00,1.1622987306196928
2024-03-09 05:00:00+00:00,1.167709053664738
2024-03-09 06:00:00+00:00,1.1668448641181608
2024-03-09 07:00:00+00:00,1.1665621428142805
2024-03-09 08:00:00+00:00,1.1644814786947875
2024-03-09 09:00:00+00:00,1.161923657768673
2024-03-09 10:00:00+00:00,1.171018858565319
2024-03-09 11:00:00+00:00,1.1733891697143464
2024-03-09 12:00:00+00:00,1.1754750701369334
2024-03-09 13:00:00+00:00,1.1772533441446937
2024-03-09 14:00:00+00:00,1.1744034601489228
2024-03-09 15:00:00+00:00,1.1745754361015486
2024-03-09 16:00:00+00:00,1.168165017440147
2024-03-09 17:00:00+00:00,1.1637424759488908
2024-03-09 18:00:00+00:00,1.167022294669544
2024-03-09 19:00:00+00:00,1.1709428851400043
2024-03-09 20:00:00+00:00,1.1647980905728599
2024-03-09 21:00:00+00:00,1.1637978312760873
2024-03-09 22:00:00+00:00,1.163939746456406
2024-03-09 23:00:00+00:00,1.1599980514357207
2024-03-10 00:00:00+00:00,1.16599037204943
2024-03-10 01:00:00+00:00,1.1732279247224229
2024-03-10 02:00:00+00:00,1.1675095845599293
2024-03-10 03:00:00+00:00,1.1691597149365855
2024-03-10 04:00:00+00:00,1.1675335011399408
2024-03-10 05:00:00+00:00,1.1653857120517075
2024-03-10 06:00:00+00:00,1.1662604221256816
2024-03-10 07:00:00+00:00,1.1694560524903383
2024-03-10 08:00:00+00:00,1.166204722795364
2024-03-10 09:00:00+00:00,1.1625383813073673
2024-03-10 10:00:00+00:00,1.1540583898862673
2024-03-10 11:00:00+00:00,1.154882465520658
2024-03-10 12:00:00+00:00,1.15886914520031
2024-03-10 13:00:00+00:00,1.1627061189068686
2024-03-10 14:00:00+00:00,1.156523305944689
2024-03-10 15:00:00+00:00,1.1579855141013133
2024-03-10 16:00:00+00:00,1.1597150591198675
2024-03-10 17:00:00+00:00,1.1554212433379167
2024-03-10 18:00:00+00:00,1.1563513461770951
2024-03-10 19:00:00+00:00,1.1562019937522823
2024-03-10 20:00:00+00:00,1.156191222951422
2024-03-10 21:00:00+00:00,1.1579064884141248
2024-03-10 22:00:00+00:00,1.1583075531542464
2024-03-10 23:00:00+00:00,1.1576173711716788
2024-03-11 00:00:00+00:00,1.1592422527117652
2024-03-11 01:00:00+00:00,1.1511070839169955
2024-03-11 02:00:00+00:00,1.1500918696520912
2024-03-11 03:00:00+00:00,1.1358103576290006
2024-03-11 04:00:00+00:00,1.131667986295279
2024-03-11 05:00:00+00:00,1.1319876971971454
2024-03-11 06:00:00+00:00,1.1319736499721367
2024-03-11 07:00:00+00:00,1.1449245007249547
2024-03-11 08:00:00+00:00,1.1446897335855015
2024-03-11 09:00:00+00:00,1.138110360217601
2024-03-11 10:00:00+00:00,1.1484328856160695
2024-03-11 11:00:00+00:00,1.1447008490050583
2024-03-11 12:00:00+00:00,1.1486641547706782
2024-03-11 13:00:00+00:00,1.1437361399182633
2024-03-11 14:00:00+00:00,1.1472782179944783
2024-03-11 15:00:00+00:00,1.1740519489438188
2024-03-11 16:00:00+00:00,1.1835653926170977
2024-03-11 17:00:00+00:00,1.1876279129368013
2024-03-11 18:00:00+00:00,1.1866054292792305
2024-03-11 19:00:00+00:00,1.188341704714883
2024-03-11 20:00:00+00:00,1.19081180972607
2024-03-11 21:00:00+00:00,1.1941156674078006
2024-03-11 22:00:00+00:00,1.1959437200785012
2024-03-11 23:00:00+00:00,1.191509706207363
2024-03-12 00:00:00+00:00,1.191110662001656
2024-03-12 01:00:00+00:00,1.1949922448389052
2024-03-12 02:00:00+00:00,1.1946155881266463
2024-03-12 03:00:00+00:00,1.1860678680120569
2024-03-12 04:00:00+00:00,1.1776157669563283
2024-03-12 05:00:00+00:00,1.1819411979663672
2024-03-12 06:00:00+00:00,1.1804686826732818
2024-03-12 07:00:00+00:00,1.171670221913951
2024-03-12 08:00:00+00:00,1.1721252264451623
2024-03-12 09:00:00+00:00,1.1660424139854486
2024-03-12 10:00:00+00:00,1.1672438720926628
2024-03-12 11:00:00+00:00,1.1697403750758388
2024-03-12 12:00:00+00:00,1.1698339761674053
2024-03-12 13:00:00+00:00,1.167950660550617
2024-03-12 14:00:00+00:00,1.1622342602808209
2024-03-12 15:00:00+00:00,1.1553940636123516
2024-03-12 16:00:00+00:00,1.1506588936275217
2024-03-12 17:00:00+00:00,1.1517927304250337
2024-03-12 18:00:00+00:00,1.1485335577636984
2024-03-12 19:00:00+00:00,1.1519091534943917
2024-03-12 20:00:00+00:00,1.148901755451206
2024-03-12 21:00:00+00:00,1.1472672402088036
2024-03-12 22:00:00+00:00,1.1504702577034236
2024-03-12 23:00:00+00:00,1.1463674494060074
2024-03-13 00:00:00+00:00,1.1474083726233983
2024-03-13 01:00:00+00:00,1.15343873298841
2024-03-13 02:00:00+00:00,1.154707183641875
2024-03-13 03:00:00+00:00,1.1473572487088277
2024-03-13 04:00:00+00:00,1.1575817189008286
2024-03-13 05:00:00+00:00,1.163703256168578
2024-03-13 06:00:00+00:00,1.1726292448881315
2024-03-13 07:00:00+00:00,1.1641772455137414
2024-03-13 08:00:00+00:00,1.1644807850207894
2024-03-13 09:00:00+00:00,1.1653210250944879
2024-03-13 10:00:00+00:00,1.1592715122316626
2024-03-13 11:00:00+00:00,1.1545458414381442
2024-03-13 12:00:00+00:00,1.1574560941768848
2024-03-13 13:00:00+00:00,1.1529524159044426
2024-03-13 14:00:00+00:00,1.1587680257564148
2024-03-13 15:00:00+00:00,1.1565656159110806
2024-03-13 16:00:00+00:00,1.1555959594353846
2024-03-13 17:00:00+00:00,1.154894579800861
2024-03-13 18:00:00+00:00,1.151411159659099
2024-03-13 19:00:00+00:00,1.1502482075728115
2024-03-13 20:00:00+00:00,1.1491488914840753
2024-03-13 21:00:00+00:00,1.1508036335000005
2024-03-13 22:00:00+00:00,1.1509052355653797
2024-03-13 23:00:00+00:00,1.1489848831708647
2024-03-14 00:00:00+00:00,1.1465250107745517
2024-03-14 01:00:00+00:00,1.1446574210834244
2024-03-14 02:00:00+00:00,1.1496133573775842
2024-03-14 03:00:00+00:00,1.1521981925372033
2024-03-14 04:00:00+00:00,1.138171513983976
2024-03-14 05:00:00+00:00,1.1319287373648828
2024-03-14 06:00:00+00:00,1.1346165609681735
2024-03-14 07:00:00+00:00,1.1448851969863612
2024-03-14 08:00:00+00:00,1.1427100218637722
2024-03-14 09:00:00+00:00,1.1451612425533193
2024-03-14 10:00:00+00:00,1.1451478398824282
2024-03-14 11:00:00+00:00,1.1437198541608637
2024-03-14 12:00:00+00:00,1.1439966803674049
2024-03-14 13:00:00+00:00,1.1444521487885944
2024-03-14 14:00:00+00:00,1.1437109739795173
2024-03-14 15:00:00+00:00,1.1470474114370148
2024-03-14 16:00:00+00:00,1.1414654054129507
2024-03-14 17:00:00+00:00,1.144651401630274
2024-03-14 18:00:00+00:00,1.145539867292485
2024-03-14 19:00:00+00:00,1.1518596807676507
2024-03-14 20:00:00+00:00,1.145236884715675
2024-03-14 21:00:00+00:00,1.1339137633662761
2024-03-14 22:00:00+00:00,1.1356289203496244
2024-03-14 23:00:00+00:00,1.1325691027371014
2024-03-15 00:00:00+00:00,1.1294629643174738
2024-03-15 01:00:00+00:00,1.1283830043136425
2024-03-15 02:00:00+00:00,1.1275509802528012
2024-03-15 03:00:00+00:00,1.1343708164312907
2024-03-15 04:00:00+00:00,1.1371488413095465
2024-03-15 05:00:00+00:00,1.1363503897510596
2024-03-15 06:00:00+00:00,1.1374848059244587
2024-03-15 07:00:00+00:00,1.1444898475661065
2024-03-15 08:00:00+00:00,1.1447416756127042
2024-03-15 09:00:00+00:00,1.1449428137930158
2024-03-15 10:00:00+00:00,1.1487461941849404
2024-03-15 11:00:00+00:00,1.148605109397238
2024-03-15 12:00:00+00:00,1.1517113139617294
2024-03-15 13:00:00+00:00,1.146054445711672
2024-03-15 14:00:00+00:00,1.1498518494109102
2024-03-15 15:00:00+00:00,1.147386516474225
2024-03-15 16:00:00+00:00,1.1502576445604873
2024-03-15 17:00:00+00:00,1.1467576243190687
2024-03-15 18:00:00+00:00,1.1443368886179062
2024-03-15 19:00:00+00:00,1.1455496885018452
2024-03-15 20:00:00+00:00,1.1513895625990793
2024-03-15 21:00:00+00:00,1.1375590760796819
2024-03-15 22:00:00+00:00,1.1290693154420575
2024-03-15 23:00:00+00:00,1.1186282147966247
2024-03-16 00:00:00+00:00,1.1313427212574583
2024-03-16 01:00:00+00:00,1.1335194376855238
2024-03-16 02:00:00+00:00,1.1302772839378614
2024-03-16 03:00:00+00:00,1.1314968121613642
2024-03-16 04:00:00+00:00,1.1310506919863441
2024-03-16 05:00:00+00:00,1.1353525399394153
2024-03-16 06:00:00+00:00,1.1250402533073582
2024-03-16 07:00:00+00:00,1.125347540161143
2024-03-16 08:00:00+00:00,1.1191116159466572
2024-03-16 09:00:00+00:00,1.1165755986804238
2024-03-16 10:00:00+00:00,1.118714563877486
2024-03-16 11:00:00+00:00,1.1199608918833268
2024-03-16 12:00:00+00:00,1.121352576094006
2024-03-16 13:00:00+00:00,1.1261498401440366
2024-03-16 14:00:00+00:00,1.1243955707016993
2024-03-16 15:00:00+00:00,1.130676352719918
2024-03-16 16:00:00+00:00,1.1313114294706001
2024-03-16 17:00:00+00:00,1.1368845283655404
2024-03-16 18:00:00+00:00,1.136808734670347
2024-03-16 19:00:00+00:00,1.1400975575902743
2024-03-16 20:00:00+00:00,1.137003516980689
2024-03-16 21:00:00+00:00,1.1396859276660998
2024-03-16 22:00:00+00:00,1.1399362682538696
2024-03-16 23:00:00+00:00,1.1389919893412688
2024-03-17 00:00:00+00:00,1.1368420205225405
2024-03-17 01:00:00+00:00,1.1341411465125424
2024-03-17 02:00:00+00:00,1.136076885026414
2024-03-17 03:00:00+00:00,1.1362415819192007
2024-03-17 04:00:00+00:00,1.1407222654326812
2024-03-17 05:00:00+00:00,1.139402650190955
2024-03-17 06:00:00+00:00,1.1455335422431134
2024-03-17 07:00:00+00:00,1.141812552589264
2024-03-17 08:00:00+00:00,1.140980613530856
2024-03-17 09:00:00+00:00,1.1528668833506839
2024-03-17 10:00:00+00:00,1.1516743828199598
2024-03-17 11:00:00+00:00,1.155100960997427
2024-03-17 12:00:00+00:00,1.1542268642691056
2024-03-17 13:00:00+00:00,1.1505984502724065
2024-03-17 14:00:00+00:00,1.1444448313879048
2024-03-17 15:00:00+00:00,1.1425529138883168
2024-03-17 16:00:00+00:00,1.1406623090709225
2024-03-17 17:00:00+00:00,1.144282172539869
2024-03-17 18:00:00+00:00,1.146047856255529
2024-03-17 19:00:00+00:00,1.1474416660176112
2024-03-17 20:00:00+00:00,1.1454725834315809
2024-03-17 21:00:00+00:00,1.1431935637399446
2024-03-17 22:00:00+00:00,1.142476240520441
2024-03-17 23:00:00+00:00,1.1426076205413886
2024-03-18 00:00:00+00:00,1.1435272667471834
2024-03-18 01:00:00+00:00,1.1363697448630483
2024-03-18 02:00:00+00:00,1.132620841833411
2024-03-18 03:00:00+00:00,1.137226350462054
2024-03-18 04:00:00+00:00,1.1451772486424978
2024-03-18 05:00:00+00:00,1.1556547293241026
2024-03-18 06:00:00+00:00,1.1527277799006157
2024-03-18 07:00:00+00:00,1.1502861733091374
2024-03-18 08:00:00+00:00,1.1503498288048124
2024-03-18 09:00:00+00:00,1.1448106382469012
2024-03-18 10:00:00+00:00,1.1459184000908929
2024-03-18 11:00:00+00:00,1.1469144709564218
2024-03-18 12:00:00+00:00,1.1449728418020473
2024-03-18 13:00:00+00:00,1.1477152989887636
2024-03-18 14:00:00+00:00,1.1467126044619254
2024-03-18 15:00:00+00:00,1.135312742842399
2024-03-18 16:00:00+00:00,1.1420739384423841
2024-03-18 17:00:00+00:00,1.1451094545831235
2024-03-18 18:00:00+00:00,1.1466033527749264
2024-03-18 19:00:00+00:00,1.1453823459338708
2024-03-18 20:00:00+00:00,1.1510012166238293
2024-03-18 21:00:00+00:00,1.142588702486478
2024-03-18 22:00:00+00:00,1.1532355782603745
2024-03-18 23:00:00+00:00,1.1599878796776137
2024-03-19 00:00:00+00:00,1.1571192281678182
2024-03-19 01:00:00+00:00,1.1542728199329415
2024-03-19 02:00:00+00:00,1.150268501101831
2024-03-19 03:00:00+00:00,1.1497172675246041
2024-03-19 04:00:00+00:00,1.144152041067633
2024-03-19 05:00:00+00:00,1.147626722929613
2024-03-19 06:00:00+00:00,1.1480789726999763
2024-03-19 07:00:00+00:00,1.1323990895300808
2024-03-19 08:00:00+00:00,1.1435335137204603
2024-03-19 09:00:00+00:00,1.1367355961100047
2024-03-19 10:00:00+00:00,1.1436646372467465
2024-03-19 11:00:00+00:00,1.1335032441155022
2024-03-19 12:00:00+00:00,1.1351872472770101
2024-03-19 13:00:00+00:00,1.132679244998368
2024-03-19 14:00:00+00:00,1.133695857455632
2024-03-19 15:00:00+00:00,1.1374265873770166
2024-03-19 16:00:00+00:00,1.1369700893998589
2024-03-19 17:00:00+00:00,1.1394173494035629
2024-03-19 18:00:00+00:00,1.1406588135681264
2024-03-19 19:00:00+00:00,1.1389259312953024
2024-03-19 20:00:00+00:00,1.145493756750549
2024-03-19 21:00:00+00:00,1.1452086462205893
2024-03-19 22:00:00+00:00,1.1511095677796128
2024-03-19 23:00:00+00:00,1.1507891258211675
2024-03-20 00:00:00+00:00,1.1526136032695664
2024-03-20 01:00:00+00:00,1.1631721903544583
2024-03-20 02:00:00+00:00,1.1684110076694043
2024-03-20 03:00:00+00:00,1.1638116504665246
2024-03-20 04:00:00+00:00,1.1708755864101785
2024-03-20 05:00:00+00:00,1.1735022654838156
2024-03-20 06:00:00+00:00,1.1665057539839958
2024-03-20 07:00:00+00:00,1.168235513366428
2024-03-20 08:00:00+00:00,1.169039850855767
2024-03-20 09:00:00+00:00,1.1751054980645104
2024-03-20 10:00:00+00:00,1.1719782696800494
2024-03-20 11:00:00+00:00,1.1751926995765978
2024-03-20 12:00:00+00:00,1.1690688320502611
2024-03-20 13:00:00+00:00,1.1733306234918124
2024-03-20 14:00:00+00:00,1.1749905849893563
2024-03-20 15:00:00+00:00,1.1749098979373611
2024-03-20 16:00:00+00:00,1.171724522128026
2024-03-20 17:00:00+00:00,1.1709038516628663
2024-03-20 18:00:00+00:00,1.1675075627840004
2024-03-20 19:00:00+00:00,1.1732257974985771
2024-03-20 20:00:00+00:00,1.174242907615224
2024-03-20 21:00:00+00:00,1.1634283232214209
2024-03-20 22:00:00+00:00,1.1650291970085072
2024-03-20 23:00:00+00:00,1.1649021924369658
2024-03-21 00:00:00+00:00,1.1583849554401993
2024-03-21 01:00:00+00:00,1.1616277847802685
2024-03-21 02:00:00+00:00,1.1622071913109753
2024-03-21 03:00:00+00:00,1.1662237523047836
2024-03-21 04:00:00+00:00,1.1685732954645434
2024-03-21 05:00:00+00:00,1.1676768177514436
2024-03-21 06:00:00+00:00,1.1641794541689454
2024-03-21 07:00:00+00:00,1.16428362211068
2024-03-21 08:00:00+00:00,1.1665607956276298
2024-03-21 09:00:00+00:00,1.16396402321954
2024-03-21 10:00:00+00:00,1.1594104748108744
2024-03-21 11:00:00+00:00,1.162435056528867
2024-03-21 12:00:00+00:00,1.16251858832567
2024-03-21 13:00:00+00:00,1.1703830672204774
2024-03-21 14:00:00+00:00,1.1709399255489643
2024-03-21 15:00:00+00:00,1.1734503793505766
2024-03-21 16:00:00+00:00,1.179334743891467
2024-03-21 17:00:00+00:00,1.1719688297626296
2024-03-21 18:00:00+00:00,1.1751955283789068
2024-03-21 19:00:00+00:00,1.1746350550204328
2024-03-21 20:00:00+00:00,1.1768933547830134
2024-03-21 21:00:00+00:00,1.1780711199549285
2024-03-21 22:00:00+00:00,1.1749781379511215
2024-03-21 23:00:00+00:00,1.1745808892738485
2024-03-22 00:00:00+00:00,1.176986593974199
2024-03-22 01:00:00+00:00,1.1690051582793155
2024-03-22 02:00:00+00:00,1.1671763730305935
2024-03-22 03:00:00+00:00,1.1653905339462274
2024-03-22 04:00:00+00:00,1.1623788804023116
2024-03-22 05:00:00+00:00,1.1661448376787191
2024-03-22 06:00:00+00:00,1.1624768026167507
2024-03-22 07:00:00+00:00,1.1640817279733524
2024-03-22 08:00:00+00:00,1.162415009252975
2024-03-22 09:00:00+00:00,1.1631814771936164
2024-03-22 10:00:00+00:00,1.159817189226777
2024-03-22 11:00:00+00:00,1.1602061570033428
2024-03-22 12:00:00+00:00,1.1641596383629156
2024-03-22 13:00:00+00:00,1.1592418837425484
2024-03-22 14:00:00+00:00,1.1577414444071246
2024-03-22 15:00:00+00:00,1.1629354451689695
2024-03-22 16:00:00+00:00,1.1641390165043783
2024-03-22 17:00:00+00:00,1.1634331358929793
2024-03-22 18:00:00+00:00,1.1647035665496892
2024-03-22 19:00:00+00:00,1.1581857167122438
2024-03-22 20:00:00+00:00,1.1638950160511718
2024-03-22 21:00:00+00:00,1.1640273638573635
2024-03-22 22:00:00+00:00,1.1681133029362103
2024-03-22 23:00:00+00:00,1.1605266656475826
2024-03-23 00:00:00+00:00,1.1688414848996973
2024-03-23 01:00:00+00:00,1.1683238696525866
2024-03-23 02:00:00+00:00,1.1713425620986069
2024-03-23 03:00:00+00:00,1.171379261141204
2024-03-23 04:00:00+00:00,1.1716674138730914
2024-03-23 05:00:00+00:00,1.1710995069235264
2024-03-23 06:00:00+00:00,1.1738774856912024
2024-03-23 07:00:00+00:00,1.1763628555773107
2024-03-23 08:00:00+00:00,1.1737261501571978
2024-03-23 09:00:00+00:00,1.1754137262112239
2024-03-23 10:00:00+00:00,1.1770266179551903
2024-03-23 11:00:00+00:00,1.1775748538540682
2024-03-23 12:00:00+00:00,1.175056414878769
2024-03-23 13:00:00+00:00,1.1769656704518565
2024-03-23 14:00:00+00:00,1.1781077201169832
2024-03-23 15:00:00+00:00,1.1805816811836292
2024-03-23 16:00:00+00:00,1.1737149621725531
2024-03-23 17:00:00+00:00,1.1715390330337747
2024-03-23 18:00:00+00:00,1.175597960936065
2024-03-23 19:00:00+00:00,1.173375034957895
2024-03-23 20:00:00+00:00,1.1725556927665324
2024-03-23 21:00:00+00:00,1.174224978306001
2024-03-23 22:00:00+00:00,1.1771177354528803
2024-03-23 23:00:00+00:00,1.1751989921938997
2024-03-24 00:00:00+00:00,1.1783890688923344
2024-03-24 01:00:00+00:00,1.1770323725200835
2024-03-24 02:00:00+00:00,1.1697675706616528
2024-03-24 03:00:00+00:00,1.169818431631398
2024-03-24 04:00:00+00:00,1.168115350874815
2024-03-24 05:00:00+00:00,1.16585004313294
2024-03-24 06:00:00+00:00,1.1630797545156848
2024-03-24 07:00:00+00:00,1.160146809173331
2024-03-24 08:00:00+00:00,1.1610646402596563
2024-03-24 09:00:00+00:00,1.172441307725138
2024-03-24 10:00:00+00:00,1.1777993550469865
2024-03-24 11:00:00+00:00,1.1795814469065216
2024-03-24 12:00:00+00:00,1.1780088630022314
2024-03-24 13:00:00+00:00,1.1824903011266923
2024-03-24 14:00:00+00:00,1.1810867619602663
2024-03-24 15:00:00+00:00,1.1781154690597366
2024-03-24 16:00:00+00:00,1.1797460079591031
2024-03-24 17:00:00+00:00,1.1813883037747133
2024-03-24 18:00:00+00:00,1.1813858277053164
2024-03-24 19:00:00+00:00,1.1775181669553105
2024-03-24 20:00:00+00:00,1.177212372904585
2024-03-24 21:00:00+00:00,1.1757384143576495
2024-03-24 22:00:00+00:00,1.1829893984853666
2024-03-24 23:00:00+00:00,1.1845014286345465
2024-03-25 00:00:00+00:00,1.183432792773448
2024-03-25 01:00:00+00:00,1.1866682291826036
2024-03-25 02:00:00+00:00,1.182054106123377
2024-03-25 03:00:00+00:00,1.1839981895812839
2024-03-25 04:00:00+00:00,1.185868738497938
2024-03-25 05:00:00+00:00,1.187864743702096
2024-03-25 06:00:00+00:00,1.1833966625241774
2024-03-25 07:00:00+00:00,1.1865511552266992
2024-03-25 08:00:00+00:00,1.1874204893790732
2024-03-25 09:00:00+00:00,1.188066148988552
2024-03-25 10:00:00+00:00,1.187273277192939
2024-03-25 11:00:00+00:00,1.1879879398700086
2024-03-25 12:00:00+00:00,1.191698703300971
2024-03-25 13:00:00+00:00,1.1925906740596803
2024-03-25 14:00:00+00:00,1.1964793594934737
2024-03-25 15:00:00+00:00,1.1932921939692636
2024-03-25 16:00:00+00:00,1.1932824571584943
2024-03-25 17:00:00+00:00,1.19720484908372
2024-03-25 18:00:00+00:00,1.199347465842726
2024-03-25 19:00:00+00:00,1.2026450172250374
2024-03-25 20:00:00+00:00,1.2032411305076274
2024-03-25 21:00:00+00:00,1.2014829541042815
2024-03-25 22:00:00+00:00,1.20163668380915
2024-03-25 23:00:00+00:00,1.1983575500616623
2024-03-26 00:00:00+00:00,1.1999921525389754
2024-03-26 01:00:00+00:00,1.204512223002776
2024-03-26 02:00:00+00:00,1.207550982389367
2024-03-26 03:00:00+00:00,1.2023369230327985
2024-03-26 04:00:00+00:00,1.1988863019434428
2024-03-26 05:00:00+00:00,1.1889629432151094
2024-03-26 06:00:00+00:00,1.1907298533303456
2024-03-26 07:00:00+00:00,1.190473167354054
2024-03-26 08:00:00+00:00,1.1942025589125342
2024-03-26 09:00:00+00:00,1.1943632648917544
2024-03-26 10:00:00+00:00,1.191942907371419
2024-03-26 11:00:00+00:00,1.1865410056926218
2024-03-26 12:00:00+00:00,1.1896397315324694
2024-03-26 13:00:00+00:00,1.183838768911785
2024-03-26 14:00:00+00:00,1.1821020190183011
2024-03-26 15:00:00+00:00,1.182497999494046
2024-03-26 16:00:00+00:00,1.1813788026291283
2024-03-26 17:00:00+00:00,1.178337011652006
2024-03-26 18:00:00+00:00,1.1778255029451767
2024-03-26 19:00:00+00:00,1.1812570845753736
2024-03-26 20:00:00+00:00,1.1799229782959417
2024-03-26 21:00:00+00:00,1.1865949535035594
2024-03-26 22:00:00+00:00,1.1908766102785489
2024-03-26 23:00:00+00:00,1.194977550445835
2024-03-27 00:00:00+00:00,1.1951032223307188
2024-03-27 01:00:00+00:00,1.194908443512595
2024-03-27 02:00:00+00:00,1.1930296633770148
2024-03-27 03:00:00+00:00,1.1937340089096222
2024-03-27 04:00:00+00:00,1.193434338467005
2024-03-27 05:00:00+00:00,1.1905156204271627
2024-03-27 06:00:00+00:00,1.1909331714229998
2024-03-27 07:00:00+00:00,1.1855821901499524
2024-03-27 08:00:00+00:00,1.1901163439928932
2024-03-27 09:00:00+00:00,1.1877389964767584
2024-03-27 10:00:00+00:00,1.1874090337044645
2024-03-27 11:00:00+00:00,1.1928854582865978
2024-03-27 12:00:00+00:00,1.189153865455887
2024-03-27 13:00:00+00:00,1.194144281128807
2024-03-27 14:00:00+00:00,1.1963621824111677
2024-03-27 15:00:00+00:00,1.1911781243435045
2024-03-27 16:00:00+00:00,1.1931214891797184
2024-03-27 17:00:00+00:00,1.193148019626584
2024-03-27 18:00:00+00:00,1.1944665570797028
2024-03-27 19:00:00+00:00,1.1969734664735487
2024-03-27 20:00:00+00:00,1.1947818246819513
2024-03-27 21:00:00+00:00,1.1960065586914037
2024-03-27 22:00:00+00:00,1.1888605600039717
2024-03-27 23:00:00+00:00,1.1900480036419736
2024-03-28 00:00:00+00:00,1.1818268557928227
2024-03-28 01:00:00+00:00,1.1772111720415346
2024-03-28 02:00:00+00:00,1.1770500836837334
2024-03-28 03:00:00+00:00,1.17922606841904
2024-03-28 04:00:00+00:00,1.1784973685555609
2024-03-28 05:00:00+00:00,1.1822743703655718
2024-03-28 06:00:00+00:00,1.1831159488358298
2024-03-28 07:00:00+00:00,1.1849470596784961
2024-03-28 08:00:00+00:00,1.1872222717538086
2024-03-28 09:00:00+00:00,1.1844133612145806
2024-03-28 10:00:00+00:00,1.1742394904836069
2024-03-28 11:00:00+00:00,1.1721361943517414
2024-03-28 12:00:00+00:00,1.175173413830135
2024-03-28 13:00:00+00:00,1.1750706977491945
2024-03-28 14:00:00+00:00,1.1784686142873486
2024-03-28 15:00:00+00:00,1.1784756699696959
2024-03-28 16:00:00+00:00,1.1791897378409772
2024-03-28 17:00:00+00:00,1.1787408927687486
2024-03-28 18:00:00+00:00,1.179824847333395
2024-03-28 19:00:00+00:00,1.1747880482831121
2024-03-28 20:00:00+00:00,1.1801552243280524
2024-03-28 21:00:00+00:00,1.1775874296404114
2024-03-28 22:00:00+00:00,1.1757990708671346
2024-03-28 23:00:00+00:00,1.1748791425213492
2024-03-29 00:00:00+00:00,1.1730613389891213
2024-03-29 01:00:00+00:00,1.1781763247461656
2024-03-29 02:00:00+00:00,1.1765192752316467
2024-03-29 03:00:00+00:00,1.1795188996785961
2024-03-29 04:00:00+00:00,1.175551851862802
2024-03-29 05:00:00+00:00,1.1743764811648651
2024-03-29 06:00:00+00:00,1.1802549496199959
2024-03-29 07:00:00+00:00,1.1804316843421825
2024-03-29 08:00:00+00:00,1.180699254421398
2024-03-29 09:00:00+00:00,1.1763243905406828
2024-03-29 10:00:00+00:00,1.179772070514452
2024-03-29 11:00:00+00:00,1.1812966077108158
2024-03-29 12:00:00+00:00,1.1817662377385996
2024-03-29 13:00:00+00:00,1.1817664914253674
2024-03-29 14:00:00+00:00,1.1841991990829914
2024-03-29 15:00:00+00:00,1.1775124961367978
2024-03-29 16:00:00+00:00,1.1798153256376962
2024-03-29 17:00:00+00:00,1.177913382230126
2024-03-29 18:00:00+00:00,1.1805883919139533
2024-03-29 19:00:00+00:00,1.171919721442741
2024-03-29 20:00:00+00:00,1.1711090105393893
2024-03-29 21:00:00+00:00,1.1750728844215004
2024-03-29 22:00:00+00:00,1.1779492015614055
2024-03-29 23:00:00+00:00,1.1765073468154537
2024-03-30 00:00:00+00:00,1.1761194414172533
2024-03-30 01:00:00+00:00,1.1745023852718592
2024-03-30 02:00:00+00:00,1.1765909039001723
2024-03-30 03:00:00+00:00,1.1756849977480313
2024-03-30 04:00:00+00:00,1.1808273347386813
2024-03-30 05:00:00+00:00,1.1821469245033926
2024-03-30 06:00:00+00:00,1.1859080137095994
2024-03-30 07:00:00+00:00,1.1904891439125396
2024-03-30 08:00:00+00:00,1.191173476471862
2024-03-30 09:00:00+00:00,1.1908776354890525
2024-03-30 10:00:00+00:00,1.19126169377999
2024-03-30 11:00:00+00:00,1.1934199632946527
2024-03-30 12:00:00+00:00,1.1935784402109444
2024-03-30 13:00:00+00:00,1.1926311669175178
2024-03-30 14:00:00+00:00,1.1971580290274226
2024-03-30 15:00:00+00:00,1.1975268930559888
2024-03-30 16:00:00+00:00,1.1938820228639249
2024-03-30 17:00:00+00:00,1.199511505119985
2024-03-30 18:00:00+00:00,1.1995376611586774
2024-03-30 19:00:00+00:00,1.1989825292430876
2024-03-30 20:00:00+00:00,1.197844683854331
2024-03-30 21:00:00+00:00,1.1992811156112801
2024-03-30 22:00:00+00:00,1.1986757859329866
2024-03-30 23:00:00+00:00,1.202030285421956
2024-03-31 00:00:00+00:00,1.1972515195316094
2024-03-31 01:00:00+00:00,1.2036195439695825
2024-03-31 02:00:00+00:00,1.2052211133748478
2024-03-31 03:00:00+00:00,1.2142952584410207
2024-03-31 04:00:00+00:00,1.213140301439439
2024-03-31 05:00:00+00:00,1.2165592471313293
2024-03-31 06:00:00+00:00,1.2239100894707144
2024-03-31 07:00:00+00:00,1.2190477640460697
2024-03-31 08:00:00+00:00,1.219939682119275
2024-03-31 09:00:00+00:00,1.2200711977656604
2024-03-31 10:00:00+00:00,1.2206449580272862
2024-03-31 11:00:00+00:00,1.2202208378822583
2024-03-31 12:00:00+00:00,1.2200382228827629
2024-03-31 13:00:00+00:00,1.2210264268098994
2024-03-31 14:00:00+00:00,1.2155287599979356
2024-03-31 15:00:00+00:00,1.2164545168426368
2024-03-31 16:00:00+00:00,1.2177085144420114
2024-03-31 17:00:00+00:00,1.2146429619769068
2024-03-31 18:00:00+00:00,1.2083424444208135
2024-03-31 19:00:00+00:00,1.204077495404043
2024-03-31 20:00:00+00:00,1.2056561376590669
2024-03-31 21:00:00+00:00,1.2057386750372412
2024-03-31 22:00:00+00:00,1.2049929898276177
2024-03-31 23:00:00+00:00,1.204218056327708
2024-04-01 00:00:00+00:00,1.2044664295886816
2024-04-01 01:00:00+00:00,1.2103507506638236
2024-04-01 02:00:00+00:00,1.2043754321755
2024-04-01 03:00:00+00:00,1.2044030926838054
2024-04-01 04:00:00+00:00,1.2074939339406654
2024-04-01 05:00:00+00:00,1.21087158391994
2024-04-01 06:00:00+00:00,1.202724340775146
2024-04-01 07:00:00+00:00,1.1993813118607608
2024-04-01 08:00:00+00:00,1.2047377686063039
2024-04-01 09:00:00+00:00,1.1972674035841695
2024-04-01 10:00:00+00:00,1.1912067130466917
2024-04-01 11:00:00+00:00,1.1938940543706624
2024-04-01 12:00:00+00:00,1.1949248912641204
2024-04-01 13:00:00+00:00,1.2010076467522164
2024-04-01 14:00:00+00:00,1.2012822450541487
2024-04-01 15:00:00+00:00,1.194000791519945
2024-04-01 16:00:00+00:00,1.1965412788702057
2024-04-01 17:00:00+00:00,1.1957678270616297
2024-04-01 18:00:00+00:00,1.1983803778658568
2024-04-01 19:00:00+00:00,1.1972645419671233
2024-04-01 20:00:00+00:00,1.1981561841268253
2024-04-01 21:00:00+00:00,1.2019809373021502
2024-04-01 22:00:00+00:00,1.203167460241297
2024-04-01 23:00:00+00:00,1.2046054838553608
2024-04-02 00:00:00+00:00,1.2028593132606236
2024-04-02 01:00:00+00:00,1.2054722862568268
2024-04-02 02:00:00+00:00,1.2098344964845666
2024-04-02 03:00:00+00:00,1.2017618072679566
2024-04-02 04:00:00+00:00,1.201262078635598
2024-04-02 05:00:00+00:00,1.2069748331321937
2024-04-02 06:00:00+00:00,1.2057946325514888
2024-04-02 07:00:00+00:00,1.209966410222071
2024-04-02 08:00:00+00:00,1.213918567658167
2024-04-02 09:00:00+00:00,1.2155023928216973
2024-04-02 10:00:00+00:00,1.213827643376269
2024-04-02 11:00:00+00:00,1.2137792305984934
2024-04-02 12:00:00+00:00,1.2174691585111395
2024-04-02 13:00:00+00:00,1.2222480436307273
2024-04-02 14:00:00+00:00,1.2220627093082415
2024-04-02 15:00:00+00:00,1.226414378369142
2024-04-02 16:00:00+00:00,1.223139227152667
2024-04-02 17:00:00+00:00,1.2215912420964048
2024-04-02 18:00:00+00:00,1.215870333360853
2024-04-02 19:00:00+00:00,1.2170417468792865
2024-04-02 20:00:00+00:00,1.2199996624737406
2024-04-02 21:00:00+00:00,1.2204586078163369
2024-04-02 22:00:00+00:00,1.2220555938779865
2024-04-02 23:00:00+00:00,1.2268881526597548
2024-04-03 00:00:00+00:00,1.231582229506791
2024-04-03 01:00:00+00:00,1.2264512946994446
2024-04-03 02:00:00+00:00,1.2257188875201195
2024-04-03 03:00:00+00:00,1.223527407169305
2024-04-03 04:00:00+00:00,1.2251633179851005
2024-04-03 05:00:00+00:00,1.2247488461922156
2024-04-03 06:00:00+00:00,1.2222980967057617
2024-04-03 07:00:00+00:00,1.2265391843633688
2024-04-03 08:00:00+00:00,1.2232665650909538
2024-04-03 09:00:00+00:00,1.2268680867084156
2024-04-03 10:00:00+00:00,1.2290197187886756
2024-04-03 11:00:00+00:00,1.2272851504256095
2024-04-03 12:00:00+00:00,1.2272476738678841
2024-04-03 13:00:00+00:00,1.2297603101787584
2024-04-03 14:00:00+00:00,1.225686776445178
2024-04-03 15:00:00+00:00,1.2247626344666063
2024-04-03 16:00:00+00:00,1.222433552467114
2024-04-03 17:00:00+00:00,1.2204561164474579
2024-04-03 18:00:00+00:00,1.2232324825916072
2024-04-03 19:00:00+00:00,1.2214948418276934
2024-04-03 20:00:00+00:00,1.2250534923451144
2024-04-03 21:00:00+00:00,1.2219278342853312
2024-04-03 22:00:00+00:00,1.2226509952838747
2024-04-03 23:00:00+00:00,1.2248344711171635
2024-04-04 00:00:00+00:00,1.2223392539000195
2024-04-04 01:00:00+00:00,1.2191754988307015
2024-04-04 02:00:00+00:00,1.2157433143338983
2024-04-04 03:00:00+00:00,1.217825572160949
2024-04-04 04:00:00+00:00,1.2153573626515846
2024-04-04 05:00:00+00:00,1.2179720181719365
2024-04-04 06:00:00+00:00,1.217322326252875
2024-04-04 07:00:00+00:00,1.215701278574614
2024-04-04 08:00:00+00:00,1.2147749802422683
2024-04-04 09:00:00+00:00,1.2151521823083618
2024-04-04 10:00:00+00:00,1.2158285337232557
2024-04-04 11:00:00+00:00,1.2156825268031324
2024-04-04 12:00:00+00:00,1.2157755088667317
2024-04-04 13:00:00+00:00,1.2242573734424929
2024-04-04 14:00:00+00:00,1.2255013138144115
2024-04-04 15:00:00+00:00,1.224003450464553
2024-04-04 16:00:00+00:00,1.2251802539534156
2024-04-04 17:00:00+00:00,1.2239843159502029
2024-04-04 18:00:00+00:00,1.226004010882896
2024-04-04 19:00:00+00:00,1.2237128186191324
2024-04-04 20:00:00+00:00,1.2263386108084222
2024-04-04 21:00:00+00:00,1.2263505434781798
2024-04-04 22:00:00+00:00,1.2285598856925148
2024-04-04 23:00:00+00:00,1.2268903590452862
2024-04-05 00:00:00+00:00,1.2239194984812511
2024-04-05 01:00:00+00:00,1.224097066128274
2024-04-05 02:00:00+00:00,1.2310223805970202
2024-04-05 03:00:00+00:00,1.2267460160089576
2024-04-05 04:00:00+00:00,1.2271254283631647
2024-04-05 05:00:00+00:00,1.232042569140668
2024-04-05 06:00:00+00:00,1.2324654021269477
2024-04-05 07:00:00+00:00,1.2266858398632312
2024-04-05 08:00:00+00:00,1.2227403814032178
2024-04-05 09:00:00+00:00,1.2193001870302813
2024-04-05 10:00:00+00:00,1.2162178992414654
2024-04-05 11:00:00+00:00,1.212070348376081
2024-04-05 12:00:00+00:00,1.217351028198801
2024-04-05 13:00:00+00:00,1.2168425772309721
2024-04-05 14:00:00+00:00,1.2191531351855516
2024-04-05 15:00:00+00:00,1.2196534414552567
2024-04-05 16:00:00+00:00,1.2153118850293763
2024-04-05 17:00:00+00:00,1.2119569820140508
2024-04-05 18:00:00+00:00,1.206469696969726
2024-04-05 19:00:00+00:00,1.2067725956166515
2024-04-05 20:00:00+00:00,1.2081593357630094
2024-04-05 21:00:00+00:00,1.2126586171855942
2024-04-05 22:00:00+00:00,1.2187783011857098
2024-04-05 23:00:00+00:00,1.2147634385921744
2024-04-06 00:00:00+00:00,1.2174424915021635
2024-04-06 01:00:00+00:00,1.2194565749096915
2024-04-06 02:00:00+00:00,1.2221357085071403
2024-04-06 03:00:00+00:00,1.2194469044301017
2024-04-06 04:00:00+00:00,1.2201719405258866
2024-04-06 05:00:00+00:00,1.226513576734819
2024-04-06 06:00:00+00:00,1.2253296878487463
2024-04-06 07:00:00+00:00,1.225517194760944
2024-04-06 08:00:00+00:00,1.226177644679735
2024-04-06 09:00:00+00:00,1.2265454923638106
2024-04-06 10:00:00+00:00,1.2279110062973082
2024-04-06 11:00:00+00:00,1.227989582831666
2024-04-06 12:00:00+00:00,1.2274974967713306
2024-04-06 13:00:00+00:00,1.2275001699147778
2024-04-06 14:00:00+00:00,1.2256721577500571
2024-04-06 15:00:00+00:00,1.226236184767673
2024-04-06 16:00:00+00:00,1.2275972783136033
2024-04-06 17:00:00+00:00,1.2268034970426411
2024-04-06 18:00:00+00:00,1.2260148084980114
2024-04-06 19:00:00+00:00,1.2267841268089126
2024-04-06 20:00:00+00:00,1.224774284722996
2024-04-06 21:00:00+00:00,1.230681922631307
2024-04-06 22:00:00+00:00,1.227031817235521
2024-04-06 23:00:00+00:00,1.2287109825400226
2024-04-07 00:00:00+00:00,1.226272901605256
2024-04-07 01:00:00+00:00,1.228064103001545
2024-04-07 02:00:00+00:00,1.228798346264146
2024-04-07 03:00:00+00:00,1.229105447516671
2024-04-07 04:00:00+00:00,1.2249453732856748
2024-04-07 05:00:00+00:00,1.2273668280915706
2024-04-07 06:00:00+00:00,1.2290055007497083
2024-04-07 07:00:00+00:00,1.2282379631205795
2024-04-07 08:00:00+00:00,1.2297209267124867
2024-04-07 09:00:00+00:00,1.2303364477160381
2024-04-07 10:00:00+00:00,1.2251640900345935
2024-04-07 11:00:00+00:00,1.2238108897435251
2024-04-07 12:00:00+00:00,1.2288664430463492
2024-04-07 13:00:00+00:00,1.2257540103962954
2024-04-07 14:00:00+00:00,1.2216264850875567
2024-04-07 15:00:00+00:00,1.2218386024528813
2024-04-07 16:00:00+00:00,1.2204013450253184
2024-04-07 17:00:00+00:00,1.2213826212916745
2024-04-07 18:00:00+00:00,1.2268260463816771
2024-04-07 19:00:00+00:00,1.224187049624377
2024-04-07 20:00:00+00:00,1.2216001051616903
2024-04-07 21:00:00+00:00,1.2246969946532984
2024-04-07 22:00:00+00:00,1.2291182589855014
2024-04-07 23:00:00+00:00,1.2272346647543313
2024-04-08 00:00:00+00:00,1.2280169565287962
2024-04-08 01:00:00+00:00,1.2281401309533975
2024-04-08 02:00:00+00:00,1.2257578730936096
2024-04-08 03:00:00+00:00,1.2218571194092838
2024-04-08 04:00:00+00:00,1.2211246456402542
2024-04-08 05:00:00+00:00,1.2176199212494434
2024-04-08 06:00:00+00:00,1.2145784077723518
2024-04-08 07:00:00+00:00,1.220097781123555
2024-04-08 08:00:00+00:00,1.2309706654922907
2024-04-08 09:00:00+00:00,1.2386009911679936
2024-04-08 10:00:00+00:00,1.2364464793098882
2024-04-08 11:00:00+00:00,1.2388204568516548
2024-04-08 12:00:00+00:00,1.242781405374129
2024-04-08 13:00:00+00:00,1.2488179536565587
2024-04-08 14:00:00+00:00,1.251315302042979
2024-04-08 15:00:00+00:00,1.2524716397107356
2024-04-08 16:00:00+00:00,1.255677259592218
2024-04-08 17:00:00+00:00,1.2562200500956768
2024-04-08 18:00:00+00:00,1.2531194731120667
2024-04-08 19:00:00+00:00,1.2547257399473837
2024-04-08 20:00:00+00:00,1.2566768936679218
2024-04-08 21:00:00+00:00,1.2581690381267443
2024-04-08 22:00:00+00:00,1.2587362966284592
2024-04-08 23:00:00+00:00,1.2594609982903917
2024-04-09 00:00:00+00:00,1.258594646579039
2024-04-09 01:00:00+00:00,1.2583498184998112
2024-04-09 02:00:00+00:00,1.2589403976962128
2024-04-09 03:00:00+00:00,1.2559414147101096
2024-04-09 04:00:00+00:00,1.2586092065384915
2024-04-09 05:00:00+00:00,1.2616197767923294
2024-04-09 06:00:00+00:00,1.2582573241638697
2024-04-09 07:00:00+00:00,1.2582436932084753
2024-04-09 08:00:00+00:00,1.2571185603759032
2024-04-09 09:00:00+00:00,1.2574798324696843
2024-04-09 10:00:00+00:00,1.2600176377734709
2024-04-09 11:00:00+00:00,1.260220145102568
2024-04-09 12:00:00+00:00,1.2632605960590098
2024-04-09 13:00:00+00:00,1.2662721301423023
2024-04-09 14:00:00+00:00,1.2641552446788689
2024-04-09 15:00:00+00:00,1.2690334163958816
2024-04-09 16:00:00+00:00,1.272455556092059
2024-04-09 17:00:00+00:00,1.2700475011136187
2024-04-09 18:00:00+00:00,1.2823992483830076
2024-04-09 19:00:00+00:00,1.2827671289314677
2024-04-09 20:00:00+00:00,1.2807605441425753
2024-04-09 21:00:00+00:00,1.276283458867081
2024-04-09 22:00:00+00:00,1.2779729478061628
2024-04-09 23:00:00+00:00,1.2753357812104351
2024-04-10 00:00:00+00:00,1.2757396860379218
2024-04-10 01:00:00+00:00,1.2717809973046312
2024-04-10 02:00:00+00:00,1.265006468617072
2024-04-10 03:00:00+00:00,1.2671742190630757
2024-04-10 04:00:00+00:00,1.266597867566192
2024-04-10 05:00:00+00:00,1.2706334166373274
2024-04-10 06:00:00+00:00,1.2720761368437299
2024-04-10 07:00:00+00:00,1.2689079421841447
2024-04-10 08:00:00+00:00,1.268295662002941
2024-04-10 09:00:00+00:00,1.2638248947072295
2024-04-10 10:00:00+00:00,1.2663670949958805
2024-04-10 11:00:00+00:00,1.265334537426093
2024-04-10 12:00:00+00:00,1.2639853633068954
2024-04-10 13:00:00+00:00,1.2600868699104677
2024-04-10 14:00:00+00:00,1.2645508008880306
2024-04-10 15:00:00+00:00,1.2607892433028796
2024-04-10 16:00:00+00:00,1.25580613534462
2024-04-10 17:00:00+00:00,1.258763029811037
2024-04-10 18:00:00+00:00,1.258481390459343
2024-04-10 19:00:00+00:00,1.2632249956264336
2024-04-10 20:00:00+00:00,1.2674942151637156
2024-04-10 21:00:00+00:00,1.2614256449646897
2024-04-10 22:00:00+00:00,1.2697515902844985
2024-04-10 23:00:00+00:00,1.2656017087069567
2024-04-11 00:00:00+00:00,1.2667513067201346
2024-04-11 01:00:00+00:00,1.2667653499302165
2024-04-11 02:00:00+00:00,1.261149862676628
2024-04-11 03:00:00+00:00,1.25908249846761
2024-04-11 04:00:00+00:00,1.2608206903853632
2024-04-11 05:00:00+00:00,1.2643448834574786
2024-04-11 06:00:00+00:00,1.272630308310584
2024-04-11 07:00:00+00:00,1.2738505517757226
2024-04-11 08:00:00+00:00,1.2770799583904802
2024-04-11 09:00:00+00:00,1.2731666466175982
2024-04-11 10:00:00+00:00,1.272838344485829
2024-04-11 11:00:00+00:00,1.2682036593082675
2024-04-11 12:00:00+00:00,1.2655894156964456
2024-04-11 13:00:00+00:00,1.2652978751828494
2024-04-11 14:00:00+00:00,1.2708782556710905
2024-04-11 15:00:00+00:00,1.270878244722639
2024-04-11 16:00:00+00:00,1.2722575696877017
2024-04-11 17:00:00+00:00,1.2729842914600946
2024-04-11 18:00:00+00:00,1.2741371457531376
2024-04-11 19:00:00+00:00,1.2734035569931073
2024-04-11 20:00:00+00:00,1.276240448082633
2024-04-11 21:00:00+00:00,1.2737043436035742
2024-04-11 22:00:00+00:00,1.27789864955892
2024-04-11 23:00:00+00:00,1.2784866323834727
2024-04-12 00:00:00+00:00,1.277039606849399
2024-04-12 01:00:00+00:00,1.2762088387161787
2024-04-12 02:00:00+00:00,1.27711942479364
2024-04-12 03:00:00+00:00,1.2744648440619486
2024-04-12 04:00:00+00:00,1.2740525650384955
2024-04-12 05:00:00+00:00,1.2786336324480194
2024-04-12 06:00:00+00:00,1.2695858791713721
2024-04-12 07:00:00+00:00,1.2704070503214933
2024-04-12 08:00:00+00:00,1.2712676357394372
2024-04-12 09:00:00+00:00,1.2690705414913774
2024-04-12 10:00:00+00:00,1.2717160870010367
2024-04-12 11:00:00+00:00,1.2749216680314575
2024-04-12 12:00:00+00:00,1.2706657425910524
2024-04-12 13:00:00+00:00,1.268004854507485
2024-04-12 14:00:00+00:00,1.2712510884538868
2024-04-12 15:00:00+00:00,1.2660443762580973
2024-04-12 16:00:00+00:00,1.2635578590411523
2024-04-12 17:00:00+00:00,1.2451665067702196
2024-04-12 18:00:00+00:00,1.2108282552313503
2024-04-12 19:00:00+00:00,1.2115245072727725
2024-04-12 20:00:00+00:00,1.220522137546687
2024-04-12 21:00:00+00:00,1.2206941011079393
2024-04-12 22:00:00+00:00,1.22359342120587
2024-04-12 23:00:00+00:00,1.2352148905342915
2024-04-13 00:00:00+00:00,1.243631777165439
2024-04-13 01:00:00+00:00,1.2363556641775768
2024-04-13 02:00:00+00:00,1.2466522303464316
2024-04-13 03:00:00+00:00,1.2438439349441515
2024-04-13 04:00:00+00:00,1.2529242267547038
2024-04-13 05:00:00+00:00,1.255004742803571
2024-04-13 06:00:00+00:00,1.2629348087472587
2024-04-13 07:00:00+00:00,1.2735364876160842
2024-04-13 08:00:00+00:00,1.2670346762400382
2024-04-13 09:00:00+00:00,1.2630487596280389
2024-04-13 10:00:00+00:00,1.2701971360156576
2024-04-13 11:00:00+00:00,1.2703301210213371
2024-04-13 12:00:00+00:00,1.2639589931356308
2024-04-13 13:00:00+00:00,1.281301074834444
2024-04-13 14:00:00+00:00,1.2689650742152407
2024-04-13 15:00:00+00:00,1.269918275889038
2024-04-13 16:00:00+00:00,1.2766598755413539
2024-04-13 17:00:00+00:00,1.263605970641633
2024-04-13 18:00:00+00:00,1.2745641643916643
2024-04-13 19:00:00+00:00,1.261609668956118
2024-04-13 20:00:00+00:00,1.2435643793986504
2024-04-13 21:00:00+00:00,1.2475293812932564
2024-04-13 22:00:00+00:00,1.2763283029691082
2024-04-13 23:00:00+00:00,1.2830884626908718
2024-04-14 00:00:00+00:00,1.277006304419865
2024-04-14 01:00:00+00:00,1.2913395325739738
2024-04-14 02:00:00+00:00,1.2948269092913578
2024-04-14 03:00:00+00:00,1.289103065814368
2024-04-14 04:00:00+00:00,1.299541915362248
2024-04-14 05:00:00+00:00,1.3086627296770736
2024-04-14 06:00:00+00:00,1.3130946134118422
2024-04-14 07:00:00+00:00,1.3166972984589786
2024-04-14 08:00:00+00:00,1.3145258640397952
2024-04-14 09:00:00+00:00,1.3151438771782358
2024-04-14 10:00:00+00:00,1.3118454432317836
2024-04-14 11:00:00+00:00,1.3060131709466447
2024-04-14 12:00:00+00:00,1.309145806823311
2024-04-14 13:00:00+00:00,1.3047687992030863
2024-04-14 14:00:00+00:00,1.3125784507624199
2024-04-14 15:00:00+00:00,1.3111582729246176
2024-04-14 16:00:00+00:00,1.3118239563676697
2024-04-14 17:00:00+00:00,1.309573678636971
2024-04-14 18:00:00+00:00,1.3143953620113191
2024-04-14 19:00:00+00:00,1.3119281553659723
2024-04-14 20:00:00+00:00,1.3131051024494034
2024-04-14 21:00:00+00:00,1.3091139417199615
2024-04-14 22:00:00+00:00,1.317633864740813
2024-04-14 23:00:00+00:00,1.3150726361991885
2024-04-15 00:00:00+00:00,1.3088898767659205
2024-04-15 01:00:00+00:00,1.311847522619401
2024-04-15 02:00:00+00:00,1.3068377802082498
2024-04-15 03:00:00+00:00,1.3120050517695545
2024-04-15 04:00:00+00:00,1.3129948782627956
2024-04-15 05:00:00+00:00,1.318530114075072
2024-04-15 06:00:00+00:00,1.3345028968250445
2024-04-15 07:00:00+00:00,1.3365004404110334
2024-04-15 08:00:00+00:00,1.3367301898354433
2024-04-15 09:00:00+00:00,1.3334893617645904
2024-04-15 10:00:00+00:00,1.3377122634644731
2024-04-15 11:00:00+00:00,1.3418362807536477
2024-04-15 12:00:00+00:00,1.336365036344716
2024-04-15 13:00:00+00:00,1.3448074037694433
2024-04-15 14:00:00+00:00,1.3514447511631944
2024-04-15 15:00:00+00:00,1.349891683780593
2024-04-15 16:00:00+00:00,1.3476435183106736
2024-04-15 17:00:00+00:00,1.3462904334767738
2024-04-15 18:00:00+00:00,1.3452031548895262
2024-04-15 19:00:00+00:00,1.3606854558795176
2024-04-15 20:00:00+00:00,1.3474283302281476
2024-04-15 21:00:00+00:00,1.361320866782255
2024-04-15 22:00:00+00:00,1.362845154729481
2024-04-15 23:00:00+00:00,1.3604699520672803
2024-04-16 00:00:00+00:00,1.3552270127277386
2024-04-16 01:00:00+00:00,1.358741331387978
2024-04-16 02:00:00+00:00,1.359250074745906
2024-04-16 03:00:00+00:00,1.354680816810986
2024-04-16 04:00:00+00:00,1.3552149290688962
2024-04-16 05:00:00+00:00,1.3571707756208433
2024-04-16 06:00:00+00:00,1.3563475350407264
2024-04-16 07:00:00+00:00,1.3838833026213107
2024-04-16 08:00:00+00:00,1.3854797053831807
2024-04-16 09:00:00+00:00,1.3824699063081143
2024-04-16 10:00:00+00:00,1.3871143536246675
2024-04-16 11:00:00+00:00,1.3839775918099169
2024-04-16 12:00:00+00:00,1.375188290716998
2024-04-16 13:00:00+00:00,1.3785206609941894
2024-04-16 14:00:00+00:00,1.3828417164313715
2024-04-16 15:00:00+00:00,1.3838752877027916
2024-04-16 16:00:00+00:00,1.3815727879194737
2024-04-16 17:00:00+00:00,1.3780431022607267
2024-04-16 18:00:00+00:00,1.3744277083562304
2024-04-16 19:00:00+00:00,1.3723393771114103
2024-04-16 20:00:00+00:00,1.3737630132324479
2024-04-16 21:00:00+00:00,1.375755025108605
2024-04-16 22:00:00+00:00,1.376957902506314
2024-04-16 23:00:00+00:00,1.3773860362202939
2024-04-17 00:00:00+00:00,1.3760562543045975
2024-04-17 01:00:00+00:00,1.3768938204865884
2024-04-17 02:00:00+00:00,1.3736178516335278
2024-04-17 03:00:00+00:00,1.3745260078037085
2024-04-17 04:00:00+00:00,1.3758445151729817
2024-04-17 05:00:00+00:00,1.3751580384698365
2024-04-17 06:00:00+00:00,1.3753872371153988
2024-04-17 07:00:00+00:00,1.387002803484182
2024-04-17 08:00:00+00:00,1.3878472984857486
2024-04-17 09:00:00+00:00,1.3890114641846705
2024-04-17 10:00:00+00:00,1.3909327132993672
2024-04-17 11:00:00+00:00,1.3855826325217109
2024-04-17 12:00:00+00:00,1.3881218074201271
2024-04-17 13:00:00+00:00,1.3899306579933342
2024-04-17 14:00:00+00:00,1.4083643728193538
2024-04-17 15:00:00+00:00,1.4156464883969009
2024-04-17 16:00:00+00:00,1.4161234510171452
2024-04-17 17:00:00+00:00,1.4184518018267338
2024-04-17 18:00:00+00:00,1.4274512375104647
2024-04-17 19:00:00+00:00,1.4248348728938525
2024-04-17 20:00:00+00:00,1.4201760616316688
2024-04-17 21:00:00+00:00,1.420221681070579
2024-04-17 22:00:00+00:00,1.4119864857957267
2024-04-17 23:00:00+00:00,1.4139767023621916
2024-04-18 00:00:00+00:00,1.4085988339700053
2024-04-18 01:00:00+00:00,1.4119988730233988
2024-04-18 02:00:00+00:00,1.4136215679031647
2024-04-18 03:00:00+00:00,1.4117767457930661
2024-04-18 04:00:00+00:00,1.414707307539501
2024-04-18 05:00:00+00:00,1.4198942304638515
2024-04-18 06:00:00+00:00,1.407610579102143
2024-04-18 07:00:00+00:00,1.4069095152537763
2024-04-18 08:00:00+00:00,1.4093657000646407
2024-04-18 09:00:00+00:00,1.4139936655008203
2024-04-18 10:00:00+00:00,1.4100039048207982
2024-04-18 11:00:00+00:00,1.4187774996676557
2024-04-18 12:00:00+00:00,1.4161209291634849
2024-04-18 13:00:00+00:00,1.411829239353137
2024-04-18 14:00:00+00:00,1.4076849096188282
2024-04-18 15:00:00+00:00,1.4139438165092852
2024-04-18 16:00:00+00:00,1.4117776328769638
2024-04-18 17:00:00+00:00,1.417718663002909
2024-04-18 18:00:00+00:00,1.4207517108997743
2024-04-18 19:00:00+00:00,1.416867738937837
2024-04-18 20:00:00+00:00,1.4197166549664102
2024-04-18 21:00:00+00:00,1.420401680546326
2024-04-18 22:00:00+00:00,1.4220035262881283
2024-04-18 23:00:00+00:00,1.4201919876889366
2024-04-19 00:00:00+00:00,1.4242070240165203
2024-04-19 01:00:00+00:00,1.421473767837699
2024-04-19 02:00:00+00:00,1.4135240161068938
2024-04-19 03:00:00+00:00,1.4229265702485545
2024-04-19 04:00:00+00:00,1.4265865833611509
2024-04-19 05:00:00+00:00,1.4298389489981955
2024-04-19 06:00:00+00:00,1.4145885702719492
2024-04-19 07:00:00+00:00,1.4079265057736607
2024-04-19 08:00:00+00:00,1.4163657182595297
2024-04-19 09:00:00+00:00,1.4115609761040577
2024-04-19 10:00:00+00:00,1.4138015045876318
2024-04-19 11:00:00+00:00,1.4137098107884898
2024-04-19 12:00:00+00:00,1.4099295609769387
2024-04-19 13:00:00+00:00,1.4123575477393262
2024-04-19 14:00:00+00:00,1.4178863547888432
2024-04-19 15:00:00+00:00,1.4236963330908017
2024-04-19 16:00:00+00:00,1.4265491919282685
2024-04-19 17:00:00+00:00,1.4193405913851864
2024-04-19 18:00:00+00:00,1.422111538459634
2024-04-19 19:00:00+00:00,1.4241935680399325
2024-04-19 20:00:00+00:00,1.424115371442371
2024-04-19 21:00:00+00:00,1.4226885261522606
2024-04-19 22:00:00+00:00,1.4271930223804683
2024-04-19 23:00:00+00:00,1.4298897005756186
2024-04-20 00:00:00+00:00,1.4326581477492792
2024-04-20 01:00:00+00:00,1.438305564845609
2024-04-20 02:00:00+00:00,1.4378910062969144
2024-04-20 03:00:00+00:00,1.4356455292031325
2024-04-20 04:00:00+00:00,1.4358244185484943
2024-04-20 05:00:00+00:00,1.4432368520254875
2024-04-20 06:00:00+00:00,1.4485830674558309
2024-04-20 07:00:00+00:00,1.4524168050332178
2024-04-20 08:00:00+00:00,1.4529560397285328
2024-04-20 09:00:00+00:00,1.4495378704549176
2024-04-20 10:00:00+00:00,1.4531763069442554
2024-04-20 11:00:00+00:00,1.4516431787628479
2024-04-20 12:00:00+00:00,1.4594523856176658
2024-04-20 13:00:00+00:00,1.459749345724599
2024-04-20 14:00:00+00:00,1.4616384924087387
2024-04-20 15:00:00+00:00,1.4634038685503274
2024-04-20 16:00:00+00:00,1.467460168118006
2024-04-20 17:00:00+00:00,1.479042150004717
2024-04-20 18:00:00+00:00,1.4832385476481977
2024-04-20 19:00:00+00:00,1.4871170770829043
2024-04-20 20:00:00+00:00,1.4917408255651314
2024-04-20 21:00:00+00:00,1.4927751093563362
2024-04-20 22:00:00+00:00,1.4911538294224873
2024-04-20 23:00:00+00:00,1.4898838782668935
2024-04-21 00:00:00+00:00,1.491210437516669
2024-04-21 01:00:00+00:00,1.4936141844514559
2024-04-21 02:00:00+00:00,1.4929151805460699
2024-04-21 03:00:00+00:00,1.4928469949682568
2024-04-21 04:00:00+00:00,1.494341974682892
2024-04-21 05:00:00+00:00,1.4969915824930051
2024-04-21 06:00:00+00:00,1.4959937784905668
2024-04-21 07:00:00+00:00,1.4928213801360397
2024-04-21 08:00:00+00:00,1.494665199730811
2024-04-21 09:00:00+00:00,1.4918242551345329
2024-04-21 10:00:00+00:00,1.4951811143154596
2024-04-21 11:00:00+00:00,1.494271549421606
2024-04-21 12:00:00+00:00,1.4958353870484913
2024-04-21 13:00:00+00:00,1.4938595224516855
2024-04-21 14:00:00+00:00,1.4938321109017723
2024-04-21 15:00:00+00:00,1.4966387240914036
2024-04-21 16:00:00+00:00,1.495454237938647
2024-04-21 17:00:00+00:00,1.4920440983043248
2024-04-21 18:00:00+00:00,1.4925178760187245
2024-04-21 19:00:00+00:00,1.4956634250136633
2024-04-21 20:00:00+00:00,1.500767560742494
2024-04-21 21:00:00+00:00,1.5107103160888766
2024-04-21 22:00:00+00:00,1.5024136619532777
2024-04-21 23:00:00+00:00,1.5092627224412165
2024-04-22 00:00:00+00:00,1.507279660452759
2024-04-22 01:00:00+00:00,1.5212695785808117
2024-04-22 02:00:00+00:00,1.517763192041191
2024-04-22 03:00:00+00:00,1.516764567633999
2024-04-22 04:00:00+00:00,1.5122451460336896
2024-04-22 05:00:00+00:00,1.5032603963480557
2024-04-22 06:00:00+00:00,1.5068819078409619
2024-04-22 07:00:00+00:00,1.5071974991887933
2024-04-22 08:00:00+00:00,1.5075673505510323
2024-04-22 09:00:00+00:00,1.5110599179993982
2024-04-22 10:00:00+00:00,1.5167859247035083
2024-04-22 11:00:00+00:00,1.5148351922241945
2024-04-22 12:00:00+00:00,1.5270364514766346
2024-04-22 13:00:00+00:00,1.5256728311647971
2024-04-22 14:00:00+00:00,1.523344411719906
2024-04-22 15:00:00+00:00,1.522074153917005
2024-04-22 16:00:00+00:00,1.5203586975394687
2024-04-22 17:00:00+00:00,1.5205230944191608
2024-04-22 18:00:00+00:00,1.5363806766555321
2024-04-22 19:00:00+00:00,1.5385926244996637
2024-04-22 20:00:00+00:00,1.5386652538664178
2024-04-22 21:00:00+00:00,1.5368580083156047
2024-04-22 22:00:00+00:00,1.5292173219546352
2024-04-22 23:00:00+00:00,1.5290244329295712
2024-04-23 00:00:00+00:00,1.5253470552913941
2024-04-23 01:00:00+00:00,1.5329401004480139
2024-04-23 02:00:00+00:00,1.531220010922013
2024-04-23 03:00:00+00:00,1.5304371337323688
2024-04-23 04:00:00+00:00,1.5236366286685976
2024-04-23 05:00:00+00:00,1.5276665559639007
2024-04-23 06:00:00+00:00,1.5376896376973779
2024-04-23 07:00:00+00:00,1.5360109031567335
2024-04-23 08:00:00+00:00,1.5321094166497444
2024-04-23 09:00:00+00:00,1.5348394663524794
2024-04-23 10:00:00+00:00,1.5346132200921232
2024-04-23 11:00:00+00:00,1.5355802796836888
2024-04-23 12:00:00+00:00,1.5376986539847233
2024-04-23 13:00:00+00:00,1.5453597141090758
2024-04-23 14:00:00+00:00,1.5580180224103053
2024-04-23 15:00:00+00:00,1.5555193154464249
2024-04-23 16:00:00+00:00,1.549665109964177
2024-04-23 17:00:00+00:00,1.5486091028463183
2024-04-23 18:00:00+00:00,1.5430465728990104
2024-04-23 19:00:00+00:00,1.543217150919849
2024-04-23 20:00:00+00:00,1.5440504101209611
2024-04-23 21:00:00+00:00,1.5534182569747799
2024-04-23 22:00:00+00:00,1.5503570012507712
2024-04-23 23:00:00+00:00,1.5545956192502417
2024-04-24 00:00:00+00:00,1.5617176287173171
2024-04-24 01:00:00+00:00,1.5630486777031474
2024-04-24 02:00:00+00:00,1.5672216431134791
2024-04-24 03:00:00+00:00,1.5723658716164473
2024-04-24 04:00:00+00:00,1.5743586497898292
2024-04-24 05:00:00+00:00,1.582773367539898
2024-04-24 06:00:00+00:00,1.5789678574937462
2024-04-24 07:00:00+00:00,1.5841222632272847
2024-04-24 08:00:00+00:00,1.5851461862317167
2024-04-24 09:00:00+00:00,1.5784163436311864
2024-04-24 10:00:00+00:00,1.5749316700315492
2024-04-24 11:00:00+00:00,1.5768653287561836
2024-04-24 12:00:00+00:00,1.5750909769633554
2024-04-24 13:00:00+00:00,1.5762228240646459
2024-04-24 14:00:00+00:00,1.571474473468658
2024-04-24 15:00:00+00:00,1.5663399113713505
2024-04-24 16:00:00+00:00,1.558664107766538
2024-04-24 17:00:00+00:00,1.5538643453456378
2024-04-24 18:00:00+00:00,1.5626423423487843
2024-04-24 19:00:00+00:00,1.5568925290333815
2024-04-24 20:00:00+00:00,1.56048753895306
2024-04-24 21:00:00+00:00,1.5594970661524492
2024-04-24 22:00:00+00:00,1.5645241194216686
2024-04-24 23:00:00+00:00,1.5555202552228913
2024-04-25 00:00:00+00:00,1.5537455304600034
2024-04-25 01:00:00+00:00,1.559799922887301
2024-04-25 02:00:00+00:00,1.5549572110092054
2024-04-25 03:00:00+00:00,1.5535563445498217
2024-04-25 04:00:00+00:00,1.5531637548031167
2024-04-25 05:00:00+00:00,1.558965995082454
2024-04-25 06:00:00+00:00,1.5626370412783417
2024-04-25 07:00:00+00:00,1.5588515461146644
2024-04-25 08:00:00+00:00,1.5570920677525217
2024-04-25 09:00:00+00:00,1.5496528812489097
2024-04-25 10:00:00+00:00,1.5510876772278452
2024-04-25 11:00:00+00:00,1.5470826013624286
2024-04-25 12:00:00+00:00,1.5589113247535322
2024-04-25 13:00:00+00:00,1.5486353049615957
2024-04-25 14:00:00+00:00,1.542936589229198
2024-04-25 15:00:00+00:00,1.5425486421702115
2024-04-25 16:00:00+00:00,1.5497255957345366
2024-04-25 17:00:00+00:00,1.5492664414554769
2024-04-25 18:00:00+00:00,1.5531492407959522
2024-04-25 19:00:00+00:00,1.5591656458348864
2024-04-25 20:00:00+00:00,1.561153501252877
2024-04-25 21:00:00+00:00,1.5536656783912817
2024-04-25 22:00:00+00:00,1.5469812309585225
2024-04-25 23:00:00+00:00,1.5420768166680312
2024-04-26 00:00:00+00:00,1.532773272858853
2024-04-26 01:00:00+00:00,1.5272566908342349
2024-04-26 02:00:00+00:00,1.5218954839793328
2024-04-26 03:00:00+00:00,1.5297389359840239
2024-04-26 04:00:00+00:00,1.5237827113959324
2024-04-26 05:00:00+00:00,1.5349103088473133
2024-04-26 06:00:00+00:00,1.530485162103786
2024-04-26 07:00:00+00:00,1.5363591325954844
2024-04-26 08:00:00+00:00,1.542713151574682
2024-04-26 09:00:00+00:00,1.536478599914885
2024-04-26 10:00:00+00:00,1.5394788774888526
2024-04-26 11:00:00+00:00,1.5389890646794486
2024-04-26 12:00:00+00:00,1.5385201486116122
2024-04-26 13:00:00+00:00,1.5432526691437558
2024-04-26 14:00:00+00:00,1.55551048763549
2024-04-26 15:00:00+00:00,1.560786954205804
2024-04-26 16:00:00+00:00,1.5581334491039123
2024-04-26 17:00:00+00:00,1.5554888156422337
2024-04-26 18:00:00+00:00,1.55134068824205
2024-04-26 19:00:00+00:00,1.5530751262553801
2024-04-26 20:00:00+00:00,1.5538250534110467
2024-04-26 21:00:00+00:00,1.5588913139345852
2024-04-26 22:00:00+00:00,1.5516581501512092
2024-04-26 23:00:00+00:00,1.5559178612341862
2024-04-27 00:00:00+00:00,1.5547684522991205
2024-04-27 01:00:00+00:00,1.5400167546270278
2024-04-27 02:00:00+00:00,1.5355905331558195
2024-04-27 03:00:00+00:00,1.5304507969837646
2024-04-27 04:00:00+00:00,1.5305844885891107
2024-04-27 05:00:00+00:00,1.5444536334798729
2024-04-27 06:00:00+00:00,1.5425759625634503
2024-04-27 07:00:00+00:00,1.5505391771522417
2024-04-27 08:00:00+00:00,1.5599364408877532
2024-04-27 09:00:00+00:00,1.560938611228686
2024-04-27 10:00:00+00:00,1.5705445535733087
2024-04-27 11:00:00+00:00,1.5712510414633996
2024-04-27 12:00:00+00:00,1.5611970192209927
2024-04-27 13:00:00+00:00,1.5597218620047355
2024-04-27 14:00:00+00:00,1.5515110036862136
2024-04-27 15:00:00+00:00,1.5636534687201957
2024-04-27 16:00:00+00:00,1.5618410457923477
2024-04-27 17:00:00+00:00,1.5599160772764153
2024-04-27 18:00:00+00:00,1.554686856755156
2024-04-27 19:00:00+00:00,1.5492364114077162
2024-04-27 20:00:00+00:00,1.5506968112221118
2024-04-27 21:00:00+00:00,1.563911684958783
2024-04-27 22:00:00+00:00,1.563276102964229
2024-04-27 23:00:00+00:00,1.5714350166400475
2024-04-28 00:00:00+00:00,1.5706586898647323
2024-04-28 01:00:00+00:00,1.5721535192453826
2024-04-28 02:00:00+00:00,1.5759546983092203
2024-04-28 03:00:00+00:00,1.5799688609198799
2024-04-28 04:00:00+00:00,1.5724271533764957
2024-04-28 05:00:00+00:00,1.5758135947018468
2024-04-28 06:00:00+00:00,1.5742473547594484
2024-04-28 07:00:00+00:00,1.5717693616394315
2024-04-28 08:00:00+00:00,1.5734540258223637
2024-04-28 09:00:00+00:00,1.5707583012169193
2024-04-28 10:00:00+00:00,1.5646895079417429
2024-04-28 11:00:00+00:00,1.5639389138423947
2024-04-28 12:00:00+00:00,1.5660490315541944
2024-04-28 13:00:00+00:00,1.5595877031591066
2024-04-28 14:00:00+00:00,1.5576599224524534
2024-04-28 15:00:00+00:00,1.5693805583083682
2024-04-28 16:00:00+00:00,1.5686169601733513
2024-04-28 17:00:00+00:00,1.5699393129568129
2024-04-28 18:00:00+00:00,1.5768787865669047
2024-04-28 19:00:00+00:00,1.5797340242745428
2024-04-28 20:00:00+00:00,1.5783244601458528
2024-04-28 21:00:00+00:00,1.5733731526698576
2024-04-28 22:00:00+00:00,1.5725609569706587
2024-04-28 23:00:00+00:00,1.573325427350638
2024-04-29 00:00:00+00:00,1.5759095889313954
2024-04-29 01:00:00+00:00,1.5795860730313447
2024-04-29 02:00:00+00:00,1.5810978828463582
2024-04-29 03:00:00+00:00,1.5804050995071817
2024-04-29 04:00:00+00:00,1.5762528197040344
2024-04-29 05:00:00+00:00,1.5777371283696586
2024-04-29 06:00:00+00:00,1.5732017924631772
2024-04-29 07:00:00+00:00,1.5742931172319805
2024-04-29 08:00:00+00:00,1.5690192436009502
2024-04-29 09:00:00+00:00,1.5785965248328344
2024-04-29 10:00:00+00:00,1.5788562617676591
2024-04-29 11:00:00+00:00,1.583279349732868
2024-04-29 12:00:00+00:00,1.5848729695889667
2024-04-29 13:00:00+00:00,1.5843824354774936
2024-04-29 14:00:00+00:00,1.5849861371680796
2024-04-29 15:00:00+00:00,1.5868321959081308
2024-04-29 16:00:00+00:00,1.584998705477371
2024-04-29 17:00:00+00:00,1.5831086906474419
2024-04-29 18:00:00+00:00,1.5810392301251734
2024-04-29 19:00:00+00:00,1.5846695949181016
2024-04-29 20:00:00+00:00,1.5887193037701546
2024-04-29 21:00:00+00:00,1.5890217593062248
2024-04-29 22:00:00+00:00,1.589206433314141
2024-04-29 23:00:00+00:00,1.5912361337568903
2024-04-30 00:00:00+00:00,1.5971618683283457
2024-04-30 01:00:00+00:00,1.599090135069056
2024-04-30 02:00:00+00:00,1.6016047427667242
2024-04-30 03:00:00+00:00,1.600675818434388
2024-04-30 04:00:00+00:00,1.593235353773848
2024-04-30 05:00:00+00:00,1.5881332153274954
2024-04-30 06:00:00+00:00,1.5908941328041684
2024-04-30 07:00:00+00:00,1.5949634072900167
2024-04-30 08:00:00+00:00,1.5968255160835
2024-04-30 09:00:00+00:00,1.5975470548061599
2024-04-30 10:00:00+00:00,1.594263511424461
2024-04-30 11:00:00+00:00,1.6082266651079382
2024-04-30 12:00:00+00:00,1.6088705453438588
2024-04-30 13:00:00+00:00,1.6141233611732508
2024-04-30 14:00:00+00:00,1.6114021470022346
2024-04-30 15:00:00+00:00,1.6197907390607158
2024-04-30 16:00:00+00:00,1.6097409871812527
2024-04-30 17:00:00+00:00,1.6033163349369257
2024-04-30 18:00:00+00:00,1.5975302374857896
2024-04-30 19:00:00+00:00,1.6033451282047122
2024-04-30 20:00:00+00:00,1.5969141593616227
2024-04-30 21:00:00+00:00,1.6062048053622506
2024-04-30 22:00:00+00:00,1.6240998667026083
2024-04-30 23:00:00+00:00,1.6245760574617085
2024-05-01 00:00:00+00:00,1.6291701082738703
2024-05-01 01:00:00+00:00,1.6304321101967045
2024-05-01 02:00:00+00:00,1.6253989424187214
2024-05-01 03:00:00+00:00,1.6224637441375827
2024-05-01 04:00:00+00:00,1.6335146805575305
2024-05-01 05:00:00+00:00,1.6378387180505436
2024-05-01 06:00:00+00:00,1.6337366882007474
2024-05-01 07:00:00+00:00,1.6350072135623532
2024-05-01 08:00:00+00:00,1.6337473519264976
2024-05-01 09:00:00+00:00,1.6460678005943414
2024-05-01 10:00:00+00:00,1.6459496068883015
2024-05-01 11:00:00+00:00,1.6472451825307062
2024-05-01 12:00:00+00:00,1.6600380216532327
2024-05-01 13:00:00+00:00,1.6671687276432174
2024-05-01 14:00:00+00:00,1.6618184539348926
2024-05-01 15:00:00+00:00,1.6632778583417696
2024-05-01 16:00:00+00:00,1.6757495729624112
2024-05-01 17:00:00+00:00,1.665472148263651
2024-05-01 18:00:00+00:00,1.6722896707986874
2024-05-01 19:00:00+00:00,1.6669611290391164
2024-05-01 20:00:00+00:00,1.6641147851243698
2024-05-01 21:00:00+00:00,1.6601669569390622
2024-05-01 22:00:00+00:00,1.6573780258631678
2024-05-01 23:00:00+00:00,1.65654178024093
2024-05-02 00:00:00+00:00,1.6717183957439221
2024-05-02 01:00:00+00:00,1.676620525910553
2024-05-02 02:00:00+00:00,1.6682606255307617
2024-05-02 03:00:00+00:00,1.6678502819714238
2024-05-02 04:00:00+00:00,1.6677951128428237
2024-05-02 05:00:00+00:00,1.6620903777536644
2024-05-02 06:00:00+00:00,1.6589452843365031
2024-05-02 07:00:00+00:00,1.6714229128134404
2024-05-02 08:00:00+00:00,1.6616190084777926
2024-05-02 09:00:00+00:00,1.664398665861297
2024-05-02 10:00:00+00:00,1.665400069304639
2024-05-02 11:00:00+00:00,1.6624427961170065
2024-05-02 12:00:00+00:00,1.6676813917304898
2024-05-02 13:00:00+00:00,1.662280393622423
2024-05-02 14:00:00+00:00,1.6607715265827703
2024-05-02 15:00:00+00:00,1.6590927758201894
2024-05-02 16:00:00+00:00,1.6594838225477893
2024-05-02 17:00:00+00:00,1.6596176464456203
2024-05-02 18:00:00+00:00,1.6569808391752119
2024-05-02 19:00:00+00:00,1.658034168739122
2024-05-02 20:00:00+00:00,1.6543717745971445
2024-05-02 21:00:00+00:00,1.6470417493299987
2024-05-02 22:00:00+00:00,1.6546392043887452
2024-05-02 23:00:00+00:00,1.6555501623409903
2024-05-03 00:00:00+00:00,1.6543184882833675
2024-05-03 01:00:00+00:00,1.6522387709669228
2024-05-03 02:00:00+00:00,1.6603125358555344
2024-05-03 03:00:00+00:00,1.6614047674939327
2024-05-03 04:00:00+00:00,1.6550002026689072
2024-05-03 05:00:00+00:00,1.6569263226427
2024-05-03 06:00:00+00:00,1.6494565026488592
2024-05-03 07:00:00+00:00,1.6441268623836676
2024-05-03 08:00:00+00:00,1.6427383354140739
2024-05-03 09:00:00+00:00,1.636481192868416
2024-05-03 10:00:00+00:00,1.6390948881369198
2024-05-03 11:00:00+00:00,1.6398897833503199
2024-05-03 12:00:00+00:00,1.6482834399653383
2024-05-03 13:00:00+00:00,1.6439833871545755
2024-05-03 14:00:00+00:00,1.6374376626590983
2024-05-03 15:00:00+00:00,1.6349472584031468
2024-05-03 16:00:00+00:00,1.6366401536745068
2024-05-03 17:00:00+00:00,1.6327344238606158
2024-05-03 18:00:00+00:00,1.6196941031963359
2024-05-03 19:00:00+00:00,1.6178119875073884
2024-05-03 20:00:00+00:00,1.6227395252740466
2024-05-03 21:00:00+00:00,1.623115937385067
2024-05-03 22:00:00+00:00,1.6189378787364865
2024-05-03 23:00:00+00:00,1.621089736023402
2024-05-04 00:00:00+00:00,1.6208197193320628
2024-05-04 01:00:00+00:00,1.6172095490701424
2024-05-04 02:00:00+00:00,1.6187847327834861
2024-05-04 03:00:00+00:00,1.6181590714755394
2024-05-04 04:00:00+00:00,1.6155633017514686
2024-05-04 05:00:00+00:00,1.6179482713111852
2024-05-04 06:00:00+00:00,1.619329878050347
2024-05-04 07:00:00+00:00,1.6181359830202822
2024-05-04 08:00:00+00:00,1.6157367152451634
2024-05-04 09:00:00+00:00,1.6178526072019233
2024-05-04 10:00:00+00:00,1.6194323202881198
2024-05-04 11:00:00+00:00,1.623161768060098
2024-05-04 12:00:00+00:00,1.6203995037544698
2024-05-04 13:00:00+00:00,1.614248926005689
2024-05-04 14:00:00+00:00,1.6124633704156506
2024-05-04 15:00:00+00:00,1.6161471814385195
2024-05-04 16:00:00+00:00,1.6085563016279656
2024-05-04 17:00:00+00:00,1.6170093240498378
2024-05-04 18:00:00+00:00,1.6181525892835016
2024-05-04 19:00:00+00:00,1.6179910128251103
2024-05-04 20:00:00+00:00,1.6194198913677231
2024-05-04 21:00:00+00:00,1.620924813116486
2024-05-04 22:00:00+00:00,1.6238981468946874
2024-05-04 23:00:00+00:00,1.6200314036980237
2024-05-05 00:00:00+00:00,1.6206125533602653
2024-05-05 01:00:00+00:00,1.6111019209082091
2024-05-05 02:00:00+00:00,1.6035076497876333
2024-05-05 03:00:00+00:00,1.610991221339492
2024-05-05 04:00:00+00:00,1.6053270495286354
2024-05-05 05:00:00+00:00,1.6076385000217508
2024-05-05 06:00:00+00:00,1.6005429711627694
2024-05-05 07:00:00+00:00,1.601323572180092
2024-05-05 08:00:00+00:00,1.6018889457835896
2024-05-05 09:00:00+00:00,1.6034523430347338
2024-05-05 10:00:00+00:00,1.6032665791401142
2024-05-05 11:00:00+00:00,1.600528314175663
2024-05-05 12:00:00+00:00,1.5958812726148148
2024-05-05 13:00:00+00:00,1.5932029652931523
2024-05-05 14:00:00+00:00,1.5963381805355017
2024-05-05 15:00:00+00:00,1.600761675386135
2024-05-05 16:00:00+00:00,1.6003139850932526
2024-05-05 17:00:00+00:00,1.6137780309557646
2024-05-05 18:00:00+00:00,1.6106687382768496
2024-05-05 19:00:00+00:00,1.60816680356051
2024-05-05 20:00:00+00:00,1.6109209905159514
2024-05-05 21:00:00+00:00,1.6085837058958798
2024-05-05 22:00:00+00:00,1.6069019553051644
2024-05-05 23:00:00+00:00,1.6109897551412895
2024-05-06 00:00:00+00:00,1.6170230483648285
2024-05-06 01:00:00+00:00,1.6224387338664155
2024-05-06 02:00:00+00:00,1.6215192320557266
2024-05-06 03:00:00+00:00,1.620206129326752
2024-05-06 04:00:00+00:00,1.6225301720328311
2024-05-06 05:00:00+00:00,1.6276972450511662
2024-05-06 06:00:00+00:00,1.6423958584516953
2024-05-06 07:00:00+00:00,1.6382447646086178
2024-05-06 08:00:00+00:00,1.6310059952926481
2024-05-06 09:00:00+00:00,1.6349710679703935
2024-05-06 10:00:00+00:00,1.6302032982268129
2024-05-06 11:00:00+00:00,1.6231938558219754
2024-05-06 12:00:00+00:00,1.6165302965272084
2024-05-06 13:00:00+00:00,1.6161630210293716
2024-05-06 14:00:00+00:00,1.6146247674353864
2024-05-06 15:00:00+00:00,1.6216087094705953
2024-05-06 16:00:00+00:00,1.6220009953989196
2024-05-06 17:00:00+00:00,1.6249595116772464
2024-05-06 18:00:00+00:00,1.6173466656013566
2024-05-06 19:00:00+00:00,1.6185833141222106
2024-05-06 20:00:00+00:00,1.6188418772698134
2024-05-06 21:00:00+00:00,1.61630274218063
2024-05-06 22:00:00+00:00,1.6199090977751958
2024-05-06 23:00:00+00:00,1.6198254642987013
2024-05-07 00:00:00+00:00,1.6118207475405637
2024-05-07 01:00:00+00:00,1.6128094253524912
2024-05-07 02:00:00+00:00,1.6060828803239984
2024-05-07 03:00:00+00:00,1.6054656115758188
2024-05-07 04:00:00+00:00,1.6108218609853253
2024-05-07 05:00:00+00:00,1.6115460093301295
2024-05-07 06:00:00+00:00,1.6152047049085048
2024-05-07 07:00:00+00:00,1.6102091923296324
2024-05-07 08:00:00+00:00,1.6115175327995233
2024-05-07 09:00:00+00:00,1.6022518734409812
2024-05-07 10:00:00+00:00,1.5998405073352722
2024-05-07 11:00:00+00:00,1.595396617560375
2024-05-07 12:00:00+00:00,1.592749539469264
2024-05-07 13:00:00+00:00,1.5989614626781312
2024-05-07 14:00:00+00:00,1.6061903091488947
2024-05-07 15:00:00+00:00,1.6169727360799602
2024-05-07 16:00:00+00:00,1.6149768758745555
2024-05-07 17:00:00+00:00,1.6161303360056656
2024-05-07 18:00:00+00:00,1.610056289733064
2024-05-07 19:00:00+00:00,1.6126982752691532
2024-05-07 20:00:00+00:00,1.616993723308622
2024-05-07 21:00:00+00:00,1.6150057024225093
2024-05-07 22:00:00+00:00,1.619169357802745
2024-05-07 23:00:00+00:00,1.6204459985668938
2024-05-08 00:00:00+00:00,1.617106588433787
2024-05-08 01:00:00+00:00,1.6148258703647336
2024-05-08 02:00:00+00:00,1.606195512653105
2024-05-08 03:00:00+00:00,1.6056649338617406
2024-05-08 04:00:00+00:00,1.6045397256232017
2024-05-08 05:00:00+00:00,1.6025921884554994
2024-05-08 06:00:00+00:00,1.6097245385306884
2024-05-08 07:00:00+00:00,1.6135732045824374
2024-05-08 08:00:00+00:00,1.605509324536644
2024-05-08 09:00:00+00:00,1.5905491639102485
2024-05-08 10:00:00+00:00,1.593679398656009
2024-05-08 11:00:00+00:00,1.595765637340875
2024-05-08 12:00:00+00:00,1.5975124752463474
2024-05-08 13:00:00+00:00,1.6084032618851596
2024-05-08 14:00:00+00:00,1.6170686093511806
2024-05-08 15:00:00+00:00,1.623972344012719
2024-05-08 16:00:00+00:00,1.6289976418932575
2024-05-08 17:00:00+00:00,1.6238679706342858
2024-05-08 18:00:00+00:00,1.61990931134107
2024-05-08 19:00:00+00:00,1.6265073431281822
2024-05-08 20:00:00+00:00,1.6133433012794067
2024-05-08 21:00:00+00:00,1.6231051407053863
2024-05-08 22:00:00+00:00,1.6104574192626187
2024-05-08 23:00:00+00:00,1.6262449844957885
2024-05-09 00:00:00+00:00,1.62784668298497
2024-05-09 01:00:00+00:00,1.608811249492876
2024-05-09 02:00:00+00:00,1.6063382406574733
2024-05-09 03:00:00+00:00,1.5969627861930074
2024-05-09 04:00:00+00:00,1.5810575946016199
2024-05-09 05:00:00+00:00,1.5867679045687395
2024-05-09 06:00:00+00:00,1.580569463723288
2024-05-09 07:00:00+00:00,1.5848378701897115
2024-05-09 08:00:00+00:00,1.5867644082514827
2024-05-09 09:00:00+00:00,1.5900506866513395
2024-05-09 10:00:00+00:00,1.6087259134161784
2024-05-09 11:00:00+00:00,1.5866227858525104
2024-05-09 12:00:00+00:00,1.590702381714479
2024-05-09 13:00:00+00:00,1.589116640530273
2024-05-09 14:00:00+00:00,1.5781383720501427
2024-05-09 15:00:00+00:00,1.5790828087624467
2024-05-09 16:00:00+00:00,1.5812781495871722
2024-05-09 17:00:00+00:00,1.589684498126525
2024-05-09 18:00:00+00:00,1.5928741446323638
2024-05-09 19:00:00+00:00,1.5933569168599444
2024-05-09 20:00:00+00:00,1.5930064607822971
2024-05-09 21:00:00+00:00,1.586899243403278
2024-05-09 22:00:00+00:00,1.583055620205299
2024-05-09 23:00:00+00:00,1.586011194062076
2024-05-10 00:00:00+00:00,1.5816439343344582
2024-05-10 01:00:00+00:00,1.5860362648721742
2024-05-10 02:00:00+00:00,1.589695095446932
2024-05-10 03:00:00+00:00,1.5941607521744163
2024-05-10 04:00:00+00:00,1.6011237734177755
2024-05-10 05:00:00+00:00,1.5984517608320428
2024-05-10 06:00:00+00:00,1.5944272926316325
2024-05-10 07:00:00+00:00,1.5967172684117579
2024-05-10 08:00:00+00:00,1.595410333512603
2024-05-10 09:00:00+00:00,1.5934179135628692
2024-05-10 10:00:00+00:00,1.5972495623264498
2024-05-10 11:00:00+00:00,1.5916353162983876
2024-05-10 12:00:00+00:00,1.5989894312870718
2024-05-10 13:00:00+00:00,1.6066341826422061
2024-05-10 14:00:00+00:00,1.59441873571709
2024-05-10 15:00:00+00:00,1.5859550126740585
2024-05-10 16:00:00+00:00,1.5792858595006882
2024-05-10 17:00:00+00:00,1.585151372005413
2024-05-10 18:00:00+00:00,1.5786303011091267
2024-05-10 19:00:00+00:00,1.5906417718696715
2024-05-10 20:00:00+00:00,1.577532846271119
2024-05-10 21:00:00+00:00,1.5797545406910671
2024-05-10 22:00:00+00:00,1.581953709664449
2024-05-10 23:00:00+00:00,1.5741132536245974
2024-05-11 00:00:00+00:00,1.5823153564131098
2024-05-11 01:00:00+00:00,1.5903964788854283
2024-05-11 02:00:00+00:00,1.5940335284928253
2024-05-11 03:00:00+00:00,1.606492483540278
2024-05-11 04:00:00+00:00,1.6060311336469104
2024-05-11 05:00:00+00:00,1.6004729575922303
2024-05-11 06:00:00+00:00,1.596259487215189
2024-05-11 07:00:00+00:00,1.5869793600124986
2024-05-11 08:00:00+00:00,1.5843075995540041
2024-05-11 09:00:00+00:00,1.5703828675035618
2024-05-11 10:00:00+00:00,1.5682120036141294
2024-05-11 11:00:00+00:00,1.577980125738644
2024-05-11 12:00:00+00:00,1.5900418554709057
2024-05-11 13:00:00+00:00,1.587974219063964
2024-05-11 14:00:00+00:00,1.5891131219912076
2024-05-11 15:00:00+00:00,1.5897409951461579
2024-05-11 16:00:00+00:00,1.5797341805902445
2024-05-11 17:00:00+00:00,1.583439084275696
2024-05-11 18:00:00+00:00,1.5832447434872556
2024-05-11 19:00:00+00:00,1.581700926673511
2024-05-11 20:00:00+00:00,1.5831405652236146
2024-05-11 21:00:00+00:00,1.584136476046813
2024-05-11 22:00:00+00:00,1.586066628104202
2024-05-11 23:00:00+00:00,1.582525917407271
2024-05-12 00:00:00+00:00,1.5873155301467972
2024-05-12 01:00:00+00:00,1.59276682595962
2024-05-12 02:00:00+00:00,1.586241913189697
2024-05-12 03:00:00+00:00,1.5865085216332855
2024-05-12 04:00:00+00:00,1.587503042572611
2024-05-12 05:00:00+00:00,1.5855350854522414
2024-05-12 06:00:00+00:00,1.5901076263529441
2024-05-12 07:00:00+00:00,1.5894963306415777
2024-05-12 08:00:00+00:00,1.5873519123209363
2024-05-12 09:00:00+00:00,1.5878313046255632
2024-05-12 10:00:00+00:00,1.5846938167558016
2024-05-12 11:00:00+00:00,1.5838397626213518
2024-05-12 12:00:00+00:00,1.5893841467589478
2024-05-12 13:00:00+00:00,1.5894173592008185
2024-05-12 14:00:00+00:00,1.5888129745524167
2024-05-12 15:00:00+00:00,1.5863201250427619
2024-05-12 16:00:00+00:00,1.5897318346343055
2024-05-12 17:00:00+00:00,1.5924648083174127
2024-05-12 18:00:00+00:00,1.5902557130854333
2024-05-12 19:00:00+00:00,1.5925698279467848
2024-05-12 20:00:00+00:00,1.5898023256095957
2024-05-12 21:00:00+00:00,1.5970383136394821
2024-05-12 22:00:00+00:00,1.5955465442988213
2024-05-12 23:00:00+00:00,1.5954957507782648
2024-05-13 00:00:00+00:00,1.5924840889305245
2024-05-13 01:00:00+00:00,1.5903033374619528
2024-05-13 02:00:00+00:00,1.5837676075749936
2024-05-13 03:00:00+00:00,1.5859294835739488
2024-05-13 04:00:00+00:00,1.5873666611265775
2024-05-13 05:00:00+00:00,1.5856709217738023
2024-05-13 06:00:00+00:00,1.5841273501693809
2024-05-13 07:00:00+00:00,1.5834035975814522
2024-05-13 08:00:00+00:00,1.5821378835259508
2024-05-13 09:00:00+00:00,1.579762198836417
2024-05-13 10:00:00+00:00,1.5847589377053186
2024-05-13 11:00:00+00:00,1.5843056053812494
2024-05-13 12:00:00+00:00,1.577122004143167
2024-05-13 13:00:00+00:00,1.5831731478535094
2024-05-13 14:00:00+00:00,1.5950035703129302
2024-05-13 15:00:00+00:00,1.5907143501062997
2024-05-13 16:00:00+00:00,1.5944272216062623
2024-05-13 17:00:00+00:00,1.59130657471249
2024-05-13 18:00:00+00:00,1.5895617676517442
2024-05-13 19:00:00+00:00,1.5833565212647174
2024-05-13 20:00:00+00:00,1.5805404334317767
2024-05-13 21:00:00+00:00,1.581929761324312
2024-05-13 22:00:00+00:00,1.5865936310386055
2024-05-13 23:00:00+00:00,1.5804588105593602
2024-05-14 00:00:00+00:00,1.6010325902252904
2024-05-14 01:00:00+00:00,1.600517953443108
2024-05-14 02:00:00+00:00,1.6060085104215198
2024-05-14 03:00:00+00:00,1.6076329354403787
2024-05-14 04:00:00+00:00,1.5991491037163361
2024-05-14 05:00:00+00:00,1.5910240233375132
2024-05-14 06:00:00+00:00,1.6040327784217647
2024-05-14 07:00:00+00:00,1.5941741878796962
2024-05-14 08:00:00+00:00,1.5981053133139103
2024-05-14 09:00:00+00:00,1.6030960129323581
2024-05-14 10:00:00+00:00,1.6034349695576287
2024-05-14 11:00:00+00:00,1.5907764928517063
2024-05-14 12:00:00+00:00,1.58843873442121
2024-05-14 13:00:00+00:00,1.5994134154978505
2024-05-14 14:00:00+00:00,1.5882116572846225
2024-05-14 15:00:00+00:00,1.5927542771624834
2024-05-14 16:00:00+00:00,1.5920046250656958
2024-05-14 17:00:00+00:00,1.588739784914767
2024-05-14 18:00:00+00:00,1.5863939307666495
2024-05-14 19:00:00+00:00,1.5860520058362333
2024-05-14 20:00:00+00:00,1.5824228321833822
2024-05-14 21:00:00+00:00,1.582685367582248
2024-05-14 22:00:00+00:00,1.5963375963989
2024-05-14 23:00:00+00:00,1.582264443940352
2024-05-15 00:00:00+00:00,1.5857520037669441
2024-05-15 01:00:00+00:00,1.5927051907115208
2024-05-15 02:00:00+00:00,1.602907097635266
2024-05-15 03:00:00+00:00,1.5970882870098493
2024-05-15 04:00:00+00:00,1.596238753132888
2024-05-15 05:00:00+00:00,1.6037603055935556
2024-05-15 06:00:00+00:00,1.6031854408384807
2024-05-15 07:00:00+00:00,1.5979879802363703
2024-05-15 08:00:00+00:00,1.5971983418507254
2024-05-15 09:00:00+00:00,1.5856714819330622
2024-05-15 10:00:00+00:00,1.5711212993688841
2024-05-15 11:00:00+00:00,1.583649634729713
2024-05-15 12:00:00+00:00,1.577521998127332
2024-05-15 13:00:00+00:00,1.575544501571556
2024-05-15 14:00:00+00:00,1.5613429357120625
2024-05-15 15:00:00+00:00,1.564576968247233
2024-05-15 16:00:00+00:00,1.558288707558269
2024-05-15 17:00:00+00:00,1.564114480479347
2024-05-15 18:00:00+00:00,1.5706884658212095
2024-05-15 19:00:00+00:00,1.5690991280918034
2024-05-15 20:00:00+00:00,1.5548718115574927
2024-05-15 21:00:00+00:00,1.560004952856971
2024-05-15 22:00:00+00:00,1.5558286823441567
2024-05-15 23:00:00+00:00,1.5561217899268196
2024-05-16 00:00:00+00:00,1.5496015157585
2024-05-16 01:00:00+00:00,1.5316409416234975
2024-05-16 02:00:00+00:00,1.5488310147269417
2024-05-16 03:00:00+00:00,1.5449937027360543
2024-05-16 04:00:00+00:00,1.545173886000884
2024-05-16 05:00:00+00:00,1.5447924846624472
2024-05-16 06:00:00+00:00,1.559417804113112
2024-05-16 07:00:00+00:00,1.5541622580003114
2024-05-16 08:00:00+00:00,1.5535074163679372
2024-05-16 09:00:00+00:00,1.5531564452202204
2024-05-16 10:00:00+00:00,1.562847802658139
2024-05-16 11:00:00+00:00,1.5622906722412986
2024-05-16 12:00:00+00:00,1.5627924327801714
2024-05-16 13:00:00+00:00,1.5620482189200435
2024-05-16 14:00:00+00:00,1.5650032562022833
2024-05-16 15:00:00+00:00,1.566914688151691
2024-05-16 16:00:00+00:00,1.5729321499172397
2024-05-16 17:00:00+00:00,1.5619418974746797
2024-05-16 18:00:00+00:00,1.5622350358331816
2024-05-16 19:00:00+00:00,1.5661752125489463
2024-05-16 20:00:00+00:00,1.5643820806761848
2024-05-16 21:00:00+00:00,1.5529809468953373
2024-05-16 22:00:00+00:00,1.5588438945388505
2024-05-16 23:00:00+00:00,1.56435526755438
2024-05-17 00:00:00+00:00,1.5599491847932272
2024-05-17 01:00:00+00:00,1.5663076206335347
2024-05-17 02:00:00+00:00,1.5714352993922405
2024-05-17 03:00:00+00:00,1.5660148623484467
2024-05-17 04:00:00+00:00,1.5748751325683443
2024-05-17 05:00:00+00:00,1.5692725408774644
2024-05-17 06:00:00+00:00,1.56020788145397
2024-05-17 07:00:00+00:00,1.5607521027967282
2024-05-17 08:00:00+00:00,1.5650489719129537
2024-05-17 09:00:00+00:00,1.5664272538480912
2024-05-17 10:00:00+00:00,1.5695464815155615
2024-05-17 11:00:00+00:00,1.567078508097663
2024-05-17 12:00:00+00:00,1.5767961070873224
2024-05-17 13:00:00+00:00,1.5865635867842753
2024-05-17 14:00:00+00:00,1.5930722544266684
2024-05-17 15:00:00+00:00,1.599657068225787
2024-05-17 16:00:00+00:00,1.5963090016046546
2024-05-17 17:00:00+00:00,1.6020912807459662
2024-05-17 18:00:00+00:00,1.6073448247425475
2024-05-17 19:00:00+00:00,1.606129227389027
2024-05-17 20:00:00+00:00,1.611136854141973
2024-05-17 21:00:00+00:00,1.6123853041904388
2024-05-17 22:00:00+00:00,1.607051791146552
2024-05-17 23:00:00+00:00,1.6060381783028022
2024-05-18 00:00:00+00:00,1.6066339692434186
2024-05-18 01:00:00+00:00,1.6028256167082349
2024-05-18 02:00:00+00:00,1.603527165269701
2024-05-18 03:00:00+00:00,1.605221286058385
2024-05-18 04:00:00+00:00,1.6153102485925093
2024-05-18 05:00:00+00:00,1.6155103000229893
2024-05-18 06:00:00+00:00,1.6132275323219878
2024-05-18 07:00:00+00:00,1.6110708066950692
2024-05-18 08:00:00+00:00,1.61541385982665
2024-05-18 09:00:00+00:00,1.6141409609941872
2024-05-18 10:00:00+00:00,1.618081441042519
2024-05-18 11:00:00+00:00,1.6218900106712557
2024-05-18 12:00:00+00:00,1.6138858207467506
2024-05-18 13:00:00+00:00,1.6061267696737058
2024-05-18 14:00:00+00:00,1.6064131529241426
2024-05-18 15:00:00+00:00,1.607868778528075
2024-05-18 16:00:00+00:00,1.610325256918631
2024-05-18 17:00:00+00:00,1.614235609422429
2024-05-18 18:00:00+00:00,1.6154736812608315
2024-05-18 19:00:00+00:00,1.6143225768293312
2024-05-18 20:00:00+00:00,1.6152610326880243
2024-05-18 21:00:00+00:00,1.615328136708908
2024-05-18 22:00:00+00:00,1.6160309782272253
2024-05-18 23:00:00+00:00,1.6147641831450426
2024-05-19 00:00:00+00:00,1.6142339133954977
2024-05-19 01:00:00+00:00,1.613194658917962
2024-05-19 02:00:00+00:00,1.6188989758407146
2024-05-19 03:00:00+00:00,1.6177841303132765
2024-05-19 04:00:00+00:00,1.615634186492594
2024-05-19 05:00:00+00:00,1.6131965466843263
2024-05-19 06:00:00+00:00,1.6122180713938048
2024-05-19 07:00:00+00:00,1.6085798930834354
2024-05-19 08:00:00+00:00,1.6092175104552793
2024-05-19 09:00:00+00:00,1.609282529243625
2024-05-19 10:00:00+00:00,1.608842985528284
2024-05-19 11:00:00+00:00,1.609828116332771
2024-05-19 12:00:00+00:00,1.6124981650747543
2024-05-19 13:00:00+00:00,1.6073462823265978
2024-05-19 14:00:00+00:00,1.6052553626816117
2024-05-19 15:00:00+00:00,1.6004500464616478
2024-05-19 16:00:00+00:00,1.6025174338757757
2024-05-19 17:00:00+00:00,1.594542046858196
2024-05-19 18:00:00+00:00,1.596596885107843
2024-05-19 19:00:00+00:00,1.5953077745828388
2024-05-19 20:00:00+00:00,1.5961955359416893
2024-05-19 21:00:00+00:00,1.5954031583148747
2024-05-19 22:00:00+00:00,1.5985068144287495
2024-05-19 23:00:00+00:00,1.6037406659163451
2024-05-20 00:00:00+00:00,1.5992614241646996
2024-05-20 01:00:00+00:00,1.5913389390724038
2024-05-20 02:00:00+00:00,1.586505264804062
2024-05-20 03:00:00+00:00,1.592494818787635
2024-05-20 04:00:00+00:00,1.5935219637330433
2024-05-20 05:00:00+00:00,1.5952490730298392
2024-05-20 06:00:00+00:00,1.5941500104968167
2024-05-20 07:00:00+00:00,1.5941891969122572
2024-05-20 08:00:00+00:00,1.599749801290654
2024-05-20 09:00:00+00:00,1.5982035064537998
2024-05-20 10:00:00+00:00,1.601079245629408
2024-05-20 11:00:00+00:00,1.599535488529689
2024-05-20 12:00:00+00:00,1.6049583977087696
2024-05-20 13:00:00+00:00,1.6048344073285377
2024-05-20 14:00:00+00:00,1.607082585547341
2024-05-20 15:00:00+00:00,1.6023240382334734
2024-05-20 16:00:00+00:00,1.6025868965780028
2024-05-20 17:00:00+00:00,1.6041607461497236
2024-05-20 18:00:00+00:00,1.6087145080408303
2024-05-20 19:00:00+00:00,1.6402259984246135
2024-05-20 20:00:00+00:00,1.649970787461419
2024-05-20 21:00:00+00:00,1.6446127608514096
2024-05-20 22:00:00+00:00,1.6556187609900836
2024-05-20 23:00:00+00:00,1.6593142877342155
2024-05-21 00:00:00+00:00,1.667202987509469
2024-05-21 01:00:00+00:00,1.6609078634241334
2024-05-21 02:00:00+00:00,1.6655192642193033
2024-05-21 03:00:00+00:00,1.6658647357595102
2024-05-21 04:00:00+00:00,1.6712759355916635
2024-05-21 05:00:00+00:00,1.6747085795880245
2024-05-21 06:00:00+00:00,1.6675811232944109
2024-05-21 07:00:00+00:00,1.6720693805946214
2024-05-21 08:00:00+00:00,1.6775214212109584
2024-05-21 09:00:00+00:00,1.6727642541725545
2024-05-21 10:00:00+00:00,1.682743222484552
2024-05-21 11:00:00+00:00,1.6771940302517498
2024-05-21 12:00:00+00:00,1.688127428492685
2024-05-21 13:00:00+00:00,1.691244610498598
2024-05-21 14:00:00+00:00,1.6857691039294922
2024-05-21 15:00:00+00:00,1.689531016875891
2024-05-21 16:00:00+00:00,1.6906687197392778
2024-05-21 17:00:00+00:00,1.708617681219668
2024-05-21 18:00:00+00:00,1.7127525167847821
2024-05-21 19:00:00+00:00,1.7039027436566507
2024-05-21 20:00:00+00:00,1.7035347689922018
2024-05-21 21:00:00+00:00,1.7095911710004805
2024-05-21 22:00:00+00:00,1.7109092778918158
2024-05-21 23:00:00+00:00,1.7123498431222641
2024-05-22 00:00:00+00:00,1.7119821690226986
2024-05-22 01:00:00+00:00,1.706880861944733
2024-05-22 02:00:00+00:00,1.7083121018956067
2024-05-22 03:00:00+00:00,1.7104507488919414
2024-05-22 04:00:00+00:00,1.71115068859204
2024-05-22 05:00:00+00:00,1.708812952709802
2024-05-22 06:00:00+00:00,1.7235060346808466
2024-05-22 07:00:00+00:00,1.7258207138565687
2024-05-22 08:00:00+00:00,1.7252660257209518
2024-05-22 09:00:00+00:00,1.7235256647622126
2024-05-22 10:00:00+00:00,1.7232719393471752
2024-05-22 11:00:00+00:00,1.7277676891361196
2024-05-22 12:00:00+00:00,1.7240979117985595
2024-05-22 13:00:00+00:00,1.7363424663625546
2024-05-22 14:00:00+00:00,1.7349594142042608
2024-05-22 15:00:00+00:00,1.7407409632964577
2024-05-22 16:00:00+00:00,1.7355588940301174
2024-05-22 17:00:00+00:00,1.7359414156125632
2024-05-22 18:00:00+00:00,1.7434593052025
2024-05-22 19:00:00+00:00,1.7471890463335493
2024-05-22 20:00:00+00:00,1.742604029816772
2024-05-22 21:00:00+00:00,1.738895439719214
2024-05-22 22:00:00+00:00,1.74682307491849
2024-05-22 23:00:00+00:00,1.7437075594011753
2024-05-23 00:00:00+00:00,1.7493408807073738
2024-05-23 01:00:00+00:00,1.7479203284990028
2024-05-23 02:00:00+00:00,1.7538130895133413
2024-05-23 03:00:00+00:00,1.75192490524717
2024-05-23 04:00:00+00:00,1.7503539183477206
2024-05-23 05:00:00+00:00,1.7514104630845393
2024-05-23 06:00:00+00:00,1.7432585735426527
2024-05-23 07:00:00+00:00,1.741674256354042
2024-05-23 08:00:00+00:00,1.7440090969431867
2024-05-23 09:00:00+00:00,1.744049212458897
2024-05-23 10:00:00+00:00,1.73508613996831
2024-05-23 11:00:00+00:00,1.7276508237919987
2024-05-23 12:00:00+00:00,1.7223779364734424
2024-05-23 13:00:00+00:00,1.7259653906731858
2024-05-23 14:00:00+00:00,1.7248376919547344
2024-05-23 15:00:00+00:00,1.7176518916298689
2024-05-23 16:00:00+00:00,1.715929421041217
2024-05-23 17:00:00+00:00,1.7175891852250225
2024-05-23 18:00:00+00:00,1.7126965454585936
2024-05-23 19:00:00+00:00,1.7155032364973068
2024-05-23 20:00:00+00:00,1.7138617330545765
2024-05-23 21:00:00+00:00,1.715037486228768
2024-05-23 22:00:00+00:00,1.7202467595157755
2024-05-23 23:00:00+00:00,1.7267373369897223
2024-05-24 00:00:00+00:00,1.7210357251915729
2024-05-24 01:00:00+00:00,1.718789552357544
2024-05-24 02:00:00+00:00,1.7141546363423399
2024-05-24 03:00:00+00:00,1.711960117184815
2024-05-24 04:00:00+00:00,1.7104218676077463
2024-05-24 05:00:00+00:00,1.7169907173629857
2024-05-24 06:00:00+00:00,1.72113266850548
2024-05-24 07:00:00+00:00,1.7225827343193076
2024-05-24 08:00:00+00:00,1.7184611888308774
2024-05-24 09:00:00+00:00,1.716078571760835
2024-05-24 10:00:00+00:00,1.7169044679740744
2024-05-24 11:00:00+00:00,1.7167198214682222
2024-05-24 12:00:00+00:00,1.719922199532096
2024-05-24 13:00:00+00:00,1.7305444775876837
2024-05-24 14:00:00+00:00,1.7248765782272895
2024-05-24 15:00:00+00:00,1.72818099919172
2024-05-24 16:00:00+00:00,1.732261947674579
2024-05-24 17:00:00+00:00,1.7265996702017183
2024-05-24 18:00:00+00:00,1.7307506990561872
2024-05-24 19:00:00+00:00,1.7244569311174227
2024-05-24 20:00:00+00:00,1.7266214026009883
2024-05-24 21:00:00+00:00,1.7270351563489288
2024-05-24 22:00:00+00:00,1.7260632760334842
2024-05-24 23:00:00+00:00,1.7329767357072163
2024-05-25 00:00:00+00:00,1.7339170653534093
2024-05-25 01:00:00+00:00,1.7347315520472535
2024-05-25 02:00:00+00:00,1.737113092596506
2024-05-25 03:00:00+00:00,1.7343322208395076
2024-05-25 04:00:00+00:00,1.7324143404355543
2024-05-25 05:00:00+00:00,1.7339889362362741
2024-05-25 06:00:00+00:00,1.7364258974482372
2024-05-25 07:00:00+00:00,1.7367433125947023
2024-05-25 08:00:00+00:00,1.7374949247488374
2024-05-25 09:00:00+00:00,1.7379665265537119
2024-05-25 10:00:00+00:00,1.734042135235855
2024-05-25 11:00:00+00:00,1.7354439800866817
2024-05-25 12:00:00+00:00,1.7363511884053744
2024-05-25 13:00:00+00:00,1.735721769484909
2024-05-25 14:00:00+00:00,1.7317835638450434
2024-05-25 15:00:00+00:00,1.7328822150242116
2024-05-25 16:00:00+00:00,1.7291782119067975
2024-05-25 17:00:00+00:00,1.7288480744505021
2024-05-25 18:00:00+00:00,1.7279927414875451
2024-05-25 19:00:00+00:00,1.7278866781393525
2024-05-25 20:00:00+00:00,1.7268026060157822
2024-05-25 21:00:00+00:00,1.7310892849118018
2024-05-25 22:00:00+00:00,1.72872015859333
2024-05-25 23:00:00+00:00,1.7295246836691087
2024-05-26 00:00:00+00:00,1.7327861906235473
2024-05-26 01:00:00+00:00,1.7318737097262658
2024-05-26 02:00:00+00:00,1.7220182276324603
2024-05-26 03:00:00+00:00,1.718166011468987
2024-05-26 04:00:00+00:00,1.717915745599909
2024-05-26 05:00:00+00:00,1.7161089408013863
2024-05-26 06:00:00+00:00,1.7201610118976214
2024-05-26 07:00:00+00:00,1.7199130344209048
2024-05-26 08:00:00+00:00,1.7151242678217418
2024-05-26 09:00:00+00:00,1.709367975312432
2024-05-26 10:00:00+00:00,1.7133663894379851
2024-05-26 11:00:00+00:00,1.711802132544492
2024-05-26 12:00:00+00:00,1.712407592587022
2024-05-26 13:00:00+00:00,1.7152765939890564
2024-05-26 14:00:00+00:00,1.7104929991932336
2024-05-26 15:00:00+00:00,1.7131275253917237
2024-05-26 16:00:00+00:00,1.7071835964105235
2024-05-26 17:00:00+00:00,1.71122394873333
2024-05-26 18:00:00+00:00,1.7108817168238342
2024-05-26 19:00:00+00:00,1.7218624960734186
2024-05-26 20:00:00+00:00,1.7172594139443587
2024-05-26 21:00:00+00:00,1.7238144362787988
2024-05-26 22:00:00+00:00,1.7255737516567449
2024-05-26 23:00:00+00:00,1.718084717986799
2024-05-27 00:00:00+00:00,1.7202534013008397
2024-05-27 01:00:00+00:00,1.718760838849633
2024-05-27 02:00:00+00:00,1.7145245154534199
2024-05-27 03:00:00+00:00,1.7110384979601918
2024-05-27 04:00:00+00:00,1.7160080944079208
2024-05-27 05:00:00+00:00,1.714092026407753
2024-05-27 06:00:00+00:00,1.7189315385334636
2024-05-27 07:00:00+00:00,1.7195267356792205
2024-05-27 08:00:00+00:00,1.718418695587538
2024-05-27 09:00:00+00:00,1.7201344315373306
2024-05-27 10:00:00+00:00,1.7204346247943048
2024-05-27 11:00:00+00:00,1.72433897182205
2024-05-27 12:00:00+00:00,1.7246674869587484
2024-05-27 13:00:00+00:00,1.7178921578962765
2024-05-27 14:00:00+00:00,1.7245107105617519
2024-05-27 15:00:00+00:00,1.717566570321982
2024-05-27 16:00:00+00:00,1.7207591196989127
2024-05-27 17:00:00+00:00,1.7161600262797692
2024-05-27 18:00:00+00:00,1.7159154957987968
2024-05-27 19:00:00+00:00,1.7073008795376792
2024-05-27 20:00:00+00:00,1.7050969966354033
2024-05-27 21:00:00+00:00,1.7100857115418844
2024-05-27 22:00:00+00:00,1.7101577680463627
2024-05-27 23:00:00+00:00,1.709094716161387
2024-05-28 00:00:00+00:00,1.7106032971784273
2024-05-28 01:00:00+00:00,1.7101618037420034
2024-05-28 02:00:00+00:00,1.7032986927553972
2024-05-28 03:00:00+00:00,1.7204639353920474
2024-05-28 04:00:00+00:00,1.6991699089585133
2024-05-28 05:00:00+00:00,1.7057578467454404
2024-05-28 06:00:00+00:00,1.7038512393075909
2024-05-28 07:00:00+00:00,1.7049946740537656
2024-05-28 08:00:00+00:00,1.700685347633753
2024-05-28 09:00:00+00:00,1.6985482381893047
2024-05-28 10:00:00+00:00,1.6961157755605893
2024-05-28 11:00:00+00:00,1.6964552576622656
2024-05-28 12:00:00+00:00,1.7029928307843631
2024-05-28 13:00:00+00:00,1.6993554100141017
2024-05-28 14:00:00+00:00,1.701631807981513
2024-05-28 15:00:00+00:00,1.7061992535930852
2024-05-28 16:00:00+00:00,1.7043731299273719
2024-05-28 17:00:00+00:00,1.7065046009450917
2024-05-28 18:00:00+00:00,1.69556013228703
2024-05-28 19:00:00+00:00,1.70061436067893
2024-05-28 20:00:00+00:00,1.70236332798495
2024-05-28 21:00:00+00:00,1.6992193551122585
2024-05-28 22:00:00+00:00,1.6972875564125025
2024-05-28 23:00:00+00:00,1.6928129169748065
2024-05-29 00:00:00+00:00,1.6916461001593968
2024-05-29 01:00:00+00:00,1.6992683388775838
2024-05-29 02:00:00+00:00,1.7012285045688533
2024-05-29 03:00:00+00:00,1.714984230755753
2024-05-29 04:00:00+00:00,1.6990638909295388
2024-05-29 05:00:00+00:00,1.7012192490623694
2024-05-29 06:00:00+00:00,1.7060852825235409
2024-05-29 07:00:00+00:00,1.7031797973137526
2024-05-29 08:00:00+00:00,1.7087331373310108
2024-05-29 09:00:00+00:00,1.7045568419261155
2024-05-29 10:00:00+00:00,1.7022195843711783
2024-05-29 11:00:00+00:00,1.7013759036565144
2024-05-29 12:00:00+00:00,1.6954832461910403
2024-05-29 13:00:00+00:00,1.6955555482878892
2024-05-29 14:00:00+00:00,1.6982522642574682
2024-05-29 15:00:00+00:00,1.698386010643392
2024-05-29 16:00:00+00:00,1.697571963053732
2024-05-29 17:00:00+00:00,1.7020121796148204
2024-05-29 18:00:00+00:00,1.7026465468270722
2024-05-29 19:00:00+00:00,1.6975903692406464
2024-05-29 20:00:00+00:00,1.6970124997812075
2024-05-29 21:00:00+00:00,1.6945755030320928
2024-05-29 22:00:00+00:00,1.6968374971828568
2024-05-29 23:00:00+00:00,1.6976449280903734
2024-05-30 00:00:00+00:00,1.6962415727903875
2024-05-30 01:00:00+00:00,1.6991501537711022
2024-05-30 02:00:00+00:00,1.6944654688616518
2024-05-30 03:00:00+00:00,1.695605099383845
2024-05-30 04:00:00+00:00,1.6977884541494301
2024-05-30 05:00:00+00:00,1.700112918856257
2024-05-30 06:00:00+00:00,1.6961756748177235
2024-05-30 07:00:00+00:00,1.6897377782480327
2024-05-30 08:00:00+00:00,1.6989625178201857
2024-05-30 09:00:00+00:00,1.6935269984241947
2024-05-30 10:00:00+00:00,1.7031455948760974
2024-05-30 11:00:00+00:00,1.7097750527304107
2024-05-30 12:00:00+00:00,1.7065326780958954
2024-05-30 13:00:00+00:00,1.7011376839410643
2024-05-30 14:00:00+00:00,1.7026514282600442
2024-05-30 15:00:00+00:00,1.7015408077254681
2024-05-30 16:00:00+00:00,1.7092721629592904
2024-05-30 17:00:00+00:00,1.709510548788684
2024-05-30 18:00:00+00:00,1.7099867699484348
2024-05-30 19:00:00+00:00,1.7077013803968994
2024-05-30 20:00:00+00:00,1.7099117810982416
2024-05-30 21:00:00+00:00,1.7069564393577275
2024-05-30 22:00:00+00:00,1.7100238414177524
2024-05-30 23:00:00+00:00,1.705561683191936
2024-05-31 00:00:00+00:00,1.7077242376985824
2024-05-31 01:00:00+00:00,1.7073103904035238
2024-05-31 02:00:00+00:00,1.7085929809820553
2024-05-31 03:00:00+00:00,1.7099869640140393
2024-05-31 04:00:00+00:00,1.7077723094649984
2024-05-31 05:00:00+00:00,1.7046824224368498
2024-05-31 06:00:00+00:00,1.7117751843220776
2024-05-31 07:00:00+00:00,1.7129056490927619
2024-05-31 08:00:00+00:00,1.7131566452607545
2024-05-31 09:00:00+00:00,1.7092796385162021
2024-05-31 10:00:00+00:00,1.706621560182851
2024-05-31 11:00:00+00:00,1.7044283125186852
2024-05-31 12:00:00+00:00,1.7108310541639549
2024-05-31 13:00:00+00:00,1.7182587792243227
2024-05-31 14:00:00+00:00,1.7190987547010346
2024-05-31 15:00:00+00:00,1.7212463697905407
2024-05-31 16:00:00+00:00,1.7187441192216397
2024-05-31 17:00:00+00:00,1.717668116146964
2024-05-31 18:00:00+00:00,1.7117950208000379
2024-05-31 19:00:00+00:00,1.709330866118203
2024-05-31 20:00:00+00:00,1.706486266574719
2024-05-31 21:00:00+00:00,1.7060651841336054
2024-05-31 22:00:00+00:00,1.7074111179131761
2024-05-31 23:00:00+00:00,1.7085589651245259
2024-06-01 00:00:00+00:00,1.7112882165654617
2024-06-01 01:00:00+00:00,1.709969920509063
2024-06-01 02:00:00+00:00,1.7096830182793885
2024-06-01 03:00:00+00:00,1.7099570792660037
2024-06-01 04:00:00+00:00,1.7072075939302231
2024-06-01 05:00:00+00:00,1.7091683427118478
2024-06-01 06:00:00+00:00,1.7059173472757538
2024-06-01 07:00:00+00:00,1.707718119084469
2024-06-01 08:00:00+00:00,1.7066409121992696
2024-06-01 09:00:00+00:00,1.7071563084313404
2024-06-01 10:00:00+00:00,1.7044211394515225
2024-06-01 11:00:00+00:00,1.704879375547992
2024-06-01 12:00:00+00:00,1.7041733834186223
2024-06-01 13:00:00+00:00,1.7041112943935073
2024-06-01 14:00:00+00:00,1.7053559876590247
2024-06-01 15:00:00+00:00,1.7082903862961403
2024-06-01 16:00:00+00:00,1.7095422533274518
2024-06-01 17:00:00+00:00,1.7109195910618011
2024-06-01 18:00:00+00:00,1.7107370649472984
2024-06-01 19:00:00+00:00,1.7129035006016833
2024-06-01 20:00:00+00:00,1.7135743440994415
2024-06-01 21:00:00+00:00,1.7145193250447903
2024-06-01 22:00:00+00:00,1.7144295398978446
2024-06-01 23:00:00+00:00,1.7123150765708
2024-06-02 00:00:00+00:00,1.7140137203895742
2024-06-02 01:00:00+00:00,1.7128822231420235
2024-06-02 02:00:00+00:00,1.714768743550169
2024-06-02 03:00:00+00:00,1.716129521034696
2024-06-02 04:00:00+00:00,1.7231461467557907
2024-06-02 05:00:00+00:00,1.7238808350051866
2024-06-02 06:00:00+00:00,1.7190321092786285
2024-06-02 07:00:00+00:00,1.7215196619719582
2024-06-02 08:00:00+00:00,1.7237945675463247
2024-06-02 09:00:00+00:00,1.7184644171769956
2024-06-02 10:00:00+00:00,1.7178553806771002
2024-06-02 11:00:00+00:00,1.71811449571339
2024-06-02 12:00:00+00:00,1.722909853053093
2024-06-02 13:00:00+00:00,1.7198713192661972
2024-06-02 14:00:00+00:00,1.726165032048104
2024-06-02 15:00:00+00:00,1.7303550000126124
2024-06-02 16:00:00+00:00,1.7289180143410858
2024-06-02 17:00:00+00:00,1.722992564526949
2024-06-02 18:00:00+00:00,1.7230426776965337
2024-06-02 19:00:00+00:00,1.7239366438211094
2024-06-02 20:00:00+00:00,1.7249808855938402
2024-06-02 21:00:00+00:00,1.7240518249161576
2024-06-02 22:00:00+00:00,1.7243346737285499
2024-06-02 23:00:00+00:00,1.7244125455515298
2024-06-03 00:00:00+00:00,1.7252597452102245
2024-06-03 01:00:00+00:00,1.7307609874494694
2024-06-03 02:00:00+00:00,1.7298423738345152
2024-06-03 03:00:00+00:00,1.7305053331828304
2024-06-03 04:00:00+00:00,1.726713955824357
2024-06-03 05:00:00+00:00,1.733576216449464
2024-06-03 06:00:00+00:00,1.7357468576146111
2024-06-03 07:00:00+00:00,1.7391596494155
2024-06-03 08:00:00+00:00,1.7436813559514581
2024-06-03 09:00:00+00:00,1.74345789997942
2024-06-03 10:00:00+00:00,1.7460153723336058
2024-06-03 11:00:00+00:00,1.7467845657338554
2024-06-03 12:00:00+00:00,1.7402516618490103
2024-06-03 13:00:00+00:00,1.7437802755769691
2024-06-03 14:00:00+00:00,1.743475124619605
2024-06-03 15:00:00+00:00,1.7450174718750837
2024-06-03 16:00:00+00:00,1.7479431362694569
2024-06-03 17:00:00+00:00,1.753628920533569
2024-06-03 18:00:00+00:00,1.7531921079240647
2024-06-03 19:00:00+00:00,1.76159394455135
2024-06-03 20:00:00+00:00,1.7633608585629537
2024-06-03 21:00:00+00:00,1.760001950982131
2024-06-03 22:00:00+00:00,1.7574540687098306
2024-06-03 23:00:00+00:00,1.7540866697596638
2024-06-04 00:00:00+00:00,1.7585509204993137
2024-06-04 01:00:00+00:00,1.757526560504024
2024-06-04 02:00:00+00:00,1.757358493576132
2024-06-04 03:00:00+00:00,1.756166006238766
2024-06-04 04:00:00+00:00,1.7592826262343138
2024-06-04 05:00:00+00:00,1.7534716053024726
2024-06-04 06:00:00+00:00,1.7562039804870895
2024-06-04 07:00:00+00:00,1.753703923957866
2024-06-04 08:00:00+00:00,1.7558401344539292
2024-06-04 09:00:00+00:00,1.7581672997908142
2024-06-04 10:00:00+00:00,1.7568553530742919
2024-06-04 11:00:00+00:00,1.7553106335681756
2024-06-04 12:00:00+00:00,1.756297635262395
2024-06-04 13:00:00+00:00,1.7541435060438544
2024-06-04 14:00:00+00:00,1.757546892124707
2024-06-04 15:00:00+00:00,1.7560540054123743
2024-06-04 16:00:00+00:00,1.7578715095307462
2024-06-04 17:00:00+00:00,1.759942146892008
2024-06-04 18:00:00+00:00,1.7607915222518566
2024-06-04 19:00:00+00:00,1.761170856772324
2024-06-04 20:00:00+00:00,1.7605229775017055
2024-06-04 21:00:00+00:00,1.7598653408457787
2024-06-04 22:00:00+00:00,1.7562396897081891
2024-06-04 23:00:00+00:00,1.7543587753773389
2024-06-05 00:00:00+00:00,1.7508239148749154
2024-06-05 01:00:00+00:00,1.7496457989108385
2024-06-05 02:00:00+00:00,1.7513957698980576
2024-06-05 03:00:00+00:00,1.7516403965227965
2024-06-05 04:00:00+00:00,1.754877372191579
2024-06-05 05:00:00+00:00,1.748952670472703
2024-06-05 06:00:00+00:00,1.7515885038071761
2024-06-05 07:00:00+00:00,1.7507427200295633
2024-06-05 08:00:00+00:00,1.75541486381227
2024-06-05 09:00:00+00:00,1.7555461515890567
2024-06-05 10:00:00+00:00,1.755699290356064
2024-06-05 11:00:00+00:00,1.7552199401868542
2024-06-05 12:00:00+00:00,1.751640726026581
2024-06-05 13:00:00+00:00,1.7561857296897498
2024-06-05 14:00:00+00:00,1.7551760226985944
2024-06-05 15:00:00+00:00,1.7553170738907866
2024-06-05 16:00:00+00:00,1.7630352375125828
2024-06-05 17:00:00+00:00,1.7611102780553718
2024-06-05 18:00:00+00:00,1.7680877668394417
2024-06-05 19:00:00+00:00,1.7648084458640685
2024-06-05 20:00:00+00:00,1.7669399842594702
2024-06-05 21:00:00+00:00,1.7647606842685164
2024-06-05 22:00:00+00:00,1.763578907103979
2024-06-05 23:00:00+00:00,1.7597607909724815
2024-06-06 00:00:00+00:00,1.7601596665672332
2024-06-06 01:00:00+00:00,1.7587745412456803
2024-06-06 02:00:00+00:00,1.7590054272795774
2024-06-06 03:00:00+00:00,1.7583779486758804
2024-06-06 04:00:00+00:00,1.7544755907597827
2024-06-06 05:00:00+00:00,1.754569574120199
2024-06-06 06:00:00+00:00,1.7543384935892128
2024-06-06 07:00:00+00:00,1.7517199198450388
2024-06-06 08:00:00+00:00,1.7542345911620423
2024-06-06 09:00:00+00:00,1.751992231027126
2024-06-06 10:00:00+00:00,1.7529073397516206
2024-06-06 11:00:00+00:00,1.7567569602386888
2024-06-06 12:00:00+00:00,1.7555841078478667
2024-06-06 13:00:00+00:00,1.753228868628147
2024-06-06 14:00:00+00:00,1.757050471335556
2024-06-06 15:00:00+00:00,1.7608158004742862
2024-06-06 16:00:00+00:00,1.7590842238598396
2024-06-06 17:00:00+00:00,1.7578963834917425
2024-06-06 18:00:00+00:00,1.7546721272754107
2024-06-06 19:00:00+00:00,1.74959346849788
2024-06-06 20:00:00+00:00,1.7524248857416738
2024-06-06 21:00:00+00:00,1.7511650961326846
2024-06-06 22:00:00+00:00,1.747768811042102
2024-06-06 23:00:00+00:00,1.74565187838606
2024-06-07 00:00:00+00:00,1.7487263956631467
2024-06-07 01:00:00+00:00,1.7510447258303177
2024-06-07 02:00:00+00:00,1.7505018809453974
2024-06-07 03:00:00+00:00,1.7462643316009767
2024-06-07 04:00:00+00:00,1.7470027186300134
2024-06-07 05:00:00+00:00,1.7465293116223948
2024-06-07 06:00:00+00:00,1.7513599946293592
2024-06-07 07:00:00+00:00,1.758671714800332
2024-06-07 08:00:00+00:00,1.7567173538594227
2024-06-07 09:00:00+00:00,1.7520182493778058
2024-06-07 10:00:00+00:00,1.7492205243327021
2024-06-07 11:00:00+00:00,1.7494946012969355
2024-06-07 12:00:00+00:00,1.7467326992637644
2024-06-07 13:00:00+00:00,1.7567112422665923
2024-06-07 14:00:00+00:00,1.7600595510823769
2024-06-07 15:00:00+00:00,1.7545035056369669
2024-06-07 16:00:00+00:00,1.750882641998892
2024-06-07 17:00:00+00:00,1.75514932421042
2024-06-07 18:00:00+00:00,1.7192021290575588
2024-06-07 19:00:00+00:00,1.721367916168283
2024-06-07 20:00:00+00:00,1.7222478958823717
2024-06-07 21:00:00+00:00,1.7296617700516141
2024-06-07 22:00:00+00:00,1.724374658549768
2024-06-07 23:00:00+00:00,1.7270114979521187
2024-06-08 00:00:00+00:00,1.7258941841843745
2024-06-08 01:00:00+00:00,1.7255632903331077
2024-06-08 02:00:00+00:00,1.7292898134698762
2024-06-08 03:00:00+00:00,1.7314475530377607
2024-06-08 04:00:00+00:00,1.7280333762138322
2024-06-08 05:00:00+00:00,1.7267411866679427
2024-06-08 06:00:00+00:00,1.721771438613225
2024-06-08 07:00:00+00:00,1.7150907863130151
2024-06-08 08:00:00+00:00,1.7134638771725939
2024-06-08 09:00:00+00:00,1.71229240421785
2024-06-08 10:00:00+00:00,1.713376100081173
2024-06-08 11:00:00+00:00,1.711709281008398
2024-06-08 12:00:00+00:00,1.7120755702301955
2024-06-08 13:00:00+00:00,1.7134231118247758
2024-06-08 14:00:00+00:00,1.7124291897649504
2024-06-08 15:00:00+00:00,1.7121340590878895
2024-06-08 16:00:00+00:00,1.7071511874353082
2024-06-08 17:00:00+00:00,1.7040354208829014
2024-06-08 18:00:00+00:00,1.7096856294159233
2024-06-08 19:00:00+00:00,1.705088683789257
2024-06-08 20:00:00+00:00,1.7020690197141033
2024-06-08 21:00:00+00:00,1.70446572868417
2024-06-08 22:00:00+00:00,1.706124615448829
2024-06-08 23:00:00+00:00,1.7115339599256505
2024-06-09 00:00:00+00:00,1.7167116504034217
2024-06-09 01:00:00+00:00,1.7191998484616167
2024-06-09 02:00:00+00:00,1.7257831557052743
2024-06-09 03:00:00+00:00,1.7239751716387508
2024-06-09 04:00:00+00:00,1.7272287510865245
2024-06-09 05:00:00+00:00,1.7254772878496178
2024-06-09 06:00:00+00:00,1.7231783879552096
2024-06-09 07:00:00+00:00,1.7197127306107265
2024-06-09 08:00:00+00:00,1.7203248447479655
2024-06-09 09:00:00+00:00,1.7213213691171099
2024-06-09 10:00:00+00:00,1.7232563731428503
2024-06-09 11:00:00+00:00,1.7191055584268182
2024-06-09 12:00:00+00:00,1.7166248704534763
2024-06-09 13:00:00+00:00,1.720514369743716
2024-06-09 14:00:00+00:00,1.7227706144603583
2024-06-09 15:00:00+00:00,1.7237513739557981
2024-06-09 16:00:00+00:00,1.7303041410086637
2024-06-09 17:00:00+00:00,1.7272770792331908
2024-06-09 18:00:00+00:00,1.7298115755575503
2024-06-09 19:00:00+00:00,1.7329702172479813
2024-06-09 20:00:00+00:00,1.732625123313832
2024-06-09 21:00:00+00:00,1.7331763021610176
2024-06-09 22:00:00+00:00,1.7334933419696918
2024-06-09 23:00:00+00:00,1.7311452982127133
2024-06-10 00:00:00+00:00,1.7345129535159978
2024-06-10 01:00:00+00:00,1.7343080466687895
2024-06-10 02:00:00+00:00,1.7335146225835674
2024-06-10 03:00:00+00:00,1.7342985417603856
2024-06-10 04:00:00+00:00,1.734451690988269
2024-06-10 05:00:00+00:00,1.7405351466106853
2024-06-10 06:00:00+00:00,1.7530112604432027
2024-06-10 07:00:00+00:00,1.7566331380771971
2024-06-10 08:00:00+00:00,1.7663173389367806
2024-06-10 09:00:00+00:00,1.7679577737789252
2024-06-10 10:00:00+00:00,1.7696643027361663
2024-06-10 11:00:00+00:00,1.7681925792441615
2024-06-10 12:00:00+00:00,1.7631260511901083
2024-06-10 13:00:00+00:00,1.7645118060495575
2024-06-10 14:00:00+00:00,1.7666598847571096
2024-06-10 15:00:00+00:00,1.7722408385949142
2024-06-10 16:00:00+00:00,1.76886780210094
2024-06-10 17:00:00+00:00,1.7681695292202513
2024-06-10 18:00:00+00:00,1.7688966621112632
2024-06-10 19:00:00+00:00,1.7679643819351039
2024-06-10 20:00:00+00:00,1.762560013343301
2024-06-10 21:00:00+00:00,1.7598060645815965
2024-06-10 22:00:00+00:00,1.7637187438163953
2024-06-10 23:00:00+00:00,1.76225105652786
2024-06-11 00:00:00+00:00,1.761589894203895
2024-06-11 01:00:00+00:00,1.7577196279745584
2024-06-11 02:00:00+00:00,1.7696950119110666
2024-06-11 03:00:00+00:00,1.7652223927162478
2024-06-11 04:00:00+00:00,1.7685009466800132
2024-06-11 05:00:00+00:00,1.7726324066879589
2024-06-11 06:00:00+00:00,1.7784026239624264
2024-06-11 07:00:00+00:00,1.7848971777453913
2024-06-11 08:00:00+00:00,1.7868827696723155
2024-06-11 09:00:00+00:00,1.793256881668547
2024-06-11 10:00:00+00:00,1.8009641576502398
2024-06-11 11:00:00+00:00,1.7958488241559043
2024-06-11 12:00:00+00:00,1.7905662767099788
2024-06-11 13:00:00+00:00,1.7835885042180006
2024-06-11 14:00:00+00:00,1.790250522931861
2024-06-11 15:00:00+00:00,1.789619662736486
2024-06-11 16:00:00+00:00,1.7855950858398564
2024-06-11 17:00:00+00:00,1.7847555964134658
2024-06-11 18:00:00+00:00,1.786852779046939
2024-06-11 19:00:00+00:00,1.783005624646343
2024-06-11 20:00:00+00:00,1.7854577415935884
2024-06-11 21:00:00+00:00,1.7878620542655728
2024-06-11 22:00:00+00:00,1.782357539651407
2024-06-11 23:00:00+00:00,1.7789826742161068
2024-06-12 00:00:00+00:00,1.7744023176930246
2024-06-12 01:00:00+00:00,1.7703003840341678
2024-06-12 02:00:00+00:00,1.7797645043086658
2024-06-12 03:00:00+00:00,1.7842175748261455
2024-06-12 04:00:00+00:00,1.7885652028431793
2024-06-12 05:00:00+00:00,1.788480019958627
2024-06-12 06:00:00+00:00,1.7905629782081296
2024-06-12 07:00:00+00:00,1.78868556054348
2024-06-12 08:00:00+00:00,1.7917714643901068
2024-06-12 09:00:00+00:00,1.7876148694996623
2024-06-12 10:00:00+00:00,1.791759558011352
2024-06-12 11:00:00+00:00,1.7908447820707387
2024-06-12 12:00:00+00:00,1.802186707777317
2024-06-12 13:00:00+00:00,1.8056668356569043
2024-06-12 14:00:00+00:00,1.8096464060328048
2024-06-12 15:00:00+00:00,1.8081354184513436
2024-06-12 16:00:00+00:00,1.807537383985502
2024-06-12 17:00:00+00:00,1.8064776799951212
2024-06-12 18:00:00+00:00,1.810525140836242
2024-06-12 19:00:00+00:00,1.811933372864054
2024-06-12 20:00:00+00:00,1.816559991320138
2024-06-12 21:00:00+00:00,1.8053353037650002
2024-06-12 22:00:00+00:00,1.8084848978982337
2024-06-12 23:00:00+00:00,1.810535565401266
2024-06-13 00:00:00+00:00,1.8125390517220896
2024-06-13 01:00:00+00:00,1.8084188828981198
2024-06-13 02:00:00+00:00,1.805643372276802
2024-06-13 03:00:00+00:00,1.8038132145062422
2024-06-13 04:00:00+00:00,1.8092354522137022
2024-06-13 05:00:00+00:00,1.8037419600560152
2024-06-13 06:00:00+00:00,1.8015124256797257
2024-06-13 07:00:00+00:00,1.7991665750496184
2024-06-13 08:00:00+00:00,1.7989743450241542
2024-06-13 09:00:00+00:00,1.7985331558138502
2024-06-13 10:00:00+00:00,1.7960474155583204
2024-06-13 11:00:00+00:00,1.7971077804451898
2024-06-13 12:00:00+00:00,1.794154873736822
2024-06-13 13:00:00+00:00,1.8062904243775584
2024-06-13 14:00:00+00:00,1.8083383808311413
2024-06-13 15:00:00+00:00,1.8100381388176576
2024-06-13 16:00:00+00:00,1.8004598354761536
2024-06-13 17:00:00+00:00,1.8036419725938453
2024-06-13 18:00:00+00:00,1.8096596640842728
2024-06-13 19:00:00+00:00,1.8108636542514063
2024-06-13 20:00:00+00:00,1.7961972019410402
2024-06-13 21:00:00+00:00,1.7972373989985904
2024-06-13 22:00:00+00:00,1.7974010812321575
2024-06-13 23:00:00+00:00,1.7973972348486855
2024-06-14 00:00:00+00:00,1.7928055523387914
2024-06-14 01:00:00+00:00,1.7993465505560926
2024-06-14 02:00:00+00:00,1.8014042089206528
2024-06-14 03:00:00+00:00,1.7987811233676927
2024-06-14 04:00:00+00:00,1.797040384279391
2024-06-14 05:00:00+00:00,1.7993151336511346
2024-06-14 06:00:00+00:00,1.7991359558681657
2024-06-14 07:00:00+00:00,1.802451987913069
2024-06-14 08:00:00+00:00,1.7995199980798597
2024-06-14 09:00:00+00:00,1.8030096691666921
2024-06-14 10:00:00+00:00,1.8046264567324386
2024-06-14 11:00:00+00:00,1.8036973296617929
2024-06-14 12:00:00+00:00,1.801454987435734
2024-06-14 13:00:00+00:00,1.7992991725114322
2024-06-14 14:00:00+00:00,1.7833565190707787
2024-06-14 15:00:00+00:00,1.7791074569774195
2024-06-14 16:00:00+00:00,1.7776606690796442
2024-06-14 17:00:00+00:00,1.7737959844090854
2024-06-14 18:00:00+00:00,1.7728476955464507
2024-06-14 19:00:00+00:00,1.772745712063071
2024-06-14 20:00:00+00:00,1.7716631993312069
2024-06-14 21:00:00+00:00,1.7746594431072007
2024-06-14 22:00:00+00:00,1.7745976260615952
2024-06-14 23:00:00+00:00,1.7775348399365323
2024-06-15 00:00:00+00:00,1.779922206330582
2024-06-15 01:00:00+00:00,1.7769559624048201
2024-06-15 02:00:00+00:00,1.7797981569370174
2024-06-15 03:00:00+00:00,1.7808187018635435
2024-06-15 04:00:00+00:00,1.7841815402899512
2024-06-15 05:00:00+00:00,1.784691527309922
2024-06-15 06:00:00+00:00,1.7852824677261008
2024-06-15 07:00:00+00:00,1.7851123973598284
2024-06-15 08:00:00+00:00,1.7843808302077655
2024-06-15 09:00:00+00:00,1.7832942445267237
2024-06-15 10:00:00+00:00,1.7832293798663155
2024-06-15 11:00:00+00:00,1.7850106120210263
2024-06-15 12:00:00+00:00,1.7840805642596211
2024-06-15 13:00:00+00:00,1.7840695871290249
2024-06-15 14:00:00+00:00,1.7856491536153376
2024-06-15 15:00:00+00:00,1.7893076120308553
2024-06-15 16:00:00+00:00,1.7887442054874894
2024-06-15 17:00:00+00:00,1.7883172534226157
2024-06-15 18:00:00+00:00,1.7889554910638532
2024-06-15 19:00:00+00:00,1.7857805042712287
2024-06-15 20:00:00+00:00,1.7846284583181822
2024-06-15 21:00:00+00:00,1.7850665182798429
2024-06-15 22:00:00+00:00,1.7853478499364945
2024-06-15 23:00:00+00:00,1.7846378368397333
2024-06-16 00:00:00+00:00,1.7822562959957515
2024-06-16 01:00:00+00:00,1.7821473822896907
2024-06-16 02:00:00+00:00,1.7834435429048652
2024-06-16 03:00:00+00:00,1.7776532184990286
2024-06-16 04:00:00+00:00,1.772889911040172
2024-06-16 05:00:00+00:00,1.783317032509938
2024-06-16 06:00:00+00:00,1.7858783481405058
2024-06-16 07:00:00+00:00,1.786916368140047
2024-06-16 08:00:00+00:00,1.7845921630623465
2024-06-16 09:00:00+00:00,1.7827385238507312
2024-06-16 10:00:00+00:00,1.781619245196094
2024-06-16 11:00:00+00:00,1.7824697524676136
2024-06-16 12:00:00+00:00,1.7780490502059414
2024-06-16 13:00:00+00:00,1.779957731720309
2024-06-16 14:00:00+00:00,1.7845549211540987
2024-06-16 15:00:00+00:00,1.7875854802943658
2024-06-16 16:00:00+00:00,1.7870952371332376
2024-06-16 17:00:00+00:00,1.7866477848053777
2024-06-16 18:00:00+00:00,1.7827705895172437
2024-06-16 19:00:00+00:00,1.7843939323183513
2024-06-16 20:00:00+00:00,1.7869193068400326
2024-06-16 21:00:00+00:00,1.7845729424677055
2024-06-16 22:00:00+00:00,1.7885336316689764
2024-06-16 23:00:00+00:00,1.7866939045740333
2024-06-17 00:00:00+00:00,1.7930357680373175
2024-06-17 01:00:00+00:00,1.787361555814704
2024-06-17 02:00:00+00:00,1.7810209905831174
2024-06-17 03:00:00+00:00,1.7794106872052549
2024-06-17 04:00:00+00:00,1.7792905429202812
2024-06-17 05:00:00+00:00,1.7738994203779315
2024-06-17 06:00:00+00:00,1.7688823059253296
2024-06-17 07:00:00+00:00,1.766010701764485
2024-06-17 08:00:00+00:00,1.756701472967692
2024-06-17 09:00:00+00:00,1.7516691231885455
2024-06-17 10:00:00+00:00,1.7563133311610988
2024-06-17 11:00:00+00:00,1.7586901244910216
2024-06-17 12:00:00+00:00,1.7627294277190961
2024-06-17 13:00:00+00:00,1.7591252398934092
2024-06-17 14:00:00+00:00,1.7670300182824332
2024-06-17 15:00:00+00:00,1.7601128941163982
2024-06-17 16:00:00+00:00,1.756347097326763
2024-06-17 17:00:00+00:00,1.7568958963164878
2024-06-17 18:00:00+00:00,1.7595345940178344
2024-06-17 19:00:00+00:00,1.7629846073183884
2024-06-17 20:00:00+00:00,1.750299558467307
2024-06-17 21:00:00+00:00,1.7502542772434921
2024-06-17 22:00:00+00:00,1.7476432105276278
2024-06-17 23:00:00+00:00,1.7460786748015802
2024-06-18 00:00:00+00:00,1.744479789449134
2024-06-18 01:00:00+00:00,1.6902654673116009
2024-06-18 02:00:00+00:00,1.70040724220609
2024-06-18 03:00:00+00:00,1.7290837460411668
2024-06-18 04:00:00+00:00,1.733065891828907
2024-06-18 05:00:00+00:00,1.7387064393392553
2024-06-18 06:00:00+00:00,1.7371317996099602
2024-06-18 07:00:00+00:00,1.7372128820247057
2024-06-18 08:00:00+00:00,1.7310538067981076
2024-06-18 09:00:00+00:00,1.7320434292597133
2024-06-18 10:00:00+00:00,1.727720640967568
2024-06-18 11:00:00+00:00,1.7168689211787225
2024-06-18 12:00:00+00:00,1.7141067729826776
2024-06-18 13:00:00+00:00,1.7102956857414304
2024-06-18 14:00:00+00:00,1.7168092291420018
2024-06-18 15:00:00+00:00,1.7214322621098601
2024-06-18 16:00:00+00:00,1.7125916478797445
2024-06-18 17:00:00+00:00,1.7034087082007234
2024-06-18 18:00:00+00:00,1.7115018902389156
2024-06-18 19:00:00+00:00,1.715258393853365
2024-06-18 20:00:00+00:00,1.7264889873504694
2024-06-18 21:00:00+00:00,1.7368390453569085
2024-06-18 22:00:00+00:00,1.7311923181729392
2024-06-18 23:00:00+00:00,1.731995965550281
2024-06-19 00:00:00+00:00,1.7286994823071746
2024-06-19 01:00:00+00:00,1.7475041205011028
2024-06-19 02:00:00+00:00,1.7571989929996563
2024-06-19 03:00:00+00:00,1.7637969897684267
2024-06-19 04:00:00+00:00,1.7640149928126776
2024-06-19 05:00:00+00:00,1.7668732557957738
2024-06-19 06:00:00+00:00,1.7641476225625436
2024-06-19 07:00:00+00:00,1.7627897595868414
2024-06-19 08:00:00+00:00,1.7588350240701607
2024-06-19 09:00:00+00:00,1.7571103758700757
2024-06-19 10:00:00+00:00,1.7584606950258639
2024-06-19 11:00:00+00:00,1.7575248678257822
2024-06-19 12:00:00+00:00,1.7726582437341467
2024-06-19 13:00:00+00:00,1.7755466955580432
2024-06-19 14:00:00+00:00,1.759817975425915
2024-06-19 15:00:00+00:00,1.7672786033548558
2024-06-19 16:00:00+00:00,1.769864415346658
2024-06-19 17:00:00+00:00,1.7783042624107275
2024-06-19 18:00:00+00:00,1.7815599224806764
2024-06-19 19:00:00+00:00,1.781983068765532
2024-06-19 20:00:00+00:00,1.7785489507244656
2024-06-19 21:00:00+00:00,1.7790017518001557
2024-06-19 22:00:00+00:00,1.7774597353022654
2024-06-19 23:00:00+00:00,1.7756921149289733
2024-06-20 00:00:00+00:00,1.7711916529345397
2024-06-20 01:00:00+00:00,1.77325533107484
2024-06-20 02:00:00+00:00,1.7710259011917302
2024-06-20 03:00:00+00:00,1.766846767161323
2024-06-20 04:00:00+00:00,1.7726177868437922
2024-06-20 05:00:00+00:00,1.7757729128422552
2024-06-20 06:00:00+00:00,1.776063101095398
2024-06-20 07:00:00+00:00,1.7796950762492656
2024-06-20 08:00:00+00:00,1.7824643632321204
2024-06-20 09:00:00+00:00,1.781421476890558
2024-06-20 10:00:00+00:00,1.7780432023735406
2024-06-20 11:00:00+00:00,1.778765173261723
2024-06-20 12:00:00+00:00,1.7745138737845272
2024-06-20 13:00:00+00:00,1.773785471289343
2024-06-20 14:00:00+00:00,1.7731131772773643
2024-06-20 15:00:00+00:00,1.7703097156168255
2024-06-20 16:00:00+00:00,1.772389539837003
2024-06-20 17:00:00+00:00,1.7811583508478601
2024-06-20 18:00:00+00:00,1.7815867560769367
2024-06-20 19:00:00+00:00,1.7817668127901614
2024-06-20 20:00:00+00:00,1.780328013293926
2024-06-20 21:00:00+00:00,1.7766485557608411
2024-06-20 22:00:00+00:00,1.7752425366792997
2024-06-20 23:00:00+00:00,1.77519477133011
2024-06-21 00:00:00+00:00,1.7762768533540298
2024-06-21 01:00:00+00:00,1.7806260674350152
2024-06-21 02:00:00+00:00,1.782169267372551
2024-06-21 03:00:00+00:00,1.783966723096079
2024-06-21 04:00:00+00:00,1.7859436446219057
2024-06-21 05:00:00+00:00,1.7872429198874313
2024-06-21 06:00:00+00:00,1.7860414624116632
2024-06-21 07:00:00+00:00,1.7910784941110034
2024-06-21 08:00:00+00:00,1.7911808093005748
2024-06-21 09:00:00+00:00,1.7940182108829927
2024-06-21 10:00:00+00:00,1.7963619843971401
2024-06-21 11:00:00+00:00,1.800549360696737
2024-06-21 12:00:00+00:00,1.7960387462824212
2024-06-21 13:00:00+00:00,1.7923400605526854
2024-06-21 14:00:00+00:00,1.8020982242345918
2024-06-21 15:00:00+00:00,1.8040769817385127
2024-06-21 16:00:00+00:00,1.8063214937883314
2024-06-21 17:00:00+00:00,1.7977222988037607
2024-06-21 18:00:00+00:00,1.7989432845322553
2024-06-21 19:00:00+00:00,1.7990755514098602
2024-06-21 20:00:00+00:00,1.80281453043111
2024-06-21 21:00:00+00:00,1.800519047438379
2024-06-21 22:00:00+00:00,1.7996281187660443
2024-06-21 23:00:00+00:00,1.8021278980053914
2024-06-22 00:00:00+00:00,1.795619727897273
2024-06-22 01:00:00+00:00,1.7954549181654937
2024-06-22 02:00:00+00:00,1.7972087183212018
2024-06-22 03:00:00+00:00,1.7930538700136254
2024-06-22 04:00:00+00:00,1.7914854967735743
2024-06-22 05:00:00+00:00,1.7779420409999287
2024-06-22 06:00:00+00:00,1.7804458780051418
2024-06-22 07:00:00+00:00,1.7804887662711875
2024-06-22 08:00:00+00:00,1.7831519049069866
2024-06-22 09:00:00+00:00,1.785218587603616
2024-06-22 10:00:00+00:00,1.7863889643603115
2024-06-22 11:00:00+00:00,1.7910296240008785
2024-06-22 12:00:00+00:00,1.7972144560870347
2024-06-22 13:00:00+00:00,1.7947091952173344
2024-06-22 14:00:00+00:00,1.8005669184059039
2024-06-22 15:00:00+00:00,1.80074508873837
2024-06-22 16:00:00+00:00,1.7992466381208188
2024-06-22 17:00:00+00:00,1.8088416556358193
2024-06-22 18:00:00+00:00,1.8085529213785447
2024-06-22 19:00:00+00:00,1.8093102385703466
2024-06-22 20:00:00+00:00,1.8067896523777531
2024-06-22 21:00:00+00:00,1.802852200707937
2024-06-22 22:00:00+00:00,1.8046346453512867
2024-06-22 23:00:00+00:00,1.802042261473082
2024-06-23 00:00:00+00:00,1.8056828776647817
2024-06-23 01:00:00+00:00,1.8065792072695401
2024-06-23 02:00:00+00:00,1.8060834068103708
2024-06-23 03:00:00+00:00,1.809111582798554
2024-06-23 04:00:00+00:00,1.8122539173520524
2024-06-23 05:00:00+00:00,1.808201643556269
2024-06-23 06:00:00+00:00,1.8083613638779472
2024-06-23 07:00:00+00:00,1.8086968263981964
2024-06-23 08:00:00+00:00,1.8080000109256158
2024-06-23 09:00:00+00:00,1.8075328265503854
2024-06-23 10:00:00+00:00,1.8032897716521095
2024-06-23 11:00:00+00:00,1.7999096986716616
2024-06-23 12:00:00+00:00,1.800267672732212
2024-06-23 13:00:00+00:00,1.7904044344901628
2024-06-23 14:00:00+00:00,1.7865648171575585
2024-06-23 15:00:00+00:00,1.7822597946716092
2024-06-23 16:00:00+00:00,1.7803115948018176
2024-06-23 17:00:00+00:00,1.7816408925411176
2024-06-23 18:00:00+00:00,1.79125244462708
2024-06-23 19:00:00+00:00,1.7893294224658296
2024-06-23 20:00:00+00:00,1.79426700568663
2024-06-23 21:00:00+00:00,1.7943602945088406
2024-06-23 22:00:00+00:00,1.7969525476134074
2024-06-23 23:00:00+00:00,1.802529216017146
2024-06-24 00:00:00+00:00,1.8095253927085244
2024-06-24 01:00:00+00:00,1.8023982937501108
2024-06-24 02:00:00+00:00,1.8065821735944052
2024-06-24 03:00:00+00:00,1.80959126576072
2024-06-24 04:00:00+00:00,1.8061112456982764
2024-06-24 05:00:00+00:00,1.8018949832789979
2024-06-24 06:00:00+00:00,1.8058596096934256
2024-06-24 07:00:00+00:00,1.805952360551679
2024-06-24 08:00:00+00:00,1.8046829360478642
2024-06-24 09:00:00+00:00,1.8283489560811061
2024-06-24 10:00:00+00:00,1.837298989934088
2024-06-24 11:00:00+00:00,1.8393198252001781
2024-06-24 12:00:00+00:00,1.8701566240075311
2024-06-24 13:00:00+00:00,1.8712664084060093
2024-06-24 14:00:00+00:00,1.867239208891404
2024-06-24 15:00:00+00:00,1.8634451381725696
2024-06-24 16:00:00+00:00,1.8921226039269536
2024-06-24 17:00:00+00:00,1.8909279199654898
2024-06-24 18:00:00+00:00,1.8878925871459147
2024-06-24 19:00:00+00:00,1.8970488087336344
2024-06-24 20:00:00+00:00,1.8997310921463049
2024-06-24 21:00:00+00:00,1.9008837101477882
2024-06-24 22:00:00+00:00,1.9099046125934471
2024-06-24 23:00:00+00:00,1.912885773663875
2024-06-25 00:00:00+00:00,1.9178105703387134
2024-06-25 01:00:00+00:00,1.9181712642479989
2024-06-25 02:00:00+00:00,1.9210266019713216
2024-06-25 03:00:00+00:00,1.916683403403997
2024-06-25 04:00:00+00:00,1.919757085205861
2024-06-25 05:00:00+00:00,1.924270404485707
2024-06-25 06:00:00+00:00,1.9205212650042378
2024-06-25 07:00:00+00:00,1.9318488575507438
2024-06-25 08:00:00+00:00,1.9212695315905677
2024-06-25 09:00:00+00:00,1.9212017952748857
2024-06-25 10:00:00+00:00,1.9212402408547646
2024-06-25 11:00:00+00:00,1.9213076704365828
2024-06-25 12:00:00+00:00,1.9254138728869246
2024-06-25 13:00:00+00:00,1.9276176307024568
2024-06-25 14:00:00+00:00,1.9251213344833695
2024-06-25 15:00:00+00:00,1.928483517751824
2024-06-25 16:00:00+00:00,1.9300017865470562
2024-06-25 17:00:00+00:00,1.9295431364021025
2024-06-25 18:00:00+00:00,1.9145368843189072
2024-06-25 19:00:00+00:00,1.9168588850992778
2024-06-25 20:00:00+00:00,1.923555682925846
2024-06-25 21:00:00+00:00,1.9245403931820624
2024-06-25 22:00:00+00:00,1.9226339210247545
2024-06-25 23:00:00+00:00,1.9269358026416854
2024-06-26 00:00:00+00:00,1.9258833723814681
2024-06-26 01:00:00+00:00,1.9285139436253869
2024-06-26 02:00:00+00:00,1.9251462783929425
2024-06-26 03:00:00+00:00,1.9224851429598224
2024-06-26 04:00:00+00:00,1.9274673676674903
2024-06-26 05:00:00+00:00,1.9330701688167458
2024-06-26 06:00:00+00:00,1.9316303095639638
2024-06-26 07:00:00+00:00,1.9335861813571333
2024-06-26 08:00:00+00:00,1.931959491833043
2024-06-26 09:00:00+00:00,1.9348312454831536
2024-06-26 10:00:00+00:00,1.936834624948011
2024-06-26 11:00:00+00:00,1.9343004368946088
2024-06-26 12:00:00+00:00,1.9305881668479696
2024-06-26 13:00:00+00:00,1.9284506655220626
2024-06-26 14:00:00+00:00,1.926037473351801
2024-06-26 15:00:00+00:00,1.9270715864857475
2024-06-26 16:00:00+00:00,1.933938007227419
2024-06-26 17:00:00+00:00,1.9363741629450542
2024-06-26 18:00:00+00:00,1.9420761369415833
2024-06-26 19:00:00+00:00,1.9605886169867142
2024-06-26 20:00:00+00:00,1.958687682877701
2024-06-26 21:00:00+00:00,1.957991956238575
2024-06-26 22:00:00+00:00,1.9604804443368666
2024-06-26 23:00:00+00:00,1.9565544596175573
2024-06-27 00:00:00+00:00,1.9489435834226247
2024-06-27 01:00:00+00:00,1.9450788668514831
2024-06-27 02:00:00+00:00,1.947026798000999
2024-06-27 03:00:00+00:00,1.950553645179688
2024-06-27 04:00:00+00:00,1.9497954121588505
2024-06-27 05:00:00+00:00,1.9473128817068046
2024-06-27 06:00:00+00:00,1.9556978490769314
2024-06-27 07:00:00+00:00,1.9527706429804381
2024-06-27 08:00:00+00:00,1.954581911941908
2024-06-27 09:00:00+00:00,1.9635442353510157
2024-06-27 10:00:00+00:00,1.9666181379174474
2024-06-27 11:00:00+00:00,1.9647603503618865
2024-06-27 12:00:00+00:00,1.9619967318444504
2024-06-27 13:00:00+00:00,1.9672417338472739
2024-06-27 14:00:00+00:00,1.9776450972464603
2024-06-27 15:00:00+00:00,1.9726345356365818
2024-06-27 16:00:00+00:00,1.9753930226666327
2024-06-27 17:00:00+00:00,1.9793072289511613
2024-06-27 18:00:00+00:00,1.9784142715284248
2024-06-27 19:00:00+00:00,1.9786742921597453
2024-06-27 20:00:00+00:00,1.9762461480064746
2024-06-27 21:00:00+00:00,1.9746669250748954
2024-06-27 22:00:00+00:00,1.976222500068676
2024-06-27 23:00:00+00:00,1.9771665799357216
2024-06-28 00:00:00+00:00,1.97946482195965
2024-06-28 01:00:00+00:00,1.9778998108483945
2024-06-28 02:00:00+00:00,1.9828462242175051
2024-06-28 03:00:00+00:00,1.9839126412951937
2024-06-28 04:00:00+00:00,1.9780053544103724
2024-06-28 05:00:00+00:00,1.9774354557979377
2024-06-28 06:00:00+00:00,1.97819151953068
2024-06-28 07:00:00+00:00,1.9810013926378296
2024-06-28 08:00:00+00:00,1.9837339873938407
2024-06-28 09:00:00+00:00,1.9862220468725849
2024-06-28 10:00:00+00:00,1.983558716575237
2024-06-28 11:00:00+00:00,1.9838889696784463
2024-06-28 12:00:00+00:00,1.997424757985651
2024-06-28 13:00:00+00:00,1.9959130364691322
2024-06-28 14:00:00+00:00,1.9961289897039884
2024-06-28 15:00:00+00:00,1.9952553780606581
2024-06-28 16:00:00+00:00,1.991149805146995
2024-06-28 17:00:00+00:00,1.98738145639875
2024-06-28 18:00:00+00:00,1.9876969223599543
2024-06-28 19:00:00+00:00,1.9965194317381156
2024-06-28 20:00:00+00:00,1.9990687062394785
2024-06-28 21:00:00+00:00,1.9959740336829062
2024-06-28 22:00:00+00:00,1.997983638479825
2024-06-28 23:00:00+00:00,1.9968737494645672
2024-06-29 00:00:00+00:00,1.9936581649625196
2024-06-29 01:00:00+00:00,1.9944939403969224
2024-06-29 02:00:00+00:00,1.9975539618011304
2024-06-29 03:00:00+00:00,2.001884640691337
2024-06-29 04:00:00+00:00,2.0009883006130442
2024-06-29 05:00:00+00:00,2.000875789542989
2024-06-29 06:00:00+00:00,1.9993840073357845
2024-06-29 07:00:00+00:00,1.9967357922957465
2024-06-29 08:00:00+00:00,1.995747631974442
2024-06-29 09:00:00+00:00,1.9920252443407724
2024-06-29 10:00:00+00:00,1.9941893316551869
2024-06-29 11:00:00+00:00,1.9918338774725872
2024-06-29 12:00:00+00:00,1.990627137918842
2024-06-29 13:00:00+00:00,1.9887880850337656
2024-06-29 14:00:00+00:00,1.9918656965871464
2024-06-29 15:00:00+00:00,1.9895491765976383
2024-06-29 16:00:00+00:00,1.9904379543505097
2024-06-29 17:00:00+00:00,1.9904732204177789
2024-06-29 18:00:00+00:00,1.988083955921014
2024-06-29 19:00:00+00:00,1.9834745513515821
2024-06-29 20:00:00+00:00,1.9851433386134656
2024-06-29 21:00:00+00:00,1.9851117269676564
2024-06-29 22:00:00+00:00,1.9841103409940768
2024-06-29 23:00:00+00:00,1.9829028676058102
2024-06-30 00:00:00+00:00,1.9827964037299632
2024-06-30 01:00:00+00:00,1.9819412122250717
2024-06-30 02:00:00+00:00,1.9748836172979112
2024-06-30 03:00:00+00:00,1.9780870633574263
2024-06-30 04:00:00+00:00,1.9817743878437737
2024-06-30 05:00:00+00:00,1.9783511781021381
2024-06-30 06:00:00+00:00,1.9794669044615885
2024-06-30 07:00:00+00:00,1.987226384726628
2024-06-30 08:00:00+00:00,1.9933681129329188
2024-06-30 09:00:00+00:00,1.9901558191287967
2024-06-30 10:00:00+00:00,1.9890722066838828
2024-06-30 11:00:00+00:00,1.9875012128377034
2024-06-30 12:00:00+00:00,1.9835622053807902
2024-06-30 13:00:00+00:00,1.9813972583247248
2024-06-30 14:00:00+00:00,1.9814612268484488
2024-06-30 15:00:00+00:00,1.9854203676222966
2024-06-30 16:00:00+00:00,1.9836395373430606
2024-06-30 17:00:00+00:00,1.984424892849698
2024-06-30 18:00:00+00:00,1.9819826576395103
2024-06-30 19:00:00+00:00,1.9818099410385555
2024-06-30 20:00:00+00:00,1.984683766017191
2024-06-30 21:00:00+00:00,1.9841350418476078
2024-06-30 22:00:00+00:00,1.9853336694361288
2024-06-30 23:00:00+00:00,1.9863144409459932
2024-07-01 00:00:00+00:00,1.9851227061321073
2024-07-01 01:00:00+00:00,1.9835540803587075
2024-07-01 02:00:00+00:00,1.9829089441410284
2024-07-01 03:00:00+00:00,1.979319566995376
2024-07-01 04:00:00+00:00,1.9864112204354565
2024-07-01 05:00:00+00:00,1.9784131030932024
2024-07-01 06:00:00+00:00,1.9784390773116334
2024-07-01 07:00:00+00:00,1.9853689621100747
2024-07-01 08:00:00+00:00,1.9902528241513784
2024-07-01 09:00:00+00:00,1.992092680703573
2024-07-01 10:00:00+00:00,1.9887598299287745
2024-07-01 11:00:00+00:00,1.9849383436446344
2024-07-01 12:00:00+00:00,1.9815473795670178
2024-07-01 13:00:00+00:00,1.9799630210069412
2024-07-01 14:00:00+00:00,1.9754005265382693
2024-07-01 15:00:00+00:00,1.9724524474968883
2024-07-01 16:00:00+00:00,1.9725560053541948
2024-07-01 17:00:00+00:00,1.9693335160538545
2024-07-01 18:00:00+00:00,1.9747235111016408
2024-07-01 19:00:00+00:00,1.9826723820890428
2024-07-01 20:00:00+00:00,1.983600676457563
2024-07-01 21:00:00+00:00,1.9866554008896908
2024-07-01 22:00:00+00:00,1.9757673684138708
2024-07-01 23:00:00+00:00,1.9748777295188402
2024-07-02 00:00:00+00:00,1.9729986449358081
2024-07-02 01:00:00+00:00,1.97439632252186
2024-07-02 02:00:00+00:00,1.9730508249444303
2024-07-02 03:00:00+00:00,1.9742390990068297
2024-07-02 04:00:00+00:00,1.9782928804327058
2024-07-02 05:00:00+00:00,1.9812167303754569
2024-07-02 06:00:00+00:00,1.9828232011319482
2024-07-02 07:00:00+00:00,1.9832363415316514
2024-07-02 08:00:00+00:00,1.9847447398735367
2024-07-02 09:00:00+00:00,1.9826103883193467
2024-07-02 10:00:00+00:00,1.9827616552658196
2024-07-02 11:00:00+00:00,1.9812146390838994
2024-07-02 12:00:00+00:00,1.9843139126541816
2024-07-02 13:00:00+00:00,1.9862895090385935
2024-07-02 14:00:00+00:00,1.9908431392595407
2024-07-02 15:00:00+00:00,1.9895730315074838
2024-07-02 16:00:00+00:00,1.9859846098139384
2024-07-02 17:00:00+00:00,1.9823963625514525
2024-07-02 18:00:00+00:00,1.980156941992846
2024-07-02 19:00:00+00:00,1.9860706571810562
2024-07-02 20:00:00+00:00,1.9788801364300006
2024-07-02 21:00:00+00:00,1.9766779279388158
2024-07-02 22:00:00+00:00,1.9742107239107451
2024-07-02 23:00:00+00:00,1.978702573509964
2024-07-03 00:00:00+00:00,1.9809980806121879
2024-07-03 01:00:00+00:00,1.983227933182109
2024-07-03 02:00:00+00:00,1.983085032345794
2024-07-03 03:00:00+00:00,1.9779269127621628
2024-07-03 04:00:00+00:00,1.9870822035763862
2024-07-03 05:00:00+00:00,1.989111030104872
2024-07-03 06:00:00+00:00,1.9948187292549038
2024-07-03 07:00:00+00:00,1.9971523829521654
2024-07-03 08:00:00+00:00,1.9964323650162625
2024-07-03 09:00:00+00:00,1.9985979254953292
2024-07-03 10:00:00+00:00,1.9961970979721453
2024-07-03 11:00:00+00:00,1.9928810181865146
2024-07-03 12:00:00+00:00,2.0003750900630255
2024-07-03 13:00:00+00:00,2.002317030884268
2024-07-03 14:00:00+00:00,2.0120818131034506
2024-07-03 15:00:00+00:00,2.0134732977339156
2024-07-03 16:00:00+00:00,2.0097672029154214
2024-07-03 17:00:00+00:00,2.0039651267341654
2024-07-03 18:00:00+00:00,2.0046237251997967
2024-07-03 19:00:00+00:00,2.007499304159782
2024-07-03 20:00:00+00:00,2.0102320787817627
2024-07-03 21:00:00+00:00,2.0045004647326308
2024-07-03 22:00:00+00:00,2.0079257934747625
2024-07-03 23:00:00+00:00,2.008771265186851
2024-07-04 00:00:00+00:00,1.99907952430671
2024-07-04 01:00:00+00:00,2.007375167168985
2024-07-04 02:00:00+00:00,2.016182261570268
2024-07-04 03:00:00+00:00,2.016323195512215
2024-07-04 04:00:00+00:00,2.024326194700545
2024-07-04 05:00:00+00:00,2.0285252806562
2024-07-04 06:00:00+00:00,2.027138536208455
2024-07-04 07:00:00+00:00,2.01893027236117
2024-07-04 08:00:00+00:00,2.013743304284123
2024-07-04 09:00:00+00:00,2.019160454406046
2024-07-04 10:00:00+00:00,2.0232229338330905
2024-07-04 11:00:00+00:00,2.035444317886325
2024-07-04 12:00:00+00:00,2.040626974596086
2024-07-04 13:00:00+00:00,2.0433114271429216
2024-07-04 14:00:00+00:00,2.0358834974813957
2024-07-04 15:00:00+00:00,2.032387848698661
2024-07-04 16:00:00+00:00,2.0355754695132102
2024-07-04 17:00:00+00:00,2.046125429862981
2024-07-04 18:00:00+00:00,2.0475297179447187
2024-07-04 19:00:00+00:00,2.0496264616488498
2024-07-04 20:00:00+00:00,2.0508160067405434
2024-07-04 21:00:00+00:00,2.0556095061650006
2024-07-04 22:00:00+00:00,2.0563060427673663
2024-07-04 23:00:00+00:00,2.0324595305024924
2024-07-05 00:00:00+00:00,1.983565687955118
2024-07-05 01:00:00+00:00,1.977566408665106
2024-07-05 02:00:00+00:00,1.9336076663066406
2024-07-05 03:00:00+00:00,1.930166631347015
2024-07-05 04:00:00+00:00,1.9717768004751048
2024-07-05 05:00:00+00:00,1.9655466746960248
2024-07-05 06:00:00+00:00,1.9662804999808803
2024-07-05 07:00:00+00:00,1.9552504361792487
2024-07-05 08:00:00+00:00,1.9706132146763333
2024-07-05 09:00:00+00:00,1.970130160663861
2024-07-05 10:00:00+00:00,1.9781092922602832
2024-07-05 11:00:00+00:00,1.9786803365383063
2024-07-05 12:00:00+00:00,1.999218093957529
2024-07-05 13:00:00+00:00,1.9753923367404942
2024-07-05 14:00:00+00:00,1.973129506653774
2024-07-05 15:00:00+00:00,1.959405171000937
2024-07-05 16:00:00+00:00,1.9710550013860941
2024-07-05 17:00:00+00:00,1.9797994503876208
2024-07-05 18:00:00+00:00,1.97680227447898
2024-07-05 19:00:00+00:00,1.9859420365763218
2024-07-05 20:00:00+00:00,1.9817039661526492
2024-07-05 21:00:00+00:00,2.006834948695003
2024-07-05 22:00:00+00:00,2.0100426368400353
2024-07-05 23:00:00+00:00,2.010145310159573
2024-07-06 00:00:00+00:00,2.017999348035915
2024-07-06 01:00:00+00:00,2.018863747703969
2024-07-06 02:00:00+00:00,2.0105576627956734
2024-07-06 03:00:00+00:00,2.0051109440169763
2024-07-06 04:00:00+00:00,2.009192723164718
2024-07-06 05:00:00+00:00,2.0060117786532756
2024-07-06 06:00:00+00:00,2.005020571092486
2024-07-06 07:00:00+00:00,2.017276338763359
2024-07-06 08:00:00+00:00,2.016336272712427
2024-07-06 09:00:00+00:00,1.9943608181841206
2024-07-06 10:00:00+00:00,1.9924831140225245
2024-07-06 11:00:00+00:00,1.9987663386000019
2024-07-06 12:00:00+00:00,1.9989693550745637
2024-07-06 13:00:00+00:00,2.0060907077785344
2024-07-06 14:00:00+00:00,2.0033739210283006
2024-07-06 15:00:00+00:00,2.010314520768276
2024-07-06 16:00:00+00:00,2.028096595189964
2024-07-06 17:00:00+00:00,2.0247930876888036
2024-07-06 18:00:00+00:00,2.0363732948470847
2024-07-06 19:00:00+00:00,2.031474416803282
2024-07-06 20:00:00+00:00,2.0407542254696303
2024-07-06 21:00:00+00:00,2.039883483674181
2024-07-06 22:00:00+00:00,2.042687494676804
2024-07-06 23:00:00+00:00,2.046874111667333
2024-07-07 00:00:00+00:00,2.0521683313425267
2024-07-07 01:00:00+00:00,2.047399150395505
2024-07-07 02:00:00+00:00,2.043551731289162
2024-07-07 03:00:00+00:00,2.0476281796982243
2024-07-07 04:00:00+00:00,2.0497536521151707
2024-07-07 05:00:00+00:00,2.0551689061204774
2024-07-07 06:00:00+00:00,2.0564291335855764
2024-07-07 07:00:00+00:00,2.0628359482278253
2024-07-07 08:00:00+00:00,2.0636911462353664
2024-07-07 09:00:00+00:00,2.0612821373368018
2024-07-07 10:00:00+00:00,2.0603516866526506
2024-07-07 11:00:00+00:00,2.061906784334333
2024-07-07 12:00:00+00:00,2.064779924661214
2024-07-07 13:00:00+00:00,2.0656232278980595
2024-07-07 14:00:00+00:00,2.0664127985537917
2024-07-07 15:00:00+00:00,2.0619413098354027
2024-07-07 16:00:00+00:00,2.0593858226443227
2024-07-07 17:00:00+00:00,2.058590429299797
2024-07-07 18:00:00+00:00,2.062248737437011
2024-07-07 19:00:00+00:00,2.0655324554268013
2024-07-07 20:00:00+00:00,2.0669713502793816
2024-07-07 21:00:00+00:00,2.0636858328973817
2024-07-07 22:00:00+00:00,2.0689732288030167
2024-07-07 23:00:00+00:00,2.0712677117496754
2024-07-08 00:00:00+00:00,2.058365002544808
2024-07-08 01:00:00+00:00,2.0528997124328217
2024-07-08 02:00:00+00:00,2.0604739570382113
2024-07-08 03:00:00+00:00,2.0600498976554644
2024-07-08 04:00:00+00:00,2.049892404797747
2024-07-08 05:00:00+00:00,2.0678385961761454
2024-07-08 06:00:00+00:00,2.067027411546217
2024-07-08 07:00:00+00:00,2.0623770349190944
2024-07-08 08:00:00+00:00,2.097152243367434
2024-07-08 09:00:00+00:00,2.0992000721057633
2024-07-08 10:00:00+00:00,2.1144376969326486
2024-07-08 11:00:00+00:00,2.1088978085944516
2024-07-08 12:00:00+00:00,2.1132125039090237
2024-07-08 13:00:00+00:00,2.1202508811867085
2024-07-08 14:00:00+00:00,2.10595407110149
2024-07-08 15:00:00+00:00,2.120877962963887
2024-07-08 16:00:00+00:00,2.115272388408149
2024-07-08 17:00:00+00:00,2.1166755656551146
2024-07-08 18:00:00+00:00,2.1188209072431228
2024-07-08 19:00:00+00:00,2.1185051655579845
2024-07-08 20:00:00+00:00,2.120868266728646
2024-07-08 21:00:00+00:00,2.124698305582581
2024-07-08 22:00:00+00:00,2.1246251048841214
2024-07-08 23:00:00+00:00,2.1256699331589637
2024-07-09 00:00:00+00:00,2.1391768001053513
2024-07-09 01:00:00+00:00,2.1463320691079284
2024-07-09 02:00:00+00:00,2.1468410299681864
2024-07-09 03:00:00+00:00,2.1412844610012023
2024-07-09 04:00:00+00:00,2.145688694293824
2024-07-09 05:00:00+00:00,2.1296745334040015
2024-07-09 06:00:00+00:00,2.1284122579603957
2024-07-09 07:00:00+00:00,2.1311290613156415
2024-07-09 08:00:00+00:00,2.131793151854325
2024-07-09 09:00:00+00:00,2.1365012590793153
2024-07-09 10:00:00+00:00,2.1382574255892037
2024-07-09 11:00:00+00:00,2.136857334950451
2024-07-09 12:00:00+00:00,2.1415305491165952
2024-07-09 13:00:00+00:00,2.1427592641657536
2024-07-09 14:00:00+00:00,2.148793446015768
2024-07-09 15:00:00+00:00,2.147522474077191
2024-07-09 16:00:00+00:00,2.146483558319959
2024-07-09 17:00:00+00:00,2.150975996895382
2024-07-09 18:00:00+00:00,2.156368524218742
2024-07-09 19:00:00+00:00,2.1563291529001036
2024-07-09 20:00:00+00:00,2.169480982656787
2024-07-09 21:00:00+00:00,2.167427696755416
2024-07-09 22:00:00+00:00,2.171256141847882
2024-07-09 23:00:00+00:00,2.1676526148458195
2024-07-10 00:00:00+00:00,2.168256940125793
2024-07-10 01:00:00+00:00,2.168383456915709
2024-07-10 02:00:00+00:00,2.1664632117389235
2024-07-10 03:00:00+00:00,2.170548524056531
2024-07-10 04:00:00+00:00,2.1718612938192234
2024-07-10 05:00:00+00:00,2.1736496477844374
2024-07-10 06:00:00+00:00,2.177308738737218
2024-07-10 07:00:00+00:00,2.1798848173260446
2024-07-10 08:00:00+00:00,2.1753536039770283
2024-07-10 09:00:00+00:00,2.174758420456609
2024-07-10 10:00:00+00:00,2.178634511527443
2024-07-10 11:00:00+00:00,2.1832638304536456
2024-07-10 12:00:00+00:00,2.1760510437778047
2024-07-10 13:00:00+00:00,2.1856958508532833
2024-07-10 14:00:00+00:00,2.1882067827695577
2024-07-10 15:00:00+00:00,2.18300326767281
2024-07-10 16:00:00+00:00,2.199218937079404
2024-07-10 17:00:00+00:00,2.1998626357465936
2024-07-10 18:00:00+00:00,2.199099838394493
2024-07-10 19:00:00+00:00,2.197213108257845
2024-07-10 20:00:00+00:00,2.198193167489434
2024-07-10 21:00:00+00:00,2.203069920340946
2024-07-10 22:00:00+00:00,2.1990927179507134
2024-07-10 23:00:00+00:00,2.199994007383376
2024-07-11 00:00:00+00:00,2.201115027630651
2024-07-11 01:00:00+00:00,2.206161941337501
2024-07-11 02:00:00+00:00,2.205649734512406
2024-07-11 03:00:00+00:00,2.1996007824029173
2024-07-11 04:00:00+00:00,2.197831579687881
2024-07-11 05:00:00+00:00,2.198575869722246
2024-07-11 06:00:00+00:00,2.1973387263599484
2024-07-11 07:00:00+00:00,2.2006305153809627
2024-07-11 08:00:00+00:00,2.196646576635222
2024-07-11 09:00:00+00:00,2.2047213455075756
2024-07-11 10:00:00+00:00,2.2029853377281925
2024-07-11 11:00:00+00:00,2.2001113076746934
2024-07-11 12:00:00+00:00,2.2128222084529137
2024-07-11 13:00:00+00:00,2.2057872497874222
2024-07-11 14:00:00+00:00,2.2077119762209723
2024-07-11 15:00:00+00:00,2.212996146557486
2024-07-11 16:00:00+00:00,2.2206462309253525
2024-07-11 17:00:00+00:00,2.2192127374603694
2024-07-11 18:00:00+00:00,2.2196206630743838
2024-07-11 19:00:00+00:00,2.2277826843336435
2024-07-11 20:00:00+00:00,2.2286616651584055
2024-07-11 21:00:00+00:00,2.2224462836480905
2024-07-11 22:00:00+00:00,2.2224960077077065
2024-07-11 23:00:00+00:00,2.210466510121173
2024-07-12 00:00:00+00:00,2.2120513488388456
2024-07-12 01:00:00+00:00,2.199725093875893
2024-07-12 02:00:00+00:00,2.1989442938227377
2024-07-12 03:00:00+00:00,2.2084282836412115
2024-07-12 04:00:00+00:00,2.2122983998351238
2024-07-12 05:00:00+00:00,2.21218794924596
2024-07-12 06:00:00+00:00,2.2053107467372843
2024-07-12 07:00:00+00:00,2.2077528295251967
2024-07-12 08:00:00+00:00,2.2014371115133526
2024-07-12 09:00:00+00:00,2.2039843738583573
2024-07-12 10:00:00+00:00,2.197471988570966
2024-07-12 11:00:00+00:00,2.1970698390288272
2024-07-12 12:00:00+00:00,2.194470487216597
2024-07-12 13:00:00+00:00,2.199417611441528
2024-07-12 14:00:00+00:00,2.2066453998145295
2024-07-12 15:00:00+00:00,2.211680488402514
2024-07-12 16:00:00+00:00,2.2166346679828868
2024-07-12 17:00:00+00:00,2.2140570863080544
2024-07-12 18:00:00+00:00,2.2111523804232984
2024-07-12 19:00:00+00:00,2.2110631062086457
2024-07-12 20:00:00+00:00,2.212575129274918
2024-07-12 21:00:00+00:00,2.215961602949037
2024-07-12 22:00:00+00:00,2.2110788700497963
2024-07-12 23:00:00+00:00,2.212078351729433
2024-07-13 00:00:00+00:00,2.219165330191411
2024-07-13 01:00:00+00:00,2.2223626079882055
2024-07-13 02:00:00+00:00,2.2174565618271456
2024-07-13 03:00:00+00:00,2.2136532313313553
2024-07-13 04:00:00+00:00,2.208023912419436
2024-07-13 05:00:00+00:00,2.196418311370151
2024-07-13 06:00:00+00:00,2.189077010084907
2024-07-13 07:00:00+00:00,2.1824225346603505
2024-07-13 08:00:00+00:00,2.189456668969495
2024-07-13 09:00:00+00:00,2.193543771882659
2024-07-13 10:00:00+00:00,2.189058097560804
2024-07-13 11:00:00+00:00,2.1953754619867896
2024-07-13 12:00:00+00:00,2.186320524209605
2024-07-13 13:00:00+00:00,2.182588245819956
2024-07-13 14:00:00+00:00,2.175771212463833
2024-07-13 15:00:00+00:00,2.1573644633942313
2024-07-13 16:00:00+00:00,2.162400829754126
2024-07-13 17:00:00+00:00,2.1525033146740213
2024-07-13 18:00:00+00:00,2.1486690915794133
2024-07-13 19:00:00+00:00,2.128030019434837
2024-07-13 20:00:00+00:00,2.1465850683089585
2024-07-13 21:00:00+00:00,2.1535485192936
2024-07-13 22:00:00+00:00,2.1652210049759733
2024-07-13 23:00:00+00:00,2.162215508063334
2024-07-14 00:00:00+00:00,2.170044612849028
2024-07-14 01:00:00+00:00,2.17248815915202
2024-07-14 02:00:00+00:00,2.178512442211978
2024-07-14 03:00:00+00:00,2.1733817412066134
2024-07-14 04:00:00+00:00,2.1799288170042757
2024-07-14 05:00:00+00:00,2.180689027459815
2024-07-14 06:00:00+00:00,2.1759393919943646
2024-07-14 07:00:00+00:00,2.180290570229913
2024-07-14 08:00:00+00:00,2.175008560984375
2024-07-14 09:00:00+00:00,2.1778578728600007
2024-07-14 10:00:00+00:00,2.1760859986531247
2024-07-14 11:00:00+00:00,2.178962345626378
2024-07-14 12:00:00+00:00,2.1787221007731934
2024-07-14 13:00:00+00:00,2.1716831695532828
2024-07-14 14:00:00+00:00,2.1709208434475467
2024-07-14 15:00:00+00:00,2.1724860439550304
2024-07-14 16:00:00+00:00,2.1708815975906863
2024-07-14 17:00:00+00:00,2.175131308961555
2024-07-14 18:00:00+00:00,2.173877956856118
2024-07-14 19:00:00+00:00,2.1719982505440556
2024-07-14 20:00:00+00:00,2.173070031503387
2024-07-14 21:00:00+00:00,2.1808164980441727
2024-07-14 22:00:00+00:00,2.1870646347464193
2024-07-14 23:00:00+00:00,2.1944099341387635
2024-07-15 00:00:00+00:00,2.185348241012762
2024-07-15 01:00:00+00:00,2.18158573965043
2024-07-15 02:00:00+00:00,2.184115857847259
2024-07-15 03:00:00+00:00,2.1908880691080452
2024-07-15 04:00:00+00:00,2.1886342417314557
2024-07-15 05:00:00+00:00,2.188509140258409
2024-07-15 06:00:00+00:00,2.1907465351985036
2024-07-15 07:00:00+00:00,2.1981746003248563
2024-07-15 08:00:00+00:00,2.1948694891800926
2024-07-15 09:00:00+00:00,2.194056734900806
2024-07-15 10:00:00+00:00,2.1932102600648333
2024-07-15 11:00:00+00:00,2.191898656457656
2024-07-15 12:00:00+00:00,2.190718210497803
2024-07-15 13:00:00+00:00,2.194683199260217
2024-07-15 14:00:00+00:00,2.1914699464418557
2024-07-15 15:00:00+00:00,2.1967638927961772
2024-07-15 16:00:00+00:00,2.193475515641365
2024-07-15 17:00:00+00:00,2.1914135139718534
2024-07-15 18:00:00+00:00,2.188484890556198
2024-07-15 19:00:00+00:00,2.1969088231865888
2024-07-15 20:00:00+00:00,2.198469834464205
2024-07-15 21:00:00+00:00,2.209182023063671
2024-07-15 22:00:00+00:00,2.2089289100685106
2024-07-15 23:00:00+00:00,2.2125243980111344
2024-07-16 00:00:00+00:00,2.2042662720141104
2024-07-16 01:00:00+00:00,2.196663486696215
2024-07-16 02:00:00+00:00,2.203325857808131
2024-07-16 03:00:00+00:00,2.1902515567974707
2024-07-16 04:00:00+00:00,2.193379111365038
2024-07-16 05:00:00+00:00,2.1990649653668064
2024-07-16 06:00:00+00:00,2.189084996918627
2024-07-16 07:00:00+00:00,2.1813486077452025
2024-07-16 08:00:00+00:00,2.1710000200892807
2024-07-16 09:00:00+00:00,2.1742362732478586
2024-07-16 10:00:00+00:00,2.175646221866352
2024-07-16 11:00:00+00:00,2.1716106929199097
2024-07-16 12:00:00+00:00,2.1777652154159073
2024-07-16 13:00:00+00:00,2.166772088148946
2024-07-16 14:00:00+00:00,2.156811632694789
2024-07-16 15:00:00+00:00,2.1590277783178897
2024-07-16 16:00:00+00:00,2.1670581924452987
2024-07-16 17:00:00+00:00,2.1729832790048396
2024-07-16 18:00:00+00:00,2.1813303182464217
2024-07-16 19:00:00+00:00,2.1795258566407805
2024-07-16 20:00:00+00:00,2.1858012364886403
2024-07-16 21:00:00+00:00,2.1910270425859326
2024-07-16 22:00:00+00:00,2.1863572319122664
2024-07-16 23:00:00+00:00,2.1797461785970045
2024-07-17 00:00:00+00:00,2.17660668579641
2024-07-17 01:00:00+00:00,2.1851106502739457
2024-07-17 02:00:00+00:00,2.181741399049285
2024-07-17 03:00:00+00:00,2.1825966498972234
2024-07-17 04:00:00+00:00,2.168199517516883
2024-07-17 05:00:00+00:00,2.173809177597056
2024-07-17 06:00:00+00:00,2.180425385247064
2024-07-17 07:00:00+00:00,2.177960650741596
2024-07-17 08:00:00+00:00,2.174455112638493
2024-07-17 09:00:00+00:00,2.1824242305981727
2024-07-17 10:00:00+00:00,2.1791919163435733
2024-07-17 11:00:00+00:00,2.173490712246006
2024-07-17 12:00:00+00:00,2.166224397091126
2024-07-17 13:00:00+00:00,2.1681063716161595
2024-07-17 14:00:00+00:00,2.177507594633958
2024-07-17 15:00:00+00:00,2.184309159587693
2024-07-17 16:00:00+00:00,2.167724304753744
2024-07-17 17:00:00+00:00,2.1685493012071797
2024-07-17 18:00:00+00:00,2.1653500263024275
2024-07-17 19:00:00+00:00,2.1642314755902605
2024-07-17 20:00:00+00:00,2.158748824684862
2024-07-17 21:00:00+00:00,2.1602602299869993
2024-07-17 22:00:00+00:00,2.1602894368192946
2024-07-17 23:00:00+00:00,2.1667819151698504
2024-07-18 00:00:00+00:00,2.1626031402437405
2024-07-18 01:00:00+00:00,2.178459336198885
2024-07-18 02:00:00+00:00,2.184675444825291
2024-07-18 03:00:00+00:00,2.181530368355366
2024-07-18 04:00:00+00:00,2.179155870276317
2024-07-18 05:00:00+00:00,2.1968201159440275
2024-07-18 06:00:00+00:00,2.1916941701908192
2024-07-18 07:00:00+00:00,2.2050985747721086
2024-07-18 08:00:00+00:00,2.2036462600957907
2024-07-18 09:00:00+00:00,2.2034217665341123
2024-07-18 10:00:00+00:00,2.202741273041536
2024-07-18 11:00:00+00:00,2.1986560085529954
2024-07-18 12:00:00+00:00,2.192041072173781
2024-07-18 13:00:00+00:00,2.1982001421898882
2024-07-18 14:00:00+00:00,2.201657834511024
2024-07-18 15:00:00+00:00,2.2033971342524765
2024-07-18 16:00:00+00:00,2.1930802960250597
2024-07-18 17:00:00+00:00,2.1962869745303686
2024-07-18 18:00:00+00:00,2.192842557267868
2024-07-18 19:00:00+00:00,2.1894759737172564
2024-07-18 20:00:00+00:00,2.18659765544744
2024-07-18 21:00:00+00:00,2.185498126904688
2024-07-18 22:00:00+00:00,2.190246315049023
2024-07-18 23:00:00+00:00,2.2276362689127507
2024-07-19 00:00:00+00:00,2.237876751095691
2024-07-19 01:00:00+00:00,2.237489177642312
2024-07-19 02:00:00+00:00,2.2399927144972316
2024-07-19 03:00:00+00:00,2.2319494936462503
2024-07-19 04:00:00+00:00,2.2328558654983777
2024-07-19 05:00:00+00:00,2.2319635220350906
2024-07-19 06:00:00+00:00,2.2247353803061203
2024-07-19 07:00:00+00:00,2.2263976631910873
2024-07-19 08:00:00+00:00,2.2246328053894238
2024-07-19 09:00:00+00:00,2.224155968613556
2024-07-19 10:00:00+00:00,2.2160517134273645
2024-07-19 11:00:00+00:00,2.2115029138547238
2024-07-19 12:00:00+00:00,2.2142850341179656
2024-07-19 13:00:00+00:00,2.215448944295182
2024-07-19 14:00:00+00:00,2.2104725151999323
2024-07-19 15:00:00+00:00,2.2125669360497935
2024-07-19 16:00:00+00:00,2.213056821753226
2024-07-19 17:00:00+00:00,2.2088525769801364
2024-07-19 18:00:00+00:00,2.2127273481437078
2024-07-19 19:00:00+00:00,2.216949669869998
2024-07-19 20:00:00+00:00,2.224108262522125
2024-07-19 21:00:00+00:00,2.222290123409605
2024-07-19 22:00:00+00:00,2.2232557796528303
2024-07-19 23:00:00+00:00,2.221246846374784
2024-07-20 00:00:00+00:00,2.211420962730615
2024-07-20 01:00:00+00:00,2.2081557062705244
2024-07-20 02:00:00+00:00,2.2117200820315603
2024-07-20 03:00:00+00:00,2.220649479299123
2024-07-20 04:00:00+00:00,2.2179617203516426
2024-07-20 05:00:00+00:00,2.219677731327309
2024-07-20 06:00:00+00:00,2.2169506314320078
2024-07-20 07:00:00+00:00,2.2192046808796824
2024-07-20 08:00:00+00:00,2.2223168403879248
2024-07-20 09:00:00+00:00,2.2127601746664722
2024-07-20 10:00:00+00:00,2.210492346539145
2024-07-20 11:00:00+00:00,2.2117122470042374
2024-07-20 12:00:00+00:00,2.2113475082627185
2024-07-20 13:00:00+00:00,2.210266620083042
2024-07-20 14:00:00+00:00,2.211307459116239
2024-07-20 15:00:00+00:00,2.221152398150141
2024-07-20 16:00:00+00:00,2.221204235532532
2024-07-20 17:00:00+00:00,2.2163930573332187
2024-07-20 18:00:00+00:00,2.2175502730927352
2024-07-20 19:00:00+00:00,2.2257529552845896
2024-07-20 20:00:00+00:00,2.220344682520262
2024-07-20 21:00:00+00:00,2.2163306242029877
2024-07-20 22:00:00+00:00,2.219930982957719
2024-07-20 23:00:00+00:00,2.21788226807244
2024-07-21 00:00:00+00:00,2.2185242612693252
2024-07-21 01:00:00+00:00,2.2150349779741973
2024-07-21 02:00:00+00:00,2.216730943435656
2024-07-21 03:00:00+00:00,2.211449187064033
2024-07-21 04:00:00+00:00,2.2060884051667338
2024-07-21 05:00:00+00:00,2.21019257673813
2024-07-21 06:00:00+00:00,2.211515018144509
2024-07-21 07:00:00+00:00,2.2132927818630046
2024-07-21 08:00:00+00:00,2.2171594180198766
2024-07-21 09:00:00+00:00,2.221713860381953
2024-07-21 10:00:00+00:00,2.221915550050642
2024-07-21 11:00:00+00:00,2.2264300153975185
2024-07-21 12:00:00+00:00,2.226774417512182
2024-07-21 13:00:00+00:00,2.2316336072474052
2024-07-21 14:00:00+00:00,2.2259120239395487
2024-07-21 15:00:00+00:00,2.22381205684778
2024-07-21 16:00:00+00:00,2.2168156596410875
2024-07-21 17:00:00+00:00,2.2195868876821536
2024-07-21 18:00:00+00:00,2.214457607399345
2024-07-21 19:00:00+00:00,2.199773770840418
2024-07-21 20:00:00+00:00,2.1938498165105935
2024-07-21 21:00:00+00:00,2.1883333109691168
2024-07-21 22:00:00+00:00,2.191392530937239
2024-07-21 23:00:00+00:00,2.197384565957474
2024-07-22 00:00:00+00:00,2.2029633884042443
2024-07-22 01:00:00+00:00,2.2068752423371323
2024-07-22 02:00:00+00:00,2.204262588076085
2024-07-22 03:00:00+00:00,2.203507942307545
2024-07-22 04:00:00+00:00,2.1986465092792806
2024-07-22 05:00:00+00:00,2.1978484420959483
2024-07-22 06:00:00+00:00,2.190963604548454
2024-07-22 07:00:00+00:00,2.195272560265581
2024-07-22 08:00:00+00:00,2.199849604655065
2024-07-22 09:00:00+00:00,2.192439821889211
2024-07-22 10:00:00+00:00,2.193020167130691
2024-07-22 11:00:00+00:00,2.1892887448453955
2024-07-22 12:00:00+00:00,2.1842993834434314
2024-07-22 13:00:00+00:00,2.19120419686805
2024-07-22 14:00:00+00:00,2.1832601870811086
2024-07-22 15:00:00+00:00,2.181267361477144
2024-07-22 16:00:00+00:00,2.1874560998450945
2024-07-22 17:00:00+00:00,2.1804259228073457
2024-07-22 18:00:00+00:00,2.1817348415119793
2024-07-22 19:00:00+00:00,2.1821576210982037
2024-07-22 20:00:00+00:00,2.1806793828074977
2024-07-22 21:00:00+00:00,2.188981905500573
2024-07-22 22:00:00+00:00,2.1871451201533665
2024-07-22 23:00:00+00:00,2.183838790792963
2024-07-23 00:00:00+00:00,2.1858693911794034
2024-07-23 01:00:00+00:00,2.1949354167411173
2024-07-23 02:00:00+00:00,2.1870950769848925
2024-07-23 03:00:00+00:00,2.186333939920952
2024-07-23 04:00:00+00:00,2.1870663428639756
2024-07-23 05:00:00+00:00,2.195524685066152
2024-07-23 06:00:00+00:00,2.1915372757412546
2024-07-23 07:00:00+00:00,2.200478752596042
2024-07-23 08:00:00+00:00,2.2131331535700816
2024-07-23 09:00:00+00:00,2.2142650519163722
2024-07-23 10:00:00+00:00,2.2286440616031213
2024-07-23 11:00:00+00:00,2.2300688309611334
2024-07-23 12:00:00+00:00,2.229897505866325
2024-07-23 13:00:00+00:00,2.231017020541089
2024-07-23 14:00:00+00:00,2.21971670671963
2024-07-23 15:00:00+00:00,2.214614106198204
2024-07-23 16:00:00+00:00,2.219164118700421
2024-07-23 17:00:00+00:00,2.214016726279903
2024-07-23 18:00:00+00:00,2.2238558102532386
2024-07-23 19:00:00+00:00,2.232635321340291
2024-07-23 20:00:00+00:00,2.2195677008441783
2024-07-23 21:00:00+00:00,2.2230713698231286
2024-07-23 22:00:00+00:00,2.218862633697808
2024-07-23 23:00:00+00:00,2.223430446336344
2024-07-24 00:00:00+00:00,2.231741665074948
2024-07-24 01:00:00+00:00,2.225782737603347
2024-07-24 02:00:00+00:00,2.2286595649365517
2024-07-24 03:00:00+00:00,2.228128795116024
2024-07-24 04:00:00+00:00,2.2228660947062227
2024-07-24 05:00:00+00:00,2.220983977827927
2024-07-24 06:00:00+00:00,2.2189111716311682
2024-07-24 07:00:00+00:00,2.22173519525197
2024-07-24 08:00:00+00:00,2.2083893206589313
2024-07-24 09:00:00+00:00,2.200067789914408
2024-07-24 10:00:00+00:00,2.1980008121630794
2024-07-24 11:00:00+00:00,2.197080228657217
2024-07-24 12:00:00+00:00,2.2037645421283605
2024-07-24 13:00:00+00:00,2.1998333087731363
2024-07-24 14:00:00+00:00,2.190124445166229
2024-07-24 15:00:00+00:00,2.1970294663807763
2024-07-24 16:00:00+00:00,2.189683914091516
2024-07-24 17:00:00+00:00,2.189213129120191
2024-07-24 18:00:00+00:00,2.1885154056987743
2024-07-24 19:00:00+00:00,2.178446833977589
2024-07-24 20:00:00+00:00,2.17116220529418
2024-07-24 21:00:00+00:00,2.1674401675228148
2024-07-24 22:00:00+00:00,2.173858123784653
2024-07-24 23:00:00+00:00,2.166440728588847
2024-07-25 00:00:00+00:00,2.1630957148168264
2024-07-25 01:00:00+00:00,2.1481972448505284
2024-07-25 02:00:00+00:00,2.161394949775437
2024-07-25 03:00:00+00:00,2.1543319108409054
2024-07-25 04:00:00+00:00,2.1594486210448474
2024-07-25 05:00:00+00:00,2.168493645238412
2024-07-25 06:00:00+00:00,2.1552741724880873
2024-07-25 07:00:00+00:00,2.1599431995489455
2024-07-25 08:00:00+00:00,2.161283240491185
2024-07-25 09:00:00+00:00,2.1643326419248483
2024-07-25 10:00:00+00:00,2.168617395359879
2024-07-25 11:00:00+00:00,2.1626385085864874
2024-07-25 12:00:00+00:00,2.1500808501258324
2024-07-25 13:00:00+00:00,2.163024477524614
2024-07-25 14:00:00+00:00,2.149558274863928
2024-07-25 15:00:00+00:00,2.1459674203095194
2024-07-25 16:00:00+00:00,2.14291585927252
2024-07-25 17:00:00+00:00,2.152630769047278
2024-07-25 18:00:00+00:00,2.1530845593936756
2024-07-25 19:00:00+00:00,2.1554966498630352
2024-07-25 20:00:00+00:00,2.1615016145045347
2024-07-25 21:00:00+00:00,2.163970459273343
2024-07-25 22:00:00+00:00,2.1615169623346038
2024-07-25 23:00:00+00:00,2.161425222608736
2024-07-26 00:00:00+00:00,2.1638221623901206
2024-07-26 01:00:00+00:00,2.1608685537399737
2024-07-26 02:00:00+00:00,2.1677013454312655
2024-07-26 03:00:00+00:00,2.1724959303938167
2024-07-26 04:00:00+00:00,2.1732347651574515
2024-07-26 05:00:00+00:00,2.174378754734984
2024-07-26 06:00:00+00:00,2.1834793151748597
2024-07-26 07:00:00+00:00,2.18871147189484
2024-07-26 08:00:00+00:00,2.1810915899186476
2024-07-26 09:00:00+00:00,2.1813363248237523
2024-07-26 10:00:00+00:00,2.1775748908250265
2024-07-26 11:00:00+00:00,2.174710976932094
2024-07-26 12:00:00+00:00,2.1789181108011273
2024-07-26 13:00:00+00:00,2.1708629939796027
2024-07-26 14:00:00+00:00,2.183760724011499
2024-07-26 15:00:00+00:00,2.180677665757598
2024-07-26 16:00:00+00:00,2.18266662252052
2024-07-26 17:00:00+00:00,2.1799510985772566
2024-07-26 18:00:00+00:00,2.1794943658662245
2024-07-26 19:00:00+00:00,2.1837799179131046
2024-07-26 20:00:00+00:00,2.176161993159428
2024-07-26 21:00:00+00:00,2.17162656015103
2024-07-26 22:00:00+00:00,2.175351810382233
2024-07-26 23:00:00+00:00,2.1746722288104956
2024-07-27 00:00:00+00:00,2.179359868720425
2024-07-27 01:00:00+00:00,2.1790930546829266
2024-07-27 02:00:00+00:00,2.1778533632240573
2024-07-27 03:00:00+00:00,2.177182872151414
2024-07-27 04:00:00+00:00,2.1771057520278494
2024-07-27 05:00:00+00:00,2.17900521198036
2024-07-27 06:00:00+00:00,2.17734810001621
2024-07-27 07:00:00+00:00,2.176015908518318
2024-07-27 08:00:00+00:00,2.1711020974400568
2024-07-27 09:00:00+00:00,2.1705031795017877
2024-07-27 10:00:00+00:00,2.171856270248259
2024-07-27 11:00:00+00:00,2.1768456785769286
2024-07-27 12:00:00+00:00,2.1756162203464746
2024-07-27 13:00:00+00:00,2.1800509947072086
2024-07-27 14:00:00+00:00,2.1839642408434847
2024-07-27 15:00:00+00:00,2.187158957544982
2024-07-27 16:00:00+00:00,2.1873329409676825
2024-07-27 17:00:00+00:00,2.190859940319681
2024-07-27 18:00:00+00:00,2.1847266451140954
2024-07-27 19:00:00+00:00,2.181338885332408
2024-07-27 20:00:00+00:00,2.1799074697283283
2024-07-27 21:00:00+00:00,2.1813139160190635
2024-07-27 22:00:00+00:00,2.179871321335275
2024-07-27 23:00:00+00:00,2.1797753626248073
2024-07-28 00:00:00+00:00,2.178595664891087
2024-07-28 01:00:00+00:00,2.1718508922059208
2024-07-28 02:00:00+00:00,2.1739401864127466
2024-07-28 03:00:00+00:00,2.170037405614432
2024-07-28 04:00:00+00:00,2.1681156421290475
2024-07-28 05:00:00+00:00,2.161021168246429
2024-07-28 06:00:00+00:00,2.171978504832838
2024-07-28 07:00:00+00:00,2.1630893657501313
2024-07-28 08:00:00+00:00,2.161629908912764
2024-07-28 09:00:00+00:00,2.1652503911751455
2024-07-28 10:00:00+00:00,2.1699661582583736
2024-07-28 11:00:00+00:00,2.1746822446128387
2024-07-28 12:00:00+00:00,2.175115275139033
2024-07-28 13:00:00+00:00,2.1752349849426182
2024-07-28 14:00:00+00:00,2.169290138910262
2024-07-28 15:00:00+00:00,2.168433268916949
2024-07-28 16:00:00+00:00,2.171899509367397
2024-07-28 17:00:00+00:00,2.172872072982075
2024-07-28 18:00:00+00:00,2.171062139700051
2024-07-28 19:00:00+00:00,2.1684176384199443
2024-07-28 20:00:00+00:00,2.1670119459267565
2024-07-28 21:00:00+00:00,2.167150975732273
2024-07-28 22:00:00+00:00,2.169155751264942
2024-07-28 23:00:00+00:00,2.1646999974788335
2024-07-29 00:00:00+00:00,2.1695228327167357
2024-07-29 01:00:00+00:00,2.1682823136178406
2024-07-29 02:00:00+00:00,2.19414112597068
2024-07-29 03:00:00+00:00,2.1913949773934616
2024-07-29 04:00:00+00:00,2.1917268243358268
2024-07-29 05:00:00+00:00,2.195120056772555
2024-07-29 06:00:00+00:00,2.200975347445259
2024-07-29 07:00:00+00:00,2.1986015971783757
2024-07-29 08:00:00+00:00,2.2013584551195833
2024-07-29 09:00:00+00:00,2.208711972590819
2024-07-29 10:00:00+00:00,2.210960726677659
2024-07-29 11:00:00+00:00,2.2070475080427885
2024-07-29 12:00:00+00:00,2.1986245698305784
2024-07-29 13:00:00+00:00,2.2084083165528328
2024-07-29 14:00:00+00:00,2.210836426067221
2024-07-29 15:00:00+00:00,2.2027882538343713
2024-07-29 16:00:00+00:00,2.2041541130836566
2024-07-29 17:00:00+00:00,2.20272910947879
2024-07-29 18:00:00+00:00,2.204310421338128
2024-07-29 19:00:00+00:00,2.2039996186436395
2024-07-29 20:00:00+00:00,2.208795072751322
2024-07-29 21:00:00+00:00,2.209959792840443
2024-07-29 22:00:00+00:00,2.208433989511316
2024-07-29 23:00:00+00:00,2.210428652444691
2024-07-30 00:00:00+00:00,2.2054018664748325
2024-07-30 01:00:00+00:00,2.214684556768429
2024-07-30 02:00:00+00:00,2.2117660135841866
2024-07-30 03:00:00+00:00,2.207773278389137
2024-07-30 04:00:00+00:00,2.205695560016305
2024-07-30 05:00:00+00:00,2.221082474039596
2024-07-30 06:00:00+00:00,2.2254248636335503
2024-07-30 07:00:00+00:00,2.2201511433212433
2024-07-30 08:00:00+00:00,2.2261048541082604
2024-07-30 09:00:00+00:00,2.212785739887287
2024-07-30 10:00:00+00:00,2.1992136760305345
2024-07-30 11:00:00+00:00,2.1954514969911
2024-07-30 12:00:00+00:00,2.198201449190484
2024-07-30 13:00:00+00:00,2.207377724594109
2024-07-30 14:00:00+00:00,2.206251930528654
2024-07-30 15:00:00+00:00,2.19612607195655
2024-07-30 16:00:00+00:00,2.1921214340913022
2024-07-30 17:00:00+00:00,2.1861599728990817
2024-07-30 18:00:00+00:00,2.1736896457517116
2024-07-30 19:00:00+00:00,2.1659192330486783
2024-07-30 20:00:00+00:00,2.1676452746447348
2024-07-30 21:00:00+00:00,2.1607633559210093
2024-07-30 22:00:00+00:00,2.1675154986086644
2024-07-30 23:00:00+00:00,2.1642950892577724
2024-07-31 00:00:00+00:00,2.164507335716475
2024-07-31 01:00:00+00:00,2.1509261146675094
2024-07-31 02:00:00+00:00,2.14939761119396
2024-07-31 03:00:00+00:00,2.1502352931468414
2024-07-31 04:00:00+00:00,2.1518783907358663
2024-07-31 05:00:00+00:00,2.1528519960614005
2024-07-31 06:00:00+00:00,2.1537259180498602
2024-07-31 07:00:00+00:00,2.1541732345277493
2024-07-31 08:00:00+00:00,2.1517892909470966
2024-07-31 09:00:00+00:00,2.1464517890406407
2024-07-31 10:00:00+00:00,2.1471410603125722
2024-07-31 11:00:00+00:00,2.1472835619040778
2024-07-31 12:00:00+00:00,2.1502868064181144
2024-07-31 13:00:00+00:00,2.1565453383182254
2024-07-31 14:00:00+00:00,2.156520347432062
2024-07-31 15:00:00+00:00,2.156745758837119
2024-07-31 16:00:00+00:00,2.1625086505437556
2024-07-31 17:00:00+00:00,2.164286536314328
2024-07-31 18:00:00+00:00,2.1602410471077107
2024-07-31 19:00:00+00:00,2.1605078507067583
2024-07-31 20:00:00+00:00,2.1610985707999895
2024-07-31 21:00:00+00:00,2.1574759562199612
2024-07-31 22:00:00+00:00,2.1655289879113533
2024-07-31 23:00:00+00:00,2.176808604809226
2024-08-01 00:00:00+00:00,2.174334883353789
2024-08-01 01:00:00+00:00,2.1771724112186797
2024-08-01 02:00:00+00:00,2.1919978524433072
2024-08-01 03:00:00+00:00,2.1962074416822506
2024-08-01 04:00:00+00:00,2.1837990800927995
2024-08-01 05:00:00+00:00,2.180876808337297
2024-08-01 06:00:00+00:00,2.186665419221293
2024-08-01 07:00:00+00:00,2.1866136689273077
2024-08-01 08:00:00+00:00,2.1892595914020068
2024-08-01 09:00:00+00:00,2.2046980619849386
2024-08-01 10:00:00+00:00,2.2033497502906543
2024-08-01 11:00:00+00:00,2.2006458842370975
2024-08-01 12:00:00+00:00,2.2042654266861375
2024-08-01 13:00:00+00:00,2.2085331714745684
2024-08-01 14:00:00+00:00,2.2183115263668807
2024-08-01 15:00:00+00:00,2.217756526479793
2024-08-01 16:00:00+00:00,2.205967580420148
2024-08-01 17:00:00+00:00,2.214929805803978
2024-08-01 18:00:00+00:00,2.2106457925610616
2024-08-01 19:00:00+00:00,2.2189201705317316
2024-08-01 20:00:00+00:00,2.2311408674526745
2024-08-01 21:00:00+00:00,2.2331891386477842
2024-08-01 22:00:00+00:00,2.232918694723184
2024-08-01 23:00:00+00:00,2.2367419646284863
2024-08-02 00:00:00+00:00,2.253553480772899
2024-08-02 01:00:00+00:00,2.2532351757344475
2024-08-02 02:00:00+00:00,2.2615304420233815
2024-08-02 03:00:00+00:00,2.249692312909902
2024-08-02 04:00:00+00:00,2.264880018364187
2024-08-02 05:00:00+00:00,2.283368148805248
2024-08-02 06:00:00+00:00,2.299426570612691
2024-08-02 07:00:00+00:00,2.304649730416238
2024-08-02 08:00:00+00:00,2.3026686312224944
2024-08-02 09:00:00+00:00,2.3016440685145088
2024-08-02 10:00:00+00:00,2.2974228955326055
2024-08-02 11:00:00+00:00,2.2972554151420765
2024-08-02 12:00:00+00:00,2.293358132984936
2024-08-02 13:00:00+00:00,2.308076745221146
2024-08-02 14:00:00+00:00,2.285308521257416
2024-08-02 15:00:00+00:00,2.2782331532622804
2024-08-02 16:00:00+00:00,2.2819162088895
2024-08-02 17:00:00+00:00,2.2857378019760977
2024-08-02 18:00:00+00:00,2.2886605004752805
2024-08-02 19:00:00+00:00,2.288042443289421
2024-08-02 20:00:00+00:00,2.27791425846049
2024-08-02 21:00:00+00:00,2.2834892476927617
2024-08-02 22:00:00+00:00,2.2908278690523316
2024-08-02 23:00:00+00:00,2.2902366497304167
2024-08-03 00:00:00+00:00,2.300033097734624
2024-08-03 01:00:00+00:00,2.2901265512293736
2024-08-03 02:00:00+00:00,2.28255754552605
2024-08-03 03:00:00+00:00,2.294826259248932
2024-08-03 04:00:00+00:00,2.2889678938339504
2024-08-03 05:00:00+00:00,2.2806512596421022
2024-08-03 06:00:00+00:00,2.2811631490368907
2024-08-03 07:00:00+00:00,2.278222080717983
2024-08-03 08:00:00+00:00,2.2891724442641688
2024-08-03 09:00:00+00:00,2.298454771166196
2024-08-03 10:00:00+00:00,2.3007252031425782
2024-08-03 11:00:00+00:00,2.297250014905135
2024-08-03 12:00:00+00:00,2.303334619044479
2024-08-03 13:00:00+00:00,2.3041886382713717
2024-08-03 14:00:00+00:00,2.308810862186445
2024-08-03 15:00:00+00:00,2.3030280884488494
2024-08-03 16:00:00+00:00,2.282959031782832
2024-08-03 17:00:00+00:00,2.294386113347178
2024-08-03 18:00:00+00:00,2.296502506207604
2024-08-03 19:00:00+00:00,2.307398250062589
2024-08-03 20:00:00+00:00,2.2998318876778976
2024-08-03 21:00:00+00:00,2.291501052518563
2024-08-03 22:00:00+00:00,2.2940678702856387
2024-08-03 23:00:00+00:00,2.290117125117797
2024-08-04 00:00:00+00:00,2.311940569829196
2024-08-04 01:00:00+00:00,2.3114595946473764
2024-08-04 02:00:00+00:00,2.315836365572111
2024-08-04 03:00:00+00:00,2.3159979006354
2024-08-04 04:00:00+00:00,2.318359035497446
2024-08-04 05:00:00+00:00,2.314669657553978
2024-08-04 06:00:00+00:00,2.3183717724622466
2024-08-04 07:00:00+00:00,2.332376303180756
2024-08-04 08:00:00+00:00,2.3244303830181234
2024-08-04 09:00:00+00:00,2.3298525415422318
2024-08-04 10:00:00+00:00,2.3271671430736434
2024-08-04 11:00:00+00:00,2.3219051007010014
2024-08-04 12:00:00+00:00,2.31850549259483
2024-08-04 13:00:00+00:00,2.3204886982959447
2024-08-04 14:00:00+00:00,2.3190054794087738
2024-08-04 15:00:00+00:00,2.3159536730797736
2024-08-04 16:00:00+00:00,2.313291082813547
2024-08-04 17:00:00+00:00,2.3167599143447437
2024-08-04 18:00:00+00:00,2.3132588627680297
2024-08-04 19:00:00+00:00,2.3269593807564015
2024-08-04 20:00:00+00:00,2.3252752201188454
2024-08-04 21:00:00+00:00,2.335205218455794
2024-08-04 22:00:00+00:00,2.336693111185432
2024-08-04 23:00:00+00:00,2.334800971035912
2024-08-05 00:00:00+00:00,2.3249315441588223
2024-08-05 01:00:00+00:00,2.2607797095272506
2024-08-05 02:00:00+00:00,2.2779655682383972
2024-08-05 03:00:00+00:00,2.2794977009444777
2024-08-05 04:00:00+00:00,2.292156681219064
2024-08-05 05:00:00+00:00,2.29756180901767
2024-08-05 06:00:00+00:00,2.291876428662341
2024-08-05 07:00:00+00:00,2.327401575504199
2024-08-05 08:00:00+00:00,2.312037428992665
2024-08-05 09:00:00+00:00,2.3063406514168303
2024-08-05 10:00:00+00:00,2.3069608688218324
2024-08-05 11:00:00+00:00,2.300891102228982
2024-08-05 12:00:00+00:00,2.350346943152538
2024-08-05 13:00:00+00:00,2.3576046790028387
2024-08-05 14:00:00+00:00,2.3516167327817605
2024-08-05 15:00:00+00:00,2.3667296813522087
2024-08-05 16:00:00+00:00,2.3934317881461236
2024-08-05 17:00:00+00:00,2.383941600409994
2024-08-05 18:00:00+00:00,2.391418823257187
2024-08-05 19:00:00+00:00,2.3955547053819175
2024-08-05 20:00:00+00:00,2.3971026001534175
2024-08-05 21:00:00+00:00,2.4138100236278293
2024-08-05 22:00:00+00:00,2.4138196287861837
2024-08-05 23:00:00+00:00,2.4187622784395066
2024-08-06 00:00:00+00:00,2.421914925188845
2024-08-06 01:00:00+00:00,2.4216200559950174
2024-08-06 02:00:00+00:00,2.412549349907442
2024-08-06 03:00:00+00:00,2.412507342604331
2024-08-06 04:00:00+00:00,2.39858920979488
2024-08-06 05:00:00+00:00,2.3996899463417485
2024-08-06 06:00:00+00:00,2.4083773965186754
2024-08-06 07:00:00+00:00,2.409786946921324
2024-08-06 08:00:00+00:00,2.4235280182267456
2024-08-06 09:00:00+00:00,2.40308870865344
2024-08-06 10:00:00+00:00,2.395095466014289
2024-08-06 11:00:00+00:00,2.3927240838743167
2024-08-06 12:00:00+00:00,2.395612861413682
2024-08-06 13:00:00+00:00,2.3849229449196847
2024-08-06 14:00:00+00:00,2.3957395704294666
2024-08-06 15:00:00+00:00,2.384303976135502
2024-08-06 16:00:00+00:00,2.3865630645112907
2024-08-06 17:00:00+00:00,2.3847409132085104
2024-08-06 18:00:00+00:00,2.3847782763908953
2024-08-06 19:00:00+00:00,2.3790603347178307
2024-08-06 20:00:00+00:00,2.3677404675264206
2024-08-06 21:00:00+00:00,2.3739814982669603
2024-08-06 22:00:00+00:00,2.3848513209150917
2024-08-06 23:00:00+00:00,2.379704489543676
2024-08-07 00:00:00+00:00,2.371923127386444
2024-08-07 01:00:00+00:00,2.362183403453039
2024-08-07 02:00:00+00:00,2.374938477415951
2024-08-07 03:00:00+00:00,2.3656931317834378
2024-08-07 04:00:00+00:00,2.364881656007348
2024-08-07 05:00:00+00:00,2.354468841204309
2024-08-07 06:00:00+00:00,2.358142125445774
2024-08-07 07:00:00+00:00,2.3544480440294016
2024-08-07 08:00:00+00:00,2.3633562977351024
2024-08-07 09:00:00+00:00,2.37097609772007
2024-08-07 10:00:00+00:00,2.3796696033794174
2024-08-07 11:00:00+00:00,2.3709107638859206
2024-08-07 12:00:00+00:00,2.3604974256444544
2024-08-07 13:00:00+00:00,2.362130935634489
2024-08-07 14:00:00+00:00,2.3635455261769884
2024-08-07 15:00:00+00:00,2.3561751343318935
2024-08-07 16:00:00+00:00,2.356776681955989
2024-08-07 17:00:00+00:00,2.399050248254189
2024-08-07 18:00:00+00:00,2.4023711128494907
2024-08-07 19:00:00+00:00,2.409798384125851
2024-08-07 20:00:00+00:00,2.320182295391188
2024-08-07 21:00:00+00:00,2.2998116992751134
2024-08-07 22:00:00+00:00,2.3600221728469744
2024-08-07 23:00:00+00:00,2.3698045401090573
2024-08-08 00:00:00+00:00,2.39402576550056
2024-08-08 01:00:00+00:00,2.3813936598026952
2024-08-08 02:00:00+00:00,2.376937472834491
2024-08-08 03:00:00+00:00,2.3828290085289505
2024-08-08 04:00:00+00:00,2.4007632406709205
2024-08-08 05:00:00+00:00,2.390871802900265
2024-08-08 06:00:00+00:00,2.3899946657998243
2024-08-08 07:00:00+00:00,2.3858309337109445
2024-08-08 08:00:00+00:00,2.372563173338838
2024-08-08 09:00:00+00:00,2.383203777358143
2024-08-08 10:00:00+00:00,2.384423196509035
2024-08-08 11:00:00+00:00,2.383022976351246
2024-08-08 12:00:00+00:00,2.4032282217558913
2024-08-08 13:00:00+00:00,2.4004994985620574
2024-08-08 14:00:00+00:00,2.408120030218669
2024-08-08 15:00:00+00:00,2.4036824846915636
2024-08-08 16:00:00+00:00,2.431324039412115
2024-08-08 17:00:00+00:00,2.4352502341006295
2024-08-08 18:00:00+00:00,2.426007833696684
2024-08-08 19:00:00+00:00,2.4333479060139758
2024-08-08 20:00:00+00:00,2.4329439123806593
2024-08-08 21:00:00+00:00,2.4475063026286783
2024-08-08 22:00:00+00:00,2.4622180772742137
2024-08-08 23:00:00+00:00,2.4252292771115678
2024-08-09 00:00:00+00:00,2.4281103599401606
2024-08-09 01:00:00+00:00,2.4317767300968107
2024-08-09 02:00:00+00:00,2.428592424637807
2024-08-09 03:00:00+00:00,2.4286338642440803
2024-08-09 04:00:00+00:00,2.4488086720240045
2024-08-09 05:00:00+00:00,2.4388667510132347
2024-08-09 06:00:00+00:00,2.4439015579920773
2024-08-09 07:00:00+00:00,2.4366131387299608
2024-08-09 08:00:00+00:00,2.4481688143845353
2024-08-09 09:00:00+00:00,2.448486208423265
2024-08-09 10:00:00+00:00,2.4548387841124955
2024-08-09 11:00:00+00:00,2.4568976525248067
2024-08-09 12:00:00+00:00,2.4503537948205607
2024-08-09 13:00:00+00:00,2.445433504392791
2024-08-09 14:00:00+00:00,2.4358441968568783
2024-08-09 15:00:00+00:00,2.434535024771912
2024-08-09 16:00:00+00:00,2.4301515240127562
2024-08-09 17:00:00+00:00,2.4529685722349672
2024-08-09 18:00:00+00:00,2.439309394038831
2024-08-09 19:00:00+00:00,2.4391778794976475
2024-08-09 20:00:00+00:00,2.4399609181650077
2024-08-09 21:00:00+00:00,2.453450840460905
2024-08-09 22:00:00+00:00,2.442239701051565
2024-08-09 23:00:00+00:00,2.4416990688460745
2024-08-10 00:00:00+00:00,2.4489955826485055
2024-08-10 01:00:00+00:00,2.4403771691614797
2024-08-10 02:00:00+00:00,2.4342213821727343
2024-08-10 03:00:00+00:00,2.427933420992085
2024-08-10 04:00:00+00:00,2.4275751201284574
2024-08-10 05:00:00+00:00,2.423521374819065
2024-08-10 06:00:00+00:00,2.425054351360245
2024-08-10 07:00:00+00:00,2.423054132463963
2024-08-10 08:00:00+00:00,2.4306292295371565
2024-08-10 09:00:00+00:00,2.4382233945233884
2024-08-10 10:00:00+00:00,2.4270123855547157
2024-08-10 11:00:00+00:00,2.4242562620456596
2024-08-10 12:00:00+00:00,2.416181901791915
2024-08-10 13:00:00+00:00,2.396626573059004
2024-08-10 14:00:00+00:00,2.3789596583836974
2024-08-10 15:00:00+00:00,2.3678433133488603
2024-08-10 16:00:00+00:00,2.396681712969539
2024-08-10 17:00:00+00:00,2.3868879175700797
2024-08-10 18:00:00+00:00,2.380100664050135
2024-08-10 19:00:00+00:00,2.37214171924599
2024-08-10 20:00:00+00:00,2.380718726727132
2024-08-10 21:00:00+00:00,2.3995885674331467
2024-08-10 22:00:00+00:00,2.395832435809748
2024-08-10 23:00:00+00:00,2.396829058049051
2024-08-11 00:00:00+00:00,2.405992122930673
2024-08-11 01:00:00+00:00,2.417240179043688
2024-08-11 02:00:00+00:00,2.4218056373800696
2024-08-11 03:00:00+00:00,2.4377116760494335
2024-08-11 04:00:00+00:00,2.436574909036675
2024-08-11 05:00:00+00:00,2.42748876722249
2024-08-11 06:00:00+00:00,2.428617848995968
2024-08-11 07:00:00+00:00,2.4304133899015077
2024-08-11 08:00:00+00:00,2.437131689732959
2024-08-11 09:00:00+00:00,2.4411206875028753
2024-08-11 10:00:00+00:00,2.4410301769088867
2024-08-11 11:00:00+00:00,2.460760150072035
2024-08-11 12:00:00+00:00,2.440752069628025
2024-08-11 13:00:00+00:00,2.4224219512195693
2024-08-11 14:00:00+00:00,2.4082095809273856
2024-08-11 15:00:00+00:00,2.4076782309819547
2024-08-11 16:00:00+00:00,2.393311642051873
2024-08-11 17:00:00+00:00,2.3941675799697206
2024-08-11 18:00:00+00:00,2.3919328497564165
2024-08-11 19:00:00+00:00,2.412010460455195
2024-08-11 20:00:00+00:00,2.374556055139966
2024-08-11 21:00:00+00:00,2.3964819579849777
2024-08-11 22:00:00+00:00,2.405112286459476
2024-08-11 23:00:00+00:00,2.429872463700925
2024-08-12 00:00:00+00:00,2.378860401217196
2024-08-12 01:00:00+00:00,2.3557243911298817
2024-08-12 02:00:00+00:00,2.335698837644819
2024-08-12 03:00:00+00:00,2.361293401896898
2024-08-12 04:00:00+00:00,2.3741504656611543
2024-08-12 05:00:00+00:00,2.3759338267128576
2024-08-12 06:00:00+00:00,2.3802993200936102
2024-08-12 07:00:00+00:00,2.3911222588787497
2024-08-12 08:00:00+00:00,2.375039891758134
2024-08-12 09:00:00+00:00,2.366683210284114
2024-08-12 10:00:00+00:00,2.3638964504311164
2024-08-12 11:00:00+00:00,2.3399932271936157
2024-08-12 12:00:00+00:00,2.321825785057857
2024-08-12 13:00:00+00:00,2.336905907623592
2024-08-12 14:00:00+00:00,2.3188973630710916
2024-08-12 15:00:00+00:00,2.324566436844431
2024-08-12 16:00:00+00:00,2.3518100394718036
2024-08-12 17:00:00+00:00,2.3531778016803426
2024-08-12 18:00:00+00:00,2.3565592151417087
2024-08-12 19:00:00+00:00,2.3563477571545706
2024-08-12 20:00:00+00:00,2.369904277976938
2024-08-12 21:00:00+00:00,2.3720595358254677
2024-08-12 22:00:00+00:00,2.380274441320482
2024-08-12 23:00:00+00:00,2.3870951041136053
2024-08-13 00:00:00+00:00,2.390159953398346
2024-08-13 01:00:00+00:00,2.409214392191248
2024-08-13 02:00:00+00:00,2.4223974604112395
2024-08-13 03:00:00+00:00,2.408758986037413
2024-08-13 04:00:00+00:00,2.4067728582950663
2024-08-13 05:00:00+00:00,2.4228724188783786
2024-08-13 06:00:00+00:00,2.394625608703795
2024-08-13 07:00:00+00:00,2.3885134892645064
2024-08-13 08:00:00+00:00,2.3806431094586293
2024-08-13 09:00:00+00:00,2.3888123498069684
2024-08-13 10:00:00+00:00,2.3727956167557105
2024-08-13 11:00:00+00:00,2.369679322781253
2024-08-13 12:00:00+00:00,2.3718082384761656
2024-08-13 13:00:00+00:00,2.3984065333514395
2024-08-13 14:00:00+00:00,2.443985479505174
2024-08-13 15:00:00+00:00,2.4354477758245126
2024-08-13 16:00:00+00:00,2.427814147805256
2024-08-13 17:00:00+00:00,2.4381214641743023
2024-08-13 18:00:00+00:00,2.431654682565069
2024-08-13 19:00:00+00:00,2.4267122176280127
2024-08-13 20:00:00+00:00,2.423372316433421
2024-08-13 21:00:00+00:00,2.4335286317921905
2024-08-13 22:00:00+00:00,2.430333397376151
2024-08-13 23:00:00+00:00,2.443066769081397
2024-08-14 00:00:00+00:00,2.4281375776039615
2024-08-14 01:00:00+00:00,2.4255508634064764
2024-08-14 02:00:00+00:00,2.431551368504534
2024-08-14 03:00:00+00:00,2.4429959529037033
2024-08-14 04:00:00+00:00,2.4403992395784058
2024-08-14 05:00:00+00:00,2.449966951105132
2024-08-14 06:00:00+00:00,2.4480891066422763
2024-08-14 07:00:00+00:00,2.4393263184425633
2024-08-14 08:00:00+00:00,2.4386887716038133
2024-08-14 09:00:00+00:00,2.449858292685826
2024-08-14 10:00:00+00:00,2.461277964198693
2024-08-14 11:00:00+00:00,2.468019881260298
2024-08-14 12:00:00+00:00,2.4723519535457
2024-08-14 13:00:00+00:00,2.4659679655166467
2024-08-14 14:00:00+00:00,2.4784863719716332
2024-08-14 15:00:00+00:00,2.4705733423777714
2024-08-14 16:00:00+00:00,2.476259640020656
2024-08-14 17:00:00+00:00,2.4724532041619978
2024-08-14 18:00:00+00:00,2.476873248861574
2024-08-14 19:00:00+00:00,2.483829629393575
2024-08-14 20:00:00+00:00,2.477774503678514
2024-08-14 21:00:00+00:00,2.4813277235598297
2024-08-14 22:00:00+00:00,2.4465437040574662
2024-08-14 23:00:00+00:00,2.4447452570784414
2024-08-15 00:00:00+00:00,2.4422376917675397
2024-08-15 01:00:00+00:00,2.4687981522009603
2024-08-15 02:00:00+00:00,2.4610508135026192
2024-08-15 03:00:00+00:00,2.4668940814348885
2024-08-15 04:00:00+00:00,2.4696103573020025
2024-08-15 05:00:00+00:00,2.4770299628687167
2024-08-15 06:00:00+00:00,2.4799599866317132
2024-08-15 07:00:00+00:00,2.478898768819455
2024-08-15 08:00:00+00:00,2.4814387812273386
2024-08-15 09:00:00+00:00,2.5031681992627566
2024-08-15 10:00:00+00:00,2.5061238782331925
2024-08-15 11:00:00+00:00,2.4971498719408114
2024-08-15 12:00:00+00:00,2.5041474349957373
2024-08-15 13:00:00+00:00,2.491404012892313
2024-08-15 14:00:00+00:00,2.5219369676207353
2024-08-15 15:00:00+00:00,2.5462339687179067
2024-08-15 16:00:00+00:00,2.541982686964755
2024-08-15 17:00:00+00:00,2.5415933091813514
2024-08-15 18:00:00+00:00,2.524575939712439
2024-08-15 19:00:00+00:00,2.518071369802512
2024-08-15 20:00:00+00:00,2.51212841203329
2024-08-15 21:00:00+00:00,2.5131439912290032
2024-08-15 22:00:00+00:00,2.5225916144783866
2024-08-15 23:00:00+00:00,2.5126289498465395
2024-08-16 00:00:00+00:00,2.4916472815993935
2024-08-16 01:00:00+00:00,2.484278819268517
2024-08-16 02:00:00+00:00,2.4939905254990706
2024-08-16 03:00:00+00:00,2.4999771599523974
2024-08-16 04:00:00+00:00,2.514287660498249
2024-08-16 05:00:00+00:00,2.5058069426342175
2024-08-16 06:00:00+00:00,2.5114102797461704
2024-08-16 07:00:00+00:00,2.5342614131040766
2024-08-16 08:00:00+00:00,2.5377524466884482
2024-08-16 09:00:00+00:00,2.528694844162917
2024-08-16 10:00:00+00:00,2.536624625283473
2024-08-16 11:00:00+00:00,2.558174781267697
2024-08-16 12:00:00+00:00,2.582463335172567
2024-08-16 13:00:00+00:00,2.5915862955488884
2024-08-16 14:00:00+00:00,2.5841032807340745
2024-08-16 15:00:00+00:00,2.578948079008816
2024-08-16 16:00:00+00:00,2.572164520826858
2024-08-16 17:00:00+00:00,2.5581990816938553
2024-08-16 18:00:00+00:00,2.586735457204972
2024-08-16 19:00:00+00:00,2.5844611882859527
2024-08-16 20:00:00+00:00,2.585207956126519
2024-08-16 21:00:00+00:00,2.601844644135242
2024-08-16 22:00:00+00:00,2.6046820835381883
2024-08-16 23:00:00+00:00,2.593289695024136
2024-08-17 00:00:00+00:00,2.6032612454416566
2024-08-17 01:00:00+00:00,2.60905848602749
2024-08-17 02:00:00+00:00,2.6036945474817488
2024-08-17 03:00:00+00:00,2.634539903255125
2024-08-17 04:00:00+00:00,2.6362202591150634
2024-08-17 05:00:00+00:00,2.632834430199229
2024-08-17 06:00:00+00:00,2.6385783975475725
2024-08-17 07:00:00+00:00,2.658542297273566
2024-08-17 08:00:00+00:00,2.6578426583451766
2024-08-17 09:00:00+00:00,2.661322105160673
2024-08-17 10:00:00+00:00,2.645664305542353
2024-08-17 11:00:00+00:00,2.64750881834
2024-08-17 12:00:00+00:00,2.646296657956532
2024-08-17 13:00:00+00:00,2.647918940349893
2024-08-17 14:00:00+00:00,2.624252677586961
2024-08-17 15:00:00+00:00,2.649645211190318
2024-08-17 16:00:00+00:00,2.614327924610756
2024-08-17 17:00:00+00:00,2.624580471102854
2024-08-17 18:00:00+00:00,2.651865598662799
2024-08-17 19:00:00+00:00,2.6744070887035796
2024-08-17 20:00:00+00:00,2.6780355726553458
2024-08-17 21:00:00+00:00,2.6793315621744282
2024-08-17 22:00:00+00:00,2.659300637569141
2024-08-17 23:00:00+00:00,2.651515490659655
2024-08-18 00:00:00+00:00,2.6460798950198874
2024-08-18 01:00:00+00:00,2.6542217030748603
2024-08-18 02:00:00+00:00,2.6230095687488144
2024-08-18 03:00:00+00:00,2.651329635803126
2024-08-18 04:00:00+00:00,2.6607651548714113
2024-08-18 05:00:00+00:00,2.647740485451313
2024-08-18 06:00:00+00:00,2.6231880719115788
2024-08-18 07:00:00+00:00,2.6214408974481884
2024-08-18 08:00:00+00:00,2.622307401197646
2024-08-18 09:00:00+00:00,2.6548204257814194
2024-08-18 10:00:00+00:00,2.666566438271747
2024-08-18 11:00:00+00:00,2.683859193044813
2024-08-18 12:00:00+00:00,2.6694179059189085
2024-08-18 13:00:00+00:00,2.686735828103717
2024-08-18 14:00:00+00:00,2.685696613387104
2024-08-18 15:00:00+00:00,2.6928514641729855
2024-08-18 16:00:00+00:00,2.6497460138302853
2024-08-18 17:00:00+00:00,2.6413842339235964
2024-08-18 18:00:00+00:00,2.633814153968204
2024-08-18 19:00:00+00:00,2.653653311806697
2024-08-18 20:00:00+00:00,2.6521754906288977
2024-08-18 21:00:00+00:00,2.6404752032076977
2024-08-18 22:00:00+00:00,2.650341514590313
2024-08-18 23:00:00+00:00,2.6559705621822407
2024-08-19 00:00:00+00:00,2.671406410851479
2024-08-19 01:00:00+00:00,2.670078974892649
2024-08-19 02:00:00+00:00,2.6608495184108687
2024-08-19 03:00:00+00:00,2.6311875216884815
2024-08-19 04:00:00+00:00,2.6295704408253213
2024-08-19 05:00:00+00:00,2.616515909572323
2024-08-19 06:00:00+00:00,2.6337816465535817
2024-08-19 07:00:00+00:00,2.6449759657961986
2024-08-19 08:00:00+00:00,2.655523379272311
2024-08-19 09:00:00+00:00,2.6486536311835005
2024-08-19 10:00:00+00:00,2.634320581292304
2024-08-19 11:00:00+00:00,2.6496947354737763
2024-08-19 12:00:00+00:00,2.6534288154860617
2024-08-19 13:00:00+00:00,2.641651854960946
2024-08-19 14:00:00+00:00,2.6358912748346013
2024-08-19 15:00:00+00:00,2.6281447653760823
2024-08-19 16:00:00+00:00,2.6256107433153355
2024-08-19 17:00:00+00:00,2.5910058564667042
2024-08-19 18:00:00+00:00,2.5962304542452515
2024-08-19 19:00:00+00:00,2.5788398116286197
2024-08-19 20:00:00+00:00,2.5812653887591077
2024-08-19 21:00:00+00:00,2.5789885020257857
2024-08-19 22:00:00+00:00,2.575576137118602
2024-08-19 23:00:00+00:00,2.58095292963358
2024-08-20 00:00:00+00:00,2.590711299062469
2024-08-20 01:00:00+00:00,2.5917091665408143
2024-08-20 02:00:00+00:00,2.5895043938071964
2024-08-20 03:00:00+00:00,2.5986788892057326
2024-08-20 04:00:00+00:00,2.590091188601315
2024-08-20 05:00:00+00:00,2.59819409988492
2024-08-20 06:00:00+00:00,2.600957710645918
2024-08-20 07:00:00+00:00,2.606071871005502
2024-08-20 08:00:00+00:00,2.604698215955551
2024-08-20 09:00:00+00:00,2.6001624215616084
2024-08-20 10:00:00+00:00,2.617039973032762
2024-08-20 11:00:00+00:00,2.6198888762840977
2024-08-20 12:00:00+00:00,2.62186825292585
2024-08-20 13:00:00+00:00,2.626790520310771
2024-08-20 14:00:00+00:00,2.612551673602309
2024-08-20 15:00:00+00:00,2.61229224191495
2024-08-20 16:00:00+00:00,2.6042981353803243
2024-08-20 17:00:00+00:00,2.6074051045936226
2024-08-20 18:00:00+00:00,2.607700377691055
2024-08-20 19:00:00+00:00,2.6137556025674478
2024-08-20 20:00:00+00:00,2.6147586209965303
2024-08-20 21:00:00+00:00,2.6170897093293157
2024-08-20 22:00:00+00:00,2.62591642913531
2024-08-20 23:00:00+00:00,2.622696790478596
2024-08-21 00:00:00+00:00,2.6303526593324493
2024-08-21 01:00:00+00:00,2.6244130704824746
2024-08-21 02:00:00+00:00,2.6215200662948144
2024-08-21 03:00:00+00:00,2.6270311343725967
2024-08-21 04:00:00+00:00,2.624927418208628
2024-08-21 05:00:00+00:00,2.633341482946341
2024-08-21 06:00:00+00:00,2.631980338612586
2024-08-21 07:00:00+00:00,2.637322418641854
2024-08-21 08:00:00+00:00,2.6421606033066523
2024-08-21 09:00:00+00:00,2.633888795727886
2024-08-21 10:00:00+00:00,2.636050018421636
2024-08-21 11:00:00+00:00,2.638087323722582
2024-08-21 12:00:00+00:00,2.6387796855217345
2024-08-21 13:00:00+00:00,2.6422821355544466
2024-08-21 14:00:00+00:00,2.6599528539601014
2024-08-21 15:00:00+00:00,2.660608369851905
2024-08-21 16:00:00+00:00,2.6618482727048804
2024-08-21 17:00:00+00:00,2.6543753430633257
2024-08-21 18:00:00+00:00,2.6616418014378116
2024-08-21 19:00:00+00:00,2.6639986985664326
2024-08-21 20:00:00+00:00,2.6551029977762375
2024-08-21 21:00:00+00:00,2.658240358232058
2024-08-21 22:00:00+00:00,2.6634072457855416
2024-08-21 23:00:00+00:00,2.652724653045205
2024-08-22 00:00:00+00:00,2.6509428248606253
2024-08-22 01:00:00+00:00,2.628779654233844
2024-08-22 02:00:00+00:00,2.623506959599656
2024-08-22 03:00:00+00:00,2.616584912137399
2024-08-22 04:00:00+00:00,2.6205841660559015
2024-08-22 05:00:00+00:00,2.629738413428038
2024-08-22 06:00:00+00:00,2.6255959107864673
2024-08-22 07:00:00+00:00,2.6288234547588245
2024-08-22 08:00:00+00:00,2.635044730945685
2024-08-22 09:00:00+00:00,2.6355593407457274
2024-08-22 10:00:00+00:00,2.6393410676333784
2024-08-22 11:00:00+00:00,2.640776853672811
2024-08-22 12:00:00+00:00,2.635261365080494
2024-08-22 13:00:00+00:00,2.632330331556197
2024-08-22 14:00:00+00:00,2.613688470533802
2024-08-22 15:00:00+00:00,2.623403172772849
2024-08-22 16:00:00+00:00,2.6277632304813268
2024-08-22 17:00:00+00:00,2.6215210553948856
2024-08-22 18:00:00+00:00,2.616492635936045
2024-08-22 19:00:00+00:00,2.6064911578852654
2024-08-22 20:00:00+00:00,2.609239711764936
2024-08-22 21:00:00+00:00,2.612028734226793
2024-08-22 22:00:00+00:00,2.6146681500780944
2024-08-22 23:00:00+00:00,2.6192148414474588
2024-08-23 00:00:00+00:00,2.6185075482652094
2024-08-23 01:00:00+00:00,2.6066626530742463
2024-08-23 02:00:00+00:00,2.612764294179922
2024-08-23 03:00:00+00:00,2.6091857269418983
2024-08-23 04:00:00+00:00,2.6101153572823734
2024-08-23 05:00:00+00:00,2.6313111910481437
2024-08-23 06:00:00+00:00,2.6269887741174447
2024-08-23 07:00:00+00:00,2.6289118926512507
2024-08-23 08:00:00+00:00,2.623203557620071
2024-08-23 09:00:00+00:00,2.615689542582013
2024-08-23 10:00:00+00:00,2.6148698279542772
2024-08-23 11:00:00+00:00,2.6225443559422823
2024-08-23 12:00:00+00:00,2.631971013958319
2024-08-23 13:00:00+00:00,2.629402296257158
2024-08-23 14:00:00+00:00,2.633041869881587
2024-08-23 15:00:00+00:00,2.6024783268986225
2024-08-23 16:00:00+00:00,2.5939568162073554
2024-08-23 17:00:00+00:00,2.5965987930616232
2024-08-23 18:00:00+00:00,2.5967155884545363
2024-08-23 19:00:00+00:00,2.600719596198861
2024-08-23 20:00:00+00:00,2.600669765344627
2024-08-23 21:00:00+00:00,2.5924254781365854
2024-08-23 22:00:00+00:00,2.6064022349922906
2024-08-23 23:00:00+00:00,2.6050475503600694
2024-08-24 00:00:00+00:00,2.6111995035407483
2024-08-24 01:00:00+00:00,2.613689939696954
2024-08-24 02:00:00+00:00,2.615086471926763
2024-08-24 03:00:00+00:00,2.6188051631498923
2024-08-24 04:00:00+00:00,2.616512192471896
2024-08-24 05:00:00+00:00,2.6199985468671536
2024-08-24 06:00:00+00:00,2.618727474921332
2024-08-24 07:00:00+00:00,2.6148172236668974
2024-08-24 08:00:00+00:00,2.6228005457212826
2024-08-24 09:00:00+00:00,2.624675532869258
2024-08-24 10:00:00+00:00,2.6193872338789945
2024-08-24 11:00:00+00:00,2.6156675618535936
2024-08-24 12:00:00+00:00,2.6200150890109906
2024-08-24 13:00:00+00:00,2.616966934112325
2024-08-24 14:00:00+00:00,2.6209941655191553
2024-08-24 15:00:00+00:00,2.6149458557367824
2024-08-24 16:00:00+00:00,2.63053180565842
2024-08-24 17:00:00+00:00,2.6264817212145988
2024-08-24 18:00:00+00:00,2.621332909718352
2024-08-24 19:00:00+00:00,2.6197532863848827
2024-08-24 20:00:00+00:00,2.623694514530291
2024-08-24 21:00:00+00:00,2.6317428300629175
2024-08-24 22:00:00+00:00,2.633671207380329
2024-08-24 23:00:00+00:00,2.629818247347998
2024-08-25 00:00:00+00:00,2.632151205880093
2024-08-25 01:00:00+00:00,2.6508919858559117
2024-08-25 02:00:00+00:00,2.6447175897750133
2024-08-25 03:00:00+00:00,2.649737706114026
2024-08-25 04:00:00+00:00,2.6572918028871126
2024-08-25 05:00:00+00:00,2.656784811783477
2024-08-25 06:00:00+00:00,2.660073835225111
2024-08-25 07:00:00+00:00,2.6675700420431867
2024-08-25 08:00:00+00:00,2.6602843008334283
2024-08-25 09:00:00+00:00,2.6714497859541315
2024-08-25 10:00:00+00:00,2.6732890990981955
2024-08-25 11:00:00+00:00,2.6578972092720368
2024-08-25 12:00:00+00:00,2.662470353534907
2024-08-25 13:00:00+00:00,2.6426256447335374
2024-08-25 14:00:00+00:00,2.64447866722223
2024-08-25 15:00:00+00:00,2.64273220291303
2024-08-25 16:00:00+00:00,2.635369644755716
2024-08-25 17:00:00+00:00,2.6373979331987725
2024-08-25 18:00:00+00:00,2.62652020451712
2024-08-25 19:00:00+00:00,2.6268959986554874
2024-08-25 20:00:00+00:00,2.6331680440281664
2024-08-25 21:00:00+00:00,2.626410771837796
2024-08-25 22:00:00+00:00,2.6322076950377196
2024-08-25 23:00:00+00:00,2.637036722791968
2024-08-26 00:00:00+00:00,2.6453494832135234
2024-08-26 01:00:00+00:00,2.6479180598139744
2024-08-26 02:00:00+00:00,2.6511237199549957
2024-08-26 03:00:00+00:00,2.6461055556473476
2024-08-26 04:00:00+00:00,2.6485215144514807
2024-08-26 05:00:00+00:00,2.647942956989659
2024-08-26 06:00:00+00:00,2.648487846274529
2024-08-26 07:00:00+00:00,2.653910623476606
2024-08-26 08:00:00+00:00,2.652891326048201
2024-08-26 09:00:00+00:00,2.65053548310297
2024-08-26 10:00:00+00:00,2.6456757064578094
2024-08-26 11:00:00+00:00,2.6510249862031587
2024-08-26 12:00:00+00:00,2.6546105048409414
2024-08-26 13:00:00+00:00,2.6521898018173644
2024-08-26 14:00:00+00:00,2.6468933668140977
2024-08-26 15:00:00+00:00,2.6480534358882686
2024-08-26 16:00:00+00:00,2.6578575271224745
2024-08-26 17:00:00+00:00,2.654183718213693
2024-08-26 18:00:00+00:00,2.654092814496261
2024-08-26 19:00:00+00:00,2.6571144486960856
2024-08-26 20:00:00+00:00,2.6635346610249027
2024-08-26 21:00:00+00:00,2.6646734668453598
2024-08-26 22:00:00+00:00,2.664495257093471
2024-08-26 23:00:00+00:00,2.6741583117556966
2024-08-27 00:00:00+00:00,2.6446558760216763
2024-08-27 01:00:00+00:00,2.632489623549276
2024-08-27 02:00:00+00:00,2.6327375441797707
2024-08-27 03:00:00+00:00,2.626098058481258
2024-08-27 04:00:00+00:00,2.6304292519590677
2024-08-27 05:00:00+00:00,2.634218367887679
2024-08-27 06:00:00+00:00,2.640681810826219
2024-08-27 07:00:00+00:00,2.6462129088775512
2024-08-27 08:00:00+00:00,2.647856600774239
2024-08-27 09:00:00+00:00,2.656444793450468
2024-08-27 10:00:00+00:00,2.664152382322104
2024-08-27 11:00:00+00:00,2.6523049187831313
2024-08-27 12:00:00+00:00,2.6555643456599083
2024-08-27 13:00:00+00:00,2.673504169745993
2024-08-27 14:00:00+00:00,2.669689857287413
2024-08-27 15:00:00+00:00,2.6514266717405617
2024-08-27 16:00:00+00:00,2.6058926225802717
2024-08-27 17:00:00+00:00,2.615755620486952
2024-08-27 18:00:00+00:00,2.638005901107273
2024-08-27 19:00:00+00:00,2.6463314472688935
2024-08-27 20:00:00+00:00,2.6538122311853436
2024-08-27 21:00:00+00:00,2.6527452470391886
2024-08-27 22:00:00+00:00,2.658891097795174
2024-08-27 23:00:00+00:00,2.6527728316884893
2024-08-28 00:00:00+00:00,2.6596917637178925
2024-08-28 01:00:00+00:00,2.680565463149831
2024-08-28 02:00:00+00:00,2.6967997988857686
2024-08-28 03:00:00+00:00,2.674914414058803
2024-08-28 04:00:00+00:00,2.6714185999850444
2024-08-28 05:00:00+00:00,2.690589849059252
2024-08-28 06:00:00+00:00,2.6971301091173796
2024-08-28 07:00:00+00:00,2.705506115934978
2024-08-28 08:00:00+00:00,2.684805328082148
2024-08-28 09:00:00+00:00,2.7045356991864002
2024-08-28 10:00:00+00:00,2.6979064404001263
2024-08-28 11:00:00+00:00,2.6992816632200562
2024-08-28 12:00:00+00:00,2.622203412703592
2024-08-28 13:00:00+00:00,2.6369732256691862
2024-08-28 14:00:00+00:00,2.64648061432685
2024-08-28 15:00:00+00:00,2.655979874796285
2024-08-28 16:00:00+00:00,2.6718693648668648
2024-08-28 17:00:00+00:00,2.672947179777677
2024-08-28 18:00:00+00:00,2.6770134974691544
2024-08-28 19:00:00+00:00,2.68431964877785
2024-08-28 20:00:00+00:00,2.703596727057242
2024-08-28 21:00:00+00:00,2.706682716684197
2024-08-28 22:00:00+00:00,2.7249163076989573
2024-08-28 23:00:00+00:00,2.705039803119346
2024-08-29 00:00:00+00:00,2.7106972253406725
2024-08-29 01:00:00+00:00,2.728247464865518
2024-08-29 02:00:00+00:00,2.7394213845115365
2024-08-29 03:00:00+00:00,2.7437854090500204
2024-08-29 04:00:00+00:00,2.7440560098160818
2024-08-29 05:00:00+00:00,2.748681430592809
2024-08-29 06:00:00+00:00,2.7003400265338957
2024-08-29 07:00:00+00:00,2.696976757735791
2024-08-29 08:00:00+00:00,2.72341338647403
2024-08-29 09:00:00+00:00,2.729296100313947
2024-08-29 10:00:00+00:00,2.736747414228394
2024-08-29 11:00:00+00:00,2.6792681422339943
2024-08-29 12:00:00+00:00,2.66928222843692
2024-08-29 13:00:00+00:00,2.6565094448650832
2024-08-29 14:00:00+00:00,2.644664701079708
2024-08-29 15:00:00+00:00,2.66648672212065
2024-08-29 16:00:00+00:00,2.6781326726753583
2024-08-29 17:00:00+00:00,2.6788830856393435
2024-08-29 18:00:00+00:00,2.697747200606653
2024-08-29 19:00:00+00:00,2.7000787120412966
2024-08-29 20:00:00+00:00,2.697699202301162
2024-08-29 21:00:00+00:00,2.6937274855545397
2024-08-29 22:00:00+00:00,2.7147297902907996
2024-08-29 23:00:00+00:00,2.706466412561334
2024-08-30 00:00:00+00:00,2.6721494088994024
2024-08-30 01:00:00+00:00,2.6723555994254498
2024-08-30 02:00:00+00:00,2.707057449037294
2024-08-30 03:00:00+00:00,2.7174780205523033
2024-08-30 04:00:00+00:00,2.7199764446855723
2024-08-30 05:00:00+00:00,2.727595570063453
2024-08-30 06:00:00+00:00,2.7211885217395317
2024-08-30 07:00:00+00:00,2.6957432328253637
2024-08-30 08:00:00+00:00,2.670189102686404
2024-08-30 09:00:00+00:00,2.694539543757491
2024-08-30 10:00:00+00:00,2.6972253152601375
2024-08-30 11:00:00+00:00,2.7167653877926643
2024-08-30 12:00:00+00:00,2.733374306599937
2024-08-30 13:00:00+00:00,2.72793948260771
2024-08-30 14:00:00+00:00,2.7345898471264234
2024-08-30 15:00:00+00:00,2.7389653867333585
2024-08-30 16:00:00+00:00,2.7534894753715786
2024-08-30 17:00:00+00:00,2.7552946973279315
2024-08-30 18:00:00+00:00,2.7375764506984104
2024-08-30 19:00:00+00:00,2.7471136772010203
2024-08-30 20:00:00+00:00,2.767813505868931
2024-08-30 21:00:00+00:00,2.7377561772390977
2024-08-30 22:00:00+00:00,2.7453317209222523
2024-08-30 23:00:00+00:00,2.748359196509354
2024-08-31 00:00:00+00:00,2.7532609062106976
2024-08-31 01:00:00+00:00,2.750992771229561
2024-08-31 02:00:00+00:00,2.7514246905325903
2024-08-31 03:00:00+00:00,2.7589297147040863
2024-08-31 04:00:00+00:00,2.7647389678473506
2024-08-31 05:00:00+00:00,2.7611980349484027
2024-08-31 06:00:00+00:00,2.760484694478192
2024-08-31 07:00:00+00:00,2.759266895989611
2024-08-31 08:00:00+00:00,2.770472528377368
2024-08-31 09:00:00+00:00,2.771353591340678
2024-08-31 10:00:00+00:00,2.771766655295209
2024-08-31 11:00:00+00:00,2.7751055319863798
2024-08-31 12:00:00+00:00,2.7750982941262534
2024-08-31 13:00:00+00:00,2.7733032423688515
2024-08-31 14:00:00+00:00,2.7761320751116565
2024-08-31 15:00:00+00:00,2.7774061483222234
2024-08-31 16:00:00+00:00,2.7882261839606066
2024-08-31 17:00:00+00:00,2.787769278732372
2024-08-31 18:00:00+00:00,2.7935532746792573
2024-08-31 19:00:00+00:00,2.7908337203435987
2024-08-31 20:00:00+00:00,2.789258588785438
2024-08-31 21:00:00+00:00,2.7919556660053115
2024-08-31 22:00:00+00:00,2.7941135654474087
2024-08-31 23:00:00+00:00,2.790997590657483
2024-09-01 00:00:00+00:00,2.7973007791006763
2024-09-01 01:00:00+00:00,2.7894863428576193
2024-09-01 02:00:00+00:00,2.7955688332138067
2024-09-01 03:00:00+00:00,2.7968575404771983
2024-09-01 04:00:00+00:00,2.797161338199059
2024-09-01 05:00:00+00:00,2.7908185729547985
2024-09-01 06:00:00+00:00,2.792025685149273
2024-09-01 07:00:00+00:00,2.7885455817666327
2024-09-01 08:00:00+00:00,2.7878758835968136
2024-09-01 09:00:00+00:00,2.786212583285386
2024-09-01 10:00:00+00:00,2.785319376023928
2024-09-01 11:00:00+00:00,2.784739043294055
2024-09-01 12:00:00+00:00,2.7868975616942184
2024-09-01 13:00:00+00:00,2.7829883838418263
2024-09-01 14:00:00+00:00,2.790613763855136
2024-09-01 15:00:00+00:00,2.7985510788579155
2024-09-01 16:00:00+00:00,2.7909684150520566
2024-09-01 17:00:00+00:00,2.795002194049872
2024-09-01 18:00:00+00:00,2.8055968036608134
2024-09-01 19:00:00+00:00,2.805634018338202
2024-09-01 20:00:00+00:00,2.8023527877731595
2024-09-01 21:00:00+00:00,2.7973776621403323
2024-09-01 22:00:00+00:00,2.7764274446151758
2024-09-01 23:00:00+00:00,2.7796987097439865
2024-09-02 00:00:00+00:00,2.783719488930181
2024-09-02 01:00:00+00:00,2.784922535646365
2024-09-02 02:00:00+00:00,2.780733326744005
2024-09-02 03:00:00+00:00,2.779313892767181
2024-09-02 04:00:00+00:00,2.797621195693692
2024-09-02 05:00:00+00:00,2.8026475624966722
2024-09-02 06:00:00+00:00,2.802339085185969
2024-09-02 07:00:00+00:00,2.792424866630098
2024-09-02 08:00:00+00:00,2.802222642311885
2024-09-02 09:00:00+00:00,2.8110728876587494
2024-09-02 10:00:00+00:00,2.815603872252304
2024-09-02 11:00:00+00:00,2.8167759962840213
2024-09-02 12:00:00+00:00,2.8119685110521626
2024-09-02 13:00:00+00:00,2.808554438787864
2024-09-02 14:00:00+00:00,2.8145158217849517
2024-09-02 15:00:00+00:00,2.8165972739037217
2024-09-02 16:00:00+00:00,2.8439490900574174
2024-09-02 17:00:00+00:00,2.8505295545946017
2024-09-02 18:00:00+00:00,2.849551064836953
2024-09-02 19:00:00+00:00,2.85118800387756
2024-09-02 20:00:00+00:00,2.885263896000488
2024-09-02 21:00:00+00:00,2.881881938369466
2024-09-02 22:00:00+00:00,2.878276312510718
2024-09-02 23:00:00+00:00,2.8820794502237517
2024-09-03 00:00:00+00:00,2.889400526742019
2024-09-03 01:00:00+00:00,2.889602213403697
2024-09-03 02:00:00+00:00,2.8928738339602087
2024-09-03 03:00:00+00:00,2.8964019035391932
2024-09-03 04:00:00+00:00,2.8909192417882146
2024-09-03 05:00:00+00:00,2.887869625664197
2024-09-03 06:00:00+00:00,2.886230231476289
2024-09-03 07:00:00+00:00,2.8848424984327465
2024-09-03 08:00:00+00:00,2.8815045263235564
2024-09-03 09:00:00+00:00,2.8798003965809986
2024-09-03 10:00:00+00:00,2.877261879320108
2024-09-03 11:00:00+00:00,2.8814693207226254
2024-09-03 12:00:00+00:00,2.8769798203259893
2024-09-03 13:00:00+00:00,2.8714789909098783
2024-09-03 14:00:00+00:00,2.877300508992018
2024-09-03 15:00:00+00:00,2.868070602394338
2024-09-03 16:00:00+00:00,2.8700585391773576
2024-09-03 17:00:00+00:00,2.8684213571032413
2024-09-03 18:00:00+00:00,2.8661075025580787
2024-09-03 19:00:00+00:00,2.860159920554648
2024-09-03 20:00:00+00:00,2.8542441784463173
2024-09-03 21:00:00+00:00,2.8540002260231594
2024-09-03 22:00:00+00:00,2.852147389101962
2024-09-03 23:00:00+00:00,2.8461486307394703
2024-09-04 00:00:00+00:00,2.837823485702736
2024-09-04 01:00:00+00:00,2.8446595986053818
2024-09-04 02:00:00+00:00,2.8540319024649223
2024-09-04 03:00:00+00:00,2.8571565992328507
2024-09-04 04:00:00+00:00,2.8566944129694676
2024-09-04 05:00:00+00:00,2.8563441236918994
2024-09-04 06:00:00+00:00,2.8669036420529004
2024-09-04 07:00:00+00:00,2.873119049098636
2024-09-04 08:00:00+00:00,2.8690291506222634
2024-09-04 09:00:00+00:00,2.877467040479527
2024-09-04 10:00:00+00:00,2.875199604408087
2024-09-04 11:00:00+00:00,2.8741053189945904
2024-09-04 12:00:00+00:00,2.8739148885572154
2024-09-04 13:00:00+00:00,2.8757264022046747
2024-09-04 14:00:00+00:00,2.8787319866103167
2024-09-04 15:00:00+00:00,2.8748491886054413
2024-09-04 16:00:00+00:00,2.879087593230005
2024-09-04 17:00:00+00:00,2.875352451795961
2024-09-04 18:00:00+00:00,2.8705226511565596
2024-09-04 19:00:00+00:00,2.8639932636384797
2024-09-04 20:00:00+00:00,2.8715430127360233
2024-09-04 21:00:00+00:00,2.8743410062527057
2024-09-04 22:00:00+00:00,2.8767612249483765
2024-09-04 23:00:00+00:00,2.8689862971295086
2024-09-05 00:00:00+00:00,2.8688711419591573
2024-09-05 01:00:00+00:00,2.868359102091049
2024-09-05 02:00:00+00:00,2.8698865853819435
2024-09-05 03:00:00+00:00,2.871049663614128
2024-09-05 04:00:00+00:00,2.880348451831207
2024-09-05 05:00:00+00:00,2.8774268912132275
2024-09-05 06:00:00+00:00,2.874280267873976
2024-09-05 07:00:00+00:00,2.877378003063258
2024-09-05 08:00:00+00:00,2.9014590441740684
2024-09-05 09:00:00+00:00,2.9042644397624318
2024-09-05 10:00:00+00:00,2.9186543746583378
2024-09-05 11:00:00+00:00,2.9064895137758353
2024-09-05 12:00:00+00:00,2.9010682651162116
2024-09-05 13:00:00+00:00,2.902569550325924
2024-09-05 14:00:00+00:00,2.9002496223036416
2024-09-05 15:00:00+00:00,2.8996500560548966
2024-09-05 16:00:00+00:00,2.905687719190909
2024-09-05 17:00:00+00:00,2.901734120919215
2024-09-05 18:00:00+00:00,2.924460383952045
2024-09-05 19:00:00+00:00,2.924293440689297
2024-09-05 20:00:00+00:00,2.9308774582330512
2024-09-05 21:00:00+00:00,2.932535874919366
2024-09-05 22:00:00+00:00,2.9342679570399133
2024-09-05 23:00:00+00:00,2.932174673369918
2024-09-06 00:00:00+00:00,2.9245967262314614
2024-09-06 01:00:00+00:00,2.9376181483725863
2024-09-06 02:00:00+00:00,2.9351904501056403
2024-09-06 03:00:00+00:00,2.9446745425353584
2024-09-06 04:00:00+00:00,2.957849746542499
2024-09-06 05:00:00+00:00,2.9491971664720538
2024-09-06 06:00:00+00:00,2.938470195004198
2024-09-06 07:00:00+00:00,2.9185913387111184
2024-09-06 08:00:00+00:00,2.9423124513693724
2024-09-06 09:00:00+00:00,2.9182101370485185
2024-09-06 10:00:00+00:00,2.908240976819947
2024-09-06 11:00:00+00:00,2.930886505196066
2024-09-06 12:00:00+00:00,2.898445879646445
2024-09-06 13:00:00+00:00,2.9115556287352082
2024-09-06 14:00:00+00:00,2.8874158091459567
2024-09-06 15:00:00+00:00,2.8643754451850154
2024-09-06 16:00:00+00:00,2.8972956518104636
2024-09-06 17:00:00+00:00,2.8607816540479636
2024-09-06 18:00:00+00:00,2.8736626599376525
2024-09-06 19:00:00+00:00,2.880134231556003
2024-09-06 20:00:00+00:00,2.8957246245823285
2024-09-06 21:00:00+00:00,2.8976354359912517
2024-09-06 22:00:00+00:00,2.9186274170002786
2024-09-06 23:00:00+00:00,2.904864390593296
2024-09-07 00:00:00+00:00,2.886158127839447
2024-09-07 01:00:00+00:00,2.8984612622972548
2024-09-07 02:00:00+00:00,2.888156728127658
2024-09-07 03:00:00+00:00,2.88954370262555
2024-09-07 04:00:00+00:00,2.8927239031588634
2024-09-07 05:00:00+00:00,2.900225301328174
2024-09-07 06:00:00+00:00,2.886501156933557
2024-09-07 07:00:00+00:00,2.8789912756946587
2024-09-07 08:00:00+00:00,2.8783841805228554
2024-09-07 09:00:00+00:00,2.881370930901699
2024-09-07 10:00:00+00:00,2.865359625976996
2024-09-07 11:00:00+00:00,2.8757859578576155
2024-09-07 12:00:00+00:00,2.86823431013579
2024-09-07 13:00:00+00:00,2.8742404515994955
2024-09-07 14:00:00+00:00,2.868541649855631
2024-09-07 15:00:00+00:00,2.8640120241654916
2024-09-07 16:00:00+00:00,2.8509799949603996
2024-09-07 17:00:00+00:00,2.8634577729082147
2024-09-07 18:00:00+00:00,2.8602238065045436
2024-09-07 19:00:00+00:00,2.833297579085635
2024-09-07 20:00:00+00:00,2.841951361900773
2024-09-07 21:00:00+00:00,2.8246664894133304
2024-09-07 22:00:00+00:00,2.8359991417591486
2024-09-07 23:00:00+00:00,2.839812656096253
2024-09-08 00:00:00+00:00,2.8341627924048427
2024-09-08 01:00:00+00:00,2.839256209133805
2024-09-08 02:00:00+00:00,2.830027127774074
2024-09-08 03:00:00+00:00,2.803196759785431
2024-09-08 04:00:00+00:00,2.800159935481141
2024-09-08 05:00:00+00:00,2.800581235614525
2024-09-08 06:00:00+00:00,2.803214913567056
2024-09-08 07:00:00+00:00,2.79247207907264
2024-09-08 08:00:00+00:00,2.775178263418596
2024-09-08 09:00:00+00:00,2.794692035273283
2024-09-08 10:00:00+00:00,2.7945825924048346
2024-09-08 11:00:00+00:00,2.7989597271210034
2024-09-08 12:00:00+00:00,2.7999080569902093
2024-09-08 13:00:00+00:00,2.789781660363427
2024-09-08 14:00:00+00:00,2.808055809152022
2024-09-08 15:00:00+00:00,2.8154269209461305
2024-09-08 16:00:00+00:00,2.811353786028301
2024-09-08 17:00:00+00:00,2.8164570460946625
2024-09-08 18:00:00+00:00,2.8117004845588056
2024-09-08 19:00:00+00:00,2.8230364256894314
2024-09-08 20:00:00+00:00,2.799500213045266
2024-09-08 21:00:00+00:00,2.8069111880858464
2024-09-08 22:00:00+00:00,2.8331739389451593
2024-09-08 23:00:00+00:00,2.8356436908342117
2024-09-09 00:00:00+00:00,2.8381843979299424
2024-09-09 01:00:00+00:00,2.836027621879171
2024-09-09 02:00:00+00:00,2.833674337115667
2024-09-09 03:00:00+00:00,2.842912486214
2024-09-09 04:00:00+00:00,2.841713103696067
2024-09-09 05:00:00+00:00,2.833873861551063
2024-09-09 06:00:00+00:00,2.843829564769979
2024-09-09 07:00:00+00:00,2.8477692861311894
2024-09-09 08:00:00+00:00,2.8352569787648867
2024-09-09 09:00:00+00:00,2.8413011168191247
2024-09-09 10:00:00+00:00,2.8379664018765935
2024-09-09 11:00:00+00:00,2.83282185348496
2024-09-09 12:00:00+00:00,2.8327784267142806
2024-09-09 13:00:00+00:00,2.8462166027143567
2024-09-09 14:00:00+00:00,2.850207508798368
2024-09-09 15:00:00+00:00,2.8722714907406894
2024-09-09 16:00:00+00:00,2.8784201104538596
2024-09-09 17:00:00+00:00,2.8779952101523065
2024-09-09 18:00:00+00:00,2.8757265405134103
2024-09-09 19:00:00+00:00,2.8711100783463093
2024-09-09 20:00:00+00:00,2.8702112916935265
2024-09-09 21:00:00+00:00,2.8718087957417864
2024-09-09 22:00:00+00:00,2.8689225968804224
2024-09-09 23:00:00+00:00,2.870246416745135
2024-09-10 00:00:00+00:00,2.8611073401453493
2024-09-10 01:00:00+00:00,2.869997239431588
2024-09-10 02:00:00+00:00,2.865003800273048
2024-09-10 03:00:00+00:00,2.854670181493076
2024-09-10 04:00:00+00:00,2.8621079278800194
2024-09-10 05:00:00+00:00,2.868204231487181
2024-09-10 06:00:00+00:00,2.882932725696372
2024-09-10 07:00:00+00:00,2.8802046268574046
2024-09-10 08:00:00+00:00,2.88513162069333
2024-09-10 09:00:00+00:00,2.873730014281057
2024-09-10 10:00:00+00:00,2.8705191349172385
2024-09-10 11:00:00+00:00,2.864693012097103
2024-09-10 12:00:00+00:00,2.865481774582695
2024-09-10 13:00:00+00:00,2.8798898816715726
2024-09-10 14:00:00+00:00,2.8786048358880403
2024-09-10 15:00:00+00:00,2.8731108098366427
2024-09-10 16:00:00+00:00,2.8633020389805837
2024-09-10 17:00:00+00:00,2.870601782517674
2024-09-10 18:00:00+00:00,2.8694057257800654
2024-09-10 19:00:00+00:00,2.869901869300313
2024-09-10 20:00:00+00:00,2.8559488891947447
2024-09-10 21:00:00+00:00,2.8722727468914746
2024-09-10 22:00:00+00:00,2.880460613368492
2024-09-10 23:00:00+00:00,2.875354942094517
2024-09-11 00:00:00+00:00,2.882978101881663
2024-09-11 01:00:00+00:00,2.8923408981952075
2024-09-11 02:00:00+00:00,2.8877309887714873
2024-09-11 03:00:00+00:00,2.9099420955242072
2024-09-11 04:00:00+00:00,2.9065085102472046
2024-09-11 05:00:00+00:00,2.9122138145058796
2024-09-11 06:00:00+00:00,2.9141048906148015
2024-09-11 07:00:00+00:00,2.906838162299796
2024-09-11 08:00:00+00:00,2.91010583217646
2024-09-11 09:00:00+00:00,2.90570415843373
2024-09-11 10:00:00+00:00,2.91020262602089
2024-09-11 11:00:00+00:00,2.9073422999339185
2024-09-11 12:00:00+00:00,2.904653132595255
2024-09-11 13:00:00+00:00,2.908575754753231
2024-09-11 14:00:00+00:00,2.9145381517198703
2024-09-11 15:00:00+00:00,2.929435076137589
2024-09-11 16:00:00+00:00,2.9238659400764586
2024-09-11 17:00:00+00:00,2.9253870883419495
2024-09-11 18:00:00+00:00,2.925832019259543
2024-09-11 19:00:00+00:00,2.9333309868629818
2024-09-11 20:00:00+00:00,2.9302648153589397
2024-09-11 21:00:00+00:00,2.9116900836756265
2024-09-11 22:00:00+00:00,2.9134390892243127
2024-09-11 23:00:00+00:00,2.9168293606949796
2024-09-12 00:00:00+00:00,2.9005821776918745
2024-09-12 01:00:00+00:00,2.89386051468308
2024-09-12 02:00:00+00:00,2.8945904603072226
2024-09-12 03:00:00+00:00,2.895303893569249
2024-09-12 04:00:00+00:00,2.8920849285372934
2024-09-12 05:00:00+00:00,2.8875736289178278
2024-09-12 06:00:00+00:00,2.8876016179282398
2024-09-12 07:00:00+00:00,2.8925792117280884
2024-09-12 08:00:00+00:00,2.8838534528360316
2024-09-12 09:00:00+00:00,2.8746570284793838
2024-09-12 10:00:00+00:00,2.871741315255715
2024-09-12 11:00:00+00:00,2.8737322996889754
2024-09-12 12:00:00+00:00,2.916447522799733
2024-09-12 13:00:00+00:00,2.9115772383540044
2024-09-12 14:00:00+00:00,2.9190526545546867
2024-09-12 15:00:00+00:00,2.9285896537519083
2024-09-12 16:00:00+00:00,2.9302978544019855
2024-09-12 17:00:00+00:00,2.922214457394179
2024-09-12 18:00:00+00:00,2.933380951046205
2024-09-12 19:00:00+00:00,2.913718002188297
2024-09-12 20:00:00+00:00,2.9170876524069493
2024-09-12 21:00:00+00:00,2.9277159089728326
2024-09-12 22:00:00+00:00,2.9169178897296537
2024-09-12 23:00:00+00:00,2.911916521210409
2024-09-13 00:00:00+00:00,2.9275087460336513
2024-09-13 01:00:00+00:00,2.9312334023844846
2024-09-13 02:00:00+00:00,2.9325242917689174
2024-09-13 03:00:00+00:00,2.9312713198440297
2024-09-13 04:00:00+00:00,2.938769444953365
2024-09-13 05:00:00+00:00,2.9445230420252266
2024-09-13 06:00:00+00:00,2.9474935047332878
2024-09-13 07:00:00+00:00,2.950854321417395
2024-09-13 08:00:00+00:00,2.9583599800158193
2024-09-13 09:00:00+00:00,2.961701551661424
2024-09-13 10:00:00+00:00,2.9907029103437957
2024-09-13 11:00:00+00:00,2.9881078695206784
2024-09-13 12:00:00+00:00,2.980090292446527
2024-09-13 13:00:00+00:00,2.9848464600214535
2024-09-13 14:00:00+00:00,2.9899034400860276
2024-09-13 15:00:00+00:00,2.993933045035589
2024-09-13 16:00:00+00:00,2.996507700592589
2024-09-13 17:00:00+00:00,2.998464295969549
2024-09-13 18:00:00+00:00,3.004002188868937
2024-09-13 19:00:00+00:00,3.007742717964936
2024-09-13 20:00:00+00:00,3.009966053817797
2024-09-13 21:00:00+00:00,3.001816756120858
2024-09-13 22:00:00+00:00,3.0049606512667424
2024-09-13 23:00:00+00:00,3.0056303800368416
2024-09-14 00:00:00+00:00,2.993667649224614
2024-09-14 01:00:00+00:00,3.001156714818918
2024-09-14 02:00:00+00:00,2.9917436085433113
2024-09-14 03:00:00+00:00,2.9908709208679287
2024-09-14 04:00:00+00:00,2.9816697796486826
2024-09-14 05:00:00+00:00,2.9772229785778817
2024-09-14 06:00:00+00:00,2.9833284652965713
2024-09-14 07:00:00+00:00,2.9848671683481247
2024-09-14 08:00:00+00:00,2.9894981797705134
2024-09-14 09:00:00+00:00,2.9906955586736745
2024-09-14 10:00:00+00:00,2.9976531837630107
2024-09-14 11:00:00+00:00,2.9973631156929135
2024-09-14 12:00:00+00:00,2.9989101009905315
2024-09-14 13:00:00+00:00,2.9951285446238285
2024-09-14 14:00:00+00:00,2.985136079966077
2024-09-14 15:00:00+00:00,2.975667095985876
2024-09-14 16:00:00+00:00,2.9743392502016808
2024-09-14 17:00:00+00:00,2.9777034555731925
2024-09-14 18:00:00+00:00,2.980864226781268
2024-09-14 19:00:00+00:00,2.9775422012540123
2024-09-14 20:00:00+00:00,2.9792687685688115
2024-09-14 21:00:00+00:00,2.979222390408841
2024-09-14 22:00:00+00:00,2.9753984764923005
2024-09-14 23:00:00+00:00,2.975449709610203
2024-09-15 00:00:00+00:00,2.9530482813310996
2024-09-15 01:00:00+00:00,2.9513466404513364
2024-09-15 02:00:00+00:00,2.9505511293068123
2024-09-15 03:00:00+00:00,2.964223255558093
2024-09-15 04:00:00+00:00,2.9639657636596644
2024-09-15 05:00:00+00:00,2.967111769521986
2024-09-15 06:00:00+00:00,2.971703652187614
2024-09-15 07:00:00+00:00,2.973207761000348
2024-09-15 08:00:00+00:00,2.9651370027965247
2024-09-15 09:00:00+00:00,2.9593903124509806
2024-09-15 10:00:00+00:00,2.9452958969338177
2024-09-15 11:00:00+00:00,2.965639549985521
2024-09-15 12:00:00+00:00,2.959909209432206
2024-09-15 13:00:00+00:00,2.9479267350601885
2024-09-15 14:00:00+00:00,2.9569811697065234
2024-09-15 15:00:00+00:00,2.9538252564764726
2024-09-15 16:00:00+00:00,2.9429315619668404
2024-09-15 17:00:00+00:00,2.9425772754626394
2024-09-15 18:00:00+00:00,2.9355705737185884
2024-09-15 19:00:00+00:00,2.9320863815403793
2024-09-15 20:00:00+00:00,2.9359756353825355
2024-09-15 21:00:00+00:00,2.937857103327484
2024-09-15 22:00:00+00:00,2.936933374869862
2024-09-15 23:00:00+00:00,2.948029425108432
2024-09-16 00:00:00+00:00,2.9425291182687467
2024-09-16 01:00:00+00:00,2.947378553063032
2024-09-16 02:00:00+00:00,2.9506748847872606
2024-09-16 03:00:00+00:00,2.9109573471452155
2024-09-16 04:00:00+00:00,2.9220132143970594
2024-09-16 05:00:00+00:00,2.926473017159366
2024-09-16 06:00:00+00:00,2.9280120230280327
2024-09-16 07:00:00+00:00,2.909856997444004
2024-09-16 08:00:00+00:00,2.9213738487805205
2024-09-16 09:00:00+00:00,2.9309329158782846
2024-09-16 10:00:00+00:00,2.9128241125902696
2024-09-16 11:00:00+00:00,2.919895097914401
2024-09-16 12:00:00+00:00,2.92196789613339
2024-09-16 13:00:00+00:00,2.9172342522631736
2024-09-16 14:00:00+00:00,2.922773935847584
2024-09-16 15:00:00+00:00,2.952437891907902
2024-09-16 16:00:00+00:00,2.959392237693344
2024-09-16 17:00:00+00:00,2.9813041834477323
2024-09-16 18:00:00+00:00,2.981175445607504
2024-09-16 19:00:00+00:00,2.964898246116974
2024-09-16 20:00:00+00:00,2.9874616095625584
2024-09-16 21:00:00+00:00,2.998921534543201
2024-09-16 22:00:00+00:00,3.000201032861106
2024-09-16 23:00:00+00:00,2.983348188567748
2024-09-17 00:00:00+00:00,2.9933941442017273
2024-09-17 01:00:00+00:00,2.9933092471948606
2024-09-17 02:00:00+00:00,2.9716791412166903
2024-09-17 03:00:00+00:00,2.9564723877621573
2024-09-17 04:00:00+00:00,2.951602053541177
2024-09-17 05:00:00+00:00,2.957460686495968
2024-09-17 06:00:00+00:00,2.959199550936374
2024-09-17 07:00:00+00:00,2.954304619377671
2024-09-17 08:00:00+00:00,2.905228079998993
2024-09-17 09:00:00+00:00,2.9052304225753742
2024-09-17 10:00:00+00:00,2.8958631866369346
2024-09-17 11:00:00+00:00,2.870268075997409
2024-09-17 12:00:00+00:00,2.897005675041419
2024-09-17 13:00:00+00:00,2.8843995041208346
2024-09-17 14:00:00+00:00,2.9329512505742423
2024-09-17 15:00:00+00:00,2.983207641687316
2024-09-17 16:00:00+00:00,2.9789861779426183
2024-09-17 17:00:00+00:00,2.966305186087124
2024-09-17 18:00:00+00:00,2.9473442954324955
2024-09-17 19:00:00+00:00,2.9633412937074666
2024-09-17 20:00:00+00:00,2.943311192658078
2024-09-17 21:00:00+00:00,2.9219268728688874
2024-09-17 22:00:00+00:00,2.9249041934322038
2024-09-17 23:00:00+00:00,2.9221663577966868
2024-09-18 00:00:00+00:00,2.8931471459509064
2024-09-18 01:00:00+00:00,2.905458611115341
2024-09-18 02:00:00+00:00,2.865055514421294
2024-09-18 03:00:00+00:00,2.8777482661422065
2024-09-18 04:00:00+00:00,2.8844610511309217
2024-09-18 05:00:00+00:00,2.893010060340975
2024-09-18 06:00:00+00:00,2.8841802763381765
2024-09-18 07:00:00+00:00,2.884285105121357
2024-09-18 08:00:00+00:00,2.8847415046335136
2024-09-18 09:00:00+00:00,2.9053991462741138
2024-09-18 10:00:00+00:00,2.8866296054189204
2024-09-18 11:00:00+00:00,2.888221037215669
2024-09-18 12:00:00+00:00,2.8890170528658836
2024-09-18 13:00:00+00:00,2.8475308779958444
2024-09-18 14:00:00+00:00,2.8661987441872387
2024-09-18 15:00:00+00:00,2.8761160987192897
2024-09-18 16:00:00+00:00,2.8887197782862306
2024-09-18 17:00:00+00:00,2.8939566995366106
2024-09-18 18:00:00+00:00,2.8224486440298815
2024-09-18 19:00:00+00:00,2.8329719463839016
2024-09-18 20:00:00+00:00,2.784932635037538
2024-09-18 21:00:00+00:00,2.8189097665617973
2024-09-18 22:00:00+00:00,2.8011071548979056
2024-09-18 23:00:00+00:00,2.7955316358623543
2024-09-19 00:00:00+00:00,2.7427602345126543
2024-09-19 01:00:00+00:00,2.7455951826722336
2024-09-19 02:00:00+00:00,2.7562662035994565
2024-09-19 03:00:00+00:00,2.7564510351689533
2024-09-19 04:00:00+00:00,2.7614094258499216
2024-09-19 05:00:00+00:00,2.764285252754628
2024-09-19 06:00:00+00:00,2.7701276511773094
2024-09-19 07:00:00+00:00,2.7774276679283245
2024-09-19 08:00:00+00:00,2.783298498816546
2024-09-19 09:00:00+00:00,2.7797821502791815
2024-09-19 10:00:00+00:00,2.776290630834387
2024-09-19 11:00:00+00:00,2.777761015859629
2024-09-19 12:00:00+00:00,2.7748985838165234
2024-09-19 13:00:00+00:00,2.796061395858665
2024-09-19 14:00:00+00:00,2.7910892365998694
2024-09-19 15:00:00+00:00,2.8043721830142294
2024-09-19 16:00:00+00:00,2.8257171065686295
2024-09-19 17:00:00+00:00,2.825471253831843
2024-09-19 18:00:00+00:00,2.8138982379368436
2024-09-19 19:00:00+00:00,2.811704001512467
2024-09-19 20:00:00+00:00,2.810040465857483
2024-09-19 21:00:00+00:00,2.8016202576787874
2024-09-19 22:00:00+00:00,2.7850817478211645
2024-09-19 23:00:00+00:00,2.7842236120708783
2024-09-20 00:00:00+00:00,2.7793508724116593
2024-09-20 01:00:00+00:00,2.779047886376637
2024-09-20 02:00:00+00:00,2.76870160384449
2024-09-20 03:00:00+00:00,2.7771913558980765
2024-09-20 04:00:00+00:00,2.7712182904171336
2024-09-20 05:00:00+00:00,2.7723580560468846
2024-09-20 06:00:00+00:00,2.771147627228292
2024-09-20 07:00:00+00:00,2.7543896546455806
2024-09-20 08:00:00+00:00,2.7482981602078365
2024-09-20 09:00:00+00:00,2.743162077107115
2024-09-20 10:00:00+00:00,2.7327219370320135
2024-09-20 11:00:00+00:00,2.7242577764654397
2024-09-20 12:00:00+00:00,2.7303513352171973
2024-09-20 13:00:00+00:00,2.7381314820033094
2024-09-20 14:00:00+00:00,2.7592839201332278
2024-09-20 15:00:00+00:00,2.7567737636614154
2024-09-20 16:00:00+00:00,2.7644858138462256
2024-09-20 17:00:00+00:00,2.7604747597762858
2024-09-20 18:00:00+00:00,2.7538864099036573
2024-09-20 19:00:00+00:00,2.7568055327692877
2024-09-20 20:00:00+00:00,2.757256382447531
2024-09-20 21:00:00+00:00,2.7522629472308866
2024-09-20 22:00:00+00:00,2.75851521218951
2024-09-20 23:00:00+00:00,2.77062646594743
2024-09-21 00:00:00+00:00,2.7595927074869477
2024-09-21 01:00:00+00:00,2.7706422298915805
2024-09-21 02:00:00+00:00,2.769825697664714
2024-09-21 03:00:00+00:00,2.7855230573938927
2024-09-21 04:00:00+00:00,2.7853874872411652
2024-09-21 05:00:00+00:00,2.786801115450173
2024-09-21 06:00:00+00:00,2.7743818886726817
2024-09-21 07:00:00+00:00,2.7743690995077652
2024-09-21 08:00:00+00:00,2.77289306284038
2024-09-21 09:00:00+00:00,2.7471333587889046
2024-09-21 10:00:00+00:00,2.750808314351054
2024-09-21 11:00:00+00:00,2.7452077820128826
2024-09-21 12:00:00+00:00,2.7437077186410583
2024-09-21 13:00:00+00:00,2.739618153468589
2024-09-21 14:00:00+00:00,2.7275385712839024
2024-09-21 15:00:00+00:00,2.7344287546131145
2024-09-21 16:00:00+00:00,2.735207305554515
2024-09-21 17:00:00+00:00,2.7304872779366995
2024-09-21 18:00:00+00:00,2.729451154811516
2024-09-21 19:00:00+00:00,2.722089417495648
2024-09-21 20:00:00+00:00,2.7225194783542976
2024-09-21 21:00:00+00:00,2.7197910181782015
2024-09-21 22:00:00+00:00,2.7277974972273373
2024-09-21 23:00:00+00:00,2.7301895675640973
2024-09-22 00:00:00+00:00,2.7258649156525325
2024-09-22 01:00:00+00:00,2.740561091765051
2024-09-22 02:00:00+00:00,2.752428142841794
2024-09-22 03:00:00+00:00,2.748835236419488
2024-09-22 04:00:00+00:00,2.751789070919383
2024-09-22 05:00:00+00:00,2.7525240820580166
2024-09-22 06:00:00+00:00,2.748915815533121
2024-09-22 07:00:00+00:00,2.746017336364972
2024-09-22 08:00:00+00:00,2.75309003617423
2024-09-22 09:00:00+00:00,2.752041279234264
2024-09-22 10:00:00+00:00,2.740656101289813
2024-09-22 11:00:00+00:00,2.7312987953077754
2024-09-22 12:00:00+00:00,2.7112828812853067
2024-09-22 13:00:00+00:00,2.7239543283519354
2024-09-22 14:00:00+00:00,2.7244932006340283
2024-09-22 15:00:00+00:00,2.72290358067889
2024-09-22 16:00:00+00:00,2.702726621902873
2024-09-22 17:00:00+00:00,2.6901255767507983
2024-09-22 18:00:00+00:00,2.6874153860012084
2024-09-22 19:00:00+00:00,2.6853904465190297
2024-09-22 20:00:00+00:00,2.7078037298970115
2024-09-22 21:00:00+00:00,2.6996239080575966
2024-09-22 22:00:00+00:00,2.693626148852435
2024-09-22 23:00:00+00:00,2.6969915860954727
2024-09-23 00:00:00+00:00,2.707082873356931
2024-09-23 01:00:00+00:00,2.7063007722896892
2024-09-23 02:00:00+00:00,2.6998317025189307
2024-09-23 03:00:00+00:00,2.704845152745169
2024-09-23 04:00:00+00:00,2.700808325413736
2024-09-23 05:00:00+00:00,2.6928925646963973
2024-09-23 06:00:00+00:00,2.715804188244166
2024-09-23 07:00:00+00:00,2.724896023265259
2024-09-23 08:00:00+00:00,2.728533286157661
2024-09-23 09:00:00+00:00,2.7319559313071804
2024-09-23 10:00:00+00:00,2.7382301397515834
2024-09-23 11:00:00+00:00,2.7420045545850873
2024-09-23 12:00:00+00:00,2.7405884762258066
2024-09-23 13:00:00+00:00,2.7204324614183237
2024-09-23 14:00:00+00:00,2.717536350840281
2024-09-23 15:00:00+00:00,2.7141756966995456
2024-09-23 16:00:00+00:00,2.709038162144089
2024-09-23 17:00:00+00:00,2.71360602898857
2024-09-23 18:00:00+00:00,2.718321888829861
2024-09-23 19:00:00+00:00,2.713701154163794
2024-09-23 20:00:00+00:00,2.7120616932585904
2024-09-23 21:00:00+00:00,2.724338312288827
2024-09-23 22:00:00+00:00,2.731692880454765
2024-09-23 23:00:00+00:00,2.7276883748254255
2024-09-24 00:00:00+00:00,2.7268094555833864
2024-09-24 01:00:00+00:00,2.735894542000428
2024-09-24 02:00:00+00:00,2.7272400740330394
2024-09-24 03:00:00+00:00,2.728157407022672
2024-09-24 04:00:00+00:00,2.7400446536776983
2024-09-24 05:00:00+00:00,2.744013857772317
2024-09-24 06:00:00+00:00,2.7533352825389548
2024-09-24 07:00:00+00:00,2.7486161795871884
2024-09-24 08:00:00+00:00,2.754411945561495
2024-09-24 09:00:00+00:00,2.75109347060003
2024-09-24 10:00:00+00:00,2.7359272247223303
2024-09-24 11:00:00+00:00,2.7512728777189843
2024-09-24 12:00:00+00:00,2.738577343916117
2024-09-24 13:00:00+00:00,2.746112114970442
2024-09-24 14:00:00+00:00,2.742166202874895
2024-09-24 15:00:00+00:00,2.738184430643262
2024-09-24 16:00:00+00:00,2.726758947537154
2024-09-24 17:00:00+00:00,2.720999014027424
2024-09-24 18:00:00+00:00,2.7303166939119614
2024-09-24 19:00:00+00:00,2.7283908965673502
2024-09-24 20:00:00+00:00,2.7400666603563
2024-09-24 21:00:00+00:00,2.718274349121545
2024-09-24 22:00:00+00:00,2.7255336186071095
2024-09-24 23:00:00+00:00,2.7311546347135414
2024-09-25 00:00:00+00:00,2.7359757897441903
2024-09-25 01:00:00+00:00,2.7205683367955555
2024-09-25 02:00:00+00:00,2.726279755936797
2024-09-25 03:00:00+00:00,2.724864567043845
2024-09-25 04:00:00+00:00,2.7475836559516242
2024-09-25 05:00:00+00:00,2.7336808652854367
2024-09-25 06:00:00+00:00,2.7488939396632657
2024-09-25 07:00:00+00:00,2.7332386774705917
2024-09-25 08:00:00+00:00,2.736973074943326
2024-09-25 09:00:00+00:00,2.7339618005270703
2024-09-25 10:00:00+00:00,2.7248083039581474
2024-09-25 11:00:00+00:00,2.736090413114266
2024-09-25 12:00:00+00:00,2.7360326524128618
2024-09-25 13:00:00+00:00,2.741660971938873
2024-09-25 14:00:00+00:00,2.7294279249927986
2024-09-25 15:00:00+00:00,2.7507551394589784
2024-09-25 16:00:00+00:00,2.7470290108179065
2024-09-25 17:00:00+00:00,2.7511996786330117
2024-09-25 18:00:00+00:00,2.747672464838059
2024-09-25 19:00:00+00:00,2.7395386899364342
2024-09-25 20:00:00+00:00,2.747710552207694
2024-09-25 21:00:00+00:00,2.7518201738953203
2024-09-25 22:00:00+00:00,2.751755479895113
2024-09-25 23:00:00+00:00,2.7470056048899645
2024-09-26 00:00:00+00:00,2.7439154942530313
2024-09-26 01:00:00+00:00,2.731515885831098
2024-09-26 02:00:00+00:00,2.7261590745189697
2024-09-26 03:00:00+00:00,2.722987512777317
2024-09-26 04:00:00+00:00,2.7242655842574903
2024-09-26 05:00:00+00:00,2.708608489914863
2024-09-26 06:00:00+00:00,2.710574520061501
2024-09-26 07:00:00+00:00,2.7298751078118833
2024-09-26 08:00:00+00:00,2.7335786563518045
2024-09-26 09:00:00+00:00,2.7274959888962966
2024-09-26 10:00:00+00:00,2.727680278222022
2024-09-26 11:00:00+00:00,2.7242787764793324
2024-09-26 12:00:00+00:00,2.728255342774508
2024-09-26 13:00:00+00:00,2.7227261225309536
2024-09-26 14:00:00+00:00,2.714344799283106
2024-09-26 15:00:00+00:00,2.7136150427672834
2024-09-26 16:00:00+00:00,2.7207797932721696
2024-09-26 17:00:00+00:00,2.7467113511297603
2024-09-26 18:00:00+00:00,2.758034877968403
2024-09-26 19:00:00+00:00,2.748278101912558
2024-09-26 20:00:00+00:00,2.7581312133291824
2024-09-26 21:00:00+00:00,2.758383900491556
2024-09-26 22:00:00+00:00,2.7565293690489905
2024-09-26 23:00:00+00:00,2.7694043601403777
2024-09-27 00:00:00+00:00,2.77460944054076
2024-09-27 01:00:00+00:00,2.7750646172578204
2024-09-27 02:00:00+00:00,2.7723843763478664
2024-09-27 03:00:00+00:00,2.7740907179585568
2024-09-27 04:00:00+00:00,2.7562782557076275
2024-09-27 05:00:00+00:00,2.744680584483793
2024-09-27 06:00:00+00:00,2.7454140344687183
2024-09-27 07:00:00+00:00,2.752274813706389
2024-09-27 08:00:00+00:00,2.751668188313159
2024-09-27 09:00:00+00:00,2.75449783044476
2024-09-27 10:00:00+00:00,2.7560457387682797
2024-09-27 11:00:00+00:00,2.7553467276591608
2024-09-27 12:00:00+00:00,2.7461167554222006
2024-09-27 13:00:00+00:00,2.7557967007311603
2024-09-27 14:00:00+00:00,2.755131367576324
2024-09-27 15:00:00+00:00,2.749855311920077
2024-09-27 16:00:00+00:00,2.7453720899689715
2024-09-27 17:00:00+00:00,2.755403549979838
2024-09-27 18:00:00+00:00,2.7606584254688595
2024-09-27 19:00:00+00:00,2.754527675355052
2024-09-27 20:00:00+00:00,2.7558281369620734
2024-09-27 21:00:00+00:00,2.75226930524286
2024-09-27 22:00:00+00:00,2.738168347950462
2024-09-27 23:00:00+00:00,2.742588254710355
2024-09-28 00:00:00+00:00,2.7491171907439913
2024-09-28 01:00:00+00:00,2.754525390722489
2024-09-28 02:00:00+00:00,2.755077239707398
2024-09-28 03:00:00+00:00,2.7516083287784343
2024-09-28 04:00:00+00:00,2.755075241078071
2024-09-28 05:00:00+00:00,2.7586631260508434
2024-09-28 06:00:00+00:00,2.7689949781438186
2024-09-28 07:00:00+00:00,2.823168730852399
2024-09-28 08:00:00+00:00,2.823590650441304
2024-09-28 09:00:00+00:00,2.8279180944954336
2024-09-28 10:00:00+00:00,2.821188374638511
2024-09-28 11:00:00+00:00,2.8169541717096016
2024-09-28 12:00:00+00:00,2.8145965588785256
2024-09-28 13:00:00+00:00,2.815376409012388
2024-09-28 14:00:00+00:00,2.7956470521243997
2024-09-28 15:00:00+00:00,2.795387285952387
2024-09-28 16:00:00+00:00,2.807588777806744
2024-09-28 17:00:00+00:00,2.8127093661753615
2024-09-28 18:00:00+00:00,2.8042624536199576
2024-09-28 19:00:00+00:00,2.804668723706285
2024-09-28 20:00:00+00:00,2.8050347591874294
2024-09-28 21:00:00+00:00,2.8116439401113666
2024-09-28 22:00:00+00:00,2.8116617016629353
2024-09-28 23:00:00+00:00,2.818086977291444
2024-09-29 00:00:00+00:00,2.820106659893054
2024-09-29 01:00:00+00:00,2.8181062017384
2024-09-29 02:00:00+00:00,2.814309126688849
2024-09-29 03:00:00+00:00,2.8159972678308933
2024-09-29 04:00:00+00:00,2.8188631775411572
2024-09-29 05:00:00+00:00,2.823925629146502
2024-09-29 06:00:00+00:00,2.819577752222187
2024-09-29 07:00:00+00:00,2.8264564554117015
2024-09-29 08:00:00+00:00,2.82791258427483
2024-09-29 09:00:00+00:00,2.819766531674383
2024-09-29 10:00:00+00:00,2.8232628528805725
2024-09-29 11:00:00+00:00,2.8273452053092316
2024-09-29 12:00:00+00:00,2.8338713809732266
2024-09-29 13:00:00+00:00,2.814272891168958
2024-09-29 14:00:00+00:00,2.809987982473249
2024-09-29 15:00:00+00:00,2.797059312258114
2024-09-29 16:00:00+00:00,2.7893734855688317
2024-09-29 17:00:00+00:00,2.7844705867104476
2024-09-29 18:00:00+00:00,2.782394992371068
2024-09-29 19:00:00+00:00,2.7895199127057353
2024-09-29 20:00:00+00:00,2.7978097722572235
2024-09-29 21:00:00+00:00,2.8048826995563454
2024-09-29 22:00:00+00:00,2.810945620475264
2024-09-29 23:00:00+00:00,2.8188609488017695
2024-09-30 00:00:00+00:00,2.810941255031148
2024-09-30 01:00:00+00:00,2.811807065101792
2024-09-30 02:00:00+00:00,2.8214633354487257
2024-09-30 03:00:00+00:00,2.8299249551088352
2024-09-30 04:00:00+00:00,2.825078958448148
2024-09-30 05:00:00+00:00,2.8188077761583883
2024-09-30 06:00:00+00:00,2.823465606918181
2024-09-30 07:00:00+00:00,2.8232712355970517
2024-09-30 08:00:00+00:00,2.8180933188207833
2024-09-30 09:00:00+00:00,2.8345418951313754
2024-09-30 10:00:00+00:00,2.8362743256753413
2024-09-30 11:00:00+00:00,2.829895216207104
2024-09-30 12:00:00+00:00,2.834665358838194
2024-09-30 13:00:00+00:00,2.8397470732353254
2024-09-30 14:00:00+00:00,2.8335624822654313
2024-09-30 15:00:00+00:00,2.8477799783538744
2024-09-30 16:00:00+00:00,2.830301468897543
2024-09-30 17:00:00+00:00,2.820963217240987
2024-09-30 18:00:00+00:00,2.8055538468144214
2024-09-30 19:00:00+00:00,2.818831589283588
2024-09-30 20:00:00+00:00,2.8181497601524526
2024-09-30 21:00:00+00:00,2.8180784801044627
2024-09-30 22:00:00+00:00,2.8365579760230166
2024-09-30 23:00:00+00:00,2.825473742915728
2024-10-01 00:00:00+00:00,2.8134514302311584
2024-10-01 01:00:00+00:00,2.794578338794422
2024-10-01 02:00:00+00:00,2.799811484419829
2024-10-01 03:00:00+00:00,2.8007839343365526
2024-10-01 04:00:00+00:00,2.8055669439959168
2024-10-01 05:00:00+00:00,2.8130712278339915
2024-10-01 06:00:00+00:00,2.813970293792844
2024-10-01 07:00:00+00:00,2.8182409337270595
2024-10-01 08:00:00+00:00,2.820089350054636
2024-10-01 09:00:00+00:00,2.8198388426046597
2024-10-01 10:00:00+00:00,2.817476663119173
2024-10-01 11:00:00+00:00,2.80969695716662
2024-10-01 12:00:00+00:00,2.813001044004643
2024-10-01 13:00:00+00:00,2.816555271192837
2024-10-01 14:00:00+00:00,2.846621152287347
2024-10-01 15:00:00+00:00,2.8282876633640455
2024-10-01 16:00:00+00:00,2.83587230060997
2024-10-01 17:00:00+00:00,2.8359498318539447
2024-10-01 18:00:00+00:00,2.862192744760676
2024-10-01 19:00:00+00:00,2.867453543547022
2024-10-01 20:00:00+00:00,2.8454952499844772
2024-10-01 21:00:00+00:00,2.8614721279420023
2024-10-01 22:00:00+00:00,2.858514935315249
2024-10-01 23:00:00+00:00,2.853602900761528
2024-10-02 00:00:00+00:00,2.8674603708344844
2024-10-02 01:00:00+00:00,2.859945850838633
2024-10-02 02:00:00+00:00,2.8753745686158525
2024-10-02 03:00:00+00:00,2.8802291727004663
2024-10-02 04:00:00+00:00,2.8741892151091943
2024-10-02 05:00:00+00:00,2.8568647648829035
2024-10-02 06:00:00+00:00,2.8359100767100074
2024-10-02 07:00:00+00:00,2.847124434395221
2024-10-02 08:00:00+00:00,2.8431709135223975
2024-10-02 09:00:00+00:00,2.854976267298226
2024-10-02 10:00:00+00:00,2.861711368002463
2024-10-02 11:00:00+00:00,2.8563277240347262
2024-10-02 12:00:00+00:00,2.845317114062364
2024-10-02 13:00:00+00:00,2.8384861577869747
2024-10-02 14:00:00+00:00,2.8418139571854284
2024-10-02 15:00:00+00:00,2.8409407226835635
2024-10-02 16:00:00+00:00,2.8412860583643282
2024-10-02 17:00:00+00:00,2.8596020189597304
2024-10-02 18:00:00+00:00,2.8702140030284955
2024-10-02 19:00:00+00:00,2.8445287191208553
2024-10-02 20:00:00+00:00,2.8474305933831525
2024-10-02 21:00:00+00:00,2.856687509825372
2024-10-02 22:00:00+00:00,2.859658125453548
2024-10-02 23:00:00+00:00,2.8452878602109895
2024-10-03 00:00:00+00:00,2.8252447570295853
2024-10-03 01:00:00+00:00,2.7962968013489578
2024-10-03 02:00:00+00:00,2.8001908797595445
2024-10-03 03:00:00+00:00,2.8043590296790906
2024-10-03 04:00:00+00:00,2.800412046353914
2024-10-03 05:00:00+00:00,2.795111304823144
2024-10-03 06:00:00+00:00,2.7999178231288107
2024-10-03 07:00:00+00:00,2.808117049104849
2024-10-03 08:00:00+00:00,2.7932311682915807
2024-10-03 09:00:00+00:00,2.780235543014769
2024-10-03 10:00:00+00:00,2.7536115270293733
2024-10-03 11:00:00+00:00,2.7636811919148006
2024-10-03 12:00:00+00:00,2.767669894002525
2024-10-03 13:00:00+00:00,2.760293455167701
2024-10-03 14:00:00+00:00,2.7702166573892004
2024-10-03 15:00:00+00:00,2.8127987466578035
2024-10-03 16:00:00+00:00,2.8413681447821784
2024-10-03 17:00:00+00:00,2.824301578897201
2024-10-03 18:00:00+00:00,2.8251360748944028
2024-10-03 19:00:00+00:00,2.816964875901253
2024-10-03 20:00:00+00:00,2.819889259791056
2024-10-03 21:00:00+00:00,2.7869432828910385
2024-10-03 22:00:00+00:00,2.7814963041336287
2024-10-03 23:00:00+00:00,2.778793949160374
2024-10-04 00:00:00+00:00,2.772506473521047
2024-10-04 01:00:00+00:00,2.7887538897672735
2024-10-04 02:00:00+00:00,2.810238022109903
2024-10-04 03:00:00+00:00,2.820123753804992
2024-10-04 04:00:00+00:00,2.810089714284368
2024-10-04 05:00:00+00:00,2.822602880295711
2024-10-04 06:00:00+00:00,2.8082212501000052
2024-10-04 07:00:00+00:00,2.803202902793267
2024-10-04 08:00:00+00:00,2.750762895662024
2024-10-04 09:00:00+00:00,2.7577094181869115
2024-10-04 10:00:00+00:00,2.7653469032545424
2024-10-04 11:00:00+00:00,2.7666440076542917
2024-10-04 12:00:00+00:00,2.7588591072082265
2024-10-04 13:00:00+00:00,2.7486161279857253
2024-10-04 14:00:00+00:00,2.7585919054291317
2024-10-04 15:00:00+00:00,2.746077348253186
2024-10-04 16:00:00+00:00,2.759090272193043
2024-10-04 17:00:00+00:00,2.750720761860698
2024-10-04 18:00:00+00:00,2.756603499134167
2024-10-04 19:00:00+00:00,2.751245080101735
2024-10-04 20:00:00+00:00,2.7614204769012116
2024-10-04 21:00:00+00:00,2.766071829832957
2024-10-04 22:00:00+00:00,2.769106539953481
2024-10-04 23:00:00+00:00,2.7612921970830593
2024-10-05 00:00:00+00:00,2.7696533218417296
2024-10-05 01:00:00+00:00,2.76942568146855
2024-10-05 02:00:00+00:00,2.775113060340298
2024-10-05 03:00:00+00:00,2.784746615702842
2024-10-05 04:00:00+00:00,2.7610702572247825
2024-10-05 05:00:00+00:00,2.782551280797003
2024-10-05 06:00:00+00:00,2.780788202128643
2024-10-05 07:00:00+00:00,2.782294105858607
2024-10-05 08:00:00+00:00,2.7824414463206995
2024-10-05 09:00:00+00:00,2.7831433429105217
2024-10-05 10:00:00+00:00,2.790127307784429
2024-10-05 11:00:00+00:00,2.7838853393046135
2024-10-05 12:00:00+00:00,2.782088062753061
2024-10-05 13:00:00+00:00,2.780848341342668
2024-10-05 14:00:00+00:00,2.775713675371582
2024-10-05 15:00:00+00:00,2.781665795793239
2024-10-05 16:00:00+00:00,2.782707844812896
2024-10-05 17:00:00+00:00,2.774759992657661
2024-10-05 18:00:00+00:00,2.7767818648226217
2024-10-05 19:00:00+00:00,2.7782839288373777
2024-10-05 20:00:00+00:00,2.7945293542529828
2024-10-05 21:00:00+00:00,2.7860668034447755
2024-10-05 22:00:00+00:00,2.792067593244546
2024-10-05 23:00:00+00:00,2.785501939539007
2024-10-06 00:00:00+00:00,2.7841673012027526
2024-10-06 01:00:00+00:00,2.785398033383088
2024-10-06 02:00:00+00:00,2.7762182481029503
2024-10-06 03:00:00+00:00,2.7827545417464554
2024-10-06 04:00:00+00:00,2.787781545102709
2024-10-06 05:00:00+00:00,2.7989038236288937
2024-10-06 06:00:00+00:00,2.801919033139427
2024-10-06 07:00:00+00:00,2.7903543999626654
2024-10-06 08:00:00+00:00,2.7854181663756914
2024-10-06 09:00:00+00:00,2.7904890838667233
2024-10-06 10:00:00+00:00,2.795994706544105
2024-10-06 11:00:00+00:00,2.807807646074045
2024-10-06 12:00:00+00:00,2.8058022334733
2024-10-06 13:00:00+00:00,2.7991683198760473
2024-10-06 14:00:00+00:00,2.7865182734455582
2024-10-06 15:00:00+00:00,2.7946033571549407
2024-10-06 16:00:00+00:00,2.7956756214657843
2024-10-06 17:00:00+00:00,2.7963127115440165
2024-10-06 18:00:00+00:00,2.7754137823805864
2024-10-06 19:00:00+00:00,2.7770255796268333
2024-10-06 20:00:00+00:00,2.780084681551622
2024-10-06 21:00:00+00:00,2.787324172621142
2024-10-06 22:00:00+00:00,2.774592410106423
2024-10-06 23:00:00+00:00,2.764973820812271
2024-10-07 00:00:00+00:00,2.7472876907918344
2024-10-07 01:00:00+00:00,2.723431244255219
2024-10-07 02:00:00+00:00,2.7460051684078293
2024-10-07 03:00:00+00:00,2.759487815358001
2024-10-07 04:00:00+00:00,2.7444076065819116
2024-10-07 05:00:00+00:00,2.742335765636307
2024-10-07 06:00:00+00:00,2.743058201568312
2024-10-07 07:00:00+00:00,2.7422900346708357
2024-10-07 08:00:00+00:00,2.722275372232152
2024-10-07 09:00:00+00:00,2.728270183431579
2024-10-07 10:00:00+00:00,2.73453878327927
2024-10-07 11:00:00+00:00,2.7393100255697087
2024-10-07 12:00:00+00:00,2.747608811722793
2024-10-07 13:00:00+00:00,2.7360946136339974
2024-10-07 14:00:00+00:00,2.721631569817866
2024-10-07 15:00:00+00:00,2.709661243375298
2024-10-07 16:00:00+00:00,2.6792478457346864
2024-10-07 17:00:00+00:00,2.6716339534983176
2024-10-07 18:00:00+00:00,2.6817721067767324
2024-10-07 19:00:00+00:00,2.671701435014397
2024-10-07 20:00:00+00:00,2.685067856341918
2024-10-07 21:00:00+00:00,2.6773512513774187
2024-10-07 22:00:00+00:00,2.682773710142042
2024-10-07 23:00:00+00:00,2.6881063727999823
2024-10-08 00:00:00+00:00,2.6721818485790028
2024-10-08 01:00:00+00:00,2.6648337419445567
2024-10-08 02:00:00+00:00,2.664944261000968
2024-10-08 03:00:00+00:00,2.6521507221623963
2024-10-08 04:00:00+00:00,2.6638457672452223
2024-10-08 05:00:00+00:00,2.679158503256379
2024-10-08 06:00:00+00:00,2.670517164466484
2024-10-08 07:00:00+00:00,2.680942539491321
2024-10-08 08:00:00+00:00,2.669404537432577
2024-10-08 09:00:00+00:00,2.6736603314597636
2024-10-08 10:00:00+00:00,2.6749766894069915
2024-10-08 11:00:00+00:00,2.6711175767004964
2024-10-08 12:00:00+00:00,2.685151523858079
2024-10-08 13:00:00+00:00,2.675311908637377
2024-10-08 14:00:00+00:00,2.6854930554681697
2024-10-08 15:00:00+00:00,2.6748260654670117
2024-10-08 16:00:00+00:00,2.6860594270395586
2024-10-08 17:00:00+00:00,2.681196673902292
2024-10-08 18:00:00+00:00,2.6656159707838127
2024-10-08 19:00:00+00:00,2.664584727553067
2024-10-08 20:00:00+00:00,2.666217756191598
2024-10-08 21:00:00+00:00,2.656932629487031
2024-10-08 22:00:00+00:00,2.6657399464150267
2024-10-08 23:00:00+00:00,2.659538605636799
2024-10-09 00:00:00+00:00,2.66854252853033
2024-10-09 01:00:00+00:00,2.6757760693095625
2024-10-09 02:00:00+00:00,2.6878132038571585
2024-10-09 03:00:00+00:00,2.6884692647479063
2024-10-09 04:00:00+00:00,2.682407954374354
2024-10-09 05:00:00+00:00,2.682810844631103
2024-10-09 06:00:00+00:00,2.690338667421343
2024-10-09 07:00:00+00:00,2.692048123498983
2024-10-09 08:00:00+00:00,2.6906457395155763
2024-10-09 09:00:00+00:00,2.6997159717021297
2024-10-09 10:00:00+00:00,2.6956244919388834
2024-10-09 11:00:00+00:00,2.6982380265240615
2024-10-09 12:00:00+00:00,2.692559016255496
2024-10-09 13:00:00+00:00,2.688971879893462
2024-10-09 14:00:00+00:00,2.676463925167062
2024-10-09 15:00:00+00:00,2.673724803812476
2024-10-09 16:00:00+00:00,2.6819450735273573
2024-10-09 17:00:00+00:00,2.6880935297105744
2024-10-09 18:00:00+00:00,2.695601008493633
2024-10-09 19:00:00+00:00,2.6989981337746385
2024-10-09 20:00:00+00:00,2.697317562211124
2024-10-09 21:00:00+00:00,2.708154762750494
2024-10-09 22:00:00+00:00,2.714480056145144
2024-10-09 23:00:00+00:00,2.7135874303265535
2024-10-10 00:00:00+00:00,2.7284309863033385
2024-10-10 01:00:00+00:00,2.716194933460114
2024-10-10 02:00:00+00:00,2.7222870803237744
2024-10-10 03:00:00+00:00,2.72655150727308
2024-10-10 04:00:00+00:00,2.724684987971565
2024-10-10 05:00:00+00:00,2.7219915836929123
2024-10-10 06:00:00+00:00,2.7246221140777047
2024-10-10 07:00:00+00:00,2.7360065427278117
2024-10-10 08:00:00+00:00,2.7424800051064073
2024-10-10 09:00:00+00:00,2.7568080443805054
2024-10-10 10:00:00+00:00,2.7509719597870865
2024-10-10 11:00:00+00:00,2.7505715498710286
2024-10-10 12:00:00+00:00,2.7660954246242935
2024-10-10 13:00:00+00:00,2.766553549810394
2024-10-10 14:00:00+00:00,2.764586840339334
2024-10-10 15:00:00+00:00,2.7872402532308
2024-10-10 16:00:00+00:00,2.787628697132336
2024-10-10 17:00:00+00:00,2.7918644827964694
2024-10-10 18:00:00+00:00,2.7695492391354533
2024-10-10 19:00:00+00:00,2.7667087488043616
2024-10-10 20:00:00+00:00,2.7658996280933166
2024-10-10 21:00:00+00:00,2.769367453731519
2024-10-10 22:00:00+00:00,2.7643970291065982
2024-10-10 23:00:00+00:00,2.7702898451836306
2024-10-11 00:00:00+00:00,2.776734988063833
2024-10-11 01:00:00+00:00,2.7844926132847467
2024-10-11 02:00:00+00:00,2.78362495574337
2024-10-11 03:00:00+00:00,2.787254542627126
2024-10-11 04:00:00+00:00,2.790983142500806
2024-10-11 05:00:00+00:00,2.8003316981442525
2024-10-11 06:00:00+00:00,2.7964721178140577
2024-10-11 07:00:00+00:00,2.7898399482045595
2024-10-11 08:00:00+00:00,2.7678126291524245
2024-10-11 09:00:00+00:00,2.7566407150842056
2024-10-11 10:00:00+00:00,2.7716730007398596
2024-10-11 11:00:00+00:00,2.758832676116863
2024-10-11 12:00:00+00:00,2.7521837092677326
2024-10-11 13:00:00+00:00,2.7449043691572586
2024-10-11 14:00:00+00:00,2.750832672787787
2024-10-11 15:00:00+00:00,2.752995019382033
2024-10-11 16:00:00+00:00,2.74473692131082
2024-10-11 17:00:00+00:00,2.756748119153611
2024-10-11 18:00:00+00:00,2.7521771182280688
2024-10-11 19:00:00+00:00,2.7580429944565403
2024-10-11 20:00:00+00:00,2.747252157182006
2024-10-11 21:00:00+00:00,2.7404457190916056
2024-10-11 22:00:00+00:00,2.7408013624042864
2024-10-11 23:00:00+00:00,2.7383887165089997
2024-10-12 00:00:00+00:00,2.737521454860628
2024-10-12 01:00:00+00:00,2.7230608452220344
2024-10-12 02:00:00+00:00,2.7345801970942514
2024-10-12 03:00:00+00:00,2.734781001158238
2024-10-12 04:00:00+00:00,2.7321347814123915
2024-10-12 05:00:00+00:00,2.7268382322131015
2024-10-12 06:00:00+00:00,2.744781748479376
2024-10-12 07:00:00+00:00,2.7434658444277353
2024-10-12 08:00:00+00:00,2.73716265469824
2024-10-12 09:00:00+00:00,2.7358957592434283
2024-10-12 10:00:00+00:00,2.711121163949391
2024-10-12 11:00:00+00:00,2.711251563971496
2024-10-12 12:00:00+00:00,2.7050708658150313
2024-10-12 13:00:00+00:00,2.6694470250215643
2024-10-12 14:00:00+00:00,2.6611529586663263
2024-10-12 15:00:00+00:00,2.674115296171677
2024-10-12 16:00:00+00:00,2.647894048283109
2024-10-12 17:00:00+00:00,2.631626852700398
2024-10-12 18:00:00+00:00,2.6400411064918665
2024-10-12 19:00:00+00:00,2.6301739761334244
2024-10-12 20:00:00+00:00,2.6339548941419744
2024-10-12 21:00:00+00:00,2.6327026462786556
2024-10-12 22:00:00+00:00,2.623079751243515
2024-10-12 23:00:00+00:00,2.6348442707733963
2024-10-13 00:00:00+00:00,2.6207331188709544
2024-10-13 01:00:00+00:00,2.6123467817017425
2024-10-13 02:00:00+00:00,2.6175799308426346
2024-10-13 03:00:00+00:00,2.6207854952790313
2024-10-13 04:00:00+00:00,2.6047956219741653
2024-10-13 05:00:00+00:00,2.602035824438703
2024-10-13 06:00:00+00:00,2.5971430716203723
2024-10-13 07:00:00+00:00,2.606690103634162
2024-10-13 08:00:00+00:00,2.618502733858611
2024-10-13 09:00:00+00:00,2.6084352653794554
2024-10-13 10:00:00+00:00,2.6113073767253683
2024-10-13 11:00:00+00:00,2.610183346492892
2024-10-13 12:00:00+00:00,2.6031419920220835
2024-10-13 13:00:00+00:00,2.6170251145988734
2024-10-13 14:00:00+00:00,2.611693779931168
2024-10-13 15:00:00+00:00,2.6151376859561073
2024-10-13 16:00:00+00:00,2.6120835459988787
2024-10-13 17:00:00+00:00,2.605056310224707
2024-10-13 18:00:00+00:00,2.6125654857647334
2024-10-13 19:00:00+00:00,2.6013471687929166
2024-10-13 20:00:00+00:00,2.6000005824231356
2024-10-13 21:00:00+00:00,2.590107779399914
2024-10-13 22:00:00+00:00,2.5843527716624934
2024-10-13 23:00:00+00:00,2.5749715861616416
2024-10-14 00:00:00+00:00,2.5669712027423315
2024-10-14 01:00:00+00:00,2.569559114001452
2024-10-14 02:00:00+00:00,2.5912981805152215
2024-10-14 03:00:00+00:00,2.609882620179975
2024-10-14 04:00:00+00:00,2.614717173247303
2024-10-14 05:00:00+00:00,2.6119371739393418
2024-10-14 06:00:00+00:00,2.6128086837594875
2024-10-14 07:00:00+00:00,2.6179638292003657
2024-10-14 08:00:00+00:00,2.6349216139972285
2024-10-14 09:00:00+00:00,2.64173175363862
2024-10-14 10:00:00+00:00,2.632404417284814
2024-10-14 11:00:00+00:00,2.6332484080689995
2024-10-14 12:00:00+00:00,2.638768234300214
2024-10-14 13:00:00+00:00,2.6331633985991623
2024-10-14 14:00:00+00:00,2.644419325096042
2024-10-14 15:00:00+00:00,2.6624388361110034
2024-10-14 16:00:00+00:00,2.6716317809863606
2024-10-14 17:00:00+00:00,2.6630078559585755
2024-10-14 18:00:00+00:00,2.6592644397454386
2024-10-14 19:00:00+00:00,2.6614618182435876
2024-10-14 20:00:00+00:00,2.660006128633521
2024-10-14 21:00:00+00:00,2.663318833444683
2024-10-14 22:00:00+00:00,2.653786549334372
2024-10-14 23:00:00+00:00,2.660217397478952
2024-10-15 00:00:00+00:00,2.6964215144650088
2024-10-15 01:00:00+00:00,2.6883808775371123
2024-10-15 02:00:00+00:00,2.6649452480723133
2024-10-15 03:00:00+00:00,2.679336839020678
2024-10-15 04:00:00+00:00,2.682777974440761
2024-10-15 05:00:00+00:00,2.6867686506207593
2024-10-15 06:00:00+00:00,2.6624488638978354
2024-10-15 07:00:00+00:00,2.663018997503897
2024-10-15 08:00:00+00:00,2.6571916979749193
2024-10-15 09:00:00+00:00,2.6399894229209298
2024-10-15 10:00:00+00:00,2.653541156278713
2024-10-15 11:00:00+00:00,2.6779726088032376
2024-10-15 12:00:00+00:00,2.660624106050382
2024-10-15 13:00:00+00:00,2.694651418203247
2024-10-15 14:00:00+00:00,2.660480206136881
2024-10-15 15:00:00+00:00,2.6760030620099853
2024-10-15 16:00:00+00:00,2.6806779886358982
2024-10-15 17:00:00+00:00,2.6904457603878797
2024-10-15 18:00:00+00:00,2.6738202172171417
2024-10-15 19:00:00+00:00,2.6863640507161923
2024-10-15 20:00:00+00:00,2.7041993834304567
2024-10-15 21:00:00+00:00,2.7047292455512055
2024-10-15 22:00:00+00:00,2.705213565265055
2024-10-15 23:00:00+00:00,2.6920283641247726
2024-10-16 00:00:00+00:00,2.716535174419022
2024-10-16 01:00:00+00:00,2.7191364957349795
2024-10-16 02:00:00+00:00,2.7248489968203664
2024-10-16 03:00:00+00:00,2.7293624742626688
2024-10-16 04:00:00+00:00,2.7148776642787844
2024-10-16 05:00:00+00:00,2.708856798877378
2024-10-16 06:00:00+00:00,2.7131058295342565
2024-10-16 07:00:00+00:00,2.7004823309256145
2024-10-16 08:00:00+00:00,2.7131953191035434
2024-10-16 09:00:00+00:00,2.7040824355261304
2024-10-16 10:00:00+00:00,2.7225802807106487
2024-10-16 11:00:00+00:00,2.7250378701688036
2024-10-16 12:00:00+00:00,2.7339622384329405
2024-10-16 13:00:00+00:00,2.729881729672221
2024-10-16 14:00:00+00:00,2.729470337570211
2024-10-16 15:00:00+00:00,2.728445034679166
2024-10-16 16:00:00+00:00,2.73796587087515
2024-10-16 17:00:00+00:00,2.719051927402943
2024-10-16 18:00:00+00:00,2.7198872891438133
2024-10-16 19:00:00+00:00,2.717012000610399
2024-10-16 20:00:00+00:00,2.69771370199842
2024-10-16 21:00:00+00:00,2.6980908745709455
2024-10-16 22:00:00+00:00,2.702021558370554
2024-10-16 23:00:00+00:00,2.7062964514398584
2024-10-17 00:00:00+00:00,2.7143568245823784
2024-10-17 01:00:00+00:00,2.7006353238083944
2024-10-17 02:00:00+00:00,2.6943653988662106
2024-10-17 03:00:00+00:00,2.6879860298588687
2024-10-17 04:00:00+00:00,2.6911004108067442
2024-10-17 05:00:00+00:00,2.6943569634599887
2024-10-17 06:00:00+00:00,2.681019744185529
2024-10-17 07:00:00+00:00,2.7071925472041607
2024-10-17 08:00:00+00:00,2.698073716227609
2024-10-17 09:00:00+00:00,2.7123863629725258
2024-10-17 10:00:00+00:00,2.709795639225328
2024-10-17 11:00:00+00:00,2.7216271933518303
2024-10-17 12:00:00+00:00,2.702830063004174
2024-10-17 13:00:00+00:00,2.7025687688607674
2024-10-17 14:00:00+00:00,2.7016462112449937
2024-10-17 15:00:00+00:00,2.7130562515776018
2024-10-17 16:00:00+00:00,2.712616851870958
2024-10-17 17:00:00+00:00,2.7248063029820253
2024-10-17 18:00:00+00:00,2.724854071696497
2024-10-17 19:00:00+00:00,2.7156354576280353
2024-10-17 20:00:00+00:00,2.700618742701526
2024-10-17 21:00:00+00:00,2.7014557830589747
2024-10-17 22:00:00+00:00,2.7054260516664193
2024-10-17 23:00:00+00:00,2.705731011041805
2024-10-18 00:00:00+00:00,2.689534744987611
2024-10-18 01:00:00+00:00,2.6956978147617185
2024-10-18 02:00:00+00:00,2.706408716598546
2024-10-18 03:00:00+00:00,2.708428763949875
2024-10-18 04:00:00+00:00,2.7111191403989023
2024-10-18 05:00:00+00:00,2.715192917393502
2024-10-18 06:00:00+00:00,2.7082228854709403
2024-10-18 07:00:00+00:00,2.710756684425685
2024-10-18 08:00:00+00:00,2.712217345416197
2024-10-18 09:00:00+00:00,2.7135338130636155
2024-10-18 10:00:00+00:00,2.7112322362278047
2024-10-18 11:00:00+00:00,2.7127949374365756
2024-10-18 12:00:00+00:00,2.716857807509373
2024-10-18 13:00:00+00:00,2.7172198666523073
2024-10-18 14:00:00+00:00,2.70853110423296
2024-10-18 15:00:00+00:00,2.715597863864353
2024-10-18 16:00:00+00:00,2.6972809908480264
2024-10-18 17:00:00+00:00,2.704602102087055
2024-10-18 18:00:00+00:00,2.6997754021417544
2024-10-18 19:00:00+00:00,2.7121458916150396
2024-10-18 20:00:00+00:00,2.7092811855426517
2024-10-18 21:00:00+00:00,2.708225086684927
2024-10-18 22:00:00+00:00,2.7080554587158105
2024-10-18 23:00:00+00:00,2.710762045456174
2024-10-19 00:00:00+00:00,2.719891520559534
2024-10-19 01:00:00+00:00,2.6959823209693834
2024-10-19 02:00:00+00:00,2.7039219910467867
2024-10-19 03:00:00+00:00,2.708508888815934
2024-10-19 04:00:00+00:00,2.7235673018159683
2024-10-19 05:00:00+00:00,2.721768048852721
2024-10-19 06:00:00+00:00,2.7155241348374033
2024-10-19 07:00:00+00:00,2.718485860494951
2024-10-19 08:00:00+00:00,2.717011747678442
2024-10-19 09:00:00+00:00,2.720931755436295
2024-10-19 10:00:00+00:00,2.7111343029560535
2024-10-19 11:00:00+00:00,2.724193409538743
2024-10-19 12:00:00+00:00,2.7153000314817923
2024-10-19 13:00:00+00:00,2.7189092970951534
2024-10-19 14:00:00+00:00,2.7171627847137825
2024-10-19 15:00:00+00:00,2.7260027856858335
2024-10-19 16:00:00+00:00,2.730466965777967
2024-10-19 17:00:00+00:00,2.735797360306146
2024-10-19 18:00:00+00:00,2.7382799592750398
2024-10-19 19:00:00+00:00,2.7379614458171155
2024-10-19 20:00:00+00:00,2.7320962681730476
2024-10-19 21:00:00+00:00,2.73855126914878
2024-10-19 22:00:00+00:00,2.731087418671643
2024-10-19 23:00:00+00:00,2.735558953160751
2024-10-20 00:00:00+00:00,2.740836413413382
2024-10-20 01:00:00+00:00,2.7453421205650748
2024-10-20 02:00:00+00:00,2.736832177523857
2024-10-20 03:00:00+00:00,2.738753582441835
2024-10-20 04:00:00+00:00,2.741947697340935
2024-10-20 05:00:00+00:00,2.743681242540189
2024-10-20 06:00:00+00:00,2.7552362995715263
2024-10-20 07:00:00+00:00,2.744616387910067
2024-10-20 08:00:00+00:00,2.7565706608274896
2024-10-20 09:00:00+00:00,2.7475990282432283
2024-10-20 10:00:00+00:00,2.745677183828939
2024-10-20 11:00:00+00:00,2.7354901170582977
2024-10-20 12:00:00+00:00,2.757591324330168
2024-10-20 13:00:00+00:00,2.7594036915978357
2024-10-20 14:00:00+00:00,2.7685990295188523
2024-10-20 15:00:00+00:00,2.779598280825695
2024-10-20 16:00:00+00:00,2.771844918118187
2024-10-20 17:00:00+00:00,2.7772221635379797
2024-10-20 18:00:00+00:00,2.7852096892650087
2024-10-20 19:00:00+00:00,2.7853972565271286
2024-10-20 20:00:00+00:00,2.786398331707303
2024-10-20 21:00:00+00:00,2.7873095803250805
2024-10-20 22:00:00+00:00,2.7856932039573024
2024-10-20 23:00:00+00:00,2.784949906978601
2024-10-21 00:00:00+00:00,2.79011367170998
2024-10-21 01:00:00+00:00,2.7863145270717014
2024-10-21 02:00:00+00:00,2.7814615191816427
2024-10-21 03:00:00+00:00,2.778763528505848
2024-10-21 04:00:00+00:00,2.7748109379293426
2024-10-21 05:00:00+00:00,2.766917300763997
2024-10-21 06:00:00+00:00,2.7703867070905743
2024-10-21 07:00:00+00:00,2.7712155092625137
2024-10-21 08:00:00+00:00,2.7784293629386236
2024-10-21 09:00:00+00:00,2.7750784286641474
2024-10-21 10:00:00+00:00,2.7844928905691297
2024-10-21 11:00:00+00:00,2.7842702367813428
2024-10-21 12:00:00+00:00,2.7867935946515923
2024-10-21 13:00:00+00:00,2.776601074151042
2024-10-21 14:00:00+00:00,2.7732171231501845
2024-10-21 15:00:00+00:00,2.7745001297459817
2024-10-21 16:00:00+00:00,2.7787767596700337
2024-10-21 17:00:00+00:00,2.7644455548640345
2024-10-21 18:00:00+00:00,2.76915448352994
2024-10-21 19:00:00+00:00,2.7709954919490296
2024-10-21 20:00:00+00:00,2.7656407175459687
2024-10-21 21:00:00+00:00,2.765805944465483
2024-10-21 22:00:00+00:00,2.760296834465124
2024-10-21 23:00:00+00:00,2.7657218927380947
2024-10-22 00:00:00+00:00,2.7660629921883126
2024-10-22 01:00:00+00:00,2.742983154987702
2024-10-22 02:00:00+00:00,2.732029108371044
2024-10-22 03:00:00+00:00,2.7226477990283278
2024-10-22 04:00:00+00:00,2.7384157160295253
2024-10-22 05:00:00+00:00,2.7214230481346178
2024-10-22 06:00:00+00:00,2.7265742698767172
2024-10-22 07:00:00+00:00,2.7293649559332906
2024-10-22 08:00:00+00:00,2.7209173108734452
2024-10-22 09:00:00+00:00,2.7227111805288096
2024-10-22 10:00:00+00:00,2.720005499299891
2024-10-22 11:00:00+00:00,2.7213654634663436
2024-10-22 12:00:00+00:00,2.727140391892251
2024-10-22 13:00:00+00:00,2.7343801445044384
2024-10-22 14:00:00+00:00,2.7389761241298225
2024-10-22 15:00:00+00:00,2.7473723721066676
2024-10-22 16:00:00+00:00,2.7639572648850943
2024-10-22 17:00:00+00:00,2.7625000238081636
2024-10-22 18:00:00+00:00,2.7520648566462196
2024-10-22 19:00:00+00:00,2.7397008077368428
2024-10-22 20:00:00+00:00,2.750978558868846
2024-10-22 21:00:00+00:00,2.7534609759271387
2024-10-22 22:00:00+00:00,2.7601465517831896
2024-10-22 23:00:00+00:00,2.756850337381684
2024-10-23 00:00:00+00:00,2.762648896254249
2024-10-23 01:00:00+00:00,2.7591596945037513
2024-10-23 02:00:00+00:00,2.7463254940974022
2024-10-23 03:00:00+00:00,2.746433407867585
2024-10-23 04:00:00+00:00,2.7507481174329524
2024-10-23 05:00:00+00:00,2.7517664122355567
2024-10-23 06:00:00+00:00,2.738664447442814
2024-10-23 07:00:00+00:00,2.7362771968100508
2024-10-23 08:00:00+00:00,2.7444177957831295
2024-10-23 09:00:00+00:00,2.75304892772173
2024-10-23 10:00:00+00:00,2.7475284860366793
2024-10-23 11:00:00+00:00,2.750812154390252
2024-10-23 12:00:00+00:00,2.7443599458912447
2024-10-23 13:00:00+00:00,2.7449946313046665
2024-10-23 14:00:00+00:00,2.740579504745405
2024-10-23 15:00:00+00:00,2.7338704881215437
2024-10-23 16:00:00+00:00,2.7263608453275263
2024-10-23 17:00:00+00:00,2.739505984139258
2024-10-23 18:00:00+00:00,2.715596160834282
2024-10-23 19:00:00+00:00,2.7078634244894637
2024-10-23 20:00:00+00:00,2.719500184618938
2024-10-23 21:00:00+00:00,2.721328968587768
2024-10-23 22:00:00+00:00,2.7245263997665687
2024-10-23 23:00:00+00:00,2.7221252485995437
2024-10-24 00:00:00+00:00,2.7300588663804026
2024-10-24 01:00:00+00:00,2.7306892513267207
2024-10-24 02:00:00+00:00,2.738475320335263
2024-10-24 03:00:00+00:00,2.732649187182433
2024-10-24 04:00:00+00:00,2.7371187489407243
2024-10-24 05:00:00+00:00,2.735074638650605
2024-10-24 06:00:00+00:00,2.7392354152469327
2024-10-24 07:00:00+00:00,2.7402298409586123
2024-10-24 08:00:00+00:00,2.740957586196063
2024-10-24 09:00:00+00:00,2.7404918710322015
2024-10-24 10:00:00+00:00,2.7400634212962895
2024-10-24 11:00:00+00:00,2.737614528042726
2024-10-24 12:00:00+00:00,2.727161233624692
2024-10-24 13:00:00+00:00,2.7124109574143875
2024-10-24 14:00:00+00:00,2.717538081978021
2024-10-24 15:00:00+00:00,2.7141795755264466
2024-10-24 16:00:00+00:00,2.7161895797707323
2024-10-24 17:00:00+00:00,2.7175204103813666
2024-10-24 18:00:00+00:00,2.7238680470961736
2024-10-24 19:00:00+00:00,2.7219511519378727
2024-10-24 20:00:00+00:00,2.7187810974997233
2024-10-24 21:00:00+00:00,2.715702234797114
2024-10-24 22:00:00+00:00,2.7147214308241505
2024-10-24 23:00:00+00:00,2.7221870843881844
2024-10-25 00:00:00+00:00,2.722899971184558
2024-10-25 01:00:00+00:00,2.726792126665098
2024-10-25 02:00:00+00:00,2.7258963604832194
2024-10-25 03:00:00+00:00,2.7325076423988652
2024-10-25 04:00:00+00:00,2.7301367538603234
2024-10-25 05:00:00+00:00,2.727227657936745
2024-10-25 06:00:00+00:00,2.7312080160717307
2024-10-25 07:00:00+00:00,2.741196045423864
2024-10-25 08:00:00+00:00,2.750435280285655
2024-10-25 09:00:00+00:00,2.7561702029518766
2024-10-25 10:00:00+00:00,2.7550845801945623
2024-10-25 11:00:00+00:00,2.7534536983114095
2024-10-25 12:00:00+00:00,2.754662096627361
2024-10-25 13:00:00+00:00,2.7561103527466306
2024-10-25 14:00:00+00:00,2.75576026003749
2024-10-25 15:00:00+00:00,2.753795750438826
2024-10-25 16:00:00+00:00,2.7546625156419964
2024-10-25 17:00:00+00:00,2.752549761766617
2024-10-25 18:00:00+00:00,2.74584981507318
2024-10-25 19:00:00+00:00,2.738821948857246
2024-10-25 20:00:00+00:00,2.744442761307349
2024-10-25 21:00:00+00:00,2.7470908287246982
2024-10-25 22:00:00+00:00,2.7579363552790257
2024-10-25 23:00:00+00:00,2.725185457153582
2024-10-26 00:00:00+00:00,2.755915398415105
2024-10-26 01:00:00+00:00,2.760496423302623
2024-10-26 02:00:00+00:00,2.762155061220606
2024-10-26 03:00:00+00:00,2.758984846574877
2024-10-26 04:00:00+00:00,2.7531141111940136
2024-10-26 05:00:00+00:00,2.7575275704967845
2024-10-26 06:00:00+00:00,2.7530508308018535
2024-10-26 07:00:00+00:00,2.7531874980573017
2024-10-26 08:00:00+00:00,2.7507640065480556
2024-10-26 09:00:00+00:00,2.746205815647051
2024-10-26 10:00:00+00:00,2.74500872633957
2024-10-26 11:00:00+00:00,2.748228337468279
2024-10-26 12:00:00+00:00,2.7476826066849975
2024-10-26 13:00:00+00:00,2.7466175592365825
2024-10-26 14:00:00+00:00,2.7441446323093444
2024-10-26 15:00:00+00:00,2.73924999198191
2024-10-26 16:00:00+00:00,2.735507017848873
2024-10-26 17:00:00+00:00,2.7244156282706027
2024-10-26 18:00:00+00:00,2.7321074044533664
2024-10-26 19:00:00+00:00,2.737169771178153
2024-10-26 20:00:00+00:00,2.735928641221588
2024-10-26 21:00:00+00:00,2.7398756202891006
2024-10-26 22:00:00+00:00,2.738069290985158
2024-10-26 23:00:00+00:00,2.7408051186485918
2024-10-27 00:00:00+00:00,2.745030962780984
2024-10-27 01:00:00+00:00,2.7326799677238696
2024-10-27 02:00:00+00:00,2.7341400381641643
2024-10-27 03:00:00+00:00,2.7376991137657454
2024-10-27 04:00:00+00:00,2.7348577694181206
2024-10-27 05:00:00+00:00,2.734769560575713
2024-10-27 06:00:00+00:00,2.733157601375717
2024-10-27 07:00:00+00:00,2.7306025115500785
2024-10-27 08:00:00+00:00,2.7277277542010925
2024-10-27 09:00:00+00:00,2.7282707791783216
2024-10-27 10:00:00+00:00,2.7320476454396148
2024-10-27 11:00:00+00:00,2.7284808871589794
2024-10-27 12:00:00+00:00,2.7252943346997993
2024-10-27 13:00:00+00:00,2.736258760454606
2024-10-27 14:00:00+00:00,2.74047574524581
2024-10-27 15:00:00+00:00,2.7347674494894068
2024-10-27 16:00:00+00:00,2.7271978537024357
2024-10-27 17:00:00+00:00,2.7271269589940217
2024-10-27 18:00:00+00:00,2.727535964736991
2024-10-27 19:00:00+00:00,2.7260779963063873
2024-10-27 20:00:00+00:00,2.7337045194003933
2024-10-27 21:00:00+00:00,2.7340504057231003
2024-10-27 22:00:00+00:00,2.727806320864552
2024-10-27 23:00:00+00:00,2.7238994479652754
2024-10-28 00:00:00+00:00,2.743130284096801
2024-10-28 01:00:00+00:00,2.7417383478723307
2024-10-28 02:00:00+00:00,2.720139860335184
2024-10-28 03:00:00+00:00,2.716612906033565
2024-10-28 04:00:00+00:00,2.7142251068131964
2024-10-28 05:00:00+00:00,2.7236549553899
2024-10-28 06:00:00+00:00,2.722917868216407
2024-10-28 07:00:00+00:00,2.7462136961448076
2024-10-28 08:00:00+00:00,2.7453385566125226
2024-10-28 09:00:00+00:00,2.7353419429393084
2024-10-28 10:00:00+00:00,2.7295617046089573
2024-10-28 11:00:00+00:00,2.7313382568799054
2024-10-28 12:00:00+00:00,2.7261393384190447
2024-10-28 13:00:00+00:00,2.734391021899181
2024-10-28 14:00:00+00:00,2.716568409122037
2024-10-28 15:00:00+00:00,2.719274868878328
2024-10-28 16:00:00+00:00,2.7066876129898825
2024-10-28 17:00:00+00:00,2.7002366381331835
2024-10-28 18:00:00+00:00,2.6868152253650934
2024-10-28 19:00:00+00:00,2.665249095825656
2024-10-28 20:00:00+00:00,2.6775775921602074
2024-10-28 21:00:00+00:00,2.677401909912181
2024-10-28 22:00:00+00:00,2.703428415698808
2024-10-28 23:00:00+00:00,2.691130021893313
2024-10-29 00:00:00+00:00,2.6691292540450986
2024-10-29 01:00:00+00:00,2.6793918405113404
2024-10-29 02:00:00+00:00,2.7021333448172595
2024-10-29 03:00:00+00:00,2.690117965333227
2024-10-29 04:00:00+00:00,2.7097786087014537
2024-10-29 05:00:00+00:00,2.7034177494609017
2024-10-29 06:00:00+00:00,2.711586127850359
2024-10-29 07:00:00+00:00,2.7091293778099743
2024-10-29 08:00:00+00:00,2.706812171293615
2024-10-29 09:00:00+00:00,2.70716063249018
2024-10-29 10:00:00+00:00,2.6991016574963766
2024-10-29 11:00:00+00:00,2.7082261366199916
2024-10-29 12:00:00+00:00,2.7123979251267816
2024-10-29 13:00:00+00:00,2.708366014549558
2024-10-29 14:00:00+00:00,2.7076612322590656
2024-10-29 15:00:00+00:00,2.692623818250035
2024-10-29 16:00:00+00:00,2.6739522656228267
2024-10-29 17:00:00+00:00,2.68373799133578
2024-10-29 18:00:00+00:00,2.696484200102343
2024-10-29 19:00:00+00:00,2.713197453590039
2024-10-29 20:00:00+00:00,2.6925505928320925
2024-10-29 21:00:00+00:00,2.6898282885502867
2024-10-29 22:00:00+00:00,2.693135069889325
2024-10-29 23:00:00+00:00,2.682464911766822
2024-10-30 00:00:00+00:00,2.6794913913402296
2024-10-30 01:00:00+00:00,2.6585947177056797
2024-10-30 02:00:00+00:00,2.6803695826444
2024-10-30 03:00:00+00:00,2.6819227765253895
2024-10-30 04:00:00+00:00,2.677776433535097
2024-10-30 05:00:00+00:00,2.6714637500334466
2024-10-30 06:00:00+00:00,2.700893407144914
2024-10-30 07:00:00+00:00,2.7063928043159513
2024-10-30 08:00:00+00:00,2.706866056492275
2024-10-30 09:00:00+00:00,2.7096314812398785
2024-10-30 10:00:00+00:00,2.7184580932133335
2024-10-30 11:00:00+00:00,2.720523557457734
2024-10-30 12:00:00+00:00,2.6984278199769367
2024-10-30 13:00:00+00:00,2.700782682945557
2024-10-30 14:00:00+00:00,2.7353841759741653
2024-10-30 15:00:00+00:00,2.750744385589437
2024-10-30 16:00:00+00:00,2.738144240082405
2024-10-30 17:00:00+00:00,2.7358199594004526
2024-10-30 18:00:00+00:00,2.726119951622882
2024-10-30 19:00:00+00:00,2.7329328151949537
2024-10-30 20:00:00+00:00,2.718966946059064
2024-10-30 21:00:00+00:00,2.714277785960501
2024-10-30 22:00:00+00:00,2.7218432398544747
2024-10-30 23:00:00+00:00,2.7275397347194907
2024-10-31 00:00:00+00:00,2.7102694932058955
2024-10-31 01:00:00+00:00,2.6923625233600545
2024-10-31 02:00:00+00:00,2.7015929259597775
2024-10-31 03:00:00+00:00,2.6993859066161314
2024-10-31 04:00:00+00:00,2.6883179326181637
2024-10-31 05:00:00+00:00,2.6837368853564834
2024-10-31 06:00:00+00:00,2.6841547552818423
2024-10-31 07:00:00+00:00,2.6801446615322773
2024-10-31 08:00:00+00:00,2.6844254888221633
2024-10-31 09:00:00+00:00,2.6721520240100323
2024-10-31 10:00:00+00:00,2.673080655454372
2024-10-31 11:00:00+00:00,2.6766787233978104
2024-10-31 12:00:00+00:00,2.6778053784177964
2024-10-31 13:00:00+00:00,2.6901349791390183
2024-10-31 14:00:00+00:00,2.6811968003555604
2024-10-31 15:00:00+00:00,2.681145550118972
2024-10-31 16:00:00+00:00,2.6805672756625576
2024-10-31 17:00:00+00:00,2.671261918049963
2024-10-31 18:00:00+00:00,2.677700831466311
2024-10-31 19:00:00+00:00,2.7141439857490277
2024-10-31 20:00:00+00:00,2.7260403887191265
2024-10-31 21:00:00+00:00,2.7154421596336755
2024-10-31 22:00:00+00:00,2.7033857266570385
2024-10-31 23:00:00+00:00,2.7023196350637857
2024-11-01 00:00:00+00:00,2.6895620399212614
2024-11-01 01:00:00+00:00,2.6987232591976236
2024-11-01 02:00:00+00:00,2.6980575992217144
2024-11-01 03:00:00+00:00,2.725632194666029
2024-11-01 04:00:00+00:00,2.718968281673816
2024-11-01 05:00:00+00:00,2.7121062359056727
2024-11-01 06:00:00+00:00,2.737553885324671
2024-11-01 07:00:00+00:00,2.7298895063216433
2024-11-01 08:00:00+00:00,2.7126162782587113
2024-11-01 09:00:00+00:00,2.725817430544381
2024-11-01 10:00:00+00:00,2.7020315810194226
2024-11-01 11:00:00+00:00,2.709988919781004
2024-11-01 12:00:00+00:00,2.7017416282393034
2024-11-01 13:00:00+00:00,2.6816683447033034
2024-11-01 14:00:00+00:00,2.6892063894303186
2024-11-01 15:00:00+00:00,2.700717532881533
2024-11-01 16:00:00+00:00,2.697521024254111
2024-11-01 17:00:00+00:00,2.7000821617225386
2024-11-01 18:00:00+00:00,2.700196422451192
2024-11-01 19:00:00+00:00,2.695855409847841
2024-11-01 20:00:00+00:00,2.6923959980833723
2024-11-01 21:00:00+00:00,2.691926543287035
2024-11-01 22:00:00+00:00,2.694886024853149
2024-11-01 23:00:00+00:00,2.693210789483785
2024-11-02 00:00:00+00:00,2.6842532753783397
2024-11-02 01:00:00+00:00,2.683824768544406
2024-11-02 02:00:00+00:00,2.6786958513608954
2024-11-02 03:00:00+00:00,2.6799994013046975
2024-11-02 04:00:00+00:00,2.680574919382256
2024-11-02 05:00:00+00:00,2.6722289401970465
2024-11-02 06:00:00+00:00,2.668324071398912
2024-11-02 07:00:00+00:00,2.6744461530814023
2024-11-02 08:00:00+00:00,2.687112243704081
2024-11-02 09:00:00+00:00,2.6930553386387945
2024-11-02 10:00:00+00:00,2.682925126397039
2024-11-02 11:00:00+00:00,2.6829402393244584
2024-11-02 12:00:00+00:00,2.6890718244752736
2024-11-02 13:00:00+00:00,2.6833714117280016
2024-11-02 14:00:00+00:00,2.677228827025026
2024-11-02 15:00:00+00:00,2.6802191386764522
2024-11-02 16:00:00+00:00,2.6725247816305764
2024-11-02 17:00:00+00:00,2.6689490948434655
2024-11-02 18:00:00+00:00,2.665970988255067
2024-11-02 19:00:00+00:00,2.654286553523529
2024-11-02 20:00:00+00:00,2.6583739907549138
2024-11-02 21:00:00+00:00,2.667025449653286
2024-11-02 22:00:00+00:00,2.6663933595027753
2024-11-02 23:00:00+00:00,2.6555526379459047
2024-11-03 00:00:00+00:00,2.6743311603417297
2024-11-03 01:00:00+00:00,2.6865781080804254
2024-11-03 02:00:00+00:00,2.7065099395290613
2024-11-03 03:00:00+00:00,2.711428805797487
2024-11-03 04:00:00+00:00,2.7049633883161484
2024-11-03 05:00:00+00:00,2.705550414917471
2024-11-03 06:00:00+00:00,2.6985285674078394
2024-11-03 07:00:00+00:00,2.6957925908896923
2024-11-03 08:00:00+00:00,2.6946908242135676
2024-11-03 09:00:00+00:00,2.7024808976809958
2024-11-03 10:00:00+00:00,2.703209525443184
2024-11-03 11:00:00+00:00,2.7139083613726735
2024-11-03 12:00:00+00:00,2.7104281387122393
2024-11-03 13:00:00+00:00,2.7084375906544382
2024-11-03 14:00:00+00:00,2.6985494684961076
2024-11-03 15:00:00+00:00,2.7079972191273987
2024-11-03 16:00:00+00:00,2.7162643473060926
2024-11-03 17:00:00+00:00,2.7288234469186854
2024-11-03 18:00:00+00:00,2.7360207056011965
2024-11-03 19:00:00+00:00,2.7182052157321275
2024-11-03 20:00:00+00:00,2.716103366129226
2024-11-03 21:00:00+00:00,2.7095629837368556
2024-11-03 22:00:00+00:00,2.705275915281538
2024-11-03 23:00:00+00:00,2.70722448219569
2024-11-04 00:00:00+00:00,2.7181786939979484
2024-11-04 01:00:00+00:00,2.70873178121496
2024-11-04 02:00:00+00:00,2.7040364267767436
2024-11-04 03:00:00+00:00,2.7095293852881595
2024-11-04 04:00:00+00:00,2.7053945124208463
2024-11-04 05:00:00+00:00,2.715101918894377
2024-11-04 06:00:00+00:00,2.6950136579713444
2024-11-04 07:00:00+00:00,2.690916757649402
2024-11-04 08:00:00+00:00,2.69889381110826
2024-11-04 09:00:00+00:00,2.6908071183769215
2024-11-04 10:00:00+00:00,2.6622004301972466
2024-11-04 11:00:00+00:00,2.659553396111606
2024-11-04 12:00:00+00:00,2.6566805092230923
2024-11-04 13:00:00+00:00,2.6549150059185362
2024-11-04 14:00:00+00:00,2.654940633033376
2024-11-04 15:00:00+00:00,2.6300132047061293
2024-11-04 16:00:00+00:00,2.630630709501191
2024-11-04 17:00:00+00:00,2.616423107620384
2024-11-04 18:00:00+00:00,2.6222881102302398
2024-11-04 19:00:00+00:00,2.600986855189988
2024-11-04 20:00:00+00:00,2.6141750949659452
2024-11-04 21:00:00+00:00,2.630235168648002
2024-11-04 22:00:00+00:00,2.5984339662495546
2024-11-04 23:00:00+00:00,2.5978386989982187
2024-11-05 00:00:00+00:00,2.557471277096517
2024-11-05 01:00:00+00:00,2.5818149224623332
2024-11-05 02:00:00+00:00,2.5936887227523124
2024-11-05 03:00:00+00:00,2.5927248218893344
2024-11-05 04:00:00+00:00,2.611227194049688
2024-11-05 05:00:00+00:00,2.590765767491552
2024-11-05 06:00:00+00:00,2.5602469710154927
2024-11-05 07:00:00+00:00,2.576121667239301
2024-11-05 08:00:00+00:00,2.5722629439121563
2024-11-05 09:00:00+00:00,2.5711827164076366
2024-11-05 10:00:00+00:00,2.560223731712782
2024-11-05 11:00:00+00:00,2.5445074654575017
2024-11-05 12:00:00+00:00,2.5636993874691822
2024-11-05 13:00:00+00:00,2.5570623171780866
2024-11-05 14:00:00+00:00,2.548078095729838
2024-11-05 15:00:00+00:00,2.556427823606871
2024-11-05 16:00:00+00:00,2.553996400473503
2024-11-05 17:00:00+00:00,2.5565898046352893
2024-11-05 18:00:00+00:00,2.5658839079517857
2024-11-05 19:00:00+00:00,2.582824537973524
2024-11-05 20:00:00+00:00,2.586171100262332
2024-11-05 21:00:00+00:00,2.597670307969257
2024-11-05 22:00:00+00:00,2.582688219395091
2024-11-05 23:00:00+00:00,2.578829520649615
2024-11-06 00:00:00+00:00,2.5299229790061157
2024-11-06 01:00:00+00:00,2.55252668430596
2024-11-06 02:00:00+00:00,2.4756163427503544
2024-11-06 03:00:00+00:00,2.4196880572233157
2024-11-06 04:00:00+00:00,2.4641892475412477
2024-11-06 05:00:00+00:00,2.4655710011213814
2024-11-06 06:00:00+00:00,2.481630943397646
2024-11-06 07:00:00+00:00,2.4921065232814112
2024-11-06 08:00:00+00:00,2.5113184170639813
2024-11-06 09:00:00+00:00,2.5135737935861178
2024-11-06 10:00:00+00:00,2.4862935375795048
2024-11-06 11:00:00+00:00,2.5006226866429344
2024-11-06 12:00:00+00:00,2.532842735378404
2024-11-06 13:00:00+00:00,2.5075865310131302
2024-11-06 14:00:00+00:00,2.544902925413365
2024-11-06 15:00:00+00:00,2.5614010749271205
2024-11-06 16:00:00+00:00,2.553374896189363
2024-11-06 17:00:00+00:00,2.5731603184839678
2024-11-06 18:00:00+00:00,2.5680431940567594
2024-11-06 19:00:00+00:00,2.5800540410928123
2024-11-06 20:00:00+00:00,2.592227429284093
2024-11-06 21:00:00+00:00,2.577031712255022
2024-11-06 22:00:00+00:00,2.5819913328039714
2024-11-06 23:00:00+00:00,2.5869032816841577
2024-11-07 00:00:00+00:00,2.5875085092036736
2024-11-07 01:00:00+00:00,2.59643096975254
2024-11-07 02:00:00+00:00,2.600840721498446
2024-11-07 03:00:00+00:00,2.6274690712428814
2024-11-07 04:00:00+00:00,2.62103751890722
2024-11-07 05:00:00+00:00,2.6208762442280946
2024-11-07 06:00:00+00:00,2.62692977743716
2024-11-07 07:00:00+00:00,2.6220695556632863
2024-11-07 08:00:00+00:00,2.6205898813274646
2024-11-07 09:00:00+00:00,2.6216095791741716
2024-11-07 10:00:00+00:00,2.620705867321897
2024-11-07 11:00:00+00:00,2.621939033955026
2024-11-07 12:00:00+00:00,2.6255520167470388
2024-11-07 13:00:00+00:00,2.6340676349753664
2024-11-07 14:00:00+00:00,2.618795826153757
2024-11-07 15:00:00+00:00,2.635011746331431
2024-11-07 16:00:00+00:00,2.641610904060039
2024-11-07 17:00:00+00:00,2.6398785539635132
2024-11-07 18:00:00+00:00,2.6373842103564007
2024-11-07 19:00:00+00:00,2.6355672131325227
2024-11-07 20:00:00+00:00,2.6424543894724484
2024-11-07 21:00:00+00:00,2.65354339821808
2024-11-07 22:00:00+00:00,2.6419572004325116
2024-11-07 23:00:00+00:00,2.634653374792696
2024-11-08 00:00:00+00:00,2.6403400735388494
2024-11-08 01:00:00+00:00,2.635748400335143
2024-11-08 02:00:00+00:00,2.6264891292518118
2024-11-08 03:00:00+00:00,2.6146969609612842
2024-11-08 04:00:00+00:00,2.6105495207965337
2024-11-08 05:00:00+00:00,2.596724065761372
2024-11-08 06:00:00+00:00,2.5913350161226703
2024-11-08 07:00:00+00:00,2.59296029824477
2024-11-08 08:00:00+00:00,2.588808432182221
2024-11-08 09:00:00+00:00,2.5951606711977107
2024-11-08 10:00:00+00:00,2.5957906337249326
2024-11-08 11:00:00+00:00,2.5957131846200654
2024-11-08 12:00:00+00:00,2.6003508145580314
2024-11-08 13:00:00+00:00,2.6021356820273125
2024-11-08 14:00:00+00:00,2.6113181190056376
2024-11-08 15:00:00+00:00,2.5985054383175705
2024-11-08 16:00:00+00:00,2.6028437923521195
2024-11-08 17:00:00+00:00,2.601842177145842
2024-11-08 18:00:00+00:00,2.6016049192353643
2024-11-08 19:00:00+00:00,2.616324161756743
2024-11-08 20:00:00+00:00,2.605857753817834
2024-11-08 21:00:00+00:00,2.587725689340933
2024-11-08 22:00:00+00:00,2.5879846389601022
2024-11-08 23:00:00+00:00,2.596840452373804
2024-11-09 00:00:00+00:00,2.6127240245416443
2024-11-09 01:00:00+00:00,2.627564393369679
2024-11-09 02:00:00+00:00,2.6235820221654853
2024-11-09 03:00:00+00:00,2.621439632387879
2024-11-09 04:00:00+00:00,2.6205219878665327
2024-11-09 05:00:00+00:00,2.651183033448545
2024-11-09 06:00:00+00:00,2.637340497472987
2024-11-09 07:00:00+00:00,2.624904709320327
2024-11-09 08:00:00+00:00,2.6227728763118456
2024-11-09 09:00:00+00:00,2.6129370138057464
2024-11-09 10:00:00+00:00,2.616201057684782
2024-11-09 11:00:00+00:00,2.6302605630193083
2024-11-09 12:00:00+00:00,2.630196688866944
2024-11-09 13:00:00+00:00,2.627407106552909
2024-11-09 14:00:00+00:00,2.6201602852634824
2024-11-09 15:00:00+00:00,2.624899126114658
2024-11-09 16:00:00+00:00,2.62473823918272
2024-11-09 17:00:00+00:00,2.6046614761009645
2024-11-09 18:00:00+00:00,2.609779724922351
2024-11-09 19:00:00+00:00,2.6086784602528
2024-11-09 20:00:00+00:00,2.634914815727556
2024-11-09 21:00:00+00:00,2.6343179759550512
2024-11-09 22:00:00+00:00,2.645206988225914
2024-11-09 23:00:00+00:00,2.6226105386720175
2024-11-10 00:00:00+00:00,2.5747931867891127
2024-11-10 01:00:00+00:00,2.57179390506064
2024-11-10 02:00:00+00:00,2.59009342656634
2024-11-10 03:00:00+00:00,2.5797794579256452
2024-11-10 04:00:00+00:00,2.5763447992817143
2024-11-10 05:00:00+00:00,2.5715920638795273
2024-11-10 06:00:00+00:00,2.572012399432547
2024-11-10 07:00:00+00:00,2.5634886442706435
2024-11-10 08:00:00+00:00,2.5654336952854795
2024-11-10 09:00:00+00:00,2.546744348814833
2024-11-10 10:00:00+00:00,2.5384635122400496
2024-11-10 11:00:00+00:00,2.5325724016209774
2024-11-10 12:00:00+00:00,2.522029089683427
2024-11-10 13:00:00+00:00,2.5296131914055855
2024-11-10 14:00:00+00:00,2.57220983805787
2024-11-10 15:00:00+00:00,2.5555046437690008
2024-11-10 16:00:00+00:00,2.5150502532101666
2024-11-10 17:00:00+00:00,2.5045147344756438
2024-11-10 18:00:00+00:00,2.495631721203796
2024-11-10 19:00:00+00:00,2.4998813177337396
2024-11-10 20:00:00+00:00,2.5340787377629397
2024-11-10 21:00:00+00:00,2.4976278291046845
2024-11-10 22:00:00+00:00,2.495888437166199
2024-11-10 23:00:00+00:00,2.504884773411584
2024-11-11 00:00:00+00:00,2.486537913877267
2024-11-11 01:00:00+00:00,2.4935780157097005
2024-11-11 02:00:00+00:00,2.5096934773927817
2024-11-11 03:00:00+00:00,2.5196220352916288
2024-11-11 04:00:00+00:00,2.5396764166668993
2024-11-11 05:00:00+00:00,2.558343505336434
2024-11-11 06:00:00+00:00,2.5607128266400347
2024-11-11 07:00:00+00:00,2.5510816196006205
2024-11-11 08:00:00+00:00,2.553692162878787
2024-11-11 09:00:00+00:00,2.5519446541808177
2024-11-11 10:00:00+00:00,2.552317856424682
2024-11-11 11:00:00+00:00,2.533681924853861
2024-11-11 12:00:00+00:00,2.5250697696680935
2024-11-11 13:00:00+00:00,2.531115202684615
2024-11-11 14:00:00+00:00,2.5233831501892428
2024-11-11 15:00:00+00:00,2.5164150126971023
2024-11-11 16:00:00+00:00,2.5718990483238207
2024-11-11 17:00:00+00:00,2.597191509122809
2024-11-11 18:00:00+00:00,2.568212708246037
2024-11-11 19:00:00+00:00,2.562792366810032
2024-11-11 20:00:00+00:00,2.567581440614136
2024-11-11 21:00:00+00:00,2.5385223769545746
2024-11-11 22:00:00+00:00,2.567839951954837
2024-11-11 23:00:00+00:00,2.596009053465631
2024-11-12 00:00:00+00:00,2.6167274963906437
2024-11-12 01:00:00+00:00,2.6166333911753172
2024-11-12 02:00:00+00:00,2.602381067632663
2024-11-12 03:00:00+00:00,2.593717717341841
2024-11-12 04:00:00+00:00,2.5168201754164903
2024-11-12 05:00:00+00:00,2.508372845485658
2024-11-12 06:00:00+00:00,2.5090283187630997
2024-11-12 07:00:00+00:00,2.4798508278413056
2024-11-12 08:00:00+00:00,2.4344645587492795
2024-11-12 09:00:00+00:00,2.449084545714884
2024-11-12 10:00:00+00:00,2.459051690049398
2024-11-12 11:00:00+00:00,2.4687128126466575
2024-11-12 12:00:00+00:00,2.508131679983515
2024-11-12 13:00:00+00:00,2.5001830327071284
2024-11-12 14:00:00+00:00,2.490463211672705
2024-11-12 15:00:00+00:00,2.504233123115219
2024-11-12 16:00:00+00:00,2.517314634114151
2024-11-12 17:00:00+00:00,2.5075581075864566
2024-11-12 18:00:00+00:00,2.4909614185895643
2024-11-12 19:00:00+00:00,2.505972579080469
2024-11-12 20:00:00+00:00,2.5009368736512947
2024-11-12 21:00:00+00:00,2.488537280882277
2024-11-12 22:00:00+00:00,2.480183109358411
2024-11-12 23:00:00+00:00,2.4932623663823628
2024-11-13 00:00:00+00:00,2.4725831822160513
2024-11-13 01:00:00+00:00,2.489654088183601
2024-11-13 02:00:00+00:00,2.493565298369367
2024-11-13 03:00:00+00:00,2.514414302520881
2024-11-13 04:00:00+00:00,2.531309119119285
2024-11-13 05:00:00+00:00,2.5291618281056416
2024-11-13 06:00:00+00:00,2.52234707513365
2024-11-13 07:00:00+00:00,2.5140842702406787
2024-11-13 08:00:00+00:00,2.515798380524108
2024-11-13 09:00:00+00:00,2.520179663039326
2024-11-13 10:00:00+00:00,2.4931975322265254
2024-11-13 11:00:00+00:00,2.4963931781968753
2024-11-13 12:00:00+00:00,2.501009039316519
2024-11-13 13:00:00+00:00,2.4910172402525776
2024-11-13 14:00:00+00:00,2.482874216758797
2024-11-13 15:00:00+00:00,2.4925295629909283
2024-11-13 16:00:00+00:00,2.4968865643273683
2024-11-13 17:00:00+00:00,2.526017625647845
2024-11-13 18:00:00+00:00,2.5272528255968933
2024-11-13 19:00:00+00:00,2.508889168126989
2024-11-13 20:00:00+00:00,2.495382644029149
2024-11-13 21:00:00+00:00,2.488287812327653
2024-11-13 22:00:00+00:00,2.4868419017105965
2024-11-13 23:00:00+00:00,2.486808636386726
2024-11-14 00:00:00+00:00,2.4952592327367236
2024-11-14 01:00:00+00:00,2.5006079891895174
2024-11-14 02:00:00+00:00,2.5091433705668176
2024-11-14 03:00:00+00:00,2.5204658334947445
2024-11-14 04:00:00+00:00,2.5203620198049252
2024-11-14 05:00:00+00:00,2.5227893433537814
2024-11-14 06:00:00+00:00,2.5196754491571154
2024-11-14 07:00:00+00:00,2.540019873246152
2024-11-14 08:00:00+00:00,2.5250910315956
2024-11-14 09:00:00+00:00,2.5170204233021205
2024-11-14 10:00:00+00:00,2.506736355940965
2024-11-14 11:00:00+00:00,2.501216213224934
2024-11-14 12:00:00+00:00,2.510829558699215
2024-11-14 13:00:00+00:00,2.488983921594745
2024-11-14 14:00:00+00:00,2.4876184010212605
2024-11-14 15:00:00+00:00,2.477685727303207
2024-11-14 16:00:00+00:00,2.478549244452714
2024-11-14 17:00:00+00:00,2.461452754573121
2024-11-14 18:00:00+00:00,2.458302858840616
2024-11-14 19:00:00+00:00,2.4446163850126243
2024-11-14 20:00:00+00:00,2.4375187665744225
2024-11-14 21:00:00+00:00,2.416137596766452
2024-11-14 22:00:00+00:00,2.431709747531898
2024-11-14 23:00:00+00:00,2.4280947343399966
2024-11-15 00:00:00+00:00,2.4043159729524732
2024-11-15 01:00:00+00:00,2.389906376758519
2024-11-15 02:00:00+00:00,2.390912257271236
2024-11-15 03:00:00+00:00,2.3959903269827847
2024-11-15 04:00:00+00:00,2.390452049224448
2024-11-15 05:00:00+00:00,2.389233196785079
2024-11-15 06:00:00+00:00,2.4087502233502036
2024-11-15 07:00:00+00:00,2.4163644482189484
2024-11-15 08:00:00+00:00,2.416586009133366
2024-11-15 09:00:00+00:00,2.4026301411781787
2024-11-15 10:00:00+00:00,2.4185048916648753
2024-11-15 11:00:00+00:00,2.4107899153479124
2024-11-15 12:00:00+00:00,2.363112489648887
2024-11-15 13:00:00+00:00,2.3634845040803034
2024-11-15 14:00:00+00:00,2.326306083178881
2024-11-15 15:00:00+00:00,2.3446071099410295
2024-11-15 16:00:00+00:00,2.342158368161511
2024-11-15 17:00:00+00:00,2.35672592650154
2024-11-15 18:00:00+00:00,2.338345522280182
2024-11-15 19:00:00+00:00,2.331577548770008
2024-11-15 20:00:00+00:00,2.3631159626142155
2024-11-15 21:00:00+00:00,2.334951087879801
2024-11-15 22:00:00+00:00,2.348361306183628
2024-11-15 23:00:00+00:00,2.3309386482048033
2024-11-16 00:00:00+00:00,2.331764285324185
2024-11-16 01:00:00+00:00,2.3321793135393416
2024-11-16 02:00:00+00:00,2.3214116622761254
2024-11-16 03:00:00+00:00,2.3229877895390603
2024-11-16 04:00:00+00:00,2.3101527123135663
2024-11-16 05:00:00+00:00,2.2923529416576267
2024-11-16 06:00:00+00:00,2.303013139953278
2024-11-16 07:00:00+00:00,2.294198359169145
2024-11-16 08:00:00+00:00,2.293633139244047
2024-11-16 09:00:00+00:00,2.2646886521163445
2024-11-16 10:00:00+00:00,2.254114857668191
2024-11-16 11:00:00+00:00,2.288677896503164
2024-11-16 12:00:00+00:00,2.2834818862257587
2024-11-16 13:00:00+00:00,2.2634582762699353
2024-11-16 14:00:00+00:00,2.2316495786898276
2024-11-16 15:00:00+00:00,2.2542228765776686
2024-11-16 16:00:00+00:00,2.2285427944358864
2024-11-16 17:00:00+00:00,2.2323708542093894
2024-11-16 18:00:00+00:00,2.2135718337557226
2024-11-16 19:00:00+00:00,2.213093221116432
2024-11-16 20:00:00+00:00,2.2245514351986477
2024-11-16 21:00:00+00:00,2.2442305308757
2024-11-16 22:00:00+00:00,2.253028533548147
2024-11-16 23:00:00+00:00,2.2562133991449107
2024-11-17 00:00:00+00:00,2.217601012765339
2024-11-17 01:00:00+00:00,2.2470317981672543
2024-11-17 02:00:00+00:00,2.249653159834723
2024-11-17 03:00:00+00:00,2.259174847825144
2024-11-17 04:00:00+00:00,2.2938239880718885
2024-11-17 05:00:00+00:00,2.300274706635327
2024-11-17 06:00:00+00:00,2.2867285995924265
2024-11-17 07:00:00+00:00,2.291952827279884
2024-11-17 08:00:00+00:00,2.295636850897596
2024-11-17 09:00:00+00:00,2.294567820131334
2024-11-17 10:00:00+00:00,2.298428416520096
2024-11-17 11:00:00+00:00,2.3114108395829565
2024-11-17 12:00:00+00:00,2.2941197655634333
2024-11-17 13:00:00+00:00,2.2636514490646285
2024-11-17 14:00:00+00:00,2.269980329176048
2024-11-17 15:00:00+00:00,2.2791212012600526
2024-11-17 16:00:00+00:00,2.2687847189781136
2024-11-17 17:00:00+00:00,2.2694620610939134
2024-11-17 18:00:00+00:00,2.278072739723463
2024-11-17 19:00:00+00:00,2.2945171411808163
2024-11-17 20:00:00+00:00,2.2842100837726353
2024-11-17 21:00:00+00:00,2.2873641389943606
2024-11-17 22:00:00+00:00,2.289108414433075
2024-11-17 23:00:00+00:00,2.295987839917311
2024-11-18 00:00:00+00:00,2.3026676136028446
2024-11-18 01:00:00+00:00,2.292139552732565
2024-11-18 02:00:00+00:00,2.296182119387787
2024-11-18 03:00:00+00:00,2.291312424741355
2024-11-18 04:00:00+00:00,2.274791816503669
2024-11-18 05:00:00+00:00,2.2591715841001747
2024-11-18 06:00:00+00:00,2.2621848318330455
2024-11-18 07:00:00+00:00,2.2666059270040124
2024-11-18 08:00:00+00:00,2.2645954127245176
2024-11-18 09:00:00+00:00,2.2727531883914183
2024-11-18 10:00:00+00:00,2.2712221048219337
2024-11-18 11:00:00+00:00,2.2706627566465247
2024-11-18 12:00:00+00:00,2.279799159609415
2024-11-18 13:00:00+00:00,2.279250713685288
2024-11-18 14:00:00+00:00,2.28161660052985
2024-11-18 15:00:00+00:00,2.265561507631317
2024-11-18 16:00:00+00:00,2.2893211707692696
2024-11-18 17:00:00+00:00,2.297830869433639
2024-11-18 18:00:00+00:00,2.3070594205153943
2024-11-18 19:00:00+00:00,2.3059488380360813
2024-11-18 20:00:00+00:00,2.30832314064344
2024-11-18 21:00:00+00:00,2.300815784998931
2024-11-18 22:00:00+00:00,2.299569026914524
2024-11-18 23:00:00+00:00,2.3096786848961814
2024-11-19 00:00:00+00:00,2.2980475962330247
2024-11-19 01:00:00+00:00,2.3013816807682503
2024-11-19 02:00:00+00:00,2.319782969304206
2024-11-19 03:00:00+00:00,2.3134346724796377
2024-11-19 04:00:00+00:00,2.3275584022155176
2024-11-19 05:00:00+00:00,2.327221459197641
2024-11-19 06:00:00+00:00,2.323988443614554
2024-11-19 07:00:00+00:00,2.330339656387213
2024-11-19 08:00:00+00:00,2.339155552090374
2024-11-19 09:00:00+00:00,2.3476860741626826
2024-11-19 10:00:00+00:00,2.345711671967307
2024-11-19 11:00:00+00:00,2.354540588137951
2024-11-19 12:00:00+00:00,2.3499996287628284
2024-11-19 13:00:00+00:00,2.355033308760764
2024-11-19 14:00:00+00:00,2.3615028083785825
2024-11-19 15:00:00+00:00,2.3518703987419336
2024-11-19 16:00:00+00:00,2.3523100704848026
2024-11-19 17:00:00+00:00,2.3549646776752726
2024-11-19 18:00:00+00:00,2.3510662676642387
2024-11-19 19:00:00+00:00,2.3506582536142355
2024-11-19 20:00:00+00:00,2.3403843101546666
2024-11-19 21:00:00+00:00,2.3500569050030586
2024-11-19 22:00:00+00:00,2.3471749664974313
2024-11-19 23:00:00+00:00,2.3573990631960244
2024-11-20 00:00:00+00:00,2.342353868337613
2024-11-20 01:00:00+00:00,2.336716624678863
2024-11-20 02:00:00+00:00,2.3352290154926725
2024-11-20 03:00:00+00:00,2.343819982790052
2024-11-20 04:00:00+00:00,2.343208176031061
2024-11-20 05:00:00+00:00,2.3400143665202964
2024-11-20 06:00:00+00:00,2.338201856869621
2024-11-20 07:00:00+00:00,2.3447178967724462
2024-11-20 08:00:00+00:00,2.334400757965318
2024-11-20 09:00:00+00:00,2.3300718573609442
2024-11-20 10:00:00+00:00,2.322524526075712
2024-11-20 11:00:00+00:00,2.3215867299871107
2024-11-20 12:00:00+00:00,2.3249846143073745
2024-11-20 13:00:00+00:00,2.32949228002613
2024-11-20 14:00:00+00:00,2.329815886893553
2024-11-20 15:00:00+00:00,2.333996873191301
2024-11-20 16:00:00+00:00,2.34551889035843
2024-11-20 17:00:00+00:00,2.3548356110078723
2024-11-20 18:00:00+00:00,2.345569387393907
2024-11-20 19:00:00+00:00,2.3488304201160743
2024-11-20 20:00:00+00:00,2.3506415462487147
2024-11-20 21:00:00+00:00,2.346636231187849
2024-11-20 22:00:00+00:00,2.333654568969074
2024-11-20 23:00:00+00:00,2.342736976138351
2024-11-21 00:00:00+00:00,2.338898331966494
2024-11-21 01:00:00+00:00,2.340302285851015
2024-11-21 02:00:00+00:00,2.350556508339664
2024-11-21 03:00:00+00:00,2.364325536173412
2024-11-21 04:00:00+00:00,2.3714505093991445
2024-11-21 05:00:00+00:00,2.3781062020134143
2024-11-21 06:00:00+00:00,2.3786018683892025
2024-11-21 07:00:00+00:00,2.3846684179561772
2024-11-21 08:00:00+00:00,2.3827908249271195
2024-11-21 09:00:00+00:00,2.3888058239549057
2024-11-21 10:00:00+00:00,2.381100957155759
2024-11-21 11:00:00+00:00,2.3921879585817214
2024-11-21 12:00:00+00:00,2.4097647135816342
2024-11-21 13:00:00+00:00,2.4243083387595097
2024-11-21 14:00:00+00:00,2.425747578214528
2024-11-21 15:00:00+00:00,2.429567827860916
2024-11-21 16:00:00+00:00,2.4307272990421938
2024-11-21 17:00:00+00:00,2.4227929868832923
2024-11-21 18:00:00+00:00,2.4093321268048657
2024-11-21 19:00:00+00:00,2.4237878206927452
2024-11-21 20:00:00+00:00,2.419479793146633
2024-11-21 21:00:00+00:00,2.410461899288004
2024-11-21 22:00:00+00:00,2.4078192726121097
2024-11-21 23:00:00+00:00,2.394409287720643
2024-11-22 00:00:00+00:00,2.3802112822712536
2024-11-22 01:00:00+00:00,2.349855094852016
2024-11-22 02:00:00+00:00,2.3476301430427284
2024-11-22 03:00:00+00:00,2.3404844395818136
2024-11-22 04:00:00+00:00,2.3307088960917866
2024-11-22 05:00:00+00:00,2.334546277871174
2024-11-22 06:00:00+00:00,2.327490985283523
2024-11-22 07:00:00+00:00,2.346287271613267
2024-11-22 08:00:00+00:00,2.3302140574774057
2024-11-22 09:00:00+00:00,2.334481357587549
2024-11-22 10:00:00+00:00,2.3146586813052576
2024-11-22 11:00:00+00:00,2.2855050166687545
2024-11-22 12:00:00+00:00,2.2851063837103376
2024-11-22 13:00:00+00:00,2.3111050345661703
2024-11-22 14:00:00+00:00,2.292474404445139
2024-11-22 15:00:00+00:00,2.279544019940953
2024-11-22 16:00:00+00:00,2.2650516941921093
2024-11-22 17:00:00+00:00,2.268509479710125
2024-11-22 18:00:00+00:00,2.2800859682772057
2024-11-22 19:00:00+00:00,2.2722933709250475
2024-11-22 20:00:00+00:00,2.262409161928129
2024-11-22 21:00:00+00:00,2.2789535934720693
2024-11-22 22:00:00+00:00,2.262621646296064
2024-11-22 23:00:00+00:00,2.2615359225315665
2024-11-23 00:00:00+00:00,2.186491894828993
2024-11-23 01:00:00+00:00,2.1873439093380096
2024-11-23 02:00:00+00:00,2.2123118243293116
2024-11-23 03:00:00+00:00,2.200621280810114
2024-11-23 04:00:00+00:00,2.2327823828098414
2024-11-23 05:00:00+00:00,2.232469702349665
2024-11-23 06:00:00+00:00,2.2293176103775747
2024-11-23 07:00:00+00:00,2.225682669532674
2024-11-23 08:00:00+00:00,2.229653216584333
2024-11-23 09:00:00+00:00,2.2336493294385917
2024-11-23 10:00:00+00:00,2.2371130904866465
2024-11-23 11:00:00+00:00,2.2150431485967346
2024-11-23 12:00:00+00:00,2.211505539501338
2024-11-23 13:00:00+00:00,2.2191300123786877
2024-11-23 14:00:00+00:00,2.205205299204411
2024-11-23 15:00:00+00:00,2.172497419048346
2024-11-23 16:00:00+00:00,2.190689158976527
2024-11-23 17:00:00+00:00,2.185307438625285
2024-11-23 18:00:00+00:00,2.1724317237027884
2024-11-23 19:00:00+00:00,2.1769382663196546
2024-11-23 20:00:00+00:00,2.185058083174857
2024-11-23 21:00:00+00:00,2.18380576174513
2024-11-23 22:00:00+00:00,2.1733866525790946
2024-11-23 23:00:00+00:00,2.182894940006745
2024-11-24 00:00:00+00:00,2.1092897935981436
2024-11-24 01:00:00+00:00,2.1215057221718214
2024-11-24 02:00:00+00:00,2.1102132025027633
2024-11-24 03:00:00+00:00,2.101844608197819
2024-11-24 04:00:00+00:00,2.1238840119435487
2024-11-24 05:00:00+00:00,2.1370778561382235
2024-11-24 06:00:00+00:00,2.149865909759247
2024-11-24 07:00:00+00:00,2.1423257269843825
2024-11-24 08:00:00+00:00,2.167583993528416
2024-11-24 09:00:00+00:00,2.16220534380776
2024-11-24 10:00:00+00:00,2.153154458469847
2024-11-24 11:00:00+00:00,2.1635300299661533
2024-11-24 12:00:00+00:00,2.1761192800304885
2024-11-24 13:00:00+00:00,2.16127124442178
2024-11-24 14:00:00+00:00,2.1706808761293046
2024-11-24 15:00:00+00:00,2.198519141803133
2024-11-24 16:00:00+00:00,2.1897208421268783
2024-11-24 17:00:00+00:00,2.181033583869175
2024-11-24 18:00:00+00:00,2.1823680869600626
2024-11-24 19:00:00+00:00,2.1831652935204833
2024-11-24 20:00:00+00:00,2.1671052673274596
2024-11-24 21:00:00+00:00,2.1552802771111983
2024-11-24 22:00:00+00:00,2.1570343685482043
2024-11-24 23:00:00+00:00,2.154602074714824
2024-11-25 00:00:00+00:00,2.189354577261137
2024-11-25 01:00:00+00:00,2.1865411632605873
2024-11-25 02:00:00+00:00,2.1962664547564814
2024-11-25 03:00:00+00:00,2.190864204160911
2024-11-25 04:00:00+00:00,2.1663191595025255
2024-11-25 05:00:00+00:00,2.1606782345232904
2024-11-25 06:00:00+00:00,2.1559267835171516
2024-11-25 07:00:00+00:00,2.1611806158592386
2024-11-25 08:00:00+00:00,2.1623794969607575
2024-11-25 09:00:00+00:00,2.1721691502829086
2024-11-25 10:00:00+00:00,2.1611180527314073
2024-11-25 11:00:00+00:00,2.16422578285785
2024-11-25 12:00:00+00:00,2.1726331609667913
2024-11-25 13:00:00+00:00,2.173435937775389
2024-11-25 14:00:00+00:00,2.1655840486029807
2024-11-25 15:00:00+00:00,2.175410710355234
2024-11-25 16:00:00+00:00,2.2039502868638103
2024-11-25 17:00:00+00:00,2.19722515720081
2024-11-25 18:00:00+00:00,2.1802617666850996
2024-11-25 19:00:00+00:00,2.1908844287349
2024-11-25 20:00:00+00:00,2.1846426271008985
2024-11-25 21:00:00+00:00,2.19825049068821
2024-11-25 22:00:00+00:00,2.1956861215048633
2024-11-25 23:00:00+00:00,2.2033739843098794
2024-11-26 00:00:00+00:00,2.219687690585373
2024-11-26 01:00:00+00:00,2.2139881682459337
2024-11-26 02:00:00+00:00,2.212209606809658
2024-11-26 03:00:00+00:00,2.204653647223269
2024-11-26 04:00:00+00:00,2.2073863870169146
2024-11-26 05:00:00+00:00,2.2067401426169906
2024-11-26 06:00:00+00:00,2.2020336233535573
2024-11-26 07:00:00+00:00,2.226283868583936
2024-11-26 08:00:00+00:00,2.2206878433231463
2024-11-26 09:00:00+00:00,2.214510772818053
2024-11-26 10:00:00+00:00,2.220399224904172
2024-11-26 11:00:00+00:00,2.2349312263117866
2024-11-26 12:00:00+00:00,2.2282048010125868
2024-11-26 13:00:00+00:00,2.2119032097173426
2024-11-26 14:00:00+00:00,2.2170857410307603
2024-11-26 15:00:00+00:00,2.2035778819988296
2024-11-26 16:00:00+00:00,2.208186875900137
2024-11-26 17:00:00+00:00,2.2201062033693417
2024-11-26 18:00:00+00:00,2.2221896372485466
2024-11-26 19:00:00+00:00,2.227622522722786
2024-11-26 20:00:00+00:00,2.21498991657517
2024-11-26 21:00:00+00:00,2.2291567820488174
2024-11-26 22:00:00+00:00,2.2215923108012605
2024-11-26 23:00:00+00:00,2.2114230744716723
2024-11-27 00:00:00+00:00,2.2208684058971233
2024-11-27 01:00:00+00:00,2.2362305931738833
2024-11-27 02:00:00+00:00,2.2319727533989906
2024-11-27 03:00:00+00:00,2.2279558861922335
2024-11-27 04:00:00+00:00,2.2042869960740856
2024-11-27 05:00:00+00:00,2.1917267513499956
2024-11-27 06:00:00+00:00,2.189728063593218
2024-11-27 07:00:00+00:00,2.1978229903033535
2024-11-27 08:00:00+00:00,2.2093414829390787
2024-11-27 09:00:00+00:00,2.222806328293383
2024-11-27 10:00:00+00:00,2.2069542175273584
2024-11-27 11:00:00+00:00,2.2199654596618696
2024-11-27 12:00:00+00:00,2.207244077799668
2024-11-27 13:00:00+00:00,2.2241647168239527
2024-11-27 14:00:00+00:00,2.2322560042993684
2024-11-27 15:00:00+00:00,2.231646096701479
2024-11-27 16:00:00+00:00,2.2438851898166288
2024-11-27 17:00:00+00:00,2.246687382752482
2024-11-27 18:00:00+00:00,2.235362743051546
2024-11-27 19:00:00+00:00,2.2440220188368114
2024-11-27 20:00:00+00:00,2.247757016201208
2024-11-27 21:00:00+00:00,2.2384356876518106
2024-11-27 22:00:00+00:00,2.2257196430622934
2024-11-27 23:00:00+00:00,2.2084504749969174
2024-11-28 00:00:00+00:00,2.2198854430111252
2024-11-28 01:00:00+00:00,2.2386858034723702
2024-11-28 02:00:00+00:00,2.2526581182959653
2024-11-28 03:00:00+00:00,2.2537260078739734
2024-11-28 04:00:00+00:00,2.251951729984795
2024-11-28 05:00:00+00:00,2.251889632522827
2024-11-28 06:00:00+00:00,2.2676877071937875
2024-11-28 07:00:00+00:00,2.271247839160237
2024-11-28 08:00:00+00:00,2.256559727604032
2024-11-28 09:00:00+00:00,2.279161343786999
2024-11-28 10:00:00+00:00,2.2778564111284076
2024-11-28 11:00:00+00:00,2.28179693831556
2024-11-28 12:00:00+00:00,2.2693799266340573
2024-11-28 13:00:00+00:00,2.2772752711714395
2024-11-28 14:00:00+00:00,2.2827547034502396
2024-11-28 15:00:00+00:00,2.2884882023690416
2024-11-28 16:00:00+00:00,2.2933263555855334
2024-11-28 17:00:00+00:00,2.2817176725647634
2024-11-28 18:00:00+00:00,2.277146232592213
2024-11-28 19:00:00+00:00,2.2799945975766263
2024-11-28 20:00:00+00:00,2.282590217828292
2024-11-28 21:00:00+00:00,2.278009972295495
2024-11-28 22:00:00+00:00,2.274026169345029
2024-11-28 23:00:00+00:00,2.2809066024415094
2024-11-29 00:00:00+00:00,2.2845311756874818
2024-11-29 01:00:00+00:00,2.2870880283130792
2024-11-29 02:00:00+00:00,2.291534714107988
2024-11-29 03:00:00+00:00,2.2958124134768165
2024-11-29 04:00:00+00:00,2.3017518157799643
2024-11-29 05:00:00+00:00,2.3012681144873395
2024-11-29 06:00:00+00:00,2.2865805255991494
2024-11-29 07:00:00+00:00,2.2897095896994224
2024-11-29 08:00:00+00:00,2.2870101729921917
2024-11-29 09:00:00+00:00,2.2819446147312097
2024-11-29 10:00:00+00:00,2.271513369323637
2024-11-29 11:00:00+00:00,2.2804060243272284
2024-11-29 12:00:00+00:00,2.277776792109631
2024-11-29 13:00:00+00:00,2.27803586419541
2024-11-29 14:00:00+00:00,2.258604624167243
2024-11-29 15:00:00+00:00,2.264831976231293
2024-11-29 16:00:00+00:00,2.2686863023785127
2024-11-29 17:00:00+00:00,2.261110350199319
2024-11-29 18:00:00+00:00,2.261663343336434
2024-11-29 19:00:00+00:00,2.246169330272809
2024-11-29 20:00:00+00:00,2.2483238578303077
2024-11-29 21:00:00+00:00,2.25236954346265
2024-11-29 22:00:00+00:00,2.254022536542929
2024-11-29 23:00:00+00:00,2.2378211417497558
2024-11-30 00:00:00+00:00,2.25000377422435
2024-11-30 01:00:00+00:00,2.235442425708656
2024-11-30 02:00:00+00:00,2.2427420554722173
2024-11-30 03:00:00+00:00,2.239780819246112
2024-11-30 04:00:00+00:00,2.2355603397270367
2024-11-30 05:00:00+00:00,2.223275907370683
2024-11-30 06:00:00+00:00,2.224822075141525
2024-11-30 07:00:00+00:00,2.2440570714482666
2024-11-30 08:00:00+00:00,2.251441578180548
2024-11-30 09:00:00+00:00,2.25428694567702
2024-11-30 10:00:00+00:00,2.265214938150162
2024-11-30 11:00:00+00:00,2.261298635849229
2024-11-30 12:00:00+00:00,2.2742754598193198
2024-11-30 13:00:00+00:00,2.2746520091232743
2024-11-30 14:00:00+00:00,2.2852660322558656
2024-11-30 15:00:00+00:00,2.288155686897673
2024-11-30 16:00:00+00:00,2.282929965577832
2024-11-30 17:00:00+00:00,2.27529161867999
2024-11-30 18:00:00+00:00,2.2788961149358933
2024-11-30 19:00:00+00:00,2.2751308597552473
2024-11-30 20:00:00+00:00,2.2780674794661624
2024-11-30 21:00:00+00:00,2.280007952991757
2024-11-30 22:00:00+00:00,2.285382506073224
2024-11-30 23:00:00+00:00,2.2850341379958765
2024-12-01 00:00:00+00:00,2.3019578432485286
2024-12-01 01:00:00+00:00,2.3055459871525334
2024-12-01 02:00:00+00:00,2.3029763762413036
2024-12-01 03:00:00+00:00,2.3106354824649302
2024-12-01 04:00:00+00:00,2.315741705514504
2024-12-01 05:00:00+00:00,2.314879362866019
2024-12-01 06:00:00+00:00,2.3079996190614582
2024-12-01 07:00:00+00:00,2.311816837396415
2024-12-01 08:00:00+00:00,2.3148978368360362
2024-12-01 09:00:00+00:00,2.3117762217797466
2024-12-01 10:00:00+00:00,2.310297615169286
2024-12-01 11:00:00+00:00,2.309407947560126
2024-12-01 12:00:00+00:00,2.310626662231011
2024-12-01 13:00:00+00:00,2.3180469604942395
2024-12-01 14:00:00+00:00,2.3193881678445245
2024-12-01 15:00:00+00:00,2.314318862962384
2024-12-01 16:00:00+00:00,2.3205101599072018
2024-12-01 17:00:00+00:00,2.320102702973426
2024-12-01 18:00:00+00:00,2.3112245653151877
2024-12-01 19:00:00+00:00,2.2854009263818797
2024-12-01 20:00:00+00:00,2.2651703662560236
2024-12-01 21:00:00+00:00,2.2681872459638486
2024-12-01 22:00:00+00:00,2.271915188403045
2024-12-01 23:00:00+00:00,2.241168272351045
2024-12-02 00:00:00+00:00,2.2148009061584797
2024-12-02 01:00:00+00:00,2.221824231008135
2024-12-02 02:00:00+00:00,2.216017396243847
2024-12-02 03:00:00+00:00,2.1992191726265022
2024-12-02 04:00:00+00:00,2.1957107766337027
2024-12-02 05:00:00+00:00,2.1874319996235903
2024-12-02 06:00:00+00:00,2.1865196843614165
2024-12-02 07:00:00+00:00,2.1782467434192463
2024-12-02 08:00:00+00:00,2.2093997492671495
2024-12-02 09:00:00+00:00,2.1672337284341863
2024-12-02 10:00:00+00:00,2.1945197258829237
2024-12-02 11:00:00+00:00,2.183613549846103
2024-12-02 12:00:00+00:00,2.164260129087867
2024-12-02 13:00:00+00:00,2.1272602539855114
2024-12-02 14:00:00+00:00,2.108182091762203
2024-12-02 15:00:00+00:00,2.1088940252812427
2024-12-02 16:00:00+00:00,2.092748314597404
2024-12-02 17:00:00+00:00,2.081270290211063
2024-12-02 18:00:00+00:00,2.0574858853023033
2024-12-02 19:00:00+00:00,2.0444592299128086
2024-12-02 20:00:00+00:00,2.0255825745208074
2024-12-02 21:00:00+00:00,2.0069071307682687
2024-12-02 22:00:00+00:00,2.0164259481987266
2024-12-02 23:00:00+00:00,2.008795996136148
2024-12-03 00:00:00+00:00,2.0327929870413146
2024-12-03 01:00:00+00:00,2.025985802034045
2024-12-03 02:00:00+00:00,2.0457194347217733
2024-12-03 03:00:00+00:00,2.0358076198071124
2024-12-03 04:00:00+00:00,2.032379898121643
2024-12-03 05:00:00+00:00,2.002222542949173
2024-12-03 06:00:00+00:00,2.0132717269695553
2024-12-03 07:00:00+00:00,2.013718792357255
2024-12-03 08:00:00+00:00,1.9977837175656887
2024-12-03 09:00:00+00:00,1.964098964319005
2024-12-03 10:00:00+00:00,1.9792786919577698
2024-12-03 11:00:00+00:00,1.9930420887779836
2024-12-03 12:00:00+00:00,1.9924522911926459
2024-12-03 13:00:00+00:00,2.0087204079861634
2024-12-03 14:00:00+00:00,2.0274590297397355
2024-12-03 15:00:00+00:00,2.01499444317165
2024-12-03 16:00:00+00:00,2.0261718496118175
2024-12-03 17:00:00+00:00,2.0306258608959813
2024-12-03 18:00:00+00:00,2.0303725300590885
2024-12-03 19:00:00+00:00,2.042053358881183
2024-12-03 20:00:00+00:00,2.025432078117285
2024-12-03 21:00:00+00:00,2.053100490277433
2024-12-03 22:00:00+00:00,2.049618237555675
2024-12-03 23:00:00+00:00,2.055027472298919
2024-12-04 00:00:00+00:00,2.061797942766156
2024-12-04 01:00:00+00:00,2.058761411352382
2024-12-04 02:00:00+00:00,2.0872597300798272
2024-12-04 03:00:00+00:00,2.0872929519737378
2024-12-04 04:00:00+00:00,2.0844643944787986
2024-12-04 05:00:00+00:00,2.0838122996470374
2024-12-04 06:00:00+00:00,2.071025316601839
2024-12-04 07:00:00+00:00,2.0621776236084517
2024-12-04 08:00:00+00:00,2.0650988611298735
2024-12-04 09:00:00+00:00,2.074156884738581
2024-12-04 10:00:00+00:00,2.0721227667158177
2024-12-04 11:00:00+00:00,2.0669482828965475
2024-12-04 12:00:00+00:00,2.058781333418113
2024-12-04 13:00:00+00:00,2.042661649426266
2024-12-04 14:00:00+00:00,2.038612165365089
2024-12-04 15:00:00+00:00,2.045270851349312
2024-12-04 16:00:00+00:00,2.056551531514989
2024-12-04 17:00:00+00:00,2.054389278831351
2024-12-04 18:00:00+00:00,2.0479848521572865
2024-12-04 19:00:00+00:00,2.0545784687838635
2024-12-04 20:00:00+00:00,2.077647930029963
2024-12-04 21:00:00+00:00,2.06442458088161
2024-12-04 22:00:00+00:00,2.064937582856171
2024-12-04 23:00:00+00:00,2.0743670706649104
2024-12-05 00:00:00+00:00,2.086263470335979
2024-12-05 01:00:00+00:00,2.103899626790438
2024-12-05 02:00:00+00:00,2.109431225423535
2024-12-05 03:00:00+00:00,2.132483085281083
2024-12-05 04:00:00+00:00,2.127346332978175
2024-12-05 05:00:00+00:00,2.1524885023702494
2024-12-05 06:00:00+00:00,2.142970197663585
2024-12-05 07:00:00+00:00,2.1450565075952697
2024-12-05 08:00:00+00:00,2.1383181854138797
2024-12-05 09:00:00+00:00,2.1490921469555073
2024-12-05 10:00:00+00:00,2.150576089056784
2024-12-05 11:00:00+00:00,2.1544752801605176
2024-12-05 12:00:00+00:00,2.150880386990126
2024-12-05 13:00:00+00:00,2.149851322620914
2024-12-05 14:00:00+00:00,2.1611033827881734
2024-12-05 15:00:00+00:00,2.1527067785539287
2024-12-05 16:00:00+00:00,2.14525605301026
2024-12-05 17:00:00+00:00,2.1420728034183925
2024-12-05 18:00:00+00:00,2.142115415926402
2024-12-05 19:00:00+00:00,2.149530531318229
2024-12-05 20:00:00+00:00,2.1571131509530175
2024-12-05 21:00:00+00:00,2.1530589188176323
2024-12-05 22:00:00+00:00,2.1721329139473204
2024-12-05 23:00:00+00:00,2.184714812234316
2024-12-06 00:00:00+00:00,2.1817714502278047
2024-12-06 01:00:00+00:00,2.174975486972949
2024-12-06 02:00:00+00:00,2.1753314267141457
2024-12-06 03:00:00+00:00,2.176020870898456
2024-12-06 04:00:00+00:00,2.168295700662175
2024-12-06 05:00:00+00:00,2.166081203302487
2024-12-06 06:00:00+00:00,2.160828854694582
2024-12-06 07:00:00+00:00,2.1759839622305606
2024-12-06 08:00:00+00:00,2.1881017920963033
2024-12-06 09:00:00+00:00,2.1898759668658294
2024-12-06 10:00:00+00:00,2.195806008160709
2024-12-06 11:00:00+00:00,2.1914886047437006
2024-12-06 12:00:00+00:00,2.1971148696626552
2024-12-06 13:00:00+00:00,2.202838772307636
2024-12-06 14:00:00+00:00,2.1859035822023
2024-12-06 15:00:00+00:00,2.171035971459763
2024-12-06 16:00:00+00:00,2.1682268411974226
2024-12-06 17:00:00+00:00,2.167498026542633
2024-12-06 18:00:00+00:00,2.1562924612756524
2024-12-06 19:00:00+00:00,2.1470620516538896
2024-12-06 20:00:00+00:00,2.145824434638983
2024-12-06 21:00:00+00:00,2.145933550976032
2024-12-06 22:00:00+00:00,2.142887409096016
2024-12-06 23:00:00+00:00,2.1418423389062875
2024-12-07 00:00:00+00:00,2.1537858962624794
2024-12-07 01:00:00+00:00,2.153730303969858
2024-12-07 02:00:00+00:00,2.1416777492728314
2024-12-07 03:00:00+00:00,2.127588459117168
2024-12-07 04:00:00+00:00,2.1413100653827053
2024-12-07 05:00:00+00:00,2.1425956954438363
2024-12-07 06:00:00+00:00,2.146689693568948
2024-12-07 07:00:00+00:00,2.1559127229918857
2024-12-07 08:00:00+00:00,2.155723145901586
2024-12-07 09:00:00+00:00,2.1826910949120606
2024-12-07 10:00:00+00:00,2.187184472541062
2024-12-07 11:00:00+00:00,2.1808147117829977
2024-12-07 12:00:00+00:00,2.1787208237987894
2024-12-07 13:00:00+00:00,2.1829964744821284
2024-12-07 14:00:00+00:00,2.1940504636419553
2024-12-07 15:00:00+00:00,2.1850443543483866
2024-12-07 16:00:00+00:00,2.194402173083135
2024-12-07 17:00:00+00:00,2.199637320198098
2024-12-07 18:00:00+00:00,2.191533168388499
2024-12-07 19:00:00+00:00,2.1915501898684804
2024-12-07 20:00:00+00:00,2.1918930589920693
2024-12-07 21:00:00+00:00,2.1969669652944197
2024-12-07 22:00:00+00:00,2.184443702939488
2024-12-07 23:00:00+00:00,2.1823103508091073
2024-12-08 00:00:00+00:00,2.1805634446260305
2024-12-08 01:00:00+00:00,2.185473564651645
2024-12-08 02:00:00+00:00,2.1897655256723736
2024-12-08 03:00:00+00:00,2.1913896948514155
2024-12-08 04:00:00+00:00,2.183380978935274
2024-12-08 05:00:00+00:00,2.181750482118411
2024-12-08 06:00:00+00:00,2.1783508304510564
2024-12-08 07:00:00+00:00,2.176546918319649
2024-12-08 08:00:00+00:00,2.166505243124622
2024-12-08 09:00:00+00:00,2.1681325915685465
2024-12-08 10:00:00+00:00,2.1615926651813413
2024-12-08 11:00:00+00:00,2.15635382707255
2024-12-08 12:00:00+00:00,2.1513711647556897
2024-12-08 13:00:00+00:00,2.1511545815290387
2024-12-08 14:00:00+00:00,2.156121812210198
2024-12-08 15:00:00+00:00,2.15915077848834
2024-12-08 16:00:00+00:00,2.1583307426351115
2024-12-08 17:00:00+00:00,2.160834473787363
2024-12-08 18:00:00+00:00,2.1658967828115983
2024-12-08 19:00:00+00:00,2.162836752955471
2024-12-08 20:00:00+00:00,2.160520431087784
2024-12-08 21:00:00+00:00,2.1513467616402666
2024-12-08 22:00:00+00:00,2.155389830459728
2024-12-08 23:00:00+00:00,2.1578481358818147
2024-12-09 00:00:00+00:00,2.1492843752771043
2024-12-09 01:00:00+00:00,2.1553156163764435
2024-12-09 02:00:00+00:00,2.1458609515014926
2024-12-09 03:00:00+00:00,2.159351889663239
2024-12-09 04:00:00+00:00,2.155107330645978
2024-12-09 05:00:00+00:00,2.1501898015038092
2024-12-09 06:00:00+00:00,2.1536431341229685
2024-12-09 07:00:00+00:00,2.164299945158702
2024-12-09 08:00:00+00:00,2.1739117392807628
2024-12-09 09:00:00+00:00,2.188420587628758
2024-12-09 10:00:00+00:00,2.1851609265117045
2024-12-09 11:00:00+00:00,2.2050425820911133
2024-12-09 12:00:00+00:00,2.203442661307615
2024-12-09 13:00:00+00:00,2.1957670388852866
2024-12-09 14:00:00+00:00,2.1922703138004005
2024-12-09 15:00:00+00:00,2.194775101282758
2024-12-09 16:00:00+00:00,2.2035390213670767
2024-12-09 17:00:00+00:00,2.1987293237809724
2024-12-09 18:00:00+00:00,2.199686943117275
2024-12-09 19:00:00+00:00,2.1885793895381607
2024-12-09 20:00:00+00:00,2.239712606482204
2024-12-09 21:00:00+00:00,2.229413223132884
2024-12-09 22:00:00+00:00,2.225353580979831
2024-12-09 23:00:00+00:00,2.231584334784039
2024-12-10 00:00:00+00:00,2.222999777887793
2024-12-10 01:00:00+00:00,2.2244328454237268
2024-12-10 02:00:00+00:00,2.2322771422688423
2024-12-10 03:00:00+00:00,2.2374355872537834
2024-12-10 04:00:00+00:00,2.220798082326176
2024-12-10 05:00:00+00:00,2.209929572460995
2024-12-10 06:00:00+00:00,2.214649564775115
2024-12-10 07:00:00+00:00,2.2137930023813053
2024-12-10 08:00:00+00:00,2.1992321006353603
2024-12-10 09:00:00+00:00,2.2087072605187714
2024-12-10 10:00:00+00:00,2.196557040120907
2024-12-10 11:00:00+00:00,2.196822523478755
2024-12-10 12:00:00+00:00,2.2184448573676274
2024-12-10 13:00:00+00:00,2.2122610921755763
2024-12-10 14:00:00+00:00,2.2243839505200893
2024-12-10 15:00:00+00:00,2.225516875311187
2024-12-10 16:00:00+00:00,2.2338356036137896
2024-12-10 17:00:00+00:00,2.268207025912231
2024-12-10 18:00:00+00:00,2.25486335434026
2024-12-10 19:00:00+00:00,2.229472137625861
2024-12-10 20:00:00+00:00,2.2052171009900414
2024-12-10 21:00:00+00:00,2.199035893544948
2024-12-10 22:00:00+00:00,2.202415259723915
2024-12-10 23:00:00+00:00,2.187836430504843
2024-12-11 00:00:00+00:00,2.2089565420224324
2024-12-11 01:00:00+00:00,2.2274818182363454
2024-12-11 02:00:00+00:00,2.2218175435312015
2024-12-11 03:00:00+00:00,2.231033302420545
2024-12-11 04:00:00+00:00,2.223088991930498
2024-12-11 05:00:00+00:00,2.2373655954126934
2024-12-11 06:00:00+00:00,2.2426981633890266
2024-12-11 07:00:00+00:00,2.255710608880549
2024-12-11 08:00:00+00:00,2.2432718195261727
2024-12-11 09:00:00+00:00,2.2437603320973794
2024-12-11 10:00:00+00:00,2.2455798445752317
2024-12-11 11:00:00+00:00,2.263810227602165
2024-12-11 12:00:00+00:00,2.252401950529922
2024-12-11 13:00:00+00:00,2.2583156055323883
2024-12-11 14:00:00+00:00,2.254991552762943
2024-12-11 15:00:00+00:00,2.267071687417136
2024-12-11 16:00:00+00:00,2.2866005573361896
2024-12-11 17:00:00+00:00,2.2792752534466723
2024-12-11 18:00:00+00:00,2.2703017195521307
2024-12-11 19:00:00+00:00,2.2790177488474646
2024-12-11 20:00:00+00:00,2.2873206396215124
2024-12-11 21:00:00+00:00,2.2763779673508813
2024-12-11 22:00:00+00:00,2.2743225120698636
2024-12-11 23:00:00+00:00,2.273268064763405
2024-12-12 00:00:00+00:00,2.2794086906863607
2024-12-12 01:00:00+00:00,2.2571279267032707
2024-12-12 02:00:00+00:00,2.2293609295391463
2024-12-12 03:00:00+00:00,2.2191211985398547
2024-12-12 04:00:00+00:00,2.2099552926335098
2024-12-12 05:00:00+00:00,2.21042010981276
2024-12-12 06:00:00+00:00,2.199967023661469
2024-12-12 07:00:00+00:00,2.19903583765391
2024-12-12 08:00:00+00:00,2.2148831159579765
2024-12-12 09:00:00+00:00,2.2296076769874538
2024-12-12 10:00:00+00:00,2.2174312260318696
2024-12-12 11:00:00+00:00,2.2190311178429267
2024-12-12 12:00:00+00:00,2.2324092899597625
2024-12-12 13:00:00+00:00,2.2232476985060683
2024-12-12 14:00:00+00:00,2.2200874630879683
2024-12-12 15:00:00+00:00,2.2306243495194686
2024-12-12 16:00:00+00:00,2.214906054624131
2024-12-12 17:00:00+00:00,2.219876660901507
2024-12-12 18:00:00+00:00,2.2185950601027744
2024-12-12 19:00:00+00:00,2.222452574389436
2024-12-12 20:00:00+00:00,2.1979290915135272
2024-12-12 21:00:00+00:00,2.1994640907987018
2024-12-12 22:00:00+00:00,2.195329851839914
2024-12-12 23:00:00+00:00,2.1838798965441395
2024-12-13 00:00:00+00:00,2.1860600842659106
2024-12-13 01:00:00+00:00,2.1799007998631756
2024-12-13 02:00:00+00:00,2.1696620630796244
2024-12-13 03:00:00+00:00,2.170401408405942
2024-12-13 04:00:00+00:00,2.1765366118612364
2024-12-13 05:00:00+00:00,2.177640383022204
2024-12-13 06:00:00+00:00,2.184287957659123
2024-12-13 07:00:00+00:00,2.178255167637134
2024-12-13 08:00:00+00:00,2.1814869747727763
2024-12-13 09:00:00+00:00,2.1877163166530282
2024-12-13 10:00:00+00:00,2.188033048496659
2024-12-13 11:00:00+00:00,2.1847707278590063
2024-12-13 12:00:00+00:00,2.177945049511421
2024-12-13 13:00:00+00:00,2.1665810043396565
2024-12-13 14:00:00+00:00,2.1590181483263007
2024-12-13 15:00:00+00:00,2.1761683970047367
2024-12-13 16:00:00+00:00,2.1664530676254006
2024-12-13 17:00:00+00:00,2.1784550220211156
2024-12-13 18:00:00+00:00,2.1852112877245
2024-12-13 19:00:00+00:00,2.185132396261329
2024-12-13 20:00:00+00:00,2.1806889900662854
2024-12-13 21:00:00+00:00,2.185693967362952
2024-12-13 22:00:00+00:00,2.1796513508039217
2024-12-13 23:00:00+00:00,2.1703693898239895
2024-12-14 00:00:00+00:00,2.157444379221746
2024-12-14 01:00:00+00:00,2.1580945701288257
2024-12-14 02:00:00+00:00,2.1725075307514077
2024-12-14 03:00:00+00:00,2.171096034873555
2024-12-14 04:00:00+00:00,2.1720434994514415
2024-12-14 05:00:00+00:00,2.1792456025205005
2024-12-14 06:00:00+00:00,2.17682713337791
2024-12-14 07:00:00+00:00,2.174252763760073
2024-12-14 08:00:00+00:00,2.1688979419922663
2024-12-14 09:00:00+00:00,2.1687789951347898
2024-12-14 10:00:00+00:00,2.161973113888278
2024-12-14 11:00:00+00:00,2.1647580189496756
2024-12-14 12:00:00+00:00,2.1743380869140285
2024-12-14 13:00:00+00:00,2.1733961030421742
2024-12-14 14:00:00+00:00,2.1657780573886827
2024-12-14 15:00:00+00:00,2.167091766569996
2024-12-14 16:00:00+00:00,2.1637429197420253
2024-12-14 17:00:00+00:00,2.166247433334688
2024-12-14 18:00:00+00:00,2.175169507530989
2024-12-14 19:00:00+00:00,2.171457787431427
2024-12-14 20:00:00+00:00,2.172218432376412
2024-12-14 21:00:00+00:00,2.1727869946175105
2024-12-14 22:00:00+00:00,2.166753981951233
2024-12-14 23:00:00+00:00,2.1898435907772353
2024-12-15 00:00:00+00:00,2.1908961073310267
2024-12-15 01:00:00+00:00,2.18562098621751
2024-12-15 02:00:00+00:00,2.1874585764634253
2024-12-15 03:00:00+00:00,2.1826301659971006
2024-12-15 04:00:00+00:00,2.1798325611235683
2024-12-15 05:00:00+00:00,2.1797882285608527
2024-12-15 06:00:00+00:00,2.176750187058976
2024-12-15 07:00:00+00:00,2.1777189369396077
2024-12-15 08:00:00+00:00,2.1851982898945015
2024-12-15 09:00:00+00:00,2.188715983985748
2024-12-15 10:00:00+00:00,2.188687744728805
2024-12-15 11:00:00+00:00,2.1839492201874675
2024-12-15 12:00:00+00:00,2.1929441985147093
2024-12-15 13:00:00+00:00,2.1923355291528206
2024-12-15 14:00:00+00:00,2.1899911104214493
2024-12-15 15:00:00+00:00,2.190070996811602
2024-12-15 16:00:00+00:00,2.1927615333752275
2024-12-15 17:00:00+00:00,2.191299225605632
2024-12-15 18:00:00+00:00,2.1947193484867924
2024-12-15 19:00:00+00:00,2.189025925840299
2024-12-15 20:00:00+00:00,2.1891404682095756
2024-12-15 21:00:00+00:00,2.190674568635445
2024-12-15 22:00:00+00:00,2.1950225561230834
2024-12-15 23:00:00+00:00,2.196054485887154
2024-12-16 00:00:00+00:00,2.1985785603563834
2024-12-16 01:00:00+00:00,2.2039384947367053
2024-12-16 02:00:00+00:00,2.207495344143995
2024-12-16 03:00:00+00:00,2.2043399860009063
2024-12-16 04:00:00+00:00,2.204007454725065
2024-12-16 05:00:00+00:00,2.1930231983427793
2024-12-16 06:00:00+00:00,2.198974323811082
2024-12-16 07:00:00+00:00,2.2023117491582798
2024-12-16 08:00:00+00:00,2.1875372729923206
2024-12-16 09:00:00+00:00,2.181937652032876
2024-12-16 10:00:00+00:00,2.1720538368329807
2024-12-16 11:00:00+00:00,2.176428849484532
2024-12-16 12:00:00+00:00,2.177412404380619
2024-12-16 13:00:00+00:00,2.189363523858519
2024-12-16 14:00:00+00:00,2.1888995358748526
2024-12-16 15:00:00+00:00,2.184822888709156
2024-12-16 16:00:00+00:00,2.1924053281834786
2024-12-16 17:00:00+00:00,2.1924864865911142
2024-12-16 18:00:00+00:00,2.1997248629625266
2024-12-16 19:00:00+00:00,2.1989413089859235
2024-12-16 20:00:00+00:00,2.1878962764744685
2024-12-16 21:00:00+00:00,2.1983786762912665
2024-12-16 22:00:00+00:00,2.1964857148807977
2024-12-16 23:00:00+00:00,2.195688988321917
2024-12-17 00:00:00+00:00,2.191676714386769
2024-12-17 01:00:00+00:00,2.1954380906658333
2024-12-17 02:00:00+00:00,2.1913927788411205
2024-12-17 03:00:00+00:00,2.1941971159947107
2024-12-17 04:00:00+00:00,2.1901957284186473
2024-12-17 05:00:00+00:00,2.186027412714939
2024-12-17 06:00:00+00:00,2.188876304943677
2024-12-17 07:00:00+00:00,2.1883488775031057
2024-12-17 08:00:00+00:00,2.188569051377049
2024-12-17 09:00:00+00:00,2.191170506622868
2024-12-17 10:00:00+00:00,2.1894833974098997
2024-12-17 11:00:00+00:00,2.1878690719259826
2024-12-17 12:00:00+00:00,2.194530793459866
2024-12-17 13:00:00+00:00,2.1942566985328544
2024-12-17 14:00:00+00:00,2.1904887182426274
2024-12-17 15:00:00+00:00,2.18963545244518
2024-12-17 16:00:00+00:00,2.1996013545606714
2024-12-17 17:00:00+00:00,2.1981129421751295
2024-12-17 18:00:00+00:00,2.201917121081763
2024-12-17 19:00:00+00:00,2.1996116655857145
2024-12-17 20:00:00+00:00,2.19744809842582
2024-12-17 21:00:00+00:00,2.1969816296471647
2024-12-17 22:00:00+00:00,2.1887268611080777
2024-12-17 23:00:00+00:00,2.1809523320084168
2024-12-18 00:00:00+00:00,2.1688296960083036
2024-12-18 01:00:00+00:00,2.171221944150292
2024-12-18 02:00:00+00:00,2.170776965023959
2024-12-18 03:00:00+00:00,2.176812047016795
2024-12-18 04:00:00+00:00,2.176526487279002
2024-12-18 05:00:00+00:00,2.171803609428245
2024-12-18 06:00:00+00:00,2.171725423451553
2024-12-18 07:00:00+00:00,2.1758753109728137
2024-12-18 08:00:00+00:00,2.1781497077168313
2024-12-18 09:00:00+00:00,2.170942672324576
2024-12-18 10:00:00+00:00,2.1695028092830717
2024-12-18 11:00:00+00:00,2.167042646739975
2024-12-18 12:00:00+00:00,2.1750795700226533
2024-12-18 13:00:00+00:00,2.1695337691337158
2024-12-18 14:00:00+00:00,2.184609268434082
2024-12-18 15:00:00+00:00,2.189135273230718
2024-12-18 16:00:00+00:00,2.17257307097959
2024-12-18 17:00:00+00:00,2.1577584740497615
2024-12-18 18:00:00+00:00,2.161336501542036
2024-12-18 19:00:00+00:00,2.1808199222685056
2024-12-18 20:00:00+00:00,2.1807310485777442
2024-12-18 21:00:00+00:00,2.1746483038776008
2024-12-18 22:00:00+00:00,2.175145244048547
2024-12-18 23:00:00+00:00,2.18528469142286
2024-12-19 00:00:00+00:00,2.175053226644372
2024-12-19 01:00:00+00:00,2.1821304579027423
2024-12-19 02:00:00+00:00,2.171746701866094
2024-12-19 03:00:00+00:00,2.178500133880585
2024-12-19 04:00:00+00:00,2.1940749673583415
2024-12-19 05:00:00+00:00,2.1815995131807675
2024-12-19 06:00:00+00:00,2.1899173131519527
2024-12-19 07:00:00+00:00,2.1819993082118025
2024-12-19 08:00:00+00:00,2.1887147832294755
2024-12-19 09:00:00+00:00,2.1968643655821403
2024-12-19 10:00:00+00:00,2.1886071921319137
2024-12-19 11:00:00+00:00,2.1786770393483312
2024-12-19 12:00:00+00:00,2.1877269101023242
2024-12-19 13:00:00+00:00,2.1955820886414594
2024-12-19 14:00:00+00:00,2.204235895919163
2024-12-19 15:00:00+00:00,2.1969487889727017
2024-12-19 16:00:00+00:00,2.198864072608689
2024-12-19 17:00:00+00:00,2.1656681372928808
2024-12-19 18:00:00+00:00,2.1473979265771073
2024-12-19 19:00:00+00:00,2.1682290601027097
2024-12-19 20:00:00+00:00,2.168061336685655
2024-12-19 21:00:00+00:00,2.1843398031020445
2024-12-19 22:00:00+00:00,2.1910553308094602
2024-12-19 23:00:00+00:00,2.1825011004171837
2024-12-20 00:00:00+00:00,2.169519704644527
2024-12-20 01:00:00+00:00,2.1772246737521095
2024-12-20 02:00:00+00:00,2.191904985403308
2024-12-20 03:00:00+00:00,2.187600885195116
2024-12-20 04:00:00+00:00,2.1858382820328495
2024-12-20 05:00:00+00:00,2.1842111849921646
2024-12-20 06:00:00+00:00,2.1712932143734576
2024-12-20 07:00:00+00:00,2.1825586953735012
2024-12-20 08:00:00+00:00,2.140644580524744
2024-12-20 09:00:00+00:00,2.167137752695439
2024-12-20 10:00:00+00:00,2.195930135576444
2024-12-20 11:00:00+00:00,2.198804287156701
2024-12-20 12:00:00+00:00,2.2451365541678725
2024-12-20 13:00:00+00:00,2.2606373887853235
2024-12-20 14:00:00+00:00,2.2523530327411985
2024-12-20 15:00:00+00:00,2.2424379694510277
2024-12-20 16:00:00+00:00,2.224410384955274
2024-12-20 17:00:00+00:00,2.21858995025796
2024-12-20 18:00:00+00:00,2.221454656571944
2024-12-20 19:00:00+00:00,2.2221030753894113
2024-12-20 20:00:00+00:00,2.210632790436748
2024-12-20 21:00:00+00:00,2.209230170443386
2024-12-20 22:00:00+00:00,2.2264717347924257
2024-12-20 23:00:00+00:00,2.2285405807499874
2024-12-21 00:00:00+00:00,2.2150833478819507
2024-12-21 01:00:00+00:00,2.2175659156106984
2024-12-21 02:00:00+00:00,2.2221125807221913
2024-12-21 03:00:00+00:00,2.2087757300273245
2024-12-21 04:00:00+00:00,2.205433761085765
2024-12-21 05:00:00+00:00,2.2205210193305276
2024-12-21 06:00:00+00:00,2.2266334322782035
2024-12-21 07:00:00+00:00,2.2300946590362494
2024-12-21 08:00:00+00:00,2.208982014183296
2024-12-21 09:00:00+00:00,2.19996855644848
2024-12-21 10:00:00+00:00,2.2089835885459386
2024-12-21 11:00:00+00:00,2.1927609584250587
2024-12-21 12:00:00+00:00,2.1826746033053004
2024-12-21 13:00:00+00:00,2.166567848466425
2024-12-21 14:00:00+00:00,2.1652507901035336
2024-12-21 15:00:00+00:00,2.163281894462697
2024-12-21 16:00:00+00:00,2.1567283538201316
2024-12-21 17:00:00+00:00,2.1524557668469857
2024-12-21 18:00:00+00:00,2.140174354089892
2024-12-21 19:00:00+00:00,2.113356978832441
2024-12-21 20:00:00+00:00,2.1380807213274773
2024-12-21 21:00:00+00:00,2.126192631752704
2024-12-21 22:00:00+00:00,2.1158441122386753
2024-12-21 23:00:00+00:00,2.112498136612783
2024-12-22 00:00:00+00:00,2.1229515942356083
2024-12-22 01:00:00+00:00,2.120777472091762
2024-12-22 02:00:00+00:00,2.122433943532478
2024-12-22 03:00:00+00:00,2.120294284078679
2024-12-22 04:00:00+00:00,2.1166147114858695
2024-12-22 05:00:00+00:00,2.121464553994273
2024-12-22 06:00:00+00:00,2.1294910465278076
2024-12-22 07:00:00+00:00,2.1325693144704703
2024-12-22 08:00:00+00:00,2.1369114781859175
2024-12-22 09:00:00+00:00,2.1776940952889836
2024-12-22 10:00:00+00:00,2.1782465630353753
2024-12-22 11:00:00+00:00,2.1843213424512644
2024-12-22 12:00:00+00:00,2.1805088035975624
2024-12-22 13:00:00+00:00,2.176473429537435
2024-12-22 14:00:00+00:00,2.1820065889343785
2024-12-22 15:00:00+00:00,2.193135179838154
2024-12-22 16:00:00+00:00,2.1848628944508066
2024-12-22 17:00:00+00:00,2.184652959432056
2024-12-22 18:00:00+00:00,2.180847414047995
2024-12-22 19:00:00+00:00,2.1767236600238786
2024-12-22 20:00:00+00:00,2.181228575806294
2024-12-22 21:00:00+00:00,2.1921426669614084
2024-12-22 22:00:00+00:00,2.1818971517723553
2024-12-22 23:00:00+00:00,2.184653185752712
2024-12-23 00:00:00+00:00,2.186111892693354
2024-12-23 01:00:00+00:00,2.18588237953784
2024-12-23 02:00:00+00:00,2.1977480935997784
2024-12-23 03:00:00+00:00,2.199656198074106
2024-12-23 04:00:00+00:00,2.198974933107917
2024-12-23 05:00:00+00:00,2.2014443995809923
2024-12-23 06:00:00+00:00,2.201533551281624
2024-12-23 07:00:00+00:00,2.1938145815072945
2024-12-23 08:00:00+00:00,2.1967839802671234
2024-12-23 09:00:00+00:00,2.1916210297711896
2024-12-23 10:00:00+00:00,2.1907275840303213
2024-12-23 11:00:00+00:00,2.199126476905714
2024-12-23 12:00:00+00:00,2.1999359381771932
2024-12-23 13:00:00+00:00,2.198678659251647
2024-12-23 14:00:00+00:00,2.221638840182405
2024-12-23 15:00:00+00:00,2.2145416777348186
2024-12-23 16:00:00+00:00,2.2102198842925658
2024-12-23 17:00:00+00:00,2.210777069208567
2024-12-23 18:00:00+00:00,2.2222518917590905
2024-12-23 19:00:00+00:00,2.2186974762094884
2024-12-23 20:00:00+00:00,2.200872156472978
2024-12-23 21:00:00+00:00,2.207145248193822
2024-12-23 22:00:00+00:00,2.1844144501006646
2024-12-23 23:00:00+00:00,2.1830227182444646
2024-12-24 00:00:00+00:00,2.181250372226871
2024-12-24 01:00:00+00:00,2.178932200509815
2024-12-24 02:00:00+00:00,2.1797983701871098
2024-12-24 03:00:00+00:00,2.1785849935660777
2024-12-24 04:00:00+00:00,2.177173698194227
2024-12-24 05:00:00+00:00,2.1776263573746855
2024-12-24 06:00:00+00:00,2.1871632726748835
2024-12-24 07:00:00+00:00,2.1901535730393404
2024-12-24 08:00:00+00:00,2.1924415009625213
2024-12-24 09:00:00+00:00,2.202420195095379
2024-12-24 10:00:00+00:00,2.1948661021402645
2024-12-24 11:00:00+00:00,2.1954422031251752
2024-12-24 12:00:00+00:00,2.201285765024322
2024-12-24 13:00:00+00:00,2.1945417637683784
2024-12-24 14:00:00+00:00,2.1984738808499737
2024-12-24 15:00:00+00:00,2.214309112290059
2024-12-24 16:00:00+00:00,2.2095802525616124
2024-12-24 17:00:00+00:00,2.2074211722412764
2024-12-24 18:00:00+00:00,2.197372953877484
2024-12-24 19:00:00+00:00,2.191984967849674
2024-12-24 20:00:00+00:00,2.1901207564937297
2024-12-24 21:00:00+00:00,2.183566883568744
2024-12-24 22:00:00+00:00,2.1874009248406066
2024-12-24 23:00:00+00:00,2.203433315541262
2024-12-25 00:00:00+00:00,2.20884040063946
2024-12-25 01:00:00+00:00,2.2083439912600804
2024-12-25 02:00:00+00:00,2.229201006820279
2024-12-25 03:00:00+00:00,2.2167083217235706
2024-12-25 04:00:00+00:00,2.215483475927557
2024-12-25 05:00:00+00:00,2.210913535107343
2024-12-25 06:00:00+00:00,2.21341624243328
2024-12-25 07:00:00+00:00,2.2144826433511398
2024-12-25 08:00:00+00:00,2.2081190008967475
2024-12-25 09:00:00+00:00,2.2073389123112386
2024-12-25 10:00:00+00:00,2.2135858458001696
2024-12-25 11:00:00+00:00,2.2134950971417418
2024-12-25 12:00:00+00:00,2.214393579262001
2024-12-25 13:00:00+00:00,2.2136419633060567
2024-12-25 14:00:00+00:00,2.2179162529931165
2024-12-25 15:00:00+00:00,2.219396220613054
2024-12-25 16:00:00+00:00,2.206776677304542
2024-12-25 17:00:00+00:00,2.2056819879597485
2024-12-25 18:00:00+00:00,2.217823773358426
2024-12-25 19:00:00+00:00,2.2146276415497654
2024-12-25 20:00:00+00:00,2.2085786843093995
2024-12-25 21:00:00+00:00,2.2109933525691745
2024-12-25 22:00:00+00:00,2.212623708653762
2024-12-25 23:00:00+00:00,2.223088218106472
2024-12-26 00:00:00+00:00,2.2398723522954116
2024-12-26 01:00:00+00:00,2.2257873858848582
2024-12-26 02:00:00+00:00,2.2292016635685568
2024-12-26 03:00:00+00:00,2.226051153832813
2024-12-26 04:00:00+00:00,2.2227816338118376
2024-12-26 05:00:00+00:00,2.21897764569925
2024-12-26 06:00:00+00:00,2.2184878563331067
2024-12-26 07:00:00+00:00,2.2296652842690814
2024-12-26 08:00:00+00:00,2.2238478806590387
2024-12-26 09:00:00+00:00,2.236659403919251
2024-12-26 10:00:00+00:00,2.2356062372416665
2024-12-26 11:00:00+00:00,2.242739236554538
2024-12-26 12:00:00+00:00,2.2466562504432797
2024-12-26 13:00:00+00:00,2.23828579042203
2024-12-26 14:00:00+00:00,2.243662239082368
2024-12-26 15:00:00+00:00,2.2427886377025343
2024-12-26 16:00:00+00:00,2.235306919373989
2024-12-26 17:00:00+00:00,2.2424504156658234
2024-12-26 18:00:00+00:00,2.24902753238185
2024-12-26 19:00:00+00:00,2.2514612760657573
2024-12-26 20:00:00+00:00,2.249776929731372
2024-12-26 21:00:00+00:00,2.250227244178304
2024-12-26 22:00:00+00:00,2.252677685366552
2024-12-26 23:00:00+00:00,2.2524613976959973
2024-12-27 00:00:00+00:00,2.2467387949920843
2024-12-27 01:00:00+00:00,2.254134847067317
2024-12-27 02:00:00+00:00,2.2638206920902246
2024-12-27 03:00:00+00:00,2.2618606942921056
2024-12-27 04:00:00+00:00,2.267090025144871
2024-12-27 05:00:00+00:00,2.2562893593030395
2024-12-27 06:00:00+00:00,2.26126761824583
2024-12-27 07:00:00+00:00,2.2666158480681378
2024-12-27 08:00:00+00:00,2.2697097266776813
2024-12-27 09:00:00+00:00,2.2664950754758535
2024-12-27 10:00:00+00:00,2.2584904050030286
2024-12-27 11:00:00+00:00,2.253015085371522
2024-12-27 12:00:00+00:00,2.2599998507114885
2024-12-27 13:00:00+00:00,2.2671525672008848
2024-12-27 14:00:00+00:00,2.270488015351788
2024-12-27 15:00:00+00:00,2.2816749979140476
2024-12-27 16:00:00+00:00,2.2837605727370405
2024-12-27 17:00:00+00:00,2.286031540395004
2024-12-27 18:00:00+00:00,2.2844858595231363
2024-12-27 19:00:00+00:00,2.277321594712682
2024-12-27 20:00:00+00:00,2.283128160177518
2024-12-27 21:00:00+00:00,2.2864323243036484
2024-12-27 22:00:00+00:00,2.2813188385090357
2024-12-27 23:00:00+00:00,2.2823424097702594
2024-12-28 00:00:00+00:00,2.278771186305087
2024-12-28 01:00:00+00:00,2.2779852881957
2024-12-28 02:00:00+00:00,2.2793432651531975
2024-12-28 03:00:00+00:00,2.2772199198824064
2024-12-28 04:00:00+00:00,2.276191997996757
2024-12-28 05:00:00+00:00,2.2775298331236367
2024-12-28 06:00:00+00:00,2.281871885644532
2024-12-28 07:00:00+00:00,2.2797486632305266
2024-12-28 08:00:00+00:00,2.2815721422750728
2024-12-28 09:00:00+00:00,2.280989450528039
2024-12-28 10:00:00+00:00,2.2814006930354105
2024-12-28 11:00:00+00:00,2.2821075756568168
2024-12-28 12:00:00+00:00,2.2865241604232693
2024-12-28 13:00:00+00:00,2.2926968664193006
2024-12-28 14:00:00+00:00,2.2732486005426935
2024-12-28 15:00:00+00:00,2.2834791067329343
2024-12-28 16:00:00+00:00,2.2723951072790625
2024-12-28 17:00:00+00:00,2.2811242650246344
2024-12-28 18:00:00+00:00,2.275507143808648
2024-12-28 19:00:00+00:00,2.2775385725073094
2024-12-28 20:00:00+00:00,2.280165894737089
2024-12-28 21:00:00+00:00,2.283813375411893
2024-12-28 22:00:00+00:00,2.2815262549456627
2024-12-28 23:00:00+00:00,2.2862515747426526
2024-12-29 00:00:00+00:00,2.2904621940391903
2024-12-29 01:00:00+00:00,2.291301395360369
2024-12-29 02:00:00+00:00,2.2993933539501956
2024-12-29 03:00:00+00:00,2.2997029548355146
2024-12-29 04:00:00+00:00,2.2973151283263378
2024-12-29 05:00:00+00:00,2.3050184017779123
2024-12-29 06:00:00+00:00,2.298221332567264
2024-12-29 07:00:00+00:00,2.295488428213675
2024-12-29 08:00:00+00:00,2.2933162294810816
2024-12-29 09:00:00+00:00,2.2935702988275595
2024-12-29 10:00:00+00:00,2.2996333668705162
2024-12-29 11:00:00+00:00,2.2982136392651724
2024-12-29 12:00:00+00:00,2.295845012532217
2024-12-29 13:00:00+00:00,2.289020453342354
2024-12-29 14:00:00+00:00,2.2940954935937934
2024-12-29 15:00:00+00:00,2.2957914550197267
2024-12-29 16:00:00+00:00,2.297403916054918
2024-12-29 17:00:00+00:00,2.2924561469714075
2024-12-29 18:00:00+00:00,2.2964482973727436
2024-12-29 19:00:00+00:00,2.299675921376268
2024-12-29 20:00:00+00:00,2.29861859907072
2024-12-29 21:00:00+00:00,2.3037967632422904
2024-12-29 22:00:00+00:00,2.2992619799005536
2024-12-29 23:00:00+00:00,2.29049649908355
2024-12-30 00:00:00+00:00,2.304767850063212
2024-12-30 01:00:00+00:00,2.3103413025947463
2024-12-30 02:00:00+00:00,2.309064733496104
2024-12-30 03:00:00+00:00,2.321081062198731
2024-12-30 04:00:00+00:00,2.3137684215765653
2024-12-30 05:00:00+00:00,2.321847736368572
2024-12-30 06:00:00+00:00,2.331694402556907
2024-12-30 07:00:00+00:00,2.32902217678847
2024-12-30 08:00:00+00:00,2.333861506981399
2024-12-30 09:00:00+00:00,2.330870097181943
2024-12-30 10:00:00+00:00,2.325849394861584
2024-12-30 11:00:00+00:00,2.322006026413058
2024-12-30 12:00:00+00:00,2.325105079971178
2024-12-30 13:00:00+00:00,2.324928654630043
2024-12-30 14:00:00+00:00,2.324377006663536
2024-12-30 15:00:00+00:00,2.3105519479982894
2024-12-30 16:00:00+00:00,2.297832164372387
2024-12-30 17:00:00+00:00,2.307556683505541
2024-12-30 18:00:00+00:00,2.2922663335647515
2024-12-30 19:00:00+00:00,2.281402044298552
2024-12-30 20:00:00+00:00,2.2960088657305446
2024-12-30 21:00:00+00:00,2.2990841337449863
2024-12-30 22:00:00+00:00,2.288964744791902
2024-12-30 23:00:00+00:00,2.2862063556428325
2024-12-31 00:00:00+00:00,2.296783934120705
2024-12-31 01:00:00+00:00,2.2943688762575225
2024-12-31 02:00:00+00:00,2.293078137278602
2024-12-31 03:00:00+00:00,2.287315143977888
2024-12-31 04:00:00+00:00,2.291366837760421
2024-12-31 05:00:00+00:00,2.2868925067832038
2024-12-31 06:00:00+00:00,2.2899510066209796
2024-12-31 07:00:00+00:00,2.281786951290333
2024-12-31 08:00:00+00:00,2.279347981982094
2024-12-31 09:00:00+00:00,2.2752370240452007
2024-12-31 10:00:00+00:00,2.2821248469102766
2024-12-31 11:00:00+00:00,2.2829444154524
2024-12-31 12:00:00+00:00,2.284389492746753
2024-12-31 13:00:00+00:00,2.2890224260769294
2024-12-31 14:00:00+00:00,2.2932715599192144
2024-12-31 15:00:00+00:00,2.2812731705145075
2024-12-31 16:00:00+00:00,2.285220843112292
2024-12-31 17:00:00+00:00,2.278569908105494
2024-12-31 18:00:00+00:00,2.2872418778612476
2024-12-31 19:00:00+00:00,2.2849196124181987
2024-12-31 20:00:00+00:00,2.283201599920645
2024-12-31 21:00:00+00:00,2.2828620933035144
2024-12-31 22:00:00+00:00,2.282741301237297
2024-12-31 23:00:00+00:00,2.2883350572085024
2025-01-01 00:00:00+00:00,2.2807014011334372
2025-01-01 01:00:00+00:00,2.2822175476133344
2025-01-01 02:00:00+00:00,2.277412268391577
2025-01-01 03:00:00+00:00,2.279434387704449
2025-01-01 04:00:00+00:00,2.2792970362231473
2025-01-01 05:00:00+00:00,2.2795672321025706
2025-01-01 06:00:00+00:00,2.2818254405057328
2025-01-01 07:00:00+00:00,2.2878476029065955
2025-01-01 08:00:00+00:00,2.2870656744002074
2025-01-01 09:00:00+00:00,2.2799098570447778
2025-01-01 10:00:00+00:00,2.2766191869030346
2025-01-01 11:00:00+00:00,2.277949199451606
2025-01-01 12:00:00+00:00,2.2934575333481746
2025-01-01 13:00:00+00:00,2.2948944949713694
2025-01-01 14:00:00+00:00,2.296086755553397
2025-01-01 15:00:00+00:00,2.304586392146005
2025-01-01 16:00:00+00:00,2.3166638758307503
2025-01-01 17:00:00+00:00,2.3120651245435826
2025-01-01 18:00:00+00:00,2.3205553255296394
2025-01-01 19:00:00+00:00,2.3262754479859717
2025-01-01 20:00:00+00:00,2.328073034106313
2025-01-01 21:00:00+00:00,2.3332317104361957
2025-01-01 22:00:00+00:00,2.3256683976409893
2025-01-01 23:00:00+00:00,2.3289887878303692
2025-01-02 00:00:00+00:00,2.333893241325637
2025-01-02 01:00:00+00:00,2.3375972871053783
2025-01-02 02:00:00+00:00,2.3351314485214663
2025-01-02 03:00:00+00:00,2.335640385433805
2025-01-02 04:00:00+00:00,2.3379929733707576
2025-01-02 05:00:00+00:00,2.340620576720515
2025-01-02 06:00:00+00:00,2.3409652584470293
2025-01-02 07:00:00+00:00,2.3345603953511507
2025-01-02 08:00:00+00:00,2.334210394693003
2025-01-02 09:00:00+00:00,2.340526592634974
2025-01-02 10:00:00+00:00,2.342937858730734
2025-01-02 11:00:00+00:00,2.3377565405678125
2025-01-02 12:00:00+00:00,2.340158958052444
2025-01-02 13:00:00+00:00,2.3479967627053244
2025-01-02 14:00:00+00:00,2.3424546632413423
2025-01-02 15:00:00+00:00,2.3386688647967517
2025-01-02 16:00:00+00:00,2.338410676447928
2025-01-02 17:00:00+00:00,2.3417177594529957
2025-01-02 18:00:00+00:00,2.337134903996444
2025-01-02 19:00:00+00:00,2.3472045094850156
2025-01-02 20:00:00+00:00,2.353184227600145
2025-01-02 21:00:00+00:00,2.353841630305567
2025-01-02 22:00:00+00:00,2.3563223425308717
2025-01-02 23:00:00+00:00,2.366457384689556
2025-01-03 00:00:00+00:00,2.364010753605833
2025-01-03 01:00:00+00:00,2.3637276799334863
2025-01-03 02:00:00+00:00,2.363753749636636
2025-01-03 03:00:00+00:00,2.357246747505038
2025-01-03 04:00:00+00:00,2.354908610414504
2025-01-03 05:00:00+00:00,2.3553750639985793
2025-01-03 06:00:00+00:00,2.356418388763544
2025-01-03 07:00:00+00:00,2.366154488725105
2025-01-03 08:00:00+00:00,2.3715596597238005
2025-01-03 09:00:00+00:00,2.3818754957137154
2025-01-03 10:00:00+00:00,2.3892410076883515
2025-01-03 11:00:00+00:00,2.4054249484413934
2025-01-03 12:00:00+00:00,2.4165249410546994
2025-01-03 13:00:00+00:00,2.4181357497168685
2025-01-03 14:00:00+00:00,2.4164124248117553
2025-01-03 15:00:00+00:00,2.4192821319673214
2025-01-03 16:00:00+00:00,2.420792490804397
2025-01-03 17:00:00+00:00,2.4249767240763673
2025-01-03 18:00:00+00:00,2.421879840369365
2025-01-03 19:00:00+00:00,2.3960368800030136
2025-01-03 20:00:00+00:00,2.3840978348210577
2025-01-03 21:00:00+00:00,2.3883693099099346
2025-01-03 22:00:00+00:00,2.397133299664881
2025-01-03 23:00:00+00:00,2.374827816847288
2025-01-04 00:00:00+00:00,2.379872023679261
2025-01-04 01:00:00+00:00,2.380749030075973
2025-01-04 02:00:00+00:00,2.3733111106286056
2025-01-04 03:00:00+00:00,2.37584581193237
2025-01-04 04:00:00+00:00,2.385423606037882
2025-01-04 05:00:00+00:00,2.384678593274555
2025-01-04 06:00:00+00:00,2.3851848468357293
2025-01-04 07:00:00+00:00,2.375890516776698
2025-01-04 08:00:00+00:00,2.374344173405228
2025-01-04 09:00:00+00:00,2.36949971161314
2025-01-04 10:00:00+00:00,2.3618561200958803
2025-01-04 11:00:00+00:00,2.363973889551385
2025-01-04 12:00:00+00:00,2.3813623606961936
2025-01-04 13:00:00+00:00,2.3884638625986785
2025-01-04 14:00:00+00:00,2.3743989330964705
2025-01-04 15:00:00+00:00,2.372847731817923
2025-01-04 16:00:00+00:00,2.3819419799836368
2025-01-04 17:00:00+00:00,2.3815443160628167
2025-01-04 18:00:00+00:00,2.381553084989231
2025-01-04 19:00:00+00:00,2.376221039854657
2025-01-04 20:00:00+00:00,2.386337449181956
2025-01-04 21:00:00+00:00,2.3805014482487885
2025-01-04 22:00:00+00:00,2.366049618989494
2025-01-04 23:00:00+00:00,2.383531818312791
2025-01-05 00:00:00+00:00,2.3727572335063836
2025-01-05 01:00:00+00:00,2.3761823911116524
2025-01-05 02:00:00+00:00,2.3916234922793977
2025-01-05 03:00:00+00:00,2.3966887638020484
2025-01-05 04:00:00+00:00,2.4000360268167125
2025-01-05 05:00:00+00:00,2.40371541869816
2025-01-05 06:00:00+00:00,2.4072873800478014
2025-01-05 07:00:00+00:00,2.4145326571436247
2025-01-05 08:00:00+00:00,2.396770181450459
2025-01-05 09:00:00+00:00,2.40014892661777
2025-01-05 10:00:00+00:00,2.3897382432121965
2025-01-05 11:00:00+00:00,2.39065335851259
2025-01-05 12:00:00+00:00,2.4061238509865044
2025-01-05 13:00:00+00:00,2.3994962755690015
2025-01-05 14:00:00+00:00,2.3782821251144677
2025-01-05 15:00:00+00:00,2.3823894459013064
2025-01-05 16:00:00+00:00,2.3937969491008326
2025-01-05 17:00:00+00:00,2.4004827113893428
2025-01-05 18:00:00+00:00,2.3925835396186277
2025-01-05 19:00:00+00:00,2.399347945270564
2025-01-05 20:00:00+00:00,2.4071252420282008
2025-01-05 21:00:00+00:00,2.418671137398716
2025-01-05 22:00:00+00:00,2.4142632901988894
2025-01-05 23:00:00+00:00,2.4186097985768877
2025-01-06 00:00:00+00:00,2.406009696269575
2025-01-06 01:00:00+00:00,2.4141534435705703
2025-01-06 02:00:00+00:00,2.40356423499354
2025-01-06 03:00:00+00:00,2.407719239549603
2025-01-06 04:00:00+00:00,2.413982644255512
2025-01-06 05:00:00+00:00,2.4111267641919576
2025-01-06 06:00:00+00:00,2.4120446265438376
2025-01-06 07:00:00+00:00,2.407411060337271
2025-01-06 08:00:00+00:00,2.4069875518357366
2025-01-06 09:00:00+00:00,2.4124634045553655
2025-01-06 10:00:00+00:00,2.4085830464461497
2025-01-06 11:00:00+00:00,2.4051503308470696
2025-01-06 12:00:00+00:00,2.4067709363492593
2025-01-06 13:00:00+00:00,2.404091996773566
2025-01-06 14:00:00+00:00,2.398128321076755
2025-01-06 15:00:00+00:00,2.4086079477459332
2025-01-06 16:00:00+00:00,2.4200283933532853
2025-01-06 17:00:00+00:00,2.4200487022219996
2025-01-06 18:00:00+00:00,2.4346320313195475
2025-01-06 19:00:00+00:00,2.4298776831914957
2025-01-06 20:00:00+00:00,2.4413929421079974
2025-01-06 21:00:00+00:00,2.4461682908185005
2025-01-06 22:00:00+00:00,2.4601191632902246
2025-01-06 23:00:00+00:00,2.459738794682414
2025-01-07 00:00:00+00:00,2.4730383705937156
2025-01-07 01:00:00+00:00,2.4730055004038483
2025-01-07 02:00:00+00:00,2.4730225667674244
2025-01-07 03:00:00+00:00,2.469119055416726
2025-01-07 04:00:00+00:00,2.4694311195863468
2025-01-07 05:00:00+00:00,2.464877035592173
2025-01-07 06:00:00+00:00,2.4819278713167234
2025-01-07 07:00:00+00:00,2.472458755362041
2025-01-07 08:00:00+00:00,2.462943183031218
2025-01-07 09:00:00+00:00,2.463612583209978
2025-01-07 10:00:00+00:00,2.4545369933376397
2025-01-07 11:00:00+00:00,2.4651450431760877
2025-01-07 12:00:00+00:00,2.467384278618411
2025-01-07 13:00:00+00:00,2.4830293535994308
2025-01-07 14:00:00+00:00,2.4870383022109706
2025-01-07 15:00:00+00:00,2.45443556691609
2025-01-07 16:00:00+00:00,2.46388500737718
2025-01-07 17:00:00+00:00,2.470691130487235
2025-01-07 18:00:00+00:00,2.4526402637603573
2025-01-07 19:00:00+00:00,2.4382488865452485
2025-01-07 20:00:00+00:00,2.426849311699307
2025-01-07 21:00:00+00:00,2.445830862112079
2025-01-07 22:00:00+00:00,2.4499312983022135
2025-01-07 23:00:00+00:00,2.4535773562490486
2025-01-08 00:00:00+00:00,2.4397217749580373
2025-01-08 01:00:00+00:00,2.455298257399352
2025-01-08 02:00:00+00:00,2.4635844944268714
2025-01-08 03:00:00+00:00,2.4790353993424494
2025-01-08 04:00:00+00:00,2.468152201171597
2025-01-08 05:00:00+00:00,2.47566136340009
2025-01-08 06:00:00+00:00,2.4832263894592237
2025-01-08 07:00:00+00:00,2.487612161092745
2025-01-08 08:00:00+00:00,2.4915566651686984
2025-01-08 09:00:00+00:00,2.5022875916347607
2025-01-08 10:00:00+00:00,2.500045455452865
2025-01-08 11:00:00+00:00,2.509799930166007
2025-01-08 12:00:00+00:00,2.514970583795753
2025-01-08 13:00:00+00:00,2.5103245047618383
2025-01-08 14:00:00+00:00,2.4961006088773
2025-01-08 15:00:00+00:00,2.506724836149216
2025-01-08 16:00:00+00:00,2.522683214880033
2025-01-08 17:00:00+00:00,2.4834263203041376
2025-01-08 18:00:00+00:00,2.490052996830984
2025-01-08 19:00:00+00:00,2.4928263549768146
2025-01-08 20:00:00+00:00,2.5053520681326287
2025-01-08 21:00:00+00:00,2.491910575190849
2025-01-08 22:00:00+00:00,2.4694091426656697
2025-01-08 23:00:00+00:00,2.4711393974519
2025-01-09 00:00:00+00:00,2.4858986723233767
2025-01-09 01:00:00+00:00,2.4750945879197523
2025-01-09 02:00:00+00:00,2.4726353490132107
2025-01-09 03:00:00+00:00,2.482102901761661
2025-01-09 04:00:00+00:00,2.4741287979665416
2025-01-09 05:00:00+00:00,2.4767149233449173
2025-01-09 06:00:00+00:00,2.488939281717654
2025-01-09 07:00:00+00:00,2.4912241313287113
2025-01-09 08:00:00+00:00,2.4936671584994685
2025-01-09 09:00:00+00:00,2.4947607099080313
2025-01-09 10:00:00+00:00,2.5021253976728453
2025-01-09 11:00:00+00:00,2.4954026219546943
2025-01-09 12:00:00+00:00,2.500567295610493
2025-01-09 13:00:00+00:00,2.523702801912568
2025-01-09 14:00:00+00:00,2.522704557133701
2025-01-09 15:00:00+00:00,2.5284936435288814
2025-01-09 16:00:00+00:00,2.5238917733843858
2025-01-09 17:00:00+00:00,2.5267257937969676
2025-01-09 18:00:00+00:00,2.528966818548601
2025-01-09 19:00:00+00:00,2.5250184470530863
2025-01-09 20:00:00+00:00,2.522219576118826
2025-01-09 21:00:00+00:00,2.5341575452507685
2025-01-09 22:00:00+00:00,2.523028420736679
2025-01-09 23:00:00+00:00,2.5293631694923095
2025-01-10 00:00:00+00:00,2.528527409716396
2025-01-10 01:00:00+00:00,2.523436775846829
2025-01-10 02:00:00+00:00,2.5370803314745576
2025-01-10 03:00:00+00:00,2.534634158883247
2025-01-10 04:00:00+00:00,2.5402891340260054
2025-01-10 05:00:00+00:00,2.5350168255957644
2025-01-10 06:00:00+00:00,2.489053742733766
2025-01-10 07:00:00+00:00,2.485409505048684
2025-01-10 08:00:00+00:00,2.4965038292613517
2025-01-10 09:00:00+00:00,2.5084810489889238
2025-01-10 10:00:00+00:00,2.5123451237324046
2025-01-10 11:00:00+00:00,2.5120108810846533
2025-01-10 12:00:00+00:00,2.5301996019175608
2025-01-10 13:00:00+00:00,2.5468572503944165
2025-01-10 14:00:00+00:00,2.5329601163552296
2025-01-10 15:00:00+00:00,2.531190479021187
2025-01-10 16:00:00+00:00,2.5389416548670254
2025-01-10 17:00:00+00:00,2.507237669951801
2025-01-10 18:00:00+00:00,2.494446983594804
2025-01-10 19:00:00+00:00,2.4828972635870046
2025-01-10 20:00:00+00:00,2.481683331202603
2025-01-10 21:00:00+00:00,2.486176034493667
2025-01-10 22:00:00+00:00,2.483208810996866
2025-01-10 23:00:00+00:00,2.4883042671188913
2025-01-11 00:00:00+00:00,2.4896711458897918
2025-01-11 01:00:00+00:00,2.4906577759692348
2025-01-11 02:00:00+00:00,2.492432393535456
2025-01-11 03:00:00+00:00,2.4913648564366646
2025-01-11 04:00:00+00:00,2.496590440738331
2025-01-11 05:00:00+00:00,2.4974510547701434
2025-01-11 06:00:00+00:00,2.4970693598952596
2025-01-11 07:00:00+00:00,2.4994453844647238
2025-01-11 08:00:00+00:00,2.5033622975205954
2025-01-11 09:00:00+00:00,2.493187521003581
2025-01-11 10:00:00+00:00,2.4799062345642815
2025-01-11 11:00:00+00:00,2.4797202159805503
2025-01-11 12:00:00+00:00,2.4880564431253096
2025-01-11 13:00:00+00:00,2.4843634327926636
2025-01-11 14:00:00+00:00,2.4888785102206037
2025-01-11 15:00:00+00:00,2.491280288408509
2025-01-11 16:00:00+00:00,2.469283026362772
2025-01-11 17:00:00+00:00,2.475359610843053
2025-01-11 18:00:00+00:00,2.4892424663231525
2025-01-11 19:00:00+00:00,2.4778369514014567
2025-01-11 20:00:00+00:00,2.449913771985149
2025-01-11 21:00:00+00:00,2.4788052697861542
2025-01-11 22:00:00+00:00,2.4885447920880233
2025-01-11 23:00:00+00:00,2.4841378994110057
2025-01-12 00:00:00+00:00,2.502024729060108
2025-01-12 01:00:00+00:00,2.501153323199242
2025-01-12 02:00:00+00:00,2.5026511384891066
2025-01-12 03:00:00+00:00,2.4951569258082875
2025-01-12 04:00:00+00:00,2.49560288697968
2025-01-12 05:00:00+00:00,2.501101884876468
2025-01-12 06:00:00+00:00,2.5046645474044644
2025-01-12 07:00:00+00:00,2.502570843329376
2025-01-12 08:00:00+00:00,2.502858316187011
2025-01-12 09:00:00+00:00,2.509814232842189
2025-01-12 10:00:00+00:00,2.504556668106732
2025-01-12 11:00:00+00:00,2.5090011236091962
2025-01-12 12:00:00+00:00,2.5072492574989576
2025-01-12 13:00:00+00:00,2.50430263476563
2025-01-12 14:00:00+00:00,2.50712881632906
2025-01-12 15:00:00+00:00,2.5137261903629833
2025-01-12 16:00:00+00:00,2.511517346435658
2025-01-12 17:00:00+00:00,2.506502723105882
2025-01-12 18:00:00+00:00,2.5138600607288493
2025-01-12 19:00:00+00:00,2.509805997792938
2025-01-12 20:00:00+00:00,2.5144944237762377
2025-01-12 21:00:00+00:00,2.520291776835037
2025-01-12 22:00:00+00:00,2.5134482455264164
2025-01-12 23:00:00+00:00,2.532769133550968
2025-01-13 00:00:00+00:00,2.53867628999686
2025-01-13 01:00:00+00:00,2.5464012610128655
2025-01-13 02:00:00+00:00,2.543997872178118
2025-01-13 03:00:00+00:00,2.547917132571991
2025-01-13 04:00:00+00:00,2.544940252811827
2025-01-13 05:00:00+00:00,2.5572005312379558
2025-01-13 06:00:00+00:00,2.5659502594139867
2025-01-13 07:00:00+00:00,2.568438977305335
2025-01-13 08:00:00+00:00,2.560428688459891
2025-01-13 09:00:00+00:00,2.5502029734301437
2025-01-13 10:00:00+00:00,2.550081493799343
2025-01-13 11:00:00+00:00,2.568064064464702
2025-01-13 12:00:00+00:00,2.545969505334711
2025-01-13 13:00:00+00:00,2.5399507070681127
2025-01-13 14:00:00+00:00,2.5376805488716063
2025-01-13 15:00:00+00:00,2.5382227049411465
2025-01-13 16:00:00+00:00,2.542792823774401
2025-01-13 17:00:00+00:00,2.539406596247757
2025-01-13 18:00:00+00:00,2.5359395570200425
2025-01-13 19:00:00+00:00,2.5306661995408017
2025-01-13 20:00:00+00:00,2.539452343509675
2025-01-13 21:00:00+00:00,2.545880318126081
2025-01-13 22:00:00+00:00,2.541009479491284
2025-01-13 23:00:00+00:00,2.5385583720932017
2025-01-14 00:00:00+00:00,2.54638955437348
2025-01-14 01:00:00+00:00,2.543552768675049
2025-01-14 02:00:00+00:00,2.5446019538806444
2025-01-14 03:00:00+00:00,2.5555768024376087
2025-01-14 04:00:00+00:00,2.556685701476918
2025-01-14 05:00:00+00:00,2.569427227379326
2025-01-14 06:00:00+00:00,2.5733348060394183
2025-01-14 07:00:00+00:00,2.5851535043719926
2025-01-14 08:00:00+00:00,2.5752458049578113
2025-01-14 09:00:00+00:00,2.5875833954743386
2025-01-14 10:00:00+00:00,2.5753263379000377
2025-01-14 11:00:00+00:00,2.579598589182543
2025-01-14 12:00:00+00:00,2.585294604707533
2025-01-14 13:00:00+00:00,2.592383791373194
2025-01-14 14:00:00+00:00,2.588463430587451
2025-01-14 15:00:00+00:00,2.591369767806055
2025-01-14 16:00:00+00:00,2.5676318549496195
2025-01-14 17:00:00+00:00,2.543721284577214
2025-01-14 18:00:00+00:00,2.553739838610476
2025-01-14 19:00:00+00:00,2.5530780021716515
2025-01-14 20:00:00+00:00,2.5642580993026782
2025-01-14 21:00:00+00:00,2.5560917871208515
2025-01-14 22:00:00+00:00,2.565806971389196
2025-01-14 23:00:00+00:00,2.5625666249030012
2025-01-15 00:00:00+00:00,2.562746418588497
2025-01-15 01:00:00+00:00,2.5097701677575857
2025-01-15 02:00:00+00:00,2.481912815124793
2025-01-15 03:00:00+00:00,2.500373213438814
2025-01-15 04:00:00+00:00,2.5021282246811047
2025-01-15 05:00:00+00:00,2.4897514356935138
2025-01-15 06:00:00+00:00,2.4981780244326766
2025-01-15 07:00:00+00:00,2.4921420339632347
2025-01-15 08:00:00+00:00,2.495582272916075
2025-01-15 09:00:00+00:00,2.499349374675473
2025-01-15 10:00:00+00:00,2.500686920605107
2025-01-15 11:00:00+00:00,2.5182902140615586
2025-01-15 12:00:00+00:00,2.515108504060228
2025-01-15 13:00:00+00:00,2.5173191680626426
2025-01-15 14:00:00+00:00,2.5355546239297166
2025-01-15 15:00:00+00:00,2.49084189299574
2025-01-15 16:00:00+00:00,2.515862187227363
2025-01-15 17:00:00+00:00,2.510465666697082
2025-01-15 18:00:00+00:00,2.5036748340788098
2025-01-15 19:00:00+00:00,2.5116910406137047
2025-01-15 20:00:00+00:00,2.5008325894716985
2025-01-15 21:00:00+00:00,2.472667585005687
2025-01-15 22:00:00+00:00,2.463475416274682
2025-01-15 23:00:00+00:00,2.4479961653653795
2025-01-16 00:00:00+00:00,2.4892812801808444
2025-01-16 01:00:00+00:00,2.4651165862527162
2025-01-16 02:00:00+00:00,2.469680423906572
2025-01-16 03:00:00+00:00,2.4669411298153063
2025-01-16 04:00:00+00:00,2.4530963009471716
2025-01-16 05:00:00+00:00,2.4577968115902786
2025-01-16 06:00:00+00:00,2.4390550196802327
2025-01-16 07:00:00+00:00,2.4443788521232426
2025-01-16 08:00:00+00:00,2.437059657836598
2025-01-16 09:00:00+00:00,2.456624788576214
2025-01-16 10:00:00+00:00,2.4420427972293055
2025-01-16 11:00:00+00:00,2.41501810601626
2025-01-16 12:00:00+00:00,2.4051792557409417
2025-01-16 13:00:00+00:00,2.41104400825223
2025-01-16 14:00:00+00:00,2.399149169491854
2025-01-16 15:00:00+00:00,2.392877673346034
2025-01-16 16:00:00+00:00,2.377733990106768
2025-01-16 17:00:00+00:00,2.382920311449234
2025-01-16 18:00:00+00:00,2.3832116250491087
2025-01-16 19:00:00+00:00,2.3844833613601724
2025-01-16 20:00:00+00:00,2.398105973693884
2025-01-16 21:00:00+00:00,2.3912999172433933
2025-01-16 22:00:00+00:00,2.4043732044048216
2025-01-16 23:00:00+00:00,2.4014279927740767
2025-01-17 00:00:00+00:00,2.3902926014098242
2025-01-17 01:00:00+00:00,2.41016802331952
2025-01-17 02:00:00+00:00,2.397618785038696
2025-01-17 03:00:00+00:00,2.408087876265549
2025-01-17 04:00:00+00:00,2.4146228673958956
2025-01-17 05:00:00+00:00,2.41240066001354
2025-01-17 06:00:00+00:00,2.411332581447068
2025-01-17 07:00:00+00:00,2.428025767480624
2025-01-17 08:00:00+00:00,2.447649503978781
2025-01-17 09:00:00+00:00,2.4537336564374166
2025-01-17 10:00:00+00:00,2.467124254819012
2025-01-17 11:00:00+00:00,2.4595010141082265
2025-01-17 12:00:00+00:00,2.4756061357157204
2025-01-17 13:00:00+00:00,2.473178653661288
2025-01-17 14:00:00+00:00,2.4718362092266273
2025-01-17 15:00:00+00:00,2.4946393969814595
2025-01-17 16:00:00+00:00,2.484255076175989
2025-01-17 17:00:00+00:00,2.499908402657881
2025-01-17 18:00:00+00:00,2.488614223693356
2025-01-17 19:00:00+00:00,2.481824550081789
2025-01-17 20:00:00+00:00,2.505153537650349
2025-01-17 21:00:00+00:00,2.489432085639998
2025-01-17 22:00:00+00:00,2.495360244578952
2025-01-17 23:00:00+00:00,2.4902226024516194
2025-01-18 00:00:00+00:00,2.5105960056193104
2025-01-18 01:00:00+00:00,2.51855198929332
2025-01-18 02:00:00+00:00,2.5014656654050267
2025-01-18 03:00:00+00:00,2.498657147512108
2025-01-18 04:00:00+00:00,2.5026906177627515
2025-01-18 05:00:00+00:00,2.5166781243414826
2025-01-18 06:00:00+00:00,2.5076825353093075
2025-01-18 07:00:00+00:00,2.510040143912574
2025-01-18 08:00:00+00:00,2.4977008726042995
2025-01-18 09:00:00+00:00,2.494141203708962
2025-01-18 10:00:00+00:00,2.4819393076988137
2025-01-18 11:00:00+00:00,2.5008895589191815
2025-01-18 12:00:00+00:00,2.482434680309609
2025-01-18 13:00:00+00:00,2.481299984299489
2025-01-18 14:00:00+00:00,2.4753122189546777
2025-01-18 15:00:00+00:00,2.4450876114278253
2025-01-18 16:00:00+00:00,2.4651815840342652
2025-01-18 17:00:00+00:00,2.44317037620625
2025-01-18 18:00:00+00:00,2.4281406898623037
2025-01-18 19:00:00+00:00,2.429141884130718
2025-01-18 20:00:00+00:00,2.4414900720851467
2025-01-18 21:00:00+00:00,2.440399918929858
2025-01-18 22:00:00+00:00,2.4353354851863735
2025-01-18 23:00:00+00:00,2.4213670609300753
2025-01-19 00:00:00+00:00,2.4481936968856552
2025-01-19 01:00:00+00:00,2.468030740091569
2025-01-19 02:00:00+00:00,2.47635923249008
2025-01-19 03:00:00+00:00,2.463700146440539
2025-01-19 04:00:00+00:00,2.420994370369666
2025-01-19 05:00:00+00:00,2.4324589724762933
2025-01-19 06:00:00+00:00,2.4068300882520686
2025-01-19 07:00:00+00:00,2.4118846776511855
2025-01-19 08:00:00+00:00,2.383922403185534
2025-01-19 09:00:00+00:00,2.387906106810175
2025-01-19 10:00:00+00:00,2.353141117367571
2025-01-19 11:00:00+00:00,2.3309975875425275
2025-01-19 12:00:00+00:00,2.369595003778187
2025-01-19 13:00:00+00:00,2.384769112914624
2025-01-19 14:00:00+00:00,2.4429794031650767
2025-01-19 15:00:00+00:00,2.443157993578369
2025-01-19 16:00:00+00:00,2.4534433155382183
2025-01-19 17:00:00+00:00,2.4538061869236394
2025-01-19 18:00:00+00:00,2.445759939665103
2025-01-19 19:00:00+00:00,2.436734333513314
2025-01-19 20:00:00+00:00,2.4157960621940378
2025-01-19 21:00:00+00:00,2.432879318873382
2025-01-19 22:00:00+00:00,2.4398209040436427
2025-01-19 23:00:00+00:00,2.4439322565326824
2025-01-20 00:00:00+00:00,2.456065278938676
2025-01-20 01:00:00+00:00,2.4480877615477588
2025-01-20 02:00:00+00:00,2.4655853427556784
2025-01-20 03:00:00+00:00,2.4499225391405126
2025-01-20 04:00:00+00:00,2.443806671733618
2025-01-20 05:00:00+00:00,2.4511595994682476
2025-01-20 06:00:00+00:00,2.456006899721048
2025-01-20 07:00:00+00:00,2.4555850755454527
2025-01-20 08:00:00+00:00,2.430846838298026
2025-01-20 09:00:00+00:00,2.4295744342728076
2025-01-20 10:00:00+00:00,2.4153222484341668
2025-01-20 11:00:00+00:00,2.4235102483458983
2025-01-20 12:00:00+00:00,2.427327955092187
2025-01-20 13:00:00+00:00,2.421428182818053
2025-01-20 14:00:00+00:00,2.4141863826333143
2025-01-20 15:00:00+00:00,2.4271450853376773
2025-01-20 16:00:00+00:00,2.425243465953145
2025-01-20 17:00:00+00:00,2.4437087697271522
2025-01-20 18:00:00+00:00,2.4422232075217183
2025-01-20 19:00:00+00:00,2.4636469194868305
2025-01-20 20:00:00+00:00,2.47557298511753
2025-01-20 21:00:00+00:00,2.463098843916498
2025-01-20 22:00:00+00:00,2.461444461816971
2025-01-20 23:00:00+00:00,2.4772634125690494
2025-01-21 00:00:00+00:00,2.470998460286765
2025-01-21 01:00:00+00:00,2.482447054649388
2025-01-21 02:00:00+00:00,2.454928836776224
2025-01-21 03:00:00+00:00,2.4688611536654084
2025-01-21 04:00:00+00:00,2.469777132067618
2025-01-21 05:00:00+00:00,2.4862962497013013
2025-01-21 06:00:00+00:00,2.4800500816863518
2025-01-21 07:00:00+00:00,2.493575550140009
2025-01-21 08:00:00+00:00,2.482687782350271
2025-01-21 09:00:00+00:00,2.503047584115208
2025-01-21 10:00:00+00:00,2.5284138110685346
2025-01-21 11:00:00+00:00,2.528051340184151
2025-01-21 12:00:00+00:00,2.5246389121288058
2025-01-21 13:00:00+00:00,2.515003365784136
2025-01-21 14:00:00+00:00,2.526209711789245
2025-01-21 15:00:00+00:00,2.5201531376019166
2025-01-21 16:00:00+00:00,2.5144851207213335
2025-01-21 17:00:00+00:00,2.5070868557398365
2025-01-21 18:00:00+00:00,2.4936753405209435
2025-01-21 19:00:00+00:00,2.4982920786737837
2025-01-21 20:00:00+00:00,2.4932246130778157
2025-01-21 21:00:00+00:00,2.4955686001236232
2025-01-21 22:00:00+00:00,2.5148958636548624
2025-01-21 23:00:00+00:00,2.5047871682429825
2025-01-22 00:00:00+00:00,2.507401364132069
2025-01-22 01:00:00+00:00,2.497650948845114
2025-01-22 02:00:00+00:00,2.5048084366452823
2025-01-22 03:00:00+00:00,2.500899407432988
2025-01-22 04:00:00+00:00,2.4970221953172094
2025-01-22 05:00:00+00:00,2.4945291625956374
2025-01-22 06:00:00+00:00,2.4902861199991007
2025-01-22 07:00:00+00:00,2.480989589322528
2025-01-22 08:00:00+00:00,2.4862533857793614
2025-01-22 09:00:00+00:00,2.4927560183275768
2025-01-22 10:00:00+00:00,2.493306835659567
2025-01-22 11:00:00+00:00,2.4905984956488862
2025-01-22 12:00:00+00:00,2.4850953074267066
2025-01-22 13:00:00+00:00,2.473813546286985
2025-01-22 14:00:00+00:00,2.4834304540328365
2025-01-22 15:00:00+00:00,2.4774621582468965
2025-01-22 16:00:00+00:00,2.4847005749702404
2025-01-22 17:00:00+00:00,2.481782206415908
2025-01-22 18:00:00+00:00,2.493796813758421
2025-01-22 19:00:00+00:00,2.4584324261913846
2025-01-22 20:00:00+00:00,2.447707589637061
2025-01-22 21:00:00+00:00,2.4636823434326898
2025-01-22 22:00:00+00:00,2.4676222072887146
2025-01-22 23:00:00+00:00,2.4680528232677714
2025-01-23 00:00:00+00:00,2.480410021863559
2025-01-23 01:00:00+00:00,2.4727065022903574
2025-01-23 02:00:00+00:00,2.478878896580809
2025-01-23 03:00:00+00:00,2.4820431168627297
2025-01-23 04:00:00+00:00,2.4864989110985287
2025-01-23 05:00:00+00:00,2.4818202316104543
2025-01-23 06:00:00+00:00,2.489035285239111
2025-01-23 07:00:00+00:00,2.496548763970782
2025-01-23 08:00:00+00:00,2.5058121901490122
2025-01-23 09:00:00+00:00,2.4968922311440687
2025-01-23 10:00:00+00:00,2.503081404072163
2025-01-23 11:00:00+00:00,2.510058999584389
2025-01-23 12:00:00+00:00,2.518330664815237
2025-01-23 13:00:00+00:00,2.5115829653324395
2025-01-23 14:00:00+00:00,2.5117935312782733
2025-01-23 15:00:00+00:00,2.515868457082081
2025-01-23 16:00:00+00:00,2.51312152041095
2025-01-23 17:00:00+00:00,2.510324036045165
2025-01-23 18:00:00+00:00,2.5051284135915473
2025-01-23 19:00:00+00:00,2.504361820662112
2025-01-23 20:00:00+00:00,2.5036654451396325
2025-01-23 21:00:00+00:00,2.5041787418648322
2025-01-23 22:00:00+00:00,2.510731967942475
2025-01-23 23:00:00+00:00,2.5088576080656306
2025-01-24 00:00:00+00:00,2.506300636178105
2025-01-24 01:00:00+00:00,2.5116267506273586
2025-01-24 02:00:00+00:00,2.5109086015842843
2025-01-24 03:00:00+00:00,2.5011584103568443
2025-01-24 04:00:00+00:00,2.5018056165704627
2025-01-24 05:00:00+00:00,2.5066143424619116
2025-01-24 06:00:00+00:00,2.49754355858658
2025-01-24 07:00:00+00:00,2.497925916629429
2025-01-24 08:00:00+00:00,2.4943746737925827
2025-01-24 09:00:00+00:00,2.4974264897052696
2025-01-24 10:00:00+00:00,2.4906669088491684
2025-01-24 11:00:00+00:00,2.4912066171096643
2025-01-24 12:00:00+00:00,2.5044833541646256
2025-01-24 13:00:00+00:00,2.5026574975672062
2025-01-24 14:00:00+00:00,2.5033931479461886
2025-01-24 15:00:00+00:00,2.515542721098113
2025-01-24 16:00:00+00:00,2.522279291229166
2025-01-24 17:00:00+00:00,2.52273614040544
2025-01-24 18:00:00+00:00,2.5262993831060774
2025-01-24 19:00:00+00:00,2.5281194266645506
2025-01-24 20:00:00+00:00,2.5206885464532935
2025-01-24 21:00:00+00:00,2.517637365875302
2025-01-24 22:00:00+00:00,2.521011462820725
2025-01-24 23:00:00+00:00,2.522103852497375
2025-01-25 00:00:00+00:00,2.5229034654236226
2025-01-25 01:00:00+00:00,2.524184033864395
2025-01-25 02:00:00+00:00,2.5369500070336763
2025-01-25 03:00:00+00:00,2.5364676058713114
2025-01-25 04:00:00+00:00,2.539078605167047
2025-01-25 05:00:00+00:00,2.535646663575089
2025-01-25 06:00:00+00:00,2.5439160493454422
2025-01-25 07:00:00+00:00,2.5366150136054344
2025-01-25 08:00:00+00:00,2.5338111071368474
2025-01-25 09:00:00+00:00,2.535195135116267
2025-01-25 10:00:00+00:00,2.5367235851600363
2025-01-25 11:00:00+00:00,2.537474975785501
2025-01-25 12:00:00+00:00,2.5345693005037613
2025-01-25 13:00:00+00:00,2.5385647268087275
2025-01-25 14:00:00+00:00,2.5290352977827752
2025-01-25 15:00:00+00:00,2.5259846609211616
2025-01-25 16:00:00+00:00,2.5276529371628884
2025-01-25 17:00:00+00:00,2.5193218597710683
2025-01-25 18:00:00+00:00,2.5174478322720715
2025-01-25 19:00:00+00:00,2.5164559432684532
2025-01-25 20:00:00+00:00,2.513975853634445
2025-01-25 21:00:00+00:00,2.5076514781626082
2025-01-25 22:00:00+00:00,2.510183392521479
2025-01-25 23:00:00+00:00,2.515109028097818
2025-01-26 00:00:00+00:00,2.512934118906726
2025-01-26 01:00:00+00:00,2.51442410840712
2025-01-26 02:00:00+00:00,2.5090079192764003
2025-01-26 03:00:00+00:00,2.515449983389834
2025-01-26 04:00:00+00:00,2.518235883779037
2025-01-26 05:00:00+00:00,2.5169042716934187
2025-01-26 06:00:00+00:00,2.512643742443321
2025-01-26 07:00:00+00:00,2.5080175878113398
2025-01-26 08:00:00+00:00,2.5114708743474936
2025-01-26 09:00:00+00:00,2.5147970580297416
2025-01-26 10:00:00+00:00,2.512469076172029
2025-01-26 11:00:00+00:00,2.5131741829850562
2025-01-26 12:00:00+00:00,2.5096417554844086
2025-01-26 13:00:00+00:00,2.512137295747691
2025-01-26 14:00:00+00:00,2.511119065105975
2025-01-26 15:00:00+00:00,2.5168080151056915
2025-01-26 16:00:00+00:00,2.505295400045339
2025-01-26 17:00:00+00:00,2.51539473426335
2025-01-26 18:00:00+00:00,2.5146733018870338
2025-01-26 19:00:00+00:00,2.5139553385614724
2025-01-26 20:00:00+00:00,2.5205768055870323
2025-01-26 21:00:00+00:00,2.5145011032046174
2025-01-26 22:00:00+00:00,2.5245093431723076
2025-01-26 23:00:00+00:00,2.514747316694701
2025-01-27 00:00:00+00:00,2.5001316618574103
2025-01-27 01:00:00+00:00,2.4954701170434372
2025-01-27 02:00:00+00:00,2.4804927223842914
2025-01-27 03:00:00+00:00,2.48345671626258
2025-01-27 04:00:00+00:00,2.480201877167003
2025-01-27 05:00:00+00:00,2.4776885639367947
2025-01-27 06:00:00+00:00,2.4923039886405216
2025-01-27 07:00:00+00:00,2.487368245755519
2025-01-27 08:00:00+00:00,2.4873337950191465
2025-01-27 09:00:00+00:00,2.4903282499226815
2025-01-27 10:00:00+00:00,2.495580499103879
2025-01-27 11:00:00+00:00,2.4821699381085107
2025-01-27 12:00:00+00:00,2.486294802627653
2025-01-27 13:00:00+00:00,2.489371334266605
2025-01-27 14:00:00+00:00,2.484561035319937
2025-01-27 15:00:00+00:00,2.490227231664342
2025-01-27 16:00:00+00:00,2.493530112170155
2025-01-27 17:00:00+00:00,2.498250233765145
2025-01-27 18:00:00+00:00,2.4982727722113607
2025-01-27 19:00:00+00:00,2.501028230486102
2025-01-27 20:00:00+00:00,2.511206588509997
2025-01-27 21:00:00+00:00,2.5089950751436625
2025-01-27 22:00:00+00:00,2.5016042987641187
2025-01-27 23:00:00+00:00,2.497544309131218
2025-01-28 00:00:00+00:00,2.5008843977217006
2025-01-28 01:00:00+00:00,2.4963470124163156
2025-01-28 02:00:00+00:00,2.4957957485826596
2025-01-28 03:00:00+00:00,2.490856117167802
2025-01-28 04:00:00+00:00,2.4786991231086253
2025-01-28 05:00:00+00:00,2.480299952738293
2025-01-28 06:00:00+00:00,2.4837822813686574
2025-01-28 07:00:00+00:00,2.4869057074504677
2025-01-28 08:00:00+00:00,2.4878172406193104
2025-01-28 09:00:00+00:00,2.4836224902471193
2025-01-28 10:00:00+00:00,2.4846968523021116
2025-01-28 11:00:00+00:00,2.478115780165314
2025-01-28 12:00:00+00:00,2.4656031500185676
2025-01-28 13:00:00+00:00,2.476833185330637
2025-01-28 14:00:00+00:00,2.4719410514441473
2025-01-28 15:00:00+00:00,2.473417808441008
2025-01-28 16:00:00+00:00,2.4658236026409934
2025-01-28 17:00:00+00:00,2.475768024919041
2025-01-28 18:00:00+00:00,2.473046515611593
2025-01-28 19:00:00+00:00,2.4670189358199255
2025-01-28 20:00:00+00:00,2.477048465810334
2025-01-28 21:00:00+00:00,2.4835377250212005
2025-01-28 22:00:00+00:00,2.4605223577043858
2025-01-28 23:00:00+00:00,2.468717415702826
2025-01-29 00:00:00+00:00,2.479625680558869
2025-01-29 01:00:00+00:00,2.492747033290306
2025-01-29 02:00:00+00:00,2.5028450687523147
2025-01-29 03:00:00+00:00,2.497269171310557
2025-01-29 04:00:00+00:00,2.5038918763254316
2025-01-29 05:00:00+00:00,2.4945003678267637
2025-01-29 06:00:00+00:00,2.507972700770444
2025-01-29 07:00:00+00:00,2.5173313520042147
2025-01-29 08:00:00+00:00,2.5202065115836607
2025-01-29 09:00:00+00:00,2.517498171530123
2025-01-29 10:00:00+00:00,2.5189914434902727
2025-01-29 11:00:00+00:00,2.5319674494573587
2025-01-29 12:00:00+00:00,2.5346217086891083
2025-01-29 13:00:00+00:00,2.5218283177962277
2025-01-29 14:00:00+00:00,2.5123887520983708
2025-01-29 15:00:00+00:00,2.5163571055867884
2025-01-29 16:00:00+00:00,2.5203812790160827
2025-01-29 17:00:00+00:00,2.5354546575643084
2025-01-29 18:00:00+00:00,2.532569783537092
2025-01-29 19:00:00+00:00,2.5439999382701672
2025-01-29 20:00:00+00:00,2.546933868720606
2025-01-29 21:00:00+00:00,2.545210062980209
2025-01-29 22:00:00+00:00,2.534925021139189
2025-01-29 23:00:00+00:00,2.5335878135044307
2025-01-30 00:00:00+00:00,2.5252404323925046
2025-01-30 01:00:00+00:00,2.5300814163570444
2025-01-30 02:00:00+00:00,2.5324401535483414
2025-01-30 03:00:00+00:00,2.5468100687710815
2025-01-30 04:00:00+00:00,2.552237269051421
2025-01-30 05:00:00+00:00,2.5475310309475296
2025-01-30 06:00:00+00:00,2.5490181236109852
2025-01-30 07:00:00+00:00,2.551809664155237
2025-01-30 08:00:00+00:00,2.555091806365476
2025-01-30 09:00:00+00:00,2.561404303318594
2025-01-30 10:00:00+00:00,2.5709630950840294
2025-01-30 11:00:00+00:00,2.569969135255249
2025-01-30 12:00:00+00:00,2.5668030252497234
2025-01-30 13:00:00+00:00,2.5753142785341936
2025-01-30 14:00:00+00:00,2.577081630986552
2025-01-30 15:00:00+00:00,2.579413644135111
2025-01-30 16:00:00+00:00,2.5778259614768424
2025-01-30 17:00:00+00:00,2.5886296065918954
2025-01-30 18:00:00+00:00,2.579981562788681
2025-01-30 19:00:00+00:00,2.572073027883718
2025-01-30 20:00:00+00:00,2.574991513526562
2025-01-30 21:00:00+00:00,2.5723540308854598
2025-01-30 22:00:00+00:00,2.570395328069006
2025-01-30 23:00:00+00:00,2.565136703697711
2025-01-31 00:00:00+00:00,2.5668218628625445
2025-01-31 01:00:00+00:00,2.5697473371895843
2025-01-31 02:00:00+00:00,2.560175284245132
2025-01-31 03:00:00+00:00,2.561046738254627
2025-01-31 04:00:00+00:00,2.5637983120289016
2025-01-31 05:00:00+00:00,2.562293480013906
2025-01-31 06:00:00+00:00,2.577971798056462
2025-01-31 07:00:00+00:00,2.583577591348429
2025-01-31 08:00:00+00:00,2.5815151895176567
2025-01-31 09:00:00+00:00,2.5752990918541268
2025-01-31 10:00:00+00:00,2.5737171229171736
2025-01-31 11:00:00+00:00,2.582247592333151
2025-01-31 12:00:00+00:00,2.6135648005098933
2025-01-31 13:00:00+00:00,2.6116638983055496
2025-01-31 14:00:00+00:00,2.60976478031969
2025-01-31 15:00:00+00:00,2.6309347534146
2025-01-31 16:00:00+00:00,2.635235853034974
2025-01-31 17:00:00+00:00,2.6292307548426264
2025-01-31 18:00:00+00:00,2.6217974517321645
2025-01-31 19:00:00+00:00,2.624059565130882
2025-01-31 20:00:00+00:00,2.6232699858895874
2025-01-31 21:00:00+00:00,2.60435211866405
2025-01-31 22:00:00+00:00,2.607393599528918
2025-01-31 23:00:00+00:00,2.610662136590259
2025-02-01 00:00:00+00:00,2.607600308710338
2025-02-01 01:00:00+00:00,2.6066715863189
2025-02-01 02:00:00+00:00,2.603014637135776
2025-02-01 03:00:00+00:00,2.6010623271024156
2025-02-01 04:00:00+00:00,2.6052113665238745
2025-02-01 05:00:00+00:00,2.5962126856609506
2025-02-01 06:00:00+00:00,2.6001368394241378
2025-02-01 07:00:00+00:00,2.6054659586670668
2025-02-01 08:00:00+00:00,2.596885989134501
2025-02-01 09:00:00+00:00,2.6031206594238943
2025-02-01 10:00:00+00:00,2.6156706105801786
2025-02-01 11:00:00+00:00,2.6045541059065775
2025-02-01 12:00:00+00:00,2.6067227931590415
2025-02-01 13:00:00+00:00,2.6131642729982985
2025-02-01 14:00:00+00:00,2.6169817812424983
2025-02-01 15:00:00+00:00,2.6010035915830603
2025-02-01 16:00:00+00:00,2.610192471908499
2025-02-01 17:00:00+00:00,2.6058667803795106
2025-02-01 18:00:00+00:00,2.6023808222954403
2025-02-01 19:00:00+00:00,2.5857326032002015
2025-02-01 20:00:00+00:00,2.576009442454253
2025-02-01 21:00:00+00:00,2.5772143256877573
2025-02-01 22:00:00+00:00,2.573232140035831
2025-02-01 23:00:00+00:00,2.5558275514817126
2025-02-02 00:00:00+00:00,2.569023064248745
2025-02-02 01:00:00+00:00,2.5810778352645563
2025-02-02 02:00:00+00:00,2.5705824651199567
2025-02-02 03:00:00+00:00,2.557930093072998
2025-02-02 04:00:00+00:00,2.560440706555393
2025-02-02 05:00:00+00:00,2.569906357698302
2025-02-02 06:00:00+00:00,2.5741207654901284
2025-02-02 07:00:00+00:00,2.571167918180552
2025-02-02 08:00:00+00:00,2.5763796229420612
2025-02-02 09:00:00+00:00,2.5716529239734935
2025-02-02 10:00:00+00:00,2.5795614027456817
2025-02-02 11:00:00+00:00,2.5653964485645195
2025-02-02 12:00:00+00:00,2.5708315871584695
2025-02-02 13:00:00+00:00,2.5836936624082196
2025-02-02 14:00:00+00:00,2.575422448570418
2025-02-02 15:00:00+00:00,2.5728629024855114
2025-02-02 16:00:00+00:00,2.5352722420361706
2025-02-02 17:00:00+00:00,2.5077970803317253
2025-02-02 18:00:00+00:00,2.494316207867729
2025-02-02 19:00:00+00:00,2.500473396805858
2025-02-02 20:00:00+00:00,2.507565207571017
2025-02-02 21:00:00+00:00,2.4917583424166976
2025-02-02 22:00:00+00:00,2.461143764461511
2025-02-02 23:00:00+00:00,2.469545395960621
2025-02-03 00:00:00+00:00,2.4407139133952027
2025-02-03 01:00:00+00:00,2.332113221099204
2025-02-03 02:00:00+00:00,2.2939676670558056
2025-02-03 03:00:00+00:00,2.3570178068120566
2025-02-03 04:00:00+00:00,2.3343205773302262
2025-02-03 05:00:00+00:00,2.3570050098265045
2025-02-03 06:00:00+00:00,2.390408535877017
2025-02-03 07:00:00+00:00,2.4033568132059733
2025-02-03 08:00:00+00:00,2.3806825818177004
2025-02-03 09:00:00+00:00,2.3931168870732717
2025-02-03 10:00:00+00:00,2.394067573060338
2025-02-03 11:00:00+00:00,2.3909887908275387
2025-02-03 12:00:00+00:00,2.3979218832051
2025-02-03 13:00:00+00:00,2.3943462707162038
2025-02-03 14:00:00+00:00,2.3817276240964977
2025-02-03 15:00:00+00:00,2.426003908205711
2025-02-03 16:00:00+00:00,2.4384917518899334
2025-02-03 17:00:00+00:00,2.420030452186569
2025-02-03 18:00:00+00:00,2.4188334348831466
2025-02-03 19:00:00+00:00,2.4319057487781417
2025-02-03 20:00:00+00:00,2.4313070984427707
2025-02-03 21:00:00+00:00,2.449651878462828
2025-02-03 22:00:00+00:00,2.4783271495131567
2025-02-03 23:00:00+00:00,2.4796793806415045
2025-02-04 00:00:00+00:00,2.484895812982791
2025-02-04 01:00:00+00:00,2.4731130487750077
2025-02-04 02:00:00+00:00,2.466582805151903
2025-02-04 03:00:00+00:00,2.4565668550124005
2025-02-04 04:00:00+00:00,2.4655710686251466
2025-02-04 05:00:00+00:00,2.4273494814618384
2025-02-04 06:00:00+00:00,2.4265614175229593
2025-02-04 07:00:00+00:00,2.418795937081374
2025-02-04 08:00:00+00:00,2.4237902732848533
2025-02-04 09:00:00+00:00,2.4273712807697914
2025-02-04 10:00:00+00:00,2.4283808275140433
2025-02-04 11:00:00+00:00,2.4352343622608714
2025-02-04 12:00:00+00:00,2.435528348212967
2025-02-04 13:00:00+00:00,2.4392422905915976
2025-02-04 14:00:00+00:00,2.438918828211118
2025-02-04 15:00:00+00:00,2.4319755177101605
2025-02-04 16:00:00+00:00,2.4419842027073924
2025-02-04 17:00:00+00:00,2.4319638872318157
2025-02-04 18:00:00+00:00,2.4413260636139498
2025-02-04 19:00:00+00:00,2.437416523848067
2025-02-04 20:00:00+00:00,2.424240125192003
2025-02-04 21:00:00+00:00,2.425716469254869
2025-02-04 22:00:00+00:00,2.427985434406406
2025-02-04 23:00:00+00:00,2.4396473282000755
2025-02-05 00:00:00+00:00,2.429366982349229
2025-02-05 01:00:00+00:00,2.436682792473676
2025-02-05 02:00:00+00:00,2.4428217762140356
2025-02-05 03:00:00+00:00,2.4365243614894108
2025-02-05 04:00:00+00:00,2.439389072581469
2025-02-05 05:00:00+00:00,2.4545808012125363
2025-02-05 06:00:00+00:00,2.457186336992308
2025-02-05 07:00:00+00:00,2.45567359504373
2025-02-05 08:00:00+00:00,2.457317963382261
2025-02-05 09:00:00+00:00,2.465925097498812
2025-02-05 10:00:00+00:00,2.453166104569922
2025-02-05 11:00:00+00:00,2.4604297379620825
2025-02-05 12:00:00+00:00,2.457767091079655
2025-02-05 13:00:00+00:00,2.4534628061728547
2025-02-05 14:00:00+00:00,2.4572132452749536
2025-02-05 15:00:00+00:00,2.454031793066408
2025-02-05 16:00:00+00:00,2.445725783472145
2025-02-05 17:00:00+00:00,2.4404529661485217
2025-02-05 18:00:00+00:00,2.448862636174517
2025-02-05 19:00:00+00:00,2.4591145273281887
2025-02-05 20:00:00+00:00,2.4555764001398
2025-02-05 21:00:00+00:00,2.4597053501060206
2025-02-05 22:00:00+00:00,2.452226621961511
2025-02-05 23:00:00+00:00,2.4601787541895894
2025-02-06 00:00:00+00:00,2.4552368874004653
2025-02-06 01:00:00+00:00,2.451591061803068
2025-02-06 02:00:00+00:00,2.458214996514064
2025-02-06 03:00:00+00:00,2.4598507889899346
2025-02-06 04:00:00+00:00,2.4645825064788967
2025-02-06 05:00:00+00:00,2.4576786310353427
2025-02-06 06:00:00+00:00,2.456029375820942
2025-02-06 07:00:00+00:00,2.452694034109668
2025-02-06 08:00:00+00:00,2.4535388560617233
2025-02-06 09:00:00+00:00,2.4517878161388045
2025-02-06 10:00:00+00:00,2.452156560046702
2025-02-06 11:00:00+00:00,2.4381290637030637
2025-02-06 12:00:00+00:00,2.442694006316243
2025-02-06 13:00:00+00:00,2.4458451266727623
2025-02-06 14:00:00+00:00,2.444156891638051
2025-02-06 15:00:00+00:00,2.4223218796818697
2025-02-06 16:00:00+00:00,2.430103067023472
2025-02-06 17:00:00+00:00,2.433014232791288
2025-02-06 18:00:00+00:00,2.441867765257785
2025-02-06 19:00:00+00:00,2.441763489890068
2025-02-06 20:00:00+00:00,2.4386575466056977
2025-02-06 21:00:00+00:00,2.423080501730557
2025-02-06 22:00:00+00:00,2.4252362771411944
2025-02-06 23:00:00+00:00,2.425652782433285
2025-02-07 00:00:00+00:00,2.434770804562492
2025-02-07 01:00:00+00:00,2.440776755216631
2025-02-07 02:00:00+00:00,2.4369468628175848
2025-02-07 03:00:00+00:00,2.4293251562355067
2025-02-07 04:00:00+00:00,2.4326052518327113
2025-02-07 05:00:00+00:00,2.421546026946212
2025-02-07 06:00:00+00:00,2.4331998302162154
2025-02-07 07:00:00+00:00,2.443540363882112
2025-02-07 08:00:00+00:00,2.4451526527629435
2025-02-07 09:00:00+00:00,2.449439468715774
2025-02-07 10:00:00+00:00,2.449890763802339
2025-02-07 11:00:00+00:00,2.4442053261374745
2025-02-07 12:00:00+00:00,2.443480484113027
2025-02-07 13:00:00+00:00,2.44783898123412
2025-02-07 14:00:00+00:00,2.4497761858948754
2025-02-07 15:00:00+00:00,2.446341174434817
2025-02-07 16:00:00+00:00,2.436386238381554
2025-02-07 17:00:00+00:00,2.4394407347280294
2025-02-07 18:00:00+00:00,2.4501732252544115
2025-02-07 19:00:00+00:00,2.4497902670588663
2025-02-07 20:00:00+00:00,2.4336483977578576
2025-02-07 21:00:00+00:00,2.42725306917488
2025-02-07 22:00:00+00:00,2.404559578426659
2025-02-07 23:00:00+00:00,2.416508394020007
2025-02-08 00:00:00+00:00,2.442263421541033
2025-02-08 01:00:00+00:00,2.4331286885671357
2025-02-08 02:00:00+00:00,2.4196456634879784
2025-02-08 03:00:00+00:00,2.4340493291056515
2025-02-08 04:00:00+00:00,2.4363474574835373
2025-02-08 05:00:00+00:00,2.4211350380278636
2025-02-08 06:00:00+00:00,2.428203447662829
2025-02-08 07:00:00+00:00,2.4348154513672737
2025-02-08 08:00:00+00:00,2.4292424504119383
2025-02-08 09:00:00+00:00,2.430777194504302
2025-02-08 10:00:00+00:00,2.4310922202329612
2025-02-08 11:00:00+00:00,2.4322809744958116
2025-02-08 12:00:00+00:00,2.430312261310225
2025-02-08 13:00:00+00:00,2.4374754603549063
2025-02-08 14:00:00+00:00,2.434646641260818
2025-02-08 15:00:00+00:00,2.4378872733332377
2025-02-08 16:00:00+00:00,2.436851177914105
2025-02-08 17:00:00+00:00,2.4491942462300735
2025-02-08 18:00:00+00:00,2.451784936230153
2025-02-08 19:00:00+00:00,2.446570403382939
2025-02-08 20:00:00+00:00,2.4493425192961538
2025-02-08 21:00:00+00:00,2.45607647790631
2025-02-08 22:00:00+00:00,2.4532080535691727
2025-02-08 23:00:00+00:00,2.459528607192727
2025-02-09 00:00:00+00:00,2.4507992860353536
2025-02-09 01:00:00+00:00,2.451558888986796
2025-02-09 02:00:00+00:00,2.451176268874977
2025-02-09 03:00:00+00:00,2.4662950353827338
2025-02-09 04:00:00+00:00,2.457802782507145
2025-02-09 05:00:00+00:00,2.4591359474200782
2025-02-09 06:00:00+00:00,2.450544325583396
2025-02-09 07:00:00+00:00,2.4611240340113207
2025-02-09 08:00:00+00:00,2.4631061532190612
2025-02-09 09:00:00+00:00,2.464145046666452
2025-02-09 10:00:00+00:00,2.455216853031223
2025-02-09 11:00:00+00:00,2.4576148615960696
2025-02-09 12:00:00+00:00,2.456629707579872
2025-02-09 13:00:00+00:00,2.449555860763695
2025-02-09 14:00:00+00:00,2.452120354543275
2025-02-09 15:00:00+00:00,2.4673999105257627
2025-02-09 16:00:00+00:00,2.473212024716852
2025-02-09 17:00:00+00:00,2.4711925511464488
2025-02-09 18:00:00+00:00,2.470671754291207
2025-02-09 19:00:00+00:00,2.4637282864248093
2025-02-09 20:00:00+00:00,2.4656357808796785
2025-02-09 21:00:00+00:00,2.4518944191143226
2025-02-09 22:00:00+00:00,2.4583345152875613
2025-02-09 23:00:00+00:00,2.465235992881129
2025-02-10 00:00:00+00:00,2.4790226175763244
2025-02-10 01:00:00+00:00,2.4608054197756535
2025-02-10 02:00:00+00:00,2.4585010323940595
2025-02-10 03:00:00+00:00,2.472584249844462
2025-02-10 04:00:00+00:00,2.4783102300227142
2025-02-10 05:00:00+00:00,2.4935890379716064
2025-02-10 06:00:00+00:00,2.480123339855121
2025-02-10 07:00:00+00:00,2.4808078368182573
2025-02-10 08:00:00+00:00,2.4837108719269874
2025-02-10 09:00:00+00:00,2.488103405765564
2025-02-10 10:00:00+00:00,2.4831856430002577
2025-02-10 11:00:00+00:00,2.4872459515483456
2025-02-10 12:00:00+00:00,2.4857278364204136
2025-02-10 13:00:00+00:00,2.4967147742389804
2025-02-10 14:00:00+00:00,2.496044958740283
2025-02-10 15:00:00+00:00,2.498222812933628
2025-02-10 16:00:00+00:00,2.5029182931181446
2025-02-10 17:00:00+00:00,2.502517703271306
2025-02-10 18:00:00+00:00,2.5060735957960163
2025-02-10 19:00:00+00:00,2.5028418338114955
2025-02-10 20:00:00+00:00,2.5109859512148476
2025-02-10 21:00:00+00:00,2.505992691448056
2025-02-10 22:00:00+00:00,2.507300951322193
2025-02-10 23:00:00+00:00,2.502986151028371
2025-02-11 00:00:00+00:00,2.526806261426237
2025-02-11 01:00:00+00:00,2.5306784851701405
2025-02-11 02:00:00+00:00,2.531059923514301
2025-02-11 03:00:00+00:00,2.5338362509981445
2025-02-11 04:00:00+00:00,2.5456206071016836
2025-02-11 05:00:00+00:00,2.543662993239152
2025-02-11 06:00:00+00:00,2.55710712982234
2025-02-11 07:00:00+00:00,2.5519156304429362
2025-02-11 08:00:00+00:00,2.5606562249996996
2025-02-11 09:00:00+00:00,2.5580866120620396
2025-02-11 10:00:00+00:00,2.5562885350646005
2025-02-11 11:00:00+00:00,2.559851161116094
2025-02-11 12:00:00+00:00,2.558230809329551
2025-02-11 13:00:00+00:00,2.554896456200949
2025-02-11 14:00:00+00:00,2.575162372440896
2025-02-11 15:00:00+00:00,2.5704317212958743
2025-02-11 16:00:00+00:00,2.5784285290674602
2025-02-11 17:00:00+00:00,2.571816389885436
2025-02-11 18:00:00+00:00,2.568382450659246
2025-02-11 19:00:00+00:00,2.572752268852388
2025-02-11 20:00:00+00:00,2.5736870949147725
2025-02-11 21:00:00+00:00,2.57070796217064
2025-02-11 22:00:00+00:00,2.5740422337922118
2025-02-11 23:00:00+00:00,2.5733355097574346
2025-02-12 00:00:00+00:00,2.5820975050466046
2025-02-12 01:00:00+00:00,2.5829535264619756
2025-02-12 02:00:00+00:00,2.5850866652818154
2025-02-12 03:00:00+00:00,2.580723613536367
2025-02-12 04:00:00+00:00,2.57006935318221
2025-02-12 05:00:00+00:00,2.577623029996522
2025-02-12 06:00:00+00:00,2.577121849087923
2025-02-12 07:00:00+00:00,2.5718935648539887
2025-02-12 08:00:00+00:00,2.5685961738283893
2025-02-12 09:00:00+00:00,2.572737989177888
2025-02-12 10:00:00+00:00,2.571093320932144
2025-02-12 11:00:00+00:00,2.5779507125870387
2025-02-12 12:00:00+00:00,2.590839047001684
2025-02-12 13:00:00+00:00,2.592017735452591
2025-02-12 14:00:00+00:00,2.578570426049737
2025-02-12 15:00:00+00:00,2.591365174366319
2025-02-12 16:00:00+00:00,2.5909127950235873
2025-02-12 17:00:00+00:00,2.6046044060748295
2025-02-12 18:00:00+00:00,2.6119750649924542
2025-02-12 19:00:00+00:00,2.619062904785149
2025-02-12 20:00:00+00:00,2.623764499126855
2025-02-12 21:00:00+00:00,2.6127598687306457
2025-02-12 22:00:00+00:00,2.6349342328727783
2025-02-12 23:00:00+00:00,2.6436201912846595
2025-02-13 00:00:00+00:00,2.633748216710689
2025-02-13 01:00:00+00:00,2.642752890736415
2025-02-13 02:00:00+00:00,2.64761210498804
2025-02-13 03:00:00+00:00,2.637295310915553
2025-02-13 04:00:00+00:00,2.6618471114048687
2025-02-13 05:00:00+00:00,2.650330724656866
2025-02-13 06:00:00+00:00,2.6485439825280546
2025-02-13 07:00:00+00:00,2.6526717177117853
2025-02-13 08:00:00+00:00,2.657965268226155
2025-02-13 09:00:00+00:00,2.6520555931647034
2025-02-13 10:00:00+00:00,2.645646426979771
2025-02-13 11:00:00+00:00,2.6382428087383145
2025-02-13 12:00:00+00:00,2.6502960593469846
2025-02-13 13:00:00+00:00,2.6055634591035113
2025-02-13 14:00:00+00:00,2.648113675427497
2025-02-13 15:00:00+00:00,2.6411080932351774
2025-02-13 16:00:00+00:00,2.7009703143758497
2025-02-13 17:00:00+00:00,2.7013771162340023
2025-02-13 18:00:00+00:00,2.704956809813869
2025-02-13 19:00:00+00:00,2.71209844608942
2025-02-13 20:00:00+00:00,2.7060088727049325
2025-02-13 21:00:00+00:00,2.7073153387946784
2025-02-13 22:00:00+00:00,2.711815476550434
2025-02-13 23:00:00+00:00,2.706127494110578
2025-02-14 00:00:00+00:00,2.7108797389639547
2025-02-14 01:00:00+00:00,2.7149533141298003
2025-02-14 02:00:00+00:00,2.731712991216331
2025-02-14 03:00:00+00:00,2.7289826260965344
2025-02-14 04:00:00+00:00,2.7287175106993318
2025-02-14 05:00:00+00:00,2.7263144603330103
2025-02-14 06:00:00+00:00,2.7243984118083238
2025-02-14 07:00:00+00:00,2.7279317299141073
2025-02-14 08:00:00+00:00,2.7321681740736614
2025-02-14 09:00:00+00:00,2.747385437458462
2025-02-14 10:00:00+00:00,2.7459124210641623
2025-02-14 11:00:00+00:00,2.7397642806248546
2025-02-14 12:00:00+00:00,2.7372237957579304
2025-02-14 13:00:00+00:00,2.751573907972387
2025-02-14 14:00:00+00:00,2.756243897000238
2025-02-14 15:00:00+00:00,2.7730209816304865
2025-02-14 16:00:00+00:00,2.754092216166495
2025-02-14 17:00:00+00:00,2.760051618339184
2025-02-14 18:00:00+00:00,2.7566696556644987
2025-02-14 19:00:00+00:00,2.756892305933347
2025-02-14 20:00:00+00:00,2.7652673449900673
2025-02-14 21:00:00+00:00,2.7685222836126506
2025-02-14 22:00:00+00:00,2.766168137819713
2025-02-14 23:00:00+00:00,2.7664136510259967
2025-02-15 00:00:00+00:00,2.7615749870268282
2025-02-15 01:00:00+00:00,2.766317650774851
2025-02-15 02:00:00+00:00,2.766292024125945
2025-02-15 03:00:00+00:00,2.77179646572509
2025-02-15 04:00:00+00:00,2.7793411476182666
2025-02-15 05:00:00+00:00,2.777564124845952
2025-02-15 06:00:00+00:00,2.7728256620711087
2025-02-15 07:00:00+00:00,2.7704775340176377
2025-02-15 08:00:00+00:00,2.7701335977883463
2025-02-15 09:00:00+00:00,2.7634550069422255
2025-02-15 10:00:00+00:00,2.762764416780202
2025-02-15 11:00:00+00:00,2.7590739505773993
2025-02-15 12:00:00+00:00,2.7584615507461727
2025-02-15 13:00:00+00:00,2.7589244689968773
2025-02-15 14:00:00+00:00,2.754543641637784
2025-02-15 15:00:00+00:00,2.7541897601780723
2025-02-15 16:00:00+00:00,2.7549435895099186
2025-02-15 17:00:00+00:00,2.7513370372417283
2025-02-15 18:00:00+00:00,2.7558710450413013
2025-02-15 19:00:00+00:00,2.7507493556371156
2025-02-15 20:00:00+00:00,2.7462514474018964
2025-02-15 21:00:00+00:00,2.7450364497697812
2025-02-15 22:00:00+00:00,2.7455378516649467
2025-02-15 23:00:00+00:00,2.7498820113681512
2025-02-16 00:00:00+00:00,2.756016750306128
2025-02-16 01:00:00+00:00,2.750656614224472
2025-02-16 02:00:00+00:00,2.7471877283388935
2025-02-16 03:00:00+00:00,2.7542840926521768
2025-02-16 04:00:00+00:00,2.7580239348809847
2025-02-16 05:00:00+00:00,2.7551592209210565
2025-02-16 06:00:00+00:00,2.7611172421795622
2025-02-16 07:00:00+00:00,2.7564557493563226
2025-02-16 08:00:00+00:00,2.7599978721421956
2025-02-16 09:00:00+00:00,2.7755464634307803
2025-02-16 10:00:00+00:00,2.770652735983777
2025-02-16 11:00:00+00:00,2.778972341265799
2025-02-16 12:00:00+00:00,2.7810851440207403
2025-02-16 13:00:00+00:00,2.776707980738687
2025-02-16 14:00:00+00:00,2.7709677442048664
2025-02-16 15:00:00+00:00,2.771414668554663
2025-02-16 16:00:00+00:00,2.7673096895849816
2025-02-16 17:00:00+00:00,2.7767116529296025
2025-02-16 18:00:00+00:00,2.766913648934435
2025-02-16 19:00:00+00:00,2.764180211548189
2025-02-16 20:00:00+00:00,2.767787636602468
2025-02-16 21:00:00+00:00,2.767327205815161
2025-02-16 22:00:00+00:00,2.7721105733687765
2025-02-16 23:00:00+00:00,2.7855618888648976
2025-02-17 00:00:00+00:00,2.789462965066196
2025-02-17 01:00:00+00:00,2.800433798602398
2025-02-17 02:00:00+00:00,2.8006157472481457
2025-02-17 03:00:00+00:00,2.7917292697992075
2025-02-17 04:00:00+00:00,2.7856544120612132
2025-02-17 05:00:00+00:00,2.7849922765069994
2025-02-17 06:00:00+00:00,2.784041295795663
2025-02-17 07:00:00+00:00,2.784580142999685
2025-02-17 08:00:00+00:00,2.7927530471662463
2025-02-17 09:00:00+00:00,2.7930705890247167
2025-02-17 10:00:00+00:00,2.805251887684469
2025-02-17 11:00:00+00:00,2.8045989396071147
2025-02-17 12:00:00+00:00,2.8146173087234767
2025-02-17 13:00:00+00:00,2.8158002702744125
2025-02-17 14:00:00+00:00,2.817845730082742
2025-02-17 15:00:00+00:00,2.8071738040225
2025-02-17 16:00:00+00:00,2.7963283683012707
2025-02-17 17:00:00+00:00,2.796054457076214
2025-02-17 18:00:00+00:00,2.781672286853984
2025-02-17 19:00:00+00:00,2.7879075601803582
2025-02-17 20:00:00+00:00,2.779738556607424
2025-02-17 21:00:00+00:00,2.7910660686278725
2025-02-17 22:00:00+00:00,2.7891684556517893
2025-02-17 23:00:00+00:00,2.7868685584533623
2025-02-18 00:00:00+00:00,2.7833709515973823
2025-02-18 01:00:00+00:00,2.7654120842410985
2025-02-18 02:00:00+00:00,2.7695752045529454
2025-02-18 03:00:00+00:00,2.76521954440532
2025-02-18 04:00:00+00:00,2.773005299880313
2025-02-18 05:00:00+00:00,2.7621963716667604
2025-02-18 06:00:00+00:00,2.741454919510109
2025-02-18 07:00:00+00:00,2.7388082185096483
2025-02-18 08:00:00+00:00,2.7379783496562107
2025-02-18 09:00:00+00:00,2.751306253407325
2025-02-18 10:00:00+00:00,2.7381963005662997
2025-02-18 11:00:00+00:00,2.7388841133794446
2025-02-18 12:00:00+00:00,2.741304441246002
2025-02-18 13:00:00+00:00,2.731290998139025
2025-02-18 14:00:00+00:00,2.7242536138517526
2025-02-18 15:00:00+00:00,2.7203395515957314
2025-02-18 16:00:00+00:00,2.7316694146651397
2025-02-18 17:00:00+00:00,2.7505345000524613
2025-02-18 18:00:00+00:00,2.7623000439448786
2025-02-18 19:00:00+00:00,2.7620367884153265
2025-02-18 20:00:00+00:00,2.7583304670331366
2025-02-18 21:00:00+00:00,2.7549144677726742
2025-02-18 22:00:00+00:00,2.7514140104955724
2025-02-18 23:00:00+00:00,2.7599923121296204
2025-02-19 00:00:00+00:00,2.7609183657358956
2025-02-19 01:00:00+00:00,2.7493016008009206
2025-02-19 02:00:00+00:00,2.7603646161444653
2025-02-19 03:00:00+00:00,2.753386920217492
2025-02-19 04:00:00+00:00,2.7397840267678704
2025-02-19 05:00:00+00:00,2.753136142781392
2025-02-19 06:00:00+00:00,2.7545872523196024
2025-02-19 07:00:00+00:00,2.76840695060603
2025-02-19 08:00:00+00:00,2.7615053017320745
2025-02-19 09:00:00+00:00,2.7653847708036157
2025-02-19 10:00:00+00:00,2.7606930872383373
2025-02-19 11:00:00+00:00,2.766305808511065
2025-02-19 12:00:00+00:00,2.7546864629044316
2025-02-19 13:00:00+00:00,2.757895273207389
2025-02-19 14:00:00+00:00,2.7537437202931314
2025-02-19 15:00:00+00:00,2.7479602740969633
2025-02-19 16:00:00+00:00,2.751711372998099
2025-02-19 17:00:00+00:00,2.750365167734326
2025-02-19 18:00:00+00:00,2.7597997948210216
2025-02-19 19:00:00+00:00,2.744175049029116
2025-02-19 20:00:00+00:00,2.737711713382416
2025-02-19 21:00:00+00:00,2.729511236857361
2025-02-19 22:00:00+00:00,2.7377867945426204
2025-02-19 23:00:00+00:00,2.736714582522149
2025-02-20 00:00:00+00:00,2.7455923768181516
2025-02-20 01:00:00+00:00,2.7322926793147517
2025-02-20 02:00:00+00:00,2.7465922494746655
2025-02-20 03:00:00+00:00,2.7551468086947564
2025-02-20 04:00:00+00:00,2.7486798449775915
2025-02-20 05:00:00+00:00,2.7540544348349365
2025-02-20 06:00:00+00:00,2.746991704360281
2025-02-20 07:00:00+00:00,2.74283015664317
2025-02-20 08:00:00+00:00,2.743270350242973
2025-02-20 09:00:00+00:00,2.737197927504274
2025-02-20 10:00:00+00:00,2.745926993303553
2025-02-20 11:00:00+00:00,2.7615387258527373
2025-02-20 12:00:00+00:00,2.754166310695974
2025-02-20 13:00:00+00:00,2.7502065984970328
2025-02-20 14:00:00+00:00,2.763042354932649
2025-02-20 15:00:00+00:00,2.757885768820883
2025-02-20 16:00:00+00:00,2.7453900825793887
2025-02-20 17:00:00+00:00,2.740658522935713
2025-02-20 18:00:00+00:00,2.742246639244575
2025-02-20 19:00:00+00:00,2.74514024728265
2025-02-20 20:00:00+00:00,2.746685251511396
2025-02-20 21:00:00+00:00,2.7460268874812654
2025-02-20 22:00:00+00:00,2.7444850408377004
2025-02-20 23:00:00+00:00,2.753390106842606
2025-02-21 00:00:00+00:00,2.7441757836699217
2025-02-21 01:00:00+00:00,2.743281895387581
2025-02-21 02:00:00+00:00,2.7412972133789477
2025-02-21 03:00:00+00:00,2.7404100043558848
2025-02-21 04:00:00+00:00,2.746633081949691
2025-02-21 05:00:00+00:00,2.7435840220967878
2025-02-21 06:00:00+00:00,2.7452438265700176
2025-02-21 07:00:00+00:00,2.752907664948993
2025-02-21 08:00:00+00:00,2.7573058091053126
2025-02-21 09:00:00+00:00,2.7556493275190337
2025-02-21 10:00:00+00:00,2.7678090143164473
2025-02-21 11:00:00+00:00,2.757959293521349
2025-02-21 12:00:00+00:00,2.7594376566951366
2025-02-21 13:00:00+00:00,2.759010482760668
2025-02-21 14:00:00+00:00,2.7612066507904767
2025-02-21 15:00:00+00:00,2.7531486682976176
2025-02-21 16:00:00+00:00,2.7464238606787545
2025-02-21 17:00:00+00:00,2.746701180076892
2025-02-21 18:00:00+00:00,2.7622386584918224
2025-02-21 19:00:00+00:00,2.765915445323673
2025-02-21 20:00:00+00:00,2.772517683185255
2025-02-21 21:00:00+00:00,2.780540978173753
2025-02-21 22:00:00+00:00,2.790285760334399
2025-02-21 23:00:00+00:00,2.7714312302276882
2025-02-22 00:00:00+00:00,2.785047522311266
2025-02-22 01:00:00+00:00,2.783944825219895
2025-02-22 02:00:00+00:00,2.782314469945389
2025-02-22 03:00:00+00:00,2.777965359068927
2025-02-22 04:00:00+00:00,2.7820590367131883
2025-02-22 05:00:00+00:00,2.7846758563383607
2025-02-22 06:00:00+00:00,2.779818055505909
2025-02-22 07:00:00+00:00,2.7858389294404753
2025-02-22 08:00:00+00:00,2.7846224775536195
2025-02-22 09:00:00+00:00,2.7868190198633362
2025-02-22 10:00:00+00:00,2.791053499247471
2025-02-22 11:00:00+00:00,2.788091506221353
2025-02-22 12:00:00+00:00,2.779348279132922
2025-02-22 13:00:00+00:00,2.7832474441722894
2025-02-22 14:00:00+00:00,2.788914548985904
2025-02-22 15:00:00+00:00,2.794433539443231
2025-02-22 16:00:00+00:00,2.7963196841409785
2025-02-22 17:00:00+00:00,2.7985461567330794
2025-02-22 18:00:00+00:00,2.7991667258189135
2025-02-22 19:00:00+00:00,2.7920439420337586
2025-02-22 20:00:00+00:00,2.791150206992828
2025-02-22 21:00:00+00:00,2.7908615330892617
2025-02-22 22:00:00+00:00,2.7923615818796894
2025-02-22 23:00:00+00:00,2.796992536236339
2025-02-23 00:00:00+00:00,2.7926837762824923
2025-02-23 01:00:00+00:00,2.7873974421942758
2025-02-23 02:00:00+00:00,2.7854253441880306
2025-02-23 03:00:00+00:00,2.7910270529665158
2025-02-23 04:00:00+00:00,2.794632046985359
2025-02-23 05:00:00+00:00,2.802214446224596
2025-02-23 06:00:00+00:00,2.7971463254274553
2025-02-23 07:00:00+00:00,2.8036933498209278
2025-02-23 08:00:00+00:00,2.8025295808428727
2025-02-23 09:00:00+00:00,2.79670783532779
2025-02-23 10:00:00+00:00,2.807988572823415
2025-02-23 11:00:00+00:00,2.8012246928311066
2025-02-23 12:00:00+00:00,2.8044238886218484
2025-02-23 13:00:00+00:00,2.805276780481002
2025-02-23 14:00:00+00:00,2.808875953299662
2025-02-23 15:00:00+00:00,2.797971634309395
2025-02-23 16:00:00+00:00,2.8009618459954897
2025-02-23 17:00:00+00:00,2.8033316435985025
2025-02-23 18:00:00+00:00,2.80479410054837
2025-02-23 19:00:00+00:00,2.8022762278431013
2025-02-23 20:00:00+00:00,2.7986450043421374
2025-02-23 21:00:00+00:00,2.8113309528834853
2025-02-23 22:00:00+00:00,2.8057103012023434
2025-02-23 23:00:00+00:00,2.799938167811526
2025-02-24 00:00:00+00:00,2.793850197436016
2025-02-24 01:00:00+00:00,2.779832470825407
2025-02-24 02:00:00+00:00,2.772254640489216
2025-02-24 03:00:00+00:00,2.7554347956650664
2025-02-24 04:00:00+00:00,2.7519785369077168
2025-02-24 05:00:00+00:00,2.748705622054984
2025-02-24 06:00:00+00:00,2.7512170065588433
2025-02-24 07:00:00+00:00,2.753161563470643
2025-02-24 08:00:00+00:00,2.738062207842847
2025-02-24 09:00:00+00:00,2.738584259932574
2025-02-24 10:00:00+00:00,2.7334249871151584
2025-02-24 11:00:00+00:00,2.738014758640305
2025-02-24 12:00:00+00:00,2.7378124370867063
2025-02-24 13:00:00+00:00,2.734668300624846
2025-02-24 14:00:00+00:00,2.728790818708377
2025-02-24 15:00:00+00:00,2.7306003182158993
2025-02-24 16:00:00+00:00,2.731766084082409
2025-02-24 17:00:00+00:00,2.7411690863953257
2025-02-24 18:00:00+00:00,2.735403741291774
2025-02-24 19:00:00+00:00,2.7265347266486204
2025-02-24 20:00:00+00:00,2.72957464088973
2025-02-24 21:00:00+00:00,2.719320130957015
2025-02-24 22:00:00+00:00,2.6779012132082913
2025-02-24 23:00:00+00:00,2.7209564158786907
2025-02-25 00:00:00+00:00,2.707596922013107
2025-02-25 01:00:00+00:00,2.6867345931904216
2025-02-25 02:00:00+00:00,2.6970777037338305
2025-02-25 03:00:00+00:00,2.6883292174709035
2025-02-25 04:00:00+00:00,2.6856178433285707
2025-02-25 05:00:00+00:00,2.7032455229199317
2025-02-25 06:00:00+00:00,2.6933492407168154
2025-02-25 07:00:00+00:00,2.7300749597309597
2025-02-25 08:00:00+00:00,2.7486495856593915
2025-02-25 09:00:00+00:00,2.754136672300368
2025-02-25 10:00:00+00:00,2.7742229860819103
2025-02-25 11:00:00+00:00,2.781447221104984
2025-02-25 12:00:00+00:00,2.7815875131993004
2025-02-25 13:00:00+00:00,2.800873624419005
2025-02-25 14:00:00+00:00,2.822701377875149
2025-02-25 15:00:00+00:00,2.8452488477077753
2025-02-25 16:00:00+00:00,2.8517015479858463
2025-02-25 17:00:00+00:00,2.851011389679829
2025-02-25 18:00:00+00:00,2.8469424604807685
2025-02-25 19:00:00+00:00,2.8535448885414305
2025-02-25 20:00:00+00:00,2.841549008781469
2025-02-25 21:00:00+00:00,2.853022818117325
2025-02-25 22:00:00+00:00,2.8525360490843386
2025-02-25 23:00:00+00:00,2.855456738122353
2025-02-26 00:00:00+00:00,2.865805047277137
2025-02-26 01:00:00+00:00,2.863174794981902
2025-02-26 02:00:00+00:00,2.8686567911654297
2025-02-26 03:00:00+00:00,2.864164491391049
2025-02-26 04:00:00+00:00,2.8726241599650804
2025-02-26 05:00:00+00:00,2.874637915726687
2025-02-26 06:00:00+00:00,2.8773502545092393
2025-02-26 07:00:00+00:00,2.864161847646881
2025-02-26 08:00:00+00:00,2.8615713848629976
2025-02-26 09:00:00+00:00,2.8617974534346122
2025-02-26 10:00:00+00:00,2.8609407249855057
2025-02-26 11:00:00+00:00,2.859809724919709
2025-02-26 12:00:00+00:00,2.8776681186771698
2025-02-26 13:00:00+00:00,2.883341825676045
2025-02-26 14:00:00+00:00,2.885758310583353
2025-02-26 15:00:00+00:00,2.8936501156270427
2025-02-26 16:00:00+00:00,2.8869516930314427
2025-02-26 17:00:00+00:00,2.8907022658929575
2025-02-26 18:00:00+00:00,2.9087223455667157
2025-02-26 19:00:00+00:00,2.9126238257395265
2025-02-26 20:00:00+00:00,2.9158690640563827
2025-02-26 21:00:00+00:00,2.9303485629067265
2025-02-26 22:00:00+00:00,2.905839799332654
2025-02-26 23:00:00+00:00,2.957974984245912
2025-02-27 00:00:00+00:00,2.971780141974727
2025-02-27 01:00:00+00:00,2.9557603078608565
2025-02-27 02:00:00+00:00,2.9586522059024096
2025-02-27 03:00:00+00:00,2.968375813416947
2025-02-27 04:00:00+00:00,2.977829548932184
2025-02-27 05:00:00+00:00,2.978404514138583
2025-02-27 06:00:00+00:00,2.995256138675146
2025-02-27 07:00:00+00:00,2.979529811651389
2025-02-27 08:00:00+00:00,2.9731230026254862
2025-02-27 09:00:00+00:00,2.980964448208425
2025-02-27 10:00:00+00:00,2.9672442251949724
2025-02-27 11:00:00+00:00,2.973470424742371
2025-02-27 12:00:00+00:00,2.976978616640437
2025-02-27 13:00:00+00:00,2.9736390934783485
2025-02-27 14:00:00+00:00,2.9595180875134823
2025-02-27 15:00:00+00:00,2.9724395513842437
2025-02-27 16:00:00+00:00,2.9692715617037013
2025-02-27 17:00:00+00:00,2.978503465148212
2025-02-27 18:00:00+00:00,2.981046020672104
2025-02-27 19:00:00+00:00,2.971026918098461
2025-02-27 20:00:00+00:00,2.988321623968332
2025-02-27 21:00:00+00:00,2.9849861712716
2025-02-27 22:00:00+00:00,2.980728667411897
2025-02-27 23:00:00+00:00,2.9765955916619444
2025-02-28 00:00:00+00:00,2.99499045368366
2025-02-28 01:00:00+00:00,3.000509357679948
2025-02-28 02:00:00+00:00,2.998172326155602
2025-02-28 03:00:00+00:00,3.0090683634751603
2025-02-28 04:00:00+00:00,3.0111101214277096
2025-02-28 05:00:00+00:00,3.0270881585550424
2025-02-28 06:00:00+00:00,3.0413762150887083
2025-02-28 07:00:00+00:00,3.046091574861288
2025-02-28 08:00:00+00:00,3.073673909469247
2025-02-28 09:00:00+00:00,3.0903111888172337
2025-02-28 10:00:00+00:00,3.095230763208899
2025-02-28 11:00:00+00:00,3.1134660026401164
2025-02-28 12:00:00+00:00,3.1326273999663026
2025-02-28 13:00:00+00:00,3.117745859292331
2025-02-28 14:00:00+00:00,3.1429211448276964
2025-02-28 15:00:00+00:00,3.143389709257693
2025-02-28 16:00:00+00:00,3.175142237615772
2025-02-28 17:00:00+00:00,3.1700952587077467
2025-02-28 18:00:00+00:00,3.1671770365978604
2025-02-28 19:00:00+00:00,3.1727733567800422
2025-02-28 20:00:00+00:00,3.1744831971011536
2025-02-28 21:00:00+00:00,3.150567867053478
2025-02-28 22:00:00+00:00,3.1634013665458003
2025-02-28 23:00:00+00:00,3.160430231833509
2025-03-01 00:00:00+00:00,3.1641297548906064
2025-03-01 01:00:00+00:00,3.162863836495646
2025-03-01 02:00:00+00:00,3.1751591651229507
2025-03-01 03:00:00+00:00,3.1878922554858757
2025-03-01 04:00:00+00:00,3.1983140799285117
2025-03-01 05:00:00+00:00,3.1833420713392244
2025-03-01 06:00:00+00:00,3.1730536770018656
2025-03-01 07:00:00+00:00,3.1627406910132363
2025-03-01 08:00:00+00:00,3.1631451859409725
2025-03-01 09:00:00+00:00,3.1558535055390253
2025-03-01 10:00:00+00:00,3.1388093409370725
2025-03-01 11:00:00+00:00,3.1428864717096783
2025-03-01 12:00:00+00:00,3.133225563672498
2025-03-01 13:00:00+00:00,3.1356684382496876
2025-03-01 14:00:00+00:00,3.1267101959625916
2025-03-01 15:00:00+00:00,3.1360295654082546
2025-03-01 16:00:00+00:00,3.153895005167425
2025-03-01 17:00:00+00:00,3.1466625679317053
2025-03-01 18:00:00+00:00,3.153390987389249
2025-03-01 19:00:00+00:00,3.1538752133208496
2025-03-01 20:00:00+00:00,3.1539671942763037
2025-03-01 21:00:00+00:00,3.165403159905532
2025-03-01 22:00:00+00:00,3.166432422003148
2025-03-01 23:00:00+00:00,3.183508972108514
2025-03-02 00:00:00+00:00,3.216186578903259
2025-03-02 01:00:00+00:00,3.213393711323055
2025-03-02 02:00:00+00:00,3.2109841518066764
2025-03-02 03:00:00+00:00,3.2197970934193743
2025-03-02 04:00:00+00:00,3.2202321094295967
2025-03-02 05:00:00+00:00,3.213040176397629
2025-03-02 06:00:00+00:00,3.2208411713409917
2025-03-02 07:00:00+00:00,3.2143772212318553
2025-03-02 08:00:00+00:00,3.214110284593859
2025-03-02 09:00:00+00:00,3.2293366110879553
2025-03-02 10:00:00+00:00,3.223576394699667
2025-03-02 11:00:00+00:00,3.2253198083396852
2025-03-02 12:00:00+00:00,3.2192439384339724
2025-03-02 13:00:00+00:00,3.2105256233929276
2025-03-02 14:00:00+00:00,3.2138888815451776
2025-03-02 15:00:00+00:00,3.2773890809565684
2025-03-02 16:00:00+00:00,3.2588993804224966
2025-03-02 17:00:00+00:00,3.3249180714751994
2025-03-02 18:00:00+00:00,3.3454503559582194
2025-03-02 19:00:00+00:00,3.321078238680697
2025-03-02 20:00:00+00:00,3.3525744908047077
2025-03-02 21:00:00+00:00,3.3380299302431333
2025-03-02 22:00:00+00:00,3.330445653012705
2025-03-02 23:00:00+00:00,3.2550341012686297
2025-03-03 00:00:00+00:00,3.266547490370385
2025-03-03 01:00:00+00:00,3.280485503066325
2025-03-03 02:00:00+00:00,3.2702133465609378
2025-03-03 03:00:00+00:00,3.278183033986252
2025-03-03 04:00:00+00:00,3.2751960546231036
2025-03-03 05:00:00+00:00,3.2918060624218697
2025-03-03 06:00:00+00:00,3.300637513659022
2025-03-03 07:00:00+00:00,3.3192090730559225
2025-03-03 08:00:00+00:00,3.3596814455182957
2025-03-03 09:00:00+00:00,3.367830389464736
2025-03-03 10:00:00+00:00,3.3307846534560577
2025-03-03 11:00:00+00:00,3.3555117684391065
2025-03-03 12:00:00+00:00,3.3428330008066225
2025-03-03 13:00:00+00:00,3.3423322699900333
2025-03-03 14:00:00+00:00,3.3046354138167224
2025-03-03 15:00:00+00:00,3.3097981644513683
2025-03-03 16:00:00+00:00,3.299144563362049
2025-03-03 17:00:00+00:00,3.2934351522709373
2025-03-03 18:00:00+00:00,3.288507658240666
2025-03-03 19:00:00+00:00,3.313088961260552
2025-03-03 20:00:00+00:00,3.268802413202821
2025-03-03 21:00:00+00:00,3.319591639472245
2025-03-03 22:00:00+00:00,3.3215605694158823
2025-03-03 23:00:00+00:00,3.322623194788603
2025-03-04 00:00:00+00:00,3.3458833948995186
2025-03-04 01:00:00+00:00,3.3133551649273643
2025-03-04 02:00:00+00:00,3.3043373288717093
2025-03-04 03:00:00+00:00,3.2972660576470494
2025-03-04 04:00:00+00:00,3.312003761510694
2025-03-04 05:00:00+00:00,3.2836746673903474
2025-03-04 06:00:00+00:00,3.2977080942120476
2025-03-04 07:00:00+00:00,3.294078053124322
2025-03-04 08:00:00+00:00,3.285835276814678
2025-03-04 09:00:00+00:00,3.29559311410524
2025-03-04 10:00:00+00:00,3.27885590229182
2025-03-04 11:00:00+00:00,3.3035698097675423
2025-03-04 12:00:00+00:00,3.3148777501291247
2025-03-04 13:00:00+00:00,3.290666559406233
2025-03-04 14:00:00+00:00,3.286780571160887
2025-03-04 15:00:00+00:00,3.238575489091044
2025-03-04 16:00:00+00:00,3.1979365735003342
2025-03-04 17:00:00+00:00,3.2393296677017136
2025-03-04 18:00:00+00:00,3.246469733908226
2025-03-04 19:00:00+00:00,3.281552456937606
2025-03-04 20:00:00+00:00,3.2919448792527515
2025-03-04 21:00:00+00:00,3.3015323256198292
2025-03-04 22:00:00+00:00,3.3097537344394325
2025-03-04 23:00:00+00:00,3.3048581112812214
2025-03-05 00:00:00+00:00,3.2960771664972315
2025-03-05 01:00:00+00:00,3.294981608660582
2025-03-05 02:00:00+00:00,3.264858432687157
2025-03-05 03:00:00+00:00,3.310628274838999
2025-03-05 04:00:00+00:00,3.298129313519671
2025-03-05 05:00:00+00:00,3.3121735083882977
2025-03-05 06:00:00+00:00,3.3073239531402576
2025-03-05 07:00:00+00:00,3.3079967832546218
2025-03-05 08:00:00+00:00,3.3015357195544577
2025-03-05 09:00:00+00:00,3.3131843247143107
2025-03-05 10:00:00+00:00,3.3143655448176204
2025-03-05 11:00:00+00:00,3.325710181618368
2025-03-05 12:00:00+00:00,3.320394162314365
2025-03-05 13:00:00+00:00,3.3326058526997455
2025-03-05 14:00:00+00:00,3.3181702320173208
2025-03-05 15:00:00+00:00,3.3287308806244242
2025-03-05 16:00:00+00:00,3.3207630430625614
2025-03-05 17:00:00+00:00,3.3163777510155144
2025-03-05 18:00:00+00:00,3.3134225104855566
2025-03-05 19:00:00+00:00,3.319647581121951
2025-03-05 20:00:00+00:00,3.3358168426019845
2025-03-05 21:00:00+00:00,3.359642419703258
2025-03-05 22:00:00+00:00,3.354429584745311
2025-03-05 23:00:00+00:00,3.3706936857607106
2025-03-06 00:00:00+00:00,3.3875801534168066
2025-03-06 01:00:00+00:00,3.389584268441671
2025-03-06 02:00:00+00:00,3.410593486133477
2025-03-06 03:00:00+00:00,3.4328707571174086
2025-03-06 04:00:00+00:00,3.436709416117532
2025-03-06 05:00:00+00:00,3.494680375855436
2025-03-06 06:00:00+00:00,3.475743277061572
2025-03-06 07:00:00+00:00,3.468182880596318
2025-03-06 08:00:00+00:00,3.457174384386265
2025-03-06 09:00:00+00:00,3.433969430438435
2025-03-06 10:00:00+00:00,3.433365182722346
2025-03-06 11:00:00+00:00,3.4408056870557915
2025-03-06 12:00:00+00:00,3.43411286663055
2025-03-06 13:00:00+00:00,3.405563731817313
2025-03-06 14:00:00+00:00,3.4094646523546412
2025-03-06 15:00:00+00:00,3.419315922577015
2025-03-06 16:00:00+00:00,3.4189706961625816
2025-03-06 17:00:00+00:00,3.3966128207396524
2025-03-06 18:00:00+00:00,3.39429239007933
2025-03-06 19:00:00+00:00,3.3818752956690465
2025-03-06 20:00:00+00:00,3.3822035379939
2025-03-06 21:00:00+00:00,3.384099510650291
2025-03-06 22:00:00+00:00,3.4106772974728377
2025-03-06 23:00:00+00:00,3.3984199313283088
2025-03-07 00:00:00+00:00,3.4139720062674117
2025-03-07 01:00:00+00:00,3.408714090731807
2025-03-07 02:00:00+00:00,3.4068272155346886
2025-03-07 03:00:00+00:00,3.416922343353643
2025-03-07 04:00:00+00:00,3.4012960994595134
2025-03-07 05:00:00+00:00,3.403219230256751
2025-03-07 06:00:00+00:00,3.4178687461618775
2025-03-07 07:00:00+00:00,3.425949236575602
2025-03-07 08:00:00+00:00,3.4272306495496485
2025-03-07 09:00:00+00:00,3.4348312208122076
2025-03-07 10:00:00+00:00,3.434323629214251
2025-03-07 11:00:00+00:00,3.424796603647691
2025-03-07 12:00:00+00:00,3.426275272268639
2025-03-07 13:00:00+00:00,3.4419211019793896
2025-03-07 14:00:00+00:00,3.4574999838718923
2025-03-07 15:00:00+00:00,3.4565492134575084
2025-03-07 16:00:00+00:00,3.4601410621762274
2025-03-07 17:00:00+00:00,3.457202916392974
2025-03-07 18:00:00+00:00,3.4645170100178593
2025-03-07 19:00:00+00:00,3.466996335091636
2025-03-07 20:00:00+00:00,3.444065720904491
2025-03-07 21:00:00+00:00,3.454244477308469
2025-03-07 22:00:00+00:00,3.4525056313319884
2025-03-07 23:00:00+00:00,3.457049051582879
2025-03-08 00:00:00+00:00,3.4457259057906544
2025-03-08 01:00:00+00:00,3.4527200463096115
2025-03-08 02:00:00+00:00,3.456411150952398
2025-03-08 03:00:00+00:00,3.466429073526256
2025-03-08 04:00:00+00:00,3.46336559638076
2025-03-08 05:00:00+00:00,3.4615191021802847
2025-03-08 06:00:00+00:00,3.456032743605848
2025-03-08 07:00:00+00:00,3.4537857785354387
2025-03-08 08:00:00+00:00,3.461845910077753
2025-03-08 09:00:00+00:00,3.4828009274838814
2025-03-08 10:00:00+00:00,3.483510689679831
2025-03-08 11:00:00+00:00,3.497154245355043
2025-03-08 12:00:00+00:00,3.495093586431616
2025-03-08 13:00:00+00:00,3.48727376484937
2025-03-08 14:00:00+00:00,3.4955925655818123
2025-03-08 15:00:00+00:00,3.497976632796627
2025-03-08 16:00:00+00:00,3.5025333581201332
2025-03-08 17:00:00+00:00,3.504182023540122
2025-03-08 18:00:00+00:00,3.52075576881567
2025-03-08 19:00:00+00:00,3.5160645501855274
2025-03-08 20:00:00+00:00,3.522360925687853
2025-03-08 21:00:00+00:00,3.519853088254754
2025-03-08 22:00:00+00:00,3.518339420453082
2025-03-08 23:00:00+00:00,3.521861689480781
2025-03-09 00:00:00+00:00,3.5202002029766613
2025-03-09 01:00:00+00:00,3.5285292100971515
2025-03-09 02:00:00+00:00,3.525322397673797
2025-03-09 03:00:00+00:00,3.5213769617164625
2025-03-09 04:00:00+00:00,3.526062308291424
2025-03-09 05:00:00+00:00,3.5128518828395103
2025-03-09 06:00:00+00:00,3.4942392461805856
2025-03-09 07:00:00+00:00,3.5042714289887296
2025-03-09 08:00:00+00:00,3.5146938751952037
2025-03-09 09:00:00+00:00,3.5179059075972736
2025-03-09 10:00:00+00:00,3.499674142840486
2025-03-09 11:00:00+00:00,3.522115211008054
2025-03-09 12:00:00+00:00,3.5162212006437676
2025-03-09 13:00:00+00:00,3.510227638947695
2025-03-09 14:00:00+00:00,3.478508338237651
2025-03-09 15:00:00+00:00,3.490856300247746
2025-03-09 16:00:00+00:00,3.4693068256895927
2025-03-09 17:00:00+00:00,3.4813410557796947
2025-03-09 18:00:00+00:00,3.4862806875433723
2025-03-09 19:00:00+00:00,3.457483719258692
2025-03-09 20:00:00+00:00,3.4610003320305376
2025-03-09 21:00:00+00:00,3.4593775656580723
2025-03-09 22:00:00+00:00,3.4668247483340724
2025-03-09 23:00:00+00:00,3.472225132097037
2025-03-10 00:00:00+00:00,3.4631096700862014
2025-03-10 01:00:00+00:00,3.486068372325478
2025-03-10 02:00:00+00:00,3.478875104015858
2025-03-10 03:00:00+00:00,3.4842710841619073
2025-03-10 04:00:00+00:00,3.4970515709808625
2025-03-10 05:00:00+00:00,3.4984257543999284
2025-03-10 06:00:00+00:00,3.492566316628117
2025-03-10 07:00:00+00:00,3.4941147466199913
2025-03-10 08:00:00+00:00,3.4835770678372615
2025-03-10 09:00:00+00:00,3.5210898026448505
2025-03-10 10:00:00+00:00,3.5110553523786576
2025-03-10 11:00:00+00:00,3.5251473304375645
2025-03-10 12:00:00+00:00,3.5341646536653486
2025-03-10 13:00:00+00:00,3.527514238804608
2025-03-10 14:00:00+00:00,3.5048882556354664
2025-03-10 15:00:00+00:00,3.508770275080144
2025-03-10 16:00:00+00:00,3.5116839261326134
2025-03-10 17:00:00+00:00,3.462274236128943
2025-03-10 18:00:00+00:00,3.438811425445348
2025-03-10 19:00:00+00:00,3.4270894509183347
2025-03-10 20:00:00+00:00,3.429795839615043
2025-03-10 21:00:00+00:00,3.4730396935826024
2025-03-10 22:00:00+00:00,3.4889928827472025
2025-03-10 23:00:00+00:00,3.4867955310581813
2025-03-11 00:00:00+00:00,3.436791300567565
2025-03-11 01:00:00+00:00,3.449504287580757
2025-03-11 02:00:00+00:00,3.4580587382788486
2025-03-11 03:00:00+00:00,3.452818488717425
2025-03-11 04:00:00+00:00,3.45105783571184
2025-03-11 05:00:00+00:00,3.4484121914442394
2025-03-11 06:00:00+00:00,3.48356318089245
2025-03-11 07:00:00+00:00,3.486319904807273
2025-03-11 08:00:00+00:00,3.4763819806833096
2025-03-11 09:00:00+00:00,3.4643912290063086
2025-03-11 10:00:00+00:00,3.4637258750338282
2025-03-11 11:00:00+00:00,3.4720705707803527
2025-03-11 12:00:00+00:00,3.47407385271214
2025-03-11 13:00:00+00:00,3.4598669663597628
2025-03-11 14:00:00+00:00,3.4477369209460487
2025-03-11 15:00:00+00:00,3.543561977360795
2025-03-11 16:00:00+00:00,3.5667839905846734
2025-03-11 17:00:00+00:00,3.562666674860201
2025-03-11 18:00:00+00:00,3.578085552786804
2025-03-11 19:00:00+00:00,3.603507621349388
2025-03-11 20:00:00+00:00,3.6073482363931175
2025-03-11 21:00:00+00:00,3.610154027649412
2025-03-11 22:00:00+00:00,3.6064204677508602
2025-03-11 23:00:00+00:00,3.5940855683226594
2025-03-12 00:00:00+00:00,3.57992501001294
2025-03-12 01:00:00+00:00,3.56333395181622
2025-03-12 02:00:00+00:00,3.553970024677787
2025-03-12 03:00:00+00:00,3.5548953247482427
2025-03-12 04:00:00+00:00,3.546403962552599
2025-03-12 05:00:00+00:00,3.5536476220909594
2025-03-12 06:00:00+00:00,3.5628860039390045
2025-03-12 07:00:00+00:00,3.5638692394168405
2025-03-12 08:00:00+00:00,3.5767723072726563
2025-03-12 09:00:00+00:00,3.57016230881817
2025-03-12 10:00:00+00:00,3.574311352121395
2025-03-12 11:00:00+00:00,3.569384075016396
2025-03-12 12:00:00+00:00,3.5863993890733123
2025-03-12 13:00:00+00:00,3.5946329936807535
2025-03-12 14:00:00+00:00,3.57336661292802
2025-03-12 15:00:00+00:00,3.550385983204161
2025-03-12 16:00:00+00:00,3.5650514497963504
2025-03-12 17:00:00+00:00,3.572860149489154
2025-03-12 18:00:00+00:00,3.57398733697473
2025-03-12 19:00:00+00:00,3.582779377890844
2025-03-12 20:00:00+00:00,3.604119625518486
2025-03-12 21:00:00+00:00,3.624031321616285
2025-03-12 22:00:00+00:00,3.63255013957616
2025-03-12 23:00:00+00:00,3.6219906092703846
2025-03-13 00:00:00+00:00,3.6296126306961116
2025-03-13 01:00:00+00:00,3.625639961846449
2025-03-13 02:00:00+00:00,3.627707286107647
2025-03-13 03:00:00+00:00,3.619544336503688
2025-03-13 04:00:00+00:00,3.622156779453548
2025-03-13 05:00:00+00:00,3.6016597074536163
2025-03-13 06:00:00+00:00,3.6149348543614725
2025-03-13 07:00:00+00:00,3.6160607921632923
2025-03-13 08:00:00+00:00,3.62577368250257
2025-03-13 09:00:00+00:00,3.605235138502323
2025-03-13 10:00:00+00:00,3.6291276153609973
2025-03-13 11:00:00+00:00,3.613527133687412
2025-03-13 12:00:00+00:00,3.6042697488133046
2025-03-13 13:00:00+00:00,3.5964407344120954
2025-03-13 14:00:00+00:00,3.5921655048661774
2025-03-13 15:00:00+00:00,3.6058632322811053
2025-03-13 16:00:00+00:00,3.6026555406565772
2025-03-13 17:00:00+00:00,3.5958816989949787
2025-03-13 18:00:00+00:00,3.590307409899663
2025-03-13 19:00:00+00:00,3.5958022717763547
2025-03-13 20:00:00+00:00,3.605794628496418
2025-03-13 21:00:00+00:00,3.6090998980215856
2025-03-13 22:00:00+00:00,3.617973832514527
2025-03-13 23:00:00+00:00,3.618014440034644
2025-03-14 00:00:00+00:00,3.625109242530844
2025-03-14 01:00:00+00:00,3.638891684550631
2025-03-14 02:00:00+00:00,3.6397803096542876
2025-03-14 03:00:00+00:00,3.6492902387601625
2025-03-14 04:00:00+00:00,3.6387562666239113
2025-03-14 05:00:00+00:00,3.636682528597536
2025-03-14 06:00:00+00:00,3.643097016752705
2025-03-14 07:00:00+00:00,3.6456513687445993
2025-03-14 08:00:00+00:00,3.6435374884228113
2025-03-14 09:00:00+00:00,3.6393186202001075
2025-03-14 10:00:00+00:00,3.6454620425316224
2025-03-14 11:00:00+00:00,3.6433487331293968
2025-03-14 12:00:00+00:00,3.6440004174554876
2025-03-14 13:00:00+00:00,3.6382698781577316
2025-03-14 14:00:00+00:00,3.6309683305107114
2025-03-14 15:00:00+00:00,3.648506317856441
2025-03-14 16:00:00+00:00,3.6329386884940162
2025-03-14 17:00:00+00:00,3.6473655283909547
2025-03-14 18:00:00+00:00,3.6474806984058152
2025-03-14 19:00:00+00:00,3.6412888884249277
2025-03-14 20:00:00+00:00,3.632676017026983
2025-03-14 21:00:00+00:00,3.632210469054978
2025-03-14 22:00:00+00:00,3.6291940968391665
2025-03-14 23:00:00+00:00,3.6282824478548736
2025-03-15 00:00:00+00:00,3.6165225016441753
2025-03-15 01:00:00+00:00,3.613858324488287
2025-03-15 02:00:00+00:00,3.6074361644677513
2025-03-15 03:00:00+00:00,3.6135810149579863
2025-03-15 04:00:00+00:00,3.5999212428758796
2025-03-15 05:00:00+00:00,3.6082812950003866
2025-03-15 06:00:00+00:00,3.616382422522981
2025-03-15 07:00:00+00:00,3.6136249271039595
2025-03-15 08:00:00+00:00,3.60563143289542
2025-03-15 09:00:00+00:00,3.610451961918681
2025-03-15 10:00:00+00:00,3.6053132219022044
2025-03-15 11:00:00+00:00,3.5980065721992758
2025-03-15 12:00:00+00:00,3.5906886151634474
2025-03-15 13:00:00+00:00,3.5949994428694985
2025-03-15 14:00:00+00:00,3.5973583545334975
2025-03-15 15:00:00+00:00,3.5972843898950275
2025-03-15 16:00:00+00:00,3.586532979432951
2025-03-15 17:00:00+00:00,3.57143270560261
2025-03-15 18:00:00+00:00,3.5666600889956643
2025-03-15 19:00:00+00:00,3.5633919371254508
2025-03-15 20:00:00+00:00,3.567157988561725
2025-03-15 21:00:00+00:00,3.5721856550310314
2025-03-15 22:00:00+00:00,3.5749568198370776
2025-03-15 23:00:00+00:00,3.5770939120599956
2025-03-16 00:00:00+00:00,3.5749776753364837
2025-03-16 01:00:00+00:00,3.5797289641531282
2025-03-16 02:00:00+00:00,3.565999580807921
2025-03-16 03:00:00+00:00,3.5790004287938273
2025-03-16 04:00:00+00:00,3.5746097237979715
2025-03-16 05:00:00+00:00,3.583586596059594
2025-03-16 06:00:00+00:00,3.591441746782269
2025-03-16 07:00:00+00:00,3.5912140588001056
2025-03-16 08:00:00+00:00,3.5876128591958207
2025-03-16 09:00:00+00:00,3.591753736228209
2025-03-16 10:00:00+00:00,3.5924161723511556
2025-03-16 11:00:00+00:00,3.576238156293135
2025-03-16 12:00:00+00:00,3.5712476518489087
2025-03-16 13:00:00+00:00,3.5783134452142544
2025-03-16 14:00:00+00:00,3.568402278976423
2025-03-16 15:00:00+00:00,3.5682077587479295
2025-03-16 16:00:00+00:00,3.5712847496965954
2025-03-16 17:00:00+00:00,3.5728606002526386
2025-03-16 18:00:00+00:00,3.57331275113466
2025-03-16 19:00:00+00:00,3.5571482945407378
2025-03-16 20:00:00+00:00,3.561422246668795
2025-03-16 21:00:00+00:00,3.5563404795109137
2025-03-16 22:00:00+00:00,3.563205937150343
2025-03-16 23:00:00+00:00,3.558135247612196
2025-03-17 00:00:00+00:00,3.5647168740883335
2025-03-17 01:00:00+00:00,3.5596891170791305
2025-03-17 02:00:00+00:00,3.5577179783749586
2025-03-17 03:00:00+00:00,3.5541293770507214
2025-03-17 04:00:00+00:00,3.552866573985634
2025-03-17 05:00:00+00:00,3.5633908843571978
2025-03-17 06:00:00+00:00,3.5603511401723957
2025-03-17 07:00:00+00:00,3.5560783503688564
2025-03-17 08:00:00+00:00,3.560871517358703
2025-03-17 09:00:00+00:00,3.5635489722133262
2025-03-17 10:00:00+00:00,3.5623789936853916
2025-03-17 11:00:00+00:00,3.5686629892087103
2025-03-17 12:00:00+00:00,3.5593740488726
2025-03-17 13:00:00+00:00,3.558411527543442
2025-03-17 14:00:00+00:00,3.5543495834145973
2025-03-17 15:00:00+00:00,3.556137360460243
2025-03-17 16:00:00+00:00,3.5656590460780992
2025-03-17 17:00:00+00:00,3.5691277849134955
2025-03-17 18:00:00+00:00,3.5700551796978433
2025-03-17 19:00:00+00:00,3.577330930410251
2025-03-17 20:00:00+00:00,3.571737329116799
2025-03-17 21:00:00+00:00,3.568844496195789
2025-03-17 22:00:00+00:00,3.567144462292889
2025-03-17 23:00:00+00:00,3.5643931902259807
2025-03-18 00:00:00+00:00,3.5512062603042382
2025-03-18 01:00:00+00:00,3.5436965984779105
2025-03-18 02:00:00+00:00,3.545529309504663
2025-03-18 03:00:00+00:00,3.536859990914696
2025-03-18 04:00:00+00:00,3.531401784052595
2025-03-18 05:00:00+00:00,3.5248506360958993
2025-03-18 06:00:00+00:00,3.5333418306377693
2025-03-18 07:00:00+00:00,3.513243771014733
2025-03-18 08:00:00+00:00,3.5134959327661432
2025-03-18 09:00:00+00:00,3.516687198548226
2025-03-18 10:00:00+00:00,3.5177472429496848
2025-03-18 11:00:00+00:00,3.5164945045795424
2025-03-18 12:00:00+00:00,3.5103160548908092
2025-03-18 13:00:00+00:00,3.5074938439226906
2025-03-18 14:00:00+00:00,3.5226908037346187
2025-03-18 15:00:00+00:00,3.532275870950189
2025-03-18 16:00:00+00:00,3.5247373441557013
2025-03-18 17:00:00+00:00,3.5267997956470025
2025-03-18 18:00:00+00:00,3.517025782954517
2025-03-18 19:00:00+00:00,3.5240331968060454
2025-03-18 20:00:00+00:00,3.5352200902654207
2025-03-18 21:00:00+00:00,3.5490540571248985
2025-03-18 22:00:00+00:00,3.542206586522077
2025-03-18 23:00:00+00:00,3.543536108062183
2025-03-19 00:00:00+00:00,3.5895308119971507
2025-03-19 01:00:00+00:00,3.598117743352741
2025-03-19 02:00:00+00:00,3.5833388128552075
2025-03-19 03:00:00+00:00,3.5811320966878744
2025-03-19 04:00:00+00:00,3.5783760157140234
2025-03-19 05:00:00+00:00,3.57819734434861
2025-03-19 06:00:00+00:00,3.5955704570618634
2025-03-19 07:00:00+00:00,3.5877756055033343
2025-03-19 08:00:00+00:00,3.5948785503091965
2025-03-19 09:00:00+00:00,3.586891443647397
2025-03-19 10:00:00+00:00,3.643373656379656
2025-03-19 11:00:00+00:00,3.658162588372478
2025-03-19 12:00:00+00:00,3.66022851065379
2025-03-19 13:00:00+00:00,3.621487537060962
2025-03-19 14:00:00+00:00,3.612900154227019
2025-03-19 15:00:00+00:00,3.6240221715288863
2025-03-19 16:00:00+00:00,3.6206270071036286
2025-03-19 17:00:00+00:00,3.6145375132535453
2025-03-19 18:00:00+00:00,3.6756507836070376
2025-03-19 19:00:00+00:00,3.6874333645594852
2025-03-19 20:00:00+00:00,3.6926729170670267
2025-03-19 21:00:00+00:00,3.692602179868773
2025-03-19 22:00:00+00:00,3.7016959925085438
2025-03-19 23:00:00+00:00,3.7085877134380136
2025-03-20 00:00:00+00:00,3.698816072500231
2025-03-20 01:00:00+00:00,3.703918750733372
2025-03-20 02:00:00+00:00,3.706329937979096
2025-03-20 03:00:00+00:00,3.699536736530428
2025-03-20 04:00:00+00:00,3.6989185327715304
2025-03-20 05:00:00+00:00,3.7042795343176245
2025-03-20 06:00:00+00:00,3.703467712903716
2025-03-20 07:00:00+00:00,3.693210293726495
2025-03-20 08:00:00+00:00,3.688994085317698
2025-03-20 09:00:00+00:00,3.666877247998913
2025-03-20 10:00:00+00:00,3.66092689372565
2025-03-20 11:00:00+00:00,3.6801965163698336
2025-03-20 12:00:00+00:00,3.688959798819781
2025-03-20 13:00:00+00:00,3.6838984704383795
2025-03-20 14:00:00+00:00,3.668301948711123
2025-03-20 15:00:00+00:00,3.6653755259703784
2025-03-20 16:00:00+00:00,3.6748768017004876
2025-03-20 17:00:00+00:00,3.6669884248806723
2025-03-20 18:00:00+00:00,3.6630952112762047
2025-03-20 19:00:00+00:00,3.674486200692696
2025-03-20 20:00:00+00:00,3.660299702339107
2025-03-20 21:00:00+00:00,3.6697788496880013
2025-03-20 22:00:00+00:00,3.6753704912401437
2025-03-20 23:00:00+00:00,3.675816821793424
2025-03-21 00:00:00+00:00,3.684779299490132
2025-03-21 01:00:00+00:00,3.6780283296390888
2025-03-21 02:00:00+00:00,3.6836184457533587
2025-03-21 03:00:00+00:00,3.6833350610607543
2025-03-21 04:00:00+00:00,3.686518712874578
2025-03-21 05:00:00+00:00,3.663148268358328
2025-03-21 06:00:00+00:00,3.675551070214907
2025-03-21 07:00:00+00:00,3.6780895652227032
2025-03-21 08:00:00+00:00,3.6801516741761886
2025-03-21 09:00:00+00:00,3.6834496777922463
2025-03-21 10:00:00+00:00,3.6738449427182687
2025-03-21 11:00:00+00:00,3.6751957694951427
2025-03-21 12:00:00+00:00,3.6761676906791148
2025-03-21 13:00:00+00:00,3.668618917521162
2025-03-21 14:00:00+00:00,3.655018945841935
2025-03-21 15:00:00+00:00,3.6629750835059935
2025-03-21 16:00:00+00:00,3.6584193686748923
2025-03-21 17:00:00+00:00,3.67070618721511
2025-03-21 18:00:00+00:00,3.6654091736567476
2025-03-21 19:00:00+00:00,3.669881980138375
2025-03-21 20:00:00+00:00,3.672469612790605
2025-03-21 21:00:00+00:00,3.6721331820796568
2025-03-21 22:00:00+00:00,3.6623221790232985
2025-03-21 23:00:00+00:00,3.6654952120510376
2025-03-22 00:00:00+00:00,3.6730598027624697
2025-03-22 01:00:00+00:00,3.6806195689304793
2025-03-22 02:00:00+00:00,3.6730228356890957
2025-03-22 03:00:00+00:00,3.675671926823221
2025-03-22 04:00:00+00:00,3.673876804413072
2025-03-22 05:00:00+00:00,3.679795789634418
2025-03-22 06:00:00+00:00,3.6838266973458054
2025-03-22 07:00:00+00:00,3.67798062409179
2025-03-22 08:00:00+00:00,3.6783825471500755
2025-03-22 09:00:00+00:00,3.6876522875438273
2025-03-22 10:00:00+00:00,3.6887182971325214
2025-03-22 11:00:00+00:00,3.6888400625608755
2025-03-22 12:00:00+00:00,3.682437236481457
2025-03-22 13:00:00+00:00,3.6849532038289126
2025-03-22 14:00:00+00:00,3.6849422752403345
2025-03-22 15:00:00+00:00,3.6832461359797333
2025-03-22 16:00:00+00:00,3.672066356655495
2025-03-22 17:00:00+00:00,3.66566729161542
2025-03-22 18:00:00+00:00,3.6598293302886535
2025-03-22 19:00:00+00:00,3.665038784562635
2025-03-22 20:00:00+00:00,3.6698736740476448
2025-03-22 21:00:00+00:00,3.663025008458315
2025-03-22 22:00:00+00:00,3.665527922327944
2025-03-22 23:00:00+00:00,3.6674225611143116
2025-03-23 00:00:00+00:00,3.6677108652186603
2025-03-23 01:00:00+00:00,3.6744911112998784
2025-03-23 02:00:00+00:00,3.687640321581731
2025-03-23 03:00:00+00:00,3.6936836106662434
2025-03-23 04:00:00+00:00,3.690706854730442
2025-03-23 05:00:00+00:00,3.688354767188914
2025-03-23 06:00:00+00:00,3.6881114333520983
2025-03-23 07:00:00+00:00,3.6931596132240547
2025-03-23 08:00:00+00:00,3.702324391492078
2025-03-23 09:00:00+00:00,3.707750818108075
2025-03-23 10:00:00+00:00,3.7078788229973765
2025-03-23 11:00:00+00:00,3.6960914647871244
2025-03-23 12:00:00+00:00,3.70336535254607
2025-03-23 13:00:00+00:00,3.7000984195353057
2025-03-23 14:00:00+00:00,3.7041214334971873
2025-03-23 15:00:00+00:00,3.7110892656805317
2025-03-23 16:00:00+00:00,3.7143116631884614
2025-03-23 17:00:00+00:00,3.7067873062000287
2025-03-23 18:00:00+00:00,3.711278124889452
2025-03-23 19:00:00+00:00,3.7074307646548297
2025-03-23 20:00:00+00:00,3.704319795167138
2025-03-23 21:00:00+00:00,3.6985866761599224
2025-03-23 22:00:00+00:00,3.697492870898825
2025-03-23 23:00:00+00:00,3.6994765159043395
2025-03-24 00:00:00+00:00,3.719121587313828
2025-03-24 01:00:00+00:00,3.7175360022363564
2025-03-24 02:00:00+00:00,3.7157081749304353
2025-03-24 03:00:00+00:00,3.7154318250596945
2025-03-24 04:00:00+00:00,3.73183356272268
2025-03-24 05:00:00+00:00,3.733214196654046
2025-03-24 06:00:00+00:00,3.73798472013152
2025-03-24 07:00:00+00:00,3.744342472919934
2025-03-24 08:00:00+00:00,3.745891077169965
2025-03-24 09:00:00+00:00,3.7405365300308997
2025-03-24 10:00:00+00:00,3.7503462953014197
2025-03-24 11:00:00+00:00,3.755956566708435
2025-03-24 12:00:00+00:00,3.765563973545657
2025-03-24 13:00:00+00:00,3.7779194633207327
2025-03-24 14:00:00+00:00,3.7871631834503483
2025-03-24 15:00:00+00:00,3.780823124509951
2025-03-24 16:00:00+00:00,3.7862069662247584
2025-03-24 17:00:00+00:00,3.7835730956054516
2025-03-24 18:00:00+00:00,3.804297641078036
2025-03-24 19:00:00+00:00,3.794207887434993
2025-03-24 20:00:00+00:00,3.8175745355438804
2025-03-24 21:00:00+00:00,3.8079041135802236
2025-03-24 22:00:00+00:00,3.8053571472834355
2025-03-24 23:00:00+00:00,3.8202391282546695
2025-03-25 00:00:00+00:00,3.8447381480322833
2025-03-25 01:00:00+00:00,3.8393884921533568
2025-03-25 02:00:00+00:00,3.8328763068659804
2025-03-25 03:00:00+00:00,3.823745221137091
2025-03-25 04:00:00+00:00,3.8216755383593357
2025-03-25 05:00:00+00:00,3.817714366648353
2025-03-25 06:00:00+00:00,3.818589138332579
2025-03-25 07:00:00+00:00,3.8200499299458635
2025-03-25 08:00:00+00:00,3.824393266482072
2025-03-25 09:00:00+00:00,3.8440842052987105
2025-03-25 10:00:00+00:00,3.848490400958097
2025-03-25 11:00:00+00:00,3.850836126972966
2025-03-25 12:00:00+00:00,3.861113136502581
2025-03-25 13:00:00+00:00,3.8481804312664765
2025-03-25 14:00:00+00:00,3.85350181050806
2025-03-25 15:00:00+00:00,3.8637360450317693
2025-03-25 16:00:00+00:00,3.869838776097152
2025-03-25 17:00:00+00:00,3.8666987877102246
2025-03-25 18:00:00+00:00,3.863361245378166
2025-03-25 19:00:00+00:00,3.877095308185703
2025-03-25 20:00:00+00:00,3.867731515039661
2025-03-25 21:00:00+00:00,3.8765650848450144
2025-03-25 22:00:00+00:00,3.8839276483463654
2025-03-25 23:00:00+00:00,3.884093271480423
2025-03-26 00:00:00+00:00,3.8906551599106414
2025-03-26 01:00:00+00:00,3.8866978185029755
2025-03-26 02:00:00+00:00,3.8886473598482594
2025-03-26 03:00:00+00:00,3.9060423886194373
2025-03-26 04:00:00+00:00,3.9102783183074177
2025-03-26 05:00:00+00:00,3.9180837561176514
2025-03-26 06:00:00+00:00,3.911097760400739
2025-03-26 07:00:00+00:00,3.895709210279389
2025-03-26 08:00:00+00:00,3.898455630550689
2025-03-26 09:00:00+00:00,3.899021274836448
2025-03-26 10:00:00+00:00,3.905448444513599
2025-03-26 11:00:00+00:00,3.8887044870562666
2025-03-26 12:00:00+00:00,3.8897074271052015
2025-03-26 13:00:00+00:00,3.8814226755133308
2025-03-26 14:00:00+00:00,3.8789373106616094
2025-03-26 15:00:00+00:00,3.8766149127059997
2025-03-26 16:00:00+00:00,3.8776179633537535
2025-03-26 17:00:00+00:00,3.88171776129701
2025-03-26 18:00:00+00:00,3.8806761702607573
2025-03-26 19:00:00+00:00,3.875226438774089
2025-03-26 20:00:00+00:00,3.8740769828348576
2025-03-26 21:00:00+00:00,3.873445106847994
2025-03-26 22:00:00+00:00,3.8752587280853215
2025-03-26 23:00:00+00:00,3.8782255803694103
2025-03-27 00:00:00+00:00,3.8777204381492187
2025-03-27 01:00:00+00:00,3.8928659641838514
2025-03-27 02:00:00+00:00,3.8999620264618886
2025-03-27 03:00:00+00:00,3.9020284160869285
2025-03-27 04:00:00+00:00,3.9127581459767056
2025-03-27 05:00:00+00:00,3.917732014073582
2025-03-27 06:00:00+00:00,3.9192429298144824
2025-03-27 07:00:00+00:00,3.9209456434183245
2025-03-27 08:00:00+00:00,3.91015788265966
2025-03-27 09:00:00+00:00,3.9266239014660984
2025-03-27 10:00:00+00:00,3.9304894362850407
2025-03-27 11:00:00+00:00,3.930017011803574
2025-03-27 12:00:00+00:00,3.9300927997265807
2025-03-27 13:00:00+00:00,3.9276334577938172
2025-03-27 14:00:00+00:00,3.9360541494365293
2025-03-27 15:00:00+00:00,3.9389074297564526
2025-03-27 16:00:00+00:00,3.9357419911087193
2025-03-27 17:00:00+00:00,3.94202039783287
2025-03-27 18:00:00+00:00,3.9502666936198136
2025-03-27 19:00:00+00:00,3.944324638706004
2025-03-27 20:00:00+00:00,3.946459287622437
2025-03-27 21:00:00+00:00,3.9487764062763064
2025-03-27 22:00:00+00:00,3.9416118236515807
2025-03-27 23:00:00+00:00,3.9445404223738127
2025-03-28 00:00:00+00:00,3.968984423819811
2025-03-28 01:00:00+00:00,3.9782718079198647
2025-03-28 02:00:00+00:00,3.9936228210313445
2025-03-28 03:00:00+00:00,3.991568213641975
2025-03-28 04:00:00+00:00,3.959357187026341
2025-03-28 05:00:00+00:00,3.9585761902657226
2025-03-28 06:00:00+00:00,3.9576229972918178
2025-03-28 07:00:00+00:00,3.967449365410173
2025-03-28 08:00:00+00:00,3.9732121302105745
2025-03-28 09:00:00+00:00,3.9734739848580825
2025-03-28 10:00:00+00:00,3.9620682414351824
2025-03-28 11:00:00+00:00,3.9375327733887437
2025-03-28 12:00:00+00:00,3.93707901664004
2025-03-28 13:00:00+00:00,3.9334627750818774
2025-03-28 14:00:00+00:00,3.9294526465626243
2025-03-28 15:00:00+00:00,3.9385676391277875
2025-03-28 16:00:00+00:00,3.9422583026291265
2025-03-28 17:00:00+00:00,3.9457347243589984
2025-03-28 18:00:00+00:00,3.943777690899893
2025-03-28 19:00:00+00:00,3.9497620887488196
2025-03-28 20:00:00+00:00,3.9432309128846135
2025-03-28 21:00:00+00:00,3.9413670358025685
2025-03-28 22:00:00+00:00,3.9500121237595756
2025-03-28 23:00:00+00:00,3.959074716424272
2025-03-29 00:00:00+00:00,3.979869347645863
2025-03-29 01:00:00+00:00,3.9938256127143896
2025-03-29 02:00:00+00:00,3.995354110392379
2025-03-29 03:00:00+00:00,3.984902774736258
2025-03-29 04:00:00+00:00,3.9881616250731855
2025-03-29 05:00:00+00:00,4.003856012641949
2025-03-29 06:00:00+00:00,4.000774244272637
2025-03-29 07:00:00+00:00,3.9968511844670487
2025-03-29 08:00:00+00:00,4.007233065702394
2025-03-29 09:00:00+00:00,4.012444124936083
2025-03-29 10:00:00+00:00,4.023233798339024
2025-03-29 11:00:00+00:00,4.010322945200677
2025-03-29 12:00:00+00:00,3.985382123763452
2025-03-29 13:00:00+00:00,3.97056946764687
2025-03-29 14:00:00+00:00,3.991193602155785
2025-03-29 15:00:00+00:00,3.987660430200546
2025-03-29 16:00:00+00:00,3.9777292476588935
2025-03-29 17:00:00+00:00,3.9880151400754893
2025-03-29 18:00:00+00:00,3.9850509271636025
2025-03-29 19:00:00+00:00,3.994337917222262
2025-03-29 20:00:00+00:00,4.0049688273936
2025-03-29 21:00:00+00:00,4.0025243731820455
2025-03-29 22:00:00+00:00,3.986859119211884
2025-03-29 23:00:00+00:00,4.013747145972419
2025-03-30 00:00:00+00:00,4.017336467120755
2025-03-30 01:00:00+00:00,4.020829954760062
2025-03-30 02:00:00+00:00,4.014673190678891
2025-03-30 03:00:00+00:00,4.019850697126978
2025-03-30 04:00:00+00:00,4.0124317855819065
2025-03-30 05:00:00+00:00,4.010541393389815
2025-03-30 06:00:00+00:00,4.013040148071481
2025-03-30 07:00:00+00:00,4.023481078320835
2025-03-30 08:00:00+00:00,4.016895197513665
2025-03-30 09:00:00+00:00,4.024837847264154
2025-03-30 10:00:00+00:00,4.027902092738484
2025-03-30 11:00:00+00:00,4.0241909908328815
2025-03-30 12:00:00+00:00,4.023978563125697
2025-03-30 13:00:00+00:00,4.015532955112787
2025-03-30 14:00:00+00:00,4.012305686280973
2025-03-30 15:00:00+00:00,4.0189954080794985
2025-03-30 16:00:00+00:00,3.9996589716733606
2025-03-30 17:00:00+00:00,4.002907873095922
2025-03-30 18:00:00+00:00,4.012439796633645
2025-03-30 19:00:00+00:00,4.019343486522187
2025-03-30 20:00:00+00:00,4.0226378600957196
2025-03-30 21:00:00+00:00,4.025117117290813
2025-03-30 22:00:00+00:00,4.021758527787392
2025-03-30 23:00:00+00:00,4.015224290043119
2025-03-31 00:00:00+00:00,4.008587191208408
2025-03-31 01:00:00+00:00,4.0314927469452595
2025-03-31 02:00:00+00:00,4.028785813840287
2025-03-31 03:00:00+00:00,4.036553753630084
2025-03-31 04:00:00+00:00,4.03234022384
2025-03-31 05:00:00+00:00,4.030727741906006
2025-03-31 06:00:00+00:00,4.042539399594364
2025-03-31 07:00:00+00:00,4.024220771338401
2025-03-31 08:00:00+00:00,4.023665988952623
2025-03-31 09:00:00+00:00,4.014400824204848
2025-03-31 10:00:00+00:00,4.020181655927686
2025-03-31 11:00:00+00:00,4.035460076372292
2025-03-31 12:00:00+00:00,4.0401339435514485
2025-03-31 13:00:00+00:00,4.03552812309028
2025-03-31 14:00:00+00:00,4.0391966657418
2025-03-31 15:00:00+00:00,4.039346375956989
2025-03-31 16:00:00+00:00,4.040173733102832
2025-03-31 17:00:00+00:00,4.037384481908708
2025-03-31 18:00:00+00:00,4.044087379021198
2025-03-31 19:00:00+00:00,4.0537579432083835
2025-03-31 20:00:00+00:00,4.053364208476965
2025-03-31 21:00:00+00:00,4.0495646976810376
2025-03-31 22:00:00+00:00,4.054482980054721
2025-03-31 23:00:00+00:00,4.047045049285362
2025-04-01 00:00:00+00:00,4.047844685735037
2025-04-01 01:00:00+00:00,4.05031635134419
2025-04-01 02:00:00+00:00,4.061846807484847
2025-04-01 03:00:00+00:00,4.068644946233698
2025-04-01 04:00:00+00:00,4.063948860875211
2025-04-01 05:00:00+00:00,4.0695381378861955
2025-04-01 06:00:00+00:00,4.058616382715288
2025-04-01 07:00:00+00:00,4.055757046174105
2025-04-01 08:00:00+00:00,4.064847895109303
2025-04-01 09:00:00+00:00,4.076997199138107
2025-04-01 10:00:00+00:00,4.078053756243041
2025-04-01 11:00:00+00:00,4.068998194851019
2025-04-01 12:00:00+00:00,4.080510544408945
2025-04-01 13:00:00+00:00,4.0786946292385124
2025-04-01 14:00:00+00:00,4.048331131550501
2025-04-01 15:00:00+00:00,4.092791505871912
2025-04-01 16:00:00+00:00,4.084279207387129
2025-04-01 17:00:00+00:00,4.082023617309017
2025-04-01 18:00:00+00:00,4.078317201014664
2025-04-01 19:00:00+00:00,4.078789084994327
2025-04-01 20:00:00+00:00,4.070698235535406
2025-04-01 21:00:00+00:00,4.06846065404671
2025-04-01 22:00:00+00:00,4.073909810867088
2025-04-01 23:00:00+00:00,4.072947461820057
2025-04-02 00:00:00+00:00,4.064655781086698
2025-04-02 01:00:00+00:00,4.049927153880441
2025-04-02 02:00:00+00:00,4.055068952154767
2025-04-02 03:00:00+00:00,4.064110343964121
2025-04-02 04:00:00+00:00,4.064010453522068
2025-04-02 05:00:00+00:00,4.053991755834155
2025-04-02 06:00:00+00:00,4.066364063311571
2025-04-02 07:00:00+00:00,4.04831571394768
2025-04-02 08:00:00+00:00,4.037250486680986
2025-04-02 09:00:00+00:00,4.044866985746568
2025-04-02 10:00:00+00:00,4.038554198033661
2025-04-02 11:00:00+00:00,4.042016647442913
2025-04-02 12:00:00+00:00,4.0366006794394
2025-04-02 13:00:00+00:00,4.033262331722697
2025-04-02 14:00:00+00:00,4.019764336788083
2025-04-02 15:00:00+00:00,4.0447595513957015
2025-04-02 16:00:00+00:00,4.043079268679301
2025-04-02 17:00:00+00:00,4.024676663507058
2025-04-02 18:00:00+00:00,4.035159561449669
2025-04-02 19:00:00+00:00,4.025392241777225
2025-04-02 20:00:00+00:00,4.026732939861296
2025-04-02 21:00:00+00:00,4.0288699892451785
2025-04-02 22:00:00+00:00,3.998711759263766
2025-04-02 23:00:00+00:00,4.007178759642525
2025-04-03 00:00:00+00:00,4.047563672250417
2025-04-03 01:00:00+00:00,4.028508887889358
2025-04-03 02:00:00+00:00,4.047267021893542
2025-04-03 03:00:00+00:00,4.053928511978488
2025-04-03 04:00:00+00:00,4.05951539270441
2025-04-03 05:00:00+00:00,4.0574976494882495
2025-04-03 06:00:00+00:00,4.028723658843585
2025-04-03 07:00:00+00:00,4.10317863844474
2025-04-03 08:00:00+00:00,4.093392256146371
2025-04-03 09:00:00+00:00,4.078059585252995
2025-04-03 10:00:00+00:00,4.054353724413927
2025-04-03 11:00:00+00:00,4.043339992653198
2025-04-03 12:00:00+00:00,4.038934814757536
2025-04-03 13:00:00+00:00,4.0620023246750385
2025-04-03 14:00:00+00:00,4.073642863173982
2025-04-03 15:00:00+00:00,4.078990506575889
2025-04-03 16:00:00+00:00,4.07966186958352
2025-04-03 17:00:00+00:00,4.078827617126251
2025-04-03 18:00:00+00:00,4.059267377594463
2025-04-03 19:00:00+00:00,4.05734783177527
2025-04-03 20:00:00+00:00,4.032376558768859
2025-04-03 21:00:00+00:00,4.031923665384928
2025-04-03 22:00:00+00:00,4.015379598243664
2025-04-03 23:00:00+00:00,4.044264573949158
2025-04-04 00:00:00+00:00,4.048419158696253
2025-04-04 01:00:00+00:00,4.024127891152154
2025-04-04 02:00:00+00:00,3.9916192117635965
2025-04-04 03:00:00+00:00,3.9707160775467325
2025-04-04 04:00:00+00:00,3.980418815002266
2025-04-04 05:00:00+00:00,3.9782341497258202
2025-04-04 06:00:00+00:00,3.983078054804223
2025-04-04 07:00:00+00:00,4.023480419622642
2025-04-04 08:00:00+00:00,4.02576737991859
2025-04-04 09:00:00+00:00,4.044045112440182
2025-04-04 10:00:00+00:00,4.023302724605353
2025-04-04 11:00:00+00:00,3.9970235948627226
2025-04-04 12:00:00+00:00,3.9846717324176537
2025-04-04 13:00:00+00:00,3.946821972679293
2025-04-04 14:00:00+00:00,3.9446799717389647
2025-04-04 15:00:00+00:00,3.920407600742613
2025-04-04 16:00:00+00:00,3.9477440080324095
2025-04-04 17:00:00+00:00,3.9764129961746337
2025-04-04 18:00:00+00:00,3.9798180865834234
2025-04-04 19:00:00+00:00,3.975850838955898
2025-04-04 20:00:00+00:00,3.9909805236944025
2025-04-04 21:00:00+00:00,3.990828074812015
2025-04-04 22:00:00+00:00,3.9922852668754154
2025-04-04 23:00:00+00:00,4.007229853041351
2025-04-05 00:00:00+00:00,4.004374345832334
2025-04-05 01:00:00+00:00,3.9970076511544512
2025-04-05 02:00:00+00:00,4.000957835379137
2025-04-05 03:00:00+00:00,4.023583392886497
2025-04-05 04:00:00+00:00,4.025648420389349
2025-04-05 05:00:00+00:00,4.023997040134066
2025-04-05 06:00:00+00:00,4.0344993393908295
2025-04-05 07:00:00+00:00,4.020132569532894
2025-04-05 08:00:00+00:00,4.029461257231874
2025-04-05 09:00:00+00:00,4.0478025461752685
2025-04-05 10:00:00+00:00,4.027141602280081
2025-04-05 11:00:00+00:00,4.016689996856934
2025-04-05 12:00:00+00:00,4.008587923322889
2025-04-05 13:00:00+00:00,4.0213338995178205
2025-04-05 14:00:00+00:00,4.025640203407291
2025-04-05 15:00:00+00:00,4.014982564999096
2025-04-05 16:00:00+00:00,4.0331445751165145
2025-04-05 17:00:00+00:00,4.0248540654573075
2025-04-05 18:00:00+00:00,4.024112244489829
2025-04-05 19:00:00+00:00,4.012478240703768
2025-04-05 20:00:00+00:00,4.061882265147822
2025-04-05 21:00:00+00:00,4.057584046996852
2025-04-05 22:00:00+00:00,4.081394840990131
2025-04-05 23:00:00+00:00,4.067823509954059
2025-04-06 00:00:00+00:00,4.087292399082507
2025-04-06 01:00:00+00:00,4.062763803104611
2025-04-06 02:00:00+00:00,4.069250920926686
2025-04-06 03:00:00+00:00,4.08311654992981
2025-04-06 04:00:00+00:00,4.093091765592238
2025-04-06 05:00:00+00:00,4.101308634707455
2025-04-06 06:00:00+00:00,4.1096685462866915
2025-04-06 07:00:00+00:00,4.104602327874774
2025-04-06 08:00:00+00:00,4.076176150292302
2025-04-06 09:00:00+00:00,4.089704953069106
2025-04-06 10:00:00+00:00,4.075294209087702
2025-04-06 11:00:00+00:00,4.081145399170117
2025-04-06 12:00:00+00:00,4.098455019086631
2025-04-06 13:00:00+00:00,4.07074905001767
2025-04-06 14:00:00+00:00,4.048271993727993
2025-04-06 15:00:00+00:00,4.0385646854071
2025-04-06 16:00:00+00:00,4.025988166388853
2025-04-06 17:00:00+00:00,4.028092506927598
2025-04-06 18:00:00+00:00,4.03206957688178
2025-04-06 19:00:00+00:00,4.052619494563042
2025-04-06 20:00:00+00:00,4.031420260590416
2025-04-06 21:00:00+00:00,4.027669569808312
2025-04-06 22:00:00+00:00,4.030926165553071
2025-04-06 23:00:00+00:00,4.0260279229225535
2025-04-07 00:00:00+00:00,4.032349216199702
2025-04-07 01:00:00+00:00,4.026166709425159
2025-04-07 02:00:00+00:00,4.041277356200703
2025-04-07 03:00:00+00:00,4.087028676927602
2025-04-07 04:00:00+00:00,4.073427037065485
2025-04-07 05:00:00+00:00,4.1031887847832715
2025-04-07 06:00:00+00:00,4.1252085975703805
2025-04-07 07:00:00+00:00,4.1541638693123355
2025-04-07 08:00:00+00:00,4.201084878568083
2025-04-07 09:00:00+00:00,4.221946272253941
2025-04-07 10:00:00+00:00,4.2310017003662015
2025-04-07 11:00:00+00:00,4.240678442107893
2025-04-07 12:00:00+00:00,4.2733793051426305
2025-04-07 13:00:00+00:00,4.277193308665863
2025-04-07 14:00:00+00:00,4.227857501252813
2025-04-07 15:00:00+00:00,4.2264365939803215
2025-04-07 16:00:00+00:00,4.269266148180504
2025-04-07 17:00:00+00:00,4.277598977745308
2025-04-07 18:00:00+00:00,4.301864290631447
2025-04-07 19:00:00+00:00,4.312104685521657
2025-04-07 20:00:00+00:00,4.293560396339963
2025-04-07 21:00:00+00:00,4.296667760804366
2025-04-07 22:00:00+00:00,4.332125733077841
2025-04-07 23:00:00+00:00,4.344154757044322
2025-04-08 00:00:00+00:00,4.344782686235165
2025-04-08 01:00:00+00:00,4.327349767990237
2025-04-08 02:00:00+00:00,4.384009059648592
2025-04-08 03:00:00+00:00,4.370599163182279
2025-04-08 04:00:00+00:00,4.365765893739083
2025-04-08 05:00:00+00:00,4.37588585547616
2025-04-08 06:00:00+00:00,4.35701152974242
2025-04-08 07:00:00+00:00,4.351125421373186
2025-04-08 08:00:00+00:00,4.349346193758588
2025-04-08 09:00:00+00:00,4.367829457935855
2025-04-08 10:00:00+00:00,4.367684149262593
2025-04-08 11:00:00+00:00,4.381368521169214
2025-04-08 12:00:00+00:00,4.407499194923953
2025-04-08 13:00:00+00:00,4.38487559632808
2025-04-08 14:00:00+00:00,4.398453665370543
2025-04-08 15:00:00+00:00,4.40277784889644
2025-04-08 16:00:00+00:00,4.3662592740984385
2025-04-08 17:00:00+00:00,4.341042824134095
2025-04-08 18:00:00+00:00,4.339229966853416
2025-04-08 19:00:00+00:00,4.342070715158168
2025-04-08 20:00:00+00:00,4.34412884473232
2025-04-08 21:00:00+00:00,4.337262755971932
2025-04-08 22:00:00+00:00,4.356589803554455
2025-04-08 23:00:00+00:00,4.377853580951345
2025-04-09 00:00:00+00:00,4.379706918706509
2025-04-09 01:00:00+00:00,4.365390335865201
2025-04-09 02:00:00+00:00,4.3637634105879135
2025-04-09 03:00:00+00:00,4.3698794953302516
2025-04-09 04:00:00+00:00,4.391883612447647
2025-04-09 05:00:00+00:00,4.386752521694681
2025-04-09 06:00:00+00:00,4.3828630483670175
2025-04-09 07:00:00+00:00,4.388627069228068
2025-04-09 08:00:00+00:00,4.404060865783252
2025-04-09 09:00:00+00:00,4.404498578918929
2025-04-09 10:00:00+00:00,4.417507119454412
2025-04-09 11:00:00+00:00,4.41888058178307
2025-04-09 12:00:00+00:00,4.441400627523568
2025-04-09 13:00:00+00:00,4.440890410976146
2025-04-09 14:00:00+00:00,4.461067205420377
2025-04-09 15:00:00+00:00,4.438983219210215
2025-04-09 16:00:00+00:00,4.435053034949848
2025-04-09 17:00:00+00:00,4.526561129799249
2025-04-09 18:00:00+00:00,4.509761995911571
2025-04-09 19:00:00+00:00,4.499562814883996
2025-04-09 20:00:00+00:00,4.514262228108214
2025-04-09 21:00:00+00:00,4.511297493816564
2025-04-09 22:00:00+00:00,4.503133207412466
2025-04-09 23:00:00+00:00,4.510705741857667
2025-04-10 00:00:00+00:00,4.479634466648956
2025-04-10 01:00:00+00:00,4.47311459650862
2025-04-10 02:00:00+00:00,4.46981099745286
2025-04-10 03:00:00+00:00,4.4614155791249726
2025-04-10 04:00:00+00:00,4.471918891789995
2025-04-10 05:00:00+00:00,4.478840016468877
2025-04-10 06:00:00+00:00,4.476810291413611
2025-04-10 07:00:00+00:00,4.48468271553677
2025-04-10 08:00:00+00:00,4.481480159069275
2025-04-10 09:00:00+00:00,4.449070196227402
2025-04-10 10:00:00+00:00,4.439033608215015
2025-04-10 11:00:00+00:00,4.432534420392758
2025-04-10 12:00:00+00:00,4.444937778090733
2025-04-10 13:00:00+00:00,4.467967345378599
2025-04-10 14:00:00+00:00,4.450636786074636
2025-04-10 15:00:00+00:00,4.47378135815979
2025-04-10 16:00:00+00:00,4.4484364725168515
2025-04-10 17:00:00+00:00,4.459938985994367
2025-04-10 18:00:00+00:00,4.474430340822739
2025-04-10 19:00:00+00:00,4.467838542655282
2025-04-10 20:00:00+00:00,4.469412024668082
2025-04-10 21:00:00+00:00,4.4790947872530955
2025-04-10 22:00:00+00:00,4.484811068941042
2025-04-10 23:00:00+00:00,4.478047409356043
2025-04-11 00:00:00+00:00,4.50150181221605
2025-04-11 01:00:00+00:00,4.479900897552247
2025-04-11 02:00:00+00:00,4.486982504440182
2025-04-11 03:00:00+00:00,4.470419973278534
2025-04-11 04:00:00+00:00,4.469900735590859
2025-04-11 05:00:00+00:00,4.46975053909288
2025-04-11 06:00:00+00:00,4.45917819828811
2025-04-11 07:00:00+00:00,4.452880420743183
2025-04-11 08:00:00+00:00,4.441420384249084
2025-04-11 09:00:00+00:00,4.4052198589799145
2025-04-11 10:00:00+00:00,4.429207356448739
2025-04-11 11:00:00+00:00,4.4369063346258635
2025-04-11 12:00:00+00:00,4.429571110891161
2025-04-11 13:00:00+00:00,4.420691315092758
2025-04-11 14:00:00+00:00,4.443462186190699
2025-04-11 15:00:00+00:00,4.428593484073509
2025-04-11 16:00:00+00:00,4.420292358200284
2025-04-11 17:00:00+00:00,4.396709601655944
2025-04-11 18:00:00+00:00,4.402381485419017
2025-04-11 19:00:00+00:00,4.393338078846908
2025-04-11 20:00:00+00:00,4.398367900503281
2025-04-11 21:00:00+00:00,4.406116642380971
2025-04-11 22:00:00+00:00,4.409520763178199
2025-04-11 23:00:00+00:00,4.413183629083598
2025-04-12 00:00:00+00:00,4.415421870156325
2025-04-12 01:00:00+00:00,4.415069509255254
2025-04-12 02:00:00+00:00,4.423265712660902
2025-04-12 03:00:00+00:00,4.40708977917824
2025-04-12 04:00:00+00:00,4.406433984666072
2025-04-12 05:00:00+00:00,4.423617169985512
2025-04-12 06:00:00+00:00,4.413903226845432
2025-04-12 07:00:00+00:00,4.419559245514633
2025-04-12 08:00:00+00:00,4.439685825676487
2025-04-12 09:00:00+00:00,4.429348980716333
2025-04-12 10:00:00+00:00,4.427949316905399
2025-04-12 11:00:00+00:00,4.426571648843844
2025-04-12 12:00:00+00:00,4.431741516170314
2025-04-12 13:00:00+00:00,4.449714981739799
2025-04-12 14:00:00+00:00,4.462867762243269
2025-04-12 15:00:00+00:00,4.467675239144392
2025-04-12 16:00:00+00:00,4.455842521665288
2025-04-12 17:00:00+00:00,4.456767948877541
2025-04-12 18:00:00+00:00,4.455910483571525
2025-04-12 19:00:00+00:00,4.458201380409045
2025-04-12 20:00:00+00:00,4.446022724490947
2025-04-12 21:00:00+00:00,4.45585736402339
2025-04-12 22:00:00+00:00,4.453344530750717
2025-04-12 23:00:00+00:00,4.4518171091405065
2025-04-13 00:00:00+00:00,4.441542999396996
2025-04-13 01:00:00+00:00,4.436983795431334
2025-04-13 02:00:00+00:00,4.43359420464708
2025-04-13 03:00:00+00:00,4.430915567658534
2025-04-13 04:00:00+00:00,4.430149796282939
2025-04-13 05:00:00+00:00,4.428574671769455
2025-04-13 06:00:00+00:00,4.430125144256363
2025-04-13 07:00:00+00:00,4.43110473011702
2025-04-13 08:00:00+00:00,4.437026228649689
2025-04-13 09:00:00+00:00,4.436805221868642
2025-04-13 10:00:00+00:00,4.449347600610745
2025-04-13 11:00:00+00:00,4.448345157422628
2025-04-13 12:00:00+00:00,4.455959087343477
2025-04-13 13:00:00+00:00,4.441665225864966
2025-04-13 14:00:00+00:00,4.432854885159088
2025-04-13 15:00:00+00:00,4.440276589420298
2025-04-13 16:00:00+00:00,4.438297135703124
2025-04-13 17:00:00+00:00,4.477291797865654
2025-04-13 18:00:00+00:00,4.504485494898475
2025-04-13 19:00:00+00:00,4.464722081451532
2025-04-13 20:00:00+00:00,4.480883329823666
2025-04-13 21:00:00+00:00,4.457055999144296
2025-04-13 22:00:00+00:00,4.46065255104337
2025-04-13 23:00:00+00:00,4.445272886553433
2025-04-14 00:00:00+00:00,4.474686424638825
2025-04-14 01:00:00+00:00,4.458607982229596
2025-04-14 02:00:00+00:00,4.4669324033168065
2025-04-14 03:00:00+00:00,4.455584539125685
2025-04-14 04:00:00+00:00,4.4640011987283215
2025-04-14 05:00:00+00:00,4.450800409210602
2025-04-14 06:00:00+00:00,4.445322135642509
2025-04-14 07:00:00+00:00,4.449808843230857
2025-04-14 08:00:00+00:00,4.452714328942812
2025-04-14 09:00:00+00:00,4.469053149973685
2025-04-14 10:00:00+00:00,4.5063383490836335
2025-04-14 11:00:00+00:00,4.51163177921741
2025-04-14 12:00:00+00:00,4.503970162653117
2025-04-14 13:00:00+00:00,4.512390872864587
2025-04-14 14:00:00+00:00,4.512648924948881
2025-04-14 15:00:00+00:00,4.489119724119686
2025-04-14 16:00:00+00:00,4.478731270080013
2025-04-14 17:00:00+00:00,4.493369540608597
2025-04-14 18:00:00+00:00,4.480231446527664
2025-04-14 19:00:00+00:00,4.495405202035113
2025-04-14 20:00:00+00:00,4.493165959298346
2025-04-14 21:00:00+00:00,4.487953543022016
2025-04-14 22:00:00+00:00,4.494102154906215
2025-04-14 23:00:00+00:00,4.481462388736855
2025-04-15 00:00:00+00:00,4.4735305288391265
2025-04-15 01:00:00+00:00,4.467230441268902
2025-04-15 02:00:00+00:00,4.448889833938059
2025-04-15 03:00:00+00:00,4.468284544309812
2025-04-15 04:00:00+00:00,4.46700239718566
2025-04-15 05:00:00+00:00,4.469085742437572
2025-04-15 06:00:00+00:00,4.467758019903482
2025-04-15 07:00:00+00:00,4.48613628930986
2025-04-15 08:00:00+00:00,4.47831974850851
2025-04-15 09:00:00+00:00,4.4692644224956934
2025-04-15 10:00:00+00:00,4.455802978202225
2025-04-15 11:00:00+00:00,4.4534804676605635
2025-04-15 12:00:00+00:00,4.4466196471396495
2025-04-15 13:00:00+00:00,4.483858397319348
2025-04-15 14:00:00+00:00,4.459760552248329
2025-04-15 15:00:00+00:00,4.457538652269152
2025-04-15 16:00:00+00:00,4.45772957566848
2025-04-15 17:00:00+00:00,4.4579715707903365
2025-04-15 18:00:00+00:00,4.479789272742671
2025-04-15 19:00:00+00:00,4.484667239925436
2025-04-15 20:00:00+00:00,4.478891562960023
2025-04-15 21:00:00+00:00,4.476538181214432
2025-04-15 22:00:00+00:00,4.467035942765282
2025-04-15 23:00:00+00:00,4.473804410243084
2025-04-16 00:00:00+00:00,4.493972065486738
2025-04-16 01:00:00+00:00,4.50881153949424
2025-04-16 02:00:00+00:00,4.500325699472
2025-04-16 03:00:00+00:00,4.508060372659688
2025-04-16 04:00:00+00:00,4.492553940958916
2025-04-16 05:00:00+00:00,4.48568137636405
2025-04-16 06:00:00+00:00,4.48857228255294
2025-04-16 07:00:00+00:00,4.479739242919294
2025-04-16 08:00:00+00:00,4.484487103644101
2025-04-16 09:00:00+00:00,4.470405717742974
2025-04-16 10:00:00+00:00,4.459781042342481
2025-04-16 11:00:00+00:00,4.472465409341368
2025-04-16 12:00:00+00:00,4.472239489066481
2025-04-16 13:00:00+00:00,4.4747253359575945
2025-04-16 14:00:00+00:00,4.485914526893582
2025-04-16 15:00:00+00:00,4.494030449980115
2025-04-16 16:00:00+00:00,4.445564107095641
2025-04-16 17:00:00+00:00,4.465702760865326
2025-04-16 18:00:00+00:00,4.496983654763974
2025-04-16 19:00:00+00:00,4.518961046263366
2025-04-16 20:00:00+00:00,4.491148512510443
2025-04-16 21:00:00+00:00,4.492936520069543
2025-04-16 22:00:00+00:00,4.497903852807735
2025-04-16 23:00:00+00:00,4.491855492157981
2025-04-17 00:00:00+00:00,4.489052604724963
2025-04-17 01:00:00+00:00,4.505198642769167
2025-04-17 02:00:00+00:00,4.491233184627683
2025-04-17 03:00:00+00:00,4.504577083870168
2025-04-17 04:00:00+00:00,4.510582643405577
2025-04-17 05:00:00+00:00,4.529301108983847
2025-04-17 06:00:00+00:00,4.529592602226198
2025-04-17 07:00:00+00:00,4.541310740376861
2025-04-17 08:00:00+00:00,4.563598699651726
2025-04-17 09:00:00+00:00,4.548111139475661
2025-04-17 10:00:00+00:00,4.557529627881162
2025-04-17 11:00:00+00:00,4.544773513445099
2025-04-17 12:00:00+00:00,4.538770746657943
2025-04-17 13:00:00+00:00,4.546371435580307
2025-04-17 14:00:00+00:00,4.544706430684947
2025-04-17 15:00:00+00:00,4.552552535923081
2025-04-17 16:00:00+00:00,4.563542753277807
2025-04-17 17:00:00+00:00,4.584718154284256
2025-04-17 18:00:00+00:00,4.600125580590065
2025-04-17 19:00:00+00:00,4.577691095105926
2025-04-17 20:00:00+00:00,4.576891100354459
2025-04-17 21:00:00+00:00,4.578565434770944
2025-04-17 22:00:00+00:00,4.576579916940406
2025-04-17 23:00:00+00:00,4.577445509013408
2025-04-18 00:00:00+00:00,4.571927043131152
2025-04-18 01:00:00+00:00,4.578309852502171
2025-04-18 02:00:00+00:00,4.573886636656536
2025-04-18 03:00:00+00:00,4.591019337497885
2025-04-18 04:00:00+00:00,4.597274753509279
2025-04-18 05:00:00+00:00,4.596738644485189
2025-04-18 06:00:00+00:00,4.59001111644179
2025-04-18 07:00:00+00:00,4.5868422963222875
2025-04-18 08:00:00+00:00,4.6159597988158225
2025-04-18 09:00:00+00:00,4.610166079725172
2025-04-18 10:00:00+00:00,4.624350281957536
2025-04-18 11:00:00+00:00,4.622704975812348
2025-04-18 12:00:00+00:00,4.6191476067838915
2025-04-18 13:00:00+00:00,4.629017361906088
2025-04-18 14:00:00+00:00,4.652357318125817
2025-04-18 15:00:00+00:00,4.65240530983739
2025-04-18 16:00:00+00:00,4.653773816400394
2025-04-18 17:00:00+00:00,4.662281051566305
2025-04-18 18:00:00+00:00,4.660870367939422
2025-04-18 19:00:00+00:00,4.662523797656989
2025-04-18 20:00:00+00:00,4.665941903336579
2025-04-18 21:00:00+00:00,4.66657373723959
2025-04-18 22:00:00+00:00,4.6640220680987055
2025-04-18 23:00:00+00:00,4.658873259546776
2025-04-19 00:00:00+00:00,4.6553743415283835
2025-04-19 01:00:00+00:00,4.646212286430395
2025-04-19 02:00:00+00:00,4.608446309648859
2025-04-19 03:00:00+00:00,4.594650034481627
2025-04-19 04:00:00+00:00,4.608400409528272
2025-04-19 05:00:00+00:00,4.603321721194715
2025-04-19 06:00:00+00:00,4.603339915762922
2025-04-19 07:00:00+00:00,4.6086016565736925
2025-04-19 08:00:00+00:00,4.605636281539529
2025-04-19 09:00:00+00:00,4.596184971641072
2025-04-19 10:00:00+00:00,4.5957671593786635
2025-04-19 11:00:00+00:00,4.603682488554415
2025-04-19 12:00:00+00:00,4.601531292863819
2025-04-19 13:00:00+00:00,4.598443468420664
2025-04-19 14:00:00+00:00,4.594866614973524
2025-04-19 15:00:00+00:00,4.6172448363908565
2025-04-19 16:00:00+00:00,4.621010858700653
2025-04-19 17:00:00+00:00,4.623632474093537
2025-04-19 18:00:00+00:00,4.631231435351116
2025-04-19 19:00:00+00:00,4.629343338191279
2025-04-19 20:00:00+00:00,4.620872809897393
2025-04-19 21:00:00+00:00,4.624338749209048
2025-04-19 22:00:00+00:00,4.634224611163639
2025-04-19 23:00:00+00:00,4.621074220634565
2025-04-20 00:00:00+00:00,4.612379774881126
2025-04-20 01:00:00+00:00,4.598775448156454
2025-04-20 02:00:00+00:00,4.603885281848049
2025-04-20 03:00:00+00:00,4.60418849628446
2025-04-20 04:00:00+00:00,4.605600680871886
2025-04-20 05:00:00+00:00,4.609426094204419
2025-04-20 06:00:00+00:00,4.614345549259143
2025-04-20 07:00:00+00:00,4.604776640112135
2025-04-20 08:00:00+00:00,4.60766943426957
2025-04-20 09:00:00+00:00,4.594647880233675
2025-04-20 10:00:00+00:00,4.5861549658880705
2025-04-20 11:00:00+00:00,4.620718862054859
2025-04-20 12:00:00+00:00,4.617550640557971
2025-04-20 13:00:00+00:00,4.6117314455113885
2025-04-20 14:00:00+00:00,4.609490939168344
2025-04-20 15:00:00+00:00,4.622726196675392
2025-04-20 16:00:00+00:00,4.617592624077684
2025-04-20 17:00:00+00:00,4.625633421167875
2025-04-20 18:00:00+00:00,4.621191083582922
2025-04-20 19:00:00+00:00,4.612768587846627
2025-04-20 20:00:00+00:00,4.6298872694269795
2025-04-20 21:00:00+00:00,4.624137966256676
2025-04-20 22:00:00+00:00,4.616340622739847
2025-04-20 23:00:00+00:00,4.60836710144484
2025-04-21 00:00:00+00:00,4.609388591136598
2025-04-21 01:00:00+00:00,4.627306834369727
2025-04-21 02:00:00+00:00,4.649342116056031
2025-04-21 03:00:00+00:00,4.652220984971188
2025-04-21 04:00:00+00:00,4.66370287295572
2025-04-21 05:00:00+00:00,4.665502148684571
2025-04-21 06:00:00+00:00,4.674780566086552
2025-04-21 07:00:00+00:00,4.673208222677239
2025-04-21 08:00:00+00:00,4.671234873278922
2025-04-21 09:00:00+00:00,4.675930442226678
2025-04-21 10:00:00+00:00,4.671458146880287
2025-04-21 11:00:00+00:00,4.680631891976661
2025-04-21 12:00:00+00:00,4.671519095174011
2025-04-21 13:00:00+00:00,4.659857127589915
2025-04-21 14:00:00+00:00,4.634472869970976
2025-04-21 15:00:00+00:00,4.626659839213974
2025-04-21 16:00:00+00:00,4.6292610927351046
2025-04-21 17:00:00+00:00,4.6289345448463886
2025-04-21 18:00:00+00:00,4.624857848388273
2025-04-21 19:00:00+00:00,4.614403776607843
2025-04-21 20:00:00+00:00,4.613910606289007
2025-04-21 21:00:00+00:00,4.625665078762984
2025-04-21 22:00:00+00:00,4.630752824605887
2025-04-21 23:00:00+00:00,4.625622399875321
2025-04-22 00:00:00+00:00,4.604956734028993
2025-04-22 01:00:00+00:00,4.624134172769326
2025-04-22 02:00:00+00:00,4.617551612872157
2025-04-22 03:00:00+00:00,4.624833435530755
2025-04-22 04:00:00+00:00,4.62041581451998
2025-04-22 05:00:00+00:00,4.623112285024391
2025-04-22 06:00:00+00:00,4.625210658771054
2025-04-22 07:00:00+00:00,4.644283467423422
2025-04-22 08:00:00+00:00,4.6501818348871184
2025-04-22 09:00:00+00:00,4.647301125785563
2025-04-22 10:00:00+00:00,4.652623606542912
2025-04-22 11:00:00+00:00,4.657947535623769
2025-04-22 12:00:00+00:00,4.64250808284839
2025-04-22 13:00:00+00:00,4.638290239210475
2025-04-22 14:00:00+00:00,4.650417466537643
2025-04-22 15:00:00+00:00,4.655997604133004
2025-04-22 16:00:00+00:00,4.655482600718569
2025-04-22 17:00:00+00:00,4.645792404974721
2025-04-22 18:00:00+00:00,4.636563763349751
2025-04-22 19:00:00+00:00,4.637252537657761
2025-04-22 20:00:00+00:00,4.651862187306643
2025-04-22 21:00:00+00:00,4.654243855048864
2025-04-22 22:00:00+00:00,4.650373351214767
2025-04-22 23:00:00+00:00,4.637339122824776
2025-04-23 00:00:00+00:00,4.65192174397566
2025-04-23 01:00:00+00:00,4.662284282572995
2025-04-23 02:00:00+00:00,4.686229628750396
2025-04-23 03:00:00+00:00,4.697270354013996
2025-04-23 04:00:00+00:00,4.709173975044632
2025-04-23 05:00:00+00:00,4.720206785090056
2025-04-23 06:00:00+00:00,4.6969478942984
2025-04-23 07:00:00+00:00,4.702666086346225
2025-04-23 08:00:00+00:00,4.7539629851926435
2025-04-23 09:00:00+00:00,4.745846837533179
2025-04-23 10:00:00+00:00,4.76856024851276
2025-04-23 11:00:00+00:00,4.773894557915049
2025-04-23 12:00:00+00:00,4.762956552929534
2025-04-23 13:00:00+00:00,4.725474971835445
2025-04-23 14:00:00+00:00,4.686913997080355
2025-04-23 15:00:00+00:00,4.6566638962416596
2025-04-23 16:00:00+00:00,4.731006074530949
2025-04-23 17:00:00+00:00,4.711332011235548
2025-04-23 18:00:00+00:00,4.664169898265641
2025-04-23 19:00:00+00:00,4.6933060475913315
2025-04-23 20:00:00+00:00,4.677825561852287
2025-04-23 21:00:00+00:00,4.709707917674223
2025-04-23 22:00:00+00:00,4.693314027192039
2025-04-23 23:00:00+00:00,4.69808545592976
2025-04-24 00:00:00+00:00,4.717315468734988
2025-04-24 01:00:00+00:00,4.639387276719354
2025-04-24 02:00:00+00:00,4.6364190580159255
2025-04-24 03:00:00+00:00,4.655628016738178
2025-04-24 04:00:00+00:00,4.613526340534703
2025-04-24 05:00:00+00:00,4.586433961522793
2025-04-24 06:00:00+00:00,4.591098167259593
2025-04-24 07:00:00+00:00,4.55981905076494
2025-04-24 08:00:00+00:00,4.5850422908388735
2025-04-24 09:00:00+00:00,4.597782777932772
2025-04-24 10:00:00+00:00,4.617251085517438
2025-04-24 11:00:00+00:00,4.600490132525812
2025-04-24 12:00:00+00:00,4.533202202823663
2025-04-24 13:00:00+00:00,4.503818950071923
2025-04-24 14:00:00+00:00,4.480144226492767
2025-04-24 15:00:00+00:00,4.508517539079211
2025-04-24 16:00:00+00:00,4.481886262570438
2025-04-24 17:00:00+00:00,4.504951850075069
2025-04-24 18:00:00+00:00,4.509629108688343
2025-04-24 19:00:00+00:00,4.515804810869708
2025-04-24 20:00:00+00:00,4.498881735923427
2025-04-24 21:00:00+00:00,4.502566960302367
2025-04-24 22:00:00+00:00,4.491338739763554
2025-04-24 23:00:00+00:00,4.499179230180514
2025-04-25 00:00:00+00:00,4.519405250527274
2025-04-25 01:00:00+00:00,4.513623758380414
2025-04-25 02:00:00+00:00,4.529686925488916
2025-04-25 03:00:00+00:00,4.534395040892663
2025-04-25 04:00:00+00:00,4.523380653569643
2025-04-25 05:00:00+00:00,4.46502019455543
2025-04-25 06:00:00+00:00,4.455704223694039
2025-04-25 07:00:00+00:00,4.442487743371457
2025-04-25 08:00:00+00:00,4.404672591667566
2025-04-25 09:00:00+00:00,4.415977035796255
2025-04-25 10:00:00+00:00,4.455205877212251
2025-04-25 11:00:00+00:00,4.428542272447075
2025-04-25 12:00:00+00:00,4.44054162001124
2025-04-25 13:00:00+00:00,4.448322997779479
2025-04-25 14:00:00+00:00,4.444957061475327
2025-04-25 15:00:00+00:00,4.488307811014277
2025-04-25 16:00:00+00:00,4.447285146193664
2025-04-25 17:00:00+00:00,4.507076998777813
2025-04-25 18:00:00+00:00,4.49454337333171
2025-04-25 19:00:00+00:00,4.517328323083321
2025-04-25 20:00:00+00:00,4.505773577753117
2025-04-25 21:00:00+00:00,4.518062557904267
2025-04-25 22:00:00+00:00,4.512183362177286
2025-04-25 23:00:00+00:00,4.514313075123144
2025-04-26 00:00:00+00:00,4.507412159357508
2025-04-26 01:00:00+00:00,4.5102993296684994
2025-04-26 02:00:00+00:00,4.4978462641257675
2025-04-26 03:00:00+00:00,4.514269101717314
2025-04-26 04:00:00+00:00,4.52211159683931
2025-04-26 05:00:00+00:00,4.513801724192115
2025-04-26 06:00:00+00:00,4.537595909817575
2025-04-26 07:00:00+00:00,4.542713277205352
2025-04-26 08:00:00+00:00,4.560659827131565
2025-04-26 09:00:00+00:00,4.575956511860647
2025-04-26 10:00:00+00:00,4.56181371772365
2025-04-26 11:00:00+00:00,4.585717012071749
2025-04-26 12:00:00+00:00,4.591235577950915
2025-04-26 13:00:00+00:00,4.570479077202169
2025-04-26 14:00:00+00:00,4.568484979294977
2025-04-26 15:00:00+00:00,4.545022195091523
2025-04-26 16:00:00+00:00,4.552558961395366
2025-04-26 17:00:00+00:00,4.550901100017682
2025-04-26 18:00:00+00:00,4.570187998015716
2025-04-26 19:00:00+00:00,4.565450062046686
2025-04-26 20:00:00+00:00,4.5487945148873825
2025-04-26 21:00:00+00:00,4.559842713224204
2025-04-26 22:00:00+00:00,4.558163994654265
2025-04-26 23:00:00+00:00,4.560023580770531
2025-04-27 00:00:00+00:00,4.590657920617113
2025-04-27 01:00:00+00:00,4.564050522115884
2025-04-27 02:00:00+00:00,4.540684922425118
2025-04-27 03:00:00+00:00,4.532220716549055
2025-04-27 04:00:00+00:00,4.516624582165932
2025-04-27 05:00:00+00:00,4.514362133552428
2025-04-27 06:00:00+00:00,4.501772507218266
2025-04-27 07:00:00+00:00,4.510499432685477
2025-04-27 08:00:00+00:00,4.500487457702286
2025-04-27 09:00:00+00:00,4.514628151646504
2025-04-27 10:00:00+00:00,4.517686618115828
2025-04-27 11:00:00+00:00,4.498062032917097
2025-04-27 12:00:00+00:00,4.5237086089040455
2025-04-27 13:00:00+00:00,4.536967611853672
2025-04-27 14:00:00+00:00,4.565029485729773
2025-04-27 15:00:00+00:00,4.568888912442171
2025-04-27 16:00:00+00:00,4.575949703065262
2025-04-27 17:00:00+00:00,4.584331719377652
2025-04-27 18:00:00+00:00,4.572942024655288
2025-04-27 19:00:00+00:00,4.589032625222206
2025-04-27 20:00:00+00:00,4.578632104804025
2025-04-27 21:00:00+00:00,4.60598515324633
2025-04-27 22:00:00+00:00,4.590229506411592
2025-04-27 23:00:00+00:00,4.601253340005103
2025-04-28 00:00:00+00:00,4.653821169394576
2025-04-28 01:00:00+00:00,4.645069171075506
2025-04-28 02:00:00+00:00,4.603429740216095
2025-04-28 03:00:00+00:00,4.602633365134132
2025-04-28 04:00:00+00:00,4.613589593554545
2025-04-28 05:00:00+00:00,4.569942065123889
2025-04-28 06:00:00+00:00,4.582205185181265
2025-04-28 07:00:00+00:00,4.538534022179774
2025-04-28 08:00:00+00:00,4.546819588299271
2025-04-28 09:00:00+00:00,4.5408632167425305
2025-04-28 10:00:00+00:00,4.521539661019753
2025-04-28 11:00:00+00:00,4.522724707928923
2025-04-28 12:00:00+00:00,4.548693475364294
2025-04-28 13:00:00+00:00,4.53080887037303
2025-04-28 14:00:00+00:00,4.57584202320864
2025-04-28 15:00:00+00:00,4.552049808053438
2025-04-28 16:00:00+00:00,4.57080679881178
2025-04-28 17:00:00+00:00,4.556379592238852
2025-04-28 18:00:00+00:00,4.583968723781143
2025-04-28 19:00:00+00:00,4.579008338107821
2025-04-28 20:00:00+00:00,4.600134590665592
2025-04-28 21:00:00+00:00,4.643417920277587
2025-04-28 22:00:00+00:00,4.6492663337362075
2025-04-28 23:00:00+00:00,4.686838012658533
2025-04-29 00:00:00+00:00,4.670527359584925
2025-04-29 01:00:00+00:00,4.6850208417080825
2025-04-29 02:00:00+00:00,4.646581639833875
2025-04-29 03:00:00+00:00,4.657447743531081
2025-04-29 04:00:00+00:00,4.698080121279663
2025-04-29 05:00:00+00:00,4.674089703753184
2025-04-29 06:00:00+00:00,4.699770592141313
2025-04-29 07:00:00+00:00,4.671407747262237
2025-04-29 08:00:00+00:00,4.678623043516428
2025-04-29 09:00:00+00:00,4.693139468143033
2025-04-29 10:00:00+00:00,4.696918893014329
2025-04-29 11:00:00+00:00,4.6880541028059985
2025-04-29 12:00:00+00:00,4.707785122355461
2025-04-29 13:00:00+00:00,4.709576333497718
2025-04-29 14:00:00+00:00,4.6644206267170105
2025-04-29 15:00:00+00:00,4.672993675720969
2025-04-29 16:00:00+00:00,4.690410001918745
2025-04-29 17:00:00+00:00,4.675190032864238
2025-04-29 18:00:00+00:00,4.684893291051431
2025-04-29 19:00:00+00:00,4.677477533947929
2025-04-29 20:00:00+00:00,4.6908838478415396
2025-04-29 21:00:00+00:00,4.668528813418149
2025-04-29 22:00:00+00:00,4.686457092565516
2025-04-29 23:00:00+00:00,4.638132944824182
2025-04-30 00:00:00+00:00,4.649852790449517
2025-04-30 01:00:00+00:00,4.637799107812967
2025-04-30 02:00:00+00:00,4.648007017391896
2025-04-30 03:00:00+00:00,4.661886208125675
2025-04-30 04:00:00+00:00,4.673580070303012
2025-04-30 05:00:00+00:00,4.637564372810371
2025-04-30 06:00:00+00:00,4.636335160554235
2025-04-30 07:00:00+00:00,4.638829376488649
2025-04-30 08:00:00+00:00,4.65084297334189
2025-04-30 09:00:00+00:00,4.6614016061444135
2025-04-30 10:00:00+00:00,4.685376034338608
2025-04-30 11:00:00+00:00,4.692718780298993
2025-04-30 12:00:00+00:00,4.711681313648954
2025-04-30 13:00:00+00:00,4.7407687395814335
2025-04-30 14:00:00+00:00,4.722881542800397
2025-04-30 15:00:00+00:00,4.7063339600827305
2025-04-30 16:00:00+00:00,4.724015445578663
2025-04-30 17:00:00+00:00,4.724592074188043
2025-04-30 18:00:00+00:00,4.746227695782719
2025-04-30 19:00:00+00:00,4.737225582157198
2025-04-30 20:00:00+00:00,4.748063178134109
2025-04-30 21:00:00+00:00,4.712761743307436
2025-04-30 22:00:00+00:00,4.701848073466603
2025-04-30 23:00:00+00:00,4.691020608229164
2025-05-01 00:00:00+00:00,4.696960984591031
2025-05-01 01:00:00+00:00,4.713626764414763
2025-05-01 02:00:00+00:00,4.733422449600683
2025-05-01 03:00:00+00:00,4.712442923129917
2025-05-01 04:00:00+00:00,4.7103110447780185
2025-05-01 05:00:00+00:00,4.710457731957372
2025-05-01 06:00:00+00:00,4.722048129989512
2025-05-01 07:00:00+00:00,4.716937149819203
2025-05-01 08:00:00+00:00,4.720110431979681
2025-05-01 09:00:00+00:00,4.710626236636983
2025-05-01 10:00:00+00:00,4.662422616131504
2025-05-01 11:00:00+00:00,4.660339776010129
2025-05-01 12:00:00+00:00,4.6501161754239755
2025-05-01 13:00:00+00:00,4.650545933089733
2025-05-01 14:00:00+00:00,4.6564152130019405
2025-05-01 15:00:00+00:00,4.666360749602227
2025-05-01 16:00:00+00:00,4.693239616616652
2025-05-01 17:00:00+00:00,4.6766676139627075
2025-05-01 18:00:00+00:00,4.708490500323321
2025-05-01 19:00:00+00:00,4.699019551960674
2025-05-01 20:00:00+00:00,4.688118541866046
2025-05-01 21:00:00+00:00,4.71662727329657
2025-05-01 22:00:00+00:00,4.7159124517664175
2025-05-01 23:00:00+00:00,4.7551052398388975
2025-05-02 00:00:00+00:00,4.8032037114620785
2025-05-02 01:00:00+00:00,4.81332725211987
2025-05-02 02:00:00+00:00,4.821076245456353
2025-05-02 03:00:00+00:00,4.850254336221022
2025-05-02 04:00:00+00:00,4.836133313524497
2025-05-02 05:00:00+00:00,4.833958564942243
2025-05-02 06:00:00+00:00,4.831568793693331
2025-05-02 07:00:00+00:00,4.815926009480196
2025-05-02 08:00:00+00:00,4.812888440791292
2025-05-02 09:00:00+00:00,4.8156647885494435
2025-05-02 10:00:00+00:00,4.8375451395993805
2025-05-02 11:00:00+00:00,4.836612417869438
2025-05-02 12:00:00+00:00,4.8250117468120175
2025-05-02 13:00:00+00:00,4.829071466886545
2025-05-02 14:00:00+00:00,4.845897334414095
2025-05-02 15:00:00+00:00,4.839491144352914
2025-05-02 16:00:00+00:00,4.84464988792504
2025-05-02 17:00:00+00:00,4.837586165251809
2025-05-02 18:00:00+00:00,4.820061054270291
2025-05-02 19:00:00+00:00,4.838522521487548
2025-05-02 20:00:00+00:00,4.8234100468222705
2025-05-02 21:00:00+00:00,4.835875467258865
2025-05-02 22:00:00+00:00,4.846221214916071
2025-05-02 23:00:00+00:00,4.8525326824904464
2025-05-03 00:00:00+00:00,4.871930405257324
2025-05-03 01:00:00+00:00,4.871774619620042
2025-05-03 02:00:00+00:00,4.828311214456149
2025-05-03 03:00:00+00:00,4.82950095067615
2025-05-03 04:00:00+00:00,4.818331610200351
2025-05-03 05:00:00+00:00,4.834265430793342
2025-05-03 06:00:00+00:00,4.818811714090162
2025-05-03 07:00:00+00:00,4.847005388067555
2025-05-03 08:00:00+00:00,4.8600229302565
2025-05-03 09:00:00+00:00,4.836934928176778
2025-05-03 10:00:00+00:00,4.854982366176467
2025-05-03 11:00:00+00:00,4.8429016311954705
2025-05-03 12:00:00+00:00,4.8444848533242135
2025-05-03 13:00:00+00:00,4.86055988265551
2025-05-03 14:00:00+00:00,4.872636958479075
2025-05-03 15:00:00+00:00,4.890157575135758
2025-05-03 16:00:00+00:00,4.858358304737104
2025-05-03 17:00:00+00:00,4.878271400053941
2025-05-03 18:00:00+00:00,4.8823732763389875
2025-05-03 19:00:00+00:00,4.902440549080116
2025-05-03 20:00:00+00:00,4.906626447972411
2025-05-03 21:00:00+00:00,4.882188865490949
2025-05-03 22:00:00+00:00,4.8647905131853495
2025-05-03 23:00:00+00:00,4.860219799698314
2025-05-04 00:00:00+00:00,4.9009767740817525
2025-05-04 01:00:00+00:00,4.911866955341094
2025-05-04 02:00:00+00:00,4.920688777611821
2025-05-04 03:00:00+00:00,4.916026569775086
2025-05-04 04:00:00+00:00,4.909663987780465
2025-05-04 05:00:00+00:00,4.9189288808670435
2025-05-04 06:00:00+00:00,4.9123011437766335
2025-05-04 07:00:00+00:00,4.908743598623823
2025-05-04 08:00:00+00:00,4.901301774129421
2025-05-04 09:00:00+00:00,4.907040170850562
2025-05-04 10:00:00+00:00,4.902923901770942
2025-05-04 11:00:00+00:00,4.909037116076828
2025-05-04 12:00:00+00:00,4.912822905365873
2025-05-04 13:00:00+00:00,4.899439427847597
2025-05-04 14:00:00+00:00,4.908209543221746
2025-05-04 15:00:00+00:00,4.8989070861318575
2025-05-04 16:00:00+00:00,4.9068308982576285
2025-05-04 17:00:00+00:00,4.88252332370892
2025-05-04 18:00:00+00:00,4.90984503048664
2025-05-04 19:00:00+00:00,4.895916196361529
2025-05-04 20:00:00+00:00,4.876856758933511
2025-05-04 21:00:00+00:00,4.875702857422685
2025-05-04 22:00:00+00:00,4.882613295561239
2025-05-04 23:00:00+00:00,4.858121701856573
2025-05-05 00:00:00+00:00,4.924706750063905
2025-05-05 01:00:00+00:00,4.888963686920205
2025-05-05 02:00:00+00:00,4.853746155469323
2025-05-05 03:00:00+00:00,4.883495762060373
2025-05-05 04:00:00+00:00,4.874037327544943
2025-05-05 05:00:00+00:00,4.831775138739834
2025-05-05 06:00:00+00:00,4.809600281407233
2025-05-05 07:00:00+00:00,4.7984442749676095
2025-05-05 08:00:00+00:00,4.761717449307385
2025-05-05 09:00:00+00:00,4.762218512037939
2025-05-05 10:00:00+00:00,4.742196429945919
2025-05-05 11:00:00+00:00,4.717565540150043
2025-05-05 12:00:00+00:00,4.735174486865607
2025-05-05 13:00:00+00:00,4.713643817206212
2025-05-05 14:00:00+00:00,4.708217949694358
2025-05-05 15:00:00+00:00,4.741833002349547
2025-05-05 16:00:00+00:00,4.767521831689216
2025-05-05 17:00:00+00:00,4.762254583243843
2025-05-05 18:00:00+00:00,4.775089202329338
2025-05-05 19:00:00+00:00,4.733831524200222
2025-05-05 20:00:00+00:00,4.761762138366707
2025-05-05 21:00:00+00:00,4.778656526165198
2025-05-05 22:00:00+00:00,4.75951121330414
2025-05-05 23:00:00+00:00,4.777491685440918
2025-05-06 00:00:00+00:00,4.798556080288632
2025-05-06 01:00:00+00:00,4.835499155855944
2025-05-06 02:00:00+00:00,4.813931711267872
2025-05-06 03:00:00+00:00,4.814800974320854
2025-05-06 04:00:00+00:00,4.789248954565531
2025-05-06 05:00:00+00:00,4.800589877712001
2025-05-06 06:00:00+00:00,4.786956508812551
2025-05-06 07:00:00+00:00,4.784189495103846
2025-05-06 08:00:00+00:00,4.820914154311851
2025-05-06 09:00:00+00:00,4.82371515366556
2025-05-06 10:00:00+00:00,4.839850941644846
2025-05-06 11:00:00+00:00,4.84690933464707
2025-05-06 12:00:00+00:00,4.848180667567811
2025-05-06 13:00:00+00:00,4.82395499487133
2025-05-06 14:00:00+00:00,4.847589250362439
2025-05-06 15:00:00+00:00,4.863684421417753
2025-05-06 16:00:00+00:00,4.877718710028651
2025-05-06 17:00:00+00:00,4.887478475692075
2025-05-06 18:00:00+00:00,4.864201577981698
2025-05-06 19:00:00+00:00,4.8721671502670585
2025-05-06 20:00:00+00:00,4.833010537389679
2025-05-06 21:00:00+00:00,4.813983351969462
2025-05-06 22:00:00+00:00,4.8341035050251
2025-05-06 23:00:00+00:00,4.846232247288535
2025-05-07 00:00:00+00:00,4.842946122902866
2025-05-07 01:00:00+00:00,4.853446004717399
2025-05-07 02:00:00+00:00,4.8610215013539895
2025-05-07 03:00:00+00:00,4.853135560753533
2025-05-07 04:00:00+00:00,4.864820881869174
2025-05-07 05:00:00+00:00,4.846975235239575
2025-05-07 06:00:00+00:00,4.867735497369294
2025-05-07 07:00:00+00:00,4.862251704211275
2025-05-07 08:00:00+00:00,4.8472163084422055
2025-05-07 09:00:00+00:00,4.844642399533115
2025-05-07 10:00:00+00:00,4.8757101513943715
2025-05-07 11:00:00+00:00,4.878588326351035
2025-05-07 12:00:00+00:00,4.855897405459237
2025-05-07 13:00:00+00:00,4.859103191590153
2025-05-07 14:00:00+00:00,4.856654645123377
2025-05-07 15:00:00+00:00,4.8260612661072875
2025-05-07 16:00:00+00:00,4.811962971529713
2025-05-07 17:00:00+00:00,4.859968452264351
2025-05-07 18:00:00+00:00,4.856656165884158
2025-05-07 19:00:00+00:00,4.8706907178514305
2025-05-07 20:00:00+00:00,4.836984393804673
2025-05-07 21:00:00+00:00,4.8461538788617835
2025-05-07 22:00:00+00:00,4.865191158581701
2025-05-07 23:00:00+00:00,4.873692020954684
2025-05-08 00:00:00+00:00,4.865420739627905
2025-05-08 01:00:00+00:00,4.872385222476597
2025-05-08 02:00:00+00:00,4.858201330756278
2025-05-08 03:00:00+00:00,4.886486161138235
2025-05-08 04:00:00+00:00,4.907773363506376
2025-05-08 05:00:00+00:00,4.90705451079041
2025-05-08 06:00:00+00:00,4.87732845068362
2025-05-08 07:00:00+00:00,4.906950899676052
2025-05-08 08:00:00+00:00,4.895193873620035
2025-05-08 09:00:00+00:00,4.868597037427622
2025-05-08 10:00:00+00:00,4.834850108110545
2025-05-08 11:00:00+00:00,4.849778407859974
2025-05-08 12:00:00+00:00,4.822633107765521
2025-05-08 13:00:00+00:00,4.824774031459637
2025-05-08 14:00:00+00:00,4.871763381616166
2025-05-08 15:00:00+00:00,4.871476041431725
2025-05-08 16:00:00+00:00,4.864095269543859
2025-05-08 17:00:00+00:00,4.851700562447437
2025-05-08 18:00:00+00:00,4.8593377116231355
2025-05-08 19:00:00+00:00,4.887538405940223
2025-05-08 20:00:00+00:00,4.9143384155444485
2025-05-08 21:00:00+00:00,4.911871211770776
2025-05-08 22:00:00+00:00,4.9258273379754725
2025-05-08 23:00:00+00:00,4.92579221243721
2025-05-09 00:00:00+00:00,4.939484809312217
2025-05-09 01:00:00+00:00,4.941985308647318
2025-05-09 02:00:00+00:00,5.008764834978201
2025-05-09 03:00:00+00:00,5.052285273712714
2025-05-09 04:00:00+00:00,5.0368275832752465
2025-05-09 05:00:00+00:00,5.053066746293997
2025-05-09 06:00:00+00:00,5.069780289505226
2025-05-09 07:00:00+00:00,5.129552359781783
2025-05-09 08:00:00+00:00,5.142868936394885
2025-05-09 09:00:00+00:00,5.197564837431674
2025-05-09 10:00:00+00:00,5.218564974128912
2025-05-09 11:00:00+00:00,5.212353398465585
2025-05-09 12:00:00+00:00,5.2222703220290665
2025-05-09 13:00:00+00:00,5.21809482206272
2025-05-09 14:00:00+00:00,5.205217962869812
2025-05-09 15:00:00+00:00,5.207385489694891
2025-05-09 16:00:00+00:00,5.22155186376494
2025-05-09 17:00:00+00:00,5.255967270849697
2025-05-09 18:00:00+00:00,5.266535669091262
2025-05-09 19:00:00+00:00,5.242260046949758
2025-05-09 20:00:00+00:00,5.248742476655286
2025-05-09 21:00:00+00:00,5.241801428889851
2025-05-09 22:00:00+00:00,5.249838820927379
2025-05-09 23:00:00+00:00,5.258309926640872
2025-05-10 00:00:00+00:00,5.270212259138306
2025-05-10 01:00:00+00:00,5.267024004331962
2025-05-10 02:00:00+00:00,5.287441566527644
2025-05-10 03:00:00+00:00,5.26907028604013
2025-05-10 04:00:00+00:00,5.2761261430642
2025-05-10 05:00:00+00:00,5.301925958643427
2025-05-10 06:00:00+00:00,5.306830164374411
2025-05-10 07:00:00+00:00,5.30077482366436
2025-05-10 08:00:00+00:00,5.298097364589286
2025-05-10 09:00:00+00:00,5.3005539579293925
2025-05-10 10:00:00+00:00,5.292433562252037
2025-05-10 11:00:00+00:00,5.310523146671422
2025-05-10 12:00:00+00:00,5.321251115353465
2025-05-10 13:00:00+00:00,5.291655669726763
2025-05-10 14:00:00+00:00,5.303147599469141
2025-05-10 15:00:00+00:00,5.30729858604216
2025-05-10 16:00:00+00:00,5.307294772876551
2025-05-10 17:00:00+00:00,5.318201467630766
2025-05-10 18:00:00+00:00,5.257880620851684
2025-05-10 19:00:00+00:00,5.271106845332591
2025-05-10 20:00:00+00:00,5.223476585363242
2025-05-10 21:00:00+00:00,5.21078654553693
2025-05-10 22:00:00+00:00,5.139962566069537
2025-05-10 23:00:00+00:00,5.144681475287242
2025-05-11 00:00:00+00:00,5.145505595154097
2025-05-11 01:00:00+00:00,5.127820548260791
2025-05-11 02:00:00+00:00,5.087265554543736
2025-05-11 03:00:00+00:00,5.1186923722873345
2025-05-11 04:00:00+00:00,5.135883749089453
2025-05-11 05:00:00+00:00,5.132349569950377
2025-05-11 06:00:00+00:00,5.154395166204161
2025-05-11 07:00:00+00:00,5.166522869287913
2025-05-11 08:00:00+00:00,5.152291577092057
2025-05-11 09:00:00+00:00,5.154177501296662
2025-05-11 10:00:00+00:00,5.148479595913077
2025-05-11 11:00:00+00:00,5.138203404004863
2025-05-11 12:00:00+00:00,5.1575968345273715
2025-05-11 13:00:00+00:00,5.173224305110031
2025-05-11 14:00:00+00:00,5.1804110826481535
2025-05-11 15:00:00+00:00,5.181909929626549
2025-05-11 16:00:00+00:00,5.19145644988187
2025-05-11 17:00:00+00:00,5.166688114015944
2025-05-11 18:00:00+00:00,5.185558088187191
2025-05-11 19:00:00+00:00,5.176306026480411
2025-05-11 20:00:00+00:00,5.176520512331112
2025-05-11 21:00:00+00:00,5.184501255464708
2025-05-11 22:00:00+00:00,5.196311059972497
2025-05-11 23:00:00+00:00,5.194951019710532
2025-05-12 00:00:00+00:00,5.17845623088609
2025-05-12 01:00:00+00:00,5.1785965616112115
2025-05-12 02:00:00+00:00,5.17953316104515
2025-05-12 03:00:00+00:00,5.2018594601952595
2025-05-12 04:00:00+00:00,5.200913084462793
2025-05-12 05:00:00+00:00,5.208327288753037
2025-05-12 06:00:00+00:00,5.2071562762627295
2025-05-12 07:00:00+00:00,5.19505881127129
2025-05-12 08:00:00+00:00,5.181443444440685
2025-05-12 09:00:00+00:00,5.184633140950969
2025-05-12 10:00:00+00:00,5.200269482913212
2025-05-12 11:00:00+00:00,5.2696874728286005
2025-05-12 12:00:00+00:00,5.363600580157247
2025-05-12 13:00:00+00:00,5.372289543734844
2025-05-12 14:00:00+00:00,5.414135725339605
2025-05-12 15:00:00+00:00,5.418695473708325
2025-05-12 16:00:00+00:00,5.4265874838774115
2025-05-12 17:00:00+00:00,5.425686099913156
2025-05-12 18:00:00+00:00,5.503217162955823
2025-05-12 19:00:00+00:00,5.476440240214694
2025-05-12 20:00:00+00:00,5.493794137897106
2025-05-12 21:00:00+00:00,5.482044062033122
2025-05-12 22:00:00+00:00,5.466839610474967
2025-05-12 23:00:00+00:00,5.465688274947069
2025-05-13 00:00:00+00:00,5.488385874100802
2025-05-13 01:00:00+00:00,5.517191807769782
2025-05-13 02:00:00+00:00,5.5304732623833806
2025-05-13 03:00:00+00:00,5.52446688416037
2025-05-13 04:00:00+00:00,5.556542999234289
2025-05-13 05:00:00+00:00,5.54074490787457
2025-05-13 06:00:00+00:00,5.532243017674209
2025-05-13 07:00:00+00:00,5.536872147327893
2025-05-13 08:00:00+00:00,5.535823986963957
2025-05-13 09:00:00+00:00,5.532211413883591
2025-05-13 10:00:00+00:00,5.530020186033911
2025-05-13 11:00:00+00:00,5.493303467296314
2025-05-13 12:00:00+00:00,5.505944339888462
2025-05-13 13:00:00+00:00,5.489667963057789
2025-05-13 14:00:00+00:00,5.4657973503456185
2025-05-13 15:00:00+00:00,5.4915012755687425
2025-05-13 16:00:00+00:00,5.465567937110827
2025-05-13 17:00:00+00:00,5.438463215066316
2025-05-13 18:00:00+00:00,5.4015194636629635
2025-05-13 19:00:00+00:00,5.404066771839237
2025-05-13 20:00:00+00:00,5.3655458475184865
2025-05-13 21:00:00+00:00,5.3734222109555265
2025-05-13 22:00:00+00:00,5.374428171638561
2025-05-13 23:00:00+00:00,5.385994882518215
2025-05-14 00:00:00+00:00,5.371926858209437
2025-05-14 01:00:00+00:00,5.381942286432532
2025-05-14 02:00:00+00:00,5.4092760720706545
2025-05-14 03:00:00+00:00,5.401897091036957
2025-05-14 04:00:00+00:00,5.377919106002081
2025-05-14 05:00:00+00:00,5.383977560230126
2025-05-14 06:00:00+00:00,5.377612150366675
2025-05-14 07:00:00+00:00,5.415937998299697
2025-05-14 08:00:00+00:00,5.459536666647405
2025-05-14 09:00:00+00:00,5.45739038245814
2025-05-14 10:00:00+00:00,5.453358564674467
2025-05-14 11:00:00+00:00,5.450270942714375
2025-05-14 12:00:00+00:00,5.469077096337249
2025-05-14 13:00:00+00:00,5.489339159339352
2025-05-14 14:00:00+00:00,5.485514131126177
2025-05-14 15:00:00+00:00,5.487545561229373
2025-05-14 16:00:00+00:00,5.488304936624949
2025-05-14 17:00:00+00:00,5.481098996554433
2025-05-14 18:00:00+00:00,5.484463763493957
2025-05-14 19:00:00+00:00,5.481421625844117
2025-05-14 20:00:00+00:00,5.46836668278642
2025-05-14 21:00:00+00:00,5.474505723252819
2025-05-14 22:00:00+00:00,5.460358444996666
2025-05-14 23:00:00+00:00,5.46931927956022
2025-05-15 00:00:00+00:00,5.465856698840674
2025-05-15 01:00:00+00:00,5.499053472302832
2025-05-15 02:00:00+00:00,5.510825866592283
2025-05-15 03:00:00+00:00,5.4992136960825455
2025-05-15 04:00:00+00:00,5.498063957529646
2025-05-15 05:00:00+00:00,5.512973712228565
2025-05-15 06:00:00+00:00,5.500592235311858
2025-05-15 07:00:00+00:00,5.51964241116714
2025-05-15 08:00:00+00:00,5.519396615782317
2025-05-15 09:00:00+00:00,5.5387784024924684
2025-05-15 10:00:00+00:00,5.520165996673282
2025-05-15 11:00:00+00:00,5.535399732395543
2025-05-15 12:00:00+00:00,5.527344738560354
2025-05-15 13:00:00+00:00,5.516695028289867
2025-05-15 14:00:00+00:00,5.560537365028337
2025-05-15 15:00:00+00:00,5.550217627790743
2025-05-15 16:00:00+00:00,5.5422693301974215
2025-05-15 17:00:00+00:00,5.54348216376742
2025-05-15 18:00:00+00:00,5.535569707142358
2025-05-15 19:00:00+00:00,5.536668004345576
2025-05-15 20:00:00+00:00,5.535709180477183
2025-05-15 21:00:00+00:00,5.554088981236236
2025-05-15 22:00:00+00:00,5.571930678867279
2025-05-15 23:00:00+00:00,5.551368891394826
2025-05-16 00:00:00+00:00,5.584055996209691
2025-05-16 01:00:00+00:00,5.593146152829677
2025-05-16 02:00:00+00:00,5.618267427942084
2025-05-16 03:00:00+00:00,5.616456508304022
2025-05-16 04:00:00+00:00,5.615615903678461
2025-05-16 05:00:00+00:00,5.623032354514672
2025-05-16 06:00:00+00:00,5.606713456592456
2025-05-16 07:00:00+00:00,5.58532984393597
2025-05-16 08:00:00+00:00,5.565576033378119
2025-05-16 09:00:00+00:00,5.585175298229972
2025-05-16 10:00:00+00:00,5.586044543388401
2025-05-16 11:00:00+00:00,5.573764194490669
2025-05-16 12:00:00+00:00,5.583794700581335
2025-05-16 13:00:00+00:00,5.5919600769878555
2025-05-16 14:00:00+00:00,5.576791920947371
2025-05-16 15:00:00+00:00,5.590921774540284
2025-05-16 16:00:00+00:00,5.56675996986834
2025-05-16 17:00:00+00:00,5.573283826856168
2025-05-16 18:00:00+00:00,5.574579400257476
2025-05-16 19:00:00+00:00,5.579427137455516
2025-05-16 20:00:00+00:00,5.551077495622301
2025-05-16 21:00:00+00:00,5.557602048011301
2025-05-16 22:00:00+00:00,5.5639339702713535
2025-05-16 23:00:00+00:00,5.599804300576129
2025-05-17 00:00:00+00:00,5.597716545510895
2025-05-17 01:00:00+00:00,5.595302124448002
2025-05-17 02:00:00+00:00,5.598918542652279
2025-05-17 03:00:00+00:00,5.599442653125207
2025-05-17 04:00:00+00:00,5.5972885725578205
2025-05-17 05:00:00+00:00,5.609710624806014
2025-05-17 06:00:00+00:00,5.589761859352497
2025-05-17 07:00:00+00:00,5.585624970420782
2025-05-17 08:00:00+00:00,5.580169373119038
2025-05-17 09:00:00+00:00,5.5858812733251915
2025-05-17 10:00:00+00:00,5.599378067279714
2025-05-17 11:00:00+00:00,5.599211967973002
2025-05-17 12:00:00+00:00,5.608358063153157
2025-05-17 13:00:00+00:00,5.591948577383619
2025-05-17 14:00:00+00:00,5.6193029284620515
2025-05-17 15:00:00+00:00,5.6301263800252315
2025-05-17 16:00:00+00:00,5.604226931175147
2025-05-17 17:00:00+00:00,5.614816868078402
2025-05-17 18:00:00+00:00,5.616660920860635
2025-05-17 19:00:00+00:00,5.604973797409329
2025-05-17 20:00:00+00:00,5.620910026700585
2025-05-17 21:00:00+00:00,5.625029093660752
2025-05-17 22:00:00+00:00,5.616010782708278
2025-05-17 23:00:00+00:00,5.611496675898034
2025-05-18 00:00:00+00:00,5.605639044924588
2025-05-18 01:00:00+00:00,5.604258685817276
2025-05-18 02:00:00+00:00,5.607336462019493
2025-05-18 03:00:00+00:00,5.613426908925152
2025-05-18 04:00:00+00:00,5.641792658067056
2025-05-18 05:00:00+00:00,5.646555275850477
2025-05-18 06:00:00+00:00,5.653234435854654
2025-05-18 07:00:00+00:00,5.653316041079517
2025-05-18 08:00:00+00:00,5.675731682416741
2025-05-18 09:00:00+00:00,5.667955574283349
2025-05-18 10:00:00+00:00,5.669200800175759
2025-05-18 11:00:00+00:00,5.653500967506955
2025-05-18 12:00:00+00:00,5.646862192918392
2025-05-18 13:00:00+00:00,5.632832446157417
2025-05-18 14:00:00+00:00,5.657152530295076
2025-05-18 15:00:00+00:00,5.663010589299846
2025-05-18 16:00:00+00:00,5.653215003669582
2025-05-18 17:00:00+00:00,5.692767295949078
2025-05-18 18:00:00+00:00,5.715438635988684
2025-05-18 19:00:00+00:00,5.740477930512007
2025-05-18 20:00:00+00:00,5.760495455252596
2025-05-18 21:00:00+00:00,5.784046095545911
2025-05-18 22:00:00+00:00,5.752033025109692
2025-05-18 23:00:00+00:00,5.747979714320011
2025-05-19 00:00:00+00:00,5.755480957300541
2025-05-19 01:00:00+00:00,5.751785504535249
2025-05-19 02:00:00+00:00,5.754433448960343
2025-05-19 03:00:00+00:00,5.754037809367841
2025-05-19 04:00:00+00:00,5.813608162256273
2025-05-19 05:00:00+00:00,5.825632603990868
2025-05-19 06:00:00+00:00,5.808677382564123
2025-05-19 07:00:00+00:00,5.799495935748547
2025-05-19 08:00:00+00:00,5.7956654256453515
2025-05-19 09:00:00+00:00,5.805546392652069
2025-05-19 10:00:00+00:00,5.794924011155843
2025-05-19 11:00:00+00:00,5.795402710927567
2025-05-19 12:00:00+00:00,5.798333946213446
2025-05-19 13:00:00+00:00,5.807641585477009
2025-05-19 14:00:00+00:00,5.796423355070797
2025-05-19 15:00:00+00:00,5.77533819345578
2025-05-19 16:00:00+00:00,5.757288037785173
2025-05-19 17:00:00+00:00,5.760166950335004
2025-05-19 18:00:00+00:00,5.771845765304398
2025-05-19 19:00:00+00:00,5.741702168053229
2025-05-19 20:00:00+00:00,5.738615358943901
2025-05-19 21:00:00+00:00,5.732274680580053
2025-05-19 22:00:00+00:00,5.754806140861393
2025-05-19 23:00:00+00:00,5.732473187735758
2025-05-20 00:00:00+00:00,5.756031888859302
2025-05-20 01:00:00+00:00,5.735038075713221
2025-05-20 02:00:00+00:00,5.7223667178097894
2025-05-20 03:00:00+00:00,5.73341827852267
2025-05-20 04:00:00+00:00,5.71654737774556
2025-05-20 05:00:00+00:00,5.731824090779167
2025-05-20 06:00:00+00:00,5.723374410618616
2025-05-20 07:00:00+00:00,5.715070367300674
2025-05-20 08:00:00+00:00,5.705401951144593
2025-05-20 09:00:00+00:00,5.698047634102186
2025-05-20 10:00:00+00:00,5.711492644055017
2025-05-20 11:00:00+00:00,5.701120091408642
2025-05-20 12:00:00+00:00,5.729359197115201
2025-05-20 13:00:00+00:00,5.736646030380729
2025-05-20 14:00:00+00:00,5.746361558103801
2025-05-20 15:00:00+00:00,5.741490821832142
2025-05-20 16:00:00+00:00,5.749623153484017
2025-05-20 17:00:00+00:00,5.72883023109417
2025-05-20 18:00:00+00:00,5.755386188579374
2025-05-20 19:00:00+00:00,5.744821636727533
2025-05-20 20:00:00+00:00,5.750358318817188
2025-05-20 21:00:00+00:00,5.758230516393702
2025-05-20 22:00:00+00:00,5.740550953542186
2025-05-20 23:00:00+00:00,5.7386501858710615
2025-05-21 00:00:00+00:00,5.734316881495263
2025-05-21 01:00:00+00:00,5.707874796465576
2025-05-21 02:00:00+00:00,5.7137116314317025
2025-05-21 03:00:00+00:00,5.737783607289228
2025-05-21 04:00:00+00:00,5.734456678222026
2025-05-21 05:00:00+00:00,5.699909887514402
2025-05-21 06:00:00+00:00,5.701762093903663
2025-05-21 07:00:00+00:00,5.709928568564848
2025-05-21 08:00:00+00:00,5.737423816048076
2025-05-21 09:00:00+00:00,5.7315224975670915
2025-05-21 10:00:00+00:00,5.758701458276549
2025-05-21 11:00:00+00:00,5.760648137616526
2025-05-21 12:00:00+00:00,5.763327402225932
2025-05-21 13:00:00+00:00,5.748558274139511
2025-05-21 14:00:00+00:00,5.755290356594397
2025-05-21 15:00:00+00:00,5.777066793144651
2025-05-21 16:00:00+00:00,5.787367762771682
2025-05-21 17:00:00+00:00,5.790305589889273
2025-05-21 18:00:00+00:00,5.820882396801825
2025-05-21 19:00:00+00:00,5.8010495021690796
2025-05-21 20:00:00+00:00,5.809996330692768
2025-05-21 21:00:00+00:00,5.796890090132525
2025-05-21 22:00:00+00:00,5.83219589191933
2025-05-21 23:00:00+00:00,5.8256360448282445
2025-05-22 00:00:00+00:00,5.84100349211433
2025-05-22 01:00:00+00:00,5.845030088883711
2025-05-22 02:00:00+00:00,5.850623145154839
2025-05-22 03:00:00+00:00,5.817377767578495
2025-05-22 04:00:00+00:00,5.840104094906873
2025-05-22 05:00:00+00:00,5.839974374945517
2025-05-22 06:00:00+00:00,5.850268513196779
2025-05-22 07:00:00+00:00,5.842871755215636
2025-05-22 08:00:00+00:00,5.835609318542618
2025-05-22 09:00:00+00:00,5.845120704844407
2025-05-22 10:00:00+00:00,5.8486475586009705
2025-05-22 11:00:00+00:00,5.840853264967652
2025-05-22 12:00:00+00:00,5.841236752207897
2025-05-22 13:00:00+00:00,5.837624713016054
2025-05-22 14:00:00+00:00,5.8897977895567815
2025-05-22 15:00:00+00:00,5.880436739846837
2025-05-22 16:00:00+00:00,5.892505019711467
2025-05-22 17:00:00+00:00,5.88359252973863
2025-05-22 18:00:00+00:00,5.883280665236686
2025-05-22 19:00:00+00:00,5.904672354645678
2025-05-22 20:00:00+00:00,5.889854002671129
2025-05-22 21:00:00+00:00,5.890742978333635
2025-05-22 22:00:00+00:00,5.898409489516249
2025-05-22 23:00:00+00:00,5.8818726034062605
2025-05-23 00:00:00+00:00,5.8937699693723955
2025-05-23 01:00:00+00:00,5.888076124479838
2025-05-23 02:00:00+00:00,5.881746411432783
2025-05-23 03:00:00+00:00,5.8979998742292725
2025-05-23 04:00:00+00:00,5.914759031511627
2025-05-23 05:00:00+00:00,5.914674456598855
2025-05-23 06:00:00+00:00,5.906017428437167
2025-05-23 07:00:00+00:00,5.908916869456461
2025-05-23 08:00:00+00:00,5.921258584212587
2025-05-23 09:00:00+00:00,5.92409250122962
2025-05-23 10:00:00+00:00,5.944942759858216
2025-05-23 11:00:00+00:00,5.934186790174865
2025-05-23 12:00:00+00:00,5.915976736952585
2025-05-23 13:00:00+00:00,5.9326653024983855
2025-05-23 14:00:00+00:00,5.940307278000411
2025-05-23 15:00:00+00:00,5.937955280734248
2025-05-23 16:00:00+00:00,5.936022920604784
2025-05-23 17:00:00+00:00,5.93969412656811
2025-05-23 18:00:00+00:00,5.921326334354343
2025-05-23 19:00:00+00:00,5.920217408389773
2025-05-23 20:00:00+00:00,5.909701203016332
2025-05-23 21:00:00+00:00,5.910433034707391
2025-05-23 22:00:00+00:00,5.9321941043505495
2025-05-23 23:00:00+00:00,5.926308897547778
2025-05-24 00:00:00+00:00,5.912743829679418
2025-05-24 01:00:00+00:00,5.917427212830967
2025-05-24 02:00:00+00:00,5.9290896039477365
2025-05-24 03:00:00+00:00,5.926559854653144
2025-05-24 04:00:00+00:00,5.938031382917462
2025-05-24 05:00:00+00:00,5.928062213794876
2025-05-24 06:00:00+00:00,5.931126068583317
2025-05-24 07:00:00+00:00,5.918105196631956
2025-05-24 08:00:00+00:00,5.917158566292906
2025-05-24 09:00:00+00:00,5.917963135266833
2025-05-24 10:00:00+00:00,5.922564586139677
2025-05-24 11:00:00+00:00,5.930189630120014
2025-05-24 12:00:00+00:00,5.939255583581645
2025-05-24 13:00:00+00:00,5.932224498664721
2025-05-24 14:00:00+00:00,5.931520234622095
2025-05-24 15:00:00+00:00,5.925301670793169
2025-05-24 16:00:00+00:00,5.927821160865179
2025-05-24 17:00:00+00:00,5.9167763100765
2025-05-24 18:00:00+00:00,5.921738983891044
2025-05-24 19:00:00+00:00,5.918612039610705
2025-05-24 20:00:00+00:00,5.912055828038987
2025-05-24 21:00:00+00:00,5.919015175966953
2025-05-24 22:00:00+00:00,5.938256176504806
2025-05-24 23:00:00+00:00,5.951894988603493
2025-05-25 00:00:00+00:00,5.965068118507296
2025-05-25 01:00:00+00:00,5.958875107383768
2025-05-25 02:00:00+00:00,5.96748494116648
2025-05-25 03:00:00+00:00,5.973250588222297
2025-05-25 04:00:00+00:00,5.960397876612289
2025-05-25 05:00:00+00:00,5.964078467924799
2025-05-25 06:00:00+00:00,5.972336878867994
2025-05-25 07:00:00+00:00,5.970488611675581
2025-05-25 08:00:00+00:00,5.957802190833451
2025-05-25 09:00:00+00:00,5.955689576607539
2025-05-25 10:00:00+00:00,5.963502807317435
2025-05-25 11:00:00+00:00,5.959417304333034
2025-05-25 12:00:00+00:00,5.957421948385678
2025-05-25 13:00:00+00:00,5.979520526737819
2025-05-25 14:00:00+00:00,5.974122779185219
2025-05-25 15:00:00+00:00,5.939459866144612
2025-05-25 16:00:00+00:00,5.953476389777716
2025-05-25 17:00:00+00:00,5.957854406302729
2025-05-25 18:00:00+00:00,5.969921022378847
2025-05-25 19:00:00+00:00,5.9806346321168276
2025-05-25 20:00:00+00:00,5.981269407201099
2025-05-25 21:00:00+00:00,5.985088977873912
2025-05-25 22:00:00+00:00,6.031680349160347
2025-05-25 23:00:00+00:00,6.036308216596803
2025-05-26 00:00:00+00:00,6.080545545563441
2025-05-26 01:00:00+00:00,6.06915447355938
2025-05-26 02:00:00+00:00,6.068136269403886
2025-05-26 03:00:00+00:00,6.064794152666728
2025-05-26 04:00:00+00:00,6.068020207200506
2025-05-26 05:00:00+00:00,6.074463249614531
2025-05-26 06:00:00+00:00,6.078918512800053
2025-05-26 07:00:00+00:00,6.10264904395689
2025-05-26 08:00:00+00:00,6.103502503785331
2025-05-26 09:00:00+00:00,6.101104374171927
2025-05-26 10:00:00+00:00,6.087683523544852
2025-05-26 11:00:00+00:00,6.08369371571921
2025-05-26 12:00:00+00:00,6.0910208936960375
2025-05-26 13:00:00+00:00,6.06187302081534
2025-05-26 14:00:00+00:00,6.05416619938643
2025-05-26 15:00:00+00:00,6.076943677061969
2025-05-26 16:00:00+00:00,6.064995109552616
2025-05-26 17:00:00+00:00,6.050628243987478
2025-05-26 18:00:00+00:00,6.068809756629664
2025-05-26 19:00:00+00:00,6.061143007952312
2025-05-26 20:00:00+00:00,6.0476671947622815
2025-05-26 21:00:00+00:00,6.0653749384527496
2025-05-26 22:00:00+00:00,6.059912930994658
2025-05-26 23:00:00+00:00,6.0511838848114925
2025-05-27 00:00:00+00:00,6.064076345517175
2025-05-27 01:00:00+00:00,6.072026179318396
2025-05-27 02:00:00+00:00,6.105895589425341
2025-05-27 03:00:00+00:00,6.086425636193433
2025-05-27 04:00:00+00:00,6.106267066973333
2025-05-27 05:00:00+00:00,6.106461318877689
2025-05-27 06:00:00+00:00,6.138211478532946
2025-05-27 07:00:00+00:00,6.130310287891654
2025-05-27 08:00:00+00:00,6.108131837218824
2025-05-27 09:00:00+00:00,6.097369377588145
2025-05-27 10:00:00+00:00,6.101475294324946
2025-05-27 11:00:00+00:00,6.082518481927554
2025-05-27 12:00:00+00:00,6.09719022742064
2025-05-27 13:00:00+00:00,6.076074966543347
2025-05-27 14:00:00+00:00,6.076034805793612
2025-05-27 15:00:00+00:00,6.075058337038607
2025-05-27 16:00:00+00:00,6.07235247600634
2025-05-27 17:00:00+00:00,6.0827779833110975
2025-05-27 18:00:00+00:00,6.079291587967842
2025-05-27 19:00:00+00:00,6.068145893134521
2025-05-27 20:00:00+00:00,6.088658896096014
2025-05-27 21:00:00+00:00,6.0927596686752485
2025-05-27 22:00:00+00:00,6.09276681077949
2025-05-27 23:00:00+00:00,6.087205955803839
2025-05-28 00:00:00+00:00,6.101858329947113
2025-05-28 01:00:00+00:00,6.12930055610967
2025-05-28 02:00:00+00:00,6.117367307967531
2025-05-28 03:00:00+00:00,6.124309931269252
2025-05-28 04:00:00+00:00,6.119530765729993
2025-05-28 05:00:00+00:00,6.110458722499041
2025-05-28 06:00:00+00:00,6.1119542320970535
2025-05-28 07:00:00+00:00,6.1228653043951615
2025-05-28 08:00:00+00:00,6.119131813823667
2025-05-28 09:00:00+00:00,6.129282438637233
2025-05-28 10:00:00+00:00,6.139602207091353
2025-05-28 11:00:00+00:00,6.154462279198094
2025-05-28 12:00:00+00:00,6.149768954364244
2025-05-28 13:00:00+00:00,6.134905570898817
2025-05-28 14:00:00+00:00,6.137716395037119
2025-05-28 15:00:00+00:00,6.122813831864751
2025-05-28 16:00:00+00:00,6.112040664994095
2025-05-28 17:00:00+00:00,6.09243866003745
2025-05-28 18:00:00+00:00,6.088790031541384
2025-05-28 19:00:00+00:00,6.087907092172403
2025-05-28 20:00:00+00:00,6.09605624330962
2025-05-28 21:00:00+00:00,6.097575721971591
2025-05-28 22:00:00+00:00,6.107504649915404
2025-05-28 23:00:00+00:00,6.11249048939191
2025-05-29 00:00:00+00:00,6.121926121639826
2025-05-29 01:00:00+00:00,6.112633285286736
2025-05-29 02:00:00+00:00,6.106070877042425
2025-05-29 03:00:00+00:00,6.095892199974927
2025-05-29 04:00:00+00:00,6.125196503493152
2025-05-29 05:00:00+00:00,6.125343110294648
2025-05-29 06:00:00+00:00,6.1290230775056145
2025-05-29 07:00:00+00:00,6.107959137526121
2025-05-29 08:00:00+00:00,6.114052353997895
2025-05-29 09:00:00+00:00,6.094704205841785
2025-05-29 10:00:00+00:00,6.112854576667532
2025-05-29 11:00:00+00:00,6.119888781160577
2025-05-29 12:00:00+00:00,6.126873460227337
2025-05-29 13:00:00+00:00,6.131418668879863
2025-05-29 14:00:00+00:00,6.121741668640546
2025-05-29 15:00:00+00:00,6.132518268273897
2025-05-29 16:00:00+00:00,6.133632683606619
2025-05-29 17:00:00+00:00,6.139867225751069
2025-05-29 18:00:00+00:00,6.135898774062114
2025-05-29 19:00:00+00:00,6.142496814881346
2025-05-29 20:00:00+00:00,6.139228281737039
2025-05-29 21:00:00+00:00,6.145941185147874
2025-05-29 22:00:00+00:00,6.139934276008166
2025-05-29 23:00:00+00:00,6.135746460292504
2025-05-30 00:00:00+00:00,6.080031808357003
2025-05-30 01:00:00+00:00,6.082450992741796
2025-05-30 02:00:00+00:00,6.076450193718885
2025-05-30 03:00:00+00:00,6.076987459953803
2025-05-30 04:00:00+00:00,6.076526459486754
2025-05-30 05:00:00+00:00,6.068165157085619
2025-05-30 06:00:00+00:00,6.054448793778295
2025-05-30 07:00:00+00:00,6.07994350049519
2025-05-30 08:00:00+00:00,6.080950044335886
2025-05-30 09:00:00+00:00,6.085306534074062
2025-05-30 10:00:00+00:00,6.077987362059939
2025-05-30 11:00:00+00:00,6.092139284507797
2025-05-30 12:00:00+00:00,6.094460126343321
2025-05-30 13:00:00+00:00,6.093729380045215
2025-05-30 14:00:00+00:00,6.0892394812313055
2025-05-30 15:00:00+00:00,6.084303866809258
2025-05-30 16:00:00+00:00,6.086807625970882
2025-05-30 17:00:00+00:00,6.113854405953308
2025-05-30 18:00:00+00:00,6.109644339606584
2025-05-30 19:00:00+00:00,6.124105598436213
2025-05-30 20:00:00+00:00,6.122360955408717
2025-05-30 21:00:00+00:00,6.110036171553564
2025-05-30 22:00:00+00:00,6.107255212973689
2025-05-30 23:00:00+00:00,6.096079071025451
2025-05-31 00:00:00+00:00,6.101357156227565
2025-05-31 01:00:00+00:00,6.1436266608874455
2025-05-31 02:00:00+00:00,6.177679905276946
2025-05-31 03:00:00+00:00,6.145861935115158
2025-05-31 04:00:00+00:00,6.153957308046465
2025-05-31 05:00:00+00:00,6.165284293853769
2025-05-31 06:00:00+00:00,6.173071567997112
2025-05-31 07:00:00+00:00,6.176029871675771
2025-05-31 08:00:00+00:00,6.170137541886681
2025-05-31 09:00:00+00:00,6.162432466124784
2025-05-31 10:00:00+00:00,6.173499516047812
2025-05-31 11:00:00+00:00,6.168908493709523
2025-05-31 12:00:00+00:00,6.204073709279179
2025-05-31 13:00:00+00:00,6.260350017983351
2025-05-31 14:00:00+00:00,6.254244086432969
2025-05-31 15:00:00+00:00,6.276722600415058
2025-05-31 16:00:00+00:00,6.285586352795197
2025-05-31 17:00:00+00:00,6.309411171608424
2025-05-31 18:00:00+00:00,6.277950046399648
2025-05-31 19:00:00+00:00,6.290248136174261
2025-05-31 20:00:00+00:00,6.295346491268961
2025-05-31 21:00:00+00:00,6.300297467661725
2025-05-31 22:00:00+00:00,6.296930358670068
2025-05-31 23:00:00+00:00,6.298307876349009
2025-06-01 00:00:00+00:00,6.296663688305013
2025-06-01 01:00:00+00:00,6.305183036485553
2025-06-01 02:00:00+00:00,6.305675246349947
2025-06-01 03:00:00+00:00,6.30383058292853
2025-06-01 04:00:00+00:00,6.304759682769116
2025-06-01 05:00:00+00:00,6.317101550705798
2025-06-01 06:00:00+00:00,6.318586756387745
2025-06-01 07:00:00+00:00,6.319260504983277
2025-06-01 08:00:00+00:00,6.310922309772186
2025-06-01 09:00:00+00:00,6.289853211683406
2025-06-01 10:00:00+00:00,6.311519564197048
2025-06-01 11:00:00+00:00,6.312444366566537
2025-06-01 12:00:00+00:00,6.318693975853584
2025-06-01 13:00:00+00:00,6.330580168167561
2025-06-01 14:00:00+00:00,6.3425776094445085
2025-06-01 15:00:00+00:00,6.334099446390167
2025-06-01 16:00:00+00:00,6.345270707830266
2025-06-01 17:00:00+00:00,6.338718025187133
2025-06-01 18:00:00+00:00,6.343075861709933
2025-06-01 19:00:00+00:00,6.348785254484086
2025-06-01 20:00:00+00:00,6.372843685807664
2025-06-01 21:00:00+00:00,6.40055756294754
2025-06-01 22:00:00+00:00,6.420165676423214
2025-06-01 23:00:00+00:00,6.415914337426171
2025-06-02 00:00:00+00:00,6.412536901839068
2025-06-02 01:00:00+00:00,6.422215742488606
2025-06-02 02:00:00+00:00,6.422124718035599
2025-06-02 03:00:00+00:00,6.417839167060036
2025-06-02 04:00:00+00:00,6.434765988570505
2025-06-02 05:00:00+00:00,6.418736916153086
2025-06-02 06:00:00+00:00,6.411624470914679
2025-06-02 07:00:00+00:00,6.400080730887288
2025-06-02 08:00:00+00:00,6.389667420637028
2025-06-02 09:00:00+00:00,6.414351591343789
2025-06-02 10:00:00+00:00,6.42877122294899
2025-06-02 11:00:00+00:00,6.450937078761378
2025-06-02 12:00:00+00:00,6.440122483273194
2025-06-02 13:00:00+00:00,6.435270387787082
2025-06-02 14:00:00+00:00,6.41709080564942
2025-06-02 15:00:00+00:00,6.401674099994178
2025-06-02 16:00:00+00:00,6.393318653771925
2025-06-02 17:00:00+00:00,6.404828631867188
2025-06-02 18:00:00+00:00,6.435035653980961
2025-06-02 19:00:00+00:00,6.4159389877713675
2025-06-02 20:00:00+00:00,6.444915396627888
2025-06-02 21:00:00+00:00,6.452049108429067
2025-06-02 22:00:00+00:00,6.442214572541576
2025-06-02 23:00:00+00:00,6.419043953250742
2025-06-03 00:00:00+00:00,6.413624189154827
2025-06-03 01:00:00+00:00,6.443690526691982
2025-06-03 02:00:00+00:00,6.4410590566833825
2025-06-03 03:00:00+00:00,6.440141623074849
2025-06-03 04:00:00+00:00,6.437931497555519
2025-06-03 05:00:00+00:00,6.437892232995663
2025-06-03 06:00:00+00:00,6.441273915069829
2025-06-03 07:00:00+00:00,6.444470136019402
2025-06-03 08:00:00+00:00,6.427603544680593
2025-06-03 09:00:00+00:00,6.424003325736604
2025-06-03 10:00:00+00:00,6.438066753962833
2025-06-03 11:00:00+00:00,6.448983495637862
2025-06-03 12:00:00+00:00,6.443835149834376
2025-06-03 13:00:00+00:00,6.461274259221612
2025-06-03 14:00:00+00:00,6.44743156915025
2025-06-03 15:00:00+00:00,6.471863176294664
2025-06-03 16:00:00+00:00,6.4775688071090345
2025-06-03 17:00:00+00:00,6.472244302584836
2025-06-03 18:00:00+00:00,6.45829283541492
2025-06-03 19:00:00+00:00,6.469780832258303
2025-06-03 20:00:00+00:00,6.439084103538834
2025-06-03 21:00:00+00:00,6.434557528057777
2025-06-03 22:00:00+00:00,6.447040174674141
2025-06-03 23:00:00+00:00,6.458185438373818
2025-06-04 00:00:00+00:00,6.455715659780823
2025-06-04 01:00:00+00:00,6.453471404767435
2025-06-04 02:00:00+00:00,6.457651325747963
2025-06-04 03:00:00+00:00,6.45539835047509
2025-06-04 04:00:00+00:00,6.450148664410781
2025-06-04 05:00:00+00:00,6.454078699972724
2025-06-04 06:00:00+00:00,6.46051434535977
2025-06-04 07:00:00+00:00,6.448587527347382
2025-06-04 08:00:00+00:00,6.458888358160818
2025-06-04 09:00:00+00:00,6.4395229170695325
2025-06-04 10:00:00+00:00,6.434937205203261
2025-06-04 11:00:00+00:00,6.436391078595479
2025-06-04 12:00:00+00:00,6.43555463872399
2025-06-04 13:00:00+00:00,6.426103270895861
2025-06-04 14:00:00+00:00,6.417639746201096
2025-06-04 15:00:00+00:00,6.412869324958502
2025-06-04 16:00:00+00:00,6.412397250080025
2025-06-04 17:00:00+00:00,6.401673498291086
2025-06-04 18:00:00+00:00,6.411552082976032
2025-06-04 19:00:00+00:00,6.403403174922254
2025-06-04 20:00:00+00:00,6.407505328540767
2025-06-04 21:00:00+00:00,6.413483856358502
2025-06-04 22:00:00+00:00,6.4044195022845685
2025-06-04 23:00:00+00:00,6.395467719138938
2025-06-05 00:00:00+00:00,6.39920608648671
2025-06-05 01:00:00+00:00,6.3943001671128386
2025-06-05 02:00:00+00:00,6.395566516152854
2025-06-05 03:00:00+00:00,6.392939506975366
2025-06-05 04:00:00+00:00,6.405433833707845
2025-06-05 05:00:00+00:00,6.415777171148672
2025-06-05 06:00:00+00:00,6.411613982481436
2025-06-05 07:00:00+00:00,6.421759738527008
2025-06-05 08:00:00+00:00,6.397254785701196
2025-06-05 09:00:00+00:00,6.403599986318972
2025-06-05 10:00:00+00:00,6.416367816178645
2025-06-05 11:00:00+00:00,6.41410075295235
2025-06-05 12:00:00+00:00,6.4341236154464205
2025-06-05 13:00:00+00:00,6.457001565777265
2025-06-05 14:00:00+00:00,6.473715125186651
2025-06-05 15:00:00+00:00,6.480853447930464
2025-06-05 16:00:00+00:00,6.453771367452595
2025-06-05 17:00:00+00:00,6.440059465201626
2025-06-05 18:00:00+00:00,6.43462083880409
2025-06-05 19:00:00+00:00,6.425332346390464
2025-06-05 20:00:00+00:00,6.504172603743049
2025-06-05 21:00:00+00:00,6.507668198677956
2025-06-05 22:00:00+00:00,6.515752939227567
2025-06-05 23:00:00+00:00,6.51304325838417
2025-06-06 00:00:00+00:00,6.5193754731522215
2025-06-06 01:00:00+00:00,6.521982561648484
2025-06-06 02:00:00+00:00,6.522473714774495
2025-06-06 03:00:00+00:00,6.529824687353854
2025-06-06 04:00:00+00:00,6.53603075369402
2025-06-06 05:00:00+00:00,6.529839015007352
2025-06-06 06:00:00+00:00,6.521370730744688
2025-06-06 07:00:00+00:00,6.522035326863037
2025-06-06 08:00:00+00:00,6.502546452359816
2025-06-06 09:00:00+00:00,6.5059571186028275
2025-06-06 10:00:00+00:00,6.497057239102618
2025-06-06 11:00:00+00:00,6.5047542062348676
2025-06-06 12:00:00+00:00,6.5359755572906195
2025-06-06 13:00:00+00:00,6.555978203591979
2025-06-06 14:00:00+00:00,6.555573825148167
2025-06-06 15:00:00+00:00,6.518699288585654
2025-06-06 16:00:00+00:00,6.521947239750158
2025-06-06 17:00:00+00:00,6.510840894145825
2025-06-06 18:00:00+00:00,6.515293660739206
2025-06-06 19:00:00+00:00,6.540064099012607
2025-06-06 20:00:00+00:00,6.528897324050261
2025-06-06 21:00:00+00:00,6.544232443606727
2025-06-06 22:00:00+00:00,6.517685747931425
2025-06-06 23:00:00+00:00,6.52530547555892
2025-06-07 00:00:00+00:00,6.540733623248537
2025-06-07 01:00:00+00:00,6.53350875826275
2025-06-07 02:00:00+00:00,6.554264711194877
2025-06-07 03:00:00+00:00,6.562893881104807
2025-06-07 04:00:00+00:00,6.561748367644157
2025-06-07 05:00:00+00:00,6.576346161377278
2025-06-07 06:00:00+00:00,6.5844478462278575
2025-06-07 07:00:00+00:00,6.607988117928086
2025-06-07 08:00:00+00:00,6.600750728956117
2025-06-07 09:00:00+00:00,6.60692320190795
2025-06-07 10:00:00+00:00,6.594846057415318
2025-06-07 11:00:00+00:00,6.59478209979418
2025-06-07 12:00:00+00:00,6.589680573252934
2025-06-07 13:00:00+00:00,6.593373742938595
2025-06-07 14:00:00+00:00,6.5863193374907505
2025-06-07 15:00:00+00:00,6.575811653555393
2025-06-07 16:00:00+00:00,6.5567236635354735
2025-06-07 17:00:00+00:00,6.541889877667354
2025-06-07 18:00:00+00:00,6.5428710780842385
2025-06-07 19:00:00+00:00,6.541890366709613
2025-06-07 20:00:00+00:00,6.539555335102072
2025-06-07 21:00:00+00:00,6.558458050534801
2025-06-07 22:00:00+00:00,6.560129816221295
2025-06-07 23:00:00+00:00,6.554145047159343
2025-06-08 00:00:00+00:00,6.5328839109739985
2025-06-08 01:00:00+00:00,6.540781414012108
2025-06-08 02:00:00+00:00,6.543355376597173
2025-06-08 03:00:00+00:00,6.533690337645946
2025-06-08 04:00:00+00:00,6.538283920554195
2025-06-08 05:00:00+00:00,6.539267577637619
2025-06-08 06:00:00+00:00,6.549556782982858
2025-06-08 07:00:00+00:00,6.538649522339661
2025-06-08 08:00:00+00:00,6.538425029088761
2025-06-08 09:00:00+00:00,6.534109377085234
2025-06-08 10:00:00+00:00,6.5227885522834805
2025-06-08 11:00:00+00:00,6.546354487925029
2025-06-08 12:00:00+00:00,6.5447520906307775
2025-06-08 13:00:00+00:00,6.545244175912312
2025-06-08 14:00:00+00:00,6.555677037986753
2025-06-08 15:00:00+00:00,6.552149879271289
2025-06-08 16:00:00+00:00,6.57124143431487
2025-06-08 17:00:00+00:00,6.576288752308124
2025-06-08 18:00:00+00:00,6.585797378443962
2025-06-08 19:00:00+00:00,6.582797028181162
2025-06-08 20:00:00+00:00,6.588830382260279
2025-06-08 21:00:00+00:00,6.5874298864213445
2025-06-08 22:00:00+00:00,6.589213470977582
2025-06-08 23:00:00+00:00,6.583299401327316
2025-06-09 00:00:00+00:00,6.587606248310602
2025-06-09 01:00:00+00:00,6.586984485651408
2025-06-09 02:00:00+00:00,6.5934101343976455
2025-06-09 03:00:00+00:00,6.584629253126115
2025-06-09 04:00:00+00:00,6.579783523119056
2025-06-09 05:00:00+00:00,6.558153134451481
2025-06-09 06:00:00+00:00,6.562508796958964
2025-06-09 07:00:00+00:00,6.571444096410175
2025-06-09 08:00:00+00:00,6.548291119346137
2025-06-09 09:00:00+00:00,6.5831172876771324
2025-06-09 10:00:00+00:00,6.593840474867149
2025-06-09 11:00:00+00:00,6.584444250488879
2025-06-09 12:00:00+00:00,6.5661716500781555
2025-06-09 13:00:00+00:00,6.565127280690981
2025-06-09 14:00:00+00:00,6.554869484779301
2025-06-09 15:00:00+00:00,6.563619831017565
2025-06-09 16:00:00+00:00,6.600257666275022
2025-06-09 17:00:00+00:00,6.58203506509489
2025-06-09 18:00:00+00:00,6.576788181123541
2025-06-09 19:00:00+00:00,6.564662282759141
2025-06-09 20:00:00+00:00,6.569825185344561
2025-06-09 21:00:00+00:00,6.586390682132695
2025-06-09 22:00:00+00:00,6.593762690849645
2025-06-09 23:00:00+00:00,6.597065711714652
2025-06-10 00:00:00+00:00,6.616331368379681
2025-06-10 01:00:00+00:00,6.6295210373373905
2025-06-10 02:00:00+00:00,6.6475361043220715
2025-06-10 03:00:00+00:00,6.6524768677172235
2025-06-10 04:00:00+00:00,6.643847972475304
2025-06-10 05:00:00+00:00,6.638470463098174
2025-06-10 06:00:00+00:00,6.6156447454513465
2025-06-10 07:00:00+00:00,6.64052109401038
2025-06-10 08:00:00+00:00,6.642339243765735
2025-06-10 09:00:00+00:00,6.6425214106941155
2025-06-10 10:00:00+00:00,6.639951967394792
2025-06-10 11:00:00+00:00,6.69157237202565
2025-06-10 12:00:00+00:00,6.7260611608101115
2025-06-10 13:00:00+00:00,6.7062558405479935
2025-06-10 14:00:00+00:00,6.677027765405978
2025-06-10 15:00:00+00:00,6.696568843639875
2025-06-10 16:00:00+00:00,6.689530845250399
2025-06-10 17:00:00+00:00,6.698244206725781
2025-06-10 18:00:00+00:00,6.7366044362184265
2025-06-10 19:00:00+00:00,6.713884240607951
2025-06-10 20:00:00+00:00,6.725131050326166
2025-06-10 21:00:00+00:00,6.750345773895667
2025-06-10 22:00:00+00:00,6.734251551907021
2025-06-10 23:00:00+00:00,6.7325335059988225
2025-06-11 00:00:00+00:00,6.735513797452542
2025-06-11 01:00:00+00:00,6.740696033881713
2025-06-11 02:00:00+00:00,6.752586792030712
2025-06-11 03:00:00+00:00,6.781120270457242
2025-06-11 04:00:00+00:00,6.776233319140526
2025-06-11 05:00:00+00:00,6.773171897061235
2025-06-11 06:00:00+00:00,6.781842174977868
2025-06-11 07:00:00+00:00,6.844730092279828
2025-06-11 08:00:00+00:00,6.878788019654027
2025-06-11 09:00:00+00:00,6.857938997923065
2025-06-11 10:00:00+00:00,6.853390518150899
2025-06-11 11:00:00+00:00,6.835085565524827
2025-06-11 12:00:00+00:00,6.85074602770445
2025-06-11 13:00:00+00:00,6.909531726407784
2025-06-11 14:00:00+00:00,6.892754848456271
2025-06-11 15:00:00+00:00,6.8752224985495864
2025-06-11 16:00:00+00:00,6.865308642007824
2025-06-11 17:00:00+00:00,6.859163592176482
2025-06-11 18:00:00+00:00,6.842747956284818
2025-06-11 19:00:00+00:00,6.840723133354722
2025-06-11 20:00:00+00:00,6.8450878825685155
2025-06-11 21:00:00+00:00,6.841954611209102
2025-06-11 22:00:00+00:00,6.859410584106607
2025-06-11 23:00:00+00:00,6.856844559740911
2025-06-12 00:00:00+00:00,6.854793867561066
2025-06-12 01:00:00+00:00,6.847714875892106
2025-06-12 02:00:00+00:00,6.856624367187469
2025-06-12 03:00:00+00:00,6.841167332082472
2025-06-12 04:00:00+00:00,6.836085253989481
2025-06-12 05:00:00+00:00,6.841917482360038
2025-06-12 06:00:00+00:00,6.832570932366027
2025-06-12 07:00:00+00:00,6.843512693888153
2025-06-12 08:00:00+00:00,6.824073423688401
2025-06-12 09:00:00+00:00,6.832143517815054
2025-06-12 10:00:00+00:00,6.824749985951569
2025-06-12 11:00:00+00:00,6.829824021459865
2025-06-12 12:00:00+00:00,6.8373118692720904
2025-06-12 13:00:00+00:00,6.844937177516281
2025-06-12 14:00:00+00:00,6.84925807269687
2025-06-12 15:00:00+00:00,6.845948605593397
2025-06-12 16:00:00+00:00,6.849382819400608
2025-06-12 17:00:00+00:00,6.839213623216883
2025-06-12 18:00:00+00:00,6.839717918125331
2025-06-12 19:00:00+00:00,6.843131806878104
2025-06-12 20:00:00+00:00,6.8793821932905885
2025-06-12 21:00:00+00:00,6.89910427079851
2025-06-12 22:00:00+00:00,6.90456577780351
2025-06-12 23:00:00+00:00,6.909487157433393
2025-06-13 00:00:00+00:00,6.925935009677554
2025-06-13 01:00:00+00:00,6.883204364444778
2025-06-13 02:00:00+00:00,6.879152864047152
2025-06-13 03:00:00+00:00,6.93920382345678
2025-06-13 04:00:00+00:00,6.9493595157293155
2025-06-13 05:00:00+00:00,6.96163490563369
2025-06-13 06:00:00+00:00,6.951025152280651
2025-06-13 07:00:00+00:00,6.965699702166509
2025-06-13 08:00:00+00:00,6.980935563636137
2025-06-13 09:00:00+00:00,6.9636723863527346
2025-06-13 10:00:00+00:00,6.965575507691835
2025-06-13 11:00:00+00:00,6.959100329383743
2025-06-13 12:00:00+00:00,6.9732860246915305
2025-06-13 13:00:00+00:00,7.008141542158546
2025-06-13 14:00:00+00:00,7.007558096843303
2025-06-13 15:00:00+00:00,7.001070763104368
2025-06-13 16:00:00+00:00,7.007778608434208
2025-06-13 17:00:00+00:00,7.013039470678552
2025-06-13 18:00:00+00:00,6.953391700560025
2025-06-13 19:00:00+00:00,6.946160361941075
2025-06-13 20:00:00+00:00,6.964945155479405
2025-06-13 21:00:00+00:00,7.0026049732627555
2025-06-13 22:00:00+00:00,7.026519595942298
2025-06-13 23:00:00+00:00,7.030829907813645
2025-06-14 00:00:00+00:00,7.032270289876855
2025-06-14 01:00:00+00:00,7.028725983953179
2025-06-14 02:00:00+00:00,7.03311967481763
2025-06-14 03:00:00+00:00,7.04753404443457
2025-06-14 04:00:00+00:00,7.049710343376889
2025-06-14 05:00:00+00:00,7.050708102734736
2025-06-14 06:00:00+00:00,7.051822889620825
2025-06-14 07:00:00+00:00,7.059680272143162
2025-06-14 08:00:00+00:00,7.052604427944908
2025-06-14 09:00:00+00:00,7.053903922553606
2025-06-14 10:00:00+00:00,7.04023394018042
2025-06-14 11:00:00+00:00,7.0459361971765375
2025-06-14 12:00:00+00:00,7.038519952537296
2025-06-14 13:00:00+00:00,7.056482217239803
2025-06-14 14:00:00+00:00,7.049266465293102
2025-06-14 15:00:00+00:00,7.020399328282925
2025-06-14 16:00:00+00:00,7.004937641480907
2025-06-14 17:00:00+00:00,7.036239752333271
2025-06-14 18:00:00+00:00,6.996047287825365
2025-06-14 19:00:00+00:00,7.036725797765531
2025-06-14 20:00:00+00:00,7.010313742624661
2025-06-14 21:00:00+00:00,7.024761113641752
2025-06-14 22:00:00+00:00,7.026776775225537
2025-06-14 23:00:00+00:00,7.032756712424116
2025-06-15 00:00:00+00:00,7.026208605793655
2025-06-15 01:00:00+00:00,7.0346098863595925
2025-06-15 02:00:00+00:00,7.05246302018859
2025-06-15 03:00:00+00:00,7.040963574609442
2025-06-15 04:00:00+00:00,7.052843065676289
2025-06-15 05:00:00+00:00,7.061025207167359
2025-06-15 06:00:00+00:00,7.071806153502019
2025-06-15 07:00:00+00:00,7.059101569767713
2025-06-15 08:00:00+00:00,7.0574735648954565
2025-06-15 09:00:00+00:00,7.04747776816765
2025-06-15 10:00:00+00:00,7.053874064637468
2025-06-15 11:00:00+00:00,7.079110547582719
2025-06-15 12:00:00+00:00,7.060896975604803
2025-06-15 13:00:00+00:00,7.064049925850326
2025-06-15 14:00:00+00:00,7.092044658849458
2025-06-15 15:00:00+00:00,7.109055572905554
2025-06-15 16:00:00+00:00,7.103221018446237
2025-06-15 17:00:00+00:00,7.104207380296873
2025-06-15 18:00:00+00:00,7.099625252225264
2025-06-15 19:00:00+00:00,7.095702372950287
2025-06-15 20:00:00+00:00,7.101940926034918
2025-06-15 21:00:00+00:00,7.121458015850917
2025-06-15 22:00:00+00:00,7.137933020538176
2025-06-15 23:00:00+00:00,7.128057765688002
2025-06-16 00:00:00+00:00,7.1362989519694
2025-06-16 01:00:00+00:00,7.162155487991061
2025-06-16 02:00:00+00:00,7.1895410350513655
2025-06-16 03:00:00+00:00,7.181130886202653
2025-06-16 04:00:00+00:00,7.172207994848471
2025-06-16 05:00:00+00:00,7.2049024585260035
2025-06-16 06:00:00+00:00,7.202227449068687
2025-06-16 07:00:00+00:00,7.19369394478076
2025-06-16 08:00:00+00:00,7.175548269221967
2025-06-16 09:00:00+00:00,7.197917297334826
2025-06-16 10:00:00+00:00,7.2017828071134256
2025-06-16 11:00:00+00:00,7.206918737121004
2025-06-16 12:00:00+00:00,7.223299471073772
2025-06-16 13:00:00+00:00,7.211347506345093
2025-06-16 14:00:00+00:00,7.212070082673277
2025-06-16 15:00:00+00:00,7.220605526548796
2025-06-16 16:00:00+00:00,7.208233168556847
2025-06-16 17:00:00+00:00,7.2152341489416925
2025-06-16 18:00:00+00:00,7.197430472745052
2025-06-16 19:00:00+00:00,7.192448349973398
2025-06-16 20:00:00+00:00,7.196187609673624
2025-06-16 21:00:00+00:00,7.1837581869941305
2025-06-16 22:00:00+00:00,7.139333872428852
2025-06-16 23:00:00+00:00,7.135631974294174
2025-06-17 00:00:00+00:00,7.143964966478242
2025-06-17 01:00:00+00:00,7.1408566248987135
2025-06-17 02:00:00+00:00,7.144235778745078
2025-06-17 03:00:00+00:00,7.146474037063384
2025-06-17 04:00:00+00:00,7.149070449989376
2025-06-17 05:00:00+00:00,7.129178638382071
2025-06-17 06:00:00+00:00,7.14042374488386
2025-06-17 07:00:00+00:00,7.144198400179261
2025-06-17 08:00:00+00:00,7.134712977448702
2025-06-17 09:00:00+00:00,7.152344988128622
2025-06-17 10:00:00+00:00,7.1578706948767525
2025-06-17 11:00:00+00:00,7.164693682381473
2025-06-17 12:00:00+00:00,7.177343475784147
2025-06-17 13:00:00+00:00,7.196727094869486
2025-06-17 14:00:00+00:00,7.220416710367639
2025-06-17 15:00:00+00:00,7.214081879625508
2025-06-17 16:00:00+00:00,7.192955675473091
2025-06-17 17:00:00+00:00,7.195849569394512
2025-06-17 18:00:00+00:00,7.183762901130568
2025-06-17 19:00:00+00:00,7.242471971854064
2025-06-17 20:00:00+00:00,7.2766739108258855
2025-06-17 21:00:00+00:00,7.204152424153219
2025-06-17 22:00:00+00:00,7.198248048386886
2025-06-17 23:00:00+00:00,7.181296886492849
2025-06-18 00:00:00+00:00,7.203970505971708
2025-06-18 01:00:00+00:00,7.215846221225901
2025-06-18 02:00:00+00:00,7.211370423185211
2025-06-18 03:00:00+00:00,7.202953319308233
2025-06-18 04:00:00+00:00,7.206471161751388
2025-06-18 05:00:00+00:00,7.199395152401178
2025-06-18 06:00:00+00:00,7.225248514900821
2025-06-18 07:00:00+00:00,7.229446960244389
2025-06-18 08:00:00+00:00,7.208225674794345
2025-06-18 09:00:00+00:00,7.1946954181741685
2025-06-18 10:00:00+00:00,7.149622692129344
2025-06-18 11:00:00+00:00,7.1513143329375115
2025-06-18 12:00:00+00:00,7.175729699976957
2025-06-18 13:00:00+00:00,7.142799797377774
2025-06-18 14:00:00+00:00,7.1925177191247025
2025-06-18 15:00:00+00:00,7.189630421856511
2025-06-18 16:00:00+00:00,7.1727873164929745
2025-06-18 17:00:00+00:00,7.149959040101813
2025-06-18 18:00:00+00:00,7.216694192832883
2025-06-18 19:00:00+00:00,7.223211358106599
2025-06-18 20:00:00+00:00,7.234130955658493
2025-06-18 21:00:00+00:00,7.247029508775132
2025-06-18 22:00:00+00:00,7.257338038257352
2025-06-18 23:00:00+00:00,7.234418609644962
2025-06-19 00:00:00+00:00,7.259956522893343
2025-06-19 01:00:00+00:00,7.245877628339945
2025-06-19 02:00:00+00:00,7.238493050948867
2025-06-19 03:00:00+00:00,7.242462700383355
2025-06-19 04:00:00+00:00,7.2261193202163545
2025-06-19 05:00:00+00:00,7.265749844835866
2025-06-19 06:00:00+00:00,7.256855265581975
2025-06-19 07:00:00+00:00,7.246996294654479
2025-06-19 08:00:00+00:00,7.2369266431952415
2025-06-19 09:00:00+00:00,7.237771982709567
2025-06-19 10:00:00+00:00,7.237438843189503
2025-06-19 11:00:00+00:00,7.237212309738222
2025-06-19 12:00:00+00:00,7.2477840812766665
2025-06-19 13:00:00+00:00,7.24466212064155
2025-06-19 14:00:00+00:00,7.250577041426335
2025-06-19 15:00:00+00:00,7.232384027671891
2025-06-19 16:00:00+00:00,7.250200810503569
2025-06-19 17:00:00+00:00,7.246231677936905
2025-06-19 18:00:00+00:00,7.2555870126159725
2025-06-19 19:00:00+00:00,7.2827492679515
2025-06-19 20:00:00+00:00,7.279633464648693
2025-06-19 21:00:00+00:00,7.279207359296748
2025-06-19 22:00:00+00:00,7.264780582051461
2025-06-19 23:00:00+00:00,7.245892535269005
2025-06-20 00:00:00+00:00,7.248628584364805
2025-06-20 01:00:00+00:00,7.246515036300551
2025-06-20 02:00:00+00:00,7.241557829526165
2025-06-20 03:00:00+00:00,7.235048458749545
2025-06-20 04:00:00+00:00,7.223657058371829
2025-06-20 05:00:00+00:00,7.205844914473009
2025-06-20 06:00:00+00:00,7.222925827412211
2025-06-20 07:00:00+00:00,7.240610606361692
2025-06-20 08:00:00+00:00,7.245359153074151
2025-06-20 09:00:00+00:00,7.233779145134581
2025-06-20 10:00:00+00:00,7.242273419950863
2025-06-20 11:00:00+00:00,7.233945010361741
2025-06-20 12:00:00+00:00,7.250600396891834
2025-06-20 13:00:00+00:00,7.271664864389992
2025-06-20 14:00:00+00:00,7.278139149424927
2025-06-20 15:00:00+00:00,7.258556663419904
2025-06-20 16:00:00+00:00,7.2631193982214945
2025-06-20 17:00:00+00:00,7.257289825446262
2025-06-20 18:00:00+00:00,7.2776364016507715
2025-06-20 19:00:00+00:00,7.258441898110991
2025-06-20 20:00:00+00:00,7.285588850265493
2025-06-20 21:00:00+00:00,7.292790496204106
2025-06-20 22:00:00+00:00,7.272568354201551
2025-06-20 23:00:00+00:00,7.256483999595965
2025-06-21 00:00:00+00:00,7.264325934430437
2025-06-21 01:00:00+00:00,7.3032142563924705
2025-06-21 02:00:00+00:00,7.295596782419249
2025-06-21 03:00:00+00:00,7.297623000057165
2025-06-21 04:00:00+00:00,7.310060740383033
2025-06-21 05:00:00+00:00,7.313523657991841
2025-06-21 06:00:00+00:00,7.3245474227055505
2025-06-21 07:00:00+00:00,7.32488924098431
2025-06-21 08:00:00+00:00,7.30976435938782
2025-06-21 09:00:00+00:00,7.283377700017818
2025-06-21 10:00:00+00:00,7.29294227033664
2025-06-21 11:00:00+00:00,7.295641753934073
2025-06-21 12:00:00+00:00,7.2879404915146235
2025-06-21 13:00:00+00:00,7.238763822804458
2025-06-21 14:00:00+00:00,7.245489313653067
2025-06-21 15:00:00+00:00,7.243129451194932
2025-06-21 16:00:00+00:00,7.23476716764748
2025-06-21 17:00:00+00:00,7.219754308897671
2025-06-21 18:00:00+00:00,7.239759947334573
2025-06-21 19:00:00+00:00,7.2253418210703275
2025-06-21 20:00:00+00:00,7.232238501488175
2025-06-21 21:00:00+00:00,7.217170382006595
2025-06-21 22:00:00+00:00,7.212835384713397
2025-06-21 23:00:00+00:00,7.2142980643451
2025-06-22 00:00:00+00:00,7.267325798102751
2025-06-22 01:00:00+00:00,7.234348550537213
2025-06-22 02:00:00+00:00,7.216969646080672
2025-06-22 03:00:00+00:00,7.190019764861276
2025-06-22 04:00:00+00:00,7.2089686414383225
2025-06-22 05:00:00+00:00,7.216632825589525
2025-06-22 06:00:00+00:00,7.233151891927388
2025-06-22 07:00:00+00:00,7.244903651661205
2025-06-22 08:00:00+00:00,7.216574861409535
2025-06-22 09:00:00+00:00,7.208432035585179
2025-06-22 10:00:00+00:00,7.203676101309167
2025-06-22 11:00:00+00:00,7.238662938656717
2025-06-22 12:00:00+00:00,7.239202784812408
2025-06-22 13:00:00+00:00,7.237728598366498
2025-06-22 14:00:00+00:00,7.340549948369254
2025-06-22 15:00:00+00:00,7.382826657153975
2025-06-22 16:00:00+00:00,7.370208042193361
2025-06-22 17:00:00+00:00,7.384530553150818
2025-06-22 18:00:00+00:00,7.395945162393008
2025-06-22 19:00:00+00:00,7.415582403067953
2025-06-22 20:00:00+00:00,7.42505307062094
2025-06-22 21:00:00+00:00,7.416018669827476
2025-06-22 22:00:00+00:00,7.449939188824104
2025-06-22 23:00:00+00:00,7.452689227495511
2025-06-23 00:00:00+00:00,7.476953575341384
2025-06-23 01:00:00+00:00,7.4555644404066435
2025-06-23 02:00:00+00:00,7.459187575471902
2025-06-23 03:00:00+00:00,7.465349808394075
2025-06-23 04:00:00+00:00,7.473090723728217
2025-06-23 05:00:00+00:00,7.455719729167835
2025-06-23 06:00:00+00:00,7.452534716851
2025-06-23 07:00:00+00:00,7.4551972923637075
2025-06-23 08:00:00+00:00,7.468582371756877
2025-06-23 09:00:00+00:00,7.474842237479937
2025-06-23 10:00:00+00:00,7.480939494190931
2025-06-23 11:00:00+00:00,7.474301558392961
2025-06-23 12:00:00+00:00,7.490676119674833
2025-06-23 13:00:00+00:00,7.507051170714213
2025-06-23 14:00:00+00:00,7.519653698129245
2025-06-23 15:00:00+00:00,7.501142856266061
2025-06-23 16:00:00+00:00,7.4829715887444115
2025-06-23 17:00:00+00:00,7.522261151691727
2025-06-23 18:00:00+00:00,7.521822976741068
2025-06-23 19:00:00+00:00,7.50546475585553
2025-06-23 20:00:00+00:00,7.521219025710956
2025-06-23 21:00:00+00:00,7.527970233280758
2025-06-23 22:00:00+00:00,7.528612877153883
2025-06-23 23:00:00+00:00,7.544306384986812
2025-06-24 00:00:00+00:00,7.5636215058497065
2025-06-24 01:00:00+00:00,7.5699900211361015
2025-06-24 02:00:00+00:00,7.567809761424248
2025-06-24 03:00:00+00:00,7.559961918265059
2025-06-24 04:00:00+00:00,7.555516691508318
2025-06-24 05:00:00+00:00,7.6097165342528506
2025-06-24 06:00:00+00:00,7.614901791287131
2025-06-24 07:00:00+00:00,7.609902569041959
2025-06-24 08:00:00+00:00,7.5782263364349705
2025-06-24 09:00:00+00:00,7.609966420178983
2025-06-24 10:00:00+00:00,7.593376951951346
2025-06-24 11:00:00+00:00,7.603621621051391
2025-06-24 12:00:00+00:00,7.588107413030025
2025-06-24 13:00:00+00:00,7.605577859274368
2025-06-24 14:00:00+00:00,7.599505229934407
2025-06-24 15:00:00+00:00,7.609780489950396
2025-06-24 16:00:00+00:00,7.616703135553885
2025-06-24 17:00:00+00:00,7.591387515012434
2025-06-24 18:00:00+00:00,7.601373995821561
2025-06-24 19:00:00+00:00,7.597639081559455
2025-06-24 20:00:00+00:00,7.5938302803214786
2025-06-24 21:00:00+00:00,7.574629009061321
2025-06-24 22:00:00+00:00,7.577755511418474
2025-06-24 23:00:00+00:00,7.60338623806787
2025-06-25 00:00:00+00:00,7.5703646994822185
2025-06-25 01:00:00+00:00,7.585379639742583
2025-06-25 02:00:00+00:00,7.583326400854171
2025-06-25 03:00:00+00:00,7.58284371698993
2025-06-25 04:00:00+00:00,7.570008411275093
2025-06-25 05:00:00+00:00,7.558610480166643
2025-06-25 06:00:00+00:00,7.553848545404026
2025-06-25 07:00:00+00:00,7.558369563102756
2025-06-25 08:00:00+00:00,7.5395738431084265
2025-06-25 09:00:00+00:00,7.5190327862304365
2025-06-25 10:00:00+00:00,7.4951123737253615
2025-06-25 11:00:00+00:00,7.494968931578422
2025-06-25 12:00:00+00:00,7.496514365245658
2025-06-25 13:00:00+00:00,7.483523992939998
2025-06-25 14:00:00+00:00,7.477052402615451
2025-06-25 15:00:00+00:00,7.484382449368988
2025-06-25 16:00:00+00:00,7.464175160016129
2025-06-25 17:00:00+00:00,7.470292872367382
2025-06-25 18:00:00+00:00,7.454540011124461
2025-06-25 19:00:00+00:00,7.454115640587414
2025-06-25 20:00:00+00:00,7.4667657189396985
2025-06-25 21:00:00+00:00,7.4657982382658865
2025-06-25 22:00:00+00:00,7.462203512721526
2025-06-25 23:00:00+00:00,7.469777851978613
2025-06-26 00:00:00+00:00,7.477197595760885
2025-06-26 01:00:00+00:00,7.47895709627533
2025-06-26 02:00:00+00:00,7.496619721377657
2025-06-26 03:00:00+00:00,7.527127012176552
2025-06-26 04:00:00+00:00,7.490890319382253
2025-06-26 05:00:00+00:00,7.509600894712774
2025-06-26 06:00:00+00:00,7.503790230617026
2025-06-26 07:00:00+00:00,7.491648143651626
2025-06-26 08:00:00+00:00,7.49842959596269
2025-06-26 09:00:00+00:00,7.4981625751767105
2025-06-26 10:00:00+00:00,7.505334982602943
2025-06-26 11:00:00+00:00,7.474778439412718
2025-06-26 12:00:00+00:00,7.446148366853496
2025-06-26 13:00:00+00:00,7.433459264161987
2025-06-26 14:00:00+00:00,7.4346309326114355
2025-06-26 15:00:00+00:00,7.425984332853447
2025-06-26 16:00:00+00:00,7.430159144519416
2025-06-26 17:00:00+00:00,7.442535565597283
2025-06-26 18:00:00+00:00,7.42952557578434
2025-06-26 19:00:00+00:00,7.439384003644069
2025-06-26 20:00:00+00:00,7.471469354286072
2025-06-26 21:00:00+00:00,7.458995023827797
2025-06-26 22:00:00+00:00,7.449450075673903
2025-06-26 23:00:00+00:00,7.457172062993644
2025-06-27 00:00:00+00:00,7.4619532341058585
2025-06-27 01:00:00+00:00,7.473394458948365
2025-06-27 02:00:00+00:00,7.481950816479227
2025-06-27 03:00:00+00:00,7.482197655693472
2025-06-27 04:00:00+00:00,7.462800292253372
2025-06-27 05:00:00+00:00,7.44683980641291
2025-06-27 06:00:00+00:00,7.469004192348484
2025-06-27 07:00:00+00:00,7.472170023759809
2025-06-27 08:00:00+00:00,7.4660965017548335
2025-06-27 09:00:00+00:00,7.480946959281093
2025-06-27 10:00:00+00:00,7.487451659216123
2025-06-27 11:00:00+00:00,7.490853820943309
2025-06-27 12:00:00+00:00,7.477111559682627
2025-06-27 13:00:00+00:00,7.4717881448352275
2025-06-27 14:00:00+00:00,7.49940833111089
2025-06-27 15:00:00+00:00,7.477264273011797
2025-06-27 16:00:00+00:00,7.482426512891675
2025-06-27 17:00:00+00:00,7.470329111321924
2025-06-27 18:00:00+00:00,7.460776323829786
2025-06-27 19:00:00+00:00,7.473284948127076
2025-06-27 20:00:00+00:00,7.470651087611171
2025-06-27 21:00:00+00:00,7.491439461202046
2025-06-27 22:00:00+00:00,7.491663983760174
2025-06-27 23:00:00+00:00,7.4940645143822815
2025-06-28 00:00:00+00:00,7.484360867849001
2025-06-28 01:00:00+00:00,7.4884000431606195
2025-06-28 02:00:00+00:00,7.496207825054277
2025-06-28 03:00:00+00:00,7.489683457315566
2025-06-28 04:00:00+00:00,7.496550729637132
2025-06-28 05:00:00+00:00,7.490760247176211
2025-06-28 06:00:00+00:00,7.491123449441905
2025-06-28 07:00:00+00:00,7.488018499438607
2025-06-28 08:00:00+00:00,7.487213579537192
2025-06-28 09:00:00+00:00,7.495601384020273
2025-06-28 10:00:00+00:00,7.4955382357437195
2025-06-28 11:00:00+00:00,7.4826989516754505
2025-06-28 12:00:00+00:00,7.480294785637975
2025-06-28 13:00:00+00:00,7.485622777766776
2025-06-28 14:00:00+00:00,7.495908027994535
2025-06-28 15:00:00+00:00,7.505609036041534
2025-06-28 16:00:00+00:00,7.514994771418305
2025-06-28 17:00:00+00:00,7.517553163778295
2025-06-28 18:00:00+00:00,7.5287762488482945
2025-06-28 19:00:00+00:00,7.524557125692096
2025-06-28 20:00:00+00:00,7.525883372013719
2025-06-28 21:00:00+00:00,7.52333216124793
2025-06-28 22:00:00+00:00,7.531044623441915
2025-06-28 23:00:00+00:00,7.531230455731313
2025-06-29 00:00:00+00:00,7.523326185667481
2025-06-29 01:00:00+00:00,7.523583504724801
2025-06-29 02:00:00+00:00,7.528527924918279
2025-06-29 03:00:00+00:00,7.530848445982271
2025-06-29 04:00:00+00:00,7.518735958888588
2025-06-29 05:00:00+00:00,7.521754158194262
2025-06-29 06:00:00+00:00,7.517756663289715
2025-06-29 07:00:00+00:00,7.514633935473378
2025-06-29 08:00:00+00:00,7.517568413658782
2025-06-29 09:00:00+00:00,7.515504245083372
2025-06-29 10:00:00+00:00,7.514032218035483
2025-06-29 11:00:00+00:00,7.497439063404549
2025-06-29 12:00:00+00:00,7.5005199938091485
2025-06-29 13:00:00+00:00,7.503354077359061
2025-06-29 14:00:00+00:00,7.487883404665779
2025-06-29 15:00:00+00:00,7.482188156921825
2025-06-29 16:00:00+00:00,7.4899321493502695
2025-06-29 17:00:00+00:00,7.496134650570187
2025-06-29 18:00:00+00:00,7.5010042324228925
2025-06-29 19:00:00+00:00,7.504316140807247
2025-06-29 20:00:00+00:00,7.507672545073406
2025-06-29 21:00:00+00:00,7.531111383006484
2025-06-29 22:00:00+00:00,7.593515766123566
2025-06-29 23:00:00+00:00,7.580842339709276
2025-06-30 00:00:00+00:00,7.5638121390603645
2025-06-30 01:00:00+00:00,7.555551348447806
2025-06-30 02:00:00+00:00,7.541091308073368
2025-06-30 03:00:00+00:00,7.54470712470122
2025-06-30 04:00:00+00:00,7.550539938259701
2025-06-30 05:00:00+00:00,7.5668918122506685
2025-06-30 06:00:00+00:00,7.552798023704582
2025-06-30 07:00:00+00:00,7.561631057861096
2025-06-30 08:00:00+00:00,7.583962986858683
2025-06-30 09:00:00+00:00,7.584078793421754
2025-06-30 10:00:00+00:00,7.580102229067331
2025-06-30 11:00:00+00:00,7.570292591257811
2025-06-30 12:00:00+00:00,7.579736987829589
2025-06-30 13:00:00+00:00,7.602266045378251
2025-06-30 14:00:00+00:00,7.618536929397181
2025-06-30 15:00:00+00:00,7.612080346344212
2025-06-30 16:00:00+00:00,7.60687462056522
2025-06-30 17:00:00+00:00,7.615305786203741
2025-06-30 18:00:00+00:00,7.628366933417057
2025-06-30 19:00:00+00:00,7.682460653721981
2025-06-30 20:00:00+00:00,7.668185740757404
2025-06-30 21:00:00+00:00,7.647261891891491
2025-06-30 22:00:00+00:00,7.658828738882445
2025-06-30 23:00:00+00:00,7.627914794139776
2025-07-01 00:00:00+00:00,7.629611637710863
2025-07-01 01:00:00+00:00,7.643205215788369
2025-07-01 02:00:00+00:00,7.604561793452692
2025-07-01 03:00:00+00:00,7.614312527606041
2025-07-01 04:00:00+00:00,7.5936771186359895
2025-07-01 05:00:00+00:00,7.5672022889609565
2025-07-01 06:00:00+00:00,7.57857320509287
2025-07-01 07:00:00+00:00,7.581053938837635
2025-07-01 08:00:00+00:00,7.606467466059123
2025-07-01 09:00:00+00:00,7.601117275339229
2025-07-01 10:00:00+00:00,7.600803798814145
2025-07-01 11:00:00+00:00,7.5841873894373215
2025-07-01 12:00:00+00:00,7.575490806695009
2025-07-01 13:00:00+00:00,7.547344424831832
2025-07-01 14:00:00+00:00,7.5686821261563075
2025-07-01 15:00:00+00:00,7.57796831089656
2025-07-01 16:00:00+00:00,7.5740426972507064
2025-07-01 17:00:00+00:00,7.543480096518265
2025-07-01 18:00:00+00:00,7.546854697293198
2025-07-01 19:00:00+00:00,7.562738661444115
2025-07-01 20:00:00+00:00,7.525596778914334
2025-07-01 21:00:00+00:00,7.537236437013399
2025-07-01 22:00:00+00:00,7.541183177203703
2025-07-01 23:00:00+00:00,7.551602651838927
2025-07-02 00:00:00+00:00,7.561501706321355
2025-07-02 01:00:00+00:00,7.563167965121143
2025-07-02 02:00:00+00:00,7.55041878622358
2025-07-02 03:00:00+00:00,7.5553305798484685
2025-07-02 04:00:00+00:00,7.581677318701181
2025-07-02 05:00:00+00:00,7.570048324594557
2025-07-02 06:00:00+00:00,7.561197096368021
2025-07-02 07:00:00+00:00,7.5526873930871234
2025-07-02 08:00:00+00:00,7.521016648715023
2025-07-02 09:00:00+00:00,7.525716896287809
2025-07-02 10:00:00+00:00,7.515262224622346
2025-07-02 11:00:00+00:00,7.544410985080639
2025-07-02 12:00:00+00:00,7.545881884037082
2025-07-02 13:00:00+00:00,7.541041613951498
2025-07-02 14:00:00+00:00,7.562452414899838
2025-07-02 15:00:00+00:00,7.589007914501062
2025-07-02 16:00:00+00:00,7.640126740371041
2025-07-02 17:00:00+00:00,7.6746704688885625
2025-07-02 18:00:00+00:00,7.69746651523663
2025-07-02 19:00:00+00:00,7.690865153921052
2025-07-02 20:00:00+00:00,7.7290843802284845
2025-07-02 21:00:00+00:00,7.722398684365477
2025-07-02 22:00:00+00:00,7.719528988133333
2025-07-02 23:00:00+00:00,7.706900444881633
2025-07-03 00:00:00+00:00,7.713682851864043
2025-07-03 01:00:00+00:00,7.728437458814011
2025-07-03 02:00:00+00:00,7.723300708145455
2025-07-03 03:00:00+00:00,7.749817853546433
2025-07-03 04:00:00+00:00,7.7607159352475135
2025-07-03 05:00:00+00:00,7.811807169116942
2025-07-03 06:00:00+00:00,7.830804637360827
2025-07-03 07:00:00+00:00,7.851024604447694
2025-07-03 08:00:00+00:00,7.867177585663266
2025-07-03 09:00:00+00:00,7.813293886653574
2025-07-03 10:00:00+00:00,7.803703040839633
2025-07-03 11:00:00+00:00,7.78005700994151
2025-07-03 12:00:00+00:00,7.7808878433448285
2025-07-03 13:00:00+00:00,7.763585542704838
2025-07-03 14:00:00+00:00,7.78670805985965
2025-07-03 15:00:00+00:00,7.742251520268545
2025-07-03 16:00:00+00:00,7.7559772568117475
2025-07-03 17:00:00+00:00,7.755015704290801
2025-07-03 18:00:00+00:00,7.773893488057879
2025-07-03 19:00:00+00:00,7.781293791827757
2025-07-03 20:00:00+00:00,7.795205959950994
2025-07-03 21:00:00+00:00,7.805133307243323
2025-07-03 22:00:00+00:00,7.801312287523803
2025-07-03 23:00:00+00:00,7.797329483448673
2025-07-04 00:00:00+00:00,7.81419943406675
2025-07-04 01:00:00+00:00,7.827374495532884
2025-07-04 02:00:00+00:00,7.810579920296907
2025-07-04 03:00:00+00:00,7.818823893005975
2025-07-04 04:00:00+00:00,7.825725988162693
2025-07-04 05:00:00+00:00,7.824189515689078
2025-07-04 06:00:00+00:00,7.789941080126339
2025-07-04 07:00:00+00:00,7.757279288349409
2025-07-04 08:00:00+00:00,7.767789062322504
2025-07-04 09:00:00+00:00,7.773297786014818
2025-07-04 10:00:00+00:00,7.780232028353709
2025-07-04 11:00:00+00:00,7.7941033809375915
2025-07-04 12:00:00+00:00,7.811326060817603
2025-07-04 13:00:00+00:00,7.833685972814814
2025-07-04 14:00:00+00:00,7.858718186543736
2025-07-04 15:00:00+00:00,7.805992176842948
2025-07-04 16:00:00+00:00,7.759725166744115
2025-07-04 17:00:00+00:00,7.750431723723448
2025-07-04 18:00:00+00:00,7.772290525175668
2025-07-04 19:00:00+00:00,7.786019501297605
2025-07-04 20:00:00+00:00,7.791474803854409
2025-07-04 21:00:00+00:00,7.769449462922043
2025-07-04 22:00:00+00:00,7.806751258573971
2025-07-04 23:00:00+00:00,7.807573054644336
2025-07-05 00:00:00+00:00,7.810486002330595
2025-07-05 01:00:00+00:00,7.8217851375961756
2025-07-05 02:00:00+00:00,7.816290340047862
2025-07-05 03:00:00+00:00,7.813643014086552
2025-07-05 04:00:00+00:00,7.824745048889497
2025-07-05 05:00:00+00:00,7.824548195121103
2025-07-05 06:00:00+00:00,7.8278479244941455
2025-07-05 07:00:00+00:00,7.8412456487448345
2025-07-05 08:00:00+00:00,7.841206616538708
2025-07-05 09:00:00+00:00,7.830746288212683
2025-07-05 10:00:00+00:00,7.834883072263376
2025-07-05 11:00:00+00:00,7.819756496299392
2025-07-05 12:00:00+00:00,7.821398092543567
2025-07-05 13:00:00+00:00,7.817490425541416
2025-07-05 14:00:00+00:00,7.803377733379506
2025-07-05 15:00:00+00:00,7.81295491198008
2025-07-05 16:00:00+00:00,7.799076622764807
2025-07-05 17:00:00+00:00,7.807234882868475
2025-07-05 18:00:00+00:00,7.780900907757248
2025-07-05 19:00:00+00:00,7.763778915459199
2025-07-05 20:00:00+00:00,7.80354207164394
2025-07-05 21:00:00+00:00,7.815193211165203
2025-07-05 22:00:00+00:00,7.81236106163446
2025-07-05 23:00:00+00:00,7.8102486086347005
2025-07-06 00:00:00+00:00,7.810510694749614
2025-07-06 01:00:00+00:00,7.807858364349944
2025-07-06 02:00:00+00:00,7.807963013731826
2025-07-06 03:00:00+00:00,7.797096189101851
2025-07-06 04:00:00+00:00,7.850869423417893
2025-07-06 05:00:00+00:00,7.833105612951774
2025-07-06 06:00:00+00:00,7.8246397884127115
2025-07-06 07:00:00+00:00,7.8292574593606625
2025-07-06 08:00:00+00:00,7.864080012234378
2025-07-06 09:00:00+00:00,7.868581254706106
2025-07-06 10:00:00+00:00,7.858981501208888
2025-07-06 11:00:00+00:00,7.851793110571361
2025-07-06 12:00:00+00:00,7.8348736130269545
2025-07-06 13:00:00+00:00,7.87721392130448
2025-07-06 14:00:00+00:00,7.8656449353976425
2025-07-06 15:00:00+00:00,7.863342201954053
2025-07-06 16:00:00+00:00,7.853886150441525
2025-07-06 17:00:00+00:00,7.847838536435145
2025-07-06 18:00:00+00:00,7.872017187280373
2025-07-06 19:00:00+00:00,7.861745920970527
2025-07-06 20:00:00+00:00,7.856548359887005
2025-07-06 21:00:00+00:00,7.87411376769147
2025-07-06 22:00:00+00:00,7.863364433159506
2025-07-06 23:00:00+00:00,7.8729338598868575
2025-07-07 00:00:00+00:00,7.890532090811447
2025-07-07 01:00:00+00:00,7.8734253223345965
2025-07-07 02:00:00+00:00,7.863822258927356
2025-07-07 03:00:00+00:00,7.859252283894993
2025-07-07 04:00:00+00:00,7.870816470558871
2025-07-07 05:00:00+00:00,7.893828618111924
2025-07-07 06:00:00+00:00,7.908891815541703
2025-07-07 07:00:00+00:00,7.885095664270528
2025-07-07 08:00:00+00:00,7.884455362012773
2025-07-07 09:00:00+00:00,7.888917725975359
2025-07-07 10:00:00+00:00,7.893743996261569
2025-07-07 11:00:00+00:00,7.89213412167226
2025-07-07 12:00:00+00:00,7.909387744515071
2025-07-07 13:00:00+00:00,7.900206734602468
2025-07-07 14:00:00+00:00,7.963174969712444
2025-07-07 15:00:00+00:00,7.923764165772645
2025-07-07 16:00:00+00:00,7.950633935502149
2025-07-07 17:00:00+00:00,7.969273043707982
2025-07-07 18:00:00+00:00,7.980494623828209
2025-07-07 19:00:00+00:00,8.018952950129936
2025-07-07 20:00:00+00:00,8.055590384228417
2025-07-07 21:00:00+00:00,8.01724204249599
2025-07-07 22:00:00+00:00,8.02537532150575
2025-07-07 23:00:00+00:00,8.05678516143513
2025-07-08 00:00:00+00:00,8.055412812437204
2025-07-08 01:00:00+00:00,8.07130707477785
2025-07-08 02:00:00+00:00,8.048866270101941
2025-07-08 03:00:00+00:00,8.052667239792337
2025-07-08 04:00:00+00:00,8.02651191057997
2025-07-08 05:00:00+00:00,8.014773163855786
2025-07-08 06:00:00+00:00,8.01942614443098
2025-07-08 07:00:00+00:00,8.013156955215683
2025-07-08 08:00:00+00:00,8.02764572986462
2025-07-08 09:00:00+00:00,8.009384954557914
2025-07-08 10:00:00+00:00,8.017683256246382
2025-07-08 11:00:00+00:00,8.073474608680453
2025-07-08 12:00:00+00:00,8.075010175894532
2025-07-08 13:00:00+00:00,8.071284105134778
2025-07-08 14:00:00+00:00,8.051436995694589
2025-07-08 15:00:00+00:00,8.05168366574729
2025-07-08 16:00:00+00:00,8.050533921493567
2025-07-08 17:00:00+00:00,8.073667526555415
2025-07-08 18:00:00+00:00,8.067471071336238
2025-07-08 19:00:00+00:00,8.060860568850122
2025-07-08 20:00:00+00:00,8.09355956935626
2025-07-08 21:00:00+00:00,8.094299354273847
2025-07-08 22:00:00+00:00,8.098218333931673
2025-07-08 23:00:00+00:00,8.09065601525253
2025-07-09 00:00:00+00:00,8.090189065506625
2025-07-09 01:00:00+00:00,8.09489781986985
2025-07-09 02:00:00+00:00,8.104627024901067
2025-07-09 03:00:00+00:00,8.116877478321086
2025-07-09 04:00:00+00:00,8.09570892756208
2025-07-09 05:00:00+00:00,8.120541039380619
2025-07-09 06:00:00+00:00,8.1235740143803
2025-07-09 07:00:00+00:00,8.139215092087763
2025-07-09 08:00:00+00:00,8.160320091732423
2025-07-09 09:00:00+00:00,8.159711928629834
2025-07-09 10:00:00+00:00,8.135631648609866
2025-07-09 11:00:00+00:00,8.093024535672065
2025-07-09 12:00:00+00:00,8.13259785273887
2025-07-09 13:00:00+00:00,8.163770148241689
2025-07-09 14:00:00+00:00,8.125842968301919
2025-07-09 15:00:00+00:00,8.117389257700687
2025-07-09 16:00:00+00:00,8.126474309471153
2025-07-09 17:00:00+00:00,8.115802130818585
2025-07-09 18:00:00+00:00,8.145059038929555
2025-07-09 19:00:00+00:00,8.160611279865151
2025-07-09 20:00:00+00:00,8.265208992411239
2025-07-09 21:00:00+00:00,8.247966716425301
2025-07-09 22:00:00+00:00,8.274629891559343
2025-07-09 23:00:00+00:00,8.286351510073969
2025-07-10 00:00:00+00:00,8.283618874395637
2025-07-10 01:00:00+00:00,8.238386706316394
2025-07-10 02:00:00+00:00,8.271917365906209
2025-07-10 03:00:00+00:00,8.282069761149302
2025-07-10 04:00:00+00:00,8.273592622124877
2025-07-10 05:00:00+00:00,8.284529094929578
2025-07-10 06:00:00+00:00,8.287092289243144
2025-07-10 07:00:00+00:00,8.312957627227037
2025-07-10 08:00:00+00:00,8.282310275659416
2025-07-10 09:00:00+00:00,8.300237909420858
2025-07-10 10:00:00+00:00,8.299463612950207
2025-07-10 11:00:00+00:00,8.27684845044501
2025-07-10 12:00:00+00:00,8.2985902059611
2025-07-10 13:00:00+00:00,8.32611471878282
2025-07-10 14:00:00+00:00,8.303493489473988
2025-07-10 15:00:00+00:00,8.268830281325014
2025-07-10 16:00:00+00:00,8.290163766430354
2025-07-10 17:00:00+00:00,8.305583042235801
2025-07-10 18:00:00+00:00,8.295622529064094
2025-07-10 19:00:00+00:00,8.285842052150953
2025-07-10 20:00:00+00:00,8.29297772988944
2025-07-10 21:00:00+00:00,8.323518568982204
2025-07-10 22:00:00+00:00,8.360353772566269
2025-07-10 23:00:00+00:00,8.32086492568729
2025-07-11 00:00:00+00:00,8.340628730865498
2025-07-11 01:00:00+00:00,8.350611481074823
2025-07-11 02:00:00+00:00,8.31794245058902
2025-07-11 03:00:00+00:00,8.324884248733644
2025-07-11 04:00:00+00:00,8.325526708129654
2025-07-11 05:00:00+00:00,8.32499487326414
2025-07-11 06:00:00+00:00,8.351497387034705
2025-07-11 07:00:00+00:00,8.330268936935395
2025-07-11 08:00:00+00:00,8.315601364928465
2025-07-11 09:00:00+00:00,8.318158969488955
2025-07-11 10:00:00+00:00,8.262404665023057
2025-07-11 11:00:00+00:00,8.27530739622368
2025-07-11 12:00:00+00:00,8.200579293185058
2025-07-11 13:00:00+00:00,8.046342193627634
2025-07-11 14:00:00+00:00,8.044632134928646
2025-07-11 15:00:00+00:00,8.052110360435819
2025-07-11 16:00:00+00:00,8.051109008698923
2025-07-11 17:00:00+00:00,8.064013411259614
2025-07-11 18:00:00+00:00,8.019925786858158
2025-07-11 19:00:00+00:00,8.029813077825983
2025-07-11 20:00:00+00:00,8.071595750561844
2025-07-11 21:00:00+00:00,8.073905547265925
2025-07-11 22:00:00+00:00,8.080699500709855
2025-07-11 23:00:00+00:00,8.075057234305621
2025-07-12 00:00:00+00:00,8.049080516668315
2025-07-12 01:00:00+00:00,7.940008335476986
2025-07-12 02:00:00+00:00,7.993074635725433
2025-07-12 03:00:00+00:00,7.956026241256088
2025-07-12 04:00:00+00:00,7.971937355816405
2025-07-12 05:00:00+00:00,7.9503374683907815
2025-07-12 06:00:00+00:00,7.973210299768794
2025-07-12 07:00:00+00:00,8.009394185395522
2025-07-12 08:00:00+00:00,7.967736565229086
2025-07-12 09:00:00+00:00,7.936752804489104
2025-07-12 10:00:00+00:00,7.9224656345752456
2025-07-12 11:00:00+00:00,7.94657542325109
2025-07-12 12:00:00+00:00,7.904753549525407
2025-07-12 13:00:00+00:00,7.904872458860929
2025-07-12 14:00:00+00:00,7.942441340544302
2025-07-12 15:00:00+00:00,8.010398957903655
2025-07-12 16:00:00+00:00,7.995806866860574
2025-07-12 17:00:00+00:00,8.002182426963437
2025-07-12 18:00:00+00:00,7.982992984952576
2025-07-12 19:00:00+00:00,7.98407602708432
2025-07-12 20:00:00+00:00,8.036034200368167
2025-07-12 21:00:00+00:00,7.988402378587701
2025-07-12 22:00:00+00:00,7.9787771816683986
2025-07-12 23:00:00+00:00,7.985108138625459
2025-07-13 00:00:00+00:00,7.986455814897314
2025-07-13 01:00:00+00:00,7.955280431486295
2025-07-13 02:00:00+00:00,7.933207599763345
2025-07-13 03:00:00+00:00,7.976950423408331
2025-07-13 04:00:00+00:00,7.9795490399507285
2025-07-13 05:00:00+00:00,7.981438923371845
2025-07-13 06:00:00+00:00,7.959940103140964
2025-07-13 07:00:00+00:00,8.00121860381094
2025-07-13 08:00:00+00:00,8.007186854678512
2025-07-13 09:00:00+00:00,7.989939757899309
2025-07-13 10:00:00+00:00,7.999996575870537
2025-07-13 11:00:00+00:00,7.995002495321827
2025-07-13 12:00:00+00:00,7.949057462243812
2025-07-13 13:00:00+00:00,7.962999434027556
2025-07-13 14:00:00+00:00,7.958103803789859
2025-07-13 15:00:00+00:00,7.961571569652949
2025-07-13 16:00:00+00:00,7.929862260966795
2025-07-13 17:00:00+00:00,7.94099903940998
2025-07-13 18:00:00+00:00,7.942536471019423
2025-07-13 19:00:00+00:00,7.962347705273489
2025-07-13 20:00:00+00:00,7.947858110203935
2025-07-13 21:00:00+00:00,7.971440643674963
2025-07-13 22:00:00+00:00,7.930630672615797
2025-07-13 23:00:00+00:00,7.915756074683313
2025-07-14 00:00:00+00:00,7.921998391058839
2025-07-14 01:00:00+00:00,7.934517218181469
2025-07-14 02:00:00+00:00,7.951140768637577
2025-07-14 03:00:00+00:00,7.934375177175458
2025-07-14 04:00:00+00:00,7.926174316958128
2025-07-14 05:00:00+00:00,7.887100920892438
2025-07-14 06:00:00+00:00,7.888752579269837
2025-07-14 07:00:00+00:00,7.8702107983176415
2025-07-14 08:00:00+00:00,7.855981539544203
2025-07-14 09:00:00+00:00,7.85037257292908
2025-07-14 10:00:00+00:00,7.841758843347761
2025-07-14 11:00:00+00:00,7.854737039769713
2025-07-14 12:00:00+00:00,7.886660686535051
2025-07-14 13:00:00+00:00,7.801801852771974
2025-07-14 14:00:00+00:00,7.7538687066097935
2025-07-14 15:00:00+00:00,7.797249215537622
2025-07-14 16:00:00+00:00,7.763326843230715
2025-07-14 17:00:00+00:00,7.813748434797968
2025-07-14 18:00:00+00:00,7.8128781646730685
2025-07-14 19:00:00+00:00,7.828145232607363
2025-07-14 20:00:00+00:00,7.828495028857922
2025-07-14 21:00:00+00:00,7.788195612429166
2025-07-14 22:00:00+00:00,7.777114861431509
2025-07-14 23:00:00+00:00,7.744427830141369
2025-07-15 00:00:00+00:00,7.803566899620661
2025-07-15 01:00:00+00:00,7.804083369708059
2025-07-15 02:00:00+00:00,7.794863767512967
2025-07-15 03:00:00+00:00,7.7942047497458296
2025-07-15 04:00:00+00:00,7.774470292815681
2025-07-15 05:00:00+00:00,7.811345231381436
2025-07-15 06:00:00+00:00,7.803197011498276
2025-07-15 07:00:00+00:00,7.802628145001759
2025-07-15 08:00:00+00:00,7.781424576301237
2025-07-15 09:00:00+00:00,7.743649009182423
2025-07-15 10:00:00+00:00,7.729737460429983
2025-07-15 11:00:00+00:00,7.743375459122611
2025-07-15 12:00:00+00:00,7.738584468043888
2025-07-15 13:00:00+00:00,7.779810102126998
2025-07-15 14:00:00+00:00,7.747616459631353
2025-07-15 15:00:00+00:00,7.767646210198321
2025-07-15 16:00:00+00:00,7.785419854809116
2025-07-15 17:00:00+00:00,7.795169333777044
2025-07-15 18:00:00+00:00,7.821011213484542
2025-07-15 19:00:00+00:00,7.798464332830387
2025-07-15 20:00:00+00:00,7.808926020677682
2025-07-15 21:00:00+00:00,7.796951663345257
2025-07-15 22:00:00+00:00,7.793619091417268
2025-07-15 23:00:00+00:00,7.813918842330151
2025-07-16 00:00:00+00:00,7.813406858024277
2025-07-16 01:00:00+00:00,7.7729610791148795
2025-07-16 02:00:00+00:00,7.823560303887758
2025-07-16 03:00:00+00:00,7.816524466157798
2025-07-16 04:00:00+00:00,7.836677316540573
2025-07-16 05:00:00+00:00,7.817592341301817
2025-07-16 06:00:00+00:00,7.820657709119961
2025-07-16 07:00:00+00:00,7.839976062530427
2025-07-16 08:00:00+00:00,7.848572411468874
2025-07-16 09:00:00+00:00,7.889652260664022
2025-07-16 10:00:00+00:00,7.880933856817332
2025-07-16 11:00:00+00:00,7.899784798241043
2025-07-16 12:00:00+00:00,7.89880325992905
2025-07-16 13:00:00+00:00,7.885026391507342
2025-07-16 14:00:00+00:00,7.8519948816173315
2025-07-16 15:00:00+00:00,7.889751226926107
2025-07-16 16:00:00+00:00,7.914555142436791
2025-07-16 17:00:00+00:00,7.879264430897664
2025-07-16 18:00:00+00:00,7.881662240018272
2025-07-16 19:00:00+00:00,7.841677120093836
2025-07-16 20:00:00+00:00,7.854085231029493
2025-07-16 21:00:00+00:00,7.825427583480395
2025-07-16 22:00:00+00:00,7.816783022308086
2025-07-16 23:00:00+00:00,7.828612044869783
2025-07-17 00:00:00+00:00,7.829157865659151
2025-07-17 01:00:00+00:00,7.857743684914898
2025-07-17 02:00:00+00:00,7.854042547892428
2025-07-17 03:00:00+00:00,7.897866506076369
2025-07-17 04:00:00+00:00,7.866168588953986
2025-07-17 05:00:00+00:00,7.8439017485755205
2025-07-17 06:00:00+00:00,7.797501993098862
2025-07-17 07:00:00+00:00,7.779028183462933
2025-07-17 08:00:00+00:00,7.756574170990531
2025-07-17 09:00:00+00:00,7.7335218956120855
2025-07-17 10:00:00+00:00,7.726701699968263
2025-07-17 11:00:00+00:00,7.738457653806013
2025-07-17 12:00:00+00:00,7.730967055686761
2025-07-17 13:00:00+00:00,7.769536295142321
2025-07-17 14:00:00+00:00,7.7632976098437405
2025-07-17 15:00:00+00:00,7.769461920246181
2025-07-17 16:00:00+00:00,7.771366828491235
2025-07-17 17:00:00+00:00,7.767316990724415
2025-07-17 18:00:00+00:00,7.750227802725582
2025-07-17 19:00:00+00:00,7.7664434172755
2025-07-17 20:00:00+00:00,7.760978574459736
2025-07-17 21:00:00+00:00,7.784374560952963
2025-07-17 22:00:00+00:00,7.775196693798127
2025-07-17 23:00:00+00:00,7.757784481941785
2025-07-18 00:00:00+00:00,7.6684391010486035
2025-07-18 01:00:00+00:00,7.640618331476749
2025-07-18 02:00:00+00:00,7.626506588251597
2025-07-18 03:00:00+00:00,7.621878238725008
2025-07-18 04:00:00+00:00,7.579423512531432
2025-07-18 05:00:00+00:00,7.507147779054349
2025-07-18 06:00:00+00:00,7.528068986584816
2025-07-18 07:00:00+00:00,7.565074690645448
2025-07-18 08:00:00+00:00,7.443209094438521
2025-07-18 09:00:00+00:00,7.503904633378966
2025-07-18 10:00:00+00:00,7.465132657050987
2025-07-18 11:00:00+00:00,7.468330315584966
2025-07-18 12:00:00+00:00,7.452823517055813
2025-07-18 13:00:00+00:00,7.445337849473226
2025-07-18 14:00:00+00:00,7.469782894165131
2025-07-18 15:00:00+00:00,7.5390021431971315
2025-07-18 16:00:00+00:00,7.467219007250891
2025-07-18 17:00:00+00:00,7.438036960329394
2025-07-18 18:00:00+00:00,7.4409806746857265
2025-07-18 19:00:00+00:00,7.502286293731133
2025-07-18 20:00:00+00:00,7.522223686336474
2025-07-18 21:00:00+00:00,7.513822351469893
2025-07-18 22:00:00+00:00,7.526377850029527
2025-07-18 23:00:00+00:00,7.524140388415224
2025-07-19 00:00:00+00:00,7.5519561861033235
2025-07-19 01:00:00+00:00,7.52625933515374
2025-07-19 02:00:00+00:00,7.52286288277659
2025-07-19 03:00:00+00:00,7.448688281069934
2025-07-19 04:00:00+00:00,7.38285607422705
2025-07-19 05:00:00+00:00,7.405740951037074
2025-07-19 06:00:00+00:00,7.422504857283425
2025-07-19 07:00:00+00:00,7.424524631774637
2025-07-19 08:00:00+00:00,7.443538843011682
2025-07-19 09:00:00+00:00,7.444020711122193
2025-07-19 10:00:00+00:00,7.457225396210277
2025-07-19 11:00:00+00:00,7.480770122366988
2025-07-19 12:00:00+00:00,7.468571407793548
2025-07-19 13:00:00+00:00,7.496358982705182
2025-07-19 14:00:00+00:00,7.534144922689378
2025-07-19 15:00:00+00:00,7.5126842109693195
2025-07-19 16:00:00+00:00,7.501228827875907
2025-07-19 17:00:00+00:00,7.511800576806445
2025-07-19 18:00:00+00:00,7.50058120044092
2025-07-19 19:00:00+00:00,7.486799324021024
2025-07-19 20:00:00+00:00,7.480781484050937
2025-07-19 21:00:00+00:00,7.5056355233070615
2025-07-19 22:00:00+00:00,7.495092903386792
2025-07-19 23:00:00+00:00,7.441718684085189
2025-07-20 00:00:00+00:00,7.448477309860363
2025-07-20 01:00:00+00:00,7.422206758684667
2025-07-20 02:00:00+00:00,7.428630264363328
2025-07-20 03:00:00+00:00,7.3832156442916705
2025-07-20 04:00:00+00:00,7.3882133407555495
2025-07-20 05:00:00+00:00,7.384168041112623
2025-07-20 06:00:00+00:00,7.374652546336906
2025-07-20 07:00:00+00:00,7.36947734633756
2025-07-20 08:00:00+00:00,7.347119611177594
2025-07-20 09:00:00+00:00,7.331890529040216
2025-07-20 10:00:00+00:00,7.3402669889685415
2025-07-20 11:00:00+00:00,7.313850653125856
2025-07-20 12:00:00+00:00,7.350971794791348
2025-07-20 13:00:00+00:00,7.329682166645886
2025-07-20 14:00:00+00:00,7.339327837202572
2025-07-20 15:00:00+00:00,7.320973273760925
2025-07-20 16:00:00+00:00,7.293192446769383
2025-07-20 17:00:00+00:00,7.322563550813719
2025-07-20 18:00:00+00:00,7.330962348994463
2025-07-20 19:00:00+00:00,7.322203395302872
2025-07-20 20:00:00+00:00,7.33365401750634
2025-07-20 21:00:00+00:00,7.32788094251329
2025-07-20 22:00:00+00:00,7.318258945593655
2025-07-20 23:00:00+00:00,7.301905598568791
2025-07-21 00:00:00+00:00,7.330453036406946
2025-07-21 01:00:00+00:00,7.346164310600457
2025-07-21 02:00:00+00:00,7.359178879828981
2025-07-21 03:00:00+00:00,7.3488665593396165
2025-07-21 04:00:00+00:00,7.349706437413483
2025-07-21 05:00:00+00:00,7.339448466929847
2025-07-21 06:00:00+00:00,7.35062464690954
2025-07-21 07:00:00+00:00,7.360901563903837
2025-07-21 08:00:00+00:00,7.353679581577524
2025-07-21 09:00:00+00:00,7.361717640021194
2025-07-21 10:00:00+00:00,7.30458563860066
2025-07-21 11:00:00+00:00,7.303878880055745
2025-07-21 12:00:00+00:00,7.296663912914188
2025-07-21 13:00:00+00:00,7.301247444763237
2025-07-21 14:00:00+00:00,7.281044970111342
2025-07-21 15:00:00+00:00,7.2611699868138615
2025-07-21 16:00:00+00:00,7.27700546746738
2025-07-21 17:00:00+00:00,7.291738186529459
2025-07-21 18:00:00+00:00,7.324053331654706
2025-07-21 19:00:00+00:00,7.3361683683290275
2025-07-21 20:00:00+00:00,7.336141878653422
2025-07-21 21:00:00+00:00,7.315721465335586
2025-07-21 22:00:00+00:00,7.3065244476928815
2025-07-21 23:00:00+00:00,7.31745687938106
2025-07-22 00:00:00+00:00,7.3218593862029735
2025-07-22 01:00:00+00:00,7.309638692763176
2025-07-22 02:00:00+00:00,7.296264782009561
2025-07-22 03:00:00+00:00,7.327130215943616
2025-07-22 04:00:00+00:00,7.395314645905474
2025-07-22 05:00:00+00:00,7.387185713724308
2025-07-22 06:00:00+00:00,7.380625735283904
2025-07-22 07:00:00+00:00,7.390597677976712
2025-07-22 08:00:00+00:00,7.387852146153718
2025-07-22 09:00:00+00:00,7.395937197757877
2025-07-22 10:00:00+00:00,7.395487130858012
2025-07-22 11:00:00+00:00,7.399564507936766
2025-07-22 12:00:00+00:00,7.389738796749728
2025-07-22 13:00:00+00:00,7.391901173159996
2025-07-22 14:00:00+00:00,7.382048089984187
2025-07-22 15:00:00+00:00,7.404818849730579
2025-07-22 16:00:00+00:00,7.385395598303742
2025-07-22 17:00:00+00:00,7.41278120062715
2025-07-22 18:00:00+00:00,7.424783685927598
2025-07-22 19:00:00+00:00,7.444633509503102
2025-07-22 20:00:00+00:00,7.4221010432189924
2025-07-22 21:00:00+00:00,7.412126230082064
2025-07-22 22:00:00+00:00,7.417178129659736
2025-07-22 23:00:00+00:00,7.394354494722475
2025-07-23 00:00:00+00:00,7.3682100403695205
2025-07-23 01:00:00+00:00,7.387468849191888
2025-07-23 02:00:00+00:00,7.388299511404006
2025-07-23 03:00:00+00:00,7.381496256432593
2025-07-23 04:00:00+00:00,7.363953921179371
2025-07-23 05:00:00+00:00,7.365042018528242
2025-07-23 06:00:00+00:00,7.388802609772647
2025-07-23 07:00:00+00:00,7.398270635396173
2025-07-23 08:00:00+00:00,7.396617702462449
2025-07-23 09:00:00+00:00,7.429285226293013
2025-07-23 10:00:00+00:00,7.433100338344478
2025-07-23 11:00:00+00:00,7.426365753066191
2025-07-23 12:00:00+00:00,7.451131589698263
2025-07-23 13:00:00+00:00,7.505360304007205
2025-07-23 14:00:00+00:00,7.503338089692595
2025-07-23 15:00:00+00:00,7.501426949843023
2025-07-23 16:00:00+00:00,7.488642772271646
2025-07-23 17:00:00+00:00,7.408957167041437
2025-07-23 18:00:00+00:00,7.437568014135756
2025-07-23 19:00:00+00:00,7.38688081483297
2025-07-23 20:00:00+00:00,7.372296817033224
2025-07-23 21:00:00+00:00,7.3754485526485505
2025-07-23 22:00:00+00:00,7.360911849697417
2025-07-23 23:00:00+00:00,7.346489925569532
2025-07-24 00:00:00+00:00,7.296143451251015
2025-07-24 01:00:00+00:00,7.3020124031164215
2025-07-24 02:00:00+00:00,7.309776809400415
2025-07-24 03:00:00+00:00,7.259743164832842
2025-07-24 04:00:00+00:00,7.249672978328904
2025-07-24 05:00:00+00:00,7.2075157240006815
2025-07-24 06:00:00+00:00,7.189482417988861
2025-07-24 07:00:00+00:00,7.282388999316218
2025-07-24 08:00:00+00:00,7.24129317253839
2025-07-24 09:00:00+00:00,7.215855326041987
2025-07-24 10:00:00+00:00,7.1673189462521885
2025-07-24 11:00:00+00:00,7.213051730246143
2025-07-24 12:00:00+00:00,7.237242632227456
2025-07-24 13:00:00+00:00,7.256418204148088
2025-07-24 14:00:00+00:00,7.257757101979197
2025-07-24 15:00:00+00:00,7.229290876186811
2025-07-24 16:00:00+00:00,7.2330892320974
2025-07-24 17:00:00+00:00,7.249961529120238
2025-07-24 18:00:00+00:00,7.245786491682902
2025-07-24 19:00:00+00:00,7.266116974355674
2025-07-24 20:00:00+00:00,7.262035723233275
2025-07-24 21:00:00+00:00,7.227292218973767
2025-07-24 22:00:00+00:00,7.236686595944093
2025-07-24 23:00:00+00:00,7.237244371517765
2025-07-25 00:00:00+00:00,7.23743114626187
2025-07-25 01:00:00+00:00,7.258354311656488
2025-07-25 02:00:00+00:00,7.285467175683309
2025-07-25 03:00:00+00:00,7.278928238984164
2025-07-25 04:00:00+00:00,7.335398747559655
2025-07-25 05:00:00+00:00,7.35957048261083
2025-07-25 06:00:00+00:00,7.310130914870365
2025-07-25 07:00:00+00:00,7.339207402928048
2025-07-25 08:00:00+00:00,7.378584183544895
2025-07-25 09:00:00+00:00,7.351877372907968
2025-07-25 10:00:00+00:00,7.369356171010675
2025-07-25 11:00:00+00:00,7.351503960933513
2025-07-25 12:00:00+00:00,7.359329623890322
2025-07-25 13:00:00+00:00,7.368387841308253
2025-07-25 14:00:00+00:00,7.353357705040349
2025-07-25 15:00:00+00:00,7.3201717159955155
2025-07-25 16:00:00+00:00,7.359615550088145
2025-07-25 17:00:00+00:00,7.360021800821804
2025-07-25 18:00:00+00:00,7.358916442334153
2025-07-25 19:00:00+00:00,7.36174659565026
2025-07-25 20:00:00+00:00,7.374508803615885
2025-07-25 21:00:00+00:00,7.374463894313218
2025-07-25 22:00:00+00:00,7.366969915430316
2025-07-25 23:00:00+00:00,7.376567436856238
2025-07-26 00:00:00+00:00,7.3827313001283885
2025-07-26 01:00:00+00:00,7.400143546211419
2025-07-26 02:00:00+00:00,7.388427918064606
2025-07-26 03:00:00+00:00,7.391096294315343
2025-07-26 04:00:00+00:00,7.406759706033142
2025-07-26 05:00:00+00:00,7.4195379579748835
2025-07-26 06:00:00+00:00,7.417460273587716
2025-07-26 07:00:00+00:00,7.421703433321191
2025-07-26 08:00:00+00:00,7.410866361314477
2025-07-26 09:00:00+00:00,7.365735102457291
2025-07-26 10:00:00+00:00,7.368675529439181
2025-07-26 11:00:00+00:00,7.385957766685745
2025-07-26 12:00:00+00:00,7.390970520244563
2025-07-26 13:00:00+00:00,7.439120176119665
2025-07-26 14:00:00+00:00,7.430096541625343
2025-07-26 15:00:00+00:00,7.4041981261029575
2025-07-26 16:00:00+00:00,7.387076992758796
2025-07-26 17:00:00+00:00,7.42478350874327
2025-07-26 18:00:00+00:00,7.41412595126368
2025-07-26 19:00:00+00:00,7.417340489620027
2025-07-26 20:00:00+00:00,7.437283669701746
2025-07-26 21:00:00+00:00,7.429663313250342
2025-07-26 22:00:00+00:00,7.437773290123685
2025-07-26 23:00:00+00:00,7.449595242471508
2025-07-27 00:00:00+00:00,7.453566544557784
2025-07-27 01:00:00+00:00,7.442024491989097
2025-07-27 02:00:00+00:00,7.430105502659902
2025-07-27 03:00:00+00:00,7.389892592677643
2025-07-27 04:00:00+00:00,7.3898559947809
2025-07-27 05:00:00+00:00,7.430747530327321
2025-07-27 06:00:00+00:00,7.395346113496103
2025-07-27 07:00:00+00:00,7.38749551295287
2025-07-27 08:00:00+00:00,7.361145435528779
2025-07-27 09:00:00+00:00,7.379558682524671
2025-07-27 10:00:00+00:00,7.337545868840392
2025-07-27 11:00:00+00:00,7.376135614361017
2025-07-27 12:00:00+00:00,7.331702688212419
2025-07-27 13:00:00+00:00,7.383644379590303
2025-07-27 14:00:00+00:00,7.382217226816305
2025-07-27 15:00:00+00:00,7.351936187250709
2025-07-27 16:00:00+00:00,7.343186052344878
2025-07-27 17:00:00+00:00,7.287865247023693
2025-07-27 18:00:00+00:00,7.303393105109822
2025-07-27 19:00:00+00:00,7.3164332894981055
2025-07-27 20:00:00+00:00,7.311296638851687
2025-07-27 21:00:00+00:00,7.28755435934391
2025-07-27 22:00:00+00:00,7.324294262632277
2025-07-27 23:00:00+00:00,7.312164348238311
2025-07-28 00:00:00+00:00,7.296581209439395
2025-07-28 01:00:00+00:00,7.327408045907378
2025-07-28 02:00:00+00:00,7.3242471784432785
2025-07-28 03:00:00+00:00,7.337970517210451
2025-07-28 04:00:00+00:00,7.3165255193308845
2025-07-28 05:00:00+00:00,7.319111461599621
2025-07-28 06:00:00+00:00,7.3225408941656225
2025-07-28 07:00:00+00:00,7.325473645249206
2025-07-28 08:00:00+00:00,7.318323906831518
2025-07-28 09:00:00+00:00,7.248761945157761
2025-07-28 10:00:00+00:00,7.258908590709854
2025-07-28 11:00:00+00:00,7.246120775818905
2025-07-28 12:00:00+00:00,7.258147128827802
2025-07-28 13:00:00+00:00,7.250148092941001
2025-07-28 14:00:00+00:00,7.229908784871858
2025-07-28 15:00:00+00:00,7.230163507584306
2025-07-28 16:00:00+00:00,7.260077693417876
2025-07-28 17:00:00+00:00,7.274453516054772
2025-07-28 18:00:00+00:00,7.2451851865110255
2025-07-28 19:00:00+00:00,7.262834283236116
2025-07-28 20:00:00+00:00,7.270419625579064
2025-07-28 21:00:00+00:00,7.266449584445855
2025-07-28 22:00:00+00:00,7.259490522952821
2025-07-28 23:00:00+00:00,7.301086559755039
2025-07-29 00:00:00+00:00,7.237140133217285
2025-07-29 01:00:00+00:00,7.308768960620938
2025-07-29 02:00:00+00:00,7.270796572587089
2025-07-29 03:00:00+00:00,7.2598739036664055
2025-07-29 04:00:00+00:00,7.307793420084916
2025-07-29 05:00:00+00:00,7.303229416357047
2025-07-29 06:00:00+00:00,7.3109827946054535
2025-07-29 07:00:00+00:00,7.3224554592476
2025-07-29 08:00:00+00:00,7.337773415833101
2025-07-29 09:00:00+00:00,7.345594991808087
2025-07-29 10:00:00+00:00,7.317696991955645
2025-07-29 11:00:00+00:00,7.291827615449291
2025-07-29 12:00:00+00:00,7.33423717103564
2025-07-29 13:00:00+00:00,7.3592050241719
2025-07-29 14:00:00+00:00,7.317683261379359
2025-07-29 15:00:00+00:00,7.33121224075681
2025-07-29 16:00:00+00:00,7.284102236443912
2025-07-29 17:00:00+00:00,7.29219968186897
2025-07-29 18:00:00+00:00,7.311781071656901
2025-07-29 19:00:00+00:00,7.258717730671715
2025-07-29 20:00:00+00:00,7.244053146411983
2025-07-29 21:00:00+00:00,7.2782977415450345
2025-07-29 22:00:00+00:00,7.29171297678077
2025-07-29 23:00:00+00:00,7.287565316614802
2025-07-30 00:00:00+00:00,7.260850681537194
2025-07-30 01:00:00+00:00,7.258530333896923
2025-07-30 02:00:00+00:00,7.273903982061335
2025-07-30 03:00:00+00:00,7.280647204832662
2025-07-30 04:00:00+00:00,7.302913723224719
2025-07-30 05:00:00+00:00,7.2850999883694785
2025-07-30 06:00:00+00:00,7.271345887719613
2025-07-30 07:00:00+00:00,7.291356515730216
2025-07-30 08:00:00+00:00,7.283077634806997
2025-07-30 09:00:00+00:00,7.304429975451652
2025-07-30 10:00:00+00:00,7.292416557345274
2025-07-30 11:00:00+00:00,7.259546320408815
2025-07-30 12:00:00+00:00,7.281764949838702
2025-07-30 13:00:00+00:00,7.30407990630082
2025-07-30 14:00:00+00:00,7.296182426336084
2025-07-30 15:00:00+00:00,7.278724997291099
2025-07-30 16:00:00+00:00,7.317550598854291
2025-07-30 17:00:00+00:00,7.30773057427348
2025-07-30 18:00:00+00:00,7.313776056168602
2025-07-30 19:00:00+00:00,7.303680627792105
2025-07-30 20:00:00+00:00,7.352023350390281
2025-07-30 21:00:00+00:00,7.345279716420042
2025-07-30 22:00:00+00:00,7.330692140444693
2025-07-30 23:00:00+00:00,7.333015782288702
2025-07-31 00:00:00+00:00,7.30334262071175
2025-07-31 01:00:00+00:00,7.344572353441597
2025-07-31 02:00:00+00:00,7.346303722879827
2025-07-31 03:00:00+00:00,7.35128946369667
2025-07-31 04:00:00+00:00,7.354534166348289
2025-07-31 05:00:00+00:00,7.359244257244548
2025-07-31 06:00:00+00:00,7.360286091125992
2025-07-31 07:00:00+00:00,7.370754500447252
2025-07-31 08:00:00+00:00,7.350196913081122
2025-07-31 09:00:00+00:00,7.34414371621376
2025-07-31 10:00:00+00:00,7.379759910095248
2025-07-31 11:00:00+00:00,7.385017672638712
2025-07-31 12:00:00+00:00,7.387442720273773
2025-07-31 13:00:00+00:00,7.339530856935477
2025-07-31 14:00:00+00:00,7.3481960819687515
2025-07-31 15:00:00+00:00,7.3622462751152975
2025-07-31 16:00:00+00:00,7.376042566114318
2025-07-31 17:00:00+00:00,7.392504930417429
2025-07-31 18:00:00+00:00,7.395820204202416
2025-07-31 19:00:00+00:00,7.391706298428413
2025-07-31 20:00:00+00:00,7.382006591945258
2025-07-31 21:00:00+00:00,7.369576776119383
2025-07-31 22:00:00+00:00,7.363357681369152
2025-07-31 23:00:00+00:00,7.363309989255092
2025-08-01 00:00:00+00:00,7.338984528431217
2025-08-01 01:00:00+00:00,7.339171894039242
2025-08-01 02:00:00+00:00,7.366973313556009
2025-08-01 03:00:00+00:00,7.403839711616574
2025-08-01 04:00:00+00:00,7.41721364174035
2025-08-01 05:00:00+00:00,7.379267852315302
2025-08-01 06:00:00+00:00,7.390400763239114
2025-08-01 07:00:00+00:00,7.390916255972534
2025-08-01 08:00:00+00:00,7.390769732727223
2025-08-01 09:00:00+00:00,7.366714337829045
2025-08-01 10:00:00+00:00,7.391559912068884
2025-08-01 11:00:00+00:00,7.391217634601909
2025-08-01 12:00:00+00:00,7.4218708467851995
2025-08-01 13:00:00+00:00,7.37732932859977
2025-08-01 14:00:00+00:00,7.41990829517278
2025-08-01 15:00:00+00:00,7.429113429723478
2025-08-01 16:00:00+00:00,7.448390033099126
2025-08-01 17:00:00+00:00,7.428185080172233
2025-08-01 18:00:00+00:00,7.423095438292692
2025-08-01 19:00:00+00:00,7.449989115896271
2025-08-01 20:00:00+00:00,7.450887055549179
2025-08-01 21:00:00+00:00,7.45670645910983
2025-08-01 22:00:00+00:00,7.399051734460219
2025-08-01 23:00:00+00:00,7.4516450752187255
2025-08-02 00:00:00+00:00,7.454961092805313
