2026-01-09 21:18:25,577 - INFO - ETF Executor initialized: target=$100
2026-01-09 21:18:25,578 - INFO - ✅ ETF执行器初始化成功
2026-01-09 21:18:25,661 - INFO - ✅ Market close handler initialized
2026-01-09 21:18:25,661 - INFO - Updating latest data...
2026-01-09 21:18:26,885 - ERROR - No data available!
2026-01-09 21:19:26,952 - INFO - Updating latest data...
2026-01-09 21:19:27,219 - ERROR - No data available!
2026-01-09 21:20:27,247 - INFO - Updating latest data...
2026-01-09 21:20:27,318 - ERROR - No data available!
2026-01-09 21:21:27,358 - INFO - Updating latest data...
2026-01-09 21:21:27,478 - ERROR - No data available!
2026-01-09 21:22:27,504 - INFO - Updating latest data...
2026-01-09 21:22:27,580 - ERROR - No data available!
2026-01-09 21:23:27,604 - INFO - Updating latest data...
2026-01-09 21:23:27,692 - ERROR - No data available!
2026-01-09 21:24:27,716 - INFO - Updating latest data...
2026-01-09 21:24:27,870 - ERROR - No data available!
2026-01-09 21:25:27,901 - INFO - Updating latest data...
2026-01-09 21:25:27,986 - ERROR - No data available!
2026-01-09 21:26:28,019 - INFO - Updating latest data...
2026-01-09 21:26:28,303 - ERROR - No data available!
2026-01-09 21:27:28,341 - INFO - Updating latest data...
2026-01-09 21:27:28,542 - ERROR - No data available!
2026-01-09 21:28:28,564 - INFO - Updating latest data...
2026-01-09 21:28:28,653 - ERROR - No data available!
2026-01-09 21:29:28,675 - INFO - Updating latest data...
2026-01-09 21:29:28,772 - ERROR - No data available!
2026-01-09 21:30:28,800 - INFO - Updating latest data...
2026-01-09 21:30:28,880 - ERROR - No data available!
2026-01-09 21:31:28,888 - INFO - Updating latest data...
2026-01-09 21:31:28,907 - ERROR - No data available!
2026-01-09 21:31:49,890 - INFO - ETF Executor initialized: target=$100
2026-01-09 21:31:49,890 - INFO - ✅ ETF执行器初始化成功
2026-01-09 21:31:49,935 - INFO - ✅ Market close handler initialized
2026-01-09 21:31:49,935 - INFO - Updating latest data...
2026-01-09 21:31:50,158 - ERROR - No data available!
2026-01-09 21:33:51,585 - INFO - ETF Executor initialized: target=$100
2026-01-09 21:33:51,585 - INFO - ✅ ETF执行器初始化成功
2026-01-09 21:33:51,639 - INFO - ✅ Market close handler initialized
2026-01-09 21:33:51,639 - INFO - Updating latest data...
2026-01-09 21:33:53,325 - INFO - Data update completed, latest time: 2026-01-10 02:32:00+00:00
2026-01-09 21:33:53,910 - INFO - [SIGNAL] time=2026-01-10 02:32:00+00:00 price=90625.21 z=-0.596 signal=0 pos=0.000
2026-01-09 21:33:54,006 - INFO - Status update: price=90625.21, Z-score=-0.596, signal=0, position=0.000, equity=1.0000, return=0.00%
2026-01-09 21:34:54,047 - INFO - Updating latest data...
2026-01-09 21:34:54,990 - INFO - Data update completed, latest time: 2026-01-10 02:33:00+00:00
2026-01-09 21:34:55,852 - INFO - [SIGNAL] time=2026-01-10 02:33:00+00:00 price=90614.29 z=-0.690 signal=0 pos=0.000
2026-01-09 21:34:55,896 - INFO - Status update: price=90614.29, Z-score=-0.690, signal=0, position=0.000, equity=1.0000, return=0.00%
2026-01-09 21:35:55,901 - INFO - Updating latest data...
2026-01-09 21:35:56,554 - INFO - Data update completed, latest time: 2026-01-10 02:34:00+00:00
2026-01-09 21:35:57,417 - INFO - [SIGNAL] time=2026-01-10 02:34:00+00:00 price=90606.78 z=-0.757 signal=0 pos=0.000
2026-01-09 21:35:57,452 - INFO - Status update: price=90606.78, Z-score=-0.757, signal=0, position=0.000, equity=1.0000, return=0.00%
2026-01-09 21:36:57,458 - INFO - Updating latest data...
2026-01-09 21:36:58,068 - INFO - Data update completed, latest time: 2026-01-10 02:35:00+00:00
2026-01-09 21:36:58,900 - INFO - [SIGNAL] time=2026-01-10 02:35:00+00:00 price=90606.78 z=-0.592 signal=0 pos=0.000
2026-01-09 21:36:58,937 - INFO - Status update: price=90606.78, Z-score=-0.592, signal=0, position=0.000, equity=1.0000, return=0.00%
2026-01-09 21:37:58,970 - INFO - Updating latest data...
2026-01-09 21:38:00,479 - INFO - Data update completed, latest time: 2026-01-10 02:37:00+00:00
2026-01-09 21:38:02,830 - INFO - [SIGNAL] time=2026-01-10 02:37:00+00:00 price=90561.35 z=-0.276 signal=0 pos=0.000
2026-01-09 21:38:02,885 - INFO - Status update: price=90561.35, Z-score=-0.276, signal=0, position=0.000, equity=1.0000, return=0.00%
2026-01-09 21:39:02,893 - INFO - Updating latest data...
2026-01-09 21:39:03,610 - INFO - Data update completed, latest time: 2026-01-10 02:38:00+00:00
2026-01-09 21:39:04,450 - INFO - [SIGNAL] time=2026-01-10 02:38:00+00:00 price=90535.05 z=-0.505 signal=0 pos=0.000
2026-01-09 21:39:04,488 - INFO - Status update: price=90535.05, Z-score=-0.505, signal=0, position=0.000, equity=1.0000, return=0.00%
2026-01-09 21:40:04,517 - INFO - Updating latest data...
2026-01-09 21:40:05,459 - INFO - Data update completed, latest time: 2026-01-10 02:39:00+00:00
2026-01-09 21:40:06,311 - INFO - [SIGNAL] time=2026-01-10 02:39:00+00:00 price=90541.90 z=-0.448 signal=0 pos=0.000
2026-01-09 21:40:06,343 - INFO - Status update: price=90541.90, Z-score=-0.448, signal=0, position=0.000, equity=1.0000, return=0.00%
2026-01-09 21:41:06,350 - INFO - Updating latest data...
2026-01-09 21:41:06,888 - INFO - Data update completed, latest time: 2026-01-10 02:40:00+00:00
2026-01-09 21:41:07,725 - INFO - [SIGNAL] time=2026-01-10 02:40:00+00:00 price=90504.98 z=-0.768 signal=0 pos=0.000
2026-01-09 21:41:07,777 - INFO - Status update: price=90504.98, Z-score=-0.768, signal=0, position=0.000, equity=1.0000, return=0.00% | ETF: flat, $35,652, Trades: []
2026-01-09 21:42:07,783 - INFO - Updating latest data...
2026-01-09 21:42:08,335 - INFO - Data update completed, latest time: 2026-01-10 02:41:00+00:00
2026-01-09 21:42:09,169 - INFO - [SIGNAL] time=2026-01-10 02:41:00+00:00 price=90466.67 z=-0.768 signal=0 pos=0.000
2026-01-09 21:42:09,211 - INFO - Status update: price=90466.67, Z-score=-0.768, signal=0, position=0.000, equity=1.0000, return=0.00%
2026-01-09 21:43:09,218 - INFO - Updating latest data...
2026-01-09 21:43:09,823 - INFO - Data update completed, latest time: 2026-01-10 02:42:00+00:00
2026-01-09 21:43:10,677 - INFO - [SIGNAL] time=2026-01-10 02:42:00+00:00 price=90481.41 z=-0.644 signal=0 pos=0.000
2026-01-09 21:43:10,706 - INFO - Status update: price=90481.41, Z-score=-0.644, signal=0, position=0.000, equity=1.0000, return=0.00%
2026-01-09 21:44:10,714 - INFO - Updating latest data...
2026-01-09 21:44:11,300 - INFO - Data update completed, latest time: 2026-01-10 02:43:00+00:00
2026-01-09 21:44:12,190 - INFO - [SIGNAL] time=2026-01-10 02:43:00+00:00 price=90487.43 z=-0.596 signal=0 pos=0.000
2026-01-09 21:44:12,234 - INFO - Status update: price=90487.43, Z-score=-0.596, signal=0, position=0.000, equity=1.0000, return=0.00%
2026-01-09 21:45:12,241 - INFO - Updating latest data...
2026-01-09 21:45:12,814 - INFO - Data update completed, latest time: 2026-01-10 02:44:00+00:00
2026-01-09 21:45:13,687 - INFO - [SIGNAL] time=2026-01-10 02:44:00+00:00 price=90487.43 z=-0.600 signal=0 pos=0.000
2026-01-09 21:45:13,719 - INFO - Status update: price=90487.43, Z-score=-0.600, signal=0, position=0.000, equity=1.0000, return=0.00%
2026-01-09 21:46:13,726 - INFO - Updating latest data...
2026-01-09 21:46:14,327 - INFO - Data update completed, latest time: 2026-01-10 02:45:00+00:00
2026-01-09 21:46:15,161 - INFO - [SIGNAL] time=2026-01-10 02:45:00+00:00 price=90480.30 z=-0.663 signal=0 pos=0.000
2026-01-09 21:46:15,195 - INFO - Status update: price=90480.30, Z-score=-0.663, signal=0, position=0.000, equity=1.0000, return=0.00%
2026-01-09 21:47:15,202 - INFO - Updating latest data...
2026-01-09 21:47:15,777 - INFO - Data update completed, latest time: 2026-01-10 02:46:00+00:00
2026-01-09 21:47:16,610 - INFO - [SIGNAL] time=2026-01-10 02:46:00+00:00 price=90512.30 z=-0.838 signal=0 pos=0.000
2026-01-09 21:47:16,642 - INFO - Status update: price=90512.30, Z-score=-0.838, signal=0, position=0.000, equity=1.0000, return=0.00%
2026-01-09 21:48:16,649 - INFO - Updating latest data...
2026-01-09 21:48:17,181 - INFO - Data update completed, latest time: 2026-01-10 02:47:00+00:00
2026-01-09 21:48:18,017 - INFO - [SIGNAL] time=2026-01-10 02:47:00+00:00 price=90509.15 z=-0.866 signal=0 pos=0.000
2026-01-09 21:48:18,055 - INFO - Status update: price=90509.15, Z-score=-0.866, signal=0, position=0.000, equity=1.0000, return=0.00%
2026-01-09 21:49:18,063 - INFO - Updating latest data...
2026-01-09 21:49:18,800 - INFO - Data update completed, latest time: 2026-01-10 02:47:00+00:00
2026-01-09 21:49:19,639 - INFO - [SIGNAL] time=2026-01-10 02:47:00+00:00 price=90509.15 z=-0.866 signal=0 pos=0.000
2026-01-09 21:49:19,677 - INFO - Status update: price=90509.15, Z-score=-0.866, signal=0, position=0.000, equity=1.0000, return=0.00%
2026-01-09 21:50:19,684 - INFO - Updating latest data...
2026-01-09 21:50:20,348 - INFO - Data update completed, latest time: 2026-01-10 02:49:00+00:00
2026-01-09 21:50:21,207 - INFO - [SIGNAL] time=2026-01-10 02:49:00+00:00 price=90548.44 z=-0.532 signal=0 pos=0.000
2026-01-09 21:50:21,257 - INFO - Status update: price=90548.44, Z-score=-0.532, signal=0, position=0.000, equity=1.0000, return=0.00%
2026-01-09 21:51:21,273 - INFO - Updating latest data...
2026-01-09 21:51:21,818 - INFO - Data update completed, latest time: 2026-01-10 02:50:00+00:00
2026-01-09 21:51:22,654 - INFO - [SIGNAL] time=2026-01-10 02:50:00+00:00 price=90553.34 z=-0.695 signal=0 pos=0.000
2026-01-09 21:51:22,825 - INFO - Status update: price=90553.34, Z-score=-0.695, signal=0, position=0.000, equity=1.0000, return=0.00% | ETF: flat, $35,652, Trades: []
2026-01-09 21:52:22,837 - INFO - Updating latest data...
2026-01-09 21:52:23,500 - INFO - Data update completed, latest time: 2026-01-10 02:50:00+00:00
2026-01-09 21:52:24,334 - INFO - [SIGNAL] time=2026-01-10 02:50:00+00:00 price=90553.34 z=-0.695 signal=0 pos=0.000
2026-01-09 21:52:24,385 - INFO - Status update: price=90553.34, Z-score=-0.695, signal=0, position=0.000, equity=1.0000, return=0.00% | ETF: flat, $35,652, Trades: []
2026-01-09 21:53:24,389 - INFO - Updating latest data...
2026-01-09 21:53:24,945 - INFO - Data update completed, latest time: 2026-01-10 02:50:00+00:00
2026-01-09 21:53:25,804 - INFO - [SIGNAL] time=2026-01-10 02:50:00+00:00 price=90553.34 z=-0.695 signal=0 pos=0.000
2026-01-09 21:53:25,836 - INFO - Status update: price=90553.34, Z-score=-0.695, signal=0, position=0.000, equity=1.0000, return=0.00% | ETF: flat, $35,652, Trades: []
2026-01-09 21:54:25,843 - INFO - Updating latest data...
2026-01-09 21:54:26,397 - INFO - Data update completed, latest time: 2026-01-10 02:53:00+00:00
2026-01-09 21:54:27,244 - INFO - [SIGNAL] time=2026-01-10 02:53:00+00:00 price=90520.23 z=-0.990 signal=0 pos=0.000
2026-01-09 21:54:27,281 - INFO - Status update: price=90520.23, Z-score=-0.990, signal=0, position=0.000, equity=1.0000, return=0.00%
2026-01-09 21:55:27,289 - INFO - Updating latest data...
2026-01-09 21:55:27,849 - INFO - Data update completed, latest time: 2026-01-10 02:53:00+00:00
2026-01-09 21:55:28,683 - INFO - [SIGNAL] time=2026-01-10 02:53:00+00:00 price=90520.23 z=-0.990 signal=0 pos=0.000
2026-01-09 21:55:28,718 - INFO - Status update: price=90520.23, Z-score=-0.990, signal=0, position=0.000, equity=1.0000, return=0.00%
2026-01-09 21:56:28,726 - INFO - Updating latest data...
2026-01-09 21:56:29,324 - INFO - Data update completed, latest time: 2026-01-10 02:55:00+00:00
2026-01-09 21:56:30,159 - INFO - [SIGNAL] time=2026-01-10 02:55:00+00:00 price=90520.23 z=-0.951 signal=0 pos=0.000
2026-01-09 21:56:30,193 - INFO - Status update: price=90520.23, Z-score=-0.951, signal=0, position=0.000, equity=1.0000, return=0.00%
2026-01-09 21:57:30,201 - INFO - Updating latest data...
2026-01-09 21:57:30,727 - INFO - Data update completed, latest time: 2026-01-10 02:56:00+00:00
2026-01-09 21:57:31,562 - INFO - [SIGNAL] time=2026-01-10 02:56:00+00:00 price=90543.40 z=-0.757 signal=0 pos=0.000
2026-01-09 21:57:31,600 - INFO - Status update: price=90543.40, Z-score=-0.757, signal=0, position=0.000, equity=1.0000, return=0.00%
2026-01-09 21:58:31,607 - INFO - Updating latest data...
2026-01-09 21:58:32,206 - INFO - Data update completed, latest time: 2026-01-10 02:57:00+00:00
2026-01-09 21:58:33,083 - INFO - [SIGNAL] time=2026-01-10 02:57:00+00:00 price=90512.00 z=-1.031 signal=0 pos=0.000
2026-01-09 21:58:33,128 - INFO - Status update: price=90512.00, Z-score=-1.031, signal=0, position=0.000, equity=1.0000, return=0.00%
2026-01-09 21:59:33,136 - INFO - Updating latest data...
2026-01-09 21:59:33,820 - INFO - Data update completed, latest time: 2026-01-10 02:58:00+00:00
2026-01-09 21:59:34,670 - INFO - [SIGNAL] time=2026-01-10 02:58:00+00:00 price=90544.78 z=-0.753 signal=0 pos=0.000
2026-01-09 21:59:34,716 - INFO - Status update: price=90544.78, Z-score=-0.753, signal=0, position=0.000, equity=1.0000, return=0.00%
2026-01-09 22:00:34,725 - INFO - Updating latest data...
2026-01-09 22:00:35,273 - INFO - Data update completed, latest time: 2026-01-10 02:59:00+00:00
2026-01-09 22:00:36,125 - INFO - [SIGNAL] time=2026-01-10 02:59:00+00:00 price=90595.50 z=-0.323 signal=0 pos=0.000
2026-01-09 22:00:36,162 - INFO - Status update: price=90595.50, Z-score=-0.323, signal=0, position=0.000, equity=1.0000, return=0.00%
2026-01-09 22:01:36,170 - INFO - Updating latest data...
2026-01-09 22:01:36,694 - INFO - Data update completed, latest time: 2026-01-10 03:00:00+00:00
2026-01-09 22:01:37,530 - INFO - [SIGNAL] time=2026-01-10 03:00:00+00:00 price=90568.79 z=-0.559 signal=0 pos=0.000
2026-01-09 22:01:37,560 - INFO - Status update: price=90568.79, Z-score=-0.559, signal=0, position=0.000, equity=1.0000, return=0.00% | ETF: flat, $35,652, Trades: []
2026-01-09 22:02:37,569 - INFO - Updating latest data...
2026-01-09 22:02:38,206 - INFO - Data update completed, latest time: 2026-01-10 03:01:00+00:00
2026-01-09 22:02:39,043 - INFO - [SIGNAL] time=2026-01-10 03:01:00+00:00 price=90533.67 z=-0.865 signal=0 pos=0.000
2026-01-09 22:02:39,076 - INFO - Status update: price=90533.67, Z-score=-0.865, signal=0, position=0.000, equity=1.0000, return=0.00%
2026-01-09 22:03:39,085 - INFO - Updating latest data...
2026-01-09 22:03:39,728 - INFO - Data update completed, latest time: 2026-01-10 03:02:00+00:00
2026-01-09 22:03:40,568 - INFO - [SIGNAL] time=2026-01-10 03:02:00+00:00 price=90524.91 z=-0.943 signal=0 pos=0.000
2026-01-09 22:03:40,607 - INFO - Status update: price=90524.91, Z-score=-0.943, signal=0, position=0.000, equity=1.0000, return=0.00%
2026-01-09 22:04:40,614 - INFO - Updating latest data...
2026-01-09 22:04:41,166 - INFO - Data update completed, latest time: 2026-01-10 03:03:00+00:00
2026-01-09 22:04:42,002 - INFO - [SIGNAL] time=2026-01-10 03:03:00+00:00 price=90538.10 z=-0.912 signal=0 pos=0.000
2026-01-09 22:04:42,043 - INFO - Status update: price=90538.10, Z-score=-0.912, signal=0, position=0.000, equity=1.0000, return=0.00%
2026-01-09 22:05:42,050 - INFO - Updating latest data...
2026-01-09 22:05:42,681 - INFO - Data update completed, latest time: 2026-01-10 03:04:00+00:00
2026-01-09 22:05:43,520 - INFO - [SIGNAL] time=2026-01-10 03:04:00+00:00 price=90529.37 z=-0.987 signal=0 pos=0.000
2026-01-09 22:05:43,560 - INFO - Status update: price=90529.37, Z-score=-0.987, signal=0, position=0.000, equity=1.0000, return=0.00%
2026-01-09 22:06:43,568 - INFO - Updating latest data...
2026-01-09 22:06:44,118 - INFO - Data update completed, latest time: 2026-01-10 03:05:00+00:00
2026-01-09 22:06:44,960 - INFO - [SIGNAL] time=2026-01-10 03:05:00+00:00 price=90532.46 z=-0.471 signal=0 pos=0.000
2026-01-09 22:06:45,014 - INFO - Status update: price=90532.46, Z-score=-0.471, signal=0, position=0.000, equity=1.0000, return=0.00%
2026-01-09 22:07:45,021 - INFO - Updating latest data...
2026-01-09 22:07:45,560 - INFO - Data update completed, latest time: 2026-01-10 03:06:00+00:00
2026-01-09 22:07:46,403 - INFO - [SIGNAL] time=2026-01-10 03:06:00+00:00 price=90490.20 z=-0.445 signal=0 pos=0.000
2026-01-09 22:07:46,442 - INFO - Status update: price=90490.20, Z-score=-0.445, signal=0, position=0.000, equity=1.0000, return=0.00%
2026-01-09 22:08:46,450 - INFO - Updating latest data...
2026-01-09 22:08:47,048 - INFO - Data update completed, latest time: 2026-01-10 03:07:00+00:00
2026-01-09 22:08:47,884 - INFO - [SIGNAL] time=2026-01-10 03:07:00+00:00 price=90449.60 z=-0.496 signal=0 pos=0.000
2026-01-09 22:08:47,936 - INFO - Status update: price=90449.60, Z-score=-0.496, signal=0, position=0.000, equity=1.0000, return=0.00%
2026-01-09 22:09:47,943 - INFO - Updating latest data...
2026-01-09 22:09:48,620 - INFO - Data update completed, latest time: 2026-01-10 03:08:00+00:00
2026-01-09 22:09:49,942 - INFO - [SIGNAL] time=2026-01-10 03:08:00+00:00 price=90423.05 z=-0.729 signal=0 pos=0.000
2026-01-09 22:09:50,002 - INFO - Status update: price=90423.05, Z-score=-0.729, signal=0, position=0.000, equity=1.0000, return=0.00%
2026-01-09 22:10:50,009 - INFO - Updating latest data...
2026-01-09 22:10:50,602 - INFO - Data update completed, latest time: 2026-01-10 03:08:00+00:00
2026-01-09 22:10:51,455 - INFO - [SIGNAL] time=2026-01-10 03:08:00+00:00 price=90423.05 z=-0.729 signal=0 pos=0.000
2026-01-09 22:10:51,498 - INFO - Status update: price=90423.05, Z-score=-0.729, signal=0, position=0.000, equity=1.0000, return=0.00%
2026-01-09 22:11:51,505 - INFO - Updating latest data...
2026-01-09 22:11:52,134 - INFO - Data update completed, latest time: 2026-01-10 03:10:00+00:00
2026-01-09 22:11:52,973 - INFO - [SIGNAL] time=2026-01-10 03:10:00+00:00 price=90445.62 z=-0.544 signal=0 pos=0.000
2026-01-09 22:11:53,003 - INFO - Status update: price=90445.62, Z-score=-0.544, signal=0, position=0.000, equity=1.0000, return=0.00% | ETF: flat, $35,654, Trades: []
2026-01-09 22:12:53,010 - INFO - Updating latest data...
2026-01-09 22:12:53,565 - INFO - Data update completed, latest time: 2026-01-10 03:11:00+00:00
2026-01-09 22:12:54,403 - INFO - [SIGNAL] time=2026-01-10 03:11:00+00:00 price=90459.63 z=-0.429 signal=0 pos=0.000
2026-01-09 22:12:54,440 - INFO - Status update: price=90459.63, Z-score=-0.429, signal=0, position=0.000, equity=1.0000, return=0.00%
2026-01-09 22:13:54,447 - INFO - Updating latest data...
2026-01-09 22:13:54,997 - INFO - Data update completed, latest time: 2026-01-10 03:12:00+00:00
2026-01-09 22:13:55,850 - INFO - [SIGNAL] time=2026-01-10 03:12:00+00:00 price=90481.37 z=-0.250 signal=0 pos=0.000
2026-01-09 22:13:55,881 - INFO - Status update: price=90481.37, Z-score=-0.250, signal=0, position=0.000, equity=1.0000, return=0.00%
2026-01-09 22:14:55,888 - INFO - Updating latest data...
2026-01-09 22:14:56,410 - INFO - Data update completed, latest time: 2026-01-10 03:13:00+00:00
2026-01-09 22:14:57,272 - INFO - [SIGNAL] time=2026-01-10 03:13:00+00:00 price=90466.45 z=-0.384 signal=0 pos=0.000
2026-01-09 22:14:57,314 - INFO - Status update: price=90466.45, Z-score=-0.384, signal=0, position=0.000, equity=1.0000, return=0.00%
2026-01-09 22:15:57,317 - INFO - Updating latest data...
2026-01-09 22:15:57,894 - INFO - Data update completed, latest time: 2026-01-10 03:14:00+00:00
2026-01-09 22:15:58,734 - INFO - [SIGNAL] time=2026-01-10 03:14:00+00:00 price=90464.78 z=-0.403 signal=0 pos=0.000
2026-01-09 22:15:58,767 - INFO - Status update: price=90464.78, Z-score=-0.403, signal=0, position=0.000, equity=1.0000, return=0.00%
2026-01-09 22:16:58,774 - INFO - Updating latest data...
2026-01-09 22:16:59,368 - INFO - Data update completed, latest time: 2026-01-10 03:15:00+00:00
2026-01-09 22:17:00,207 - INFO - [SIGNAL] time=2026-01-10 03:15:00+00:00 price=90468.71 z=-0.375 signal=0 pos=0.000
2026-01-09 22:17:00,245 - INFO - Status update: price=90468.71, Z-score=-0.375, signal=0, position=0.000, equity=1.0000, return=0.00%
2026-01-09 22:18:00,252 - INFO - Updating latest data...
2026-01-09 22:18:00,883 - INFO - Data update completed, latest time: 2026-01-10 03:17:00+00:00
2026-01-09 22:18:01,723 - INFO - [SIGNAL] time=2026-01-10 03:17:00+00:00 price=90483.64 z=-0.779 signal=0 pos=0.000
2026-01-09 22:18:01,766 - INFO - Status update: price=90483.64, Z-score=-0.779, signal=0, position=0.000, equity=1.0000, return=0.00%
2026-01-09 22:19:01,773 - INFO - Updating latest data...
2026-01-09 22:19:02,374 - INFO - Data update completed, latest time: 2026-01-10 03:18:00+00:00
2026-01-09 22:19:03,250 - INFO - [SIGNAL] time=2026-01-10 03:18:00+00:00 price=90488.70 z=-0.665 signal=0 pos=0.000
2026-01-09 22:19:03,291 - INFO - Status update: price=90488.70, Z-score=-0.665, signal=0, position=0.000, equity=1.0000, return=0.00%
2026-01-09 22:20:03,299 - INFO - Updating latest data...
2026-01-09 22:20:03,864 - INFO - Data update completed, latest time: 2026-01-10 03:19:00+00:00
2026-01-09 22:20:04,736 - INFO - [SIGNAL] time=2026-01-10 03:19:00+00:00 price=90501.45 z=-0.560 signal=0 pos=0.000
2026-01-09 22:20:04,792 - INFO - Status update: price=90501.45, Z-score=-0.560, signal=0, position=0.000, equity=1.0000, return=0.00%
2026-01-09 22:21:04,903 - INFO - Updating latest data...
2026-01-09 22:21:05,978 - INFO - Data update completed, latest time: 2026-01-10 03:20:00+00:00
2026-01-09 22:21:06,554 - INFO - [SIGNAL] time=2026-01-10 03:20:00+00:00 price=90509.72 z=-0.493 signal=0 pos=0.000
2026-01-09 22:21:06,596 - INFO - Status update: price=90509.72, Z-score=-0.493, signal=0, position=0.000, equity=1.0000, return=0.00% | ETF: flat, $35,654, Trades: []
2026-01-09 22:22:06,625 - INFO - Updating latest data...
2026-01-09 22:22:07,568 - INFO - Data update completed, latest time: 2026-01-10 03:21:00+00:00
2026-01-09 22:22:08,085 - INFO - [SIGNAL] time=2026-01-10 03:21:00+00:00 price=90509.72 z=-0.499 signal=0 pos=0.000
2026-01-09 22:22:08,182 - INFO - Status update: price=90509.72, Z-score=-0.499, signal=0, position=0.000, equity=1.0000, return=0.00%
2026-01-09 22:23:08,205 - INFO - Updating latest data...
2026-01-09 22:23:08,873 - INFO - Data update completed, latest time: 2026-01-10 03:21:00+00:00
2026-01-09 22:23:09,392 - INFO - [SIGNAL] time=2026-01-10 03:21:00+00:00 price=90509.72 z=-0.499 signal=0 pos=0.000
2026-01-09 22:23:09,578 - INFO - Status update: price=90509.72, Z-score=-0.499, signal=0, position=0.000, equity=1.0000, return=0.00%
2026-01-09 22:24:09,581 - INFO - Updating latest data...
2026-01-09 22:24:10,025 - INFO - Data update completed, latest time: 2026-01-10 03:23:00+00:00
2026-01-09 22:24:10,532 - INFO - [SIGNAL] time=2026-01-10 03:23:00+00:00 price=90513.47 z=-0.925 signal=0 pos=0.000
2026-01-09 22:24:10,562 - INFO - Status update: price=90513.47, Z-score=-0.925, signal=0, position=0.000, equity=1.0000, return=0.00%
2026-01-09 22:25:10,569 - INFO - Updating latest data...
2026-01-09 22:25:11,098 - INFO - Data update completed, latest time: 2026-01-10 03:24:00+00:00
2026-01-09 22:25:11,607 - INFO - [SIGNAL] time=2026-01-10 03:24:00+00:00 price=90513.47 z=-1.138 signal=0 pos=0.000
2026-01-09 22:25:11,759 - INFO - Status update: price=90513.47, Z-score=-1.138, signal=0, position=0.000, equity=1.0000, return=0.00%
2026-01-09 22:26:11,789 - INFO - Updating latest data...
2026-01-09 22:26:12,391 - INFO - Data update completed, latest time: 2026-01-10 03:25:00+00:00
2026-01-09 22:26:12,909 - INFO - [SIGNAL] time=2026-01-10 03:25:00+00:00 price=90497.93 z=-1.270 signal=0 pos=0.000
2026-01-09 22:26:13,029 - INFO - Status update: price=90497.93, Z-score=-1.270, signal=0, position=0.000, equity=1.0000, return=0.00%
2026-01-09 22:27:13,036 - INFO - Updating latest data...
2026-01-09 22:27:13,465 - INFO - Data update completed, latest time: 2026-01-10 03:26:00+00:00
2026-01-09 22:27:13,967 - INFO - [SIGNAL] time=2026-01-10 03:26:00+00:00 price=90508.35 z=-1.179 signal=0 pos=0.000
2026-01-09 22:27:14,009 - INFO - Status update: price=90508.35, Z-score=-1.179, signal=0, position=0.000, equity=1.0000, return=0.00%
2026-01-09 22:28:14,024 - INFO - Updating latest data...
2026-01-09 22:28:14,763 - INFO - Data update completed, latest time: 2026-01-10 03:27:00+00:00
2026-01-09 22:28:15,288 - INFO - [SIGNAL] time=2026-01-10 03:27:00+00:00 price=90508.35 z=-1.348 signal=0 pos=0.000
2026-01-09 22:28:15,331 - INFO - Status update: price=90508.35, Z-score=-1.348, signal=0, position=0.000, equity=1.0000, return=0.00%
2026-01-09 22:29:15,350 - INFO - Updating latest data...
2026-01-09 22:29:15,994 - INFO - Data update completed, latest time: 2026-01-10 03:28:00+00:00
2026-01-09 22:29:16,602 - INFO - [SIGNAL] time=2026-01-10 03:28:00+00:00 price=90508.35 z=-1.331 signal=0 pos=0.000
2026-01-09 22:29:16,648 - INFO - Status update: price=90508.35, Z-score=-1.331, signal=0, position=0.000, equity=1.0000, return=0.00%
2026-01-09 22:30:16,672 - INFO - Updating latest data...
2026-01-09 22:30:17,394 - INFO - Data update completed, latest time: 2026-01-10 03:29:00+00:00
2026-01-09 22:30:17,916 - INFO - [SIGNAL] time=2026-01-10 03:29:00+00:00 price=90507.24 z=-1.337 signal=1 pos=0.067
2026-01-09 22:30:17,916 - INFO - Open position: price=90507.24, Z-score=-1.337, position=0.067, fee=0.0000
2026-01-09 22:30:17,917 - INFO - 🔍 ETF Trade Debug: enabled=True, executor=True, position=0.067
2026-01-09 22:30:17,917 - INFO - 🎯 Calling ETF executor: position=0.067, price=90507.24, z_score=-1.337
2026-01-09 22:30:17,917 - INFO - 🔍 ETF Limit Order Executor called: btc_pos=0.067, price=90507.24, z_score=-1.337, type=none
2026-01-09 22:30:17,917 - INFO - 🎯 ETF Position mapping: BTC 0.067 -> ETF long (current: flat)
2026-01-09 22:30:17,917 - INFO - 📈 Market status check: CLOSED
2026-01-09 22:30:17,917 - INFO - Market closed, cannot submit limit orders: flat -> long
2026-01-09 22:30:17,917 - INFO - ⏸️  ETF limit orders skipped: market_closed
2026-01-09 22:30:17,960 - INFO - Status update: price=90507.24, Z-score=-1.337, signal=1, position=0.067, equity=1.0000, return=-0.00%
2026-01-09 22:31:18,024 - INFO - Updating latest data...
2026-01-09 22:31:19,448 - INFO - Data update completed, latest time: 2026-01-10 03:30:00+00:00
2026-01-09 22:31:20,503 - INFO - [SIGNAL] time=2026-01-10 03:30:00+00:00 price=90506.60 z=-1.341 signal=1 pos=0.067
2026-01-09 22:31:20,546 - INFO - Status update: price=90506.60, Z-score=-1.341, signal=1, position=0.067, equity=1.0000, return=-0.00% | ETF: flat, $35,654, Trades: []
2026-01-09 22:32:20,567 - INFO - Updating latest data...
2026-01-09 22:32:21,411 - INFO - Data update completed, latest time: 2026-01-10 03:30:00+00:00
2026-01-09 22:32:22,192 - INFO - [SIGNAL] time=2026-01-10 03:30:00+00:00 price=90506.60 z=-1.341 signal=1 pos=0.067
2026-01-09 22:32:22,223 - INFO - Status update: price=90506.60, Z-score=-1.341, signal=1, position=0.067, equity=1.0000, return=-0.00% | ETF: flat, $35,654, Trades: []
2026-01-09 22:33:22,230 - INFO - Updating latest data...
2026-01-09 22:33:23,198 - INFO - Data update completed, latest time: 2026-01-10 03:32:00+00:00
2026-01-09 22:33:24,077 - INFO - [SIGNAL] time=2026-01-10 03:32:00+00:00 price=90508.34 z=-0.952 signal=1 pos=0.067
2026-01-09 22:33:24,109 - INFO - Status update: price=90508.34, Z-score=-0.952, signal=1, position=0.067, equity=1.0000, return=-0.00%
2026-01-09 22:34:24,114 - INFO - Updating latest data...
2026-01-09 22:34:24,758 - INFO - Data update completed, latest time: 2026-01-10 03:33:00+00:00
2026-01-09 22:34:25,618 - INFO - [SIGNAL] time=2026-01-10 03:33:00+00:00 price=90503.87 z=-0.993 signal=1 pos=0.067
2026-01-09 22:34:25,870 - INFO - Status update: price=90503.87, Z-score=-0.993, signal=1, position=0.067, equity=1.0000, return=-0.00%
2026-01-09 22:35:25,877 - INFO - Updating latest data...
2026-01-09 22:35:26,777 - INFO - Data update completed, latest time: 2026-01-10 03:34:00+00:00
2026-01-09 22:35:27,872 - INFO - [SIGNAL] time=2026-01-10 03:34:00+00:00 price=90511.66 z=-0.929 signal=1 pos=0.067
2026-01-09 22:35:27,940 - INFO - Status update: price=90511.66, Z-score=-0.929, signal=1, position=0.067, equity=1.0000, return=-0.00%
2026-01-09 22:36:27,947 - INFO - Updating latest data...
2026-01-09 22:36:28,786 - INFO - Data update completed, latest time: 2026-01-10 03:35:00+00:00
2026-01-09 22:36:29,663 - INFO - [SIGNAL] time=2026-01-10 03:35:00+00:00 price=90491.65 z=-1.104 signal=1 pos=0.067
2026-01-09 22:36:29,732 - INFO - Status update: price=90491.65, Z-score=-1.104, signal=1, position=0.067, equity=1.0000, return=-0.00%
2026-01-09 22:37:29,735 - INFO - Updating latest data...
2026-01-09 22:37:30,386 - INFO - Data update completed, latest time: 2026-01-10 03:36:00+00:00
2026-01-09 22:37:31,249 - INFO - [SIGNAL] time=2026-01-10 03:36:00+00:00 price=90481.55 z=-1.193 signal=1 pos=0.067
2026-01-09 22:37:31,281 - INFO - Status update: price=90481.55, Z-score=-1.193, signal=1, position=0.067, equity=1.0000, return=-0.00%
2026-01-09 22:38:31,292 - INFO - Updating latest data...
2026-01-09 22:38:32,269 - INFO - Data update completed, latest time: 2026-01-10 03:36:00+00:00
2026-01-09 22:38:33,405 - INFO - [SIGNAL] time=2026-01-10 03:36:00+00:00 price=90481.55 z=-1.193 signal=1 pos=0.067
2026-01-09 22:38:33,446 - INFO - Status update: price=90481.55, Z-score=-1.193, signal=1, position=0.067, equity=1.0000, return=-0.00%
2026-01-09 22:39:33,457 - INFO - Updating latest data...
2026-01-09 22:39:34,096 - INFO - Data update completed, latest time: 2026-01-10 03:36:00+00:00
2026-01-09 22:39:35,079 - INFO - [SIGNAL] time=2026-01-10 03:36:00+00:00 price=90481.55 z=-1.193 signal=1 pos=0.067
2026-01-09 22:39:35,234 - INFO - Status update: price=90481.55, Z-score=-1.193, signal=1, position=0.067, equity=1.0000, return=-0.00%
2026-01-09 22:40:35,242 - INFO - Updating latest data...
2026-01-09 22:40:35,993 - INFO - Data update completed, latest time: 2026-01-10 03:36:00+00:00
2026-01-09 22:40:36,872 - INFO - [SIGNAL] time=2026-01-10 03:36:00+00:00 price=90481.55 z=-1.193 signal=1 pos=0.067
2026-01-09 22:40:36,904 - INFO - Status update: price=90481.55, Z-score=-1.193, signal=1, position=0.067, equity=1.0000, return=-0.00%
2026-01-09 22:41:36,917 - INFO - Updating latest data...
2026-01-09 22:41:37,647 - INFO - Data update completed, latest time: 2026-01-10 03:40:00+00:00
2026-01-09 22:41:38,609 - INFO - [SIGNAL] time=2026-01-10 03:40:00+00:00 price=90504.85 z=-0.979 signal=1 pos=0.067
2026-01-09 22:41:38,638 - INFO - Status update: price=90504.85, Z-score=-0.979, signal=1, position=0.067, equity=1.0000, return=-0.00% | ETF: flat, $35,654, Trades: []
2026-01-09 22:42:38,648 - INFO - Updating latest data...
2026-01-09 22:42:39,259 - INFO - Data update completed, latest time: 2026-01-10 03:41:00+00:00
2026-01-09 22:42:40,267 - INFO - [SIGNAL] time=2026-01-10 03:41:00+00:00 price=90504.85 z=-0.978 signal=1 pos=0.067
2026-01-09 22:42:40,311 - INFO - Status update: price=90504.85, Z-score=-0.978, signal=1, position=0.067, equity=1.0000, return=-0.00%
2026-01-09 22:43:40,322 - INFO - Updating latest data...
2026-01-09 22:43:41,020 - INFO - Data update completed, latest time: 2026-01-10 03:42:00+00:00
2026-01-09 22:43:41,896 - INFO - [SIGNAL] time=2026-01-10 03:42:00+00:00 price=90504.85 z=-1.099 signal=1 pos=0.067
2026-01-09 22:43:41,980 - INFO - Status update: price=90504.85, Z-score=-1.099, signal=1, position=0.067, equity=1.0000, return=-0.00%
2026-01-09 22:44:41,990 - INFO - Updating latest data...
2026-01-09 22:44:42,726 - INFO - Data update completed, latest time: 2026-01-10 03:43:00+00:00
2026-01-09 22:44:43,579 - INFO - [SIGNAL] time=2026-01-10 03:43:00+00:00 price=90481.26 z=-1.069 signal=1 pos=0.067
2026-01-09 22:44:43,611 - INFO - Status update: price=90481.26, Z-score=-1.069, signal=1, position=0.067, equity=1.0000, return=-0.00%
2026-01-09 22:45:43,621 - INFO - Updating latest data...
2026-01-09 22:45:44,292 - INFO - Data update completed, latest time: 2026-01-10 03:44:00+00:00
2026-01-09 22:45:45,230 - INFO - [SIGNAL] time=2026-01-10 03:44:00+00:00 price=90465.21 z=-1.210 signal=1 pos=0.067
2026-01-09 22:45:45,382 - INFO - Status update: price=90465.21, Z-score=-1.210, signal=1, position=0.067, equity=1.0000, return=-0.00%
2026-01-09 22:46:45,394 - INFO - Updating latest data...
2026-01-09 22:46:46,427 - INFO - Data update completed, latest time: 2026-01-10 03:45:00+00:00
2026-01-09 22:46:47,293 - INFO - [SIGNAL] time=2026-01-10 03:45:00+00:00 price=90481.61 z=-1.199 signal=1 pos=0.067
2026-01-09 22:46:47,347 - INFO - Status update: price=90481.61, Z-score=-1.199, signal=1, position=0.067, equity=1.0000, return=-0.00%
2026-01-09 22:47:47,360 - INFO - Updating latest data...
2026-01-09 22:47:48,050 - INFO - Data update completed, latest time: 2026-01-10 03:46:00+00:00
2026-01-09 22:47:49,007 - INFO - [SIGNAL] time=2026-01-10 03:46:00+00:00 price=90481.61 z=-1.198 signal=1 pos=0.067
2026-01-09 22:47:49,118 - INFO - Status update: price=90481.61, Z-score=-1.198, signal=1, position=0.067, equity=1.0000, return=-0.00%
2026-01-09 22:48:49,123 - INFO - Updating latest data...
2026-01-09 22:48:49,821 - INFO - Data update completed, latest time: 2026-01-10 03:47:00+00:00
2026-01-09 22:48:50,688 - INFO - [SIGNAL] time=2026-01-10 03:47:00+00:00 price=90473.20 z=-1.271 signal=1 pos=0.067
2026-01-09 22:48:50,721 - INFO - Status update: price=90473.20, Z-score=-1.271, signal=1, position=0.067, equity=1.0000, return=-0.00%
2026-01-09 22:49:50,732 - INFO - Updating latest data...
2026-01-09 22:49:51,462 - INFO - Data update completed, latest time: 2026-01-10 03:47:00+00:00
2026-01-09 22:49:52,329 - INFO - [SIGNAL] time=2026-01-10 03:47:00+00:00 price=90473.20 z=-1.271 signal=1 pos=0.067
2026-01-09 22:49:52,357 - INFO - Status update: price=90473.20, Z-score=-1.271, signal=1, position=0.067, equity=1.0000, return=-0.00%
2026-01-09 22:50:52,361 - INFO - Updating latest data...
2026-01-09 22:50:53,203 - INFO - Data update completed, latest time: 2026-01-10 03:49:00+00:00
2026-01-09 22:50:54,107 - INFO - [SIGNAL] time=2026-01-10 03:49:00+00:00 price=90472.88 z=-1.267 signal=1 pos=0.067
2026-01-09 22:50:54,206 - INFO - Status update: price=90472.88, Z-score=-1.267, signal=1, position=0.067, equity=1.0000, return=-0.00%
2026-01-09 22:51:54,210 - INFO - Updating latest data...
2026-01-09 22:51:54,927 - INFO - Data update completed, latest time: 2026-01-10 03:50:00+00:00
2026-01-09 22:51:55,811 - INFO - [SIGNAL] time=2026-01-10 03:50:00+00:00 price=90472.88 z=-1.539 signal=1 pos=0.067
2026-01-09 22:51:55,844 - INFO - Status update: price=90472.88, Z-score=-1.539, signal=1, position=0.067, equity=1.0000, return=-0.00% | ETF: flat, $35,654, Trades: []
2026-01-09 22:52:55,848 - INFO - Updating latest data...
2026-01-09 22:52:56,544 - INFO - Data update completed, latest time: 2026-01-10 03:51:00+00:00
2026-01-09 22:52:57,511 - INFO - [SIGNAL] time=2026-01-10 03:51:00+00:00 price=90488.01 z=-1.398 signal=1 pos=0.067
2026-01-09 22:52:57,545 - INFO - Status update: price=90488.01, Z-score=-1.398, signal=1, position=0.067, equity=1.0000, return=-0.00%
2026-01-09 22:53:57,557 - INFO - Updating latest data...
2026-01-09 22:53:58,125 - INFO - Data update completed, latest time: 2026-01-10 03:52:00+00:00
2026-01-09 22:53:58,982 - INFO - [SIGNAL] time=2026-01-10 03:52:00+00:00 price=90483.02 z=-1.439 signal=1 pos=0.067
2026-01-09 22:53:59,016 - INFO - Status update: price=90483.02, Z-score=-1.439, signal=1, position=0.067, equity=1.0000, return=-0.00%
2026-01-09 22:54:59,028 - INFO - Updating latest data...
2026-01-09 22:54:59,791 - INFO - Data update completed, latest time: 2026-01-10 03:53:00+00:00
2026-01-09 22:55:00,636 - INFO - [SIGNAL] time=2026-01-10 03:53:00+00:00 price=90496.75 z=-1.311 signal=1 pos=0.067
2026-01-09 22:55:00,682 - INFO - Status update: price=90496.75, Z-score=-1.311, signal=1, position=0.067, equity=1.0000, return=-0.00%
2026-01-09 22:56:00,694 - INFO - Updating latest data...
2026-01-09 22:56:01,329 - INFO - Data update completed, latest time: 2026-01-10 03:54:00+00:00
2026-01-09 22:56:02,177 - INFO - [SIGNAL] time=2026-01-10 03:54:00+00:00 price=90516.44 z=-1.132 signal=1 pos=0.067
2026-01-09 22:56:02,212 - INFO - Status update: price=90516.44, Z-score=-1.132, signal=1, position=0.067, equity=1.0000, return=-0.00%
2026-01-09 22:57:02,242 - INFO - Updating latest data...
2026-01-09 22:57:03,573 - INFO - Data update completed, latest time: 2026-01-10 03:56:00+00:00
2026-01-09 22:57:04,467 - INFO - [SIGNAL] time=2026-01-10 03:56:00+00:00 price=90506.24 z=-1.217 signal=1 pos=0.066
2026-01-09 22:57:04,509 - INFO - Status update: price=90506.24, Z-score=-1.217, signal=1, position=0.067, equity=1.0000, return=-0.00%
2026-01-09 22:58:04,511 - INFO - Updating latest data...
2026-01-09 22:58:05,348 - INFO - Data update completed, latest time: 2026-01-10 03:57:00+00:00
2026-01-09 22:58:06,212 - INFO - [SIGNAL] time=2026-01-10 03:57:00+00:00 price=90545.46 z=-0.863 signal=1 pos=0.066
2026-01-09 22:58:06,246 - INFO - Status update: price=90545.46, Z-score=-0.863, signal=1, position=0.067, equity=1.0000, return=-0.00%
2026-01-09 22:59:06,252 - INFO - Updating latest data...
2026-01-09 22:59:07,363 - INFO - Data update completed, latest time: 2026-01-10 03:58:00+00:00
2026-01-09 22:59:08,918 - INFO - [SIGNAL] time=2026-01-10 03:58:00+00:00 price=90527.39 z=-1.516 signal=1 pos=0.066
2026-01-09 22:59:09,110 - INFO - Status update: price=90527.39, Z-score=-1.516, signal=1, position=0.067, equity=1.0000, return=-0.00%
2026-01-09 23:00:09,117 - INFO - Updating latest data...
2026-01-09 23:00:10,254 - INFO - Data update completed, latest time: 2026-01-10 03:59:00+00:00
2026-01-09 23:00:11,832 - INFO - [SIGNAL] time=2026-01-10 03:59:00+00:00 price=90510.53 z=-1.146 signal=1 pos=0.066
2026-01-09 23:00:12,019 - INFO - Status update: price=90510.53, Z-score=-1.146, signal=1, position=0.067, equity=1.0000, return=-0.00%
2026-01-09 23:01:12,028 - INFO - Updating latest data...
2026-01-09 23:01:13,284 - INFO - Data update completed, latest time: 2026-01-10 04:00:00+00:00
2026-01-09 23:01:14,856 - INFO - [SIGNAL] time=2026-01-10 04:00:00+00:00 price=90517.51 z=-0.705 signal=1 pos=0.066
2026-01-09 23:01:14,962 - INFO - Status update: price=90517.51, Z-score=-0.705, signal=1, position=0.067, equity=1.0000, return=-0.00% | ETF: flat, $35,654, Trades: []
2026-01-09 23:02:14,969 - INFO - Updating latest data...
2026-01-09 23:02:16,145 - INFO - Data update completed, latest time: 2026-01-10 04:01:00+00:00
2026-01-09 23:02:17,802 - INFO - [SIGNAL] time=2026-01-10 04:01:00+00:00 price=90520.62 z=-1.117 signal=1 pos=0.066
2026-01-09 23:02:17,908 - INFO - Status update: price=90520.62, Z-score=-1.117, signal=1, position=0.067, equity=1.0000, return=-0.00%
2026-01-09 23:03:17,916 - INFO - Updating latest data...
2026-01-09 23:03:19,046 - INFO - Data update completed, latest time: 2026-01-10 04:02:00+00:00
2026-01-09 23:03:20,641 - INFO - [SIGNAL] time=2026-01-10 04:02:00+00:00 price=90525.03 z=-1.075 signal=1 pos=0.066
2026-01-09 23:03:20,798 - INFO - Status update: price=90525.03, Z-score=-1.075, signal=1, position=0.067, equity=1.0000, return=-0.00%
2026-01-09 23:04:20,822 - INFO - Updating latest data...
2026-01-09 23:04:22,306 - INFO - Data update completed, latest time: 2026-01-10 04:03:00+00:00
2026-01-09 23:04:24,645 - INFO - [SIGNAL] time=2026-01-10 04:03:00+00:00 price=90487.79 z=-0.702 signal=1 pos=0.066
2026-01-09 23:04:24,897 - INFO - Status update: price=90487.79, Z-score=-0.702, signal=1, position=0.067, equity=1.0000, return=-0.00%
2026-01-09 23:05:24,904 - INFO - Updating latest data...
2026-01-09 23:05:25,852 - INFO - Data update completed, latest time: 2026-01-10 04:04:00+00:00
2026-01-09 23:05:27,492 - INFO - [SIGNAL] time=2026-01-10 04:04:00+00:00 price=90475.07 z=-0.816 signal=1 pos=0.066
2026-01-09 23:05:27,647 - INFO - Status update: price=90475.07, Z-score=-0.816, signal=1, position=0.067, equity=1.0000, return=-0.00%
2026-01-09 23:06:27,654 - INFO - Updating latest data...
2026-01-09 23:06:28,576 - INFO - Data update completed, latest time: 2026-01-10 04:05:00+00:00
2026-01-09 23:06:30,189 - INFO - [SIGNAL] time=2026-01-10 04:05:00+00:00 price=90428.80 z=-1.231 signal=1 pos=0.066
2026-01-09 23:06:30,226 - INFO - Status update: price=90428.80, Z-score=-1.231, signal=1, position=0.067, equity=1.0000, return=-0.00%
2026-01-09 23:07:30,233 - INFO - Updating latest data...
2026-01-09 23:07:31,247 - INFO - Data update completed, latest time: 2026-01-10 04:06:00+00:00
2026-01-09 23:07:32,755 - INFO - [SIGNAL] time=2026-01-10 04:06:00+00:00 price=90423.28 z=-0.984 signal=1 pos=0.066
2026-01-09 23:07:32,795 - INFO - Status update: price=90423.28, Z-score=-0.984, signal=1, position=0.067, equity=1.0000, return=-0.00%
2026-01-09 23:08:32,799 - INFO - Updating latest data...
2026-01-09 23:08:33,669 - INFO - Data update completed, latest time: 2026-01-10 04:07:00+00:00
2026-01-09 23:08:35,154 - INFO - [SIGNAL] time=2026-01-10 04:07:00+00:00 price=90421.40 z=-0.999 signal=1 pos=0.066
2026-01-09 23:08:35,199 - INFO - Status update: price=90421.40, Z-score=-0.999, signal=1, position=0.067, equity=1.0000, return=-0.00%
2026-01-09 23:09:35,205 - INFO - Updating latest data...
2026-01-09 23:09:36,124 - INFO - Data update completed, latest time: 2026-01-10 04:08:00+00:00
2026-01-09 23:09:37,586 - INFO - [SIGNAL] time=2026-01-10 04:08:00+00:00 price=90398.62 z=-1.202 signal=1 pos=0.066
2026-01-09 23:09:37,618 - INFO - Status update: price=90398.62, Z-score=-1.202, signal=1, position=0.067, equity=1.0000, return=-0.00%
2026-01-09 23:10:37,620 - INFO - Updating latest data...
2026-01-09 23:10:38,588 - INFO - Data update completed, latest time: 2026-01-10 04:09:00+00:00
2026-01-09 23:10:40,175 - INFO - [SIGNAL] time=2026-01-10 04:09:00+00:00 price=90401.20 z=-1.175 signal=1 pos=0.066
2026-01-09 23:10:40,209 - INFO - Status update: price=90401.20, Z-score=-1.175, signal=1, position=0.067, equity=1.0000, return=-0.00%
2026-01-09 23:11:40,216 - INFO - Updating latest data...
2026-01-09 23:11:41,350 - INFO - Data update completed, latest time: 2026-01-10 04:10:00+00:00
2026-01-09 23:11:42,932 - INFO - [SIGNAL] time=2026-01-10 04:10:00+00:00 price=90450.42 z=-0.729 signal=1 pos=0.066
2026-01-09 23:11:42,968 - INFO - Status update: price=90450.42, Z-score=-0.729, signal=1, position=0.067, equity=1.0000, return=-0.00% | ETF: flat, $35,654, Trades: []
2026-01-09 23:12:42,980 - INFO - Updating latest data...
2026-01-09 23:12:44,116 - INFO - Data update completed, latest time: 2026-01-10 04:11:00+00:00
2026-01-09 23:12:45,783 - INFO - [SIGNAL] time=2026-01-10 04:11:00+00:00 price=90388.17 z=-1.288 signal=1 pos=0.066
2026-01-09 23:12:45,893 - INFO - Status update: price=90388.17, Z-score=-1.288, signal=1, position=0.067, equity=1.0000, return=-0.00%
2026-01-09 23:13:45,902 - INFO - Updating latest data...
2026-01-09 23:13:46,651 - INFO - Data update completed, latest time: 2026-01-10 04:12:00+00:00
2026-01-09 23:13:47,555 - INFO - [SIGNAL] time=2026-01-10 04:12:00+00:00 price=90383.93 z=-1.322 signal=1 pos=0.066
2026-01-09 23:13:47,752 - INFO - Status update: price=90383.93, Z-score=-1.322, signal=1, position=0.067, equity=1.0000, return=-0.00%
2026-01-09 23:14:47,761 - INFO - Updating latest data...
2026-01-09 23:14:48,511 - INFO - Data update completed, latest time: 2026-01-10 04:13:00+00:00
2026-01-09 23:14:49,401 - INFO - [SIGNAL] time=2026-01-10 04:13:00+00:00 price=90421.75 z=-0.978 signal=1 pos=0.066
2026-01-09 23:14:49,430 - INFO - Status update: price=90421.75, Z-score=-0.978, signal=1, position=0.067, equity=1.0000, return=-0.00%
2026-01-09 23:15:49,440 - INFO - Updating latest data...
2026-01-09 23:15:50,139 - INFO - Data update completed, latest time: 2026-01-10 04:13:00+00:00
2026-01-09 23:15:50,997 - INFO - [SIGNAL] time=2026-01-10 04:13:00+00:00 price=90421.75 z=-0.978 signal=1 pos=0.066
2026-01-09 23:15:51,035 - INFO - Status update: price=90421.75, Z-score=-0.978, signal=1, position=0.067, equity=1.0000, return=-0.00%
2026-01-09 23:16:51,040 - INFO - Updating latest data...
2026-01-09 23:16:51,709 - INFO - Data update completed, latest time: 2026-01-10 04:15:00+00:00
2026-01-09 23:16:52,788 - INFO - [SIGNAL] time=2026-01-10 04:15:00+00:00 price=90387.37 z=-1.282 signal=1 pos=0.066
2026-01-09 23:16:52,832 - INFO - Status update: price=90387.37, Z-score=-1.282, signal=1, position=0.067, equity=1.0000, return=-0.00%
2026-01-09 23:17:52,838 - INFO - Updating latest data...
2026-01-09 23:17:53,563 - INFO - Data update completed, latest time: 2026-01-10 04:16:00+00:00
2026-01-09 23:17:54,417 - INFO - [SIGNAL] time=2026-01-10 04:16:00+00:00 price=90402.87 z=-1.139 signal=1 pos=0.066
2026-01-09 23:17:54,444 - INFO - Status update: price=90402.87, Z-score=-1.139, signal=1, position=0.067, equity=1.0000, return=-0.00%
2026-01-09 23:18:54,455 - INFO - Updating latest data...
2026-01-09 23:18:55,186 - INFO - Data update completed, latest time: 2026-01-10 04:17:00+00:00
2026-01-09 23:18:56,049 - INFO - [SIGNAL] time=2026-01-10 04:17:00+00:00 price=90396.50 z=-1.191 signal=1 pos=0.066
2026-01-09 23:18:56,079 - INFO - Status update: price=90396.50, Z-score=-1.191, signal=1, position=0.067, equity=1.0000, return=-0.00%
2026-01-09 23:19:56,090 - INFO - Updating latest data...
2026-01-09 23:19:56,803 - INFO - Data update completed, latest time: 2026-01-10 04:18:00+00:00
2026-01-09 23:19:57,711 - INFO - [SIGNAL] time=2026-01-10 04:18:00+00:00 price=90390.37 z=-1.243 signal=1 pos=0.066
2026-01-09 23:19:57,897 - INFO - Status update: price=90390.37, Z-score=-1.243, signal=1, position=0.067, equity=1.0000, return=-0.00%
2026-01-09 23:20:57,908 - INFO - Updating latest data...
2026-01-09 23:20:58,750 - INFO - Data update completed, latest time: 2026-01-10 04:19:00+00:00
2026-01-09 23:20:59,910 - INFO - [SIGNAL] time=2026-01-10 04:19:00+00:00 price=90415.45 z=-1.015 signal=1 pos=0.066
2026-01-09 23:20:59,959 - INFO - Status update: price=90415.45, Z-score=-1.015, signal=1, position=0.067, equity=1.0000, return=-0.00%
2026-01-09 23:21:59,971 - INFO - Updating latest data...
2026-01-09 23:22:00,518 - INFO - Data update completed, latest time: 2026-01-10 04:21:00+00:00
2026-01-09 23:22:01,394 - INFO - [SIGNAL] time=2026-01-10 04:21:00+00:00 price=90421.05 z=-0.958 signal=1 pos=0.066
2026-01-09 23:22:01,424 - INFO - Status update: price=90421.05, Z-score=-0.958, signal=1, position=0.067, equity=1.0000, return=-0.00%
2026-01-09 23:23:01,435 - INFO - Updating latest data...
2026-01-09 23:23:02,159 - INFO - Data update completed, latest time: 2026-01-10 04:22:00+00:00
2026-01-09 23:23:03,019 - INFO - [SIGNAL] time=2026-01-10 04:22:00+00:00 price=90416.51 z=-0.997 signal=1 pos=0.066
2026-01-09 23:23:03,050 - INFO - Status update: price=90416.51, Z-score=-0.997, signal=1, position=0.067, equity=1.0000, return=-0.00%
2026-01-09 23:24:03,058 - INFO - Updating latest data...
2026-01-09 23:24:03,799 - INFO - Data update completed, latest time: 2026-01-10 04:23:00+00:00
2026-01-09 23:24:04,987 - INFO - [SIGNAL] time=2026-01-10 04:23:00+00:00 price=90425.91 z=-0.910 signal=1 pos=0.066
2026-01-09 23:24:05,019 - INFO - Status update: price=90425.91, Z-score=-0.910, signal=1, position=0.067, equity=1.0000, return=-0.00%
2026-01-09 23:25:05,031 - INFO - Updating latest data...
2026-01-09 23:25:05,731 - INFO - Data update completed, latest time: 2026-01-10 04:24:00+00:00
2026-01-09 23:25:07,460 - INFO - [SIGNAL] time=2026-01-10 04:24:00+00:00 price=90396.66 z=-1.167 signal=1 pos=0.066
2026-01-09 23:25:07,537 - INFO - Status update: price=90396.66, Z-score=-1.167, signal=1, position=0.067, equity=1.0000, return=-0.00%
2026-01-09 23:26:07,542 - INFO - Updating latest data...
2026-01-09 23:26:08,272 - INFO - Data update completed, latest time: 2026-01-10 04:25:00+00:00
2026-01-09 23:26:09,134 - INFO - [SIGNAL] time=2026-01-10 04:25:00+00:00 price=90402.04 z=-1.116 signal=1 pos=0.066
2026-01-09 23:26:09,166 - INFO - Status update: price=90402.04, Z-score=-1.116, signal=1, position=0.067, equity=1.0000, return=-0.00%
2026-01-09 23:27:09,173 - INFO - Updating latest data...
2026-01-09 23:27:09,941 - INFO - Data update completed, latest time: 2026-01-10 04:26:00+00:00
2026-01-09 23:27:10,883 - INFO - [SIGNAL] time=2026-01-10 04:26:00+00:00 price=90412.76 z=-1.017 signal=1 pos=0.066
2026-01-09 23:27:10,978 - INFO - Status update: price=90412.76, Z-score=-1.017, signal=1, position=0.067, equity=1.0000, return=-0.00%
2026-01-09 23:28:10,989 - INFO - Updating latest data...
2026-01-09 23:28:11,844 - INFO - Data update completed, latest time: 2026-01-10 04:27:00+00:00
2026-01-09 23:28:12,844 - INFO - [SIGNAL] time=2026-01-10 04:27:00+00:00 price=90420.76 z=-0.944 signal=1 pos=0.066
2026-01-09 23:28:12,887 - INFO - Status update: price=90420.76, Z-score=-0.944, signal=1, position=0.067, equity=1.0000, return=-0.00%
2026-01-09 23:29:12,890 - INFO - Updating latest data...
2026-01-09 23:29:13,612 - INFO - Data update completed, latest time: 2026-01-10 04:27:00+00:00
2026-01-09 23:29:14,644 - INFO - [SIGNAL] time=2026-01-10 04:27:00+00:00 price=90420.76 z=-0.944 signal=1 pos=0.066
2026-01-09 23:29:14,714 - INFO - Status update: price=90420.76, Z-score=-0.944, signal=1, position=0.067, equity=1.0000, return=-0.00%
2026-01-09 23:30:14,717 - INFO - Updating latest data...
2026-01-09 23:30:15,577 - INFO - Data update completed, latest time: 2026-01-10 04:29:00+00:00
2026-01-09 23:30:16,441 - INFO - [SIGNAL] time=2026-01-10 04:29:00+00:00 price=90384.19 z=-1.265 signal=1 pos=0.066
2026-01-09 23:30:16,590 - INFO - Status update: price=90384.19, Z-score=-1.265, signal=1, position=0.067, equity=1.0000, return=-0.00%
2026-01-09 23:31:16,613 - INFO - Updating latest data...
2026-01-09 23:31:17,652 - INFO - Data update completed, latest time: 2026-01-10 04:30:00+00:00
2026-01-09 23:31:18,560 - INFO - [SIGNAL] time=2026-01-10 04:30:00+00:00 price=90402.19 z=-1.101 signal=1 pos=0.066
2026-01-09 23:31:18,592 - INFO - Status update: price=90402.19, Z-score=-1.101, signal=1, position=0.067, equity=1.0000, return=-0.00% | ETF: flat, $35,654, Trades: []
2026-01-09 23:32:18,597 - INFO - Updating latest data...
2026-01-09 23:32:19,509 - INFO - Data update completed, latest time: 2026-01-10 04:30:00+00:00
2026-01-09 23:32:20,403 - INFO - [SIGNAL] time=2026-01-10 04:30:00+00:00 price=90402.19 z=-1.101 signal=1 pos=0.066
2026-01-09 23:32:20,435 - INFO - Status update: price=90402.19, Z-score=-1.101, signal=1, position=0.067, equity=1.0000, return=-0.00% | ETF: flat, $35,654, Trades: []
2026-01-09 23:33:20,448 - INFO - Updating latest data...
2026-01-09 23:33:21,436 - INFO - Data update completed, latest time: 2026-01-10 04:32:00+00:00
2026-01-09 23:33:22,353 - INFO - [SIGNAL] time=2026-01-10 04:32:00+00:00 price=90425.40 z=-1.202 signal=1 pos=0.066
2026-01-09 23:33:22,388 - INFO - Status update: price=90425.40, Z-score=-1.202, signal=1, position=0.067, equity=1.0000, return=-0.00%
2026-01-09 23:34:22,394 - INFO - Updating latest data...
2026-01-09 23:34:22,969 - INFO - Data update completed, latest time: 2026-01-10 04:33:00+00:00
2026-01-09 23:34:23,837 - INFO - [SIGNAL] time=2026-01-10 04:33:00+00:00 price=90392.00 z=-1.495 signal=1 pos=0.066
2026-01-09 23:34:24,026 - INFO - Status update: price=90392.00, Z-score=-1.495, signal=1, position=0.067, equity=1.0000, return=-0.00%
2026-01-09 23:35:24,057 - INFO - Updating latest data...
2026-01-09 23:35:25,070 - INFO - Data update completed, latest time: 2026-01-10 04:34:00+00:00
2026-01-09 23:35:25,967 - INFO - [SIGNAL] time=2026-01-10 04:34:00+00:00 price=90384.80 z=-1.553 signal=1 pos=0.066
2026-01-09 23:35:26,060 - INFO - Status update: price=90384.80, Z-score=-1.553, signal=1, position=0.067, equity=1.0000, return=-0.00%
2026-01-09 23:36:26,071 - INFO - Updating latest data...
2026-01-09 23:36:26,667 - INFO - Data update completed, latest time: 2026-01-10 04:34:00+00:00
2026-01-09 23:36:27,542 - INFO - [SIGNAL] time=2026-01-10 04:34:00+00:00 price=90384.80 z=-1.553 signal=1 pos=0.066
2026-01-09 23:36:27,591 - INFO - Status update: price=90384.80, Z-score=-1.553, signal=1, position=0.067, equity=1.0000, return=-0.00%
2026-01-09 23:37:27,600 - INFO - Updating latest data...
2026-01-09 23:37:28,304 - INFO - Data update completed, latest time: 2026-01-10 04:36:00+00:00
2026-01-09 23:37:29,193 - INFO - [SIGNAL] time=2026-01-10 04:36:00+00:00 price=90382.44 z=-1.562 signal=1 pos=0.066
2026-01-09 23:37:29,222 - INFO - Status update: price=90382.44, Z-score=-1.562, signal=1, position=0.067, equity=1.0000, return=-0.00%
2026-01-09 23:38:29,233 - INFO - Updating latest data...
2026-01-09 23:38:29,905 - INFO - Data update completed, latest time: 2026-01-10 04:37:00+00:00
2026-01-09 23:38:31,193 - INFO - [SIGNAL] time=2026-01-10 04:37:00+00:00 price=90380.92 z=-1.569 signal=1 pos=0.066
2026-01-09 23:38:31,237 - INFO - Status update: price=90380.92, Z-score=-1.569, signal=1, position=0.067, equity=1.0000, return=-0.00%
2026-01-09 23:39:31,246 - INFO - Updating latest data...
2026-01-09 23:39:31,900 - INFO - Data update completed, latest time: 2026-01-10 04:38:00+00:00
2026-01-09 23:39:33,235 - INFO - [SIGNAL] time=2026-01-10 04:38:00+00:00 price=90354.25 z=-1.508 signal=1 pos=0.066
2026-01-09 23:39:33,388 - INFO - Status update: price=90354.25, Z-score=-1.508, signal=1, position=0.067, equity=1.0000, return=-0.00%
2026-01-09 23:40:33,393 - INFO - Updating latest data...
2026-01-09 23:40:34,180 - INFO - Data update completed, latest time: 2026-01-10 04:39:00+00:00
2026-01-09 23:40:35,050 - INFO - [SIGNAL] time=2026-01-10 04:39:00+00:00 price=90343.42 z=-1.596 signal=1 pos=0.066
2026-01-09 23:40:35,227 - INFO - Status update: price=90343.42, Z-score=-1.596, signal=1, position=0.067, equity=1.0000, return=-0.00%
2026-01-09 23:41:35,237 - INFO - Updating latest data...
2026-01-09 23:41:36,017 - INFO - Data update completed, latest time: 2026-01-10 04:40:00+00:00
2026-01-09 23:41:36,893 - INFO - [SIGNAL] time=2026-01-10 04:40:00+00:00 price=90343.42 z=-1.591 signal=1 pos=0.066
2026-01-09 23:41:36,936 - INFO - Status update: price=90343.42, Z-score=-1.591, signal=1, position=0.067, equity=1.0000, return=-0.00% | ETF: flat, $35,654, Trades: []
2026-01-09 23:42:36,948 - INFO - Updating latest data...
2026-01-09 23:42:37,646 - INFO - Data update completed, latest time: 2026-01-10 04:41:00+00:00
2026-01-09 23:42:38,515 - INFO - [SIGNAL] time=2026-01-10 04:41:00+00:00 price=90386.74 z=-1.505 signal=1 pos=0.066
2026-01-09 23:42:38,544 - INFO - Status update: price=90386.74, Z-score=-1.505, signal=1, position=0.067, equity=1.0000, return=-0.00%
2026-01-09 23:43:38,548 - INFO - Updating latest data...
2026-01-09 23:43:39,281 - INFO - Data update completed, latest time: 2026-01-10 04:42:00+00:00
2026-01-09 23:43:40,146 - INFO - [SIGNAL] time=2026-01-10 04:42:00+00:00 price=90374.58 z=-1.605 signal=1 pos=0.066
2026-01-09 23:43:40,332 - INFO - Status update: price=90374.58, Z-score=-1.605, signal=1, position=0.067, equity=1.0000, return=-0.00%
2026-01-09 23:44:40,344 - INFO - Updating latest data...
2026-01-09 23:44:41,067 - INFO - Data update completed, latest time: 2026-01-10 04:43:00+00:00
2026-01-09 23:44:41,964 - INFO - [SIGNAL] time=2026-01-10 04:43:00+00:00 price=90385.41 z=-1.504 signal=1 pos=0.066
2026-01-09 23:44:41,996 - INFO - Status update: price=90385.41, Z-score=-1.504, signal=1, position=0.067, equity=1.0000, return=-0.00%
2026-01-09 23:45:42,007 - INFO - Updating latest data...
2026-01-09 23:45:42,717 - INFO - Data update completed, latest time: 2026-01-10 04:44:00+00:00
2026-01-09 23:45:43,586 - INFO - [SIGNAL] time=2026-01-10 04:44:00+00:00 price=90383.15 z=-1.517 signal=1 pos=0.066
2026-01-09 23:45:43,619 - INFO - Status update: price=90383.15, Z-score=-1.517, signal=1, position=0.067, equity=1.0000, return=-0.00%
2026-01-09 23:46:43,649 - INFO - Updating latest data...
2026-01-09 23:46:45,135 - INFO - Data update completed, latest time: 2026-01-10 04:45:00+00:00
2026-01-09 23:46:46,159 - INFO - [SIGNAL] time=2026-01-10 04:45:00+00:00 price=90383.15 z=-1.511 signal=1 pos=0.066
2026-01-09 23:46:46,194 - INFO - Status update: price=90383.15, Z-score=-1.511, signal=1, position=0.067, equity=1.0000, return=-0.00%
2026-01-09 23:47:46,202 - INFO - Updating latest data...
2026-01-09 23:47:46,762 - INFO - Data update completed, latest time: 2026-01-10 04:46:00+00:00
2026-01-09 23:47:47,644 - INFO - [SIGNAL] time=2026-01-10 04:46:00+00:00 price=90386.60 z=-1.475 signal=1 pos=0.066
2026-01-09 23:47:47,793 - INFO - Status update: price=90386.60, Z-score=-1.475, signal=1, position=0.067, equity=1.0000, return=-0.00%
2026-01-09 23:48:47,805 - INFO - Updating latest data...
2026-01-09 23:48:48,531 - INFO - Data update completed, latest time: 2026-01-10 04:47:00+00:00
2026-01-09 23:48:49,435 - INFO - [SIGNAL] time=2026-01-10 04:47:00+00:00 price=90380.42 z=-1.523 signal=1 pos=0.066
2026-01-09 23:48:49,466 - INFO - Status update: price=90380.42, Z-score=-1.523, signal=1, position=0.067, equity=1.0000, return=-0.00%
2026-01-09 23:49:49,478 - INFO - Updating latest data...
2026-01-09 23:49:50,177 - INFO - Data update completed, latest time: 2026-01-10 04:48:00+00:00
2026-01-09 23:49:51,044 - INFO - [SIGNAL] time=2026-01-10 04:48:00+00:00 price=90394.12 z=-1.399 signal=1 pos=0.066
2026-01-09 23:49:51,075 - INFO - Status update: price=90394.12, Z-score=-1.399, signal=1, position=0.067, equity=1.0000, return=-0.00%
2026-01-09 23:50:51,085 - INFO - Updating latest data...
2026-01-09 23:50:51,762 - INFO - Data update completed, latest time: 2026-01-10 04:48:00+00:00
2026-01-09 23:50:52,701 - INFO - [SIGNAL] time=2026-01-10 04:48:00+00:00 price=90394.12 z=-1.399 signal=1 pos=0.066
2026-01-09 23:50:52,897 - INFO - Status update: price=90394.12, Z-score=-1.399, signal=1, position=0.067, equity=1.0000, return=-0.00%
2026-01-09 23:51:52,907 - INFO - Updating latest data...
2026-01-09 23:51:53,628 - INFO - Data update completed, latest time: 2026-01-10 04:50:00+00:00
2026-01-09 23:51:54,496 - INFO - [SIGNAL] time=2026-01-10 04:50:00+00:00 price=90360.33 z=-1.679 signal=1 pos=0.066
2026-01-09 23:51:54,524 - INFO - Status update: price=90360.33, Z-score=-1.679, signal=1, position=0.067, equity=1.0000, return=-0.00% | ETF: flat, $35,654, Trades: []
2026-01-09 23:52:54,535 - INFO - Updating latest data...
2026-01-09 23:52:55,282 - INFO - Data update completed, latest time: 2026-01-10 04:51:00+00:00
2026-01-09 23:52:56,192 - INFO - [SIGNAL] time=2026-01-10 04:51:00+00:00 price=90334.26 z=-1.895 signal=1 pos=0.066
2026-01-09 23:52:56,226 - INFO - Status update: price=90334.26, Z-score=-1.895, signal=1, position=0.067, equity=1.0000, return=-0.00%
2026-01-09 23:53:56,236 - INFO - Updating latest data...
2026-01-09 23:53:57,110 - INFO - Data update completed, latest time: 2026-01-10 04:52:00+00:00
2026-01-09 23:53:58,035 - INFO - [SIGNAL] time=2026-01-10 04:52:00+00:00 price=90353.49 z=-1.721 signal=1 pos=0.066
2026-01-09 23:53:58,081 - INFO - Status update: price=90353.49, Z-score=-1.721, signal=1, position=0.067, equity=1.0000, return=-0.00%
2026-01-09 23:54:58,092 - INFO - Updating latest data...
2026-01-09 23:54:58,754 - INFO - Data update completed, latest time: 2026-01-10 04:53:00+00:00
2026-01-09 23:54:59,646 - INFO - [SIGNAL] time=2026-01-10 04:53:00+00:00 price=90349.65 z=-1.722 signal=1 pos=0.066
2026-01-09 23:54:59,808 - INFO - Status update: price=90349.65, Z-score=-1.722, signal=1, position=0.067, equity=1.0000, return=-0.00%
2026-01-09 23:55:59,819 - INFO - Updating latest data...
2026-01-09 23:56:00,598 - INFO - Data update completed, latest time: 2026-01-10 04:55:00+00:00
2026-01-09 23:56:01,487 - INFO - [SIGNAL] time=2026-01-10 04:55:00+00:00 price=90380.24 z=-1.443 signal=1 pos=0.066
2026-01-09 23:56:01,669 - INFO - Status update: price=90380.24, Z-score=-1.443, signal=1, position=0.067, equity=1.0000, return=-0.00%
2026-01-09 23:57:01,673 - INFO - Updating latest data...
2026-01-09 23:57:02,422 - INFO - Data update completed, latest time: 2026-01-10 04:56:00+00:00
2026-01-09 23:57:03,359 - INFO - [SIGNAL] time=2026-01-10 04:56:00+00:00 price=90311.10 z=-1.668 signal=1 pos=0.066
2026-01-09 23:57:03,543 - INFO - Status update: price=90311.10, Z-score=-1.668, signal=1, position=0.067, equity=1.0000, return=-0.00%
2026-01-09 23:58:03,562 - INFO - Updating latest data...
2026-01-09 23:58:04,574 - INFO - Data update completed, latest time: 2026-01-10 04:57:00+00:00
2026-01-09 23:58:05,455 - INFO - [SIGNAL] time=2026-01-10 04:57:00+00:00 price=90335.95 z=-1.201 signal=1 pos=0.066
2026-01-09 23:58:05,615 - INFO - Status update: price=90335.95, Z-score=-1.201, signal=1, position=0.067, equity=1.0000, return=-0.00%
2026-01-09 23:59:05,623 - INFO - Updating latest data...
2026-01-09 23:59:06,298 - INFO - Data update completed, latest time: 2026-01-10 04:58:00+00:00
2026-01-09 23:59:07,170 - INFO - [SIGNAL] time=2026-01-10 04:58:00+00:00 price=90324.05 z=-1.296 signal=1 pos=0.066
2026-01-09 23:59:07,274 - INFO - Status update: price=90324.05, Z-score=-1.296, signal=1, position=0.067, equity=1.0000, return=-0.00%
2026-01-10 00:00:07,282 - INFO - Updating latest data...
2026-01-10 00:00:08,699 - INFO - Data update completed, latest time: 2026-01-10 04:59:00+00:00
2026-01-10 00:00:09,563 - INFO - [SIGNAL] time=2026-01-10 04:59:00+00:00 price=90343.12 z=-0.685 signal=1 pos=0.066
2026-01-10 00:00:09,673 - INFO - Status update: price=90343.12, Z-score=-0.685, signal=1, position=0.067, equity=1.0000, return=-0.00%
2026-01-10 00:01:09,680 - INFO - Updating latest data...
2026-01-10 00:01:10,362 - INFO - Data update completed, latest time: 2026-01-10 05:00:00+00:00
2026-01-10 00:01:11,249 - INFO - [SIGNAL] time=2026-01-10 05:00:00+00:00 price=90353.80 z=-1.052 signal=1 pos=0.066
2026-01-10 00:01:11,282 - INFO - Status update: price=90353.80, Z-score=-1.052, signal=1, position=0.067, equity=1.0000, return=-0.00% | ETF: flat, $35,654, Trades: []
2026-01-10 00:02:11,285 - INFO - Updating latest data...
2026-01-10 00:02:12,022 - INFO - Data update completed, latest time: 2026-01-10 05:01:00+00:00
2026-01-10 00:02:13,216 - INFO - [SIGNAL] time=2026-01-10 05:01:00+00:00 price=90336.76 z=-1.394 signal=1 pos=0.066
2026-01-10 00:02:13,400 - INFO - Status update: price=90336.76, Z-score=-1.394, signal=1, position=0.067, equity=1.0000, return=-0.00%
2026-01-10 00:03:13,408 - INFO - Updating latest data...
2026-01-10 00:03:14,109 - INFO - Data update completed, latest time: 2026-01-10 05:02:00+00:00
2026-01-10 00:03:14,971 - INFO - [SIGNAL] time=2026-01-10 05:02:00+00:00 price=90313.57 z=-1.388 signal=1 pos=0.066
2026-01-10 00:03:15,001 - INFO - Status update: price=90313.57, Z-score=-1.388, signal=1, position=0.067, equity=1.0000, return=-0.00%
2026-01-10 00:04:15,008 - INFO - Updating latest data...
2026-01-10 00:04:15,547 - INFO - Data update completed, latest time: 2026-01-10 05:02:00+00:00
2026-01-10 00:04:16,440 - INFO - [SIGNAL] time=2026-01-10 05:02:00+00:00 price=90313.57 z=-1.388 signal=1 pos=0.066
2026-01-10 00:04:16,611 - INFO - Status update: price=90313.57, Z-score=-1.388, signal=1, position=0.067, equity=1.0000, return=-0.00%
2026-01-10 00:05:16,630 - INFO - Updating latest data...
2026-01-10 00:05:17,629 - INFO - Data update completed, latest time: 2026-01-10 05:02:00+00:00
2026-01-10 00:05:18,511 - INFO - [SIGNAL] time=2026-01-10 05:02:00+00:00 price=90313.57 z=-1.388 signal=1 pos=0.066
2026-01-10 00:05:18,591 - INFO - Status update: price=90313.57, Z-score=-1.388, signal=1, position=0.067, equity=1.0000, return=-0.00%
2026-01-10 00:06:18,599 - INFO - Updating latest data...
2026-01-10 00:06:19,191 - INFO - Data update completed, latest time: 2026-01-10 05:05:00+00:00
2026-01-10 00:06:20,059 - INFO - [SIGNAL] time=2026-01-10 05:05:00+00:00 price=90336.69 z=-1.169 signal=1 pos=0.066
2026-01-10 00:06:20,089 - INFO - Status update: price=90336.69, Z-score=-1.169, signal=1, position=0.067, equity=1.0000, return=-0.00%
2026-01-10 00:07:20,102 - INFO - Updating latest data...
2026-01-10 00:07:20,848 - INFO - Data update completed, latest time: 2026-01-10 05:06:00+00:00
2026-01-10 00:07:21,728 - INFO - [SIGNAL] time=2026-01-10 05:06:00+00:00 price=90356.11 z=-1.115 signal=1 pos=0.066
2026-01-10 00:07:21,759 - INFO - Status update: price=90356.11, Z-score=-1.115, signal=1, position=0.067, equity=1.0000, return=-0.00%
2026-01-10 00:08:21,769 - INFO - Updating latest data...
2026-01-10 00:08:22,403 - INFO - Data update completed, latest time: 2026-01-10 05:07:00+00:00
2026-01-10 00:08:23,281 - INFO - [SIGNAL] time=2026-01-10 05:07:00+00:00 price=90352.92 z=-1.137 signal=1 pos=0.066
2026-01-10 00:08:23,311 - INFO - Status update: price=90352.92, Z-score=-1.137, signal=1, position=0.067, equity=1.0000, return=-0.00%
2026-01-10 00:09:23,342 - INFO - Updating latest data...
2026-01-10 00:09:24,409 - INFO - Data update completed, latest time: 2026-01-10 05:08:00+00:00
2026-01-10 00:09:25,828 - INFO - [SIGNAL] time=2026-01-10 05:08:00+00:00 price=90356.51 z=-1.102 signal=1 pos=0.066
2026-01-10 00:09:25,952 - INFO - Status update: price=90356.51, Z-score=-1.102, signal=1, position=0.067, equity=1.0000, return=-0.00%
2026-01-10 00:10:25,956 - INFO - Updating latest data...
2026-01-10 00:10:26,728 - INFO - Data update completed, latest time: 2026-01-10 05:09:00+00:00
2026-01-10 00:10:27,596 - INFO - [SIGNAL] time=2026-01-10 05:09:00+00:00 price=90356.51 z=-1.421 signal=1 pos=0.066
2026-01-10 00:10:27,627 - INFO - Status update: price=90356.51, Z-score=-1.421, signal=1, position=0.067, equity=1.0000, return=-0.00%
2026-01-10 00:11:27,635 - INFO - Updating latest data...
2026-01-10 00:11:28,281 - INFO - Data update completed, latest time: 2026-01-10 05:10:00+00:00
2026-01-10 00:11:29,152 - INFO - [SIGNAL] time=2026-01-10 05:10:00+00:00 price=90385.44 z=-1.172 signal=1 pos=0.066
2026-01-10 00:11:29,184 - INFO - Status update: price=90385.44, Z-score=-1.172, signal=1, position=0.067, equity=1.0000, return=-0.00% | ETF: flat, $35,654, Trades: []
2026-01-10 00:12:29,210 - INFO - Updating latest data...
2026-01-10 00:12:30,193 - INFO - Data update completed, latest time: 2026-01-10 05:11:00+00:00
2026-01-10 00:12:31,123 - INFO - [SIGNAL] time=2026-01-10 05:11:00+00:00 price=90392.90 z=-1.604 signal=1 pos=0.066
2026-01-10 00:12:31,190 - INFO - Status update: price=90392.90, Z-score=-1.604, signal=1, position=0.067, equity=1.0000, return=-0.00%
2026-01-10 00:13:31,198 - INFO - Updating latest data...
2026-01-10 00:13:31,742 - INFO - Data update completed, latest time: 2026-01-10 05:12:00+00:00
2026-01-10 00:13:32,710 - INFO - [SIGNAL] time=2026-01-10 05:12:00+00:00 price=90393.50 z=-1.592 signal=1 pos=0.066
2026-01-10 00:13:32,882 - INFO - Status update: price=90393.50, Z-score=-1.592, signal=1, position=0.067, equity=1.0000, return=-0.00%
2026-01-10 00:14:32,888 - INFO - Updating latest data...
2026-01-10 00:14:33,508 - INFO - Data update completed, latest time: 2026-01-10 05:13:00+00:00
2026-01-10 00:14:34,431 - INFO - [SIGNAL] time=2026-01-10 05:13:00+00:00 price=90393.50 z=-1.586 signal=1 pos=0.066
2026-01-10 00:14:34,463 - INFO - Status update: price=90393.50, Z-score=-1.586, signal=1, position=0.067, equity=1.0000, return=-0.00%
2026-01-10 00:15:34,471 - INFO - Updating latest data...
2026-01-10 00:15:34,979 - INFO - Data update completed, latest time: 2026-01-10 05:14:00+00:00
2026-01-10 00:15:35,931 - INFO - [SIGNAL] time=2026-01-10 05:14:00+00:00 price=90421.61 z=-1.344 signal=1 pos=0.066
2026-01-10 00:15:36,094 - INFO - Status update: price=90421.61, Z-score=-1.344, signal=1, position=0.067, equity=1.0000, return=-0.00%
2026-01-10 00:16:36,099 - INFO - Updating latest data...
2026-01-10 00:16:36,600 - INFO - Data update completed, latest time: 2026-01-10 05:15:00+00:00
2026-01-10 00:16:37,480 - INFO - [SIGNAL] time=2026-01-10 05:15:00+00:00 price=90409.69 z=-1.440 signal=1 pos=0.066
2026-01-10 00:16:37,520 - INFO - Status update: price=90409.69, Z-score=-1.440, signal=1, position=0.067, equity=1.0000, return=-0.00%
2026-01-10 00:17:37,537 - INFO - Updating latest data...
2026-01-10 00:17:38,490 - INFO - Data update completed, latest time: 2026-01-10 05:15:00+00:00
2026-01-10 00:17:39,493 - INFO - [SIGNAL] time=2026-01-10 05:15:00+00:00 price=90409.69 z=-1.440 signal=1 pos=0.066
2026-01-10 00:17:39,543 - INFO - Status update: price=90409.69, Z-score=-1.440, signal=1, position=0.067, equity=1.0000, return=-0.00%
2026-01-10 00:18:39,547 - INFO - Updating latest data...
2026-01-10 00:18:40,112 - INFO - Data update completed, latest time: 2026-01-10 05:17:00+00:00
2026-01-10 00:18:41,119 - INFO - [SIGNAL] time=2026-01-10 05:17:00+00:00 price=90420.60 z=-1.339 signal=1 pos=0.066
2026-01-10 00:18:41,173 - INFO - Status update: price=90420.60, Z-score=-1.339, signal=1, position=0.067, equity=1.0000, return=-0.00%
2026-01-10 00:19:41,179 - INFO - Updating latest data...
2026-01-10 00:19:41,865 - INFO - Data update completed, latest time: 2026-01-10 05:18:00+00:00
2026-01-10 00:19:42,738 - INFO - [SIGNAL] time=2026-01-10 05:18:00+00:00 price=90399.20 z=-1.514 signal=1 pos=0.066
2026-01-10 00:19:42,767 - INFO - Status update: price=90399.20, Z-score=-1.514, signal=1, position=0.067, equity=1.0000, return=-0.00%
2026-01-10 00:20:42,774 - INFO - Updating latest data...
2026-01-10 00:20:43,287 - INFO - Data update completed, latest time: 2026-01-10 05:19:00+00:00
2026-01-10 00:20:44,212 - INFO - [SIGNAL] time=2026-01-10 05:19:00+00:00 price=90399.20 z=-1.509 signal=1 pos=0.066
2026-01-10 00:20:44,385 - INFO - Status update: price=90399.20, Z-score=-1.509, signal=1, position=0.067, equity=1.0000, return=-0.00%
2026-01-10 00:21:44,387 - INFO - Updating latest data...
2026-01-10 00:21:44,984 - INFO - Data update completed, latest time: 2026-01-10 05:20:00+00:00
2026-01-10 00:21:45,861 - INFO - [SIGNAL] time=2026-01-10 05:20:00+00:00 price=90409.89 z=-1.415 signal=1 pos=0.066
2026-01-10 00:21:45,899 - INFO - Status update: price=90409.89, Z-score=-1.415, signal=1, position=0.067, equity=1.0000, return=-0.00% | ETF: flat, $35,654, Trades: []
2026-01-10 00:22:45,906 - INFO - Updating latest data...
2026-01-10 00:22:46,431 - INFO - Data update completed, latest time: 2026-01-10 05:21:00+00:00
2026-01-10 00:22:47,292 - INFO - [SIGNAL] time=2026-01-10 05:21:00+00:00 price=90417.32 z=-1.349 signal=1 pos=0.066
2026-01-10 00:22:47,324 - INFO - Status update: price=90417.32, Z-score=-1.349, signal=1, position=0.067, equity=1.0000, return=-0.00%
2026-01-10 00:23:47,330 - INFO - Updating latest data...
2026-01-10 00:23:47,858 - INFO - Data update completed, latest time: 2026-01-10 05:22:00+00:00
2026-01-10 00:23:48,760 - INFO - [SIGNAL] time=2026-01-10 05:22:00+00:00 price=90416.31 z=-0.938 signal=1 pos=0.066
2026-01-10 00:23:48,939 - INFO - Status update: price=90416.31, Z-score=-0.938, signal=1, position=0.067, equity=1.0000, return=-0.00%
2026-01-10 00:24:48,946 - INFO - Updating latest data...
2026-01-10 00:24:49,481 - INFO - Data update completed, latest time: 2026-01-10 05:23:00+00:00
2026-01-10 00:24:50,341 - INFO - [SIGNAL] time=2026-01-10 05:23:00+00:00 price=90418.30 z=-0.918 signal=1 pos=0.066
2026-01-10 00:24:50,401 - INFO - Status update: price=90418.30, Z-score=-0.918, signal=1, position=0.067, equity=1.0000, return=-0.00%
2026-01-10 00:25:50,404 - INFO - Updating latest data...
2026-01-10 00:25:50,994 - INFO - Data update completed, latest time: 2026-01-10 05:23:00+00:00
2026-01-10 00:25:51,857 - INFO - [SIGNAL] time=2026-01-10 05:23:00+00:00 price=90418.30 z=-0.918 signal=1 pos=0.066
2026-01-10 00:25:51,891 - INFO - Status update: price=90418.30, Z-score=-0.918, signal=1, position=0.067, equity=1.0000, return=-0.00%
2026-01-10 00:26:51,902 - INFO - Updating latest data...
2026-01-10 00:26:52,626 - INFO - Data update completed, latest time: 2026-01-10 05:25:00+00:00
2026-01-10 00:26:53,488 - INFO - [SIGNAL] time=2026-01-10 05:25:00+00:00 price=90433.01 z=-0.789 signal=1 pos=0.066
2026-01-10 00:26:53,520 - INFO - Status update: price=90433.01, Z-score=-0.789, signal=1, position=0.067, equity=1.0000, return=-0.00%
2026-01-10 00:27:53,542 - INFO - Updating latest data...
2026-01-10 00:27:54,353 - INFO - Data update completed, latest time: 2026-01-10 05:26:00+00:00
2026-01-10 00:27:55,255 - INFO - [SIGNAL] time=2026-01-10 05:26:00+00:00 price=90430.71 z=-0.805 signal=1 pos=0.067
2026-01-10 00:27:55,355 - INFO - Status update: price=90430.71, Z-score=-0.805, signal=1, position=0.067, equity=1.0000, return=-0.00%
2026-01-10 00:28:55,383 - INFO - Updating latest data...
2026-01-10 00:28:56,400 - INFO - Data update completed, latest time: 2026-01-10 05:26:00+00:00
2026-01-10 00:28:57,273 - INFO - [SIGNAL] time=2026-01-10 05:26:00+00:00 price=90430.71 z=-0.805 signal=1 pos=0.067
2026-01-10 00:28:57,310 - INFO - Status update: price=90430.71, Z-score=-0.805, signal=1, position=0.067, equity=1.0000, return=-0.00%
2026-01-10 00:29:57,345 - INFO - Updating latest data...
2026-01-10 00:29:57,933 - INFO - Data update completed, latest time: 2026-01-10 05:26:00+00:00
2026-01-10 00:29:58,809 - INFO - [SIGNAL] time=2026-01-10 05:26:00+00:00 price=90430.71 z=-0.805 signal=1 pos=0.067
2026-01-10 00:29:58,841 - INFO - Status update: price=90430.71, Z-score=-0.805, signal=1, position=0.067, equity=1.0000, return=-0.00%
2026-01-10 00:30:58,854 - INFO - Updating latest data...
2026-01-10 00:30:59,349 - INFO - Data update completed, latest time: 2026-01-10 05:29:00+00:00
2026-01-10 00:31:00,211 - INFO - [SIGNAL] time=2026-01-10 05:29:00+00:00 price=90430.71 z=-1.193 signal=1 pos=0.067
2026-01-10 00:31:00,239 - INFO - Status update: price=90430.71, Z-score=-1.193, signal=1, position=0.067, equity=1.0000, return=-0.00%
2026-01-10 00:32:00,244 - INFO - Updating latest data...
2026-01-10 00:32:00,953 - INFO - Data update completed, latest time: 2026-01-10 05:31:00+00:00
2026-01-10 00:32:01,842 - INFO - [SIGNAL] time=2026-01-10 05:31:00+00:00 price=90403.52 z=-1.411 signal=1 pos=0.067
2026-01-10 00:32:01,892 - INFO - Status update: price=90403.52, Z-score=-1.411, signal=1, position=0.067, equity=1.0000, return=-0.00%
2026-01-10 00:46:59,621 - INFO - Updating latest data...
2026-01-10 00:47:00,831 - INFO - Data update completed, latest time: 2026-01-10 05:46:00+00:00
2026-01-10 00:47:01,940 - INFO - [SIGNAL] time=2026-01-10 05:46:00+00:00 price=90478.35 z=-0.947 signal=1 pos=0.067
2026-01-10 00:47:02,039 - ERROR - Error getting account status: ('Connection aborted.', RemoteDisconnected('Remote end closed connection without response'))
2026-01-10 00:47:02,040 - INFO - Status update: price=90478.35, Z-score=-0.947, signal=1, position=0.067, equity=1.0000, return=-0.00%
2026-01-10 00:48:02,061 - INFO - Updating latest data...
2026-01-10 00:48:02,741 - INFO - Data update completed, latest time: 2026-01-10 05:46:00+00:00
2026-01-10 00:48:03,618 - INFO - [SIGNAL] time=2026-01-10 05:46:00+00:00 price=90478.35 z=-0.947 signal=1 pos=0.067
2026-01-10 00:48:03,716 - INFO - Status update: price=90478.35, Z-score=-0.947, signal=1, position=0.067, equity=1.0000, return=-0.00%
2026-01-10 00:49:25,799 - INFO - Updating latest data...
2026-01-10 00:49:26,912 - INFO - Data update completed, latest time: 2026-01-10 05:46:00+00:00
2026-01-10 00:49:28,028 - INFO - [SIGNAL] time=2026-01-10 05:46:00+00:00 price=90478.35 z=-0.947 signal=1 pos=0.067
2026-01-10 00:49:28,142 - INFO - Status update: price=90478.35, Z-score=-0.947, signal=1, position=0.067, equity=1.0000, return=-0.00%
2026-01-10 00:50:28,171 - INFO - Updating latest data...
2026-01-10 00:50:29,378 - INFO - Data update completed, latest time: 2026-01-10 05:46:00+00:00
2026-01-10 00:50:30,308 - INFO - [SIGNAL] time=2026-01-10 05:46:00+00:00 price=90478.35 z=-0.947 signal=1 pos=0.067
2026-01-10 00:50:30,342 - INFO - Status update: price=90478.35, Z-score=-0.947, signal=1, position=0.067, equity=1.0000, return=-0.00%
2026-01-10 00:51:30,365 - INFO - Updating latest data...
2026-01-10 00:51:31,429 - INFO - Data update completed, latest time: 2026-01-10 05:50:00+00:00
2026-01-10 00:51:32,327 - INFO - [SIGNAL] time=2026-01-10 05:50:00+00:00 price=90477.20 z=-0.950 signal=1 pos=0.067
2026-01-10 00:51:32,380 - INFO - Status update: price=90477.20, Z-score=-0.950, signal=1, position=0.067, equity=1.0000, return=-0.00% | ETF: flat, $35,654, Trades: []
2026-01-10 00:52:32,421 - INFO - Updating latest data...
2026-01-10 00:52:33,281 - INFO - Data update completed, latest time: 2026-01-10 05:51:00+00:00
2026-01-10 00:52:34,191 - INFO - [SIGNAL] time=2026-01-10 05:51:00+00:00 price=90469.00 z=-1.019 signal=1 pos=0.067
2026-01-10 00:52:34,231 - INFO - Status update: price=90469.00, Z-score=-1.019, signal=1, position=0.067, equity=1.0000, return=-0.00%
2026-01-10 00:53:34,249 - INFO - Updating latest data...
2026-01-10 00:53:35,688 - INFO - Data update completed, latest time: 2026-01-10 05:52:00+00:00
2026-01-10 00:53:36,565 - INFO - [SIGNAL] time=2026-01-10 05:52:00+00:00 price=90469.00 z=-1.017 signal=1 pos=0.067
2026-01-10 00:53:36,837 - INFO - Status update: price=90469.00, Z-score=-1.017, signal=1, position=0.067, equity=1.0000, return=-0.00%
2026-01-10 00:54:36,844 - INFO - Updating latest data...
2026-01-10 00:54:37,460 - INFO - Data update completed, latest time: 2026-01-10 05:53:00+00:00
2026-01-10 00:54:38,339 - INFO - [SIGNAL] time=2026-01-10 05:53:00+00:00 price=90469.00 z=-1.016 signal=1 pos=0.067
2026-01-10 00:54:38,372 - INFO - Status update: price=90469.00, Z-score=-1.016, signal=1, position=0.067, equity=1.0000, return=-0.00%
2026-01-10 00:55:38,472 - INFO - Updating latest data...
2026-01-10 00:55:39,748 - INFO - Data update completed, latest time: 2026-01-10 05:54:00+00:00
2026-01-10 00:55:40,642 - INFO - [SIGNAL] time=2026-01-10 05:54:00+00:00 price=90466.79 z=-1.144 signal=1 pos=0.067
2026-01-10 00:55:40,670 - INFO - Status update: price=90466.79, Z-score=-1.144, signal=1, position=0.067, equity=1.0000, return=-0.00%
2026-01-10 00:56:40,689 - INFO - Updating latest data...
2026-01-10 00:56:41,506 - INFO - Data update completed, latest time: 2026-01-10 05:55:00+00:00
2026-01-10 00:56:42,388 - INFO - [SIGNAL] time=2026-01-10 05:55:00+00:00 price=90466.79 z=-1.267 signal=1 pos=0.067
2026-01-10 00:56:42,433 - INFO - Status update: price=90466.79, Z-score=-1.267, signal=1, position=0.067, equity=1.0000, return=-0.00%
2026-01-10 00:57:42,441 - INFO - Updating latest data...
2026-01-10 00:57:43,070 - INFO - Data update completed, latest time: 2026-01-10 05:56:00+00:00
2026-01-10 00:57:43,934 - INFO - [SIGNAL] time=2026-01-10 05:56:00+00:00 price=90478.55 z=-1.163 signal=1 pos=0.067
2026-01-10 00:57:43,963 - INFO - Status update: price=90478.55, Z-score=-1.163, signal=1, position=0.067, equity=1.0000, return=-0.00%
2026-01-10 00:58:43,970 - INFO - Updating latest data...
2026-01-10 00:58:44,517 - INFO - Data update completed, latest time: 2026-01-10 05:57:00+00:00
2026-01-10 00:58:45,402 - INFO - [SIGNAL] time=2026-01-10 05:57:00+00:00 price=90489.15 z=-1.109 signal=1 pos=0.067
2026-01-10 00:58:45,437 - INFO - Status update: price=90489.15, Z-score=-1.109, signal=1, position=0.067, equity=1.0000, return=-0.00%
2026-01-10 00:59:45,450 - INFO - Updating latest data...
2026-01-10 00:59:45,943 - INFO - Data update completed, latest time: 2026-01-10 05:58:00+00:00
2026-01-10 00:59:46,825 - INFO - [SIGNAL] time=2026-01-10 05:58:00+00:00 price=90489.15 z=-1.108 signal=1 pos=0.067
2026-01-10 00:59:46,856 - INFO - Status update: price=90489.15, Z-score=-1.108, signal=1, position=0.067, equity=1.0000, return=-0.00%
2026-01-10 01:00:46,864 - INFO - Updating latest data...
2026-01-10 01:00:47,441 - INFO - Data update completed, latest time: 2026-01-10 05:59:00+00:00
2026-01-10 01:00:48,324 - INFO - [SIGNAL] time=2026-01-10 05:59:00+00:00 price=90468.55 z=-1.071 signal=1 pos=0.067
2026-01-10 01:00:48,380 - INFO - Status update: price=90468.55, Z-score=-1.071, signal=1, position=0.067, equity=1.0000, return=-0.00%
2026-01-10 01:01:48,388 - INFO - Updating latest data...
2026-01-10 01:01:48,903 - INFO - Data update completed, latest time: 2026-01-10 06:00:00+00:00
2026-01-10 01:01:49,767 - INFO - [SIGNAL] time=2026-01-10 06:00:00+00:00 price=90468.55 z=-1.190 signal=1 pos=0.067
2026-01-10 01:01:49,801 - INFO - Status update: price=90468.55, Z-score=-1.190, signal=1, position=0.067, equity=1.0000, return=-0.00% | ETF: flat, $35,654, Trades: []
2026-01-10 01:02:49,806 - INFO - Updating latest data...
2026-01-10 01:02:50,333 - INFO - Data update completed, latest time: 2026-01-10 06:01:00+00:00
2026-01-10 01:02:51,295 - INFO - [SIGNAL] time=2026-01-10 06:01:00+00:00 price=90491.29 z=-0.986 signal=1 pos=0.067
2026-01-10 01:02:51,337 - INFO - Status update: price=90491.29, Z-score=-0.986, signal=1, position=0.067, equity=1.0000, return=-0.00%
2026-01-10 01:03:51,344 - INFO - Updating latest data...
2026-01-10 01:03:51,857 - INFO - Data update completed, latest time: 2026-01-10 06:02:00+00:00
2026-01-10 01:03:52,726 - INFO - [SIGNAL] time=2026-01-10 06:02:00+00:00 price=90491.29 z=-1.067 signal=1 pos=0.067
2026-01-10 01:03:52,758 - INFO - Status update: price=90491.29, Z-score=-1.067, signal=1, position=0.067, equity=1.0000, return=-0.00%
2026-01-10 01:04:52,765 - INFO - Updating latest data...
2026-01-10 01:04:53,315 - INFO - Data update completed, latest time: 2026-01-10 06:03:00+00:00
2026-01-10 01:04:54,183 - INFO - [SIGNAL] time=2026-01-10 06:03:00+00:00 price=90471.14 z=-1.243 signal=1 pos=0.067
2026-01-10 01:04:54,222 - INFO - Status update: price=90471.14, Z-score=-1.243, signal=1, position=0.067, equity=1.0000, return=-0.00%
2026-01-10 01:05:54,229 - INFO - Updating latest data...
2026-01-10 01:05:54,722 - INFO - Data update completed, latest time: 2026-01-10 06:04:00+00:00
2026-01-10 01:05:55,589 - INFO - [SIGNAL] time=2026-01-10 06:04:00+00:00 price=90471.14 z=-0.983 signal=1 pos=0.067
2026-01-10 01:05:55,623 - INFO - Status update: price=90471.14, Z-score=-0.983, signal=1, position=0.067, equity=1.0000, return=-0.00%
2026-01-10 01:06:55,630 - INFO - Updating latest data...
2026-01-10 01:06:56,148 - INFO - Data update completed, latest time: 2026-01-10 06:05:00+00:00
2026-01-10 01:06:57,016 - INFO - [SIGNAL] time=2026-01-10 06:05:00+00:00 price=90460.51 z=-0.995 signal=1 pos=0.067
2026-01-10 01:06:57,064 - INFO - Status update: price=90460.51, Z-score=-0.995, signal=1, position=0.067, equity=1.0000, return=-0.00%
2026-01-10 01:07:57,087 - INFO - Updating latest data...
2026-01-10 01:07:58,119 - INFO - Data update completed, latest time: 2026-01-10 06:06:00+00:00
2026-01-10 01:07:59,002 - INFO - [SIGNAL] time=2026-01-10 06:06:00+00:00 price=90441.26 z=-1.165 signal=1 pos=0.067
2026-01-10 01:07:59,055 - INFO - Status update: price=90441.26, Z-score=-1.165, signal=1, position=0.067, equity=1.0000, return=-0.00%
2026-01-10 01:08:59,062 - INFO - Updating latest data...
2026-01-10 01:08:59,589 - INFO - Data update completed, latest time: 2026-01-10 06:07:00+00:00
2026-01-10 01:09:00,471 - INFO - [SIGNAL] time=2026-01-10 06:07:00+00:00 price=90441.26 z=-1.355 signal=1 pos=0.067
2026-01-10 01:09:00,506 - INFO - Status update: price=90441.26, Z-score=-1.355, signal=1, position=0.067, equity=1.0000, return=-0.00%
2026-01-10 01:10:00,508 - INFO - Updating latest data...
2026-01-10 01:10:00,980 - INFO - Data update completed, latest time: 2026-01-10 06:09:00+00:00
2026-01-10 01:10:01,847 - INFO - [SIGNAL] time=2026-01-10 06:09:00+00:00 price=90441.26 z=-1.350 signal=1 pos=0.067
2026-01-10 01:10:01,888 - INFO - Status update: price=90441.26, Z-score=-1.350, signal=1, position=0.067, equity=1.0000, return=-0.00%
2026-01-10 01:11:01,915 - INFO - Updating latest data...
2026-01-10 01:11:02,765 - INFO - Data update completed, latest time: 2026-01-10 06:10:00+00:00
2026-01-10 01:11:03,677 - INFO - [SIGNAL] time=2026-01-10 06:10:00+00:00 price=90478.99 z=-1.389 signal=1 pos=0.067
2026-01-10 01:11:03,713 - INFO - Status update: price=90478.99, Z-score=-1.389, signal=1, position=0.067, equity=1.0000, return=-0.00% | ETF: flat, $35,654, Trades: []
2026-01-10 01:12:03,721 - INFO - Updating latest data...
2026-01-10 01:12:04,304 - INFO - Data update completed, latest time: 2026-01-10 06:11:00+00:00
2026-01-10 01:12:05,174 - INFO - [SIGNAL] time=2026-01-10 06:11:00+00:00 price=90453.00 z=-1.434 signal=1 pos=0.067
2026-01-10 01:12:05,229 - INFO - Status update: price=90453.00, Z-score=-1.434, signal=1, position=0.067, equity=1.0000, return=-0.00%
2026-01-10 01:13:05,242 - INFO - Updating latest data...
2026-01-10 01:13:05,760 - INFO - Data update completed, latest time: 2026-01-10 06:11:00+00:00
2026-01-10 01:13:06,630 - INFO - [SIGNAL] time=2026-01-10 06:11:00+00:00 price=90453.00 z=-1.434 signal=1 pos=0.067
2026-01-10 01:13:06,671 - INFO - Status update: price=90453.00, Z-score=-1.434, signal=1, position=0.067, equity=1.0000, return=-0.00%
2026-01-10 01:14:06,683 - INFO - Updating latest data...
2026-01-10 01:14:07,173 - INFO - Data update completed, latest time: 2026-01-10 06:13:00+00:00
2026-01-10 01:14:08,040 - INFO - [SIGNAL] time=2026-01-10 06:13:00+00:00 price=90456.98 z=-1.390 signal=1 pos=0.067
2026-01-10 01:14:08,079 - INFO - Status update: price=90456.98, Z-score=-1.390, signal=1, position=0.067, equity=1.0000, return=-0.00%
2026-01-10 01:15:08,092 - INFO - Updating latest data...
2026-01-10 01:15:08,687 - INFO - Data update completed, latest time: 2026-01-10 06:13:00+00:00
2026-01-10 01:15:09,606 - INFO - [SIGNAL] time=2026-01-10 06:13:00+00:00 price=90456.98 z=-1.390 signal=1 pos=0.067
2026-01-10 01:15:09,647 - INFO - Status update: price=90456.98, Z-score=-1.390, signal=1, position=0.067, equity=1.0000, return=-0.00%
2026-01-10 01:16:09,659 - INFO - Updating latest data...
2026-01-10 01:16:10,170 - INFO - Data update completed, latest time: 2026-01-10 06:15:00+00:00
2026-01-10 01:16:11,039 - INFO - [SIGNAL] time=2026-01-10 06:15:00+00:00 price=90430.60 z=-1.627 signal=1 pos=0.067
2026-01-10 01:16:11,083 - INFO - Status update: price=90430.60, Z-score=-1.627, signal=1, position=0.067, equity=1.0000, return=-0.00%
2026-01-10 01:17:11,097 - INFO - Updating latest data...
2026-01-10 01:17:11,643 - INFO - Data update completed, latest time: 2026-01-10 06:16:00+00:00
2026-01-10 01:17:12,512 - INFO - [SIGNAL] time=2026-01-10 06:16:00+00:00 price=90427.35 z=-1.281 signal=1 pos=0.067
2026-01-10 01:17:12,548 - INFO - Status update: price=90427.35, Z-score=-1.281, signal=1, position=0.067, equity=1.0000, return=-0.00%
2026-01-10 01:25:11,273 - INFO - Updating latest data...
2026-01-10 01:25:14,612 - INFO - Data update completed, latest time: 2026-01-10 06:24:00+00:00
2026-01-10 01:25:16,577 - INFO - [SIGNAL] time=2026-01-10 06:24:00+00:00 price=90353.07 z=-1.698 signal=1 pos=0.067
2026-01-10 01:25:16,683 - ERROR - Error getting account status: ('Connection aborted.', RemoteDisconnected('Remote end closed connection without response'))
2026-01-10 01:25:16,684 - INFO - Status update: price=90353.07, Z-score=-1.698, signal=1, position=0.067, equity=1.0000, return=-0.00%
2026-01-10 01:26:16,711 - INFO - Updating latest data...
2026-01-10 01:26:18,265 - INFO - Data update completed, latest time: 2026-01-10 06:25:00+00:00
2026-01-10 01:26:19,226 - INFO - [SIGNAL] time=2026-01-10 06:25:00+00:00 price=90384.68 z=-1.546 signal=1 pos=0.067
2026-01-10 01:26:19,331 - INFO - Status update: price=90384.68, Z-score=-1.546, signal=1, position=0.067, equity=1.0000, return=-0.00%
2026-01-10 01:27:19,354 - INFO - Updating latest data...
2026-01-10 01:27:20,328 - INFO - Data update completed, latest time: 2026-01-10 06:26:00+00:00
2026-01-10 01:27:21,262 - INFO - [SIGNAL] time=2026-01-10 06:26:00+00:00 price=90392.40 z=-1.472 signal=1 pos=0.067
2026-01-10 01:27:21,310 - INFO - Status update: price=90392.40, Z-score=-1.472, signal=1, position=0.067, equity=1.0000, return=-0.00%
2026-01-10 01:28:21,322 - INFO - Updating latest data...
2026-01-10 01:28:22,235 - INFO - Data update completed, latest time: 2026-01-10 06:27:00+00:00
2026-01-10 01:28:23,565 - INFO - [SIGNAL] time=2026-01-10 06:27:00+00:00 price=90416.46 z=-1.227 signal=1 pos=0.067
2026-01-10 01:28:23,612 - INFO - Status update: price=90416.46, Z-score=-1.227, signal=1, position=0.067, equity=1.0000, return=-0.00%
2026-01-10 01:29:23,633 - INFO - Updating latest data...
2026-01-10 01:29:24,680 - INFO - Data update completed, latest time: 2026-01-10 06:28:00+00:00
2026-01-10 01:29:25,859 - INFO - [SIGNAL] time=2026-01-10 06:28:00+00:00 price=90416.46 z=-1.222 signal=1 pos=0.067
2026-01-10 01:29:25,903 - INFO - Status update: price=90416.46, Z-score=-1.222, signal=1, position=0.067, equity=1.0000, return=-0.00%
2026-01-10 01:30:25,910 - INFO - Updating latest data...
2026-01-10 01:30:26,591 - INFO - Data update completed, latest time: 2026-01-10 06:29:00+00:00
2026-01-10 01:30:27,600 - INFO - [SIGNAL] time=2026-01-10 06:29:00+00:00 price=90393.90 z=-1.894 signal=1 pos=0.067
2026-01-10 01:30:27,640 - INFO - Status update: price=90393.90, Z-score=-1.894, signal=1, position=0.067, equity=1.0000, return=-0.00%
2026-01-10 01:31:27,647 - INFO - Updating latest data...
2026-01-10 01:31:28,572 - INFO - Data update completed, latest time: 2026-01-10 06:30:00+00:00
2026-01-10 01:31:29,465 - INFO - [SIGNAL] time=2026-01-10 06:30:00+00:00 price=90408.68 z=-1.738 signal=1 pos=0.067
2026-01-10 01:31:29,511 - INFO - Status update: price=90408.68, Z-score=-1.738, signal=1, position=0.067, equity=1.0000, return=-0.00% | ETF: flat, $35,654, Trades: []
2026-01-10 01:32:29,515 - INFO - Updating latest data...
2026-01-10 01:32:30,059 - INFO - Data update completed, latest time: 2026-01-10 06:31:00+00:00
2026-01-10 01:32:30,990 - INFO - [SIGNAL] time=2026-01-10 06:31:00+00:00 price=90400.63 z=-1.815 signal=1 pos=0.067
2026-01-10 01:32:31,039 - INFO - Status update: price=90400.63, Z-score=-1.815, signal=1, position=0.067, equity=1.0000, return=-0.00%
2026-01-10 01:33:31,047 - INFO - Updating latest data...
2026-01-10 01:33:31,755 - INFO - Data update completed, latest time: 2026-01-10 06:32:00+00:00
2026-01-10 01:33:32,994 - INFO - [SIGNAL] time=2026-01-10 06:32:00+00:00 price=90363.75 z=-2.275 signal=1 pos=0.067
2026-01-10 01:33:33,023 - INFO - Status update: price=90363.75, Z-score=-2.275, signal=1, position=0.067, equity=1.0000, return=-0.00%
2026-01-10 01:34:33,031 - INFO - Updating latest data...
2026-01-10 01:34:33,648 - INFO - Data update completed, latest time: 2026-01-10 06:33:00+00:00
2026-01-10 01:34:34,636 - INFO - [SIGNAL] time=2026-01-10 06:33:00+00:00 price=90391.37 z=-1.984 signal=1 pos=0.067
2026-01-10 01:34:34,671 - INFO - Status update: price=90391.37, Z-score=-1.984, signal=1, position=0.067, equity=1.0000, return=-0.00%
2026-01-10 01:35:34,691 - INFO - Updating latest data...
2026-01-10 01:35:35,477 - INFO - Data update completed, latest time: 2026-01-10 06:33:00+00:00
2026-01-10 01:35:36,071 - INFO - [SIGNAL] time=2026-01-10 06:33:00+00:00 price=90391.37 z=-1.984 signal=1 pos=0.067
2026-01-10 01:35:36,143 - INFO - Status update: price=90391.37, Z-score=-1.984, signal=1, position=0.067, equity=1.0000, return=-0.00%
2026-01-10 01:36:36,166 - INFO - Updating latest data...
2026-01-10 01:36:36,939 - INFO - Data update completed, latest time: 2026-01-10 06:35:00+00:00
2026-01-10 01:36:37,484 - INFO - [SIGNAL] time=2026-01-10 06:35:00+00:00 price=90410.34 z=-1.774 signal=1 pos=0.067
2026-01-10 01:36:37,533 - INFO - Status update: price=90410.34, Z-score=-1.774, signal=1, position=0.067, equity=1.0000, return=-0.00%
2026-01-10 01:37:37,553 - INFO - Updating latest data...
2026-01-10 01:37:38,196 - INFO - Data update completed, latest time: 2026-01-10 06:36:00+00:00
2026-01-10 01:37:38,734 - INFO - [SIGNAL] time=2026-01-10 06:36:00+00:00 price=90410.34 z=-1.727 signal=1 pos=0.067
2026-01-10 01:37:38,778 - INFO - Status update: price=90410.34, Z-score=-1.727, signal=1, position=0.067, equity=1.0000, return=-0.00%
2026-01-10 01:38:38,803 - INFO - Updating latest data...
2026-01-10 01:38:39,468 - INFO - Data update completed, latest time: 2026-01-10 06:37:00+00:00
2026-01-10 01:38:40,095 - INFO - [SIGNAL] time=2026-01-10 06:37:00+00:00 price=90431.15 z=-1.507 signal=1 pos=0.067
2026-01-10 01:38:40,145 - INFO - Status update: price=90431.15, Z-score=-1.507, signal=1, position=0.067, equity=1.0000, return=-0.00%
2026-01-10 01:39:40,169 - INFO - Updating latest data...
2026-01-10 01:39:41,164 - INFO - Data update completed, latest time: 2026-01-10 06:38:00+00:00
2026-01-10 01:39:42,360 - INFO - [SIGNAL] time=2026-01-10 06:38:00+00:00 price=90431.15 z=-1.725 signal=1 pos=0.067
2026-01-10 01:39:42,407 - INFO - Status update: price=90431.15, Z-score=-1.725, signal=1, position=0.067, equity=1.0000, return=-0.00%
2026-01-10 01:40:42,414 - INFO - Updating latest data...
2026-01-10 01:40:42,900 - INFO - Data update completed, latest time: 2026-01-10 06:39:00+00:00
2026-01-10 01:40:43,476 - INFO - [SIGNAL] time=2026-01-10 06:39:00+00:00 price=90431.15 z=-1.722 signal=1 pos=0.067
2026-01-10 01:40:43,517 - INFO - Status update: price=90431.15, Z-score=-1.722, signal=1, position=0.067, equity=1.0000, return=-0.00%
2026-01-10 01:41:43,524 - INFO - Updating latest data...
2026-01-10 01:41:43,925 - INFO - Data update completed, latest time: 2026-01-10 06:40:00+00:00
2026-01-10 01:41:44,460 - INFO - [SIGNAL] time=2026-01-10 06:40:00+00:00 price=90399.83 z=-1.826 signal=1 pos=0.067
2026-01-10 01:41:44,503 - INFO - Status update: price=90399.83, Z-score=-1.826, signal=1, position=0.067, equity=1.0000, return=-0.00% | ETF: flat, $35,654, Trades: []
2026-01-10 01:42:44,511 - INFO - Updating latest data...
2026-01-10 01:42:44,906 - INFO - Data update completed, latest time: 2026-01-10 06:40:00+00:00
2026-01-10 01:42:45,491 - INFO - [SIGNAL] time=2026-01-10 06:40:00+00:00 price=90399.83 z=-1.826 signal=1 pos=0.067
2026-01-10 01:42:45,548 - INFO - Status update: price=90399.83, Z-score=-1.826, signal=1, position=0.067, equity=1.0000, return=-0.00% | ETF: flat, $35,654, Trades: []
2026-01-10 01:43:45,555 - INFO - Updating latest data...
2026-01-10 01:43:45,990 - INFO - Data update completed, latest time: 2026-01-10 06:42:00+00:00
2026-01-10 01:43:46,519 - INFO - [SIGNAL] time=2026-01-10 06:42:00+00:00 price=90399.83 z=-1.846 signal=1 pos=0.067
2026-01-10 01:43:46,553 - INFO - Status update: price=90399.83, Z-score=-1.846, signal=1, position=0.067, equity=1.0000, return=-0.00%
2026-01-10 01:44:46,580 - INFO - Updating latest data...
2026-01-10 01:44:47,174 - INFO - Data update completed, latest time: 2026-01-10 06:42:00+00:00
2026-01-10 01:44:47,713 - INFO - [SIGNAL] time=2026-01-10 06:42:00+00:00 price=90399.83 z=-1.846 signal=1 pos=0.067
2026-01-10 01:44:47,757 - INFO - Status update: price=90399.83, Z-score=-1.846, signal=1, position=0.067, equity=1.0000, return=-0.00%
2026-01-10 01:45:47,778 - INFO - Updating latest data...
2026-01-10 01:45:48,430 - INFO - Data update completed, latest time: 2026-01-10 06:44:00+00:00
2026-01-10 01:45:48,977 - INFO - [SIGNAL] time=2026-01-10 06:44:00+00:00 price=90399.83 z=-1.849 signal=1 pos=0.067
2026-01-10 01:45:49,017 - INFO - Status update: price=90399.83, Z-score=-1.849, signal=1, position=0.067, equity=1.0000, return=-0.00%
2026-01-10 01:46:49,024 - INFO - Updating latest data...
2026-01-10 01:46:49,421 - INFO - Data update completed, latest time: 2026-01-10 06:44:00+00:00
2026-01-10 01:46:50,020 - INFO - [SIGNAL] time=2026-01-10 06:44:00+00:00 price=90399.83 z=-1.849 signal=1 pos=0.067
2026-01-10 01:46:50,065 - INFO - Status update: price=90399.83, Z-score=-1.849, signal=1, position=0.067, equity=1.0000, return=-0.00%
2026-01-10 01:47:50,072 - INFO - Updating latest data...
2026-01-10 01:47:50,491 - INFO - Data update completed, latest time: 2026-01-10 06:46:00+00:00
2026-01-10 01:47:51,048 - INFO - [SIGNAL] time=2026-01-10 06:46:00+00:00 price=90404.40 z=-1.895 signal=1 pos=0.067
2026-01-10 01:47:51,086 - INFO - Status update: price=90404.40, Z-score=-1.895, signal=1, position=0.067, equity=1.0000, return=-0.00%
2026-01-10 01:48:51,093 - INFO - Updating latest data...
2026-01-10 01:48:51,522 - INFO - Data update completed, latest time: 2026-01-10 06:47:00+00:00
2026-01-10 01:48:52,167 - INFO - [SIGNAL] time=2026-01-10 06:47:00+00:00 price=90404.40 z=-1.944 signal=1 pos=0.067
2026-01-10 01:48:52,200 - INFO - Status update: price=90404.40, Z-score=-1.944, signal=1, position=0.067, equity=1.0000, return=-0.00%
2026-01-10 01:49:52,207 - INFO - Updating latest data...
2026-01-10 01:49:52,592 - INFO - Data update completed, latest time: 2026-01-10 06:48:00+00:00
2026-01-10 01:49:53,135 - INFO - [SIGNAL] time=2026-01-10 06:48:00+00:00 price=90410.59 z=-1.981 signal=1 pos=0.067
2026-01-10 01:49:53,188 - INFO - Status update: price=90410.59, Z-score=-1.981, signal=1, position=0.067, equity=1.0000, return=-0.00%
2026-01-10 01:50:53,195 - INFO - Updating latest data...
2026-01-10 01:50:53,617 - INFO - Data update completed, latest time: 2026-01-10 06:49:00+00:00
2026-01-10 01:50:54,150 - INFO - [SIGNAL] time=2026-01-10 06:49:00+00:00 price=90391.13 z=-1.899 signal=1 pos=0.067
2026-01-10 01:50:54,195 - INFO - Status update: price=90391.13, Z-score=-1.899, signal=1, position=0.067, equity=1.0000, return=-0.00%
2026-01-10 01:51:54,205 - INFO - Updating latest data...
2026-01-10 01:51:54,592 - INFO - Data update completed, latest time: 2026-01-10 06:50:00+00:00
2026-01-10 01:51:55,116 - INFO - [SIGNAL] time=2026-01-10 06:50:00+00:00 price=90399.10 z=-1.808 signal=1 pos=0.067
2026-01-10 01:51:55,159 - INFO - Status update: price=90399.10, Z-score=-1.808, signal=1, position=0.067, equity=1.0000, return=-0.00% | ETF: flat, $35,654, Trades: []
2026-01-10 01:52:55,166 - INFO - Updating latest data...
2026-01-10 01:52:55,555 - INFO - Data update completed, latest time: 2026-01-10 06:51:00+00:00
2026-01-10 01:52:56,074 - INFO - [SIGNAL] time=2026-01-10 06:51:00+00:00 price=90423.76 z=-1.813 signal=1 pos=0.067
2026-01-10 01:52:56,118 - INFO - Status update: price=90423.76, Z-score=-1.813, signal=1, position=0.067, equity=1.0000, return=-0.00%
2026-01-10 01:53:56,143 - INFO - Updating latest data...
2026-01-10 01:53:56,743 - INFO - Data update completed, latest time: 2026-01-10 06:52:00+00:00
2026-01-10 01:53:57,302 - INFO - [SIGNAL] time=2026-01-10 06:52:00+00:00 price=90436.00 z=-1.554 signal=1 pos=0.067
2026-01-10 01:53:57,341 - INFO - Status update: price=90436.00, Z-score=-1.554, signal=1, position=0.067, equity=1.0000, return=-0.00%
2026-01-10 01:54:57,349 - INFO - Updating latest data...
2026-01-10 01:54:57,808 - INFO - Data update completed, latest time: 2026-01-10 06:53:00+00:00
2026-01-10 01:54:58,328 - INFO - [SIGNAL] time=2026-01-10 06:53:00+00:00 price=90411.15 z=-1.828 signal=1 pos=0.067
2026-01-10 01:54:58,369 - INFO - Status update: price=90411.15, Z-score=-1.828, signal=1, position=0.067, equity=1.0000, return=-0.00%
2026-01-10 01:55:58,376 - INFO - Updating latest data...
2026-01-10 01:55:58,987 - INFO - Data update completed, latest time: 2026-01-10 06:53:00+00:00
2026-01-10 01:55:59,523 - INFO - [SIGNAL] time=2026-01-10 06:53:00+00:00 price=90411.15 z=-1.828 signal=1 pos=0.067
2026-01-10 01:55:59,565 - INFO - Status update: price=90411.15, Z-score=-1.828, signal=1, position=0.067, equity=1.0000, return=-0.00%
2026-01-10 01:56:59,586 - INFO - Updating latest data...
2026-01-10 01:57:00,339 - INFO - Data update completed, latest time: 2026-01-10 06:56:00+00:00
2026-01-10 01:57:00,897 - INFO - [SIGNAL] time=2026-01-10 06:56:00+00:00 price=90390.25 z=-1.708 signal=1 pos=0.067
2026-01-10 01:57:00,946 - INFO - Status update: price=90390.25, Z-score=-1.708, signal=1, position=0.067, equity=1.0000, return=-0.00%
2026-01-10 01:58:00,968 - INFO - Updating latest data...
2026-01-10 01:58:01,635 - INFO - Data update completed, latest time: 2026-01-10 06:57:00+00:00
2026-01-10 01:58:02,185 - INFO - [SIGNAL] time=2026-01-10 06:57:00+00:00 price=90379.41 z=-2.014 signal=1 pos=0.067
2026-01-10 01:58:02,220 - INFO - Status update: price=90379.41, Z-score=-2.014, signal=1, position=0.067, equity=1.0000, return=-0.00%
2026-01-10 01:59:02,251 - INFO - Updating latest data...
2026-01-10 01:59:02,887 - INFO - Data update completed, latest time: 2026-01-10 06:58:00+00:00
2026-01-10 01:59:03,438 - INFO - [SIGNAL] time=2026-01-10 06:58:00+00:00 price=90374.05 z=-2.138 signal=1 pos=0.067
2026-01-10 01:59:03,464 - INFO - Status update: price=90374.05, Z-score=-2.138, signal=1, position=0.067, equity=1.0000, return=-0.00%
2026-01-10 02:00:03,490 - INFO - Updating latest data...
2026-01-10 02:00:04,132 - INFO - Data update completed, latest time: 2026-01-10 06:59:00+00:00
2026-01-10 02:00:04,675 - INFO - [SIGNAL] time=2026-01-10 06:59:00+00:00 price=90374.05 z=-1.948 signal=1 pos=0.067
2026-01-10 02:00:04,716 - INFO - Status update: price=90374.05, Z-score=-1.948, signal=1, position=0.067, equity=1.0000, return=-0.00%
2026-01-10 02:01:04,744 - INFO - Updating latest data...
2026-01-10 02:01:05,443 - INFO - Data update completed, latest time: 2026-01-10 07:00:00+00:00
2026-01-10 02:01:06,022 - INFO - [SIGNAL] time=2026-01-10 07:00:00+00:00 price=90374.05 z=-2.097 signal=1 pos=0.067
2026-01-10 02:01:06,061 - INFO - Status update: price=90374.05, Z-score=-2.097, signal=1, position=0.067, equity=1.0000, return=-0.00% | ETF: flat, $35,654, Trades: []
2026-01-10 02:02:06,069 - INFO - Updating latest data...
2026-01-10 02:02:06,543 - INFO - Data update completed, latest time: 2026-01-10 07:01:00+00:00
2026-01-10 02:02:07,206 - INFO - [SIGNAL] time=2026-01-10 07:01:00+00:00 price=90388.05 z=-1.933 signal=1 pos=0.067
2026-01-10 02:02:07,246 - INFO - Status update: price=90388.05, Z-score=-1.933, signal=1, position=0.067, equity=1.0000, return=-0.00%
2026-01-10 02:03:07,252 - INFO - Updating latest data...
2026-01-10 02:03:07,656 - INFO - Data update completed, latest time: 2026-01-10 07:02:00+00:00
2026-01-10 02:03:08,371 - INFO - [SIGNAL] time=2026-01-10 07:02:00+00:00 price=90388.05 z=-1.793 signal=1 pos=0.067
2026-01-10 02:03:08,408 - INFO - Status update: price=90388.05, Z-score=-1.793, signal=1, position=0.067, equity=1.0000, return=-0.00%
2026-01-10 02:04:08,418 - INFO - Updating latest data...
2026-01-10 02:04:08,810 - INFO - Data update completed, latest time: 2026-01-10 07:03:00+00:00
2026-01-10 02:04:09,347 - INFO - [SIGNAL] time=2026-01-10 07:03:00+00:00 price=90416.29 z=-1.477 signal=1 pos=0.067
2026-01-10 02:04:09,400 - INFO - Status update: price=90416.29, Z-score=-1.477, signal=1, position=0.067, equity=1.0000, return=-0.00%
2026-01-10 02:05:09,407 - INFO - Updating latest data...
2026-01-10 02:05:09,852 - INFO - Data update completed, latest time: 2026-01-10 07:04:00+00:00
2026-01-10 02:05:10,373 - INFO - [SIGNAL] time=2026-01-10 07:04:00+00:00 price=90400.80 z=-1.644 signal=1 pos=0.067
2026-01-10 02:05:10,414 - INFO - Status update: price=90400.80, Z-score=-1.644, signal=1, position=0.067, equity=1.0000, return=-0.00%
2026-01-10 02:06:10,421 - INFO - Updating latest data...
2026-01-10 02:06:10,859 - INFO - Data update completed, latest time: 2026-01-10 07:05:00+00:00
2026-01-10 02:06:11,401 - INFO - [SIGNAL] time=2026-01-10 07:05:00+00:00 price=90400.80 z=-2.176 signal=1 pos=0.067
2026-01-10 02:06:11,430 - INFO - Status update: price=90400.80, Z-score=-2.176, signal=1, position=0.067, equity=1.0000, return=-0.00%
2026-01-10 02:07:11,438 - INFO - Updating latest data...
2026-01-10 02:07:11,797 - INFO - Data update completed, latest time: 2026-01-10 07:06:00+00:00
2026-01-10 02:07:12,344 - INFO - [SIGNAL] time=2026-01-10 07:06:00+00:00 price=90438.18 z=-1.753 signal=1 pos=0.067
2026-01-10 02:07:12,390 - INFO - Status update: price=90438.18, Z-score=-1.753, signal=1, position=0.067, equity=1.0000, return=-0.00%
2026-01-10 02:08:12,397 - INFO - Updating latest data...
2026-01-10 02:08:13,001 - INFO - Data update completed, latest time: 2026-01-10 07:07:00+00:00
2026-01-10 02:08:13,528 - INFO - [SIGNAL] time=2026-01-10 07:07:00+00:00 price=90435.11 z=-1.786 signal=1 pos=0.067
2026-01-10 02:08:13,634 - INFO - Status update: price=90435.11, Z-score=-1.786, signal=1, position=0.067, equity=1.0000, return=-0.00%
2026-01-10 02:09:13,641 - INFO - Updating latest data...
2026-01-10 02:09:14,074 - INFO - Data update completed, latest time: 2026-01-10 07:08:00+00:00
2026-01-10 02:09:14,596 - INFO - [SIGNAL] time=2026-01-10 07:08:00+00:00 price=90415.00 z=-1.998 signal=1 pos=0.067
2026-01-10 02:09:14,649 - INFO - Status update: price=90415.00, Z-score=-1.998, signal=1, position=0.067, equity=1.0000, return=-0.00%
2026-01-10 02:10:14,655 - INFO - Updating latest data...
2026-01-10 02:10:15,029 - INFO - Data update completed, latest time: 2026-01-10 07:09:00+00:00
2026-01-10 02:10:15,601 - INFO - [SIGNAL] time=2026-01-10 07:09:00+00:00 price=90415.00 z=-1.844 signal=1 pos=0.067
2026-01-10 02:10:15,641 - INFO - Status update: price=90415.00, Z-score=-1.844, signal=1, position=0.067, equity=1.0000, return=-0.00%
2026-01-10 02:11:15,648 - INFO - Updating latest data...
2026-01-10 02:11:16,072 - INFO - Data update completed, latest time: 2026-01-10 07:10:00+00:00
2026-01-10 02:11:16,595 - INFO - [SIGNAL] time=2026-01-10 07:10:00+00:00 price=90429.67 z=-2.148 signal=1 pos=0.067
2026-01-10 02:11:16,650 - INFO - Status update: price=90429.67, Z-score=-2.148, signal=1, position=0.067, equity=1.0000, return=-0.00% | ETF: flat, $35,654, Trades: []
2026-01-10 02:12:16,658 - INFO - Updating latest data...
2026-01-10 02:12:17,103 - INFO - Data update completed, latest time: 2026-01-10 07:11:00+00:00
2026-01-10 02:12:17,626 - INFO - [SIGNAL] time=2026-01-10 07:11:00+00:00 price=90465.51 z=-1.495 signal=1 pos=0.067
2026-01-10 02:12:17,665 - INFO - Status update: price=90465.51, Z-score=-1.495, signal=1, position=0.067, equity=1.0000, return=-0.00%
2026-01-10 02:13:17,672 - INFO - Updating latest data...
2026-01-10 02:13:18,093 - INFO - Data update completed, latest time: 2026-01-10 07:12:00+00:00
2026-01-10 02:13:18,616 - INFO - [SIGNAL] time=2026-01-10 07:12:00+00:00 price=90479.20 z=-1.950 signal=1 pos=0.067
2026-01-10 02:13:18,655 - INFO - Status update: price=90479.20, Z-score=-1.950, signal=1, position=0.067, equity=1.0000, return=-0.00%
2026-01-10 02:14:18,664 - INFO - Updating latest data...
2026-01-10 02:14:19,111 - INFO - Data update completed, latest time: 2026-01-10 07:12:00+00:00
2026-01-10 02:14:19,663 - INFO - [SIGNAL] time=2026-01-10 07:12:00+00:00 price=90479.20 z=-1.950 signal=1 pos=0.067
2026-01-10 02:14:19,700 - INFO - Status update: price=90479.20, Z-score=-1.950, signal=1, position=0.067, equity=1.0000, return=-0.00%
2026-01-10 02:15:19,730 - INFO - Updating latest data...
2026-01-10 02:15:20,451 - INFO - Data update completed, latest time: 2026-01-10 07:14:00+00:00
2026-01-10 02:15:21,074 - INFO - [SIGNAL] time=2026-01-10 07:14:00+00:00 price=90479.20 z=-1.925 signal=1 pos=0.067
2026-01-10 02:15:21,126 - INFO - Status update: price=90479.20, Z-score=-1.925, signal=1, position=0.067, equity=1.0000, return=-0.00%
2026-01-10 02:16:21,134 - INFO - Updating latest data...
2026-01-10 02:16:21,583 - INFO - Data update completed, latest time: 2026-01-10 07:15:00+00:00
2026-01-10 02:16:22,113 - INFO - [SIGNAL] time=2026-01-10 07:15:00+00:00 price=90468.67 z=-2.031 signal=1 pos=0.067
2026-01-10 02:16:22,152 - INFO - Status update: price=90468.67, Z-score=-2.031, signal=1, position=0.067, equity=1.0000, return=-0.00%
2026-01-10 02:17:22,163 - INFO - Updating latest data...
2026-01-10 02:17:22,589 - INFO - Data update completed, latest time: 2026-01-10 07:16:00+00:00
2026-01-10 02:17:23,150 - INFO - [SIGNAL] time=2026-01-10 07:16:00+00:00 price=90489.58 z=-1.789 signal=1 pos=0.067
2026-01-10 02:17:23,192 - INFO - Status update: price=90489.58, Z-score=-1.789, signal=1, position=0.067, equity=1.0000, return=-0.00%
2026-01-10 02:18:23,199 - INFO - Updating latest data...
2026-01-10 02:18:23,620 - INFO - Data update completed, latest time: 2026-01-10 07:17:00+00:00
2026-01-10 02:18:24,188 - INFO - [SIGNAL] time=2026-01-10 07:17:00+00:00 price=90465.59 z=-1.717 signal=1 pos=0.067
2026-01-10 02:18:24,231 - INFO - Status update: price=90465.59, Z-score=-1.717, signal=1, position=0.067, equity=1.0000, return=-0.00%
2026-01-10 02:19:24,242 - INFO - Updating latest data...
2026-01-10 02:19:24,700 - INFO - Data update completed, latest time: 2026-01-10 07:18:00+00:00
2026-01-10 02:19:25,460 - INFO - [SIGNAL] time=2026-01-10 07:18:00+00:00 price=90434.82 z=-2.049 signal=1 pos=0.067
2026-01-10 02:19:25,520 - INFO - Status update: price=90434.82, Z-score=-2.049, signal=1, position=0.067, equity=1.0000, return=-0.00%
2026-01-10 02:20:25,527 - INFO - Updating latest data...
2026-01-10 02:20:25,905 - INFO - Data update completed, latest time: 2026-01-10 07:19:00+00:00
2026-01-10 02:20:26,435 - INFO - [SIGNAL] time=2026-01-10 07:19:00+00:00 price=90427.88 z=-2.115 signal=1 pos=0.067
2026-01-10 02:20:26,467 - INFO - Status update: price=90427.88, Z-score=-2.115, signal=1, position=0.067, equity=1.0000, return=-0.00%
2026-01-10 02:21:26,474 - INFO - Updating latest data...
2026-01-10 02:21:26,830 - INFO - Data update completed, latest time: 2026-01-10 07:19:00+00:00
2026-01-10 02:21:27,394 - INFO - [SIGNAL] time=2026-01-10 07:19:00+00:00 price=90427.88 z=-2.115 signal=1 pos=0.067
2026-01-10 02:21:27,453 - INFO - Status update: price=90427.88, Z-score=-2.115, signal=1, position=0.067, equity=1.0000, return=-0.00%
2026-01-10 02:22:27,478 - INFO - Updating latest data...
2026-01-10 02:22:28,117 - INFO - Data update completed, latest time: 2026-01-10 07:21:00+00:00
2026-01-10 02:22:28,685 - INFO - [SIGNAL] time=2026-01-10 07:21:00+00:00 price=90427.88 z=-1.815 signal=1 pos=0.067
2026-01-10 02:22:28,733 - INFO - Status update: price=90427.88, Z-score=-1.815, signal=1, position=0.067, equity=1.0000, return=-0.00%
2026-01-10 02:23:28,739 - INFO - Updating latest data...
2026-01-10 02:23:29,281 - INFO - Data update completed, latest time: 2026-01-10 07:21:00+00:00
2026-01-10 02:23:30,149 - INFO - [SIGNAL] time=2026-01-10 07:21:00+00:00 price=90427.88 z=-1.815 signal=1 pos=0.067
2026-01-10 02:23:30,191 - INFO - Status update: price=90427.88, Z-score=-1.815, signal=1, position=0.067, equity=1.0000, return=-0.00%
2026-01-10 02:24:30,199 - INFO - Updating latest data...
2026-01-10 02:24:30,671 - INFO - Data update completed, latest time: 2026-01-10 07:23:00+00:00
2026-01-10 02:24:31,219 - INFO - [SIGNAL] time=2026-01-10 07:23:00+00:00 price=90433.05 z=-1.965 signal=1 pos=0.067
2026-01-10 02:24:31,250 - INFO - Status update: price=90433.05, Z-score=-1.965, signal=1, position=0.067, equity=1.0000, return=-0.00%
2026-01-10 02:25:31,265 - INFO - Updating latest data...
2026-01-10 02:25:31,804 - INFO - Data update completed, latest time: 2026-01-10 07:24:00+00:00
2026-01-10 02:25:32,337 - INFO - [SIGNAL] time=2026-01-10 07:24:00+00:00 price=90428.38 z=-2.007 signal=1 pos=0.067
2026-01-10 02:25:32,368 - INFO - Status update: price=90428.38, Z-score=-2.007, signal=1, position=0.067, equity=1.0000, return=-0.00%
2026-01-10 02:26:32,375 - INFO - Updating latest data...
2026-01-10 02:26:32,726 - INFO - Data update completed, latest time: 2026-01-10 07:25:00+00:00
2026-01-10 02:26:33,249 - INFO - [SIGNAL] time=2026-01-10 07:25:00+00:00 price=90460.29 z=-1.555 signal=1 pos=0.067
2026-01-10 02:26:33,336 - INFO - Status update: price=90460.29, Z-score=-1.555, signal=1, position=0.067, equity=1.0000, return=-0.00%
2026-01-10 02:27:33,343 - INFO - Updating latest data...
2026-01-10 02:27:33,751 - INFO - Data update completed, latest time: 2026-01-10 07:26:00+00:00
2026-01-10 02:27:34,288 - INFO - [SIGNAL] time=2026-01-10 07:26:00+00:00 price=90459.05 z=-1.562 signal=1 pos=0.067
2026-01-10 02:27:34,344 - INFO - Status update: price=90459.05, Z-score=-1.562, signal=1, position=0.067, equity=1.0000, return=-0.00%
2026-01-10 02:28:34,351 - INFO - Updating latest data...
2026-01-10 02:28:34,703 - INFO - Data update completed, latest time: 2026-01-10 07:27:00+00:00
2026-01-10 02:28:35,230 - INFO - [SIGNAL] time=2026-01-10 07:27:00+00:00 price=90469.60 z=-1.506 signal=1 pos=0.067
2026-01-10 02:28:35,268 - INFO - Status update: price=90469.60, Z-score=-1.506, signal=1, position=0.067, equity=1.0000, return=-0.00%
2026-01-10 02:29:35,293 - INFO - Updating latest data...
2026-01-10 02:29:36,395 - INFO - Data update completed, latest time: 2026-01-10 07:28:00+00:00
2026-01-10 02:29:37,360 - INFO - [SIGNAL] time=2026-01-10 07:28:00+00:00 price=90476.96 z=-1.412 signal=1 pos=0.067
2026-01-10 02:29:37,402 - INFO - Status update: price=90476.96, Z-score=-1.412, signal=1, position=0.067, equity=1.0000, return=-0.00%
2026-01-10 02:30:37,409 - INFO - Updating latest data...
2026-01-10 02:30:37,814 - INFO - Data update completed, latest time: 2026-01-10 07:29:00+00:00
2026-01-10 02:30:38,440 - INFO - [SIGNAL] time=2026-01-10 07:29:00+00:00 price=90464.91 z=-1.542 signal=1 pos=0.067
2026-01-10 02:30:38,491 - INFO - Status update: price=90464.91, Z-score=-1.542, signal=1, position=0.067, equity=1.0000, return=-0.00%
2026-01-10 02:31:39,853 - INFO - Updating latest data...
2026-01-10 02:31:40,579 - INFO - Data update completed, latest time: 2026-01-10 07:30:00+00:00
2026-01-10 02:31:41,129 - INFO - [SIGNAL] time=2026-01-10 07:30:00+00:00 price=90521.89 z=-1.209 signal=1 pos=0.067
2026-01-10 02:31:41,181 - INFO - Status update: price=90521.89, Z-score=-1.209, signal=1, position=0.067, equity=1.0000, return=-0.00% | ETF: flat, $35,654, Trades: []
2026-01-10 02:47:46,076 - INFO - Updating latest data...
2026-01-10 02:47:46,941 - INFO - Data update completed, latest time: 2026-01-10 07:46:00+00:00
2026-01-10 02:47:47,522 - INFO - [SIGNAL] time=2026-01-10 07:46:00+00:00 price=90490.37 z=-1.130 signal=1 pos=0.067
2026-01-10 02:47:47,549 - ERROR - Error getting account status: ('Connection aborted.', RemoteDisconnected('Remote end closed connection without response'))
2026-01-10 02:47:47,549 - INFO - Status update: price=90490.37, Z-score=-1.130, signal=1, position=0.067, equity=1.0000, return=-0.00%
2026-01-10 02:48:47,601 - INFO - Updating latest data...
2026-01-10 02:48:48,310 - INFO - Data update completed, latest time: 2026-01-10 07:47:00+00:00
2026-01-10 02:48:48,869 - INFO - [SIGNAL] time=2026-01-10 07:47:00+00:00 price=90481.74 z=-1.233 signal=1 pos=0.067
2026-01-10 02:48:48,955 - INFO - Status update: price=90481.74, Z-score=-1.233, signal=1, position=0.067, equity=1.0000, return=-0.00%
2026-01-10 02:49:48,980 - INFO - Updating latest data...
2026-01-10 02:49:49,791 - INFO - Data update completed, latest time: 2026-01-10 07:48:00+00:00
2026-01-10 02:49:50,351 - INFO - [SIGNAL] time=2026-01-10 07:48:00+00:00 price=90492.41 z=-1.102 signal=1 pos=0.067
2026-01-10 02:49:50,417 - INFO - Status update: price=90492.41, Z-score=-1.102, signal=1, position=0.067, equity=1.0000, return=-0.00%
2026-01-10 03:06:17,338 - INFO - Updating latest data...
2026-01-10 03:06:18,391 - INFO - Data update completed, latest time: 2026-01-10 08:05:00+00:00
2026-01-10 03:06:18,945 - INFO - [SIGNAL] time=2026-01-10 08:05:00+00:00 price=90615.65 z=-0.137 signal=0 pos=0.000
2026-01-10 03:06:18,945 - INFO - Close position: price=90615.65, Z-score=-0.137, gross_pnl=0.0012 fee=0.0000 net_pnl=0.0012
2026-01-10 03:06:18,945 - INFO - 🔍 ETF Trade Debug: enabled=True, executor=True, position=0.000
2026-01-10 03:06:18,945 - INFO - 🎯 Calling ETF executor: position=0.000, price=90615.65, z_score=-0.137
2026-01-10 03:06:18,945 - INFO - 🔍 ETF Limit Order Executor called: btc_pos=0.000, price=90615.65, z_score=-0.137, type=none
2026-01-10 03:06:18,945 - INFO - 🎯 ETF Position mapping: BTC 0.000 -> ETF flat (current: flat)
2026-01-10 03:06:18,945 - INFO - ⏸️  No ETF position change needed: already flat
2026-01-10 03:06:18,945 - INFO - ⏸️  ETF limit orders skipped: no_change
2026-01-10 03:06:19,165 - INFO - Status update: price=90615.65, Z-score=-0.137, signal=0, position=0.000, equity=1.0011, return=0.11%
2026-01-10 03:07:19,186 - INFO - Updating latest data...
2026-01-10 03:07:19,918 - INFO - Data update completed, latest time: 2026-01-10 08:06:00+00:00
2026-01-10 03:07:20,476 - INFO - [SIGNAL] time=2026-01-10 08:06:00+00:00 price=90576.60 z=-0.348 signal=0 pos=0.000
2026-01-10 03:07:20,516 - INFO - Status update: price=90576.60, Z-score=-0.348, signal=0, position=0.000, equity=1.0011, return=0.11%
2026-01-10 03:08:20,544 - INFO - Updating latest data...
2026-01-10 03:08:21,199 - INFO - Data update completed, latest time: 2026-01-10 08:07:00+00:00
2026-01-10 03:08:21,747 - INFO - [SIGNAL] time=2026-01-10 08:07:00+00:00 price=90566.70 z=-0.480 signal=0 pos=0.000
2026-01-10 03:08:21,790 - INFO - Status update: price=90566.70, Z-score=-0.480, signal=0, position=0.000, equity=1.0011, return=0.11%
2026-01-10 03:24:21,570 - INFO - Updating latest data...
2026-01-10 03:24:22,353 - INFO - Data update completed, latest time: 2026-01-10 08:23:00+00:00
2026-01-10 03:24:22,903 - INFO - [SIGNAL] time=2026-01-10 08:23:00+00:00 price=90568.05 z=-0.026 signal=0 pos=0.000
2026-01-10 03:24:22,946 - ERROR - Error getting account status: ('Connection aborted.', RemoteDisconnected('Remote end closed connection without response'))
2026-01-10 03:24:22,947 - INFO - Status update: price=90568.05, Z-score=-0.026, signal=0, position=0.000, equity=1.0011, return=0.11%
2026-01-10 03:25:22,950 - INFO - Updating latest data...
2026-01-10 03:25:23,417 - INFO - Data update completed, latest time: 2026-01-10 08:24:00+00:00
2026-01-10 03:25:23,949 - INFO - [SIGNAL] time=2026-01-10 08:24:00+00:00 price=90568.05 z=-0.080 signal=0 pos=0.000
2026-01-10 03:25:24,042 - INFO - Status update: price=90568.05, Z-score=-0.080, signal=0, position=0.000, equity=1.0011, return=0.11%
2026-01-10 03:26:24,066 - INFO - Updating latest data...
2026-01-10 03:26:24,468 - INFO - Data update completed, latest time: 2026-01-10 08:25:00+00:00
2026-01-10 03:26:24,997 - INFO - [SIGNAL] time=2026-01-10 08:25:00+00:00 price=90557.51 z=-0.215 signal=0 pos=0.000
2026-01-10 03:26:25,046 - INFO - Status update: price=90557.51, Z-score=-0.215, signal=0, position=0.000, equity=1.0011, return=0.11%
2026-01-10 03:42:23,118 - INFO - Updating latest data...
2026-01-10 03:42:23,796 - INFO - Data update completed, latest time: 2026-01-10 08:41:00+00:00
2026-01-10 03:42:24,347 - INFO - [SIGNAL] time=2026-01-10 08:41:00+00:00 price=90518.55 z=-0.522 signal=0 pos=0.000
2026-01-10 03:42:24,388 - ERROR - Error getting account status: ('Connection aborted.', RemoteDisconnected('Remote end closed connection without response'))
2026-01-10 03:42:24,389 - INFO - Status update: price=90518.55, Z-score=-0.522, signal=0, position=0.000, equity=1.0011, return=0.11%
2026-01-10 03:58:22,540 - INFO - Updating latest data...
2026-01-10 03:58:23,231 - INFO - Data update completed, latest time: 2026-01-10 08:57:00+00:00
2026-01-10 03:58:23,783 - INFO - [SIGNAL] time=2026-01-10 08:57:00+00:00 price=90537.08 z=-0.372 signal=0 pos=0.000
2026-01-10 03:58:23,906 - INFO - Status update: price=90537.08, Z-score=-0.372, signal=0, position=0.000, equity=1.0011, return=0.11%
2026-01-10 03:59:23,918 - INFO - Updating latest data...
2026-01-10 03:59:24,292 - INFO - Data update completed, latest time: 2026-01-10 08:58:00+00:00
2026-01-10 03:59:24,829 - INFO - [SIGNAL] time=2026-01-10 08:58:00+00:00 price=90551.63 z=-0.178 signal=0 pos=0.000
2026-01-10 03:59:24,874 - INFO - Status update: price=90551.63, Z-score=-0.178, signal=0, position=0.000, equity=1.0011, return=0.11%
2026-01-10 04:00:24,885 - INFO - Updating latest data...
2026-01-10 04:00:25,306 - INFO - Data update completed, latest time: 2026-01-10 08:59:00+00:00
2026-01-10 04:00:25,882 - INFO - [SIGNAL] time=2026-01-10 08:59:00+00:00 price=90551.63 z=-0.478 signal=0 pos=0.000
2026-01-10 04:00:25,923 - INFO - Status update: price=90551.63, Z-score=-0.478, signal=0, position=0.000, equity=1.0011, return=0.11%
2026-01-10 04:01:25,930 - INFO - Updating latest data...
2026-01-10 04:01:26,311 - INFO - Data update completed, latest time: 2026-01-10 08:59:00+00:00
2026-01-10 04:01:26,844 - INFO - [SIGNAL] time=2026-01-10 08:59:00+00:00 price=90551.63 z=-0.478 signal=0 pos=0.000
2026-01-10 04:01:26,880 - INFO - Status update: price=90551.63, Z-score=-0.478, signal=0, position=0.000, equity=1.0011, return=0.11%
2026-01-10 04:02:26,892 - INFO - Updating latest data...
2026-01-10 04:02:27,306 - INFO - Data update completed, latest time: 2026-01-10 09:01:00+00:00
2026-01-10 04:02:27,852 - INFO - [SIGNAL] time=2026-01-10 09:01:00+00:00 price=90540.79 z=-0.927 signal=0 pos=0.000
2026-01-10 04:02:27,891 - INFO - Status update: price=90540.79, Z-score=-0.927, signal=0, position=0.000, equity=1.0011, return=0.11%
2026-01-10 04:03:27,894 - INFO - Updating latest data...
2026-01-10 04:03:28,267 - INFO - Data update completed, latest time: 2026-01-10 09:02:00+00:00
2026-01-10 04:03:28,800 - INFO - [SIGNAL] time=2026-01-10 09:02:00+00:00 price=90538.05 z=-0.768 signal=0 pos=0.000
2026-01-10 04:03:28,854 - INFO - Status update: price=90538.05, Z-score=-0.768, signal=0, position=0.000, equity=1.0011, return=0.11%
2026-01-10 04:04:28,865 - INFO - Updating latest data...
2026-01-10 04:04:29,270 - INFO - Data update completed, latest time: 2026-01-10 09:03:00+00:00
2026-01-10 04:04:29,802 - INFO - [SIGNAL] time=2026-01-10 09:03:00+00:00 price=90505.87 z=-1.197 signal=0 pos=0.000
2026-01-10 04:04:29,838 - INFO - Status update: price=90505.87, Z-score=-1.197, signal=0, position=0.000, equity=1.0011, return=0.11%
2026-01-10 04:05:29,903 - INFO - Updating latest data...
2026-01-10 04:05:30,750 - INFO - Data update completed, latest time: 2026-01-10 09:04:00+00:00
2026-01-10 04:05:31,378 - INFO - [SIGNAL] time=2026-01-10 09:04:00+00:00 price=90531.06 z=-0.855 signal=0 pos=0.000
2026-01-10 04:05:31,446 - INFO - Status update: price=90531.06, Z-score=-0.855, signal=0, position=0.000, equity=1.0011, return=0.11%
2026-01-10 04:06:31,457 - INFO - Updating latest data...
2026-01-10 04:06:31,853 - INFO - Data update completed, latest time: 2026-01-10 09:05:00+00:00
2026-01-10 04:06:32,404 - INFO - [SIGNAL] time=2026-01-10 09:05:00+00:00 price=90576.11 z=-0.239 signal=0 pos=0.000
2026-01-10 04:06:32,443 - INFO - Status update: price=90576.11, Z-score=-0.239, signal=0, position=0.000, equity=1.0011, return=0.11%
2026-01-10 04:07:32,455 - INFO - Updating latest data...
2026-01-10 04:07:32,794 - INFO - Data update completed, latest time: 2026-01-10 09:06:00+00:00
2026-01-10 04:07:33,330 - INFO - [SIGNAL] time=2026-01-10 09:06:00+00:00 price=90562.09 z=-0.422 signal=0 pos=0.000
2026-01-10 04:07:33,372 - INFO - Status update: price=90562.09, Z-score=-0.422, signal=0, position=0.000, equity=1.0011, return=0.11%
2026-01-10 04:08:33,383 - INFO - Updating latest data...
2026-01-10 04:08:33,749 - INFO - Data update completed, latest time: 2026-01-10 09:07:00+00:00
2026-01-10 04:08:34,283 - INFO - [SIGNAL] time=2026-01-10 09:07:00+00:00 price=90565.55 z=-0.363 signal=0 pos=0.000
2026-01-10 04:08:34,323 - INFO - Status update: price=90565.55, Z-score=-0.363, signal=0, position=0.000, equity=1.0011, return=0.11%
2026-01-10 04:09:34,329 - INFO - Updating latest data...
2026-01-10 04:09:34,820 - INFO - Data update completed, latest time: 2026-01-10 09:08:00+00:00
2026-01-10 04:09:35,359 - INFO - [SIGNAL] time=2026-01-10 09:08:00+00:00 price=90565.55 z=-0.362 signal=0 pos=0.000
2026-01-10 04:09:35,402 - INFO - Status update: price=90565.55, Z-score=-0.362, signal=0, position=0.000, equity=1.0011, return=0.11%
2026-01-10 04:10:35,426 - INFO - Updating latest data...
2026-01-10 04:10:36,051 - INFO - Data update completed, latest time: 2026-01-10 09:09:00+00:00
2026-01-10 04:10:36,600 - INFO - [SIGNAL] time=2026-01-10 09:09:00+00:00 price=90507.04 z=-0.605 signal=0 pos=0.000
2026-01-10 04:10:36,638 - INFO - Status update: price=90507.04, Z-score=-0.605, signal=0, position=0.000, equity=1.0011, return=0.11%
2026-01-10 04:11:36,649 - INFO - Updating latest data...
2026-01-10 04:11:37,019 - INFO - Data update completed, latest time: 2026-01-10 09:09:00+00:00
2026-01-10 04:11:37,550 - INFO - [SIGNAL] time=2026-01-10 09:09:00+00:00 price=90507.04 z=-0.605 signal=0 pos=0.000
2026-01-10 04:11:37,593 - INFO - Status update: price=90507.04, Z-score=-0.605, signal=0, position=0.000, equity=1.0011, return=0.11%
2026-01-10 04:12:37,596 - INFO - Updating latest data...
2026-01-10 04:12:38,066 - INFO - Data update completed, latest time: 2026-01-10 09:11:00+00:00
2026-01-10 04:12:38,598 - INFO - [SIGNAL] time=2026-01-10 09:11:00+00:00 price=90512.66 z=-0.521 signal=0 pos=0.000
2026-01-10 04:12:38,651 - INFO - Status update: price=90512.66, Z-score=-0.521, signal=0, position=0.000, equity=1.0011, return=0.11%
2026-01-10 04:31:58,602 - INFO - Updating latest data...
2026-01-10 04:31:59,051 - INFO - Data update completed, latest time: 2026-01-10 09:30:00+00:00
2026-01-10 04:31:59,586 - INFO - [SIGNAL] time=2026-01-10 09:30:00+00:00 price=90524.59 z=-0.981 signal=0 pos=0.000
2026-01-10 04:31:59,625 - ERROR - Error getting account status: ('Connection aborted.', RemoteDisconnected('Remote end closed connection without response'))
2026-01-10 04:31:59,625 - INFO - Status update: price=90524.59, Z-score=-0.981, signal=0, position=0.000, equity=1.0011, return=0.11% | ETF: unknown, $0, Trades: []
2026-01-10 04:32:59,637 - INFO - Updating latest data...
2026-01-10 04:33:00,063 - INFO - Data update completed, latest time: 2026-01-10 09:31:00+00:00
2026-01-10 04:33:00,599 - INFO - [SIGNAL] time=2026-01-10 09:31:00+00:00 price=90554.60 z=-0.559 signal=0 pos=0.000
2026-01-10 04:33:00,684 - INFO - Status update: price=90554.60, Z-score=-0.559, signal=0, position=0.000, equity=1.0011, return=0.11%
2026-01-10 04:34:00,689 - INFO - Updating latest data...
2026-01-10 04:34:01,123 - INFO - Data update completed, latest time: 2026-01-10 09:33:00+00:00
2026-01-10 04:34:01,661 - INFO - [SIGNAL] time=2026-01-10 09:33:00+00:00 price=90486.98 z=-1.512 signal=0 pos=0.000
2026-01-10 04:34:01,708 - INFO - Status update: price=90486.98, Z-score=-1.512, signal=0, position=0.000, equity=1.0011, return=0.11%
2026-01-10 04:35:01,721 - INFO - Updating latest data...
2026-01-10 04:35:02,176 - INFO - Data update completed, latest time: 2026-01-10 09:34:00+00:00
2026-01-10 04:35:02,706 - INFO - [SIGNAL] time=2026-01-10 09:34:00+00:00 price=90498.08 z=-1.413 signal=0 pos=0.000
2026-01-10 04:35:02,747 - INFO - Status update: price=90498.08, Z-score=-1.413, signal=0, position=0.000, equity=1.0011, return=0.11%
2026-01-10 04:36:02,759 - INFO - Updating latest data...
2026-01-10 04:36:03,143 - INFO - Data update completed, latest time: 2026-01-10 09:34:00+00:00
2026-01-10 04:36:03,679 - INFO - [SIGNAL] time=2026-01-10 09:34:00+00:00 price=90498.08 z=-1.413 signal=0 pos=0.000
2026-01-10 04:36:03,716 - INFO - Status update: price=90498.08, Z-score=-1.413, signal=0, position=0.000, equity=1.0011, return=0.11%
2026-01-10 04:37:03,723 - INFO - Updating latest data...
2026-01-10 04:37:04,119 - INFO - Data update completed, latest time: 2026-01-10 09:36:00+00:00
2026-01-10 04:37:04,663 - INFO - [SIGNAL] time=2026-01-10 09:36:00+00:00 price=90521.10 z=-1.075 signal=0 pos=0.000
2026-01-10 04:37:04,703 - INFO - Status update: price=90521.10, Z-score=-1.075, signal=0, position=0.000, equity=1.0011, return=0.11%
2026-01-10 04:38:04,715 - INFO - Updating latest data...
2026-01-10 04:38:05,175 - INFO - Data update completed, latest time: 2026-01-10 09:37:00+00:00
2026-01-10 04:38:05,711 - INFO - [SIGNAL] time=2026-01-10 09:37:00+00:00 price=90526.88 z=-1.066 signal=0 pos=0.000
2026-01-10 04:38:05,753 - INFO - Status update: price=90526.88, Z-score=-1.066, signal=0, position=0.000, equity=1.0011, return=0.11%
2026-01-10 04:39:05,765 - INFO - Updating latest data...
2026-01-10 04:39:06,168 - INFO - Data update completed, latest time: 2026-01-10 09:38:00+00:00
2026-01-10 04:39:06,705 - INFO - [SIGNAL] time=2026-01-10 09:38:00+00:00 price=90593.90 z=-0.126 signal=0 pos=0.000
2026-01-10 04:39:06,762 - INFO - Status update: price=90593.90, Z-score=-0.126, signal=0, position=0.000, equity=1.0011, return=0.11%
2026-01-10 04:40:06,773 - INFO - Updating latest data...
2026-01-10 04:40:07,169 - INFO - Data update completed, latest time: 2026-01-10 09:39:00+00:00
2026-01-10 04:40:07,707 - INFO - [SIGNAL] time=2026-01-10 09:39:00+00:00 price=90587.17 z=-0.218 signal=0 pos=0.000
2026-01-10 04:40:07,751 - INFO - Status update: price=90587.17, Z-score=-0.218, signal=0, position=0.000, equity=1.0011, return=0.11%
2026-01-10 04:41:07,763 - INFO - Updating latest data...
2026-01-10 04:41:08,189 - INFO - Data update completed, latest time: 2026-01-10 09:40:00+00:00
2026-01-10 04:41:08,724 - INFO - [SIGNAL] time=2026-01-10 09:40:00+00:00 price=90607.82 z=-0.010 signal=0 pos=0.000
2026-01-10 04:41:08,763 - INFO - Status update: price=90607.82, Z-score=-0.010, signal=0, position=0.000, equity=1.0011, return=0.11% | ETF: flat, $35,654, Trades: []
2026-01-10 04:42:08,774 - INFO - Updating latest data...
2026-01-10 04:42:09,125 - INFO - Data update completed, latest time: 2026-01-10 09:41:00+00:00
2026-01-10 04:42:09,668 - INFO - [SIGNAL] time=2026-01-10 09:41:00+00:00 price=90560.77 z=-0.665 signal=0 pos=0.000
2026-01-10 04:42:09,727 - INFO - Status update: price=90560.77, Z-score=-0.665, signal=0, position=0.000, equity=1.0011, return=0.11%
2026-01-10 04:43:09,745 - INFO - Updating latest data...
2026-01-10 04:43:10,163 - INFO - Data update completed, latest time: 2026-01-10 09:42:00+00:00
2026-01-10 04:43:10,704 - INFO - [SIGNAL] time=2026-01-10 09:42:00+00:00 price=90538.40 z=-0.972 signal=0 pos=0.000
2026-01-10 04:43:10,745 - INFO - Status update: price=90538.40, Z-score=-0.972, signal=0, position=0.000, equity=1.0011, return=0.11%
2026-01-10 04:44:10,757 - INFO - Updating latest data...
2026-01-10 04:44:11,143 - INFO - Data update completed, latest time: 2026-01-10 09:43:00+00:00
2026-01-10 04:44:11,687 - INFO - [SIGNAL] time=2026-01-10 09:43:00+00:00 price=90561.17 z=-0.647 signal=0 pos=0.000
2026-01-10 04:44:11,729 - INFO - Status update: price=90561.17, Z-score=-0.647, signal=0, position=0.000, equity=1.0011, return=0.11%
2026-01-10 04:45:11,741 - INFO - Updating latest data...
2026-01-10 04:45:12,135 - INFO - Data update completed, latest time: 2026-01-10 09:44:00+00:00
2026-01-10 04:45:12,678 - INFO - [SIGNAL] time=2026-01-10 09:44:00+00:00 price=90571.33 z=-0.500 signal=0 pos=0.000
2026-01-10 04:45:12,720 - INFO - Status update: price=90571.33, Z-score=-0.500, signal=0, position=0.000, equity=1.0011, return=0.11%
2026-01-10 04:46:12,725 - INFO - Updating latest data...
2026-01-10 04:46:13,096 - INFO - Data update completed, latest time: 2026-01-10 09:45:00+00:00
2026-01-10 04:46:13,635 - INFO - [SIGNAL] time=2026-01-10 09:45:00+00:00 price=90546.99 z=-0.835 signal=0 pos=0.000
2026-01-10 04:46:13,684 - INFO - Status update: price=90546.99, Z-score=-0.835, signal=0, position=0.000, equity=1.0011, return=0.11%
2026-01-10 04:47:13,696 - INFO - Updating latest data...
2026-01-10 04:47:14,053 - INFO - Data update completed, latest time: 2026-01-10 09:46:00+00:00
2026-01-10 04:47:14,597 - INFO - [SIGNAL] time=2026-01-10 09:46:00+00:00 price=90569.07 z=-0.519 signal=0 pos=0.000
2026-01-10 04:47:14,640 - INFO - Status update: price=90569.07, Z-score=-0.519, signal=0, position=0.000, equity=1.0011, return=0.11%
2026-01-10 04:48:14,652 - INFO - Updating latest data...
2026-01-10 04:48:15,115 - INFO - Data update completed, latest time: 2026-01-10 09:47:00+00:00
2026-01-10 04:48:15,655 - INFO - [SIGNAL] time=2026-01-10 09:47:00+00:00 price=90594.30 z=-1.424 signal=0 pos=0.000
2026-01-10 04:48:15,696 - INFO - Status update: price=90594.30, Z-score=-1.424, signal=0, position=0.000, equity=1.0011, return=0.11%
2026-01-10 04:49:15,708 - INFO - Updating latest data...
2026-01-10 04:49:16,094 - INFO - Data update completed, latest time: 2026-01-10 09:48:00+00:00
2026-01-10 04:49:16,645 - INFO - [SIGNAL] time=2026-01-10 09:48:00+00:00 price=90625.58 z=-0.522 signal=0 pos=0.000
2026-01-10 04:49:16,701 - INFO - Status update: price=90625.58, Z-score=-0.522, signal=0, position=0.000, equity=1.0011, return=0.11%
2026-01-10 04:50:16,715 - INFO - Updating latest data...
2026-01-10 04:50:17,114 - INFO - Data update completed, latest time: 2026-01-10 09:49:00+00:00
2026-01-10 04:50:17,651 - INFO - [SIGNAL] time=2026-01-10 09:49:00+00:00 price=90603.78 z=-0.818 signal=0 pos=0.000
2026-01-10 04:50:17,692 - INFO - Status update: price=90603.78, Z-score=-0.818, signal=0, position=0.000, equity=1.0011, return=0.11%
2026-01-10 04:51:17,723 - INFO - Updating latest data...
2026-01-10 04:51:18,487 - INFO - Data update completed, latest time: 2026-01-10 09:50:00+00:00
2026-01-10 04:51:19,085 - INFO - [SIGNAL] time=2026-01-10 09:50:00+00:00 price=90603.78 z=-0.524 signal=0 pos=0.000
2026-01-10 04:51:19,120 - INFO - Status update: price=90603.78, Z-score=-0.524, signal=0, position=0.000, equity=1.0011, return=0.11% | ETF: flat, $35,654, Trades: []
2026-01-10 04:52:19,134 - INFO - Updating latest data...
2026-01-10 04:52:19,654 - INFO - Data update completed, latest time: 2026-01-10 09:51:00+00:00
2026-01-10 04:52:20,194 - INFO - [SIGNAL] time=2026-01-10 09:51:00+00:00 price=90585.10 z=-0.780 signal=0 pos=0.000
2026-01-10 04:52:20,236 - INFO - Status update: price=90585.10, Z-score=-0.780, signal=0, position=0.000, equity=1.0011, return=0.11%
2026-01-10 04:53:20,251 - INFO - Updating latest data...
2026-01-10 04:53:20,657 - INFO - Data update completed, latest time: 2026-01-10 09:51:00+00:00
2026-01-10 04:53:21,196 - INFO - [SIGNAL] time=2026-01-10 09:51:00+00:00 price=90585.10 z=-0.780 signal=0 pos=0.000
2026-01-10 04:53:21,228 - INFO - Status update: price=90585.10, Z-score=-0.780, signal=0, position=0.000, equity=1.0011, return=0.11%
2026-01-10 04:54:21,244 - INFO - Updating latest data...
2026-01-10 04:54:21,647 - INFO - Data update completed, latest time: 2026-01-10 09:53:00+00:00
2026-01-10 04:54:22,190 - INFO - [SIGNAL] time=2026-01-10 09:53:00+00:00 price=90592.89 z=-0.657 signal=0 pos=0.000
2026-01-10 04:54:22,233 - INFO - Status update: price=90592.89, Z-score=-0.657, signal=0, position=0.000, equity=1.0011, return=0.11%
2026-01-10 04:55:22,244 - INFO - Updating latest data...
2026-01-10 04:55:22,652 - INFO - Data update completed, latest time: 2026-01-10 09:54:00+00:00
2026-01-10 04:55:23,188 - INFO - [SIGNAL] time=2026-01-10 09:54:00+00:00 price=90620.41 z=-0.261 signal=0 pos=0.000
2026-01-10 04:55:23,230 - INFO - Status update: price=90620.41, Z-score=-0.261, signal=0, position=0.000, equity=1.0011, return=0.11%
2026-01-10 04:56:23,241 - INFO - Updating latest data...
2026-01-10 04:56:23,619 - INFO - Data update completed, latest time: 2026-01-10 09:55:00+00:00
2026-01-10 04:56:24,157 - INFO - [SIGNAL] time=2026-01-10 09:55:00+00:00 price=90626.65 z=-0.403 signal=0 pos=0.000
2026-01-10 04:56:24,213 - INFO - Status update: price=90626.65, Z-score=-0.403, signal=0, position=0.000, equity=1.0011, return=0.11%
2026-01-10 04:57:24,225 - INFO - Updating latest data...
2026-01-10 04:57:24,682 - INFO - Data update completed, latest time: 2026-01-10 09:56:00+00:00
2026-01-10 04:57:25,221 - INFO - [SIGNAL] time=2026-01-10 09:56:00+00:00 price=90643.73 z=-0.158 signal=0 pos=0.000
2026-01-10 04:57:25,260 - INFO - Status update: price=90643.73, Z-score=-0.158, signal=0, position=0.000, equity=1.0011, return=0.11%
2026-01-10 04:58:25,272 - INFO - Updating latest data...
2026-01-10 04:58:25,745 - INFO - Data update completed, latest time: 2026-01-10 09:57:00+00:00
2026-01-10 04:58:26,282 - INFO - [SIGNAL] time=2026-01-10 09:57:00+00:00 price=90643.73 z=0.115 signal=0 pos=0.000
2026-01-10 04:58:26,320 - INFO - Status update: price=90643.73, Z-score=0.115, signal=0, position=0.000, equity=1.0011, return=0.11%
2026-01-10 04:59:26,332 - INFO - Updating latest data...
2026-01-10 04:59:26,672 - INFO - Data update completed, latest time: 2026-01-10 09:57:00+00:00
2026-01-10 04:59:27,220 - INFO - [SIGNAL] time=2026-01-10 09:57:00+00:00 price=90643.73 z=0.115 signal=0 pos=0.000
2026-01-10 04:59:27,260 - INFO - Status update: price=90643.73, Z-score=0.115, signal=0, position=0.000, equity=1.0011, return=0.11%
2026-01-10 05:00:27,273 - INFO - Updating latest data...
2026-01-10 05:00:27,655 - INFO - Data update completed, latest time: 2026-01-10 09:59:00+00:00
2026-01-10 05:00:28,198 - INFO - [SIGNAL] time=2026-01-10 09:59:00+00:00 price=90631.01 z=-0.285 signal=0 pos=0.000
2026-01-10 05:00:28,232 - INFO - Status update: price=90631.01, Z-score=-0.285, signal=0, position=0.000, equity=1.0011, return=0.11%
2026-01-10 05:01:28,244 - INFO - Updating latest data...
2026-01-10 05:01:28,652 - INFO - Data update completed, latest time: 2026-01-10 10:00:00+00:00
2026-01-10 05:01:29,199 - INFO - [SIGNAL] time=2026-01-10 10:00:00+00:00 price=90614.95 z=-0.511 signal=0 pos=0.000
2026-01-10 05:01:29,242 - INFO - Status update: price=90614.95, Z-score=-0.511, signal=0, position=0.000, equity=1.0011, return=0.11% | ETF: flat, $35,654, Trades: []
2026-01-10 05:02:29,254 - INFO - Updating latest data...
2026-01-10 05:02:29,675 - INFO - Data update completed, latest time: 2026-01-10 10:01:00+00:00
2026-01-10 05:02:30,212 - INFO - [SIGNAL] time=2026-01-10 10:01:00+00:00 price=90615.76 z=-0.496 signal=0 pos=0.000
2026-01-10 05:02:30,268 - INFO - Status update: price=90615.76, Z-score=-0.496, signal=0, position=0.000, equity=1.0011, return=0.11%
2026-01-10 05:03:30,279 - INFO - Updating latest data...
2026-01-10 05:03:30,645 - INFO - Data update completed, latest time: 2026-01-10 10:02:00+00:00
2026-01-10 05:03:31,188 - INFO - [SIGNAL] time=2026-01-10 10:02:00+00:00 price=90592.66 z=-0.821 signal=0 pos=0.000
2026-01-10 05:03:31,229 - INFO - Status update: price=90592.66, Z-score=-0.821, signal=0, position=0.000, equity=1.0011, return=0.11%
2026-01-10 05:21:28,383 - INFO - Updating latest data...
2026-01-10 05:21:29,124 - INFO - Data update completed, latest time: 2026-01-10 10:20:00+00:00
2026-01-10 05:21:29,684 - INFO - [SIGNAL] time=2026-01-10 10:20:00+00:00 price=90661.07 z=-0.364 signal=0 pos=0.000
2026-01-10 05:21:29,793 - INFO - Status update: price=90661.07, Z-score=-0.364, signal=0, position=0.000, equity=1.0011, return=0.11% | ETF: flat, $35,654, Trades: []
2026-01-10 05:22:29,804 - INFO - Updating latest data...
2026-01-10 05:22:30,239 - INFO - Data update completed, latest time: 2026-01-10 10:21:00+00:00
2026-01-10 05:22:30,782 - INFO - [SIGNAL] time=2026-01-10 10:21:00+00:00 price=90651.67 z=-0.487 signal=0 pos=0.000
2026-01-10 05:22:30,817 - INFO - Status update: price=90651.67, Z-score=-0.487, signal=0, position=0.000, equity=1.0011, return=0.11%
2026-01-10 05:23:30,826 - INFO - Updating latest data...
2026-01-10 05:23:31,207 - INFO - Data update completed, latest time: 2026-01-10 10:22:00+00:00
2026-01-10 05:23:31,745 - INFO - [SIGNAL] time=2026-01-10 10:22:00+00:00 price=90624.04 z=-0.475 signal=0 pos=0.000
2026-01-10 05:23:31,784 - INFO - Status update: price=90624.04, Z-score=-0.475, signal=0, position=0.000, equity=1.0011, return=0.11%
2026-01-10 05:33:44,382 - INFO - Updating latest data...
2026-01-10 05:48:45,560 - INFO - Data update completed, latest time: 2026-01-10 10:47:00+00:00
2026-01-10 05:48:46,339 - INFO - [SIGNAL] time=2026-01-10 10:47:00+00:00 price=90696.26 z=-0.290 signal=0 pos=0.000
2026-01-10 05:48:46,446 - INFO - Status update: price=90696.26, Z-score=-0.290, signal=0, position=0.000, equity=1.0011, return=0.11%
2026-01-10 05:49:46,480 - INFO - Updating latest data...
2026-01-10 05:49:47,220 - INFO - Data update completed, latest time: 2026-01-10 10:48:00+00:00
2026-01-10 05:49:47,811 - INFO - [SIGNAL] time=2026-01-10 10:48:00+00:00 price=90700.59 z=-0.231 signal=0 pos=0.000
2026-01-10 05:49:47,853 - INFO - Status update: price=90700.59, Z-score=-0.231, signal=0, position=0.000, equity=1.0011, return=0.11%
2026-01-10 06:15:08,348 - INFO - Updating latest data...
2026-01-10 06:15:09,030 - INFO - Data update completed, latest time: 2026-01-10 11:13:00+00:00
2026-01-10 06:15:09,592 - INFO - [SIGNAL] time=2026-01-10 11:13:00+00:00 price=90661.17 z=-0.695 signal=0 pos=0.000
2026-01-10 06:15:09,634 - ERROR - Error getting account status: ('Connection aborted.', RemoteDisconnected('Remote end closed connection without response'))
2026-01-10 06:15:09,635 - INFO - Status update: price=90661.17, Z-score=-0.695, signal=0, position=0.000, equity=1.0011, return=0.11%
2026-01-10 06:16:09,645 - INFO - Updating latest data...
2026-01-10 06:16:09,995 - INFO - Data update completed, latest time: 2026-01-10 11:13:00+00:00
2026-01-10 06:16:10,542 - INFO - [SIGNAL] time=2026-01-10 11:13:00+00:00 price=90661.17 z=-0.695 signal=0 pos=0.000
2026-01-10 06:16:10,628 - INFO - Status update: price=90661.17, Z-score=-0.695, signal=0, position=0.000, equity=1.0011, return=0.11%
2026-01-10 06:17:10,631 - INFO - Updating latest data...
2026-01-10 06:17:11,003 - INFO - Data update completed, latest time: 2026-01-10 11:16:00+00:00
2026-01-10 06:17:11,548 - INFO - [SIGNAL] time=2026-01-10 11:16:00+00:00 price=90670.04 z=-0.520 signal=0 pos=0.000
2026-01-10 06:17:11,591 - INFO - Status update: price=90670.04, Z-score=-0.520, signal=0, position=0.000, equity=1.0011, return=0.11%
2026-01-10 06:34:09,313 - INFO - Updating latest data...
2026-01-10 06:34:10,305 - INFO - Data update completed, latest time: 2026-01-10 11:33:00+00:00
2026-01-10 06:34:10,915 - INFO - [SIGNAL] time=2026-01-10 11:33:00+00:00 price=90674.96 z=0.110 signal=0 pos=0.000
2026-01-10 06:34:10,952 - ERROR - Error getting account status: ('Connection aborted.', RemoteDisconnected('Remote end closed connection without response'))
2026-01-10 06:34:10,953 - INFO - Status update: price=90674.96, Z-score=0.110, signal=0, position=0.000, equity=1.0011, return=0.11%
2026-01-10 06:51:36,125 - INFO - Updating latest data...
2026-01-10 06:51:37,090 - INFO - Data update completed, latest time: 2026-01-10 11:50:00+00:00
2026-01-10 06:51:37,658 - INFO - [SIGNAL] time=2026-01-10 11:50:00+00:00 price=90589.44 z=-0.627 signal=0 pos=0.000
2026-01-10 06:51:37,800 - INFO - Status update: price=90589.44, Z-score=-0.627, signal=0, position=0.000, equity=1.0011, return=0.11% | ETF: flat, $35,654, Trades: []
2026-01-10 06:52:37,809 - INFO - Updating latest data...
2026-01-10 06:52:38,162 - INFO - Data update completed, latest time: 2026-01-10 11:51:00+00:00
2026-01-10 06:52:38,712 - INFO - [SIGNAL] time=2026-01-10 11:51:00+00:00 price=90609.05 z=-0.280 signal=0 pos=0.000
2026-01-10 06:52:38,750 - INFO - Status update: price=90609.05, Z-score=-0.280, signal=0, position=0.000, equity=1.0011, return=0.11%
2026-01-10 06:53:38,762 - INFO - Updating latest data...
2026-01-10 06:53:39,164 - INFO - Data update completed, latest time: 2026-01-10 11:51:00+00:00
2026-01-10 06:53:39,712 - INFO - [SIGNAL] time=2026-01-10 11:51:00+00:00 price=90609.05 z=-0.280 signal=0 pos=0.000
2026-01-10 06:53:39,753 - INFO - Status update: price=90609.05, Z-score=-0.280, signal=0, position=0.000, equity=1.0011, return=0.11%
2026-01-10 07:12:31,378 - INFO - Updating latest data...
2026-01-10 07:12:31,875 - INFO - Data update completed, latest time: 2026-01-10 12:11:00+00:00
2026-01-10 07:12:32,431 - INFO - [SIGNAL] time=2026-01-10 12:11:00+00:00 price=90619.83 z=-0.894 signal=0 pos=0.000
2026-01-10 07:12:32,466 - ERROR - Error getting account status: ('Connection aborted.', RemoteDisconnected('Remote end closed connection without response'))
2026-01-10 07:12:32,467 - INFO - Status update: price=90619.83, Z-score=-0.894, signal=0, position=0.000, equity=1.0011, return=0.11%
2026-01-10 07:29:30,629 - INFO - Updating latest data...
2026-01-10 07:29:31,310 - INFO - Data update completed, latest time: 2026-01-10 12:28:00+00:00
2026-01-10 07:29:31,881 - INFO - [SIGNAL] time=2026-01-10 12:28:00+00:00 price=90605.87 z=-0.387 signal=0 pos=0.000
2026-01-10 07:29:31,962 - INFO - Status update: price=90605.87, Z-score=-0.387, signal=0, position=0.000, equity=1.0011, return=0.11%
2026-01-10 07:30:31,975 - INFO - Updating latest data...
2026-01-10 07:30:32,322 - INFO - Data update completed, latest time: 2026-01-10 12:29:00+00:00
2026-01-10 07:30:32,877 - INFO - [SIGNAL] time=2026-01-10 12:29:00+00:00 price=90605.87 z=-0.385 signal=0 pos=0.000
2026-01-10 07:30:32,917 - INFO - Status update: price=90605.87, Z-score=-0.385, signal=0, position=0.000, equity=1.0011, return=0.11%
2026-01-10 07:31:32,927 - INFO - Updating latest data...
2026-01-10 07:31:33,345 - INFO - Data update completed, latest time: 2026-01-10 12:30:00+00:00
2026-01-10 07:31:33,904 - INFO - [SIGNAL] time=2026-01-10 12:30:00+00:00 price=90602.62 z=-0.441 signal=0 pos=0.000
2026-01-10 07:31:33,946 - INFO - Status update: price=90602.62, Z-score=-0.441, signal=0, position=0.000, equity=1.0011, return=0.11% | ETF: flat, $35,654, Trades: []
2026-01-10 07:35:41,647 - INFO - Updating latest data...
2026-01-10 07:35:42,060 - INFO - Data update completed, latest time: 2026-01-10 12:34:00+00:00
2026-01-10 07:35:42,617 - INFO - [SIGNAL] time=2026-01-10 12:34:00+00:00 price=90548.74 z=-1.132 signal=0 pos=0.000
2026-01-10 07:35:42,645 - ERROR - Error getting account status: ('Connection aborted.', RemoteDisconnected('Remote end closed connection without response'))
2026-01-10 07:35:42,646 - INFO - Status update: price=90548.74, Z-score=-1.132, signal=0, position=0.000, equity=1.0011, return=0.11%
2026-01-10 07:52:08,723 - INFO - Updating latest data...
2026-01-10 07:52:09,127 - INFO - Data update completed, latest time: 2026-01-10 12:51:00+00:00
2026-01-10 07:52:09,683 - INFO - [SIGNAL] time=2026-01-10 12:51:00+00:00 price=90589.71 z=-1.051 signal=0 pos=0.000
2026-01-10 07:52:09,767 - INFO - Status update: price=90589.71, Z-score=-1.051, signal=0, position=0.000, equity=1.0011, return=0.11%
2026-01-10 08:01:03,352 - INFO - Updating latest data...
2026-01-10 08:01:04,121 - INFO - Data update completed, latest time: 2026-01-10 13:00:00+00:00
2026-01-10 08:01:04,698 - INFO - [SIGNAL] time=2026-01-10 13:00:00+00:00 price=90620.78 z=-0.447 signal=0 pos=0.000
2026-01-10 08:01:04,784 - INFO - Status update: price=90620.78, Z-score=-0.447, signal=0, position=0.000, equity=1.0011, return=0.11% | ETF: flat, $35,654, Trades: []
2026-01-10 08:02:04,796 - INFO - Updating latest data...
2026-01-10 08:02:05,211 - INFO - Data update completed, latest time: 2026-01-10 13:00:00+00:00
2026-01-10 08:02:05,860 - INFO - [SIGNAL] time=2026-01-10 13:00:00+00:00 price=90620.78 z=-0.447 signal=0 pos=0.000
2026-01-10 08:02:05,897 - INFO - Status update: price=90620.78, Z-score=-0.447, signal=0, position=0.000, equity=1.0011, return=0.11% | ETF: flat, $35,654, Trades: []
2026-01-10 08:03:05,910 - INFO - Updating latest data...
2026-01-10 08:03:06,286 - INFO - Data update completed, latest time: 2026-01-10 13:02:00+00:00
2026-01-10 08:03:06,845 - INFO - [SIGNAL] time=2026-01-10 13:02:00+00:00 price=90614.99 z=-0.548 signal=0 pos=0.000
2026-01-10 08:03:06,885 - INFO - Status update: price=90614.99, Z-score=-0.548, signal=0, position=0.000, equity=1.0011, return=0.11%
2026-01-10 08:20:05,369 - INFO - Updating latest data...
2026-01-10 08:20:06,109 - INFO - Data update completed, latest time: 2026-01-10 13:19:00+00:00
2026-01-10 08:20:06,687 - INFO - [SIGNAL] time=2026-01-10 13:19:00+00:00 price=90643.61 z=0.191 signal=0 pos=0.000
2026-01-10 08:20:06,725 - ERROR - Error getting account status: ('Connection aborted.', RemoteDisconnected('Remote end closed connection without response'))
2026-01-10 08:20:06,725 - INFO - Status update: price=90643.61, Z-score=0.191, signal=0, position=0.000, equity=1.0011, return=0.11%
2026-01-10 08:22:24,412 - INFO - Updating latest data...
2026-01-10 08:22:24,877 - INFO - Data update completed, latest time: 2026-01-10 13:21:00+00:00
2026-01-10 08:22:25,434 - INFO - [SIGNAL] time=2026-01-10 13:21:00+00:00 price=90614.59 z=-0.360 signal=0 pos=0.000
2026-01-10 08:22:25,804 - INFO - Status update: price=90614.59, Z-score=-0.360, signal=0, position=0.000, equity=1.0011, return=0.11%
2026-01-10 08:28:30,238 - INFO - Updating latest data...
2026-01-10 08:28:30,897 - INFO - Data update completed, latest time: 2026-01-10 13:27:00+00:00
2026-01-10 08:28:31,481 - INFO - [SIGNAL] time=2026-01-10 13:27:00+00:00 price=90609.27 z=-0.105 signal=0 pos=0.000
2026-01-10 08:28:31,518 - ERROR - Error getting account status: ('Connection aborted.', RemoteDisconnected('Remote end closed connection without response'))
2026-01-10 08:28:31,519 - INFO - Status update: price=90609.27, Z-score=-0.105, signal=0, position=0.000, equity=1.0011, return=0.11%
2026-01-10 08:36:48,260 - INFO - Updating latest data...
2026-01-10 08:36:48,657 - INFO - Data update completed, latest time: 2026-01-10 13:35:00+00:00
2026-01-10 08:36:49,217 - INFO - [SIGNAL] time=2026-01-10 13:35:00+00:00 price=90579.80 z=-0.654 signal=0 pos=0.000
2026-01-10 08:36:49,301 - INFO - Status update: price=90579.80, Z-score=-0.654, signal=0, position=0.000, equity=1.0011, return=0.11%
2026-01-10 08:37:49,313 - INFO - Updating latest data...
2026-01-10 08:37:49,783 - INFO - Data update completed, latest time: 2026-01-10 13:36:00+00:00
2026-01-10 08:37:50,359 - INFO - [SIGNAL] time=2026-01-10 13:36:00+00:00 price=90587.11 z=-0.507 signal=0 pos=0.000
2026-01-10 08:37:50,390 - INFO - Status update: price=90587.11, Z-score=-0.507, signal=0, position=0.000, equity=1.0011, return=0.11%
2026-01-10 08:38:50,397 - INFO - Updating latest data...
2026-01-10 08:38:50,809 - INFO - Data update completed, latest time: 2026-01-10 13:37:00+00:00
2026-01-10 08:38:51,396 - INFO - [SIGNAL] time=2026-01-10 13:37:00+00:00 price=90583.46 z=-0.573 signal=0 pos=0.000
2026-01-10 08:38:51,438 - INFO - Status update: price=90583.46, Z-score=-0.573, signal=0, position=0.000, equity=1.0011, return=0.11%
2026-01-10 09:00:54,573 - INFO - Updating latest data...
2026-01-10 09:00:55,331 - INFO - Data update completed, latest time: 2026-01-10 13:59:00+00:00
2026-01-10 09:00:55,934 - INFO - [SIGNAL] time=2026-01-10 13:59:00+00:00 price=90523.11 z=-1.311 signal=0 pos=0.000
2026-01-10 09:00:56,024 - INFO - Status update: price=90523.11, Z-score=-1.311, signal=0, position=0.000, equity=1.0011, return=0.11%
2026-01-10 09:03:31,300 - INFO - Updating latest data...
2026-01-10 09:03:32,040 - INFO - Data update completed, latest time: 2026-01-10 14:02:00+00:00
2026-01-10 09:03:32,623 - INFO - [SIGNAL] time=2026-01-10 14:02:00+00:00 price=90513.87 z=-1.206 signal=0 pos=0.000
2026-01-10 09:03:32,651 - ERROR - Error getting account status: ('Connection aborted.', RemoteDisconnected('Remote end closed connection without response'))
2026-01-10 09:03:32,652 - INFO - Status update: price=90513.87, Z-score=-1.206, signal=0, position=0.000, equity=1.0011, return=0.11%
2026-01-10 09:07:20,936 - INFO - Updating latest data...
2026-01-10 09:07:21,696 - INFO - Data update completed, latest time: 2026-01-10 14:06:00+00:00
2026-01-10 09:07:22,305 - INFO - [SIGNAL] time=2026-01-10 14:06:00+00:00 price=90548.21 z=-0.267 signal=0 pos=0.000
2026-01-10 09:07:22,377 - INFO - Status update: price=90548.21, Z-score=-0.267, signal=0, position=0.000, equity=1.0011, return=0.11%
2026-01-10 09:08:22,390 - INFO - Updating latest data...
2026-01-10 09:08:22,864 - INFO - Data update completed, latest time: 2026-01-10 14:06:00+00:00
2026-01-10 09:08:23,426 - INFO - [SIGNAL] time=2026-01-10 14:06:00+00:00 price=90548.21 z=-0.267 signal=0 pos=0.000
2026-01-10 09:08:23,476 - INFO - Status update: price=90548.21, Z-score=-0.267, signal=0, position=0.000, equity=1.0011, return=0.11%
2026-01-10 09:09:23,487 - INFO - Updating latest data...
2026-01-10 09:09:23,924 - INFO - Data update completed, latest time: 2026-01-10 14:08:00+00:00
2026-01-10 09:09:24,487 - INFO - [SIGNAL] time=2026-01-10 14:08:00+00:00 price=90548.21 z=-0.259 signal=0 pos=0.000
2026-01-10 09:09:24,527 - INFO - Status update: price=90548.21, Z-score=-0.259, signal=0, position=0.000, equity=1.0011, return=0.11%
2026-01-10 09:25:24,308 - INFO - Updating latest data...
2026-01-10 09:25:24,721 - INFO - Data update completed, latest time: 2026-01-10 14:24:00+00:00
2026-01-10 09:25:25,286 - INFO - [SIGNAL] time=2026-01-10 14:24:00+00:00 price=90491.05 z=-1.900 signal=0 pos=0.000
2026-01-10 09:25:25,322 - ERROR - Error getting account status: ('Connection aborted.', RemoteDisconnected('Remote end closed connection without response'))
2026-01-10 09:25:25,322 - INFO - Status update: price=90491.05, Z-score=-1.900, signal=0, position=0.000, equity=1.0011, return=0.11%
2026-01-10 09:31:34,662 - INFO - Updating latest data...
2026-01-10 09:31:35,261 - INFO - Data update completed, latest time: 2026-01-10 14:30:00+00:00
2026-01-10 09:31:35,849 - INFO - [SIGNAL] time=2026-01-10 14:30:00+00:00 price=90475.51 z=-1.517 signal=0 pos=0.000
2026-01-10 09:31:35,951 - INFO - Status update: price=90475.51, Z-score=-1.517, signal=0, position=0.000, equity=1.0011, return=0.11% | ETF: flat, $35,654, Trades: []
2026-01-10 09:37:45,015 - INFO - Updating latest data...
2026-01-10 09:37:45,521 - INFO - Data update completed, latest time: 2026-01-10 14:36:00+00:00
2026-01-10 09:37:46,105 - INFO - [SIGNAL] time=2026-01-10 14:36:00+00:00 price=90474.80 z=-1.119 signal=0 pos=0.000
2026-01-10 09:37:46,151 - ERROR - Error getting account status: ('Connection aborted.', RemoteDisconnected('Remote end closed connection without response'))
2026-01-10 09:37:46,151 - INFO - Status update: price=90474.80, Z-score=-1.119, signal=0, position=0.000, equity=1.0011, return=0.11%
2026-01-10 09:54:56,989 - INFO - Updating latest data...
2026-01-10 09:54:57,669 - INFO - Data update completed, latest time: 2026-01-10 14:52:00+00:00
2026-01-10 09:54:58,252 - INFO - [SIGNAL] time=2026-01-10 14:52:00+00:00 price=90460.95 z=-0.689 signal=0 pos=0.000
2026-01-10 09:54:58,360 - INFO - Status update: price=90460.95, Z-score=-0.689, signal=0, position=0.000, equity=1.0011, return=0.11%
2026-01-10 09:55:58,372 - INFO - Updating latest data...
2026-01-10 09:55:58,742 - INFO - Data update completed, latest time: 2026-01-10 14:54:00+00:00
2026-01-10 09:55:59,312 - INFO - [SIGNAL] time=2026-01-10 14:54:00+00:00 price=90457.60 z=-0.746 signal=0 pos=0.000
2026-01-10 09:55:59,359 - INFO - Status update: price=90457.60, Z-score=-0.746, signal=0, position=0.000, equity=1.0011, return=0.11%
2026-01-10 09:56:59,371 - INFO - Updating latest data...
2026-01-10 09:56:59,727 - INFO - Data update completed, latest time: 2026-01-10 14:55:00+00:00
2026-01-10 09:57:00,293 - INFO - [SIGNAL] time=2026-01-10 14:55:00+00:00 price=90459.24 z=-0.706 signal=0 pos=0.000
2026-01-10 09:57:00,338 - INFO - Status update: price=90459.24, Z-score=-0.706, signal=0, position=0.000, equity=1.0011, return=0.11%
2026-01-10 10:13:00,107 - INFO - Updating latest data...
2026-01-10 10:13:00,872 - INFO - Data update completed, latest time: 2026-01-10 15:12:00+00:00
2026-01-10 10:13:01,460 - INFO - [SIGNAL] time=2026-01-10 15:12:00+00:00 price=90524.80 z=0.828 signal=0 pos=0.000
2026-01-10 10:13:01,497 - ERROR - Error getting account status: ('Connection aborted.', RemoteDisconnected('Remote end closed connection without response'))
2026-01-10 10:13:01,498 - INFO - Status update: price=90524.80, Z-score=0.828, signal=0, position=0.000, equity=1.0011, return=0.11%
2026-01-10 10:29:11,608 - INFO - Updating latest data...
2026-01-10 10:29:11,997 - INFO - Data update completed, latest time: 2026-01-10 15:28:00+00:00
2026-01-10 10:29:12,571 - INFO - [SIGNAL] time=2026-01-10 15:28:00+00:00 price=90481.90 z=-0.952 signal=0 pos=0.000
2026-01-10 10:29:12,673 - INFO - Status update: price=90481.90, Z-score=-0.952, signal=0, position=0.000, equity=1.0011, return=0.11%
2026-01-10 10:30:12,695 - INFO - Updating latest data...
2026-01-10 10:30:13,143 - INFO - Data update completed, latest time: 2026-01-10 15:29:00+00:00
2026-01-10 10:30:13,720 - INFO - [SIGNAL] time=2026-01-10 15:29:00+00:00 price=90478.88 z=-1.016 signal=0 pos=0.000
2026-01-10 10:30:13,761 - INFO - Status update: price=90478.88, Z-score=-1.016, signal=0, position=0.000, equity=1.0011, return=0.11%
2026-01-10 10:31:13,773 - INFO - Updating latest data...
2026-01-10 10:31:14,209 - INFO - Data update completed, latest time: 2026-01-10 15:29:00+00:00
2026-01-10 10:31:14,782 - INFO - [SIGNAL] time=2026-01-10 15:29:00+00:00 price=90478.88 z=-1.016 signal=0 pos=0.000
2026-01-10 10:31:14,828 - INFO - Status update: price=90478.88, Z-score=-1.016, signal=0, position=0.000, equity=1.0011, return=0.11%
2026-01-10 10:38:59,521 - INFO - Updating latest data...
2026-01-10 10:39:00,289 - INFO - Data update completed, latest time: 2026-01-10 15:38:00+00:00
2026-01-10 10:39:00,885 - INFO - [SIGNAL] time=2026-01-10 15:38:00+00:00 price=90500.27 z=-1.203 signal=0 pos=0.000
2026-01-10 10:44:17,836 - ERROR - Error getting account status: ('Connection aborted.', RemoteDisconnected('Remote end closed connection without response'))
2026-01-10 10:44:17,846 - INFO - Status update: price=90500.27, Z-score=-1.203, signal=0, position=0.000, equity=1.0011, return=0.11%
2026-01-10 11:02:39,767 - INFO - Updating latest data...
2026-01-10 11:02:40,645 - INFO - Data update completed, latest time: 2026-01-10 16:00:00+00:00
2026-01-10 11:02:41,359 - INFO - [SIGNAL] time=2026-01-10 16:00:00+00:00 price=90519.46 z=-0.554 signal=0 pos=0.000
2026-01-10 11:02:41,456 - INFO - Status update: price=90519.46, Z-score=-0.554, signal=0, position=0.000, equity=1.0011, return=0.11% | ETF: flat, $35,654, Trades: []
2026-01-10 11:03:41,468 - INFO - Updating latest data...
2026-01-10 11:03:41,848 - INFO - Data update completed, latest time: 2026-01-10 16:02:00+00:00
2026-01-10 11:03:42,434 - INFO - [SIGNAL] time=2026-01-10 16:02:00+00:00 price=90575.24 z=0.780 signal=0 pos=0.000
2026-01-10 11:03:42,474 - INFO - Status update: price=90575.24, Z-score=0.780, signal=0, position=0.000, equity=1.0011, return=0.11%
2026-01-10 11:04:42,487 - INFO - Updating latest data...
2026-01-10 11:04:42,955 - INFO - Data update completed, latest time: 2026-01-10 16:03:00+00:00
2026-01-10 11:04:43,535 - INFO - [SIGNAL] time=2026-01-10 16:03:00+00:00 price=90580.35 z=0.924 signal=0 pos=0.000
2026-01-10 11:04:43,575 - INFO - Status update: price=90580.35, Z-score=0.924, signal=0, position=0.000, equity=1.0011, return=0.11%
2026-01-10 11:15:36,604 - INFO - Updating latest data...
2026-01-10 11:15:38,769 - INFO - Data update completed, latest time: 2026-01-10 16:14:00+00:00
2026-01-10 11:15:39,381 - INFO - [SIGNAL] time=2026-01-10 16:14:00+00:00 price=90540.07 z=-0.226 signal=0 pos=0.000
2026-01-10 11:15:42,808 - ERROR - Error getting account status: ('Connection aborted.', RemoteDisconnected('Remote end closed connection without response'))
2026-01-10 11:15:42,810 - INFO - Status update: price=90540.07, Z-score=-0.226, signal=0, position=0.000, equity=1.0011, return=0.11%
2026-01-10 11:16:42,817 - INFO - Updating latest data...
2026-01-10 11:16:43,673 - INFO - Data update completed, latest time: 2026-01-10 16:15:00+00:00
2026-01-10 11:16:44,266 - INFO - [SIGNAL] time=2026-01-10 16:15:00+00:00 price=90547.31 z=0.618 signal=0 pos=0.000
2026-01-10 11:16:44,348 - INFO - Status update: price=90547.31, Z-score=0.618, signal=0, position=0.000, equity=1.0011, return=0.11%
2026-01-10 11:17:44,355 - INFO - Updating latest data...
2026-01-10 11:17:44,866 - INFO - Data update completed, latest time: 2026-01-10 16:16:00+00:00
2026-01-10 11:17:45,564 - INFO - [SIGNAL] time=2026-01-10 16:16:00+00:00 price=90505.65 z=-0.047 signal=0 pos=0.000
2026-01-10 11:17:45,605 - INFO - Status update: price=90505.65, Z-score=-0.047, signal=0, position=0.000, equity=1.0011, return=0.11%
2026-01-10 11:18:45,608 - INFO - Updating latest data...
2026-01-10 11:18:46,311 - INFO - Data update completed, latest time: 2026-01-10 16:17:00+00:00
2026-01-10 11:18:46,946 - INFO - [SIGNAL] time=2026-01-10 16:17:00+00:00 price=90517.88 z=0.251 signal=0 pos=0.000
2026-01-10 11:18:47,137 - INFO - Status update: price=90517.88, Z-score=0.251, signal=0, position=0.000, equity=1.0011, return=0.11%
2026-01-10 11:19:47,167 - INFO - Updating latest data...
2026-01-10 11:19:47,791 - INFO - Data update completed, latest time: 2026-01-10 16:18:00+00:00
2026-01-10 11:19:48,391 - INFO - [SIGNAL] time=2026-01-10 16:18:00+00:00 price=90496.46 z=-0.263 signal=0 pos=0.000
2026-01-10 11:19:48,438 - INFO - Status update: price=90496.46, Z-score=-0.263, signal=0, position=0.000, equity=1.0011, return=0.11%
2026-01-10 11:20:48,447 - INFO - Updating latest data...
2026-01-10 11:20:48,927 - INFO - Data update completed, latest time: 2026-01-10 16:18:00+00:00
2026-01-10 11:20:49,518 - INFO - [SIGNAL] time=2026-01-10 16:18:00+00:00 price=90496.46 z=-0.263 signal=0 pos=0.000
2026-01-10 11:20:49,558 - INFO - Status update: price=90496.46, Z-score=-0.263, signal=0, position=0.000, equity=1.0011, return=0.11%
2026-01-10 11:21:49,565 - INFO - Updating latest data...
2026-01-10 11:21:49,993 - INFO - Data update completed, latest time: 2026-01-10 16:20:00+00:00
2026-01-10 11:21:50,590 - INFO - [SIGNAL] time=2026-01-10 16:20:00+00:00 price=90504.08 z=-0.070 signal=0 pos=0.000
2026-01-10 11:21:50,628 - INFO - Status update: price=90504.08, Z-score=-0.070, signal=0, position=0.000, equity=1.0011, return=0.11% | ETF: flat, $35,654, Trades: []
2026-01-10 11:22:50,775 - INFO - Updating latest data...
2026-01-10 11:22:55,106 - INFO - Data update completed, latest time: 2026-01-10 16:21:00+00:00
2026-01-10 11:22:55,815 - INFO - [SIGNAL] time=2026-01-10 16:21:00+00:00 price=90511.57 z=0.115 signal=0 pos=0.000
2026-01-10 11:22:55,857 - INFO - Status update: price=90511.57, Z-score=0.115, signal=0, position=0.000, equity=1.0011, return=0.11%
2026-01-10 11:23:55,864 - INFO - Updating latest data...
2026-01-10 11:23:56,463 - INFO - Data update completed, latest time: 2026-01-10 16:22:00+00:00
2026-01-10 11:23:57,044 - INFO - [SIGNAL] time=2026-01-10 16:22:00+00:00 price=90511.57 z=-0.582 signal=0 pos=0.000
2026-01-10 11:23:57,101 - INFO - Status update: price=90511.57, Z-score=-0.582, signal=0, position=0.000, equity=1.0011, return=0.11%
2026-01-10 11:24:57,107 - INFO - Updating latest data...
2026-01-10 11:24:57,524 - INFO - Data update completed, latest time: 2026-01-10 16:22:00+00:00
2026-01-10 11:24:58,107 - INFO - [SIGNAL] time=2026-01-10 16:22:00+00:00 price=90511.57 z=-0.582 signal=0 pos=0.000
2026-01-10 11:24:58,145 - INFO - Status update: price=90511.57, Z-score=-0.582, signal=0, position=0.000, equity=1.0011, return=0.11%
2026-01-10 11:25:58,160 - INFO - Updating latest data...
2026-01-10 11:25:58,629 - INFO - Data update completed, latest time: 2026-01-10 16:24:00+00:00
2026-01-10 11:25:59,217 - INFO - [SIGNAL] time=2026-01-10 16:24:00+00:00 price=90517.46 z=-0.430 signal=0 pos=0.000
2026-01-10 11:25:59,271 - INFO - Status update: price=90517.46, Z-score=-0.430, signal=0, position=0.000, equity=1.0011, return=0.11%
2026-01-10 11:26:59,279 - INFO - Updating latest data...
2026-01-10 11:26:59,739 - INFO - Data update completed, latest time: 2026-01-10 16:24:00+00:00
2026-01-10 11:27:00,321 - INFO - [SIGNAL] time=2026-01-10 16:24:00+00:00 price=90517.46 z=-0.430 signal=0 pos=0.000
2026-01-10 11:27:00,369 - INFO - Status update: price=90517.46, Z-score=-0.430, signal=0, position=0.000, equity=1.0011, return=0.11%
2026-01-10 11:28:00,373 - INFO - Updating latest data...
2026-01-10 11:28:00,840 - INFO - Data update completed, latest time: 2026-01-10 16:27:00+00:00
2026-01-10 11:28:01,428 - INFO - [SIGNAL] time=2026-01-10 16:27:00+00:00 price=90520.44 z=-0.346 signal=0 pos=0.000
2026-01-10 11:28:01,472 - INFO - Status update: price=90520.44, Z-score=-0.346, signal=0, position=0.000, equity=1.0011, return=0.11%
2026-01-10 11:29:01,486 - INFO - Updating latest data...
2026-01-10 11:29:01,924 - INFO - Data update completed, latest time: 2026-01-10 16:27:00+00:00
2026-01-10 11:29:02,502 - INFO - [SIGNAL] time=2026-01-10 16:27:00+00:00 price=90520.44 z=-0.346 signal=0 pos=0.000
2026-01-10 11:29:02,652 - INFO - Status update: price=90520.44, Z-score=-0.346, signal=0, position=0.000, equity=1.0011, return=0.11%
2026-01-10 11:30:02,676 - INFO - Updating latest data...
2026-01-10 11:30:03,426 - INFO - Data update completed, latest time: 2026-01-10 16:27:00+00:00
2026-01-10 11:30:04,034 - INFO - [SIGNAL] time=2026-01-10 16:27:00+00:00 price=90520.44 z=-0.346 signal=0 pos=0.000
2026-01-10 11:30:04,082 - INFO - Status update: price=90520.44, Z-score=-0.346, signal=0, position=0.000, equity=1.0011, return=0.11%
2026-01-10 11:31:04,092 - INFO - Updating latest data...
2026-01-10 11:31:04,744 - INFO - Data update completed, latest time: 2026-01-10 16:30:00+00:00
2026-01-10 11:31:05,353 - INFO - [SIGNAL] time=2026-01-10 16:30:00+00:00 price=90520.44 z=-0.149 signal=0 pos=0.000
2026-01-10 11:31:05,405 - INFO - Status update: price=90520.44, Z-score=-0.149, signal=0, position=0.000, equity=1.0011, return=0.11% | ETF: flat, $35,654, Trades: []
2026-01-10 11:32:05,407 - INFO - Updating latest data...
2026-01-10 11:32:05,885 - INFO - Data update completed, latest time: 2026-01-10 16:31:00+00:00
2026-01-10 11:32:06,483 - INFO - [SIGNAL] time=2026-01-10 16:31:00+00:00 price=90499.70 z=-0.653 signal=0 pos=0.000
2026-01-10 11:32:06,518 - INFO - Status update: price=90499.70, Z-score=-0.653, signal=0, position=0.000, equity=1.0011, return=0.11%
2026-01-10 11:33:06,551 - INFO - Updating latest data...
2026-01-10 11:33:07,046 - INFO - Data update completed, latest time: 2026-01-10 16:32:00+00:00
2026-01-10 11:33:07,628 - INFO - [SIGNAL] time=2026-01-10 16:32:00+00:00 price=90504.65 z=-0.527 signal=0 pos=0.000
2026-01-10 11:33:07,672 - INFO - Status update: price=90504.65, Z-score=-0.527, signal=0, position=0.000, equity=1.0011, return=0.11%
2026-01-10 11:34:07,684 - INFO - Updating latest data...
2026-01-10 11:34:08,183 - INFO - Data update completed, latest time: 2026-01-10 16:33:00+00:00
2026-01-10 11:34:08,762 - INFO - [SIGNAL] time=2026-01-10 16:33:00+00:00 price=90525.40 z=-0.017 signal=0 pos=0.000
2026-01-10 11:34:08,802 - INFO - Status update: price=90525.40, Z-score=-0.017, signal=0, position=0.000, equity=1.0011, return=0.11%
2026-01-10 11:35:09,244 - INFO - Updating latest data...
2026-01-10 11:35:09,710 - INFO - Data update completed, latest time: 2026-01-10 16:34:00+00:00
2026-01-10 11:35:10,297 - INFO - [SIGNAL] time=2026-01-10 16:34:00+00:00 price=90531.51 z=0.133 signal=0 pos=0.000
2026-01-10 11:35:10,338 - INFO - Status update: price=90531.51, Z-score=0.133, signal=0, position=0.000, equity=1.0011, return=0.11%
2026-01-10 11:44:01,164 - INFO - Updating latest data...
2026-01-10 11:44:02,239 - INFO - Data update completed, latest time: 2026-01-10 16:43:00+00:00
2026-01-10 11:44:02,833 - INFO - [SIGNAL] time=2026-01-10 16:43:00+00:00 price=90570.00 z=0.320 signal=0 pos=0.000
2026-01-10 11:44:10,244 - ERROR - Error getting account status: ('Connection aborted.', RemoteDisconnected('Remote end closed connection without response'))
2026-01-10 11:44:10,248 - INFO - Status update: price=90570.00, Z-score=0.320, signal=0, position=0.000, equity=1.0011, return=0.11%
2026-01-10 11:45:10,257 - INFO - Updating latest data...
2026-01-10 11:45:10,831 - INFO - Data update completed, latest time: 2026-01-10 16:43:00+00:00
2026-01-10 11:45:11,411 - INFO - [SIGNAL] time=2026-01-10 16:43:00+00:00 price=90570.00 z=0.320 signal=0 pos=0.000
2026-01-10 11:45:11,485 - INFO - Status update: price=90570.00, Z-score=0.320, signal=0, position=0.000, equity=1.0011, return=0.11%
2026-01-10 11:46:11,492 - INFO - Updating latest data...
2026-01-10 11:46:11,890 - INFO - Data update completed, latest time: 2026-01-10 16:43:00+00:00
2026-01-10 11:46:12,472 - INFO - [SIGNAL] time=2026-01-10 16:43:00+00:00 price=90570.00 z=0.320 signal=0 pos=0.000
2026-01-10 11:46:12,520 - INFO - Status update: price=90570.00, Z-score=0.320, signal=0, position=0.000, equity=1.0011, return=0.11%
2026-01-10 11:47:12,527 - INFO - Updating latest data...
2026-01-10 11:47:12,963 - INFO - Data update completed, latest time: 2026-01-10 16:46:00+00:00
2026-01-10 11:47:13,557 - INFO - [SIGNAL] time=2026-01-10 16:46:00+00:00 price=90570.00 z=0.321 signal=0 pos=0.000
2026-01-10 11:47:13,597 - INFO - Status update: price=90570.00, Z-score=0.321, signal=0, position=0.000, equity=1.0011, return=0.11%
2026-01-10 11:48:13,604 - INFO - Updating latest data...
2026-01-10 11:48:14,028 - INFO - Data update completed, latest time: 2026-01-10 16:47:00+00:00
2026-01-10 11:48:14,622 - INFO - [SIGNAL] time=2026-01-10 16:47:00+00:00 price=90590.01 z=0.809 signal=0 pos=0.000
2026-01-10 11:48:14,672 - INFO - Status update: price=90590.01, Z-score=0.809, signal=0, position=0.000, equity=1.0011, return=0.11%
2026-01-10 11:49:14,675 - INFO - Updating latest data...
2026-01-10 11:49:15,111 - INFO - Data update completed, latest time: 2026-01-10 16:47:00+00:00
2026-01-10 11:49:15,698 - INFO - [SIGNAL] time=2026-01-10 16:47:00+00:00 price=90590.01 z=0.809 signal=0 pos=0.000
2026-01-10 11:49:15,739 - INFO - Status update: price=90590.01, Z-score=0.809, signal=0, position=0.000, equity=1.0011, return=0.11%
2026-01-10 11:50:15,751 - INFO - Updating latest data...
2026-01-10 11:50:16,154 - INFO - Data update completed, latest time: 2026-01-10 16:49:00+00:00
2026-01-10 11:50:16,741 - INFO - [SIGNAL] time=2026-01-10 16:49:00+00:00 price=90570.71 z=0.336 signal=0 pos=0.000
2026-01-10 11:50:16,852 - INFO - Status update: price=90570.71, Z-score=0.336, signal=0, position=0.000, equity=1.0011, return=0.11%
2026-01-10 11:51:16,859 - INFO - Updating latest data...
2026-01-10 11:51:17,274 - INFO - Data update completed, latest time: 2026-01-10 16:50:00+00:00
2026-01-10 11:51:17,919 - INFO - [SIGNAL] time=2026-01-10 16:50:00+00:00 price=90541.51 z=-0.377 signal=0 pos=0.000
2026-01-10 11:51:17,968 - INFO - Status update: price=90541.51, Z-score=-0.377, signal=0, position=0.000, equity=1.0011, return=0.11% | ETF: flat, $35,654, Trades: []
2026-01-10 11:52:17,980 - INFO - Updating latest data...
2026-01-10 11:52:18,486 - INFO - Data update completed, latest time: 2026-01-10 16:51:00+00:00
2026-01-10 11:52:19,069 - INFO - [SIGNAL] time=2026-01-10 16:51:00+00:00 price=90558.62 z=0.042 signal=0 pos=0.000
2026-01-10 11:52:19,134 - INFO - Status update: price=90558.62, Z-score=0.042, signal=0, position=0.000, equity=1.0011, return=0.11%
2026-01-10 11:53:19,146 - INFO - Updating latest data...
2026-01-10 11:53:19,604 - INFO - Data update completed, latest time: 2026-01-10 16:51:00+00:00
2026-01-10 11:53:20,183 - INFO - [SIGNAL] time=2026-01-10 16:51:00+00:00 price=90558.62 z=0.042 signal=0 pos=0.000
2026-01-10 11:53:20,217 - INFO - Status update: price=90558.62, Z-score=0.042, signal=0, position=0.000, equity=1.0011, return=0.11%
2026-01-10 11:54:20,479 - INFO - Updating latest data...
2026-01-10 11:54:20,836 - INFO - Data update completed, latest time: 2026-01-10 16:51:00+00:00
2026-01-10 11:54:21,431 - INFO - [SIGNAL] time=2026-01-10 16:51:00+00:00 price=90558.62 z=0.042 signal=0 pos=0.000
2026-01-10 11:54:21,470 - INFO - Status update: price=90558.62, Z-score=0.042, signal=0, position=0.000, equity=1.0011, return=0.11%
2026-01-10 11:55:21,501 - INFO - Updating latest data...
2026-01-10 11:55:22,259 - INFO - Data update completed, latest time: 2026-01-10 16:51:00+00:00
2026-01-10 11:55:22,863 - INFO - [SIGNAL] time=2026-01-10 16:51:00+00:00 price=90558.62 z=0.042 signal=0 pos=0.000
2026-01-10 11:55:22,923 - INFO - Status update: price=90558.62, Z-score=0.042, signal=0, position=0.000, equity=1.0011, return=0.11%
2026-01-10 11:56:22,947 - INFO - Updating latest data...
2026-01-10 11:56:23,709 - INFO - Data update completed, latest time: 2026-01-10 16:51:00+00:00
2026-01-10 11:56:24,573 - INFO - [SIGNAL] time=2026-01-10 16:51:00+00:00 price=90558.62 z=0.042 signal=0 pos=0.000
2026-01-10 11:56:24,612 - INFO - Status update: price=90558.62, Z-score=0.042, signal=0, position=0.000, equity=1.0011, return=0.11%
2026-01-10 11:57:24,637 - INFO - Updating latest data...
2026-01-10 11:57:25,312 - INFO - Data update completed, latest time: 2026-01-10 16:51:00+00:00
2026-01-10 11:57:26,203 - INFO - [SIGNAL] time=2026-01-10 16:51:00+00:00 price=90558.62 z=0.042 signal=0 pos=0.000
2026-01-10 11:57:26,241 - INFO - Status update: price=90558.62, Z-score=0.042, signal=0, position=0.000, equity=1.0011, return=0.11%
2026-01-10 11:58:26,270 - INFO - Updating latest data...
2026-01-10 11:58:27,019 - INFO - Data update completed, latest time: 2026-01-10 16:57:00+00:00
2026-01-10 11:58:27,617 - INFO - [SIGNAL] time=2026-01-10 16:57:00+00:00 price=90535.55 z=-0.516 signal=0 pos=0.000
2026-01-10 11:58:27,663 - INFO - Status update: price=90535.55, Z-score=-0.516, signal=0, position=0.000, equity=1.0011, return=0.11%
2026-01-10 11:59:27,692 - INFO - Updating latest data...
2026-01-10 11:59:28,425 - INFO - Data update completed, latest time: 2026-01-10 16:57:00+00:00
2026-01-10 11:59:29,101 - INFO - [SIGNAL] time=2026-01-10 16:57:00+00:00 price=90535.55 z=-0.516 signal=0 pos=0.000
2026-01-10 11:59:29,146 - INFO - Status update: price=90535.55, Z-score=-0.516, signal=0, position=0.000, equity=1.0011, return=0.11%
2026-01-10 12:00:29,153 - INFO - Updating latest data...
2026-01-10 12:00:29,782 - INFO - Data update completed, latest time: 2026-01-10 16:57:00+00:00
2026-01-10 12:00:30,395 - INFO - [SIGNAL] time=2026-01-10 16:57:00+00:00 price=90535.55 z=-0.516 signal=0 pos=0.000
2026-01-10 12:00:30,487 - INFO - Status update: price=90535.55, Z-score=-0.516, signal=0, position=0.000, equity=1.0011, return=0.11%
2026-01-10 12:01:30,492 - INFO - Updating latest data...
2026-01-10 12:01:31,036 - INFO - Data update completed, latest time: 2026-01-10 17:00:00+00:00
2026-01-10 12:01:31,623 - INFO - [SIGNAL] time=2026-01-10 17:00:00+00:00 price=90554.99 z=-0.026 signal=0 pos=0.000
2026-01-10 12:01:31,784 - INFO - Status update: price=90554.99, Z-score=-0.026, signal=0, position=0.000, equity=1.0011, return=0.11% | ETF: flat, $35,654, Trades: []
2026-01-10 12:02:31,800 - INFO - Updating latest data...
2026-01-10 12:02:32,240 - INFO - Data update completed, latest time: 2026-01-10 17:01:00+00:00
2026-01-10 12:02:32,823 - INFO - [SIGNAL] time=2026-01-10 17:01:00+00:00 price=90588.76 z=0.911 signal=0 pos=0.000
2026-01-10 12:02:32,886 - INFO - Status update: price=90588.76, Z-score=0.911, signal=0, position=0.000, equity=1.0011, return=0.11%
2026-01-10 12:03:32,893 - INFO - Updating latest data...
2026-01-10 12:03:33,278 - INFO - Data update completed, latest time: 2026-01-10 17:02:00+00:00
2026-01-10 12:03:33,870 - INFO - [SIGNAL] time=2026-01-10 17:02:00+00:00 price=90565.40 z=0.336 signal=0 pos=0.000
2026-01-10 12:03:33,904 - INFO - Status update: price=90565.40, Z-score=0.336, signal=0, position=0.000, equity=1.0011, return=0.11%
2026-01-10 12:04:33,912 - INFO - Updating latest data...
2026-01-10 12:04:34,312 - INFO - Data update completed, latest time: 2026-01-10 17:03:00+00:00
2026-01-10 12:04:34,909 - INFO - [SIGNAL] time=2026-01-10 17:03:00+00:00 price=90579.15 z=0.674 signal=0 pos=0.000
2026-01-10 12:04:34,960 - INFO - Status update: price=90579.15, Z-score=0.674, signal=0, position=0.000, equity=1.0011, return=0.11%
2026-01-10 12:05:34,967 - INFO - Updating latest data...
2026-01-10 12:05:35,560 - INFO - Data update completed, latest time: 2026-01-10 17:04:00+00:00
2026-01-10 12:05:36,143 - INFO - [SIGNAL] time=2026-01-10 17:04:00+00:00 price=90592.28 z=0.996 signal=0 pos=0.000
2026-01-10 12:05:36,207 - INFO - Status update: price=90592.28, Z-score=0.996, signal=0, position=0.000, equity=1.0011, return=0.11%
2026-01-10 12:06:36,227 - INFO - Updating latest data...
2026-01-10 12:06:36,908 - INFO - Data update completed, latest time: 2026-01-10 17:05:00+00:00
2026-01-10 12:06:37,503 - INFO - [SIGNAL] time=2026-01-10 17:05:00+00:00 price=90574.30 z=0.555 signal=0 pos=0.000
2026-01-10 12:06:37,555 - INFO - Status update: price=90574.30, Z-score=0.555, signal=0, position=0.000, equity=1.0011, return=0.11%
2026-01-10 12:07:37,562 - INFO - Updating latest data...
2026-01-10 12:07:37,994 - INFO - Data update completed, latest time: 2026-01-10 17:05:00+00:00
2026-01-10 12:07:38,575 - INFO - [SIGNAL] time=2026-01-10 17:05:00+00:00 price=90574.30 z=0.555 signal=0 pos=0.000
2026-01-10 12:07:38,619 - INFO - Status update: price=90574.30, Z-score=0.555, signal=0, position=0.000, equity=1.0011, return=0.11%
2026-01-10 12:08:38,646 - INFO - Updating latest data...
2026-01-10 12:08:39,578 - INFO - Data update completed, latest time: 2026-01-10 17:05:00+00:00
2026-01-10 12:08:40,170 - INFO - [SIGNAL] time=2026-01-10 17:05:00+00:00 price=90574.30 z=0.555 signal=0 pos=0.000
2026-01-10 12:08:40,214 - INFO - Status update: price=90574.30, Z-score=0.555, signal=0, position=0.000, equity=1.0011, return=0.11%
2026-01-10 12:09:40,220 - INFO - Updating latest data...
2026-01-10 12:09:40,840 - INFO - Data update completed, latest time: 2026-01-10 17:08:00+00:00
2026-01-10 12:09:41,427 - INFO - [SIGNAL] time=2026-01-10 17:08:00+00:00 price=90574.30 z=0.557 signal=0 pos=0.000
2026-01-10 12:09:41,563 - INFO - Status update: price=90574.30, Z-score=0.557, signal=0, position=0.000, equity=1.0011, return=0.11%
2026-01-10 12:10:41,569 - INFO - Updating latest data...
2026-01-10 12:10:42,291 - INFO - Data update completed, latest time: 2026-01-10 17:09:00+00:00
2026-01-10 12:10:42,730 - INFO - [SIGNAL] time=2026-01-10 17:09:00+00:00 price=90575.75 z=0.588 signal=0 pos=0.000
2026-01-10 12:10:42,766 - INFO - Status update: price=90575.75, Z-score=0.588, signal=0, position=0.000, equity=1.0011, return=0.11%
2026-01-10 12:11:42,773 - INFO - Updating latest data...
2026-01-10 12:11:43,125 - INFO - Data update completed, latest time: 2026-01-10 17:09:00+00:00
2026-01-10 12:11:43,595 - INFO - [SIGNAL] time=2026-01-10 17:09:00+00:00 price=90575.75 z=0.588 signal=0 pos=0.000
2026-01-10 12:11:43,720 - INFO - Status update: price=90575.75, Z-score=0.588, signal=0, position=0.000, equity=1.0011, return=0.11%
2026-01-10 12:12:43,735 - INFO - Updating latest data...
2026-01-10 12:12:44,135 - INFO - Data update completed, latest time: 2026-01-10 17:11:00+00:00
2026-01-10 12:12:44,574 - INFO - [SIGNAL] time=2026-01-10 17:11:00+00:00 price=90581.05 z=0.716 signal=0 pos=0.000
2026-01-10 12:12:44,620 - INFO - Status update: price=90581.05, Z-score=0.716, signal=0, position=0.000, equity=1.0011, return=0.11%
2026-01-10 12:13:44,627 - INFO - Updating latest data...
2026-01-10 12:13:45,073 - INFO - Data update completed, latest time: 2026-01-10 17:11:00+00:00
2026-01-10 12:13:45,510 - INFO - [SIGNAL] time=2026-01-10 17:11:00+00:00 price=90581.05 z=0.716 signal=0 pos=0.000
2026-01-10 12:13:45,540 - INFO - Status update: price=90581.05, Z-score=0.716, signal=0, position=0.000, equity=1.0011, return=0.11%
2026-01-10 12:14:45,544 - INFO - Updating latest data...
2026-01-10 12:14:46,046 - INFO - Data update completed, latest time: 2026-01-10 17:13:00+00:00
2026-01-10 12:14:46,506 - INFO - [SIGNAL] time=2026-01-10 17:13:00+00:00 price=90577.05 z=0.615 signal=0 pos=0.000
2026-01-10 12:14:46,541 - INFO - Status update: price=90577.05, Z-score=0.615, signal=0, position=0.000, equity=1.0011, return=0.11%
2026-01-10 12:15:46,546 - INFO - Updating latest data...
2026-01-10 12:15:46,953 - INFO - Data update completed, latest time: 2026-01-10 17:14:00+00:00
2026-01-10 12:15:47,394 - INFO - [SIGNAL] time=2026-01-10 17:14:00+00:00 price=90604.24 z=0.612 signal=0 pos=0.000
2026-01-10 12:15:47,512 - INFO - Status update: price=90604.24, Z-score=0.612, signal=0, position=0.000, equity=1.0011, return=0.11%
2026-01-10 12:16:47,517 - INFO - Updating latest data...
2026-01-10 12:16:47,936 - INFO - Data update completed, latest time: 2026-01-10 17:14:00+00:00
2026-01-10 12:16:48,377 - INFO - [SIGNAL] time=2026-01-10 17:14:00+00:00 price=90604.24 z=0.612 signal=0 pos=0.000
2026-01-10 12:16:48,469 - INFO - Status update: price=90604.24, Z-score=0.612, signal=0, position=0.000, equity=1.0011, return=0.11%
2026-01-10 12:17:48,482 - INFO - Updating latest data...
2026-01-10 12:17:48,977 - INFO - Data update completed, latest time: 2026-01-10 17:14:00+00:00
2026-01-10 12:17:49,415 - INFO - [SIGNAL] time=2026-01-10 17:14:00+00:00 price=90604.24 z=0.612 signal=0 pos=0.000
2026-01-10 12:17:49,449 - INFO - Status update: price=90604.24, Z-score=0.612, signal=0, position=0.000, equity=1.0011, return=0.11%
2026-01-10 12:18:49,462 - INFO - Updating latest data...
2026-01-10 12:18:49,855 - INFO - Data update completed, latest time: 2026-01-10 17:14:00+00:00
2026-01-10 12:18:50,294 - INFO - [SIGNAL] time=2026-01-10 17:14:00+00:00 price=90604.24 z=0.612 signal=0 pos=0.000
2026-01-10 12:18:50,335 - INFO - Status update: price=90604.24, Z-score=0.612, signal=0, position=0.000, equity=1.0011, return=0.11%
2026-01-10 12:19:50,351 - INFO - Updating latest data...
2026-01-10 12:19:50,737 - INFO - Data update completed, latest time: 2026-01-10 17:18:00+00:00
2026-01-10 12:19:51,182 - INFO - [SIGNAL] time=2026-01-10 17:18:00+00:00 price=90613.15 z=0.826 signal=0 pos=0.000
2026-01-10 12:19:51,217 - INFO - Status update: price=90613.15, Z-score=0.826, signal=0, position=0.000, equity=1.0011, return=0.11%
2026-01-10 12:20:51,229 - INFO - Updating latest data...
2026-01-10 12:20:51,679 - INFO - Data update completed, latest time: 2026-01-10 17:19:00+00:00
2026-01-10 12:20:52,120 - INFO - [SIGNAL] time=2026-01-10 17:19:00+00:00 price=90627.98 z=1.184 signal=0 pos=0.000
2026-01-10 12:20:52,156 - INFO - Status update: price=90627.98, Z-score=1.184, signal=0, position=0.000, equity=1.0011, return=0.11%
2026-01-10 12:21:52,165 - INFO - Updating latest data...
2026-01-10 12:21:52,487 - INFO - Data update completed, latest time: 2026-01-10 17:19:00+00:00
2026-01-10 12:21:52,930 - INFO - [SIGNAL] time=2026-01-10 17:19:00+00:00 price=90627.98 z=1.184 signal=0 pos=0.000
2026-01-10 12:21:52,969 - INFO - Status update: price=90627.98, Z-score=1.184, signal=0, position=0.000, equity=1.0011, return=0.11%
2026-01-10 12:22:52,983 - INFO - Updating latest data...
2026-01-10 12:22:53,332 - INFO - Data update completed, latest time: 2026-01-10 17:19:00+00:00
2026-01-10 12:22:53,769 - INFO - [SIGNAL] time=2026-01-10 17:19:00+00:00 price=90627.98 z=1.184 signal=0 pos=0.000
2026-01-10 12:22:53,808 - INFO - Status update: price=90627.98, Z-score=1.184, signal=0, position=0.000, equity=1.0011, return=0.11%
2026-01-10 12:23:53,820 - INFO - Updating latest data...
2026-01-10 12:23:54,164 - INFO - Data update completed, latest time: 2026-01-10 17:22:00+00:00
2026-01-10 12:23:54,611 - INFO - [SIGNAL] time=2026-01-10 17:22:00+00:00 price=90610.16 z=0.742 signal=0 pos=0.000
2026-01-10 12:23:54,674 - INFO - Status update: price=90610.16, Z-score=0.742, signal=0, position=0.000, equity=1.0011, return=0.11%
2026-01-10 12:24:54,682 - INFO - Updating latest data...
2026-01-10 12:24:55,064 - INFO - Data update completed, latest time: 2026-01-10 17:23:00+00:00
2026-01-10 12:24:55,506 - INFO - [SIGNAL] time=2026-01-10 17:23:00+00:00 price=90598.54 z=0.459 signal=0 pos=0.000
2026-01-10 12:24:55,542 - INFO - Status update: price=90598.54, Z-score=0.459, signal=0, position=0.000, equity=1.0011, return=0.11%
2026-01-10 12:25:55,549 - INFO - Updating latest data...
2026-01-10 12:25:55,899 - INFO - Data update completed, latest time: 2026-01-10 17:24:00+00:00
2026-01-10 12:25:56,362 - INFO - [SIGNAL] time=2026-01-10 17:24:00+00:00 price=90622.84 z=1.051 signal=0 pos=0.000
2026-01-10 12:25:56,405 - INFO - Status update: price=90622.84, Z-score=1.051, signal=0, position=0.000, equity=1.0011, return=0.11%
2026-01-10 12:26:56,412 - INFO - Updating latest data...
2026-01-10 12:26:56,747 - INFO - Data update completed, latest time: 2026-01-10 17:24:00+00:00
2026-01-10 12:26:57,186 - INFO - [SIGNAL] time=2026-01-10 17:24:00+00:00 price=90622.84 z=1.051 signal=0 pos=0.000
2026-01-10 12:26:57,230 - INFO - Status update: price=90622.84, Z-score=1.051, signal=0, position=0.000, equity=1.0011, return=0.11%
2026-01-10 12:27:57,238 - INFO - Updating latest data...
2026-01-10 12:27:57,674 - INFO - Data update completed, latest time: 2026-01-10 17:24:00+00:00
2026-01-10 12:27:58,112 - INFO - [SIGNAL] time=2026-01-10 17:24:00+00:00 price=90622.84 z=1.051 signal=0 pos=0.000
2026-01-10 12:27:58,155 - INFO - Status update: price=90622.84, Z-score=1.051, signal=0, position=0.000, equity=1.0011, return=0.11%
2026-01-10 12:28:58,165 - INFO - Updating latest data...
2026-01-10 12:28:58,576 - INFO - Data update completed, latest time: 2026-01-10 17:27:00+00:00
2026-01-10 12:28:59,013 - INFO - [SIGNAL] time=2026-01-10 17:27:00+00:00 price=90622.84 z=1.046 signal=0 pos=0.000
2026-01-10 12:28:59,054 - INFO - Status update: price=90622.84, Z-score=1.046, signal=0, position=0.000, equity=1.0011, return=0.11%
2026-01-10 12:29:59,069 - INFO - Updating latest data...
2026-01-10 12:29:59,418 - INFO - Data update completed, latest time: 2026-01-10 17:27:00+00:00
2026-01-10 12:29:59,871 - INFO - [SIGNAL] time=2026-01-10 17:27:00+00:00 price=90622.84 z=1.046 signal=0 pos=0.000
2026-01-10 12:29:59,923 - INFO - Status update: price=90622.84, Z-score=1.046, signal=0, position=0.000, equity=1.0011, return=0.11%
2026-01-10 12:30:59,935 - INFO - Updating latest data...
2026-01-10 12:31:07,356 - INFO - Data update completed, latest time: 2026-01-10 17:30:00+00:00
2026-01-10 12:31:07,801 - INFO - [SIGNAL] time=2026-01-10 17:30:00+00:00 price=90617.15 z=0.898 signal=0 pos=0.000
2026-01-10 12:31:08,495 - INFO - Status update: price=90617.15, Z-score=0.898, signal=0, position=0.000, equity=1.0011, return=0.11% | ETF: flat, $35,654, Trades: []
2026-01-10 12:32:08,508 - INFO - Updating latest data...
2026-01-10 12:32:08,965 - INFO - Data update completed, latest time: 2026-01-10 17:31:00+00:00
2026-01-10 12:32:09,401 - INFO - [SIGNAL] time=2026-01-10 17:31:00+00:00 price=90581.91 z=0.037 signal=0 pos=0.000
2026-01-10 12:32:09,456 - INFO - Status update: price=90581.91, Z-score=0.037, signal=0, position=0.000, equity=1.0011, return=0.11%
2026-01-10 12:33:09,468 - INFO - Updating latest data...
2026-01-10 12:33:09,826 - INFO - Data update completed, latest time: 2026-01-10 17:32:00+00:00
2026-01-10 12:33:10,302 - INFO - [SIGNAL] time=2026-01-10 17:32:00+00:00 price=90553.01 z=-0.667 signal=0 pos=0.000
2026-01-10 12:33:10,352 - INFO - Status update: price=90553.01, Z-score=-0.667, signal=0, position=0.000, equity=1.0011, return=0.11%
2026-01-10 12:34:10,360 - INFO - Updating latest data...
2026-01-10 12:34:10,744 - INFO - Data update completed, latest time: 2026-01-10 17:32:00+00:00
2026-01-10 12:34:11,181 - INFO - [SIGNAL] time=2026-01-10 17:32:00+00:00 price=90553.01 z=-0.667 signal=0 pos=0.000
2026-01-10 12:34:11,239 - INFO - Status update: price=90553.01, Z-score=-0.667, signal=0, position=0.000, equity=1.0011, return=0.11%
2026-01-10 12:35:11,251 - INFO - Updating latest data...
2026-01-10 12:35:11,633 - INFO - Data update completed, latest time: 2026-01-10 17:34:00+00:00
2026-01-10 12:35:12,099 - INFO - [SIGNAL] time=2026-01-10 17:34:00+00:00 price=90578.04 z=-0.047 signal=0 pos=0.000
2026-01-10 12:35:12,135 - INFO - Status update: price=90578.04, Z-score=-0.047, signal=0, position=0.000, equity=1.0011, return=0.11%
2026-01-10 12:36:12,148 - INFO - Updating latest data...
2026-01-10 12:36:12,597 - INFO - Data update completed, latest time: 2026-01-10 17:35:00+00:00
2026-01-10 12:36:13,059 - INFO - [SIGNAL] time=2026-01-10 17:35:00+00:00 price=90565.95 z=-0.340 signal=0 pos=0.000
2026-01-10 12:36:13,129 - INFO - Status update: price=90565.95, Z-score=-0.340, signal=0, position=0.000, equity=1.0011, return=0.11%
2026-01-10 12:37:13,142 - INFO - Updating latest data...
2026-01-10 12:37:13,479 - INFO - Data update completed, latest time: 2026-01-10 17:36:00+00:00
2026-01-10 12:37:13,932 - INFO - [SIGNAL] time=2026-01-10 17:36:00+00:00 price=90572.30 z=-0.182 signal=0 pos=0.000
2026-01-10 12:37:13,978 - INFO - Status update: price=90572.30, Z-score=-0.182, signal=0, position=0.000, equity=1.0011, return=0.11%
2026-01-10 12:38:13,990 - INFO - Updating latest data...
2026-01-10 12:38:14,340 - INFO - Data update completed, latest time: 2026-01-10 17:37:00+00:00
2026-01-10 12:38:14,778 - INFO - [SIGNAL] time=2026-01-10 17:37:00+00:00 price=90572.30 z=-0.179 signal=0 pos=0.000
2026-01-10 12:38:14,826 - INFO - Status update: price=90572.30, Z-score=-0.179, signal=0, position=0.000, equity=1.0011, return=0.11%
2026-01-10 12:39:14,839 - INFO - Updating latest data...
2026-01-10 12:39:15,268 - INFO - Data update completed, latest time: 2026-01-10 17:38:00+00:00
2026-01-10 12:39:15,717 - INFO - [SIGNAL] time=2026-01-10 17:38:00+00:00 price=90549.25 z=-0.738 signal=0 pos=0.000
2026-01-10 12:39:15,761 - INFO - Status update: price=90549.25, Z-score=-0.738, signal=0, position=0.000, equity=1.0011, return=0.11%
2026-01-10 12:40:15,774 - INFO - Updating latest data...
2026-01-10 12:40:16,236 - INFO - Data update completed, latest time: 2026-01-10 17:38:00+00:00
2026-01-10 12:40:16,675 - INFO - [SIGNAL] time=2026-01-10 17:38:00+00:00 price=90549.25 z=-0.738 signal=0 pos=0.000
2026-01-10 12:40:16,735 - INFO - Status update: price=90549.25, Z-score=-0.738, signal=0, position=0.000, equity=1.0011, return=0.11%
2026-01-10 12:41:16,749 - INFO - Updating latest data...
2026-01-10 12:41:17,200 - INFO - Data update completed, latest time: 2026-01-10 17:40:00+00:00
2026-01-10 12:41:17,642 - INFO - [SIGNAL] time=2026-01-10 17:40:00+00:00 price=90533.45 z=-1.113 signal=0 pos=0.000
2026-01-10 12:41:17,696 - INFO - Status update: price=90533.45, Z-score=-1.113, signal=0, position=0.000, equity=1.0011, return=0.11% | ETF: flat, $35,654, Trades: []
2026-01-10 12:42:17,701 - INFO - Updating latest data...
2026-01-10 12:42:18,074 - INFO - Data update completed, latest time: 2026-01-10 17:40:00+00:00
2026-01-10 12:42:18,515 - INFO - [SIGNAL] time=2026-01-10 17:40:00+00:00 price=90533.45 z=-1.113 signal=0 pos=0.000
2026-01-10 12:42:18,559 - INFO - Status update: price=90533.45, Z-score=-1.113, signal=0, position=0.000, equity=1.0011, return=0.11% | ETF: flat, $35,654, Trades: []
2026-01-10 12:43:18,567 - INFO - Updating latest data...
2026-01-10 12:43:19,544 - INFO - Data update completed, latest time: 2026-01-10 17:42:00+00:00
2026-01-10 12:43:20,213 - INFO - [SIGNAL] time=2026-01-10 17:42:00+00:00 price=90542.57 z=-0.878 signal=0 pos=0.000
2026-01-10 12:43:20,247 - INFO - Status update: price=90542.57, Z-score=-0.878, signal=0, position=0.000, equity=1.0011, return=0.11%
2026-01-10 12:44:20,255 - INFO - Updating latest data...
2026-01-10 12:44:20,676 - INFO - Data update completed, latest time: 2026-01-10 17:42:00+00:00
2026-01-10 12:44:21,124 - INFO - [SIGNAL] time=2026-01-10 17:42:00+00:00 price=90542.57 z=-0.878 signal=0 pos=0.000
2026-01-10 12:44:21,167 - INFO - Status update: price=90542.57, Z-score=-0.878, signal=0, position=0.000, equity=1.0011, return=0.11%
2026-01-10 12:45:21,173 - INFO - Updating latest data...
2026-01-10 12:45:21,555 - INFO - Data update completed, latest time: 2026-01-10 17:42:00+00:00
2026-01-10 12:45:21,999 - INFO - [SIGNAL] time=2026-01-10 17:42:00+00:00 price=90542.57 z=-0.878 signal=0 pos=0.000
2026-01-10 12:45:22,524 - INFO - Status update: price=90542.57, Z-score=-0.878, signal=0, position=0.000, equity=1.0011, return=0.11%
2026-01-10 12:46:22,532 - INFO - Updating latest data...
2026-01-10 12:46:22,875 - INFO - Data update completed, latest time: 2026-01-10 17:45:00+00:00
2026-01-10 12:46:23,314 - INFO - [SIGNAL] time=2026-01-10 17:45:00+00:00 price=90549.00 z=-0.706 signal=0 pos=0.000
2026-01-10 12:46:23,357 - INFO - Status update: price=90549.00, Z-score=-0.706, signal=0, position=0.000, equity=1.0011, return=0.11%
2026-01-10 12:47:23,364 - INFO - Updating latest data...
2026-01-10 12:47:23,739 - INFO - Data update completed, latest time: 2026-01-10 17:46:00+00:00
2026-01-10 12:47:24,178 - INFO - [SIGNAL] time=2026-01-10 17:46:00+00:00 price=90488.28 z=-1.804 signal=0 pos=0.000
2026-01-10 12:47:24,223 - INFO - Status update: price=90488.28, Z-score=-1.804, signal=0, position=0.000, equity=1.0011, return=0.11%
2026-01-10 12:48:24,229 - INFO - Updating latest data...
2026-01-10 12:48:24,551 - INFO - Data update completed, latest time: 2026-01-10 17:46:00+00:00
2026-01-10 12:48:25,000 - INFO - [SIGNAL] time=2026-01-10 17:46:00+00:00 price=90488.28 z=-1.804 signal=0 pos=0.000
2026-01-10 12:48:25,044 - INFO - Status update: price=90488.28, Z-score=-1.804, signal=0, position=0.000, equity=1.0011, return=0.11%
2026-01-10 12:49:25,051 - INFO - Updating latest data...
2026-01-10 12:49:25,380 - INFO - Data update completed, latest time: 2026-01-10 17:48:00+00:00
2026-01-10 12:49:25,821 - INFO - [SIGNAL] time=2026-01-10 17:48:00+00:00 price=90505.21 z=-1.373 signal=0 pos=0.000
2026-01-10 12:49:25,866 - INFO - Status update: price=90505.21, Z-score=-1.373, signal=0, position=0.000, equity=1.0011, return=0.11%
2026-01-10 12:50:25,872 - INFO - Updating latest data...
2026-01-10 12:50:26,247 - INFO - Data update completed, latest time: 2026-01-10 17:48:00+00:00
2026-01-10 12:50:26,690 - INFO - [SIGNAL] time=2026-01-10 17:48:00+00:00 price=90505.21 z=-1.373 signal=0 pos=0.000
2026-01-10 12:50:26,727 - INFO - Status update: price=90505.21, Z-score=-1.373, signal=0, position=0.000, equity=1.0011, return=0.11%
2026-01-10 12:51:26,735 - INFO - Updating latest data...
2026-01-10 12:51:27,128 - INFO - Data update completed, latest time: 2026-01-10 17:50:00+00:00
2026-01-10 12:51:27,571 - INFO - [SIGNAL] time=2026-01-10 17:50:00+00:00 price=90499.70 z=-1.490 signal=0 pos=0.000
2026-01-10 12:51:27,612 - INFO - Status update: price=90499.70, Z-score=-1.490, signal=0, position=0.000, equity=1.0011, return=0.11% | ETF: flat, $35,654, Trades: []
2026-01-10 12:52:27,616 - INFO - Updating latest data...
2026-01-10 12:52:27,969 - INFO - Data update completed, latest time: 2026-01-10 17:51:00+00:00
2026-01-10 12:52:28,409 - INFO - [SIGNAL] time=2026-01-10 17:51:00+00:00 price=90470.76 z=-1.549 signal=0 pos=0.000
2026-01-10 12:52:28,454 - INFO - Status update: price=90470.76, Z-score=-1.549, signal=0, position=0.000, equity=1.0011, return=0.11%
2026-01-10 12:53:28,461 - INFO - Updating latest data...
2026-01-10 12:53:28,799 - INFO - Data update completed, latest time: 2026-01-10 17:52:00+00:00
2026-01-10 12:53:29,256 - INFO - [SIGNAL] time=2026-01-10 17:52:00+00:00 price=90470.76 z=-1.540 signal=0 pos=0.000
2026-01-10 12:53:29,292 - INFO - Status update: price=90470.76, Z-score=-1.540, signal=0, position=0.000, equity=1.0011, return=0.11%
2026-01-10 12:54:29,300 - INFO - Updating latest data...
2026-01-10 12:54:29,665 - INFO - Data update completed, latest time: 2026-01-10 17:53:00+00:00
2026-01-10 12:54:30,118 - INFO - [SIGNAL] time=2026-01-10 17:53:00+00:00 price=90504.61 z=-1.419 signal=0 pos=0.000
2026-01-10 12:54:30,158 - INFO - Status update: price=90504.61, Z-score=-1.419, signal=0, position=0.000, equity=1.0011, return=0.11%
2026-01-10 12:55:30,160 - INFO - Updating latest data...
2026-01-10 12:55:30,665 - INFO - Data update completed, latest time: 2026-01-10 17:54:00+00:00
2026-01-10 12:55:31,116 - INFO - [SIGNAL] time=2026-01-10 17:54:00+00:00 price=90469.90 z=-1.710 signal=0 pos=0.000
2026-01-10 12:55:31,158 - INFO - Status update: price=90469.90, Z-score=-1.710, signal=0, position=0.000, equity=1.0011, return=0.11%
2026-01-10 12:56:31,181 - INFO - Updating latest data...
2026-01-10 12:56:31,796 - INFO - Data update completed, latest time: 2026-01-10 17:55:00+00:00
2026-01-10 12:56:32,253 - INFO - [SIGNAL] time=2026-01-10 17:55:00+00:00 price=90444.05 z=-1.436 signal=0 pos=0.000
2026-01-10 12:56:32,285 - INFO - Status update: price=90444.05, Z-score=-1.436, signal=0, position=0.000, equity=1.0011, return=0.11%
2026-01-10 12:57:32,314 - INFO - Updating latest data...
2026-01-10 12:57:32,934 - INFO - Data update completed, latest time: 2026-01-10 17:56:00+00:00
2026-01-10 12:57:33,413 - INFO - [SIGNAL] time=2026-01-10 17:56:00+00:00 price=90468.00 z=-0.854 signal=0 pos=0.000
2026-01-10 12:57:33,452 - INFO - Status update: price=90468.00, Z-score=-0.854, signal=0, position=0.000, equity=1.0011, return=0.11%
2026-01-10 12:58:33,464 - INFO - Updating latest data...
2026-01-10 12:58:33,903 - INFO - Data update completed, latest time: 2026-01-10 17:57:00+00:00
2026-01-10 12:58:34,343 - INFO - [SIGNAL] time=2026-01-10 17:57:00+00:00 price=90411.25 z=-2.203 signal=0 pos=0.000
2026-01-10 12:58:34,386 - INFO - Status update: price=90411.25, Z-score=-2.203, signal=0, position=0.000, equity=1.0011, return=0.11%
2026-01-10 12:59:34,397 - INFO - Updating latest data...
2026-01-10 12:59:34,778 - INFO - Data update completed, latest time: 2026-01-10 17:58:00+00:00
2026-01-10 12:59:35,220 - INFO - [SIGNAL] time=2026-01-10 17:58:00+00:00 price=90425.41 z=-1.850 signal=0 pos=0.000
2026-01-10 12:59:35,274 - INFO - Status update: price=90425.41, Z-score=-1.850, signal=0, position=0.000, equity=1.0011, return=0.11%
2026-01-10 13:00:35,287 - INFO - Updating latest data...
2026-01-10 13:00:35,621 - INFO - Data update completed, latest time: 2026-01-10 17:58:00+00:00
2026-01-10 13:00:36,063 - INFO - [SIGNAL] time=2026-01-10 17:58:00+00:00 price=90425.41 z=-1.850 signal=0 pos=0.000
2026-01-10 13:00:36,099 - INFO - Status update: price=90425.41, Z-score=-1.850, signal=0, position=0.000, equity=1.0011, return=0.11%
2026-01-10 13:01:43,277 - INFO - Updating latest data...
2026-01-10 13:01:43,776 - INFO - Data update completed, latest time: 2026-01-10 18:00:00+00:00
2026-01-10 13:01:44,228 - INFO - [SIGNAL] time=2026-01-10 18:00:00+00:00 price=90447.31 z=-1.304 signal=0 pos=0.000
2026-01-10 13:01:44,271 - INFO - Status update: price=90447.31, Z-score=-1.304, signal=0, position=0.000, equity=1.0011, return=0.11% | ETF: flat, $35,654, Trades: []
2026-01-10 13:17:44,129 - INFO - Updating latest data...
2026-01-10 13:17:44,836 - INFO - Data update completed, latest time: 2026-01-10 18:16:00+00:00
2026-01-10 13:17:45,297 - INFO - [SIGNAL] time=2026-01-10 18:16:00+00:00 price=90414.88 z=-1.405 signal=0 pos=0.000
2026-01-10 14:36:08,725 - ERROR - Error getting account status: ('Connection aborted.', RemoteDisconnected('Remote end closed connection without response'))
2026-01-10 14:36:08,785 - INFO - Status update: price=90414.88, Z-score=-1.405, signal=0, position=0.000, equity=1.0011, return=0.11%
2026-01-10 14:37:08,793 - INFO - Updating latest data...
2026-01-10 14:37:10,044 - INFO - Data update completed, latest time: 2026-01-10 19:36:00+00:00
2026-01-10 14:37:10,614 - INFO - [SIGNAL] time=2026-01-10 19:36:00+00:00 price=90491.91 z=0.371 signal=0 pos=0.000
2026-01-10 14:37:10,882 - INFO - Status update: price=90491.91, Z-score=0.371, signal=0, position=0.000, equity=1.0011, return=0.11%
2026-01-10 14:38:10,891 - INFO - Updating latest data...
2026-01-10 14:38:11,435 - INFO - Data update completed, latest time: 2026-01-10 19:37:00+00:00
2026-01-10 14:38:11,920 - INFO - [SIGNAL] time=2026-01-10 19:37:00+00:00 price=90508.10 z=0.795 signal=0 pos=0.000
2026-01-10 14:38:11,961 - INFO - Status update: price=90508.10, Z-score=0.795, signal=0, position=0.000, equity=1.0011, return=0.11%
2026-01-10 14:39:11,968 - INFO - Updating latest data...
2026-01-10 14:39:12,342 - INFO - Data update completed, latest time: 2026-01-10 19:38:00+00:00
2026-01-10 14:39:12,806 - INFO - [SIGNAL] time=2026-01-10 19:38:00+00:00 price=90498.29 z=0.539 signal=0 pos=0.000
2026-01-10 14:39:12,965 - INFO - Status update: price=90498.29, Z-score=0.539, signal=0, position=0.000, equity=1.0011, return=0.11%
2026-01-10 14:40:12,967 - INFO - Updating latest data...
2026-01-10 14:40:13,491 - INFO - Data update completed, latest time: 2026-01-10 19:39:00+00:00
2026-01-10 14:40:13,961 - INFO - [SIGNAL] time=2026-01-10 19:39:00+00:00 price=90513.36 z=0.726 signal=0 pos=0.000
2026-01-10 14:40:13,996 - INFO - Status update: price=90513.36, Z-score=0.726, signal=0, position=0.000, equity=1.0011, return=0.11%
2026-01-10 14:41:13,998 - INFO - Updating latest data...
2026-01-10 14:41:14,396 - INFO - Data update completed, latest time: 2026-01-10 19:39:00+00:00
2026-01-10 14:41:14,856 - INFO - [SIGNAL] time=2026-01-10 19:39:00+00:00 price=90513.36 z=0.726 signal=0 pos=0.000
2026-01-10 14:41:14,894 - INFO - Status update: price=90513.36, Z-score=0.726, signal=0, position=0.000, equity=1.0011, return=0.11%
2026-01-10 14:42:14,900 - INFO - Updating latest data...
2026-01-10 14:42:15,298 - INFO - Data update completed, latest time: 2026-01-10 19:41:00+00:00
2026-01-10 14:42:15,755 - INFO - [SIGNAL] time=2026-01-10 19:41:00+00:00 price=90513.36 z=0.581 signal=0 pos=0.000
2026-01-10 14:42:15,942 - INFO - Status update: price=90513.36, Z-score=0.581, signal=0, position=0.000, equity=1.0011, return=0.11%
2026-01-10 14:43:15,949 - INFO - Updating latest data...
2026-01-10 14:43:16,543 - INFO - Data update completed, latest time: 2026-01-10 19:42:00+00:00
2026-01-10 14:43:17,001 - INFO - [SIGNAL] time=2026-01-10 19:42:00+00:00 price=90501.05 z=0.259 signal=0 pos=0.000
2026-01-10 14:43:17,038 - INFO - Status update: price=90501.05, Z-score=0.259, signal=0, position=0.000, equity=1.0011, return=0.11%
2026-01-10 14:44:17,045 - INFO - Updating latest data...
2026-01-10 14:44:17,407 - INFO - Data update completed, latest time: 2026-01-10 19:43:00+00:00
2026-01-10 14:44:17,877 - INFO - [SIGNAL] time=2026-01-10 19:43:00+00:00 price=90501.05 z=0.156 signal=0 pos=0.000
2026-01-10 14:44:17,931 - INFO - Status update: price=90501.05, Z-score=0.156, signal=0, position=0.000, equity=1.0011, return=0.11%
2026-01-10 14:45:17,938 - INFO - Updating latest data...
2026-01-10 14:45:18,272 - INFO - Data update completed, latest time: 2026-01-10 19:44:00+00:00
2026-01-10 14:45:18,758 - INFO - [SIGNAL] time=2026-01-10 19:44:00+00:00 price=90501.05 z=0.063 signal=0 pos=0.000
2026-01-10 14:45:18,932 - INFO - Status update: price=90501.05, Z-score=0.063, signal=0, position=0.000, equity=1.0011, return=0.11%
2026-01-10 14:46:18,939 - INFO - Updating latest data...
2026-01-10 14:46:19,538 - INFO - Data update completed, latest time: 2026-01-10 19:45:00+00:00
2026-01-10 14:46:20,023 - INFO - [SIGNAL] time=2026-01-10 19:45:00+00:00 price=90495.85 z=-0.071 signal=0 pos=0.000
2026-01-10 14:46:20,074 - INFO - Status update: price=90495.85, Z-score=-0.071, signal=0, position=0.000, equity=1.0011, return=0.11%
2026-01-10 14:47:20,081 - INFO - Updating latest data...
2026-01-10 14:47:20,680 - INFO - Data update completed, latest time: 2026-01-10 19:46:00+00:00
2026-01-10 14:47:21,169 - INFO - [SIGNAL] time=2026-01-10 19:46:00+00:00 price=90484.82 z=0.704 signal=0 pos=0.000
2026-01-10 14:47:21,219 - INFO - Status update: price=90484.82, Z-score=0.704, signal=0, position=0.000, equity=1.0011, return=0.11%
2026-01-10 14:48:21,223 - INFO - Updating latest data...
2026-01-10 14:48:22,181 - INFO - Data update completed, latest time: 2026-01-10 19:47:00+00:00
2026-01-10 14:48:22,639 - INFO - [SIGNAL] time=2026-01-10 19:47:00+00:00 price=90484.82 z=0.703 signal=0 pos=0.000
2026-01-10 14:48:22,682 - INFO - Status update: price=90484.82, Z-score=0.703, signal=0, position=0.000, equity=1.0011, return=0.11%
2026-01-10 14:49:22,687 - INFO - Updating latest data...
2026-01-10 14:49:23,509 - INFO - Data update completed, latest time: 2026-01-10 19:48:00+00:00
2026-01-10 14:49:23,968 - INFO - [SIGNAL] time=2026-01-10 19:48:00+00:00 price=90482.86 z=0.650 signal=0 pos=0.000
2026-01-10 14:49:24,228 - INFO - Status update: price=90482.86, Z-score=0.650, signal=0, position=0.000, equity=1.0011, return=0.11%
2026-01-10 14:50:24,237 - INFO - Updating latest data...
2026-01-10 14:50:24,617 - INFO - Data update completed, latest time: 2026-01-10 19:49:00+00:00
2026-01-10 14:50:25,071 - INFO - [SIGNAL] time=2026-01-10 19:49:00+00:00 price=90503.74 z=1.193 signal=0 pos=0.000
2026-01-10 14:50:25,116 - INFO - Status update: price=90503.74, Z-score=1.193, signal=0, position=0.000, equity=1.0011, return=0.11%
2026-01-10 14:51:25,123 - INFO - Updating latest data...
2026-01-10 14:51:25,586 - INFO - Data update completed, latest time: 2026-01-10 19:50:00+00:00
2026-01-10 14:51:26,047 - INFO - [SIGNAL] time=2026-01-10 19:50:00+00:00 price=90494.74 z=0.522 signal=0 pos=0.000
2026-01-10 14:51:26,096 - INFO - Status update: price=90494.74, Z-score=0.522, signal=0, position=0.000, equity=1.0011, return=0.11% | ETF: flat, $35,654, Trades: []
2026-01-10 14:52:26,103 - INFO - Updating latest data...
2026-01-10 14:52:26,470 - INFO - Data update completed, latest time: 2026-01-10 19:50:00+00:00
2026-01-10 14:52:26,924 - INFO - [SIGNAL] time=2026-01-10 19:50:00+00:00 price=90494.74 z=0.522 signal=0 pos=0.000
2026-01-10 14:52:26,972 - INFO - Status update: price=90494.74, Z-score=0.522, signal=0, position=0.000, equity=1.0011, return=0.11% | ETF: flat, $35,654, Trades: []
2026-01-10 14:53:26,978 - INFO - Updating latest data...
2026-01-10 14:53:27,407 - INFO - Data update completed, latest time: 2026-01-10 19:52:00+00:00
2026-01-10 14:53:27,897 - INFO - [SIGNAL] time=2026-01-10 19:52:00+00:00 price=90500.15 z=0.562 signal=0 pos=0.000
2026-01-10 14:53:27,941 - INFO - Status update: price=90500.15, Z-score=0.562, signal=0, position=0.000, equity=1.0011, return=0.11%
2026-01-10 14:54:27,957 - INFO - Updating latest data...
2026-01-10 14:54:28,379 - INFO - Data update completed, latest time: 2026-01-10 19:53:00+00:00
2026-01-10 14:54:28,832 - INFO - [SIGNAL] time=2026-01-10 19:53:00+00:00 price=90479.45 z=-0.056 signal=0 pos=0.000
2026-01-10 14:54:28,874 - INFO - Status update: price=90479.45, Z-score=-0.056, signal=0, position=0.000, equity=1.0011, return=0.11%
2026-01-10 14:55:28,886 - INFO - Updating latest data...
2026-01-10 14:55:29,279 - INFO - Data update completed, latest time: 2026-01-10 19:54:00+00:00
2026-01-10 14:55:29,745 - INFO - [SIGNAL] time=2026-01-10 19:54:00+00:00 price=90509.24 z=0.505 signal=0 pos=0.000
2026-01-10 14:55:29,817 - INFO - Status update: price=90509.24, Z-score=0.505, signal=0, position=0.000, equity=1.0011, return=0.11%
2026-01-10 14:56:29,828 - INFO - Updating latest data...
2026-01-10 14:56:30,244 - INFO - Data update completed, latest time: 2026-01-10 19:54:00+00:00
2026-01-10 14:56:30,712 - INFO - [SIGNAL] time=2026-01-10 19:54:00+00:00 price=90509.24 z=0.505 signal=0 pos=0.000
2026-01-10 14:56:30,747 - INFO - Status update: price=90509.24, Z-score=0.505, signal=0, position=0.000, equity=1.0011, return=0.11%
2026-01-10 14:57:30,754 - INFO - Updating latest data...
2026-01-10 14:57:31,115 - INFO - Data update completed, latest time: 2026-01-10 19:56:00+00:00
2026-01-10 14:57:31,572 - INFO - [SIGNAL] time=2026-01-10 19:56:00+00:00 price=90510.10 z=0.535 signal=0 pos=0.000
2026-01-10 14:57:31,706 - INFO - Status update: price=90510.10, Z-score=0.535, signal=0, position=0.000, equity=1.0011, return=0.11%
2026-01-10 14:58:31,717 - INFO - Updating latest data...
2026-01-10 14:58:32,162 - INFO - Data update completed, latest time: 2026-01-10 19:57:00+00:00
2026-01-10 14:58:32,640 - INFO - [SIGNAL] time=2026-01-10 19:57:00+00:00 price=90513.94 z=0.641 signal=0 pos=0.000
2026-01-10 14:58:32,702 - INFO - Status update: price=90513.94, Z-score=0.641, signal=0, position=0.000, equity=1.0011, return=0.11%
2026-01-10 14:59:32,726 - INFO - Updating latest data...
2026-01-10 14:59:33,508 - INFO - Data update completed, latest time: 2026-01-10 19:58:00+00:00
2026-01-10 14:59:34,015 - INFO - [SIGNAL] time=2026-01-10 19:58:00+00:00 price=90510.31 z=1.012 signal=0 pos=0.000
2026-01-10 14:59:34,053 - INFO - Status update: price=90510.31, Z-score=1.012, signal=0, position=0.000, equity=1.0011, return=0.11%
2026-01-10 15:00:34,070 - INFO - Updating latest data...
2026-01-10 15:00:34,865 - INFO - Data update completed, latest time: 2026-01-10 19:59:00+00:00
2026-01-10 15:00:35,354 - INFO - [SIGNAL] time=2026-01-10 19:59:00+00:00 price=90517.55 z=1.204 signal=0 pos=0.000
2026-01-10 15:00:35,396 - INFO - Status update: price=90517.55, Z-score=1.204, signal=0, position=0.000, equity=1.0011, return=0.11%
2026-01-10 15:01:35,404 - INFO - Updating latest data...
2026-01-10 15:01:35,800 - INFO - Data update completed, latest time: 2026-01-10 20:00:00+00:00
2026-01-10 15:01:36,271 - INFO - [SIGNAL] time=2026-01-10 20:00:00+00:00 price=90524.58 z=1.388 signal=0 pos=0.000
2026-01-10 15:01:36,330 - INFO - Status update: price=90524.58, Z-score=1.388, signal=0, position=0.000, equity=1.0011, return=0.11% | ETF: flat, $35,654, Trades: []
2026-01-10 15:02:36,339 - INFO - Updating latest data...
2026-01-10 15:02:36,771 - INFO - Data update completed, latest time: 2026-01-10 20:01:00+00:00
2026-01-10 15:02:37,258 - INFO - [SIGNAL] time=2026-01-10 20:01:00+00:00 price=90511.28 z=1.042 signal=0 pos=0.000
2026-01-10 15:02:37,293 - INFO - Status update: price=90511.28, Z-score=1.042, signal=0, position=0.000, equity=1.0011, return=0.11%
2026-01-10 15:03:37,299 - INFO - Updating latest data...
2026-01-10 15:03:37,709 - INFO - Data update completed, latest time: 2026-01-10 20:02:00+00:00
2026-01-10 15:03:38,177 - INFO - [SIGNAL] time=2026-01-10 20:02:00+00:00 price=90524.11 z=1.295 signal=0 pos=0.000
2026-01-10 15:03:38,231 - INFO - Status update: price=90524.11, Z-score=1.295, signal=0, position=0.000, equity=1.0011, return=0.11%
2026-01-10 15:04:38,239 - INFO - Updating latest data...
2026-01-10 15:04:38,607 - INFO - Data update completed, latest time: 2026-01-10 20:03:00+00:00
2026-01-10 15:04:39,081 - INFO - [SIGNAL] time=2026-01-10 20:03:00+00:00 price=90500.10 z=0.684 signal=0 pos=0.000
2026-01-10 15:04:39,129 - INFO - Status update: price=90500.10, Z-score=0.684, signal=0, position=0.000, equity=1.0011, return=0.11%
2026-01-10 15:05:39,142 - INFO - Updating latest data...
2026-01-10 15:05:39,569 - INFO - Data update completed, latest time: 2026-01-10 20:04:00+00:00
2026-01-10 15:05:40,073 - INFO - [SIGNAL] time=2026-01-10 20:04:00+00:00 price=90497.76 z=0.629 signal=0 pos=0.000
2026-01-10 15:05:40,139 - INFO - Status update: price=90497.76, Z-score=0.629, signal=0, position=0.000, equity=1.0011, return=0.11%
2026-01-10 15:06:40,151 - INFO - Updating latest data...
2026-01-10 15:06:40,707 - INFO - Data update completed, latest time: 2026-01-10 20:05:00+00:00
2026-01-10 15:06:41,168 - INFO - [SIGNAL] time=2026-01-10 20:05:00+00:00 price=90502.34 z=0.757 signal=0 pos=0.000
2026-01-10 15:06:41,212 - INFO - Status update: price=90502.34, Z-score=0.757, signal=0, position=0.000, equity=1.0011, return=0.11%
2026-01-10 15:07:41,224 - INFO - Updating latest data...
2026-01-10 15:07:41,578 - INFO - Data update completed, latest time: 2026-01-10 20:05:00+00:00
2026-01-10 15:07:42,036 - INFO - [SIGNAL] time=2026-01-10 20:05:00+00:00 price=90502.34 z=0.757 signal=0 pos=0.000
2026-01-10 15:07:42,069 - INFO - Status update: price=90502.34, Z-score=0.757, signal=0, position=0.000, equity=1.0011, return=0.11%
2026-01-10 15:08:42,080 - INFO - Updating latest data...
2026-01-10 15:08:42,464 - INFO - Data update completed, latest time: 2026-01-10 20:07:00+00:00
2026-01-10 15:08:43,054 - INFO - [SIGNAL] time=2026-01-10 20:07:00+00:00 price=90509.35 z=0.951 signal=0 pos=0.000
2026-01-10 15:08:43,103 - INFO - Status update: price=90509.35, Z-score=0.951, signal=0, position=0.000, equity=1.0011, return=0.11%
2026-01-10 15:09:43,110 - INFO - Updating latest data...
2026-01-10 15:09:43,547 - INFO - Data update completed, latest time: 2026-01-10 20:08:00+00:00
2026-01-10 15:09:44,018 - INFO - [SIGNAL] time=2026-01-10 20:08:00+00:00 price=90517.49 z=1.164 signal=0 pos=0.000
2026-01-10 15:09:44,084 - INFO - Status update: price=90517.49, Z-score=1.164, signal=0, position=0.000, equity=1.0011, return=0.11%
2026-01-10 15:10:44,094 - INFO - Updating latest data...
2026-01-10 15:10:44,432 - INFO - Data update completed, latest time: 2026-01-10 20:08:00+00:00
2026-01-10 15:10:44,887 - INFO - [SIGNAL] time=2026-01-10 20:08:00+00:00 price=90517.49 z=1.164 signal=0 pos=0.000
2026-01-10 15:10:44,929 - INFO - Status update: price=90517.49, Z-score=1.164, signal=0, position=0.000, equity=1.0011, return=0.11%
2026-01-10 15:11:44,932 - INFO - Updating latest data...
2026-01-10 15:11:45,493 - INFO - Data update completed, latest time: 2026-01-10 20:10:00+00:00
2026-01-10 15:11:45,964 - INFO - [SIGNAL] time=2026-01-10 20:10:00+00:00 price=90525.67 z=1.376 signal=0 pos=0.000
2026-01-10 15:11:45,995 - INFO - Status update: price=90525.67, Z-score=1.376, signal=0, position=0.000, equity=1.0011, return=0.11% | ETF: flat, $35,654, Trades: []
2026-01-10 15:12:46,002 - INFO - Updating latest data...
2026-01-10 15:12:46,368 - INFO - Data update completed, latest time: 2026-01-10 20:11:00+00:00
2026-01-10 15:12:46,869 - INFO - [SIGNAL] time=2026-01-10 20:11:00+00:00 price=90516.57 z=1.145 signal=0 pos=0.000
2026-01-10 15:12:46,925 - INFO - Status update: price=90516.57, Z-score=1.145, signal=0, position=0.000, equity=1.0011, return=0.11%
2026-01-10 15:13:46,928 - INFO - Updating latest data...
2026-01-10 15:13:47,335 - INFO - Data update completed, latest time: 2026-01-10 20:12:00+00:00
2026-01-10 15:13:47,788 - INFO - [SIGNAL] time=2026-01-10 20:12:00+00:00 price=90535.77 z=0.808 signal=0 pos=0.000
2026-01-10 15:13:47,827 - INFO - Status update: price=90535.77, Z-score=0.808, signal=0, position=0.000, equity=1.0011, return=0.11%
2026-01-10 15:14:47,839 - INFO - Updating latest data...
2026-01-10 15:14:48,202 - INFO - Data update completed, latest time: 2026-01-10 20:13:00+00:00
2026-01-10 15:14:48,665 - INFO - [SIGNAL] time=2026-01-10 20:13:00+00:00 price=90553.60 z=1.278 signal=0 pos=0.000
2026-01-10 15:14:48,712 - INFO - Status update: price=90553.60, Z-score=1.278, signal=0, position=0.000, equity=1.0011, return=0.11%
2026-01-10 15:15:48,726 - INFO - Updating latest data...
2026-01-10 15:15:49,123 - INFO - Data update completed, latest time: 2026-01-10 20:14:00+00:00
2026-01-10 15:15:49,588 - INFO - [SIGNAL] time=2026-01-10 20:14:00+00:00 price=90541.55 z=1.338 signal=0 pos=0.000
2026-01-10 15:15:49,629 - INFO - Status update: price=90541.55, Z-score=1.338, signal=0, position=0.000, equity=1.0011, return=0.11%
2026-01-10 15:16:49,659 - INFO - Updating latest data...
2026-01-10 15:16:50,038 - INFO - Data update completed, latest time: 2026-01-10 20:15:00+00:00
2026-01-10 15:16:50,493 - INFO - [SIGNAL] time=2026-01-10 20:15:00+00:00 price=90526.58 z=1.197 signal=0 pos=0.000
2026-01-10 15:16:50,547 - INFO - Status update: price=90526.58, Z-score=1.197, signal=0, position=0.000, equity=1.0011, return=0.11%
2026-01-10 15:17:50,579 - INFO - Updating latest data...
2026-01-10 15:17:51,206 - INFO - Data update completed, latest time: 2026-01-10 20:16:00+00:00
2026-01-10 15:17:51,696 - INFO - [SIGNAL] time=2026-01-10 20:16:00+00:00 price=90526.58 z=1.088 signal=0 pos=0.000
2026-01-10 15:17:51,743 - INFO - Status update: price=90526.58, Z-score=1.088, signal=0, position=0.000, equity=1.0011, return=0.11%
2026-01-10 15:18:51,756 - INFO - Updating latest data...
2026-01-10 15:18:52,123 - INFO - Data update completed, latest time: 2026-01-10 20:17:00+00:00
2026-01-10 15:18:52,599 - INFO - [SIGNAL] time=2026-01-10 20:17:00+00:00 price=90526.58 z=0.987 signal=0 pos=0.000
2026-01-10 15:18:52,634 - INFO - Status update: price=90526.58, Z-score=0.987, signal=0, position=0.000, equity=1.0011, return=0.11%
2026-01-10 15:19:52,646 - INFO - Updating latest data...
2026-01-10 15:19:53,013 - INFO - Data update completed, latest time: 2026-01-10 20:18:00+00:00
2026-01-10 15:19:53,475 - INFO - [SIGNAL] time=2026-01-10 20:18:00+00:00 price=90509.90 z=0.554 signal=0 pos=0.000
2026-01-10 15:19:53,518 - INFO - Status update: price=90509.90, Z-score=0.554, signal=0, position=0.000, equity=1.0011, return=0.11%
2026-01-10 15:20:53,550 - INFO - Updating latest data...
2026-01-10 15:20:54,413 - INFO - Data update completed, latest time: 2026-01-10 20:19:00+00:00
2026-01-10 15:20:54,881 - INFO - [SIGNAL] time=2026-01-10 20:19:00+00:00 price=90523.75 z=0.919 signal=0 pos=0.000
2026-01-10 15:20:54,926 - INFO - Status update: price=90523.75, Z-score=0.919, signal=0, position=0.000, equity=1.0011, return=0.11%
2026-01-10 15:21:55,145 - INFO - Updating latest data...
2026-01-10 15:21:55,852 - INFO - Data update completed, latest time: 2026-01-10 20:20:00+00:00
2026-01-10 15:21:56,353 - INFO - [SIGNAL] time=2026-01-10 20:20:00+00:00 price=90501.60 z=0.345 signal=0 pos=0.000
2026-01-10 15:21:56,411 - INFO - Status update: price=90501.60, Z-score=0.345, signal=0, position=0.000, equity=1.0011, return=0.11% | ETF: flat, $35,654, Trades: []
2026-01-10 15:28:49,401 - INFO - Updating latest data...
2026-01-10 15:28:49,789 - INFO - Data update completed, latest time: 2026-01-10 20:27:00+00:00
2026-01-10 15:28:50,251 - INFO - [SIGNAL] time=2026-01-10 20:27:00+00:00 price=90514.26 z=1.163 signal=0 pos=0.000
2026-01-10 15:44:27,080 - ERROR - Error getting account status: ('Connection aborted.', RemoteDisconnected('Remote end closed connection without response'))
2026-01-10 15:44:27,084 - INFO - Status update: price=90514.26, Z-score=1.163, signal=0, position=0.000, equity=1.0011, return=0.11%
2026-01-10 15:45:27,087 - INFO - Updating latest data...
2026-01-10 15:45:27,756 - INFO - Data update completed, latest time: 2026-01-10 20:44:00+00:00
2026-01-10 15:45:28,247 - INFO - [SIGNAL] time=2026-01-10 20:44:00+00:00 price=90457.40 z=1.157 signal=0 pos=0.000
2026-01-10 15:45:28,355 - INFO - Status update: price=90457.40, Z-score=1.157, signal=0, position=0.000, equity=1.0011, return=0.11%
2026-01-10 15:46:28,361 - INFO - Updating latest data...
2026-01-10 15:46:28,880 - INFO - Data update completed, latest time: 2026-01-10 20:45:00+00:00
2026-01-10 15:46:29,337 - INFO - [SIGNAL] time=2026-01-10 20:45:00+00:00 price=90457.40 z=1.171 signal=0 pos=0.000
2026-01-10 15:46:29,376 - INFO - Status update: price=90457.40, Z-score=1.171, signal=0, position=0.000, equity=1.0011, return=0.11%
2026-01-10 15:56:18,209 - INFO - Updating latest data...
2026-01-10 15:56:18,600 - INFO - Data update completed, latest time: 2026-01-10 20:55:00+00:00
2026-01-10 15:56:19,092 - INFO - [SIGNAL] time=2026-01-10 20:55:00+00:00 price=90453.29 z=0.655 signal=0 pos=0.000
2026-01-10 16:14:19,004 - ERROR - Error getting account status: ('Connection aborted.', RemoteDisconnected('Remote end closed connection without response'))
2026-01-10 16:14:19,008 - INFO - Status update: price=90453.29, Z-score=0.655, signal=0, position=0.000, equity=1.0011, return=0.11%
2026-01-10 16:31:19,199 - INFO - Updating latest data...
2026-01-10 16:31:19,810 - INFO - Data update completed, latest time: 2026-01-10 21:30:00+00:00
2026-01-10 16:31:20,287 - INFO - [SIGNAL] time=2026-01-10 21:30:00+00:00 price=90454.55 z=1.226 signal=0 pos=0.000
2026-01-10 16:31:20,383 - INFO - Status update: price=90454.55, Z-score=1.226, signal=0, position=0.000, equity=1.0011, return=0.11% | ETF: flat, $35,654, Trades: []
2026-01-10 16:32:20,395 - INFO - Updating latest data...
2026-01-10 16:32:20,754 - INFO - Data update completed, latest time: 2026-01-10 21:31:00+00:00
2026-01-10 16:32:21,226 - INFO - [SIGNAL] time=2026-01-10 21:31:00+00:00 price=90444.55 z=0.964 signal=0 pos=0.000
2026-01-10 16:32:21,272 - INFO - Status update: price=90444.55, Z-score=0.964, signal=0, position=0.000, equity=1.0011, return=0.11%
2026-01-10 16:33:21,285 - INFO - Updating latest data...
2026-01-10 16:33:21,721 - INFO - Data update completed, latest time: 2026-01-10 21:32:00+00:00
2026-01-10 16:33:22,181 - INFO - [SIGNAL] time=2026-01-10 21:32:00+00:00 price=90401.28 z=-0.162 signal=0 pos=0.000
2026-01-10 16:33:22,219 - INFO - Status update: price=90401.28, Z-score=-0.162, signal=0, position=0.000, equity=1.0011, return=0.11%
2026-01-10 16:40:31,139 - INFO - Updating latest data...
2026-01-10 16:40:31,597 - INFO - Data update completed, latest time: 2026-01-10 21:39:00+00:00
2026-01-10 16:40:32,069 - INFO - [SIGNAL] time=2026-01-10 21:39:00+00:00 price=90381.64 z=0.330 signal=0 pos=0.000
2026-01-10 16:57:55,892 - ERROR - Error getting account status: ('Connection aborted.', RemoteDisconnected('Remote end closed connection without response'))
2026-01-10 16:57:55,900 - INFO - Status update: price=90381.64, Z-score=0.330, signal=0, position=0.000, equity=1.0011, return=0.11%
2026-01-10 17:15:19,745 - INFO - Updating latest data...
2026-01-10 17:15:20,415 - INFO - Data update completed, latest time: 2026-01-10 22:13:00+00:00
2026-01-10 17:15:20,991 - INFO - [SIGNAL] time=2026-01-10 22:13:00+00:00 price=90284.09 z=0.631 signal=0 pos=0.000
2026-01-10 17:15:21,121 - INFO - Status update: price=90284.09, Z-score=0.631, signal=0, position=0.000, equity=1.0011, return=0.11%
2026-01-10 17:16:21,133 - INFO - Updating latest data...
2026-01-10 17:16:21,862 - INFO - Data update completed, latest time: 2026-01-10 22:13:00+00:00
2026-01-10 17:16:22,344 - INFO - [SIGNAL] time=2026-01-10 22:13:00+00:00 price=90284.09 z=0.631 signal=0 pos=0.000
2026-01-10 17:16:22,378 - INFO - Status update: price=90284.09, Z-score=0.631, signal=0, position=0.000, equity=1.0011, return=0.11%
2026-01-10 17:17:22,390 - INFO - Updating latest data...
2026-01-10 17:17:22,765 - INFO - Data update completed, latest time: 2026-01-10 22:16:00+00:00
2026-01-10 17:17:23,245 - INFO - [SIGNAL] time=2026-01-10 22:16:00+00:00 price=90283.93 z=2.237 signal=0 pos=0.000
2026-01-10 17:17:23,282 - INFO - Status update: price=90283.93, Z-score=2.237, signal=0, position=0.000, equity=1.0011, return=0.11%
2026-01-10 17:32:07,146 - INFO - Updating latest data...
2026-01-10 17:32:07,791 - INFO - Data update completed, latest time: 2026-01-10 22:31:00+00:00
2026-01-10 17:32:08,276 - INFO - [SIGNAL] time=2026-01-10 22:31:00+00:00 price=90388.48 z=2.240 signal=0 pos=0.000
2026-01-10 17:32:27,830 - ERROR - Error getting account status: ('Connection aborted.', RemoteDisconnected('Remote end closed connection without response'))
2026-01-10 17:32:27,833 - INFO - Status update: price=90388.48, Z-score=2.240, signal=0, position=0.000, equity=1.0011, return=0.11%
2026-01-10 17:33:27,841 - INFO - Updating latest data...
2026-01-10 17:33:28,241 - INFO - Data update completed, latest time: 2026-01-10 22:32:00+00:00
2026-01-10 17:33:28,754 - INFO - [SIGNAL] time=2026-01-10 22:32:00+00:00 price=90432.15 z=1.879 signal=0 pos=0.000
2026-01-10 17:33:28,850 - INFO - Status update: price=90432.15, Z-score=1.879, signal=0, position=0.000, equity=1.0011, return=0.11%
2026-01-10 17:34:28,857 - INFO - Updating latest data...
2026-01-10 17:34:29,296 - INFO - Data update completed, latest time: 2026-01-10 22:33:00+00:00
2026-01-10 17:34:29,762 - INFO - [SIGNAL] time=2026-01-10 22:33:00+00:00 price=90432.15 z=1.470 signal=0 pos=0.000
2026-01-10 17:34:29,818 - INFO - Status update: price=90432.15, Z-score=1.470, signal=0, position=0.000, equity=1.0011, return=0.11%
2026-01-10 17:35:29,824 - INFO - Updating latest data...
2026-01-10 17:35:30,239 - INFO - Data update completed, latest time: 2026-01-10 22:34:00+00:00
2026-01-10 17:35:30,708 - INFO - [SIGNAL] time=2026-01-10 22:34:00+00:00 price=90444.93 z=1.347 signal=0 pos=0.000
2026-01-10 17:35:30,748 - INFO - Status update: price=90444.93, Z-score=1.347, signal=0, position=0.000, equity=1.0011, return=0.11%
2026-01-10 17:36:30,755 - INFO - Updating latest data...
2026-01-10 17:36:31,146 - INFO - Data update completed, latest time: 2026-01-10 22:35:00+00:00
2026-01-10 17:36:31,667 - INFO - [SIGNAL] time=2026-01-10 22:35:00+00:00 price=90428.10 z=0.939 signal=0 pos=0.000
2026-01-10 17:36:31,698 - INFO - Status update: price=90428.10, Z-score=0.939, signal=0, position=0.000, equity=1.0011, return=0.11%
2026-01-10 17:37:31,724 - INFO - Updating latest data...
2026-01-10 17:37:32,390 - INFO - Data update completed, latest time: 2026-01-10 22:35:00+00:00
2026-01-10 17:37:32,884 - INFO - [SIGNAL] time=2026-01-10 22:35:00+00:00 price=90428.10 z=0.939 signal=0 pos=0.000
2026-01-10 17:37:32,925 - INFO - Status update: price=90428.10, Z-score=0.939, signal=0, position=0.000, equity=1.0011, return=0.11%
2026-01-10 17:38:32,938 - INFO - Updating latest data...
2026-01-10 17:38:33,426 - INFO - Data update completed, latest time: 2026-01-10 22:37:00+00:00
2026-01-10 17:38:33,898 - INFO - [SIGNAL] time=2026-01-10 22:37:00+00:00 price=90441.74 z=1.284 signal=0 pos=0.000
2026-01-10 17:38:33,965 - INFO - Status update: price=90441.74, Z-score=1.284, signal=0, position=0.000, equity=1.0011, return=0.11%
2026-01-10 17:39:33,976 - INFO - Updating latest data...
2026-01-10 17:39:34,337 - INFO - Data update completed, latest time: 2026-01-10 22:38:00+00:00
2026-01-10 17:39:34,810 - INFO - [SIGNAL] time=2026-01-10 22:38:00+00:00 price=90430.01 z=0.847 signal=0 pos=0.000
2026-01-10 17:39:34,858 - INFO - Status update: price=90430.01, Z-score=0.847, signal=0, position=0.000, equity=1.0011, return=0.11%
2026-01-10 17:40:34,870 - INFO - Updating latest data...
2026-01-10 17:40:35,201 - INFO - Data update completed, latest time: 2026-01-10 22:39:00+00:00
2026-01-10 17:40:35,764 - INFO - [SIGNAL] time=2026-01-10 22:39:00+00:00 price=90430.01 z=1.028 signal=0 pos=0.000
2026-01-10 17:40:35,814 - INFO - Status update: price=90430.01, Z-score=1.028, signal=0, position=0.000, equity=1.0011, return=0.11%
2026-01-10 17:41:35,825 - INFO - Updating latest data...
2026-01-10 17:41:36,217 - INFO - Data update completed, latest time: 2026-01-10 22:40:00+00:00
2026-01-10 17:41:36,684 - INFO - [SIGNAL] time=2026-01-10 22:40:00+00:00 price=90445.99 z=1.004 signal=0 pos=0.000
2026-01-10 17:41:36,727 - INFO - Status update: price=90445.99, Z-score=1.004, signal=0, position=0.000, equity=1.0011, return=0.11% | ETF: flat, $35,654, Trades: []
2026-01-10 17:42:37,174 - INFO - Updating latest data...
2026-01-10 17:42:38,305 - INFO - Data update completed, latest time: 2026-01-10 22:41:00+00:00
2026-01-10 17:42:38,823 - INFO - [SIGNAL] time=2026-01-10 22:41:00+00:00 price=90448.01 z=1.703 signal=0 pos=0.000
2026-01-10 17:42:38,867 - INFO - Status update: price=90448.01, Z-score=1.703, signal=0, position=0.000, equity=1.0011, return=0.11%
2026-01-10 17:43:38,870 - INFO - Updating latest data...
2026-01-10 17:43:39,315 - INFO - Data update completed, latest time: 2026-01-10 22:42:00+00:00
2026-01-10 17:43:39,875 - INFO - [SIGNAL] time=2026-01-10 22:42:00+00:00 price=90477.81 z=2.685 signal=0 pos=0.000
2026-01-10 17:43:39,917 - INFO - Status update: price=90477.81, Z-score=2.685, signal=0, position=0.000, equity=1.0011, return=0.11%
2026-01-10 17:44:39,923 - INFO - Updating latest data...
2026-01-10 17:44:40,275 - INFO - Data update completed, latest time: 2026-01-10 22:43:00+00:00
2026-01-10 17:44:40,749 - INFO - [SIGNAL] time=2026-01-10 22:43:00+00:00 price=90462.84 z=2.230 signal=0 pos=0.000
2026-01-10 17:44:40,792 - INFO - Status update: price=90462.84, Z-score=2.230, signal=0, position=0.000, equity=1.0011, return=0.11%
2026-01-10 17:45:40,800 - INFO - Updating latest data...
2026-01-10 17:45:41,426 - INFO - Data update completed, latest time: 2026-01-10 22:44:00+00:00
2026-01-10 17:45:41,920 - INFO - [SIGNAL] time=2026-01-10 22:44:00+00:00 price=90469.49 z=2.376 signal=0 pos=0.000
2026-01-10 17:45:41,998 - INFO - Status update: price=90469.49, Z-score=2.376, signal=0, position=0.000, equity=1.0011, return=0.11%
2026-01-10 17:46:42,006 - INFO - Updating latest data...
2026-01-10 17:46:42,581 - INFO - Data update completed, latest time: 2026-01-10 22:45:00+00:00
2026-01-10 17:46:43,067 - INFO - [SIGNAL] time=2026-01-10 22:45:00+00:00 price=90426.25 z=1.292 signal=0 pos=0.000
2026-01-10 17:46:43,101 - INFO - Status update: price=90426.25, Z-score=1.292, signal=0, position=0.000, equity=1.0011, return=0.11%
2026-01-10 17:47:43,103 - INFO - Updating latest data...
2026-01-10 17:47:43,485 - INFO - Data update completed, latest time: 2026-01-10 22:46:00+00:00
2026-01-10 17:47:43,958 - INFO - [SIGNAL] time=2026-01-10 22:46:00+00:00 price=90389.12 z=1.855 signal=0 pos=0.000
2026-01-10 17:47:44,157 - INFO - Status update: price=90389.12, Z-score=1.855, signal=0, position=0.000, equity=1.0011, return=0.11%
2026-01-10 17:48:44,164 - INFO - Updating latest data...
2026-01-10 17:48:44,692 - INFO - Data update completed, latest time: 2026-01-10 22:47:00+00:00
2026-01-10 17:48:45,161 - INFO - [SIGNAL] time=2026-01-10 22:47:00+00:00 price=90389.12 z=1.458 signal=0 pos=0.000
2026-01-10 17:48:45,201 - INFO - Status update: price=90389.12, Z-score=1.458, signal=0, position=0.000, equity=1.0011, return=0.11%
2026-01-10 17:49:45,208 - INFO - Updating latest data...
2026-01-10 17:49:45,587 - INFO - Data update completed, latest time: 2026-01-10 22:48:00+00:00
2026-01-10 17:49:46,055 - INFO - [SIGNAL] time=2026-01-10 22:48:00+00:00 price=90380.85 z=1.242 signal=0 pos=0.000
2026-01-10 17:49:46,085 - INFO - Status update: price=90380.85, Z-score=1.242, signal=0, position=0.000, equity=1.0011, return=0.11%
2026-01-10 17:50:46,092 - INFO - Updating latest data...
2026-01-10 17:50:46,436 - INFO - Data update completed, latest time: 2026-01-10 22:49:00+00:00
2026-01-10 17:50:46,952 - INFO - [SIGNAL] time=2026-01-10 22:49:00+00:00 price=90363.38 z=0.801 signal=0 pos=0.000
2026-01-10 17:50:47,124 - INFO - Status update: price=90363.38, Z-score=0.801, signal=0, position=0.000, equity=1.0011, return=0.11%
2026-01-10 17:51:47,128 - INFO - Updating latest data...
2026-01-10 17:51:47,665 - INFO - Data update completed, latest time: 2026-01-10 22:50:00+00:00
2026-01-10 17:51:48,136 - INFO - [SIGNAL] time=2026-01-10 22:50:00+00:00 price=90367.72 z=0.903 signal=0 pos=0.000
2026-01-10 17:51:48,172 - INFO - Status update: price=90367.72, Z-score=0.903, signal=0, position=0.000, equity=1.0011, return=0.11% | ETF: flat, $35,654, Trades: []
2026-01-10 17:52:48,179 - INFO - Updating latest data...
2026-01-10 17:52:48,543 - INFO - Data update completed, latest time: 2026-01-10 22:51:00+00:00
2026-01-10 17:52:49,023 - INFO - [SIGNAL] time=2026-01-10 22:51:00+00:00 price=90367.72 z=1.359 signal=0 pos=0.000
2026-01-10 17:52:49,075 - INFO - Status update: price=90367.72, Z-score=1.359, signal=0, position=0.000, equity=1.0011, return=0.11%
2026-01-10 17:53:49,091 - INFO - Updating latest data...
2026-01-10 17:53:49,711 - INFO - Data update completed, latest time: 2026-01-10 22:52:00+00:00
2026-01-10 17:53:50,187 - INFO - [SIGNAL] time=2026-01-10 22:52:00+00:00 price=90367.72 z=1.821 signal=0 pos=0.000
2026-01-10 17:53:50,221 - INFO - Status update: price=90367.72, Z-score=1.821, signal=0, position=0.000, equity=1.0011, return=0.11%
2026-01-10 17:54:50,233 - INFO - Updating latest data...
2026-01-10 17:54:50,638 - INFO - Data update completed, latest time: 2026-01-10 22:52:00+00:00
2026-01-10 17:54:51,128 - INFO - [SIGNAL] time=2026-01-10 22:52:00+00:00 price=90367.72 z=1.821 signal=0 pos=0.000
2026-01-10 17:54:51,162 - INFO - Status update: price=90367.72, Z-score=1.821, signal=0, position=0.000, equity=1.0011, return=0.11%
2026-01-10 17:55:51,177 - INFO - Updating latest data...
2026-01-10 17:55:51,535 - INFO - Data update completed, latest time: 2026-01-10 22:54:00+00:00
2026-01-10 17:55:52,004 - INFO - [SIGNAL] time=2026-01-10 22:54:00+00:00 price=90338.96 z=1.078 signal=0 pos=0.000
2026-01-10 17:55:52,043 - INFO - Status update: price=90338.96, Z-score=1.078, signal=0, position=0.000, equity=1.0011, return=0.11%
2026-01-10 17:56:52,054 - INFO - Updating latest data...
2026-01-10 17:56:52,468 - INFO - Data update completed, latest time: 2026-01-10 22:55:00+00:00
2026-01-10 17:56:52,943 - INFO - [SIGNAL] time=2026-01-10 22:55:00+00:00 price=90349.98 z=1.341 signal=0 pos=0.000
2026-01-10 17:56:53,069 - INFO - Status update: price=90349.98, Z-score=1.341, signal=0, position=0.000, equity=1.0011, return=0.11%
2026-01-10 17:57:53,095 - INFO - Updating latest data...
2026-01-10 17:57:53,799 - INFO - Data update completed, latest time: 2026-01-10 22:56:00+00:00
2026-01-10 17:57:54,339 - INFO - [SIGNAL] time=2026-01-10 22:56:00+00:00 price=90331.80 z=0.883 signal=0 pos=0.000
2026-01-10 17:57:54,374 - INFO - Status update: price=90331.80, Z-score=0.883, signal=0, position=0.000, equity=1.0011, return=0.11%
2026-01-10 17:58:55,275 - INFO - Updating latest data...
2026-01-10 17:58:55,683 - INFO - Data update completed, latest time: 2026-01-10 22:57:00+00:00
2026-01-10 17:58:56,170 - INFO - [SIGNAL] time=2026-01-10 22:57:00+00:00 price=90348.85 z=1.296 signal=0 pos=0.000
2026-01-10 17:58:56,308 - INFO - Status update: price=90348.85, Z-score=1.296, signal=0, position=0.000, equity=1.0011, return=0.11%
2026-01-10 18:15:26,670 - INFO - Updating latest data...
2026-01-10 18:15:27,321 - INFO - Data update completed, latest time: 2026-01-10 23:14:00+00:00
2026-01-10 18:15:27,808 - INFO - [SIGNAL] time=2026-01-10 23:14:00+00:00 price=90360.49 z=0.431 signal=0 pos=0.000
2026-01-10 18:31:44,299 - ERROR - Error getting account status: ('Connection aborted.', RemoteDisconnected('Remote end closed connection without response'))
2026-01-10 18:31:44,303 - INFO - Status update: price=90360.49, Z-score=0.431, signal=0, position=0.000, equity=1.0011, return=0.11%
2026-01-10 18:40:35,340 - INFO - Updating latest data...
2026-01-10 18:40:36,138 - INFO - Data update completed, latest time: 2026-01-10 23:39:00+00:00
2026-01-10 18:40:36,678 - INFO - [SIGNAL] time=2026-01-10 23:39:00+00:00 price=90393.65 z=0.741 signal=0 pos=0.000
2026-01-10 18:40:36,783 - INFO - Status update: price=90393.65, Z-score=0.741, signal=0, position=0.000, equity=1.0011, return=0.11%
2026-01-10 18:41:36,790 - INFO - Updating latest data...
2026-01-10 18:41:37,219 - INFO - Data update completed, latest time: 2026-01-10 23:40:00+00:00
2026-01-10 18:41:37,730 - INFO - [SIGNAL] time=2026-01-10 23:40:00+00:00 price=90388.50 z=0.733 signal=0 pos=0.000
2026-01-10 18:41:37,776 - INFO - Status update: price=90388.50, Z-score=0.733, signal=0, position=0.000, equity=1.0011, return=0.11% | ETF: flat, $35,654, Trades: []
2026-01-10 18:42:37,783 - INFO - Updating latest data...
2026-01-10 18:42:38,165 - INFO - Data update completed, latest time: 2026-01-10 23:41:00+00:00
2026-01-10 18:42:38,643 - INFO - [SIGNAL] time=2026-01-10 23:41:00+00:00 price=90403.42 z=0.996 signal=0 pos=0.000
2026-01-10 18:42:38,719 - INFO - Status update: price=90403.42, Z-score=0.996, signal=0, position=0.000, equity=1.0011, return=0.11%
2026-01-10 18:43:38,726 - INFO - Updating latest data...
2026-01-10 18:43:39,086 - INFO - Data update completed, latest time: 2026-01-10 23:42:00+00:00
2026-01-10 18:43:39,597 - INFO - [SIGNAL] time=2026-01-10 23:42:00+00:00 price=90421.18 z=0.429 signal=0 pos=0.000
2026-01-10 18:43:39,633 - INFO - Status update: price=90421.18, Z-score=0.429, signal=0, position=0.000, equity=1.0011, return=0.11%
2026-01-10 18:44:39,640 - INFO - Updating latest data...
2026-01-10 18:44:40,119 - INFO - Data update completed, latest time: 2026-01-10 23:43:00+00:00
2026-01-10 18:44:40,594 - INFO - [SIGNAL] time=2026-01-10 23:43:00+00:00 price=90421.18 z=0.797 signal=0 pos=0.000
2026-01-10 18:44:40,654 - INFO - Status update: price=90421.18, Z-score=0.797, signal=0, position=0.000, equity=1.0011, return=0.11%
2026-01-10 18:45:40,678 - INFO - Updating latest data...
2026-01-10 18:45:41,153 - INFO - Data update completed, latest time: 2026-01-10 23:44:00+00:00
2026-01-10 18:45:41,637 - INFO - [SIGNAL] time=2026-01-10 23:44:00+00:00 price=90385.76 z=-0.266 signal=0 pos=0.000
2026-01-10 18:45:41,705 - INFO - Status update: price=90385.76, Z-score=-0.266, signal=0, position=0.000, equity=1.0011, return=0.11%
2026-01-10 18:46:41,712 - INFO - Updating latest data...
2026-01-10 18:46:42,067 - INFO - Data update completed, latest time: 2026-01-10 23:45:00+00:00
2026-01-10 18:46:42,543 - INFO - [SIGNAL] time=2026-01-10 23:45:00+00:00 price=90390.75 z=-0.139 signal=0 pos=0.000
2026-01-10 18:46:42,586 - INFO - Status update: price=90390.75, Z-score=-0.139, signal=0, position=0.000, equity=1.0011, return=0.11%
2026-01-10 18:47:42,599 - INFO - Updating latest data...
2026-01-10 18:47:43,090 - INFO - Data update completed, latest time: 2026-01-10 23:46:00+00:00
2026-01-10 18:47:43,572 - INFO - [SIGNAL] time=2026-01-10 23:46:00+00:00 price=90384.35 z=0.164 signal=0 pos=0.000
2026-01-10 18:47:43,615 - INFO - Status update: price=90384.35, Z-score=0.164, signal=0, position=0.000, equity=1.0011, return=0.11%
2026-01-10 18:48:43,627 - INFO - Updating latest data...
2026-01-10 18:48:44,017 - INFO - Data update completed, latest time: 2026-01-10 23:47:00+00:00
2026-01-10 18:48:44,518 - INFO - [SIGNAL] time=2026-01-10 23:47:00+00:00 price=90422.65 z=0.827 signal=0 pos=0.000
2026-01-10 18:48:44,561 - INFO - Status update: price=90422.65, Z-score=0.827, signal=0, position=0.000, equity=1.0011, return=0.11%
2026-01-10 18:49:44,572 - INFO - Updating latest data...
2026-01-10 18:49:44,936 - INFO - Data update completed, latest time: 2026-01-10 23:48:00+00:00
2026-01-10 18:49:45,416 - INFO - [SIGNAL] time=2026-01-10 23:48:00+00:00 price=90424.10 z=0.861 signal=0 pos=0.000
2026-01-10 18:49:45,464 - INFO - Status update: price=90424.10, Z-score=0.861, signal=0, position=0.000, equity=1.0011, return=0.11%
2026-01-10 18:50:45,475 - INFO - Updating latest data...
2026-01-10 18:50:45,884 - INFO - Data update completed, latest time: 2026-01-10 23:49:00+00:00
2026-01-10 18:50:46,375 - INFO - [SIGNAL] time=2026-01-10 23:49:00+00:00 price=90419.81 z=0.513 signal=0 pos=0.000
2026-01-10 18:50:46,405 - INFO - Status update: price=90419.81, Z-score=0.513, signal=0, position=0.000, equity=1.0011, return=0.11%
2026-01-10 18:51:46,414 - INFO - Updating latest data...
2026-01-10 18:51:46,821 - INFO - Data update completed, latest time: 2026-01-10 23:50:00+00:00
2026-01-10 18:51:47,315 - INFO - [SIGNAL] time=2026-01-10 23:50:00+00:00 price=90428.87 z=0.598 signal=0 pos=0.000
2026-01-10 18:51:47,382 - INFO - Status update: price=90428.87, Z-score=0.598, signal=0, position=0.000, equity=1.0011, return=0.11% | ETF: flat, $35,654, Trades: []
2026-01-10 18:52:47,394 - INFO - Updating latest data...
2026-01-10 18:52:47,780 - INFO - Data update completed, latest time: 2026-01-10 23:51:00+00:00
2026-01-10 18:52:48,254 - INFO - [SIGNAL] time=2026-01-10 23:51:00+00:00 price=90428.87 z=0.406 signal=0 pos=0.000
2026-01-10 18:52:48,295 - INFO - Status update: price=90428.87, Z-score=0.406, signal=0, position=0.000, equity=1.0011, return=0.11%
2026-01-10 18:53:48,308 - INFO - Updating latest data...
2026-01-10 18:53:48,719 - INFO - Data update completed, latest time: 2026-01-10 23:52:00+00:00
2026-01-10 18:53:49,256 - INFO - [SIGNAL] time=2026-01-10 23:52:00+00:00 price=90440.40 z=1.031 signal=0 pos=0.000
2026-01-10 18:53:49,316 - INFO - Status update: price=90440.40, Z-score=1.031, signal=0, position=0.000, equity=1.0011, return=0.11%
2026-01-10 18:54:49,321 - INFO - Updating latest data...
2026-01-10 18:54:49,715 - INFO - Data update completed, latest time: 2026-01-10 23:53:00+00:00
2026-01-10 18:54:50,198 - INFO - [SIGNAL] time=2026-01-10 23:53:00+00:00 price=90440.40 z=1.029 signal=0 pos=0.000
2026-01-10 18:54:50,243 - INFO - Status update: price=90440.40, Z-score=1.029, signal=0, position=0.000, equity=1.0011, return=0.11%
2026-01-10 18:55:50,250 - INFO - Updating latest data...
2026-01-10 18:55:50,817 - INFO - Data update completed, latest time: 2026-01-10 23:54:00+00:00
2026-01-10 18:55:51,394 - INFO - [SIGNAL] time=2026-01-10 23:54:00+00:00 price=90425.33 z=0.529 signal=0 pos=0.000
2026-01-10 18:55:51,440 - INFO - Status update: price=90425.33, Z-score=0.529, signal=0, position=0.000, equity=1.0011, return=0.11%
2026-01-10 18:56:51,448 - INFO - Updating latest data...
2026-01-10 18:56:51,833 - INFO - Data update completed, latest time: 2026-01-10 23:55:00+00:00
2026-01-10 18:56:52,308 - INFO - [SIGNAL] time=2026-01-10 23:55:00+00:00 price=90406.77 z=0.326 signal=0 pos=0.000
2026-01-10 18:56:52,360 - INFO - Status update: price=90406.77, Z-score=0.326, signal=0, position=0.000, equity=1.0011, return=0.11%
2026-01-10 18:57:52,384 - INFO - Updating latest data...
2026-01-10 18:57:53,060 - INFO - Data update completed, latest time: 2026-01-10 23:56:00+00:00
2026-01-10 18:57:53,559 - INFO - [SIGNAL] time=2026-01-10 23:56:00+00:00 price=90376.40 z=0.360 signal=0 pos=0.000
2026-01-10 18:57:53,605 - INFO - Status update: price=90376.40, Z-score=0.360, signal=0, position=0.000, equity=1.0011, return=0.11%
2026-01-10 18:58:53,612 - INFO - Updating latest data...
2026-01-10 18:58:54,216 - INFO - Data update completed, latest time: 2026-01-10 23:57:00+00:00
2026-01-10 18:58:54,704 - INFO - [SIGNAL] time=2026-01-10 23:57:00+00:00 price=90375.46 z=-0.102 signal=0 pos=0.000
2026-01-10 18:58:54,742 - INFO - Status update: price=90375.46, Z-score=-0.102, signal=0, position=0.000, equity=1.0011, return=0.11%
2026-01-10 18:59:54,749 - INFO - Updating latest data...
2026-01-10 18:59:55,191 - INFO - Data update completed, latest time: 2026-01-10 23:57:00+00:00
2026-01-10 18:59:55,684 - INFO - [SIGNAL] time=2026-01-10 23:57:00+00:00 price=90375.46 z=-0.102 signal=0 pos=0.000
2026-01-10 18:59:55,722 - INFO - Status update: price=90375.46, Z-score=-0.102, signal=0, position=0.000, equity=1.0011, return=0.11%
2026-01-10 19:00:55,729 - INFO - Updating latest data...
2026-01-10 19:00:56,081 - INFO - Data update completed, latest time: 2026-01-10 23:57:00+00:00
2026-01-10 19:00:56,558 - INFO - [SIGNAL] time=2026-01-10 23:57:00+00:00 price=90375.46 z=-0.102 signal=0 pos=0.000
2026-01-10 19:00:56,600 - INFO - Status update: price=90375.46, Z-score=-0.102, signal=0, position=0.000, equity=1.0011, return=0.11%
2026-01-10 19:01:56,606 - INFO - Updating latest data...
2026-01-10 19:01:56,975 - INFO - Data update completed, latest time: 2026-01-11 00:00:00+00:00
2026-01-10 19:01:57,497 - INFO - [SIGNAL] time=2026-01-11 00:00:00+00:00 price=90375.03 z=-0.104 signal=0 pos=0.000
2026-01-10 19:01:57,534 - INFO - Status update: price=90375.03, Z-score=-0.104, signal=0, position=0.000, equity=1.0011, return=0.11% | ETF: flat, $35,654, Trades: []
2026-01-10 19:02:57,560 - INFO - Updating latest data...
2026-01-10 19:02:58,159 - INFO - Data update completed, latest time: 2026-01-11 00:01:00+00:00
2026-01-10 19:02:58,699 - INFO - [SIGNAL] time=2026-01-11 00:01:00+00:00 price=90375.55 z=0.725 signal=0 pos=0.000
2026-01-10 19:02:58,755 - INFO - Status update: price=90375.55, Z-score=0.725, signal=0, position=0.000, equity=1.0011, return=0.11%
2026-01-10 19:03:58,757 - INFO - Updating latest data...
2026-01-10 19:03:59,188 - INFO - Data update completed, latest time: 2026-01-11 00:02:00+00:00
2026-01-10 19:03:59,676 - INFO - [SIGNAL] time=2026-01-11 00:02:00+00:00 price=90380.85 z=0.454 signal=0 pos=0.000
2026-01-10 19:03:59,731 - INFO - Status update: price=90380.85, Z-score=0.454, signal=0, position=0.000, equity=1.0011, return=0.11%
2026-01-10 19:04:59,742 - INFO - Updating latest data...
2026-01-10 19:05:00,142 - INFO - Data update completed, latest time: 2026-01-11 00:03:00+00:00
2026-01-10 19:05:00,652 - INFO - [SIGNAL] time=2026-01-11 00:03:00+00:00 price=90352.30 z=-0.016 signal=0 pos=0.000
2026-01-10 19:05:00,697 - INFO - Status update: price=90352.30, Z-score=-0.016, signal=0, position=0.000, equity=1.0011, return=0.11%
2026-01-10 19:06:00,706 - INFO - Updating latest data...
2026-01-10 19:06:01,282 - INFO - Data update completed, latest time: 2026-01-11 00:05:00+00:00
2026-01-10 19:06:01,797 - INFO - [SIGNAL] time=2026-01-11 00:05:00+00:00 price=90337.69 z=-0.370 signal=0 pos=0.000
2026-01-10 19:06:01,857 - INFO - Status update: price=90337.69, Z-score=-0.370, signal=0, position=0.000, equity=1.0011, return=0.11%
2026-01-10 19:07:01,874 - INFO - Updating latest data...
2026-01-10 19:07:02,357 - INFO - Data update completed, latest time: 2026-01-11 00:06:00+00:00
2026-01-10 19:07:02,838 - INFO - [SIGNAL] time=2026-01-11 00:06:00+00:00 price=90347.94 z=-0.113 signal=0 pos=0.000
2026-01-10 19:07:02,872 - INFO - Status update: price=90347.94, Z-score=-0.113, signal=0, position=0.000, equity=1.0011, return=0.11%
2026-01-10 19:08:02,885 - INFO - Updating latest data...
2026-01-10 19:08:03,320 - INFO - Data update completed, latest time: 2026-01-11 00:07:00+00:00
2026-01-10 19:08:03,812 - INFO - [SIGNAL] time=2026-01-11 00:07:00+00:00 price=90326.93 z=-0.085 signal=0 pos=0.000
2026-01-10 19:08:03,854 - INFO - Status update: price=90326.93, Z-score=-0.085, signal=0, position=0.000, equity=1.0011, return=0.11%
2026-01-10 19:09:03,866 - INFO - Updating latest data...
2026-01-10 19:09:04,254 - INFO - Data update completed, latest time: 2026-01-11 00:08:00+00:00
2026-01-10 19:09:04,797 - INFO - [SIGNAL] time=2026-01-11 00:08:00+00:00 price=90368.40 z=0.080 signal=0 pos=0.000
2026-01-10 19:09:04,855 - INFO - Status update: price=90368.40, Z-score=0.080, signal=0, position=0.000, equity=1.0011, return=0.11%
2026-01-10 19:10:04,867 - INFO - Updating latest data...
2026-01-10 19:10:05,364 - INFO - Data update completed, latest time: 2026-01-11 00:09:00+00:00
2026-01-10 19:10:05,867 - INFO - [SIGNAL] time=2026-01-11 00:09:00+00:00 price=90323.06 z=-1.033 signal=0 pos=0.000
2026-01-10 19:10:05,903 - INFO - Status update: price=90323.06, Z-score=-1.033, signal=0, position=0.000, equity=1.0011, return=0.11%
2026-01-10 19:11:05,915 - INFO - Updating latest data...
2026-01-10 19:11:06,326 - INFO - Data update completed, latest time: 2026-01-11 00:10:00+00:00
2026-01-10 19:11:06,821 - INFO - [SIGNAL] time=2026-01-11 00:10:00+00:00 price=90341.60 z=-0.571 signal=0 pos=0.000
2026-01-10 19:11:06,896 - INFO - Status update: price=90341.60, Z-score=-0.571, signal=0, position=0.000, equity=1.0011, return=0.11% | ETF: flat, $35,654, Trades: []
2026-01-10 19:12:06,908 - INFO - Updating latest data...
2026-01-10 19:12:07,289 - INFO - Data update completed, latest time: 2026-01-11 00:11:00+00:00
2026-01-10 19:12:07,767 - INFO - [SIGNAL] time=2026-01-11 00:11:00+00:00 price=90341.60 z=-0.777 signal=0 pos=0.000
2026-01-10 19:12:07,804 - INFO - Status update: price=90341.60, Z-score=-0.777, signal=0, position=0.000, equity=1.0011, return=0.11%
2026-01-10 19:13:07,816 - INFO - Updating latest data...
2026-01-10 19:13:08,193 - INFO - Data update completed, latest time: 2026-01-11 00:12:00+00:00
2026-01-10 19:13:08,789 - INFO - [SIGNAL] time=2026-01-11 00:12:00+00:00 price=90371.09 z=-0.048 signal=0 pos=0.000
2026-01-10 19:13:08,841 - INFO - Status update: price=90371.09, Z-score=-0.048, signal=0, position=0.000, equity=1.0011, return=0.11%
2026-01-10 19:14:08,853 - INFO - Updating latest data...
2026-01-10 19:14:09,344 - INFO - Data update completed, latest time: 2026-01-11 00:13:00+00:00
2026-01-10 19:14:09,851 - INFO - [SIGNAL] time=2026-01-11 00:13:00+00:00 price=90405.54 z=0.613 signal=0 pos=0.000
2026-01-10 19:14:09,900 - INFO - Status update: price=90405.54, Z-score=0.613, signal=0, position=0.000, equity=1.0011, return=0.11%
2026-01-10 19:15:09,905 - INFO - Updating latest data...
2026-01-10 19:15:10,314 - INFO - Data update completed, latest time: 2026-01-11 00:14:00+00:00
2026-01-10 19:15:10,801 - INFO - [SIGNAL] time=2026-01-11 00:14:00+00:00 price=90364.45 z=-0.399 signal=0 pos=0.000
2026-01-10 19:15:10,842 - INFO - Status update: price=90364.45, Z-score=-0.399, signal=0, position=0.000, equity=1.0011, return=0.11%
2026-01-10 19:16:10,853 - INFO - Updating latest data...
2026-01-10 19:16:11,240 - INFO - Data update completed, latest time: 2026-01-11 00:15:00+00:00
2026-01-10 19:16:11,719 - INFO - [SIGNAL] time=2026-01-11 00:15:00+00:00 price=90412.35 z=0.781 signal=0 pos=0.000
2026-01-10 19:16:11,768 - INFO - Status update: price=90412.35, Z-score=0.781, signal=0, position=0.000, equity=1.0011, return=0.11%
2026-01-10 19:17:11,780 - INFO - Updating latest data...
2026-01-10 19:17:12,191 - INFO - Data update completed, latest time: 2026-01-11 00:16:00+00:00
2026-01-10 19:17:12,684 - INFO - [SIGNAL] time=2026-01-11 00:16:00+00:00 price=90408.62 z=-0.045 signal=0 pos=0.000
2026-01-10 19:17:12,728 - INFO - Status update: price=90408.62, Z-score=-0.045, signal=0, position=0.000, equity=1.0011, return=0.11%
2026-01-10 19:18:12,737 - INFO - Updating latest data...
2026-01-10 19:18:13,169 - INFO - Data update completed, latest time: 2026-01-11 00:17:00+00:00
2026-01-10 19:18:13,646 - INFO - [SIGNAL] time=2026-01-11 00:17:00+00:00 price=90444.20 z=0.829 signal=0 pos=0.000
2026-01-10 19:18:13,698 - INFO - Status update: price=90444.20, Z-score=0.829, signal=0, position=0.000, equity=1.0011, return=0.11%
2026-01-10 19:19:13,705 - INFO - Updating latest data...
2026-01-10 19:19:14,096 - INFO - Data update completed, latest time: 2026-01-11 00:18:00+00:00
2026-01-10 19:19:14,628 - INFO - [SIGNAL] time=2026-01-11 00:18:00+00:00 price=90463.07 z=1.290 signal=0 pos=0.000
2026-01-10 19:19:14,676 - INFO - Status update: price=90463.07, Z-score=1.290, signal=0, position=0.000, equity=1.0011, return=0.11%
2026-01-10 19:20:14,683 - INFO - Updating latest data...
2026-01-10 19:20:15,052 - INFO - Data update completed, latest time: 2026-01-11 00:19:00+00:00
2026-01-10 19:20:15,536 - INFO - [SIGNAL] time=2026-01-11 00:19:00+00:00 price=90413.35 z=0.663 signal=0 pos=0.000
2026-01-10 19:20:15,580 - INFO - Status update: price=90413.35, Z-score=0.663, signal=0, position=0.000, equity=1.0011, return=0.11%
2026-01-10 19:21:15,587 - INFO - Updating latest data...
2026-01-10 19:21:16,084 - INFO - Data update completed, latest time: 2026-01-11 00:20:00+00:00
2026-01-10 19:21:16,608 - INFO - [SIGNAL] time=2026-01-11 00:20:00+00:00 price=90473.08 z=1.337 signal=0 pos=0.000
2026-01-10 19:21:16,677 - INFO - Status update: price=90473.08, Z-score=1.337, signal=0, position=0.000, equity=1.0011, return=0.11% | ETF: flat, $35,654, Trades: []
2026-01-10 19:22:16,682 - INFO - Updating latest data...
2026-01-10 19:22:17,087 - INFO - Data update completed, latest time: 2026-01-11 00:20:00+00:00
2026-01-10 19:22:17,593 - INFO - [SIGNAL] time=2026-01-11 00:20:00+00:00 price=90473.08 z=1.337 signal=0 pos=0.000
2026-01-10 19:22:17,642 - INFO - Status update: price=90473.08, Z-score=1.337, signal=0, position=0.000, equity=1.0011, return=0.11% | ETF: flat, $35,654, Trades: []
2026-01-10 19:23:17,649 - INFO - Updating latest data...
2026-01-10 19:23:18,043 - INFO - Data update completed, latest time: 2026-01-11 00:22:00+00:00
2026-01-10 19:23:18,677 - INFO - [SIGNAL] time=2026-01-11 00:22:00+00:00 price=90461.52 z=1.043 signal=0 pos=0.000
2026-01-10 19:23:18,726 - INFO - Status update: price=90461.52, Z-score=1.043, signal=0, position=0.000, equity=1.0011, return=0.11%
2026-01-10 19:24:18,729 - INFO - Updating latest data...
2026-01-10 19:24:19,071 - INFO - Data update completed, latest time: 2026-01-11 00:22:00+00:00
2026-01-10 19:24:19,638 - INFO - [SIGNAL] time=2026-01-11 00:22:00+00:00 price=90461.52 z=1.043 signal=0 pos=0.000
2026-01-10 19:24:19,692 - INFO - Status update: price=90461.52, Z-score=1.043, signal=0, position=0.000, equity=1.0011, return=0.11%
2026-01-10 19:25:19,698 - INFO - Updating latest data...
2026-01-10 19:25:20,092 - INFO - Data update completed, latest time: 2026-01-11 00:24:00+00:00
2026-01-10 19:25:20,597 - INFO - [SIGNAL] time=2026-01-11 00:24:00+00:00 price=90478.05 z=1.327 signal=0 pos=0.000
2026-01-10 19:25:20,656 - INFO - Status update: price=90478.05, Z-score=1.327, signal=0, position=0.000, equity=1.0011, return=0.11%
2026-01-10 19:26:20,661 - INFO - Updating latest data...
2026-01-10 19:26:21,039 - INFO - Data update completed, latest time: 2026-01-11 00:25:00+00:00
2026-01-10 19:26:21,535 - INFO - [SIGNAL] time=2026-01-11 00:25:00+00:00 price=90469.19 z=0.376 signal=0 pos=0.000
2026-01-10 19:26:21,585 - INFO - Status update: price=90469.19, Z-score=0.376, signal=0, position=0.000, equity=1.0011, return=0.11%
2026-01-10 19:27:21,595 - INFO - Updating latest data...
2026-01-10 19:27:21,979 - INFO - Data update completed, latest time: 2026-01-11 00:26:00+00:00
2026-01-10 19:27:22,460 - INFO - [SIGNAL] time=2026-01-11 00:26:00+00:00 price=90469.84 z=0.394 signal=0 pos=0.000
2026-01-10 19:27:22,512 - INFO - Status update: price=90469.84, Z-score=0.394, signal=0, position=0.000, equity=1.0011, return=0.11%
2026-01-10 19:28:22,519 - INFO - Updating latest data...
2026-01-10 19:28:22,950 - INFO - Data update completed, latest time: 2026-01-11 00:26:00+00:00
2026-01-10 19:28:23,491 - INFO - [SIGNAL] time=2026-01-11 00:26:00+00:00 price=90469.84 z=0.394 signal=0 pos=0.000
2026-01-10 19:28:23,554 - INFO - Status update: price=90469.84, Z-score=0.394, signal=0, position=0.000, equity=1.0011, return=0.11%
2026-01-10 19:29:23,561 - INFO - Updating latest data...
2026-01-10 19:29:23,969 - INFO - Data update completed, latest time: 2026-01-11 00:28:00+00:00
2026-01-10 19:29:24,454 - INFO - [SIGNAL] time=2026-01-11 00:28:00+00:00 price=90469.40 z=0.385 signal=0 pos=0.000
2026-01-10 19:29:24,490 - INFO - Status update: price=90469.40, Z-score=0.385, signal=0, position=0.000, equity=1.0011, return=0.11%
2026-01-10 19:30:24,497 - INFO - Updating latest data...
2026-01-10 19:30:24,914 - INFO - Data update completed, latest time: 2026-01-11 00:29:00+00:00
2026-01-10 19:30:25,395 - INFO - [SIGNAL] time=2026-01-11 00:29:00+00:00 price=90486.01 z=0.793 signal=0 pos=0.000
2026-01-10 19:30:25,439 - INFO - Status update: price=90486.01, Z-score=0.793, signal=0, position=0.000, equity=1.0011, return=0.11%
2026-01-10 19:31:25,446 - INFO - Updating latest data...
2026-01-10 19:31:25,850 - INFO - Data update completed, latest time: 2026-01-11 00:30:00+00:00
2026-01-10 19:31:26,355 - INFO - [SIGNAL] time=2026-01-11 00:30:00+00:00 price=90451.18 z=-0.060 signal=0 pos=0.000
2026-01-10 19:31:26,398 - INFO - Status update: price=90451.18, Z-score=-0.060, signal=0, position=0.000, equity=1.0011, return=0.11% | ETF: flat, $35,654, Trades: []
2026-01-10 19:32:26,405 - INFO - Updating latest data...
2026-01-10 19:32:26,862 - INFO - Data update completed, latest time: 2026-01-11 00:31:00+00:00
2026-01-10 19:32:27,345 - INFO - [SIGNAL] time=2026-01-11 00:31:00+00:00 price=90451.18 z=0.402 signal=0 pos=0.000
2026-01-10 19:32:27,396 - INFO - Status update: price=90451.18, Z-score=0.402, signal=0, position=0.000, equity=1.0011, return=0.11%
2026-01-10 19:33:27,423 - INFO - Updating latest data...
2026-01-10 19:33:28,009 - INFO - Data update completed, latest time: 2026-01-11 00:32:00+00:00
2026-01-10 19:33:28,517 - INFO - [SIGNAL] time=2026-01-11 00:32:00+00:00 price=90470.60 z=0.878 signal=0 pos=0.000
2026-01-10 19:33:28,563 - INFO - Status update: price=90470.60, Z-score=0.878, signal=0, position=0.000, equity=1.0011, return=0.11%
2026-01-10 19:34:28,575 - INFO - Updating latest data...
2026-01-10 19:34:28,992 - INFO - Data update completed, latest time: 2026-01-11 00:33:00+00:00
2026-01-10 19:34:29,495 - INFO - [SIGNAL] time=2026-01-11 00:33:00+00:00 price=90457.71 z=0.560 signal=0 pos=0.000
2026-01-10 19:34:29,543 - INFO - Status update: price=90457.71, Z-score=0.560, signal=0, position=0.000, equity=1.0011, return=0.11%
2026-01-10 19:35:29,555 - INFO - Updating latest data...
2026-01-10 19:35:29,992 - INFO - Data update completed, latest time: 2026-01-11 00:34:00+00:00
2026-01-10 19:35:30,474 - INFO - [SIGNAL] time=2026-01-11 00:34:00+00:00 price=90456.65 z=0.533 signal=0 pos=0.000
2026-01-10 19:35:30,517 - INFO - Status update: price=90456.65, Z-score=0.533, signal=0, position=0.000, equity=1.0011, return=0.11%
2026-01-10 19:36:30,529 - INFO - Updating latest data...
2026-01-10 19:36:31,144 - INFO - Data update completed, latest time: 2026-01-11 00:35:00+00:00
2026-01-10 19:36:31,640 - INFO - [SIGNAL] time=2026-01-11 00:35:00+00:00 price=90456.65 z=0.573 signal=0 pos=0.000
2026-01-10 19:36:31,675 - INFO - Status update: price=90456.65, Z-score=0.573, signal=0, position=0.000, equity=1.0011, return=0.11%
2026-01-10 19:37:31,682 - INFO - Updating latest data...
2026-01-10 19:37:32,053 - INFO - Data update completed, latest time: 2026-01-11 00:36:00+00:00
2026-01-10 19:37:32,536 - INFO - [SIGNAL] time=2026-01-11 00:36:00+00:00 price=90455.59 z=0.546 signal=0 pos=0.000
2026-01-10 19:37:32,594 - INFO - Status update: price=90455.59, Z-score=0.546, signal=0, position=0.000, equity=1.0011, return=0.11%
2026-01-10 19:38:32,603 - INFO - Updating latest data...
2026-01-10 19:38:32,981 - INFO - Data update completed, latest time: 2026-01-11 00:37:00+00:00
2026-01-10 19:38:33,460 - INFO - [SIGNAL] time=2026-01-11 00:37:00+00:00 price=90418.16 z=0.164 signal=0 pos=0.000
2026-01-10 19:38:33,506 - INFO - Status update: price=90418.16, Z-score=0.164, signal=0, position=0.000, equity=1.0011, return=0.11%
2026-01-10 19:39:33,532 - INFO - Updating latest data...
2026-01-10 19:39:34,307 - INFO - Data update completed, latest time: 2026-01-11 00:38:00+00:00
2026-01-10 19:39:34,805 - INFO - [SIGNAL] time=2026-01-11 00:38:00+00:00 price=90421.92 z=0.257 signal=0 pos=0.000
2026-01-10 19:39:34,841 - INFO - Status update: price=90421.92, Z-score=0.257, signal=0, position=0.000, equity=1.0011, return=0.11%
2026-01-10 19:40:34,864 - INFO - Updating latest data...
2026-01-10 19:40:35,670 - INFO - Data update completed, latest time: 2026-01-11 00:39:00+00:00
2026-01-10 19:40:36,165 - INFO - [SIGNAL] time=2026-01-11 00:39:00+00:00 price=90440.77 z=0.718 signal=0 pos=0.000
2026-01-10 19:40:36,199 - INFO - Status update: price=90440.77, Z-score=0.718, signal=0, position=0.000, equity=1.0011, return=0.11%
2026-01-10 19:41:36,231 - INFO - Updating latest data...
2026-01-10 19:41:36,966 - INFO - Data update completed, latest time: 2026-01-11 00:39:00+00:00
2026-01-10 19:41:37,530 - INFO - [SIGNAL] time=2026-01-11 00:39:00+00:00 price=90440.77 z=0.718 signal=0 pos=0.000
2026-01-10 19:41:37,654 - INFO - Status update: price=90440.77, Z-score=0.718, signal=0, position=0.000, equity=1.0011, return=0.11%
2026-01-10 19:42:37,661 - INFO - Updating latest data...
2026-01-10 19:42:38,054 - INFO - Data update completed, latest time: 2026-01-11 00:41:00+00:00
2026-01-10 19:42:38,536 - INFO - [SIGNAL] time=2026-01-11 00:41:00+00:00 price=90444.95 z=0.816 signal=0 pos=0.000
2026-01-10 19:42:38,714 - INFO - Status update: price=90444.95, Z-score=0.816, signal=0, position=0.000, equity=1.0011, return=0.11%
2026-01-10 19:43:38,735 - INFO - Updating latest data...
2026-01-10 19:43:39,472 - INFO - Data update completed, latest time: 2026-01-11 00:41:00+00:00
2026-01-10 19:43:39,973 - INFO - [SIGNAL] time=2026-01-11 00:41:00+00:00 price=90444.95 z=0.816 signal=0 pos=0.000
2026-01-10 19:43:40,066 - INFO - Status update: price=90444.95, Z-score=0.816, signal=0, position=0.000, equity=1.0011, return=0.11%
2026-01-10 19:44:40,090 - INFO - Updating latest data...
2026-01-10 19:44:40,706 - INFO - Data update completed, latest time: 2026-01-11 00:43:00+00:00
2026-01-10 19:44:41,228 - INFO - [SIGNAL] time=2026-01-11 00:43:00+00:00 price=90448.68 z=0.903 signal=0 pos=0.000
2026-01-10 19:44:41,403 - INFO - Status update: price=90448.68, Z-score=0.903, signal=0, position=0.000, equity=1.0011, return=0.11%
2026-01-10 19:45:41,426 - INFO - Updating latest data...
2026-01-10 19:45:42,344 - INFO - Data update completed, latest time: 2026-01-11 00:44:00+00:00
2026-01-10 19:45:42,852 - INFO - [SIGNAL] time=2026-01-11 00:44:00+00:00 price=90430.37 z=0.452 signal=0 pos=0.000
2026-01-10 19:45:42,886 - INFO - Status update: price=90430.37, Z-score=0.452, signal=0, position=0.000, equity=1.0011, return=0.11%
2026-01-10 19:46:42,894 - INFO - Updating latest data...
2026-01-10 19:46:43,328 - INFO - Data update completed, latest time: 2026-01-11 00:44:00+00:00
2026-01-10 19:46:43,819 - INFO - [SIGNAL] time=2026-01-11 00:44:00+00:00 price=90430.37 z=0.452 signal=0 pos=0.000
2026-01-10 19:46:43,871 - INFO - Status update: price=90430.37, Z-score=0.452, signal=0, position=0.000, equity=1.0011, return=0.11%
