timestamp,equity,cash,exposure,strategy
2026-01-24T02:18:35.690695+00:00,100000.0,100000.0,0.0,window360_strategy
2026-01-24T02:18:46.184192+00:00,100000.0,100000.0,0.0,window360_strategy
2026-01-24T02:18:56.455200+00:00,100000.0,100000.0,0.0,window360_strategy
2026-01-24T02:19:06.659240+00:00,100000.0,100000.0,0.0,window360_strategy
2026-01-24T02:19:16.885835+00:00,100000.0,100000.0,0.0,window360_strategy
2026-01-24T02:19:27.113877+00:00,100000.0,100000.0,0.0,window360_strategy
2026-01-24T02:19:37.752274+00:00,100000.0,100000.0,0.0,window360_strategy
2026-01-24T02:19:47.986227+00:00,100000.0,100000.0,0.0,window360_strategy
2026-01-24T02:19:58.177280+00:00,100000.0,100000.0,0.0,window360_strategy
2026-01-24T02:20:08.459402+00:00,100000.0,100000.0,0.0,window360_strategy
2026-01-24T02:20:18.739558+00:00,100000.0,100000.0,0.0,window360_strategy
2026-01-24T02:20:28.969010+00:00,100000.0,100000.0,0.0,window360_strategy
2026-01-24T02:20:39.192430+00:00,100000.0,100000.0,0.0,window360_strategy
2026-01-24T02:20:49.405543+00:00,100000.0,100000.0,0.0,window360_strategy
2026-01-24T02:20:59.645706+00:00,100000.0,100000.0,0.0,window360_strategy
2026-01-24T02:21:09.866440+00:00,100000.0,100000.0,0.0,window360_strategy
2026-01-24T02:21:20.091260+00:00,100000.0,100000.0,0.0,window360_strategy
2026-01-24T02:21:30.295903+00:00,100000.0,100000.0,0.0,window360_strategy
2026-01-24T02:21:40.620349+00:00,100000.0,100000.0,0.0,window360_strategy
2026-01-24T02:21:50.872565+00:00,100000.0,100000.0,0.0,window360_strategy
2026-01-24T02:22:01.077252+00:00,100000.0,100000.0,0.0,window360_strategy
2026-01-24T02:22:11.256927+00:00,100000.0,100000.0,0.0,window360_strategy
2026-01-24T02:22:21.488282+00:00,100000.0,100000.0,0.0,window360_strategy
2026-01-24T02:22:31.751544+00:00,100000.0,100000.0,0.0,window360_strategy
2026-01-24T02:22:41.945005+00:00,100000.0,100000.0,0.0,window360_strategy
2026-01-24T02:22:52.652381+00:00,100000.0,100000.0,0.0,window360_strategy
2026-01-24T02:23:02.865715+00:00,100000.0,100000.0,0.0,window360_strategy
2026-01-24T02:23:13.104829+00:00,100000.0,100000.0,0.0,window360_strategy
2026-01-24T02:23:23.459005+00:00,100000.0,100000.0,0.0,window360_strategy
2026-01-24T02:23:33.657218+00:00,100000.0,100000.0,0.0,window360_strategy
2026-01-24T02:23:43.946935+00:00,100000.0,100000.0,0.0,window360_strategy
2026-01-24T02:23:54.125759+00:00,100000.0,100000.0,0.0,window360_strategy
2026-01-24T02:24:04.401525+00:00,100000.0,100000.0,0.0,window360_strategy
2026-01-24T02:24:14.572406+00:00,100000.0,100000.0,0.0,window360_strategy
2026-01-24T02:24:24.782783+00:00,100000.0,100000.0,0.0,window360_strategy
2026-01-24T02:24:34.992281+00:00,100000.0,100000.0,0.0,window360_strategy
2026-01-24T02:24:45.204413+00:00,100000.0,100000.0,0.0,window360_strategy
2026-01-24T02:24:55.404210+00:00,100000.0,100000.0,0.0,window360_strategy
2026-01-24T02:25:05.599171+00:00,100000.0,100000.0,0.0,window360_strategy
2026-01-24T02:25:15.790253+00:00,100000.0,100000.0,0.0,window360_strategy
2026-01-24T02:25:25.987502+00:00,100000.0,100000.0,0.0,window360_strategy
2026-01-24T02:25:36.263081+00:00,100000.0,100000.0,0.0,window360_strategy
2026-01-24T02:25:46.474943+00:00,100000.0,100000.0,0.0,window360_strategy
2026-01-24T02:25:56.667798+00:00,100000.0,100000.0,0.0,window360_strategy
2026-01-24T02:26:06.888800+00:00,100000.0,100000.0,0.0,window360_strategy
2026-01-24T02:26:17.068620+00:00,100000.0,100000.0,0.0,window360_strategy
2026-01-24T02:26:27.398512+00:00,100000.0,100000.0,0.0,window360_strategy
2026-01-24T02:26:37.577212+00:00,100000.0,100000.0,0.0,window360_strategy
2026-01-24T02:26:47.801908+00:00,100000.0,100000.0,0.0,window360_strategy
2026-01-24T02:26:57.970396+00:00,100000.0,100000.0,0.0,window360_strategy
2026-01-24T02:27:08.241517+00:00,100000.0,100000.0,0.0,window360_strategy
2026-01-24T02:27:18.429681+00:00,100000.0,100000.0,0.0,window360_strategy
2026-01-24T02:27:28.694324+00:00,100000.0,100000.0,0.0,window360_strategy
2026-01-24T02:27:38.887648+00:00,100000.0,100000.0,0.0,window360_strategy
2026-01-24T02:27:49.180118+00:00,100000.0,100000.0,0.0,window360_strategy
2026-01-24T02:27:59.361594+00:00,100000.0,100000.0,0.0,window360_strategy
2026-01-24T02:28:09.644052+00:00,100000.0,100000.0,0.0,window360_strategy
2026-01-24T02:28:19.856285+00:00,100000.0,100000.0,0.0,window360_strategy
2026-01-24T02:28:30.127926+00:00,100000.0,100000.0,0.0,window360_strategy
2026-01-24T02:28:40.329291+00:00,100000.0,100000.0,0.0,window360_strategy
2026-01-24T02:28:50.513936+00:00,100000.0,100000.0,0.0,window360_strategy
2026-01-24T02:29:00.709413+00:00,100000.0,100000.0,0.0,window360_strategy
2026-01-24T02:29:10.971829+00:00,100000.0,100000.0,0.0,window360_strategy
2026-01-24T02:29:21.163861+00:00,100000.0,100000.0,0.0,window360_strategy
2026-01-24T02:29:31.355400+00:00,100000.0,100000.0,0.0,window360_strategy
2026-01-24T02:29:41.545633+00:00,100000.0,100000.0,0.0,window360_strategy
2026-01-24T02:29:51.849523+00:00,100000.0,100000.0,0.0,window360_strategy
2026-01-24T02:30:02.268096+00:00,100000.0,100000.0,0.0,window360_strategy
2026-01-24T02:30:12.673869+00:00,100000.0,100000.0,0.0,window360_strategy
2026-01-24T02:30:22.881013+00:00,100000.0,100000.0,0.0,window360_strategy
2026-01-24T02:30:33.065838+00:00,100000.0,100000.0,0.0,window360_strategy
2026-01-24T02:30:43.369044+00:00,100000.0,100000.0,0.0,window360_strategy
2026-01-24T02:30:53.553496+00:00,100000.0,100000.0,0.0,window360_strategy
2026-01-24T02:31:03.748759+00:00,100000.0,100000.0,0.0,window360_strategy
2026-01-24T02:31:13.951368+00:00,100000.0,100000.0,0.0,window360_strategy
2026-01-24T02:31:24.167826+00:00,100000.0,100000.0,0.0,window360_strategy
2026-01-24T02:31:34.465156+00:00,100000.0,100000.0,0.0,window360_strategy
2026-01-24T02:31:44.677632+00:00,100000.0,100000.0,0.0,window360_strategy
2026-01-24T02:31:55.032981+00:00,100000.0,100000.0,0.0,window360_strategy
2026-01-24T02:32:05.230678+00:00,100000.0,100000.0,0.0,window360_strategy
2026-01-24T02:32:15.513541+00:00,100000.0,100000.0,0.0,window360_strategy
2026-01-24T02:32:25.838789+00:00,100000.0,100000.0,0.0,window360_strategy
2026-01-24T02:32:36.022054+00:00,100000.0,100000.0,0.0,window360_strategy
2026-01-24T02:32:46.247511+00:00,100000.0,100000.0,0.0,window360_strategy
2026-01-24T02:32:56.497494+00:00,100000.0,100000.0,0.0,window360_strategy
2026-01-24T02:33:06.752907+00:00,100000.0,100000.0,0.0,window360_strategy
2026-01-24T02:33:16.947929+00:00,100000.0,100000.0,0.0,window360_strategy
2026-01-24T02:33:27.135002+00:00,100000.0,100000.0,0.0,window360_strategy
2026-01-24T02:33:37.325880+00:00,100000.0,100000.0,0.0,window360_strategy
2026-01-24T02:33:47.582881+00:00,100000.0,100000.0,0.0,window360_strategy
2026-01-24T02:33:57.789756+00:00,100000.0,100000.0,0.0,window360_strategy
2026-01-24T02:34:07.986837+00:00,100000.0,100000.0,0.0,window360_strategy
2026-01-24T02:34:18.159308+00:00,100000.0,100000.0,0.0,window360_strategy
2026-01-24T02:34:28.342397+00:00,100000.0,100000.0,0.0,window360_strategy
2026-01-24T02:34:38.617568+00:00,100000.0,100000.0,0.0,window360_strategy
2026-01-24T02:34:48.912888+00:00,100000.0,100000.0,0.0,window360_strategy
2026-01-24T02:34:59.096905+00:00,100000.0,100000.0,0.0,window360_strategy
2026-01-24T02:35:09.279958+00:00,100000.0,100000.0,0.0,window360_strategy
2026-01-24T02:35:19.501233+00:00,100000.0,100000.0,0.0,window360_strategy
2026-01-24T02:35:29.812980+00:00,100000.0,100000.0,0.0,window360_strategy
2026-01-24T02:35:39.996774+00:00,100000.0,100000.0,0.0,window360_strategy
2026-01-24T02:35:50.225821+00:00,100000.0,100000.0,0.0,window360_strategy
2026-01-24T02:36:00.436566+00:00,100000.0,100000.0,0.0,window360_strategy
2026-01-24T02:36:10.626504+00:00,100000.0,100000.0,0.0,window360_strategy
2026-01-24T02:36:20.847533+00:00,100000.0,100000.0,0.0,window360_strategy
2026-01-24T02:36:31.037701+00:00,100000.0,100000.0,0.0,window360_strategy
2026-01-24T02:36:41.290118+00:00,100000.0,100000.0,0.0,window360_strategy
2026-01-24T02:36:51.493183+00:00,100000.0,100000.0,0.0,window360_strategy
2026-01-24T02:37:01.739340+00:00,100000.0,100000.0,0.0,window360_strategy
2026-01-24T02:37:11.915028+00:00,100000.0,100000.0,0.0,window360_strategy
2026-01-24T02:37:22.186820+00:00,100000.0,100000.0,0.0,window360_strategy
2026-01-24T02:37:32.396463+00:00,100000.0,100000.0,0.0,window360_strategy
2026-01-24T02:37:42.645015+00:00,100000.0,100000.0,0.0,window360_strategy
2026-01-24T02:37:52.962115+00:00,100000.0,100000.0,0.0,window360_strategy
2026-01-24T02:38:03.163795+00:00,100000.0,100000.0,0.0,window360_strategy
2026-01-24T02:38:13.347239+00:00,100000.0,100000.0,0.0,window360_strategy
2026-01-24T02:38:23.534481+00:00,100000.0,100000.0,0.0,window360_strategy
2026-01-24T02:38:33.734640+00:00,100000.0,100000.0,0.0,window360_strategy
2026-01-24T02:38:44.121652+00:00,100000.0,100000.0,0.0,window360_strategy
2026-01-24T02:38:54.303037+00:00,100000.0,100000.0,0.0,window360_strategy
2026-01-24T02:39:04.555620+00:00,100000.0,100000.0,0.0,window360_strategy
2026-01-24T02:39:14.747686+00:00,100000.0,100000.0,0.0,window360_strategy
2026-01-24T02:39:24.993655+00:00,100000.0,100000.0,0.0,window360_strategy
2026-01-24T02:39:35.431140+00:00,100000.0,100000.0,0.0,window360_strategy
2026-01-24T02:39:45.669090+00:00,100000.0,100000.0,0.0,window360_strategy
2026-01-24T02:39:55.875765+00:00,100000.0,100000.0,0.0,window360_strategy
2026-01-24T02:40:06.165099+00:00,100000.0,100000.0,0.0,window360_strategy
2026-01-24T02:40:16.390229+00:00,100000.0,100000.0,0.0,window360_strategy
2026-01-24T02:40:26.573648+00:00,100000.0,100000.0,0.0,window360_strategy
2026-01-24T02:40:36.762002+00:00,100000.0,100000.0,0.0,window360_strategy
2026-01-24T02:40:46.980310+00:00,100000.0,100000.0,0.0,window360_strategy
2026-01-24T02:40:57.167529+00:00,100000.0,100000.0,0.0,window360_strategy
2026-01-24T02:41:07.363027+00:00,100000.0,100000.0,0.0,window360_strategy
2026-01-24T02:41:17.595870+00:00,100000.0,100000.0,0.0,window360_strategy
2026-01-24T02:41:27.783315+00:00,100000.0,100000.0,0.0,window360_strategy
2026-01-24T02:41:38.045542+00:00,100000.0,100000.0,0.0,window360_strategy
2026-01-24T02:41:48.243912+00:00,100000.0,100000.0,0.0,window360_strategy
2026-01-24T02:41:58.521841+00:00,100000.0,100000.0,0.0,window360_strategy
2026-01-24T02:42:08.728294+00:00,100000.0,100000.0,0.0,window360_strategy
2026-01-24T02:42:18.960780+00:00,100000.0,100000.0,0.0,window360_strategy
2026-01-24T02:42:29.155199+00:00,100000.0,100000.0,0.0,window360_strategy
2026-01-24T02:42:39.389077+00:00,100000.0,100000.0,0.0,window360_strategy
2026-01-24T02:42:49.599339+00:00,100000.0,100000.0,0.0,window360_strategy
2026-01-24T02:42:59.870196+00:00,100000.0,100000.0,0.0,window360_strategy
2026-01-24T02:43:10.168383+00:00,100000.0,100000.0,0.0,window360_strategy
2026-01-24T02:43:20.350406+00:00,100000.0,100000.0,0.0,window360_strategy
2026-01-24T02:43:30.661772+00:00,100000.0,100000.0,0.0,window360_strategy
2026-01-24T02:43:40.927978+00:00,100000.0,100000.0,0.0,window360_strategy
2026-01-24T02:43:51.215026+00:00,100000.0,100000.0,0.0,window360_strategy
2026-01-24T02:44:01.406770+00:00,100000.0,100000.0,0.0,window360_strategy
2026-01-24T02:44:11.589227+00:00,100000.0,100000.0,0.0,window360_strategy
2026-01-24T02:44:21.778432+00:00,100000.0,100000.0,0.0,window360_strategy
2026-01-24T02:44:31.999843+00:00,100000.0,100000.0,0.0,window360_strategy
2026-01-24T02:44:42.201864+00:00,100000.0,100000.0,0.0,window360_strategy
2026-01-24T02:44:53.037660+00:00,100000.0,100000.0,0.0,window360_strategy
2026-01-24T02:45:03.230867+00:00,100000.0,100000.0,0.0,window360_strategy
2026-01-24T02:45:13.440035+00:00,100000.0,100000.0,0.0,window360_strategy
2026-01-24T02:45:23.632796+00:00,100000.0,100000.0,0.0,window360_strategy
2026-01-24T02:45:36.785029+00:00,100000.0,100000.0,0.0,window360_strategy
2026-01-24T02:45:47.002068+00:00,100000.0,100000.0,0.0,window360_strategy
2026-01-24T02:45:57.203235+00:00,100000.0,100000.0,0.0,window360_strategy
2026-01-24T02:46:07.426270+00:00,100000.0,100000.0,0.0,window360_strategy
2026-01-24T02:46:17.718840+00:00,100000.0,100000.0,0.0,window360_strategy
2026-01-24T02:57:23.326444+00:00,100000.0,100000.0,0.0,window360_strategy
2026-01-24T02:57:34.978831+00:00,100000.0,100000.0,0.0,window360_strategy
2026-01-24T02:57:45.592418+00:00,100000.0,100000.0,0.0,window360_strategy
2026-01-24T02:57:55.861753+00:00,100000.0,100000.0,0.0,window360_strategy
2026-01-24T02:58:06.785668+00:00,100000.0,100000.0,0.0,window360_strategy
2026-01-24T02:58:17.082852+00:00,100000.0,100000.0,0.0,window360_strategy
2026-01-24T02:58:27.413767+00:00,100000.0,100000.0,0.0,window360_strategy
2026-01-24T02:58:37.649611+00:00,100000.0,100000.0,0.0,window360_strategy
2026-01-24T02:58:48.011123+00:00,100000.0,100000.0,0.0,window360_strategy
2026-01-24T02:58:58.265938+00:00,100000.0,100000.0,0.0,window360_strategy
2026-01-24T02:59:08.686620+00:00,100000.0,100000.0,0.0,window360_strategy
2026-01-24T02:59:18.990835+00:00,100000.0,100000.0,0.0,window360_strategy
2026-01-24T02:59:30.736440+00:00,100000.0,100000.0,0.0,window360_strategy
2026-01-24T02:59:41.940029+00:00,100000.0,100000.0,0.0,window360_strategy
2026-01-24T02:59:52.203142+00:00,100000.0,100000.0,0.0,window360_strategy
2026-01-24T03:00:02.465830+00:00,100000.0,100000.0,0.0,window360_strategy
2026-01-24T03:00:12.759118+00:00,100000.0,100000.0,0.0,window360_strategy
2026-01-24T03:00:23.215345+00:00,100000.0,100000.0,0.0,window360_strategy
2026-01-24T03:00:33.951960+00:00,100000.0,100000.0,0.0,window360_strategy
2026-01-24T03:00:44.309207+00:00,100000.0,100000.0,0.0,window360_strategy
2026-01-24T03:00:54.536600+00:00,100000.0,100000.0,0.0,window360_strategy
2026-01-24T03:01:05.126035+00:00,100000.0,100000.0,0.0,window360_strategy
2026-01-24T03:01:16.932933+00:00,100000.0,100000.0,0.0,window360_strategy
2026-01-24T03:01:27.172526+00:00,100000.0,100000.0,0.0,window360_strategy
2026-01-24T03:01:37.455820+00:00,100000.0,100000.0,0.0,window360_strategy
2026-01-24T03:01:47.790599+00:00,100000.0,100000.0,0.0,window360_strategy
2026-01-24T03:01:58.012419+00:00,100000.0,100000.0,0.0,window360_strategy
2026-01-24T03:02:08.278166+00:00,100000.0,100000.0,0.0,window360_strategy
2026-01-24T03:02:18.637236+00:00,100000.0,100000.0,0.0,window360_strategy
2026-01-24T03:02:28.838425+00:00,100000.0,100000.0,0.0,window360_strategy
2026-01-24T03:02:39.096888+00:00,100000.0,100000.0,0.0,window360_strategy
2026-01-24T03:02:49.355312+00:00,100000.0,100000.0,0.0,window360_strategy
2026-01-24T03:02:59.632740+00:00,100000.0,100000.0,0.0,window360_strategy
2026-01-24T03:03:09.985013+00:00,100000.0,100000.0,0.0,window360_strategy
2026-01-24T03:03:20.387123+00:00,100000.0,100000.0,0.0,window360_strategy
2026-01-24T03:03:30.779654+00:00,100000.0,100000.0,0.0,window360_strategy
2026-01-24T03:03:41.007935+00:00,100000.0,100000.0,0.0,window360_strategy
2026-01-24T03:03:51.919863+00:00,100000.0,100000.0,0.0,window360_strategy
2026-01-24T03:04:03.251776+00:00,100000.0,100000.0,0.0,window360_strategy
2026-01-24T03:04:13.550981+00:00,100000.0,100000.0,0.0,window360_strategy
2026-01-24T03:04:24.801286+00:00,100000.0,100000.0,0.0,window360_strategy
2026-01-24T03:04:36.734972+00:00,100000.0,100000.0,0.0,window360_strategy
2026-01-24T03:04:47.212296+00:00,100000.0,100000.0,0.0,window360_strategy
2026-01-24T03:04:57.502636+00:00,100000.0,100000.0,0.0,window360_strategy
2026-01-24T03:05:07.798133+00:00,100000.0,100000.0,0.0,window360_strategy
2026-01-24T03:05:18.101819+00:00,100000.0,100000.0,0.0,window360_strategy
2026-01-24T03:05:28.483969+00:00,100000.0,100000.0,0.0,window360_strategy
2026-01-24T03:05:38.754746+00:00,100000.0,100000.0,0.0,window360_strategy
2026-01-24T03:05:49.050527+00:00,100000.0,100000.0,0.0,window360_strategy
2026-01-24T03:05:59.274113+00:00,100000.0,100000.0,0.0,window360_strategy
2026-01-24T03:06:09.778214+00:00,100000.0,100000.0,0.0,window360_strategy
2026-01-24T03:06:20.121445+00:00,100000.0,100000.0,0.0,window360_strategy
2026-01-24T03:06:30.603396+00:00,100000.0,100000.0,0.0,window360_strategy
2026-01-24T03:06:40.801802+00:00,100000.0,100000.0,0.0,window360_strategy
2026-01-24T03:06:51.010876+00:00,100000.0,100000.0,0.0,window360_strategy
2026-01-24T03:07:01.224319+00:00,100000.0,100000.0,0.0,window360_strategy
2026-01-24T03:07:11.454325+00:00,100000.0,100000.0,0.0,window360_strategy
2026-01-24T03:07:21.636803+00:00,100000.0,100000.0,0.0,window360_strategy
2026-01-24T03:07:32.006370+00:00,100000.0,100000.0,0.0,window360_strategy
2026-01-24T03:07:42.382892+00:00,100000.0,100000.0,0.0,window360_strategy
2026-01-24T03:07:52.570292+00:00,100000.0,100000.0,0.0,window360_strategy
2026-01-24T03:08:02.882948+00:00,100000.0,100000.0,0.0,window360_strategy
2026-01-24T03:08:13.094565+00:00,100000.0,100000.0,0.0,window360_strategy
2026-01-24T03:08:23.331320+00:00,100000.0,100000.0,0.0,window360_strategy
2026-01-24T03:08:33.529222+00:00,100000.0,100000.0,0.0,window360_strategy
2026-01-24T03:08:43.746272+00:00,100000.0,100000.0,0.0,window360_strategy
2026-01-24T03:08:54.045079+00:00,100000.0,100000.0,0.0,window360_strategy
2026-01-24T03:09:04.310140+00:00,100000.0,100000.0,0.0,window360_strategy
2026-01-24T03:09:14.746324+00:00,100000.0,100000.0,0.0,window360_strategy
2026-01-24T03:09:24.959568+00:00,100000.0,100000.0,0.0,window360_strategy
2026-01-24T03:09:35.237529+00:00,100000.0,100000.0,0.0,window360_strategy
2026-01-24T03:09:45.479031+00:00,100000.0,100000.0,0.0,window360_strategy
2026-01-24T03:09:55.748338+00:00,100000.0,100000.0,0.0,window360_strategy
2026-01-24T03:10:06.084960+00:00,100000.0,100000.0,0.0,window360_strategy
2026-01-24T03:10:16.285253+00:00,100000.0,100000.0,0.0,window360_strategy
2026-01-24T03:10:26.500991+00:00,100000.0,100000.0,0.0,window360_strategy
2026-01-24T03:10:36.723205+00:00,100000.0,100000.0,0.0,window360_strategy
2026-01-24T03:10:46.955184+00:00,100000.0,100000.0,0.0,window360_strategy
2026-01-24T03:10:57.172532+00:00,100000.0,100000.0,0.0,window360_strategy
2026-01-24T03:11:07.385268+00:00,100000.0,100000.0,0.0,window360_strategy
2026-01-24T03:11:17.600209+00:00,100000.0,100000.0,0.0,window360_strategy
2026-01-24T03:11:27.903982+00:00,100000.0,100000.0,0.0,window360_strategy
2026-01-24T03:11:38.142878+00:00,100000.0,100000.0,0.0,window360_strategy
2026-01-24T03:11:48.344393+00:00,100000.0,100000.0,0.0,window360_strategy
2026-01-24T03:11:58.543760+00:00,100000.0,100000.0,0.0,window360_strategy
2026-01-24T03:12:08.819902+00:00,100000.0,100000.0,0.0,window360_strategy
2026-01-24T03:12:19.036100+00:00,100000.0,100000.0,0.0,window360_strategy
2026-01-24T03:12:29.401770+00:00,100000.0,100000.0,0.0,window360_strategy
2026-01-24T03:12:39.659547+00:00,100000.0,100000.0,0.0,window360_strategy
2026-01-24T03:12:49.906838+00:00,100000.0,100000.0,0.0,window360_strategy
2026-01-24T03:13:00.121868+00:00,100000.0,100000.0,0.0,window360_strategy
2026-01-24T03:13:10.667324+00:00,100000.0,100000.0,0.0,window360_strategy
2026-01-24T03:13:20.984826+00:00,100000.0,100000.0,0.0,window360_strategy
2026-01-24T03:13:31.275279+00:00,100000.0,100000.0,0.0,window360_strategy
2026-01-24T03:13:41.638998+00:00,100000.0,100000.0,0.0,window360_strategy
2026-01-24T03:13:51.839889+00:00,100000.0,100000.0,0.0,window360_strategy
2026-01-24T03:14:02.058843+00:00,100000.0,100000.0,0.0,window360_strategy
2026-01-24T03:14:12.250254+00:00,100000.0,100000.0,0.0,window360_strategy
2026-01-24T03:14:22.563758+00:00,100000.0,100000.0,0.0,window360_strategy
2026-01-24T03:14:32.798375+00:00,100000.0,100000.0,0.0,window360_strategy
2026-01-24T03:14:43.014931+00:00,100000.0,100000.0,0.0,window360_strategy
2026-01-24T03:14:53.233390+00:00,100000.0,100000.0,0.0,window360_strategy
2026-01-24T03:15:03.438823+00:00,100000.0,100000.0,0.0,window360_strategy
2026-01-24T03:15:13.635249+00:00,100000.0,100000.0,0.0,window360_strategy
2026-01-24T03:15:23.885885+00:00,100000.0,100000.0,0.0,window360_strategy
2026-01-24T03:15:34.158346+00:00,100000.0,100000.0,0.0,window360_strategy
2026-01-24T03:15:44.375170+00:00,100000.0,100000.0,0.0,window360_strategy
2026-01-24T03:15:55.072074+00:00,100000.0,100000.0,0.0,window360_strategy
2026-01-24T03:16:06.090074+00:00,100000.0,100000.0,0.0,window360_strategy
2026-01-24T03:16:16.528957+00:00,100000.0,100000.0,0.0,window360_strategy
2026-01-24T03:16:28.367404+00:00,100000.0,100000.0,0.0,window360_strategy
2026-01-24T03:16:38.669090+00:00,100000.0,100000.0,0.0,window360_strategy
2026-01-24T03:16:48.922396+00:00,100000.0,100000.0,0.0,window360_strategy
2026-01-24T03:16:59.264048+00:00,100000.0,100000.0,0.0,window360_strategy
2026-01-24T03:17:09.501930+00:00,100000.0,100000.0,0.0,window360_strategy
2026-01-24T03:17:19.742524+00:00,100000.0,100000.0,0.0,window360_strategy
2026-01-24T03:17:30.999522+00:00,100000.0,100000.0,0.0,window360_strategy
2026-01-24T03:17:41.368024+00:00,100000.0,100000.0,0.0,window360_strategy
2026-01-24T03:17:51.674837+00:00,100000.0,100000.0,0.0,window360_strategy
2026-01-24T03:18:01.916772+00:00,100000.0,100000.0,0.0,window360_strategy
2026-01-24T03:18:12.151274+00:00,100000.0,100000.0,0.0,window360_strategy
2026-01-24T03:18:22.409398+00:00,100000.0,100000.0,0.0,window360_strategy
2026-01-24T03:18:32.737291+00:00,100000.0,100000.0,0.0,window360_strategy
2026-01-24T03:18:43.079615+00:00,100000.0,100000.0,0.0,window360_strategy
2026-01-24T03:18:53.404392+00:00,100000.0,100000.0,0.0,window360_strategy
2026-01-24T03:19:03.657498+00:00,100000.0,100000.0,0.0,window360_strategy
2026-01-24T03:19:13.944206+00:00,100000.0,100000.0,0.0,window360_strategy
2026-01-24T03:19:24.180507+00:00,100000.0,100000.0,0.0,window360_strategy
2026-01-24T03:19:34.451778+00:00,100000.0,100000.0,0.0,window360_strategy
2026-01-24T03:19:44.694778+00:00,100000.0,100000.0,0.0,window360_strategy
2026-01-24T03:19:54.942096+00:00,100000.0,100000.0,0.0,window360_strategy
2026-01-24T03:20:05.178173+00:00,100000.0,100000.0,0.0,window360_strategy
2026-01-24T03:20:15.363983+00:00,100000.0,100000.0,0.0,window360_strategy
2026-01-24T03:20:25.622947+00:00,100000.0,100000.0,0.0,window360_strategy
2026-01-24T03:20:35.921801+00:00,100000.0,100000.0,0.0,window360_strategy
2026-01-24T03:20:46.247491+00:00,100000.0,100000.0,0.0,window360_strategy
2026-01-24T03:20:56.702395+00:00,100000.0,100000.0,0.0,window360_strategy
2026-01-24T03:21:07.047325+00:00,100000.0,100000.0,0.0,window360_strategy
2026-01-24T03:21:17.375012+00:00,100000.0,100000.0,0.0,window360_strategy
2026-01-24T03:21:27.781351+00:00,100000.0,100000.0,0.0,window360_strategy
2026-01-24T03:21:38.042129+00:00,100000.0,100000.0,0.0,window360_strategy
2026-01-24T03:21:48.323739+00:00,100000.0,100000.0,0.0,window360_strategy
2026-01-24T03:21:58.580608+00:00,100000.0,100000.0,0.0,window360_strategy
2026-01-24T03:22:08.848366+00:00,100000.0,100000.0,0.0,window360_strategy
2026-01-24T03:22:19.082852+00:00,100000.0,100000.0,0.0,window360_strategy
2026-01-24T03:22:29.753649+00:00,100000.0,100000.0,0.0,window360_strategy
2026-01-24T03:22:40.057423+00:00,100000.0,100000.0,0.0,window360_strategy
2026-01-24T03:22:50.483218+00:00,100000.0,100000.0,0.0,window360_strategy
2026-01-24T03:23:00.764460+00:00,100000.0,100000.0,0.0,window360_strategy
2026-01-24T03:23:11.039733+00:00,100000.0,100000.0,0.0,window360_strategy
2026-01-24T03:23:21.353473+00:00,100000.0,100000.0,0.0,window360_strategy
2026-01-24T03:23:31.894118+00:00,100000.0,100000.0,0.0,window360_strategy
2026-01-24T03:23:42.212471+00:00,100000.0,100000.0,0.0,window360_strategy
2026-01-24T03:23:52.472145+00:00,100000.0,100000.0,0.0,window360_strategy
2026-01-24T03:24:02.847084+00:00,100000.0,100000.0,0.0,window360_strategy
2026-01-24T03:24:13.072556+00:00,100000.0,100000.0,0.0,window360_strategy
2026-01-24T03:24:23.520549+00:00,100000.0,100000.0,0.0,window360_strategy
2026-01-24T03:24:33.778314+00:00,100000.0,100000.0,0.0,window360_strategy
2026-01-24T03:24:44.125878+00:00,100000.0,100000.0,0.0,window360_strategy
2026-01-24T03:24:54.347301+00:00,100000.0,100000.0,0.0,window360_strategy
2026-01-24T03:25:04.679023+00:00,100000.0,100000.0,0.0,window360_strategy
2026-01-24T03:25:14.888331+00:00,100000.0,100000.0,0.0,window360_strategy
2026-01-24T03:25:25.098933+00:00,100000.0,100000.0,0.0,window360_strategy
2026-01-24T03:25:35.360627+00:00,100000.0,100000.0,0.0,window360_strategy
2026-01-24T03:25:45.816410+00:00,100000.0,100000.0,0.0,window360_strategy
2026-01-24T03:25:56.138646+00:00,100000.0,100000.0,0.0,window360_strategy
2026-01-24T03:26:06.445994+00:00,100000.0,100000.0,0.0,window360_strategy
2026-01-24T03:26:16.702599+00:00,100000.0,100000.0,0.0,window360_strategy
2026-01-24T03:26:26.924454+00:00,100000.0,100000.0,0.0,window360_strategy
2026-01-24T03:26:37.210005+00:00,100000.0,100000.0,0.0,window360_strategy
2026-01-24T03:26:47.508698+00:00,100000.0,100000.0,0.0,window360_strategy
2026-01-24T03:26:57.689413+00:00,100000.0,100000.0,0.0,window360_strategy
2026-01-24T03:27:07.961041+00:00,100000.0,100000.0,0.0,window360_strategy
2026-01-24T03:27:18.171566+00:00,100000.0,100000.0,0.0,window360_strategy
2026-01-24T03:27:28.352480+00:00,100000.0,100000.0,0.0,window360_strategy
2026-01-24T03:27:38.802854+00:00,100000.0,100000.0,0.0,window360_strategy
2026-01-24T03:27:49.040258+00:00,100000.0,100000.0,0.0,window360_strategy
2026-01-24T03:27:59.349451+00:00,100000.0,100000.0,0.0,window360_strategy
2026-01-24T03:28:09.552279+00:00,100000.0,100000.0,0.0,window360_strategy
2026-01-24T03:28:19.829321+00:00,100000.0,100000.0,0.0,window360_strategy
2026-01-24T03:28:30.140998+00:00,100000.0,100000.0,0.0,window360_strategy
2026-01-24T03:28:40.369227+00:00,100000.0,100000.0,0.0,window360_strategy
2026-01-24T03:28:50.899505+00:00,100000.0,100000.0,0.0,window360_strategy
2026-01-24T03:29:01.178450+00:00,100000.0,100000.0,0.0,window360_strategy
2026-01-24T03:29:11.432135+00:00,100000.0,100000.0,0.0,window360_strategy
2026-01-24T03:29:21.660407+00:00,100000.0,100000.0,0.0,window360_strategy
2026-01-24T03:29:31.875748+00:00,100000.0,100000.0,0.0,window360_strategy
2026-01-24T03:29:42.148210+00:00,100000.0,100000.0,0.0,window360_strategy
2026-01-24T03:29:52.379128+00:00,100000.0,100000.0,0.0,window360_strategy
2026-01-24T03:30:02.601713+00:00,100000.0,100000.0,0.0,window360_strategy
2026-01-24T03:30:12.825392+00:00,100000.0,100000.0,0.0,window360_strategy
2026-01-24T03:30:23.008194+00:00,100000.0,100000.0,0.0,window360_strategy
2026-01-24T03:30:33.236160+00:00,100000.0,100000.0,0.0,window360_strategy
2026-01-24T03:30:43.469858+00:00,100000.0,100000.0,0.0,window360_strategy
2026-01-24T03:30:56.625748+00:00,100000.0,100000.0,0.0,window360_strategy
2026-01-24T03:31:08.312884+00:00,100000.0,100000.0,0.0,window360_strategy
2026-01-24T03:31:20.206424+00:00,100000.0,100000.0,0.0,window360_strategy
2026-01-24T03:31:30.777048+00:00,100000.0,100000.0,0.0,window360_strategy
2026-01-24T03:31:41.830375+00:00,100000.0,100000.0,0.0,window360_strategy
2026-01-24T03:31:52.041665+00:00,100000.0,100000.0,0.0,window360_strategy
2026-01-24T03:32:02.296045+00:00,100000.0,100000.0,0.0,window360_strategy
2026-01-24T03:32:12.535343+00:00,100000.0,100000.0,0.0,window360_strategy
2026-01-24T03:32:24.814950+00:00,100000.0,100000.0,0.0,window360_strategy
2026-01-24T03:32:36.130777+00:00,100000.0,100000.0,0.0,window360_strategy
2026-01-24T03:32:46.376347+00:00,100000.0,100000.0,0.0,window360_strategy
2026-01-24T03:32:56.896827+00:00,100000.0,100000.0,0.0,window360_strategy
2026-01-24T03:33:07.559086+00:00,100000.0,100000.0,0.0,window360_strategy
2026-01-24T03:33:18.602396+00:00,100000.0,100000.0,0.0,window360_strategy
2026-01-24T03:33:28.867376+00:00,100000.0,100000.0,0.0,window360_strategy
2026-01-24T03:33:39.615344+00:00,100000.0,100000.0,0.0,window360_strategy
2026-01-24T03:33:49.993651+00:00,100000.0,100000.0,0.0,window360_strategy
2026-01-24T03:34:00.354827+00:00,100000.0,100000.0,0.0,window360_strategy
2026-01-24T03:34:10.569952+00:00,100000.0,100000.0,0.0,window360_strategy
2026-01-24T03:34:24.169151+00:00,100000.0,100000.0,0.0,window360_strategy
2026-01-24T03:34:35.018501+00:00,100000.0,100000.0,0.0,window360_strategy
2026-01-24T03:34:45.606590+00:00,100000.0,100000.0,0.0,window360_strategy
2026-01-24T03:34:56.223610+00:00,100000.0,100000.0,0.0,window360_strategy
2026-01-24T03:35:06.617303+00:00,100000.0,100000.0,0.0,window360_strategy
2026-01-24T03:35:17.341000+00:00,100000.0,100000.0,0.0,window360_strategy
2026-01-24T03:35:28.229868+00:00,100000.0,100000.0,0.0,window360_strategy
2026-01-24T03:35:38.819120+00:00,100000.0,100000.0,0.0,window360_strategy
2026-01-24T03:35:49.168158+00:00,100000.0,100000.0,0.0,window360_strategy
2026-01-24T03:35:59.662713+00:00,100000.0,100000.0,0.0,window360_strategy
2026-01-24T03:36:09.914081+00:00,100000.0,100000.0,0.0,window360_strategy
2026-01-24T03:36:20.427475+00:00,100000.0,100000.0,0.0,window360_strategy
2026-01-24T03:36:30.667181+00:00,100000.0,100000.0,0.0,window360_strategy
2026-01-24T03:36:41.012271+00:00,100000.0,100000.0,0.0,window360_strategy
2026-01-24T03:36:51.344200+00:00,100000.0,100000.0,0.0,window360_strategy
2026-01-24T03:37:01.587801+00:00,100000.0,100000.0,0.0,window360_strategy
2026-01-24T03:37:11.868424+00:00,100000.0,100000.0,0.0,window360_strategy
2026-01-24T03:37:22.085318+00:00,100000.0,100000.0,0.0,window360_strategy
2026-01-24T03:37:32.504194+00:00,100000.0,100000.0,0.0,window360_strategy
2026-01-24T03:37:42.794263+00:00,100000.0,100000.0,0.0,window360_strategy
2026-01-24T03:37:53.007200+00:00,100000.0,100000.0,0.0,window360_strategy
2026-01-24T03:38:03.434096+00:00,100000.0,100000.0,0.0,window360_strategy
2026-01-24T03:38:13.870694+00:00,100000.0,100000.0,0.0,window360_strategy
2026-01-24T03:38:24.145740+00:00,100000.0,100000.0,0.0,window360_strategy
2026-01-24T03:38:34.801761+00:00,100000.0,100000.0,0.0,window360_strategy
2026-01-24T03:38:45.131871+00:00,100000.0,100000.0,0.0,window360_strategy
2026-01-24T03:38:55.430941+00:00,100000.0,100000.0,0.0,window360_strategy
2026-01-24T03:39:05.673172+00:00,100000.0,100000.0,0.0,window360_strategy
2026-01-24T03:39:15.918320+00:00,100000.0,100000.0,0.0,window360_strategy
2026-01-24T03:39:26.298086+00:00,100000.0,100000.0,0.0,window360_strategy
2026-01-24T03:39:36.598845+00:00,100000.0,100000.0,0.0,window360_strategy
2026-01-24T03:39:46.865851+00:00,100000.0,100000.0,0.0,window360_strategy
2026-01-24T03:39:57.211719+00:00,100000.0,100000.0,0.0,window360_strategy
2026-01-24T03:40:07.586516+00:00,100000.0,100000.0,0.0,window360_strategy
2026-01-24T03:40:17.868929+00:00,100000.0,100000.0,0.0,window360_strategy
2026-01-24T03:40:28.183833+00:00,100000.0,100000.0,0.0,window360_strategy
2026-01-24T03:40:38.645629+00:00,100000.0,100000.0,0.0,window360_strategy
2026-01-24T03:40:49.013356+00:00,100000.0,100000.0,0.0,window360_strategy
2026-01-24T03:40:59.462816+00:00,100000.0,100000.0,0.0,window360_strategy
2026-01-24T03:41:09.735016+00:00,100000.0,100000.0,0.0,window360_strategy
2026-01-24T03:41:19.992905+00:00,100000.0,100000.0,0.0,window360_strategy
2026-01-24T03:41:30.260017+00:00,100000.0,100000.0,0.0,window360_strategy
2026-01-24T03:41:40.556358+00:00,100000.0,100000.0,0.0,window360_strategy
2026-01-24T03:41:51.381682+00:00,100000.0,100000.0,0.0,window360_strategy
2026-01-24T03:42:03.320368+00:00,100000.0,100000.0,0.0,window360_strategy
2026-01-24T03:42:13.990228+00:00,100000.0,100000.0,0.0,window360_strategy
2026-01-24T03:42:24.228560+00:00,100000.0,100000.0,0.0,window360_strategy
2026-01-24T03:42:34.423494+00:00,100000.0,100000.0,0.0,window360_strategy
2026-01-24T03:42:44.642374+00:00,100000.0,100000.0,0.0,window360_strategy
2026-01-24T03:42:54.861350+00:00,100000.0,100000.0,0.0,window360_strategy
2026-01-24T03:43:05.171978+00:00,100000.0,100000.0,0.0,window360_strategy
2026-01-24T03:43:15.375284+00:00,100000.0,100000.0,0.0,window360_strategy
2026-01-24T03:43:25.576361+00:00,100000.0,100000.0,0.0,window360_strategy
2026-01-24T03:43:35.774813+00:00,100000.0,100000.0,0.0,window360_strategy
2026-01-24T03:43:45.989628+00:00,100000.0,100000.0,0.0,window360_strategy
2026-01-24T03:43:56.261946+00:00,100000.0,100000.0,0.0,window360_strategy
2026-01-24T03:44:06.506551+00:00,100000.0,100000.0,0.0,window360_strategy
2026-01-24T03:44:16.697171+00:00,100000.0,100000.0,0.0,window360_strategy
2026-01-24T03:44:26.897548+00:00,100000.0,100000.0,0.0,window360_strategy
2026-01-24T03:44:37.122147+00:00,100000.0,100000.0,0.0,window360_strategy
2026-01-24T03:44:47.310189+00:00,100000.0,100000.0,0.0,window360_strategy
2026-01-24T03:44:57.533844+00:00,100000.0,100000.0,0.0,window360_strategy
2026-01-24T03:45:07.784225+00:00,100000.0,100000.0,0.0,window360_strategy
2026-01-24T03:45:18.000638+00:00,100000.0,100000.0,0.0,window360_strategy
2026-01-24T03:45:28.390193+00:00,100000.0,100000.0,0.0,window360_strategy
2026-01-24T03:45:38.607497+00:00,100000.0,100000.0,0.0,window360_strategy
2026-01-24T03:45:48.894356+00:00,100000.0,100000.0,0.0,window360_strategy
2026-01-24T03:45:59.110483+00:00,100000.0,100000.0,0.0,window360_strategy
2026-01-24T03:46:09.400427+00:00,100000.0,100000.0,0.0,window360_strategy
2026-01-24T03:46:19.588469+00:00,100000.0,100000.0,0.0,window360_strategy
2026-01-24T03:46:29.962689+00:00,100000.0,100000.0,0.0,window360_strategy
2026-01-24T03:46:40.272658+00:00,100000.0,100000.0,0.0,window360_strategy
2026-01-24T03:46:50.476542+00:00,100000.0,100000.0,0.0,window360_strategy
2026-01-24T03:47:00.746434+00:00,100000.0,100000.0,0.0,window360_strategy
2026-01-24T03:47:10.975347+00:00,100000.0,100000.0,0.0,window360_strategy
2026-01-24T03:47:21.221329+00:00,100000.0,100000.0,0.0,window360_strategy
2026-01-24T03:47:31.408086+00:00,100000.0,100000.0,0.0,window360_strategy
2026-01-24T03:47:41.660483+00:00,100000.0,100000.0,0.0,window360_strategy
2026-01-24T03:47:51.897035+00:00,100000.0,100000.0,0.0,window360_strategy
2026-01-24T03:48:02.107595+00:00,100000.0,100000.0,0.0,window360_strategy
2026-01-24T03:48:12.340351+00:00,100000.0,100000.0,0.0,window360_strategy
2026-01-24T03:48:22.561745+00:00,100000.0,100000.0,0.0,window360_strategy
2026-01-24T03:48:32.792312+00:00,100000.0,100000.0,0.0,window360_strategy
2026-01-24T03:48:43.237144+00:00,100000.0,100000.0,0.0,window360_strategy
2026-01-24T03:48:53.454157+00:00,100000.0,100000.0,0.0,window360_strategy
2026-01-24T03:49:03.676449+00:00,100000.0,100000.0,0.0,window360_strategy
2026-01-24T03:49:13.929283+00:00,100000.0,100000.0,0.0,window360_strategy
2026-01-24T03:49:24.106044+00:00,100000.0,100000.0,0.0,window360_strategy
2026-01-24T03:49:34.439348+00:00,100000.0,100000.0,0.0,window360_strategy
2026-01-24T03:49:44.699216+00:00,100000.0,100000.0,0.0,window360_strategy
2026-01-24T03:49:54.895252+00:00,100000.0,100000.0,0.0,window360_strategy
2026-01-24T03:50:05.097706+00:00,100000.0,100000.0,0.0,window360_strategy
2026-01-24T03:50:15.306271+00:00,100000.0,100000.0,0.0,window360_strategy
2026-01-24T03:50:25.518014+00:00,100000.0,100000.0,0.0,window360_strategy
2026-01-24T03:50:35.743591+00:00,100000.0,100000.0,0.0,window360_strategy
2026-01-24T03:50:46.022783+00:00,100000.0,100000.0,0.0,window360_strategy
2026-01-24T03:50:56.375589+00:00,100000.0,100000.0,0.0,window360_strategy
2026-01-24T03:51:06.628668+00:00,100000.0,100000.0,0.0,window360_strategy
2026-01-24T03:51:16.800414+00:00,100000.0,100000.0,0.0,window360_strategy
2026-01-24T03:51:27.085061+00:00,100000.0,100000.0,0.0,window360_strategy
2026-01-24T03:51:37.299510+00:00,100000.0,100000.0,0.0,window360_strategy
2026-01-24T03:51:47.542641+00:00,100000.0,100000.0,0.0,window360_strategy
2026-01-24T03:51:57.885080+00:00,100000.0,100000.0,0.0,window360_strategy
2026-01-24T03:52:08.109441+00:00,100000.0,100000.0,0.0,window360_strategy
2026-01-24T03:52:18.452621+00:00,100000.0,100000.0,0.0,window360_strategy
2026-01-24T03:52:28.665616+00:00,100000.0,100000.0,0.0,window360_strategy
2026-01-24T03:52:38.945183+00:00,100000.0,100000.0,0.0,window360_strategy
2026-01-24T03:52:49.135618+00:00,100000.0,100000.0,0.0,window360_strategy
2026-01-24T03:52:59.345367+00:00,100000.0,100000.0,0.0,window360_strategy
2026-01-24T03:53:09.579452+00:00,100000.0,100000.0,0.0,window360_strategy
2026-01-24T03:53:19.781922+00:00,100000.0,100000.0,0.0,window360_strategy
2026-01-24T03:53:30.881094+00:00,100000.0,100000.0,0.0,window360_strategy
2026-01-24T03:53:41.307383+00:00,100000.0,100000.0,0.0,window360_strategy
2026-01-24T03:53:51.530494+00:00,100000.0,100000.0,0.0,window360_strategy
2026-01-24T03:54:01.815089+00:00,100000.0,100000.0,0.0,window360_strategy
2026-01-24T03:54:12.070703+00:00,100000.0,100000.0,0.0,window360_strategy
2026-01-24T03:54:22.254772+00:00,100000.0,100000.0,0.0,window360_strategy
2026-01-24T03:54:32.652294+00:00,100000.0,100000.0,0.0,window360_strategy
2026-01-24T03:54:42.836396+00:00,100000.0,100000.0,0.0,window360_strategy
2026-01-24T03:54:53.114005+00:00,100000.0,100000.0,0.0,window360_strategy
2026-01-24T03:55:03.311614+00:00,100000.0,100000.0,0.0,window360_strategy
2026-01-24T03:55:13.581567+00:00,100000.0,100000.0,0.0,window360_strategy
2026-01-24T03:55:23.770987+00:00,100000.0,100000.0,0.0,window360_strategy
2026-01-24T03:55:34.022070+00:00,100000.0,100000.0,0.0,window360_strategy
2026-01-24T03:55:44.219710+00:00,100000.0,100000.0,0.0,window360_strategy
2026-01-24T03:55:54.639405+00:00,100000.0,100000.0,0.0,window360_strategy
2026-01-24T03:56:05.059214+00:00,100000.0,100000.0,0.0,window360_strategy
2026-01-24T03:56:15.256502+00:00,100000.0,100000.0,0.0,window360_strategy
2026-01-24T03:56:25.438961+00:00,100000.0,100000.0,0.0,window360_strategy
2026-01-24T03:56:35.645961+00:00,100000.0,100000.0,0.0,window360_strategy
2026-01-24T03:56:45.946540+00:00,100000.0,100000.0,0.0,window360_strategy
2026-01-24T03:56:56.125124+00:00,100000.0,100000.0,0.0,window360_strategy
2026-01-24T03:57:06.456150+00:00,100000.0,100000.0,0.0,window360_strategy
2026-01-24T03:57:16.773485+00:00,100000.0,100000.0,0.0,window360_strategy
2026-01-24T03:57:26.969240+00:00,100000.0,100000.0,0.0,window360_strategy
2026-01-24T03:57:37.266079+00:00,100000.0,100000.0,0.0,window360_strategy
2026-01-24T03:57:47.745447+00:00,100000.0,100000.0,0.0,window360_strategy
2026-01-24T03:57:57.937957+00:00,100000.0,100000.0,0.0,window360_strategy
2026-01-24T03:58:08.155862+00:00,100000.0,100000.0,0.0,window360_strategy
2026-01-24T03:58:18.358972+00:00,100000.0,100000.0,0.0,window360_strategy
2026-01-24T03:58:28.606830+00:00,100000.0,100000.0,0.0,window360_strategy
2026-01-24T03:58:38.871504+00:00,100000.0,100000.0,0.0,window360_strategy
2026-01-24T03:58:49.202344+00:00,100000.0,100000.0,0.0,window360_strategy
2026-01-24T03:58:59.547489+00:00,100000.0,100000.0,0.0,window360_strategy
2026-01-24T03:59:09.758152+00:00,100000.0,100000.0,0.0,window360_strategy
2026-01-24T03:59:19.973720+00:00,100000.0,100000.0,0.0,window360_strategy
2026-01-24T03:59:30.228884+00:00,100000.0,100000.0,0.0,window360_strategy
2026-01-24T03:59:40.599253+00:00,100000.0,100000.0,0.0,window360_strategy
2026-01-24T03:59:50.978386+00:00,100000.0,100000.0,0.0,window360_strategy
2026-01-24T04:00:01.251869+00:00,100000.0,100000.0,0.0,window360_strategy
2026-01-24T04:00:11.474048+00:00,100000.0,100000.0,0.0,window360_strategy
2026-01-24T04:00:21.672077+00:00,100000.0,100000.0,0.0,window360_strategy
2026-01-24T04:00:31.947769+00:00,100000.0,100000.0,0.0,window360_strategy
2026-01-24T04:00:42.364785+00:00,100000.0,100000.0,0.0,window360_strategy
2026-01-24T04:00:52.591964+00:00,100000.0,100000.0,0.0,window360_strategy
2026-01-24T04:01:02.910411+00:00,100000.0,100000.0,0.0,window360_strategy
2026-01-24T04:01:13.232057+00:00,100000.0,100000.0,0.0,window360_strategy
2026-01-24T04:01:23.403992+00:00,100000.0,100000.0,0.0,window360_strategy
2026-01-24T04:01:33.716699+00:00,100000.0,100000.0,0.0,window360_strategy
2026-01-24T04:01:43.905393+00:00,100000.0,100000.0,0.0,window360_strategy
2026-01-24T04:01:54.118936+00:00,100000.0,100000.0,0.0,window360_strategy
2026-01-24T04:02:04.322331+00:00,100000.0,100000.0,0.0,window360_strategy
2026-01-24T04:02:14.566312+00:00,100000.0,100000.0,0.0,window360_strategy
2026-01-24T04:02:24.758715+00:00,100000.0,100000.0,0.0,window360_strategy
2026-01-24T04:02:35.034027+00:00,100000.0,100000.0,0.0,window360_strategy
2026-01-24T04:02:45.301159+00:00,100000.0,100000.0,0.0,window360_strategy
2026-01-24T04:02:55.497462+00:00,100000.0,100000.0,0.0,window360_strategy
2026-01-24T04:03:05.710656+00:00,100000.0,100000.0,0.0,window360_strategy
2026-01-24T04:03:16.057351+00:00,100000.0,100000.0,0.0,window360_strategy
2026-01-24T04:03:26.575760+00:00,100000.0,100000.0,0.0,window360_strategy
2026-01-24T04:03:36.899261+00:00,100000.0,100000.0,0.0,window360_strategy
2026-01-24T04:03:47.115810+00:00,100000.0,100000.0,0.0,window360_strategy
2026-01-24T04:03:57.385115+00:00,100000.0,100000.0,0.0,window360_strategy
2026-01-24T04:04:07.586658+00:00,100000.0,100000.0,0.0,window360_strategy
2026-01-24T04:04:17.814946+00:00,100000.0,100000.0,0.0,window360_strategy
2026-01-24T04:04:28.011744+00:00,100000.0,100000.0,0.0,window360_strategy
2026-01-24T04:04:38.334356+00:00,100000.0,100000.0,0.0,window360_strategy
2026-01-24T04:04:48.710711+00:00,100000.0,100000.0,0.0,window360_strategy
2026-01-24T04:04:58.897983+00:00,100000.0,100000.0,0.0,window360_strategy
2026-01-24T04:05:09.276126+00:00,100000.0,100000.0,0.0,window360_strategy
2026-01-24T04:05:19.821821+00:00,100000.0,100000.0,0.0,window360_strategy
2026-01-24T04:05:30.630534+00:00,100000.0,100000.0,0.0,window360_strategy
2026-01-24T04:05:41.008966+00:00,100000.0,100000.0,0.0,window360_strategy
2026-01-24T04:05:51.230783+00:00,100000.0,100000.0,0.0,window360_strategy
2026-01-24T04:06:01.666716+00:00,100000.0,100000.0,0.0,window360_strategy
2026-01-24T04:06:12.229542+00:00,100000.0,100000.0,0.0,window360_strategy
2026-01-24T04:06:22.563331+00:00,100000.0,100000.0,0.0,window360_strategy
2026-01-24T04:06:32.878572+00:00,100000.0,100000.0,0.0,window360_strategy
2026-01-24T04:06:43.111474+00:00,100000.0,100000.0,0.0,window360_strategy
2026-01-24T04:06:53.504473+00:00,100000.0,100000.0,0.0,window360_strategy
2026-01-24T04:07:03.797472+00:00,100000.0,100000.0,0.0,window360_strategy
2026-01-24T04:07:14.060983+00:00,100000.0,100000.0,0.0,window360_strategy
2026-01-24T04:07:24.553474+00:00,100000.0,100000.0,0.0,window360_strategy
2026-01-24T04:07:34.789578+00:00,100000.0,100000.0,0.0,window360_strategy
2026-01-24T04:07:45.104601+00:00,100000.0,100000.0,0.0,window360_strategy
2026-01-24T04:07:55.515695+00:00,100000.0,100000.0,0.0,window360_strategy
2026-01-24T04:08:05.881961+00:00,100000.0,100000.0,0.0,window360_strategy
2026-01-24T04:08:16.132487+00:00,100000.0,100000.0,0.0,window360_strategy
2026-01-24T04:08:26.503447+00:00,100000.0,100000.0,0.0,window360_strategy
2026-01-24T04:08:36.855256+00:00,100000.0,100000.0,0.0,window360_strategy
2026-01-24T04:08:47.097213+00:00,100000.0,100000.0,0.0,window360_strategy
2026-01-24T04:08:57.327070+00:00,100000.0,100000.0,0.0,window360_strategy
2026-01-24T04:09:07.608038+00:00,100000.0,100000.0,0.0,window360_strategy
2026-01-24T04:09:17.814285+00:00,100000.0,100000.0,0.0,window360_strategy
2026-01-24T04:09:27.998498+00:00,100000.0,100000.0,0.0,window360_strategy
2026-01-24T04:09:38.328308+00:00,100000.0,100000.0,0.0,window360_strategy
2026-01-24T04:09:48.864485+00:00,100000.0,100000.0,0.0,window360_strategy
2026-01-24T04:09:59.289426+00:00,100000.0,100000.0,0.0,window360_strategy
2026-01-24T04:10:09.604476+00:00,100000.0,100000.0,0.0,window360_strategy
2026-01-24T04:10:20.194655+00:00,100000.0,100000.0,0.0,window360_strategy
2026-01-24T04:10:31.233016+00:00,100000.0,100000.0,0.0,window360_strategy
2026-01-24T04:10:41.664707+00:00,100000.0,100000.0,0.0,window360_strategy
2026-01-24T04:10:51.856903+00:00,100000.0,100000.0,0.0,window360_strategy
2026-01-24T04:11:02.132465+00:00,100000.0,100000.0,0.0,window360_strategy
2026-01-24T04:11:12.337858+00:00,100000.0,100000.0,0.0,window360_strategy
2026-01-24T04:11:22.609750+00:00,100000.0,100000.0,0.0,window360_strategy
2026-01-24T04:11:33.025575+00:00,100000.0,100000.0,0.0,window360_strategy
2026-01-24T04:11:43.226397+00:00,100000.0,100000.0,0.0,window360_strategy
2026-01-24T04:11:53.424032+00:00,100000.0,100000.0,0.0,window360_strategy
2026-01-24T04:12:03.653105+00:00,100000.0,100000.0,0.0,window360_strategy
2026-01-24T04:12:13.838747+00:00,100000.0,100000.0,0.0,window360_strategy
2026-01-24T04:12:24.472932+00:00,100000.0,100000.0,0.0,window360_strategy
2026-01-24T04:12:34.844822+00:00,100000.0,100000.0,0.0,window360_strategy
2026-01-24T04:12:45.491474+00:00,100000.0,100000.0,0.0,window360_strategy
2026-01-24T04:12:55.961581+00:00,100000.0,100000.0,0.0,window360_strategy
2026-01-24T04:13:06.338787+00:00,100000.0,100000.0,0.0,window360_strategy
2026-01-24T04:13:16.881871+00:00,100000.0,100000.0,0.0,window360_strategy
2026-01-24T04:13:27.321790+00:00,100000.0,100000.0,0.0,window360_strategy
2026-01-24T04:13:37.548828+00:00,100000.0,100000.0,0.0,window360_strategy
2026-01-24T04:13:47.793656+00:00,100000.0,100000.0,0.0,window360_strategy
2026-01-24T04:13:58.022082+00:00,100000.0,100000.0,0.0,window360_strategy
2026-01-24T04:14:08.270867+00:00,100000.0,100000.0,0.0,window360_strategy
2026-01-24T04:14:18.796529+00:00,100000.0,100000.0,0.0,window360_strategy
2026-01-24T04:14:29.200942+00:00,100000.0,100000.0,0.0,window360_strategy
2026-01-24T04:14:39.402282+00:00,100000.0,100000.0,0.0,window360_strategy
2026-01-24T04:14:49.594570+00:00,100000.0,100000.0,0.0,window360_strategy
2026-01-24T04:14:59.835443+00:00,100000.0,100000.0,0.0,window360_strategy
2026-01-24T04:15:10.193766+00:00,100000.0,100000.0,0.0,window360_strategy
2026-01-24T04:15:20.746916+00:00,100000.0,100000.0,0.0,window360_strategy
2026-01-24T04:15:31.448311+00:00,100000.0,100000.0,0.0,window360_strategy
2026-01-24T04:15:41.731089+00:00,100000.0,100000.0,0.0,window360_strategy
2026-01-24T04:15:51.956547+00:00,100000.0,100000.0,0.0,window360_strategy
2026-01-24T04:16:02.576984+00:00,100000.0,100000.0,0.0,window360_strategy
2026-01-24T04:16:13.931942+00:00,100000.0,100000.0,0.0,window360_strategy
2026-01-24T04:16:24.473705+00:00,100000.0,100000.0,0.0,window360_strategy
2026-01-24T04:16:34.941433+00:00,100000.0,100000.0,0.0,window360_strategy
2026-01-24T04:16:45.577707+00:00,100000.0,100000.0,0.0,window360_strategy
2026-01-24T04:16:56.005245+00:00,100000.0,100000.0,0.0,window360_strategy
2026-01-24T04:17:06.825377+00:00,100000.0,100000.0,0.0,window360_strategy
2026-01-24T04:17:18.237379+00:00,100000.0,100000.0,0.0,window360_strategy
2026-01-24T04:17:28.605442+00:00,100000.0,100000.0,0.0,window360_strategy
2026-01-24T04:17:39.546718+00:00,100000.0,100000.0,0.0,window360_strategy
2026-01-24T04:17:50.004986+00:00,100000.0,100000.0,0.0,window360_strategy
2026-01-24T04:18:00.311797+00:00,100000.0,100000.0,0.0,window360_strategy
2026-01-24T04:18:10.762978+00:00,100000.0,100000.0,0.0,window360_strategy
2026-01-24T04:18:21.205255+00:00,100000.0,100000.0,0.0,window360_strategy
2026-01-24T04:18:31.558298+00:00,100000.0,100000.0,0.0,window360_strategy
2026-01-24T04:18:42.137409+00:00,100000.0,100000.0,0.0,window360_strategy
2026-01-24T04:18:52.478475+00:00,100000.0,100000.0,0.0,window360_strategy
2026-01-24T04:19:02.969536+00:00,100000.0,100000.0,0.0,window360_strategy
2026-01-24T04:19:13.524312+00:00,100000.0,100000.0,0.0,window360_strategy
2026-01-24T04:19:23.905475+00:00,100000.0,100000.0,0.0,window360_strategy
2026-01-24T04:19:34.405052+00:00,100000.0,100000.0,0.0,window360_strategy
2026-01-24T04:19:44.816935+00:00,100000.0,100000.0,0.0,window360_strategy
2026-01-24T04:19:55.111973+00:00,100000.0,100000.0,0.0,window360_strategy
2026-01-24T04:20:05.435309+00:00,100000.0,100000.0,0.0,window360_strategy
2026-01-24T04:20:15.817183+00:00,100000.0,100000.0,0.0,window360_strategy
2026-01-24T04:20:26.343006+00:00,100000.0,100000.0,0.0,window360_strategy
2026-01-24T04:20:36.783099+00:00,100000.0,100000.0,0.0,window360_strategy
2026-01-24T04:20:47.222123+00:00,100000.0,100000.0,0.0,window360_strategy
2026-01-24T04:20:57.595985+00:00,100000.0,100000.0,0.0,window360_strategy
2026-01-24T04:21:07.950496+00:00,100000.0,100000.0,0.0,window360_strategy
2026-01-24T04:21:18.232270+00:00,100000.0,100000.0,0.0,window360_strategy
2026-01-24T04:21:28.631744+00:00,100000.0,100000.0,0.0,window360_strategy
2026-01-24T04:21:38.963125+00:00,100000.0,100000.0,0.0,window360_strategy
2026-01-24T04:21:49.253200+00:00,100000.0,100000.0,0.0,window360_strategy
2026-01-24T04:21:59.755801+00:00,100000.0,100000.0,0.0,window360_strategy
2026-01-24T04:22:10.113907+00:00,100000.0,100000.0,0.0,window360_strategy
2026-01-24T04:22:20.551987+00:00,100000.0,100000.0,0.0,window360_strategy
2026-01-24T04:22:30.825241+00:00,100000.0,100000.0,0.0,window360_strategy
2026-01-24T04:22:41.265894+00:00,100000.0,100000.0,0.0,window360_strategy
2026-01-24T04:22:51.562444+00:00,100000.0,100000.0,0.0,window360_strategy
2026-01-24T04:23:01.987266+00:00,100000.0,100000.0,0.0,window360_strategy
2026-01-24T04:23:12.686598+00:00,100000.0,100000.0,0.0,window360_strategy
2026-01-24T04:23:23.005355+00:00,100000.0,100000.0,0.0,window360_strategy
2026-01-24T04:23:33.428978+00:00,100000.0,100000.0,0.0,window360_strategy
2026-01-24T04:23:43.806467+00:00,100000.0,100000.0,0.0,window360_strategy
2026-01-24T04:23:54.136327+00:00,100000.0,100000.0,0.0,window360_strategy
2026-01-24T04:24:04.757000+00:00,100000.0,100000.0,0.0,window360_strategy
2026-01-24T04:24:15.330841+00:00,100000.0,100000.0,0.0,window360_strategy
2026-01-24T04:24:25.648076+00:00,100000.0,100000.0,0.0,window360_strategy
2026-01-24T04:24:35.974948+00:00,100000.0,100000.0,0.0,window360_strategy
2026-01-24T04:24:46.395805+00:00,100000.0,100000.0,0.0,window360_strategy
2026-01-24T04:24:56.908373+00:00,100000.0,100000.0,0.0,window360_strategy
2026-01-24T04:25:07.288774+00:00,100000.0,100000.0,0.0,window360_strategy
2026-01-24T04:25:17.585055+00:00,100000.0,100000.0,0.0,window360_strategy
2026-01-24T04:25:27.918627+00:00,100000.0,100000.0,0.0,window360_strategy
2026-01-24T04:25:38.350512+00:00,100000.0,100000.0,0.0,window360_strategy
2026-01-24T04:25:48.682416+00:00,100000.0,100000.0,0.0,window360_strategy
2026-01-24T04:25:59.006700+00:00,100000.0,100000.0,0.0,window360_strategy
2026-01-24T04:26:09.308022+00:00,100000.0,100000.0,0.0,window360_strategy
2026-01-24T04:26:19.667195+00:00,100000.0,100000.0,0.0,window360_strategy
2026-01-24T04:26:30.112582+00:00,100000.0,100000.0,0.0,window360_strategy
2026-01-24T04:26:40.562101+00:00,100000.0,100000.0,0.0,window360_strategy
2026-01-24T04:26:51.081147+00:00,100000.0,100000.0,0.0,window360_strategy
2026-01-24T04:27:01.565085+00:00,100000.0,100000.0,0.0,window360_strategy
2026-01-24T04:27:11.900795+00:00,100000.0,100000.0,0.0,window360_strategy
2026-01-24T04:27:22.216948+00:00,100000.0,100000.0,0.0,window360_strategy
2026-01-24T04:27:32.806037+00:00,100000.0,100000.0,0.0,window360_strategy
2026-01-24T04:27:43.601161+00:00,100000.0,100000.0,0.0,window360_strategy
2026-01-24T04:27:53.988374+00:00,100000.0,100000.0,0.0,window360_strategy
2026-01-24T04:28:04.268961+00:00,100000.0,100000.0,0.0,window360_strategy
2026-01-24T04:28:14.560043+00:00,100000.0,100000.0,0.0,window360_strategy
2026-01-24T04:28:24.973724+00:00,100000.0,100000.0,0.0,window360_strategy
2026-01-24T04:28:35.473076+00:00,100000.0,100000.0,0.0,window360_strategy
2026-01-24T04:28:45.966486+00:00,100000.0,100000.0,0.0,window360_strategy
2026-01-24T04:28:56.420644+00:00,100000.0,100000.0,0.0,window360_strategy
2026-01-24T04:29:06.755186+00:00,100000.0,100000.0,0.0,window360_strategy
2026-01-24T04:29:17.052115+00:00,100000.0,100000.0,0.0,window360_strategy
2026-01-24T04:29:27.384941+00:00,100000.0,100000.0,0.0,window360_strategy
2026-01-24T04:29:37.889631+00:00,100000.0,100000.0,0.0,window360_strategy
2026-01-24T04:29:48.311149+00:00,100000.0,100000.0,0.0,window360_strategy
2026-01-24T04:29:58.647920+00:00,100000.0,100000.0,0.0,window360_strategy
2026-01-24T04:30:08.935620+00:00,100000.0,100000.0,0.0,window360_strategy
2026-01-24T04:30:19.329057+00:00,100000.0,100000.0,0.0,window360_strategy
2026-01-24T04:30:30.140862+00:00,100000.0,100000.0,0.0,window360_strategy
2026-01-24T04:30:40.517710+00:00,100000.0,100000.0,0.0,window360_strategy
2026-01-24T04:30:50.962395+00:00,100000.0,100000.0,0.0,window360_strategy
2026-01-24T04:31:01.349431+00:00,100000.0,100000.0,0.0,window360_strategy
2026-01-24T04:31:11.844324+00:00,100000.0,100000.0,0.0,window360_strategy
2026-01-24T04:31:22.141638+00:00,100000.0,100000.0,0.0,window360_strategy
2026-01-24T04:31:32.623557+00:00,100000.0,100000.0,0.0,window360_strategy
2026-01-24T04:31:43.307959+00:00,100000.0,100000.0,0.0,window360_strategy
2026-01-24T04:31:53.603723+00:00,100000.0,100000.0,0.0,window360_strategy
2026-01-24T04:32:04.128456+00:00,100000.0,100000.0,0.0,window360_strategy
2026-01-24T04:32:14.626422+00:00,100000.0,100000.0,0.0,window360_strategy
2026-01-24T04:32:25.120859+00:00,100000.0,100000.0,0.0,window360_strategy
2026-01-24T04:32:35.558527+00:00,100000.0,100000.0,0.0,window360_strategy
2026-01-24T04:32:45.871692+00:00,100000.0,100000.0,0.0,window360_strategy
2026-01-24T04:32:56.245883+00:00,100000.0,100000.0,0.0,window360_strategy
2026-01-24T04:33:06.578632+00:00,100000.0,100000.0,0.0,window360_strategy
2026-01-24T04:33:16.993158+00:00,100000.0,100000.0,0.0,window360_strategy
2026-01-24T04:33:27.432005+00:00,100000.0,100000.0,0.0,window360_strategy
2026-01-24T04:33:37.717573+00:00,100000.0,100000.0,0.0,window360_strategy
2026-01-24T04:33:48.024446+00:00,100000.0,100000.0,0.0,window360_strategy
2026-01-24T04:33:58.480768+00:00,100000.0,100000.0,0.0,window360_strategy
2026-01-24T04:34:09.116285+00:00,100000.0,100000.0,0.0,window360_strategy
2026-01-24T04:34:19.473745+00:00,100000.0,100000.0,0.0,window360_strategy
2026-01-24T04:34:29.860975+00:00,100000.0,100000.0,0.0,window360_strategy
2026-01-24T04:34:40.469007+00:00,100000.0,100000.0,0.0,window360_strategy
2026-01-24T04:34:50.935419+00:00,100000.0,100000.0,0.0,window360_strategy
2026-01-24T04:35:01.315777+00:00,100000.0,100000.0,0.0,window360_strategy
2026-01-24T04:35:11.645264+00:00,100000.0,100000.0,0.0,window360_strategy
2026-01-24T04:35:22.125301+00:00,100000.0,100000.0,0.0,window360_strategy
2026-01-24T04:35:32.614480+00:00,100000.0,100000.0,0.0,window360_strategy
2026-01-24T04:35:43.069992+00:00,100000.0,100000.0,0.0,window360_strategy
2026-01-24T04:35:53.561906+00:00,100000.0,100000.0,0.0,window360_strategy
2026-01-24T04:36:03.908280+00:00,100000.0,100000.0,0.0,window360_strategy
2026-01-24T04:36:14.236850+00:00,100000.0,100000.0,0.0,window360_strategy
2026-01-24T04:36:24.892496+00:00,100000.0,100000.0,0.0,window360_strategy
2026-01-24T04:36:35.435331+00:00,100000.0,100000.0,0.0,window360_strategy
2026-01-24T04:36:45.802344+00:00,100000.0,100000.0,0.0,window360_strategy
2026-01-24T04:36:56.196991+00:00,100000.0,100000.0,0.0,window360_strategy
2026-01-24T04:37:06.646872+00:00,100000.0,100000.0,0.0,window360_strategy
2026-01-24T04:37:17.096987+00:00,100000.0,100000.0,0.0,window360_strategy
2026-01-24T04:37:27.443729+00:00,100000.0,100000.0,0.0,window360_strategy
2026-01-24T04:37:37.771423+00:00,100000.0,100000.0,0.0,window360_strategy
2026-01-24T04:37:48.176538+00:00,100000.0,100000.0,0.0,window360_strategy
2026-01-24T04:37:58.634408+00:00,100000.0,100000.0,0.0,window360_strategy
2026-01-24T04:38:09.434035+00:00,100000.0,100000.0,0.0,window360_strategy
2026-01-24T04:38:19.748715+00:00,100000.0,100000.0,0.0,window360_strategy
2026-01-24T04:38:30.046652+00:00,100000.0,100000.0,0.0,window360_strategy
2026-01-24T04:38:40.511860+00:00,100000.0,100000.0,0.0,window360_strategy
2026-01-24T04:38:51.018334+00:00,100000.0,100000.0,0.0,window360_strategy
2026-01-24T04:39:01.480960+00:00,100000.0,100000.0,0.0,window360_strategy
2026-01-24T04:39:11.969668+00:00,100000.0,100000.0,0.0,window360_strategy
2026-01-24T04:39:22.523852+00:00,100000.0,100000.0,0.0,window360_strategy
2026-01-24T04:39:32.880719+00:00,100000.0,100000.0,0.0,window360_strategy
2026-01-24T04:39:43.275754+00:00,100000.0,100000.0,0.0,window360_strategy
2026-01-24T04:39:53.597788+00:00,100000.0,100000.0,0.0,window360_strategy
2026-01-24T04:40:04.149287+00:00,100000.0,100000.0,0.0,window360_strategy
2026-01-24T04:40:14.556504+00:00,100000.0,100000.0,0.0,window360_strategy
2026-01-24T04:40:24.914183+00:00,100000.0,100000.0,0.0,window360_strategy
2026-01-24T04:40:35.341719+00:00,100000.0,100000.0,0.0,window360_strategy
2026-01-24T04:40:45.767349+00:00,100000.0,100000.0,0.0,window360_strategy
2026-01-24T04:40:56.083995+00:00,100000.0,100000.0,0.0,window360_strategy
2026-01-24T04:41:06.452747+00:00,100000.0,100000.0,0.0,window360_strategy
2026-01-24T04:41:16.745147+00:00,100000.0,100000.0,0.0,window360_strategy
2026-01-24T04:41:27.199862+00:00,100000.0,100000.0,0.0,window360_strategy
2026-01-24T04:41:37.486433+00:00,100000.0,100000.0,0.0,window360_strategy
2026-01-24T04:41:47.818593+00:00,100000.0,100000.0,0.0,window360_strategy
2026-01-24T04:41:58.268709+00:00,100000.0,100000.0,0.0,window360_strategy
2026-01-24T04:42:08.607637+00:00,100000.0,100000.0,0.0,window360_strategy
2026-01-24T04:42:18.905231+00:00,100000.0,100000.0,0.0,window360_strategy
2026-01-24T04:42:29.356652+00:00,100000.0,100000.0,0.0,window360_strategy
2026-01-24T04:42:39.644849+00:00,100000.0,100000.0,0.0,window360_strategy
2026-01-24T04:42:50.092972+00:00,100000.0,100000.0,0.0,window360_strategy
2026-01-24T04:43:00.549012+00:00,100000.0,100000.0,0.0,window360_strategy
2026-01-24T04:43:11.031513+00:00,100000.0,100000.0,0.0,window360_strategy
2026-01-24T04:43:21.499716+00:00,100000.0,100000.0,0.0,window360_strategy
2026-01-24T04:43:32.029941+00:00,100000.0,100000.0,0.0,window360_strategy
2026-01-24T04:43:42.702344+00:00,100000.0,100000.0,0.0,window360_strategy
2026-01-24T04:43:53.020474+00:00,100000.0,100000.0,0.0,window360_strategy
2026-01-24T04:44:03.439155+00:00,100000.0,100000.0,0.0,window360_strategy
2026-01-24T04:44:13.939753+00:00,100000.0,100000.0,0.0,window360_strategy
2026-01-24T04:44:24.520631+00:00,100000.0,100000.0,0.0,window360_strategy
2026-01-24T04:44:34.936388+00:00,100000.0,100000.0,0.0,window360_strategy
2026-01-24T04:44:45.352544+00:00,100000.0,100000.0,0.0,window360_strategy
2026-01-24T04:44:55.630331+00:00,100000.0,100000.0,0.0,window360_strategy
2026-01-24T04:45:05.973114+00:00,100000.0,100000.0,0.0,window360_strategy
2026-01-24T04:45:16.856224+00:00,100000.0,100000.0,0.0,window360_strategy
2026-01-24T04:45:27.424604+00:00,100000.0,100000.0,0.0,window360_strategy
2026-01-24T04:45:37.989048+00:00,100000.0,100000.0,0.0,window360_strategy
2026-01-24T04:45:48.389234+00:00,100000.0,100000.0,0.0,window360_strategy
2026-01-24T04:45:59.059410+00:00,100000.0,100000.0,0.0,window360_strategy
2026-01-24T04:46:09.373417+00:00,100000.0,100000.0,0.0,window360_strategy
2026-01-24T04:46:19.728171+00:00,100000.0,100000.0,0.0,window360_strategy
2026-01-24T04:46:30.011348+00:00,100000.0,100000.0,0.0,window360_strategy
2026-01-24T04:46:40.418733+00:00,100000.0,100000.0,0.0,window360_strategy
2026-01-24T04:46:50.700696+00:00,100000.0,100000.0,0.0,window360_strategy
2026-01-24T04:47:01.375461+00:00,100000.0,100000.0,0.0,window360_strategy
2026-01-24T04:47:11.674789+00:00,100000.0,100000.0,0.0,window360_strategy
2026-01-24T04:47:22.145796+00:00,100000.0,100000.0,0.0,window360_strategy
2026-01-24T04:47:32.663037+00:00,100000.0,100000.0,0.0,window360_strategy
2026-01-24T04:47:43.110601+00:00,100000.0,100000.0,0.0,window360_strategy
2026-01-24T04:47:53.389060+00:00,100000.0,100000.0,0.0,window360_strategy
2026-01-24T04:48:03.772339+00:00,100000.0,100000.0,0.0,window360_strategy
2026-01-24T04:48:14.141760+00:00,100000.0,100000.0,0.0,window360_strategy
2026-01-24T04:48:24.565800+00:00,100000.0,100000.0,0.0,window360_strategy
2026-01-24T04:48:35.055354+00:00,100000.0,100000.0,0.0,window360_strategy
2026-01-24T04:48:45.548921+00:00,100000.0,100000.0,0.0,window360_strategy
2026-01-24T04:48:55.980011+00:00,100000.0,100000.0,0.0,window360_strategy
2026-01-24T04:49:06.357228+00:00,100000.0,100000.0,0.0,window360_strategy
2026-01-24T04:49:16.775878+00:00,100000.0,100000.0,0.0,window360_strategy
2026-01-24T04:49:27.370618+00:00,100000.0,100000.0,0.0,window360_strategy
2026-01-24T04:49:37.665929+00:00,100000.0,100000.0,0.0,window360_strategy
2026-01-24T04:49:48.035894+00:00,100000.0,100000.0,0.0,window360_strategy
2026-01-24T04:49:58.361156+00:00,100000.0,100000.0,0.0,window360_strategy
2026-01-24T04:50:08.704276+00:00,100000.0,100000.0,0.0,window360_strategy
2026-01-24T04:50:19.096604+00:00,100000.0,100000.0,0.0,window360_strategy
2026-01-24T04:50:29.476681+00:00,100000.0,100000.0,0.0,window360_strategy
2026-01-24T04:50:39.834873+00:00,100000.0,100000.0,0.0,window360_strategy
2026-01-24T04:50:50.273353+00:00,100000.0,100000.0,0.0,window360_strategy
2026-01-24T04:51:00.932438+00:00,100000.0,100000.0,0.0,window360_strategy
2026-01-24T04:51:11.442200+00:00,100000.0,100000.0,0.0,window360_strategy
2026-01-24T04:51:21.785551+00:00,100000.0,100000.0,0.0,window360_strategy
2026-01-24T04:51:32.369838+00:00,100000.0,100000.0,0.0,window360_strategy
2026-01-24T04:51:43.128331+00:00,100000.0,100000.0,0.0,window360_strategy
2026-01-24T04:51:53.453365+00:00,100000.0,100000.0,0.0,window360_strategy
2026-01-24T04:52:03.829845+00:00,100000.0,100000.0,0.0,window360_strategy
2026-01-24T04:52:14.190636+00:00,100000.0,100000.0,0.0,window360_strategy
2026-01-24T04:52:24.718635+00:00,100000.0,100000.0,0.0,window360_strategy
2026-01-24T04:52:35.130841+00:00,100000.0,100000.0,0.0,window360_strategy
2026-01-24T04:52:45.478574+00:00,100000.0,100000.0,0.0,window360_strategy
2026-01-24T04:52:55.827257+00:00,100000.0,100000.0,0.0,window360_strategy
2026-01-24T04:53:06.366935+00:00,100000.0,100000.0,0.0,window360_strategy
2026-01-24T04:53:16.668599+00:00,100000.0,100000.0,0.0,window360_strategy
2026-01-24T04:53:27.037611+00:00,100000.0,100000.0,0.0,window360_strategy
2026-01-24T04:53:37.390593+00:00,100000.0,100000.0,0.0,window360_strategy
2026-01-24T04:53:47.697102+00:00,100000.0,100000.0,0.0,window360_strategy
2026-01-24T04:53:58.228497+00:00,100000.0,100000.0,0.0,window360_strategy
2026-01-24T04:54:08.729020+00:00,100000.0,100000.0,0.0,window360_strategy
2026-01-24T04:54:19.213534+00:00,100000.0,100000.0,0.0,window360_strategy
2026-01-24T04:54:29.766832+00:00,100000.0,100000.0,0.0,window360_strategy
2026-01-24T04:54:40.056984+00:00,100000.0,100000.0,0.0,window360_strategy
2026-01-24T04:54:50.395646+00:00,100000.0,100000.0,0.0,window360_strategy
2026-01-24T04:55:00.723789+00:00,100000.0,100000.0,0.0,window360_strategy
2026-01-24T04:55:11.097130+00:00,100000.0,100000.0,0.0,window360_strategy
2026-01-24T04:55:21.379023+00:00,100000.0,100000.0,0.0,window360_strategy
2026-01-24T04:55:31.839909+00:00,100000.0,100000.0,0.0,window360_strategy
2026-01-24T04:55:42.446648+00:00,100000.0,100000.0,0.0,window360_strategy
2026-01-24T04:55:52.936223+00:00,100000.0,100000.0,0.0,window360_strategy
2026-01-24T04:56:03.278815+00:00,100000.0,100000.0,0.0,window360_strategy
2026-01-24T04:56:13.615636+00:00,100000.0,100000.0,0.0,window360_strategy
2026-01-24T04:56:23.908570+00:00,100000.0,100000.0,0.0,window360_strategy
2026-01-24T04:56:34.389157+00:00,100000.0,100000.0,0.0,window360_strategy
2026-01-24T04:56:44.717572+00:00,100000.0,100000.0,0.0,window360_strategy
2026-01-24T04:56:55.316578+00:00,100000.0,100000.0,0.0,window360_strategy
2026-01-24T04:57:05.735242+00:00,100000.0,100000.0,0.0,window360_strategy
2026-01-24T04:57:16.152915+00:00,100000.0,100000.0,0.0,window360_strategy
2026-01-24T04:57:26.493745+00:00,100000.0,100000.0,0.0,window360_strategy
2026-01-24T04:57:36.828917+00:00,100000.0,100000.0,0.0,window360_strategy
2026-01-24T04:57:47.226398+00:00,100000.0,100000.0,0.0,window360_strategy
2026-01-24T04:57:57.591195+00:00,100000.0,100000.0,0.0,window360_strategy
2026-01-24T04:58:08.208867+00:00,100000.0,100000.0,0.0,window360_strategy
2026-01-24T04:58:18.723227+00:00,100000.0,100000.0,0.0,window360_strategy
2026-01-24T04:58:29.038203+00:00,100000.0,100000.0,0.0,window360_strategy
2026-01-24T04:58:39.356221+00:00,100000.0,100000.0,0.0,window360_strategy
2026-01-24T04:58:49.645158+00:00,100000.0,100000.0,0.0,window360_strategy
2026-01-24T04:59:00.026403+00:00,100000.0,100000.0,0.0,window360_strategy
2026-01-24T04:59:10.469537+00:00,100000.0,100000.0,0.0,window360_strategy
2026-01-24T04:59:20.958996+00:00,100000.0,100000.0,0.0,window360_strategy
2026-01-24T04:59:31.506115+00:00,100000.0,100000.0,0.0,window360_strategy
2026-01-24T04:59:41.913445+00:00,100000.0,100000.0,0.0,window360_strategy
2026-01-24T04:59:52.393022+00:00,100000.0,100000.0,0.0,window360_strategy
2026-01-24T05:00:02.770431+00:00,100000.0,100000.0,0.0,window360_strategy
2026-01-24T05:00:13.060766+00:00,100000.0,100000.0,0.0,window360_strategy
2026-01-24T05:00:23.535670+00:00,100000.0,100000.0,0.0,window360_strategy
2026-01-24T05:00:33.946848+00:00,100000.0,100000.0,0.0,window360_strategy
2026-01-24T05:00:44.382027+00:00,100000.0,100000.0,0.0,window360_strategy
2026-01-24T05:00:54.782512+00:00,100000.0,100000.0,0.0,window360_strategy
2026-01-24T05:01:05.217549+00:00,100000.0,100000.0,0.0,window360_strategy
2026-01-24T05:01:15.540128+00:00,100000.0,100000.0,0.0,window360_strategy
2026-01-24T05:01:25.861669+00:00,100000.0,100000.0,0.0,window360_strategy
2026-01-24T05:01:36.342423+00:00,100000.0,100000.0,0.0,window360_strategy
2026-01-24T05:01:46.674523+00:00,100000.0,100000.0,0.0,window360_strategy
2026-01-24T05:01:57.077828+00:00,100000.0,100000.0,0.0,window360_strategy
2026-01-24T05:02:07.412706+00:00,100000.0,100000.0,0.0,window360_strategy
2026-01-24T05:02:17.691846+00:00,100000.0,100000.0,0.0,window360_strategy
2026-01-24T05:02:28.127020+00:00,100000.0,100000.0,0.0,window360_strategy
2026-01-24T05:02:38.425869+00:00,100000.0,100000.0,0.0,window360_strategy
2026-01-24T05:02:48.742221+00:00,100000.0,100000.0,0.0,window360_strategy
2026-01-24T05:02:59.065911+00:00,100000.0,100000.0,0.0,window360_strategy
2026-01-24T05:03:09.354926+00:00,100000.0,100000.0,0.0,window360_strategy
2026-01-24T05:03:19.756361+00:00,100000.0,100000.0,0.0,window360_strategy
2026-01-24T05:03:30.376890+00:00,100000.0,100000.0,0.0,window360_strategy
2026-01-24T05:03:40.781591+00:00,100000.0,100000.0,0.0,window360_strategy
2026-01-24T05:03:51.101545+00:00,100000.0,100000.0,0.0,window360_strategy
2026-01-24T05:04:01.482496+00:00,100000.0,100000.0,0.0,window360_strategy
2026-01-24T05:04:11.991534+00:00,100000.0,100000.0,0.0,window360_strategy
2026-01-24T05:04:22.476611+00:00,100000.0,100000.0,0.0,window360_strategy
2026-01-24T05:04:33.176384+00:00,100000.0,100000.0,0.0,window360_strategy
2026-01-24T05:04:43.491270+00:00,100000.0,100000.0,0.0,window360_strategy
2026-01-24T05:04:53.889654+00:00,100000.0,100000.0,0.0,window360_strategy
2026-01-24T05:05:04.204396+00:00,100000.0,100000.0,0.0,window360_strategy
2026-01-24T05:05:14.489081+00:00,100000.0,100000.0,0.0,window360_strategy
2026-01-24T05:05:24.810035+00:00,100000.0,100000.0,0.0,window360_strategy
2026-01-24T05:05:35.144928+00:00,100000.0,100000.0,0.0,window360_strategy
2026-01-24T05:05:45.466940+00:00,100000.0,100000.0,0.0,window360_strategy
2026-01-24T05:05:55.763293+00:00,100000.0,100000.0,0.0,window360_strategy
2026-01-24T05:06:06.069822+00:00,100000.0,100000.0,0.0,window360_strategy
2026-01-24T05:06:16.368011+00:00,100000.0,100000.0,0.0,window360_strategy
2026-01-24T05:06:26.674700+00:00,100000.0,100000.0,0.0,window360_strategy
2026-01-24T05:06:36.990364+00:00,100000.0,100000.0,0.0,window360_strategy
2026-01-24T05:06:47.329941+00:00,100000.0,100000.0,0.0,window360_strategy
2026-01-24T05:06:57.658202+00:00,100000.0,100000.0,0.0,window360_strategy
2026-01-24T05:07:08.121380+00:00,100000.0,100000.0,0.0,window360_strategy
2026-01-24T05:07:18.668101+00:00,100000.0,100000.0,0.0,window360_strategy
2026-01-24T05:07:29.266134+00:00,100000.0,100000.0,0.0,window360_strategy
2026-01-24T05:07:39.553866+00:00,100000.0,100000.0,0.0,window360_strategy
2026-01-24T05:07:50.025193+00:00,100000.0,100000.0,0.0,window360_strategy
2026-01-24T05:08:00.388940+00:00,100000.0,100000.0,0.0,window360_strategy
2026-01-24T05:08:10.663683+00:00,100000.0,100000.0,0.0,window360_strategy
2026-01-24T05:08:20.971654+00:00,100000.0,100000.0,0.0,window360_strategy
2026-01-24T05:08:31.344037+00:00,100000.0,100000.0,0.0,window360_strategy
2026-01-24T05:08:41.670715+00:00,100000.0,100000.0,0.0,window360_strategy
2026-01-24T05:08:51.977892+00:00,100000.0,100000.0,0.0,window360_strategy
2026-01-24T05:09:02.454054+00:00,100000.0,100000.0,0.0,window360_strategy
2026-01-24T05:09:12.933139+00:00,100000.0,100000.0,0.0,window360_strategy
2026-01-24T05:09:23.379810+00:00,100000.0,100000.0,0.0,window360_strategy
2026-01-24T05:09:33.686872+00:00,100000.0,100000.0,0.0,window360_strategy
2026-01-24T05:09:44.013272+00:00,100000.0,100000.0,0.0,window360_strategy
2026-01-24T05:09:54.306122+00:00,100000.0,100000.0,0.0,window360_strategy
2026-01-24T05:10:04.609551+00:00,100000.0,100000.0,0.0,window360_strategy
2026-01-24T05:10:14.927657+00:00,100000.0,100000.0,0.0,window360_strategy
2026-01-24T05:10:25.428474+00:00,100000.0,100000.0,0.0,window360_strategy
2026-01-24T05:10:35.728757+00:00,100000.0,100000.0,0.0,window360_strategy
2026-01-24T05:10:46.206011+00:00,100000.0,100000.0,0.0,window360_strategy
2026-01-24T05:10:56.519253+00:00,100000.0,100000.0,0.0,window360_strategy
2026-01-24T05:11:06.826126+00:00,100000.0,100000.0,0.0,window360_strategy
2026-01-24T05:11:17.146228+00:00,100000.0,100000.0,0.0,window360_strategy
2026-01-24T05:11:27.519393+00:00,100000.0,100000.0,0.0,window360_strategy
2026-01-24T05:11:37.814334+00:00,100000.0,100000.0,0.0,window360_strategy
2026-01-24T05:11:48.116202+00:00,100000.0,100000.0,0.0,window360_strategy
2026-01-24T05:11:58.563239+00:00,100000.0,100000.0,0.0,window360_strategy
2026-01-24T05:12:08.865649+00:00,100000.0,100000.0,0.0,window360_strategy
2026-01-24T05:12:19.181749+00:00,100000.0,100000.0,0.0,window360_strategy
2026-01-24T05:12:29.496574+00:00,100000.0,100000.0,0.0,window360_strategy
2026-01-24T05:12:39.787669+00:00,100000.0,100000.0,0.0,window360_strategy
2026-01-24T05:12:50.104886+00:00,100000.0,100000.0,0.0,window360_strategy
2026-01-24T05:13:00.437021+00:00,100000.0,100000.0,0.0,window360_strategy
2026-01-24T05:13:10.738035+00:00,100000.0,100000.0,0.0,window360_strategy
2026-01-24T05:13:21.027495+00:00,100000.0,100000.0,0.0,window360_strategy
2026-01-24T05:13:31.436676+00:00,100000.0,100000.0,0.0,window360_strategy
2026-01-24T05:13:41.827713+00:00,100000.0,100000.0,0.0,window360_strategy
2026-01-24T05:13:52.153593+00:00,100000.0,100000.0,0.0,window360_strategy
2026-01-24T05:14:02.575039+00:00,100000.0,100000.0,0.0,window360_strategy
2026-01-24T05:14:12.928843+00:00,100000.0,100000.0,0.0,window360_strategy
2026-01-24T05:14:23.269102+00:00,100000.0,100000.0,0.0,window360_strategy
2026-01-24T05:14:33.568895+00:00,100000.0,100000.0,0.0,window360_strategy
2026-01-24T05:14:43.909785+00:00,100000.0,100000.0,0.0,window360_strategy
2026-01-24T05:14:54.222563+00:00,100000.0,100000.0,0.0,window360_strategy
2026-01-24T05:15:04.699774+00:00,100000.0,100000.0,0.0,window360_strategy
2026-01-24T05:15:15.044921+00:00,100000.0,100000.0,0.0,window360_strategy
2026-01-24T05:15:25.366688+00:00,100000.0,100000.0,0.0,window360_strategy
2026-01-24T05:15:35.671343+00:00,100000.0,100000.0,0.0,window360_strategy
2026-01-24T05:15:46.108173+00:00,100000.0,100000.0,0.0,window360_strategy
2026-01-24T05:15:56.750118+00:00,100000.0,100000.0,0.0,window360_strategy
2026-01-24T05:16:07.075641+00:00,100000.0,100000.0,0.0,window360_strategy
2026-01-24T05:16:17.390410+00:00,100000.0,100000.0,0.0,window360_strategy
2026-01-24T05:16:27.676825+00:00,100000.0,100000.0,0.0,window360_strategy
2026-01-24T05:16:38.038250+00:00,100000.0,100000.0,0.0,window360_strategy
2026-01-24T05:16:48.559193+00:00,100000.0,100000.0,0.0,window360_strategy
2026-01-24T05:16:59.005621+00:00,100000.0,100000.0,0.0,window360_strategy
2026-01-24T05:17:09.476554+00:00,100000.0,100000.0,0.0,window360_strategy
2026-01-24T05:17:20.147104+00:00,100000.0,100000.0,0.0,window360_strategy
2026-01-24T05:17:30.458250+00:00,100000.0,100000.0,0.0,window360_strategy
2026-01-24T05:17:40.925231+00:00,100000.0,100000.0,0.0,window360_strategy
2026-01-24T05:17:51.224083+00:00,100000.0,100000.0,0.0,window360_strategy
2026-01-24T05:18:01.530337+00:00,100000.0,100000.0,0.0,window360_strategy
2026-01-24T05:18:11.885322+00:00,100000.0,100000.0,0.0,window360_strategy
2026-01-24T05:18:22.373619+00:00,100000.0,100000.0,0.0,window360_strategy
2026-01-24T05:18:32.856045+00:00,100000.0,100000.0,0.0,window360_strategy
2026-01-24T05:18:43.331219+00:00,100000.0,100000.0,0.0,window360_strategy
2026-01-24T05:18:53.863213+00:00,100000.0,100000.0,0.0,window360_strategy
2026-01-24T05:19:04.286078+00:00,100000.0,100000.0,0.0,window360_strategy
2026-01-24T05:19:14.592346+00:00,100000.0,100000.0,0.0,window360_strategy
2026-01-24T05:19:24.916096+00:00,100000.0,100000.0,0.0,window360_strategy
2026-01-24T05:19:35.216080+00:00,100000.0,100000.0,0.0,window360_strategy
2026-01-24T05:19:45.540793+00:00,100000.0,100000.0,0.0,window360_strategy
2026-01-24T05:19:55.986130+00:00,100000.0,100000.0,0.0,window360_strategy
2026-01-24T05:20:06.303493+00:00,100000.0,100000.0,0.0,window360_strategy
2026-01-24T05:20:16.620294+00:00,100000.0,100000.0,0.0,window360_strategy
2026-01-24T05:50:02.582112+00:00,100000.0,100000.0,0.0,window360_strategy
2026-01-24T05:50:14.003034+00:00,100000.0,100000.0,0.0,window360_strategy
2026-01-24T05:50:24.754166+00:00,100000.0,100000.0,0.0,window360_strategy
2026-01-24T05:50:35.451558+00:00,100000.0,100000.0,0.0,window360_strategy
2026-01-24T05:50:45.930594+00:00,100000.0,100000.0,0.0,window360_strategy
2026-01-24T05:50:56.226594+00:00,100000.0,100000.0,0.0,window360_strategy
2026-01-24T05:51:06.588666+00:00,100000.0,100000.0,0.0,window360_strategy
2026-01-24T05:51:16.905603+00:00,100000.0,100000.0,0.0,window360_strategy
2026-01-24T05:51:27.434837+00:00,100000.0,100000.0,0.0,window360_strategy
2026-01-24T05:51:37.839810+00:00,100000.0,100000.0,0.0,window360_strategy
2026-01-24T05:51:48.182436+00:00,100000.0,100000.0,0.0,window360_strategy
2026-01-24T05:51:58.478950+00:00,100000.0,100000.0,0.0,window360_strategy
2026-01-24T05:52:08.932475+00:00,100000.0,100000.0,0.0,window360_strategy
2026-01-24T05:52:19.266993+00:00,100000.0,100000.0,0.0,window360_strategy
2026-01-24T05:52:29.763035+00:00,100000.0,100000.0,0.0,window360_strategy
2026-01-24T05:52:40.454914+00:00,100000.0,100000.0,0.0,window360_strategy
2026-01-24T05:52:50.770193+00:00,100000.0,100000.0,0.0,window360_strategy
2026-01-24T05:53:01.218685+00:00,100000.0,100000.0,0.0,window360_strategy
2026-01-24T05:53:11.733922+00:00,100000.0,100000.0,0.0,window360_strategy
2026-01-24T05:53:22.161201+00:00,100000.0,100000.0,0.0,window360_strategy
2026-01-24T05:53:32.466602+00:00,100000.0,100000.0,0.0,window360_strategy
2026-01-24T05:53:42.785441+00:00,100000.0,100000.0,0.0,window360_strategy
2026-01-24T05:53:53.104570+00:00,100000.0,100000.0,0.0,window360_strategy
2026-01-24T05:54:03.654166+00:00,100000.0,100000.0,0.0,window360_strategy
2026-01-24T05:54:14.063175+00:00,100000.0,100000.0,0.0,window360_strategy
2026-01-24T05:54:24.589489+00:00,100000.0,100000.0,0.0,window360_strategy
2026-01-24T05:54:35.067090+00:00,100000.0,100000.0,0.0,window360_strategy
2026-01-24T05:54:45.536893+00:00,100000.0,100000.0,0.0,window360_strategy
2026-01-24T05:54:55.831470+00:00,100000.0,100000.0,0.0,window360_strategy
2026-01-24T05:55:06.211634+00:00,100000.0,100000.0,0.0,window360_strategy
2026-01-24T05:55:16.512142+00:00,100000.0,100000.0,0.0,window360_strategy
2026-01-24T05:55:26.978054+00:00,100000.0,100000.0,0.0,window360_strategy
2026-01-24T05:55:37.444279+00:00,100000.0,100000.0,0.0,window360_strategy
2026-01-24T05:55:48.029246+00:00,100000.0,100000.0,0.0,window360_strategy
2026-01-24T05:55:58.436293+00:00,100000.0,100000.0,0.0,window360_strategy
2026-01-24T05:56:08.911997+00:00,100000.0,100000.0,0.0,window360_strategy
2026-01-24T05:56:19.370552+00:00,100000.0,100000.0,0.0,window360_strategy
2026-01-24T05:56:29.665947+00:00,100000.0,100000.0,0.0,window360_strategy
2026-01-24T05:56:40.598176+00:00,100000.0,100000.0,0.0,window360_strategy
2026-01-24T05:56:50.917179+00:00,100000.0,100000.0,0.0,window360_strategy
2026-01-24T05:57:01.348683+00:00,100000.0,100000.0,0.0,window360_strategy
2026-01-24T05:57:11.879199+00:00,100000.0,100000.0,0.0,window360_strategy
2026-01-24T05:57:22.290242+00:00,100000.0,100000.0,0.0,window360_strategy
2026-01-24T05:57:32.785053+00:00,100000.0,100000.0,0.0,window360_strategy
2026-01-24T05:57:43.441562+00:00,100000.0,100000.0,0.0,window360_strategy
2026-01-24T05:57:53.794789+00:00,100000.0,100000.0,0.0,window360_strategy
2026-01-24T05:58:04.400173+00:00,100000.0,100000.0,0.0,window360_strategy
2026-01-24T05:58:14.728814+00:00,100000.0,100000.0,0.0,window360_strategy
2026-01-24T05:58:25.028451+00:00,100000.0,100000.0,0.0,window360_strategy
2026-01-24T05:58:35.324621+00:00,100000.0,100000.0,0.0,window360_strategy
2026-01-24T05:58:45.651646+00:00,100000.0,100000.0,0.0,window360_strategy
2026-01-24T05:58:55.944823+00:00,100000.0,100000.0,0.0,window360_strategy
2026-01-24T05:59:06.359602+00:00,100000.0,100000.0,0.0,window360_strategy
2026-01-24T05:59:16.835948+00:00,100000.0,100000.0,0.0,window360_strategy
2026-01-24T05:59:27.211278+00:00,100000.0,100000.0,0.0,window360_strategy
2026-01-24T05:59:37.552728+00:00,100000.0,100000.0,0.0,window360_strategy
2026-01-24T05:59:47.866517+00:00,100000.0,100000.0,0.0,window360_strategy
2026-01-24T05:59:58.158918+00:00,100000.0,100000.0,0.0,window360_strategy
2026-01-24T06:00:08.487054+00:00,100000.0,100000.0,0.0,window360_strategy
2026-01-24T06:00:18.782909+00:00,100000.0,100000.0,0.0,window360_strategy
2026-01-24T06:00:29.076425+00:00,100000.0,100000.0,0.0,window360_strategy
2026-01-24T06:00:39.442324+00:00,100000.0,100000.0,0.0,window360_strategy
2026-01-24T06:00:49.894060+00:00,100000.0,100000.0,0.0,window360_strategy
2026-01-24T06:01:00.271019+00:00,100000.0,100000.0,0.0,window360_strategy
2026-01-24T06:01:10.570048+00:00,100000.0,100000.0,0.0,window360_strategy
2026-01-24T06:01:20.900690+00:00,100000.0,100000.0,0.0,window360_strategy
2026-01-24T06:01:31.343738+00:00,100000.0,100000.0,0.0,window360_strategy
2026-01-24T06:01:41.813965+00:00,100000.0,100000.0,0.0,window360_strategy
2026-01-24T06:01:52.136027+00:00,100000.0,100000.0,0.0,window360_strategy
2026-01-24T06:02:02.433901+00:00,100000.0,100000.0,0.0,window360_strategy
2026-01-24T06:02:12.796985+00:00,100000.0,100000.0,0.0,window360_strategy
2026-01-24T06:02:23.592137+00:00,100000.0,100000.0,0.0,window360_strategy
2026-01-24T06:02:33.909117+00:00,100000.0,100000.0,0.0,window360_strategy
2026-01-24T06:02:44.198245+00:00,100000.0,100000.0,0.0,window360_strategy
2026-01-24T06:02:54.494247+00:00,100000.0,100000.0,0.0,window360_strategy
2026-01-24T06:03:04.846018+00:00,100000.0,100000.0,0.0,window360_strategy
2026-01-24T06:03:15.138659+00:00,100000.0,100000.0,0.0,window360_strategy
2026-01-24T06:03:25.447782+00:00,100000.0,100000.0,0.0,window360_strategy
2026-01-24T06:03:35.730637+00:00,100000.0,100000.0,0.0,window360_strategy
2026-01-24T06:03:46.070011+00:00,100000.0,100000.0,0.0,window360_strategy
2026-01-24T06:03:56.376596+00:00,100000.0,100000.0,0.0,window360_strategy
2026-01-24T06:04:06.703765+00:00,100000.0,100000.0,0.0,window360_strategy
2026-01-24T06:04:17.003395+00:00,100000.0,100000.0,0.0,window360_strategy
2026-01-24T06:04:27.308811+00:00,100000.0,100000.0,0.0,window360_strategy
2026-01-24T06:04:37.628705+00:00,100000.0,100000.0,0.0,window360_strategy
2026-01-24T06:04:47.971369+00:00,100000.0,100000.0,0.0,window360_strategy
2026-01-24T06:04:58.430516+00:00,100000.0,100000.0,0.0,window360_strategy
2026-01-24T06:05:08.735668+00:00,100000.0,100000.0,0.0,window360_strategy
2026-01-24T06:05:19.089720+00:00,100000.0,100000.0,0.0,window360_strategy
2026-01-24T06:05:29.456126+00:00,100000.0,100000.0,0.0,window360_strategy
2026-01-24T06:05:39.832371+00:00,100000.0,100000.0,0.0,window360_strategy
2026-01-24T06:05:50.133746+00:00,100000.0,100000.0,0.0,window360_strategy
2026-01-24T06:06:00.448759+00:00,100000.0,100000.0,0.0,window360_strategy
2026-01-24T06:06:10.796444+00:00,100000.0,100000.0,0.0,window360_strategy
2026-01-24T06:06:21.093819+00:00,100000.0,100000.0,0.0,window360_strategy
2026-01-24T06:06:31.550728+00:00,100000.0,100000.0,0.0,window360_strategy
2026-01-24T06:06:41.852420+00:00,100000.0,100000.0,0.0,window360_strategy
2026-01-24T06:06:52.193472+00:00,100000.0,100000.0,0.0,window360_strategy
2026-01-24T06:07:02.531744+00:00,100000.0,100000.0,0.0,window360_strategy
2026-01-24T06:07:12.848416+00:00,100000.0,100000.0,0.0,window360_strategy
2026-01-24T06:07:23.260025+00:00,100000.0,100000.0,0.0,window360_strategy
2026-01-24T06:07:33.655960+00:00,100000.0,100000.0,0.0,window360_strategy
2026-01-24T06:07:44.029458+00:00,100000.0,100000.0,0.0,window360_strategy
2026-01-24T06:07:54.302476+00:00,100000.0,100000.0,0.0,window360_strategy
2026-01-24T06:08:04.628127+00:00,100000.0,100000.0,0.0,window360_strategy
2026-01-24T06:08:15.025208+00:00,100000.0,100000.0,0.0,window360_strategy
2026-01-24T06:08:25.308592+00:00,100000.0,100000.0,0.0,window360_strategy
2026-01-24T06:08:35.647408+00:00,100000.0,100000.0,0.0,window360_strategy
2026-01-24T06:08:45.985144+00:00,100000.0,100000.0,0.0,window360_strategy
2026-01-24T06:08:56.292192+00:00,100000.0,100000.0,0.0,window360_strategy
2026-01-24T06:09:06.615952+00:00,100000.0,100000.0,0.0,window360_strategy
2026-01-24T06:09:16.921120+00:00,100000.0,100000.0,0.0,window360_strategy
2026-01-24T06:09:27.567125+00:00,100000.0,100000.0,0.0,window360_strategy
2026-01-24T06:09:37.883411+00:00,100000.0,100000.0,0.0,window360_strategy
2026-01-24T06:09:48.368199+00:00,100000.0,100000.0,0.0,window360_strategy
2026-01-24T06:09:58.664209+00:00,100000.0,100000.0,0.0,window360_strategy
2026-01-24T06:10:08.991806+00:00,100000.0,100000.0,0.0,window360_strategy
2026-01-24T06:10:19.311044+00:00,100000.0,100000.0,0.0,window360_strategy
2026-01-24T06:10:29.763751+00:00,100000.0,100000.0,0.0,window360_strategy
2026-01-24T06:10:40.054824+00:00,100000.0,100000.0,0.0,window360_strategy
2026-01-24T06:10:50.360210+00:00,100000.0,100000.0,0.0,window360_strategy
2026-01-24T06:11:00.775581+00:00,100000.0,100000.0,0.0,window360_strategy
2026-01-24T06:11:11.263811+00:00,100000.0,100000.0,0.0,window360_strategy
2026-01-24T06:11:21.668574+00:00,100000.0,100000.0,0.0,window360_strategy
2026-01-24T06:11:32.000517+00:00,100000.0,100000.0,0.0,window360_strategy
2026-01-24T06:11:42.330103+00:00,100000.0,100000.0,0.0,window360_strategy
2026-01-24T06:11:52.636572+00:00,100000.0,100000.0,0.0,window360_strategy
2026-01-24T06:12:03.166373+00:00,100000.0,100000.0,0.0,window360_strategy
2026-01-24T06:12:13.577898+00:00,100000.0,100000.0,0.0,window360_strategy
2026-01-24T06:12:23.984434+00:00,100000.0,100000.0,0.0,window360_strategy
2026-01-24T06:12:34.285451+00:00,100000.0,100000.0,0.0,window360_strategy
2026-01-24T06:12:44.593628+00:00,100000.0,100000.0,0.0,window360_strategy
2026-01-24T06:12:55.125216+00:00,100000.0,100000.0,0.0,window360_strategy
2026-01-24T06:13:05.480244+00:00,100000.0,100000.0,0.0,window360_strategy
2026-01-24T06:13:15.810493+00:00,100000.0,100000.0,0.0,window360_strategy
2026-01-24T06:13:26.229625+00:00,100000.0,100000.0,0.0,window360_strategy
2026-01-24T06:13:36.587048+00:00,100000.0,100000.0,0.0,window360_strategy
2026-01-24T06:13:46.886530+00:00,100000.0,100000.0,0.0,window360_strategy
2026-01-24T06:13:57.201557+00:00,100000.0,100000.0,0.0,window360_strategy
2026-01-24T06:14:07.507048+00:00,100000.0,100000.0,0.0,window360_strategy
2026-01-24T06:14:17.843774+00:00,100000.0,100000.0,0.0,window360_strategy
2026-01-24T06:14:28.318536+00:00,100000.0,100000.0,0.0,window360_strategy
2026-01-24T06:14:38.617462+00:00,100000.0,100000.0,0.0,window360_strategy
2026-01-24T06:14:49.132359+00:00,100000.0,100000.0,0.0,window360_strategy
2026-01-24T06:14:59.453513+00:00,100000.0,100000.0,0.0,window360_strategy
2026-01-24T06:15:09.767710+00:00,100000.0,100000.0,0.0,window360_strategy
2026-01-24T06:15:20.219797+00:00,100000.0,100000.0,0.0,window360_strategy
2026-01-24T06:15:30.540461+00:00,100000.0,100000.0,0.0,window360_strategy
2026-01-24T06:15:40.950591+00:00,100000.0,100000.0,0.0,window360_strategy
2026-01-24T06:15:51.709261+00:00,100000.0,100000.0,0.0,window360_strategy
2026-01-24T06:16:02.175878+00:00,100000.0,100000.0,0.0,window360_strategy
2026-01-24T06:16:12.662466+00:00,100000.0,100000.0,0.0,window360_strategy
2026-01-24T06:16:23.075085+00:00,100000.0,100000.0,0.0,window360_strategy
2026-01-24T06:16:33.514111+00:00,100000.0,100000.0,0.0,window360_strategy
2026-01-24T06:16:43.872042+00:00,100000.0,100000.0,0.0,window360_strategy
2026-01-24T06:16:54.173940+00:00,100000.0,100000.0,0.0,window360_strategy
2026-01-24T06:17:04.567266+00:00,100000.0,100000.0,0.0,window360_strategy
2026-01-24T06:17:14.886456+00:00,100000.0,100000.0,0.0,window360_strategy
2026-01-24T06:17:25.193039+00:00,100000.0,100000.0,0.0,window360_strategy
2026-01-24T06:17:35.502589+00:00,100000.0,100000.0,0.0,window360_strategy
2026-01-24T06:17:45.831398+00:00,100000.0,100000.0,0.0,window360_strategy
2026-01-24T06:17:56.145216+00:00,100000.0,100000.0,0.0,window360_strategy
2026-01-24T06:53:56.163472+00:00,100000.0,100000.0,0.0,window360_strategy
2026-01-24T06:54:08.059340+00:00,100000.0,100000.0,0.0,window360_strategy
2026-01-24T06:54:19.515198+00:00,100000.0,100000.0,0.0,window360_strategy
2026-01-24T06:54:30.070212+00:00,100000.0,100000.0,0.0,window360_strategy
2026-01-24T06:54:42.322288+00:00,100000.0,100000.0,0.0,window360_strategy
2026-01-24T06:54:53.803545+00:00,100000.0,100000.0,0.0,window360_strategy
2026-01-24T06:55:07.504354+00:00,100000.0,100000.0,0.0,window360_strategy
2026-01-24T06:55:17.853410+00:00,100000.0,100000.0,0.0,window360_strategy
2026-01-24T06:55:28.261778+00:00,100000.0,100000.0,0.0,window360_strategy
2026-01-24T06:55:38.631144+00:00,100000.0,100000.0,0.0,window360_strategy
2026-01-24T06:55:48.929382+00:00,100000.0,100000.0,0.0,window360_strategy
2026-01-24T06:55:59.320311+00:00,100000.0,100000.0,0.0,window360_strategy
2026-01-24T06:56:09.702546+00:00,100000.0,100000.0,0.0,window360_strategy
2026-01-24T06:56:20.053549+00:00,100000.0,100000.0,0.0,window360_strategy
2026-01-24T06:56:32.452482+00:00,100000.0,100000.0,0.0,window360_strategy
2026-01-24T06:56:42.998321+00:00,100000.0,100000.0,0.0,window360_strategy
2026-01-24T06:56:53.481563+00:00,100000.0,100000.0,0.0,window360_strategy
2026-01-24T06:57:03.868068+00:00,100000.0,100000.0,0.0,window360_strategy
2026-01-24T06:57:14.943714+00:00,100000.0,100000.0,0.0,window360_strategy
2026-01-24T06:57:25.452432+00:00,100000.0,100000.0,0.0,window360_strategy
2026-01-24T06:57:35.770612+00:00,100000.0,100000.0,0.0,window360_strategy
2026-01-24T06:57:46.087615+00:00,100000.0,100000.0,0.0,window360_strategy
2026-01-24T06:57:56.437799+00:00,100000.0,100000.0,0.0,window360_strategy
2026-01-24T06:58:06.752960+00:00,100000.0,100000.0,0.0,window360_strategy
2026-01-24T06:58:17.083538+00:00,100000.0,100000.0,0.0,window360_strategy
2026-01-24T06:58:27.404826+00:00,100000.0,100000.0,0.0,window360_strategy
2026-01-24T06:58:37.862812+00:00,100000.0,100000.0,0.0,window360_strategy
2026-01-24T06:58:48.195179+00:00,100000.0,100000.0,0.0,window360_strategy
2026-01-24T06:58:58.505442+00:00,100000.0,100000.0,0.0,window360_strategy
2026-01-24T06:59:08.811646+00:00,100000.0,100000.0,0.0,window360_strategy
2026-01-24T06:59:19.283941+00:00,100000.0,100000.0,0.0,window360_strategy
2026-01-24T06:59:29.636254+00:00,100000.0,100000.0,0.0,window360_strategy
2026-01-24T06:59:39.957327+00:00,100000.0,100000.0,0.0,window360_strategy
2026-01-24T06:59:50.294162+00:00,100000.0,100000.0,0.0,window360_strategy
2026-01-24T07:00:00.656527+00:00,100000.0,100000.0,0.0,window360_strategy
2026-01-24T07:00:11.024669+00:00,100000.0,100000.0,0.0,window360_strategy
2026-01-24T07:00:21.336095+00:00,100000.0,100000.0,0.0,window360_strategy
2026-01-24T07:00:31.753859+00:00,100000.0,100000.0,0.0,window360_strategy
2026-01-24T07:00:42.330330+00:00,100000.0,100000.0,0.0,window360_strategy
2026-01-24T07:00:52.694988+00:00,100000.0,100000.0,0.0,window360_strategy
2026-01-24T07:01:03.016638+00:00,100000.0,100000.0,0.0,window360_strategy
2026-01-24T07:01:13.359423+00:00,100000.0,100000.0,0.0,window360_strategy
2026-01-24T07:01:23.712076+00:00,100000.0,100000.0,0.0,window360_strategy
2026-01-24T07:01:34.024906+00:00,100000.0,100000.0,0.0,window360_strategy
2026-01-24T07:01:44.359349+00:00,100000.0,100000.0,0.0,window360_strategy
2026-01-24T07:01:54.688526+00:00,100000.0,100000.0,0.0,window360_strategy
2026-01-24T07:02:05.022698+00:00,100000.0,100000.0,0.0,window360_strategy
2026-01-24T07:02:15.333269+00:00,100000.0,100000.0,0.0,window360_strategy
2026-01-24T07:02:25.635419+00:00,100000.0,100000.0,0.0,window360_strategy
2026-01-24T07:02:35.948577+00:00,100000.0,100000.0,0.0,window360_strategy
2026-01-24T07:02:46.262080+00:00,100000.0,100000.0,0.0,window360_strategy
2026-01-24T07:02:56.593185+00:00,100000.0,100000.0,0.0,window360_strategy
2026-01-24T07:03:06.902249+00:00,100000.0,100000.0,0.0,window360_strategy
2026-01-24T07:03:17.198034+00:00,100000.0,100000.0,0.0,window360_strategy
2026-01-24T07:03:27.503137+00:00,100000.0,100000.0,0.0,window360_strategy
2026-01-24T07:03:37.853157+00:00,100000.0,100000.0,0.0,window360_strategy
2026-01-24T07:03:48.184498+00:00,100000.0,100000.0,0.0,window360_strategy
2026-01-24T07:03:58.499671+00:00,100000.0,100000.0,0.0,window360_strategy
2026-01-24T07:04:08.834424+00:00,100000.0,100000.0,0.0,window360_strategy
2026-01-24T07:04:19.149955+00:00,100000.0,100000.0,0.0,window360_strategy
2026-01-24T07:04:29.473515+00:00,100000.0,100000.0,0.0,window360_strategy
2026-01-24T07:04:39.824954+00:00,100000.0,100000.0,0.0,window360_strategy
2026-01-24T07:04:50.357871+00:00,100000.0,100000.0,0.0,window360_strategy
2026-01-24T07:05:00.730414+00:00,100000.0,100000.0,0.0,window360_strategy
2026-01-24T07:05:11.063117+00:00,100000.0,100000.0,0.0,window360_strategy
2026-01-24T07:05:21.415289+00:00,100000.0,100000.0,0.0,window360_strategy
2026-01-24T07:05:31.778141+00:00,100000.0,100000.0,0.0,window360_strategy
2026-01-24T07:05:42.565531+00:00,100000.0,100000.0,0.0,window360_strategy
2026-01-24T07:05:52.917318+00:00,100000.0,100000.0,0.0,window360_strategy
2026-01-24T07:06:03.268190+00:00,100000.0,100000.0,0.0,window360_strategy
2026-01-24T07:06:13.696848+00:00,100000.0,100000.0,0.0,window360_strategy
2026-01-24T07:06:24.199329+00:00,100000.0,100000.0,0.0,window360_strategy
2026-01-24T07:06:34.690379+00:00,100000.0,100000.0,0.0,window360_strategy
2026-01-24T07:06:45.299664+00:00,100000.0,100000.0,0.0,window360_strategy
2026-01-24T07:06:55.963046+00:00,100000.0,100000.0,0.0,window360_strategy
2026-01-24T07:07:06.305343+00:00,100000.0,100000.0,0.0,window360_strategy
2026-01-24T07:07:16.627436+00:00,100000.0,100000.0,0.0,window360_strategy
2026-01-24T07:07:26.940161+00:00,100000.0,100000.0,0.0,window360_strategy
2026-01-24T07:07:37.314182+00:00,100000.0,100000.0,0.0,window360_strategy
2026-01-24T07:07:47.643616+00:00,100000.0,100000.0,0.0,window360_strategy
2026-01-24T07:07:58.066096+00:00,100000.0,100000.0,0.0,window360_strategy
2026-01-24T07:08:08.399065+00:00,100000.0,100000.0,0.0,window360_strategy
2026-01-24T07:08:18.732971+00:00,100000.0,100000.0,0.0,window360_strategy
2026-01-24T07:08:29.111804+00:00,100000.0,100000.0,0.0,window360_strategy
2026-01-24T07:08:39.557766+00:00,100000.0,100000.0,0.0,window360_strategy
2026-01-24T07:08:49.903969+00:00,100000.0,100000.0,0.0,window360_strategy
2026-01-24T07:09:00.282119+00:00,100000.0,100000.0,0.0,window360_strategy
2026-01-24T07:09:10.613601+00:00,100000.0,100000.0,0.0,window360_strategy
2026-01-24T07:09:20.946160+00:00,100000.0,100000.0,0.0,window360_strategy
2026-01-24T07:09:31.300806+00:00,100000.0,100000.0,0.0,window360_strategy
2026-01-24T07:09:41.724324+00:00,100000.0,100000.0,0.0,window360_strategy
2026-01-24T07:09:52.063618+00:00,100000.0,100000.0,0.0,window360_strategy
2026-01-24T07:10:02.393542+00:00,100000.0,100000.0,0.0,window360_strategy
2026-01-24T07:10:12.711885+00:00,100000.0,100000.0,0.0,window360_strategy
2026-01-24T07:10:23.067646+00:00,100000.0,100000.0,0.0,window360_strategy
2026-01-24T07:10:33.379014+00:00,100000.0,100000.0,0.0,window360_strategy
2026-01-24T07:10:43.684080+00:00,100000.0,100000.0,0.0,window360_strategy
2026-01-24T07:10:53.987933+00:00,100000.0,100000.0,0.0,window360_strategy
2026-01-24T07:11:04.392153+00:00,100000.0,100000.0,0.0,window360_strategy
2026-01-24T07:11:14.760882+00:00,100000.0,100000.0,0.0,window360_strategy
2026-01-24T07:11:25.076310+00:00,100000.0,100000.0,0.0,window360_strategy
2026-01-24T07:11:35.417628+00:00,100000.0,100000.0,0.0,window360_strategy
2026-01-24T07:11:45.745760+00:00,100000.0,100000.0,0.0,window360_strategy
2026-01-24T07:11:56.064664+00:00,100000.0,100000.0,0.0,window360_strategy
2026-01-24T07:12:06.468386+00:00,100000.0,100000.0,0.0,window360_strategy
2026-01-24T07:12:16.775339+00:00,100000.0,100000.0,0.0,window360_strategy
2026-01-24T07:12:27.108634+00:00,100000.0,100000.0,0.0,window360_strategy
2026-01-24T07:12:37.430591+00:00,100000.0,100000.0,0.0,window360_strategy
2026-01-24T07:12:47.789917+00:00,100000.0,100000.0,0.0,window360_strategy
2026-01-24T07:12:58.122569+00:00,100000.0,100000.0,0.0,window360_strategy
2026-01-24T07:13:08.447453+00:00,100000.0,100000.0,0.0,window360_strategy
2026-01-24T07:13:18.950907+00:00,100000.0,100000.0,0.0,window360_strategy
2026-01-24T07:13:29.267420+00:00,100000.0,100000.0,0.0,window360_strategy
2026-01-24T07:13:39.564876+00:00,100000.0,100000.0,0.0,window360_strategy
2026-01-24T07:13:49.854098+00:00,100000.0,100000.0,0.0,window360_strategy
2026-01-24T07:14:00.192588+00:00,100000.0,100000.0,0.0,window360_strategy
2026-01-24T07:14:10.547282+00:00,100000.0,100000.0,0.0,window360_strategy
2026-01-24T07:14:20.855269+00:00,100000.0,100000.0,0.0,window360_strategy
2026-01-24T07:14:31.182925+00:00,100000.0,100000.0,0.0,window360_strategy
2026-01-24T07:14:41.730324+00:00,100000.0,100000.0,0.0,window360_strategy
2026-01-24T07:14:52.114154+00:00,100000.0,100000.0,0.0,window360_strategy
2026-01-24T07:15:02.455749+00:00,100000.0,100000.0,0.0,window360_strategy
2026-01-24T07:15:12.807515+00:00,100000.0,100000.0,0.0,window360_strategy
2026-01-24T07:15:23.187753+00:00,100000.0,100000.0,0.0,window360_strategy
2026-01-24T07:15:33.553165+00:00,100000.0,100000.0,0.0,window360_strategy
2026-01-24T07:15:43.895081+00:00,100000.0,100000.0,0.0,window360_strategy
2026-01-24T07:15:54.336794+00:00,100000.0,100000.0,0.0,window360_strategy
2026-01-24T07:16:04.712617+00:00,100000.0,100000.0,0.0,window360_strategy
2026-01-24T07:16:15.039041+00:00,100000.0,100000.0,0.0,window360_strategy
2026-01-24T07:16:25.343308+00:00,100000.0,100000.0,0.0,window360_strategy
2026-01-24T07:16:35.654578+00:00,100000.0,100000.0,0.0,window360_strategy
2026-01-24T07:16:46.161524+00:00,100000.0,100000.0,0.0,window360_strategy
2026-01-24T07:48:47.368755+00:00,100000.0,100000.0,0.0,window360_strategy
2026-01-24T07:48:57.905746+00:00,100000.0,100000.0,0.0,window360_strategy
2026-01-24T08:34:57.266173+00:00,100000.0,100000.0,0.0,window360_strategy
2026-01-24T08:41:52.515638+00:00,100000.0,100000.0,0.0,window360_strategy
2026-01-24T08:42:47.262959+00:00,100000.0,100000.0,0.0,window360_strategy
2026-01-24T09:12:37.274678+00:00,100000.0,100000.0,0.0,window360_strategy
2026-01-24T10:13:39.325959+00:00,100000.0,100000.0,0.0,window360_strategy
2026-01-24T10:15:20.629030+00:00,100000.0,100000.0,0.0,window360_strategy
2026-01-24T10:15:35.735091+00:00,100000.0,100000.0,0.0,window360_strategy
2026-01-24T11:14:42.240777+00:00,100000.0,100000.0,0.0,window360_strategy
2026-01-24T11:14:53.079433+00:00,100000.0,100000.0,0.0,window360_strategy
2026-01-24T12:15:41.211681+00:00,100000.0,100000.0,0.0,window360_strategy
2026-01-24T13:00:53.342795+00:00,100000.0,100000.0,0.0,window360_strategy
2026-01-24T13:01:26.209172+00:00,100000.0,100000.0,0.0,window360_strategy
2026-01-24T14:16:53.044887+00:00,100000.0,100000.0,0.0,window360_strategy
2026-01-24T14:17:03.847402+00:00,100000.0,100000.0,0.0,window360_strategy
2026-01-24T15:04:13.931755+00:00,100000.0,100000.0,0.0,window360_strategy
2026-01-24T15:04:26.100197+00:00,100000.0,100000.0,0.0,window360_strategy
2026-01-24T15:04:37.056444+00:00,100000.0,100000.0,0.0,window360_strategy
2026-01-24T15:04:47.619429+00:00,100000.0,100000.0,0.0,window360_strategy
2026-01-24T15:19:25.536056+00:00,100000.0,100000.0,0.0,window360_strategy
2026-01-24T15:19:35.974832+00:00,100000.0,100000.0,0.0,window360_strategy
2026-01-24T15:19:46.387620+00:00,100000.0,100000.0,0.0,window360_strategy
2026-01-24T15:19:57.529397+00:00,100000.0,100000.0,0.0,window360_strategy
2026-01-24T15:20:10.592709+00:00,100000.0,100000.0,0.0,window360_strategy
2026-01-24T15:20:21.207591+00:00,100000.0,100000.0,0.0,window360_strategy
2026-01-24T15:20:31.534510+00:00,100000.0,100000.0,0.0,window360_strategy
2026-01-24T15:20:41.949590+00:00,100000.0,100000.0,0.0,window360_strategy
2026-01-24T15:20:52.428639+00:00,100000.0,100000.0,0.0,window360_strategy
2026-01-24T15:21:02.818561+00:00,100000.0,100000.0,0.0,window360_strategy
2026-01-24T15:21:13.106424+00:00,100000.0,100000.0,0.0,window360_strategy
2026-01-24T15:21:23.393854+00:00,100000.0,100000.0,0.0,window360_strategy
2026-01-24T15:21:33.689472+00:00,100000.0,100000.0,0.0,window360_strategy
2026-01-24T15:21:44.083369+00:00,100000.0,100000.0,0.0,window360_strategy
2026-01-24T15:21:54.366706+00:00,100000.0,100000.0,0.0,window360_strategy
2026-01-24T15:22:04.634112+00:00,100000.0,100000.0,0.0,window360_strategy
2026-01-24T15:22:14.904663+00:00,100000.0,100000.0,0.0,window360_strategy
2026-01-24T15:22:25.244263+00:00,100000.0,100000.0,0.0,window360_strategy
2026-01-24T15:22:35.614986+00:00,100000.0,100000.0,0.0,window360_strategy
2026-01-24T15:22:45.963264+00:00,100000.0,100000.0,0.0,window360_strategy
2026-01-24T15:22:56.884529+00:00,100000.0,100000.0,0.0,window360_strategy
2026-01-24T15:23:07.193361+00:00,100000.0,100000.0,0.0,window360_strategy
2026-01-24T15:23:17.447148+00:00,100000.0,100000.0,0.0,window360_strategy
2026-01-24T15:23:27.716224+00:00,100000.0,100000.0,0.0,window360_strategy
2026-01-24T15:23:37.959599+00:00,100000.0,100000.0,0.0,window360_strategy
2026-01-24T15:23:48.246358+00:00,100000.0,100000.0,0.0,window360_strategy
2026-01-24T15:23:58.551254+00:00,100000.0,100000.0,0.0,window360_strategy
2026-01-24T15:24:09.249104+00:00,100000.0,100000.0,0.0,window360_strategy
2026-01-24T15:24:19.545436+00:00,100000.0,100000.0,0.0,window360_strategy
2026-01-24T15:24:29.802908+00:00,100000.0,100000.0,0.0,window360_strategy
2026-01-24T15:24:40.059978+00:00,100000.0,100000.0,0.0,window360_strategy
2026-01-24T15:24:50.405766+00:00,100000.0,100000.0,0.0,window360_strategy
2026-01-24T15:25:00.764420+00:00,100000.0,100000.0,0.0,window360_strategy
2026-01-24T15:25:11.042221+00:00,100000.0,100000.0,0.0,window360_strategy
2026-01-24T15:25:21.280270+00:00,100000.0,100000.0,0.0,window360_strategy
2026-01-24T15:25:33.328766+00:00,100000.0,100000.0,0.0,window360_strategy
2026-01-24T15:25:44.723184+00:00,100000.0,100000.0,0.0,window360_strategy
2026-01-24T15:25:56.703149+00:00,100000.0,100000.0,0.0,window360_strategy
2026-01-24T15:26:08.521082+00:00,100000.0,100000.0,0.0,window360_strategy
2026-01-24T15:26:19.011217+00:00,100000.0,100000.0,0.0,window360_strategy
2026-01-24T15:26:29.217792+00:00,100000.0,100000.0,0.0,window360_strategy
2026-01-24T15:26:39.470675+00:00,100000.0,100000.0,0.0,window360_strategy
2026-01-24T15:26:49.743174+00:00,100000.0,100000.0,0.0,window360_strategy
2026-01-24T15:27:00.028596+00:00,100000.0,100000.0,0.0,window360_strategy
2026-01-24T15:27:10.336630+00:00,100000.0,100000.0,0.0,window360_strategy
2026-01-24T15:27:20.563054+00:00,100000.0,100000.0,0.0,window360_strategy
2026-01-24T15:27:31.008723+00:00,100000.0,100000.0,0.0,window360_strategy
2026-01-24T15:27:41.271885+00:00,100000.0,100000.0,0.0,window360_strategy
2026-01-24T15:27:51.461236+00:00,100000.0,100000.0,0.0,window360_strategy
2026-01-24T15:28:01.791161+00:00,100000.0,100000.0,0.0,window360_strategy
2026-01-24T15:28:11.997224+00:00,100000.0,100000.0,0.0,window360_strategy
2026-01-24T15:28:22.263968+00:00,100000.0,100000.0,0.0,window360_strategy
2026-01-24T15:28:32.458026+00:00,100000.0,100000.0,0.0,window360_strategy
2026-01-24T15:28:42.661831+00:00,100000.0,100000.0,0.0,window360_strategy
2026-01-24T15:28:52.963257+00:00,100000.0,100000.0,0.0,window360_strategy
2026-01-24T15:29:03.212598+00:00,100000.0,100000.0,0.0,window360_strategy
2026-01-24T15:29:13.439218+00:00,100000.0,100000.0,0.0,window360_strategy
2026-01-24T15:29:23.671483+00:00,100000.0,100000.0,0.0,window360_strategy
2026-01-24T15:29:34.449718+00:00,100000.0,100000.0,0.0,window360_strategy
2026-01-24T15:29:44.884456+00:00,100000.0,100000.0,0.0,window360_strategy
2026-01-24T15:29:55.065930+00:00,100000.0,100000.0,0.0,window360_strategy
2026-01-24T15:30:05.371840+00:00,100000.0,100000.0,0.0,window360_strategy
2026-01-24T15:30:15.955659+00:00,100000.0,100000.0,0.0,window360_strategy
2026-01-24T15:30:26.638480+00:00,100000.0,100000.0,0.0,window360_strategy
2026-01-24T15:30:37.706119+00:00,100000.0,100000.0,0.0,window360_strategy
2026-01-24T15:30:47.965734+00:00,100000.0,100000.0,0.0,window360_strategy
2026-01-24T15:30:58.413645+00:00,100000.0,100000.0,0.0,window360_strategy
2026-01-24T15:31:08.692630+00:00,100000.0,100000.0,0.0,window360_strategy
2026-01-24T15:31:18.917257+00:00,100000.0,100000.0,0.0,window360_strategy
2026-01-24T15:31:29.116133+00:00,100000.0,100000.0,0.0,window360_strategy
2026-01-24T15:31:39.344402+00:00,100000.0,100000.0,0.0,window360_strategy
2026-01-24T15:31:49.621349+00:00,100000.0,100000.0,0.0,window360_strategy
2026-01-24T15:31:59.922778+00:00,100000.0,100000.0,0.0,window360_strategy
2026-01-24T15:32:10.278895+00:00,100000.0,100000.0,0.0,window360_strategy
2026-01-24T15:32:20.463452+00:00,100000.0,100000.0,0.0,window360_strategy
2026-01-24T15:32:30.722981+00:00,100000.0,100000.0,0.0,window360_strategy
2026-01-24T15:32:41.022124+00:00,100000.0,100000.0,0.0,window360_strategy
2026-01-24T15:32:51.267082+00:00,100000.0,100000.0,0.0,window360_strategy
2026-01-24T15:33:01.471544+00:00,100000.0,100000.0,0.0,window360_strategy
2026-01-24T15:33:11.721402+00:00,100000.0,100000.0,0.0,window360_strategy
2026-01-24T15:33:21.952585+00:00,100000.0,100000.0,0.0,window360_strategy
2026-01-24T15:33:32.129334+00:00,100000.0,100000.0,0.0,window360_strategy
2026-01-24T15:33:42.303141+00:00,100000.0,100000.0,0.0,window360_strategy
2026-01-24T15:33:52.476216+00:00,100000.0,100000.0,0.0,window360_strategy
2026-01-24T15:34:03.053437+00:00,100000.0,100000.0,0.0,window360_strategy
2026-01-24T15:34:13.269640+00:00,100000.0,100000.0,0.0,window360_strategy
2026-01-24T15:34:23.777393+00:00,100000.0,100000.0,0.0,window360_strategy
2026-01-24T15:34:34.032282+00:00,100000.0,100000.0,0.0,window360_strategy
2026-01-24T15:34:44.330715+00:00,100000.0,100000.0,0.0,window360_strategy
2026-01-24T15:34:54.518836+00:00,100000.0,100000.0,0.0,window360_strategy
2026-01-24T15:35:04.735598+00:00,100000.0,100000.0,0.0,window360_strategy
2026-01-24T15:35:15.038554+00:00,100000.0,100000.0,0.0,window360_strategy
2026-01-24T15:35:25.264166+00:00,100000.0,100000.0,0.0,window360_strategy
2026-01-24T15:35:35.467540+00:00,100000.0,100000.0,0.0,window360_strategy
2026-01-24T15:35:45.779838+00:00,100000.0,100000.0,0.0,window360_strategy
2026-01-24T15:35:56.142617+00:00,100000.0,100000.0,0.0,window360_strategy
2026-01-24T15:36:06.429807+00:00,100000.0,100000.0,0.0,window360_strategy
2026-01-24T15:36:16.718427+00:00,100000.0,100000.0,0.0,window360_strategy
2026-01-24T15:36:27.036401+00:00,100000.0,100000.0,0.0,window360_strategy
2026-01-24T15:36:37.265592+00:00,100000.0,100000.0,0.0,window360_strategy
2026-01-24T15:36:47.489034+00:00,100000.0,100000.0,0.0,window360_strategy
2026-01-24T15:36:57.709330+00:00,100000.0,100000.0,0.0,window360_strategy
2026-01-24T15:37:07.953016+00:00,100000.0,100000.0,0.0,window360_strategy
2026-01-24T15:37:18.392727+00:00,100000.0,100000.0,0.0,window360_strategy
2026-01-24T15:37:28.619647+00:00,100000.0,100000.0,0.0,window360_strategy
2026-01-24T15:37:38.854951+00:00,100000.0,100000.0,0.0,window360_strategy
2026-01-24T15:37:49.091457+00:00,100000.0,100000.0,0.0,window360_strategy
2026-01-24T15:37:59.282625+00:00,100000.0,100000.0,0.0,window360_strategy
2026-01-24T15:38:09.500114+00:00,100000.0,100000.0,0.0,window360_strategy
2026-01-24T15:38:19.682852+00:00,100000.0,100000.0,0.0,window360_strategy
2026-01-24T15:38:29.909641+00:00,100000.0,100000.0,0.0,window360_strategy
2026-01-24T15:38:40.171753+00:00,100000.0,100000.0,0.0,window360_strategy
2026-01-24T15:38:50.508139+00:00,100000.0,100000.0,0.0,window360_strategy
2026-01-24T15:39:00.713126+00:00,100000.0,100000.0,0.0,window360_strategy
2026-01-24T15:39:11.141839+00:00,100000.0,100000.0,0.0,window360_strategy
2026-01-24T15:39:21.369758+00:00,100000.0,100000.0,0.0,window360_strategy
2026-01-24T15:39:31.545353+00:00,100000.0,100000.0,0.0,window360_strategy
2026-01-24T15:39:41.804073+00:00,100000.0,100000.0,0.0,window360_strategy
2026-01-24T15:39:51.984545+00:00,100000.0,100000.0,0.0,window360_strategy
2026-01-24T15:40:02.305876+00:00,100000.0,100000.0,0.0,window360_strategy
2026-01-24T15:40:12.567418+00:00,100000.0,100000.0,0.0,window360_strategy
2026-01-24T15:40:22.759692+00:00,100000.0,100000.0,0.0,window360_strategy
2026-01-24T15:40:32.941191+00:00,100000.0,100000.0,0.0,window360_strategy
2026-01-24T15:40:43.149899+00:00,100000.0,100000.0,0.0,window360_strategy
2026-01-24T15:40:53.377211+00:00,100000.0,100000.0,0.0,window360_strategy
2026-01-24T15:41:03.598721+00:00,100000.0,100000.0,0.0,window360_strategy
2026-01-24T15:41:14.091455+00:00,100000.0,100000.0,0.0,window360_strategy
2026-01-24T15:41:24.406298+00:00,100000.0,100000.0,0.0,window360_strategy
2026-01-24T15:41:34.932631+00:00,100000.0,100000.0,0.0,window360_strategy
2026-01-24T15:41:45.099259+00:00,100000.0,100000.0,0.0,window360_strategy
2026-01-24T15:41:55.264824+00:00,100000.0,100000.0,0.0,window360_strategy
2026-01-24T15:42:05.519963+00:00,100000.0,100000.0,0.0,window360_strategy
2026-01-24T15:42:15.736093+00:00,100000.0,100000.0,0.0,window360_strategy
2026-01-24T15:42:25.910318+00:00,100000.0,100000.0,0.0,window360_strategy
2026-01-24T15:42:36.112716+00:00,100000.0,100000.0,0.0,window360_strategy
2026-01-24T15:42:46.291269+00:00,100000.0,100000.0,0.0,window360_strategy
2026-01-24T15:42:56.550815+00:00,100000.0,100000.0,0.0,window360_strategy
2026-01-24T15:43:06.742359+00:00,100000.0,100000.0,0.0,window360_strategy
2026-01-24T15:43:16.996453+00:00,100000.0,100000.0,0.0,window360_strategy
2026-01-24T15:43:27.290081+00:00,100000.0,100000.0,0.0,window360_strategy
2026-01-24T15:43:37.708637+00:00,100000.0,100000.0,0.0,window360_strategy
2026-01-24T15:43:47.952312+00:00,100000.0,100000.0,0.0,window360_strategy
2026-01-24T15:43:58.196308+00:00,100000.0,100000.0,0.0,window360_strategy
2026-01-24T15:44:08.411166+00:00,100000.0,100000.0,0.0,window360_strategy
2026-01-24T15:44:18.668951+00:00,100000.0,100000.0,0.0,window360_strategy
2026-01-24T15:44:28.960534+00:00,100000.0,100000.0,0.0,window360_strategy
2026-01-24T15:44:39.170413+00:00,100000.0,100000.0,0.0,window360_strategy
2026-01-24T15:44:49.611268+00:00,100000.0,100000.0,0.0,window360_strategy
2026-01-24T15:44:59.911982+00:00,100000.0,100000.0,0.0,window360_strategy
2026-01-24T15:45:10.250840+00:00,100000.0,100000.0,0.0,window360_strategy
2026-01-24T15:45:21.617225+00:00,100000.0,100000.0,0.0,window360_strategy
2026-01-24T15:45:31.829604+00:00,100000.0,100000.0,0.0,window360_strategy
2026-01-24T15:45:42.052933+00:00,100000.0,100000.0,0.0,window360_strategy
2026-01-24T15:45:52.398651+00:00,100000.0,100000.0,0.0,window360_strategy
2026-01-24T15:46:02.632546+00:00,100000.0,100000.0,0.0,window360_strategy
2026-01-24T15:46:12.885567+00:00,100000.0,100000.0,0.0,window360_strategy
2026-01-24T15:46:23.072910+00:00,100000.0,100000.0,0.0,window360_strategy
2026-01-24T15:46:33.264286+00:00,100000.0,100000.0,0.0,window360_strategy
2026-01-24T15:46:43.446316+00:00,100000.0,100000.0,0.0,window360_strategy
2026-01-24T15:46:53.644950+00:00,100000.0,100000.0,0.0,window360_strategy
2026-01-24T15:47:03.993867+00:00,100000.0,100000.0,0.0,window360_strategy
2026-01-24T15:47:14.185119+00:00,100000.0,100000.0,0.0,window360_strategy
2026-01-24T15:47:24.547008+00:00,100000.0,100000.0,0.0,window360_strategy
2026-01-24T15:47:34.752084+00:00,100000.0,100000.0,0.0,window360_strategy
2026-01-24T15:47:44.933055+00:00,100000.0,100000.0,0.0,window360_strategy
2026-01-24T15:47:55.158741+00:00,100000.0,100000.0,0.0,window360_strategy
2026-01-24T15:48:05.376627+00:00,100000.0,100000.0,0.0,window360_strategy
2026-01-24T15:48:15.569836+00:00,100000.0,100000.0,0.0,window360_strategy
2026-01-24T15:48:25.741323+00:00,100000.0,100000.0,0.0,window360_strategy
2026-01-24T15:48:35.954509+00:00,100000.0,100000.0,0.0,window360_strategy
2026-01-24T15:48:46.154115+00:00,100000.0,100000.0,0.0,window360_strategy
2026-01-24T15:48:56.401428+00:00,100000.0,100000.0,0.0,window360_strategy
2026-01-24T15:49:06.651443+00:00,100000.0,100000.0,0.0,window360_strategy
2026-01-24T15:49:16.880175+00:00,100000.0,100000.0,0.0,window360_strategy
2026-01-24T15:49:27.161163+00:00,100000.0,100000.0,0.0,window360_strategy
2026-01-24T15:49:37.553165+00:00,100000.0,100000.0,0.0,window360_strategy
2026-01-24T15:49:47.811943+00:00,100000.0,100000.0,0.0,window360_strategy
2026-01-24T15:49:58.013356+00:00,100000.0,100000.0,0.0,window360_strategy
2026-01-24T15:50:08.193781+00:00,100000.0,100000.0,0.0,window360_strategy
2026-01-24T15:50:18.520377+00:00,100000.0,100000.0,0.0,window360_strategy
2026-01-24T15:50:29.350415+00:00,100000.0,100000.0,0.0,window360_strategy
2026-01-24T15:50:39.659828+00:00,100000.0,100000.0,0.0,window360_strategy
2026-01-24T15:50:49.997031+00:00,100000.0,100000.0,0.0,window360_strategy
2026-01-24T15:51:00.275390+00:00,100000.0,100000.0,0.0,window360_strategy
2026-01-24T15:51:10.708378+00:00,100000.0,100000.0,0.0,window360_strategy
2026-01-24T15:51:20.935003+00:00,100000.0,100000.0,0.0,window360_strategy
2026-01-24T15:51:31.142306+00:00,100000.0,100000.0,0.0,window360_strategy
2026-01-24T15:51:41.327636+00:00,100000.0,100000.0,0.0,window360_strategy
2026-01-24T15:51:51.552563+00:00,100000.0,100000.0,0.0,window360_strategy
2026-01-24T15:52:01.747470+00:00,100000.0,100000.0,0.0,window360_strategy
2026-01-24T15:52:12.039411+00:00,100000.0,100000.0,0.0,window360_strategy
2026-01-24T15:52:22.236078+00:00,100000.0,100000.0,0.0,window360_strategy
2026-01-24T15:52:32.405736+00:00,100000.0,100000.0,0.0,window360_strategy
2026-01-24T15:52:42.595249+00:00,100000.0,100000.0,0.0,window360_strategy
2026-01-24T15:52:52.942381+00:00,100000.0,100000.0,0.0,window360_strategy
2026-01-24T15:53:03.189174+00:00,100000.0,100000.0,0.0,window360_strategy
2026-01-24T15:53:13.380830+00:00,100000.0,100000.0,0.0,window360_strategy
2026-01-24T15:53:23.713309+00:00,100000.0,100000.0,0.0,window360_strategy
2026-01-24T15:53:34.084852+00:00,100000.0,100000.0,0.0,window360_strategy
2026-01-24T15:53:44.383093+00:00,100000.0,100000.0,0.0,window360_strategy
2026-01-24T15:53:54.620952+00:00,100000.0,100000.0,0.0,window360_strategy
2026-01-24T15:54:05.010165+00:00,100000.0,100000.0,0.0,window360_strategy
2026-01-24T15:54:15.341651+00:00,100000.0,100000.0,0.0,window360_strategy
2026-01-24T15:54:25.575490+00:00,100000.0,100000.0,0.0,window360_strategy
2026-01-24T15:54:36.056031+00:00,100000.0,100000.0,0.0,window360_strategy
2026-01-24T15:54:46.231143+00:00,100000.0,100000.0,0.0,window360_strategy
2026-01-24T15:54:56.427832+00:00,100000.0,100000.0,0.0,window360_strategy
2026-01-24T15:55:06.614662+00:00,100000.0,100000.0,0.0,window360_strategy
2026-01-24T15:55:16.835982+00:00,100000.0,100000.0,0.0,window360_strategy
2026-01-24T15:55:27.074834+00:00,100000.0,100000.0,0.0,window360_strategy
2026-01-24T15:55:37.271578+00:00,100000.0,100000.0,0.0,window360_strategy
2026-01-24T15:55:47.450603+00:00,100000.0,100000.0,0.0,window360_strategy
2026-01-24T15:55:57.695626+00:00,100000.0,100000.0,0.0,window360_strategy
2026-01-24T15:56:07.939580+00:00,100000.0,100000.0,0.0,window360_strategy
2026-01-24T15:56:18.133685+00:00,100000.0,100000.0,0.0,window360_strategy
2026-01-24T15:56:28.311098+00:00,100000.0,100000.0,0.0,window360_strategy
2026-01-24T15:56:38.608788+00:00,100000.0,100000.0,0.0,window360_strategy
2026-01-24T15:56:48.796754+00:00,100000.0,100000.0,0.0,window360_strategy
2026-01-24T15:56:59.143326+00:00,100000.0,100000.0,0.0,window360_strategy
2026-01-24T15:57:09.328920+00:00,100000.0,100000.0,0.0,window360_strategy
2026-01-24T15:57:19.530426+00:00,100000.0,100000.0,0.0,window360_strategy
2026-01-24T15:57:29.725287+00:00,100000.0,100000.0,0.0,window360_strategy
2026-01-24T15:57:40.025201+00:00,100000.0,100000.0,0.0,window360_strategy
2026-01-24T15:57:50.208151+00:00,100000.0,100000.0,0.0,window360_strategy
2026-01-24T15:58:00.405249+00:00,100000.0,100000.0,0.0,window360_strategy
2026-01-24T15:58:10.591763+00:00,100000.0,100000.0,0.0,window360_strategy
2026-01-24T15:58:20.959881+00:00,100000.0,100000.0,0.0,window360_strategy
2026-01-24T15:58:31.200744+00:00,100000.0,100000.0,0.0,window360_strategy
2026-01-24T15:58:41.443569+00:00,100000.0,100000.0,0.0,window360_strategy
2026-01-24T15:58:51.812596+00:00,100000.0,100000.0,0.0,window360_strategy
2026-01-24T15:59:01.985215+00:00,100000.0,100000.0,0.0,window360_strategy
2026-01-24T15:59:12.291761+00:00,100000.0,100000.0,0.0,window360_strategy
2026-01-24T15:59:22.442561+00:00,100000.0,100000.0,0.0,window360_strategy
2026-01-24T15:59:32.680105+00:00,100000.0,100000.0,0.0,window360_strategy
2026-01-24T15:59:42.864082+00:00,100000.0,100000.0,0.0,window360_strategy
2026-01-24T15:59:53.093022+00:00,100000.0,100000.0,0.0,window360_strategy
2026-01-24T16:00:03.272406+00:00,100000.0,100000.0,0.0,window360_strategy
2026-01-24T16:00:13.578456+00:00,100000.0,100000.0,0.0,window360_strategy
2026-01-24T16:00:23.777711+00:00,100000.0,100000.0,0.0,window360_strategy
2026-01-24T16:00:34.028942+00:00,100000.0,100000.0,0.0,window360_strategy
2026-01-24T16:00:44.265033+00:00,100000.0,100000.0,0.0,window360_strategy
2026-01-24T16:00:54.435892+00:00,100000.0,100000.0,0.0,window360_strategy
2026-01-24T16:01:04.637660+00:00,100000.0,100000.0,0.0,window360_strategy
2026-01-24T16:01:14.934226+00:00,100000.0,100000.0,0.0,window360_strategy
2026-01-24T16:01:25.849660+00:00,100000.0,100000.0,0.0,window360_strategy
2026-01-24T16:01:36.083264+00:00,100000.0,100000.0,0.0,window360_strategy
2026-01-24T16:01:46.404280+00:00,100000.0,100000.0,0.0,window360_strategy
2026-01-24T16:01:56.627025+00:00,100000.0,100000.0,0.0,window360_strategy
2026-01-24T16:02:06.812078+00:00,100000.0,100000.0,0.0,window360_strategy
2026-01-24T16:02:16.987126+00:00,100000.0,100000.0,0.0,window360_strategy
2026-01-24T16:02:27.277682+00:00,100000.0,100000.0,0.0,window360_strategy
2026-01-24T16:02:37.448725+00:00,100000.0,100000.0,0.0,window360_strategy
2026-01-24T16:02:47.750798+00:00,100000.0,100000.0,0.0,window360_strategy
2026-01-24T16:02:58.002672+00:00,100000.0,100000.0,0.0,window360_strategy
2026-01-24T16:03:08.270103+00:00,100000.0,100000.0,0.0,window360_strategy
2026-01-24T16:03:18.468979+00:00,100000.0,100000.0,0.0,window360_strategy
2026-01-24T16:03:28.709150+00:00,100000.0,100000.0,0.0,window360_strategy
2026-01-24T16:03:38.957213+00:00,100000.0,100000.0,0.0,window360_strategy
2026-01-24T16:03:49.218268+00:00,100000.0,100000.0,0.0,window360_strategy
2026-01-24T16:03:59.553789+00:00,100000.0,100000.0,0.0,window360_strategy
2026-01-24T16:04:10.463031+00:00,100000.0,100000.0,0.0,window360_strategy
2026-01-24T16:04:20.662901+00:00,100000.0,100000.0,0.0,window360_strategy
2026-01-24T16:04:31.086626+00:00,100000.0,100000.0,0.0,window360_strategy
2026-01-24T16:04:41.403465+00:00,100000.0,100000.0,0.0,window360_strategy
2026-01-24T16:04:51.608477+00:00,100000.0,100000.0,0.0,window360_strategy
2026-01-24T16:05:01.797270+00:00,100000.0,100000.0,0.0,window360_strategy
2026-01-24T16:05:12.057277+00:00,100000.0,100000.0,0.0,window360_strategy
2026-01-24T16:05:22.239385+00:00,100000.0,100000.0,0.0,window360_strategy
2026-01-24T16:05:32.521653+00:00,100000.0,100000.0,0.0,window360_strategy
2026-01-24T16:05:42.769635+00:00,100000.0,100000.0,0.0,window360_strategy
2026-01-24T16:05:52.966523+00:00,100000.0,100000.0,0.0,window360_strategy
2026-01-24T16:06:03.195126+00:00,100000.0,100000.0,0.0,window360_strategy
2026-01-24T16:06:13.600032+00:00,100000.0,100000.0,0.0,window360_strategy
2026-01-24T16:06:23.899060+00:00,100000.0,100000.0,0.0,window360_strategy
2026-01-24T16:06:34.139031+00:00,100000.0,100000.0,0.0,window360_strategy
2026-01-24T16:06:44.337817+00:00,100000.0,100000.0,0.0,window360_strategy
2026-01-24T16:06:54.536153+00:00,100000.0,100000.0,0.0,window360_strategy
2026-01-24T16:07:04.777573+00:00,100000.0,100000.0,0.0,window360_strategy
2026-01-24T16:07:15.013192+00:00,100000.0,100000.0,0.0,window360_strategy
2026-01-24T16:07:25.243538+00:00,100000.0,100000.0,0.0,window360_strategy
2026-01-24T16:07:35.490560+00:00,100000.0,100000.0,0.0,window360_strategy
2026-01-24T16:07:45.759553+00:00,100000.0,100000.0,0.0,window360_strategy
2026-01-24T16:07:56.980634+00:00,100000.0,100000.0,0.0,window360_strategy
2026-01-24T16:08:07.630023+00:00,100000.0,100000.0,0.0,window360_strategy
2026-01-24T16:08:18.067580+00:00,100000.0,100000.0,0.0,window360_strategy
2026-01-24T16:08:28.336214+00:00,100000.0,100000.0,0.0,window360_strategy
2026-01-24T16:08:38.638898+00:00,100000.0,100000.0,0.0,window360_strategy
2026-01-24T16:08:48.892617+00:00,100000.0,100000.0,0.0,window360_strategy
2026-01-24T16:08:59.203464+00:00,100000.0,100000.0,0.0,window360_strategy
2026-01-24T16:09:09.425916+00:00,100000.0,100000.0,0.0,window360_strategy
2026-01-24T16:09:19.811139+00:00,100000.0,100000.0,0.0,window360_strategy
2026-01-24T16:09:30.154136+00:00,100000.0,100000.0,0.0,window360_strategy
2026-01-24T16:09:40.558313+00:00,100000.0,100000.0,0.0,window360_strategy
2026-01-24T16:09:50.794020+00:00,100000.0,100000.0,0.0,window360_strategy
2026-01-24T16:10:01.036945+00:00,100000.0,100000.0,0.0,window360_strategy
2026-01-24T16:10:11.543241+00:00,100000.0,100000.0,0.0,window360_strategy
2026-01-24T16:10:21.761171+00:00,100000.0,100000.0,0.0,window360_strategy
2026-01-24T16:10:32.529307+00:00,100000.0,100000.0,0.0,window360_strategy
2026-01-24T16:10:43.028829+00:00,100000.0,100000.0,0.0,window360_strategy
2026-01-24T16:10:57.650165+00:00,100000.0,100000.0,0.0,window360_strategy
2026-01-24T16:11:09.201206+00:00,100000.0,100000.0,0.0,window360_strategy
2026-01-24T16:11:19.678244+00:00,100000.0,100000.0,0.0,window360_strategy
2026-01-24T16:11:30.151287+00:00,100000.0,100000.0,0.0,window360_strategy
2026-01-24T16:11:40.375168+00:00,100000.0,100000.0,0.0,window360_strategy
2026-01-24T16:11:50.605848+00:00,100000.0,100000.0,0.0,window360_strategy
2026-01-24T16:12:01.295216+00:00,100000.0,100000.0,0.0,window360_strategy
2026-01-24T16:12:12.061426+00:00,100000.0,100000.0,0.0,window360_strategy
2026-01-24T16:12:23.877303+00:00,100000.0,100000.0,0.0,window360_strategy
2026-01-24T16:12:34.722841+00:00,100000.0,100000.0,0.0,window360_strategy
2026-01-24T16:12:45.246299+00:00,100000.0,100000.0,0.0,window360_strategy
2026-01-24T16:12:55.657491+00:00,100000.0,100000.0,0.0,window360_strategy
2026-01-24T16:13:06.093365+00:00,100000.0,100000.0,0.0,window360_strategy
2026-01-24T16:13:16.472555+00:00,100000.0,100000.0,0.0,window360_strategy
2026-01-24T16:13:26.680484+00:00,100000.0,100000.0,0.0,window360_strategy
2026-01-24T16:13:37.061046+00:00,100000.0,100000.0,0.0,window360_strategy
2026-01-24T16:13:47.254549+00:00,100000.0,100000.0,0.0,window360_strategy
2026-01-24T16:13:57.498784+00:00,100000.0,100000.0,0.0,window360_strategy
2026-01-24T16:14:07.684326+00:00,100000.0,100000.0,0.0,window360_strategy
2026-01-24T16:14:17.885860+00:00,100000.0,100000.0,0.0,window360_strategy
2026-01-24T16:14:28.286763+00:00,100000.0,100000.0,0.0,window360_strategy
2026-01-24T16:14:38.474009+00:00,100000.0,100000.0,0.0,window360_strategy
2026-01-24T16:14:48.766174+00:00,100000.0,100000.0,0.0,window360_strategy
2026-01-24T16:14:58.981486+00:00,100000.0,100000.0,0.0,window360_strategy
2026-01-24T16:15:09.221043+00:00,100000.0,100000.0,0.0,window360_strategy
2026-01-24T16:15:19.420117+00:00,100000.0,100000.0,0.0,window360_strategy
2026-01-24T16:15:29.687516+00:00,100000.0,100000.0,0.0,window360_strategy
2026-01-24T16:15:39.896840+00:00,100000.0,100000.0,0.0,window360_strategy
2026-01-24T16:15:50.119866+00:00,100000.0,100000.0,0.0,window360_strategy
2026-01-24T16:16:00.354451+00:00,100000.0,100000.0,0.0,window360_strategy
2026-01-24T16:16:10.602431+00:00,100000.0,100000.0,0.0,window360_strategy
2026-01-24T16:16:20.811651+00:00,100000.0,100000.0,0.0,window360_strategy
2026-01-24T16:16:31.121738+00:00,100000.0,100000.0,0.0,window360_strategy
2026-01-24T16:16:41.339157+00:00,100000.0,100000.0,0.0,window360_strategy
2026-01-24T16:16:51.548037+00:00,100000.0,100000.0,0.0,window360_strategy
2026-01-24T16:17:01.722386+00:00,100000.0,100000.0,0.0,window360_strategy
2026-01-24T16:17:12.320887+00:00,100000.0,100000.0,0.0,window360_strategy
2026-01-24T16:17:22.537379+00:00,100000.0,100000.0,0.0,window360_strategy
2026-01-24T16:17:32.729609+00:00,100000.0,100000.0,0.0,window360_strategy
2026-01-24T16:17:42.916204+00:00,100000.0,100000.0,0.0,window360_strategy
2026-01-24T16:17:53.100375+00:00,100000.0,100000.0,0.0,window360_strategy
2026-01-24T16:18:03.298802+00:00,100000.0,100000.0,0.0,window360_strategy
2026-01-24T16:18:13.518361+00:00,100000.0,100000.0,0.0,window360_strategy
2026-01-24T16:18:23.779532+00:00,100000.0,100000.0,0.0,window360_strategy
2026-01-24T16:18:33.951870+00:00,100000.0,100000.0,0.0,window360_strategy
2026-01-24T16:18:44.130618+00:00,100000.0,100000.0,0.0,window360_strategy
2026-01-24T16:18:54.418067+00:00,100000.0,100000.0,0.0,window360_strategy
2026-01-24T16:19:04.628803+00:00,100000.0,100000.0,0.0,window360_strategy
2026-01-24T16:19:14.853405+00:00,100000.0,100000.0,0.0,window360_strategy
2026-01-24T16:19:25.073862+00:00,100000.0,100000.0,0.0,window360_strategy
2026-01-24T16:19:35.268414+00:00,100000.0,100000.0,0.0,window360_strategy
2026-01-24T16:19:45.645671+00:00,100000.0,100000.0,0.0,window360_strategy
2026-01-24T16:19:55.980436+00:00,100000.0,100000.0,0.0,window360_strategy
2026-01-24T16:20:06.178364+00:00,100000.0,100000.0,0.0,window360_strategy
2026-01-24T16:20:16.438201+00:00,100000.0,100000.0,0.0,window360_strategy
2026-01-24T16:20:26.778256+00:00,100000.0,100000.0,0.0,window360_strategy
2026-01-24T16:20:37.077675+00:00,100000.0,100000.0,0.0,window360_strategy
2026-01-24T16:20:47.380373+00:00,100000.0,100000.0,0.0,window360_strategy
2026-01-24T16:20:57.603066+00:00,100000.0,100000.0,0.0,window360_strategy
2026-01-24T16:21:07.774542+00:00,100000.0,100000.0,0.0,window360_strategy
2026-01-24T16:21:17.969926+00:00,100000.0,100000.0,0.0,window360_strategy
2026-01-24T16:21:28.236246+00:00,100000.0,100000.0,0.0,window360_strategy
2026-01-24T16:21:38.440294+00:00,100000.0,100000.0,0.0,window360_strategy
2026-01-24T16:21:48.674699+00:00,100000.0,100000.0,0.0,window360_strategy
2026-01-24T16:21:58.836587+00:00,100000.0,100000.0,0.0,window360_strategy
2026-01-24T16:22:09.036537+00:00,100000.0,100000.0,0.0,window360_strategy
2026-01-24T16:22:19.233031+00:00,100000.0,100000.0,0.0,window360_strategy
2026-01-24T16:22:29.402735+00:00,100000.0,100000.0,0.0,window360_strategy
2026-01-24T16:22:39.598494+00:00,100000.0,100000.0,0.0,window360_strategy
2026-01-24T16:22:49.801512+00:00,100000.0,100000.0,0.0,window360_strategy
2026-01-24T16:22:59.980429+00:00,100000.0,100000.0,0.0,window360_strategy
2026-01-24T16:23:10.204064+00:00,100000.0,100000.0,0.0,window360_strategy
2026-01-24T16:23:20.459485+00:00,100000.0,100000.0,0.0,window360_strategy
2026-01-24T16:23:30.637226+00:00,100000.0,100000.0,0.0,window360_strategy
2026-01-24T16:23:40.876583+00:00,100000.0,100000.0,0.0,window360_strategy
2026-01-24T16:23:51.073659+00:00,100000.0,100000.0,0.0,window360_strategy
2026-01-24T16:24:01.456596+00:00,100000.0,100000.0,0.0,window360_strategy
2026-01-24T16:24:11.634647+00:00,100000.0,100000.0,0.0,window360_strategy
2026-01-24T16:24:21.822290+00:00,100000.0,100000.0,0.0,window360_strategy
2026-01-24T16:24:31.998705+00:00,100000.0,100000.0,0.0,window360_strategy
2026-01-24T16:24:42.291352+00:00,100000.0,100000.0,0.0,window360_strategy
2026-01-24T16:24:52.498435+00:00,100000.0,100000.0,0.0,window360_strategy
2026-01-24T16:25:02.747972+00:00,100000.0,100000.0,0.0,window360_strategy
2026-01-24T16:25:12.916385+00:00,100000.0,100000.0,0.0,window360_strategy
2026-01-24T16:25:23.186039+00:00,100000.0,100000.0,0.0,window360_strategy
2026-01-24T16:25:33.431705+00:00,100000.0,100000.0,0.0,window360_strategy
2026-01-24T16:25:43.659782+00:00,100000.0,100000.0,0.0,window360_strategy
2026-01-24T16:25:53.836017+00:00,100000.0,100000.0,0.0,window360_strategy
2026-01-24T16:26:04.098829+00:00,100000.0,100000.0,0.0,window360_strategy
2026-01-24T16:26:14.276793+00:00,100000.0,100000.0,0.0,window360_strategy
2026-01-24T16:26:24.582812+00:00,100000.0,100000.0,0.0,window360_strategy
2026-01-24T16:26:35.266531+00:00,100000.0,100000.0,0.0,window360_strategy
2026-01-24T16:26:45.450540+00:00,100000.0,100000.0,0.0,window360_strategy
2026-01-24T16:26:55.880558+00:00,100000.0,100000.0,0.0,window360_strategy
2026-01-24T16:27:06.083590+00:00,100000.0,100000.0,0.0,window360_strategy
2026-01-24T16:27:16.469770+00:00,100000.0,100000.0,0.0,window360_strategy
2026-01-24T16:27:26.650240+00:00,100000.0,100000.0,0.0,window360_strategy
2026-01-24T16:27:36.881137+00:00,100000.0,100000.0,0.0,window360_strategy
2026-01-24T16:27:47.055886+00:00,100000.0,100000.0,0.0,window360_strategy
2026-01-24T16:27:57.317962+00:00,100000.0,100000.0,0.0,window360_strategy
2026-01-24T16:28:07.551757+00:00,100000.0,100000.0,0.0,window360_strategy
2026-01-24T16:28:17.824903+00:00,100000.0,100000.0,0.0,window360_strategy
2026-01-24T16:28:28.009068+00:00,100000.0,100000.0,0.0,window360_strategy
2026-01-24T16:28:38.220563+00:00,100000.0,100000.0,0.0,window360_strategy
2026-01-24T16:28:48.399578+00:00,100000.0,100000.0,0.0,window360_strategy
2026-01-24T16:28:58.673574+00:00,100000.0,100000.0,0.0,window360_strategy
2026-01-24T16:29:08.994811+00:00,100000.0,100000.0,0.0,window360_strategy
2026-01-24T16:29:19.186375+00:00,100000.0,100000.0,0.0,window360_strategy
2026-01-24T16:29:29.413364+00:00,100000.0,100000.0,0.0,window360_strategy
2026-01-24T16:29:39.600474+00:00,100000.0,100000.0,0.0,window360_strategy
2026-01-24T16:29:49.788898+00:00,100000.0,100000.0,0.0,window360_strategy
2026-01-24T16:30:00.029438+00:00,100000.0,100000.0,0.0,window360_strategy
2026-01-24T16:30:10.248595+00:00,100000.0,100000.0,0.0,window360_strategy
2026-01-24T16:30:20.449812+00:00,100000.0,100000.0,0.0,window360_strategy
2026-01-24T16:30:30.620192+00:00,100000.0,100000.0,0.0,window360_strategy
2026-01-24T16:30:40.903020+00:00,100000.0,100000.0,0.0,window360_strategy
2026-01-24T16:30:51.218275+00:00,100000.0,100000.0,0.0,window360_strategy
2026-01-24T16:31:01.410111+00:00,100000.0,100000.0,0.0,window360_strategy
2026-01-24T16:31:11.672843+00:00,100000.0,100000.0,0.0,window360_strategy
2026-01-24T16:31:21.851245+00:00,100000.0,100000.0,0.0,window360_strategy
2026-01-24T16:31:32.019491+00:00,100000.0,100000.0,0.0,window360_strategy
2026-01-24T16:31:42.250741+00:00,100000.0,100000.0,0.0,window360_strategy
2026-01-24T16:31:52.427373+00:00,100000.0,100000.0,0.0,window360_strategy
2026-01-24T16:32:02.702874+00:00,100000.0,100000.0,0.0,window360_strategy
2026-01-24T16:32:12.863389+00:00,100000.0,100000.0,0.0,window360_strategy
2026-01-24T16:32:23.147806+00:00,100000.0,100000.0,0.0,window360_strategy
2026-01-24T16:32:33.334261+00:00,100000.0,100000.0,0.0,window360_strategy
2026-01-24T16:32:43.591362+00:00,100000.0,100000.0,0.0,window360_strategy
2026-01-24T16:32:53.764179+00:00,100000.0,100000.0,0.0,window360_strategy
2026-01-24T16:33:04.039251+00:00,100000.0,100000.0,0.0,window360_strategy
2026-01-24T16:33:14.203965+00:00,100000.0,100000.0,0.0,window360_strategy
2026-01-24T16:33:24.493616+00:00,100000.0,100000.0,0.0,window360_strategy
2026-01-24T16:33:34.653084+00:00,100000.0,100000.0,0.0,window360_strategy
2026-01-24T16:33:44.950107+00:00,100000.0,100000.0,0.0,window360_strategy
2026-01-24T16:33:55.124482+00:00,100000.0,100000.0,0.0,window360_strategy
2026-01-24T16:34:05.521045+00:00,100000.0,100000.0,0.0,window360_strategy
2026-01-24T16:34:15.695099+00:00,100000.0,100000.0,0.0,window360_strategy
2026-01-24T16:34:25.961807+00:00,100000.0,100000.0,0.0,window360_strategy
2026-01-24T16:34:36.134624+00:00,100000.0,100000.0,0.0,window360_strategy
2026-01-24T16:34:46.450124+00:00,100000.0,100000.0,0.0,window360_strategy
2026-01-24T16:34:56.665623+00:00,100000.0,100000.0,0.0,window360_strategy
2026-01-24T16:35:06.855126+00:00,100000.0,100000.0,0.0,window360_strategy
2026-01-24T16:35:17.111055+00:00,100000.0,100000.0,0.0,window360_strategy
2026-01-24T16:35:27.305194+00:00,100000.0,100000.0,0.0,window360_strategy
2026-01-24T16:35:37.480793+00:00,100000.0,100000.0,0.0,window360_strategy
2026-01-24T16:35:47.744449+00:00,100000.0,100000.0,0.0,window360_strategy
2026-01-24T16:35:57.912936+00:00,100000.0,100000.0,0.0,window360_strategy
2026-01-24T16:36:08.244066+00:00,100000.0,100000.0,0.0,window360_strategy
2026-01-24T16:36:19.086775+00:00,100000.0,100000.0,0.0,window360_strategy
2026-01-24T16:36:30.040969+00:00,100000.0,100000.0,0.0,window360_strategy
2026-01-24T16:36:40.217125+00:00,100000.0,100000.0,0.0,window360_strategy
2026-01-24T16:36:50.416243+00:00,100000.0,100000.0,0.0,window360_strategy
2026-01-24T16:37:00.786769+00:00,100000.0,100000.0,0.0,window360_strategy
2026-01-24T16:37:11.297641+00:00,100000.0,100000.0,0.0,window360_strategy
2026-01-24T16:37:21.706344+00:00,100000.0,100000.0,0.0,window360_strategy
2026-01-24T16:37:31.879693+00:00,100000.0,100000.0,0.0,window360_strategy
2026-01-24T16:37:42.070919+00:00,100000.0,100000.0,0.0,window360_strategy
2026-01-24T16:37:52.256402+00:00,100000.0,100000.0,0.0,window360_strategy
2026-01-24T16:38:02.512221+00:00,100000.0,100000.0,0.0,window360_strategy
2026-01-24T16:38:12.729396+00:00,100000.0,100000.0,0.0,window360_strategy
2026-01-24T16:38:22.982612+00:00,100000.0,100000.0,0.0,window360_strategy
2026-01-24T16:38:33.177003+00:00,100000.0,100000.0,0.0,window360_strategy
2026-01-24T16:38:43.390614+00:00,100000.0,100000.0,0.0,window360_strategy
2026-01-24T16:38:53.557919+00:00,100000.0,100000.0,0.0,window360_strategy
2026-01-24T16:39:03.839735+00:00,100000.0,100000.0,0.0,window360_strategy
2026-01-24T16:39:14.014100+00:00,100000.0,100000.0,0.0,window360_strategy
2026-01-24T16:39:24.315902+00:00,100000.0,100000.0,0.0,window360_strategy
2026-01-24T16:39:34.510316+00:00,100000.0,100000.0,0.0,window360_strategy
2026-01-24T16:39:44.748350+00:00,100000.0,100000.0,0.0,window360_strategy
2026-01-24T16:39:54.923257+00:00,100000.0,100000.0,0.0,window360_strategy
2026-01-24T16:40:05.185515+00:00,100000.0,100000.0,0.0,window360_strategy
2026-01-24T16:40:15.421206+00:00,100000.0,100000.0,0.0,window360_strategy
2026-01-24T16:40:25.632526+00:00,100000.0,100000.0,0.0,window360_strategy
2026-01-24T16:40:35.793959+00:00,100000.0,100000.0,0.0,window360_strategy
2026-01-24T16:40:46.079143+00:00,100000.0,100000.0,0.0,window360_strategy
2026-01-24T16:40:56.249037+00:00,100000.0,100000.0,0.0,window360_strategy
2026-01-24T16:41:06.525852+00:00,100000.0,100000.0,0.0,window360_strategy
2026-01-24T16:41:16.699999+00:00,100000.0,100000.0,0.0,window360_strategy
2026-01-24T16:41:27.066924+00:00,100000.0,100000.0,0.0,window360_strategy
2026-01-24T16:41:37.227815+00:00,100000.0,100000.0,0.0,window360_strategy
2026-01-24T16:41:47.439278+00:00,100000.0,100000.0,0.0,window360_strategy
2026-01-24T16:41:57.624793+00:00,100000.0,100000.0,0.0,window360_strategy
2026-01-24T16:42:07.876148+00:00,100000.0,100000.0,0.0,window360_strategy
2026-01-24T16:42:18.055296+00:00,100000.0,100000.0,0.0,window360_strategy
2026-01-24T16:42:28.326214+00:00,100000.0,100000.0,0.0,window360_strategy
2026-01-24T16:42:38.501685+00:00,100000.0,100000.0,0.0,window360_strategy
2026-01-24T16:42:48.774421+00:00,100000.0,100000.0,0.0,window360_strategy
2026-01-24T16:42:58.951226+00:00,100000.0,100000.0,0.0,window360_strategy
2026-01-24T16:43:09.229486+00:00,100000.0,100000.0,0.0,window360_strategy
2026-01-24T16:43:19.412659+00:00,100000.0,100000.0,0.0,window360_strategy
2026-01-24T16:43:29.673531+00:00,100000.0,100000.0,0.0,window360_strategy
2026-01-24T16:43:39.849146+00:00,100000.0,100000.0,0.0,window360_strategy
2026-01-24T16:43:50.119421+00:00,100000.0,100000.0,0.0,window360_strategy
2026-01-24T16:44:00.326315+00:00,100000.0,100000.0,0.0,window360_strategy
2026-01-24T16:44:10.592361+00:00,100000.0,100000.0,0.0,window360_strategy
2026-01-24T16:44:20.793109+00:00,100000.0,100000.0,0.0,window360_strategy
2026-01-24T16:44:30.999904+00:00,100000.0,100000.0,0.0,window360_strategy
2026-01-24T16:44:41.159276+00:00,100000.0,100000.0,0.0,window360_strategy
2026-01-24T16:44:51.461403+00:00,100000.0,100000.0,0.0,window360_strategy
2026-01-24T16:45:01.623996+00:00,100000.0,100000.0,0.0,window360_strategy
2026-01-24T16:45:11.909717+00:00,100000.0,100000.0,0.0,window360_strategy
2026-01-24T16:45:22.159336+00:00,100000.0,100000.0,0.0,window360_strategy
2026-01-24T16:45:32.358700+00:00,100000.0,100000.0,0.0,window360_strategy
2026-01-24T16:45:42.528267+00:00,100000.0,100000.0,0.0,window360_strategy
2026-01-24T16:45:52.788552+00:00,100000.0,100000.0,0.0,window360_strategy
2026-01-24T16:46:02.967654+00:00,100000.0,100000.0,0.0,window360_strategy
2026-01-24T16:46:13.231882+00:00,100000.0,100000.0,0.0,window360_strategy
2026-01-24T16:46:23.430786+00:00,100000.0,100000.0,0.0,window360_strategy
2026-01-24T16:46:33.680444+00:00,100000.0,100000.0,0.0,window360_strategy
2026-01-24T16:46:43.897286+00:00,100000.0,100000.0,0.0,window360_strategy
2026-01-24T16:46:54.146273+00:00,100000.0,100000.0,0.0,window360_strategy
2026-01-24T16:47:04.311940+00:00,100000.0,100000.0,0.0,window360_strategy
2026-01-24T16:47:15.141225+00:00,100000.0,100000.0,0.0,window360_strategy
2026-01-24T16:47:29.401331+00:00,100000.0,100000.0,0.0,window360_strategy
2026-01-24T16:47:41.412947+00:00,100000.0,100000.0,0.0,window360_strategy
2026-01-24T16:47:51.901467+00:00,100000.0,100000.0,0.0,window360_strategy
2026-01-24T16:48:02.207597+00:00,100000.0,100000.0,0.0,window360_strategy
2026-01-24T16:48:12.458254+00:00,100000.0,100000.0,0.0,window360_strategy
2026-01-24T16:48:23.111758+00:00,100000.0,100000.0,0.0,window360_strategy
2026-01-24T16:48:33.301391+00:00,100000.0,100000.0,0.0,window360_strategy
2026-01-24T16:48:43.850714+00:00,100000.0,100000.0,0.0,window360_strategy
2026-01-24T16:48:54.026625+00:00,100000.0,100000.0,0.0,window360_strategy
2026-01-24T16:49:04.196354+00:00,100000.0,100000.0,0.0,window360_strategy
2026-01-24T16:49:14.411959+00:00,100000.0,100000.0,0.0,window360_strategy
2026-01-24T16:49:24.692281+00:00,100000.0,100000.0,0.0,window360_strategy
2026-01-24T16:49:34.894234+00:00,100000.0,100000.0,0.0,window360_strategy
2026-01-24T16:49:45.077032+00:00,100000.0,100000.0,0.0,window360_strategy
2026-01-24T16:49:55.281052+00:00,100000.0,100000.0,0.0,window360_strategy
2026-01-24T16:50:05.501026+00:00,100000.0,100000.0,0.0,window360_strategy
2026-01-24T16:50:15.871699+00:00,100000.0,100000.0,0.0,window360_strategy
2026-01-24T16:50:26.048213+00:00,100000.0,100000.0,0.0,window360_strategy
2026-01-24T16:50:36.245815+00:00,100000.0,100000.0,0.0,window360_strategy
2026-01-24T16:50:46.439002+00:00,100000.0,100000.0,0.0,window360_strategy
2026-01-24T16:50:56.630334+00:00,100000.0,100000.0,0.0,window360_strategy
2026-01-24T16:51:06.862708+00:00,100000.0,100000.0,0.0,window360_strategy
2026-01-24T16:51:17.071773+00:00,100000.0,100000.0,0.0,window360_strategy
2026-01-24T16:51:27.315564+00:00,100000.0,100000.0,0.0,window360_strategy
2026-01-24T16:51:37.564597+00:00,100000.0,100000.0,0.0,window360_strategy
2026-01-24T16:51:47.747971+00:00,100000.0,100000.0,0.0,window360_strategy
2026-01-24T16:51:57.920789+00:00,100000.0,100000.0,0.0,window360_strategy
2026-01-24T16:52:08.191652+00:00,100000.0,100000.0,0.0,window360_strategy
2026-01-24T16:52:18.471277+00:00,100000.0,100000.0,0.0,window360_strategy
2026-01-24T16:52:28.815209+00:00,100000.0,100000.0,0.0,window360_strategy
2026-01-24T16:52:39.117037+00:00,100000.0,100000.0,0.0,window360_strategy
2026-01-24T16:52:49.550583+00:00,100000.0,100000.0,0.0,window360_strategy
2026-01-24T16:53:00.165572+00:00,100000.0,100000.0,0.0,window360_strategy
2026-01-24T16:53:10.766059+00:00,100000.0,100000.0,0.0,window360_strategy
2026-01-24T16:53:21.141260+00:00,100000.0,100000.0,0.0,window360_strategy
2026-01-24T16:53:31.409317+00:00,100000.0,100000.0,0.0,window360_strategy
2026-01-24T16:53:41.796114+00:00,100000.0,100000.0,0.0,window360_strategy
2026-01-24T16:53:52.098430+00:00,100000.0,100000.0,0.0,window360_strategy
2026-01-24T16:54:02.281010+00:00,100000.0,100000.0,0.0,window360_strategy
2026-01-24T16:54:12.446359+00:00,100000.0,100000.0,0.0,window360_strategy
2026-01-24T16:54:22.837930+00:00,100000.0,100000.0,0.0,window360_strategy
2026-01-24T16:54:33.335653+00:00,100000.0,100000.0,0.0,window360_strategy
2026-01-24T16:54:43.698441+00:00,100000.0,100000.0,0.0,window360_strategy
2026-01-24T16:54:54.935415+00:00,100000.0,100000.0,0.0,window360_strategy
2026-01-24T16:55:05.267229+00:00,100000.0,100000.0,0.0,window360_strategy
2026-01-24T16:55:15.509034+00:00,100000.0,100000.0,0.0,window360_strategy
2026-01-24T16:55:25.689905+00:00,100000.0,100000.0,0.0,window360_strategy
2026-01-24T16:55:35.873815+00:00,100000.0,100000.0,0.0,window360_strategy
2026-01-24T16:55:46.062855+00:00,100000.0,100000.0,0.0,window360_strategy
2026-01-24T16:55:56.240170+00:00,100000.0,100000.0,0.0,window360_strategy
2026-01-24T16:56:06.504565+00:00,100000.0,100000.0,0.0,window360_strategy
2026-01-24T16:56:16.691899+00:00,100000.0,100000.0,0.0,window360_strategy
2026-01-24T16:56:26.949636+00:00,100000.0,100000.0,0.0,window360_strategy
2026-01-24T16:56:37.132937+00:00,100000.0,100000.0,0.0,window360_strategy
2026-01-24T16:56:47.474894+00:00,100000.0,100000.0,0.0,window360_strategy
2026-01-24T16:56:57.653806+00:00,100000.0,100000.0,0.0,window360_strategy
2026-01-24T16:57:07.846985+00:00,100000.0,100000.0,0.0,window360_strategy
2026-01-24T16:57:18.025011+00:00,100000.0,100000.0,0.0,window360_strategy
2026-01-24T16:57:28.293296+00:00,100000.0,100000.0,0.0,window360_strategy
2026-01-24T16:57:38.469411+00:00,100000.0,100000.0,0.0,window360_strategy
2026-01-24T16:57:48.728721+00:00,100000.0,100000.0,0.0,window360_strategy
2026-01-24T16:57:58.905872+00:00,100000.0,100000.0,0.0,window360_strategy
2026-01-24T16:58:09.225159+00:00,100000.0,100000.0,0.0,window360_strategy
2026-01-24T16:58:19.404314+00:00,100000.0,100000.0,0.0,window360_strategy
2026-01-24T16:58:29.631590+00:00,100000.0,100000.0,0.0,window360_strategy
2026-01-24T16:58:39.808713+00:00,100000.0,100000.0,0.0,window360_strategy
2026-01-24T16:58:50.139584+00:00,100000.0,100000.0,0.0,window360_strategy
2026-01-24T16:59:00.321879+00:00,100000.0,100000.0,0.0,window360_strategy
2026-01-24T16:59:10.519660+00:00,100000.0,100000.0,0.0,window360_strategy
2026-01-24T16:59:20.699539+00:00,100000.0,100000.0,0.0,window360_strategy
2026-01-24T16:59:30.993233+00:00,100000.0,100000.0,0.0,window360_strategy
2026-01-24T16:59:41.175894+00:00,100000.0,100000.0,0.0,window360_strategy
2026-01-24T16:59:51.432237+00:00,100000.0,100000.0,0.0,window360_strategy
2026-01-24T17:00:01.619409+00:00,100000.0,100000.0,0.0,window360_strategy
2026-01-24T17:00:11.884845+00:00,100000.0,100000.0,0.0,window360_strategy
2026-01-24T17:00:22.145689+00:00,100000.0,100000.0,0.0,window360_strategy
2026-01-24T17:00:32.857165+00:00,100000.0,100000.0,0.0,window360_strategy
2026-01-24T17:00:43.049883+00:00,100000.0,100000.0,0.0,window360_strategy
2026-01-24T17:00:53.587164+00:00,100000.0,100000.0,0.0,window360_strategy
2026-01-24T17:01:03.798507+00:00,100000.0,100000.0,0.0,window360_strategy
2026-01-24T17:01:13.976336+00:00,100000.0,100000.0,0.0,window360_strategy
2026-01-24T17:01:24.290427+00:00,100000.0,100000.0,0.0,window360_strategy
2026-01-24T17:01:34.464405+00:00,100000.0,100000.0,0.0,window360_strategy
2026-01-24T17:01:44.663105+00:00,100000.0,100000.0,0.0,window360_strategy
2026-01-24T17:01:54.856637+00:00,100000.0,100000.0,0.0,window360_strategy
2026-01-24T17:02:05.145889+00:00,100000.0,100000.0,0.0,window360_strategy
2026-01-24T17:02:15.366548+00:00,100000.0,100000.0,0.0,window360_strategy
2026-01-24T17:02:25.562039+00:00,100000.0,100000.0,0.0,window360_strategy
2026-01-24T17:02:35.840597+00:00,100000.0,100000.0,0.0,window360_strategy
2026-01-24T17:02:46.010458+00:00,100000.0,100000.0,0.0,window360_strategy
2026-01-24T17:02:56.309162+00:00,100000.0,100000.0,0.0,window360_strategy
2026-01-24T17:03:06.485653+00:00,100000.0,100000.0,0.0,window360_strategy
2026-01-24T17:03:16.652643+00:00,100000.0,100000.0,0.0,window360_strategy
2026-01-24T17:03:26.957917+00:00,100000.0,100000.0,0.0,window360_strategy
2026-01-24T17:03:37.173012+00:00,100000.0,100000.0,0.0,window360_strategy
2026-01-24T17:03:47.359375+00:00,100000.0,100000.0,0.0,window360_strategy
2026-01-24T17:03:57.550045+00:00,100000.0,100000.0,0.0,window360_strategy
2026-01-24T17:04:07.803153+00:00,100000.0,100000.0,0.0,window360_strategy
2026-01-24T17:04:17.993329+00:00,100000.0,100000.0,0.0,window360_strategy
2026-01-24T17:04:28.190035+00:00,100000.0,100000.0,0.0,window360_strategy
2026-01-24T17:04:38.418494+00:00,100000.0,100000.0,0.0,window360_strategy
2026-01-24T17:04:48.640162+00:00,100000.0,100000.0,0.0,window360_strategy
2026-01-24T17:04:58.877839+00:00,100000.0,100000.0,0.0,window360_strategy
2026-01-24T17:05:09.141099+00:00,100000.0,100000.0,0.0,window360_strategy
2026-01-24T17:05:19.330325+00:00,100000.0,100000.0,0.0,window360_strategy
2026-01-24T17:05:29.584169+00:00,100000.0,100000.0,0.0,window360_strategy
2026-01-24T17:05:39.843204+00:00,100000.0,100000.0,0.0,window360_strategy
2026-01-24T17:05:50.559738+00:00,100000.0,100000.0,0.0,window360_strategy
2026-01-24T17:06:00.818733+00:00,100000.0,100000.0,0.0,window360_strategy
2026-01-24T17:06:11.029252+00:00,100000.0,100000.0,0.0,window360_strategy
2026-01-24T17:06:21.226990+00:00,100000.0,100000.0,0.0,window360_strategy
2026-01-24T18:07:02.617849+00:00,100000.0,100000.0,0.0,window360_strategy
2026-01-24T18:07:13.291198+00:00,100000.0,100000.0,0.0,window360_strategy
2026-01-24T18:07:23.495749+00:00,100000.0,100000.0,0.0,window360_strategy
2026-01-24T18:07:33.724133+00:00,100000.0,100000.0,0.0,window360_strategy
2026-01-24T18:07:43.924880+00:00,100000.0,100000.0,0.0,window360_strategy
2026-01-24T18:07:54.119235+00:00,100000.0,100000.0,0.0,window360_strategy
2026-01-24T18:08:04.293974+00:00,100000.0,100000.0,0.0,window360_strategy
2026-01-24T18:08:14.470445+00:00,100000.0,100000.0,0.0,window360_strategy
2026-01-24T18:08:24.644617+00:00,100000.0,100000.0,0.0,window360_strategy
2026-01-24T18:08:34.849570+00:00,100000.0,100000.0,0.0,window360_strategy
2026-01-24T18:08:45.199354+00:00,100000.0,100000.0,0.0,window360_strategy
2026-01-24T18:08:55.396765+00:00,100000.0,100000.0,0.0,window360_strategy
2026-01-24T18:09:05.606718+00:00,100000.0,100000.0,0.0,window360_strategy
2026-01-24T18:09:15.800740+00:00,100000.0,100000.0,0.0,window360_strategy
2026-01-24T18:09:26.001444+00:00,100000.0,100000.0,0.0,window360_strategy
2026-01-24T18:09:36.217712+00:00,100000.0,100000.0,0.0,window360_strategy
2026-01-24T18:09:46.408435+00:00,100000.0,100000.0,0.0,window360_strategy
2026-01-24T18:09:56.681298+00:00,100000.0,100000.0,0.0,window360_strategy
2026-01-24T18:56:36.796191+00:00,100000.0,100000.0,0.0,window360_strategy
2026-01-24T18:56:47.443458+00:00,100000.0,100000.0,0.0,window360_strategy
2026-01-24T18:56:57.630982+00:00,100000.0,100000.0,0.0,window360_strategy
2026-01-24T18:57:07.837835+00:00,100000.0,100000.0,0.0,window360_strategy
2026-01-24T19:26:31.755109+00:00,100000.0,100000.0,0.0,window360_strategy
2026-01-24T19:26:42.114300+00:00,100000.0,100000.0,0.0,window360_strategy
2026-01-24T19:26:52.333992+00:00,100000.0,100000.0,0.0,window360_strategy
2026-01-24T19:27:02.521493+00:00,100000.0,100000.0,0.0,window360_strategy
2026-01-24T19:27:12.774797+00:00,100000.0,100000.0,0.0,window360_strategy
2026-01-24T19:27:23.067625+00:00,100000.0,100000.0,0.0,window360_strategy
2026-01-24T19:27:33.357117+00:00,100000.0,100000.0,0.0,window360_strategy
2026-01-24T19:27:43.546108+00:00,100000.0,100000.0,0.0,window360_strategy
2026-01-24T19:27:53.760601+00:00,100000.0,100000.0,0.0,window360_strategy
2026-01-24T19:28:03.953802+00:00,100000.0,100000.0,0.0,window360_strategy
2026-01-24T19:28:14.127953+00:00,100000.0,100000.0,0.0,window360_strategy
2026-01-24T19:28:24.549730+00:00,100000.0,100000.0,0.0,window360_strategy
2026-01-24T19:28:34.972953+00:00,100000.0,100000.0,0.0,window360_strategy
2026-01-24T19:28:45.175538+00:00,100000.0,100000.0,0.0,window360_strategy
2026-01-24T19:28:55.360526+00:00,100000.0,100000.0,0.0,window360_strategy
2026-01-24T19:29:05.542902+00:00,100000.0,100000.0,0.0,window360_strategy
2026-01-24T19:29:15.822988+00:00,100000.0,100000.0,0.0,window360_strategy
2026-01-24T19:29:26.024626+00:00,100000.0,100000.0,0.0,window360_strategy
2026-01-24T19:29:36.259805+00:00,100000.0,100000.0,0.0,window360_strategy
2026-01-24T19:29:46.571882+00:00,100000.0,100000.0,0.0,window360_strategy
2026-01-24T19:29:56.783141+00:00,100000.0,100000.0,0.0,window360_strategy
2026-01-24T19:30:07.002379+00:00,100000.0,100000.0,0.0,window360_strategy
2026-01-24T19:30:17.319424+00:00,100000.0,100000.0,0.0,window360_strategy
2026-01-24T19:30:27.616914+00:00,100000.0,100000.0,0.0,window360_strategy
2026-01-24T19:30:37.803541+00:00,100000.0,100000.0,0.0,window360_strategy
2026-01-24T19:30:48.232594+00:00,100000.0,100000.0,0.0,window360_strategy
2026-01-24T19:30:58.542731+00:00,100000.0,100000.0,0.0,window360_strategy
2026-01-24T19:31:08.828337+00:00,100000.0,100000.0,0.0,window360_strategy
2026-01-24T19:31:19.015838+00:00,100000.0,100000.0,0.0,window360_strategy
2026-01-24T19:31:29.207953+00:00,100000.0,100000.0,0.0,window360_strategy
2026-01-24T19:31:39.529275+00:00,100000.0,100000.0,0.0,window360_strategy
2026-01-24T19:31:49.690594+00:00,100000.0,100000.0,0.0,window360_strategy
2026-01-24T19:31:59.866162+00:00,100000.0,100000.0,0.0,window360_strategy
2026-01-24T19:32:10.033004+00:00,100000.0,100000.0,0.0,window360_strategy
2026-01-24T19:32:20.326925+00:00,100000.0,100000.0,0.0,window360_strategy
2026-01-24T19:32:30.557326+00:00,100000.0,100000.0,0.0,window360_strategy
2026-01-24T19:32:40.779354+00:00,100000.0,100000.0,0.0,window360_strategy
2026-01-24T19:32:51.533217+00:00,100000.0,100000.0,0.0,window360_strategy
2026-01-24T19:33:01.776532+00:00,100000.0,100000.0,0.0,window360_strategy
2026-01-24T19:33:12.010092+00:00,100000.0,100000.0,0.0,window360_strategy
2026-01-24T19:33:22.389431+00:00,100000.0,100000.0,0.0,window360_strategy
2026-01-24T19:33:32.728181+00:00,100000.0,100000.0,0.0,window360_strategy
2026-01-24T19:33:42.988170+00:00,100000.0,100000.0,0.0,window360_strategy
2026-01-24T19:33:53.169604+00:00,100000.0,100000.0,0.0,window360_strategy
2026-01-24T19:34:03.436529+00:00,100000.0,100000.0,0.0,window360_strategy
2026-01-24T19:34:13.695077+00:00,100000.0,100000.0,0.0,window360_strategy
2026-01-24T19:34:23.873179+00:00,100000.0,100000.0,0.0,window360_strategy
2026-01-24T19:34:34.062899+00:00,100000.0,100000.0,0.0,window360_strategy
2026-01-24T19:34:44.245717+00:00,100000.0,100000.0,0.0,window360_strategy
2026-01-24T19:34:54.539735+00:00,100000.0,100000.0,0.0,window360_strategy
2026-01-24T19:35:04.782650+00:00,100000.0,100000.0,0.0,window360_strategy
2026-01-24T19:35:15.030011+00:00,100000.0,100000.0,0.0,window360_strategy
2026-01-24T19:35:25.306013+00:00,100000.0,100000.0,0.0,window360_strategy
2026-01-24T19:35:35.585023+00:00,100000.0,100000.0,0.0,window360_strategy
2026-01-24T19:35:45.865258+00:00,100000.0,100000.0,0.0,window360_strategy
2026-01-24T19:35:56.081695+00:00,100000.0,100000.0,0.0,window360_strategy
2026-01-24T19:36:06.495650+00:00,100000.0,100000.0,0.0,window360_strategy
2026-01-24T19:36:16.856681+00:00,100000.0,100000.0,0.0,window360_strategy
2026-01-24T19:36:27.151149+00:00,100000.0,100000.0,0.0,window360_strategy
2026-01-24T19:36:37.343152+00:00,100000.0,100000.0,0.0,window360_strategy
2026-01-24T19:36:47.629056+00:00,100000.0,100000.0,0.0,window360_strategy
2026-01-24T19:36:57.938451+00:00,100000.0,100000.0,0.0,window360_strategy
2026-01-24T19:37:08.192031+00:00,100000.0,100000.0,0.0,window360_strategy
2026-01-24T19:37:18.426769+00:00,100000.0,100000.0,0.0,window360_strategy
2026-01-24T19:37:28.623613+00:00,100000.0,100000.0,0.0,window360_strategy
2026-01-24T19:37:38.809970+00:00,100000.0,100000.0,0.0,window360_strategy
2026-01-24T19:37:49.082697+00:00,100000.0,100000.0,0.0,window360_strategy
2026-01-24T19:37:59.289706+00:00,100000.0,100000.0,0.0,window360_strategy
2026-01-24T19:38:09.589100+00:00,100000.0,100000.0,0.0,window360_strategy
2026-01-24T19:38:19.746474+00:00,100000.0,100000.0,0.0,window360_strategy
2026-01-24T19:38:29.956429+00:00,100000.0,100000.0,0.0,window360_strategy
2026-01-24T19:38:40.129717+00:00,100000.0,100000.0,0.0,window360_strategy
2026-01-24T19:38:50.395941+00:00,100000.0,100000.0,0.0,window360_strategy
2026-01-24T19:39:00.564706+00:00,100000.0,100000.0,0.0,window360_strategy
2026-01-24T19:39:10.887290+00:00,100000.0,100000.0,0.0,window360_strategy
2026-01-24T19:39:21.074678+00:00,100000.0,100000.0,0.0,window360_strategy
2026-01-24T19:39:31.289479+00:00,100000.0,100000.0,0.0,window360_strategy
2026-01-24T19:39:41.482642+00:00,100000.0,100000.0,0.0,window360_strategy
2026-01-24T19:39:51.740787+00:00,100000.0,100000.0,0.0,window360_strategy
2026-01-24T19:40:02.024285+00:00,100000.0,100000.0,0.0,window360_strategy
2026-01-24T19:40:12.258415+00:00,100000.0,100000.0,0.0,window360_strategy
2026-01-24T19:40:22.432768+00:00,100000.0,100000.0,0.0,window360_strategy
2026-01-24T19:40:32.636618+00:00,100000.0,100000.0,0.0,window360_strategy
2026-01-24T19:40:42.823511+00:00,100000.0,100000.0,0.0,window360_strategy
2026-01-24T19:40:53.136657+00:00,100000.0,100000.0,0.0,window360_strategy
2026-01-24T19:41:03.331860+00:00,100000.0,100000.0,0.0,window360_strategy
2026-01-24T19:41:13.545950+00:00,100000.0,100000.0,0.0,window360_strategy
2026-01-24T19:41:23.766964+00:00,100000.0,100000.0,0.0,window360_strategy
2026-01-24T19:41:34.000342+00:00,100000.0,100000.0,0.0,window360_strategy
2026-01-24T19:41:44.225396+00:00,100000.0,100000.0,0.0,window360_strategy
2026-01-24T19:41:54.426488+00:00,100000.0,100000.0,0.0,window360_strategy
2026-01-24T19:42:04.600736+00:00,100000.0,100000.0,0.0,window360_strategy
2026-01-24T19:42:14.865232+00:00,100000.0,100000.0,0.0,window360_strategy
2026-01-24T19:42:25.053036+00:00,100000.0,100000.0,0.0,window360_strategy
2026-01-24T19:42:35.372351+00:00,100000.0,100000.0,0.0,window360_strategy
2026-01-24T19:42:45.580143+00:00,100000.0,100000.0,0.0,window360_strategy
2026-01-24T19:42:55.768913+00:00,100000.0,100000.0,0.0,window360_strategy
2026-01-24T19:43:06.002954+00:00,100000.0,100000.0,0.0,window360_strategy
2026-01-24T19:43:16.699146+00:00,100000.0,100000.0,0.0,window360_strategy
2026-01-24T19:43:26.889231+00:00,100000.0,100000.0,0.0,window360_strategy
2026-01-24T19:43:37.056543+00:00,100000.0,100000.0,0.0,window360_strategy
2026-01-24T19:43:47.267727+00:00,100000.0,100000.0,0.0,window360_strategy
2026-01-24T19:45:56.880114+00:00,100000.0,100000.0,0.0,window360_strategy
2026-01-24T19:46:07.228120+00:00,100000.0,100000.0,0.0,window360_strategy
2026-01-24T19:46:17.389635+00:00,100000.0,100000.0,0.0,window360_strategy
2026-01-24T19:51:13.354147+00:00,100000.0,100000.0,0.0,window360_strategy
2026-01-24T19:51:25.115493+00:00,100000.0,100000.0,0.0,window360_strategy
2026-01-24T19:51:35.470226+00:00,100000.0,100000.0,0.0,window360_strategy
2026-01-24T19:51:45.669068+00:00,100000.0,100000.0,0.0,window360_strategy
2026-01-24T19:51:55.848133+00:00,100000.0,100000.0,0.0,window360_strategy
2026-01-24T19:52:06.144842+00:00,100000.0,100000.0,0.0,window360_strategy
2026-01-24T19:52:16.362716+00:00,100000.0,100000.0,0.0,window360_strategy
2026-01-24T19:52:26.726640+00:00,100000.0,100000.0,0.0,window360_strategy
2026-01-24T19:52:36.883069+00:00,100000.0,100000.0,0.0,window360_strategy
2026-01-24T19:52:47.221724+00:00,100000.0,100000.0,0.0,window360_strategy
2026-01-24T19:52:57.397957+00:00,100000.0,100000.0,0.0,window360_strategy
2026-01-24T19:53:07.704648+00:00,100000.0,100000.0,0.0,window360_strategy
2026-01-24T19:53:17.868429+00:00,100000.0,100000.0,0.0,window360_strategy
2026-01-24T19:53:28.060427+00:00,100000.0,100000.0,0.0,window360_strategy
2026-01-24T19:53:38.223657+00:00,100000.0,100000.0,0.0,window360_strategy
2026-01-24T19:53:48.527541+00:00,100000.0,100000.0,0.0,window360_strategy
2026-01-24T19:53:58.698890+00:00,100000.0,100000.0,0.0,window360_strategy
2026-01-24T19:54:09.117561+00:00,100000.0,100000.0,0.0,window360_strategy
2026-01-24T19:54:19.445840+00:00,100000.0,100000.0,0.0,window360_strategy
2026-01-24T19:54:29.619526+00:00,100000.0,100000.0,0.0,window360_strategy
2026-01-24T19:54:39.912507+00:00,100000.0,100000.0,0.0,window360_strategy
2026-01-24T19:54:50.080465+00:00,100000.0,100000.0,0.0,window360_strategy
2026-01-24T19:55:00.360078+00:00,100000.0,100000.0,0.0,window360_strategy
2026-01-24T19:55:10.547713+00:00,100000.0,100000.0,0.0,window360_strategy
2026-01-24T19:55:20.803162+00:00,100000.0,100000.0,0.0,window360_strategy
2026-01-24T19:55:30.979246+00:00,100000.0,100000.0,0.0,window360_strategy
2026-01-24T19:55:41.236848+00:00,100000.0,100000.0,0.0,window360_strategy
2026-01-24T19:55:51.410381+00:00,100000.0,100000.0,0.0,window360_strategy
2026-01-24T19:56:01.683572+00:00,100000.0,100000.0,0.0,window360_strategy
2026-01-24T19:56:11.952056+00:00,100000.0,100000.0,0.0,window360_strategy
2026-01-24T19:56:22.155497+00:00,100000.0,100000.0,0.0,window360_strategy
2026-01-24T19:56:32.331844+00:00,100000.0,100000.0,0.0,window360_strategy
2026-01-24T19:56:42.576759+00:00,100000.0,100000.0,0.0,window360_strategy
2026-01-24T19:56:52.751656+00:00,100000.0,100000.0,0.0,window360_strategy
2026-01-24T19:57:03.073797+00:00,100000.0,100000.0,0.0,window360_strategy
2026-01-24T19:57:13.352802+00:00,100000.0,100000.0,0.0,window360_strategy
2026-01-24T19:57:23.518942+00:00,100000.0,100000.0,0.0,window360_strategy
2026-01-24T19:57:33.692450+00:00,100000.0,100000.0,0.0,window360_strategy
2026-01-24T19:57:43.858838+00:00,100000.0,100000.0,0.0,window360_strategy
2026-01-24T19:57:54.041381+00:00,100000.0,100000.0,0.0,window360_strategy
2026-01-24T19:58:04.204731+00:00,100000.0,100000.0,0.0,window360_strategy
2026-01-24T19:58:14.440187+00:00,100000.0,100000.0,0.0,window360_strategy
2026-01-24T19:58:24.608134+00:00,100000.0,100000.0,0.0,window360_strategy
2026-01-24T19:58:34.817912+00:00,100000.0,100000.0,0.0,window360_strategy
2026-01-24T19:58:45.004411+00:00,100000.0,100000.0,0.0,window360_strategy
2026-01-24T19:58:55.228624+00:00,100000.0,100000.0,0.0,window360_strategy
2026-01-24T19:59:05.399199+00:00,100000.0,100000.0,0.0,window360_strategy
2026-01-24T19:59:15.668294+00:00,100000.0,100000.0,0.0,window360_strategy
2026-01-24T19:59:25.882145+00:00,100000.0,100000.0,0.0,window360_strategy
2026-01-24T19:59:36.121600+00:00,100000.0,100000.0,0.0,window360_strategy
2026-01-24T19:59:46.294004+00:00,100000.0,100000.0,0.0,window360_strategy
2026-01-24T19:59:56.563994+00:00,100000.0,100000.0,0.0,window360_strategy
2026-01-24T20:00:06.735298+00:00,100000.0,100000.0,0.0,window360_strategy
2026-01-24T20:00:17.043060+00:00,100000.0,100000.0,0.0,window360_strategy
2026-01-24T20:00:27.219512+00:00,100000.0,100000.0,0.0,window360_strategy
2026-01-24T20:00:37.604737+00:00,100000.0,100000.0,0.0,window360_strategy
2026-01-24T20:00:47.786192+00:00,100000.0,100000.0,0.0,window360_strategy
2026-01-24T20:00:57.941334+00:00,100000.0,100000.0,0.0,window360_strategy
2026-01-24T20:01:08.123434+00:00,100000.0,100000.0,0.0,window360_strategy
2026-01-24T20:01:18.356119+00:00,100000.0,100000.0,0.0,window360_strategy
2026-01-24T20:01:28.652154+00:00,100000.0,100000.0,0.0,window360_strategy
2026-01-24T20:01:38.903925+00:00,100000.0,100000.0,0.0,window360_strategy
2026-01-24T20:01:49.072762+00:00,100000.0,100000.0,0.0,window360_strategy
2026-01-24T20:01:59.244706+00:00,100000.0,100000.0,0.0,window360_strategy
2026-01-24T20:02:09.429723+00:00,100000.0,100000.0,0.0,window360_strategy
2026-01-24T20:02:19.727849+00:00,100000.0,100000.0,0.0,window360_strategy
2026-01-24T20:02:29.898294+00:00,100000.0,100000.0,0.0,window360_strategy
2026-01-24T20:02:40.139017+00:00,100000.0,100000.0,0.0,window360_strategy
2026-01-24T20:02:50.413947+00:00,100000.0,100000.0,0.0,window360_strategy
2026-01-24T20:03:00.586203+00:00,100000.0,100000.0,0.0,window360_strategy
2026-01-24T20:03:10.750400+00:00,100000.0,100000.0,0.0,window360_strategy
2026-01-24T20:03:21.061418+00:00,100000.0,100000.0,0.0,window360_strategy
2026-01-24T20:03:31.274023+00:00,100000.0,100000.0,0.0,window360_strategy
2026-01-24T20:03:41.503620+00:00,100000.0,100000.0,0.0,window360_strategy
2026-01-24T20:03:51.678413+00:00,100000.0,100000.0,0.0,window360_strategy
2026-01-24T20:04:02.070638+00:00,100000.0,100000.0,0.0,window360_strategy
2026-01-24T20:04:12.233138+00:00,100000.0,100000.0,0.0,window360_strategy
2026-01-24T20:04:22.425266+00:00,100000.0,100000.0,0.0,window360_strategy
2026-01-24T20:04:32.596611+00:00,100000.0,100000.0,0.0,window360_strategy
2026-01-24T20:04:42.825464+00:00,100000.0,100000.0,0.0,window360_strategy
2026-01-24T20:04:52.984292+00:00,100000.0,100000.0,0.0,window360_strategy
2026-01-24T20:05:03.301167+00:00,100000.0,100000.0,0.0,window360_strategy
2026-01-24T20:05:13.467334+00:00,100000.0,100000.0,0.0,window360_strategy
2026-01-24T20:05:23.731386+00:00,100000.0,100000.0,0.0,window360_strategy
2026-01-24T20:05:33.940325+00:00,100000.0,100000.0,0.0,window360_strategy
2026-01-24T20:05:44.169227+00:00,100000.0,100000.0,0.0,window360_strategy
2026-01-24T20:05:54.379340+00:00,100000.0,100000.0,0.0,window360_strategy
2026-01-24T20:06:04.629937+00:00,100000.0,100000.0,0.0,window360_strategy
2026-01-24T20:06:14.811703+00:00,100000.0,100000.0,0.0,window360_strategy
2026-01-24T20:06:25.070774+00:00,100000.0,100000.0,0.0,window360_strategy
2026-01-24T20:06:35.253713+00:00,100000.0,100000.0,0.0,window360_strategy
2026-01-24T20:06:45.539869+00:00,100000.0,100000.0,0.0,window360_strategy
2026-01-24T20:06:55.757826+00:00,100000.0,100000.0,0.0,window360_strategy
2026-01-24T20:07:06.139018+00:00,100000.0,100000.0,0.0,window360_strategy
2026-01-24T20:07:16.448807+00:00,100000.0,100000.0,0.0,window360_strategy
2026-01-24T20:07:26.619366+00:00,100000.0,100000.0,0.0,window360_strategy
2026-01-24T20:07:36.890699+00:00,100000.0,100000.0,0.0,window360_strategy
2026-01-24T20:07:47.060633+00:00,100000.0,100000.0,0.0,window360_strategy
2026-01-24T20:07:57.237721+00:00,100000.0,100000.0,0.0,window360_strategy
2026-01-24T20:08:07.438181+00:00,100000.0,100000.0,0.0,window360_strategy
2026-01-24T20:08:17.609990+00:00,100000.0,100000.0,0.0,window360_strategy
2026-01-24T20:08:27.869534+00:00,100000.0,100000.0,0.0,window360_strategy
2026-01-24T20:08:38.088333+00:00,100000.0,100000.0,0.0,window360_strategy
2026-01-24T20:09:11.847093+00:00,100000.0,100000.0,0.0,window360_strategy
2026-01-24T20:09:22.200821+00:00,100000.0,100000.0,0.0,window360_strategy
2026-01-24T20:09:32.419828+00:00,100000.0,100000.0,0.0,window360_strategy
2026-01-24T20:09:42.609440+00:00,100000.0,100000.0,0.0,window360_strategy
2026-01-24T20:09:52.943990+00:00,100000.0,100000.0,0.0,window360_strategy
2026-01-24T20:10:03.156659+00:00,100000.0,100000.0,0.0,window360_strategy
2026-01-24T20:10:13.435375+00:00,100000.0,100000.0,0.0,window360_strategy
2026-01-24T20:10:23.803327+00:00,100000.0,100000.0,0.0,window360_strategy
2026-01-24T20:10:33.995136+00:00,100000.0,100000.0,0.0,window360_strategy
2026-01-24T20:10:44.225419+00:00,100000.0,100000.0,0.0,window360_strategy
2026-01-24T20:10:54.415203+00:00,100000.0,100000.0,0.0,window360_strategy
2026-01-24T20:11:04.716877+00:00,100000.0,100000.0,0.0,window360_strategy
2026-01-24T20:11:14.912820+00:00,100000.0,100000.0,0.0,window360_strategy
2026-01-24T20:11:25.140313+00:00,100000.0,100000.0,0.0,window360_strategy
2026-01-24T20:11:35.427646+00:00,100000.0,100000.0,0.0,window360_strategy
2026-01-24T20:11:45.712252+00:00,100000.0,100000.0,0.0,window360_strategy
2026-01-24T20:11:56.054964+00:00,100000.0,100000.0,0.0,window360_strategy
2026-01-24T20:12:06.297448+00:00,100000.0,100000.0,0.0,window360_strategy
2026-01-24T20:12:16.485413+00:00,100000.0,100000.0,0.0,window360_strategy
2026-01-24T20:12:26.724193+00:00,100000.0,100000.0,0.0,window360_strategy
2026-01-24T20:12:36.927477+00:00,100000.0,100000.0,0.0,window360_strategy
2026-01-24T20:12:47.137502+00:00,100000.0,100000.0,0.0,window360_strategy
2026-01-24T20:12:57.378532+00:00,100000.0,100000.0,0.0,window360_strategy
2026-01-24T20:13:07.571760+00:00,100000.0,100000.0,0.0,window360_strategy
2026-01-24T20:13:17.825551+00:00,100000.0,100000.0,0.0,window360_strategy
2026-01-24T20:13:28.138388+00:00,100000.0,100000.0,0.0,window360_strategy
2026-01-24T20:13:38.420962+00:00,100000.0,100000.0,0.0,window360_strategy
2026-01-24T20:13:48.795198+00:00,100000.0,100000.0,0.0,window360_strategy
2026-01-24T20:13:59.084536+00:00,100000.0,100000.0,0.0,window360_strategy
2026-01-24T20:14:09.586277+00:00,100000.0,100000.0,0.0,window360_strategy
2026-01-24T20:14:19.772693+00:00,100000.0,100000.0,0.0,window360_strategy
2026-01-24T20:14:29.945438+00:00,100000.0,100000.0,0.0,window360_strategy
2026-01-24T20:14:40.116190+00:00,100000.0,100000.0,0.0,window360_strategy
2026-01-24T20:14:50.332772+00:00,100000.0,100000.0,0.0,window360_strategy
2026-01-24T20:15:00.672410+00:00,100000.0,100000.0,0.0,window360_strategy
2026-01-24T20:15:10.848891+00:00,100000.0,100000.0,0.0,window360_strategy
2026-01-24T20:15:21.029274+00:00,100000.0,100000.0,0.0,window360_strategy
2026-01-24T20:15:31.251329+00:00,100000.0,100000.0,0.0,window360_strategy
2026-01-24T20:15:41.449946+00:00,100000.0,100000.0,0.0,window360_strategy
2026-01-24T20:15:51.615272+00:00,100000.0,100000.0,0.0,window360_strategy
2026-01-24T20:16:01.846508+00:00,100000.0,100000.0,0.0,window360_strategy
2026-01-24T20:16:12.046700+00:00,100000.0,100000.0,0.0,window360_strategy
2026-01-24T20:16:22.301925+00:00,100000.0,100000.0,0.0,window360_strategy
2026-01-24T20:16:32.479140+00:00,100000.0,100000.0,0.0,window360_strategy
2026-01-24T20:16:42.645289+00:00,100000.0,100000.0,0.0,window360_strategy
2026-01-24T20:16:52.835532+00:00,100000.0,100000.0,0.0,window360_strategy
2026-01-24T20:17:03.052277+00:00,100000.0,100000.0,0.0,window360_strategy
2026-01-24T20:17:13.223888+00:00,100000.0,100000.0,0.0,window360_strategy
2026-01-24T20:17:23.465048+00:00,100000.0,100000.0,0.0,window360_strategy
2026-01-24T20:17:33.681571+00:00,100000.0,100000.0,0.0,window360_strategy
2026-01-24T20:17:43.918574+00:00,100000.0,100000.0,0.0,window360_strategy
2026-01-24T20:17:54.093136+00:00,100000.0,100000.0,0.0,window360_strategy
2026-01-24T20:18:04.274312+00:00,100000.0,100000.0,0.0,window360_strategy
2026-01-24T20:18:14.466858+00:00,100000.0,100000.0,0.0,window360_strategy
2026-01-24T20:18:24.689212+00:00,100000.0,100000.0,0.0,window360_strategy
2026-01-24T20:18:34.895699+00:00,100000.0,100000.0,0.0,window360_strategy
2026-01-24T20:18:45.061282+00:00,100000.0,100000.0,0.0,window360_strategy
2026-01-24T20:18:55.251688+00:00,100000.0,100000.0,0.0,window360_strategy
2026-01-24T20:19:05.422358+00:00,100000.0,100000.0,0.0,window360_strategy
2026-01-24T20:19:15.594522+00:00,100000.0,100000.0,0.0,window360_strategy
2026-01-24T20:19:26.408030+00:00,100000.0,100000.0,0.0,window360_strategy
2026-01-24T20:19:36.597618+00:00,100000.0,100000.0,0.0,window360_strategy
2026-01-24T20:19:46.775971+00:00,100000.0,100000.0,0.0,window360_strategy
2026-01-24T20:19:57.025429+00:00,100000.0,100000.0,0.0,window360_strategy
2026-01-24T20:20:07.209262+00:00,100000.0,100000.0,0.0,window360_strategy
2026-01-24T20:54:02.807797+00:00,100000.0,100000.0,0.0,window360_strategy
2026-01-24T20:54:13.272456+00:00,100000.0,100000.0,0.0,window360_strategy
2026-01-24T20:54:23.523324+00:00,100000.0,100000.0,0.0,window360_strategy
2026-01-24T20:54:33.696938+00:00,100000.0,100000.0,0.0,window360_strategy
2026-01-24T20:54:43.871969+00:00,100000.0,100000.0,0.0,window360_strategy
2026-01-24T20:54:54.060330+00:00,100000.0,100000.0,0.0,window360_strategy
2026-01-24T20:55:04.241247+00:00,100000.0,100000.0,0.0,window360_strategy
2026-01-24T20:55:14.431121+00:00,100000.0,100000.0,0.0,window360_strategy
2026-01-24T20:55:24.618195+00:00,100000.0,100000.0,0.0,window360_strategy
2026-01-24T20:55:34.900855+00:00,100000.0,100000.0,0.0,window360_strategy
2026-01-24T20:55:45.090050+00:00,100000.0,100000.0,0.0,window360_strategy
2026-01-24T20:55:55.254888+00:00,100000.0,100000.0,0.0,window360_strategy
2026-01-24T20:56:05.434545+00:00,100000.0,100000.0,0.0,window360_strategy
2026-01-24T20:56:15.701243+00:00,100000.0,100000.0,0.0,window360_strategy
2026-01-24T20:56:25.877523+00:00,100000.0,100000.0,0.0,window360_strategy
2026-01-24T20:56:36.087246+00:00,100000.0,100000.0,0.0,window360_strategy
2026-01-24T20:56:46.258699+00:00,100000.0,100000.0,0.0,window360_strategy
2026-01-24T20:56:56.438260+00:00,100000.0,100000.0,0.0,window360_strategy
2026-01-24T21:03:56.520094+00:00,100000.0,100000.0,0.0,window360_strategy
2026-01-24T21:04:07.468301+00:00,100000.0,100000.0,0.0,window360_strategy
2026-01-24T21:04:17.778462+00:00,100000.0,100000.0,0.0,window360_strategy
2026-01-24T21:04:28.356558+00:00,100000.0,100000.0,0.0,window360_strategy
2026-01-24T21:04:39.490772+00:00,100000.0,100000.0,0.0,window360_strategy
2026-01-24T21:04:49.742851+00:00,100000.0,100000.0,0.0,window360_strategy
2026-01-24T21:04:59.928644+00:00,100000.0,100000.0,0.0,window360_strategy
2026-01-24T21:05:10.186394+00:00,100000.0,100000.0,0.0,window360_strategy
2026-01-24T21:05:20.457659+00:00,100000.0,100000.0,0.0,window360_strategy
2026-01-24T21:05:30.941239+00:00,100000.0,100000.0,0.0,window360_strategy
2026-01-24T21:05:41.182872+00:00,100000.0,100000.0,0.0,window360_strategy
2026-01-24T21:05:51.356281+00:00,100000.0,100000.0,0.0,window360_strategy
2026-01-24T21:06:01.544982+00:00,100000.0,100000.0,0.0,window360_strategy
2026-01-24T21:06:11.706668+00:00,100000.0,100000.0,0.0,window360_strategy
2026-01-24T21:06:22.179249+00:00,100000.0,100000.0,0.0,window360_strategy
2026-01-24T21:06:32.518301+00:00,100000.0,100000.0,0.0,window360_strategy
2026-01-24T21:06:42.769511+00:00,100000.0,100000.0,0.0,window360_strategy
2026-01-24T21:06:52.935357+00:00,100000.0,100000.0,0.0,window360_strategy
2026-01-24T21:07:03.121179+00:00,100000.0,100000.0,0.0,window360_strategy
2026-01-24T21:07:13.421220+00:00,100000.0,100000.0,0.0,window360_strategy
2026-01-24T21:07:23.581086+00:00,100000.0,100000.0,0.0,window360_strategy
2026-01-24T21:07:33.817040+00:00,100000.0,100000.0,0.0,window360_strategy
2026-01-24T21:07:43.995733+00:00,100000.0,100000.0,0.0,window360_strategy
2026-01-24T21:07:54.333041+00:00,100000.0,100000.0,0.0,window360_strategy
2026-01-24T21:08:04.511535+00:00,100000.0,100000.0,0.0,window360_strategy
2026-01-24T21:08:14.719520+00:00,100000.0,100000.0,0.0,window360_strategy
2026-01-24T21:08:24.919057+00:00,100000.0,100000.0,0.0,window360_strategy
2026-01-24T21:08:35.151918+00:00,100000.0,100000.0,0.0,window360_strategy
2026-01-24T21:08:45.336789+00:00,100000.0,100000.0,0.0,window360_strategy
2026-01-24T21:08:55.590857+00:00,100000.0,100000.0,0.0,window360_strategy
2026-01-24T21:09:05.766919+00:00,100000.0,100000.0,0.0,window360_strategy
2026-01-24T21:09:16.057022+00:00,100000.0,100000.0,0.0,window360_strategy
2026-01-24T21:09:26.253605+00:00,100000.0,100000.0,0.0,window360_strategy
2026-01-24T21:09:36.495665+00:00,100000.0,100000.0,0.0,window360_strategy
2026-01-24T21:09:46.738452+00:00,100000.0,100000.0,0.0,window360_strategy
2026-01-24T21:09:56.938988+00:00,100000.0,100000.0,0.0,window360_strategy
2026-01-24T21:10:07.121529+00:00,100000.0,100000.0,0.0,window360_strategy
2026-01-24T21:10:17.379772+00:00,100000.0,100000.0,0.0,window360_strategy
2026-01-24T21:10:27.548431+00:00,100000.0,100000.0,0.0,window360_strategy
2026-01-24T21:10:37.958042+00:00,100000.0,100000.0,0.0,window360_strategy
2026-01-24T21:10:48.139204+00:00,100000.0,100000.0,0.0,window360_strategy
2026-01-24T21:10:58.315513+00:00,100000.0,100000.0,0.0,window360_strategy
2026-01-24T21:11:08.529221+00:00,100000.0,100000.0,0.0,window360_strategy
2026-01-24T21:11:18.726039+00:00,100000.0,100000.0,0.0,window360_strategy
2026-01-24T21:11:28.988997+00:00,100000.0,100000.0,0.0,window360_strategy
2026-01-24T21:11:39.258258+00:00,100000.0,100000.0,0.0,window360_strategy
2026-01-24T21:11:49.433625+00:00,100000.0,100000.0,0.0,window360_strategy
2026-01-24T21:11:59.620843+00:00,100000.0,100000.0,0.0,window360_strategy
2026-01-24T21:12:09.809758+00:00,100000.0,100000.0,0.0,window360_strategy
2026-01-24T21:12:20.073686+00:00,100000.0,100000.0,0.0,window360_strategy
2026-01-24T21:12:30.244563+00:00,100000.0,100000.0,0.0,window360_strategy
2026-01-24T21:12:40.534755+00:00,100000.0,100000.0,0.0,window360_strategy
2026-01-24T21:12:50.797719+00:00,100000.0,100000.0,0.0,window360_strategy
2026-01-24T21:13:01.034161+00:00,100000.0,100000.0,0.0,window360_strategy
2026-01-24T21:13:11.314250+00:00,100000.0,100000.0,0.0,window360_strategy
2026-01-24T21:13:21.548576+00:00,100000.0,100000.0,0.0,window360_strategy
2026-01-24T21:13:31.785536+00:00,100000.0,100000.0,0.0,window360_strategy
2026-01-24T21:13:41.960890+00:00,100000.0,100000.0,0.0,window360_strategy
2026-01-24T21:13:52.114050+00:00,100000.0,100000.0,0.0,window360_strategy
2026-01-24T21:14:02.318515+00:00,100000.0,100000.0,0.0,window360_strategy
2026-01-24T21:14:12.546067+00:00,100000.0,100000.0,0.0,window360_strategy
2026-01-24T21:14:22.826188+00:00,100000.0,100000.0,0.0,window360_strategy
2026-01-24T21:14:32.998985+00:00,100000.0,100000.0,0.0,window360_strategy
2026-01-24T21:14:43.230598+00:00,100000.0,100000.0,0.0,window360_strategy
2026-01-24T21:14:53.418980+00:00,100000.0,100000.0,0.0,window360_strategy
2026-01-24T21:15:03.721559+00:00,100000.0,100000.0,0.0,window360_strategy
2026-01-24T21:15:13.897303+00:00,100000.0,100000.0,0.0,window360_strategy
2026-01-24T21:15:24.103247+00:00,100000.0,100000.0,0.0,window360_strategy
2026-01-24T21:15:34.381026+00:00,100000.0,100000.0,0.0,window360_strategy
2026-01-24T21:15:44.599899+00:00,100000.0,100000.0,0.0,window360_strategy
2026-01-24T21:15:54.775268+00:00,100000.0,100000.0,0.0,window360_strategy
2026-01-24T21:16:04.994522+00:00,100000.0,100000.0,0.0,window360_strategy
2026-01-24T21:16:15.175323+00:00,100000.0,100000.0,0.0,window360_strategy
2026-01-24T21:16:25.416318+00:00,100000.0,100000.0,0.0,window360_strategy
2026-01-24T21:16:35.569807+00:00,100000.0,100000.0,0.0,window360_strategy
2026-01-24T21:16:45.818769+00:00,100000.0,100000.0,0.0,window360_strategy
2026-01-24T21:16:56.025977+00:00,100000.0,100000.0,0.0,window360_strategy
2026-01-24T21:17:06.283947+00:00,100000.0,100000.0,0.0,window360_strategy
2026-01-24T21:17:16.457162+00:00,100000.0,100000.0,0.0,window360_strategy
2026-01-24T21:17:26.757987+00:00,100000.0,100000.0,0.0,window360_strategy
2026-01-24T21:17:36.912187+00:00,100000.0,100000.0,0.0,window360_strategy
2026-01-24T21:17:47.242420+00:00,100000.0,100000.0,0.0,window360_strategy
2026-01-24T21:17:57.409691+00:00,100000.0,100000.0,0.0,window360_strategy
2026-01-24T21:18:07.649111+00:00,100000.0,100000.0,0.0,window360_strategy
2026-01-24T21:18:17.948994+00:00,100000.0,100000.0,0.0,window360_strategy
2026-01-24T21:18:28.144229+00:00,100000.0,100000.0,0.0,window360_strategy
2026-01-24T21:18:38.315686+00:00,100000.0,100000.0,0.0,window360_strategy
2026-01-24T21:18:48.520862+00:00,100000.0,100000.0,0.0,window360_strategy
2026-01-24T21:18:58.711780+00:00,100000.0,100000.0,0.0,window360_strategy
2026-01-24T21:19:08.971642+00:00,100000.0,100000.0,0.0,window360_strategy
2026-01-24T21:19:19.129465+00:00,100000.0,100000.0,0.0,window360_strategy
2026-01-24T21:19:29.401637+00:00,100000.0,100000.0,0.0,window360_strategy
2026-01-24T21:19:39.592997+00:00,100000.0,100000.0,0.0,window360_strategy
2026-01-24T21:19:49.876992+00:00,100000.0,100000.0,0.0,window360_strategy
2026-01-24T21:20:00.079148+00:00,100000.0,100000.0,0.0,window360_strategy
2026-01-24T21:20:10.313099+00:00,100000.0,100000.0,0.0,window360_strategy
2026-01-24T21:20:20.525347+00:00,100000.0,100000.0,0.0,window360_strategy
2026-01-24T21:20:30.747526+00:00,100000.0,100000.0,0.0,window360_strategy
2026-01-24T21:20:40.933969+00:00,100000.0,100000.0,0.0,window360_strategy
2026-01-24T21:20:51.202399+00:00,100000.0,100000.0,0.0,window360_strategy
2026-01-24T21:21:01.441843+00:00,100000.0,100000.0,0.0,window360_strategy
2026-01-24T21:21:11.645568+00:00,100000.0,100000.0,0.0,window360_strategy
2026-01-24T21:21:21.994972+00:00,100000.0,100000.0,0.0,window360_strategy
2026-01-24T21:21:32.176695+00:00,100000.0,100000.0,0.0,window360_strategy
2026-01-24T21:21:42.355703+00:00,100000.0,100000.0,0.0,window360_strategy
2026-01-24T21:21:52.536400+00:00,100000.0,100000.0,0.0,window360_strategy
2026-01-24T21:22:02.709561+00:00,100000.0,100000.0,0.0,window360_strategy
2026-01-24T21:22:12.912250+00:00,100000.0,100000.0,0.0,window360_strategy
2026-01-24T21:22:23.073736+00:00,100000.0,100000.0,0.0,window360_strategy
2026-01-24T21:22:33.308308+00:00,100000.0,100000.0,0.0,window360_strategy
2026-01-24T21:22:43.492230+00:00,100000.0,100000.0,0.0,window360_strategy
2026-01-24T21:22:53.677144+00:00,100000.0,100000.0,0.0,window360_strategy
2026-01-24T21:23:03.856372+00:00,100000.0,100000.0,0.0,window360_strategy
2026-01-24T21:23:14.072822+00:00,100000.0,100000.0,0.0,window360_strategy
2026-01-24T21:23:24.380345+00:00,100000.0,100000.0,0.0,window360_strategy
2026-01-24T21:23:34.645708+00:00,100000.0,100000.0,0.0,window360_strategy
2026-01-24T21:23:44.832824+00:00,100000.0,100000.0,0.0,window360_strategy
2026-01-24T21:23:55.223212+00:00,100000.0,100000.0,0.0,window360_strategy
2026-01-24T21:24:05.404669+00:00,100000.0,100000.0,0.0,window360_strategy
2026-01-24T21:24:15.601212+00:00,100000.0,100000.0,0.0,window360_strategy
2026-01-24T23:57:06.697472+00:00,100000.0,100000.0,0.0,window360_strategy
2026-01-24T23:57:17.367010+00:00,100000.0,100000.0,0.0,window360_strategy
2026-01-24T23:57:27.565088+00:00,100000.0,100000.0,0.0,window360_strategy
2026-01-24T23:57:37.758506+00:00,100000.0,100000.0,0.0,window360_strategy
2026-01-25T00:14:56.054239+00:00,100000.0,100000.0,0.0,window360_strategy
2026-01-25T00:15:06.763378+00:00,100000.0,100000.0,0.0,window360_strategy
2026-01-25T00:15:17.201797+00:00,100000.0,100000.0,0.0,window360_strategy
2026-01-25T00:15:27.618995+00:00,100000.0,100000.0,0.0,window360_strategy
2026-01-25T00:15:37.826191+00:00,100000.0,100000.0,0.0,window360_strategy
2026-01-25T00:15:48.010713+00:00,100000.0,100000.0,0.0,window360_strategy
2026-01-25T00:15:58.177827+00:00,100000.0,100000.0,0.0,window360_strategy
2026-01-25T00:16:08.368575+00:00,100000.0,100000.0,0.0,window360_strategy
2026-01-25T00:16:18.550581+00:00,100000.0,100000.0,0.0,window360_strategy
2026-01-25T00:16:28.728307+00:00,100000.0,100000.0,0.0,window360_strategy
2026-01-25T00:16:38.912413+00:00,100000.0,100000.0,0.0,window360_strategy
2026-01-25T00:16:49.132854+00:00,100000.0,100000.0,0.0,window360_strategy
2026-01-25T00:16:59.315652+00:00,100000.0,100000.0,0.0,window360_strategy
2026-01-25T00:17:09.482823+00:00,100000.0,100000.0,0.0,window360_strategy
2026-01-25T00:17:19.676438+00:00,100000.0,100000.0,0.0,window360_strategy
2026-01-25T00:17:29.850661+00:00,100000.0,100000.0,0.0,window360_strategy
2026-01-25T00:17:40.028235+00:00,100000.0,100000.0,0.0,window360_strategy
2026-01-25T00:19:22.493040+00:00,100000.0,100000.0,0.0,window360_strategy
2026-01-25T00:19:32.764689+00:00,100000.0,100000.0,0.0,window360_strategy
2026-01-25T00:19:43.026095+00:00,100000.0,100000.0,0.0,window360_strategy
2026-01-25T00:19:53.224516+00:00,100000.0,100000.0,0.0,window360_strategy
2026-01-25T01:40:32.863152+00:00,100000.0,100000.0,0.0,window360_strategy
2026-01-25T01:40:43.171730+00:00,100000.0,100000.0,0.0,window360_strategy
2026-01-25T01:40:53.516227+00:00,100000.0,100000.0,0.0,window360_strategy
2026-01-25T01:41:03.837760+00:00,100000.0,100000.0,0.0,window360_strategy
2026-01-25T01:41:14.036986+00:00,100000.0,100000.0,0.0,window360_strategy
2026-01-25T01:41:24.275563+00:00,100000.0,100000.0,0.0,window360_strategy
2026-01-25T01:41:34.464080+00:00,100000.0,100000.0,0.0,window360_strategy
2026-01-25T01:41:44.636369+00:00,100000.0,100000.0,0.0,window360_strategy
2026-01-25T01:41:54.852676+00:00,100000.0,100000.0,0.0,window360_strategy
2026-01-25T01:42:05.082793+00:00,100000.0,100000.0,0.0,window360_strategy
2026-01-25T01:42:15.246412+00:00,100000.0,100000.0,0.0,window360_strategy
2026-01-25T01:42:25.420469+00:00,100000.0,100000.0,0.0,window360_strategy
2026-01-25T01:42:35.744711+00:00,100000.0,100000.0,0.0,window360_strategy
2026-01-25T01:42:46.049825+00:00,100000.0,100000.0,0.0,window360_strategy
2026-01-25T01:42:56.271660+00:00,100000.0,100000.0,0.0,window360_strategy
2026-01-25T01:43:06.457398+00:00,100000.0,100000.0,0.0,window360_strategy
2026-01-25T01:43:16.622191+00:00,100000.0,100000.0,0.0,window360_strategy
2026-01-25T01:43:26.789834+00:00,100000.0,100000.0,0.0,window360_strategy
2026-01-25T01:43:37.526312+00:00,100000.0,100000.0,0.0,window360_strategy
2026-01-25T01:43:47.690007+00:00,100000.0,100000.0,0.0,window360_strategy
2026-01-25T01:43:57.851488+00:00,100000.0,100000.0,0.0,window360_strategy
2026-01-25T01:44:08.062005+00:00,100000.0,100000.0,0.0,window360_strategy
2026-01-25T01:44:18.252961+00:00,100000.0,100000.0,0.0,window360_strategy
2026-01-25T01:44:28.409784+00:00,100000.0,100000.0,0.0,window360_strategy
2026-01-25T01:44:38.563113+00:00,100000.0,100000.0,0.0,window360_strategy
2026-01-25T01:44:48.754158+00:00,100000.0,100000.0,0.0,window360_strategy
2026-01-25T01:44:58.963724+00:00,100000.0,100000.0,0.0,window360_strategy
2026-01-25T01:45:09.135988+00:00,100000.0,100000.0,0.0,window360_strategy
2026-01-25T01:45:19.291747+00:00,100000.0,100000.0,0.0,window360_strategy
2026-01-25T01:45:29.487761+00:00,100000.0,100000.0,0.0,window360_strategy
2026-01-25T01:45:39.639577+00:00,100000.0,100000.0,0.0,window360_strategy
2026-01-25T01:45:49.839758+00:00,100000.0,100000.0,0.0,window360_strategy
2026-01-25T01:46:00.001013+00:00,100000.0,100000.0,0.0,window360_strategy
2026-01-25T01:46:10.164743+00:00,100000.0,100000.0,0.0,window360_strategy
2026-01-25T01:46:20.407523+00:00,100000.0,100000.0,0.0,window360_strategy
2026-01-25T01:46:30.639304+00:00,100000.0,100000.0,0.0,window360_strategy
2026-01-25T01:46:40.890277+00:00,100000.0,100000.0,0.0,window360_strategy
2026-01-25T01:46:51.078134+00:00,100000.0,100000.0,0.0,window360_strategy
2026-01-25T01:47:01.250499+00:00,100000.0,100000.0,0.0,window360_strategy
2026-01-25T01:47:11.418282+00:00,100000.0,100000.0,0.0,window360_strategy
2026-01-25T01:47:21.601706+00:00,100000.0,100000.0,0.0,window360_strategy
2026-01-25T01:47:31.759339+00:00,100000.0,100000.0,0.0,window360_strategy
2026-01-25T01:47:41.990294+00:00,100000.0,100000.0,0.0,window360_strategy
2026-01-25T01:47:52.202717+00:00,100000.0,100000.0,0.0,window360_strategy
2026-01-25T01:48:02.580989+00:00,100000.0,100000.0,0.0,window360_strategy
2026-01-25T01:48:12.835119+00:00,100000.0,100000.0,0.0,window360_strategy
2026-01-25T01:48:22.997658+00:00,100000.0,100000.0,0.0,window360_strategy
2026-01-25T01:48:33.173672+00:00,100000.0,100000.0,0.0,window360_strategy
2026-01-25T01:48:43.355685+00:00,100000.0,100000.0,0.0,window360_strategy
2026-01-25T01:48:53.548588+00:00,100000.0,100000.0,0.0,window360_strategy
2026-01-25T01:49:03.826347+00:00,100000.0,100000.0,0.0,window360_strategy
2026-01-25T01:49:14.059375+00:00,100000.0,100000.0,0.0,window360_strategy
2026-01-25T01:49:24.302353+00:00,100000.0,100000.0,0.0,window360_strategy
2026-01-25T01:49:34.476858+00:00,100000.0,100000.0,0.0,window360_strategy
2026-01-25T01:49:44.670654+00:00,100000.0,100000.0,0.0,window360_strategy
2026-01-25T01:49:54.884680+00:00,100000.0,100000.0,0.0,window360_strategy
2026-01-25T01:50:05.058198+00:00,100000.0,100000.0,0.0,window360_strategy
2026-01-25T01:50:15.227148+00:00,100000.0,100000.0,0.0,window360_strategy
2026-01-25T01:50:25.423163+00:00,100000.0,100000.0,0.0,window360_strategy
2026-01-25T01:50:35.607439+00:00,100000.0,100000.0,0.0,window360_strategy
2026-01-25T01:50:46.009204+00:00,100000.0,100000.0,0.0,window360_strategy
2026-01-25T01:50:56.174894+00:00,100000.0,100000.0,0.0,window360_strategy
2026-01-25T01:51:06.353238+00:00,100000.0,100000.0,0.0,window360_strategy
2026-01-25T01:51:16.525106+00:00,100000.0,100000.0,0.0,window360_strategy
2026-01-25T01:51:26.689605+00:00,100000.0,100000.0,0.0,window360_strategy
2026-01-25T01:51:36.855460+00:00,100000.0,100000.0,0.0,window360_strategy
2026-01-25T01:51:47.027723+00:00,100000.0,100000.0,0.0,window360_strategy
2026-01-25T01:51:57.178309+00:00,100000.0,100000.0,0.0,window360_strategy
2026-01-25T01:52:07.353471+00:00,100000.0,100000.0,0.0,window360_strategy
2026-01-25T01:52:17.580265+00:00,100000.0,100000.0,0.0,window360_strategy
2026-01-25T01:52:27.735125+00:00,100000.0,100000.0,0.0,window360_strategy
2026-01-25T01:52:37.935489+00:00,100000.0,100000.0,0.0,window360_strategy
2026-01-25T01:52:48.171127+00:00,100000.0,100000.0,0.0,window360_strategy
2026-01-25T01:52:58.459026+00:00,100000.0,100000.0,0.0,window360_strategy
2026-01-25T01:53:08.649559+00:00,100000.0,100000.0,0.0,window360_strategy
2026-01-25T01:53:18.810764+00:00,100000.0,100000.0,0.0,window360_strategy
2026-01-25T01:53:28.961071+00:00,100000.0,100000.0,0.0,window360_strategy
2026-01-25T01:53:39.147206+00:00,100000.0,100000.0,0.0,window360_strategy
2026-01-25T01:53:49.366349+00:00,100000.0,100000.0,0.0,window360_strategy
2026-01-25T01:53:59.605679+00:00,100000.0,100000.0,0.0,window360_strategy
2026-01-25T01:54:09.768897+00:00,100000.0,100000.0,0.0,window360_strategy
2026-01-25T01:54:19.941720+00:00,100000.0,100000.0,0.0,window360_strategy
2026-01-25T01:54:30.123113+00:00,100000.0,100000.0,0.0,window360_strategy
2026-01-25T01:54:40.294858+00:00,100000.0,100000.0,0.0,window360_strategy
2026-01-25T01:54:50.458328+00:00,100000.0,100000.0,0.0,window360_strategy
2026-01-25T01:55:00.633548+00:00,100000.0,100000.0,0.0,window360_strategy
2026-01-25T01:55:10.875770+00:00,100000.0,100000.0,0.0,window360_strategy
2026-01-25T01:55:21.094487+00:00,100000.0,100000.0,0.0,window360_strategy
2026-01-25T01:55:31.299132+00:00,100000.0,100000.0,0.0,window360_strategy
2026-01-25T01:55:41.469784+00:00,100000.0,100000.0,0.0,window360_strategy
2026-01-25T01:55:51.629952+00:00,100000.0,100000.0,0.0,window360_strategy
2026-01-25T01:56:01.860786+00:00,100000.0,100000.0,0.0,window360_strategy
2026-01-25T01:56:12.097465+00:00,100000.0,100000.0,0.0,window360_strategy
2026-01-25T01:56:22.526073+00:00,100000.0,100000.0,0.0,window360_strategy
2026-01-25T01:56:32.697292+00:00,100000.0,100000.0,0.0,window360_strategy
2026-01-25T01:56:42.892763+00:00,100000.0,100000.0,0.0,window360_strategy
2026-01-25T01:56:53.112663+00:00,100000.0,100000.0,0.0,window360_strategy
2026-01-25T01:57:03.267647+00:00,100000.0,100000.0,0.0,window360_strategy
2026-01-25T01:57:13.440480+00:00,100000.0,100000.0,0.0,window360_strategy
2026-01-25T01:57:23.661167+00:00,100000.0,100000.0,0.0,window360_strategy
2026-01-25T01:57:33.977730+00:00,100000.0,100000.0,0.0,window360_strategy
2026-01-25T01:57:44.139696+00:00,100000.0,100000.0,0.0,window360_strategy
2026-01-25T01:57:54.455231+00:00,100000.0,100000.0,0.0,window360_strategy
2026-01-25T01:58:04.622121+00:00,100000.0,100000.0,0.0,window360_strategy
2026-01-25T01:58:14.788503+00:00,100000.0,100000.0,0.0,window360_strategy
2026-01-25T01:58:25.015059+00:00,100000.0,100000.0,0.0,window360_strategy
2026-01-25T01:58:35.172352+00:00,100000.0,100000.0,0.0,window360_strategy
2026-01-25T01:58:45.323810+00:00,100000.0,100000.0,0.0,window360_strategy
2026-01-25T01:58:55.485436+00:00,100000.0,100000.0,0.0,window360_strategy
2026-01-25T01:59:05.652691+00:00,100000.0,100000.0,0.0,window360_strategy
2026-01-25T01:59:15.878660+00:00,100000.0,100000.0,0.0,window360_strategy
2026-01-25T01:59:26.066463+00:00,100000.0,100000.0,0.0,window360_strategy
2026-01-25T01:59:36.228951+00:00,100000.0,100000.0,0.0,window360_strategy
2026-01-25T01:59:46.397485+00:00,100000.0,100000.0,0.0,window360_strategy
2026-01-25T01:59:56.556825+00:00,100000.0,100000.0,0.0,window360_strategy
2026-01-25T02:00:06.757873+00:00,100000.0,100000.0,0.0,window360_strategy
2026-01-25T02:00:16.964621+00:00,100000.0,100000.0,0.0,window360_strategy
2026-01-25T02:00:27.121887+00:00,100000.0,100000.0,0.0,window360_strategy
2026-01-25T02:00:37.324700+00:00,100000.0,100000.0,0.0,window360_strategy
2026-01-25T02:00:47.662086+00:00,100000.0,100000.0,0.0,window360_strategy
2026-01-25T02:00:57.823482+00:00,100000.0,100000.0,0.0,window360_strategy
2026-01-25T02:01:08.008655+00:00,100000.0,100000.0,0.0,window360_strategy
2026-01-25T02:01:18.165627+00:00,100000.0,100000.0,0.0,window360_strategy
2026-01-25T02:01:28.378670+00:00,100000.0,100000.0,0.0,window360_strategy
2026-01-25T02:01:38.544415+00:00,100000.0,100000.0,0.0,window360_strategy
2026-01-25T02:01:48.732895+00:00,100000.0,100000.0,0.0,window360_strategy
2026-01-25T02:01:58.963002+00:00,100000.0,100000.0,0.0,window360_strategy
2026-01-25T02:02:09.168334+00:00,100000.0,100000.0,0.0,window360_strategy
2026-01-25T02:02:19.358370+00:00,100000.0,100000.0,0.0,window360_strategy
2026-01-25T02:02:29.569258+00:00,100000.0,100000.0,0.0,window360_strategy
2026-01-25T02:02:39.715553+00:00,100000.0,100000.0,0.0,window360_strategy
2026-01-25T02:02:49.873561+00:00,100000.0,100000.0,0.0,window360_strategy
2026-01-25T02:03:00.048043+00:00,100000.0,100000.0,0.0,window360_strategy
2026-01-25T02:03:10.209077+00:00,100000.0,100000.0,0.0,window360_strategy
2026-01-25T02:03:20.372226+00:00,100000.0,100000.0,0.0,window360_strategy
2026-01-25T02:03:30.574097+00:00,100000.0,100000.0,0.0,window360_strategy
2026-01-25T02:03:40.748268+00:00,100000.0,100000.0,0.0,window360_strategy
2026-01-25T02:03:50.923688+00:00,100000.0,100000.0,0.0,window360_strategy
2026-01-25T02:04:01.194172+00:00,100000.0,100000.0,0.0,window360_strategy
2026-01-25T02:04:11.378178+00:00,100000.0,100000.0,0.0,window360_strategy
2026-01-25T02:04:21.551318+00:00,100000.0,100000.0,0.0,window360_strategy
2026-01-25T02:04:31.751635+00:00,100000.0,100000.0,0.0,window360_strategy
2026-01-25T02:04:41.905677+00:00,100000.0,100000.0,0.0,window360_strategy
2026-01-25T02:04:52.121926+00:00,100000.0,100000.0,0.0,window360_strategy
2026-01-25T02:05:02.295261+00:00,100000.0,100000.0,0.0,window360_strategy
2026-01-25T02:05:12.498218+00:00,100000.0,100000.0,0.0,window360_strategy
2026-01-25T02:05:22.668748+00:00,100000.0,100000.0,0.0,window360_strategy
2026-01-25T02:05:32.916476+00:00,100000.0,100000.0,0.0,window360_strategy
2026-01-25T02:05:43.176248+00:00,100000.0,100000.0,0.0,window360_strategy
2026-01-25T02:05:53.427578+00:00,100000.0,100000.0,0.0,window360_strategy
2026-01-25T02:06:03.714735+00:00,100000.0,100000.0,0.0,window360_strategy
2026-01-25T02:06:13.971105+00:00,100000.0,100000.0,0.0,window360_strategy
2026-01-25T02:06:24.165217+00:00,100000.0,100000.0,0.0,window360_strategy
2026-01-25T02:06:34.336727+00:00,100000.0,100000.0,0.0,window360_strategy
2026-01-25T02:06:44.496324+00:00,100000.0,100000.0,0.0,window360_strategy
2026-01-25T02:06:54.731881+00:00,100000.0,100000.0,0.0,window360_strategy
2026-01-25T02:07:04.963205+00:00,100000.0,100000.0,0.0,window360_strategy
2026-01-25T02:07:15.330226+00:00,100000.0,100000.0,0.0,window360_strategy
2026-01-25T02:07:25.528346+00:00,100000.0,100000.0,0.0,window360_strategy
2026-01-25T02:07:35.745243+00:00,100000.0,100000.0,0.0,window360_strategy
2026-01-25T02:07:46.036172+00:00,100000.0,100000.0,0.0,window360_strategy
2026-01-25T02:07:56.228706+00:00,100000.0,100000.0,0.0,window360_strategy
2026-01-25T02:08:06.440128+00:00,100000.0,100000.0,0.0,window360_strategy
2026-01-25T02:08:16.755496+00:00,100000.0,100000.0,0.0,window360_strategy
2026-01-25T02:08:26.946068+00:00,100000.0,100000.0,0.0,window360_strategy
2026-01-25T02:08:37.112110+00:00,100000.0,100000.0,0.0,window360_strategy
2026-01-25T02:08:47.312160+00:00,100000.0,100000.0,0.0,window360_strategy
2026-01-25T02:08:57.496157+00:00,100000.0,100000.0,0.0,window360_strategy
2026-01-25T02:09:07.692431+00:00,100000.0,100000.0,0.0,window360_strategy
2026-01-25T02:09:17.943383+00:00,100000.0,100000.0,0.0,window360_strategy
2026-01-25T02:09:28.195310+00:00,100000.0,100000.0,0.0,window360_strategy
2026-01-25T02:09:38.403777+00:00,100000.0,100000.0,0.0,window360_strategy
2026-01-25T02:09:48.900320+00:00,100000.0,100000.0,0.0,window360_strategy
2026-01-25T02:09:59.140413+00:00,100000.0,100000.0,0.0,window360_strategy
2026-01-25T02:10:09.332337+00:00,100000.0,100000.0,0.0,window360_strategy
2026-01-25T02:10:19.587140+00:00,100000.0,100000.0,0.0,window360_strategy
2026-01-25T02:10:29.773479+00:00,100000.0,100000.0,0.0,window360_strategy
2026-01-25T02:10:40.064223+00:00,100000.0,100000.0,0.0,window360_strategy
2026-01-25T02:10:50.230837+00:00,100000.0,100000.0,0.0,window360_strategy
2026-01-25T02:11:00.426050+00:00,100000.0,100000.0,0.0,window360_strategy
2026-01-25T02:11:10.581737+00:00,100000.0,100000.0,0.0,window360_strategy
2026-01-25T02:11:20.740033+00:00,100000.0,100000.0,0.0,window360_strategy
2026-01-25T02:11:30.982525+00:00,100000.0,100000.0,0.0,window360_strategy
2026-01-25T02:11:41.129502+00:00,100000.0,100000.0,0.0,window360_strategy
2026-01-25T02:11:51.409075+00:00,100000.0,100000.0,0.0,window360_strategy
2026-01-25T02:12:01.660147+00:00,100000.0,100000.0,0.0,window360_strategy
2026-01-25T02:12:11.898823+00:00,100000.0,100000.0,0.0,window360_strategy
2026-01-25T02:12:22.107889+00:00,100000.0,100000.0,0.0,window360_strategy
2026-01-25T02:12:32.316045+00:00,100000.0,100000.0,0.0,window360_strategy
2026-01-25T02:12:42.465822+00:00,100000.0,100000.0,0.0,window360_strategy
2026-01-25T02:12:52.721976+00:00,100000.0,100000.0,0.0,window360_strategy
2026-01-25T02:13:02.914004+00:00,100000.0,100000.0,0.0,window360_strategy
2026-01-25T02:13:13.117439+00:00,100000.0,100000.0,0.0,window360_strategy
2026-01-25T02:13:23.371711+00:00,100000.0,100000.0,0.0,window360_strategy
2026-01-25T02:13:33.550447+00:00,100000.0,100000.0,0.0,window360_strategy
2026-01-25T02:13:43.794126+00:00,100000.0,100000.0,0.0,window360_strategy
2026-01-25T02:13:54.009511+00:00,100000.0,100000.0,0.0,window360_strategy
2026-01-25T02:14:04.172524+00:00,100000.0,100000.0,0.0,window360_strategy
2026-01-25T02:14:14.326699+00:00,100000.0,100000.0,0.0,window360_strategy
2026-01-25T02:14:24.486308+00:00,100000.0,100000.0,0.0,window360_strategy
2026-01-25T02:14:34.667893+00:00,100000.0,100000.0,0.0,window360_strategy
2026-01-25T02:14:44.844761+00:00,100000.0,100000.0,0.0,window360_strategy
2026-01-25T02:14:55.175296+00:00,100000.0,100000.0,0.0,window360_strategy
2026-01-25T02:15:05.501891+00:00,100000.0,100000.0,0.0,window360_strategy
2026-01-25T02:15:15.668974+00:00,100000.0,100000.0,0.0,window360_strategy
2026-01-25T02:15:25.843342+00:00,100000.0,100000.0,0.0,window360_strategy
2026-01-25T02:15:36.037538+00:00,100000.0,100000.0,0.0,window360_strategy
2026-01-25T02:15:46.299959+00:00,100000.0,100000.0,0.0,window360_strategy
2026-01-25T02:15:56.471118+00:00,100000.0,100000.0,0.0,window360_strategy
2026-01-25T02:16:06.899108+00:00,100000.0,100000.0,0.0,window360_strategy
2026-01-25T02:16:17.192232+00:00,100000.0,100000.0,0.0,window360_strategy
2026-01-25T02:16:27.367838+00:00,100000.0,100000.0,0.0,window360_strategy
2026-01-25T02:16:37.593982+00:00,100000.0,100000.0,0.0,window360_strategy
2026-01-25T02:16:47.774111+00:00,100000.0,100000.0,0.0,window360_strategy
2026-01-25T02:16:57.922023+00:00,100000.0,100000.0,0.0,window360_strategy
2026-01-25T02:17:08.122313+00:00,100000.0,100000.0,0.0,window360_strategy
2026-01-25T02:17:18.282344+00:00,100000.0,100000.0,0.0,window360_strategy
2026-01-25T02:17:28.609709+00:00,100000.0,100000.0,0.0,window360_strategy
2026-01-25T02:17:38.858164+00:00,100000.0,100000.0,0.0,window360_strategy
2026-01-25T02:17:49.160654+00:00,100000.0,100000.0,0.0,window360_strategy
2026-01-25T02:17:59.377555+00:00,100000.0,100000.0,0.0,window360_strategy
2026-01-25T02:18:09.532391+00:00,100000.0,100000.0,0.0,window360_strategy
2026-01-25T02:18:19.725249+00:00,100000.0,100000.0,0.0,window360_strategy
2026-01-25T02:18:29.897758+00:00,100000.0,100000.0,0.0,window360_strategy
2026-01-25T02:18:40.191223+00:00,100000.0,100000.0,0.0,window360_strategy
2026-01-25T02:18:50.439844+00:00,100000.0,100000.0,0.0,window360_strategy
2026-01-25T02:19:00.614455+00:00,100000.0,100000.0,0.0,window360_strategy
2026-01-25T02:19:10.794410+00:00,100000.0,100000.0,0.0,window360_strategy
2026-01-25T02:19:20.966010+00:00,100000.0,100000.0,0.0,window360_strategy
2026-01-25T02:19:31.112223+00:00,100000.0,100000.0,0.0,window360_strategy
2026-01-25T02:19:41.285792+00:00,100000.0,100000.0,0.0,window360_strategy
2026-01-25T02:19:51.463406+00:00,100000.0,100000.0,0.0,window360_strategy
2026-01-25T02:20:01.626658+00:00,100000.0,100000.0,0.0,window360_strategy
2026-01-25T02:20:11.812441+00:00,100000.0,100000.0,0.0,window360_strategy
2026-01-25T02:20:21.976442+00:00,100000.0,100000.0,0.0,window360_strategy
2026-01-25T02:20:32.143983+00:00,100000.0,100000.0,0.0,window360_strategy
2026-01-25T02:20:42.340384+00:00,100000.0,100000.0,0.0,window360_strategy
2026-01-25T02:20:52.505875+00:00,100000.0,100000.0,0.0,window360_strategy
2026-01-25T02:21:02.699270+00:00,100000.0,100000.0,0.0,window360_strategy
2026-01-25T02:21:12.904470+00:00,100000.0,100000.0,0.0,window360_strategy
2026-01-25T02:21:23.075833+00:00,100000.0,100000.0,0.0,window360_strategy
2026-01-25T02:21:33.228602+00:00,100000.0,100000.0,0.0,window360_strategy
2026-01-25T02:21:43.393716+00:00,100000.0,100000.0,0.0,window360_strategy
2026-01-25T02:21:53.643718+00:00,100000.0,100000.0,0.0,window360_strategy
2026-01-25T02:22:03.848790+00:00,100000.0,100000.0,0.0,window360_strategy
2026-01-25T02:22:14.145035+00:00,100000.0,100000.0,0.0,window360_strategy
2026-01-25T02:22:24.548057+00:00,100000.0,100000.0,0.0,window360_strategy
2026-01-25T02:22:34.737946+00:00,100000.0,100000.0,0.0,window360_strategy
2026-01-25T02:22:44.909245+00:00,100000.0,100000.0,0.0,window360_strategy
2026-01-25T02:22:55.121441+00:00,100000.0,100000.0,0.0,window360_strategy
2026-01-25T02:23:05.326180+00:00,100000.0,100000.0,0.0,window360_strategy
2026-01-25T02:23:15.499077+00:00,100000.0,100000.0,0.0,window360_strategy
2026-01-25T02:23:25.661901+00:00,100000.0,100000.0,0.0,window360_strategy
2026-01-25T02:23:35.861522+00:00,100000.0,100000.0,0.0,window360_strategy
2026-01-25T02:23:46.031729+00:00,100000.0,100000.0,0.0,window360_strategy
2026-01-25T02:23:56.200056+00:00,100000.0,100000.0,0.0,window360_strategy
2026-01-25T02:24:06.451706+00:00,100000.0,100000.0,0.0,window360_strategy
2026-01-25T02:24:16.720173+00:00,100000.0,100000.0,0.0,window360_strategy
2026-01-25T02:24:27.452321+00:00,100000.0,100000.0,0.0,window360_strategy
2026-01-25T02:24:37.769219+00:00,100000.0,100000.0,0.0,window360_strategy
2026-01-25T02:24:48.018008+00:00,100000.0,100000.0,0.0,window360_strategy
2026-01-25T02:24:58.196566+00:00,100000.0,100000.0,0.0,window360_strategy
2026-01-25T02:25:08.485893+00:00,100000.0,100000.0,0.0,window360_strategy
2026-01-25T02:25:18.763496+00:00,100000.0,100000.0,0.0,window360_strategy
2026-01-25T02:25:28.938866+00:00,100000.0,100000.0,0.0,window360_strategy
2026-01-25T02:25:39.165328+00:00,100000.0,100000.0,0.0,window360_strategy
2026-01-25T02:25:49.393292+00:00,100000.0,100000.0,0.0,window360_strategy
2026-01-25T02:25:59.709230+00:00,100000.0,100000.0,0.0,window360_strategy
2026-01-25T02:26:10.021225+00:00,100000.0,100000.0,0.0,window360_strategy
2026-01-25T02:26:20.187189+00:00,100000.0,100000.0,0.0,window360_strategy
2026-01-25T02:26:30.365235+00:00,100000.0,100000.0,0.0,window360_strategy
2026-01-25T02:26:40.540297+00:00,100000.0,100000.0,0.0,window360_strategy
2026-01-25T02:26:50.719537+00:00,100000.0,100000.0,0.0,window360_strategy
2026-01-25T02:27:00.926875+00:00,100000.0,100000.0,0.0,window360_strategy
2026-01-25T02:27:11.101911+00:00,100000.0,100000.0,0.0,window360_strategy
2026-01-25T02:27:21.268459+00:00,100000.0,100000.0,0.0,window360_strategy
2026-01-25T02:27:31.441663+00:00,100000.0,100000.0,0.0,window360_strategy
2026-01-25T02:27:41.615513+00:00,100000.0,100000.0,0.0,window360_strategy
2026-01-25T02:27:51.777810+00:00,100000.0,100000.0,0.0,window360_strategy
2026-01-25T02:28:01.975684+00:00,100000.0,100000.0,0.0,window360_strategy
2026-01-25T02:28:12.144005+00:00,100000.0,100000.0,0.0,window360_strategy
2026-01-25T02:28:22.300996+00:00,100000.0,100000.0,0.0,window360_strategy
2026-01-25T02:28:32.466001+00:00,100000.0,100000.0,0.0,window360_strategy
2026-01-25T02:28:42.641629+00:00,100000.0,100000.0,0.0,window360_strategy
2026-01-25T02:28:52.826402+00:00,100000.0,100000.0,0.0,window360_strategy
2026-01-25T02:29:02.999082+00:00,100000.0,100000.0,0.0,window360_strategy
2026-01-25T02:29:13.175626+00:00,100000.0,100000.0,0.0,window360_strategy
2026-01-25T02:29:23.359978+00:00,100000.0,100000.0,0.0,window360_strategy
2026-01-25T02:29:33.532292+00:00,100000.0,100000.0,0.0,window360_strategy
2026-01-25T02:29:43.727549+00:00,100000.0,100000.0,0.0,window360_strategy
2026-01-25T02:29:53.975269+00:00,100000.0,100000.0,0.0,window360_strategy
2026-01-25T02:30:04.292934+00:00,100000.0,100000.0,0.0,window360_strategy
2026-01-25T02:30:14.473868+00:00,100000.0,100000.0,0.0,window360_strategy
2026-01-25T02:30:24.660575+00:00,100000.0,100000.0,0.0,window360_strategy
2026-01-25T02:30:34.873455+00:00,100000.0,100000.0,0.0,window360_strategy
2026-01-25T02:30:45.043654+00:00,100000.0,100000.0,0.0,window360_strategy
2026-01-25T02:30:55.239524+00:00,100000.0,100000.0,0.0,window360_strategy
2026-01-25T02:31:05.412829+00:00,100000.0,100000.0,0.0,window360_strategy
2026-01-25T02:31:15.649200+00:00,100000.0,100000.0,0.0,window360_strategy
2026-01-25T02:31:25.825969+00:00,100000.0,100000.0,0.0,window360_strategy
2026-01-25T02:31:36.055316+00:00,100000.0,100000.0,0.0,window360_strategy
2026-01-25T02:31:46.229168+00:00,100000.0,100000.0,0.0,window360_strategy
2026-01-25T02:31:56.402385+00:00,100000.0,100000.0,0.0,window360_strategy
2026-01-25T02:32:06.659402+00:00,100000.0,100000.0,0.0,window360_strategy
2026-01-25T02:32:16.947481+00:00,100000.0,100000.0,0.0,window360_strategy
2026-01-25T02:32:27.113979+00:00,100000.0,100000.0,0.0,window360_strategy
2026-01-25T02:32:37.285216+00:00,100000.0,100000.0,0.0,window360_strategy
2026-01-25T02:32:47.463823+00:00,100000.0,100000.0,0.0,window360_strategy
2026-01-25T02:32:57.636448+00:00,100000.0,100000.0,0.0,window360_strategy
2026-01-25T02:33:07.810890+00:00,100000.0,100000.0,0.0,window360_strategy
2026-01-25T02:33:18.008374+00:00,100000.0,100000.0,0.0,window360_strategy
2026-01-25T02:33:28.235313+00:00,100000.0,100000.0,0.0,window360_strategy
2026-01-25T02:33:38.452668+00:00,100000.0,100000.0,0.0,window360_strategy
2026-01-25T02:33:48.634279+00:00,100000.0,100000.0,0.0,window360_strategy
2026-01-25T02:33:58.936193+00:00,100000.0,100000.0,0.0,window360_strategy
2026-01-25T02:34:09.131453+00:00,100000.0,100000.0,0.0,window360_strategy
2026-01-25T02:34:19.289440+00:00,100000.0,100000.0,0.0,window360_strategy
2026-01-25T02:34:29.471850+00:00,100000.0,100000.0,0.0,window360_strategy
2026-01-25T02:34:39.656668+00:00,100000.0,100000.0,0.0,window360_strategy
2026-01-25T02:34:49.833289+00:00,100000.0,100000.0,0.0,window360_strategy
2026-01-25T02:35:00.005368+00:00,100000.0,100000.0,0.0,window360_strategy
2026-01-25T02:35:10.207121+00:00,100000.0,100000.0,0.0,window360_strategy
2026-01-25T02:35:20.398234+00:00,100000.0,100000.0,0.0,window360_strategy
2026-01-25T02:35:30.558294+00:00,100000.0,100000.0,0.0,window360_strategy
2026-01-25T02:35:40.730803+00:00,100000.0,100000.0,0.0,window360_strategy
2026-01-25T02:35:50.881229+00:00,100000.0,100000.0,0.0,window360_strategy
2026-01-25T02:36:01.190459+00:00,100000.0,100000.0,0.0,window360_strategy
2026-01-25T02:36:11.354457+00:00,100000.0,100000.0,0.0,window360_strategy
2026-01-25T02:36:21.578006+00:00,100000.0,100000.0,0.0,window360_strategy
2026-01-25T02:36:31.734060+00:00,100000.0,100000.0,0.0,window360_strategy
2026-01-25T02:36:41.895720+00:00,100000.0,100000.0,0.0,window360_strategy
2026-01-25T02:36:52.050893+00:00,100000.0,100000.0,0.0,window360_strategy
2026-01-25T02:37:02.218049+00:00,100000.0,100000.0,0.0,window360_strategy
2026-01-25T02:37:12.473803+00:00,100000.0,100000.0,0.0,window360_strategy
2026-01-25T02:37:22.709817+00:00,100000.0,100000.0,0.0,window360_strategy
2026-01-25T02:37:32.899274+00:00,100000.0,100000.0,0.0,window360_strategy
2026-01-25T02:37:43.084142+00:00,100000.0,100000.0,0.0,window360_strategy
2026-01-25T02:37:53.267634+00:00,100000.0,100000.0,0.0,window360_strategy
2026-01-25T02:38:03.456892+00:00,100000.0,100000.0,0.0,window360_strategy
2026-01-25T02:38:13.612231+00:00,100000.0,100000.0,0.0,window360_strategy
2026-01-25T02:38:23.834509+00:00,100000.0,100000.0,0.0,window360_strategy
2026-01-25T02:38:34.064302+00:00,100000.0,100000.0,0.0,window360_strategy
2026-01-25T02:38:44.251943+00:00,100000.0,100000.0,0.0,window360_strategy
2026-01-25T02:38:54.430973+00:00,100000.0,100000.0,0.0,window360_strategy
2026-01-25T02:39:04.808452+00:00,100000.0,100000.0,0.0,window360_strategy
2026-01-25T02:39:14.993878+00:00,100000.0,100000.0,0.0,window360_strategy
2026-01-25T02:39:25.165020+00:00,100000.0,100000.0,0.0,window360_strategy
2026-01-25T02:39:35.346515+00:00,100000.0,100000.0,0.0,window360_strategy
2026-01-25T02:39:45.597014+00:00,100000.0,100000.0,0.0,window360_strategy
2026-01-25T02:39:55.855489+00:00,100000.0,100000.0,0.0,window360_strategy
2026-01-25T02:40:06.017481+00:00,100000.0,100000.0,0.0,window360_strategy
2026-01-25T02:40:16.181188+00:00,100000.0,100000.0,0.0,window360_strategy
2026-01-25T02:40:26.359290+00:00,100000.0,100000.0,0.0,window360_strategy
2026-01-25T02:40:36.553479+00:00,100000.0,100000.0,0.0,window360_strategy
2026-01-25T02:40:46.868855+00:00,100000.0,100000.0,0.0,window360_strategy
2026-01-25T02:40:57.046182+00:00,100000.0,100000.0,0.0,window360_strategy
2026-01-25T02:41:07.269620+00:00,100000.0,100000.0,0.0,window360_strategy
2026-01-25T02:41:17.437876+00:00,100000.0,100000.0,0.0,window360_strategy
2026-01-25T02:41:27.633309+00:00,100000.0,100000.0,0.0,window360_strategy
2026-01-25T02:41:37.831844+00:00,100000.0,100000.0,0.0,window360_strategy
2026-01-25T02:41:48.048084+00:00,100000.0,100000.0,0.0,window360_strategy
2026-01-25T02:41:58.303426+00:00,100000.0,100000.0,0.0,window360_strategy
2026-01-25T02:42:08.465386+00:00,100000.0,100000.0,0.0,window360_strategy
2026-01-25T02:42:18.698786+00:00,100000.0,100000.0,0.0,window360_strategy
2026-01-25T02:42:28.872833+00:00,100000.0,100000.0,0.0,window360_strategy
2026-01-25T02:42:39.035235+00:00,100000.0,100000.0,0.0,window360_strategy
2026-01-25T02:42:49.205118+00:00,100000.0,100000.0,0.0,window360_strategy
2026-01-25T02:42:59.387804+00:00,100000.0,100000.0,0.0,window360_strategy
2026-01-25T02:43:09.631571+00:00,100000.0,100000.0,0.0,window360_strategy
2026-01-25T02:43:19.808012+00:00,100000.0,100000.0,0.0,window360_strategy
2026-01-25T02:43:30.073562+00:00,100000.0,100000.0,0.0,window360_strategy
2026-01-25T02:43:40.253340+00:00,100000.0,100000.0,0.0,window360_strategy
2026-01-25T02:43:50.474668+00:00,100000.0,100000.0,0.0,window360_strategy
2026-01-25T02:44:00.732017+00:00,100000.0,100000.0,0.0,window360_strategy
2026-01-25T02:44:10.909296+00:00,100000.0,100000.0,0.0,window360_strategy
2026-01-25T02:44:21.090930+00:00,100000.0,100000.0,0.0,window360_strategy
2026-01-25T02:44:31.353053+00:00,100000.0,100000.0,0.0,window360_strategy
2026-01-25T02:44:41.527856+00:00,100000.0,100000.0,0.0,window360_strategy
2026-01-25T02:44:51.708784+00:00,100000.0,100000.0,0.0,window360_strategy
2026-01-25T02:45:01.875718+00:00,100000.0,100000.0,0.0,window360_strategy
2026-01-25T02:45:12.075393+00:00,100000.0,100000.0,0.0,window360_strategy
2026-01-25T02:45:22.305884+00:00,100000.0,100000.0,0.0,window360_strategy
2026-01-25T02:45:32.526596+00:00,100000.0,100000.0,0.0,window360_strategy
2026-01-25T02:45:42.696221+00:00,100000.0,100000.0,0.0,window360_strategy
2026-01-25T02:45:52.882474+00:00,100000.0,100000.0,0.0,window360_strategy
2026-01-25T02:46:03.088166+00:00,100000.0,100000.0,0.0,window360_strategy
2026-01-25T02:46:13.325495+00:00,100000.0,100000.0,0.0,window360_strategy
2026-01-25T02:46:23.544373+00:00,100000.0,100000.0,0.0,window360_strategy
2026-01-25T02:46:33.703377+00:00,100000.0,100000.0,0.0,window360_strategy
2026-01-25T02:46:43.889532+00:00,100000.0,100000.0,0.0,window360_strategy
2026-01-25T02:46:54.180016+00:00,100000.0,100000.0,0.0,window360_strategy
2026-01-25T02:47:04.488350+00:00,100000.0,100000.0,0.0,window360_strategy
2026-01-25T02:47:14.878489+00:00,100000.0,100000.0,0.0,window360_strategy
2026-01-25T02:47:25.072791+00:00,100000.0,100000.0,0.0,window360_strategy
2026-01-25T02:47:35.227758+00:00,100000.0,100000.0,0.0,window360_strategy
2026-01-25T02:47:45.393443+00:00,100000.0,100000.0,0.0,window360_strategy
2026-01-25T02:47:55.756155+00:00,100000.0,100000.0,0.0,window360_strategy
2026-01-25T02:48:05.952172+00:00,100000.0,100000.0,0.0,window360_strategy
2026-01-25T02:48:16.150202+00:00,100000.0,100000.0,0.0,window360_strategy
2026-01-25T02:48:26.496299+00:00,100000.0,100000.0,0.0,window360_strategy
2026-01-25T02:48:36.780425+00:00,100000.0,100000.0,0.0,window360_strategy
2026-01-25T02:48:46.995855+00:00,100000.0,100000.0,0.0,window360_strategy
2026-01-25T02:48:57.209650+00:00,100000.0,100000.0,0.0,window360_strategy
2026-01-25T02:49:07.483261+00:00,100000.0,100000.0,0.0,window360_strategy
2026-01-25T02:49:17.660909+00:00,100000.0,100000.0,0.0,window360_strategy
2026-01-25T02:49:27.890836+00:00,100000.0,100000.0,0.0,window360_strategy
2026-01-25T02:49:38.060106+00:00,100000.0,100000.0,0.0,window360_strategy
2026-01-25T02:49:48.355288+00:00,100000.0,100000.0,0.0,window360_strategy
2026-01-25T02:49:58.526468+00:00,100000.0,100000.0,0.0,window360_strategy
2026-01-25T02:50:08.776736+00:00,100000.0,100000.0,0.0,window360_strategy
2026-01-25T02:50:18.932647+00:00,100000.0,100000.0,0.0,window360_strategy
2026-01-25T02:50:29.098671+00:00,100000.0,100000.0,0.0,window360_strategy
2026-01-25T02:50:39.264050+00:00,100000.0,100000.0,0.0,window360_strategy
2026-01-25T02:50:49.484916+00:00,100000.0,100000.0,0.0,window360_strategy
2026-01-25T02:50:59.651016+00:00,100000.0,100000.0,0.0,window360_strategy
2026-01-25T02:51:09.836643+00:00,100000.0,100000.0,0.0,window360_strategy
2026-01-25T02:51:20.092839+00:00,100000.0,100000.0,0.0,window360_strategy
2026-01-25T02:51:30.269178+00:00,100000.0,100000.0,0.0,window360_strategy
2026-01-25T02:51:40.500910+00:00,100000.0,100000.0,0.0,window360_strategy
2026-01-25T02:51:50.703184+00:00,100000.0,100000.0,0.0,window360_strategy
2026-01-25T02:52:00.902667+00:00,100000.0,100000.0,0.0,window360_strategy
2026-01-25T02:52:11.134411+00:00,100000.0,100000.0,0.0,window360_strategy
2026-01-25T02:52:21.378713+00:00,100000.0,100000.0,0.0,window360_strategy
2026-01-25T02:52:31.550881+00:00,100000.0,100000.0,0.0,window360_strategy
2026-01-25T02:52:41.711200+00:00,100000.0,100000.0,0.0,window360_strategy
2026-01-25T02:52:51.889617+00:00,100000.0,100000.0,0.0,window360_strategy
2026-01-25T02:53:02.061147+00:00,100000.0,100000.0,0.0,window360_strategy
2026-01-25T02:53:12.287916+00:00,100000.0,100000.0,0.0,window360_strategy
2026-01-25T02:53:22.463126+00:00,100000.0,100000.0,0.0,window360_strategy
2026-01-25T02:53:32.659602+00:00,100000.0,100000.0,0.0,window360_strategy
2026-01-25T02:53:42.836093+00:00,100000.0,100000.0,0.0,window360_strategy
2026-01-25T02:53:53.001128+00:00,100000.0,100000.0,0.0,window360_strategy
2026-01-25T02:54:03.183449+00:00,100000.0,100000.0,0.0,window360_strategy
2026-01-25T02:54:13.414743+00:00,100000.0,100000.0,0.0,window360_strategy
2026-01-25T02:54:23.589583+00:00,100000.0,100000.0,0.0,window360_strategy
2026-01-25T02:54:33.808583+00:00,100000.0,100000.0,0.0,window360_strategy
2026-01-25T02:54:44.032256+00:00,100000.0,100000.0,0.0,window360_strategy
2026-01-25T02:54:54.297133+00:00,100000.0,100000.0,0.0,window360_strategy
2026-01-25T02:55:04.512571+00:00,100000.0,100000.0,0.0,window360_strategy
2026-01-25T02:55:14.684121+00:00,100000.0,100000.0,0.0,window360_strategy
2026-01-25T02:55:24.911877+00:00,100000.0,100000.0,0.0,window360_strategy
2026-01-25T02:55:35.077062+00:00,100000.0,100000.0,0.0,window360_strategy
2026-01-25T02:55:45.253939+00:00,100000.0,100000.0,0.0,window360_strategy
2026-01-25T02:55:55.418590+00:00,100000.0,100000.0,0.0,window360_strategy
2026-01-25T02:56:05.620430+00:00,100000.0,100000.0,0.0,window360_strategy
2026-01-25T02:56:15.802504+00:00,100000.0,100000.0,0.0,window360_strategy
2026-01-25T02:56:25.949606+00:00,100000.0,100000.0,0.0,window360_strategy
2026-01-25T02:56:36.119106+00:00,100000.0,100000.0,0.0,window360_strategy
2026-01-25T02:56:46.301238+00:00,100000.0,100000.0,0.0,window360_strategy
2026-01-25T02:56:56.585806+00:00,100000.0,100000.0,0.0,window360_strategy
2026-01-25T02:57:06.795412+00:00,100000.0,100000.0,0.0,window360_strategy
2026-01-25T02:57:16.962387+00:00,100000.0,100000.0,0.0,window360_strategy
2026-01-25T02:57:27.141496+00:00,100000.0,100000.0,0.0,window360_strategy
2026-01-25T02:57:37.329346+00:00,100000.0,100000.0,0.0,window360_strategy
2026-01-25T02:57:47.734504+00:00,100000.0,100000.0,0.0,window360_strategy
2026-01-25T02:57:57.909683+00:00,100000.0,100000.0,0.0,window360_strategy
2026-01-25T02:58:08.116253+00:00,100000.0,100000.0,0.0,window360_strategy
2026-01-25T02:58:18.356775+00:00,100000.0,100000.0,0.0,window360_strategy
2026-01-25T02:58:28.711295+00:00,100000.0,100000.0,0.0,window360_strategy
2026-01-25T02:58:38.988805+00:00,100000.0,100000.0,0.0,window360_strategy
2026-01-25T02:58:49.207252+00:00,100000.0,100000.0,0.0,window360_strategy
2026-01-25T02:58:59.905818+00:00,100000.0,100000.0,0.0,window360_strategy
2026-01-25T02:59:10.169608+00:00,100000.0,100000.0,0.0,window360_strategy
2026-01-25T02:59:20.372453+00:00,100000.0,100000.0,0.0,window360_strategy
2026-01-25T02:59:30.531381+00:00,100000.0,100000.0,0.0,window360_strategy
2026-01-25T02:59:40.810528+00:00,100000.0,100000.0,0.0,window360_strategy
2026-01-25T02:59:51.020317+00:00,100000.0,100000.0,0.0,window360_strategy
2026-01-25T03:00:01.261579+00:00,100000.0,100000.0,0.0,window360_strategy
2026-01-25T03:00:11.493908+00:00,100000.0,100000.0,0.0,window360_strategy
2026-01-25T03:00:21.678771+00:00,100000.0,100000.0,0.0,window360_strategy
2026-01-25T03:00:31.884832+00:00,100000.0,100000.0,0.0,window360_strategy
