timestamp,symbol,strategy,action,qty,reason,zscore,target_pos,blocked_reason
2026-01-23T21:17:00-05:00,BTC/USD,window360_strategy,hold,0.0,waiting_pair,,,
2026-01-23T21:17:00-05:00,ETH/USD,window360_strategy,hold,0.0,no_change,-1.1487778201621042,-0.0,below_z_enter
2026-01-23T21:17:00-05:00,BTC/USD,window360_strategy,hold,0.0,no_change,-1.1487778201621042,0.0,below_z_enter
2026-01-23T21:17:00-05:00,ETH/USD,window360_strategy,hold,0.0,same_minute,-1.1487778201621042,0.0,
2026-01-23T21:17:00-05:00,BTC/USD,window360_strategy,hold,0.0,same_minute,-1.1487778201621042,0.0,
2026-01-23T21:17:00-05:00,ETH/USD,window360_strategy,hold,0.0,same_minute,-1.1487778201621042,0.0,
2026-01-23T21:18:00-05:00,BTC/USD,window360_strategy,hold,0.0,no_change,-1.3029300679470666,0.0,edge_filter
2026-01-23T21:17:00-05:00,ETH/USD,window360_strategy,hold,0.0,same_minute,-1.3012548378910695,0.0,
2026-01-23T21:18:00-05:00,BTC/USD,window360_strategy,hold,0.0,same_minute,-1.3012548378910695,0.0,
2026-01-23T21:17:00-05:00,ETH/USD,window360_strategy,hold,0.0,same_minute,-1.3012548378910695,0.0,
2026-01-23T21:18:00-05:00,BTC/USD,window360_strategy,hold,0.0,same_minute,-1.3012548378910695,0.0,
2026-01-23T21:17:00-05:00,ETH/USD,window360_strategy,hold,0.0,same_minute,-1.3012548378910695,0.0,
2026-01-23T21:18:00-05:00,BTC/USD,window360_strategy,hold,0.0,same_minute,-1.3012548378910695,0.0,
2026-01-23T21:17:00-05:00,ETH/USD,window360_strategy,hold,0.0,same_minute,-1.3012548378910695,0.0,
2026-01-23T21:18:00-05:00,BTC/USD,window360_strategy,hold,0.0,same_minute,-1.3012548378910695,0.0,
2026-01-23T21:17:00-05:00,ETH/USD,window360_strategy,hold,0.0,same_minute,-1.3012548378910695,0.0,
2026-01-23T21:18:00-05:00,BTC/USD,window360_strategy,hold,0.0,same_minute,-1.3012548378910695,0.0,
2026-01-23T21:17:00-05:00,ETH/USD,window360_strategy,hold,0.0,same_minute,-1.3012548378910695,0.0,
2026-01-23T21:19:00-05:00,BTC/USD,window360_strategy,hold,0.0,no_change,-1.301454465584696,0.0,edge_filter
2026-01-23T21:19:00-05:00,ETH/USD,window360_strategy,hold,0.0,no_change,-1.0019108614092378,-0.0,below_z_enter
2026-01-23T21:19:00-05:00,BTC/USD,window360_strategy,hold,0.0,same_minute,-1.0019108614092378,0.0,
2026-01-23T21:19:00-05:00,ETH/USD,window360_strategy,hold,0.0,same_minute,-1.0019108614092378,0.0,
2026-01-23T21:19:00-05:00,BTC/USD,window360_strategy,hold,0.0,same_minute,-1.0019108614092378,0.0,
2026-01-23T21:19:00-05:00,ETH/USD,window360_strategy,hold,0.0,same_minute,-1.0019108614092378,0.0,
2026-01-23T21:19:00-05:00,BTC/USD,window360_strategy,hold,0.0,same_minute,-1.0019108614092378,0.0,
2026-01-23T21:19:00-05:00,ETH/USD,window360_strategy,hold,0.0,same_minute,-1.0019108614092378,0.0,
2026-01-23T21:19:00-05:00,BTC/USD,window360_strategy,hold,0.0,same_minute,-1.0019108614092378,0.0,
2026-01-23T21:19:00-05:00,ETH/USD,window360_strategy,hold,0.0,same_minute,-1.0019108614092378,0.0,
2026-01-23T21:19:00-05:00,BTC/USD,window360_strategy,hold,0.0,same_minute,-1.0019108614092378,0.0,
2026-01-23T21:19:00-05:00,ETH/USD,window360_strategy,hold,0.0,same_minute,-1.0019108614092378,0.0,
2026-01-23T21:20:00-05:00,BTC/USD,window360_strategy,hold,0.0,no_change,-1.3333662913567095,0.0,edge_filter
2026-01-23T21:20:00-05:00,ETH/USD,window360_strategy,hold,0.0,no_change,-1.1536873871893034,-0.0,below_z_enter
2026-01-23T21:20:00-05:00,BTC/USD,window360_strategy,hold,0.0,same_minute,-1.1536873871893034,0.0,
2026-01-23T21:20:00-05:00,ETH/USD,window360_strategy,hold,0.0,same_minute,-1.1536873871893034,0.0,
2026-01-23T21:20:00-05:00,BTC/USD,window360_strategy,hold,0.0,same_minute,-1.1536873871893034,0.0,
2026-01-23T21:20:00-05:00,ETH/USD,window360_strategy,hold,0.0,same_minute,-1.1536873871893034,0.0,
2026-01-23T21:20:00-05:00,BTC/USD,window360_strategy,hold,0.0,same_minute,-1.1536873871893034,0.0,
2026-01-23T21:20:00-05:00,ETH/USD,window360_strategy,hold,0.0,same_minute,-1.1536873871893034,0.0,
2026-01-23T21:20:00-05:00,BTC/USD,window360_strategy,hold,0.0,same_minute,-1.1536873871893034,0.0,
2026-01-23T21:20:00-05:00,ETH/USD,window360_strategy,hold,0.0,same_minute,-1.1536873871893034,0.0,
2026-01-23T21:21:00-05:00,BTC/USD,window360_strategy,hold,0.0,no_change,-1.0025590593286227,0.0,below_z_enter
2026-01-23T21:20:00-05:00,ETH/USD,window360_strategy,hold,0.0,same_minute,-1.0037973746720539,0.0,
2026-01-23T21:21:00-05:00,BTC/USD,window360_strategy,hold,0.0,same_minute,-1.0037973746720539,0.0,
2026-01-23T21:20:00-05:00,ETH/USD,window360_strategy,hold,0.0,same_minute,-1.0037973746720539,0.0,
2026-01-23T21:21:00-05:00,BTC/USD,window360_strategy,hold,0.0,same_minute,-1.0037973746720539,0.0,
2026-01-23T21:20:00-05:00,ETH/USD,window360_strategy,hold,0.0,same_minute,-1.0037973746720539,0.0,
2026-01-23T21:21:00-05:00,BTC/USD,window360_strategy,hold,0.0,same_minute,-1.0037973746720539,0.0,
2026-01-23T21:20:00-05:00,ETH/USD,window360_strategy,hold,0.0,same_minute,-1.0037973746720539,0.0,
2026-01-23T21:21:00-05:00,BTC/USD,window360_strategy,hold,0.0,same_minute,-1.0037973746720539,0.0,
2026-01-23T21:20:00-05:00,ETH/USD,window360_strategy,hold,0.0,same_minute,-1.0037973746720539,0.0,
2026-01-23T21:21:00-05:00,BTC/USD,window360_strategy,hold,0.0,same_minute,-1.0037973746720539,0.0,
2026-01-23T21:20:00-05:00,ETH/USD,window360_strategy,hold,0.0,same_minute,-1.0037973746720539,0.0,
2026-01-23T21:22:00-05:00,BTC/USD,window360_strategy,hold,0.0,no_change,-1.139356992145411,0.0,below_z_enter
2026-01-23T21:20:00-05:00,ETH/USD,window360_strategy,hold,0.0,same_minute,-1.1380277163756376,0.0,
2026-01-23T21:22:00-05:00,BTC/USD,window360_strategy,hold,0.0,same_minute,-1.1380277163756376,0.0,
2026-01-23T21:20:00-05:00,ETH/USD,window360_strategy,hold,0.0,same_minute,-1.1380277163756376,0.0,
2026-01-23T21:22:00-05:00,BTC/USD,window360_strategy,hold,0.0,same_minute,-1.1380277163756376,0.0,
2026-01-23T21:20:00-05:00,ETH/USD,window360_strategy,hold,0.0,same_minute,-1.1380277163756376,0.0,
2026-01-23T21:22:00-05:00,BTC/USD,window360_strategy,hold,0.0,same_minute,-1.1380277163756376,0.0,
2026-01-23T21:20:00-05:00,ETH/USD,window360_strategy,hold,0.0,same_minute,-1.1380277163756376,0.0,
2026-01-23T21:22:00-05:00,BTC/USD,window360_strategy,hold,0.0,same_minute,-1.1380277163756376,0.0,
2026-01-23T21:20:00-05:00,ETH/USD,window360_strategy,hold,0.0,same_minute,-1.1380277163756376,0.0,
2026-01-23T21:22:00-05:00,BTC/USD,window360_strategy,hold,0.0,same_minute,-1.1380277163756376,0.0,
2026-01-23T21:20:00-05:00,ETH/USD,window360_strategy,hold,0.0,same_minute,-1.1380277163756376,0.0,
2026-01-23T21:23:00-05:00,BTC/USD,window360_strategy,hold,0.0,no_change,-1.0746624598063932,0.0,below_z_enter
2026-01-23T21:23:00-05:00,ETH/USD,window360_strategy,hold,0.0,no_change,-0.8008508320434569,-0.0,below_z_enter
2026-01-23T21:23:00-05:00,BTC/USD,window360_strategy,hold,0.0,same_minute,-0.8008508320434569,0.0,
2026-01-23T21:23:00-05:00,ETH/USD,window360_strategy,hold,0.0,same_minute,-0.8008508320434569,0.0,
2026-01-23T21:23:00-05:00,BTC/USD,window360_strategy,hold,0.0,same_minute,-0.8008508320434569,0.0,
2026-01-23T21:23:00-05:00,ETH/USD,window360_strategy,hold,0.0,same_minute,-0.8008508320434569,0.0,
2026-01-23T21:23:00-05:00,BTC/USD,window360_strategy,hold,0.0,same_minute,-0.8008508320434569,0.0,
2026-01-23T21:23:00-05:00,ETH/USD,window360_strategy,hold,0.0,same_minute,-0.8008508320434569,0.0,
2026-01-23T21:23:00-05:00,BTC/USD,window360_strategy,hold,0.0,same_minute,-0.8008508320434569,0.0,
2026-01-23T21:23:00-05:00,ETH/USD,window360_strategy,hold,0.0,same_minute,-0.8008508320434569,0.0,
2026-01-23T21:23:00-05:00,BTC/USD,window360_strategy,hold,0.0,same_minute,-0.8008508320434569,0.0,
2026-01-23T21:23:00-05:00,ETH/USD,window360_strategy,hold,0.0,same_minute,-0.8008508320434569,0.0,
2026-01-23T21:24:00-05:00,BTC/USD,window360_strategy,hold,0.0,no_change,-0.8709971961696014,0.0,below_z_enter
2026-01-23T21:24:00-05:00,ETH/USD,window360_strategy,hold,0.0,no_change,-1.1572435597757902,-0.0,below_z_enter
2026-01-23T21:24:00-05:00,BTC/USD,window360_strategy,hold,0.0,same_minute,-1.1572435597757902,0.0,
2026-01-23T21:24:00-05:00,ETH/USD,window360_strategy,hold,0.0,same_minute,-1.1572435597757902,0.0,
2026-01-23T21:24:00-05:00,BTC/USD,window360_strategy,hold,0.0,same_minute,-1.1572435597757902,0.0,
2026-01-23T21:24:00-05:00,ETH/USD,window360_strategy,hold,0.0,same_minute,-1.1572435597757902,0.0,
2026-01-23T21:24:00-05:00,BTC/USD,window360_strategy,hold,0.0,same_minute,-1.1572435597757902,0.0,
2026-01-23T21:24:00-05:00,ETH/USD,window360_strategy,hold,0.0,same_minute,-1.1572435597757902,0.0,
2026-01-23T21:24:00-05:00,BTC/USD,window360_strategy,hold,0.0,same_minute,-1.1572435597757902,0.0,
2026-01-23T21:24:00-05:00,ETH/USD,window360_strategy,hold,0.0,same_minute,-1.1572435597757902,0.0,
2026-01-23T21:24:00-05:00,BTC/USD,window360_strategy,hold,0.0,same_minute,-1.1572435597757902,0.0,
2026-01-23T21:24:00-05:00,ETH/USD,window360_strategy,hold,0.0,same_minute,-1.1572435597757902,0.0,
2026-01-23T21:25:00-05:00,BTC/USD,window360_strategy,hold,0.0,no_change,-1.2338878426479478,0.0,edge_filter
2026-01-23T21:25:00-05:00,ETH/USD,window360_strategy,hold,0.0,no_change,-1.074507616890848,-0.0,below_z_enter
2026-01-23T21:25:00-05:00,BTC/USD,window360_strategy,hold,0.0,same_minute,-1.074507616890848,0.0,
2026-01-23T21:25:00-05:00,ETH/USD,window360_strategy,hold,0.0,same_minute,-1.074507616890848,0.0,
2026-01-23T21:25:00-05:00,BTC/USD,window360_strategy,hold,0.0,same_minute,-1.074507616890848,0.0,
2026-01-23T21:25:00-05:00,ETH/USD,window360_strategy,hold,0.0,same_minute,-1.074507616890848,0.0,
2026-01-23T21:25:00-05:00,BTC/USD,window360_strategy,hold,0.0,same_minute,-1.074507616890848,0.0,
2026-01-23T21:25:00-05:00,ETH/USD,window360_strategy,hold,0.0,same_minute,-1.074507616890848,0.0,
2026-01-23T21:25:00-05:00,BTC/USD,window360_strategy,hold,0.0,same_minute,-1.074507616890848,0.0,
2026-01-23T21:25:00-05:00,ETH/USD,window360_strategy,hold,0.0,same_minute,-1.074507616890848,0.0,
2026-01-23T21:25:00-05:00,BTC/USD,window360_strategy,hold,0.0,same_minute,-1.074507616890848,0.0,
2026-01-23T21:25:00-05:00,ETH/USD,window360_strategy,hold,0.0,same_minute,-1.074507616890848,0.0,
2026-01-23T21:26:00-05:00,BTC/USD,window360_strategy,hold,0.0,no_change,-0.7680941102937087,0.0,below_z_enter
2026-01-23T21:25:00-05:00,ETH/USD,window360_strategy,hold,0.0,same_minute,-0.7703804841597194,0.0,
2026-01-23T21:26:00-05:00,BTC/USD,window360_strategy,hold,0.0,same_minute,-0.7703804841597194,0.0,
2026-01-23T21:25:00-05:00,ETH/USD,window360_strategy,hold,0.0,same_minute,-0.7703804841597194,0.0,
2026-01-23T21:26:00-05:00,BTC/USD,window360_strategy,hold,0.0,same_minute,-0.7703804841597194,0.0,
2026-01-23T21:25:00-05:00,ETH/USD,window360_strategy,hold,0.0,same_minute,-0.7703804841597194,0.0,
2026-01-23T21:26:00-05:00,BTC/USD,window360_strategy,hold,0.0,same_minute,-0.7703804841597194,0.0,
2026-01-23T21:25:00-05:00,ETH/USD,window360_strategy,hold,0.0,same_minute,-0.7703804841597194,0.0,
2026-01-23T21:26:00-05:00,BTC/USD,window360_strategy,hold,0.0,same_minute,-0.7703804841597194,0.0,
2026-01-23T21:25:00-05:00,ETH/USD,window360_strategy,hold,0.0,same_minute,-0.7703804841597194,0.0,
2026-01-23T21:26:00-05:00,BTC/USD,window360_strategy,hold,0.0,same_minute,-0.7703804841597194,0.0,
2026-01-23T21:25:00-05:00,ETH/USD,window360_strategy,hold,0.0,same_minute,-0.7703804841597194,0.0,
2026-01-23T21:27:00-05:00,BTC/USD,window360_strategy,hold,0.0,no_change,-0.7919268491802183,0.0,below_z_enter
2026-01-23T21:25:00-05:00,ETH/USD,window360_strategy,hold,0.0,same_minute,-0.7916864693698731,0.0,
2026-01-23T21:27:00-05:00,BTC/USD,window360_strategy,hold,0.0,same_minute,-0.7916864693698731,0.0,
2026-01-23T21:25:00-05:00,ETH/USD,window360_strategy,hold,0.0,same_minute,-0.7916864693698731,0.0,
2026-01-23T21:27:00-05:00,BTC/USD,window360_strategy,hold,0.0,same_minute,-0.7916864693698731,0.0,
2026-01-23T21:25:00-05:00,ETH/USD,window360_strategy,hold,0.0,same_minute,-0.7916864693698731,0.0,
2026-01-23T21:27:00-05:00,BTC/USD,window360_strategy,hold,0.0,same_minute,-0.7916864693698731,0.0,
2026-01-23T21:25:00-05:00,ETH/USD,window360_strategy,hold,0.0,same_minute,-0.7916864693698731,0.0,
2026-01-23T21:27:00-05:00,BTC/USD,window360_strategy,hold,0.0,same_minute,-0.7916864693698731,0.0,
2026-01-23T21:25:00-05:00,ETH/USD,window360_strategy,hold,0.0,same_minute,-0.7916864693698731,0.0,
2026-01-23T21:28:00-05:00,BTC/USD,window360_strategy,hold,0.0,no_change,-0.8173610633904721,0.0,below_z_enter
2026-01-23T21:28:00-05:00,ETH/USD,window360_strategy,hold,0.0,no_change,-1.05417273989841,-0.0,below_z_enter
2026-01-23T21:28:00-05:00,BTC/USD,window360_strategy,hold,0.0,same_minute,-1.05417273989841,0.0,
2026-01-23T21:28:00-05:00,ETH/USD,window360_strategy,hold,0.0,same_minute,-1.05417273989841,0.0,
2026-01-23T21:28:00-05:00,BTC/USD,window360_strategy,hold,0.0,same_minute,-1.05417273989841,0.0,
2026-01-23T21:28:00-05:00,ETH/USD,window360_strategy,hold,0.0,same_minute,-1.05417273989841,0.0,
2026-01-23T21:28:00-05:00,BTC/USD,window360_strategy,hold,0.0,same_minute,-1.05417273989841,0.0,
2026-01-23T21:28:00-05:00,ETH/USD,window360_strategy,hold,0.0,same_minute,-1.05417273989841,0.0,
2026-01-23T21:28:00-05:00,BTC/USD,window360_strategy,hold,0.0,same_minute,-1.05417273989841,0.0,
2026-01-23T21:28:00-05:00,ETH/USD,window360_strategy,hold,0.0,same_minute,-1.05417273989841,0.0,
2026-01-23T21:28:00-05:00,BTC/USD,window360_strategy,hold,0.0,same_minute,-1.05417273989841,0.0,
2026-01-23T21:28:00-05:00,ETH/USD,window360_strategy,hold,0.0,same_minute,-1.05417273989841,0.0,
2026-01-23T21:28:00-05:00,BTC/USD,window360_strategy,hold,0.0,same_minute,-1.05417273989841,0.0,
2026-01-23T21:29:00-05:00,ETH/USD,window360_strategy,hold,0.0,no_change,-0.9202457089203273,-0.0,below_z_enter
2026-01-23T21:28:00-05:00,BTC/USD,window360_strategy,hold,0.0,same_minute,-0.9212408888001314,0.0,
2026-01-23T21:29:00-05:00,ETH/USD,window360_strategy,hold,0.0,same_minute,-0.9212408888001314,0.0,
2026-01-23T21:28:00-05:00,BTC/USD,window360_strategy,hold,0.0,same_minute,-0.9212408888001314,0.0,
2026-01-23T21:29:00-05:00,ETH/USD,window360_strategy,hold,0.0,same_minute,-0.9212408888001314,0.0,
2026-01-23T21:28:00-05:00,BTC/USD,window360_strategy,hold,0.0,same_minute,-0.9212408888001314,0.0,
2026-01-23T21:29:00-05:00,ETH/USD,window360_strategy,hold,0.0,same_minute,-0.9212408888001314,0.0,
2026-01-23T21:28:00-05:00,BTC/USD,window360_strategy,hold,0.0,same_minute,-0.9212408888001314,0.0,
2026-01-23T21:29:00-05:00,ETH/USD,window360_strategy,hold,0.0,same_minute,-0.9212408888001314,0.0,
2026-01-23T21:28:00-05:00,BTC/USD,window360_strategy,hold,0.0,same_minute,-0.9212408888001314,0.0,
2026-01-23T21:29:00-05:00,ETH/USD,window360_strategy,hold,0.0,same_minute,-0.9212408888001314,0.0,
2026-01-23T21:30:00-05:00,BTC/USD,window360_strategy,hold,0.0,no_change,-0.9034866964366047,0.0,below_z_enter
2026-01-23T21:29:00-05:00,ETH/USD,window360_strategy,hold,0.0,same_minute,-0.9035618587955488,0.0,
2026-01-23T21:30:00-05:00,BTC/USD,window360_strategy,hold,0.0,same_minute,-0.9035618587955488,0.0,
2026-01-23T21:29:00-05:00,ETH/USD,window360_strategy,hold,0.0,same_minute,-0.9035618587955488,0.0,
2026-01-23T21:30:00-05:00,BTC/USD,window360_strategy,hold,0.0,same_minute,-0.9035618587955488,0.0,
2026-01-23T21:29:00-05:00,ETH/USD,window360_strategy,hold,0.0,same_minute,-0.9035618587955488,0.0,
2026-01-23T21:30:00-05:00,BTC/USD,window360_strategy,hold,0.0,same_minute,-0.9035618587955488,0.0,
2026-01-23T21:29:00-05:00,ETH/USD,window360_strategy,hold,0.0,same_minute,-0.9035618587955488,0.0,
2026-01-23T21:30:00-05:00,BTC/USD,window360_strategy,hold,0.0,same_minute,-0.9035618587955488,0.0,
2026-01-23T21:29:00-05:00,ETH/USD,window360_strategy,hold,0.0,same_minute,-0.9035618587955488,0.0,
2026-01-23T21:30:00-05:00,BTC/USD,window360_strategy,hold,0.0,same_minute,-0.9035618587955488,0.0,
2026-01-23T21:29:00-05:00,ETH/USD,window360_strategy,hold,0.0,same_minute,-0.9035618587955488,0.0,
2026-01-23T21:31:00-05:00,BTC/USD,window360_strategy,hold,0.0,no_change,-0.5697274364312115,0.0,below_z_enter
2026-01-23T21:31:00-05:00,ETH/USD,window360_strategy,hold,0.0,no_change,-0.8580652115881,-0.0,below_z_enter
2026-01-23T21:31:00-05:00,BTC/USD,window360_strategy,hold,0.0,same_minute,-0.8580652115881,0.0,
2026-01-23T21:31:00-05:00,ETH/USD,window360_strategy,hold,0.0,same_minute,-0.8580652115881,0.0,
2026-01-23T21:31:00-05:00,BTC/USD,window360_strategy,hold,0.0,same_minute,-0.8580652115881,0.0,
2026-01-23T21:31:00-05:00,ETH/USD,window360_strategy,hold,0.0,same_minute,-0.8580652115881,0.0,
2026-01-23T21:31:00-05:00,BTC/USD,window360_strategy,hold,0.0,same_minute,-0.8580652115881,0.0,
2026-01-23T21:31:00-05:00,ETH/USD,window360_strategy,hold,0.0,same_minute,-0.8580652115881,0.0,
2026-01-23T21:31:00-05:00,BTC/USD,window360_strategy,hold,0.0,same_minute,-0.8580652115881,0.0,
2026-01-23T21:31:00-05:00,ETH/USD,window360_strategy,hold,0.0,same_minute,-0.8580652115881,0.0,
2026-01-23T21:31:00-05:00,BTC/USD,window360_strategy,hold,0.0,same_minute,-0.8580652115881,0.0,
2026-01-23T21:31:00-05:00,ETH/USD,window360_strategy,hold,0.0,same_minute,-0.8580652115881,0.0,
2026-01-23T21:32:00-05:00,BTC/USD,window360_strategy,hold,0.0,no_change,-0.9313048630079899,0.0,below_z_enter
2026-01-23T21:32:00-05:00,ETH/USD,window360_strategy,hold,0.0,no_change,-0.6522447146979135,-0.0,below_z_enter
2026-01-23T21:32:00-05:00,BTC/USD,window360_strategy,hold,0.0,same_minute,-0.6522447146979135,0.0,
2026-01-23T21:32:00-05:00,ETH/USD,window360_strategy,hold,0.0,same_minute,-0.6522447146979135,0.0,
2026-01-23T21:32:00-05:00,BTC/USD,window360_strategy,hold,0.0,same_minute,-0.6522447146979135,0.0,
2026-01-23T21:32:00-05:00,ETH/USD,window360_strategy,hold,0.0,same_minute,-0.6522447146979135,0.0,
2026-01-23T21:32:00-05:00,BTC/USD,window360_strategy,hold,0.0,same_minute,-0.6522447146979135,0.0,
2026-01-23T21:32:00-05:00,ETH/USD,window360_strategy,hold,0.0,same_minute,-0.6522447146979135,0.0,
2026-01-23T21:32:00-05:00,BTC/USD,window360_strategy,hold,0.0,same_minute,-0.6522447146979135,0.0,
2026-01-23T21:32:00-05:00,ETH/USD,window360_strategy,hold,0.0,same_minute,-0.6522447146979135,0.0,
2026-01-23T21:32:00-05:00,BTC/USD,window360_strategy,hold,0.0,same_minute,-0.6522447146979135,0.0,
2026-01-23T21:32:00-05:00,ETH/USD,window360_strategy,hold,0.0,same_minute,-0.6522447146979135,0.0,
2026-01-23T21:33:00-05:00,BTC/USD,window360_strategy,hold,0.0,no_change,-0.6603847246775485,0.0,below_z_enter
2026-01-23T21:33:00-05:00,ETH/USD,window360_strategy,hold,0.0,no_change,-0.623491584721659,-0.0,below_z_enter
2026-01-23T21:33:00-05:00,BTC/USD,window360_strategy,hold,0.0,same_minute,-0.623491584721659,0.0,
2026-01-23T21:33:00-05:00,ETH/USD,window360_strategy,hold,0.0,same_minute,-0.623491584721659,0.0,
2026-01-23T21:33:00-05:00,BTC/USD,window360_strategy,hold,0.0,same_minute,-0.623491584721659,0.0,
2026-01-23T21:33:00-05:00,ETH/USD,window360_strategy,hold,0.0,same_minute,-0.623491584721659,0.0,
2026-01-23T21:33:00-05:00,BTC/USD,window360_strategy,hold,0.0,same_minute,-0.623491584721659,0.0,
2026-01-23T21:33:00-05:00,ETH/USD,window360_strategy,hold,0.0,same_minute,-0.623491584721659,0.0,
2026-01-23T21:33:00-05:00,BTC/USD,window360_strategy,hold,0.0,same_minute,-0.623491584721659,0.0,
2026-01-23T21:33:00-05:00,ETH/USD,window360_strategy,hold,0.0,same_minute,-0.623491584721659,0.0,
2026-01-23T21:33:00-05:00,BTC/USD,window360_strategy,hold,0.0,same_minute,-0.623491584721659,0.0,
2026-01-23T21:33:00-05:00,ETH/USD,window360_strategy,hold,0.0,same_minute,-0.623491584721659,0.0,
2026-01-23T21:34:00-05:00,BTC/USD,window360_strategy,hold,0.0,no_change,-0.8788210537296881,0.0,below_z_enter
2026-01-23T21:34:00-05:00,ETH/USD,window360_strategy,hold,0.0,no_change,-0.7668870686443697,-0.0,below_z_enter
2026-01-23T21:34:00-05:00,BTC/USD,window360_strategy,hold,0.0,same_minute,-0.7668870686443697,0.0,
2026-01-23T21:34:00-05:00,ETH/USD,window360_strategy,hold,0.0,same_minute,-0.7668870686443697,0.0,
2026-01-23T21:34:00-05:00,BTC/USD,window360_strategy,hold,0.0,same_minute,-0.7668870686443697,0.0,
2026-01-23T21:34:00-05:00,ETH/USD,window360_strategy,hold,0.0,same_minute,-0.7668870686443697,0.0,
2026-01-23T21:34:00-05:00,BTC/USD,window360_strategy,hold,0.0,same_minute,-0.7668870686443697,0.0,
2026-01-23T21:34:00-05:00,ETH/USD,window360_strategy,hold,0.0,same_minute,-0.7668870686443697,0.0,
2026-01-23T21:34:00-05:00,BTC/USD,window360_strategy,hold,0.0,same_minute,-0.7668870686443697,0.0,
2026-01-23T21:34:00-05:00,ETH/USD,window360_strategy,hold,0.0,same_minute,-0.7668870686443697,0.0,
2026-01-23T21:35:00-05:00,BTC/USD,window360_strategy,hold,0.0,no_change,-0.6179160611874076,0.0,below_z_enter
2026-01-23T21:35:00-05:00,ETH/USD,window360_strategy,hold,0.0,no_change,-0.6361856867262123,-0.0,below_z_enter
2026-01-23T21:35:00-05:00,BTC/USD,window360_strategy,hold,0.0,same_minute,-0.6361856867262123,0.0,
2026-01-23T21:35:00-05:00,ETH/USD,window360_strategy,hold,0.0,same_minute,-0.6361856867262123,0.0,
2026-01-23T21:35:00-05:00,BTC/USD,window360_strategy,hold,0.0,same_minute,-0.6361856867262123,0.0,
2026-01-23T21:35:00-05:00,ETH/USD,window360_strategy,hold,0.0,same_minute,-0.6361856867262123,0.0,
2026-01-23T21:35:00-05:00,BTC/USD,window360_strategy,hold,0.0,same_minute,-0.6361856867262123,0.0,
2026-01-23T21:35:00-05:00,ETH/USD,window360_strategy,hold,0.0,same_minute,-0.6361856867262123,0.0,
2026-01-23T21:35:00-05:00,BTC/USD,window360_strategy,hold,0.0,same_minute,-0.6361856867262123,0.0,
2026-01-23T21:35:00-05:00,ETH/USD,window360_strategy,hold,0.0,same_minute,-0.6361856867262123,0.0,
2026-01-23T21:35:00-05:00,BTC/USD,window360_strategy,hold,0.0,same_minute,-0.6361856867262123,0.0,
2026-01-23T21:35:00-05:00,ETH/USD,window360_strategy,hold,0.0,same_minute,-0.6361856867262123,0.0,
2026-01-23T21:36:00-05:00,BTC/USD,window360_strategy,hold,0.0,no_change,-0.7933181019983935,0.0,below_z_enter
2026-01-23T21:36:00-05:00,ETH/USD,window360_strategy,hold,0.0,no_change,-0.49624117285804004,-0.0,below_z_enter
2026-01-23T21:36:00-05:00,BTC/USD,window360_strategy,hold,0.0,same_minute,-0.49624117285804004,0.0,
2026-01-23T21:36:00-05:00,ETH/USD,window360_strategy,hold,0.0,same_minute,-0.49624117285804004,0.0,
2026-01-23T21:36:00-05:00,BTC/USD,window360_strategy,hold,0.0,same_minute,-0.49624117285804004,0.0,
2026-01-23T21:36:00-05:00,ETH/USD,window360_strategy,hold,0.0,same_minute,-0.49624117285804004,0.0,
2026-01-23T21:36:00-05:00,BTC/USD,window360_strategy,hold,0.0,same_minute,-0.49624117285804004,0.0,
2026-01-23T21:36:00-05:00,ETH/USD,window360_strategy,hold,0.0,same_minute,-0.49624117285804004,0.0,
2026-01-23T21:36:00-05:00,BTC/USD,window360_strategy,hold,0.0,same_minute,-0.49624117285804004,0.0,
2026-01-23T21:36:00-05:00,ETH/USD,window360_strategy,hold,0.0,same_minute,-0.49624117285804004,0.0,
2026-01-23T21:36:00-05:00,BTC/USD,window360_strategy,hold,0.0,same_minute,-0.49624117285804004,0.0,
2026-01-23T21:36:00-05:00,ETH/USD,window360_strategy,hold,0.0,same_minute,-0.49624117285804004,0.0,
2026-01-23T21:37:00-05:00,BTC/USD,window360_strategy,hold,0.0,no_change,-0.4547252295220015,0.0,below_z_enter
2026-01-23T21:36:00-05:00,ETH/USD,window360_strategy,hold,0.0,same_minute,-0.4549489677854477,0.0,
2026-01-23T21:37:00-05:00,BTC/USD,window360_strategy,hold,0.0,same_minute,-0.4549489677854477,0.0,
2026-01-23T21:36:00-05:00,ETH/USD,window360_strategy,hold,0.0,same_minute,-0.4549489677854477,0.0,
2026-01-23T21:37:00-05:00,BTC/USD,window360_strategy,hold,0.0,same_minute,-0.4549489677854477,0.0,
2026-01-23T21:36:00-05:00,ETH/USD,window360_strategy,hold,0.0,same_minute,-0.4549489677854477,0.0,
2026-01-23T21:37:00-05:00,BTC/USD,window360_strategy,hold,0.0,same_minute,-0.4549489677854477,0.0,
2026-01-23T21:36:00-05:00,ETH/USD,window360_strategy,hold,0.0,same_minute,-0.4549489677854477,0.0,
2026-01-23T21:37:00-05:00,BTC/USD,window360_strategy,hold,0.0,same_minute,-0.4549489677854477,0.0,
2026-01-23T21:36:00-05:00,ETH/USD,window360_strategy,hold,0.0,same_minute,-0.4549489677854477,0.0,
2026-01-23T21:37:00-05:00,BTC/USD,window360_strategy,hold,0.0,same_minute,-0.4549489677854477,0.0,
2026-01-23T21:36:00-05:00,ETH/USD,window360_strategy,hold,0.0,same_minute,-0.4549489677854477,0.0,
2026-01-23T21:38:00-05:00,BTC/USD,window360_strategy,hold,0.0,no_change,-0.4114934368445586,0.0,below_z_enter
2026-01-23T21:38:00-05:00,ETH/USD,window360_strategy,hold,0.0,no_change,-0.46881199954186814,-0.0,below_z_enter
2026-01-23T21:38:00-05:00,BTC/USD,window360_strategy,hold,0.0,same_minute,-0.46881199954186814,0.0,
2026-01-23T21:38:00-05:00,ETH/USD,window360_strategy,hold,0.0,same_minute,-0.46881199954186814,0.0,
2026-01-23T21:38:00-05:00,BTC/USD,window360_strategy,hold,0.0,same_minute,-0.46881199954186814,0.0,
2026-01-23T21:38:00-05:00,ETH/USD,window360_strategy,hold,0.0,same_minute,-0.46881199954186814,0.0,
2026-01-23T21:38:00-05:00,BTC/USD,window360_strategy,hold,0.0,same_minute,-0.46881199954186814,0.0,
2026-01-23T21:38:00-05:00,ETH/USD,window360_strategy,hold,0.0,same_minute,-0.46881199954186814,0.0,
2026-01-23T21:38:00-05:00,BTC/USD,window360_strategy,hold,0.0,same_minute,-0.46881199954186814,0.0,
2026-01-23T21:38:00-05:00,ETH/USD,window360_strategy,hold,0.0,same_minute,-0.46881199954186814,0.0,
2026-01-23T21:38:00-05:00,BTC/USD,window360_strategy,hold,0.0,same_minute,-0.46881199954186814,0.0,
2026-01-23T21:38:00-05:00,ETH/USD,window360_strategy,hold,0.0,same_minute,-0.46881199954186814,0.0,
2026-01-23T21:39:00-05:00,BTC/USD,window360_strategy,hold,0.0,no_change,0.04423349637946267,0.0,below_z_enter
2026-01-23T21:39:00-05:00,ETH/USD,window360_strategy,hold,0.0,no_change,-0.42743127204300513,-0.0,below_z_enter
2026-01-23T21:39:00-05:00,BTC/USD,window360_strategy,hold,0.0,same_minute,-0.42743127204300513,0.0,
2026-01-23T21:39:00-05:00,ETH/USD,window360_strategy,hold,0.0,same_minute,-0.42743127204300513,0.0,
2026-01-23T21:39:00-05:00,BTC/USD,window360_strategy,hold,0.0,same_minute,-0.42743127204300513,0.0,
2026-01-23T21:39:00-05:00,ETH/USD,window360_strategy,hold,0.0,same_minute,-0.42743127204300513,0.0,
2026-01-23T21:39:00-05:00,BTC/USD,window360_strategy,hold,0.0,same_minute,-0.42743127204300513,0.0,
2026-01-23T21:39:00-05:00,ETH/USD,window360_strategy,hold,0.0,same_minute,-0.42743127204300513,0.0,
2026-01-23T21:39:00-05:00,BTC/USD,window360_strategy,hold,0.0,same_minute,-0.42743127204300513,0.0,
2026-01-23T21:39:00-05:00,ETH/USD,window360_strategy,hold,0.0,same_minute,-0.42743127204300513,0.0,
2026-01-23T21:39:00-05:00,BTC/USD,window360_strategy,hold,0.0,same_minute,-0.42743127204300513,0.0,
2026-01-23T21:39:00-05:00,ETH/USD,window360_strategy,hold,0.0,same_minute,-0.42743127204300513,0.0,
2026-01-23T21:39:00-05:00,BTC/USD,window360_strategy,hold,0.0,same_minute,-0.42743127204300513,0.0,
2026-01-23T21:40:00-05:00,ETH/USD,window360_strategy,hold,0.0,no_change,-0.32863331462574064,-0.0,below_z_enter
2026-01-23T21:39:00-05:00,BTC/USD,window360_strategy,hold,0.0,same_minute,-0.3291805339636907,0.0,
2026-01-23T21:40:00-05:00,ETH/USD,window360_strategy,hold,0.0,same_minute,-0.3291805339636907,0.0,
2026-01-23T21:39:00-05:00,BTC/USD,window360_strategy,hold,0.0,same_minute,-0.3291805339636907,0.0,
2026-01-23T21:40:00-05:00,ETH/USD,window360_strategy,hold,0.0,same_minute,-0.3291805339636907,0.0,
2026-01-23T21:39:00-05:00,BTC/USD,window360_strategy,hold,0.0,same_minute,-0.3291805339636907,0.0,
2026-01-23T21:40:00-05:00,ETH/USD,window360_strategy,hold,0.0,same_minute,-0.3291805339636907,0.0,
2026-01-23T21:39:00-05:00,BTC/USD,window360_strategy,hold,0.0,same_minute,-0.3291805339636907,0.0,
2026-01-23T21:40:00-05:00,ETH/USD,window360_strategy,hold,0.0,same_minute,-0.3291805339636907,0.0,
2026-01-23T21:39:00-05:00,BTC/USD,window360_strategy,hold,0.0,same_minute,-0.3291805339636907,0.0,
2026-01-23T21:40:00-05:00,ETH/USD,window360_strategy,hold,0.0,same_minute,-0.3291805339636907,0.0,
2026-01-23T21:39:00-05:00,BTC/USD,window360_strategy,hold,0.0,same_minute,-0.3291805339636907,0.0,
2026-01-23T21:41:00-05:00,ETH/USD,window360_strategy,hold,0.0,no_change,-0.5107708563231106,-0.0,below_z_enter
2026-01-23T21:39:00-05:00,BTC/USD,window360_strategy,hold,0.0,same_minute,-0.509626980962188,0.0,
2026-01-23T21:41:00-05:00,ETH/USD,window360_strategy,hold,0.0,same_minute,-0.509626980962188,0.0,
2026-01-23T21:39:00-05:00,BTC/USD,window360_strategy,hold,0.0,same_minute,-0.509626980962188,0.0,
2026-01-23T21:41:00-05:00,ETH/USD,window360_strategy,hold,0.0,same_minute,-0.509626980962188,0.0,
2026-01-23T21:39:00-05:00,BTC/USD,window360_strategy,hold,0.0,same_minute,-0.509626980962188,0.0,
2026-01-23T21:41:00-05:00,ETH/USD,window360_strategy,hold,0.0,same_minute,-0.509626980962188,0.0,
2026-01-23T21:39:00-05:00,BTC/USD,window360_strategy,hold,0.0,same_minute,-0.509626980962188,0.0,
2026-01-23T21:41:00-05:00,ETH/USD,window360_strategy,hold,0.0,same_minute,-0.509626980962188,0.0,
2026-01-23T21:39:00-05:00,BTC/USD,window360_strategy,hold,0.0,same_minute,-0.509626980962188,0.0,
2026-01-23T21:41:00-05:00,ETH/USD,window360_strategy,hold,0.0,same_minute,-0.509626980962188,0.0,
2026-01-23T21:42:00-05:00,BTC/USD,window360_strategy,hold,0.0,no_change,-0.600110012835745,0.0,below_z_enter
2026-01-23T21:42:00-05:00,ETH/USD,window360_strategy,hold,0.0,no_change,-0.61529815809284,-0.0,below_z_enter
2026-01-23T21:42:00-05:00,BTC/USD,window360_strategy,hold,0.0,same_minute,-0.61529815809284,0.0,
2026-01-23T21:42:00-05:00,ETH/USD,window360_strategy,hold,0.0,same_minute,-0.61529815809284,0.0,
2026-01-23T21:42:00-05:00,BTC/USD,window360_strategy,hold,0.0,same_minute,-0.61529815809284,0.0,
2026-01-23T21:42:00-05:00,ETH/USD,window360_strategy,hold,0.0,same_minute,-0.61529815809284,0.0,
2026-01-23T21:42:00-05:00,BTC/USD,window360_strategy,hold,0.0,same_minute,-0.61529815809284,0.0,
2026-01-23T21:42:00-05:00,ETH/USD,window360_strategy,hold,0.0,same_minute,-0.61529815809284,0.0,
2026-01-23T21:42:00-05:00,BTC/USD,window360_strategy,hold,0.0,same_minute,-0.61529815809284,0.0,
2026-01-23T21:42:00-05:00,ETH/USD,window360_strategy,hold,0.0,same_minute,-0.61529815809284,0.0,
2026-01-23T21:42:00-05:00,BTC/USD,window360_strategy,hold,0.0,same_minute,-0.61529815809284,0.0,
2026-01-23T21:43:00-05:00,ETH/USD,window360_strategy,hold,0.0,no_change,-0.3012298258904923,-0.0,below_z_enter
2026-01-23T21:42:00-05:00,BTC/USD,window360_strategy,hold,0.0,same_minute,-0.30303505522648366,0.0,
2026-01-23T21:43:00-05:00,ETH/USD,window360_strategy,hold,0.0,same_minute,-0.30303505522648366,0.0,
2026-01-23T21:42:00-05:00,BTC/USD,window360_strategy,hold,0.0,same_minute,-0.30303505522648366,0.0,
2026-01-23T21:43:00-05:00,ETH/USD,window360_strategy,hold,0.0,same_minute,-0.30303505522648366,0.0,
2026-01-23T21:42:00-05:00,BTC/USD,window360_strategy,hold,0.0,same_minute,-0.30303505522648366,0.0,
2026-01-23T21:43:00-05:00,ETH/USD,window360_strategy,hold,0.0,same_minute,-0.30303505522648366,0.0,
2026-01-23T21:42:00-05:00,BTC/USD,window360_strategy,hold,0.0,same_minute,-0.30303505522648366,0.0,
2026-01-23T21:43:00-05:00,ETH/USD,window360_strategy,hold,0.0,same_minute,-0.30303505522648366,0.0,
2026-01-23T21:42:00-05:00,BTC/USD,window360_strategy,hold,0.0,same_minute,-0.30303505522648366,0.0,
2026-01-23T21:43:00-05:00,ETH/USD,window360_strategy,hold,0.0,same_minute,-0.30303505522648366,0.0,
2026-01-23T21:44:00-05:00,BTC/USD,window360_strategy,hold,0.0,no_change,-0.09882084015311747,0.0,below_z_enter
2026-01-23T21:43:00-05:00,ETH/USD,window360_strategy,hold,0.0,same_minute,-0.099947525784429,0.0,
2026-01-23T21:44:00-05:00,BTC/USD,window360_strategy,hold,0.0,same_minute,-0.099947525784429,0.0,
2026-01-23T21:43:00-05:00,ETH/USD,window360_strategy,hold,0.0,same_minute,-0.099947525784429,0.0,
2026-01-23T21:44:00-05:00,BTC/USD,window360_strategy,hold,0.0,same_minute,-0.099947525784429,0.0,
2026-01-23T21:43:00-05:00,ETH/USD,window360_strategy,hold,0.0,same_minute,-0.099947525784429,0.0,
2026-01-23T21:44:00-05:00,BTC/USD,window360_strategy,hold,0.0,same_minute,-0.099947525784429,0.0,
2026-01-23T21:43:00-05:00,ETH/USD,window360_strategy,hold,0.0,same_minute,-0.099947525784429,0.0,
2026-01-23T21:44:00-05:00,BTC/USD,window360_strategy,hold,0.0,same_minute,-0.099947525784429,0.0,
2026-01-23T21:43:00-05:00,ETH/USD,window360_strategy,hold,0.0,same_minute,-0.099947525784429,0.0,
2026-01-23T21:44:00-05:00,BTC/USD,window360_strategy,hold,0.0,same_minute,-0.099947525784429,0.0,
2026-01-23T21:43:00-05:00,ETH/USD,window360_strategy,hold,0.0,same_minute,-0.099947525784429,0.0,
2026-01-23T21:45:00-05:00,BTC/USD,window360_strategy,hold,0.0,no_change,-0.13653747797479515,0.0,below_z_enter
2026-01-23T21:45:00-05:00,ETH/USD,window360_strategy,hold,0.0,no_change,-0.25332875521627624,-0.0,below_z_enter
2026-01-23T21:45:00-05:00,BTC/USD,window360_strategy,hold,0.0,same_minute,-0.25332875521627624,0.0,
2026-01-23T21:45:00-05:00,ETH/USD,window360_strategy,hold,0.0,same_minute,-0.25332875521627624,0.0,
2026-01-23T21:56:00-05:00,BTC/USD,window360_strategy,hold,0.0,no_change,-0.2116535327859942,0.0,below_z_enter
2026-01-23T21:55:00-05:00,ETH/USD,window360_strategy,hold,0.0,no_change,0.058454251647313674,-0.0,below_z_enter
2026-01-23T21:56:00-05:00,BTC/USD,window360_strategy,hold,0.0,same_minute,0.05700869770643764,0.0,
2026-01-23T21:55:00-05:00,ETH/USD,window360_strategy,hold,0.0,same_minute,0.05700869770643764,0.0,
2026-01-23T21:56:00-05:00,BTC/USD,window360_strategy,hold,0.0,same_minute,0.05700869770643764,0.0,
2026-01-23T21:55:00-05:00,ETH/USD,window360_strategy,hold,0.0,same_minute,0.05700869770643764,0.0,
2026-01-23T21:57:00-05:00,BTC/USD,window360_strategy,hold,0.0,no_change,0.19683458878059062,0.0,below_z_enter
2026-01-23T21:55:00-05:00,ETH/USD,window360_strategy,hold,0.0,same_minute,0.19609110902280136,0.0,
2026-01-23T21:57:00-05:00,BTC/USD,window360_strategy,hold,0.0,same_minute,0.19609110902280136,0.0,
2026-01-23T21:55:00-05:00,ETH/USD,window360_strategy,hold,0.0,same_minute,0.19609110902280136,0.0,
2026-01-23T21:57:00-05:00,BTC/USD,window360_strategy,hold,0.0,same_minute,0.19609110902280136,0.0,
2026-01-23T21:55:00-05:00,ETH/USD,window360_strategy,hold,0.0,same_minute,0.19609110902280136,0.0,
2026-01-23T21:57:00-05:00,BTC/USD,window360_strategy,hold,0.0,same_minute,0.19609110902280136,0.0,
2026-01-23T21:55:00-05:00,ETH/USD,window360_strategy,hold,0.0,same_minute,0.19609110902280136,0.0,
2026-01-23T21:57:00-05:00,BTC/USD,window360_strategy,hold,0.0,same_minute,0.19609110902280136,0.0,
2026-01-23T21:55:00-05:00,ETH/USD,window360_strategy,hold,0.0,same_minute,0.19609110902280136,0.0,
2026-01-23T21:57:00-05:00,BTC/USD,window360_strategy,hold,0.0,same_minute,0.19609110902280136,0.0,
2026-01-23T21:55:00-05:00,ETH/USD,window360_strategy,hold,0.0,same_minute,0.19609110902280136,0.0,
2026-01-23T21:58:00-05:00,BTC/USD,window360_strategy,hold,0.0,no_change,0.03734338178012596,0.0,below_z_enter
2026-01-23T21:58:00-05:00,ETH/USD,window360_strategy,hold,0.0,no_change,-0.311544535578258,-0.0,below_z_enter
2026-01-23T21:58:00-05:00,BTC/USD,window360_strategy,hold,0.0,same_minute,-0.311544535578258,0.0,
2026-01-23T21:58:00-05:00,ETH/USD,window360_strategy,hold,0.0,same_minute,-0.311544535578258,0.0,
2026-01-23T21:58:00-05:00,BTC/USD,window360_strategy,hold,0.0,same_minute,-0.311544535578258,0.0,
2026-01-23T21:58:00-05:00,ETH/USD,window360_strategy,hold,0.0,same_minute,-0.311544535578258,0.0,
2026-01-23T21:58:00-05:00,BTC/USD,window360_strategy,hold,0.0,same_minute,-0.311544535578258,0.0,
2026-01-23T21:58:00-05:00,ETH/USD,window360_strategy,hold,0.0,same_minute,-0.311544535578258,0.0,
2026-01-23T21:58:00-05:00,BTC/USD,window360_strategy,hold,0.0,same_minute,-0.311544535578258,0.0,
2026-01-23T21:58:00-05:00,ETH/USD,window360_strategy,hold,0.0,same_minute,-0.311544535578258,0.0,
2026-01-23T21:59:00-05:00,BTC/USD,window360_strategy,hold,0.0,no_change,-0.14748113776797664,0.0,below_z_enter
2026-01-23T21:59:00-05:00,ETH/USD,window360_strategy,hold,0.0,no_change,0.03379132947294254,-0.0,below_z_enter
2026-01-23T21:59:00-05:00,BTC/USD,window360_strategy,hold,0.0,same_minute,0.03379132947294254,0.0,
2026-01-23T21:59:00-05:00,ETH/USD,window360_strategy,hold,0.0,same_minute,0.03379132947294254,0.0,
2026-01-23T21:59:00-05:00,BTC/USD,window360_strategy,hold,0.0,same_minute,0.03379132947294254,0.0,
2026-01-23T21:59:00-05:00,ETH/USD,window360_strategy,hold,0.0,same_minute,0.03379132947294254,0.0,
2026-01-23T21:59:00-05:00,BTC/USD,window360_strategy,hold,0.0,same_minute,0.03379132947294254,0.0,
2026-01-23T21:59:00-05:00,ETH/USD,window360_strategy,hold,0.0,same_minute,0.03379132947294254,0.0,
2026-01-23T21:59:00-05:00,BTC/USD,window360_strategy,hold,0.0,same_minute,0.03379132947294254,0.0,
2026-01-23T21:59:00-05:00,ETH/USD,window360_strategy,hold,0.0,same_minute,0.03379132947294254,0.0,
2026-01-23T21:59:00-05:00,BTC/USD,window360_strategy,hold,0.0,same_minute,0.03379132947294254,0.0,
2026-01-23T21:59:00-05:00,ETH/USD,window360_strategy,hold,0.0,same_minute,0.03379132947294254,0.0,
2026-01-23T22:00:00-05:00,BTC/USD,window360_strategy,hold,0.0,no_change,-0.13723538104001246,0.0,below_z_enter
2026-01-23T22:00:00-05:00,ETH/USD,window360_strategy,hold,0.0,no_change,-0.018451218601931347,-0.0,below_z_enter
2026-01-23T22:00:00-05:00,BTC/USD,window360_strategy,hold,0.0,same_minute,-0.018451218601931347,0.0,
2026-01-23T22:00:00-05:00,ETH/USD,window360_strategy,hold,0.0,same_minute,-0.018451218601931347,0.0,
2026-01-23T22:00:00-05:00,BTC/USD,window360_strategy,hold,0.0,same_minute,-0.018451218601931347,0.0,
2026-01-23T22:00:00-05:00,ETH/USD,window360_strategy,hold,0.0,same_minute,-0.018451218601931347,0.0,
2026-01-23T22:00:00-05:00,BTC/USD,window360_strategy,hold,0.0,same_minute,-0.018451218601931347,0.0,
2026-01-23T22:00:00-05:00,ETH/USD,window360_strategy,hold,0.0,same_minute,-0.018451218601931347,0.0,
2026-01-23T22:00:00-05:00,BTC/USD,window360_strategy,hold,0.0,same_minute,-0.018451218601931347,0.0,
2026-01-23T22:00:00-05:00,ETH/USD,window360_strategy,hold,0.0,same_minute,-0.018451218601931347,0.0,
2026-01-23T22:00:00-05:00,BTC/USD,window360_strategy,hold,0.0,same_minute,-0.018451218601931347,0.0,
2026-01-23T22:00:00-05:00,ETH/USD,window360_strategy,hold,0.0,same_minute,-0.018451218601931347,0.0,
2026-01-23T22:01:00-05:00,BTC/USD,window360_strategy,hold,0.0,no_change,0.10126797210633257,0.0,below_z_enter
2026-01-23T22:00:00-05:00,ETH/USD,window360_strategy,hold,0.0,same_minute,0.1006500474145552,0.0,
2026-01-23T22:01:00-05:00,BTC/USD,window360_strategy,hold,0.0,same_minute,0.1006500474145552,0.0,
2026-01-23T22:00:00-05:00,ETH/USD,window360_strategy,hold,0.0,same_minute,0.1006500474145552,0.0,
2026-01-23T22:01:00-05:00,BTC/USD,window360_strategy,hold,0.0,same_minute,0.1006500474145552,0.0,
2026-01-23T22:00:00-05:00,ETH/USD,window360_strategy,hold,0.0,same_minute,0.1006500474145552,0.0,
2026-01-23T22:01:00-05:00,BTC/USD,window360_strategy,hold,0.0,same_minute,0.1006500474145552,0.0,
2026-01-23T22:00:00-05:00,ETH/USD,window360_strategy,hold,0.0,same_minute,0.1006500474145552,0.0,
2026-01-23T22:01:00-05:00,BTC/USD,window360_strategy,hold,0.0,same_minute,0.1006500474145552,0.0,
2026-01-23T22:00:00-05:00,ETH/USD,window360_strategy,hold,0.0,same_minute,0.1006500474145552,0.0,
2026-01-23T22:01:00-05:00,BTC/USD,window360_strategy,hold,0.0,same_minute,0.1006500474145552,0.0,
2026-01-23T22:00:00-05:00,ETH/USD,window360_strategy,hold,0.0,same_minute,0.1006500474145552,0.0,
2026-01-23T22:02:00-05:00,BTC/USD,window360_strategy,hold,0.0,no_change,0.1606650872781421,0.0,below_z_enter
2026-01-23T22:02:00-05:00,ETH/USD,window360_strategy,hold,0.0,no_change,-0.17171865772152461,-0.0,below_z_enter
2026-01-23T22:02:00-05:00,BTC/USD,window360_strategy,hold,0.0,same_minute,-0.17171865772152461,0.0,
2026-01-23T22:02:00-05:00,ETH/USD,window360_strategy,hold,0.0,same_minute,-0.17171865772152461,0.0,
2026-01-23T22:02:00-05:00,BTC/USD,window360_strategy,hold,0.0,same_minute,-0.17171865772152461,0.0,
2026-01-23T22:02:00-05:00,ETH/USD,window360_strategy,hold,0.0,same_minute,-0.17171865772152461,0.0,
2026-01-23T22:02:00-05:00,BTC/USD,window360_strategy,hold,0.0,same_minute,-0.17171865772152461,0.0,
2026-01-23T22:02:00-05:00,ETH/USD,window360_strategy,hold,0.0,same_minute,-0.17171865772152461,0.0,
2026-01-23T22:02:00-05:00,BTC/USD,window360_strategy,hold,0.0,same_minute,-0.17171865772152461,0.0,
2026-01-23T22:02:00-05:00,ETH/USD,window360_strategy,hold,0.0,same_minute,-0.17171865772152461,0.0,
2026-01-23T22:03:00-05:00,BTC/USD,window360_strategy,hold,0.0,no_change,0.11462744673013876,0.0,below_z_enter
2026-01-23T22:03:00-05:00,ETH/USD,window360_strategy,hold,0.0,no_change,-0.16589619979367176,-0.0,below_z_enter
2026-01-23T22:03:00-05:00,BTC/USD,window360_strategy,hold,0.0,same_minute,-0.16589619979367176,0.0,
2026-01-23T22:03:00-05:00,ETH/USD,window360_strategy,hold,0.0,same_minute,-0.16589619979367176,0.0,
2026-01-23T22:03:00-05:00,BTC/USD,window360_strategy,hold,0.0,same_minute,-0.16589619979367176,0.0,
2026-01-23T22:03:00-05:00,ETH/USD,window360_strategy,hold,0.0,same_minute,-0.16589619979367176,0.0,
2026-01-23T22:03:00-05:00,BTC/USD,window360_strategy,hold,0.0,same_minute,-0.16589619979367176,0.0,
2026-01-23T22:03:00-05:00,ETH/USD,window360_strategy,hold,0.0,same_minute,-0.16589619979367176,0.0,
2026-01-23T22:03:00-05:00,BTC/USD,window360_strategy,hold,0.0,same_minute,-0.16589619979367176,0.0,
2026-01-23T22:03:00-05:00,ETH/USD,window360_strategy,hold,0.0,same_minute,-0.16589619979367176,0.0,
2026-01-23T22:03:00-05:00,BTC/USD,window360_strategy,hold,0.0,same_minute,-0.16589619979367176,0.0,
2026-01-23T22:03:00-05:00,ETH/USD,window360_strategy,hold,0.0,same_minute,-0.16589619979367176,0.0,
2026-01-23T22:04:00-05:00,BTC/USD,window360_strategy,hold,0.0,no_change,0.4365222109990949,0.0,below_z_enter
2026-01-23T22:04:00-05:00,ETH/USD,window360_strategy,hold,0.0,no_change,-0.31105591813315164,-0.0,below_z_enter
2026-01-23T22:04:00-05:00,BTC/USD,window360_strategy,hold,0.0,same_minute,-0.31105591813315164,0.0,
2026-01-23T22:04:00-05:00,ETH/USD,window360_strategy,hold,0.0,same_minute,-0.31105591813315164,0.0,
2026-01-23T22:04:00-05:00,BTC/USD,window360_strategy,hold,0.0,same_minute,-0.31105591813315164,0.0,
2026-01-23T22:04:00-05:00,ETH/USD,window360_strategy,hold,0.0,same_minute,-0.31105591813315164,0.0,
2026-01-23T22:04:00-05:00,BTC/USD,window360_strategy,hold,0.0,same_minute,-0.31105591813315164,0.0,
2026-01-23T22:04:00-05:00,ETH/USD,window360_strategy,hold,0.0,same_minute,-0.31105591813315164,0.0,
2026-01-23T22:04:00-05:00,BTC/USD,window360_strategy,hold,0.0,same_minute,-0.31105591813315164,0.0,
2026-01-23T22:04:00-05:00,ETH/USD,window360_strategy,hold,0.0,same_minute,-0.31105591813315164,0.0,
2026-01-23T22:04:00-05:00,BTC/USD,window360_strategy,hold,0.0,same_minute,-0.31105591813315164,0.0,
2026-01-23T22:04:00-05:00,ETH/USD,window360_strategy,hold,0.0,same_minute,-0.31105591813315164,0.0,
2026-01-23T22:05:00-05:00,BTC/USD,window360_strategy,hold,0.0,no_change,-0.37022740252431063,0.0,below_z_enter
2026-01-23T22:05:00-05:00,ETH/USD,window360_strategy,hold,0.0,no_change,0.11560811412739552,-0.0,below_z_enter
2026-01-23T22:05:00-05:00,BTC/USD,window360_strategy,hold,0.0,same_minute,0.11560811412739552,0.0,
2026-01-23T22:05:00-05:00,ETH/USD,window360_strategy,hold,0.0,same_minute,0.11560811412739552,0.0,
2026-01-23T22:05:00-05:00,BTC/USD,window360_strategy,hold,0.0,same_minute,0.11560811412739552,0.0,
2026-01-23T22:05:00-05:00,ETH/USD,window360_strategy,hold,0.0,same_minute,0.11560811412739552,0.0,
2026-01-23T22:05:00-05:00,BTC/USD,window360_strategy,hold,0.0,same_minute,0.11560811412739552,0.0,
2026-01-23T22:05:00-05:00,ETH/USD,window360_strategy,hold,0.0,same_minute,0.11560811412739552,0.0,
2026-01-23T22:05:00-05:00,BTC/USD,window360_strategy,hold,0.0,same_minute,0.11560811412739552,0.0,
2026-01-23T22:05:00-05:00,ETH/USD,window360_strategy,hold,0.0,same_minute,0.11560811412739552,0.0,
2026-01-23T22:06:00-05:00,BTC/USD,window360_strategy,hold,0.0,no_change,0.46798844245939164,0.0,below_z_enter
2026-01-23T22:06:00-05:00,ETH/USD,window360_strategy,hold,0.0,no_change,0.13749120688321786,-0.0,below_z_enter
2026-01-23T22:06:00-05:00,BTC/USD,window360_strategy,hold,0.0,same_minute,0.13749120688321786,0.0,
2026-01-23T22:06:00-05:00,ETH/USD,window360_strategy,hold,0.0,same_minute,0.13749120688321786,0.0,
2026-01-23T22:06:00-05:00,BTC/USD,window360_strategy,hold,0.0,same_minute,0.13749120688321786,0.0,
2026-01-23T22:06:00-05:00,ETH/USD,window360_strategy,hold,0.0,same_minute,0.13749120688321786,0.0,
2026-01-23T22:06:00-05:00,BTC/USD,window360_strategy,hold,0.0,same_minute,0.13749120688321786,0.0,
2026-01-23T22:06:00-05:00,ETH/USD,window360_strategy,hold,0.0,same_minute,0.13749120688321786,0.0,
2026-01-23T22:06:00-05:00,BTC/USD,window360_strategy,hold,0.0,same_minute,0.13749120688321786,0.0,
2026-01-23T22:06:00-05:00,ETH/USD,window360_strategy,hold,0.0,same_minute,0.13749120688321786,0.0,
2026-01-23T22:06:00-05:00,BTC/USD,window360_strategy,hold,0.0,same_minute,0.13749120688321786,0.0,
2026-01-23T22:06:00-05:00,ETH/USD,window360_strategy,hold,0.0,same_minute,0.13749120688321786,0.0,
2026-01-23T22:07:00-05:00,BTC/USD,window360_strategy,hold,0.0,no_change,0.1807443160816534,0.0,below_z_enter
2026-01-23T22:06:00-05:00,ETH/USD,window360_strategy,hold,0.0,same_minute,0.18057675913352525,0.0,
2026-01-23T22:07:00-05:00,BTC/USD,window360_strategy,hold,0.0,same_minute,0.18057675913352525,0.0,
2026-01-23T22:06:00-05:00,ETH/USD,window360_strategy,hold,0.0,same_minute,0.18057675913352525,0.0,
2026-01-23T22:07:00-05:00,BTC/USD,window360_strategy,hold,0.0,same_minute,0.18057675913352525,0.0,
2026-01-23T22:06:00-05:00,ETH/USD,window360_strategy,hold,0.0,same_minute,0.18057675913352525,0.0,
2026-01-23T22:07:00-05:00,BTC/USD,window360_strategy,hold,0.0,same_minute,0.18057675913352525,0.0,
2026-01-23T22:06:00-05:00,ETH/USD,window360_strategy,hold,0.0,same_minute,0.18057675913352525,0.0,
2026-01-23T22:07:00-05:00,BTC/USD,window360_strategy,hold,0.0,same_minute,0.18057675913352525,0.0,
2026-01-23T22:06:00-05:00,ETH/USD,window360_strategy,hold,0.0,same_minute,0.18057675913352525,0.0,
2026-01-23T22:07:00-05:00,BTC/USD,window360_strategy,hold,0.0,same_minute,0.18057675913352525,0.0,
2026-01-23T22:06:00-05:00,ETH/USD,window360_strategy,hold,0.0,same_minute,0.18057675913352525,0.0,
2026-01-23T22:08:00-05:00,BTC/USD,window360_strategy,hold,0.0,no_change,0.11966857110173433,0.0,below_z_enter
2026-01-23T22:06:00-05:00,ETH/USD,window360_strategy,hold,0.0,same_minute,0.12010196945797297,0.0,
2026-01-23T22:08:00-05:00,BTC/USD,window360_strategy,hold,0.0,same_minute,0.12010196945797297,0.0,
2026-01-23T22:06:00-05:00,ETH/USD,window360_strategy,hold,0.0,same_minute,0.12010196945797297,0.0,
2026-01-23T22:08:00-05:00,BTC/USD,window360_strategy,hold,0.0,same_minute,0.12010196945797297,0.0,
2026-01-23T22:06:00-05:00,ETH/USD,window360_strategy,hold,0.0,same_minute,0.12010196945797297,0.0,
2026-01-23T22:08:00-05:00,BTC/USD,window360_strategy,hold,0.0,same_minute,0.12010196945797297,0.0,
2026-01-23T22:06:00-05:00,ETH/USD,window360_strategy,hold,0.0,same_minute,0.12010196945797297,0.0,
2026-01-23T22:08:00-05:00,BTC/USD,window360_strategy,hold,0.0,same_minute,0.12010196945797297,0.0,
2026-01-23T22:06:00-05:00,ETH/USD,window360_strategy,hold,0.0,same_minute,0.12010196945797297,0.0,
2026-01-23T22:08:00-05:00,BTC/USD,window360_strategy,hold,0.0,same_minute,0.12010196945797297,0.0,
2026-01-23T22:06:00-05:00,ETH/USD,window360_strategy,hold,0.0,same_minute,0.12010196945797297,0.0,
2026-01-23T22:09:00-05:00,BTC/USD,window360_strategy,hold,0.0,no_change,0.15421422778589508,0.0,below_z_enter
2026-01-23T22:06:00-05:00,ETH/USD,window360_strategy,hold,0.0,same_minute,0.15409936186158854,0.0,
2026-01-23T22:09:00-05:00,BTC/USD,window360_strategy,hold,0.0,same_minute,0.15409936186158854,0.0,
2026-01-23T22:06:00-05:00,ETH/USD,window360_strategy,hold,0.0,same_minute,0.15409936186158854,0.0,
2026-01-23T22:09:00-05:00,BTC/USD,window360_strategy,hold,0.0,same_minute,0.15409936186158854,0.0,
2026-01-23T22:06:00-05:00,ETH/USD,window360_strategy,hold,0.0,same_minute,0.15409936186158854,0.0,
2026-01-23T22:09:00-05:00,BTC/USD,window360_strategy,hold,0.0,same_minute,0.15409936186158854,0.0,
2026-01-23T22:06:00-05:00,ETH/USD,window360_strategy,hold,0.0,same_minute,0.15409936186158854,0.0,
2026-01-23T22:09:00-05:00,BTC/USD,window360_strategy,hold,0.0,same_minute,0.15409936186158854,0.0,
2026-01-23T22:06:00-05:00,ETH/USD,window360_strategy,hold,0.0,same_minute,0.15409936186158854,0.0,
2026-01-23T22:09:00-05:00,BTC/USD,window360_strategy,hold,0.0,same_minute,0.15409936186158854,0.0,
2026-01-23T22:06:00-05:00,ETH/USD,window360_strategy,hold,0.0,same_minute,0.15409936186158854,0.0,
2026-01-23T22:10:00-05:00,BTC/USD,window360_strategy,hold,0.0,no_change,-0.12543724306044637,0.0,below_z_enter
2026-01-23T22:06:00-05:00,ETH/USD,window360_strategy,hold,0.0,same_minute,-0.12375809603281891,0.0,
2026-01-23T22:10:00-05:00,BTC/USD,window360_strategy,hold,0.0,same_minute,-0.12375809603281891,0.0,
2026-01-23T22:06:00-05:00,ETH/USD,window360_strategy,hold,0.0,same_minute,-0.12375809603281891,0.0,
2026-01-23T22:10:00-05:00,BTC/USD,window360_strategy,hold,0.0,same_minute,-0.12375809603281891,0.0,
2026-01-23T22:06:00-05:00,ETH/USD,window360_strategy,hold,0.0,same_minute,-0.12375809603281891,0.0,
2026-01-23T22:10:00-05:00,BTC/USD,window360_strategy,hold,0.0,same_minute,-0.12375809603281891,0.0,
2026-01-23T22:06:00-05:00,ETH/USD,window360_strategy,hold,0.0,same_minute,-0.12375809603281891,0.0,
2026-01-23T22:10:00-05:00,BTC/USD,window360_strategy,hold,0.0,same_minute,-0.12375809603281891,0.0,
2026-01-23T22:06:00-05:00,ETH/USD,window360_strategy,hold,0.0,same_minute,-0.12375809603281891,0.0,
2026-01-23T22:10:00-05:00,BTC/USD,window360_strategy,hold,0.0,same_minute,-0.12375809603281891,0.0,
2026-01-23T22:06:00-05:00,ETH/USD,window360_strategy,hold,0.0,same_minute,-0.12375809603281891,0.0,
2026-01-23T22:11:00-05:00,BTC/USD,window360_strategy,hold,0.0,no_change,0.36563123038589623,0.0,below_z_enter
2026-01-23T22:06:00-05:00,ETH/USD,window360_strategy,hold,0.0,same_minute,0.3628678300745244,0.0,
2026-01-23T22:11:00-05:00,BTC/USD,window360_strategy,hold,0.0,same_minute,0.3628678300745244,0.0,
2026-01-23T22:06:00-05:00,ETH/USD,window360_strategy,hold,0.0,same_minute,0.3628678300745244,0.0,
2026-01-23T22:11:00-05:00,BTC/USD,window360_strategy,hold,0.0,same_minute,0.3628678300745244,0.0,
2026-01-23T22:06:00-05:00,ETH/USD,window360_strategy,hold,0.0,same_minute,0.3628678300745244,0.0,
2026-01-23T22:11:00-05:00,BTC/USD,window360_strategy,hold,0.0,same_minute,0.3628678300745244,0.0,
2026-01-23T22:06:00-05:00,ETH/USD,window360_strategy,hold,0.0,same_minute,0.3628678300745244,0.0,
2026-01-23T22:11:00-05:00,BTC/USD,window360_strategy,hold,0.0,same_minute,0.3628678300745244,0.0,
2026-01-23T22:06:00-05:00,ETH/USD,window360_strategy,hold,0.0,same_minute,0.3628678300745244,0.0,
2026-01-23T22:11:00-05:00,BTC/USD,window360_strategy,hold,0.0,same_minute,0.3628678300745244,0.0,
2026-01-23T22:06:00-05:00,ETH/USD,window360_strategy,hold,0.0,same_minute,0.3628678300745244,0.0,
2026-01-23T22:12:00-05:00,BTC/USD,window360_strategy,hold,0.0,no_change,0.5134102295953541,0.0,below_z_enter
2026-01-23T22:12:00-05:00,ETH/USD,window360_strategy,hold,0.0,no_change,-0.08474978051617521,-0.0,below_z_enter
2026-01-23T22:12:00-05:00,BTC/USD,window360_strategy,hold,0.0,same_minute,-0.08474978051617521,0.0,
2026-01-23T22:12:00-05:00,ETH/USD,window360_strategy,hold,0.0,same_minute,-0.08474978051617521,0.0,
2026-01-23T22:12:00-05:00,BTC/USD,window360_strategy,hold,0.0,same_minute,-0.08474978051617521,0.0,
2026-01-23T22:12:00-05:00,ETH/USD,window360_strategy,hold,0.0,same_minute,-0.08474978051617521,0.0,
2026-01-23T22:12:00-05:00,BTC/USD,window360_strategy,hold,0.0,same_minute,-0.08474978051617521,0.0,
2026-01-23T22:12:00-05:00,ETH/USD,window360_strategy,hold,0.0,same_minute,-0.08474978051617521,0.0,
2026-01-23T22:12:00-05:00,BTC/USD,window360_strategy,hold,0.0,same_minute,-0.08474978051617521,0.0,
2026-01-23T22:12:00-05:00,ETH/USD,window360_strategy,hold,0.0,same_minute,-0.08474978051617521,0.0,
2026-01-23T22:12:00-05:00,BTC/USD,window360_strategy,hold,0.0,same_minute,-0.08474978051617521,0.0,
2026-01-23T22:12:00-05:00,ETH/USD,window360_strategy,hold,0.0,same_minute,-0.08474978051617521,0.0,
2026-01-23T22:12:00-05:00,BTC/USD,window360_strategy,hold,0.0,same_minute,-0.08474978051617521,0.0,
2026-01-23T22:12:00-05:00,ETH/USD,window360_strategy,hold,0.0,same_minute,-0.08474978051617521,0.0,
2026-01-23T22:12:00-05:00,BTC/USD,window360_strategy,hold,0.0,same_minute,-0.08474978051617521,0.0,
2026-01-23T22:12:00-05:00,ETH/USD,window360_strategy,hold,0.0,same_minute,-0.08474978051617521,0.0,
2026-01-23T22:12:00-05:00,BTC/USD,window360_strategy,hold,0.0,same_minute,-0.08474978051617521,0.0,
2026-01-23T22:12:00-05:00,ETH/USD,window360_strategy,hold,0.0,same_minute,-0.08474978051617521,0.0,
2026-01-23T22:12:00-05:00,BTC/USD,window360_strategy,hold,0.0,same_minute,-0.08474978051617521,0.0,
2026-01-23T22:12:00-05:00,ETH/USD,window360_strategy,hold,0.0,same_minute,-0.08474978051617521,0.0,
2026-01-23T22:12:00-05:00,BTC/USD,window360_strategy,hold,0.0,same_minute,-0.08474978051617521,0.0,
2026-01-23T22:12:00-05:00,ETH/USD,window360_strategy,hold,0.0,same_minute,-0.08474978051617521,0.0,
2026-01-23T22:14:00-05:00,BTC/USD,window360_strategy,hold,0.0,no_change,-0.02851062210012969,0.0,below_z_enter
2026-01-23T22:14:00-05:00,ETH/USD,window360_strategy,hold,0.0,no_change,0.48165182695473513,-0.0,below_z_enter
2026-01-23T22:14:00-05:00,BTC/USD,window360_strategy,hold,0.0,same_minute,0.48165182695473513,0.0,
2026-01-23T22:14:00-05:00,ETH/USD,window360_strategy,hold,0.0,same_minute,0.48165182695473513,0.0,
2026-01-23T22:14:00-05:00,BTC/USD,window360_strategy,hold,0.0,same_minute,0.48165182695473513,0.0,
2026-01-23T22:14:00-05:00,ETH/USD,window360_strategy,hold,0.0,same_minute,0.48165182695473513,0.0,
2026-01-23T22:14:00-05:00,BTC/USD,window360_strategy,hold,0.0,same_minute,0.48165182695473513,0.0,
2026-01-23T22:14:00-05:00,ETH/USD,window360_strategy,hold,0.0,same_minute,0.48165182695473513,0.0,
2026-01-23T22:14:00-05:00,BTC/USD,window360_strategy,hold,0.0,same_minute,0.48165182695473513,0.0,
2026-01-23T22:14:00-05:00,ETH/USD,window360_strategy,hold,0.0,same_minute,0.48165182695473513,0.0,
2026-01-23T22:14:00-05:00,BTC/USD,window360_strategy,hold,0.0,same_minute,0.48165182695473513,0.0,
2026-01-23T22:14:00-05:00,ETH/USD,window360_strategy,hold,0.0,same_minute,0.48165182695473513,0.0,
2026-01-23T22:15:00-05:00,BTC/USD,window360_strategy,hold,0.0,no_change,0.5646009286465945,0.0,below_z_enter
2026-01-23T22:15:00-05:00,ETH/USD,window360_strategy,hold,0.0,no_change,0.12499921577672682,-0.0,below_z_enter
2026-01-23T22:15:00-05:00,BTC/USD,window360_strategy,hold,0.0,same_minute,0.12499921577672682,0.0,
2026-01-23T22:15:00-05:00,ETH/USD,window360_strategy,hold,0.0,same_minute,0.12499921577672682,0.0,
2026-01-23T22:15:00-05:00,BTC/USD,window360_strategy,hold,0.0,same_minute,0.12499921577672682,0.0,
2026-01-23T22:15:00-05:00,ETH/USD,window360_strategy,hold,0.0,same_minute,0.12499921577672682,0.0,
2026-01-23T22:15:00-05:00,BTC/USD,window360_strategy,hold,0.0,same_minute,0.12499921577672682,0.0,
2026-01-23T22:15:00-05:00,ETH/USD,window360_strategy,hold,0.0,same_minute,0.12499921577672682,0.0,
2026-01-23T22:15:00-05:00,BTC/USD,window360_strategy,hold,0.0,same_minute,0.12499921577672682,0.0,
2026-01-23T22:15:00-05:00,ETH/USD,window360_strategy,hold,0.0,same_minute,0.12499921577672682,0.0,
2026-01-23T22:15:00-05:00,BTC/USD,window360_strategy,hold,0.0,same_minute,0.12499921577672682,0.0,
2026-01-23T22:15:00-05:00,ETH/USD,window360_strategy,hold,0.0,same_minute,0.12499921577672682,0.0,
2026-01-23T22:16:00-05:00,BTC/USD,window360_strategy,hold,0.0,no_change,-0.0539976902550039,0.0,below_z_enter
2026-01-23T22:16:00-05:00,ETH/USD,window360_strategy,hold,0.0,no_change,0.38682382805966514,-0.0,below_z_enter
2026-01-23T22:16:00-05:00,BTC/USD,window360_strategy,hold,0.0,same_minute,0.38682382805966514,0.0,
2026-01-23T22:16:00-05:00,ETH/USD,window360_strategy,hold,0.0,same_minute,0.38682382805966514,0.0,
2026-01-23T22:16:00-05:00,BTC/USD,window360_strategy,hold,0.0,same_minute,0.38682382805966514,0.0,
2026-01-23T22:16:00-05:00,ETH/USD,window360_strategy,hold,0.0,same_minute,0.38682382805966514,0.0,
2026-01-23T22:16:00-05:00,BTC/USD,window360_strategy,hold,0.0,same_minute,0.38682382805966514,0.0,
2026-01-23T22:16:00-05:00,ETH/USD,window360_strategy,hold,0.0,same_minute,0.38682382805966514,0.0,
2026-01-23T22:16:00-05:00,BTC/USD,window360_strategy,hold,0.0,same_minute,0.38682382805966514,0.0,
2026-01-23T22:16:00-05:00,ETH/USD,window360_strategy,hold,0.0,same_minute,0.38682382805966514,0.0,
2026-01-23T22:17:00-05:00,BTC/USD,window360_strategy,hold,0.0,no_change,0.29189308078900683,0.0,below_z_enter
2026-01-23T22:16:00-05:00,ETH/USD,window360_strategy,hold,0.0,same_minute,0.2925865437022804,0.0,
2026-01-23T22:17:00-05:00,BTC/USD,window360_strategy,hold,0.0,same_minute,0.2925865437022804,0.0,
2026-01-23T22:16:00-05:00,ETH/USD,window360_strategy,hold,0.0,same_minute,0.2925865437022804,0.0,
2026-01-23T22:17:00-05:00,BTC/USD,window360_strategy,hold,0.0,same_minute,0.2925865437022804,0.0,
2026-01-23T22:16:00-05:00,ETH/USD,window360_strategy,hold,0.0,same_minute,0.2925865437022804,0.0,
2026-01-23T22:17:00-05:00,BTC/USD,window360_strategy,hold,0.0,same_minute,0.2925865437022804,0.0,
2026-01-23T22:16:00-05:00,ETH/USD,window360_strategy,hold,0.0,same_minute,0.2925865437022804,0.0,
2026-01-23T22:17:00-05:00,BTC/USD,window360_strategy,hold,0.0,same_minute,0.2925865437022804,0.0,
2026-01-23T22:16:00-05:00,ETH/USD,window360_strategy,hold,0.0,same_minute,0.2925865437022804,0.0,
2026-01-23T22:17:00-05:00,BTC/USD,window360_strategy,hold,0.0,same_minute,0.2925865437022804,0.0,
2026-01-23T22:16:00-05:00,ETH/USD,window360_strategy,hold,0.0,same_minute,0.2925865437022804,0.0,
2026-01-23T22:18:00-05:00,BTC/USD,window360_strategy,hold,0.0,no_change,-0.002464190658807972,0.0,below_z_enter
2026-01-23T22:16:00-05:00,ETH/USD,window360_strategy,hold,0.0,same_minute,-0.0006293788652711698,0.0,
2026-01-23T22:18:00-05:00,BTC/USD,window360_strategy,hold,0.0,same_minute,-0.0006293788652711698,0.0,
2026-01-23T22:16:00-05:00,ETH/USD,window360_strategy,hold,0.0,same_minute,-0.0006293788652711698,0.0,
2026-01-23T22:18:00-05:00,BTC/USD,window360_strategy,hold,0.0,same_minute,-0.0006293788652711698,0.0,
2026-01-23T22:16:00-05:00,ETH/USD,window360_strategy,hold,0.0,same_minute,-0.0006293788652711698,0.0,
2026-01-23T22:18:00-05:00,BTC/USD,window360_strategy,hold,0.0,same_minute,-0.0006293788652711698,0.0,
2026-01-23T22:16:00-05:00,ETH/USD,window360_strategy,hold,0.0,same_minute,-0.0006293788652711698,0.0,
2026-01-23T22:18:00-05:00,BTC/USD,window360_strategy,hold,0.0,same_minute,-0.0006293788652711698,0.0,
2026-01-23T22:16:00-05:00,ETH/USD,window360_strategy,hold,0.0,same_minute,-0.0006293788652711698,0.0,
2026-01-23T22:18:00-05:00,BTC/USD,window360_strategy,hold,0.0,same_minute,-0.0006293788652711698,0.0,
2026-01-23T22:16:00-05:00,ETH/USD,window360_strategy,hold,0.0,same_minute,-0.0006293788652711698,0.0,
2026-01-23T22:19:00-05:00,BTC/USD,window360_strategy,hold,0.0,no_change,0.016272841331192237,0.0,below_z_enter
2026-01-23T22:16:00-05:00,ETH/USD,window360_strategy,hold,0.0,same_minute,0.01627665346752297,0.0,
2026-01-23T22:19:00-05:00,BTC/USD,window360_strategy,hold,0.0,same_minute,0.01627665346752297,0.0,
2026-01-23T22:16:00-05:00,ETH/USD,window360_strategy,hold,0.0,same_minute,0.01627665346752297,0.0,
2026-01-23T22:19:00-05:00,BTC/USD,window360_strategy,hold,0.0,same_minute,0.01627665346752297,0.0,
2026-01-23T22:16:00-05:00,ETH/USD,window360_strategy,hold,0.0,same_minute,0.01627665346752297,0.0,
2026-01-23T22:19:00-05:00,BTC/USD,window360_strategy,hold,0.0,same_minute,0.01627665346752297,0.0,
2026-01-23T22:16:00-05:00,ETH/USD,window360_strategy,hold,0.0,same_minute,0.01627665346752297,0.0,
2026-01-23T22:19:00-05:00,BTC/USD,window360_strategy,hold,0.0,same_minute,0.01627665346752297,0.0,
2026-01-23T22:16:00-05:00,ETH/USD,window360_strategy,hold,0.0,same_minute,0.01627665346752297,0.0,
2026-01-23T22:19:00-05:00,BTC/USD,window360_strategy,hold,0.0,same_minute,0.01627665346752297,0.0,
2026-01-23T22:16:00-05:00,ETH/USD,window360_strategy,hold,0.0,same_minute,0.01627665346752297,0.0,
2026-01-23T22:20:00-05:00,BTC/USD,window360_strategy,hold,0.0,no_change,0.1945240436444934,0.0,below_z_enter
2026-01-23T22:16:00-05:00,ETH/USD,window360_strategy,hold,0.0,same_minute,0.1935806326013759,0.0,
2026-01-23T22:20:00-05:00,BTC/USD,window360_strategy,hold,0.0,same_minute,0.1935806326013759,0.0,
2026-01-23T22:16:00-05:00,ETH/USD,window360_strategy,hold,0.0,same_minute,0.1935806326013759,0.0,
2026-01-23T22:20:00-05:00,BTC/USD,window360_strategy,hold,0.0,same_minute,0.1935806326013759,0.0,
2026-01-23T22:16:00-05:00,ETH/USD,window360_strategy,hold,0.0,same_minute,0.1935806326013759,0.0,
2026-01-23T22:20:00-05:00,BTC/USD,window360_strategy,hold,0.0,same_minute,0.1935806326013759,0.0,
2026-01-23T22:16:00-05:00,ETH/USD,window360_strategy,hold,0.0,same_minute,0.1935806326013759,0.0,
2026-01-23T22:20:00-05:00,BTC/USD,window360_strategy,hold,0.0,same_minute,0.1935806326013759,0.0,
2026-01-23T22:16:00-05:00,ETH/USD,window360_strategy,hold,0.0,same_minute,0.1935806326013759,0.0,
2026-01-23T22:20:00-05:00,BTC/USD,window360_strategy,hold,0.0,same_minute,0.1935806326013759,0.0,
2026-01-23T22:16:00-05:00,ETH/USD,window360_strategy,hold,0.0,same_minute,0.1935806326013759,0.0,
2026-01-23T22:21:00-05:00,BTC/USD,window360_strategy,hold,0.0,no_change,-0.3553611379988342,0.0,below_z_enter
2026-01-23T22:21:00-05:00,ETH/USD,window360_strategy,hold,0.0,no_change,0.19035863918767837,-0.0,below_z_enter
2026-01-23T22:21:00-05:00,BTC/USD,window360_strategy,hold,0.0,same_minute,0.19035863918767837,0.0,
2026-01-23T22:21:00-05:00,ETH/USD,window360_strategy,hold,0.0,same_minute,0.19035863918767837,0.0,
2026-01-23T22:21:00-05:00,BTC/USD,window360_strategy,hold,0.0,same_minute,0.19035863918767837,0.0,
2026-01-23T22:21:00-05:00,ETH/USD,window360_strategy,hold,0.0,same_minute,0.19035863918767837,0.0,
2026-01-23T22:21:00-05:00,BTC/USD,window360_strategy,hold,0.0,same_minute,0.19035863918767837,0.0,
2026-01-23T22:21:00-05:00,ETH/USD,window360_strategy,hold,0.0,same_minute,0.19035863918767837,0.0,
2026-01-23T22:21:00-05:00,BTC/USD,window360_strategy,hold,0.0,same_minute,0.19035863918767837,0.0,
2026-01-23T22:21:00-05:00,ETH/USD,window360_strategy,hold,0.0,same_minute,0.19035863918767837,0.0,
2026-01-23T22:22:00-05:00,BTC/USD,window360_strategy,hold,0.0,no_change,0.12601654713092747,0.0,below_z_enter
2026-01-23T22:21:00-05:00,ETH/USD,window360_strategy,hold,0.0,same_minute,0.12649508947069638,0.0,
2026-01-23T22:22:00-05:00,BTC/USD,window360_strategy,hold,0.0,same_minute,0.12649508947069638,0.0,
2026-01-23T22:21:00-05:00,ETH/USD,window360_strategy,hold,0.0,same_minute,0.12649508947069638,0.0,
2026-01-23T22:22:00-05:00,BTC/USD,window360_strategy,hold,0.0,same_minute,0.12649508947069638,0.0,
2026-01-23T22:21:00-05:00,ETH/USD,window360_strategy,hold,0.0,same_minute,0.12649508947069638,0.0,
2026-01-23T22:22:00-05:00,BTC/USD,window360_strategy,hold,0.0,same_minute,0.12649508947069638,0.0,
2026-01-23T22:21:00-05:00,ETH/USD,window360_strategy,hold,0.0,same_minute,0.12649508947069638,0.0,
2026-01-23T22:22:00-05:00,BTC/USD,window360_strategy,hold,0.0,same_minute,0.12649508947069638,0.0,
2026-01-23T22:21:00-05:00,ETH/USD,window360_strategy,hold,0.0,same_minute,0.12649508947069638,0.0,
2026-01-23T22:22:00-05:00,BTC/USD,window360_strategy,hold,0.0,same_minute,0.12649508947069638,0.0,
2026-01-23T22:21:00-05:00,ETH/USD,window360_strategy,hold,0.0,same_minute,0.12649508947069638,0.0,
2026-01-23T22:23:00-05:00,BTC/USD,window360_strategy,hold,0.0,no_change,0.7028299575818532,0.0,below_z_enter
2026-01-23T22:21:00-05:00,ETH/USD,window360_strategy,hold,0.0,same_minute,0.6992163661238819,0.0,
2026-01-23T22:23:00-05:00,BTC/USD,window360_strategy,hold,0.0,same_minute,0.6992163661238819,0.0,
2026-01-23T22:21:00-05:00,ETH/USD,window360_strategy,hold,0.0,same_minute,0.6992163661238819,0.0,
2026-01-23T22:23:00-05:00,BTC/USD,window360_strategy,hold,0.0,same_minute,0.6992163661238819,0.0,
2026-01-23T22:21:00-05:00,ETH/USD,window360_strategy,hold,0.0,same_minute,0.6992163661238819,0.0,
2026-01-23T22:23:00-05:00,BTC/USD,window360_strategy,hold,0.0,same_minute,0.6992163661238819,0.0,
2026-01-23T22:21:00-05:00,ETH/USD,window360_strategy,hold,0.0,same_minute,0.6992163661238819,0.0,
2026-01-23T22:23:00-05:00,BTC/USD,window360_strategy,hold,0.0,same_minute,0.6992163661238819,0.0,
2026-01-23T22:21:00-05:00,ETH/USD,window360_strategy,hold,0.0,same_minute,0.6992163661238819,0.0,
2026-01-23T22:23:00-05:00,BTC/USD,window360_strategy,hold,0.0,same_minute,0.6992163661238819,0.0,
2026-01-23T22:21:00-05:00,ETH/USD,window360_strategy,hold,0.0,same_minute,0.6992163661238819,0.0,
2026-01-23T22:23:00-05:00,BTC/USD,window360_strategy,hold,0.0,same_minute,0.6992163661238819,0.0,
2026-01-23T22:24:00-05:00,ETH/USD,window360_strategy,hold,0.0,no_change,0.30127776666943834,-0.0,below_z_enter
2026-01-23T22:23:00-05:00,BTC/USD,window360_strategy,hold,0.0,same_minute,0.3039602629806824,0.0,
2026-01-23T22:24:00-05:00,ETH/USD,window360_strategy,hold,0.0,same_minute,0.3039602629806824,0.0,
2026-01-23T22:23:00-05:00,BTC/USD,window360_strategy,hold,0.0,same_minute,0.3039602629806824,0.0,
2026-01-23T22:24:00-05:00,ETH/USD,window360_strategy,hold,0.0,same_minute,0.3039602629806824,0.0,
2026-01-23T22:23:00-05:00,BTC/USD,window360_strategy,hold,0.0,same_minute,0.3039602629806824,0.0,
2026-01-23T22:24:00-05:00,ETH/USD,window360_strategy,hold,0.0,same_minute,0.3039602629806824,0.0,
2026-01-23T22:23:00-05:00,BTC/USD,window360_strategy,hold,0.0,same_minute,0.3039602629806824,0.0,
2026-01-23T22:24:00-05:00,ETH/USD,window360_strategy,hold,0.0,same_minute,0.3039602629806824,0.0,
2026-01-23T22:23:00-05:00,BTC/USD,window360_strategy,hold,0.0,same_minute,0.3039602629806824,0.0,
2026-01-23T22:24:00-05:00,ETH/USD,window360_strategy,hold,0.0,same_minute,0.3039602629806824,0.0,
2026-01-23T22:25:00-05:00,BTC/USD,window360_strategy,hold,0.0,no_change,0.48780815421159157,0.0,below_z_enter
2026-01-23T22:25:00-05:00,ETH/USD,window360_strategy,hold,0.0,no_change,-0.0021929012523726355,-0.0,below_z_enter
2026-01-23T22:25:00-05:00,BTC/USD,window360_strategy,hold,0.0,same_minute,-0.0021929012523726355,0.0,
2026-01-23T22:25:00-05:00,ETH/USD,window360_strategy,hold,0.0,same_minute,-0.0021929012523726355,0.0,
2026-01-23T22:25:00-05:00,BTC/USD,window360_strategy,hold,0.0,same_minute,-0.0021929012523726355,0.0,
2026-01-23T22:25:00-05:00,ETH/USD,window360_strategy,hold,0.0,same_minute,-0.0021929012523726355,0.0,
2026-01-23T22:25:00-05:00,BTC/USD,window360_strategy,hold,0.0,same_minute,-0.0021929012523726355,0.0,
2026-01-23T22:25:00-05:00,ETH/USD,window360_strategy,hold,0.0,same_minute,-0.0021929012523726355,0.0,
2026-01-23T22:25:00-05:00,BTC/USD,window360_strategy,hold,0.0,same_minute,-0.0021929012523726355,0.0,
2026-01-23T22:25:00-05:00,ETH/USD,window360_strategy,hold,0.0,same_minute,-0.0021929012523726355,0.0,
2026-01-23T22:25:00-05:00,BTC/USD,window360_strategy,hold,0.0,same_minute,-0.0021929012523726355,0.0,
2026-01-23T22:25:00-05:00,ETH/USD,window360_strategy,hold,0.0,same_minute,-0.0021929012523726355,0.0,
2026-01-23T22:26:00-05:00,BTC/USD,window360_strategy,hold,0.0,no_change,0.477497124135862,0.0,below_z_enter
2026-01-23T22:26:00-05:00,ETH/USD,window360_strategy,hold,0.0,no_change,0.19549641893601816,-0.0,below_z_enter
2026-01-23T22:26:00-05:00,BTC/USD,window360_strategy,hold,0.0,same_minute,0.19549641893601816,0.0,
2026-01-23T22:26:00-05:00,ETH/USD,window360_strategy,hold,0.0,same_minute,0.19549641893601816,0.0,
2026-01-23T22:26:00-05:00,BTC/USD,window360_strategy,hold,0.0,same_minute,0.19549641893601816,0.0,
2026-01-23T22:26:00-05:00,ETH/USD,window360_strategy,hold,0.0,same_minute,0.19549641893601816,0.0,
2026-01-23T22:26:00-05:00,BTC/USD,window360_strategy,hold,0.0,same_minute,0.19549641893601816,0.0,
2026-01-23T22:26:00-05:00,ETH/USD,window360_strategy,hold,0.0,same_minute,0.19549641893601816,0.0,
2026-01-23T22:26:00-05:00,BTC/USD,window360_strategy,hold,0.0,same_minute,0.19549641893601816,0.0,
2026-01-23T22:26:00-05:00,ETH/USD,window360_strategy,hold,0.0,same_minute,0.19549641893601816,0.0,
2026-01-23T22:26:00-05:00,BTC/USD,window360_strategy,hold,0.0,same_minute,0.19549641893601816,0.0,
2026-01-23T22:26:00-05:00,ETH/USD,window360_strategy,hold,0.0,same_minute,0.19549641893601816,0.0,
2026-01-23T22:27:00-05:00,BTC/USD,window360_strategy,hold,0.0,no_change,-0.00955513753257532,0.0,below_z_enter
2026-01-23T22:27:00-05:00,ETH/USD,window360_strategy,hold,0.0,no_change,-0.26289338102888926,-0.0,below_z_enter
2026-01-23T22:27:00-05:00,BTC/USD,window360_strategy,hold,0.0,same_minute,-0.26289338102888926,0.0,
2026-01-23T22:27:00-05:00,ETH/USD,window360_strategy,hold,0.0,same_minute,-0.26289338102888926,0.0,
2026-01-23T22:27:00-05:00,BTC/USD,window360_strategy,hold,0.0,same_minute,-0.26289338102888926,0.0,
2026-01-23T22:27:00-05:00,ETH/USD,window360_strategy,hold,0.0,same_minute,-0.26289338102888926,0.0,
2026-01-23T22:27:00-05:00,BTC/USD,window360_strategy,hold,0.0,same_minute,-0.26289338102888926,0.0,
2026-01-23T22:27:00-05:00,ETH/USD,window360_strategy,hold,0.0,same_minute,-0.26289338102888926,0.0,
2026-01-23T22:27:00-05:00,BTC/USD,window360_strategy,hold,0.0,same_minute,-0.26289338102888926,0.0,
2026-01-23T22:27:00-05:00,ETH/USD,window360_strategy,hold,0.0,same_minute,-0.26289338102888926,0.0,
2026-01-23T22:27:00-05:00,BTC/USD,window360_strategy,hold,0.0,same_minute,-0.26289338102888926,0.0,
2026-01-23T22:28:00-05:00,ETH/USD,window360_strategy,hold,0.0,no_change,-0.2258146718226187,-0.0,below_z_enter
2026-01-23T22:27:00-05:00,BTC/USD,window360_strategy,hold,0.0,same_minute,-0.2259596463213585,0.0,
2026-01-23T22:28:00-05:00,ETH/USD,window360_strategy,hold,0.0,same_minute,-0.2259596463213585,0.0,
2026-01-23T22:27:00-05:00,BTC/USD,window360_strategy,hold,0.0,same_minute,-0.2259596463213585,0.0,
2026-01-23T22:28:00-05:00,ETH/USD,window360_strategy,hold,0.0,same_minute,-0.2259596463213585,0.0,
2026-01-23T22:27:00-05:00,BTC/USD,window360_strategy,hold,0.0,same_minute,-0.2259596463213585,0.0,
2026-01-23T22:28:00-05:00,ETH/USD,window360_strategy,hold,0.0,same_minute,-0.2259596463213585,0.0,
2026-01-23T22:27:00-05:00,BTC/USD,window360_strategy,hold,0.0,same_minute,-0.2259596463213585,0.0,
2026-01-23T22:28:00-05:00,ETH/USD,window360_strategy,hold,0.0,same_minute,-0.2259596463213585,0.0,
2026-01-23T22:27:00-05:00,BTC/USD,window360_strategy,hold,0.0,same_minute,-0.2259596463213585,0.0,
2026-01-23T22:28:00-05:00,ETH/USD,window360_strategy,hold,0.0,same_minute,-0.2259596463213585,0.0,
2026-01-23T22:29:00-05:00,BTC/USD,window360_strategy,hold,0.0,no_change,0.5552711544145613,0.0,below_z_enter
2026-01-23T22:29:00-05:00,ETH/USD,window360_strategy,hold,0.0,no_change,0.07120351506662442,-0.0,below_z_enter
2026-01-23T22:29:00-05:00,BTC/USD,window360_strategy,hold,0.0,same_minute,0.07120351506662442,0.0,
2026-01-23T22:29:00-05:00,ETH/USD,window360_strategy,hold,0.0,same_minute,0.07120351506662442,0.0,
2026-01-23T22:29:00-05:00,BTC/USD,window360_strategy,hold,0.0,same_minute,0.07120351506662442,0.0,
2026-01-23T22:29:00-05:00,ETH/USD,window360_strategy,hold,0.0,same_minute,0.07120351506662442,0.0,
2026-01-23T22:29:00-05:00,BTC/USD,window360_strategy,hold,0.0,same_minute,0.07120351506662442,0.0,
2026-01-23T22:29:00-05:00,ETH/USD,window360_strategy,hold,0.0,same_minute,0.07120351506662442,0.0,
2026-01-23T22:29:00-05:00,BTC/USD,window360_strategy,hold,0.0,same_minute,0.07120351506662442,0.0,
2026-01-23T22:29:00-05:00,ETH/USD,window360_strategy,hold,0.0,same_minute,0.07120351506662442,0.0,
2026-01-23T22:29:00-05:00,BTC/USD,window360_strategy,hold,0.0,same_minute,0.07120351506662442,0.0,
2026-01-23T22:29:00-05:00,ETH/USD,window360_strategy,hold,0.0,same_minute,0.07120351506662442,0.0,
2026-01-23T22:30:00-05:00,BTC/USD,window360_strategy,hold,0.0,no_change,-0.23935953978349206,0.0,below_z_enter
2026-01-23T22:30:00-05:00,ETH/USD,window360_strategy,hold,0.0,no_change,0.08350544841167269,-0.0,below_z_enter
2026-01-23T22:30:00-05:00,BTC/USD,window360_strategy,hold,0.0,same_minute,0.08350544841167269,0.0,
2026-01-23T22:30:00-05:00,ETH/USD,window360_strategy,hold,0.0,same_minute,0.08350544841167269,0.0,
2026-01-23T22:30:00-05:00,BTC/USD,window360_strategy,hold,0.0,same_minute,0.08350544841167269,0.0,
2026-01-23T22:30:00-05:00,ETH/USD,window360_strategy,hold,0.0,same_minute,0.08350544841167269,0.0,
2026-01-23T22:30:00-05:00,BTC/USD,window360_strategy,hold,0.0,same_minute,0.08350544841167269,0.0,
2026-01-23T22:30:00-05:00,ETH/USD,window360_strategy,hold,0.0,same_minute,0.08350544841167269,0.0,
2026-01-23T22:30:00-05:00,BTC/USD,window360_strategy,hold,0.0,same_minute,0.08350544841167269,0.0,
2026-01-23T22:30:00-05:00,ETH/USD,window360_strategy,hold,0.0,same_minute,0.08350544841167269,0.0,
2026-01-23T22:31:00-05:00,BTC/USD,window360_strategy,hold,0.0,no_change,-0.16761398045286552,0.0,below_z_enter
2026-01-23T22:30:00-05:00,ETH/USD,window360_strategy,hold,0.0,same_minute,-0.165485857328796,0.0,
2026-01-23T22:31:00-05:00,BTC/USD,window360_strategy,hold,0.0,same_minute,-0.165485857328796,0.0,
2026-01-23T22:30:00-05:00,ETH/USD,window360_strategy,hold,0.0,same_minute,-0.165485857328796,0.0,
2026-01-23T22:31:00-05:00,BTC/USD,window360_strategy,hold,0.0,same_minute,-0.165485857328796,0.0,
2026-01-23T22:30:00-05:00,ETH/USD,window360_strategy,hold,0.0,same_minute,-0.165485857328796,0.0,
2026-01-23T22:31:00-05:00,BTC/USD,window360_strategy,hold,0.0,same_minute,-0.165485857328796,0.0,
2026-01-23T22:30:00-05:00,ETH/USD,window360_strategy,hold,0.0,same_minute,-0.165485857328796,0.0,
2026-01-23T22:31:00-05:00,BTC/USD,window360_strategy,hold,0.0,same_minute,-0.165485857328796,0.0,
2026-01-23T22:30:00-05:00,ETH/USD,window360_strategy,hold,0.0,same_minute,-0.165485857328796,0.0,
2026-01-23T22:31:00-05:00,BTC/USD,window360_strategy,hold,0.0,same_minute,-0.165485857328796,0.0,
2026-01-23T22:30:00-05:00,ETH/USD,window360_strategy,hold,0.0,same_minute,-0.165485857328796,0.0,
2026-01-23T22:32:00-05:00,BTC/USD,window360_strategy,hold,0.0,no_change,-0.30367929323625453,0.0,below_z_enter
2026-01-23T22:32:00-05:00,ETH/USD,window360_strategy,hold,0.0,no_change,-0.1258364784707068,-0.0,below_z_enter
2026-01-23T22:32:00-05:00,BTC/USD,window360_strategy,hold,0.0,same_minute,-0.1258364784707068,0.0,
2026-01-23T22:32:00-05:00,ETH/USD,window360_strategy,hold,0.0,same_minute,-0.1258364784707068,0.0,
2026-01-23T22:32:00-05:00,BTC/USD,window360_strategy,hold,0.0,same_minute,-0.1258364784707068,0.0,
2026-01-23T22:32:00-05:00,ETH/USD,window360_strategy,hold,0.0,same_minute,-0.1258364784707068,0.0,
2026-01-23T22:32:00-05:00,BTC/USD,window360_strategy,hold,0.0,same_minute,-0.1258364784707068,0.0,
2026-01-23T22:32:00-05:00,ETH/USD,window360_strategy,hold,0.0,same_minute,-0.1258364784707068,0.0,
2026-01-23T22:32:00-05:00,BTC/USD,window360_strategy,hold,0.0,same_minute,-0.1258364784707068,0.0,
2026-01-23T22:32:00-05:00,ETH/USD,window360_strategy,hold,0.0,same_minute,-0.1258364784707068,0.0,
2026-01-23T22:32:00-05:00,BTC/USD,window360_strategy,hold,0.0,same_minute,-0.1258364784707068,0.0,
2026-01-23T22:33:00-05:00,ETH/USD,window360_strategy,hold,0.0,no_change,-0.18913338164882207,-0.0,below_z_enter
2026-01-23T22:32:00-05:00,BTC/USD,window360_strategy,hold,0.0,same_minute,-0.18832829125832937,0.0,
2026-01-23T22:33:00-05:00,ETH/USD,window360_strategy,hold,0.0,same_minute,-0.18832829125832937,0.0,
2026-01-23T22:32:00-05:00,BTC/USD,window360_strategy,hold,0.0,same_minute,-0.18832829125832937,0.0,
2026-01-23T22:33:00-05:00,ETH/USD,window360_strategy,hold,0.0,same_minute,-0.18832829125832937,0.0,
2026-01-23T22:32:00-05:00,BTC/USD,window360_strategy,hold,0.0,same_minute,-0.18832829125832937,0.0,
2026-01-23T22:33:00-05:00,ETH/USD,window360_strategy,hold,0.0,same_minute,-0.18832829125832937,0.0,
2026-01-23T22:32:00-05:00,BTC/USD,window360_strategy,hold,0.0,same_minute,-0.18832829125832937,0.0,
2026-01-23T22:33:00-05:00,ETH/USD,window360_strategy,hold,0.0,same_minute,-0.18832829125832937,0.0,
2026-01-23T22:32:00-05:00,BTC/USD,window360_strategy,hold,0.0,same_minute,-0.18832829125832937,0.0,
2026-01-23T22:33:00-05:00,ETH/USD,window360_strategy,hold,0.0,same_minute,-0.18832829125832937,0.0,
2026-01-23T22:34:00-05:00,BTC/USD,window360_strategy,hold,0.0,no_change,-0.1312857444044536,0.0,below_z_enter
2026-01-23T22:34:00-05:00,ETH/USD,window360_strategy,hold,0.0,no_change,-0.08476320621709911,-0.0,below_z_enter
2026-01-23T22:34:00-05:00,BTC/USD,window360_strategy,hold,0.0,same_minute,-0.08476320621709911,0.0,
2026-01-23T22:34:00-05:00,ETH/USD,window360_strategy,hold,0.0,same_minute,-0.08476320621709911,0.0,
2026-01-23T22:34:00-05:00,BTC/USD,window360_strategy,hold,0.0,same_minute,-0.08476320621709911,0.0,
2026-01-23T22:34:00-05:00,ETH/USD,window360_strategy,hold,0.0,same_minute,-0.08476320621709911,0.0,
2026-01-23T22:34:00-05:00,BTC/USD,window360_strategy,hold,0.0,same_minute,-0.08476320621709911,0.0,
2026-01-23T22:34:00-05:00,ETH/USD,window360_strategy,hold,0.0,same_minute,-0.08476320621709911,0.0,
2026-01-23T22:34:00-05:00,BTC/USD,window360_strategy,hold,0.0,same_minute,-0.08476320621709911,0.0,
2026-01-23T22:34:00-05:00,ETH/USD,window360_strategy,hold,0.0,same_minute,-0.08476320621709911,0.0,
2026-01-23T22:34:00-05:00,BTC/USD,window360_strategy,hold,0.0,same_minute,-0.08476320621709911,0.0,
2026-01-23T22:34:00-05:00,ETH/USD,window360_strategy,hold,0.0,same_minute,-0.08476320621709911,0.0,
2026-01-23T22:35:00-05:00,BTC/USD,window360_strategy,hold,0.0,no_change,-0.16394277322019127,0.0,below_z_enter
2026-01-23T22:35:00-05:00,ETH/USD,window360_strategy,hold,0.0,no_change,0.20582590120698394,-0.0,below_z_enter
2026-01-23T22:35:00-05:00,BTC/USD,window360_strategy,hold,0.0,same_minute,0.20582590120698394,0.0,
2026-01-23T22:35:00-05:00,ETH/USD,window360_strategy,hold,0.0,same_minute,0.20582590120698394,0.0,
2026-01-23T22:35:00-05:00,BTC/USD,window360_strategy,hold,0.0,same_minute,0.20582590120698394,0.0,
2026-01-23T22:35:00-05:00,ETH/USD,window360_strategy,hold,0.0,same_minute,0.20582590120698394,0.0,
2026-01-23T22:35:00-05:00,BTC/USD,window360_strategy,hold,0.0,same_minute,0.20582590120698394,0.0,
2026-01-23T22:35:00-05:00,ETH/USD,window360_strategy,hold,0.0,same_minute,0.20582590120698394,0.0,
2026-01-23T22:35:00-05:00,BTC/USD,window360_strategy,hold,0.0,same_minute,0.20582590120698394,0.0,
2026-01-23T22:35:00-05:00,ETH/USD,window360_strategy,hold,0.0,same_minute,0.20582590120698394,0.0,
2026-01-23T22:36:00-05:00,BTC/USD,window360_strategy,hold,0.0,no_change,0.19762295308543734,0.0,below_z_enter
2026-01-23T22:36:00-05:00,ETH/USD,window360_strategy,hold,0.0,no_change,0.4932019726133445,-0.0,below_z_enter
2026-01-23T22:36:00-05:00,BTC/USD,window360_strategy,hold,0.0,same_minute,0.4932019726133445,0.0,
2026-01-23T22:36:00-05:00,ETH/USD,window360_strategy,hold,0.0,same_minute,0.4932019726133445,0.0,
2026-01-23T22:36:00-05:00,BTC/USD,window360_strategy,hold,0.0,same_minute,0.4932019726133445,0.0,
2026-01-23T22:36:00-05:00,ETH/USD,window360_strategy,hold,0.0,same_minute,0.4932019726133445,0.0,
2026-01-23T22:36:00-05:00,BTC/USD,window360_strategy,hold,0.0,same_minute,0.4932019726133445,0.0,
2026-01-23T22:36:00-05:00,ETH/USD,window360_strategy,hold,0.0,same_minute,0.4932019726133445,0.0,
2026-01-23T22:36:00-05:00,BTC/USD,window360_strategy,hold,0.0,same_minute,0.4932019726133445,0.0,
2026-01-23T22:36:00-05:00,ETH/USD,window360_strategy,hold,0.0,same_minute,0.4932019726133445,0.0,
2026-01-23T22:36:00-05:00,BTC/USD,window360_strategy,hold,0.0,same_minute,0.4932019726133445,0.0,
2026-01-23T22:36:00-05:00,ETH/USD,window360_strategy,hold,0.0,same_minute,0.4932019726133445,0.0,
2026-01-23T22:37:00-05:00,BTC/USD,window360_strategy,hold,0.0,no_change,-0.06785453838625746,0.0,below_z_enter
2026-01-23T22:37:00-05:00,ETH/USD,window360_strategy,hold,0.0,no_change,0.3891677779517041,-0.0,below_z_enter
2026-01-23T22:37:00-05:00,BTC/USD,window360_strategy,hold,0.0,same_minute,0.3891677779517041,0.0,
2026-01-23T22:37:00-05:00,ETH/USD,window360_strategy,hold,0.0,same_minute,0.3891677779517041,0.0,
2026-01-23T22:37:00-05:00,BTC/USD,window360_strategy,hold,0.0,same_minute,0.3891677779517041,0.0,
2026-01-23T22:37:00-05:00,ETH/USD,window360_strategy,hold,0.0,same_minute,0.3891677779517041,0.0,
2026-01-23T22:37:00-05:00,BTC/USD,window360_strategy,hold,0.0,same_minute,0.3891677779517041,0.0,
2026-01-23T22:37:00-05:00,ETH/USD,window360_strategy,hold,0.0,same_minute,0.3891677779517041,0.0,
2026-01-23T22:37:00-05:00,BTC/USD,window360_strategy,hold,0.0,same_minute,0.3891677779517041,0.0,
2026-01-23T22:37:00-05:00,ETH/USD,window360_strategy,hold,0.0,same_minute,0.3891677779517041,0.0,
2026-01-23T22:37:00-05:00,BTC/USD,window360_strategy,hold,0.0,same_minute,0.3891677779517041,0.0,
2026-01-23T22:37:00-05:00,ETH/USD,window360_strategy,hold,0.0,same_minute,0.3891677779517041,0.0,
2026-01-23T22:38:00-05:00,BTC/USD,window360_strategy,hold,0.0,no_change,0.6214964560833529,0.0,below_z_enter
2026-01-23T22:38:00-05:00,ETH/USD,window360_strategy,hold,0.0,no_change,0.6214964560833529,-0.0,below_z_enter
2026-01-23T22:38:00-05:00,BTC/USD,window360_strategy,hold,0.0,same_minute,0.6214964560833529,0.0,
2026-01-23T22:38:00-05:00,ETH/USD,window360_strategy,hold,0.0,same_minute,0.6214964560833529,0.0,
2026-01-23T22:38:00-05:00,BTC/USD,window360_strategy,hold,0.0,same_minute,0.6214964560833529,0.0,
2026-01-23T22:38:00-05:00,ETH/USD,window360_strategy,hold,0.0,same_minute,0.6214964560833529,0.0,
2026-01-23T22:38:00-05:00,BTC/USD,window360_strategy,hold,0.0,same_minute,0.6214964560833529,0.0,
2026-01-23T22:38:00-05:00,ETH/USD,window360_strategy,hold,0.0,same_minute,0.6214964560833529,0.0,
2026-01-23T22:38:00-05:00,BTC/USD,window360_strategy,hold,0.0,same_minute,0.6214964560833529,0.0,
2026-01-23T22:38:00-05:00,ETH/USD,window360_strategy,hold,0.0,same_minute,0.6214964560833529,0.0,
2026-01-23T22:38:00-05:00,BTC/USD,window360_strategy,hold,0.0,same_minute,0.6214964560833529,0.0,
2026-01-23T22:38:00-05:00,ETH/USD,window360_strategy,hold,0.0,same_minute,0.6214964560833529,0.0,
2026-01-23T22:39:00-05:00,BTC/USD,window360_strategy,hold,0.0,no_change,1.1906190670974657,0.0,below_z_enter
2026-01-23T22:39:00-05:00,ETH/USD,window360_strategy,hold,0.0,no_change,0.5370776246715023,-0.0,below_z_enter
2026-01-23T22:39:00-05:00,BTC/USD,window360_strategy,hold,0.0,same_minute,0.5370776246715023,0.0,
2026-01-23T22:39:00-05:00,ETH/USD,window360_strategy,hold,0.0,same_minute,0.5370776246715023,0.0,
2026-01-23T22:39:00-05:00,BTC/USD,window360_strategy,hold,0.0,same_minute,0.5370776246715023,0.0,
2026-01-23T22:39:00-05:00,ETH/USD,window360_strategy,hold,0.0,same_minute,0.5370776246715023,0.0,
2026-01-23T22:39:00-05:00,BTC/USD,window360_strategy,hold,0.0,same_minute,0.5370776246715023,0.0,
2026-01-23T22:39:00-05:00,ETH/USD,window360_strategy,hold,0.0,same_minute,0.5370776246715023,0.0,
2026-01-23T22:39:00-05:00,BTC/USD,window360_strategy,hold,0.0,same_minute,0.5370776246715023,0.0,
2026-01-23T22:39:00-05:00,ETH/USD,window360_strategy,hold,0.0,same_minute,0.5370776246715023,0.0,
2026-01-23T22:39:00-05:00,BTC/USD,window360_strategy,hold,0.0,same_minute,0.5370776246715023,0.0,
2026-01-23T22:39:00-05:00,ETH/USD,window360_strategy,hold,0.0,same_minute,0.5370776246715023,0.0,
2026-01-23T22:40:00-05:00,BTC/USD,window360_strategy,hold,0.0,no_change,0.7610839932956884,0.0,below_z_enter
2026-01-23T22:39:00-05:00,ETH/USD,window360_strategy,hold,0.0,same_minute,0.7592914097970694,0.0,
2026-01-23T22:40:00-05:00,BTC/USD,window360_strategy,hold,0.0,same_minute,0.7592914097970694,0.0,
2026-01-23T22:39:00-05:00,ETH/USD,window360_strategy,hold,0.0,same_minute,0.7592914097970694,0.0,
2026-01-23T22:40:00-05:00,BTC/USD,window360_strategy,hold,0.0,same_minute,0.7592914097970694,0.0,
2026-01-23T22:39:00-05:00,ETH/USD,window360_strategy,hold,0.0,same_minute,0.7592914097970694,0.0,
2026-01-23T22:40:00-05:00,BTC/USD,window360_strategy,hold,0.0,same_minute,0.7592914097970694,0.0,
2026-01-23T22:39:00-05:00,ETH/USD,window360_strategy,hold,0.0,same_minute,0.7592914097970694,0.0,
2026-01-23T22:40:00-05:00,BTC/USD,window360_strategy,hold,0.0,same_minute,0.7592914097970694,0.0,
2026-01-23T22:39:00-05:00,ETH/USD,window360_strategy,hold,0.0,same_minute,0.7592914097970694,0.0,
2026-01-23T22:41:00-05:00,BTC/USD,window360_strategy,hold,0.0,no_change,0.38443252642799985,0.0,below_z_enter
2026-01-23T22:41:00-05:00,ETH/USD,window360_strategy,hold,0.0,no_change,0.7157611628518007,-0.0,below_z_enter
2026-01-23T22:41:00-05:00,BTC/USD,window360_strategy,hold,0.0,same_minute,0.7157611628518007,0.0,
2026-01-23T22:41:00-05:00,ETH/USD,window360_strategy,hold,0.0,same_minute,0.7157611628518007,0.0,
2026-01-23T22:41:00-05:00,BTC/USD,window360_strategy,hold,0.0,same_minute,0.7157611628518007,0.0,
2026-01-23T22:41:00-05:00,ETH/USD,window360_strategy,hold,0.0,same_minute,0.7157611628518007,0.0,
2026-01-23T22:41:00-05:00,BTC/USD,window360_strategy,hold,0.0,same_minute,0.7157611628518007,0.0,
2026-01-23T22:41:00-05:00,ETH/USD,window360_strategy,hold,0.0,same_minute,0.7157611628518007,0.0,
2026-01-23T22:41:00-05:00,BTC/USD,window360_strategy,hold,0.0,same_minute,0.7157611628518007,0.0,
2026-01-23T22:41:00-05:00,ETH/USD,window360_strategy,hold,0.0,same_minute,0.7157611628518007,0.0,
2026-01-23T22:41:00-05:00,BTC/USD,window360_strategy,hold,0.0,same_minute,0.7157611628518007,0.0,
2026-01-23T22:41:00-05:00,ETH/USD,window360_strategy,hold,0.0,same_minute,0.7157611628518007,0.0,
2026-01-23T22:42:00-05:00,BTC/USD,window360_strategy,hold,0.0,no_change,0.6186752739621225,0.0,below_z_enter
2026-01-23T22:41:00-05:00,ETH/USD,window360_strategy,hold,0.0,same_minute,0.619576095241462,0.0,
2026-01-23T22:42:00-05:00,BTC/USD,window360_strategy,hold,0.0,same_minute,0.619576095241462,0.0,
2026-01-23T22:41:00-05:00,ETH/USD,window360_strategy,hold,0.0,same_minute,0.619576095241462,0.0,
2026-01-23T22:42:00-05:00,BTC/USD,window360_strategy,hold,0.0,same_minute,0.619576095241462,0.0,
2026-01-23T22:41:00-05:00,ETH/USD,window360_strategy,hold,0.0,same_minute,0.619576095241462,0.0,
2026-01-23T22:42:00-05:00,BTC/USD,window360_strategy,hold,0.0,same_minute,0.619576095241462,0.0,
2026-01-23T22:41:00-05:00,ETH/USD,window360_strategy,hold,0.0,same_minute,0.619576095241462,0.0,
2026-01-23T22:42:00-05:00,BTC/USD,window360_strategy,hold,0.0,same_minute,0.619576095241462,0.0,
2026-01-23T22:41:00-05:00,ETH/USD,window360_strategy,hold,0.0,same_minute,0.619576095241462,0.0,
2026-01-23T22:42:00-05:00,BTC/USD,window360_strategy,hold,0.0,same_minute,0.619576095241462,0.0,
2026-01-23T22:41:00-05:00,ETH/USD,window360_strategy,hold,0.0,same_minute,0.619576095241462,0.0,
2026-01-23T22:43:00-05:00,BTC/USD,window360_strategy,hold,0.0,no_change,0.3118388485161931,0.0,below_z_enter
2026-01-23T22:43:00-05:00,ETH/USD,window360_strategy,hold,0.0,no_change,0.3833063630390739,-0.0,below_z_enter
2026-01-23T22:43:00-05:00,BTC/USD,window360_strategy,hold,0.0,same_minute,0.3833063630390739,0.0,
2026-01-23T22:43:00-05:00,ETH/USD,window360_strategy,hold,0.0,same_minute,0.3833063630390739,0.0,
2026-01-23T22:43:00-05:00,BTC/USD,window360_strategy,hold,0.0,same_minute,0.3833063630390739,0.0,
2026-01-23T22:43:00-05:00,ETH/USD,window360_strategy,hold,0.0,same_minute,0.3833063630390739,0.0,
2026-01-23T22:43:00-05:00,BTC/USD,window360_strategy,hold,0.0,same_minute,0.3833063630390739,0.0,
2026-01-23T22:43:00-05:00,ETH/USD,window360_strategy,hold,0.0,same_minute,0.3833063630390739,0.0,
2026-01-23T22:43:00-05:00,BTC/USD,window360_strategy,hold,0.0,same_minute,0.3833063630390739,0.0,
2026-01-23T22:43:00-05:00,ETH/USD,window360_strategy,hold,0.0,same_minute,0.3833063630390739,0.0,
2026-01-23T22:43:00-05:00,BTC/USD,window360_strategy,hold,0.0,same_minute,0.3833063630390739,0.0,
2026-01-23T22:43:00-05:00,ETH/USD,window360_strategy,hold,0.0,same_minute,0.3833063630390739,0.0,
2026-01-23T22:44:00-05:00,BTC/USD,window360_strategy,hold,0.0,no_change,0.8178260930709305,0.0,below_z_enter
2026-01-23T22:43:00-05:00,ETH/USD,window360_strategy,hold,0.0,same_minute,0.8143783965390623,0.0,
2026-01-23T22:44:00-05:00,BTC/USD,window360_strategy,hold,0.0,same_minute,0.8143783965390623,0.0,
2026-01-23T22:43:00-05:00,ETH/USD,window360_strategy,hold,0.0,same_minute,0.8143783965390623,0.0,
2026-01-23T22:44:00-05:00,BTC/USD,window360_strategy,hold,0.0,same_minute,0.8143783965390623,0.0,
2026-01-23T22:43:00-05:00,ETH/USD,window360_strategy,hold,0.0,same_minute,0.8143783965390623,0.0,
2026-01-23T22:44:00-05:00,BTC/USD,window360_strategy,hold,0.0,same_minute,0.8143783965390623,0.0,
2026-01-23T22:43:00-05:00,ETH/USD,window360_strategy,hold,0.0,same_minute,0.8143783965390623,0.0,
2026-01-23T22:44:00-05:00,BTC/USD,window360_strategy,hold,0.0,same_minute,0.8143783965390623,0.0,
2026-01-23T22:43:00-05:00,ETH/USD,window360_strategy,hold,0.0,same_minute,0.8143783965390623,0.0,
2026-01-23T22:44:00-05:00,BTC/USD,window360_strategy,hold,0.0,same_minute,0.8143783965390623,0.0,
2026-01-23T22:43:00-05:00,ETH/USD,window360_strategy,hold,0.0,same_minute,0.8143783965390623,0.0,
2026-01-23T22:45:00-05:00,BTC/USD,window360_strategy,hold,0.0,no_change,0.5459135219908935,0.0,below_z_enter
2026-01-23T22:43:00-05:00,ETH/USD,window360_strategy,hold,0.0,same_minute,0.5481824974177358,0.0,
2026-01-23T22:45:00-05:00,BTC/USD,window360_strategy,hold,0.0,same_minute,0.5481824974177358,0.0,
2026-01-23T22:43:00-05:00,ETH/USD,window360_strategy,hold,0.0,same_minute,0.5481824974177358,0.0,
2026-01-23T22:45:00-05:00,BTC/USD,window360_strategy,hold,0.0,same_minute,0.5481824974177358,0.0,
2026-01-23T22:43:00-05:00,ETH/USD,window360_strategy,hold,0.0,same_minute,0.5481824974177358,0.0,
2026-01-23T22:45:00-05:00,BTC/USD,window360_strategy,hold,0.0,same_minute,0.5481824974177358,0.0,
2026-01-23T22:43:00-05:00,ETH/USD,window360_strategy,hold,0.0,same_minute,0.5481824974177358,0.0,
2026-01-23T22:45:00-05:00,BTC/USD,window360_strategy,hold,0.0,same_minute,0.5481824974177358,0.0,
2026-01-23T22:43:00-05:00,ETH/USD,window360_strategy,hold,0.0,same_minute,0.5481824974177358,0.0,
2026-01-23T22:46:00-05:00,BTC/USD,window360_strategy,hold,0.0,no_change,0.6206292642933876,0.0,below_z_enter
2026-01-23T22:43:00-05:00,ETH/USD,window360_strategy,hold,0.0,same_minute,0.6201810324615818,0.0,
2026-01-23T22:46:00-05:00,BTC/USD,window360_strategy,hold,0.0,same_minute,0.6201810324615818,0.0,
2026-01-23T22:43:00-05:00,ETH/USD,window360_strategy,hold,0.0,same_minute,0.6201810324615818,0.0,
2026-01-23T22:46:00-05:00,BTC/USD,window360_strategy,hold,0.0,same_minute,0.6201810324615818,0.0,
2026-01-23T22:43:00-05:00,ETH/USD,window360_strategy,hold,0.0,same_minute,0.6201810324615818,0.0,
2026-01-23T22:46:00-05:00,BTC/USD,window360_strategy,hold,0.0,same_minute,0.6201810324615818,0.0,
2026-01-23T22:43:00-05:00,ETH/USD,window360_strategy,hold,0.0,same_minute,0.6201810324615818,0.0,
2026-01-23T22:46:00-05:00,BTC/USD,window360_strategy,hold,0.0,same_minute,0.6201810324615818,0.0,
2026-01-23T22:43:00-05:00,ETH/USD,window360_strategy,hold,0.0,same_minute,0.6201810324615818,0.0,
2026-01-23T22:46:00-05:00,BTC/USD,window360_strategy,hold,0.0,same_minute,0.6201810324615818,0.0,
2026-01-23T22:43:00-05:00,ETH/USD,window360_strategy,hold,0.0,same_minute,0.6201810324615818,0.0,
2026-01-23T22:47:00-05:00,BTC/USD,window360_strategy,hold,0.0,no_change,0.8101513236567788,0.0,below_z_enter
2026-01-23T22:47:00-05:00,ETH/USD,window360_strategy,hold,0.0,no_change,0.5246635871404272,-0.0,below_z_enter
2026-01-23T22:47:00-05:00,BTC/USD,window360_strategy,hold,0.0,same_minute,0.5246635871404272,0.0,
2026-01-23T22:47:00-05:00,ETH/USD,window360_strategy,hold,0.0,same_minute,0.5246635871404272,0.0,
2026-01-23T22:47:00-05:00,BTC/USD,window360_strategy,hold,0.0,same_minute,0.5246635871404272,0.0,
2026-01-23T22:47:00-05:00,ETH/USD,window360_strategy,hold,0.0,same_minute,0.5246635871404272,0.0,
2026-01-23T22:47:00-05:00,BTC/USD,window360_strategy,hold,0.0,same_minute,0.5246635871404272,0.0,
2026-01-23T22:47:00-05:00,ETH/USD,window360_strategy,hold,0.0,same_minute,0.5246635871404272,0.0,
2026-01-23T22:47:00-05:00,BTC/USD,window360_strategy,hold,0.0,same_minute,0.5246635871404272,0.0,
2026-01-23T22:47:00-05:00,ETH/USD,window360_strategy,hold,0.0,same_minute,0.5246635871404272,0.0,
2026-01-23T22:47:00-05:00,BTC/USD,window360_strategy,hold,0.0,same_minute,0.5246635871404272,0.0,
2026-01-23T22:47:00-05:00,ETH/USD,window360_strategy,hold,0.0,same_minute,0.5246635871404272,0.0,
2026-01-23T22:48:00-05:00,BTC/USD,window360_strategy,hold,0.0,no_change,0.10017808156275985,0.0,below_z_enter
2026-01-23T22:48:00-05:00,ETH/USD,window360_strategy,hold,0.0,no_change,0.5768590812541113,-0.0,below_z_enter
2026-01-23T22:48:00-05:00,BTC/USD,window360_strategy,hold,0.0,same_minute,0.5768590812541113,0.0,
2026-01-23T22:48:00-05:00,ETH/USD,window360_strategy,hold,0.0,same_minute,0.5768590812541113,0.0,
2026-01-23T22:48:00-05:00,BTC/USD,window360_strategy,hold,0.0,same_minute,0.5768590812541113,0.0,
2026-01-23T22:48:00-05:00,ETH/USD,window360_strategy,hold,0.0,same_minute,0.5768590812541113,0.0,
2026-01-23T22:48:00-05:00,BTC/USD,window360_strategy,hold,0.0,same_minute,0.5768590812541113,0.0,
2026-01-23T22:48:00-05:00,ETH/USD,window360_strategy,hold,0.0,same_minute,0.5768590812541113,0.0,
2026-01-23T22:48:00-05:00,BTC/USD,window360_strategy,hold,0.0,same_minute,0.5768590812541113,0.0,
2026-01-23T22:48:00-05:00,ETH/USD,window360_strategy,hold,0.0,same_minute,0.5768590812541113,0.0,
2026-01-23T22:48:00-05:00,BTC/USD,window360_strategy,hold,0.0,same_minute,0.5768590812541113,0.0,
2026-01-23T22:48:00-05:00,ETH/USD,window360_strategy,hold,0.0,same_minute,0.5768590812541113,0.0,
2026-01-23T22:49:00-05:00,BTC/USD,window360_strategy,hold,0.0,no_change,0.2117787333210039,0.0,below_z_enter
2026-01-23T22:49:00-05:00,ETH/USD,window360_strategy,hold,0.0,no_change,0.5315691469917145,-0.0,below_z_enter
2026-01-23T22:49:00-05:00,BTC/USD,window360_strategy,hold,0.0,same_minute,0.5315691469917145,0.0,
2026-01-23T22:49:00-05:00,ETH/USD,window360_strategy,hold,0.0,same_minute,0.5315691469917145,0.0,
2026-01-23T22:49:00-05:00,BTC/USD,window360_strategy,hold,0.0,same_minute,0.5315691469917145,0.0,
2026-01-23T22:49:00-05:00,ETH/USD,window360_strategy,hold,0.0,same_minute,0.5315691469917145,0.0,
2026-01-23T22:49:00-05:00,BTC/USD,window360_strategy,hold,0.0,same_minute,0.5315691469917145,0.0,
2026-01-23T22:49:00-05:00,ETH/USD,window360_strategy,hold,0.0,same_minute,0.5315691469917145,0.0,
2026-01-23T22:49:00-05:00,BTC/USD,window360_strategy,hold,0.0,same_minute,0.5315691469917145,0.0,
2026-01-23T22:49:00-05:00,ETH/USD,window360_strategy,hold,0.0,same_minute,0.5315691469917145,0.0,
2026-01-23T22:49:00-05:00,BTC/USD,window360_strategy,hold,0.0,same_minute,0.5315691469917145,0.0,
2026-01-23T22:49:00-05:00,ETH/USD,window360_strategy,hold,0.0,same_minute,0.5315691469917145,0.0,
2026-01-23T22:50:00-05:00,BTC/USD,window360_strategy,hold,0.0,no_change,0.7398215753654989,0.0,below_z_enter
2026-01-23T22:50:00-05:00,ETH/USD,window360_strategy,hold,0.0,no_change,0.4496118092364571,-0.0,below_z_enter
2026-01-23T22:50:00-05:00,BTC/USD,window360_strategy,hold,0.0,same_minute,0.4496118092364571,0.0,
2026-01-23T22:50:00-05:00,ETH/USD,window360_strategy,hold,0.0,same_minute,0.4496118092364571,0.0,
2026-01-23T22:50:00-05:00,BTC/USD,window360_strategy,hold,0.0,same_minute,0.4496118092364571,0.0,
2026-01-23T22:50:00-05:00,ETH/USD,window360_strategy,hold,0.0,same_minute,0.4496118092364571,0.0,
2026-01-23T22:50:00-05:00,BTC/USD,window360_strategy,hold,0.0,same_minute,0.4496118092364571,0.0,
2026-01-23T22:50:00-05:00,ETH/USD,window360_strategy,hold,0.0,same_minute,0.4496118092364571,0.0,
2026-01-23T22:50:00-05:00,BTC/USD,window360_strategy,hold,0.0,same_minute,0.4496118092364571,0.0,
2026-01-23T22:50:00-05:00,ETH/USD,window360_strategy,hold,0.0,same_minute,0.4496118092364571,0.0,
2026-01-23T22:50:00-05:00,BTC/USD,window360_strategy,hold,0.0,same_minute,0.4496118092364571,0.0,
2026-01-23T22:50:00-05:00,ETH/USD,window360_strategy,hold,0.0,same_minute,0.4496118092364571,0.0,
2026-01-23T22:51:00-05:00,BTC/USD,window360_strategy,hold,0.0,no_change,0.5386229803616578,0.0,below_z_enter
2026-01-23T22:50:00-05:00,ETH/USD,window360_strategy,hold,0.0,same_minute,0.5380632151370967,0.0,
2026-01-23T22:51:00-05:00,BTC/USD,window360_strategy,hold,0.0,same_minute,0.5380632151370967,0.0,
2026-01-23T22:50:00-05:00,ETH/USD,window360_strategy,hold,0.0,same_minute,0.5380632151370967,0.0,
2026-01-23T22:51:00-05:00,BTC/USD,window360_strategy,hold,0.0,same_minute,0.5380632151370967,0.0,
2026-01-23T22:50:00-05:00,ETH/USD,window360_strategy,hold,0.0,same_minute,0.5380632151370967,0.0,
2026-01-23T22:51:00-05:00,BTC/USD,window360_strategy,hold,0.0,same_minute,0.5380632151370967,0.0,
2026-01-23T22:50:00-05:00,ETH/USD,window360_strategy,hold,0.0,same_minute,0.5380632151370967,0.0,
2026-01-23T22:51:00-05:00,BTC/USD,window360_strategy,hold,0.0,same_minute,0.5380632151370967,0.0,
2026-01-23T22:50:00-05:00,ETH/USD,window360_strategy,hold,0.0,same_minute,0.5380632151370967,0.0,
2026-01-23T22:51:00-05:00,BTC/USD,window360_strategy,hold,0.0,same_minute,0.5380632151370967,0.0,
2026-01-23T22:50:00-05:00,ETH/USD,window360_strategy,hold,0.0,same_minute,0.5380632151370967,0.0,
2026-01-23T22:52:00-05:00,BTC/USD,window360_strategy,hold,0.0,no_change,0.2505387822919583,0.0,below_z_enter
2026-01-23T22:50:00-05:00,ETH/USD,window360_strategy,hold,0.0,same_minute,0.2527289514508701,0.0,
2026-01-23T22:52:00-05:00,BTC/USD,window360_strategy,hold,0.0,same_minute,0.2527289514508701,0.0,
2026-01-23T22:50:00-05:00,ETH/USD,window360_strategy,hold,0.0,same_minute,0.2527289514508701,0.0,
2026-01-23T22:52:00-05:00,BTC/USD,window360_strategy,hold,0.0,same_minute,0.2527289514508701,0.0,
2026-01-23T22:50:00-05:00,ETH/USD,window360_strategy,hold,0.0,same_minute,0.2527289514508701,0.0,
2026-01-23T22:52:00-05:00,BTC/USD,window360_strategy,hold,0.0,same_minute,0.2527289514508701,0.0,
2026-01-23T22:50:00-05:00,ETH/USD,window360_strategy,hold,0.0,same_minute,0.2527289514508701,0.0,
2026-01-23T22:52:00-05:00,BTC/USD,window360_strategy,hold,0.0,same_minute,0.2527289514508701,0.0,
2026-01-23T22:50:00-05:00,ETH/USD,window360_strategy,hold,0.0,same_minute,0.2527289514508701,0.0,
2026-01-23T22:53:00-05:00,BTC/USD,window360_strategy,hold,0.0,no_change,0.10743594739633022,0.0,below_z_enter
2026-01-23T22:53:00-05:00,ETH/USD,window360_strategy,hold,0.0,no_change,0.24639294936540987,-0.0,below_z_enter
2026-01-23T22:53:00-05:00,BTC/USD,window360_strategy,hold,0.0,same_minute,0.24639294936540987,0.0,
2026-01-23T22:53:00-05:00,ETH/USD,window360_strategy,hold,0.0,same_minute,0.24639294936540987,0.0,
2026-01-23T22:53:00-05:00,BTC/USD,window360_strategy,hold,0.0,same_minute,0.24639294936540987,0.0,
2026-01-23T22:53:00-05:00,ETH/USD,window360_strategy,hold,0.0,same_minute,0.24639294936540987,0.0,
2026-01-23T22:53:00-05:00,BTC/USD,window360_strategy,hold,0.0,same_minute,0.24639294936540987,0.0,
2026-01-23T22:53:00-05:00,ETH/USD,window360_strategy,hold,0.0,same_minute,0.24639294936540987,0.0,
2026-01-23T22:53:00-05:00,BTC/USD,window360_strategy,hold,0.0,same_minute,0.24639294936540987,0.0,
2026-01-23T22:53:00-05:00,ETH/USD,window360_strategy,hold,0.0,same_minute,0.24639294936540987,0.0,
2026-01-23T22:53:00-05:00,BTC/USD,window360_strategy,hold,0.0,same_minute,0.24639294936540987,0.0,
2026-01-23T22:53:00-05:00,ETH/USD,window360_strategy,hold,0.0,same_minute,0.24639294936540987,0.0,
2026-01-23T22:54:00-05:00,BTC/USD,window360_strategy,hold,0.0,no_change,0.5345716767026542,0.0,below_z_enter
2026-01-23T22:54:00-05:00,ETH/USD,window360_strategy,hold,0.0,no_change,0.4213095553992427,-0.0,below_z_enter
2026-01-23T22:54:00-05:00,BTC/USD,window360_strategy,hold,0.0,same_minute,0.4213095553992427,0.0,
2026-01-23T22:54:00-05:00,ETH/USD,window360_strategy,hold,0.0,same_minute,0.4213095553992427,0.0,
2026-01-23T22:54:00-05:00,BTC/USD,window360_strategy,hold,0.0,same_minute,0.4213095553992427,0.0,
2026-01-23T22:54:00-05:00,ETH/USD,window360_strategy,hold,0.0,same_minute,0.4213095553992427,0.0,
2026-01-23T22:54:00-05:00,BTC/USD,window360_strategy,hold,0.0,same_minute,0.4213095553992427,0.0,
2026-01-23T22:54:00-05:00,ETH/USD,window360_strategy,hold,0.0,same_minute,0.4213095553992427,0.0,
2026-01-23T22:54:00-05:00,BTC/USD,window360_strategy,hold,0.0,same_minute,0.4213095553992427,0.0,
2026-01-23T22:54:00-05:00,ETH/USD,window360_strategy,hold,0.0,same_minute,0.4213095553992427,0.0,
2026-01-23T22:54:00-05:00,BTC/USD,window360_strategy,hold,0.0,same_minute,0.4213095553992427,0.0,
2026-01-23T22:54:00-05:00,ETH/USD,window360_strategy,hold,0.0,same_minute,0.4213095553992427,0.0,
2026-01-23T22:55:00-05:00,BTC/USD,window360_strategy,hold,0.0,no_change,0.5181209499534442,0.0,below_z_enter
2026-01-23T22:55:00-05:00,ETH/USD,window360_strategy,hold,0.0,no_change,0.606569229906267,-0.0,below_z_enter
2026-01-23T22:55:00-05:00,BTC/USD,window360_strategy,hold,0.0,same_minute,0.606569229906267,0.0,
2026-01-23T22:55:00-05:00,ETH/USD,window360_strategy,hold,0.0,same_minute,0.606569229906267,0.0,
2026-01-23T22:55:00-05:00,BTC/USD,window360_strategy,hold,0.0,same_minute,0.606569229906267,0.0,
2026-01-23T22:55:00-05:00,ETH/USD,window360_strategy,hold,0.0,same_minute,0.606569229906267,0.0,
2026-01-23T22:55:00-05:00,BTC/USD,window360_strategy,hold,0.0,same_minute,0.606569229906267,0.0,
2026-01-23T22:55:00-05:00,ETH/USD,window360_strategy,hold,0.0,same_minute,0.606569229906267,0.0,
2026-01-23T22:55:00-05:00,BTC/USD,window360_strategy,hold,0.0,same_minute,0.606569229906267,0.0,
2026-01-23T22:55:00-05:00,ETH/USD,window360_strategy,hold,0.0,same_minute,0.606569229906267,0.0,
2026-01-23T22:55:00-05:00,BTC/USD,window360_strategy,hold,0.0,same_minute,0.606569229906267,0.0,
2026-01-23T22:55:00-05:00,ETH/USD,window360_strategy,hold,0.0,same_minute,0.606569229906267,0.0,
2026-01-23T22:56:00-05:00,BTC/USD,window360_strategy,hold,0.0,no_change,0.4284606363162924,0.0,below_z_enter
2026-01-23T22:55:00-05:00,ETH/USD,window360_strategy,hold,0.0,same_minute,0.4300044333940638,0.0,
2026-01-23T22:56:00-05:00,BTC/USD,window360_strategy,hold,0.0,same_minute,0.4300044333940638,0.0,
2026-01-23T22:55:00-05:00,ETH/USD,window360_strategy,hold,0.0,same_minute,0.4300044333940638,0.0,
2026-01-23T22:56:00-05:00,BTC/USD,window360_strategy,hold,0.0,same_minute,0.4300044333940638,0.0,
2026-01-23T22:55:00-05:00,ETH/USD,window360_strategy,hold,0.0,same_minute,0.4300044333940638,0.0,
2026-01-23T22:56:00-05:00,BTC/USD,window360_strategy,hold,0.0,same_minute,0.4300044333940638,0.0,
2026-01-23T22:55:00-05:00,ETH/USD,window360_strategy,hold,0.0,same_minute,0.4300044333940638,0.0,
2026-01-23T22:56:00-05:00,BTC/USD,window360_strategy,hold,0.0,same_minute,0.4300044333940638,0.0,
2026-01-23T22:55:00-05:00,ETH/USD,window360_strategy,hold,0.0,same_minute,0.4300044333940638,0.0,
2026-01-23T22:56:00-05:00,BTC/USD,window360_strategy,hold,0.0,same_minute,0.4300044333940638,0.0,
2026-01-23T22:55:00-05:00,ETH/USD,window360_strategy,hold,0.0,same_minute,0.4300044333940638,0.0,
2026-01-23T22:57:00-05:00,BTC/USD,window360_strategy,hold,0.0,no_change,0.49013306710166127,0.0,below_z_enter
2026-01-23T22:57:00-05:00,ETH/USD,window360_strategy,hold,0.0,no_change,0.5421919687426282,-0.0,below_z_enter
2026-01-23T22:57:00-05:00,BTC/USD,window360_strategy,hold,0.0,same_minute,0.5421919687426282,0.0,
2026-01-23T22:57:00-05:00,ETH/USD,window360_strategy,hold,0.0,same_minute,0.5421919687426282,0.0,
2026-01-23T22:57:00-05:00,BTC/USD,window360_strategy,hold,0.0,same_minute,0.5421919687426282,0.0,
2026-01-23T22:57:00-05:00,ETH/USD,window360_strategy,hold,0.0,same_minute,0.5421919687426282,0.0,
2026-01-23T22:57:00-05:00,BTC/USD,window360_strategy,hold,0.0,same_minute,0.5421919687426282,0.0,
2026-01-23T22:57:00-05:00,ETH/USD,window360_strategy,hold,0.0,same_minute,0.5421919687426282,0.0,
2026-01-23T22:57:00-05:00,BTC/USD,window360_strategy,hold,0.0,same_minute,0.5421919687426282,0.0,
2026-01-23T22:57:00-05:00,ETH/USD,window360_strategy,hold,0.0,same_minute,0.5421919687426282,0.0,
2026-01-23T22:57:00-05:00,BTC/USD,window360_strategy,hold,0.0,same_minute,0.5421919687426282,0.0,
2026-01-23T22:57:00-05:00,ETH/USD,window360_strategy,hold,0.0,same_minute,0.5421919687426282,0.0,
2026-01-23T22:58:00-05:00,BTC/USD,window360_strategy,hold,0.0,no_change,0.6503800023231416,0.0,below_z_enter
2026-01-23T22:58:00-05:00,ETH/USD,window360_strategy,hold,0.0,no_change,0.6194327553132281,-0.0,below_z_enter
2026-01-23T22:58:00-05:00,BTC/USD,window360_strategy,hold,0.0,same_minute,0.6194327553132281,0.0,
2026-01-23T22:58:00-05:00,ETH/USD,window360_strategy,hold,0.0,same_minute,0.6194327553132281,0.0,
2026-01-23T22:58:00-05:00,BTC/USD,window360_strategy,hold,0.0,same_minute,0.6194327553132281,0.0,
2026-01-23T22:58:00-05:00,ETH/USD,window360_strategy,hold,0.0,same_minute,0.6194327553132281,0.0,
2026-01-23T22:58:00-05:00,BTC/USD,window360_strategy,hold,0.0,same_minute,0.6194327553132281,0.0,
2026-01-23T22:58:00-05:00,ETH/USD,window360_strategy,hold,0.0,same_minute,0.6194327553132281,0.0,
2026-01-23T22:58:00-05:00,BTC/USD,window360_strategy,hold,0.0,same_minute,0.6194327553132281,0.0,
2026-01-23T22:58:00-05:00,ETH/USD,window360_strategy,hold,0.0,same_minute,0.6194327553132281,0.0,
2026-01-23T22:58:00-05:00,BTC/USD,window360_strategy,hold,0.0,same_minute,0.6194327553132281,0.0,
2026-01-23T22:59:00-05:00,ETH/USD,window360_strategy,hold,0.0,no_change,0.5864138916391787,-0.0,below_z_enter
2026-01-23T22:58:00-05:00,BTC/USD,window360_strategy,hold,0.0,same_minute,0.5869214582533706,0.0,
2026-01-23T22:59:00-05:00,ETH/USD,window360_strategy,hold,0.0,same_minute,0.5869214582533706,0.0,
2026-01-23T22:58:00-05:00,BTC/USD,window360_strategy,hold,0.0,same_minute,0.5869214582533706,0.0,
2026-01-23T22:59:00-05:00,ETH/USD,window360_strategy,hold,0.0,same_minute,0.5869214582533706,0.0,
2026-01-23T22:58:00-05:00,BTC/USD,window360_strategy,hold,0.0,same_minute,0.5869214582533706,0.0,
2026-01-23T22:59:00-05:00,ETH/USD,window360_strategy,hold,0.0,same_minute,0.5869214582533706,0.0,
2026-01-23T22:58:00-05:00,BTC/USD,window360_strategy,hold,0.0,same_minute,0.5869214582533706,0.0,
2026-01-23T22:59:00-05:00,ETH/USD,window360_strategy,hold,0.0,same_minute,0.5869214582533706,0.0,
2026-01-23T22:58:00-05:00,BTC/USD,window360_strategy,hold,0.0,same_minute,0.5869214582533706,0.0,
2026-01-23T22:59:00-05:00,ETH/USD,window360_strategy,hold,0.0,same_minute,0.5869214582533706,0.0,
2026-01-23T23:00:00-05:00,BTC/USD,window360_strategy,hold,0.0,no_change,0.44805007181596507,0.0,below_z_enter
2026-01-23T23:00:00-05:00,ETH/USD,window360_strategy,hold,0.0,no_change,0.48111897264106246,-0.0,below_z_enter
2026-01-23T23:00:00-05:00,BTC/USD,window360_strategy,hold,0.0,same_minute,0.48111897264106246,0.0,
2026-01-23T23:00:00-05:00,ETH/USD,window360_strategy,hold,0.0,same_minute,0.48111897264106246,0.0,
2026-01-23T23:00:00-05:00,BTC/USD,window360_strategy,hold,0.0,same_minute,0.48111897264106246,0.0,
2026-01-23T23:00:00-05:00,ETH/USD,window360_strategy,hold,0.0,same_minute,0.48111897264106246,0.0,
2026-01-23T23:00:00-05:00,BTC/USD,window360_strategy,hold,0.0,same_minute,0.48111897264106246,0.0,
2026-01-23T23:00:00-05:00,ETH/USD,window360_strategy,hold,0.0,same_minute,0.48111897264106246,0.0,
2026-01-23T23:00:00-05:00,BTC/USD,window360_strategy,hold,0.0,same_minute,0.48111897264106246,0.0,
2026-01-23T23:00:00-05:00,ETH/USD,window360_strategy,hold,0.0,same_minute,0.48111897264106246,0.0,
2026-01-23T23:00:00-05:00,BTC/USD,window360_strategy,hold,0.0,same_minute,0.48111897264106246,0.0,
2026-01-23T23:00:00-05:00,ETH/USD,window360_strategy,hold,0.0,same_minute,0.48111897264106246,0.0,
2026-01-23T23:01:00-05:00,BTC/USD,window360_strategy,hold,0.0,no_change,0.6042804566629122,0.0,below_z_enter
2026-01-23T23:00:00-05:00,ETH/USD,window360_strategy,hold,0.0,same_minute,0.603428292015291,0.0,
2026-01-23T23:01:00-05:00,BTC/USD,window360_strategy,hold,0.0,same_minute,0.603428292015291,0.0,
2026-01-23T23:00:00-05:00,ETH/USD,window360_strategy,hold,0.0,same_minute,0.603428292015291,0.0,
2026-01-23T23:01:00-05:00,BTC/USD,window360_strategy,hold,0.0,same_minute,0.603428292015291,0.0,
2026-01-23T23:00:00-05:00,ETH/USD,window360_strategy,hold,0.0,same_minute,0.603428292015291,0.0,
2026-01-23T23:01:00-05:00,BTC/USD,window360_strategy,hold,0.0,same_minute,0.603428292015291,0.0,
2026-01-23T23:00:00-05:00,ETH/USD,window360_strategy,hold,0.0,same_minute,0.603428292015291,0.0,
2026-01-23T23:01:00-05:00,BTC/USD,window360_strategy,hold,0.0,same_minute,0.603428292015291,0.0,
2026-01-23T23:00:00-05:00,ETH/USD,window360_strategy,hold,0.0,same_minute,0.603428292015291,0.0,
2026-01-23T23:01:00-05:00,BTC/USD,window360_strategy,hold,0.0,same_minute,0.603428292015291,0.0,
2026-01-23T23:00:00-05:00,ETH/USD,window360_strategy,hold,0.0,same_minute,0.603428292015291,0.0,
2026-01-23T23:02:00-05:00,BTC/USD,window360_strategy,hold,0.0,no_change,1.0618455952326473,0.0,below_z_enter
2026-01-23T23:02:00-05:00,ETH/USD,window360_strategy,hold,0.0,no_change,0.8086536309172869,-0.0,below_z_enter
2026-01-23T23:02:00-05:00,BTC/USD,window360_strategy,hold,0.0,same_minute,0.8086536309172869,0.0,
2026-01-23T23:02:00-05:00,ETH/USD,window360_strategy,hold,0.0,same_minute,0.8086536309172869,0.0,
2026-01-23T23:02:00-05:00,BTC/USD,window360_strategy,hold,0.0,same_minute,0.8086536309172869,0.0,
2026-01-23T23:02:00-05:00,ETH/USD,window360_strategy,hold,0.0,same_minute,0.8086536309172869,0.0,
2026-01-23T23:02:00-05:00,BTC/USD,window360_strategy,hold,0.0,same_minute,0.8086536309172869,0.0,
2026-01-23T23:02:00-05:00,ETH/USD,window360_strategy,hold,0.0,same_minute,0.8086536309172869,0.0,
2026-01-23T23:02:00-05:00,BTC/USD,window360_strategy,hold,0.0,same_minute,0.8086536309172869,0.0,
2026-01-23T23:02:00-05:00,ETH/USD,window360_strategy,hold,0.0,same_minute,0.8086536309172869,0.0,
2026-01-23T23:02:00-05:00,BTC/USD,window360_strategy,hold,0.0,same_minute,0.8086536309172869,0.0,
2026-01-23T23:02:00-05:00,ETH/USD,window360_strategy,hold,0.0,same_minute,0.8086536309172869,0.0,
2026-01-23T23:03:00-05:00,BTC/USD,window360_strategy,hold,0.0,no_change,0.3766941532954578,0.0,below_z_enter
2026-01-23T23:03:00-05:00,ETH/USD,window360_strategy,hold,0.0,no_change,0.3370839437771795,-0.0,below_z_enter
2026-01-23T23:03:00-05:00,BTC/USD,window360_strategy,hold,0.0,same_minute,0.3370839437771795,0.0,
2026-01-23T23:03:00-05:00,ETH/USD,window360_strategy,hold,0.0,same_minute,0.3370839437771795,0.0,
2026-01-23T23:03:00-05:00,BTC/USD,window360_strategy,hold,0.0,same_minute,0.3370839437771795,0.0,
2026-01-23T23:03:00-05:00,ETH/USD,window360_strategy,hold,0.0,same_minute,0.3370839437771795,0.0,
2026-01-23T23:03:00-05:00,BTC/USD,window360_strategy,hold,0.0,same_minute,0.3370839437771795,0.0,
2026-01-23T23:03:00-05:00,ETH/USD,window360_strategy,hold,0.0,same_minute,0.3370839437771795,0.0,
2026-01-23T23:03:00-05:00,BTC/USD,window360_strategy,hold,0.0,same_minute,0.3370839437771795,0.0,
2026-01-23T23:03:00-05:00,ETH/USD,window360_strategy,hold,0.0,same_minute,0.3370839437771795,0.0,
2026-01-23T23:03:00-05:00,BTC/USD,window360_strategy,hold,0.0,same_minute,0.3370839437771795,0.0,
2026-01-23T23:03:00-05:00,ETH/USD,window360_strategy,hold,0.0,same_minute,0.3370839437771795,0.0,
2026-01-23T23:04:00-05:00,BTC/USD,window360_strategy,hold,0.0,no_change,0.7091991938566247,0.0,below_z_enter
2026-01-23T23:04:00-05:00,ETH/USD,window360_strategy,hold,0.0,no_change,0.8862407503567445,-0.0,below_z_enter
2026-01-23T23:04:00-05:00,BTC/USD,window360_strategy,hold,0.0,same_minute,0.8862407503567445,0.0,
2026-01-23T23:04:00-05:00,ETH/USD,window360_strategy,hold,0.0,same_minute,0.8862407503567445,0.0,
2026-01-23T23:04:00-05:00,BTC/USD,window360_strategy,hold,0.0,same_minute,0.8862407503567445,0.0,
2026-01-23T23:04:00-05:00,ETH/USD,window360_strategy,hold,0.0,same_minute,0.8862407503567445,0.0,
2026-01-23T23:04:00-05:00,BTC/USD,window360_strategy,hold,0.0,same_minute,0.8862407503567445,0.0,
2026-01-23T23:04:00-05:00,ETH/USD,window360_strategy,hold,0.0,same_minute,0.8862407503567445,0.0,
2026-01-23T23:04:00-05:00,BTC/USD,window360_strategy,hold,0.0,same_minute,0.8862407503567445,0.0,
2026-01-23T23:04:00-05:00,ETH/USD,window360_strategy,hold,0.0,same_minute,0.8862407503567445,0.0,
2026-01-23T23:05:00-05:00,BTC/USD,window360_strategy,hold,0.0,no_change,1.2754958606295856,0.0,edge_filter
2026-01-23T23:05:00-05:00,ETH/USD,window360_strategy,hold,0.0,no_change,1.2202108088866495,-0.0,edge_filter
2026-01-23T23:05:00-05:00,BTC/USD,window360_strategy,hold,0.0,same_minute,1.2202108088866495,0.0,
2026-01-23T23:05:00-05:00,ETH/USD,window360_strategy,hold,0.0,same_minute,1.2202108088866495,0.0,
2026-01-23T23:05:00-05:00,BTC/USD,window360_strategy,hold,0.0,same_minute,1.2202108088866495,0.0,
2026-01-23T23:05:00-05:00,ETH/USD,window360_strategy,hold,0.0,same_minute,1.2202108088866495,0.0,
2026-01-23T23:05:00-05:00,BTC/USD,window360_strategy,hold,0.0,same_minute,1.2202108088866495,0.0,
2026-01-23T23:05:00-05:00,ETH/USD,window360_strategy,hold,0.0,same_minute,1.2202108088866495,0.0,
2026-01-23T23:05:00-05:00,BTC/USD,window360_strategy,hold,0.0,same_minute,1.2202108088866495,0.0,
2026-01-23T23:05:00-05:00,ETH/USD,window360_strategy,hold,0.0,same_minute,1.2202108088866495,0.0,
2026-01-23T23:05:00-05:00,BTC/USD,window360_strategy,hold,0.0,same_minute,1.2202108088866495,0.0,
2026-01-23T23:05:00-05:00,ETH/USD,window360_strategy,hold,0.0,same_minute,1.2202108088866495,0.0,
2026-01-23T23:05:00-05:00,BTC/USD,window360_strategy,hold,0.0,same_minute,1.2202108088866495,0.0,
2026-01-23T23:06:00-05:00,ETH/USD,window360_strategy,hold,0.0,no_change,1.0509125915944801,-0.0,below_z_enter
2026-01-23T23:05:00-05:00,BTC/USD,window360_strategy,hold,0.0,same_minute,1.0531641328410262,0.0,
2026-01-23T23:06:00-05:00,ETH/USD,window360_strategy,hold,0.0,same_minute,1.0531641328410262,0.0,
2026-01-23T23:05:00-05:00,BTC/USD,window360_strategy,hold,0.0,same_minute,1.0531641328410262,0.0,
2026-01-23T23:06:00-05:00,ETH/USD,window360_strategy,hold,0.0,same_minute,1.0531641328410262,0.0,
2026-01-23T23:05:00-05:00,BTC/USD,window360_strategy,hold,0.0,same_minute,1.0531641328410262,0.0,
2026-01-23T23:06:00-05:00,ETH/USD,window360_strategy,hold,0.0,same_minute,1.0531641328410262,0.0,
2026-01-23T23:05:00-05:00,BTC/USD,window360_strategy,hold,0.0,same_minute,1.0531641328410262,0.0,
2026-01-23T23:06:00-05:00,ETH/USD,window360_strategy,hold,0.0,same_minute,1.0531641328410262,0.0,
2026-01-23T23:05:00-05:00,BTC/USD,window360_strategy,hold,0.0,same_minute,1.0531641328410262,0.0,
2026-01-23T23:06:00-05:00,ETH/USD,window360_strategy,hold,0.0,same_minute,1.0531641328410262,0.0,
2026-01-23T23:07:00-05:00,BTC/USD,window360_strategy,hold,0.0,no_change,0.896985334702412,0.0,below_z_enter
2026-01-23T23:07:00-05:00,ETH/USD,window360_strategy,hold,0.0,no_change,0.873598465179491,-0.0,below_z_enter
2026-01-23T23:07:00-05:00,BTC/USD,window360_strategy,hold,0.0,same_minute,0.873598465179491,0.0,
2026-01-23T23:07:00-05:00,ETH/USD,window360_strategy,hold,0.0,same_minute,0.873598465179491,0.0,
2026-01-23T23:07:00-05:00,BTC/USD,window360_strategy,hold,0.0,same_minute,0.873598465179491,0.0,
2026-01-23T23:07:00-05:00,ETH/USD,window360_strategy,hold,0.0,same_minute,0.873598465179491,0.0,
2026-01-23T23:07:00-05:00,BTC/USD,window360_strategy,hold,0.0,same_minute,0.873598465179491,0.0,
2026-01-23T23:07:00-05:00,ETH/USD,window360_strategy,hold,0.0,same_minute,0.873598465179491,0.0,
2026-01-23T23:07:00-05:00,BTC/USD,window360_strategy,hold,0.0,same_minute,0.873598465179491,0.0,
2026-01-23T23:07:00-05:00,ETH/USD,window360_strategy,hold,0.0,same_minute,0.873598465179491,0.0,
2026-01-23T23:07:00-05:00,BTC/USD,window360_strategy,hold,0.0,same_minute,0.873598465179491,0.0,
2026-01-23T23:07:00-05:00,ETH/USD,window360_strategy,hold,0.0,same_minute,0.873598465179491,0.0,
2026-01-23T23:07:00-05:00,BTC/USD,window360_strategy,hold,0.0,same_minute,0.873598465179491,0.0,
2026-01-23T23:08:00-05:00,ETH/USD,window360_strategy,hold,0.0,no_change,0.9189506178035534,-0.0,below_z_enter
2026-01-23T23:07:00-05:00,BTC/USD,window360_strategy,hold,0.0,same_minute,0.9185657505216599,0.0,
2026-01-23T23:08:00-05:00,ETH/USD,window360_strategy,hold,0.0,same_minute,0.9185657505216599,0.0,
2026-01-23T23:07:00-05:00,BTC/USD,window360_strategy,hold,0.0,same_minute,0.9185657505216599,0.0,
2026-01-23T23:08:00-05:00,ETH/USD,window360_strategy,hold,0.0,same_minute,0.9185657505216599,0.0,
2026-01-23T23:07:00-05:00,BTC/USD,window360_strategy,hold,0.0,same_minute,0.9185657505216599,0.0,
2026-01-23T23:08:00-05:00,ETH/USD,window360_strategy,hold,0.0,same_minute,0.9185657505216599,0.0,
2026-01-23T23:07:00-05:00,BTC/USD,window360_strategy,hold,0.0,same_minute,0.9185657505216599,0.0,
2026-01-23T23:08:00-05:00,ETH/USD,window360_strategy,hold,0.0,same_minute,0.9185657505216599,0.0,
2026-01-23T23:07:00-05:00,BTC/USD,window360_strategy,hold,0.0,same_minute,0.9185657505216599,0.0,
2026-01-23T23:08:00-05:00,ETH/USD,window360_strategy,hold,0.0,same_minute,0.9185657505216599,0.0,
2026-01-23T23:09:00-05:00,BTC/USD,window360_strategy,hold,0.0,no_change,1.3223981871064476,0.0,edge_filter
2026-01-23T23:09:00-05:00,ETH/USD,window360_strategy,hold,0.0,no_change,1.2059153411252883,-0.0,edge_filter
2026-01-23T23:09:00-05:00,BTC/USD,window360_strategy,hold,0.0,same_minute,1.2059153411252883,0.0,
2026-01-23T23:09:00-05:00,ETH/USD,window360_strategy,hold,0.0,same_minute,1.2059153411252883,0.0,
2026-01-23T23:09:00-05:00,BTC/USD,window360_strategy,hold,0.0,same_minute,1.2059153411252883,0.0,
2026-01-23T23:09:00-05:00,ETH/USD,window360_strategy,hold,0.0,same_minute,1.2059153411252883,0.0,
2026-01-23T23:09:00-05:00,BTC/USD,window360_strategy,hold,0.0,same_minute,1.2059153411252883,0.0,
2026-01-23T23:09:00-05:00,ETH/USD,window360_strategy,hold,0.0,same_minute,1.2059153411252883,0.0,
2026-01-23T23:09:00-05:00,BTC/USD,window360_strategy,hold,0.0,same_minute,1.2059153411252883,0.0,
2026-01-23T23:09:00-05:00,ETH/USD,window360_strategy,hold,0.0,same_minute,1.2059153411252883,0.0,
2026-01-23T23:09:00-05:00,BTC/USD,window360_strategy,hold,0.0,same_minute,1.2059153411252883,0.0,
2026-01-23T23:10:00-05:00,ETH/USD,window360_strategy,hold,0.0,no_change,1.2204769197725642,-0.0,edge_filter
2026-01-23T23:09:00-05:00,BTC/USD,window360_strategy,hold,0.0,same_minute,1.2204072056614668,0.0,
2026-01-23T23:10:00-05:00,ETH/USD,window360_strategy,hold,0.0,same_minute,1.2204072056614668,0.0,
2026-01-23T23:09:00-05:00,BTC/USD,window360_strategy,hold,0.0,same_minute,1.2204072056614668,0.0,
2026-01-23T23:10:00-05:00,ETH/USD,window360_strategy,hold,0.0,same_minute,1.2204072056614668,0.0,
2026-01-23T23:09:00-05:00,BTC/USD,window360_strategy,hold,0.0,same_minute,1.2204072056614668,0.0,
2026-01-23T23:10:00-05:00,ETH/USD,window360_strategy,hold,0.0,same_minute,1.2204072056614668,0.0,
2026-01-23T23:09:00-05:00,BTC/USD,window360_strategy,hold,0.0,same_minute,1.2204072056614668,0.0,
2026-01-23T23:10:00-05:00,ETH/USD,window360_strategy,hold,0.0,same_minute,1.2204072056614668,0.0,
2026-01-23T23:09:00-05:00,BTC/USD,window360_strategy,hold,0.0,same_minute,1.2204072056614668,0.0,
2026-01-23T23:10:00-05:00,ETH/USD,window360_strategy,hold,0.0,same_minute,1.2204072056614668,0.0,
2026-01-23T23:11:00-05:00,BTC/USD,window360_strategy,hold,0.0,no_change,0.876809507146585,0.0,below_z_enter
2026-01-23T23:10:00-05:00,ETH/USD,window360_strategy,hold,0.0,same_minute,0.881257970210438,0.0,
2026-01-23T23:11:00-05:00,BTC/USD,window360_strategy,hold,0.0,same_minute,0.881257970210438,0.0,
2026-01-23T23:10:00-05:00,ETH/USD,window360_strategy,hold,0.0,same_minute,0.881257970210438,0.0,
2026-01-23T23:11:00-05:00,BTC/USD,window360_strategy,hold,0.0,same_minute,0.881257970210438,0.0,
2026-01-23T23:10:00-05:00,ETH/USD,window360_strategy,hold,0.0,same_minute,0.881257970210438,0.0,
2026-01-23T23:11:00-05:00,BTC/USD,window360_strategy,hold,0.0,same_minute,0.881257970210438,0.0,
2026-01-23T23:10:00-05:00,ETH/USD,window360_strategy,hold,0.0,same_minute,0.881257970210438,0.0,
2026-01-23T23:11:00-05:00,BTC/USD,window360_strategy,hold,0.0,same_minute,0.881257970210438,0.0,
2026-01-23T23:10:00-05:00,ETH/USD,window360_strategy,hold,0.0,same_minute,0.881257970210438,0.0,
2026-01-23T23:11:00-05:00,BTC/USD,window360_strategy,hold,0.0,same_minute,0.881257970210438,0.0,
2026-01-23T23:10:00-05:00,ETH/USD,window360_strategy,hold,0.0,same_minute,0.881257970210438,0.0,
2026-01-23T23:12:00-05:00,BTC/USD,window360_strategy,hold,0.0,no_change,0.678276154064624,0.0,below_z_enter
2026-01-23T23:12:00-05:00,ETH/USD,window360_strategy,hold,0.0,no_change,0.7360501206030424,-0.0,below_z_enter
2026-01-23T23:12:00-05:00,BTC/USD,window360_strategy,hold,0.0,same_minute,0.7360501206030424,0.0,
2026-01-23T23:12:00-05:00,ETH/USD,window360_strategy,hold,0.0,same_minute,0.7360501206030424,0.0,
2026-01-23T23:12:00-05:00,BTC/USD,window360_strategy,hold,0.0,same_minute,0.7360501206030424,0.0,
2026-01-23T23:12:00-05:00,ETH/USD,window360_strategy,hold,0.0,same_minute,0.7360501206030424,0.0,
2026-01-23T23:12:00-05:00,BTC/USD,window360_strategy,hold,0.0,same_minute,0.7360501206030424,0.0,
2026-01-23T23:12:00-05:00,ETH/USD,window360_strategy,hold,0.0,same_minute,0.7360501206030424,0.0,
2026-01-23T23:12:00-05:00,BTC/USD,window360_strategy,hold,0.0,same_minute,0.7360501206030424,0.0,
2026-01-23T23:12:00-05:00,ETH/USD,window360_strategy,hold,0.0,same_minute,0.7360501206030424,0.0,
2026-01-23T23:12:00-05:00,BTC/USD,window360_strategy,hold,0.0,same_minute,0.7360501206030424,0.0,
2026-01-23T23:12:00-05:00,ETH/USD,window360_strategy,hold,0.0,same_minute,0.7360501206030424,0.0,
2026-01-23T23:12:00-05:00,BTC/USD,window360_strategy,hold,0.0,same_minute,0.7360501206030424,0.0,
2026-01-23T23:13:00-05:00,ETH/USD,window360_strategy,hold,0.0,no_change,0.7257136648912009,-0.0,below_z_enter
2026-01-23T23:12:00-05:00,BTC/USD,window360_strategy,hold,0.0,same_minute,0.7260831673688647,0.0,
2026-01-23T23:13:00-05:00,ETH/USD,window360_strategy,hold,0.0,same_minute,0.7260831673688647,0.0,
2026-01-23T23:12:00-05:00,BTC/USD,window360_strategy,hold,0.0,same_minute,0.7260831673688647,0.0,
2026-01-23T23:13:00-05:00,ETH/USD,window360_strategy,hold,0.0,same_minute,0.7260831673688647,0.0,
2026-01-23T23:12:00-05:00,BTC/USD,window360_strategy,hold,0.0,same_minute,0.7260831673688647,0.0,
2026-01-23T23:13:00-05:00,ETH/USD,window360_strategy,hold,0.0,same_minute,0.7260831673688647,0.0,
2026-01-23T23:12:00-05:00,BTC/USD,window360_strategy,hold,0.0,same_minute,0.7260831673688647,0.0,
2026-01-23T23:13:00-05:00,ETH/USD,window360_strategy,hold,0.0,same_minute,0.7260831673688647,0.0,
2026-01-23T23:12:00-05:00,BTC/USD,window360_strategy,hold,0.0,same_minute,0.7260831673688647,0.0,
2026-01-23T23:13:00-05:00,ETH/USD,window360_strategy,hold,0.0,same_minute,0.7260831673688647,0.0,
2026-01-23T23:14:00-05:00,BTC/USD,window360_strategy,hold,0.0,no_change,0.791843130769035,0.0,below_z_enter
2026-01-23T23:14:00-05:00,ETH/USD,window360_strategy,hold,0.0,no_change,0.8356395423417787,-0.0,below_z_enter
2026-01-23T23:14:00-05:00,BTC/USD,window360_strategy,hold,0.0,same_minute,0.8356395423417787,0.0,
2026-01-23T23:14:00-05:00,ETH/USD,window360_strategy,hold,0.0,same_minute,0.8356395423417787,0.0,
2026-01-23T23:14:00-05:00,BTC/USD,window360_strategy,hold,0.0,same_minute,0.8356395423417787,0.0,
2026-01-23T23:14:00-05:00,ETH/USD,window360_strategy,hold,0.0,same_minute,0.8356395423417787,0.0,
2026-01-23T23:14:00-05:00,BTC/USD,window360_strategy,hold,0.0,same_minute,0.8356395423417787,0.0,
2026-01-23T23:14:00-05:00,ETH/USD,window360_strategy,hold,0.0,same_minute,0.8356395423417787,0.0,
2026-01-23T23:14:00-05:00,BTC/USD,window360_strategy,hold,0.0,same_minute,0.8356395423417787,0.0,
2026-01-23T23:14:00-05:00,ETH/USD,window360_strategy,hold,0.0,same_minute,0.8356395423417787,0.0,
2026-01-23T23:15:00-05:00,BTC/USD,window360_strategy,hold,0.0,no_change,1.0303707475655337,0.0,below_z_enter
2026-01-23T23:14:00-05:00,ETH/USD,window360_strategy,hold,0.0,same_minute,1.0282204139661084,0.0,
2026-01-23T23:15:00-05:00,BTC/USD,window360_strategy,hold,0.0,same_minute,1.0282204139661084,0.0,
2026-01-23T23:14:00-05:00,ETH/USD,window360_strategy,hold,0.0,same_minute,1.0282204139661084,0.0,
2026-01-23T23:15:00-05:00,BTC/USD,window360_strategy,hold,0.0,same_minute,1.0282204139661084,0.0,
2026-01-23T23:14:00-05:00,ETH/USD,window360_strategy,hold,0.0,same_minute,1.0282204139661084,0.0,
2026-01-23T23:15:00-05:00,BTC/USD,window360_strategy,hold,0.0,same_minute,1.0282204139661084,0.0,
2026-01-23T23:14:00-05:00,ETH/USD,window360_strategy,hold,0.0,same_minute,1.0282204139661084,0.0,
2026-01-23T23:15:00-05:00,BTC/USD,window360_strategy,hold,0.0,same_minute,1.0282204139661084,0.0,
2026-01-23T23:14:00-05:00,ETH/USD,window360_strategy,hold,0.0,same_minute,1.0282204139661084,0.0,
2026-01-23T23:15:00-05:00,BTC/USD,window360_strategy,hold,0.0,same_minute,1.0282204139661084,0.0,
2026-01-23T23:14:00-05:00,ETH/USD,window360_strategy,hold,0.0,same_minute,1.0282204139661084,0.0,
2026-01-23T23:16:00-05:00,BTC/USD,window360_strategy,hold,0.0,no_change,1.0070635737510234,0.0,below_z_enter
2026-01-23T23:16:00-05:00,ETH/USD,window360_strategy,hold,0.0,no_change,0.6937370016241906,-0.0,below_z_enter
2026-01-23T23:16:00-05:00,BTC/USD,window360_strategy,hold,0.0,same_minute,0.6937370016241906,0.0,
2026-01-23T23:16:00-05:00,ETH/USD,window360_strategy,hold,0.0,same_minute,0.6937370016241906,0.0,
2026-01-23T23:16:00-05:00,BTC/USD,window360_strategy,hold,0.0,same_minute,0.6937370016241906,0.0,
2026-01-23T23:16:00-05:00,ETH/USD,window360_strategy,hold,0.0,same_minute,0.6937370016241906,0.0,
2026-01-23T23:16:00-05:00,BTC/USD,window360_strategy,hold,0.0,same_minute,0.6937370016241906,0.0,
2026-01-23T23:16:00-05:00,ETH/USD,window360_strategy,hold,0.0,same_minute,0.6937370016241906,0.0,
2026-01-23T23:16:00-05:00,BTC/USD,window360_strategy,hold,0.0,same_minute,0.6937370016241906,0.0,
2026-01-23T23:16:00-05:00,ETH/USD,window360_strategy,hold,0.0,same_minute,0.6937370016241906,0.0,
2026-01-23T23:17:00-05:00,BTC/USD,window360_strategy,hold,0.0,no_change,0.45521084460406985,0.0,below_z_enter
2026-01-23T23:16:00-05:00,ETH/USD,window360_strategy,hold,0.0,same_minute,0.45835201672976233,0.0,
2026-01-23T23:17:00-05:00,BTC/USD,window360_strategy,hold,0.0,same_minute,0.45835201672976233,0.0,
2026-01-23T23:16:00-05:00,ETH/USD,window360_strategy,hold,0.0,same_minute,0.45835201672976233,0.0,
2026-01-23T23:17:00-05:00,BTC/USD,window360_strategy,hold,0.0,same_minute,0.45835201672976233,0.0,
2026-01-23T23:16:00-05:00,ETH/USD,window360_strategy,hold,0.0,same_minute,0.45835201672976233,0.0,
2026-01-23T23:17:00-05:00,BTC/USD,window360_strategy,hold,0.0,same_minute,0.45835201672976233,0.0,
2026-01-23T23:16:00-05:00,ETH/USD,window360_strategy,hold,0.0,same_minute,0.45835201672976233,0.0,
2026-01-23T23:17:00-05:00,BTC/USD,window360_strategy,hold,0.0,same_minute,0.45835201672976233,0.0,
2026-01-23T23:16:00-05:00,ETH/USD,window360_strategy,hold,0.0,same_minute,0.45835201672976233,0.0,
2026-01-23T23:17:00-05:00,BTC/USD,window360_strategy,hold,0.0,same_minute,0.45835201672976233,0.0,
2026-01-23T23:16:00-05:00,ETH/USD,window360_strategy,hold,0.0,same_minute,0.45835201672976233,0.0,
2026-01-23T23:18:00-05:00,BTC/USD,window360_strategy,hold,0.0,no_change,0.36375528427544584,0.0,below_z_enter
2026-01-23T23:16:00-05:00,ETH/USD,window360_strategy,hold,0.0,same_minute,0.36507383773501545,0.0,
2026-01-23T23:18:00-05:00,BTC/USD,window360_strategy,hold,0.0,same_minute,0.36507383773501545,0.0,
2026-01-23T23:16:00-05:00,ETH/USD,window360_strategy,hold,0.0,same_minute,0.36507383773501545,0.0,
2026-01-23T23:18:00-05:00,BTC/USD,window360_strategy,hold,0.0,same_minute,0.36507383773501545,0.0,
2026-01-23T23:16:00-05:00,ETH/USD,window360_strategy,hold,0.0,same_minute,0.36507383773501545,0.0,
2026-01-23T23:18:00-05:00,BTC/USD,window360_strategy,hold,0.0,same_minute,0.36507383773501545,0.0,
2026-01-23T23:16:00-05:00,ETH/USD,window360_strategy,hold,0.0,same_minute,0.36507383773501545,0.0,
2026-01-23T23:18:00-05:00,BTC/USD,window360_strategy,hold,0.0,same_minute,0.36507383773501545,0.0,
2026-01-23T23:16:00-05:00,ETH/USD,window360_strategy,hold,0.0,same_minute,0.36507383773501545,0.0,
2026-01-23T23:18:00-05:00,BTC/USD,window360_strategy,hold,0.0,same_minute,0.36507383773501545,0.0,
2026-01-23T23:16:00-05:00,ETH/USD,window360_strategy,hold,0.0,same_minute,0.36507383773501545,0.0,
2026-01-23T23:18:00-05:00,BTC/USD,window360_strategy,hold,0.0,same_minute,0.36507383773501545,0.0,
2026-01-23T23:16:00-05:00,ETH/USD,window360_strategy,hold,0.0,same_minute,0.36507383773501545,0.0,
2026-01-23T23:18:00-05:00,BTC/USD,window360_strategy,hold,0.0,same_minute,0.36507383773501545,0.0,
2026-01-23T23:16:00-05:00,ETH/USD,window360_strategy,hold,0.0,same_minute,0.36507383773501545,0.0,
2026-01-23T23:18:00-05:00,BTC/USD,window360_strategy,hold,0.0,same_minute,0.36507383773501545,0.0,
2026-01-23T23:16:00-05:00,ETH/USD,window360_strategy,hold,0.0,same_minute,0.36507383773501545,0.0,
2026-01-23T23:18:00-05:00,BTC/USD,window360_strategy,hold,0.0,same_minute,0.36507383773501545,0.0,
2026-01-23T23:16:00-05:00,ETH/USD,window360_strategy,hold,0.0,same_minute,0.36507383773501545,0.0,
2026-01-23T23:18:00-05:00,BTC/USD,window360_strategy,hold,0.0,same_minute,0.36507383773501545,0.0,
2026-01-23T23:16:00-05:00,ETH/USD,window360_strategy,hold,0.0,same_minute,0.36507383773501545,0.0,
2026-01-23T23:18:00-05:00,BTC/USD,window360_strategy,hold,0.0,same_minute,0.36507383773501545,0.0,
2026-01-23T23:16:00-05:00,ETH/USD,window360_strategy,hold,0.0,same_minute,0.36507383773501545,0.0,
2026-01-23T23:20:00-05:00,BTC/USD,window360_strategy,hold,0.0,no_change,0.4418646259896641,0.0,below_z_enter
2026-01-23T23:16:00-05:00,ETH/USD,window360_strategy,hold,0.0,same_minute,0.44107840154016753,0.0,
2026-01-23T23:20:00-05:00,BTC/USD,window360_strategy,hold,0.0,same_minute,0.44107840154016753,0.0,
2026-01-23T23:16:00-05:00,ETH/USD,window360_strategy,hold,0.0,same_minute,0.44107840154016753,0.0,
2026-01-23T23:20:00-05:00,BTC/USD,window360_strategy,hold,0.0,same_minute,0.44107840154016753,0.0,
2026-01-23T23:16:00-05:00,ETH/USD,window360_strategy,hold,0.0,same_minute,0.44107840154016753,0.0,
2026-01-23T23:20:00-05:00,BTC/USD,window360_strategy,hold,0.0,same_minute,0.44107840154016753,0.0,
2026-01-23T23:16:00-05:00,ETH/USD,window360_strategy,hold,0.0,same_minute,0.44107840154016753,0.0,
2026-01-23T23:20:00-05:00,BTC/USD,window360_strategy,hold,0.0,same_minute,0.44107840154016753,0.0,
2026-01-23T23:16:00-05:00,ETH/USD,window360_strategy,hold,0.0,same_minute,0.44107840154016753,0.0,
2026-01-23T23:20:00-05:00,BTC/USD,window360_strategy,hold,0.0,same_minute,0.44107840154016753,0.0,
2026-01-23T23:16:00-05:00,ETH/USD,window360_strategy,hold,0.0,same_minute,0.44107840154016753,0.0,
2026-01-23T23:21:00-05:00,BTC/USD,window360_strategy,hold,0.0,no_change,0.17473533524121512,0.0,below_z_enter
2026-01-23T23:21:00-05:00,ETH/USD,window360_strategy,hold,0.0,no_change,0.5390152451445085,-0.0,below_z_enter
2026-01-23T23:21:00-05:00,BTC/USD,window360_strategy,hold,0.0,same_minute,0.5390152451445085,0.0,
2026-01-23T23:21:00-05:00,ETH/USD,window360_strategy,hold,0.0,same_minute,0.5390152451445085,0.0,
2026-01-23T23:21:00-05:00,BTC/USD,window360_strategy,hold,0.0,same_minute,0.5390152451445085,0.0,
2026-01-23T23:21:00-05:00,ETH/USD,window360_strategy,hold,0.0,same_minute,0.5390152451445085,0.0,
2026-01-23T23:21:00-05:00,BTC/USD,window360_strategy,hold,0.0,same_minute,0.5390152451445085,0.0,
2026-01-23T23:21:00-05:00,ETH/USD,window360_strategy,hold,0.0,same_minute,0.5390152451445085,0.0,
2026-01-23T23:21:00-05:00,BTC/USD,window360_strategy,hold,0.0,same_minute,0.5390152451445085,0.0,
2026-01-23T23:21:00-05:00,ETH/USD,window360_strategy,hold,0.0,same_minute,0.5390152451445085,0.0,
2026-01-23T23:22:00-05:00,BTC/USD,window360_strategy,hold,0.0,no_change,0.5506542747611289,0.0,below_z_enter
2026-01-23T23:22:00-05:00,ETH/USD,window360_strategy,hold,0.0,no_change,0.43898498736175406,-0.0,below_z_enter
2026-01-23T23:22:00-05:00,BTC/USD,window360_strategy,hold,0.0,same_minute,0.43898498736175406,0.0,
2026-01-23T23:22:00-05:00,ETH/USD,window360_strategy,hold,0.0,same_minute,0.43898498736175406,0.0,
2026-01-23T23:22:00-05:00,BTC/USD,window360_strategy,hold,0.0,same_minute,0.43898498736175406,0.0,
2026-01-23T23:22:00-05:00,ETH/USD,window360_strategy,hold,0.0,same_minute,0.43898498736175406,0.0,
2026-01-23T23:22:00-05:00,BTC/USD,window360_strategy,hold,0.0,same_minute,0.43898498736175406,0.0,
2026-01-23T23:22:00-05:00,ETH/USD,window360_strategy,hold,0.0,same_minute,0.43898498736175406,0.0,
2026-01-23T23:22:00-05:00,BTC/USD,window360_strategy,hold,0.0,same_minute,0.43898498736175406,0.0,
2026-01-23T23:22:00-05:00,ETH/USD,window360_strategy,hold,0.0,same_minute,0.43898498736175406,0.0,
2026-01-23T23:22:00-05:00,BTC/USD,window360_strategy,hold,0.0,same_minute,0.43898498736175406,0.0,
2026-01-23T23:22:00-05:00,ETH/USD,window360_strategy,hold,0.0,same_minute,0.43898498736175406,0.0,
2026-01-23T23:22:00-05:00,BTC/USD,window360_strategy,hold,0.0,same_minute,0.43898498736175406,0.0,
2026-01-23T23:23:00-05:00,ETH/USD,window360_strategy,hold,0.0,no_change,0.5439716383196643,-0.0,below_z_enter
2026-01-23T23:22:00-05:00,BTC/USD,window360_strategy,hold,0.0,same_minute,0.5428270036185134,0.0,
2026-01-23T23:23:00-05:00,ETH/USD,window360_strategy,hold,0.0,same_minute,0.5428270036185134,0.0,
2026-01-23T23:22:00-05:00,BTC/USD,window360_strategy,hold,0.0,same_minute,0.5428270036185134,0.0,
2026-01-23T23:23:00-05:00,ETH/USD,window360_strategy,hold,0.0,same_minute,0.5428270036185134,0.0,
2026-01-23T23:22:00-05:00,BTC/USD,window360_strategy,hold,0.0,same_minute,0.5428270036185134,0.0,
2026-01-23T23:23:00-05:00,ETH/USD,window360_strategy,hold,0.0,same_minute,0.5428270036185134,0.0,
2026-01-23T23:22:00-05:00,BTC/USD,window360_strategy,hold,0.0,same_minute,0.5428270036185134,0.0,
2026-01-23T23:23:00-05:00,ETH/USD,window360_strategy,hold,0.0,same_minute,0.5428270036185134,0.0,
2026-01-23T23:22:00-05:00,BTC/USD,window360_strategy,hold,0.0,same_minute,0.5428270036185134,0.0,
2026-01-23T23:23:00-05:00,ETH/USD,window360_strategy,hold,0.0,same_minute,0.5428270036185134,0.0,
2026-01-23T23:24:00-05:00,BTC/USD,window360_strategy,hold,0.0,no_change,0.6925923700603861,0.0,below_z_enter
2026-01-23T23:24:00-05:00,ETH/USD,window360_strategy,hold,0.0,no_change,0.7881530572542251,-0.0,below_z_enter
2026-01-23T23:24:00-05:00,BTC/USD,window360_strategy,hold,0.0,same_minute,0.7881530572542251,0.0,
2026-01-23T23:24:00-05:00,ETH/USD,window360_strategy,hold,0.0,same_minute,0.7881530572542251,0.0,
2026-01-23T23:24:00-05:00,BTC/USD,window360_strategy,hold,0.0,same_minute,0.7881530572542251,0.0,
2026-01-23T23:24:00-05:00,ETH/USD,window360_strategy,hold,0.0,same_minute,0.7881530572542251,0.0,
2026-01-23T23:24:00-05:00,BTC/USD,window360_strategy,hold,0.0,same_minute,0.7881530572542251,0.0,
2026-01-23T23:24:00-05:00,ETH/USD,window360_strategy,hold,0.0,same_minute,0.7881530572542251,0.0,
2026-01-23T23:24:00-05:00,BTC/USD,window360_strategy,hold,0.0,same_minute,0.7881530572542251,0.0,
2026-01-23T23:24:00-05:00,ETH/USD,window360_strategy,hold,0.0,same_minute,0.7881530572542251,0.0,
2026-01-23T23:24:00-05:00,BTC/USD,window360_strategy,hold,0.0,same_minute,0.7881530572542251,0.0,
2026-01-23T23:24:00-05:00,ETH/USD,window360_strategy,hold,0.0,same_minute,0.7881530572542251,0.0,
2026-01-23T23:25:00-05:00,BTC/USD,window360_strategy,hold,0.0,no_change,0.4238886508936564,0.0,below_z_enter
2026-01-23T23:25:00-05:00,ETH/USD,window360_strategy,hold,0.0,no_change,0.2563050666550682,-0.0,below_z_enter
2026-01-23T23:25:00-05:00,BTC/USD,window360_strategy,hold,0.0,same_minute,0.2563050666550682,0.0,
2026-01-23T23:25:00-05:00,ETH/USD,window360_strategy,hold,0.0,same_minute,0.2563050666550682,0.0,
2026-01-23T23:25:00-05:00,BTC/USD,window360_strategy,hold,0.0,same_minute,0.2563050666550682,0.0,
2026-01-23T23:25:00-05:00,ETH/USD,window360_strategy,hold,0.0,same_minute,0.2563050666550682,0.0,
2026-01-23T23:25:00-05:00,BTC/USD,window360_strategy,hold,0.0,same_minute,0.2563050666550682,0.0,
2026-01-23T23:25:00-05:00,ETH/USD,window360_strategy,hold,0.0,same_minute,0.2563050666550682,0.0,
2026-01-23T23:25:00-05:00,BTC/USD,window360_strategy,hold,0.0,same_minute,0.2563050666550682,0.0,
2026-01-23T23:25:00-05:00,ETH/USD,window360_strategy,hold,0.0,same_minute,0.2563050666550682,0.0,
2026-01-23T23:25:00-05:00,BTC/USD,window360_strategy,hold,0.0,same_minute,0.2563050666550682,0.0,
2026-01-23T23:26:00-05:00,ETH/USD,window360_strategy,hold,0.0,no_change,0.8618176989958172,-0.0,below_z_enter
2026-01-23T23:25:00-05:00,BTC/USD,window360_strategy,hold,0.0,same_minute,0.8561111546472268,0.0,
2026-01-23T23:26:00-05:00,ETH/USD,window360_strategy,hold,0.0,same_minute,0.8561111546472268,0.0,
2026-01-23T23:25:00-05:00,BTC/USD,window360_strategy,hold,0.0,same_minute,0.8561111546472268,0.0,
2026-01-23T23:26:00-05:00,ETH/USD,window360_strategy,hold,0.0,same_minute,0.8561111546472268,0.0,
2026-01-23T23:25:00-05:00,BTC/USD,window360_strategy,hold,0.0,same_minute,0.8561111546472268,0.0,
2026-01-23T23:26:00-05:00,ETH/USD,window360_strategy,hold,0.0,same_minute,0.8561111546472268,0.0,
2026-01-23T23:25:00-05:00,BTC/USD,window360_strategy,hold,0.0,same_minute,0.8561111546472268,0.0,
2026-01-23T23:26:00-05:00,ETH/USD,window360_strategy,hold,0.0,same_minute,0.8561111546472268,0.0,
2026-01-23T23:25:00-05:00,BTC/USD,window360_strategy,hold,0.0,same_minute,0.8561111546472268,0.0,
2026-01-23T23:26:00-05:00,ETH/USD,window360_strategy,hold,0.0,same_minute,0.8561111546472268,0.0,
2026-01-23T23:27:00-05:00,BTC/USD,window360_strategy,hold,0.0,no_change,0.6308007304067121,0.0,below_z_enter
2026-01-23T23:27:00-05:00,ETH/USD,window360_strategy,hold,0.0,no_change,0.837515769975853,-0.0,below_z_enter
2026-01-23T23:27:00-05:00,BTC/USD,window360_strategy,hold,0.0,same_minute,0.837515769975853,0.0,
2026-01-23T23:27:00-05:00,ETH/USD,window360_strategy,hold,0.0,same_minute,0.837515769975853,0.0,
2026-01-23T23:27:00-05:00,BTC/USD,window360_strategy,hold,0.0,same_minute,0.837515769975853,0.0,
2026-01-23T23:27:00-05:00,ETH/USD,window360_strategy,hold,0.0,same_minute,0.837515769975853,0.0,
2026-01-23T23:27:00-05:00,BTC/USD,window360_strategy,hold,0.0,same_minute,0.837515769975853,0.0,
2026-01-23T23:27:00-05:00,ETH/USD,window360_strategy,hold,0.0,same_minute,0.837515769975853,0.0,
2026-01-23T23:27:00-05:00,BTC/USD,window360_strategy,hold,0.0,same_minute,0.837515769975853,0.0,
2026-01-23T23:27:00-05:00,ETH/USD,window360_strategy,hold,0.0,same_minute,0.837515769975853,0.0,
2026-01-23T23:27:00-05:00,BTC/USD,window360_strategy,hold,0.0,same_minute,0.837515769975853,0.0,
2026-01-23T23:27:00-05:00,ETH/USD,window360_strategy,hold,0.0,same_minute,0.837515769975853,0.0,
2026-01-23T23:28:00-05:00,BTC/USD,window360_strategy,hold,0.0,no_change,1.0226918057974854,0.0,below_z_enter
2026-01-23T23:28:00-05:00,ETH/USD,window360_strategy,hold,0.0,no_change,0.9081101367626855,-0.0,below_z_enter
2026-01-23T23:28:00-05:00,BTC/USD,window360_strategy,hold,0.0,same_minute,0.9081101367626855,0.0,
2026-01-23T23:28:00-05:00,ETH/USD,window360_strategy,hold,0.0,same_minute,0.9081101367626855,0.0,
2026-01-23T23:28:00-05:00,BTC/USD,window360_strategy,hold,0.0,same_minute,0.9081101367626855,0.0,
2026-01-23T23:28:00-05:00,ETH/USD,window360_strategy,hold,0.0,same_minute,0.9081101367626855,0.0,
2026-01-23T23:28:00-05:00,BTC/USD,window360_strategy,hold,0.0,same_minute,0.9081101367626855,0.0,
2026-01-23T23:28:00-05:00,ETH/USD,window360_strategy,hold,0.0,same_minute,0.9081101367626855,0.0,
2026-01-23T23:28:00-05:00,BTC/USD,window360_strategy,hold,0.0,same_minute,0.9081101367626855,0.0,
2026-01-23T23:28:00-05:00,ETH/USD,window360_strategy,hold,0.0,same_minute,0.9081101367626855,0.0,
2026-01-23T23:28:00-05:00,BTC/USD,window360_strategy,hold,0.0,same_minute,0.9081101367626855,0.0,
2026-01-23T23:28:00-05:00,ETH/USD,window360_strategy,hold,0.0,same_minute,0.9081101367626855,0.0,
2026-01-23T23:28:00-05:00,BTC/USD,window360_strategy,hold,0.0,same_minute,0.9081101367626855,0.0,
2026-01-23T23:29:00-05:00,ETH/USD,window360_strategy,hold,0.0,no_change,0.932794090939868,-0.0,below_z_enter
2026-01-23T23:28:00-05:00,BTC/USD,window360_strategy,hold,0.0,same_minute,0.9326000426151673,0.0,
2026-01-23T23:29:00-05:00,ETH/USD,window360_strategy,hold,0.0,same_minute,0.9326000426151673,0.0,
2026-01-23T23:28:00-05:00,BTC/USD,window360_strategy,hold,0.0,same_minute,0.9326000426151673,0.0,
2026-01-23T23:29:00-05:00,ETH/USD,window360_strategy,hold,0.0,same_minute,0.9326000426151673,0.0,
2026-01-23T23:28:00-05:00,BTC/USD,window360_strategy,hold,0.0,same_minute,0.9326000426151673,0.0,
2026-01-23T23:29:00-05:00,ETH/USD,window360_strategy,hold,0.0,same_minute,0.9326000426151673,0.0,
2026-01-23T23:28:00-05:00,BTC/USD,window360_strategy,hold,0.0,same_minute,0.9326000426151673,0.0,
2026-01-23T23:29:00-05:00,ETH/USD,window360_strategy,hold,0.0,same_minute,0.9326000426151673,0.0,
2026-01-23T23:30:00-05:00,BTC/USD,window360_strategy,hold,0.0,no_change,1.0026254497968303,0.0,below_z_enter
2026-01-23T23:29:00-05:00,ETH/USD,window360_strategy,hold,0.0,same_minute,1.0020069910043703,0.0,
2026-01-23T23:30:00-05:00,BTC/USD,window360_strategy,hold,0.0,same_minute,1.0020069910043703,0.0,
2026-01-23T23:29:00-05:00,ETH/USD,window360_strategy,hold,0.0,same_minute,1.0020069910043703,0.0,
2026-01-23T23:30:00-05:00,BTC/USD,window360_strategy,hold,0.0,same_minute,1.0020069910043703,0.0,
2026-01-23T23:29:00-05:00,ETH/USD,window360_strategy,hold,0.0,same_minute,1.0020069910043703,0.0,
2026-01-23T23:30:00-05:00,BTC/USD,window360_strategy,hold,0.0,same_minute,1.0020069910043703,0.0,
2026-01-23T23:29:00-05:00,ETH/USD,window360_strategy,hold,0.0,same_minute,1.0020069910043703,0.0,
2026-01-23T23:30:00-05:00,BTC/USD,window360_strategy,hold,0.0,same_minute,1.0020069910043703,0.0,
2026-01-23T23:29:00-05:00,ETH/USD,window360_strategy,hold,0.0,same_minute,1.0020069910043703,0.0,
2026-01-23T23:30:00-05:00,BTC/USD,window360_strategy,hold,0.0,same_minute,1.0020069910043703,0.0,
2026-01-23T23:29:00-05:00,ETH/USD,window360_strategy,hold,0.0,same_minute,1.0020069910043703,0.0,
2026-01-23T23:31:00-05:00,BTC/USD,window360_strategy,hold,0.0,no_change,1.0616179818947293,0.0,below_z_enter
2026-01-23T23:29:00-05:00,ETH/USD,window360_strategy,hold,0.0,same_minute,1.0610742390719015,0.0,
2026-01-23T23:31:00-05:00,BTC/USD,window360_strategy,hold,0.0,same_minute,1.0610742390719015,0.0,
2026-01-23T23:29:00-05:00,ETH/USD,window360_strategy,hold,0.0,same_minute,1.0610742390719015,0.0,
2026-01-23T23:31:00-05:00,BTC/USD,window360_strategy,hold,0.0,same_minute,1.0610742390719015,0.0,
2026-01-23T23:29:00-05:00,ETH/USD,window360_strategy,hold,0.0,same_minute,1.0610742390719015,0.0,
2026-01-23T23:31:00-05:00,BTC/USD,window360_strategy,hold,0.0,same_minute,1.0610742390719015,0.0,
2026-01-23T23:29:00-05:00,ETH/USD,window360_strategy,hold,0.0,same_minute,1.0610742390719015,0.0,
2026-01-23T23:31:00-05:00,BTC/USD,window360_strategy,hold,0.0,same_minute,1.0610742390719015,0.0,
2026-01-23T23:29:00-05:00,ETH/USD,window360_strategy,hold,0.0,same_minute,1.0610742390719015,0.0,
2026-01-23T23:31:00-05:00,BTC/USD,window360_strategy,hold,0.0,same_minute,1.0610742390719015,0.0,
2026-01-23T23:29:00-05:00,ETH/USD,window360_strategy,hold,0.0,same_minute,1.0610742390719015,0.0,
2026-01-23T23:32:00-05:00,BTC/USD,window360_strategy,hold,0.0,no_change,1.0364130673824958,0.0,below_z_enter
2026-01-23T23:29:00-05:00,ETH/USD,window360_strategy,hold,0.0,same_minute,1.0366813992321864,0.0,
2026-01-23T23:32:00-05:00,BTC/USD,window360_strategy,hold,0.0,same_minute,1.0366813992321864,0.0,
2026-01-23T23:29:00-05:00,ETH/USD,window360_strategy,hold,0.0,same_minute,1.0366813992321864,0.0,
2026-01-23T23:32:00-05:00,BTC/USD,window360_strategy,hold,0.0,same_minute,1.0366813992321864,0.0,
2026-01-23T23:29:00-05:00,ETH/USD,window360_strategy,hold,0.0,same_minute,1.0366813992321864,0.0,
2026-01-23T23:32:00-05:00,BTC/USD,window360_strategy,hold,0.0,same_minute,1.0366813992321864,0.0,
2026-01-23T23:29:00-05:00,ETH/USD,window360_strategy,hold,0.0,same_minute,1.0366813992321864,0.0,
2026-01-23T23:32:00-05:00,BTC/USD,window360_strategy,hold,0.0,same_minute,1.0366813992321864,0.0,
2026-01-23T23:29:00-05:00,ETH/USD,window360_strategy,hold,0.0,same_minute,1.0366813992321864,0.0,
2026-01-23T23:32:00-05:00,BTC/USD,window360_strategy,hold,0.0,same_minute,1.0366813992321864,0.0,
2026-01-23T23:29:00-05:00,ETH/USD,window360_strategy,hold,0.0,same_minute,1.0366813992321864,0.0,
2026-01-23T23:33:00-05:00,BTC/USD,window360_strategy,hold,0.0,no_change,1.3276038865118711,0.0,edge_filter
2026-01-23T23:29:00-05:00,ETH/USD,window360_strategy,hold,0.0,same_minute,1.324528194939336,0.0,
2026-01-23T23:33:00-05:00,BTC/USD,window360_strategy,hold,0.0,same_minute,1.324528194939336,0.0,
2026-01-23T23:29:00-05:00,ETH/USD,window360_strategy,hold,0.0,same_minute,1.324528194939336,0.0,
2026-01-23T23:33:00-05:00,BTC/USD,window360_strategy,hold,0.0,same_minute,1.324528194939336,0.0,
2026-01-23T23:29:00-05:00,ETH/USD,window360_strategy,hold,0.0,same_minute,1.324528194939336,0.0,
2026-01-23T23:33:00-05:00,BTC/USD,window360_strategy,hold,0.0,same_minute,1.324528194939336,0.0,
2026-01-23T23:29:00-05:00,ETH/USD,window360_strategy,hold,0.0,same_minute,1.324528194939336,0.0,
2026-01-23T23:33:00-05:00,BTC/USD,window360_strategy,hold,0.0,same_minute,1.324528194939336,0.0,
2026-01-23T23:29:00-05:00,ETH/USD,window360_strategy,hold,0.0,same_minute,1.324528194939336,0.0,
2026-01-23T23:34:00-05:00,BTC/USD,window360_strategy,hold,0.0,no_change,1.3786806052491871,0.0,edge_filter
2026-01-23T23:34:00-05:00,ETH/USD,window360_strategy,hold,0.0,no_change,1.123067383851625,-0.0,below_z_enter
2026-01-23T23:34:00-05:00,BTC/USD,window360_strategy,hold,0.0,same_minute,1.123067383851625,0.0,
2026-01-23T23:34:00-05:00,ETH/USD,window360_strategy,hold,0.0,same_minute,1.123067383851625,0.0,
2026-01-23T23:34:00-05:00,BTC/USD,window360_strategy,hold,0.0,same_minute,1.123067383851625,0.0,
2026-01-23T23:34:00-05:00,ETH/USD,window360_strategy,hold,0.0,same_minute,1.123067383851625,0.0,
2026-01-23T23:34:00-05:00,BTC/USD,window360_strategy,hold,0.0,same_minute,1.123067383851625,0.0,
2026-01-23T23:34:00-05:00,ETH/USD,window360_strategy,hold,0.0,same_minute,1.123067383851625,0.0,
2026-01-23T23:34:00-05:00,BTC/USD,window360_strategy,hold,0.0,same_minute,1.123067383851625,0.0,
2026-01-23T23:34:00-05:00,ETH/USD,window360_strategy,hold,0.0,same_minute,1.123067383851625,0.0,
2026-01-23T23:34:00-05:00,BTC/USD,window360_strategy,hold,0.0,same_minute,1.123067383851625,0.0,
2026-01-23T23:34:00-05:00,ETH/USD,window360_strategy,hold,0.0,same_minute,1.123067383851625,0.0,
2026-01-23T23:35:00-05:00,BTC/USD,window360_strategy,hold,0.0,no_change,0.9927788444227549,0.0,below_z_enter
2026-01-23T23:34:00-05:00,ETH/USD,window360_strategy,hold,0.0,same_minute,0.9941516221289429,0.0,
2026-01-23T23:35:00-05:00,BTC/USD,window360_strategy,hold,0.0,same_minute,0.9941516221289429,0.0,
2026-01-23T23:34:00-05:00,ETH/USD,window360_strategy,hold,0.0,same_minute,0.9941516221289429,0.0,
2026-01-23T23:35:00-05:00,BTC/USD,window360_strategy,hold,0.0,same_minute,0.9941516221289429,0.0,
2026-01-23T23:34:00-05:00,ETH/USD,window360_strategy,hold,0.0,same_minute,0.9941516221289429,0.0,
2026-01-23T23:35:00-05:00,BTC/USD,window360_strategy,hold,0.0,same_minute,0.9941516221289429,0.0,
2026-01-23T23:34:00-05:00,ETH/USD,window360_strategy,hold,0.0,same_minute,0.9941516221289429,0.0,
2026-01-23T23:35:00-05:00,BTC/USD,window360_strategy,hold,0.0,same_minute,0.9941516221289429,0.0,
2026-01-23T23:34:00-05:00,ETH/USD,window360_strategy,hold,0.0,same_minute,0.9941516221289429,0.0,
2026-01-23T23:35:00-05:00,BTC/USD,window360_strategy,hold,0.0,same_minute,0.9941516221289429,0.0,
2026-01-23T23:34:00-05:00,ETH/USD,window360_strategy,hold,0.0,same_minute,0.9941516221289429,0.0,
2026-01-23T23:36:00-05:00,BTC/USD,window360_strategy,hold,0.0,no_change,1.0016257692135702,0.0,below_z_enter
2026-01-23T23:34:00-05:00,ETH/USD,window360_strategy,hold,0.0,same_minute,1.0016108024265353,0.0,
2026-01-23T23:36:00-05:00,BTC/USD,window360_strategy,hold,0.0,same_minute,1.0016108024265353,0.0,
2026-01-23T23:34:00-05:00,ETH/USD,window360_strategy,hold,0.0,same_minute,1.0016108024265353,0.0,
2026-01-23T23:36:00-05:00,BTC/USD,window360_strategy,hold,0.0,same_minute,1.0016108024265353,0.0,
2026-01-23T23:34:00-05:00,ETH/USD,window360_strategy,hold,0.0,same_minute,1.0016108024265353,0.0,
2026-01-23T23:36:00-05:00,BTC/USD,window360_strategy,hold,0.0,same_minute,1.0016108024265353,0.0,
2026-01-23T23:34:00-05:00,ETH/USD,window360_strategy,hold,0.0,same_minute,1.0016108024265353,0.0,
2026-01-23T23:36:00-05:00,BTC/USD,window360_strategy,hold,0.0,same_minute,1.0016108024265353,0.0,
2026-01-23T23:34:00-05:00,ETH/USD,window360_strategy,hold,0.0,same_minute,1.0016108024265353,0.0,
2026-01-23T23:36:00-05:00,BTC/USD,window360_strategy,hold,0.0,same_minute,1.0016108024265353,0.0,
2026-01-23T23:34:00-05:00,ETH/USD,window360_strategy,hold,0.0,same_minute,1.0016108024265353,0.0,
2026-01-23T23:37:00-05:00,BTC/USD,window360_strategy,hold,0.0,no_change,0.8878963302953377,0.0,below_z_enter
2026-01-23T23:37:00-05:00,ETH/USD,window360_strategy,hold,0.0,no_change,0.7734822069587534,-0.0,below_z_enter
2026-01-23T23:37:00-05:00,BTC/USD,window360_strategy,hold,0.0,same_minute,0.7734822069587534,0.0,
2026-01-23T23:37:00-05:00,ETH/USD,window360_strategy,hold,0.0,same_minute,0.7734822069587534,0.0,
2026-01-23T23:37:00-05:00,BTC/USD,window360_strategy,hold,0.0,same_minute,0.7734822069587534,0.0,
2026-01-23T23:37:00-05:00,ETH/USD,window360_strategy,hold,0.0,same_minute,0.7734822069587534,0.0,
2026-01-23T23:37:00-05:00,BTC/USD,window360_strategy,hold,0.0,same_minute,0.7734822069587534,0.0,
2026-01-23T23:37:00-05:00,ETH/USD,window360_strategy,hold,0.0,same_minute,0.7734822069587534,0.0,
2026-01-23T23:37:00-05:00,BTC/USD,window360_strategy,hold,0.0,same_minute,0.7734822069587534,0.0,
2026-01-23T23:37:00-05:00,ETH/USD,window360_strategy,hold,0.0,same_minute,0.7734822069587534,0.0,
2026-01-23T23:37:00-05:00,BTC/USD,window360_strategy,hold,0.0,same_minute,0.7734822069587534,0.0,
2026-01-23T23:38:00-05:00,ETH/USD,window360_strategy,hold,0.0,no_change,1.0195052145266617,-0.0,below_z_enter
2026-01-23T23:37:00-05:00,BTC/USD,window360_strategy,hold,0.0,same_minute,1.01716836104454,0.0,
2026-01-23T23:38:00-05:00,ETH/USD,window360_strategy,hold,0.0,same_minute,1.01716836104454,0.0,
2026-01-23T23:37:00-05:00,BTC/USD,window360_strategy,hold,0.0,same_minute,1.01716836104454,0.0,
2026-01-23T23:38:00-05:00,ETH/USD,window360_strategy,hold,0.0,same_minute,1.01716836104454,0.0,
2026-01-23T23:37:00-05:00,BTC/USD,window360_strategy,hold,0.0,same_minute,1.01716836104454,0.0,
2026-01-23T23:38:00-05:00,ETH/USD,window360_strategy,hold,0.0,same_minute,1.01716836104454,0.0,
2026-01-23T23:37:00-05:00,BTC/USD,window360_strategy,hold,0.0,same_minute,1.01716836104454,0.0,
2026-01-23T23:38:00-05:00,ETH/USD,window360_strategy,hold,0.0,same_minute,1.01716836104454,0.0,
2026-01-23T23:37:00-05:00,BTC/USD,window360_strategy,hold,0.0,same_minute,1.01716836104454,0.0,
2026-01-23T23:38:00-05:00,ETH/USD,window360_strategy,hold,0.0,same_minute,1.01716836104454,0.0,
2026-01-23T23:37:00-05:00,BTC/USD,window360_strategy,hold,0.0,same_minute,1.01716836104454,0.0,
2026-01-23T23:39:00-05:00,ETH/USD,window360_strategy,hold,0.0,no_change,0.8490988318954603,-0.0,below_z_enter
2026-01-23T23:37:00-05:00,BTC/USD,window360_strategy,hold,0.0,same_minute,0.8509221399352227,0.0,
2026-01-23T23:39:00-05:00,ETH/USD,window360_strategy,hold,0.0,same_minute,0.8509221399352227,0.0,
2026-01-23T23:37:00-05:00,BTC/USD,window360_strategy,hold,0.0,same_minute,0.8509221399352227,0.0,
2026-01-23T23:39:00-05:00,ETH/USD,window360_strategy,hold,0.0,same_minute,0.8509221399352227,0.0,
2026-01-23T23:37:00-05:00,BTC/USD,window360_strategy,hold,0.0,same_minute,0.8509221399352227,0.0,
2026-01-23T23:39:00-05:00,ETH/USD,window360_strategy,hold,0.0,same_minute,0.8509221399352227,0.0,
2026-01-23T23:37:00-05:00,BTC/USD,window360_strategy,hold,0.0,same_minute,0.8509221399352227,0.0,
2026-01-23T23:39:00-05:00,ETH/USD,window360_strategy,hold,0.0,same_minute,0.8509221399352227,0.0,
2026-01-23T23:37:00-05:00,BTC/USD,window360_strategy,hold,0.0,same_minute,0.8509221399352227,0.0,
2026-01-23T23:39:00-05:00,ETH/USD,window360_strategy,hold,0.0,same_minute,0.8509221399352227,0.0,
2026-01-23T23:40:00-05:00,BTC/USD,window360_strategy,hold,0.0,no_change,1.0707270968064473,0.0,below_z_enter
2026-01-23T23:40:00-05:00,ETH/USD,window360_strategy,hold,0.0,no_change,0.9931708023252257,-0.0,below_z_enter
2026-01-23T23:40:00-05:00,BTC/USD,window360_strategy,hold,0.0,same_minute,0.9931708023252257,0.0,
2026-01-23T23:40:00-05:00,ETH/USD,window360_strategy,hold,0.0,same_minute,0.9931708023252257,0.0,
2026-01-23T23:40:00-05:00,BTC/USD,window360_strategy,hold,0.0,same_minute,0.9931708023252257,0.0,
2026-01-23T23:40:00-05:00,ETH/USD,window360_strategy,hold,0.0,same_minute,0.9931708023252257,0.0,
2026-01-23T23:40:00-05:00,BTC/USD,window360_strategy,hold,0.0,same_minute,0.9931708023252257,0.0,
2026-01-23T23:40:00-05:00,ETH/USD,window360_strategy,hold,0.0,same_minute,0.9931708023252257,0.0,
2026-01-23T23:40:00-05:00,BTC/USD,window360_strategy,hold,0.0,same_minute,0.9931708023252257,0.0,
2026-01-23T23:40:00-05:00,ETH/USD,window360_strategy,hold,0.0,same_minute,0.9931708023252257,0.0,
2026-01-23T23:40:00-05:00,BTC/USD,window360_strategy,hold,0.0,same_minute,0.9931708023252257,0.0,
2026-01-23T23:40:00-05:00,ETH/USD,window360_strategy,hold,0.0,same_minute,0.9931708023252257,0.0,
2026-01-23T23:41:00-05:00,BTC/USD,window360_strategy,hold,0.0,no_change,0.7484784684501863,0.0,below_z_enter
2026-01-23T23:40:00-05:00,ETH/USD,window360_strategy,hold,0.0,same_minute,0.751000851851533,0.0,
2026-01-23T23:41:00-05:00,BTC/USD,window360_strategy,hold,0.0,same_minute,0.751000851851533,0.0,
2026-01-23T23:40:00-05:00,ETH/USD,window360_strategy,hold,0.0,same_minute,0.751000851851533,0.0,
2026-01-23T23:41:00-05:00,BTC/USD,window360_strategy,hold,0.0,same_minute,0.751000851851533,0.0,
2026-01-23T23:40:00-05:00,ETH/USD,window360_strategy,hold,0.0,same_minute,0.751000851851533,0.0,
2026-01-23T23:41:00-05:00,BTC/USD,window360_strategy,hold,0.0,same_minute,0.751000851851533,0.0,
2026-01-23T23:40:00-05:00,ETH/USD,window360_strategy,hold,0.0,same_minute,0.751000851851533,0.0,
2026-01-23T23:41:00-05:00,BTC/USD,window360_strategy,hold,0.0,same_minute,0.751000851851533,0.0,
2026-01-23T23:40:00-05:00,ETH/USD,window360_strategy,hold,0.0,same_minute,0.751000851851533,0.0,
2026-01-23T23:42:00-05:00,BTC/USD,window360_strategy,hold,0.0,no_change,0.8729720462373656,0.0,below_z_enter
2026-01-23T23:42:00-05:00,ETH/USD,window360_strategy,hold,0.0,no_change,0.9559961879098507,-0.0,below_z_enter
2026-01-23T23:42:00-05:00,BTC/USD,window360_strategy,hold,0.0,same_minute,0.9559961879098507,0.0,
2026-01-23T23:42:00-05:00,ETH/USD,window360_strategy,hold,0.0,same_minute,0.9559961879098507,0.0,
2026-01-23T23:42:00-05:00,BTC/USD,window360_strategy,hold,0.0,same_minute,0.9559961879098507,0.0,
2026-01-23T23:42:00-05:00,ETH/USD,window360_strategy,hold,0.0,same_minute,0.9559961879098507,0.0,
2026-01-23T23:42:00-05:00,BTC/USD,window360_strategy,hold,0.0,same_minute,0.9559961879098507,0.0,
2026-01-23T23:42:00-05:00,ETH/USD,window360_strategy,hold,0.0,same_minute,0.9559961879098507,0.0,
2026-01-23T23:42:00-05:00,BTC/USD,window360_strategy,hold,0.0,same_minute,0.9559961879098507,0.0,
2026-01-23T23:42:00-05:00,ETH/USD,window360_strategy,hold,0.0,same_minute,0.9559961879098507,0.0,
2026-01-23T23:42:00-05:00,BTC/USD,window360_strategy,hold,0.0,same_minute,0.9559961879098507,0.0,
2026-01-23T23:42:00-05:00,ETH/USD,window360_strategy,hold,0.0,same_minute,0.9559961879098507,0.0,
2026-01-23T23:43:00-05:00,BTC/USD,window360_strategy,hold,0.0,no_change,1.215512683351104,0.0,edge_filter
2026-01-23T23:42:00-05:00,ETH/USD,window360_strategy,hold,0.0,same_minute,1.2127699314492841,0.0,
2026-01-23T23:43:00-05:00,BTC/USD,window360_strategy,hold,0.0,same_minute,1.2127699314492841,0.0,
2026-01-23T23:42:00-05:00,ETH/USD,window360_strategy,hold,0.0,same_minute,1.2127699314492841,0.0,
2026-01-23T23:43:00-05:00,BTC/USD,window360_strategy,hold,0.0,same_minute,1.2127699314492841,0.0,
2026-01-23T23:42:00-05:00,ETH/USD,window360_strategy,hold,0.0,same_minute,1.2127699314492841,0.0,
2026-01-23T23:43:00-05:00,BTC/USD,window360_strategy,hold,0.0,same_minute,1.2127699314492841,0.0,
2026-01-23T23:42:00-05:00,ETH/USD,window360_strategy,hold,0.0,same_minute,1.2127699314492841,0.0,
2026-01-23T23:43:00-05:00,BTC/USD,window360_strategy,hold,0.0,same_minute,1.2127699314492841,0.0,
2026-01-23T23:42:00-05:00,ETH/USD,window360_strategy,hold,0.0,same_minute,1.2127699314492841,0.0,
2026-01-23T23:43:00-05:00,BTC/USD,window360_strategy,hold,0.0,same_minute,1.2127699314492841,0.0,
2026-01-23T23:42:00-05:00,ETH/USD,window360_strategy,hold,0.0,same_minute,1.2127699314492841,0.0,
2026-01-23T23:44:00-05:00,BTC/USD,window360_strategy,hold,0.0,no_change,1.1989960560030806,0.0,below_z_enter
2026-01-23T23:42:00-05:00,ETH/USD,window360_strategy,hold,0.0,same_minute,1.1993103135619207,0.0,
2026-01-23T23:44:00-05:00,BTC/USD,window360_strategy,hold,0.0,same_minute,1.1993103135619207,0.0,
2026-01-23T23:42:00-05:00,ETH/USD,window360_strategy,hold,0.0,same_minute,1.1993103135619207,0.0,
2026-01-23T23:44:00-05:00,BTC/USD,window360_strategy,hold,0.0,same_minute,1.1993103135619207,0.0,
2026-01-23T23:42:00-05:00,ETH/USD,window360_strategy,hold,0.0,same_minute,1.1993103135619207,0.0,
2026-01-23T23:44:00-05:00,BTC/USD,window360_strategy,hold,0.0,same_minute,1.1993103135619207,0.0,
2026-01-23T23:42:00-05:00,ETH/USD,window360_strategy,hold,0.0,same_minute,1.1993103135619207,0.0,
2026-01-23T23:44:00-05:00,BTC/USD,window360_strategy,hold,0.0,same_minute,1.1993103135619207,0.0,
2026-01-23T23:42:00-05:00,ETH/USD,window360_strategy,hold,0.0,same_minute,1.1993103135619207,0.0,
2026-01-23T23:44:00-05:00,BTC/USD,window360_strategy,hold,0.0,same_minute,1.1993103135619207,0.0,
2026-01-23T23:42:00-05:00,ETH/USD,window360_strategy,hold,0.0,same_minute,1.1993103135619207,0.0,
2026-01-23T23:45:00-05:00,BTC/USD,window360_strategy,hold,0.0,no_change,0.9967850759383072,0.0,below_z_enter
2026-01-23T23:45:00-05:00,ETH/USD,window360_strategy,hold,0.0,no_change,1.2787650425934292,-0.0,edge_filter
2026-01-23T23:45:00-05:00,BTC/USD,window360_strategy,hold,0.0,same_minute,1.2787650425934292,0.0,
2026-01-23T23:45:00-05:00,ETH/USD,window360_strategy,hold,0.0,same_minute,1.2787650425934292,0.0,
2026-01-23T23:45:00-05:00,BTC/USD,window360_strategy,hold,0.0,same_minute,1.2787650425934292,0.0,
2026-01-23T23:45:00-05:00,ETH/USD,window360_strategy,hold,0.0,same_minute,1.2787650425934292,0.0,
2026-01-23T23:45:00-05:00,BTC/USD,window360_strategy,hold,0.0,same_minute,1.2787650425934292,0.0,
2026-01-23T23:45:00-05:00,ETH/USD,window360_strategy,hold,0.0,same_minute,1.2787650425934292,0.0,
2026-01-23T23:45:00-05:00,BTC/USD,window360_strategy,hold,0.0,same_minute,1.2787650425934292,0.0,
2026-01-23T23:45:00-05:00,ETH/USD,window360_strategy,hold,0.0,same_minute,1.2787650425934292,0.0,
2026-01-23T23:46:00-05:00,BTC/USD,window360_strategy,hold,0.0,no_change,1.4418805885317076,0.0,edge_filter
2026-01-23T23:46:00-05:00,ETH/USD,window360_strategy,hold,0.0,no_change,1.4566018389987003,-0.0,edge_filter
2026-01-23T23:46:00-05:00,BTC/USD,window360_strategy,hold,0.0,same_minute,1.4566018389987003,0.0,
2026-01-23T23:46:00-05:00,ETH/USD,window360_strategy,hold,0.0,same_minute,1.4566018389987003,0.0,
2026-01-23T23:46:00-05:00,BTC/USD,window360_strategy,hold,0.0,same_minute,1.4566018389987003,0.0,
2026-01-23T23:46:00-05:00,ETH/USD,window360_strategy,hold,0.0,same_minute,1.4566018389987003,0.0,
2026-01-23T23:46:00-05:00,BTC/USD,window360_strategy,hold,0.0,same_minute,1.4566018389987003,0.0,
2026-01-23T23:46:00-05:00,ETH/USD,window360_strategy,hold,0.0,same_minute,1.4566018389987003,0.0,
2026-01-23T23:46:00-05:00,BTC/USD,window360_strategy,hold,0.0,same_minute,1.4566018389987003,0.0,
2026-01-23T23:46:00-05:00,ETH/USD,window360_strategy,hold,0.0,same_minute,1.4566018389987003,0.0,
2026-01-23T23:46:00-05:00,BTC/USD,window360_strategy,hold,0.0,same_minute,1.4566018389987003,0.0,
2026-01-23T23:46:00-05:00,ETH/USD,window360_strategy,hold,0.0,same_minute,1.4566018389987003,0.0,
2026-01-23T23:47:00-05:00,BTC/USD,window360_strategy,hold,0.0,no_change,1.5073472709399856,0.0,edge_filter
2026-01-23T23:46:00-05:00,ETH/USD,window360_strategy,hold,0.0,same_minute,1.506853981942341,0.0,
2026-01-23T23:47:00-05:00,BTC/USD,window360_strategy,hold,0.0,same_minute,1.506853981942341,0.0,
2026-01-23T23:46:00-05:00,ETH/USD,window360_strategy,hold,0.0,same_minute,1.506853981942341,0.0,
2026-01-23T23:47:00-05:00,BTC/USD,window360_strategy,hold,0.0,same_minute,1.506853981942341,0.0,
2026-01-23T23:46:00-05:00,ETH/USD,window360_strategy,hold,0.0,same_minute,1.506853981942341,0.0,
2026-01-23T23:47:00-05:00,BTC/USD,window360_strategy,hold,0.0,same_minute,1.506853981942341,0.0,
2026-01-23T23:46:00-05:00,ETH/USD,window360_strategy,hold,0.0,same_minute,1.506853981942341,0.0,
2026-01-23T23:47:00-05:00,BTC/USD,window360_strategy,hold,0.0,same_minute,1.506853981942341,0.0,
2026-01-23T23:46:00-05:00,ETH/USD,window360_strategy,hold,0.0,same_minute,1.506853981942341,0.0,
2026-01-23T23:47:00-05:00,BTC/USD,window360_strategy,hold,0.0,same_minute,1.506853981942341,0.0,
2026-01-23T23:46:00-05:00,ETH/USD,window360_strategy,hold,0.0,same_minute,1.506853981942341,0.0,
2026-01-23T23:48:00-05:00,BTC/USD,window360_strategy,hold,0.0,no_change,1.3607219265069554,0.0,edge_filter
2026-01-23T23:48:00-05:00,ETH/USD,window360_strategy,hold,0.0,no_change,1.3011409732200785,-0.0,edge_filter
2026-01-23T23:48:00-05:00,BTC/USD,window360_strategy,hold,0.0,same_minute,1.3011409732200785,0.0,
2026-01-23T23:48:00-05:00,ETH/USD,window360_strategy,hold,0.0,same_minute,1.3011409732200785,0.0,
2026-01-23T23:48:00-05:00,BTC/USD,window360_strategy,hold,0.0,same_minute,1.3011409732200785,0.0,
2026-01-23T23:48:00-05:00,ETH/USD,window360_strategy,hold,0.0,same_minute,1.3011409732200785,0.0,
2026-01-23T23:48:00-05:00,BTC/USD,window360_strategy,hold,0.0,same_minute,1.3011409732200785,0.0,
2026-01-23T23:48:00-05:00,ETH/USD,window360_strategy,hold,0.0,same_minute,1.3011409732200785,0.0,
2026-01-23T23:48:00-05:00,BTC/USD,window360_strategy,hold,0.0,same_minute,1.3011409732200785,0.0,
2026-01-23T23:48:00-05:00,ETH/USD,window360_strategy,hold,0.0,same_minute,1.3011409732200785,0.0,
2026-01-23T23:48:00-05:00,BTC/USD,window360_strategy,hold,0.0,same_minute,1.3011409732200785,0.0,
2026-01-23T23:48:00-05:00,ETH/USD,window360_strategy,hold,0.0,same_minute,1.3011409732200785,0.0,
2026-01-23T23:49:00-05:00,BTC/USD,window360_strategy,hold,0.0,no_change,1.3740328047695896,0.0,edge_filter
2026-01-23T23:48:00-05:00,ETH/USD,window360_strategy,hold,0.0,same_minute,1.3732726700027416,0.0,
2026-01-23T23:49:00-05:00,BTC/USD,window360_strategy,hold,0.0,same_minute,1.3732726700027416,0.0,
2026-01-23T23:48:00-05:00,ETH/USD,window360_strategy,hold,0.0,same_minute,1.3732726700027416,0.0,
2026-01-23T23:49:00-05:00,BTC/USD,window360_strategy,hold,0.0,same_minute,1.3732726700027416,0.0,
2026-01-23T23:48:00-05:00,ETH/USD,window360_strategy,hold,0.0,same_minute,1.3732726700027416,0.0,
2026-01-23T23:49:00-05:00,BTC/USD,window360_strategy,hold,0.0,same_minute,1.3732726700027416,0.0,
2026-01-23T23:48:00-05:00,ETH/USD,window360_strategy,hold,0.0,same_minute,1.3732726700027416,0.0,
2026-01-23T23:49:00-05:00,BTC/USD,window360_strategy,hold,0.0,same_minute,1.3732726700027416,0.0,
2026-01-23T23:48:00-05:00,ETH/USD,window360_strategy,hold,0.0,same_minute,1.3732726700027416,0.0,
2026-01-23T23:50:00-05:00,BTC/USD,window360_strategy,hold,0.0,no_change,1.5572156886698767,0.0,edge_filter
2026-01-23T23:48:00-05:00,ETH/USD,window360_strategy,hold,0.0,same_minute,1.5550064306263782,0.0,
2026-01-23T23:50:00-05:00,BTC/USD,window360_strategy,hold,0.0,same_minute,1.5550064306263782,0.0,
2026-01-23T23:48:00-05:00,ETH/USD,window360_strategy,hold,0.0,same_minute,1.5550064306263782,0.0,
2026-01-23T23:50:00-05:00,BTC/USD,window360_strategy,hold,0.0,same_minute,1.5550064306263782,0.0,
2026-01-23T23:48:00-05:00,ETH/USD,window360_strategy,hold,0.0,same_minute,1.5550064306263782,0.0,
2026-01-23T23:50:00-05:00,BTC/USD,window360_strategy,hold,0.0,same_minute,1.5550064306263782,0.0,
2026-01-23T23:48:00-05:00,ETH/USD,window360_strategy,hold,0.0,same_minute,1.5550064306263782,0.0,
2026-01-23T23:50:00-05:00,BTC/USD,window360_strategy,hold,0.0,same_minute,1.5550064306263782,0.0,
2026-01-23T23:48:00-05:00,ETH/USD,window360_strategy,hold,0.0,same_minute,1.5550064306263782,0.0,
2026-01-23T23:50:00-05:00,BTC/USD,window360_strategy,hold,0.0,same_minute,1.5550064306263782,0.0,
2026-01-23T23:48:00-05:00,ETH/USD,window360_strategy,hold,0.0,same_minute,1.5550064306263782,0.0,
2026-01-23T23:51:00-05:00,BTC/USD,window360_strategy,hold,0.0,no_change,1.6260062668894126,0.0,edge_filter
2026-01-23T23:48:00-05:00,ETH/USD,window360_strategy,hold,0.0,same_minute,1.625230876769653,0.0,
2026-01-23T23:51:00-05:00,BTC/USD,window360_strategy,hold,0.0,same_minute,1.625230876769653,0.0,
2026-01-23T23:48:00-05:00,ETH/USD,window360_strategy,hold,0.0,same_minute,1.625230876769653,0.0,
2026-01-23T23:51:00-05:00,BTC/USD,window360_strategy,hold,0.0,same_minute,1.625230876769653,0.0,
2026-01-23T23:48:00-05:00,ETH/USD,window360_strategy,hold,0.0,same_minute,1.625230876769653,0.0,
2026-01-23T23:51:00-05:00,BTC/USD,window360_strategy,hold,0.0,same_minute,1.625230876769653,0.0,
2026-01-23T23:48:00-05:00,ETH/USD,window360_strategy,hold,0.0,same_minute,1.625230876769653,0.0,
2026-01-23T23:51:00-05:00,BTC/USD,window360_strategy,hold,0.0,same_minute,1.625230876769653,0.0,
2026-01-23T23:48:00-05:00,ETH/USD,window360_strategy,hold,0.0,same_minute,1.625230876769653,0.0,
2026-01-23T23:51:00-05:00,BTC/USD,window360_strategy,hold,0.0,same_minute,1.625230876769653,0.0,
2026-01-23T23:48:00-05:00,ETH/USD,window360_strategy,hold,0.0,same_minute,1.625230876769653,0.0,
2026-01-23T23:52:00-05:00,BTC/USD,window360_strategy,hold,0.0,no_change,1.6180055436258722,0.0,edge_filter
2026-01-23T23:48:00-05:00,ETH/USD,window360_strategy,hold,0.0,same_minute,1.6182905545376054,0.0,
2026-01-23T23:52:00-05:00,BTC/USD,window360_strategy,hold,0.0,same_minute,1.6182905545376054,0.0,
2026-01-23T23:48:00-05:00,ETH/USD,window360_strategy,hold,0.0,same_minute,1.6182905545376054,0.0,
2026-01-23T23:52:00-05:00,BTC/USD,window360_strategy,hold,0.0,same_minute,1.6182905545376054,0.0,
2026-01-23T23:48:00-05:00,ETH/USD,window360_strategy,hold,0.0,same_minute,1.6182905545376054,0.0,
2026-01-23T23:52:00-05:00,BTC/USD,window360_strategy,hold,0.0,same_minute,1.6182905545376054,0.0,
2026-01-23T23:48:00-05:00,ETH/USD,window360_strategy,hold,0.0,same_minute,1.6182905545376054,0.0,
2026-01-23T23:52:00-05:00,BTC/USD,window360_strategy,hold,0.0,same_minute,1.6182905545376054,0.0,
2026-01-23T23:48:00-05:00,ETH/USD,window360_strategy,hold,0.0,same_minute,1.6182905545376054,0.0,
2026-01-23T23:52:00-05:00,BTC/USD,window360_strategy,hold,0.0,same_minute,1.6182905545376054,0.0,
2026-01-23T23:48:00-05:00,ETH/USD,window360_strategy,hold,0.0,same_minute,1.6182905545376054,0.0,
2026-01-23T23:53:00-05:00,BTC/USD,window360_strategy,hold,0.0,no_change,1.791668751755117,0.0,edge_filter
2026-01-23T23:53:00-05:00,ETH/USD,window360_strategy,hold,0.0,no_change,1.5407437313614163,-0.0,edge_filter
2026-01-23T23:53:00-05:00,BTC/USD,window360_strategy,hold,0.0,same_minute,1.5407437313614163,0.0,
2026-01-23T23:53:00-05:00,ETH/USD,window360_strategy,hold,0.0,same_minute,1.5407437313614163,0.0,
2026-01-23T23:53:00-05:00,BTC/USD,window360_strategy,hold,0.0,same_minute,1.5407437313614163,0.0,
2026-01-23T23:53:00-05:00,ETH/USD,window360_strategy,hold,0.0,same_minute,1.5407437313614163,0.0,
2026-01-23T23:53:00-05:00,BTC/USD,window360_strategy,hold,0.0,same_minute,1.5407437313614163,0.0,
2026-01-23T23:53:00-05:00,ETH/USD,window360_strategy,hold,0.0,same_minute,1.5407437313614163,0.0,
2026-01-23T23:53:00-05:00,BTC/USD,window360_strategy,hold,0.0,same_minute,1.5407437313614163,0.0,
2026-01-23T23:53:00-05:00,ETH/USD,window360_strategy,hold,0.0,same_minute,1.5407437313614163,0.0,
2026-01-23T23:54:00-05:00,BTC/USD,window360_strategy,hold,0.0,no_change,1.8630125557304464,0.0,edge_filter
2026-01-23T23:53:00-05:00,ETH/USD,window360_strategy,hold,0.0,same_minute,1.8580437925332218,0.0,
2026-01-23T23:54:00-05:00,BTC/USD,window360_strategy,hold,0.0,same_minute,1.8580437925332218,0.0,
2026-01-23T23:53:00-05:00,ETH/USD,window360_strategy,hold,0.0,same_minute,1.8580437925332218,0.0,
2026-01-23T23:54:00-05:00,BTC/USD,window360_strategy,hold,0.0,same_minute,1.8580437925332218,0.0,
2026-01-23T23:53:00-05:00,ETH/USD,window360_strategy,hold,0.0,same_minute,1.8580437925332218,0.0,
2026-01-23T23:54:00-05:00,BTC/USD,window360_strategy,hold,0.0,same_minute,1.8580437925332218,0.0,
2026-01-23T23:53:00-05:00,ETH/USD,window360_strategy,hold,0.0,same_minute,1.8580437925332218,0.0,
2026-01-23T23:54:00-05:00,BTC/USD,window360_strategy,hold,0.0,same_minute,1.8580437925332218,0.0,
2026-01-23T23:53:00-05:00,ETH/USD,window360_strategy,hold,0.0,same_minute,1.8580437925332218,0.0,
2026-01-23T23:54:00-05:00,BTC/USD,window360_strategy,hold,0.0,same_minute,1.8580437925332218,0.0,
2026-01-23T23:53:00-05:00,ETH/USD,window360_strategy,hold,0.0,same_minute,1.8580437925332218,0.0,
2026-01-23T23:54:00-05:00,BTC/USD,window360_strategy,hold,0.0,same_minute,1.8580437925332218,0.0,
2026-01-23T23:53:00-05:00,ETH/USD,window360_strategy,hold,0.0,same_minute,1.8580437925332218,0.0,
2026-01-23T23:54:00-05:00,BTC/USD,window360_strategy,hold,0.0,same_minute,1.8580437925332218,0.0,
2026-01-23T23:53:00-05:00,ETH/USD,window360_strategy,hold,0.0,same_minute,1.8580437925332218,0.0,
2026-01-23T23:54:00-05:00,BTC/USD,window360_strategy,hold,0.0,same_minute,1.8580437925332218,0.0,
2026-01-23T23:53:00-05:00,ETH/USD,window360_strategy,hold,0.0,same_minute,1.8580437925332218,0.0,
2026-01-23T23:54:00-05:00,BTC/USD,window360_strategy,hold,0.0,same_minute,1.8580437925332218,0.0,
2026-01-23T23:53:00-05:00,ETH/USD,window360_strategy,hold,0.0,same_minute,1.8580437925332218,0.0,
2026-01-23T23:54:00-05:00,BTC/USD,window360_strategy,hold,0.0,same_minute,1.8580437925332218,0.0,
2026-01-23T23:53:00-05:00,ETH/USD,window360_strategy,hold,0.0,same_minute,1.8580437925332218,0.0,
2026-01-23T23:54:00-05:00,BTC/USD,window360_strategy,hold,0.0,same_minute,1.8580437925332218,0.0,
2026-01-23T23:53:00-05:00,ETH/USD,window360_strategy,hold,0.0,same_minute,1.8580437925332218,0.0,
2026-01-23T23:54:00-05:00,BTC/USD,window360_strategy,hold,0.0,same_minute,1.8580437925332218,0.0,
2026-01-23T23:53:00-05:00,ETH/USD,window360_strategy,hold,0.0,same_minute,1.8580437925332218,0.0,
2026-01-23T23:54:00-05:00,BTC/USD,window360_strategy,hold,0.0,same_minute,1.8580437925332218,0.0,
2026-01-23T23:53:00-05:00,ETH/USD,window360_strategy,hold,0.0,same_minute,1.8580437925332218,0.0,
2026-01-23T23:54:00-05:00,BTC/USD,window360_strategy,hold,0.0,same_minute,1.8580437925332218,0.0,
2026-01-23T23:53:00-05:00,ETH/USD,window360_strategy,hold,0.0,same_minute,1.8580437925332218,0.0,
2026-01-23T23:54:00-05:00,BTC/USD,window360_strategy,hold,0.0,same_minute,1.8580437925332218,0.0,
2026-01-23T23:53:00-05:00,ETH/USD,window360_strategy,hold,0.0,same_minute,1.8580437925332218,0.0,
2026-01-23T23:54:00-05:00,BTC/USD,window360_strategy,hold,0.0,same_minute,1.8580437925332218,0.0,
2026-01-23T23:53:00-05:00,ETH/USD,window360_strategy,hold,0.0,same_minute,1.8580437925332218,0.0,
2026-01-23T23:54:00-05:00,BTC/USD,window360_strategy,hold,0.0,same_minute,1.8580437925332218,0.0,
2026-01-23T23:53:00-05:00,ETH/USD,window360_strategy,hold,0.0,same_minute,1.8580437925332218,0.0,
2026-01-23T23:57:00-05:00,BTC/USD,window360_strategy,hold,0.0,no_change,2.0106982418084183,0.0,edge_filter
2026-01-23T23:53:00-05:00,ETH/USD,window360_strategy,hold,0.0,same_minute,2.0082151424131514,0.0,
2026-01-23T23:57:00-05:00,BTC/USD,window360_strategy,hold,0.0,same_minute,2.0082151424131514,0.0,
2026-01-23T23:53:00-05:00,ETH/USD,window360_strategy,hold,0.0,same_minute,2.0082151424131514,0.0,
2026-01-23T23:57:00-05:00,BTC/USD,window360_strategy,hold,0.0,same_minute,2.0082151424131514,0.0,
2026-01-23T23:53:00-05:00,ETH/USD,window360_strategy,hold,0.0,same_minute,2.0082151424131514,0.0,
2026-01-23T23:57:00-05:00,BTC/USD,window360_strategy,hold,0.0,same_minute,2.0082151424131514,0.0,
2026-01-23T23:53:00-05:00,ETH/USD,window360_strategy,hold,0.0,same_minute,2.0082151424131514,0.0,
2026-01-23T23:57:00-05:00,BTC/USD,window360_strategy,hold,0.0,same_minute,2.0082151424131514,0.0,
2026-01-23T23:53:00-05:00,ETH/USD,window360_strategy,hold,0.0,same_minute,2.0082151424131514,0.0,
2026-01-23T23:57:00-05:00,BTC/USD,window360_strategy,hold,0.0,same_minute,2.0082151424131514,0.0,
2026-01-23T23:53:00-05:00,ETH/USD,window360_strategy,hold,0.0,same_minute,2.0082151424131514,0.0,
2026-01-23T23:58:00-05:00,BTC/USD,window360_strategy,hold,0.0,no_change,1.9864274657163916,0.0,edge_filter
2026-01-23T23:53:00-05:00,ETH/USD,window360_strategy,hold,0.0,same_minute,1.9871456194257735,0.0,
2026-01-23T23:58:00-05:00,BTC/USD,window360_strategy,hold,0.0,same_minute,1.9871456194257735,0.0,
2026-01-23T23:53:00-05:00,ETH/USD,window360_strategy,hold,0.0,same_minute,1.9871456194257735,0.0,
2026-01-23T23:58:00-05:00,BTC/USD,window360_strategy,hold,0.0,same_minute,1.9871456194257735,0.0,
2026-01-23T23:53:00-05:00,ETH/USD,window360_strategy,hold,0.0,same_minute,1.9871456194257735,0.0,
2026-01-23T23:58:00-05:00,BTC/USD,window360_strategy,hold,0.0,same_minute,1.9871456194257735,0.0,
2026-01-23T23:53:00-05:00,ETH/USD,window360_strategy,hold,0.0,same_minute,1.9871456194257735,0.0,
2026-01-23T23:58:00-05:00,BTC/USD,window360_strategy,hold,0.0,same_minute,1.9871456194257735,0.0,
2026-01-23T23:53:00-05:00,ETH/USD,window360_strategy,hold,0.0,same_minute,1.9871456194257735,0.0,
2026-01-23T23:59:00-05:00,BTC/USD,window360_strategy,hold,0.0,no_change,2.008936539511519,0.0,edge_filter
2026-01-23T23:53:00-05:00,ETH/USD,window360_strategy,hold,0.0,same_minute,2.008979605819661,0.0,
2026-01-23T23:59:00-05:00,BTC/USD,window360_strategy,hold,0.0,same_minute,2.008979605819661,0.0,
2026-01-23T23:53:00-05:00,ETH/USD,window360_strategy,hold,0.0,same_minute,2.008979605819661,0.0,
2026-01-23T23:59:00-05:00,BTC/USD,window360_strategy,hold,0.0,same_minute,2.008979605819661,0.0,
2026-01-23T23:53:00-05:00,ETH/USD,window360_strategy,hold,0.0,same_minute,2.008979605819661,0.0,
2026-01-23T23:59:00-05:00,BTC/USD,window360_strategy,hold,0.0,same_minute,2.008979605819661,0.0,
2026-01-23T23:53:00-05:00,ETH/USD,window360_strategy,hold,0.0,same_minute,2.008979605819661,0.0,
2026-01-23T23:59:00-05:00,BTC/USD,window360_strategy,hold,0.0,same_minute,2.008979605819661,0.0,
2026-01-23T23:53:00-05:00,ETH/USD,window360_strategy,hold,0.0,same_minute,2.008979605819661,0.0,
2026-01-23T23:59:00-05:00,BTC/USD,window360_strategy,hold,0.0,same_minute,2.008979605819661,0.0,
2026-01-23T23:53:00-05:00,ETH/USD,window360_strategy,hold,0.0,same_minute,2.008979605819661,0.0,
2026-01-24T00:00:00-05:00,BTC/USD,window360_strategy,hold,0.0,no_change,2.049490486982451,0.0,edge_filter
2026-01-23T23:53:00-05:00,ETH/USD,window360_strategy,hold,0.0,same_minute,2.0493292333181192,0.0,
2026-01-24T00:00:00-05:00,BTC/USD,window360_strategy,hold,0.0,same_minute,2.0493292333181192,0.0,
2026-01-23T23:53:00-05:00,ETH/USD,window360_strategy,hold,0.0,same_minute,2.0493292333181192,0.0,
2026-01-24T00:00:00-05:00,BTC/USD,window360_strategy,hold,0.0,same_minute,2.0493292333181192,0.0,
2026-01-23T23:53:00-05:00,ETH/USD,window360_strategy,hold,0.0,same_minute,2.0493292333181192,0.0,
2026-01-24T00:00:00-05:00,BTC/USD,window360_strategy,hold,0.0,same_minute,2.0493292333181192,0.0,
2026-01-23T23:53:00-05:00,ETH/USD,window360_strategy,hold,0.0,same_minute,2.0493292333181192,0.0,
2026-01-24T00:00:00-05:00,BTC/USD,window360_strategy,hold,0.0,same_minute,2.0493292333181192,0.0,
2026-01-23T23:53:00-05:00,ETH/USD,window360_strategy,hold,0.0,same_minute,2.0493292333181192,0.0,
2026-01-24T00:00:00-05:00,BTC/USD,window360_strategy,hold,0.0,same_minute,2.0493292333181192,0.0,
2026-01-23T23:53:00-05:00,ETH/USD,window360_strategy,hold,0.0,same_minute,2.0493292333181192,0.0,
2026-01-24T00:01:00-05:00,BTC/USD,window360_strategy,hold,0.0,no_change,1.9368154277278085,0.0,edge_filter
2026-01-24T00:01:00-05:00,ETH/USD,window360_strategy,hold,0.0,no_change,1.9128123008382212,-0.0,edge_filter
2026-01-24T00:01:00-05:00,BTC/USD,window360_strategy,hold,0.0,same_minute,1.9128123008382212,0.0,
2026-01-24T00:01:00-05:00,ETH/USD,window360_strategy,hold,0.0,same_minute,1.9128123008382212,0.0,
2026-01-24T00:01:00-05:00,BTC/USD,window360_strategy,hold,0.0,same_minute,1.9128123008382212,0.0,
2026-01-24T00:01:00-05:00,ETH/USD,window360_strategy,hold,0.0,same_minute,1.9128123008382212,0.0,
2026-01-24T00:01:00-05:00,BTC/USD,window360_strategy,hold,0.0,same_minute,1.9128123008382212,0.0,
2026-01-24T00:01:00-05:00,ETH/USD,window360_strategy,hold,0.0,same_minute,1.9128123008382212,0.0,
2026-01-24T00:01:00-05:00,BTC/USD,window360_strategy,hold,0.0,same_minute,1.9128123008382212,0.0,
2026-01-24T00:01:00-05:00,ETH/USD,window360_strategy,hold,0.0,same_minute,1.9128123008382212,0.0,
2026-01-24T00:01:00-05:00,BTC/USD,window360_strategy,hold,0.0,same_minute,1.9128123008382212,0.0,
2026-01-24T00:01:00-05:00,ETH/USD,window360_strategy,hold,0.0,same_minute,1.9128123008382212,0.0,
2026-01-24T00:01:00-05:00,BTC/USD,window360_strategy,hold,0.0,same_minute,1.9128123008382212,0.0,
2026-01-24T00:02:00-05:00,ETH/USD,window360_strategy,hold,0.0,no_change,1.971318195760128,-0.0,edge_filter
2026-01-24T00:01:00-05:00,BTC/USD,window360_strategy,hold,0.0,same_minute,1.9707773576241767,0.0,
2026-01-24T00:02:00-05:00,ETH/USD,window360_strategy,hold,0.0,same_minute,1.9707773576241767,0.0,
2026-01-24T00:01:00-05:00,BTC/USD,window360_strategy,hold,0.0,same_minute,1.9707773576241767,0.0,
2026-01-24T00:02:00-05:00,ETH/USD,window360_strategy,hold,0.0,same_minute,1.9707773576241767,0.0,
2026-01-24T00:01:00-05:00,BTC/USD,window360_strategy,hold,0.0,same_minute,1.9707773576241767,0.0,
2026-01-24T00:02:00-05:00,ETH/USD,window360_strategy,hold,0.0,same_minute,1.9707773576241767,0.0,
2026-01-24T00:01:00-05:00,BTC/USD,window360_strategy,hold,0.0,same_minute,1.9707773576241767,0.0,
2026-01-24T00:02:00-05:00,ETH/USD,window360_strategy,hold,0.0,same_minute,1.9707773576241767,0.0,
2026-01-24T00:01:00-05:00,BTC/USD,window360_strategy,hold,0.0,same_minute,1.9707773576241767,0.0,
2026-01-24T00:02:00-05:00,ETH/USD,window360_strategy,hold,0.0,same_minute,1.9707773576241767,0.0,
2026-01-24T00:01:00-05:00,BTC/USD,window360_strategy,hold,0.0,same_minute,1.9707773576241767,0.0,
2026-01-24T00:02:00-05:00,ETH/USD,window360_strategy,hold,0.0,same_minute,1.9707773576241767,0.0,
2026-01-24T00:01:00-05:00,BTC/USD,window360_strategy,hold,0.0,same_minute,1.9707773576241767,0.0,
2026-01-24T00:02:00-05:00,ETH/USD,window360_strategy,hold,0.0,same_minute,1.9707773576241767,0.0,
2026-01-24T00:01:00-05:00,BTC/USD,window360_strategy,hold,0.0,same_minute,1.9707773576241767,0.0,
2026-01-24T00:02:00-05:00,ETH/USD,window360_strategy,hold,0.0,same_minute,1.9707773576241767,0.0,
2026-01-24T00:01:00-05:00,BTC/USD,window360_strategy,hold,0.0,same_minute,1.9707773576241767,0.0,
2026-01-24T00:02:00-05:00,ETH/USD,window360_strategy,hold,0.0,same_minute,1.9707773576241767,0.0,
2026-01-24T00:01:00-05:00,BTC/USD,window360_strategy,hold,0.0,same_minute,1.9707773576241767,0.0,
2026-01-24T00:02:00-05:00,ETH/USD,window360_strategy,hold,0.0,same_minute,1.9707773576241767,0.0,
2026-01-24T00:04:00-05:00,BTC/USD,window360_strategy,hold,0.0,no_change,1.778511401586615,0.0,edge_filter
2026-01-24T00:02:00-05:00,ETH/USD,window360_strategy,hold,0.0,same_minute,1.7821321321255015,0.0,
2026-01-24T00:04:00-05:00,BTC/USD,window360_strategy,hold,0.0,same_minute,1.7821321321255015,0.0,
2026-01-24T00:02:00-05:00,ETH/USD,window360_strategy,hold,0.0,same_minute,1.7821321321255015,0.0,
2026-01-24T00:04:00-05:00,BTC/USD,window360_strategy,hold,0.0,same_minute,1.7821321321255015,0.0,
2026-01-24T00:02:00-05:00,ETH/USD,window360_strategy,hold,0.0,same_minute,1.7821321321255015,0.0,
2026-01-24T00:04:00-05:00,BTC/USD,window360_strategy,hold,0.0,same_minute,1.7821321321255015,0.0,
2026-01-24T00:02:00-05:00,ETH/USD,window360_strategy,hold,0.0,same_minute,1.7821321321255015,0.0,
2026-01-24T00:04:00-05:00,BTC/USD,window360_strategy,hold,0.0,same_minute,1.7821321321255015,0.0,
2026-01-24T00:02:00-05:00,ETH/USD,window360_strategy,hold,0.0,same_minute,1.7821321321255015,0.0,
2026-01-24T00:04:00-05:00,BTC/USD,window360_strategy,hold,0.0,same_minute,1.7821321321255015,0.0,
2026-01-24T00:02:00-05:00,ETH/USD,window360_strategy,hold,0.0,same_minute,1.7821321321255015,0.0,
2026-01-24T00:05:00-05:00,BTC/USD,window360_strategy,hold,0.0,no_change,1.7237693251186215,0.0,edge_filter
2026-01-24T00:02:00-05:00,ETH/USD,window360_strategy,hold,0.0,same_minute,1.725015480486516,0.0,
2026-01-24T00:05:00-05:00,BTC/USD,window360_strategy,hold,0.0,same_minute,1.725015480486516,0.0,
2026-01-24T00:02:00-05:00,ETH/USD,window360_strategy,hold,0.0,same_minute,1.725015480486516,0.0,
2026-01-24T00:05:00-05:00,BTC/USD,window360_strategy,hold,0.0,same_minute,1.725015480486516,0.0,
2026-01-24T00:02:00-05:00,ETH/USD,window360_strategy,hold,0.0,same_minute,1.725015480486516,0.0,
2026-01-24T00:05:00-05:00,BTC/USD,window360_strategy,hold,0.0,same_minute,1.725015480486516,0.0,
2026-01-24T00:02:00-05:00,ETH/USD,window360_strategy,hold,0.0,same_minute,1.725015480486516,0.0,
2026-01-24T00:05:00-05:00,BTC/USD,window360_strategy,hold,0.0,same_minute,1.725015480486516,0.0,
2026-01-24T00:02:00-05:00,ETH/USD,window360_strategy,hold,0.0,same_minute,1.725015480486516,0.0,
2026-01-24T00:05:00-05:00,BTC/USD,window360_strategy,hold,0.0,same_minute,1.725015480486516,0.0,
2026-01-24T00:02:00-05:00,ETH/USD,window360_strategy,hold,0.0,same_minute,1.725015480486516,0.0,
2026-01-24T00:06:00-05:00,BTC/USD,window360_strategy,hold,0.0,no_change,1.9550942903884267,0.0,edge_filter
2026-01-24T00:02:00-05:00,ETH/USD,window360_strategy,hold,0.0,same_minute,1.951514310576711,0.0,
2026-01-24T00:06:00-05:00,BTC/USD,window360_strategy,hold,0.0,same_minute,1.951514310576711,0.0,
2026-01-24T00:02:00-05:00,ETH/USD,window360_strategy,hold,0.0,same_minute,1.951514310576711,0.0,
2026-01-24T00:06:00-05:00,BTC/USD,window360_strategy,hold,0.0,same_minute,1.951514310576711,0.0,
2026-01-24T00:02:00-05:00,ETH/USD,window360_strategy,hold,0.0,same_minute,1.951514310576711,0.0,
2026-01-24T00:06:00-05:00,BTC/USD,window360_strategy,hold,0.0,same_minute,1.951514310576711,0.0,
2026-01-24T00:02:00-05:00,ETH/USD,window360_strategy,hold,0.0,same_minute,1.951514310576711,0.0,
2026-01-24T00:06:00-05:00,BTC/USD,window360_strategy,hold,0.0,same_minute,1.951514310576711,0.0,
2026-01-24T00:02:00-05:00,ETH/USD,window360_strategy,hold,0.0,same_minute,1.951514310576711,0.0,
2026-01-24T00:06:00-05:00,BTC/USD,window360_strategy,hold,0.0,same_minute,1.951514310576711,0.0,
2026-01-24T00:07:00-05:00,ETH/USD,window360_strategy,hold,0.0,no_change,2.1095632712525503,-0.0,edge_filter
2026-01-24T00:06:00-05:00,BTC/USD,window360_strategy,hold,0.0,same_minute,2.107080741913458,0.0,
2026-01-24T00:07:00-05:00,ETH/USD,window360_strategy,hold,0.0,same_minute,2.107080741913458,0.0,
2026-01-24T00:06:00-05:00,BTC/USD,window360_strategy,hold,0.0,same_minute,2.107080741913458,0.0,
2026-01-24T00:07:00-05:00,ETH/USD,window360_strategy,hold,0.0,same_minute,2.107080741913458,0.0,
2026-01-24T00:06:00-05:00,BTC/USD,window360_strategy,hold,0.0,same_minute,2.107080741913458,0.0,
2026-01-24T00:07:00-05:00,ETH/USD,window360_strategy,hold,0.0,same_minute,2.107080741913458,0.0,
2026-01-24T00:06:00-05:00,BTC/USD,window360_strategy,hold,0.0,same_minute,2.107080741913458,0.0,
2026-01-24T00:07:00-05:00,ETH/USD,window360_strategy,hold,0.0,same_minute,2.107080741913458,0.0,
2026-01-24T00:06:00-05:00,BTC/USD,window360_strategy,hold,0.0,same_minute,2.107080741913458,0.0,
2026-01-24T00:07:00-05:00,ETH/USD,window360_strategy,hold,0.0,same_minute,2.107080741913458,0.0,
2026-01-24T00:08:00-05:00,BTC/USD,window360_strategy,hold,0.0,no_change,1.8992412202335267,0.0,edge_filter
2026-01-24T00:08:00-05:00,ETH/USD,window360_strategy,hold,0.0,no_change,2.07224236169359,-0.0,edge_filter
2026-01-24T00:08:00-05:00,BTC/USD,window360_strategy,hold,0.0,same_minute,2.07224236169359,0.0,
2026-01-24T00:08:00-05:00,ETH/USD,window360_strategy,hold,0.0,same_minute,2.07224236169359,0.0,
2026-01-24T00:08:00-05:00,BTC/USD,window360_strategy,hold,0.0,same_minute,2.07224236169359,0.0,
2026-01-24T00:08:00-05:00,ETH/USD,window360_strategy,hold,0.0,same_minute,2.07224236169359,0.0,
2026-01-24T00:08:00-05:00,BTC/USD,window360_strategy,hold,0.0,same_minute,2.07224236169359,0.0,
2026-01-24T00:08:00-05:00,ETH/USD,window360_strategy,hold,0.0,same_minute,2.07224236169359,0.0,
2026-01-24T00:08:00-05:00,BTC/USD,window360_strategy,hold,0.0,same_minute,2.07224236169359,0.0,
2026-01-24T00:08:00-05:00,ETH/USD,window360_strategy,hold,0.0,same_minute,2.07224236169359,0.0,
2026-01-24T00:08:00-05:00,BTC/USD,window360_strategy,hold,0.0,same_minute,2.07224236169359,0.0,
2026-01-24T00:08:00-05:00,ETH/USD,window360_strategy,hold,0.0,same_minute,2.07224236169359,0.0,
2026-01-24T00:09:00-05:00,BTC/USD,window360_strategy,hold,0.0,no_change,2.0573222731008025,0.0,edge_filter
2026-01-24T00:09:00-05:00,ETH/USD,window360_strategy,hold,0.0,no_change,1.9592771692831796,-0.0,edge_filter
2026-01-24T00:09:00-05:00,BTC/USD,window360_strategy,hold,0.0,same_minute,1.9592771692831796,0.0,
2026-01-24T00:09:00-05:00,ETH/USD,window360_strategy,hold,0.0,same_minute,1.9592771692831796,0.0,
2026-01-24T00:09:00-05:00,BTC/USD,window360_strategy,hold,0.0,same_minute,1.9592771692831796,0.0,
2026-01-24T00:09:00-05:00,ETH/USD,window360_strategy,hold,0.0,same_minute,1.9592771692831796,0.0,
2026-01-24T00:09:00-05:00,BTC/USD,window360_strategy,hold,0.0,same_minute,1.9592771692831796,0.0,
2026-01-24T00:09:00-05:00,ETH/USD,window360_strategy,hold,0.0,same_minute,1.9592771692831796,0.0,
2026-01-24T00:09:00-05:00,BTC/USD,window360_strategy,hold,0.0,same_minute,1.9592771692831796,0.0,
2026-01-24T00:09:00-05:00,ETH/USD,window360_strategy,hold,0.0,same_minute,1.9592771692831796,0.0,
2026-01-24T00:09:00-05:00,BTC/USD,window360_strategy,hold,0.0,same_minute,1.9592771692831796,0.0,
2026-01-24T00:09:00-05:00,ETH/USD,window360_strategy,hold,0.0,same_minute,1.9592771692831796,0.0,
2026-01-24T00:10:00-05:00,BTC/USD,window360_strategy,hold,0.0,no_change,2.1034500468055817,0.0,edge_filter
2026-01-24T00:10:00-05:00,ETH/USD,window360_strategy,hold,0.0,no_change,2.09478461710165,-0.0,edge_filter
2026-01-24T00:10:00-05:00,BTC/USD,window360_strategy,hold,0.0,same_minute,2.09478461710165,0.0,
2026-01-24T00:10:00-05:00,ETH/USD,window360_strategy,hold,0.0,same_minute,2.09478461710165,0.0,
2026-01-24T00:10:00-05:00,BTC/USD,window360_strategy,hold,0.0,same_minute,2.09478461710165,0.0,
2026-01-24T00:10:00-05:00,ETH/USD,window360_strategy,hold,0.0,same_minute,2.09478461710165,0.0,
2026-01-24T00:10:00-05:00,BTC/USD,window360_strategy,hold,0.0,same_minute,2.09478461710165,0.0,
2026-01-24T00:10:00-05:00,ETH/USD,window360_strategy,hold,0.0,same_minute,2.09478461710165,0.0,
2026-01-24T00:10:00-05:00,BTC/USD,window360_strategy,hold,0.0,same_minute,2.09478461710165,0.0,
2026-01-24T00:10:00-05:00,ETH/USD,window360_strategy,hold,0.0,same_minute,2.09478461710165,0.0,
2026-01-24T00:10:00-05:00,BTC/USD,window360_strategy,hold,0.0,same_minute,2.09478461710165,0.0,
2026-01-24T00:10:00-05:00,ETH/USD,window360_strategy,hold,0.0,same_minute,2.09478461710165,0.0,
2026-01-24T00:11:00-05:00,BTC/USD,window360_strategy,hold,0.0,no_change,2.376896566773035,0.0,edge_filter
2026-01-24T00:10:00-05:00,ETH/USD,window360_strategy,hold,0.0,same_minute,2.3708988648299116,0.0,
2026-01-24T00:11:00-05:00,BTC/USD,window360_strategy,hold,0.0,same_minute,2.3708988648299116,0.0,
2026-01-24T00:10:00-05:00,ETH/USD,window360_strategy,hold,0.0,same_minute,2.3708988648299116,0.0,
2026-01-24T00:11:00-05:00,BTC/USD,window360_strategy,hold,0.0,same_minute,2.3708988648299116,0.0,
2026-01-24T00:10:00-05:00,ETH/USD,window360_strategy,hold,0.0,same_minute,2.3708988648299116,0.0,
2026-01-24T00:11:00-05:00,BTC/USD,window360_strategy,hold,0.0,same_minute,2.3708988648299116,0.0,
2026-01-24T00:10:00-05:00,ETH/USD,window360_strategy,hold,0.0,same_minute,2.3708988648299116,0.0,
2026-01-24T00:11:00-05:00,BTC/USD,window360_strategy,hold,0.0,same_minute,2.3708988648299116,0.0,
2026-01-24T00:10:00-05:00,ETH/USD,window360_strategy,hold,0.0,same_minute,2.3708988648299116,0.0,
2026-01-24T00:12:00-05:00,BTC/USD,window360_strategy,hold,0.0,no_change,2.600822988111418,0.0,edge_filter
2026-01-24T00:12:00-05:00,ETH/USD,window360_strategy,hold,0.0,no_change,2.0435623354867976,-0.0,edge_filter
2026-01-24T00:12:00-05:00,BTC/USD,window360_strategy,hold,0.0,same_minute,2.0435623354867976,0.0,
2026-01-24T00:12:00-05:00,ETH/USD,window360_strategy,hold,0.0,same_minute,2.0435623354867976,0.0,
2026-01-24T00:12:00-05:00,BTC/USD,window360_strategy,hold,0.0,same_minute,2.0435623354867976,0.0,
2026-01-24T00:12:00-05:00,ETH/USD,window360_strategy,hold,0.0,same_minute,2.0435623354867976,0.0,
2026-01-24T00:12:00-05:00,BTC/USD,window360_strategy,hold,0.0,same_minute,2.0435623354867976,0.0,
2026-01-24T00:12:00-05:00,ETH/USD,window360_strategy,hold,0.0,same_minute,2.0435623354867976,0.0,
2026-01-24T00:12:00-05:00,BTC/USD,window360_strategy,hold,0.0,same_minute,2.0435623354867976,0.0,
2026-01-24T00:12:00-05:00,ETH/USD,window360_strategy,hold,0.0,same_minute,2.0435623354867976,0.0,
2026-01-24T00:12:00-05:00,BTC/USD,window360_strategy,hold,0.0,same_minute,2.0435623354867976,0.0,
2026-01-24T00:12:00-05:00,ETH/USD,window360_strategy,hold,0.0,same_minute,2.0435623354867976,0.0,
2026-01-24T00:13:00-05:00,BTC/USD,window360_strategy,hold,0.0,no_change,1.9586768056884147,0.0,edge_filter
2026-01-24T00:12:00-05:00,ETH/USD,window360_strategy,hold,0.0,same_minute,1.9604746453528612,0.0,
2026-01-24T00:13:00-05:00,BTC/USD,window360_strategy,hold,0.0,same_minute,1.9604746453528612,0.0,
2026-01-24T00:12:00-05:00,ETH/USD,window360_strategy,hold,0.0,same_minute,1.9604746453528612,0.0,
2026-01-24T00:13:00-05:00,BTC/USD,window360_strategy,hold,0.0,same_minute,1.9604746453528612,0.0,
2026-01-24T00:12:00-05:00,ETH/USD,window360_strategy,hold,0.0,same_minute,1.9604746453528612,0.0,
2026-01-24T00:13:00-05:00,BTC/USD,window360_strategy,hold,0.0,same_minute,1.9604746453528612,0.0,
2026-01-24T00:12:00-05:00,ETH/USD,window360_strategy,hold,0.0,same_minute,1.9604746453528612,0.0,
2026-01-24T00:13:00-05:00,BTC/USD,window360_strategy,hold,0.0,same_minute,1.9604746453528612,0.0,
2026-01-24T00:12:00-05:00,ETH/USD,window360_strategy,hold,0.0,same_minute,1.9604746453528612,0.0,
2026-01-24T00:13:00-05:00,BTC/USD,window360_strategy,hold,0.0,same_minute,1.9604746453528612,0.0,
2026-01-24T00:12:00-05:00,ETH/USD,window360_strategy,hold,0.0,same_minute,1.9604746453528612,0.0,
2026-01-24T00:13:00-05:00,BTC/USD,window360_strategy,hold,0.0,same_minute,1.9604746453528612,0.0,
2026-01-24T00:12:00-05:00,ETH/USD,window360_strategy,hold,0.0,same_minute,1.9604746453528612,0.0,
2026-01-24T00:13:00-05:00,BTC/USD,window360_strategy,hold,0.0,same_minute,1.9604746453528612,0.0,
2026-01-24T00:12:00-05:00,ETH/USD,window360_strategy,hold,0.0,same_minute,1.9604746453528612,0.0,
2026-01-24T00:13:00-05:00,BTC/USD,window360_strategy,hold,0.0,same_minute,1.9604746453528612,0.0,
2026-01-24T00:12:00-05:00,ETH/USD,window360_strategy,hold,0.0,same_minute,1.9604746453528612,0.0,
2026-01-24T00:13:00-05:00,BTC/USD,window360_strategy,hold,0.0,same_minute,1.9604746453528612,0.0,
2026-01-24T00:12:00-05:00,ETH/USD,window360_strategy,hold,0.0,same_minute,1.9604746453528612,0.0,
2026-01-24T00:13:00-05:00,BTC/USD,window360_strategy,hold,0.0,same_minute,1.9604746453528612,0.0,
2026-01-24T00:12:00-05:00,ETH/USD,window360_strategy,hold,0.0,same_minute,1.9604746453528612,0.0,
2026-01-24T00:13:00-05:00,BTC/USD,window360_strategy,hold,0.0,same_minute,1.9604746453528612,0.0,
2026-01-24T00:12:00-05:00,ETH/USD,window360_strategy,hold,0.0,same_minute,1.9604746453528612,0.0,
2026-01-24T00:15:00-05:00,BTC/USD,window360_strategy,hold,0.0,no_change,1.6530408545298747,0.0,edge_filter
2026-01-24T00:12:00-05:00,ETH/USD,window360_strategy,hold,0.0,same_minute,1.6580157624260754,0.0,
2026-01-24T00:15:00-05:00,BTC/USD,window360_strategy,hold,0.0,same_minute,1.6580157624260754,0.0,
2026-01-24T00:12:00-05:00,ETH/USD,window360_strategy,hold,0.0,same_minute,1.6580157624260754,0.0,
2026-01-24T00:15:00-05:00,BTC/USD,window360_strategy,hold,0.0,same_minute,1.6580157624260754,0.0,
2026-01-24T00:12:00-05:00,ETH/USD,window360_strategy,hold,0.0,same_minute,1.6580157624260754,0.0,
2026-01-24T00:15:00-05:00,BTC/USD,window360_strategy,hold,0.0,same_minute,1.6580157624260754,0.0,
2026-01-24T00:12:00-05:00,ETH/USD,window360_strategy,hold,0.0,same_minute,1.6580157624260754,0.0,
2026-01-24T00:15:00-05:00,BTC/USD,window360_strategy,hold,0.0,same_minute,1.6580157624260754,0.0,
2026-01-24T00:12:00-05:00,ETH/USD,window360_strategy,hold,0.0,same_minute,1.6580157624260754,0.0,
2026-01-24T00:15:00-05:00,BTC/USD,window360_strategy,hold,0.0,same_minute,1.6580157624260754,0.0,
2026-01-24T00:12:00-05:00,ETH/USD,window360_strategy,hold,0.0,same_minute,1.6580157624260754,0.0,
2026-01-24T00:15:00-05:00,BTC/USD,window360_strategy,hold,0.0,same_minute,1.6580157624260754,0.0,
2026-01-24T00:12:00-05:00,ETH/USD,window360_strategy,hold,0.0,same_minute,1.6580157624260754,0.0,
2026-01-24T00:15:00-05:00,BTC/USD,window360_strategy,hold,0.0,same_minute,1.6580157624260754,0.0,
2026-01-24T00:12:00-05:00,ETH/USD,window360_strategy,hold,0.0,same_minute,1.6580157624260754,0.0,
2026-01-24T00:15:00-05:00,BTC/USD,window360_strategy,hold,0.0,same_minute,1.6580157624260754,0.0,
2026-01-24T00:12:00-05:00,ETH/USD,window360_strategy,hold,0.0,same_minute,1.6580157624260754,0.0,
2026-01-24T00:15:00-05:00,BTC/USD,window360_strategy,hold,0.0,same_minute,1.6580157624260754,0.0,
2026-01-24T00:12:00-05:00,ETH/USD,window360_strategy,hold,0.0,same_minute,1.6580157624260754,0.0,
2026-01-24T00:15:00-05:00,BTC/USD,window360_strategy,hold,0.0,same_minute,1.6580157624260754,0.0,
2026-01-24T00:12:00-05:00,ETH/USD,window360_strategy,hold,0.0,same_minute,1.6580157624260754,0.0,
2026-01-24T00:17:00-05:00,BTC/USD,window360_strategy,hold,0.0,no_change,1.8157236235525778,0.0,edge_filter
2026-01-24T00:12:00-05:00,ETH/USD,window360_strategy,hold,0.0,same_minute,1.81272456806875,0.0,
2026-01-24T00:17:00-05:00,BTC/USD,window360_strategy,hold,0.0,same_minute,1.81272456806875,0.0,
2026-01-24T00:12:00-05:00,ETH/USD,window360_strategy,hold,0.0,same_minute,1.81272456806875,0.0,
2026-01-24T00:17:00-05:00,BTC/USD,window360_strategy,hold,0.0,same_minute,1.81272456806875,0.0,
2026-01-24T00:12:00-05:00,ETH/USD,window360_strategy,hold,0.0,same_minute,1.81272456806875,0.0,
2026-01-24T00:17:00-05:00,BTC/USD,window360_strategy,hold,0.0,same_minute,1.81272456806875,0.0,
2026-01-24T00:12:00-05:00,ETH/USD,window360_strategy,hold,0.0,same_minute,1.81272456806875,0.0,
2026-01-24T00:17:00-05:00,BTC/USD,window360_strategy,hold,0.0,same_minute,1.81272456806875,0.0,
2026-01-24T00:12:00-05:00,ETH/USD,window360_strategy,hold,0.0,same_minute,1.81272456806875,0.0,
2026-01-24T00:17:00-05:00,BTC/USD,window360_strategy,hold,0.0,same_minute,1.81272456806875,0.0,
2026-01-24T00:12:00-05:00,ETH/USD,window360_strategy,hold,0.0,same_minute,1.81272456806875,0.0,
2026-01-24T00:17:00-05:00,BTC/USD,window360_strategy,hold,0.0,same_minute,1.81272456806875,0.0,
2026-01-24T00:18:00-05:00,ETH/USD,window360_strategy,hold,0.0,no_change,1.9789827784082668,-0.0,edge_filter
2026-01-24T00:17:00-05:00,BTC/USD,window360_strategy,hold,0.0,same_minute,1.975853217150241,0.0,
2026-01-24T00:18:00-05:00,ETH/USD,window360_strategy,hold,0.0,same_minute,1.975853217150241,0.0,
2026-01-24T00:17:00-05:00,BTC/USD,window360_strategy,hold,0.0,same_minute,1.975853217150241,0.0,
2026-01-24T00:18:00-05:00,ETH/USD,window360_strategy,hold,0.0,same_minute,1.975853217150241,0.0,
2026-01-24T00:17:00-05:00,BTC/USD,window360_strategy,hold,0.0,same_minute,1.975853217150241,0.0,
2026-01-24T00:18:00-05:00,ETH/USD,window360_strategy,hold,0.0,same_minute,1.975853217150241,0.0,
2026-01-24T00:17:00-05:00,BTC/USD,window360_strategy,hold,0.0,same_minute,1.975853217150241,0.0,
2026-01-24T00:18:00-05:00,ETH/USD,window360_strategy,hold,0.0,same_minute,1.975853217150241,0.0,
2026-01-24T00:17:00-05:00,BTC/USD,window360_strategy,hold,0.0,same_minute,1.975853217150241,0.0,
2026-01-24T00:18:00-05:00,ETH/USD,window360_strategy,hold,0.0,same_minute,1.975853217150241,0.0,
2026-01-24T00:17:00-05:00,BTC/USD,window360_strategy,hold,0.0,same_minute,1.975853217150241,0.0,
2026-01-24T00:18:00-05:00,ETH/USD,window360_strategy,hold,0.0,same_minute,1.975853217150241,0.0,
2026-01-24T00:17:00-05:00,BTC/USD,window360_strategy,hold,0.0,same_minute,1.975853217150241,0.0,
2026-01-24T00:18:00-05:00,ETH/USD,window360_strategy,hold,0.0,same_minute,1.975853217150241,0.0,
2026-01-24T00:48:00-05:00,BTC/USD,window360_strategy,hold,0.0,no_change,1.0685723020577578,0.0,below_z_enter
2026-01-24T00:49:00-05:00,ETH/USD,window360_strategy,hold,0.0,no_change,1.9422595148467325,-0.0,edge_filter
2026-01-24T00:48:00-05:00,BTC/USD,window360_strategy,hold,0.0,same_minute,1.930140618833698,0.0,
2026-01-24T00:49:00-05:00,ETH/USD,window360_strategy,hold,0.0,same_minute,1.930140618833698,0.0,
2026-01-24T00:48:00-05:00,BTC/USD,window360_strategy,hold,0.0,same_minute,1.930140618833698,0.0,
2026-01-24T00:49:00-05:00,ETH/USD,window360_strategy,hold,0.0,same_minute,1.930140618833698,0.0,
2026-01-24T00:48:00-05:00,BTC/USD,window360_strategy,hold,0.0,same_minute,1.930140618833698,0.0,
2026-01-24T00:49:00-05:00,ETH/USD,window360_strategy,hold,0.0,same_minute,1.930140618833698,0.0,
2026-01-24T00:48:00-05:00,BTC/USD,window360_strategy,hold,0.0,same_minute,1.930140618833698,0.0,
2026-01-24T00:49:00-05:00,ETH/USD,window360_strategy,hold,0.0,same_minute,1.930140618833698,0.0,
2026-01-24T00:48:00-05:00,BTC/USD,window360_strategy,hold,0.0,same_minute,1.930140618833698,0.0,
2026-01-24T00:50:00-05:00,ETH/USD,window360_strategy,hold,0.0,no_change,1.8662237460790294,-0.0,edge_filter
2026-01-24T00:48:00-05:00,BTC/USD,window360_strategy,hold,0.0,same_minute,1.8670534235293461,0.0,
2026-01-24T00:50:00-05:00,ETH/USD,window360_strategy,hold,0.0,same_minute,1.8670534235293461,0.0,
2026-01-24T00:48:00-05:00,BTC/USD,window360_strategy,hold,0.0,same_minute,1.8670534235293461,0.0,
2026-01-24T00:50:00-05:00,ETH/USD,window360_strategy,hold,0.0,same_minute,1.8670534235293461,0.0,
2026-01-24T00:48:00-05:00,BTC/USD,window360_strategy,hold,0.0,same_minute,1.8670534235293461,0.0,
2026-01-24T00:50:00-05:00,ETH/USD,window360_strategy,hold,0.0,same_minute,1.8670534235293461,0.0,
2026-01-24T00:48:00-05:00,BTC/USD,window360_strategy,hold,0.0,same_minute,1.8670534235293461,0.0,
2026-01-24T00:50:00-05:00,ETH/USD,window360_strategy,hold,0.0,same_minute,1.8670534235293461,0.0,
2026-01-24T00:48:00-05:00,BTC/USD,window360_strategy,hold,0.0,same_minute,1.8670534235293461,0.0,
2026-01-24T00:50:00-05:00,ETH/USD,window360_strategy,hold,0.0,same_minute,1.8670534235293461,0.0,
2026-01-24T00:48:00-05:00,BTC/USD,window360_strategy,hold,0.0,same_minute,1.8670534235293461,0.0,
2026-01-24T00:51:00-05:00,ETH/USD,window360_strategy,hold,0.0,no_change,1.9388145134808261,-0.0,edge_filter
2026-01-24T00:48:00-05:00,BTC/USD,window360_strategy,hold,0.0,same_minute,1.937567469635377,0.0,
2026-01-24T00:51:00-05:00,ETH/USD,window360_strategy,hold,0.0,same_minute,1.937567469635377,0.0,
2026-01-24T00:48:00-05:00,BTC/USD,window360_strategy,hold,0.0,same_minute,1.937567469635377,0.0,
2026-01-24T00:51:00-05:00,ETH/USD,window360_strategy,hold,0.0,same_minute,1.937567469635377,0.0,
2026-01-24T00:48:00-05:00,BTC/USD,window360_strategy,hold,0.0,same_minute,1.937567469635377,0.0,
2026-01-24T00:51:00-05:00,ETH/USD,window360_strategy,hold,0.0,same_minute,1.937567469635377,0.0,
2026-01-24T00:48:00-05:00,BTC/USD,window360_strategy,hold,0.0,same_minute,1.937567469635377,0.0,
2026-01-24T00:51:00-05:00,ETH/USD,window360_strategy,hold,0.0,same_minute,1.937567469635377,0.0,
2026-01-24T00:52:00-05:00,BTC/USD,window360_strategy,hold,0.0,no_change,2.149018040549781,0.0,edge_filter
2026-01-24T00:51:00-05:00,ETH/USD,window360_strategy,hold,0.0,same_minute,2.1449538558586823,0.0,
2026-01-24T00:52:00-05:00,BTC/USD,window360_strategy,hold,0.0,same_minute,2.1449538558586823,0.0,
2026-01-24T00:51:00-05:00,ETH/USD,window360_strategy,hold,0.0,same_minute,2.1449538558586823,0.0,
2026-01-24T00:52:00-05:00,BTC/USD,window360_strategy,hold,0.0,same_minute,2.1449538558586823,0.0,
2026-01-24T00:51:00-05:00,ETH/USD,window360_strategy,hold,0.0,same_minute,2.1449538558586823,0.0,
2026-01-24T00:52:00-05:00,BTC/USD,window360_strategy,hold,0.0,same_minute,2.1449538558586823,0.0,
2026-01-24T00:51:00-05:00,ETH/USD,window360_strategy,hold,0.0,same_minute,2.1449538558586823,0.0,
2026-01-24T00:52:00-05:00,BTC/USD,window360_strategy,hold,0.0,same_minute,2.1449538558586823,0.0,
2026-01-24T00:51:00-05:00,ETH/USD,window360_strategy,hold,0.0,same_minute,2.1449538558586823,0.0,
2026-01-24T00:52:00-05:00,BTC/USD,window360_strategy,hold,0.0,same_minute,2.1449538558586823,0.0,
2026-01-24T00:51:00-05:00,ETH/USD,window360_strategy,hold,0.0,same_minute,2.1449538558586823,0.0,
2026-01-24T00:52:00-05:00,BTC/USD,window360_strategy,hold,0.0,same_minute,2.1449538558586823,0.0,
2026-01-24T00:53:00-05:00,ETH/USD,window360_strategy,hold,0.0,no_change,2.0876889101257294,-0.0,edge_filter
2026-01-24T00:52:00-05:00,BTC/USD,window360_strategy,hold,0.0,same_minute,2.0883699064020464,0.0,
2026-01-24T00:53:00-05:00,ETH/USD,window360_strategy,hold,0.0,same_minute,2.0883699064020464,0.0,
2026-01-24T00:52:00-05:00,BTC/USD,window360_strategy,hold,0.0,same_minute,2.0883699064020464,0.0,
2026-01-24T00:53:00-05:00,ETH/USD,window360_strategy,hold,0.0,same_minute,2.0883699064020464,0.0,
2026-01-24T00:52:00-05:00,BTC/USD,window360_strategy,hold,0.0,same_minute,2.0883699064020464,0.0,
2026-01-24T00:53:00-05:00,ETH/USD,window360_strategy,hold,0.0,same_minute,2.0883699064020464,0.0,
2026-01-24T00:52:00-05:00,BTC/USD,window360_strategy,hold,0.0,same_minute,2.0883699064020464,0.0,
2026-01-24T00:53:00-05:00,ETH/USD,window360_strategy,hold,0.0,same_minute,2.0883699064020464,0.0,
2026-01-24T00:52:00-05:00,BTC/USD,window360_strategy,hold,0.0,same_minute,2.0883699064020464,0.0,
2026-01-24T00:53:00-05:00,ETH/USD,window360_strategy,hold,0.0,same_minute,2.0883699064020464,0.0,
2026-01-24T00:54:00-05:00,BTC/USD,window360_strategy,hold,0.0,no_change,2.1946363137138443,0.0,edge_filter
2026-01-24T00:53:00-05:00,ETH/USD,window360_strategy,hold,0.0,same_minute,2.19229717515553,0.0,
2026-01-24T00:54:00-05:00,BTC/USD,window360_strategy,hold,0.0,same_minute,2.19229717515553,0.0,
2026-01-24T00:53:00-05:00,ETH/USD,window360_strategy,hold,0.0,same_minute,2.19229717515553,0.0,
2026-01-24T00:54:00-05:00,BTC/USD,window360_strategy,hold,0.0,same_minute,2.19229717515553,0.0,
2026-01-24T00:53:00-05:00,ETH/USD,window360_strategy,hold,0.0,same_minute,2.19229717515553,0.0,
2026-01-24T00:54:00-05:00,BTC/USD,window360_strategy,hold,0.0,same_minute,2.19229717515553,0.0,
2026-01-24T00:53:00-05:00,ETH/USD,window360_strategy,hold,0.0,same_minute,2.19229717515553,0.0,
2026-01-24T00:54:00-05:00,BTC/USD,window360_strategy,hold,0.0,same_minute,2.19229717515553,0.0,
2026-01-24T00:53:00-05:00,ETH/USD,window360_strategy,hold,0.0,same_minute,2.19229717515553,0.0,
2026-01-24T00:54:00-05:00,BTC/USD,window360_strategy,hold,0.0,same_minute,2.19229717515553,0.0,
2026-01-24T00:53:00-05:00,ETH/USD,window360_strategy,hold,0.0,same_minute,2.19229717515553,0.0,
2026-01-24T00:55:00-05:00,BTC/USD,window360_strategy,hold,0.0,no_change,2.303523257069962,0.0,edge_filter
2026-01-24T00:55:00-05:00,ETH/USD,window360_strategy,hold,0.0,no_change,2.0567204898717026,-0.0,edge_filter
2026-01-24T00:55:00-05:00,BTC/USD,window360_strategy,hold,0.0,same_minute,2.0567204898717026,0.0,
2026-01-24T00:55:00-05:00,ETH/USD,window360_strategy,hold,0.0,same_minute,2.0567204898717026,0.0,
2026-01-24T00:55:00-05:00,BTC/USD,window360_strategy,hold,0.0,same_minute,2.0567204898717026,0.0,
2026-01-24T00:55:00-05:00,ETH/USD,window360_strategy,hold,0.0,same_minute,2.0567204898717026,0.0,
2026-01-24T00:55:00-05:00,BTC/USD,window360_strategy,hold,0.0,same_minute,2.0567204898717026,0.0,
2026-01-24T00:55:00-05:00,ETH/USD,window360_strategy,hold,0.0,same_minute,2.0567204898717026,0.0,
2026-01-24T00:55:00-05:00,BTC/USD,window360_strategy,hold,0.0,same_minute,2.0567204898717026,0.0,
2026-01-24T00:55:00-05:00,ETH/USD,window360_strategy,hold,0.0,same_minute,2.0567204898717026,0.0,
2026-01-24T00:55:00-05:00,BTC/USD,window360_strategy,hold,0.0,same_minute,2.0567204898717026,0.0,
2026-01-24T00:56:00-05:00,ETH/USD,window360_strategy,hold,0.0,no_change,2.019325798970747,-0.0,edge_filter
2026-01-24T00:55:00-05:00,BTC/USD,window360_strategy,hold,0.0,same_minute,2.0196457642305714,0.0,
2026-01-24T00:56:00-05:00,ETH/USD,window360_strategy,hold,0.0,same_minute,2.0196457642305714,0.0,
2026-01-24T00:55:00-05:00,BTC/USD,window360_strategy,hold,0.0,same_minute,2.0196457642305714,0.0,
2026-01-24T00:56:00-05:00,ETH/USD,window360_strategy,hold,0.0,same_minute,2.0196457642305714,0.0,
2026-01-24T00:55:00-05:00,BTC/USD,window360_strategy,hold,0.0,same_minute,2.0196457642305714,0.0,
2026-01-24T00:56:00-05:00,ETH/USD,window360_strategy,hold,0.0,same_minute,2.0196457642305714,0.0,
2026-01-24T00:55:00-05:00,BTC/USD,window360_strategy,hold,0.0,same_minute,2.0196457642305714,0.0,
2026-01-24T00:56:00-05:00,ETH/USD,window360_strategy,hold,0.0,same_minute,2.0196457642305714,0.0,
2026-01-24T00:55:00-05:00,BTC/USD,window360_strategy,hold,0.0,same_minute,2.0196457642305714,0.0,
2026-01-24T00:56:00-05:00,ETH/USD,window360_strategy,hold,0.0,same_minute,2.0196457642305714,0.0,
2026-01-24T00:57:00-05:00,BTC/USD,window360_strategy,hold,0.0,no_change,1.8287907979597287,0.0,edge_filter
2026-01-24T00:56:00-05:00,ETH/USD,window360_strategy,hold,0.0,same_minute,1.831576892048398,0.0,
2026-01-24T00:57:00-05:00,BTC/USD,window360_strategy,hold,0.0,same_minute,1.831576892048398,0.0,
2026-01-24T00:56:00-05:00,ETH/USD,window360_strategy,hold,0.0,same_minute,1.831576892048398,0.0,
2026-01-24T00:57:00-05:00,BTC/USD,window360_strategy,hold,0.0,same_minute,1.831576892048398,0.0,
2026-01-24T00:56:00-05:00,ETH/USD,window360_strategy,hold,0.0,same_minute,1.831576892048398,0.0,
2026-01-24T00:57:00-05:00,BTC/USD,window360_strategy,hold,0.0,same_minute,1.831576892048398,0.0,
2026-01-24T00:56:00-05:00,ETH/USD,window360_strategy,hold,0.0,same_minute,1.831576892048398,0.0,
2026-01-24T00:57:00-05:00,BTC/USD,window360_strategy,hold,0.0,same_minute,1.831576892048398,0.0,
2026-01-24T00:56:00-05:00,ETH/USD,window360_strategy,hold,0.0,same_minute,1.831576892048398,0.0,
2026-01-24T00:57:00-05:00,BTC/USD,window360_strategy,hold,0.0,same_minute,1.831576892048398,0.0,
2026-01-24T00:56:00-05:00,ETH/USD,window360_strategy,hold,0.0,same_minute,1.831576892048398,0.0,
2026-01-24T00:58:00-05:00,BTC/USD,window360_strategy,hold,0.0,no_change,1.8066484392520086,0.0,edge_filter
2026-01-24T00:58:00-05:00,ETH/USD,window360_strategy,hold,0.0,no_change,1.7736558254971737,-0.0,edge_filter
2026-01-24T00:58:00-05:00,BTC/USD,window360_strategy,hold,0.0,same_minute,1.7736558254971737,0.0,
2026-01-24T00:58:00-05:00,ETH/USD,window360_strategy,hold,0.0,same_minute,1.7736558254971737,0.0,
2026-01-24T00:58:00-05:00,BTC/USD,window360_strategy,hold,0.0,same_minute,1.7736558254971737,0.0,
2026-01-24T00:58:00-05:00,ETH/USD,window360_strategy,hold,0.0,same_minute,1.7736558254971737,0.0,
2026-01-24T00:58:00-05:00,BTC/USD,window360_strategy,hold,0.0,same_minute,1.7736558254971737,0.0,
2026-01-24T00:58:00-05:00,ETH/USD,window360_strategy,hold,0.0,same_minute,1.7736558254971737,0.0,
2026-01-24T00:58:00-05:00,BTC/USD,window360_strategy,hold,0.0,same_minute,1.7736558254971737,0.0,
2026-01-24T00:58:00-05:00,ETH/USD,window360_strategy,hold,0.0,same_minute,1.7736558254971737,0.0,
2026-01-24T00:58:00-05:00,BTC/USD,window360_strategy,hold,0.0,same_minute,1.7736558254971737,0.0,
2026-01-24T00:58:00-05:00,ETH/USD,window360_strategy,hold,0.0,same_minute,1.7736558254971737,0.0,
2026-01-24T00:59:00-05:00,BTC/USD,window360_strategy,hold,0.0,no_change,1.8183776067922084,0.0,edge_filter
2026-01-24T00:59:00-05:00,ETH/USD,window360_strategy,hold,0.0,no_change,1.7726525182050592,-0.0,edge_filter
2026-01-24T00:59:00-05:00,BTC/USD,window360_strategy,hold,0.0,same_minute,1.7726525182050592,0.0,
2026-01-24T00:59:00-05:00,ETH/USD,window360_strategy,hold,0.0,same_minute,1.7726525182050592,0.0,
2026-01-24T00:59:00-05:00,BTC/USD,window360_strategy,hold,0.0,same_minute,1.7726525182050592,0.0,
2026-01-24T00:59:00-05:00,ETH/USD,window360_strategy,hold,0.0,same_minute,1.7726525182050592,0.0,
2026-01-24T00:59:00-05:00,BTC/USD,window360_strategy,hold,0.0,same_minute,1.7726525182050592,0.0,
2026-01-24T00:59:00-05:00,ETH/USD,window360_strategy,hold,0.0,same_minute,1.7726525182050592,0.0,
2026-01-24T00:59:00-05:00,BTC/USD,window360_strategy,hold,0.0,same_minute,1.7726525182050592,0.0,
2026-01-24T00:59:00-05:00,ETH/USD,window360_strategy,hold,0.0,same_minute,1.7726525182050592,0.0,
2026-01-24T00:59:00-05:00,BTC/USD,window360_strategy,hold,0.0,same_minute,1.7726525182050592,0.0,
2026-01-24T00:59:00-05:00,ETH/USD,window360_strategy,hold,0.0,same_minute,1.7726525182050592,0.0,
2026-01-24T01:00:00-05:00,BTC/USD,window360_strategy,hold,0.0,no_change,1.8062192417700962,0.0,edge_filter
2026-01-24T01:00:00-05:00,ETH/USD,window360_strategy,hold,0.0,no_change,1.6864047504723148,-0.0,edge_filter
2026-01-24T01:00:00-05:00,BTC/USD,window360_strategy,hold,0.0,same_minute,1.6864047504723148,0.0,
2026-01-24T01:00:00-05:00,ETH/USD,window360_strategy,hold,0.0,same_minute,1.6864047504723148,0.0,
2026-01-24T01:00:00-05:00,BTC/USD,window360_strategy,hold,0.0,same_minute,1.6864047504723148,0.0,
2026-01-24T01:00:00-05:00,ETH/USD,window360_strategy,hold,0.0,same_minute,1.6864047504723148,0.0,
2026-01-24T01:00:00-05:00,BTC/USD,window360_strategy,hold,0.0,same_minute,1.6864047504723148,0.0,
2026-01-24T01:00:00-05:00,ETH/USD,window360_strategy,hold,0.0,same_minute,1.6864047504723148,0.0,
2026-01-24T01:00:00-05:00,BTC/USD,window360_strategy,hold,0.0,same_minute,1.6864047504723148,0.0,
2026-01-24T01:00:00-05:00,ETH/USD,window360_strategy,hold,0.0,same_minute,1.6864047504723148,0.0,
2026-01-24T01:00:00-05:00,BTC/USD,window360_strategy,hold,0.0,same_minute,1.6864047504723148,0.0,
2026-01-24T01:00:00-05:00,ETH/USD,window360_strategy,hold,0.0,same_minute,1.6864047504723148,0.0,
2026-01-24T01:00:00-05:00,BTC/USD,window360_strategy,hold,0.0,same_minute,1.6864047504723148,0.0,
2026-01-24T01:00:00-05:00,ETH/USD,window360_strategy,hold,0.0,same_minute,1.6864047504723148,0.0,
2026-01-24T01:00:00-05:00,BTC/USD,window360_strategy,hold,0.0,same_minute,1.6864047504723148,0.0,
2026-01-24T01:00:00-05:00,ETH/USD,window360_strategy,hold,0.0,same_minute,1.6864047504723148,0.0,
2026-01-24T01:00:00-05:00,BTC/USD,window360_strategy,hold,0.0,same_minute,1.6864047504723148,0.0,
2026-01-24T01:00:00-05:00,ETH/USD,window360_strategy,hold,0.0,same_minute,1.6864047504723148,0.0,
2026-01-24T01:00:00-05:00,BTC/USD,window360_strategy,hold,0.0,same_minute,1.6864047504723148,0.0,
2026-01-24T01:00:00-05:00,ETH/USD,window360_strategy,hold,0.0,same_minute,1.6864047504723148,0.0,
2026-01-24T01:00:00-05:00,BTC/USD,window360_strategy,hold,0.0,same_minute,1.6864047504723148,0.0,
2026-01-24T01:00:00-05:00,ETH/USD,window360_strategy,hold,0.0,same_minute,1.6864047504723148,0.0,
2026-01-24T01:02:00-05:00,BTC/USD,window360_strategy,hold,0.0,no_change,1.3005070422110383,0.0,edge_filter
2026-01-24T01:00:00-05:00,ETH/USD,window360_strategy,hold,0.0,same_minute,1.304999224586711,0.0,
2026-01-24T01:02:00-05:00,BTC/USD,window360_strategy,hold,0.0,same_minute,1.304999224586711,0.0,
2026-01-24T01:00:00-05:00,ETH/USD,window360_strategy,hold,0.0,same_minute,1.304999224586711,0.0,
2026-01-24T01:02:00-05:00,BTC/USD,window360_strategy,hold,0.0,same_minute,1.304999224586711,0.0,
2026-01-24T01:00:00-05:00,ETH/USD,window360_strategy,hold,0.0,same_minute,1.304999224586711,0.0,
2026-01-24T01:02:00-05:00,BTC/USD,window360_strategy,hold,0.0,same_minute,1.304999224586711,0.0,
2026-01-24T01:00:00-05:00,ETH/USD,window360_strategy,hold,0.0,same_minute,1.304999224586711,0.0,
2026-01-24T01:02:00-05:00,BTC/USD,window360_strategy,hold,0.0,same_minute,1.304999224586711,0.0,
2026-01-24T01:00:00-05:00,ETH/USD,window360_strategy,hold,0.0,same_minute,1.304999224586711,0.0,
2026-01-24T01:02:00-05:00,BTC/USD,window360_strategy,hold,0.0,same_minute,1.304999224586711,0.0,
2026-01-24T01:00:00-05:00,ETH/USD,window360_strategy,hold,0.0,same_minute,1.304999224586711,0.0,
2026-01-24T01:03:00-05:00,BTC/USD,window360_strategy,hold,0.0,no_change,1.2908910825469397,0.0,edge_filter
2026-01-24T01:03:00-05:00,ETH/USD,window360_strategy,hold,0.0,no_change,1.5132829406058559,-0.0,edge_filter
2026-01-24T01:03:00-05:00,BTC/USD,window360_strategy,hold,0.0,same_minute,1.5132829406058559,0.0,
2026-01-24T01:03:00-05:00,ETH/USD,window360_strategy,hold,0.0,same_minute,1.5132829406058559,0.0,
2026-01-24T01:03:00-05:00,BTC/USD,window360_strategy,hold,0.0,same_minute,1.5132829406058559,0.0,
2026-01-24T01:03:00-05:00,ETH/USD,window360_strategy,hold,0.0,same_minute,1.5132829406058559,0.0,
2026-01-24T01:03:00-05:00,BTC/USD,window360_strategy,hold,0.0,same_minute,1.5132829406058559,0.0,
2026-01-24T01:03:00-05:00,ETH/USD,window360_strategy,hold,0.0,same_minute,1.5132829406058559,0.0,
2026-01-24T01:03:00-05:00,BTC/USD,window360_strategy,hold,0.0,same_minute,1.5132829406058559,0.0,
2026-01-24T01:03:00-05:00,ETH/USD,window360_strategy,hold,0.0,same_minute,1.5132829406058559,0.0,
2026-01-24T01:03:00-05:00,BTC/USD,window360_strategy,hold,0.0,same_minute,1.5132829406058559,0.0,
2026-01-24T01:03:00-05:00,ETH/USD,window360_strategy,hold,0.0,same_minute,1.5132829406058559,0.0,
2026-01-24T01:04:00-05:00,BTC/USD,window360_strategy,hold,0.0,no_change,1.6404413457660014,0.0,edge_filter
2026-01-24T01:04:00-05:00,ETH/USD,window360_strategy,hold,0.0,no_change,1.6254997576064614,-0.0,edge_filter
2026-01-24T01:04:00-05:00,BTC/USD,window360_strategy,hold,0.0,same_minute,1.6254997576064614,0.0,
2026-01-24T01:04:00-05:00,ETH/USD,window360_strategy,hold,0.0,same_minute,1.6254997576064614,0.0,
2026-01-24T01:04:00-05:00,BTC/USD,window360_strategy,hold,0.0,same_minute,1.6254997576064614,0.0,
2026-01-24T01:04:00-05:00,ETH/USD,window360_strategy,hold,0.0,same_minute,1.6254997576064614,0.0,
2026-01-24T01:04:00-05:00,BTC/USD,window360_strategy,hold,0.0,same_minute,1.6254997576064614,0.0,
2026-01-24T01:04:00-05:00,ETH/USD,window360_strategy,hold,0.0,same_minute,1.6254997576064614,0.0,
2026-01-24T01:04:00-05:00,BTC/USD,window360_strategy,hold,0.0,same_minute,1.6254997576064614,0.0,
2026-01-24T01:04:00-05:00,ETH/USD,window360_strategy,hold,0.0,same_minute,1.6254997576064614,0.0,
2026-01-24T01:05:00-05:00,BTC/USD,window360_strategy,hold,0.0,no_change,1.6053952526455546,0.0,edge_filter
2026-01-24T01:04:00-05:00,ETH/USD,window360_strategy,hold,0.0,same_minute,1.6055229758129441,0.0,
2026-01-24T01:05:00-05:00,BTC/USD,window360_strategy,hold,0.0,same_minute,1.6055229758129441,0.0,
2026-01-24T01:04:00-05:00,ETH/USD,window360_strategy,hold,0.0,same_minute,1.6055229758129441,0.0,
2026-01-24T01:05:00-05:00,BTC/USD,window360_strategy,hold,0.0,same_minute,1.6055229758129441,0.0,
2026-01-24T01:04:00-05:00,ETH/USD,window360_strategy,hold,0.0,same_minute,1.6055229758129441,0.0,
2026-01-24T01:05:00-05:00,BTC/USD,window360_strategy,hold,0.0,same_minute,1.6055229758129441,0.0,
2026-01-24T01:04:00-05:00,ETH/USD,window360_strategy,hold,0.0,same_minute,1.6055229758129441,0.0,
2026-01-24T01:05:00-05:00,BTC/USD,window360_strategy,hold,0.0,same_minute,1.6055229758129441,0.0,
2026-01-24T01:04:00-05:00,ETH/USD,window360_strategy,hold,0.0,same_minute,1.6055229758129441,0.0,
2026-01-24T01:05:00-05:00,BTC/USD,window360_strategy,hold,0.0,same_minute,1.6055229758129441,0.0,
2026-01-24T01:04:00-05:00,ETH/USD,window360_strategy,hold,0.0,same_minute,1.6055229758129441,0.0,
2026-01-24T01:05:00-05:00,BTC/USD,window360_strategy,hold,0.0,same_minute,1.6055229758129441,0.0,
2026-01-24T01:04:00-05:00,ETH/USD,window360_strategy,hold,0.0,same_minute,1.6055229758129441,0.0,
2026-01-24T01:05:00-05:00,BTC/USD,window360_strategy,hold,0.0,same_minute,1.6055229758129441,0.0,
2026-01-24T01:04:00-05:00,ETH/USD,window360_strategy,hold,0.0,same_minute,1.6055229758129441,0.0,
2026-01-24T01:05:00-05:00,BTC/USD,window360_strategy,hold,0.0,same_minute,1.6055229758129441,0.0,
2026-01-24T01:04:00-05:00,ETH/USD,window360_strategy,hold,0.0,same_minute,1.6055229758129441,0.0,
2026-01-24T01:05:00-05:00,BTC/USD,window360_strategy,hold,0.0,same_minute,1.6055229758129441,0.0,
2026-01-24T01:04:00-05:00,ETH/USD,window360_strategy,hold,0.0,same_minute,1.6055229758129441,0.0,
2026-01-24T01:05:00-05:00,BTC/USD,window360_strategy,hold,0.0,same_minute,1.6055229758129441,0.0,
2026-01-24T01:04:00-05:00,ETH/USD,window360_strategy,hold,0.0,same_minute,1.6055229758129441,0.0,
2026-01-24T01:05:00-05:00,BTC/USD,window360_strategy,hold,0.0,same_minute,1.6055229758129441,0.0,
2026-01-24T01:04:00-05:00,ETH/USD,window360_strategy,hold,0.0,same_minute,1.6055229758129441,0.0,
2026-01-24T01:05:00-05:00,BTC/USD,window360_strategy,hold,0.0,same_minute,1.6055229758129441,0.0,
2026-01-24T01:04:00-05:00,ETH/USD,window360_strategy,hold,0.0,same_minute,1.6055229758129441,0.0,
2026-01-24T01:05:00-05:00,BTC/USD,window360_strategy,hold,0.0,same_minute,1.6055229758129441,0.0,
2026-01-24T01:04:00-05:00,ETH/USD,window360_strategy,hold,0.0,same_minute,1.6055229758129441,0.0,
2026-01-24T01:05:00-05:00,BTC/USD,window360_strategy,hold,0.0,same_minute,1.6055229758129441,0.0,
2026-01-24T01:04:00-05:00,ETH/USD,window360_strategy,hold,0.0,same_minute,1.6055229758129441,0.0,
2026-01-24T01:05:00-05:00,BTC/USD,window360_strategy,hold,0.0,same_minute,1.6055229758129441,0.0,
2026-01-24T01:04:00-05:00,ETH/USD,window360_strategy,hold,0.0,same_minute,1.6055229758129441,0.0,
2026-01-24T01:05:00-05:00,BTC/USD,window360_strategy,hold,0.0,same_minute,1.6055229758129441,0.0,
2026-01-24T01:04:00-05:00,ETH/USD,window360_strategy,hold,0.0,same_minute,1.6055229758129441,0.0,
2026-01-24T01:05:00-05:00,BTC/USD,window360_strategy,hold,0.0,same_minute,1.6055229758129441,0.0,
2026-01-24T01:04:00-05:00,ETH/USD,window360_strategy,hold,0.0,same_minute,1.6055229758129441,0.0,
2026-01-24T01:08:00-05:00,BTC/USD,window360_strategy,hold,0.0,no_change,1.148113884330311,0.0,below_z_enter
2026-01-24T01:04:00-05:00,ETH/USD,window360_strategy,hold,0.0,same_minute,1.152792131598275,0.0,
2026-01-24T01:08:00-05:00,BTC/USD,window360_strategy,hold,0.0,same_minute,1.152792131598275,0.0,
2026-01-24T01:04:00-05:00,ETH/USD,window360_strategy,hold,0.0,same_minute,1.152792131598275,0.0,
2026-01-24T01:08:00-05:00,BTC/USD,window360_strategy,hold,0.0,same_minute,1.152792131598275,0.0,
2026-01-24T01:04:00-05:00,ETH/USD,window360_strategy,hold,0.0,same_minute,1.152792131598275,0.0,
2026-01-24T01:08:00-05:00,BTC/USD,window360_strategy,hold,0.0,same_minute,1.152792131598275,0.0,
2026-01-24T01:04:00-05:00,ETH/USD,window360_strategy,hold,0.0,same_minute,1.152792131598275,0.0,
2026-01-24T01:08:00-05:00,BTC/USD,window360_strategy,hold,0.0,same_minute,1.152792131598275,0.0,
2026-01-24T01:04:00-05:00,ETH/USD,window360_strategy,hold,0.0,same_minute,1.152792131598275,0.0,
2026-01-24T01:08:00-05:00,BTC/USD,window360_strategy,hold,0.0,same_minute,1.152792131598275,0.0,
2026-01-24T01:04:00-05:00,ETH/USD,window360_strategy,hold,0.0,same_minute,1.152792131598275,0.0,
2026-01-24T01:09:00-05:00,BTC/USD,window360_strategy,hold,0.0,no_change,1.1674825822669084,0.0,below_z_enter
2026-01-24T01:04:00-05:00,ETH/USD,window360_strategy,hold,0.0,same_minute,1.16729278133803,0.0,
2026-01-24T01:09:00-05:00,BTC/USD,window360_strategy,hold,0.0,same_minute,1.16729278133803,0.0,
2026-01-24T01:04:00-05:00,ETH/USD,window360_strategy,hold,0.0,same_minute,1.16729278133803,0.0,
2026-01-24T01:09:00-05:00,BTC/USD,window360_strategy,hold,0.0,same_minute,1.16729278133803,0.0,
2026-01-24T01:04:00-05:00,ETH/USD,window360_strategy,hold,0.0,same_minute,1.16729278133803,0.0,
2026-01-24T01:09:00-05:00,BTC/USD,window360_strategy,hold,0.0,same_minute,1.16729278133803,0.0,
2026-01-24T01:04:00-05:00,ETH/USD,window360_strategy,hold,0.0,same_minute,1.16729278133803,0.0,
2026-01-24T01:09:00-05:00,BTC/USD,window360_strategy,hold,0.0,same_minute,1.16729278133803,0.0,
2026-01-24T01:04:00-05:00,ETH/USD,window360_strategy,hold,0.0,same_minute,1.16729278133803,0.0,
2026-01-24T01:10:00-05:00,BTC/USD,window360_strategy,hold,0.0,no_change,1.0804416909415948,0.0,below_z_enter
2026-01-24T01:04:00-05:00,ETH/USD,window360_strategy,hold,0.0,same_minute,1.0812085510099931,0.0,
2026-01-24T01:10:00-05:00,BTC/USD,window360_strategy,hold,0.0,same_minute,1.0812085510099931,0.0,
2026-01-24T01:04:00-05:00,ETH/USD,window360_strategy,hold,0.0,same_minute,1.0812085510099931,0.0,
2026-01-24T01:10:00-05:00,BTC/USD,window360_strategy,hold,0.0,same_minute,1.0812085510099931,0.0,
2026-01-24T01:04:00-05:00,ETH/USD,window360_strategy,hold,0.0,same_minute,1.0812085510099931,0.0,
2026-01-24T01:10:00-05:00,BTC/USD,window360_strategy,hold,0.0,same_minute,1.0812085510099931,0.0,
2026-01-24T01:04:00-05:00,ETH/USD,window360_strategy,hold,0.0,same_minute,1.0812085510099931,0.0,
2026-01-24T01:10:00-05:00,BTC/USD,window360_strategy,hold,0.0,same_minute,1.0812085510099931,0.0,
2026-01-24T01:04:00-05:00,ETH/USD,window360_strategy,hold,0.0,same_minute,1.0812085510099931,0.0,
2026-01-24T01:10:00-05:00,BTC/USD,window360_strategy,hold,0.0,same_minute,1.0812085510099931,0.0,
2026-01-24T01:04:00-05:00,ETH/USD,window360_strategy,hold,0.0,same_minute,1.0812085510099931,0.0,
2026-01-24T01:10:00-05:00,BTC/USD,window360_strategy,hold,0.0,same_minute,1.0812085510099931,0.0,
2026-01-24T01:04:00-05:00,ETH/USD,window360_strategy,hold,0.0,same_minute,1.0812085510099931,0.0,
2026-01-24T01:10:00-05:00,BTC/USD,window360_strategy,hold,0.0,same_minute,1.0812085510099931,0.0,
2026-01-24T01:04:00-05:00,ETH/USD,window360_strategy,hold,0.0,same_minute,1.0812085510099931,0.0,
2026-01-24T01:10:00-05:00,BTC/USD,window360_strategy,hold,0.0,same_minute,1.0812085510099931,0.0,
2026-01-24T01:04:00-05:00,ETH/USD,window360_strategy,hold,0.0,same_minute,1.0812085510099931,0.0,
2026-01-24T01:10:00-05:00,BTC/USD,window360_strategy,hold,0.0,same_minute,1.0812085510099931,0.0,
2026-01-24T01:04:00-05:00,ETH/USD,window360_strategy,hold,0.0,same_minute,1.0812085510099931,0.0,
2026-01-24T01:10:00-05:00,BTC/USD,window360_strategy,hold,0.0,same_minute,1.0812085510099931,0.0,
2026-01-24T01:04:00-05:00,ETH/USD,window360_strategy,hold,0.0,same_minute,1.0812085510099931,0.0,
2026-01-24T01:10:00-05:00,BTC/USD,window360_strategy,hold,0.0,same_minute,1.0812085510099931,0.0,
2026-01-24T01:04:00-05:00,ETH/USD,window360_strategy,hold,0.0,same_minute,1.0812085510099931,0.0,
2026-01-24T01:12:00-05:00,BTC/USD,window360_strategy,hold,0.0,no_change,1.248302242081845,0.0,edge_filter
2026-01-24T01:04:00-05:00,ETH/USD,window360_strategy,hold,0.0,same_minute,1.2466259925118335,0.0,
2026-01-24T01:12:00-05:00,BTC/USD,window360_strategy,hold,0.0,same_minute,1.2466259925118335,0.0,
2026-01-24T01:04:00-05:00,ETH/USD,window360_strategy,hold,0.0,same_minute,1.2466259925118335,0.0,
2026-01-24T01:12:00-05:00,BTC/USD,window360_strategy,hold,0.0,same_minute,1.2466259925118335,0.0,
2026-01-24T01:04:00-05:00,ETH/USD,window360_strategy,hold,0.0,same_minute,1.2466259925118335,0.0,
2026-01-24T01:12:00-05:00,BTC/USD,window360_strategy,hold,0.0,same_minute,1.2466259925118335,0.0,
2026-01-24T01:04:00-05:00,ETH/USD,window360_strategy,hold,0.0,same_minute,1.2466259925118335,0.0,
2026-01-24T01:12:00-05:00,BTC/USD,window360_strategy,hold,0.0,same_minute,1.2466259925118335,0.0,
2026-01-24T01:04:00-05:00,ETH/USD,window360_strategy,hold,0.0,same_minute,1.2466259925118335,0.0,
2026-01-24T01:12:00-05:00,BTC/USD,window360_strategy,hold,0.0,same_minute,1.2466259925118335,0.0,
2026-01-24T01:04:00-05:00,ETH/USD,window360_strategy,hold,0.0,same_minute,1.2466259925118335,0.0,
2026-01-24T01:13:00-05:00,BTC/USD,window360_strategy,hold,0.0,no_change,1.3434396031012288,0.0,edge_filter
2026-01-24T01:13:00-05:00,ETH/USD,window360_strategy,hold,0.0,no_change,1.1444162623394096,-0.0,below_z_enter
2026-01-24T01:13:00-05:00,BTC/USD,window360_strategy,hold,0.0,same_minute,1.1444162623394096,0.0,
2026-01-24T01:13:00-05:00,ETH/USD,window360_strategy,hold,0.0,same_minute,1.1444162623394096,0.0,
2026-01-24T01:13:00-05:00,BTC/USD,window360_strategy,hold,0.0,same_minute,1.1444162623394096,0.0,
2026-01-24T01:13:00-05:00,ETH/USD,window360_strategy,hold,0.0,same_minute,1.1444162623394096,0.0,
2026-01-24T01:13:00-05:00,BTC/USD,window360_strategy,hold,0.0,same_minute,1.1444162623394096,0.0,
2026-01-24T01:13:00-05:00,ETH/USD,window360_strategy,hold,0.0,same_minute,1.1444162623394096,0.0,
2026-01-24T01:13:00-05:00,BTC/USD,window360_strategy,hold,0.0,same_minute,1.1444162623394096,0.0,
2026-01-24T01:13:00-05:00,ETH/USD,window360_strategy,hold,0.0,same_minute,1.1444162623394096,0.0,
2026-01-24T01:13:00-05:00,BTC/USD,window360_strategy,hold,0.0,same_minute,1.1444162623394096,0.0,
2026-01-24T01:13:00-05:00,ETH/USD,window360_strategy,hold,0.0,same_minute,1.1444162623394096,0.0,
2026-01-24T01:14:00-05:00,BTC/USD,window360_strategy,hold,0.0,no_change,1.1822227039258768,0.0,below_z_enter
2026-01-24T01:14:00-05:00,ETH/USD,window360_strategy,hold,0.0,no_change,0.8496897178910192,-0.0,below_z_enter
2026-01-24T01:14:00-05:00,BTC/USD,window360_strategy,hold,0.0,same_minute,0.8496897178910192,0.0,
2026-01-24T01:14:00-05:00,ETH/USD,window360_strategy,hold,0.0,same_minute,0.8496897178910192,0.0,
2026-01-24T01:14:00-05:00,BTC/USD,window360_strategy,hold,0.0,same_minute,0.8496897178910192,0.0,
2026-01-24T01:14:00-05:00,ETH/USD,window360_strategy,hold,0.0,same_minute,0.8496897178910192,0.0,
2026-01-24T01:14:00-05:00,BTC/USD,window360_strategy,hold,0.0,same_minute,0.8496897178910192,0.0,
2026-01-24T01:14:00-05:00,ETH/USD,window360_strategy,hold,0.0,same_minute,0.8496897178910192,0.0,
2026-01-24T01:14:00-05:00,BTC/USD,window360_strategy,hold,0.0,same_minute,0.8496897178910192,0.0,
2026-01-24T01:14:00-05:00,ETH/USD,window360_strategy,hold,0.0,same_minute,0.8496897178910192,0.0,
2026-01-24T01:15:00-05:00,BTC/USD,window360_strategy,hold,0.0,no_change,0.7705258799823045,0.0,below_z_enter
2026-01-24T01:14:00-05:00,ETH/USD,window360_strategy,hold,0.0,same_minute,0.7712597958528368,0.0,
2026-01-24T01:15:00-05:00,BTC/USD,window360_strategy,hold,0.0,same_minute,0.7712597958528368,0.0,
2026-01-24T01:14:00-05:00,ETH/USD,window360_strategy,hold,0.0,same_minute,0.7712597958528368,0.0,
2026-01-24T01:15:00-05:00,BTC/USD,window360_strategy,hold,0.0,same_minute,0.7712597958528368,0.0,
2026-01-24T01:14:00-05:00,ETH/USD,window360_strategy,hold,0.0,same_minute,0.7712597958528368,0.0,
2026-01-24T01:15:00-05:00,BTC/USD,window360_strategy,hold,0.0,same_minute,0.7712597958528368,0.0,
2026-01-24T01:14:00-05:00,ETH/USD,window360_strategy,hold,0.0,same_minute,0.7712597958528368,0.0,
2026-01-24T01:15:00-05:00,BTC/USD,window360_strategy,hold,0.0,same_minute,0.7712597958528368,0.0,
2026-01-24T01:14:00-05:00,ETH/USD,window360_strategy,hold,0.0,same_minute,0.7712597958528368,0.0,
2026-01-24T01:15:00-05:00,BTC/USD,window360_strategy,hold,0.0,same_minute,0.7712597958528368,0.0,
2026-01-24T01:14:00-05:00,ETH/USD,window360_strategy,hold,0.0,same_minute,0.7712597958528368,0.0,
2026-01-24T01:16:00-05:00,BTC/USD,window360_strategy,hold,0.0,no_change,0.5960435514182618,0.0,below_z_enter
2026-01-24T01:14:00-05:00,ETH/USD,window360_strategy,hold,0.0,same_minute,0.597543526458304,0.0,
2026-01-24T01:16:00-05:00,BTC/USD,window360_strategy,hold,0.0,same_minute,0.597543526458304,0.0,
2026-01-24T01:14:00-05:00,ETH/USD,window360_strategy,hold,0.0,same_minute,0.597543526458304,0.0,
2026-01-24T01:16:00-05:00,BTC/USD,window360_strategy,hold,0.0,same_minute,0.597543526458304,0.0,
2026-01-24T01:14:00-05:00,ETH/USD,window360_strategy,hold,0.0,same_minute,0.597543526458304,0.0,
2026-01-24T01:16:00-05:00,BTC/USD,window360_strategy,hold,0.0,same_minute,0.597543526458304,0.0,
2026-01-24T01:14:00-05:00,ETH/USD,window360_strategy,hold,0.0,same_minute,0.597543526458304,0.0,
2026-01-24T01:16:00-05:00,BTC/USD,window360_strategy,hold,0.0,same_minute,0.597543526458304,0.0,
2026-01-24T01:14:00-05:00,ETH/USD,window360_strategy,hold,0.0,same_minute,0.597543526458304,0.0,
2026-01-24T01:16:00-05:00,BTC/USD,window360_strategy,hold,0.0,same_minute,0.597543526458304,0.0,
2026-01-24T01:14:00-05:00,ETH/USD,window360_strategy,hold,0.0,same_minute,0.597543526458304,0.0,
2026-01-24T01:53:00-05:00,BTC/USD,window360_strategy,hold,0.0,no_change,-0.04523765513085808,0.0,below_z_enter
2026-01-24T01:53:00-05:00,ETH/USD,window360_strategy,hold,0.0,no_change,-0.10925414310303544,-0.0,below_z_enter
2026-01-24T01:53:00-05:00,BTC/USD,window360_strategy,hold,0.0,same_minute,-0.10925414310303544,0.0,
2026-01-24T01:53:00-05:00,ETH/USD,window360_strategy,hold,0.0,same_minute,-0.10925414310303544,0.0,
2026-01-24T01:53:00-05:00,BTC/USD,window360_strategy,hold,0.0,same_minute,-0.10925414310303544,0.0,
2026-01-24T01:53:00-05:00,ETH/USD,window360_strategy,hold,0.0,same_minute,-0.10925414310303544,0.0,
2026-01-24T01:53:00-05:00,BTC/USD,window360_strategy,hold,0.0,same_minute,-0.10925414310303544,0.0,
2026-01-24T01:53:00-05:00,ETH/USD,window360_strategy,hold,0.0,same_minute,-0.10925414310303544,0.0,
2026-01-24T01:53:00-05:00,BTC/USD,window360_strategy,hold,0.0,same_minute,-0.10925414310303544,0.0,
2026-01-24T01:53:00-05:00,ETH/USD,window360_strategy,hold,0.0,same_minute,-0.10925414310303544,0.0,
2026-01-24T01:54:00-05:00,BTC/USD,window360_strategy,hold,0.0,no_change,-0.1592727321318949,0.0,below_z_enter
2026-01-24T01:54:00-05:00,ETH/USD,window360_strategy,hold,0.0,no_change,0.156975992972659,-0.0,below_z_enter
2026-01-24T01:54:00-05:00,BTC/USD,window360_strategy,hold,0.0,same_minute,0.156975992972659,0.0,
2026-01-24T01:54:00-05:00,ETH/USD,window360_strategy,hold,0.0,same_minute,0.156975992972659,0.0,
2026-01-24T01:54:00-05:00,BTC/USD,window360_strategy,hold,0.0,same_minute,0.156975992972659,0.0,
2026-01-24T01:54:00-05:00,ETH/USD,window360_strategy,hold,0.0,same_minute,0.156975992972659,0.0,
2026-01-24T01:54:00-05:00,BTC/USD,window360_strategy,hold,0.0,same_minute,0.156975992972659,0.0,
2026-01-24T01:54:00-05:00,ETH/USD,window360_strategy,hold,0.0,same_minute,0.156975992972659,0.0,
2026-01-24T01:54:00-05:00,BTC/USD,window360_strategy,hold,0.0,same_minute,0.156975992972659,0.0,
2026-01-24T01:54:00-05:00,ETH/USD,window360_strategy,hold,0.0,same_minute,0.156975992972659,0.0,
2026-01-24T01:54:00-05:00,BTC/USD,window360_strategy,hold,0.0,same_minute,0.156975992972659,0.0,
2026-01-24T01:54:00-05:00,ETH/USD,window360_strategy,hold,0.0,same_minute,0.156975992972659,0.0,
2026-01-24T01:54:00-05:00,BTC/USD,window360_strategy,hold,0.0,same_minute,0.156975992972659,0.0,
2026-01-24T01:55:00-05:00,ETH/USD,window360_strategy,hold,0.0,no_change,0.2792986676939782,-0.0,below_z_enter
2026-01-24T01:54:00-05:00,BTC/USD,window360_strategy,hold,0.0,same_minute,0.27838926405018094,0.0,
2026-01-24T01:55:00-05:00,ETH/USD,window360_strategy,hold,0.0,same_minute,0.27838926405018094,0.0,
2026-01-24T01:54:00-05:00,BTC/USD,window360_strategy,hold,0.0,same_minute,0.27838926405018094,0.0,
2026-01-24T01:55:00-05:00,ETH/USD,window360_strategy,hold,0.0,same_minute,0.27838926405018094,0.0,
2026-01-24T01:54:00-05:00,BTC/USD,window360_strategy,hold,0.0,same_minute,0.27838926405018094,0.0,
2026-01-24T01:55:00-05:00,ETH/USD,window360_strategy,hold,0.0,same_minute,0.27838926405018094,0.0,
2026-01-24T01:54:00-05:00,BTC/USD,window360_strategy,hold,0.0,same_minute,0.27838926405018094,0.0,
2026-01-24T01:55:00-05:00,ETH/USD,window360_strategy,hold,0.0,same_minute,0.27838926405018094,0.0,
2026-01-24T01:56:00-05:00,BTC/USD,window360_strategy,hold,0.0,no_change,0.19464686097697245,0.0,below_z_enter
2026-01-24T01:56:00-05:00,ETH/USD,window360_strategy,hold,0.0,no_change,0.24744729609590982,-0.0,below_z_enter
2026-01-24T01:56:00-05:00,BTC/USD,window360_strategy,hold,0.0,same_minute,0.24744729609590982,0.0,
2026-01-24T01:56:00-05:00,ETH/USD,window360_strategy,hold,0.0,same_minute,0.24744729609590982,0.0,
2026-01-24T01:56:00-05:00,BTC/USD,window360_strategy,hold,0.0,same_minute,0.24744729609590982,0.0,
2026-01-24T01:56:00-05:00,ETH/USD,window360_strategy,hold,0.0,same_minute,0.24744729609590982,0.0,
2026-01-24T01:56:00-05:00,BTC/USD,window360_strategy,hold,0.0,same_minute,0.24744729609590982,0.0,
2026-01-24T01:56:00-05:00,ETH/USD,window360_strategy,hold,0.0,same_minute,0.24744729609590982,0.0,
2026-01-24T01:56:00-05:00,BTC/USD,window360_strategy,hold,0.0,same_minute,0.24744729609590982,0.0,
2026-01-24T01:56:00-05:00,ETH/USD,window360_strategy,hold,0.0,same_minute,0.24744729609590982,0.0,
2026-01-24T01:56:00-05:00,BTC/USD,window360_strategy,hold,0.0,same_minute,0.24744729609590982,0.0,
2026-01-24T01:56:00-05:00,ETH/USD,window360_strategy,hold,0.0,same_minute,0.24744729609590982,0.0,
2026-01-24T01:57:00-05:00,BTC/USD,window360_strategy,hold,0.0,no_change,0.30226409652908015,0.0,below_z_enter
2026-01-24T01:57:00-05:00,ETH/USD,window360_strategy,hold,0.0,no_change,0.17398055415993646,-0.0,below_z_enter
2026-01-24T01:57:00-05:00,BTC/USD,window360_strategy,hold,0.0,same_minute,0.17398055415993646,0.0,
2026-01-24T01:57:00-05:00,ETH/USD,window360_strategy,hold,0.0,same_minute,0.17398055415993646,0.0,
2026-01-24T01:57:00-05:00,BTC/USD,window360_strategy,hold,0.0,same_minute,0.17398055415993646,0.0,
2026-01-24T01:57:00-05:00,ETH/USD,window360_strategy,hold,0.0,same_minute,0.17398055415993646,0.0,
2026-01-24T01:57:00-05:00,BTC/USD,window360_strategy,hold,0.0,same_minute,0.17398055415993646,0.0,
2026-01-24T01:57:00-05:00,ETH/USD,window360_strategy,hold,0.0,same_minute,0.17398055415993646,0.0,
2026-01-24T01:57:00-05:00,BTC/USD,window360_strategy,hold,0.0,same_minute,0.17398055415993646,0.0,
2026-01-24T01:57:00-05:00,ETH/USD,window360_strategy,hold,0.0,same_minute,0.17398055415993646,0.0,
2026-01-24T01:57:00-05:00,BTC/USD,window360_strategy,hold,0.0,same_minute,0.17398055415993646,0.0,
2026-01-24T01:57:00-05:00,ETH/USD,window360_strategy,hold,0.0,same_minute,0.17398055415993646,0.0,
2026-01-24T01:57:00-05:00,BTC/USD,window360_strategy,hold,0.0,same_minute,0.17398055415993646,0.0,
2026-01-24T01:57:00-05:00,ETH/USD,window360_strategy,hold,0.0,same_minute,0.17398055415993646,0.0,
2026-01-24T01:57:00-05:00,BTC/USD,window360_strategy,hold,0.0,same_minute,0.17398055415993646,0.0,
2026-01-24T01:57:00-05:00,ETH/USD,window360_strategy,hold,0.0,same_minute,0.17398055415993646,0.0,
2026-01-24T01:57:00-05:00,BTC/USD,window360_strategy,hold,0.0,same_minute,0.17398055415993646,0.0,
2026-01-24T01:57:00-05:00,ETH/USD,window360_strategy,hold,0.0,same_minute,0.17398055415993646,0.0,
2026-01-24T01:57:00-05:00,BTC/USD,window360_strategy,hold,0.0,same_minute,0.17398055415993646,0.0,
2026-01-24T01:57:00-05:00,ETH/USD,window360_strategy,hold,0.0,same_minute,0.17398055415993646,0.0,
2026-01-24T01:57:00-05:00,BTC/USD,window360_strategy,hold,0.0,same_minute,0.17398055415993646,0.0,
2026-01-24T01:57:00-05:00,ETH/USD,window360_strategy,hold,0.0,same_minute,0.17398055415993646,0.0,
2026-01-24T01:59:00-05:00,BTC/USD,window360_strategy,hold,0.0,no_change,0.22267600460184964,0.0,below_z_enter
2026-01-24T01:59:00-05:00,ETH/USD,window360_strategy,hold,0.0,no_change,0.3243452581169242,-0.0,below_z_enter
2026-01-24T01:59:00-05:00,BTC/USD,window360_strategy,hold,0.0,same_minute,0.3243452581169242,0.0,
2026-01-24T01:59:00-05:00,ETH/USD,window360_strategy,hold,0.0,same_minute,0.3243452581169242,0.0,
2026-01-24T01:59:00-05:00,BTC/USD,window360_strategy,hold,0.0,same_minute,0.3243452581169242,0.0,
2026-01-24T01:59:00-05:00,ETH/USD,window360_strategy,hold,0.0,same_minute,0.3243452581169242,0.0,
2026-01-24T01:59:00-05:00,BTC/USD,window360_strategy,hold,0.0,same_minute,0.3243452581169242,0.0,
2026-01-24T01:59:00-05:00,ETH/USD,window360_strategy,hold,0.0,same_minute,0.3243452581169242,0.0,
2026-01-24T01:59:00-05:00,BTC/USD,window360_strategy,hold,0.0,same_minute,0.3243452581169242,0.0,
2026-01-24T01:59:00-05:00,ETH/USD,window360_strategy,hold,0.0,same_minute,0.3243452581169242,0.0,
2026-01-24T01:59:00-05:00,BTC/USD,window360_strategy,hold,0.0,same_minute,0.3243452581169242,0.0,
2026-01-24T01:59:00-05:00,ETH/USD,window360_strategy,hold,0.0,same_minute,0.3243452581169242,0.0,
2026-01-24T02:00:00-05:00,BTC/USD,window360_strategy,hold,0.0,no_change,0.34119173056063684,0.0,below_z_enter
2026-01-24T02:00:00-05:00,ETH/USD,window360_strategy,hold,0.0,no_change,0.20065678878266127,-0.0,below_z_enter
2026-01-24T02:00:00-05:00,BTC/USD,window360_strategy,hold,0.0,same_minute,0.20065678878266127,0.0,
2026-01-24T02:00:00-05:00,ETH/USD,window360_strategy,hold,0.0,same_minute,0.20065678878266127,0.0,
2026-01-24T02:00:00-05:00,BTC/USD,window360_strategy,hold,0.0,same_minute,0.20065678878266127,0.0,
2026-01-24T02:00:00-05:00,ETH/USD,window360_strategy,hold,0.0,same_minute,0.20065678878266127,0.0,
2026-01-24T02:00:00-05:00,BTC/USD,window360_strategy,hold,0.0,same_minute,0.20065678878266127,0.0,
2026-01-24T02:00:00-05:00,ETH/USD,window360_strategy,hold,0.0,same_minute,0.20065678878266127,0.0,
2026-01-24T02:00:00-05:00,BTC/USD,window360_strategy,hold,0.0,same_minute,0.20065678878266127,0.0,
2026-01-24T02:00:00-05:00,ETH/USD,window360_strategy,hold,0.0,same_minute,0.20065678878266127,0.0,
2026-01-24T02:00:00-05:00,BTC/USD,window360_strategy,hold,0.0,same_minute,0.20065678878266127,0.0,
2026-01-24T02:00:00-05:00,ETH/USD,window360_strategy,hold,0.0,same_minute,0.20065678878266127,0.0,
2026-01-24T02:01:00-05:00,BTC/USD,window360_strategy,hold,0.0,no_change,0.22461876987485974,0.0,below_z_enter
2026-01-24T02:01:00-05:00,ETH/USD,window360_strategy,hold,0.0,no_change,0.3313868643898541,-0.0,below_z_enter
2026-01-24T02:01:00-05:00,BTC/USD,window360_strategy,hold,0.0,same_minute,0.3313868643898541,0.0,
2026-01-24T02:01:00-05:00,ETH/USD,window360_strategy,hold,0.0,same_minute,0.3313868643898541,0.0,
2026-01-24T02:01:00-05:00,BTC/USD,window360_strategy,hold,0.0,same_minute,0.3313868643898541,0.0,
2026-01-24T02:01:00-05:00,ETH/USD,window360_strategy,hold,0.0,same_minute,0.3313868643898541,0.0,
2026-01-24T02:01:00-05:00,BTC/USD,window360_strategy,hold,0.0,same_minute,0.3313868643898541,0.0,
2026-01-24T02:01:00-05:00,ETH/USD,window360_strategy,hold,0.0,same_minute,0.3313868643898541,0.0,
2026-01-24T02:01:00-05:00,BTC/USD,window360_strategy,hold,0.0,same_minute,0.3313868643898541,0.0,
2026-01-24T02:01:00-05:00,ETH/USD,window360_strategy,hold,0.0,same_minute,0.3313868643898541,0.0,
2026-01-24T02:01:00-05:00,BTC/USD,window360_strategy,hold,0.0,same_minute,0.3313868643898541,0.0,
2026-01-24T02:01:00-05:00,ETH/USD,window360_strategy,hold,0.0,same_minute,0.3313868643898541,0.0,
2026-01-24T02:01:00-05:00,BTC/USD,window360_strategy,hold,0.0,same_minute,0.3313868643898541,0.0,
2026-01-24T02:01:00-05:00,ETH/USD,window360_strategy,hold,0.0,same_minute,0.3313868643898541,0.0,
2026-01-24T02:01:00-05:00,BTC/USD,window360_strategy,hold,0.0,same_minute,0.3313868643898541,0.0,
2026-01-24T02:01:00-05:00,ETH/USD,window360_strategy,hold,0.0,same_minute,0.3313868643898541,0.0,
2026-01-24T02:01:00-05:00,BTC/USD,window360_strategy,hold,0.0,same_minute,0.3313868643898541,0.0,
2026-01-24T02:01:00-05:00,ETH/USD,window360_strategy,hold,0.0,same_minute,0.3313868643898541,0.0,
2026-01-24T02:01:00-05:00,BTC/USD,window360_strategy,hold,0.0,same_minute,0.3313868643898541,0.0,
2026-01-24T02:01:00-05:00,ETH/USD,window360_strategy,hold,0.0,same_minute,0.3313868643898541,0.0,
2026-01-24T02:01:00-05:00,BTC/USD,window360_strategy,hold,0.0,same_minute,0.3313868643898541,0.0,
2026-01-24T02:01:00-05:00,ETH/USD,window360_strategy,hold,0.0,same_minute,0.3313868643898541,0.0,
2026-01-24T02:01:00-05:00,BTC/USD,window360_strategy,hold,0.0,same_minute,0.3313868643898541,0.0,
2026-01-24T02:01:00-05:00,ETH/USD,window360_strategy,hold,0.0,same_minute,0.3313868643898541,0.0,
2026-01-24T02:01:00-05:00,BTC/USD,window360_strategy,hold,0.0,same_minute,0.3313868643898541,0.0,
2026-01-24T02:01:00-05:00,ETH/USD,window360_strategy,hold,0.0,same_minute,0.3313868643898541,0.0,
2026-01-24T02:01:00-05:00,BTC/USD,window360_strategy,hold,0.0,same_minute,0.3313868643898541,0.0,
2026-01-24T02:01:00-05:00,ETH/USD,window360_strategy,hold,0.0,same_minute,0.3313868643898541,0.0,
2026-01-24T02:01:00-05:00,BTC/USD,window360_strategy,hold,0.0,same_minute,0.3313868643898541,0.0,
2026-01-24T02:01:00-05:00,ETH/USD,window360_strategy,hold,0.0,same_minute,0.3313868643898541,0.0,
2026-01-24T02:01:00-05:00,BTC/USD,window360_strategy,hold,0.0,same_minute,0.3313868643898541,0.0,
2026-01-24T02:01:00-05:00,ETH/USD,window360_strategy,hold,0.0,same_minute,0.3313868643898541,0.0,
2026-01-24T02:01:00-05:00,BTC/USD,window360_strategy,hold,0.0,same_minute,0.3313868643898541,0.0,
2026-01-24T02:01:00-05:00,ETH/USD,window360_strategy,hold,0.0,same_minute,0.3313868643898541,0.0,
2026-01-24T02:04:00-05:00,BTC/USD,window360_strategy,hold,0.0,no_change,0.19347253158071598,0.0,below_z_enter
2026-01-24T02:01:00-05:00,ETH/USD,window360_strategy,hold,0.0,same_minute,0.19436937904023266,0.0,
2026-01-24T02:04:00-05:00,BTC/USD,window360_strategy,hold,0.0,same_minute,0.19436937904023266,0.0,
2026-01-24T02:01:00-05:00,ETH/USD,window360_strategy,hold,0.0,same_minute,0.19436937904023266,0.0,
2026-01-24T02:04:00-05:00,BTC/USD,window360_strategy,hold,0.0,same_minute,0.19436937904023266,0.0,
2026-01-24T02:01:00-05:00,ETH/USD,window360_strategy,hold,0.0,same_minute,0.19436937904023266,0.0,
2026-01-24T02:04:00-05:00,BTC/USD,window360_strategy,hold,0.0,same_minute,0.19436937904023266,0.0,
2026-01-24T02:01:00-05:00,ETH/USD,window360_strategy,hold,0.0,same_minute,0.19436937904023266,0.0,
2026-01-24T02:04:00-05:00,BTC/USD,window360_strategy,hold,0.0,same_minute,0.19436937904023266,0.0,
2026-01-24T02:01:00-05:00,ETH/USD,window360_strategy,hold,0.0,same_minute,0.19436937904023266,0.0,
2026-01-24T02:04:00-05:00,BTC/USD,window360_strategy,hold,0.0,same_minute,0.19436937904023266,0.0,
2026-01-24T02:01:00-05:00,ETH/USD,window360_strategy,hold,0.0,same_minute,0.19436937904023266,0.0,
2026-01-24T02:05:00-05:00,BTC/USD,window360_strategy,hold,0.0,no_change,0.20670307636362684,0.0,below_z_enter
2026-01-24T02:05:00-05:00,ETH/USD,window360_strategy,hold,0.0,no_change,0.3796077345245726,-0.0,below_z_enter
2026-01-24T02:05:00-05:00,BTC/USD,window360_strategy,hold,0.0,same_minute,0.3796077345245726,0.0,
2026-01-24T02:05:00-05:00,ETH/USD,window360_strategy,hold,0.0,same_minute,0.3796077345245726,0.0,
2026-01-24T02:05:00-05:00,BTC/USD,window360_strategy,hold,0.0,same_minute,0.3796077345245726,0.0,
2026-01-24T02:05:00-05:00,ETH/USD,window360_strategy,hold,0.0,same_minute,0.3796077345245726,0.0,
2026-01-24T02:05:00-05:00,BTC/USD,window360_strategy,hold,0.0,same_minute,0.3796077345245726,0.0,
2026-01-24T02:05:00-05:00,ETH/USD,window360_strategy,hold,0.0,same_minute,0.3796077345245726,0.0,
2026-01-24T02:05:00-05:00,BTC/USD,window360_strategy,hold,0.0,same_minute,0.3796077345245726,0.0,
2026-01-24T02:05:00-05:00,ETH/USD,window360_strategy,hold,0.0,same_minute,0.3796077345245726,0.0,
2026-01-24T02:05:00-05:00,BTC/USD,window360_strategy,hold,0.0,same_minute,0.3796077345245726,0.0,
2026-01-24T02:05:00-05:00,ETH/USD,window360_strategy,hold,0.0,same_minute,0.3796077345245726,0.0,
2026-01-24T02:06:00-05:00,BTC/USD,window360_strategy,hold,0.0,no_change,0.4110403099585176,0.0,below_z_enter
2026-01-24T02:06:00-05:00,ETH/USD,window360_strategy,hold,0.0,no_change,0.6366724336608803,-0.0,below_z_enter
2026-01-24T02:06:00-05:00,BTC/USD,window360_strategy,hold,0.0,same_minute,0.6366724336608803,0.0,
2026-01-24T02:06:00-05:00,ETH/USD,window360_strategy,hold,0.0,same_minute,0.6366724336608803,0.0,
2026-01-24T02:06:00-05:00,BTC/USD,window360_strategy,hold,0.0,same_minute,0.6366724336608803,0.0,
2026-01-24T02:06:00-05:00,ETH/USD,window360_strategy,hold,0.0,same_minute,0.6366724336608803,0.0,
2026-01-24T02:06:00-05:00,BTC/USD,window360_strategy,hold,0.0,same_minute,0.6366724336608803,0.0,
2026-01-24T02:06:00-05:00,ETH/USD,window360_strategy,hold,0.0,same_minute,0.6366724336608803,0.0,
2026-01-24T02:06:00-05:00,BTC/USD,window360_strategy,hold,0.0,same_minute,0.6366724336608803,0.0,
2026-01-24T02:06:00-05:00,ETH/USD,window360_strategy,hold,0.0,same_minute,0.6366724336608803,0.0,
2026-01-24T02:06:00-05:00,BTC/USD,window360_strategy,hold,0.0,same_minute,0.6366724336608803,0.0,
2026-01-24T02:06:00-05:00,ETH/USD,window360_strategy,hold,0.0,same_minute,0.6366724336608803,0.0,
2026-01-24T02:06:00-05:00,BTC/USD,window360_strategy,hold,0.0,same_minute,0.6366724336608803,0.0,
2026-01-24T02:06:00-05:00,ETH/USD,window360_strategy,hold,0.0,same_minute,0.6366724336608803,0.0,
2026-01-24T02:06:00-05:00,BTC/USD,window360_strategy,hold,0.0,same_minute,0.6366724336608803,0.0,
2026-01-24T02:06:00-05:00,ETH/USD,window360_strategy,hold,0.0,same_minute,0.6366724336608803,0.0,
2026-01-24T02:06:00-05:00,BTC/USD,window360_strategy,hold,0.0,same_minute,0.6366724336608803,0.0,
2026-01-24T02:06:00-05:00,ETH/USD,window360_strategy,hold,0.0,same_minute,0.6366724336608803,0.0,
2026-01-24T02:06:00-05:00,BTC/USD,window360_strategy,hold,0.0,same_minute,0.6366724336608803,0.0,
2026-01-24T02:06:00-05:00,ETH/USD,window360_strategy,hold,0.0,same_minute,0.6366724336608803,0.0,
2026-01-24T02:06:00-05:00,BTC/USD,window360_strategy,hold,0.0,same_minute,0.6366724336608803,0.0,
2026-01-24T02:06:00-05:00,ETH/USD,window360_strategy,hold,0.0,same_minute,0.6366724336608803,0.0,
2026-01-24T02:06:00-05:00,BTC/USD,window360_strategy,hold,0.0,same_minute,0.6366724336608803,0.0,
2026-01-24T02:06:00-05:00,ETH/USD,window360_strategy,hold,0.0,same_minute,0.6366724336608803,0.0,
2026-01-24T02:06:00-05:00,BTC/USD,window360_strategy,hold,0.0,same_minute,0.6366724336608803,0.0,
2026-01-24T02:08:00-05:00,ETH/USD,window360_strategy,hold,0.0,no_change,0.31961696117928323,-0.0,below_z_enter
2026-01-24T02:06:00-05:00,BTC/USD,window360_strategy,hold,0.0,same_minute,0.3217964032014921,0.0,
2026-01-24T02:08:00-05:00,ETH/USD,window360_strategy,hold,0.0,same_minute,0.3217964032014921,0.0,
2026-01-24T02:06:00-05:00,BTC/USD,window360_strategy,hold,0.0,same_minute,0.3217964032014921,0.0,
2026-01-24T02:08:00-05:00,ETH/USD,window360_strategy,hold,0.0,same_minute,0.3217964032014921,0.0,
2026-01-24T02:06:00-05:00,BTC/USD,window360_strategy,hold,0.0,same_minute,0.3217964032014921,0.0,
2026-01-24T02:08:00-05:00,ETH/USD,window360_strategy,hold,0.0,same_minute,0.3217964032014921,0.0,
2026-01-24T02:06:00-05:00,BTC/USD,window360_strategy,hold,0.0,same_minute,0.3217964032014921,0.0,
2026-01-24T02:08:00-05:00,ETH/USD,window360_strategy,hold,0.0,same_minute,0.3217964032014921,0.0,
2026-01-24T02:09:00-05:00,BTC/USD,window360_strategy,hold,0.0,no_change,0.4043048456248549,0.0,below_z_enter
2026-01-24T02:08:00-05:00,ETH/USD,window360_strategy,hold,0.0,same_minute,0.4037845970746211,0.0,
2026-01-24T02:09:00-05:00,BTC/USD,window360_strategy,hold,0.0,same_minute,0.4037845970746211,0.0,
2026-01-24T02:08:00-05:00,ETH/USD,window360_strategy,hold,0.0,same_minute,0.4037845970746211,0.0,
2026-01-24T02:09:00-05:00,BTC/USD,window360_strategy,hold,0.0,same_minute,0.4037845970746211,0.0,
2026-01-24T02:08:00-05:00,ETH/USD,window360_strategy,hold,0.0,same_minute,0.4037845970746211,0.0,
2026-01-24T02:09:00-05:00,BTC/USD,window360_strategy,hold,0.0,same_minute,0.4037845970746211,0.0,
2026-01-24T02:08:00-05:00,ETH/USD,window360_strategy,hold,0.0,same_minute,0.4037845970746211,0.0,
2026-01-24T02:09:00-05:00,BTC/USD,window360_strategy,hold,0.0,same_minute,0.4037845970746211,0.0,
2026-01-24T02:08:00-05:00,ETH/USD,window360_strategy,hold,0.0,same_minute,0.4037845970746211,0.0,
2026-01-24T02:09:00-05:00,BTC/USD,window360_strategy,hold,0.0,same_minute,0.4037845970746211,0.0,
2026-01-24T02:08:00-05:00,ETH/USD,window360_strategy,hold,0.0,same_minute,0.4037845970746211,0.0,
2026-01-24T02:09:00-05:00,BTC/USD,window360_strategy,hold,0.0,same_minute,0.4037845970746211,0.0,
2026-01-24T02:08:00-05:00,ETH/USD,window360_strategy,hold,0.0,same_minute,0.4037845970746211,0.0,
2026-01-24T02:09:00-05:00,BTC/USD,window360_strategy,hold,0.0,same_minute,0.4037845970746211,0.0,
2026-01-24T02:08:00-05:00,ETH/USD,window360_strategy,hold,0.0,same_minute,0.4037845970746211,0.0,
2026-01-24T02:09:00-05:00,BTC/USD,window360_strategy,hold,0.0,same_minute,0.4037845970746211,0.0,
2026-01-24T02:08:00-05:00,ETH/USD,window360_strategy,hold,0.0,same_minute,0.4037845970746211,0.0,
2026-01-24T02:09:00-05:00,BTC/USD,window360_strategy,hold,0.0,same_minute,0.4037845970746211,0.0,
2026-01-24T02:08:00-05:00,ETH/USD,window360_strategy,hold,0.0,same_minute,0.4037845970746211,0.0,
2026-01-24T02:09:00-05:00,BTC/USD,window360_strategy,hold,0.0,same_minute,0.4037845970746211,0.0,
2026-01-24T02:08:00-05:00,ETH/USD,window360_strategy,hold,0.0,same_minute,0.4037845970746211,0.0,
2026-01-24T02:09:00-05:00,BTC/USD,window360_strategy,hold,0.0,same_minute,0.4037845970746211,0.0,
2026-01-24T02:08:00-05:00,ETH/USD,window360_strategy,hold,0.0,same_minute,0.4037845970746211,0.0,
2026-01-24T02:09:00-05:00,BTC/USD,window360_strategy,hold,0.0,same_minute,0.4037845970746211,0.0,
2026-01-24T02:11:00-05:00,ETH/USD,window360_strategy,hold,0.0,no_change,0.23934045173294627,-0.0,below_z_enter
2026-01-24T02:09:00-05:00,BTC/USD,window360_strategy,hold,0.0,same_minute,0.24058781306733398,0.0,
2026-01-24T02:11:00-05:00,ETH/USD,window360_strategy,hold,0.0,same_minute,0.24058781306733398,0.0,
2026-01-24T02:09:00-05:00,BTC/USD,window360_strategy,hold,0.0,same_minute,0.24058781306733398,0.0,
2026-01-24T02:11:00-05:00,ETH/USD,window360_strategy,hold,0.0,same_minute,0.24058781306733398,0.0,
2026-01-24T02:09:00-05:00,BTC/USD,window360_strategy,hold,0.0,same_minute,0.24058781306733398,0.0,
2026-01-24T02:11:00-05:00,ETH/USD,window360_strategy,hold,0.0,same_minute,0.24058781306733398,0.0,
2026-01-24T02:09:00-05:00,BTC/USD,window360_strategy,hold,0.0,same_minute,0.24058781306733398,0.0,
2026-01-24T02:11:00-05:00,ETH/USD,window360_strategy,hold,0.0,same_minute,0.24058781306733398,0.0,
2026-01-24T02:09:00-05:00,BTC/USD,window360_strategy,hold,0.0,same_minute,0.24058781306733398,0.0,
2026-01-24T02:11:00-05:00,ETH/USD,window360_strategy,hold,0.0,same_minute,0.24058781306733398,0.0,
2026-01-24T02:12:00-05:00,BTC/USD,window360_strategy,hold,0.0,no_change,0.10353638072506623,0.0,below_z_enter
2026-01-24T02:12:00-05:00,ETH/USD,window360_strategy,hold,0.0,no_change,0.26480563535386853,-0.0,below_z_enter
2026-01-24T02:12:00-05:00,BTC/USD,window360_strategy,hold,0.0,same_minute,0.26480563535386853,0.0,
2026-01-24T02:12:00-05:00,ETH/USD,window360_strategy,hold,0.0,same_minute,0.26480563535386853,0.0,
2026-01-24T02:12:00-05:00,BTC/USD,window360_strategy,hold,0.0,same_minute,0.26480563535386853,0.0,
2026-01-24T02:12:00-05:00,ETH/USD,window360_strategy,hold,0.0,same_minute,0.26480563535386853,0.0,
2026-01-24T02:12:00-05:00,BTC/USD,window360_strategy,hold,0.0,same_minute,0.26480563535386853,0.0,
2026-01-24T02:12:00-05:00,ETH/USD,window360_strategy,hold,0.0,same_minute,0.26480563535386853,0.0,
2026-01-24T02:12:00-05:00,BTC/USD,window360_strategy,hold,0.0,same_minute,0.26480563535386853,0.0,
2026-01-24T02:12:00-05:00,ETH/USD,window360_strategy,hold,0.0,same_minute,0.26480563535386853,0.0,
2026-01-24T02:12:00-05:00,BTC/USD,window360_strategy,hold,0.0,same_minute,0.26480563535386853,0.0,
2026-01-24T02:12:00-05:00,ETH/USD,window360_strategy,hold,0.0,same_minute,0.26480563535386853,0.0,
2026-01-24T02:12:00-05:00,BTC/USD,window360_strategy,hold,0.0,same_minute,0.26480563535386853,0.0,
2026-01-24T02:13:00-05:00,ETH/USD,window360_strategy,hold,0.0,no_change,0.21789905377892507,-0.0,below_z_enter
2026-01-24T02:12:00-05:00,BTC/USD,window360_strategy,hold,0.0,same_minute,0.21826062774836932,0.0,
2026-01-24T02:13:00-05:00,ETH/USD,window360_strategy,hold,0.0,same_minute,0.21826062774836932,0.0,
2026-01-24T02:12:00-05:00,BTC/USD,window360_strategy,hold,0.0,same_minute,0.21826062774836932,0.0,
2026-01-24T02:13:00-05:00,ETH/USD,window360_strategy,hold,0.0,same_minute,0.21826062774836932,0.0,
2026-01-24T02:12:00-05:00,BTC/USD,window360_strategy,hold,0.0,same_minute,0.21826062774836932,0.0,
2026-01-24T02:13:00-05:00,ETH/USD,window360_strategy,hold,0.0,same_minute,0.21826062774836932,0.0,
2026-01-24T02:12:00-05:00,BTC/USD,window360_strategy,hold,0.0,same_minute,0.21826062774836932,0.0,
2026-01-24T02:13:00-05:00,ETH/USD,window360_strategy,hold,0.0,same_minute,0.21826062774836932,0.0,
2026-01-24T02:12:00-05:00,BTC/USD,window360_strategy,hold,0.0,same_minute,0.21826062774836932,0.0,
2026-01-24T02:14:00-05:00,ETH/USD,window360_strategy,hold,0.0,no_change,0.3884890283072298,-0.0,below_z_enter
2026-01-24T02:12:00-05:00,BTC/USD,window360_strategy,hold,0.0,same_minute,0.3873847680577942,0.0,
2026-01-24T02:14:00-05:00,ETH/USD,window360_strategy,hold,0.0,same_minute,0.3873847680577942,0.0,
2026-01-24T02:12:00-05:00,BTC/USD,window360_strategy,hold,0.0,same_minute,0.3873847680577942,0.0,
2026-01-24T02:14:00-05:00,ETH/USD,window360_strategy,hold,0.0,same_minute,0.3873847680577942,0.0,
2026-01-24T02:12:00-05:00,BTC/USD,window360_strategy,hold,0.0,same_minute,0.3873847680577942,0.0,
2026-01-24T02:14:00-05:00,ETH/USD,window360_strategy,hold,0.0,same_minute,0.3873847680577942,0.0,
2026-01-24T02:12:00-05:00,BTC/USD,window360_strategy,hold,0.0,same_minute,0.3873847680577942,0.0,
2026-01-24T02:14:00-05:00,ETH/USD,window360_strategy,hold,0.0,same_minute,0.3873847680577942,0.0,
2026-01-24T02:12:00-05:00,BTC/USD,window360_strategy,hold,0.0,same_minute,0.3873847680577942,0.0,
2026-01-24T02:14:00-05:00,ETH/USD,window360_strategy,hold,0.0,same_minute,0.3873847680577942,0.0,
2026-01-24T02:12:00-05:00,BTC/USD,window360_strategy,hold,0.0,same_minute,0.3873847680577942,0.0,
2026-01-24T02:15:00-05:00,ETH/USD,window360_strategy,hold,0.0,no_change,0.3436568000351304,-0.0,below_z_enter
2026-01-24T02:12:00-05:00,BTC/USD,window360_strategy,hold,0.0,same_minute,0.3439786178345853,0.0,
2026-01-24T02:15:00-05:00,ETH/USD,window360_strategy,hold,0.0,same_minute,0.3439786178345853,0.0,
2026-01-24T02:12:00-05:00,BTC/USD,window360_strategy,hold,0.0,same_minute,0.3439786178345853,0.0,
2026-01-24T02:15:00-05:00,ETH/USD,window360_strategy,hold,0.0,same_minute,0.3439786178345853,0.0,
2026-01-24T02:12:00-05:00,BTC/USD,window360_strategy,hold,0.0,same_minute,0.3439786178345853,0.0,
2026-01-24T02:15:00-05:00,ETH/USD,window360_strategy,hold,0.0,same_minute,0.3439786178345853,0.0,
2026-01-24T02:12:00-05:00,BTC/USD,window360_strategy,hold,0.0,same_minute,0.3439786178345853,0.0,
2026-01-24T02:15:00-05:00,ETH/USD,window360_strategy,hold,0.0,same_minute,0.3439786178345853,0.0,
2026-01-24T02:47:00-05:00,BTC/USD,window360_strategy,hold,0.0,no_change,0.7428684020107728,0.0,below_z_enter
2026-01-24T02:44:00-05:00,ETH/USD,window360_strategy,hold,0.0,no_change,1.0696348795107036,-0.0,below_z_enter
2026-01-24T03:38:00-05:00,BTC/USD,window360_strategy,hold,0.0,no_change,0.5303567249969945,0.0,below_z_enter
2026-01-24T03:37:00-05:00,ETH/USD,window360_strategy,hold,0.0,no_change,0.6096938919025612,-0.0,below_z_enter
2026-01-24T03:41:00-05:00,BTC/USD,window360_strategy,hold,0.0,no_change,0.7762912277401555,0.0,below_z_enter
2026-01-24T03:41:00-05:00,ETH/USD,window360_strategy,hold,0.0,no_change,0.5457161283483043,-0.0,below_z_enter
2026-01-24T05:12:00-05:00,BTC/USD,window360_strategy,hold,0.0,no_change,0.514998718698707,0.0,below_z_enter
2026-01-24T05:12:00-05:00,ETH/USD,window360_strategy,hold,0.0,no_change,0.30724306774125204,-0.0,below_z_enter
2026-01-24T05:13:00-05:00,BTC/USD,window360_strategy,hold,0.0,no_change,0.053650941445879716,0.0,below_z_enter
2026-01-24T05:14:00-05:00,ETH/USD,window360_strategy,hold,0.0,no_change,0.10628020688497572,-0.0,below_z_enter
2026-01-24T06:13:00-05:00,BTC/USD,window360_strategy,hold,0.0,no_change,-0.15962685340300162,0.0,below_z_enter
2026-01-24T06:10:00-05:00,ETH/USD,window360_strategy,hold,0.0,no_change,-0.2844423752849252,-0.0,below_z_enter
2026-01-24T07:59:00-05:00,BTC/USD,window360_strategy,hold,0.0,no_change,-1.0162262506679298,0.0,below_z_enter
2026-01-24T07:59:00-05:00,ETH/USD,window360_strategy,hold,0.0,no_change,-1.3809846638009757,-0.0,edge_filter
2026-01-24T08:00:00-05:00,BTC/USD,window360_strategy,hold,0.0,no_change,-1.2115950283172114,0.0,edge_filter
2026-01-24T07:59:00-05:00,ETH/USD,window360_strategy,hold,0.0,same_minute,-1.2133659511804409,0.0,
2026-01-24T09:16:00-05:00,BTC/USD,window360_strategy,hold,0.0,no_change,-1.6523911128718252,0.0,edge_filter
2026-01-24T09:16:00-05:00,ETH/USD,window360_strategy,hold,0.0,no_change,-0.026879471286757033,-0.0,below_z_enter
2026-01-24T10:03:00-05:00,BTC/USD,window360_strategy,hold,0.0,no_change,0.022338153218157082,0.0,below_z_enter
2026-01-24T10:03:00-05:00,ETH/USD,window360_strategy,hold,0.0,no_change,-1.5627083654684,-0.0,edge_filter
2026-01-24T10:03:00-05:00,BTC/USD,window360_strategy,hold,0.0,same_minute,-1.5627083654684,0.0,
2026-01-24T10:03:00-05:00,ETH/USD,window360_strategy,hold,0.0,same_minute,-1.5627083654684,0.0,
2026-01-24T10:03:00-05:00,BTC/USD,window360_strategy,hold,0.0,same_minute,-1.5627083654684,0.0,
2026-01-24T10:03:00-05:00,ETH/USD,window360_strategy,hold,0.0,same_minute,-1.5627083654684,0.0,
2026-01-24T10:17:00-05:00,BTC/USD,window360_strategy,hold,0.0,waiting_pair,,,
2026-01-24T10:15:00-05:00,ETH/USD,window360_strategy,hold,0.0,no_change,-4.470211303762795,-0.0,edge_filter
2026-01-24T10:17:00-05:00,BTC/USD,window360_strategy,hold,0.0,no_change,-4.27138033365597,0.0,edge_filter
2026-01-24T10:15:00-05:00,ETH/USD,window360_strategy,hold,0.0,same_minute,-4.27138033365597,0.0,
2026-01-24T10:17:00-05:00,BTC/USD,window360_strategy,hold,0.0,same_minute,-4.27138033365597,0.0,
2026-01-24T10:15:00-05:00,ETH/USD,window360_strategy,hold,0.0,same_minute,-4.27138033365597,0.0,
2026-01-24T10:17:00-05:00,BTC/USD,window360_strategy,hold,0.0,same_minute,-4.27138033365597,0.0,
2026-01-24T10:15:00-05:00,ETH/USD,window360_strategy,hold,0.0,same_minute,-4.27138033365597,0.0,
2026-01-24T10:19:00-05:00,BTC/USD,window360_strategy,hold,0.0,no_change,-4.006653723200117,0.0,edge_filter
2026-01-24T10:19:00-05:00,ETH/USD,window360_strategy,hold,0.0,no_change,-2.895945505731417,-0.0,edge_filter
2026-01-24T10:19:00-05:00,BTC/USD,window360_strategy,hold,0.0,same_minute,-2.895945505731417,0.0,
2026-01-24T10:19:00-05:00,ETH/USD,window360_strategy,hold,0.0,same_minute,-2.895945505731417,0.0,
2026-01-24T10:19:00-05:00,BTC/USD,window360_strategy,hold,0.0,same_minute,-2.895945505731417,0.0,
2026-01-24T10:19:00-05:00,ETH/USD,window360_strategy,hold,0.0,same_minute,-2.895945505731417,0.0,
2026-01-24T10:19:00-05:00,BTC/USD,window360_strategy,hold,0.0,same_minute,-2.895945505731417,0.0,
2026-01-24T10:19:00-05:00,ETH/USD,window360_strategy,hold,0.0,same_minute,-2.895945505731417,0.0,
2026-01-24T10:19:00-05:00,BTC/USD,window360_strategy,hold,0.0,same_minute,-2.895945505731417,0.0,
2026-01-24T10:19:00-05:00,ETH/USD,window360_strategy,hold,0.0,same_minute,-2.895945505731417,0.0,
2026-01-24T10:20:00-05:00,BTC/USD,window360_strategy,hold,0.0,no_change,-2.3765001642410506,0.0,edge_filter
2026-01-24T10:20:00-05:00,ETH/USD,window360_strategy,hold,0.0,no_change,-3.0051531751225626,-0.0,edge_filter
2026-01-24T10:20:00-05:00,BTC/USD,window360_strategy,hold,0.0,same_minute,-3.0051531751225626,0.0,
2026-01-24T10:20:00-05:00,ETH/USD,window360_strategy,hold,0.0,same_minute,-3.0051531751225626,0.0,
2026-01-24T10:20:00-05:00,BTC/USD,window360_strategy,hold,0.0,same_minute,-3.0051531751225626,0.0,
2026-01-24T10:20:00-05:00,ETH/USD,window360_strategy,hold,0.0,same_minute,-3.0051531751225626,0.0,
2026-01-24T10:20:00-05:00,BTC/USD,window360_strategy,hold,0.0,same_minute,-3.0051531751225626,0.0,
2026-01-24T10:20:00-05:00,ETH/USD,window360_strategy,hold,0.0,same_minute,-3.0051531751225626,0.0,
2026-01-24T10:20:00-05:00,BTC/USD,window360_strategy,hold,0.0,same_minute,-3.0051531751225626,0.0,
2026-01-24T10:20:00-05:00,ETH/USD,window360_strategy,hold,0.0,same_minute,-3.0051531751225626,0.0,
2026-01-24T10:20:00-05:00,BTC/USD,window360_strategy,hold,0.0,same_minute,-3.0051531751225626,0.0,
2026-01-24T10:20:00-05:00,ETH/USD,window360_strategy,hold,0.0,same_minute,-3.0051531751225626,0.0,
2026-01-24T10:21:00-05:00,BTC/USD,window360_strategy,hold,0.0,no_change,-3.229307979683146,0.0,edge_filter
2026-01-24T10:21:00-05:00,ETH/USD,window360_strategy,hold,0.0,no_change,-2.4972911550204286,-0.0,edge_filter
2026-01-24T10:21:00-05:00,BTC/USD,window360_strategy,hold,0.0,same_minute,-2.4972911550204286,0.0,
2026-01-24T10:21:00-05:00,ETH/USD,window360_strategy,hold,0.0,same_minute,-2.4972911550204286,0.0,
2026-01-24T10:21:00-05:00,BTC/USD,window360_strategy,hold,0.0,same_minute,-2.4972911550204286,0.0,
2026-01-24T10:21:00-05:00,ETH/USD,window360_strategy,hold,0.0,same_minute,-2.4972911550204286,0.0,
2026-01-24T10:21:00-05:00,BTC/USD,window360_strategy,hold,0.0,same_minute,-2.4972911550204286,0.0,
2026-01-24T10:21:00-05:00,ETH/USD,window360_strategy,hold,0.0,same_minute,-2.4972911550204286,0.0,
2026-01-24T10:21:00-05:00,BTC/USD,window360_strategy,hold,0.0,same_minute,-2.4972911550204286,0.0,
2026-01-24T10:21:00-05:00,ETH/USD,window360_strategy,hold,0.0,same_minute,-2.4972911550204286,0.0,
2026-01-24T10:21:00-05:00,BTC/USD,window360_strategy,hold,0.0,same_minute,-2.4972911550204286,0.0,
2026-01-24T10:21:00-05:00,ETH/USD,window360_strategy,hold,0.0,same_minute,-2.4972911550204286,0.0,
2026-01-24T10:22:00-05:00,BTC/USD,window360_strategy,hold,0.0,no_change,-2.758144108652122,0.0,edge_filter
2026-01-24T10:22:00-05:00,ETH/USD,window360_strategy,hold,0.0,no_change,-3.0269060440702793,-0.0,edge_filter
2026-01-24T10:22:00-05:00,BTC/USD,window360_strategy,hold,0.0,same_minute,-3.0269060440702793,0.0,
2026-01-24T10:22:00-05:00,ETH/USD,window360_strategy,hold,0.0,same_minute,-3.0269060440702793,0.0,
2026-01-24T10:22:00-05:00,BTC/USD,window360_strategy,hold,0.0,same_minute,-3.0269060440702793,0.0,
2026-01-24T10:22:00-05:00,ETH/USD,window360_strategy,hold,0.0,same_minute,-3.0269060440702793,0.0,
2026-01-24T10:22:00-05:00,BTC/USD,window360_strategy,hold,0.0,same_minute,-3.0269060440702793,0.0,
2026-01-24T10:22:00-05:00,ETH/USD,window360_strategy,hold,0.0,same_minute,-3.0269060440702793,0.0,
2026-01-24T10:22:00-05:00,BTC/USD,window360_strategy,hold,0.0,same_minute,-3.0269060440702793,0.0,
2026-01-24T10:22:00-05:00,ETH/USD,window360_strategy,hold,0.0,same_minute,-3.0269060440702793,0.0,
2026-01-24T10:22:00-05:00,BTC/USD,window360_strategy,hold,0.0,same_minute,-3.0269060440702793,0.0,
2026-01-24T10:22:00-05:00,ETH/USD,window360_strategy,hold,0.0,same_minute,-3.0269060440702793,0.0,
2026-01-24T10:23:00-05:00,BTC/USD,window360_strategy,hold,0.0,no_change,-2.710982131233966,0.0,edge_filter
2026-01-24T10:22:00-05:00,ETH/USD,window360_strategy,hold,0.0,same_minute,-2.7185126098662042,0.0,
2026-01-24T10:23:00-05:00,BTC/USD,window360_strategy,hold,0.0,same_minute,-2.7185126098662042,0.0,
2026-01-24T10:22:00-05:00,ETH/USD,window360_strategy,hold,0.0,same_minute,-2.7185126098662042,0.0,
2026-01-24T10:23:00-05:00,BTC/USD,window360_strategy,hold,0.0,same_minute,-2.7185126098662042,0.0,
2026-01-24T10:22:00-05:00,ETH/USD,window360_strategy,hold,0.0,same_minute,-2.7185126098662042,0.0,
2026-01-24T10:23:00-05:00,BTC/USD,window360_strategy,hold,0.0,same_minute,-2.7185126098662042,0.0,
2026-01-24T10:22:00-05:00,ETH/USD,window360_strategy,hold,0.0,same_minute,-2.7185126098662042,0.0,
2026-01-24T10:23:00-05:00,BTC/USD,window360_strategy,hold,0.0,same_minute,-2.7185126098662042,0.0,
2026-01-24T10:22:00-05:00,ETH/USD,window360_strategy,hold,0.0,same_minute,-2.7185126098662042,0.0,
2026-01-24T10:23:00-05:00,BTC/USD,window360_strategy,hold,0.0,same_minute,-2.7185126098662042,0.0,
2026-01-24T10:22:00-05:00,ETH/USD,window360_strategy,hold,0.0,same_minute,-2.7185126098662042,0.0,
2026-01-24T10:23:00-05:00,BTC/USD,window360_strategy,hold,0.0,same_minute,-2.7185126098662042,0.0,
2026-01-24T10:22:00-05:00,ETH/USD,window360_strategy,hold,0.0,same_minute,-2.7185126098662042,0.0,
2026-01-24T10:23:00-05:00,BTC/USD,window360_strategy,hold,0.0,same_minute,-2.7185126098662042,0.0,
2026-01-24T10:22:00-05:00,ETH/USD,window360_strategy,hold,0.0,same_minute,-2.7185126098662042,0.0,
2026-01-24T10:23:00-05:00,BTC/USD,window360_strategy,hold,0.0,same_minute,-2.7185126098662042,0.0,
2026-01-24T10:22:00-05:00,ETH/USD,window360_strategy,hold,0.0,same_minute,-2.7185126098662042,0.0,
2026-01-24T10:23:00-05:00,BTC/USD,window360_strategy,hold,0.0,same_minute,-2.7185126098662042,0.0,
2026-01-24T10:22:00-05:00,ETH/USD,window360_strategy,hold,0.0,same_minute,-2.7185126098662042,0.0,
2026-01-24T10:23:00-05:00,BTC/USD,window360_strategy,hold,0.0,same_minute,-2.7185126098662042,0.0,
2026-01-24T10:22:00-05:00,ETH/USD,window360_strategy,hold,0.0,same_minute,-2.7185126098662042,0.0,
2026-01-24T10:25:00-05:00,BTC/USD,window360_strategy,hold,0.0,no_change,-2.6919063730147976,0.0,edge_filter
2026-01-24T10:22:00-05:00,ETH/USD,window360_strategy,hold,0.0,same_minute,-2.690903302552911,0.0,
2026-01-24T10:25:00-05:00,BTC/USD,window360_strategy,hold,0.0,same_minute,-2.690903302552911,0.0,
2026-01-24T10:22:00-05:00,ETH/USD,window360_strategy,hold,0.0,same_minute,-2.690903302552911,0.0,
2026-01-24T10:25:00-05:00,BTC/USD,window360_strategy,hold,0.0,same_minute,-2.690903302552911,0.0,
2026-01-24T10:22:00-05:00,ETH/USD,window360_strategy,hold,0.0,same_minute,-2.690903302552911,0.0,
2026-01-24T10:25:00-05:00,BTC/USD,window360_strategy,hold,0.0,same_minute,-2.690903302552911,0.0,
2026-01-24T10:22:00-05:00,ETH/USD,window360_strategy,hold,0.0,same_minute,-2.690903302552911,0.0,
2026-01-24T10:25:00-05:00,BTC/USD,window360_strategy,hold,0.0,same_minute,-2.690903302552911,0.0,
2026-01-24T10:22:00-05:00,ETH/USD,window360_strategy,hold,0.0,same_minute,-2.690903302552911,0.0,
2026-01-24T10:25:00-05:00,BTC/USD,window360_strategy,hold,0.0,same_minute,-2.690903302552911,0.0,
2026-01-24T10:22:00-05:00,ETH/USD,window360_strategy,hold,0.0,same_minute,-2.690903302552911,0.0,
2026-01-24T10:26:00-05:00,BTC/USD,window360_strategy,hold,0.0,no_change,-3.250792182912339,0.0,edge_filter
2026-01-24T10:26:00-05:00,ETH/USD,window360_strategy,hold,0.0,no_change,-3.1735313786085686,-0.0,edge_filter
2026-01-24T10:26:00-05:00,BTC/USD,window360_strategy,hold,0.0,same_minute,-3.1735313786085686,0.0,
2026-01-24T10:26:00-05:00,ETH/USD,window360_strategy,hold,0.0,same_minute,-3.1735313786085686,0.0,
2026-01-24T10:26:00-05:00,BTC/USD,window360_strategy,hold,0.0,same_minute,-3.1735313786085686,0.0,
2026-01-24T10:26:00-05:00,ETH/USD,window360_strategy,hold,0.0,same_minute,-3.1735313786085686,0.0,
2026-01-24T10:26:00-05:00,BTC/USD,window360_strategy,hold,0.0,same_minute,-3.1735313786085686,0.0,
2026-01-24T10:26:00-05:00,ETH/USD,window360_strategy,hold,0.0,same_minute,-3.1735313786085686,0.0,
2026-01-24T10:26:00-05:00,BTC/USD,window360_strategy,hold,0.0,same_minute,-3.1735313786085686,0.0,
2026-01-24T10:26:00-05:00,ETH/USD,window360_strategy,hold,0.0,same_minute,-3.1735313786085686,0.0,
2026-01-24T10:27:00-05:00,BTC/USD,window360_strategy,hold,0.0,no_change,-2.987959283737631,0.0,edge_filter
2026-01-24T10:26:00-05:00,ETH/USD,window360_strategy,hold,0.0,same_minute,-2.9913372876698014,0.0,
2026-01-24T10:27:00-05:00,BTC/USD,window360_strategy,hold,0.0,same_minute,-2.9913372876698014,0.0,
2026-01-24T10:26:00-05:00,ETH/USD,window360_strategy,hold,0.0,same_minute,-2.9913372876698014,0.0,
2026-01-24T10:27:00-05:00,BTC/USD,window360_strategy,hold,0.0,same_minute,-2.9913372876698014,0.0,
2026-01-24T10:26:00-05:00,ETH/USD,window360_strategy,hold,0.0,same_minute,-2.9913372876698014,0.0,
2026-01-24T10:27:00-05:00,BTC/USD,window360_strategy,hold,0.0,same_minute,-2.9913372876698014,0.0,
2026-01-24T10:26:00-05:00,ETH/USD,window360_strategy,hold,0.0,same_minute,-2.9913372876698014,0.0,
2026-01-24T10:27:00-05:00,BTC/USD,window360_strategy,hold,0.0,same_minute,-2.9913372876698014,0.0,
2026-01-24T10:26:00-05:00,ETH/USD,window360_strategy,hold,0.0,same_minute,-2.9913372876698014,0.0,
2026-01-24T10:27:00-05:00,BTC/USD,window360_strategy,hold,0.0,same_minute,-2.9913372876698014,0.0,
2026-01-24T10:26:00-05:00,ETH/USD,window360_strategy,hold,0.0,same_minute,-2.9913372876698014,0.0,
2026-01-24T10:28:00-05:00,BTC/USD,window360_strategy,hold,0.0,no_change,-3.1130115797958844,0.0,edge_filter
2026-01-24T10:28:00-05:00,ETH/USD,window360_strategy,hold,0.0,no_change,-2.7882810902723287,-0.0,edge_filter
2026-01-24T10:28:00-05:00,BTC/USD,window360_strategy,hold,0.0,same_minute,-2.7882810902723287,0.0,
2026-01-24T10:28:00-05:00,ETH/USD,window360_strategy,hold,0.0,same_minute,-2.7882810902723287,0.0,
2026-01-24T10:28:00-05:00,BTC/USD,window360_strategy,hold,0.0,same_minute,-2.7882810902723287,0.0,
2026-01-24T10:28:00-05:00,ETH/USD,window360_strategy,hold,0.0,same_minute,-2.7882810902723287,0.0,
2026-01-24T10:28:00-05:00,BTC/USD,window360_strategy,hold,0.0,same_minute,-2.7882810902723287,0.0,
2026-01-24T10:28:00-05:00,ETH/USD,window360_strategy,hold,0.0,same_minute,-2.7882810902723287,0.0,
2026-01-24T10:28:00-05:00,BTC/USD,window360_strategy,hold,0.0,same_minute,-2.7882810902723287,0.0,
2026-01-24T10:28:00-05:00,ETH/USD,window360_strategy,hold,0.0,same_minute,-2.7882810902723287,0.0,
2026-01-24T10:28:00-05:00,BTC/USD,window360_strategy,hold,0.0,same_minute,-2.7882810902723287,0.0,
2026-01-24T10:28:00-05:00,ETH/USD,window360_strategy,hold,0.0,same_minute,-2.7882810902723287,0.0,
2026-01-24T10:29:00-05:00,BTC/USD,window360_strategy,hold,0.0,no_change,-2.7748269396796132,0.0,edge_filter
2026-01-24T10:29:00-05:00,ETH/USD,window360_strategy,hold,0.0,no_change,-3.03318714503326,-0.0,edge_filter
2026-01-24T10:29:00-05:00,BTC/USD,window360_strategy,hold,0.0,same_minute,-3.03318714503326,0.0,
2026-01-24T10:29:00-05:00,ETH/USD,window360_strategy,hold,0.0,same_minute,-3.03318714503326,0.0,
2026-01-24T10:29:00-05:00,BTC/USD,window360_strategy,hold,0.0,same_minute,-3.03318714503326,0.0,
2026-01-24T10:29:00-05:00,ETH/USD,window360_strategy,hold,0.0,same_minute,-3.03318714503326,0.0,
2026-01-24T10:29:00-05:00,BTC/USD,window360_strategy,hold,0.0,same_minute,-3.03318714503326,0.0,
2026-01-24T10:29:00-05:00,ETH/USD,window360_strategy,hold,0.0,same_minute,-3.03318714503326,0.0,
2026-01-24T10:29:00-05:00,BTC/USD,window360_strategy,hold,0.0,same_minute,-3.03318714503326,0.0,
2026-01-24T10:29:00-05:00,ETH/USD,window360_strategy,hold,0.0,same_minute,-3.03318714503326,0.0,
2026-01-24T10:29:00-05:00,BTC/USD,window360_strategy,hold,0.0,same_minute,-3.03318714503326,0.0,
2026-01-24T10:29:00-05:00,ETH/USD,window360_strategy,hold,0.0,same_minute,-3.03318714503326,0.0,
2026-01-24T10:30:00-05:00,BTC/USD,window360_strategy,hold,0.0,no_change,-3.0622247017340367,0.0,edge_filter
2026-01-24T10:30:00-05:00,ETH/USD,window360_strategy,hold,0.0,no_change,-2.946047175512501,-0.0,edge_filter
2026-01-24T10:30:00-05:00,BTC/USD,window360_strategy,hold,0.0,same_minute,-2.946047175512501,0.0,
2026-01-24T10:30:00-05:00,ETH/USD,window360_strategy,hold,0.0,same_minute,-2.946047175512501,0.0,
2026-01-24T10:30:00-05:00,BTC/USD,window360_strategy,hold,0.0,same_minute,-2.946047175512501,0.0,
2026-01-24T10:30:00-05:00,ETH/USD,window360_strategy,hold,0.0,same_minute,-2.946047175512501,0.0,
2026-01-24T10:30:00-05:00,BTC/USD,window360_strategy,hold,0.0,same_minute,-2.946047175512501,0.0,
2026-01-24T10:30:00-05:00,ETH/USD,window360_strategy,hold,0.0,same_minute,-2.946047175512501,0.0,
2026-01-24T10:30:00-05:00,BTC/USD,window360_strategy,hold,0.0,same_minute,-2.946047175512501,0.0,
2026-01-24T10:30:00-05:00,ETH/USD,window360_strategy,hold,0.0,same_minute,-2.946047175512501,0.0,
2026-01-24T10:30:00-05:00,BTC/USD,window360_strategy,hold,0.0,same_minute,-2.946047175512501,0.0,
2026-01-24T10:30:00-05:00,ETH/USD,window360_strategy,hold,0.0,same_minute,-2.946047175512501,0.0,
2026-01-24T10:31:00-05:00,BTC/USD,window360_strategy,hold,0.0,no_change,-2.7883029740814087,0.0,edge_filter
2026-01-24T10:30:00-05:00,ETH/USD,window360_strategy,hold,0.0,same_minute,-2.7907109909627152,0.0,
2026-01-24T10:31:00-05:00,BTC/USD,window360_strategy,hold,0.0,same_minute,-2.7907109909627152,0.0,
2026-01-24T10:30:00-05:00,ETH/USD,window360_strategy,hold,0.0,same_minute,-2.7907109909627152,0.0,
2026-01-24T10:31:00-05:00,BTC/USD,window360_strategy,hold,0.0,same_minute,-2.7907109909627152,0.0,
2026-01-24T10:30:00-05:00,ETH/USD,window360_strategy,hold,0.0,same_minute,-2.7907109909627152,0.0,
2026-01-24T10:31:00-05:00,BTC/USD,window360_strategy,hold,0.0,same_minute,-2.7907109909627152,0.0,
2026-01-24T10:30:00-05:00,ETH/USD,window360_strategy,hold,0.0,same_minute,-2.7907109909627152,0.0,
2026-01-24T10:31:00-05:00,BTC/USD,window360_strategy,hold,0.0,same_minute,-2.7907109909627152,0.0,
2026-01-24T10:30:00-05:00,ETH/USD,window360_strategy,hold,0.0,same_minute,-2.7907109909627152,0.0,
2026-01-24T10:32:00-05:00,BTC/USD,window360_strategy,hold,0.0,no_change,-2.476461671207017,0.0,edge_filter
2026-01-24T10:32:00-05:00,ETH/USD,window360_strategy,hold,0.0,no_change,-2.8822018457046212,-0.0,edge_filter
2026-01-24T10:32:00-05:00,BTC/USD,window360_strategy,hold,0.0,same_minute,-2.8822018457046212,0.0,
2026-01-24T10:32:00-05:00,ETH/USD,window360_strategy,hold,0.0,same_minute,-2.8822018457046212,0.0,
2026-01-24T10:32:00-05:00,BTC/USD,window360_strategy,hold,0.0,same_minute,-2.8822018457046212,0.0,
2026-01-24T10:32:00-05:00,ETH/USD,window360_strategy,hold,0.0,same_minute,-2.8822018457046212,0.0,
2026-01-24T10:32:00-05:00,BTC/USD,window360_strategy,hold,0.0,same_minute,-2.8822018457046212,0.0,
2026-01-24T10:32:00-05:00,ETH/USD,window360_strategy,hold,0.0,same_minute,-2.8822018457046212,0.0,
2026-01-24T10:32:00-05:00,BTC/USD,window360_strategy,hold,0.0,same_minute,-2.8822018457046212,0.0,
2026-01-24T10:32:00-05:00,ETH/USD,window360_strategy,hold,0.0,same_minute,-2.8822018457046212,0.0,
2026-01-24T10:32:00-05:00,BTC/USD,window360_strategy,hold,0.0,same_minute,-2.8822018457046212,0.0,
2026-01-24T10:32:00-05:00,ETH/USD,window360_strategy,hold,0.0,same_minute,-2.8822018457046212,0.0,
2026-01-24T10:33:00-05:00,BTC/USD,window360_strategy,hold,0.0,no_change,-2.389642769106999,0.0,edge_filter
2026-01-24T10:32:00-05:00,ETH/USD,window360_strategy,hold,0.0,same_minute,-2.4008843456625777,0.0,
2026-01-24T10:33:00-05:00,BTC/USD,window360_strategy,hold,0.0,same_minute,-2.4008843456625777,0.0,
2026-01-24T10:32:00-05:00,ETH/USD,window360_strategy,hold,0.0,same_minute,-2.4008843456625777,0.0,
2026-01-24T10:33:00-05:00,BTC/USD,window360_strategy,hold,0.0,same_minute,-2.4008843456625777,0.0,
2026-01-24T10:32:00-05:00,ETH/USD,window360_strategy,hold,0.0,same_minute,-2.4008843456625777,0.0,
2026-01-24T10:33:00-05:00,BTC/USD,window360_strategy,hold,0.0,same_minute,-2.4008843456625777,0.0,
2026-01-24T10:32:00-05:00,ETH/USD,window360_strategy,hold,0.0,same_minute,-2.4008843456625777,0.0,
2026-01-24T10:33:00-05:00,BTC/USD,window360_strategy,hold,0.0,same_minute,-2.4008843456625777,0.0,
2026-01-24T10:32:00-05:00,ETH/USD,window360_strategy,hold,0.0,same_minute,-2.4008843456625777,0.0,
2026-01-24T10:33:00-05:00,BTC/USD,window360_strategy,hold,0.0,same_minute,-2.4008843456625777,0.0,
2026-01-24T10:32:00-05:00,ETH/USD,window360_strategy,hold,0.0,same_minute,-2.4008843456625777,0.0,
2026-01-24T10:34:00-05:00,BTC/USD,window360_strategy,hold,0.0,no_change,-2.9388469166469013,0.0,edge_filter
2026-01-24T10:34:00-05:00,ETH/USD,window360_strategy,hold,0.0,no_change,-2.976682709864696,-0.0,edge_filter
2026-01-24T10:34:00-05:00,BTC/USD,window360_strategy,hold,0.0,same_minute,-2.976682709864696,0.0,
2026-01-24T10:34:00-05:00,ETH/USD,window360_strategy,hold,0.0,same_minute,-2.976682709864696,0.0,
2026-01-24T10:34:00-05:00,BTC/USD,window360_strategy,hold,0.0,same_minute,-2.976682709864696,0.0,
2026-01-24T10:34:00-05:00,ETH/USD,window360_strategy,hold,0.0,same_minute,-2.976682709864696,0.0,
2026-01-24T10:34:00-05:00,BTC/USD,window360_strategy,hold,0.0,same_minute,-2.976682709864696,0.0,
2026-01-24T10:34:00-05:00,ETH/USD,window360_strategy,hold,0.0,same_minute,-2.976682709864696,0.0,
2026-01-24T10:34:00-05:00,BTC/USD,window360_strategy,hold,0.0,same_minute,-2.976682709864696,0.0,
2026-01-24T10:34:00-05:00,ETH/USD,window360_strategy,hold,0.0,same_minute,-2.976682709864696,0.0,
2026-01-24T10:34:00-05:00,BTC/USD,window360_strategy,hold,0.0,same_minute,-2.976682709864696,0.0,
2026-01-24T10:34:00-05:00,ETH/USD,window360_strategy,hold,0.0,same_minute,-2.976682709864696,0.0,
2026-01-24T10:35:00-05:00,BTC/USD,window360_strategy,hold,0.0,no_change,-3.049494659582977,0.0,edge_filter
2026-01-24T10:34:00-05:00,ETH/USD,window360_strategy,hold,0.0,same_minute,-3.043542728840958,0.0,
2026-01-24T10:35:00-05:00,BTC/USD,window360_strategy,hold,0.0,same_minute,-3.043542728840958,0.0,
2026-01-24T10:34:00-05:00,ETH/USD,window360_strategy,hold,0.0,same_minute,-3.043542728840958,0.0,
2026-01-24T10:35:00-05:00,BTC/USD,window360_strategy,hold,0.0,same_minute,-3.043542728840958,0.0,
2026-01-24T10:34:00-05:00,ETH/USD,window360_strategy,hold,0.0,same_minute,-3.043542728840958,0.0,
2026-01-24T10:35:00-05:00,BTC/USD,window360_strategy,hold,0.0,same_minute,-3.043542728840958,0.0,
2026-01-24T10:34:00-05:00,ETH/USD,window360_strategy,hold,0.0,same_minute,-3.043542728840958,0.0,
2026-01-24T10:35:00-05:00,BTC/USD,window360_strategy,hold,0.0,same_minute,-3.043542728840958,0.0,
2026-01-24T10:34:00-05:00,ETH/USD,window360_strategy,hold,0.0,same_minute,-3.043542728840958,0.0,
2026-01-24T10:35:00-05:00,BTC/USD,window360_strategy,hold,0.0,same_minute,-3.043542728840958,0.0,
2026-01-24T10:34:00-05:00,ETH/USD,window360_strategy,hold,0.0,same_minute,-3.043542728840958,0.0,
2026-01-24T10:36:00-05:00,BTC/USD,window360_strategy,hold,0.0,no_change,-2.866484423638525,0.0,edge_filter
2026-01-24T10:36:00-05:00,ETH/USD,window360_strategy,hold,0.0,no_change,-2.620084790569108,-0.0,edge_filter
2026-01-24T10:36:00-05:00,BTC/USD,window360_strategy,hold,0.0,same_minute,-2.620084790569108,0.0,
2026-01-24T10:36:00-05:00,ETH/USD,window360_strategy,hold,0.0,same_minute,-2.620084790569108,0.0,
2026-01-24T10:36:00-05:00,BTC/USD,window360_strategy,hold,0.0,same_minute,-2.620084790569108,0.0,
2026-01-24T10:36:00-05:00,ETH/USD,window360_strategy,hold,0.0,same_minute,-2.620084790569108,0.0,
2026-01-24T10:36:00-05:00,BTC/USD,window360_strategy,hold,0.0,same_minute,-2.620084790569108,0.0,
2026-01-24T10:36:00-05:00,ETH/USD,window360_strategy,hold,0.0,same_minute,-2.620084790569108,0.0,
2026-01-24T10:36:00-05:00,BTC/USD,window360_strategy,hold,0.0,same_minute,-2.620084790569108,0.0,
2026-01-24T10:36:00-05:00,ETH/USD,window360_strategy,hold,0.0,same_minute,-2.620084790569108,0.0,
2026-01-24T10:36:00-05:00,BTC/USD,window360_strategy,hold,0.0,same_minute,-2.620084790569108,0.0,
2026-01-24T10:36:00-05:00,ETH/USD,window360_strategy,hold,0.0,same_minute,-2.620084790569108,0.0,
2026-01-24T10:37:00-05:00,BTC/USD,window360_strategy,hold,0.0,no_change,-3.170039531632199,0.0,edge_filter
2026-01-24T10:37:00-05:00,ETH/USD,window360_strategy,hold,0.0,no_change,-2.600495216076355,-0.0,edge_filter
2026-01-24T10:37:00-05:00,BTC/USD,window360_strategy,hold,0.0,same_minute,-2.600495216076355,0.0,
2026-01-24T10:37:00-05:00,ETH/USD,window360_strategy,hold,0.0,same_minute,-2.600495216076355,0.0,
2026-01-24T10:37:00-05:00,BTC/USD,window360_strategy,hold,0.0,same_minute,-2.600495216076355,0.0,
2026-01-24T10:37:00-05:00,ETH/USD,window360_strategy,hold,0.0,same_minute,-2.600495216076355,0.0,
2026-01-24T10:37:00-05:00,BTC/USD,window360_strategy,hold,0.0,same_minute,-2.600495216076355,0.0,
2026-01-24T10:37:00-05:00,ETH/USD,window360_strategy,hold,0.0,same_minute,-2.600495216076355,0.0,
2026-01-24T10:37:00-05:00,BTC/USD,window360_strategy,hold,0.0,same_minute,-2.600495216076355,0.0,
2026-01-24T10:37:00-05:00,ETH/USD,window360_strategy,hold,0.0,same_minute,-2.600495216076355,0.0,
2026-01-24T10:38:00-05:00,BTC/USD,window360_strategy,hold,0.0,no_change,-2.3662926117831784,0.0,edge_filter
2026-01-24T10:38:00-05:00,ETH/USD,window360_strategy,hold,0.0,no_change,-2.1416383691327807,-0.0,edge_filter
2026-01-24T10:38:00-05:00,BTC/USD,window360_strategy,hold,0.0,same_minute,-2.1416383691327807,0.0,
2026-01-24T10:38:00-05:00,ETH/USD,window360_strategy,hold,0.0,same_minute,-2.1416383691327807,0.0,
2026-01-24T10:38:00-05:00,BTC/USD,window360_strategy,hold,0.0,same_minute,-2.1416383691327807,0.0,
2026-01-24T10:38:00-05:00,ETH/USD,window360_strategy,hold,0.0,same_minute,-2.1416383691327807,0.0,
2026-01-24T10:38:00-05:00,BTC/USD,window360_strategy,hold,0.0,same_minute,-2.1416383691327807,0.0,
2026-01-24T10:38:00-05:00,ETH/USD,window360_strategy,hold,0.0,same_minute,-2.1416383691327807,0.0,
2026-01-24T10:38:00-05:00,BTC/USD,window360_strategy,hold,0.0,same_minute,-2.1416383691327807,0.0,
2026-01-24T10:38:00-05:00,ETH/USD,window360_strategy,hold,0.0,same_minute,-2.1416383691327807,0.0,
2026-01-24T10:38:00-05:00,BTC/USD,window360_strategy,hold,0.0,same_minute,-2.1416383691327807,0.0,
2026-01-24T10:38:00-05:00,ETH/USD,window360_strategy,hold,0.0,same_minute,-2.1416383691327807,0.0,
2026-01-24T10:39:00-05:00,BTC/USD,window360_strategy,hold,0.0,no_change,-2.026155062434943,0.0,edge_filter
2026-01-24T10:39:00-05:00,ETH/USD,window360_strategy,hold,0.0,no_change,-1.8146406874495828,-0.0,edge_filter
2026-01-24T10:39:00-05:00,BTC/USD,window360_strategy,hold,0.0,same_minute,-1.8146406874495828,0.0,
2026-01-24T10:39:00-05:00,ETH/USD,window360_strategy,hold,0.0,same_minute,-1.8146406874495828,0.0,
2026-01-24T10:39:00-05:00,BTC/USD,window360_strategy,hold,0.0,same_minute,-1.8146406874495828,0.0,
2026-01-24T10:39:00-05:00,ETH/USD,window360_strategy,hold,0.0,same_minute,-1.8146406874495828,0.0,
2026-01-24T10:39:00-05:00,BTC/USD,window360_strategy,hold,0.0,same_minute,-1.8146406874495828,0.0,
2026-01-24T10:39:00-05:00,ETH/USD,window360_strategy,hold,0.0,same_minute,-1.8146406874495828,0.0,
2026-01-24T10:39:00-05:00,BTC/USD,window360_strategy,hold,0.0,same_minute,-1.8146406874495828,0.0,
2026-01-24T10:39:00-05:00,ETH/USD,window360_strategy,hold,0.0,same_minute,-1.8146406874495828,0.0,
2026-01-24T10:39:00-05:00,BTC/USD,window360_strategy,hold,0.0,same_minute,-1.8146406874495828,0.0,
2026-01-24T10:39:00-05:00,ETH/USD,window360_strategy,hold,0.0,same_minute,-1.8146406874495828,0.0,
2026-01-24T10:40:00-05:00,BTC/USD,window360_strategy,hold,0.0,no_change,-2.103016803705384,0.0,edge_filter
2026-01-24T10:39:00-05:00,ETH/USD,window360_strategy,hold,0.0,same_minute,-2.097605121167251,0.0,
2026-01-24T10:40:00-05:00,BTC/USD,window360_strategy,hold,0.0,same_minute,-2.097605121167251,0.0,
2026-01-24T10:39:00-05:00,ETH/USD,window360_strategy,hold,0.0,same_minute,-2.097605121167251,0.0,
2026-01-24T10:40:00-05:00,BTC/USD,window360_strategy,hold,0.0,same_minute,-2.097605121167251,0.0,
2026-01-24T10:39:00-05:00,ETH/USD,window360_strategy,hold,0.0,same_minute,-2.097605121167251,0.0,
2026-01-24T10:40:00-05:00,BTC/USD,window360_strategy,hold,0.0,same_minute,-2.097605121167251,0.0,
2026-01-24T10:39:00-05:00,ETH/USD,window360_strategy,hold,0.0,same_minute,-2.097605121167251,0.0,
2026-01-24T10:40:00-05:00,BTC/USD,window360_strategy,hold,0.0,same_minute,-2.097605121167251,0.0,
2026-01-24T10:39:00-05:00,ETH/USD,window360_strategy,hold,0.0,same_minute,-2.097605121167251,0.0,
2026-01-24T10:40:00-05:00,BTC/USD,window360_strategy,hold,0.0,same_minute,-2.097605121167251,0.0,
2026-01-24T10:39:00-05:00,ETH/USD,window360_strategy,hold,0.0,same_minute,-2.097605121167251,0.0,
2026-01-24T10:41:00-05:00,BTC/USD,window360_strategy,hold,0.0,no_change,-1.8481155180609479,0.0,edge_filter
2026-01-24T10:41:00-05:00,ETH/USD,window360_strategy,hold,0.0,no_change,-2.3089173395008147,-0.0,edge_filter
2026-01-24T10:41:00-05:00,BTC/USD,window360_strategy,hold,0.0,same_minute,-2.3089173395008147,0.0,
2026-01-24T10:41:00-05:00,ETH/USD,window360_strategy,hold,0.0,same_minute,-2.3089173395008147,0.0,
2026-01-24T10:41:00-05:00,BTC/USD,window360_strategy,hold,0.0,same_minute,-2.3089173395008147,0.0,
2026-01-24T10:41:00-05:00,ETH/USD,window360_strategy,hold,0.0,same_minute,-2.3089173395008147,0.0,
2026-01-24T10:41:00-05:00,BTC/USD,window360_strategy,hold,0.0,same_minute,-2.3089173395008147,0.0,
2026-01-24T10:41:00-05:00,ETH/USD,window360_strategy,hold,0.0,same_minute,-2.3089173395008147,0.0,
2026-01-24T10:41:00-05:00,BTC/USD,window360_strategy,hold,0.0,same_minute,-2.3089173395008147,0.0,
2026-01-24T10:41:00-05:00,ETH/USD,window360_strategy,hold,0.0,same_minute,-2.3089173395008147,0.0,
2026-01-24T10:41:00-05:00,BTC/USD,window360_strategy,hold,0.0,same_minute,-2.3089173395008147,0.0,
2026-01-24T10:41:00-05:00,ETH/USD,window360_strategy,hold,0.0,same_minute,-2.3089173395008147,0.0,
2026-01-24T10:42:00-05:00,BTC/USD,window360_strategy,hold,0.0,no_change,-2.4323399982536924,0.0,edge_filter
2026-01-24T10:42:00-05:00,ETH/USD,window360_strategy,hold,0.0,no_change,-2.1743999816903328,-0.0,edge_filter
2026-01-24T10:42:00-05:00,BTC/USD,window360_strategy,hold,0.0,same_minute,-2.1743999816903328,0.0,
2026-01-24T10:42:00-05:00,ETH/USD,window360_strategy,hold,0.0,same_minute,-2.1743999816903328,0.0,
2026-01-24T10:42:00-05:00,BTC/USD,window360_strategy,hold,0.0,same_minute,-2.1743999816903328,0.0,
2026-01-24T10:42:00-05:00,ETH/USD,window360_strategy,hold,0.0,same_minute,-2.1743999816903328,0.0,
2026-01-24T10:42:00-05:00,BTC/USD,window360_strategy,hold,0.0,same_minute,-2.1743999816903328,0.0,
2026-01-24T10:42:00-05:00,ETH/USD,window360_strategy,hold,0.0,same_minute,-2.1743999816903328,0.0,
2026-01-24T10:42:00-05:00,BTC/USD,window360_strategy,hold,0.0,same_minute,-2.1743999816903328,0.0,
2026-01-24T10:42:00-05:00,ETH/USD,window360_strategy,hold,0.0,same_minute,-2.1743999816903328,0.0,
2026-01-24T10:42:00-05:00,BTC/USD,window360_strategy,hold,0.0,same_minute,-2.1743999816903328,0.0,
2026-01-24T10:42:00-05:00,ETH/USD,window360_strategy,hold,0.0,same_minute,-2.1743999816903328,0.0,
2026-01-24T10:42:00-05:00,BTC/USD,window360_strategy,hold,0.0,same_minute,-2.1743999816903328,0.0,
2026-01-24T10:43:00-05:00,ETH/USD,window360_strategy,hold,0.0,no_change,-2.1806142266412567,-0.0,edge_filter
2026-01-24T10:42:00-05:00,BTC/USD,window360_strategy,hold,0.0,same_minute,-2.17977510041331,0.0,
2026-01-24T10:43:00-05:00,ETH/USD,window360_strategy,hold,0.0,same_minute,-2.17977510041331,0.0,
2026-01-24T10:42:00-05:00,BTC/USD,window360_strategy,hold,0.0,same_minute,-2.17977510041331,0.0,
2026-01-24T10:43:00-05:00,ETH/USD,window360_strategy,hold,0.0,same_minute,-2.17977510041331,0.0,
2026-01-24T10:42:00-05:00,BTC/USD,window360_strategy,hold,0.0,same_minute,-2.17977510041331,0.0,
2026-01-24T10:43:00-05:00,ETH/USD,window360_strategy,hold,0.0,same_minute,-2.17977510041331,0.0,
2026-01-24T10:42:00-05:00,BTC/USD,window360_strategy,hold,0.0,same_minute,-2.17977510041331,0.0,
2026-01-24T10:43:00-05:00,ETH/USD,window360_strategy,hold,0.0,same_minute,-2.17977510041331,0.0,
2026-01-24T10:42:00-05:00,BTC/USD,window360_strategy,hold,0.0,same_minute,-2.17977510041331,0.0,
2026-01-24T10:43:00-05:00,ETH/USD,window360_strategy,hold,0.0,same_minute,-2.17977510041331,0.0,
2026-01-24T10:44:00-05:00,BTC/USD,window360_strategy,hold,0.0,no_change,-2.438285191898408,0.0,edge_filter
2026-01-24T10:44:00-05:00,ETH/USD,window360_strategy,hold,0.0,no_change,-2.3386973695119253,-0.0,edge_filter
2026-01-24T10:44:00-05:00,BTC/USD,window360_strategy,hold,0.0,same_minute,-2.3386973695119253,0.0,
2026-01-24T10:44:00-05:00,ETH/USD,window360_strategy,hold,0.0,same_minute,-2.3386973695119253,0.0,
2026-01-24T10:44:00-05:00,BTC/USD,window360_strategy,hold,0.0,same_minute,-2.3386973695119253,0.0,
2026-01-24T10:44:00-05:00,ETH/USD,window360_strategy,hold,0.0,same_minute,-2.3386973695119253,0.0,
2026-01-24T10:44:00-05:00,BTC/USD,window360_strategy,hold,0.0,same_minute,-2.3386973695119253,0.0,
2026-01-24T10:44:00-05:00,ETH/USD,window360_strategy,hold,0.0,same_minute,-2.3386973695119253,0.0,
2026-01-24T10:44:00-05:00,BTC/USD,window360_strategy,hold,0.0,same_minute,-2.3386973695119253,0.0,
2026-01-24T10:44:00-05:00,ETH/USD,window360_strategy,hold,0.0,same_minute,-2.3386973695119253,0.0,
2026-01-24T10:44:00-05:00,BTC/USD,window360_strategy,hold,0.0,same_minute,-2.3386973695119253,0.0,
2026-01-24T10:45:00-05:00,ETH/USD,window360_strategy,hold,0.0,no_change,-2.1510077961118466,-0.0,edge_filter
2026-01-24T10:44:00-05:00,BTC/USD,window360_strategy,hold,0.0,same_minute,-2.1529377792221576,0.0,
2026-01-24T10:45:00-05:00,ETH/USD,window360_strategy,hold,0.0,same_minute,-2.1529377792221576,0.0,
2026-01-24T10:44:00-05:00,BTC/USD,window360_strategy,hold,0.0,same_minute,-2.1529377792221576,0.0,
2026-01-24T10:45:00-05:00,ETH/USD,window360_strategy,hold,0.0,same_minute,-2.1529377792221576,0.0,
2026-01-24T10:44:00-05:00,BTC/USD,window360_strategy,hold,0.0,same_minute,-2.1529377792221576,0.0,
2026-01-24T10:45:00-05:00,ETH/USD,window360_strategy,hold,0.0,same_minute,-2.1529377792221576,0.0,
2026-01-24T10:44:00-05:00,BTC/USD,window360_strategy,hold,0.0,same_minute,-2.1529377792221576,0.0,
2026-01-24T10:45:00-05:00,ETH/USD,window360_strategy,hold,0.0,same_minute,-2.1529377792221576,0.0,
2026-01-24T10:44:00-05:00,BTC/USD,window360_strategy,hold,0.0,same_minute,-2.1529377792221576,0.0,
2026-01-24T10:45:00-05:00,ETH/USD,window360_strategy,hold,0.0,same_minute,-2.1529377792221576,0.0,
2026-01-24T10:44:00-05:00,BTC/USD,window360_strategy,hold,0.0,same_minute,-2.1529377792221576,0.0,
2026-01-24T10:46:00-05:00,ETH/USD,window360_strategy,hold,0.0,no_change,-1.9524059305847261,-0.0,edge_filter
2026-01-24T10:44:00-05:00,BTC/USD,window360_strategy,hold,0.0,same_minute,-1.9536443945144226,0.0,
2026-01-24T10:46:00-05:00,ETH/USD,window360_strategy,hold,0.0,same_minute,-1.9536443945144226,0.0,
2026-01-24T10:44:00-05:00,BTC/USD,window360_strategy,hold,0.0,same_minute,-1.9536443945144226,0.0,
2026-01-24T10:46:00-05:00,ETH/USD,window360_strategy,hold,0.0,same_minute,-1.9536443945144226,0.0,
2026-01-24T10:44:00-05:00,BTC/USD,window360_strategy,hold,0.0,same_minute,-1.9536443945144226,0.0,
2026-01-24T10:46:00-05:00,ETH/USD,window360_strategy,hold,0.0,same_minute,-1.9536443945144226,0.0,
2026-01-24T10:44:00-05:00,BTC/USD,window360_strategy,hold,0.0,same_minute,-1.9536443945144226,0.0,
2026-01-24T10:46:00-05:00,ETH/USD,window360_strategy,hold,0.0,same_minute,-1.9536443945144226,0.0,
2026-01-24T10:44:00-05:00,BTC/USD,window360_strategy,hold,0.0,same_minute,-1.9536443945144226,0.0,
2026-01-24T10:46:00-05:00,ETH/USD,window360_strategy,hold,0.0,same_minute,-1.9536443945144226,0.0,
2026-01-24T10:47:00-05:00,BTC/USD,window360_strategy,hold,0.0,no_change,-1.6029733643834299,0.0,edge_filter
2026-01-24T10:47:00-05:00,ETH/USD,window360_strategy,hold,0.0,no_change,-1.8782050337578502,-0.0,edge_filter
2026-01-24T10:47:00-05:00,BTC/USD,window360_strategy,hold,0.0,same_minute,-1.8782050337578502,0.0,
2026-01-24T10:47:00-05:00,ETH/USD,window360_strategy,hold,0.0,same_minute,-1.8782050337578502,0.0,
2026-01-24T10:47:00-05:00,BTC/USD,window360_strategy,hold,0.0,same_minute,-1.8782050337578502,0.0,
2026-01-24T10:47:00-05:00,ETH/USD,window360_strategy,hold,0.0,same_minute,-1.8782050337578502,0.0,
2026-01-24T10:47:00-05:00,BTC/USD,window360_strategy,hold,0.0,same_minute,-1.8782050337578502,0.0,
2026-01-24T10:47:00-05:00,ETH/USD,window360_strategy,hold,0.0,same_minute,-1.8782050337578502,0.0,
2026-01-24T10:47:00-05:00,BTC/USD,window360_strategy,hold,0.0,same_minute,-1.8782050337578502,0.0,
2026-01-24T10:47:00-05:00,ETH/USD,window360_strategy,hold,0.0,same_minute,-1.8782050337578502,0.0,
2026-01-24T10:47:00-05:00,BTC/USD,window360_strategy,hold,0.0,same_minute,-1.8782050337578502,0.0,
2026-01-24T10:47:00-05:00,ETH/USD,window360_strategy,hold,0.0,same_minute,-1.8782050337578502,0.0,
2026-01-24T10:48:00-05:00,BTC/USD,window360_strategy,hold,0.0,no_change,-1.7939645746602308,0.0,edge_filter
2026-01-24T10:48:00-05:00,ETH/USD,window360_strategy,hold,0.0,no_change,-1.7088789436398477,-0.0,edge_filter
2026-01-24T10:48:00-05:00,BTC/USD,window360_strategy,hold,0.0,same_minute,-1.7088789436398477,0.0,
2026-01-24T10:48:00-05:00,ETH/USD,window360_strategy,hold,0.0,same_minute,-1.7088789436398477,0.0,
2026-01-24T10:48:00-05:00,BTC/USD,window360_strategy,hold,0.0,same_minute,-1.7088789436398477,0.0,
2026-01-24T10:48:00-05:00,ETH/USD,window360_strategy,hold,0.0,same_minute,-1.7088789436398477,0.0,
2026-01-24T10:48:00-05:00,BTC/USD,window360_strategy,hold,0.0,same_minute,-1.7088789436398477,0.0,
2026-01-24T10:48:00-05:00,ETH/USD,window360_strategy,hold,0.0,same_minute,-1.7088789436398477,0.0,
2026-01-24T10:48:00-05:00,BTC/USD,window360_strategy,hold,0.0,same_minute,-1.7088789436398477,0.0,
2026-01-24T10:48:00-05:00,ETH/USD,window360_strategy,hold,0.0,same_minute,-1.7088789436398477,0.0,
2026-01-24T10:48:00-05:00,BTC/USD,window360_strategy,hold,0.0,same_minute,-1.7088789436398477,0.0,
2026-01-24T10:48:00-05:00,ETH/USD,window360_strategy,hold,0.0,same_minute,-1.7088789436398477,0.0,
2026-01-24T10:48:00-05:00,BTC/USD,window360_strategy,hold,0.0,same_minute,-1.7088789436398477,0.0,
2026-01-24T10:49:00-05:00,ETH/USD,window360_strategy,hold,0.0,no_change,-1.9732734412734012,-0.0,edge_filter
2026-01-24T10:48:00-05:00,BTC/USD,window360_strategy,hold,0.0,same_minute,-1.9678781691263745,0.0,
2026-01-24T10:49:00-05:00,ETH/USD,window360_strategy,hold,0.0,same_minute,-1.9678781691263745,0.0,
2026-01-24T10:48:00-05:00,BTC/USD,window360_strategy,hold,0.0,same_minute,-1.9678781691263745,0.0,
2026-01-24T10:49:00-05:00,ETH/USD,window360_strategy,hold,0.0,same_minute,-1.9678781691263745,0.0,
2026-01-24T10:48:00-05:00,BTC/USD,window360_strategy,hold,0.0,same_minute,-1.9678781691263745,0.0,
2026-01-24T10:49:00-05:00,ETH/USD,window360_strategy,hold,0.0,same_minute,-1.9678781691263745,0.0,
2026-01-24T10:48:00-05:00,BTC/USD,window360_strategy,hold,0.0,same_minute,-1.9678781691263745,0.0,
2026-01-24T10:49:00-05:00,ETH/USD,window360_strategy,hold,0.0,same_minute,-1.9678781691263745,0.0,
2026-01-24T10:50:00-05:00,BTC/USD,window360_strategy,hold,0.0,no_change,-2.108325609398994,0.0,edge_filter
2026-01-24T10:50:00-05:00,ETH/USD,window360_strategy,hold,0.0,no_change,-1.8971709919308637,-0.0,edge_filter
2026-01-24T10:50:00-05:00,BTC/USD,window360_strategy,hold,0.0,same_minute,-1.8971709919308637,0.0,
2026-01-24T10:50:00-05:00,ETH/USD,window360_strategy,hold,0.0,same_minute,-1.8971709919308637,0.0,
2026-01-24T10:50:00-05:00,BTC/USD,window360_strategy,hold,0.0,same_minute,-1.8971709919308637,0.0,
2026-01-24T10:50:00-05:00,ETH/USD,window360_strategy,hold,0.0,same_minute,-1.8971709919308637,0.0,
2026-01-24T10:50:00-05:00,BTC/USD,window360_strategy,hold,0.0,same_minute,-1.8971709919308637,0.0,
2026-01-24T10:50:00-05:00,ETH/USD,window360_strategy,hold,0.0,same_minute,-1.8971709919308637,0.0,
2026-01-24T10:50:00-05:00,BTC/USD,window360_strategy,hold,0.0,same_minute,-1.8971709919308637,0.0,
2026-01-24T10:50:00-05:00,ETH/USD,window360_strategy,hold,0.0,same_minute,-1.8971709919308637,0.0,
2026-01-24T10:50:00-05:00,BTC/USD,window360_strategy,hold,0.0,same_minute,-1.8971709919308637,0.0,
2026-01-24T10:50:00-05:00,ETH/USD,window360_strategy,hold,0.0,same_minute,-1.8971709919308637,0.0,
2026-01-24T10:51:00-05:00,BTC/USD,window360_strategy,hold,0.0,no_change,-2.048708575302048,0.0,edge_filter
2026-01-24T10:51:00-05:00,ETH/USD,window360_strategy,hold,0.0,no_change,-1.9951354774248584,-0.0,edge_filter
2026-01-24T10:51:00-05:00,BTC/USD,window360_strategy,hold,0.0,same_minute,-1.9951354774248584,0.0,
2026-01-24T10:51:00-05:00,ETH/USD,window360_strategy,hold,0.0,same_minute,-1.9951354774248584,0.0,
2026-01-24T10:51:00-05:00,BTC/USD,window360_strategy,hold,0.0,same_minute,-1.9951354774248584,0.0,
2026-01-24T10:51:00-05:00,ETH/USD,window360_strategy,hold,0.0,same_minute,-1.9951354774248584,0.0,
2026-01-24T10:51:00-05:00,BTC/USD,window360_strategy,hold,0.0,same_minute,-1.9951354774248584,0.0,
2026-01-24T10:51:00-05:00,ETH/USD,window360_strategy,hold,0.0,same_minute,-1.9951354774248584,0.0,
2026-01-24T10:51:00-05:00,BTC/USD,window360_strategy,hold,0.0,same_minute,-1.9951354774248584,0.0,
2026-01-24T10:51:00-05:00,ETH/USD,window360_strategy,hold,0.0,same_minute,-1.9951354774248584,0.0,
2026-01-24T10:51:00-05:00,BTC/USD,window360_strategy,hold,0.0,same_minute,-1.9951354774248584,0.0,
2026-01-24T10:51:00-05:00,ETH/USD,window360_strategy,hold,0.0,same_minute,-1.9951354774248584,0.0,
2026-01-24T10:52:00-05:00,BTC/USD,window360_strategy,hold,0.0,no_change,-2.2979996619302017,0.0,edge_filter
2026-01-24T10:52:00-05:00,ETH/USD,window360_strategy,hold,0.0,no_change,-1.8805789539283086,-0.0,edge_filter
2026-01-24T10:52:00-05:00,BTC/USD,window360_strategy,hold,0.0,same_minute,-1.8805789539283086,0.0,
2026-01-24T10:52:00-05:00,ETH/USD,window360_strategy,hold,0.0,same_minute,-1.8805789539283086,0.0,
2026-01-24T10:52:00-05:00,BTC/USD,window360_strategy,hold,0.0,same_minute,-1.8805789539283086,0.0,
2026-01-24T10:52:00-05:00,ETH/USD,window360_strategy,hold,0.0,same_minute,-1.8805789539283086,0.0,
2026-01-24T10:52:00-05:00,BTC/USD,window360_strategy,hold,0.0,same_minute,-1.8805789539283086,0.0,
2026-01-24T10:52:00-05:00,ETH/USD,window360_strategy,hold,0.0,same_minute,-1.8805789539283086,0.0,
2026-01-24T10:52:00-05:00,BTC/USD,window360_strategy,hold,0.0,same_minute,-1.8805789539283086,0.0,
2026-01-24T10:52:00-05:00,ETH/USD,window360_strategy,hold,0.0,same_minute,-1.8805789539283086,0.0,
2026-01-24T10:52:00-05:00,BTC/USD,window360_strategy,hold,0.0,same_minute,-1.8805789539283086,0.0,
2026-01-24T10:52:00-05:00,ETH/USD,window360_strategy,hold,0.0,same_minute,-1.8805789539283086,0.0,
2026-01-24T10:53:00-05:00,BTC/USD,window360_strategy,hold,0.0,no_change,-1.567525611384478,0.0,edge_filter
2026-01-24T10:52:00-05:00,ETH/USD,window360_strategy,hold,0.0,same_minute,-1.5720861978365517,0.0,
2026-01-24T10:53:00-05:00,BTC/USD,window360_strategy,hold,0.0,same_minute,-1.5720861978365517,0.0,
2026-01-24T10:52:00-05:00,ETH/USD,window360_strategy,hold,0.0,same_minute,-1.5720861978365517,0.0,
2026-01-24T10:53:00-05:00,BTC/USD,window360_strategy,hold,0.0,same_minute,-1.5720861978365517,0.0,
2026-01-24T10:52:00-05:00,ETH/USD,window360_strategy,hold,0.0,same_minute,-1.5720861978365517,0.0,
2026-01-24T10:53:00-05:00,BTC/USD,window360_strategy,hold,0.0,same_minute,-1.5720861978365517,0.0,
2026-01-24T10:52:00-05:00,ETH/USD,window360_strategy,hold,0.0,same_minute,-1.5720861978365517,0.0,
2026-01-24T10:53:00-05:00,BTC/USD,window360_strategy,hold,0.0,same_minute,-1.5720861978365517,0.0,
2026-01-24T10:52:00-05:00,ETH/USD,window360_strategy,hold,0.0,same_minute,-1.5720861978365517,0.0,
2026-01-24T10:53:00-05:00,BTC/USD,window360_strategy,hold,0.0,same_minute,-1.5720861978365517,0.0,
2026-01-24T10:52:00-05:00,ETH/USD,window360_strategy,hold,0.0,same_minute,-1.5720861978365517,0.0,
2026-01-24T10:54:00-05:00,BTC/USD,window360_strategy,hold,0.0,no_change,-2.198490746945674,0.0,edge_filter
2026-01-24T10:52:00-05:00,ETH/USD,window360_strategy,hold,0.0,same_minute,-2.1851721074274715,0.0,
2026-01-24T10:54:00-05:00,BTC/USD,window360_strategy,hold,0.0,same_minute,-2.1851721074274715,0.0,
2026-01-24T10:52:00-05:00,ETH/USD,window360_strategy,hold,0.0,same_minute,-2.1851721074274715,0.0,
2026-01-24T10:54:00-05:00,BTC/USD,window360_strategy,hold,0.0,same_minute,-2.1851721074274715,0.0,
2026-01-24T10:52:00-05:00,ETH/USD,window360_strategy,hold,0.0,same_minute,-2.1851721074274715,0.0,
2026-01-24T10:54:00-05:00,BTC/USD,window360_strategy,hold,0.0,same_minute,-2.1851721074274715,0.0,
2026-01-24T10:52:00-05:00,ETH/USD,window360_strategy,hold,0.0,same_minute,-2.1851721074274715,0.0,
2026-01-24T10:54:00-05:00,BTC/USD,window360_strategy,hold,0.0,same_minute,-2.1851721074274715,0.0,
2026-01-24T10:52:00-05:00,ETH/USD,window360_strategy,hold,0.0,same_minute,-2.1851721074274715,0.0,
2026-01-24T10:54:00-05:00,BTC/USD,window360_strategy,hold,0.0,same_minute,-2.1851721074274715,0.0,
2026-01-24T10:52:00-05:00,ETH/USD,window360_strategy,hold,0.0,same_minute,-2.1851721074274715,0.0,
2026-01-24T10:55:00-05:00,BTC/USD,window360_strategy,hold,0.0,no_change,-1.848447525605178,0.0,edge_filter
2026-01-24T10:55:00-05:00,ETH/USD,window360_strategy,hold,0.0,no_change,-1.853299269193049,-0.0,edge_filter
2026-01-24T10:55:00-05:00,BTC/USD,window360_strategy,hold,0.0,same_minute,-1.853299269193049,0.0,
2026-01-24T10:55:00-05:00,ETH/USD,window360_strategy,hold,0.0,same_minute,-1.853299269193049,0.0,
2026-01-24T10:55:00-05:00,BTC/USD,window360_strategy,hold,0.0,same_minute,-1.853299269193049,0.0,
2026-01-24T10:55:00-05:00,ETH/USD,window360_strategy,hold,0.0,same_minute,-1.853299269193049,0.0,
2026-01-24T10:55:00-05:00,BTC/USD,window360_strategy,hold,0.0,same_minute,-1.853299269193049,0.0,
2026-01-24T10:55:00-05:00,ETH/USD,window360_strategy,hold,0.0,same_minute,-1.853299269193049,0.0,
2026-01-24T10:55:00-05:00,BTC/USD,window360_strategy,hold,0.0,same_minute,-1.853299269193049,0.0,
2026-01-24T10:55:00-05:00,ETH/USD,window360_strategy,hold,0.0,same_minute,-1.853299269193049,0.0,
2026-01-24T10:55:00-05:00,BTC/USD,window360_strategy,hold,0.0,same_minute,-1.853299269193049,0.0,
2026-01-24T10:55:00-05:00,ETH/USD,window360_strategy,hold,0.0,same_minute,-1.853299269193049,0.0,
2026-01-24T10:56:00-05:00,BTC/USD,window360_strategy,hold,0.0,no_change,-2.136096234437352,0.0,edge_filter
2026-01-24T10:56:00-05:00,ETH/USD,window360_strategy,hold,0.0,no_change,-1.7318329232070784,-0.0,edge_filter
2026-01-24T10:56:00-05:00,BTC/USD,window360_strategy,hold,0.0,same_minute,-1.7318329232070784,0.0,
2026-01-24T10:56:00-05:00,ETH/USD,window360_strategy,hold,0.0,same_minute,-1.7318329232070784,0.0,
2026-01-24T10:56:00-05:00,BTC/USD,window360_strategy,hold,0.0,same_minute,-1.7318329232070784,0.0,
2026-01-24T10:56:00-05:00,ETH/USD,window360_strategy,hold,0.0,same_minute,-1.7318329232070784,0.0,
2026-01-24T10:56:00-05:00,BTC/USD,window360_strategy,hold,0.0,same_minute,-1.7318329232070784,0.0,
2026-01-24T10:56:00-05:00,ETH/USD,window360_strategy,hold,0.0,same_minute,-1.7318329232070784,0.0,
2026-01-24T10:56:00-05:00,BTC/USD,window360_strategy,hold,0.0,same_minute,-1.7318329232070784,0.0,
2026-01-24T10:56:00-05:00,ETH/USD,window360_strategy,hold,0.0,same_minute,-1.7318329232070784,0.0,
2026-01-24T10:57:00-05:00,BTC/USD,window360_strategy,hold,0.0,no_change,-1.8719927553949178,0.0,edge_filter
2026-01-24T10:57:00-05:00,ETH/USD,window360_strategy,hold,0.0,no_change,-2.2113015428666234,-0.0,edge_filter
2026-01-24T10:57:00-05:00,BTC/USD,window360_strategy,hold,0.0,same_minute,-2.2113015428666234,0.0,
2026-01-24T10:57:00-05:00,ETH/USD,window360_strategy,hold,0.0,same_minute,-2.2113015428666234,0.0,
2026-01-24T10:57:00-05:00,BTC/USD,window360_strategy,hold,0.0,same_minute,-2.2113015428666234,0.0,
2026-01-24T10:57:00-05:00,ETH/USD,window360_strategy,hold,0.0,same_minute,-2.2113015428666234,0.0,
2026-01-24T10:57:00-05:00,BTC/USD,window360_strategy,hold,0.0,same_minute,-2.2113015428666234,0.0,
2026-01-24T10:57:00-05:00,ETH/USD,window360_strategy,hold,0.0,same_minute,-2.2113015428666234,0.0,
2026-01-24T10:57:00-05:00,BTC/USD,window360_strategy,hold,0.0,same_minute,-2.2113015428666234,0.0,
2026-01-24T10:57:00-05:00,ETH/USD,window360_strategy,hold,0.0,same_minute,-2.2113015428666234,0.0,
2026-01-24T10:57:00-05:00,BTC/USD,window360_strategy,hold,0.0,same_minute,-2.2113015428666234,0.0,
2026-01-24T10:57:00-05:00,ETH/USD,window360_strategy,hold,0.0,same_minute,-2.2113015428666234,0.0,
2026-01-24T10:58:00-05:00,BTC/USD,window360_strategy,hold,0.0,no_change,-1.9548258712929267,0.0,edge_filter
2026-01-24T10:57:00-05:00,ETH/USD,window360_strategy,hold,0.0,same_minute,-1.9592147865896843,0.0,
2026-01-24T10:58:00-05:00,BTC/USD,window360_strategy,hold,0.0,same_minute,-1.9592147865896843,0.0,
2026-01-24T10:57:00-05:00,ETH/USD,window360_strategy,hold,0.0,same_minute,-1.9592147865896843,0.0,
2026-01-24T10:58:00-05:00,BTC/USD,window360_strategy,hold,0.0,same_minute,-1.9592147865896843,0.0,
2026-01-24T10:57:00-05:00,ETH/USD,window360_strategy,hold,0.0,same_minute,-1.9592147865896843,0.0,
2026-01-24T10:58:00-05:00,BTC/USD,window360_strategy,hold,0.0,same_minute,-1.9592147865896843,0.0,
2026-01-24T10:57:00-05:00,ETH/USD,window360_strategy,hold,0.0,same_minute,-1.9592147865896843,0.0,
2026-01-24T10:58:00-05:00,BTC/USD,window360_strategy,hold,0.0,same_minute,-1.9592147865896843,0.0,
2026-01-24T10:57:00-05:00,ETH/USD,window360_strategy,hold,0.0,same_minute,-1.9592147865896843,0.0,
2026-01-24T10:58:00-05:00,BTC/USD,window360_strategy,hold,0.0,same_minute,-1.9592147865896843,0.0,
2026-01-24T10:57:00-05:00,ETH/USD,window360_strategy,hold,0.0,same_minute,-1.9592147865896843,0.0,
2026-01-24T10:59:00-05:00,BTC/USD,window360_strategy,hold,0.0,no_change,-1.9203267517950193,0.0,edge_filter
2026-01-24T10:57:00-05:00,ETH/USD,window360_strategy,hold,0.0,same_minute,-1.9204342025555534,0.0,
2026-01-24T10:59:00-05:00,BTC/USD,window360_strategy,hold,0.0,same_minute,-1.9204342025555534,0.0,
2026-01-24T10:57:00-05:00,ETH/USD,window360_strategy,hold,0.0,same_minute,-1.9204342025555534,0.0,
2026-01-24T10:59:00-05:00,BTC/USD,window360_strategy,hold,0.0,same_minute,-1.9204342025555534,0.0,
2026-01-24T10:57:00-05:00,ETH/USD,window360_strategy,hold,0.0,same_minute,-1.9204342025555534,0.0,
2026-01-24T10:59:00-05:00,BTC/USD,window360_strategy,hold,0.0,same_minute,-1.9204342025555534,0.0,
2026-01-24T10:57:00-05:00,ETH/USD,window360_strategy,hold,0.0,same_minute,-1.9204342025555534,0.0,
2026-01-24T10:59:00-05:00,BTC/USD,window360_strategy,hold,0.0,same_minute,-1.9204342025555534,0.0,
2026-01-24T10:57:00-05:00,ETH/USD,window360_strategy,hold,0.0,same_minute,-1.9204342025555534,0.0,
2026-01-24T10:59:00-05:00,BTC/USD,window360_strategy,hold,0.0,same_minute,-1.9204342025555534,0.0,
2026-01-24T10:57:00-05:00,ETH/USD,window360_strategy,hold,0.0,same_minute,-1.9204342025555534,0.0,
2026-01-24T11:00:00-05:00,BTC/USD,window360_strategy,hold,0.0,no_change,-1.7898230622499551,0.0,edge_filter
2026-01-24T11:00:00-05:00,ETH/USD,window360_strategy,hold,0.0,no_change,-2.000362137812102,-0.0,edge_filter
2026-01-24T11:00:00-05:00,BTC/USD,window360_strategy,hold,0.0,same_minute,-2.000362137812102,0.0,
2026-01-24T11:00:00-05:00,ETH/USD,window360_strategy,hold,0.0,same_minute,-2.000362137812102,0.0,
2026-01-24T11:00:00-05:00,BTC/USD,window360_strategy,hold,0.0,same_minute,-2.000362137812102,0.0,
2026-01-24T11:00:00-05:00,ETH/USD,window360_strategy,hold,0.0,same_minute,-2.000362137812102,0.0,
2026-01-24T11:00:00-05:00,BTC/USD,window360_strategy,hold,0.0,same_minute,-2.000362137812102,0.0,
2026-01-24T11:00:00-05:00,ETH/USD,window360_strategy,hold,0.0,same_minute,-2.000362137812102,0.0,
2026-01-24T11:00:00-05:00,BTC/USD,window360_strategy,hold,0.0,same_minute,-2.000362137812102,0.0,
2026-01-24T11:00:00-05:00,ETH/USD,window360_strategy,hold,0.0,same_minute,-2.000362137812102,0.0,
2026-01-24T11:00:00-05:00,BTC/USD,window360_strategy,hold,0.0,same_minute,-2.000362137812102,0.0,
2026-01-24T11:00:00-05:00,ETH/USD,window360_strategy,hold,0.0,same_minute,-2.000362137812102,0.0,
2026-01-24T11:01:00-05:00,BTC/USD,window360_strategy,hold,0.0,no_change,-1.9885920460581112,0.0,edge_filter
2026-01-24T11:00:00-05:00,ETH/USD,window360_strategy,hold,0.0,same_minute,-1.9881758154859643,0.0,
2026-01-24T11:01:00-05:00,BTC/USD,window360_strategy,hold,0.0,same_minute,-1.9881758154859643,0.0,
2026-01-24T11:00:00-05:00,ETH/USD,window360_strategy,hold,0.0,same_minute,-1.9881758154859643,0.0,
2026-01-24T11:01:00-05:00,BTC/USD,window360_strategy,hold,0.0,same_minute,-1.9881758154859643,0.0,
2026-01-24T11:00:00-05:00,ETH/USD,window360_strategy,hold,0.0,same_minute,-1.9881758154859643,0.0,
2026-01-24T11:01:00-05:00,BTC/USD,window360_strategy,hold,0.0,same_minute,-1.9881758154859643,0.0,
2026-01-24T11:00:00-05:00,ETH/USD,window360_strategy,hold,0.0,same_minute,-1.9881758154859643,0.0,
2026-01-24T11:01:00-05:00,BTC/USD,window360_strategy,hold,0.0,same_minute,-1.9881758154859643,0.0,
2026-01-24T11:00:00-05:00,ETH/USD,window360_strategy,hold,0.0,same_minute,-1.9881758154859643,0.0,
2026-01-24T11:01:00-05:00,BTC/USD,window360_strategy,hold,0.0,same_minute,-1.9881758154859643,0.0,
2026-01-24T11:00:00-05:00,ETH/USD,window360_strategy,hold,0.0,same_minute,-1.9881758154859643,0.0,
2026-01-24T11:02:00-05:00,BTC/USD,window360_strategy,hold,0.0,no_change,-2.6346770210539328,0.0,edge_filter
2026-01-24T11:02:00-05:00,ETH/USD,window360_strategy,hold,0.0,no_change,-2.4268499771860395,-0.0,edge_filter
2026-01-24T11:02:00-05:00,BTC/USD,window360_strategy,hold,0.0,same_minute,-2.4268499771860395,0.0,
2026-01-24T11:02:00-05:00,ETH/USD,window360_strategy,hold,0.0,same_minute,-2.4268499771860395,0.0,
2026-01-24T11:02:00-05:00,BTC/USD,window360_strategy,hold,0.0,same_minute,-2.4268499771860395,0.0,
2026-01-24T11:02:00-05:00,ETH/USD,window360_strategy,hold,0.0,same_minute,-2.4268499771860395,0.0,
2026-01-24T11:02:00-05:00,BTC/USD,window360_strategy,hold,0.0,same_minute,-2.4268499771860395,0.0,
2026-01-24T11:02:00-05:00,ETH/USD,window360_strategy,hold,0.0,same_minute,-2.4268499771860395,0.0,
2026-01-24T11:02:00-05:00,BTC/USD,window360_strategy,hold,0.0,same_minute,-2.4268499771860395,0.0,
2026-01-24T11:02:00-05:00,ETH/USD,window360_strategy,hold,0.0,same_minute,-2.4268499771860395,0.0,
2026-01-24T11:02:00-05:00,BTC/USD,window360_strategy,hold,0.0,same_minute,-2.4268499771860395,0.0,
2026-01-24T11:02:00-05:00,ETH/USD,window360_strategy,hold,0.0,same_minute,-2.4268499771860395,0.0,
2026-01-24T11:03:00-05:00,BTC/USD,window360_strategy,hold,0.0,no_change,-2.44774447130873,0.0,edge_filter
2026-01-24T11:02:00-05:00,ETH/USD,window360_strategy,hold,0.0,same_minute,-2.4459790557317236,0.0,
2026-01-24T11:03:00-05:00,BTC/USD,window360_strategy,hold,0.0,same_minute,-2.4459790557317236,0.0,
2026-01-24T11:02:00-05:00,ETH/USD,window360_strategy,hold,0.0,same_minute,-2.4459790557317236,0.0,
2026-01-24T11:03:00-05:00,BTC/USD,window360_strategy,hold,0.0,same_minute,-2.4459790557317236,0.0,
2026-01-24T11:02:00-05:00,ETH/USD,window360_strategy,hold,0.0,same_minute,-2.4459790557317236,0.0,
2026-01-24T11:03:00-05:00,BTC/USD,window360_strategy,hold,0.0,same_minute,-2.4459790557317236,0.0,
2026-01-24T11:02:00-05:00,ETH/USD,window360_strategy,hold,0.0,same_minute,-2.4459790557317236,0.0,
2026-01-24T11:03:00-05:00,BTC/USD,window360_strategy,hold,0.0,same_minute,-2.4459790557317236,0.0,
2026-01-24T11:02:00-05:00,ETH/USD,window360_strategy,hold,0.0,same_minute,-2.4459790557317236,0.0,
2026-01-24T11:04:00-05:00,BTC/USD,window360_strategy,hold,0.0,no_change,-1.7944910425083382,0.0,edge_filter
2026-01-24T11:04:00-05:00,ETH/USD,window360_strategy,hold,0.0,no_change,-1.3550233370317282,-0.0,edge_filter
2026-01-24T11:04:00-05:00,BTC/USD,window360_strategy,hold,0.0,same_minute,-1.3550233370317282,0.0,
2026-01-24T11:04:00-05:00,ETH/USD,window360_strategy,hold,0.0,same_minute,-1.3550233370317282,0.0,
2026-01-24T11:04:00-05:00,BTC/USD,window360_strategy,hold,0.0,same_minute,-1.3550233370317282,0.0,
2026-01-24T11:04:00-05:00,ETH/USD,window360_strategy,hold,0.0,same_minute,-1.3550233370317282,0.0,
2026-01-24T11:04:00-05:00,BTC/USD,window360_strategy,hold,0.0,same_minute,-1.3550233370317282,0.0,
2026-01-24T11:04:00-05:00,ETH/USD,window360_strategy,hold,0.0,same_minute,-1.3550233370317282,0.0,
2026-01-24T11:04:00-05:00,BTC/USD,window360_strategy,hold,0.0,same_minute,-1.3550233370317282,0.0,
2026-01-24T11:04:00-05:00,ETH/USD,window360_strategy,hold,0.0,same_minute,-1.3550233370317282,0.0,
2026-01-24T11:04:00-05:00,BTC/USD,window360_strategy,hold,0.0,same_minute,-1.3550233370317282,0.0,
2026-01-24T11:04:00-05:00,ETH/USD,window360_strategy,hold,0.0,same_minute,-1.3550233370317282,0.0,
2026-01-24T11:05:00-05:00,BTC/USD,window360_strategy,hold,0.0,no_change,-1.3650565101954537,0.0,edge_filter
2026-01-24T11:05:00-05:00,ETH/USD,window360_strategy,hold,0.0,no_change,-1.7580561956416867,-0.0,edge_filter
2026-01-24T11:05:00-05:00,BTC/USD,window360_strategy,hold,0.0,same_minute,-1.7580561956416867,0.0,
2026-01-24T11:05:00-05:00,ETH/USD,window360_strategy,hold,0.0,same_minute,-1.7580561956416867,0.0,
2026-01-24T11:05:00-05:00,BTC/USD,window360_strategy,hold,0.0,same_minute,-1.7580561956416867,0.0,
2026-01-24T11:05:00-05:00,ETH/USD,window360_strategy,hold,0.0,same_minute,-1.7580561956416867,0.0,
2026-01-24T11:05:00-05:00,BTC/USD,window360_strategy,hold,0.0,same_minute,-1.7580561956416867,0.0,
2026-01-24T11:05:00-05:00,ETH/USD,window360_strategy,hold,0.0,same_minute,-1.7580561956416867,0.0,
2026-01-24T11:05:00-05:00,BTC/USD,window360_strategy,hold,0.0,same_minute,-1.7580561956416867,0.0,
2026-01-24T11:05:00-05:00,ETH/USD,window360_strategy,hold,0.0,same_minute,-1.7580561956416867,0.0,
2026-01-24T11:05:00-05:00,BTC/USD,window360_strategy,hold,0.0,same_minute,-1.7580561956416867,0.0,
2026-01-24T11:05:00-05:00,ETH/USD,window360_strategy,hold,0.0,same_minute,-1.7580561956416867,0.0,
2026-01-24T11:06:00-05:00,BTC/USD,window360_strategy,hold,0.0,no_change,-2.0423784389555535,0.0,edge_filter
2026-01-24T11:05:00-05:00,ETH/USD,window360_strategy,hold,0.0,same_minute,-2.0360042721971356,0.0,
2026-01-24T11:06:00-05:00,BTC/USD,window360_strategy,hold,0.0,same_minute,-2.0360042721971356,0.0,
2026-01-24T11:05:00-05:00,ETH/USD,window360_strategy,hold,0.0,same_minute,-2.0360042721971356,0.0,
2026-01-24T11:06:00-05:00,BTC/USD,window360_strategy,hold,0.0,same_minute,-2.0360042721971356,0.0,
2026-01-24T11:05:00-05:00,ETH/USD,window360_strategy,hold,0.0,same_minute,-2.0360042721971356,0.0,
2026-01-24T11:06:00-05:00,BTC/USD,window360_strategy,hold,0.0,same_minute,-2.0360042721971356,0.0,
2026-01-24T11:05:00-05:00,ETH/USD,window360_strategy,hold,0.0,same_minute,-2.0360042721971356,0.0,
2026-01-24T11:06:00-05:00,BTC/USD,window360_strategy,hold,0.0,same_minute,-2.0360042721971356,0.0,
2026-01-24T11:05:00-05:00,ETH/USD,window360_strategy,hold,0.0,same_minute,-2.0360042721971356,0.0,
2026-01-24T11:06:00-05:00,BTC/USD,window360_strategy,hold,0.0,same_minute,-2.0360042721971356,0.0,
2026-01-24T11:05:00-05:00,ETH/USD,window360_strategy,hold,0.0,same_minute,-2.0360042721971356,0.0,
2026-01-24T11:07:00-05:00,BTC/USD,window360_strategy,hold,0.0,no_change,-1.481416644230369,0.0,edge_filter
2026-01-24T11:07:00-05:00,ETH/USD,window360_strategy,hold,0.0,no_change,-1.5507636605156176,-0.0,edge_filter
2026-01-24T11:07:00-05:00,BTC/USD,window360_strategy,hold,0.0,same_minute,-1.5507636605156176,0.0,
2026-01-24T11:07:00-05:00,ETH/USD,window360_strategy,hold,0.0,same_minute,-1.5507636605156176,0.0,
2026-01-24T11:07:00-05:00,BTC/USD,window360_strategy,hold,0.0,same_minute,-1.5507636605156176,0.0,
2026-01-24T11:07:00-05:00,ETH/USD,window360_strategy,hold,0.0,same_minute,-1.5507636605156176,0.0,
2026-01-24T11:07:00-05:00,BTC/USD,window360_strategy,hold,0.0,same_minute,-1.5507636605156176,0.0,
2026-01-24T11:07:00-05:00,ETH/USD,window360_strategy,hold,0.0,same_minute,-1.5507636605156176,0.0,
2026-01-24T11:07:00-05:00,BTC/USD,window360_strategy,hold,0.0,same_minute,-1.5507636605156176,0.0,
2026-01-24T11:07:00-05:00,ETH/USD,window360_strategy,hold,0.0,same_minute,-1.5507636605156176,0.0,
2026-01-24T11:07:00-05:00,BTC/USD,window360_strategy,hold,0.0,same_minute,-1.5507636605156176,0.0,
2026-01-24T11:07:00-05:00,ETH/USD,window360_strategy,hold,0.0,same_minute,-1.5507636605156176,0.0,
2026-01-24T11:08:00-05:00,BTC/USD,window360_strategy,hold,0.0,no_change,-1.3630343838951073,0.0,edge_filter
2026-01-24T11:08:00-05:00,ETH/USD,window360_strategy,hold,0.0,no_change,-1.8389552994104619,-0.0,edge_filter
2026-01-24T11:08:00-05:00,BTC/USD,window360_strategy,hold,0.0,same_minute,-1.8389552994104619,0.0,
2026-01-24T11:08:00-05:00,ETH/USD,window360_strategy,hold,0.0,same_minute,-1.8389552994104619,0.0,
2026-01-24T11:08:00-05:00,BTC/USD,window360_strategy,hold,0.0,same_minute,-1.8389552994104619,0.0,
2026-01-24T11:08:00-05:00,ETH/USD,window360_strategy,hold,0.0,same_minute,-1.8389552994104619,0.0,
2026-01-24T11:08:00-05:00,BTC/USD,window360_strategy,hold,0.0,same_minute,-1.8389552994104619,0.0,
2026-01-24T11:08:00-05:00,ETH/USD,window360_strategy,hold,0.0,same_minute,-1.8389552994104619,0.0,
2026-01-24T11:08:00-05:00,BTC/USD,window360_strategy,hold,0.0,same_minute,-1.8389552994104619,0.0,
2026-01-24T11:08:00-05:00,ETH/USD,window360_strategy,hold,0.0,same_minute,-1.8389552994104619,0.0,
2026-01-24T11:09:00-05:00,BTC/USD,window360_strategy,hold,0.0,no_change,-1.3382141795235225,0.0,edge_filter
2026-01-24T11:09:00-05:00,ETH/USD,window360_strategy,hold,0.0,no_change,-1.3554609674491254,-0.0,edge_filter
2026-01-24T11:09:00-05:00,BTC/USD,window360_strategy,hold,0.0,same_minute,-1.3554609674491254,0.0,
2026-01-24T11:09:00-05:00,ETH/USD,window360_strategy,hold,0.0,same_minute,-1.3554609674491254,0.0,
2026-01-24T11:09:00-05:00,BTC/USD,window360_strategy,hold,0.0,same_minute,-1.3554609674491254,0.0,
2026-01-24T11:09:00-05:00,ETH/USD,window360_strategy,hold,0.0,same_minute,-1.3554609674491254,0.0,
2026-01-24T11:09:00-05:00,BTC/USD,window360_strategy,hold,0.0,same_minute,-1.3554609674491254,0.0,
2026-01-24T11:09:00-05:00,ETH/USD,window360_strategy,hold,0.0,same_minute,-1.3554609674491254,0.0,
2026-01-24T11:09:00-05:00,BTC/USD,window360_strategy,hold,0.0,same_minute,-1.3554609674491254,0.0,
2026-01-24T11:09:00-05:00,ETH/USD,window360_strategy,hold,0.0,same_minute,-1.3554609674491254,0.0,
2026-01-24T11:09:00-05:00,BTC/USD,window360_strategy,hold,0.0,same_minute,-1.3554609674491254,0.0,
2026-01-24T11:09:00-05:00,ETH/USD,window360_strategy,hold,0.0,same_minute,-1.3554609674491254,0.0,
2026-01-24T11:10:00-05:00,BTC/USD,window360_strategy,hold,0.0,no_change,-1.2325399432475166,0.0,edge_filter
2026-01-24T11:09:00-05:00,ETH/USD,window360_strategy,hold,0.0,same_minute,-1.2336182027785336,0.0,
2026-01-24T11:10:00-05:00,BTC/USD,window360_strategy,hold,0.0,same_minute,-1.2336182027785336,0.0,
2026-01-24T11:09:00-05:00,ETH/USD,window360_strategy,hold,0.0,same_minute,-1.2336182027785336,0.0,
2026-01-24T11:10:00-05:00,BTC/USD,window360_strategy,hold,0.0,same_minute,-1.2336182027785336,0.0,
2026-01-24T11:09:00-05:00,ETH/USD,window360_strategy,hold,0.0,same_minute,-1.2336182027785336,0.0,
2026-01-24T11:10:00-05:00,BTC/USD,window360_strategy,hold,0.0,same_minute,-1.2336182027785336,0.0,
2026-01-24T11:09:00-05:00,ETH/USD,window360_strategy,hold,0.0,same_minute,-1.2336182027785336,0.0,
2026-01-24T11:10:00-05:00,BTC/USD,window360_strategy,hold,0.0,same_minute,-1.2336182027785336,0.0,
2026-01-24T11:09:00-05:00,ETH/USD,window360_strategy,hold,0.0,same_minute,-1.2336182027785336,0.0,
2026-01-24T11:11:00-05:00,BTC/USD,window360_strategy,hold,0.0,no_change,-1.6731644758295432,0.0,edge_filter
2026-01-24T11:11:00-05:00,ETH/USD,window360_strategy,hold,0.0,no_change,-1.6079525344834094,-0.0,edge_filter
2026-01-24T11:11:00-05:00,BTC/USD,window360_strategy,hold,0.0,same_minute,-1.6079525344834094,0.0,
2026-01-24T11:11:00-05:00,ETH/USD,window360_strategy,hold,0.0,same_minute,-1.6079525344834094,0.0,
2026-01-24T11:11:00-05:00,BTC/USD,window360_strategy,hold,0.0,same_minute,-1.6079525344834094,0.0,
2026-01-24T11:11:00-05:00,ETH/USD,window360_strategy,hold,0.0,same_minute,-1.6079525344834094,0.0,
2026-01-24T11:11:00-05:00,BTC/USD,window360_strategy,hold,0.0,same_minute,-1.6079525344834094,0.0,
2026-01-24T11:11:00-05:00,ETH/USD,window360_strategy,hold,0.0,same_minute,-1.6079525344834094,0.0,
2026-01-24T11:11:00-05:00,BTC/USD,window360_strategy,hold,0.0,same_minute,-1.6079525344834094,0.0,
2026-01-24T11:11:00-05:00,ETH/USD,window360_strategy,hold,0.0,same_minute,-1.6079525344834094,0.0,
2026-01-24T11:11:00-05:00,BTC/USD,window360_strategy,hold,0.0,same_minute,-1.6079525344834094,0.0,
2026-01-24T11:11:00-05:00,ETH/USD,window360_strategy,hold,0.0,same_minute,-1.6079525344834094,0.0,
2026-01-24T11:12:00-05:00,BTC/USD,window360_strategy,hold,0.0,no_change,-1.7779142533360452,0.0,edge_filter
2026-01-24T11:12:00-05:00,ETH/USD,window360_strategy,hold,0.0,no_change,-1.5171162928489066,-0.0,edge_filter
2026-01-24T11:12:00-05:00,BTC/USD,window360_strategy,hold,0.0,same_minute,-1.5171162928489066,0.0,
2026-01-24T11:12:00-05:00,ETH/USD,window360_strategy,hold,0.0,same_minute,-1.5171162928489066,0.0,
2026-01-24T11:12:00-05:00,BTC/USD,window360_strategy,hold,0.0,same_minute,-1.5171162928489066,0.0,
2026-01-24T11:12:00-05:00,ETH/USD,window360_strategy,hold,0.0,same_minute,-1.5171162928489066,0.0,
2026-01-24T11:12:00-05:00,BTC/USD,window360_strategy,hold,0.0,same_minute,-1.5171162928489066,0.0,
2026-01-24T11:12:00-05:00,ETH/USD,window360_strategy,hold,0.0,same_minute,-1.5171162928489066,0.0,
2026-01-24T11:12:00-05:00,BTC/USD,window360_strategy,hold,0.0,same_minute,-1.5171162928489066,0.0,
2026-01-24T11:12:00-05:00,ETH/USD,window360_strategy,hold,0.0,same_minute,-1.5171162928489066,0.0,
2026-01-24T11:12:00-05:00,BTC/USD,window360_strategy,hold,0.0,same_minute,-1.5171162928489066,0.0,
2026-01-24T11:12:00-05:00,ETH/USD,window360_strategy,hold,0.0,same_minute,-1.5171162928489066,0.0,
2026-01-24T11:13:00-05:00,BTC/USD,window360_strategy,hold,0.0,no_change,-2.689197137726921,0.0,edge_filter
2026-01-24T11:13:00-05:00,ETH/USD,window360_strategy,hold,0.0,no_change,-2.424081342750685,-0.0,edge_filter
2026-01-24T11:13:00-05:00,BTC/USD,window360_strategy,hold,0.0,same_minute,-2.424081342750685,0.0,
2026-01-24T11:13:00-05:00,ETH/USD,window360_strategy,hold,0.0,same_minute,-2.424081342750685,0.0,
2026-01-24T11:13:00-05:00,BTC/USD,window360_strategy,hold,0.0,same_minute,-2.424081342750685,0.0,
2026-01-24T11:13:00-05:00,ETH/USD,window360_strategy,hold,0.0,same_minute,-2.424081342750685,0.0,
2026-01-24T11:13:00-05:00,BTC/USD,window360_strategy,hold,0.0,same_minute,-2.424081342750685,0.0,
2026-01-24T11:13:00-05:00,ETH/USD,window360_strategy,hold,0.0,same_minute,-2.424081342750685,0.0,
2026-01-24T11:13:00-05:00,BTC/USD,window360_strategy,hold,0.0,same_minute,-2.424081342750685,0.0,
2026-01-24T11:13:00-05:00,ETH/USD,window360_strategy,hold,0.0,same_minute,-2.424081342750685,0.0,
2026-01-24T11:13:00-05:00,BTC/USD,window360_strategy,hold,0.0,same_minute,-2.424081342750685,0.0,
2026-01-24T11:13:00-05:00,ETH/USD,window360_strategy,hold,0.0,same_minute,-2.424081342750685,0.0,
2026-01-24T11:14:00-05:00,BTC/USD,window360_strategy,hold,0.0,no_change,-1.5948691172401541,0.0,edge_filter
2026-01-24T11:14:00-05:00,ETH/USD,window360_strategy,hold,0.0,no_change,-1.6020298700610853,-0.0,edge_filter
2026-01-24T11:14:00-05:00,BTC/USD,window360_strategy,hold,0.0,same_minute,-1.6020298700610853,0.0,
2026-01-24T11:14:00-05:00,ETH/USD,window360_strategy,hold,0.0,same_minute,-1.6020298700610853,0.0,
2026-01-24T11:14:00-05:00,BTC/USD,window360_strategy,hold,0.0,same_minute,-1.6020298700610853,0.0,
2026-01-24T11:14:00-05:00,ETH/USD,window360_strategy,hold,0.0,same_minute,-1.6020298700610853,0.0,
2026-01-24T11:14:00-05:00,BTC/USD,window360_strategy,hold,0.0,same_minute,-1.6020298700610853,0.0,
2026-01-24T11:14:00-05:00,ETH/USD,window360_strategy,hold,0.0,same_minute,-1.6020298700610853,0.0,
2026-01-24T11:14:00-05:00,BTC/USD,window360_strategy,hold,0.0,same_minute,-1.6020298700610853,0.0,
2026-01-24T11:14:00-05:00,ETH/USD,window360_strategy,hold,0.0,same_minute,-1.6020298700610853,0.0,
2026-01-24T11:15:00-05:00,BTC/USD,window360_strategy,hold,0.0,no_change,-1.2871500891305172,0.0,edge_filter
2026-01-24T11:14:00-05:00,ETH/USD,window360_strategy,hold,0.0,same_minute,-1.2914222611646164,0.0,
2026-01-24T11:15:00-05:00,BTC/USD,window360_strategy,hold,0.0,same_minute,-1.2914222611646164,0.0,
2026-01-24T11:14:00-05:00,ETH/USD,window360_strategy,hold,0.0,same_minute,-1.2914222611646164,0.0,
2026-01-24T11:15:00-05:00,BTC/USD,window360_strategy,hold,0.0,same_minute,-1.2914222611646164,0.0,
2026-01-24T11:14:00-05:00,ETH/USD,window360_strategy,hold,0.0,same_minute,-1.2914222611646164,0.0,
2026-01-24T11:15:00-05:00,BTC/USD,window360_strategy,hold,0.0,same_minute,-1.2914222611646164,0.0,
2026-01-24T11:14:00-05:00,ETH/USD,window360_strategy,hold,0.0,same_minute,-1.2914222611646164,0.0,
2026-01-24T11:15:00-05:00,BTC/USD,window360_strategy,hold,0.0,same_minute,-1.2914222611646164,0.0,
2026-01-24T11:14:00-05:00,ETH/USD,window360_strategy,hold,0.0,same_minute,-1.2914222611646164,0.0,
2026-01-24T11:15:00-05:00,BTC/USD,window360_strategy,hold,0.0,same_minute,-1.2914222611646164,0.0,
2026-01-24T11:14:00-05:00,ETH/USD,window360_strategy,hold,0.0,same_minute,-1.2914222611646164,0.0,
2026-01-24T11:16:00-05:00,BTC/USD,window360_strategy,hold,0.0,no_change,-2.236485877869129,0.0,edge_filter
2026-01-24T11:16:00-05:00,ETH/USD,window360_strategy,hold,0.0,no_change,-1.8838225684936736,-0.0,edge_filter
2026-01-24T11:16:00-05:00,BTC/USD,window360_strategy,hold,0.0,same_minute,-1.8838225684936736,0.0,
2026-01-24T11:16:00-05:00,ETH/USD,window360_strategy,hold,0.0,same_minute,-1.8838225684936736,0.0,
2026-01-24T11:16:00-05:00,BTC/USD,window360_strategy,hold,0.0,same_minute,-1.8838225684936736,0.0,
2026-01-24T11:16:00-05:00,ETH/USD,window360_strategy,hold,0.0,same_minute,-1.8838225684936736,0.0,
2026-01-24T11:16:00-05:00,BTC/USD,window360_strategy,hold,0.0,same_minute,-1.8838225684936736,0.0,
2026-01-24T11:16:00-05:00,ETH/USD,window360_strategy,hold,0.0,same_minute,-1.8838225684936736,0.0,
2026-01-24T11:16:00-05:00,BTC/USD,window360_strategy,hold,0.0,same_minute,-1.8838225684936736,0.0,
2026-01-24T11:16:00-05:00,ETH/USD,window360_strategy,hold,0.0,same_minute,-1.8838225684936736,0.0,
2026-01-24T11:16:00-05:00,BTC/USD,window360_strategy,hold,0.0,same_minute,-1.8838225684936736,0.0,
2026-01-24T11:16:00-05:00,ETH/USD,window360_strategy,hold,0.0,same_minute,-1.8838225684936736,0.0,
2026-01-24T11:17:00-05:00,BTC/USD,window360_strategy,hold,0.0,no_change,-1.7323903024350118,0.0,edge_filter
2026-01-24T11:17:00-05:00,ETH/USD,window360_strategy,hold,0.0,no_change,-1.2403030670291473,-0.0,edge_filter
2026-01-24T11:17:00-05:00,BTC/USD,window360_strategy,hold,0.0,same_minute,-1.2403030670291473,0.0,
2026-01-24T11:17:00-05:00,ETH/USD,window360_strategy,hold,0.0,same_minute,-1.2403030670291473,0.0,
2026-01-24T11:17:00-05:00,BTC/USD,window360_strategy,hold,0.0,same_minute,-1.2403030670291473,0.0,
2026-01-24T11:17:00-05:00,ETH/USD,window360_strategy,hold,0.0,same_minute,-1.2403030670291473,0.0,
2026-01-24T11:17:00-05:00,BTC/USD,window360_strategy,hold,0.0,same_minute,-1.2403030670291473,0.0,
2026-01-24T11:17:00-05:00,ETH/USD,window360_strategy,hold,0.0,same_minute,-1.2403030670291473,0.0,
2026-01-24T11:17:00-05:00,BTC/USD,window360_strategy,hold,0.0,same_minute,-1.2403030670291473,0.0,
2026-01-24T11:17:00-05:00,ETH/USD,window360_strategy,hold,0.0,same_minute,-1.2403030670291473,0.0,
2026-01-24T11:17:00-05:00,BTC/USD,window360_strategy,hold,0.0,same_minute,-1.2403030670291473,0.0,
2026-01-24T11:17:00-05:00,ETH/USD,window360_strategy,hold,0.0,same_minute,-1.2403030670291473,0.0,
2026-01-24T11:18:00-05:00,BTC/USD,window360_strategy,hold,0.0,no_change,-1.2848602804579308,0.0,edge_filter
2026-01-24T11:18:00-05:00,ETH/USD,window360_strategy,hold,0.0,no_change,-1.120316186360722,-0.0,below_z_enter
2026-01-24T11:18:00-05:00,BTC/USD,window360_strategy,hold,0.0,same_minute,-1.120316186360722,0.0,
2026-01-24T11:18:00-05:00,ETH/USD,window360_strategy,hold,0.0,same_minute,-1.120316186360722,0.0,
2026-01-24T11:18:00-05:00,BTC/USD,window360_strategy,hold,0.0,same_minute,-1.120316186360722,0.0,
2026-01-24T11:18:00-05:00,ETH/USD,window360_strategy,hold,0.0,same_minute,-1.120316186360722,0.0,
2026-01-24T11:18:00-05:00,BTC/USD,window360_strategy,hold,0.0,same_minute,-1.120316186360722,0.0,
2026-01-24T11:18:00-05:00,ETH/USD,window360_strategy,hold,0.0,same_minute,-1.120316186360722,0.0,
2026-01-24T11:18:00-05:00,BTC/USD,window360_strategy,hold,0.0,same_minute,-1.120316186360722,0.0,
2026-01-24T11:18:00-05:00,ETH/USD,window360_strategy,hold,0.0,same_minute,-1.120316186360722,0.0,
2026-01-24T11:18:00-05:00,BTC/USD,window360_strategy,hold,0.0,same_minute,-1.120316186360722,0.0,
2026-01-24T11:18:00-05:00,ETH/USD,window360_strategy,hold,0.0,same_minute,-1.120316186360722,0.0,
2026-01-24T11:19:00-05:00,BTC/USD,window360_strategy,hold,0.0,no_change,-1.0509896203157416,0.0,below_z_enter
2026-01-24T11:19:00-05:00,ETH/USD,window360_strategy,hold,0.0,no_change,-1.416404043254168,-0.0,edge_filter
2026-01-24T11:19:00-05:00,BTC/USD,window360_strategy,hold,0.0,same_minute,-1.416404043254168,0.0,
2026-01-24T11:19:00-05:00,ETH/USD,window360_strategy,hold,0.0,same_minute,-1.416404043254168,0.0,
2026-01-24T11:19:00-05:00,BTC/USD,window360_strategy,hold,0.0,same_minute,-1.416404043254168,0.0,
2026-01-24T11:19:00-05:00,ETH/USD,window360_strategy,hold,0.0,same_minute,-1.416404043254168,0.0,
2026-01-24T11:19:00-05:00,BTC/USD,window360_strategy,hold,0.0,same_minute,-1.416404043254168,0.0,
2026-01-24T11:19:00-05:00,ETH/USD,window360_strategy,hold,0.0,same_minute,-1.416404043254168,0.0,
2026-01-24T11:19:00-05:00,BTC/USD,window360_strategy,hold,0.0,same_minute,-1.416404043254168,0.0,
2026-01-24T11:19:00-05:00,ETH/USD,window360_strategy,hold,0.0,same_minute,-1.416404043254168,0.0,
2026-01-24T11:19:00-05:00,BTC/USD,window360_strategy,hold,0.0,same_minute,-1.416404043254168,0.0,
2026-01-24T11:19:00-05:00,ETH/USD,window360_strategy,hold,0.0,same_minute,-1.416404043254168,0.0,
2026-01-24T11:20:00-05:00,BTC/USD,window360_strategy,hold,0.0,no_change,-1.350497721608013,0.0,edge_filter
2026-01-24T11:19:00-05:00,ETH/USD,window360_strategy,hold,0.0,same_minute,-1.3506038276135468,0.0,
2026-01-24T11:20:00-05:00,BTC/USD,window360_strategy,hold,0.0,same_minute,-1.3506038276135468,0.0,
2026-01-24T11:19:00-05:00,ETH/USD,window360_strategy,hold,0.0,same_minute,-1.3506038276135468,0.0,
2026-01-24T11:20:00-05:00,BTC/USD,window360_strategy,hold,0.0,same_minute,-1.3506038276135468,0.0,
2026-01-24T11:19:00-05:00,ETH/USD,window360_strategy,hold,0.0,same_minute,-1.3506038276135468,0.0,
2026-01-24T11:20:00-05:00,BTC/USD,window360_strategy,hold,0.0,same_minute,-1.3506038276135468,0.0,
2026-01-24T11:19:00-05:00,ETH/USD,window360_strategy,hold,0.0,same_minute,-1.3506038276135468,0.0,
2026-01-24T11:20:00-05:00,BTC/USD,window360_strategy,hold,0.0,same_minute,-1.3506038276135468,0.0,
2026-01-24T11:19:00-05:00,ETH/USD,window360_strategy,hold,0.0,same_minute,-1.3506038276135468,0.0,
2026-01-24T11:20:00-05:00,BTC/USD,window360_strategy,hold,0.0,same_minute,-1.3506038276135468,0.0,
2026-01-24T11:19:00-05:00,ETH/USD,window360_strategy,hold,0.0,same_minute,-1.3506038276135468,0.0,
2026-01-24T11:21:00-05:00,BTC/USD,window360_strategy,hold,0.0,no_change,-1.3465543419257127,0.0,edge_filter
2026-01-24T11:21:00-05:00,ETH/USD,window360_strategy,hold,0.0,no_change,-1.5978300335886033,-0.0,edge_filter
2026-01-24T11:21:00-05:00,BTC/USD,window360_strategy,hold,0.0,same_minute,-1.5978300335886033,0.0,
2026-01-24T11:21:00-05:00,ETH/USD,window360_strategy,hold,0.0,same_minute,-1.5978300335886033,0.0,
2026-01-24T11:21:00-05:00,BTC/USD,window360_strategy,hold,0.0,same_minute,-1.5978300335886033,0.0,
2026-01-24T11:21:00-05:00,ETH/USD,window360_strategy,hold,0.0,same_minute,-1.5978300335886033,0.0,
2026-01-24T11:21:00-05:00,BTC/USD,window360_strategy,hold,0.0,same_minute,-1.5978300335886033,0.0,
2026-01-24T11:21:00-05:00,ETH/USD,window360_strategy,hold,0.0,same_minute,-1.5978300335886033,0.0,
2026-01-24T11:21:00-05:00,BTC/USD,window360_strategy,hold,0.0,same_minute,-1.5978300335886033,0.0,
2026-01-24T11:21:00-05:00,ETH/USD,window360_strategy,hold,0.0,same_minute,-1.5978300335886033,0.0,
2026-01-24T11:21:00-05:00,BTC/USD,window360_strategy,hold,0.0,same_minute,-1.5978300335886033,0.0,
2026-01-24T11:21:00-05:00,ETH/USD,window360_strategy,hold,0.0,same_minute,-1.5978300335886033,0.0,
2026-01-24T11:22:00-05:00,BTC/USD,window360_strategy,hold,0.0,no_change,-1.3914259374410018,0.0,edge_filter
2026-01-24T11:22:00-05:00,ETH/USD,window360_strategy,hold,0.0,no_change,-1.3914259374410018,-0.0,edge_filter
2026-01-24T11:22:00-05:00,BTC/USD,window360_strategy,hold,0.0,same_minute,-1.3914259374410018,0.0,
2026-01-24T11:22:00-05:00,ETH/USD,window360_strategy,hold,0.0,same_minute,-1.3914259374410018,0.0,
2026-01-24T11:22:00-05:00,BTC/USD,window360_strategy,hold,0.0,same_minute,-1.3914259374410018,0.0,
2026-01-24T11:22:00-05:00,ETH/USD,window360_strategy,hold,0.0,same_minute,-1.3914259374410018,0.0,
2026-01-24T11:22:00-05:00,BTC/USD,window360_strategy,hold,0.0,same_minute,-1.3914259374410018,0.0,
2026-01-24T11:22:00-05:00,ETH/USD,window360_strategy,hold,0.0,same_minute,-1.3914259374410018,0.0,
2026-01-24T11:22:00-05:00,BTC/USD,window360_strategy,hold,0.0,same_minute,-1.3914259374410018,0.0,
2026-01-24T11:22:00-05:00,ETH/USD,window360_strategy,hold,0.0,same_minute,-1.3914259374410018,0.0,
2026-01-24T11:23:00-05:00,BTC/USD,window360_strategy,hold,0.0,no_change,-1.1849437830033247,0.0,below_z_enter
2026-01-24T11:23:00-05:00,ETH/USD,window360_strategy,hold,0.0,no_change,-1.06499509829464,-0.0,below_z_enter
2026-01-24T11:23:00-05:00,BTC/USD,window360_strategy,hold,0.0,same_minute,-1.06499509829464,0.0,
2026-01-24T11:23:00-05:00,ETH/USD,window360_strategy,hold,0.0,same_minute,-1.06499509829464,0.0,
2026-01-24T11:23:00-05:00,BTC/USD,window360_strategy,hold,0.0,same_minute,-1.06499509829464,0.0,
2026-01-24T11:23:00-05:00,ETH/USD,window360_strategy,hold,0.0,same_minute,-1.06499509829464,0.0,
2026-01-24T11:23:00-05:00,BTC/USD,window360_strategy,hold,0.0,same_minute,-1.06499509829464,0.0,
2026-01-24T11:23:00-05:00,ETH/USD,window360_strategy,hold,0.0,same_minute,-1.06499509829464,0.0,
2026-01-24T11:23:00-05:00,BTC/USD,window360_strategy,hold,0.0,same_minute,-1.06499509829464,0.0,
2026-01-24T11:23:00-05:00,ETH/USD,window360_strategy,hold,0.0,same_minute,-1.06499509829464,0.0,
2026-01-24T11:23:00-05:00,BTC/USD,window360_strategy,hold,0.0,same_minute,-1.06499509829464,0.0,
2026-01-24T11:23:00-05:00,ETH/USD,window360_strategy,hold,0.0,same_minute,-1.06499509829464,0.0,
2026-01-24T11:24:00-05:00,BTC/USD,window360_strategy,hold,0.0,no_change,-0.9950068120430862,0.0,below_z_enter
2026-01-24T11:24:00-05:00,ETH/USD,window360_strategy,hold,0.0,no_change,-0.9056393137001826,-0.0,below_z_enter
2026-01-24T11:24:00-05:00,BTC/USD,window360_strategy,hold,0.0,same_minute,-0.9056393137001826,0.0,
2026-01-24T11:24:00-05:00,ETH/USD,window360_strategy,hold,0.0,same_minute,-0.9056393137001826,0.0,
2026-01-24T11:24:00-05:00,BTC/USD,window360_strategy,hold,0.0,same_minute,-0.9056393137001826,0.0,
2026-01-24T11:24:00-05:00,ETH/USD,window360_strategy,hold,0.0,same_minute,-0.9056393137001826,0.0,
2026-01-24T11:24:00-05:00,BTC/USD,window360_strategy,hold,0.0,same_minute,-0.9056393137001826,0.0,
2026-01-24T11:24:00-05:00,ETH/USD,window360_strategy,hold,0.0,same_minute,-0.9056393137001826,0.0,
2026-01-24T11:24:00-05:00,BTC/USD,window360_strategy,hold,0.0,same_minute,-0.9056393137001826,0.0,
2026-01-24T11:24:00-05:00,ETH/USD,window360_strategy,hold,0.0,same_minute,-0.9056393137001826,0.0,
2026-01-24T11:24:00-05:00,BTC/USD,window360_strategy,hold,0.0,same_minute,-0.9056393137001826,0.0,
2026-01-24T11:24:00-05:00,ETH/USD,window360_strategy,hold,0.0,same_minute,-0.9056393137001826,0.0,
2026-01-24T11:24:00-05:00,BTC/USD,window360_strategy,hold,0.0,same_minute,-0.9056393137001826,0.0,
2026-01-24T11:25:00-05:00,ETH/USD,window360_strategy,hold,0.0,no_change,-0.6716895109142325,-0.0,below_z_enter
2026-01-24T11:24:00-05:00,BTC/USD,window360_strategy,hold,0.0,same_minute,-0.6719120076258345,0.0,
2026-01-24T11:25:00-05:00,ETH/USD,window360_strategy,hold,0.0,same_minute,-0.6719120076258345,0.0,
2026-01-24T11:24:00-05:00,BTC/USD,window360_strategy,hold,0.0,same_minute,-0.6719120076258345,0.0,
2026-01-24T11:25:00-05:00,ETH/USD,window360_strategy,hold,0.0,same_minute,-0.6719120076258345,0.0,
2026-01-24T11:24:00-05:00,BTC/USD,window360_strategy,hold,0.0,same_minute,-0.6719120076258345,0.0,
2026-01-24T11:25:00-05:00,ETH/USD,window360_strategy,hold,0.0,same_minute,-0.6719120076258345,0.0,
2026-01-24T11:24:00-05:00,BTC/USD,window360_strategy,hold,0.0,same_minute,-0.6719120076258345,0.0,
2026-01-24T11:25:00-05:00,ETH/USD,window360_strategy,hold,0.0,same_minute,-0.6719120076258345,0.0,
2026-01-24T11:24:00-05:00,BTC/USD,window360_strategy,hold,0.0,same_minute,-0.6719120076258345,0.0,
2026-01-24T11:25:00-05:00,ETH/USD,window360_strategy,hold,0.0,same_minute,-0.6719120076258345,0.0,
2026-01-24T11:26:00-05:00,BTC/USD,window360_strategy,hold,0.0,no_change,-0.6415203874648167,0.0,below_z_enter
2026-01-24T11:26:00-05:00,ETH/USD,window360_strategy,hold,0.0,no_change,-0.6135928716055774,-0.0,below_z_enter
2026-01-24T11:26:00-05:00,BTC/USD,window360_strategy,hold,0.0,same_minute,-0.6135928716055774,0.0,
2026-01-24T11:26:00-05:00,ETH/USD,window360_strategy,hold,0.0,same_minute,-0.6135928716055774,0.0,
2026-01-24T11:26:00-05:00,BTC/USD,window360_strategy,hold,0.0,same_minute,-0.6135928716055774,0.0,
2026-01-24T11:26:00-05:00,ETH/USD,window360_strategy,hold,0.0,same_minute,-0.6135928716055774,0.0,
2026-01-24T11:26:00-05:00,BTC/USD,window360_strategy,hold,0.0,same_minute,-0.6135928716055774,0.0,
2026-01-24T11:26:00-05:00,ETH/USD,window360_strategy,hold,0.0,same_minute,-0.6135928716055774,0.0,
2026-01-24T11:26:00-05:00,BTC/USD,window360_strategy,hold,0.0,same_minute,-0.6135928716055774,0.0,
2026-01-24T11:26:00-05:00,ETH/USD,window360_strategy,hold,0.0,same_minute,-0.6135928716055774,0.0,
2026-01-24T11:26:00-05:00,BTC/USD,window360_strategy,hold,0.0,same_minute,-0.6135928716055774,0.0,
2026-01-24T11:26:00-05:00,ETH/USD,window360_strategy,hold,0.0,same_minute,-0.6135928716055774,0.0,
2026-01-24T11:27:00-05:00,BTC/USD,window360_strategy,hold,0.0,no_change,0.007091531081881922,0.0,below_z_enter
2026-01-24T11:27:00-05:00,ETH/USD,window360_strategy,hold,0.0,no_change,-0.22542123363173547,-0.0,below_z_enter
2026-01-24T11:27:00-05:00,BTC/USD,window360_strategy,hold,0.0,same_minute,-0.22542123363173547,0.0,
2026-01-24T11:27:00-05:00,ETH/USD,window360_strategy,hold,0.0,same_minute,-0.22542123363173547,0.0,
2026-01-24T11:27:00-05:00,BTC/USD,window360_strategy,hold,0.0,same_minute,-0.22542123363173547,0.0,
2026-01-24T11:27:00-05:00,ETH/USD,window360_strategy,hold,0.0,same_minute,-0.22542123363173547,0.0,
2026-01-24T11:27:00-05:00,BTC/USD,window360_strategy,hold,0.0,same_minute,-0.22542123363173547,0.0,
2026-01-24T11:27:00-05:00,ETH/USD,window360_strategy,hold,0.0,same_minute,-0.22542123363173547,0.0,
2026-01-24T11:27:00-05:00,BTC/USD,window360_strategy,hold,0.0,same_minute,-0.22542123363173547,0.0,
2026-01-24T11:27:00-05:00,ETH/USD,window360_strategy,hold,0.0,same_minute,-0.22542123363173547,0.0,
2026-01-24T11:27:00-05:00,BTC/USD,window360_strategy,hold,0.0,same_minute,-0.22542123363173547,0.0,
2026-01-24T11:27:00-05:00,ETH/USD,window360_strategy,hold,0.0,same_minute,-0.22542123363173547,0.0,
2026-01-24T11:28:00-05:00,BTC/USD,window360_strategy,hold,0.0,no_change,-0.48475793392181715,0.0,below_z_enter
2026-01-24T11:28:00-05:00,ETH/USD,window360_strategy,hold,0.0,no_change,-0.7856452909208655,-0.0,below_z_enter
2026-01-24T11:28:00-05:00,BTC/USD,window360_strategy,hold,0.0,same_minute,-0.7856452909208655,0.0,
2026-01-24T11:28:00-05:00,ETH/USD,window360_strategy,hold,0.0,same_minute,-0.7856452909208655,0.0,
2026-01-24T11:28:00-05:00,BTC/USD,window360_strategy,hold,0.0,same_minute,-0.7856452909208655,0.0,
2026-01-24T11:28:00-05:00,ETH/USD,window360_strategy,hold,0.0,same_minute,-0.7856452909208655,0.0,
2026-01-24T11:28:00-05:00,BTC/USD,window360_strategy,hold,0.0,same_minute,-0.7856452909208655,0.0,
2026-01-24T11:28:00-05:00,ETH/USD,window360_strategy,hold,0.0,same_minute,-0.7856452909208655,0.0,
2026-01-24T11:28:00-05:00,BTC/USD,window360_strategy,hold,0.0,same_minute,-0.7856452909208655,0.0,
2026-01-24T11:28:00-05:00,ETH/USD,window360_strategy,hold,0.0,same_minute,-0.7856452909208655,0.0,
2026-01-24T11:28:00-05:00,BTC/USD,window360_strategy,hold,0.0,same_minute,-0.7856452909208655,0.0,
2026-01-24T11:28:00-05:00,ETH/USD,window360_strategy,hold,0.0,same_minute,-0.7856452909208655,0.0,
2026-01-24T11:29:00-05:00,BTC/USD,window360_strategy,hold,0.0,no_change,-0.7900098024030419,0.0,below_z_enter
2026-01-24T11:29:00-05:00,ETH/USD,window360_strategy,hold,0.0,no_change,-0.9621171731560328,-0.0,below_z_enter
2026-01-24T11:29:00-05:00,BTC/USD,window360_strategy,hold,0.0,same_minute,-0.9621171731560328,0.0,
2026-01-24T11:29:00-05:00,ETH/USD,window360_strategy,hold,0.0,same_minute,-0.9621171731560328,0.0,
2026-01-24T11:29:00-05:00,BTC/USD,window360_strategy,hold,0.0,same_minute,-0.9621171731560328,0.0,
2026-01-24T11:29:00-05:00,ETH/USD,window360_strategy,hold,0.0,same_minute,-0.9621171731560328,0.0,
2026-01-24T11:29:00-05:00,BTC/USD,window360_strategy,hold,0.0,same_minute,-0.9621171731560328,0.0,
2026-01-24T11:29:00-05:00,ETH/USD,window360_strategy,hold,0.0,same_minute,-0.9621171731560328,0.0,
2026-01-24T11:29:00-05:00,BTC/USD,window360_strategy,hold,0.0,same_minute,-0.9621171731560328,0.0,
2026-01-24T11:29:00-05:00,ETH/USD,window360_strategy,hold,0.0,same_minute,-0.9621171731560328,0.0,
2026-01-24T11:30:00-05:00,BTC/USD,window360_strategy,hold,0.0,no_change,-0.9524550129644787,0.0,below_z_enter
2026-01-24T11:29:00-05:00,ETH/USD,window360_strategy,hold,0.0,same_minute,-0.9523553296143573,0.0,
2026-01-24T11:30:00-05:00,BTC/USD,window360_strategy,hold,0.0,same_minute,-0.9523553296143573,0.0,
2026-01-24T11:29:00-05:00,ETH/USD,window360_strategy,hold,0.0,same_minute,-0.9523553296143573,0.0,
2026-01-24T11:30:00-05:00,BTC/USD,window360_strategy,hold,0.0,same_minute,-0.9523553296143573,0.0,
2026-01-24T11:29:00-05:00,ETH/USD,window360_strategy,hold,0.0,same_minute,-0.9523553296143573,0.0,
2026-01-24T11:30:00-05:00,BTC/USD,window360_strategy,hold,0.0,same_minute,-0.9523553296143573,0.0,
2026-01-24T11:29:00-05:00,ETH/USD,window360_strategy,hold,0.0,same_minute,-0.9523553296143573,0.0,
2026-01-24T11:30:00-05:00,BTC/USD,window360_strategy,hold,0.0,same_minute,-0.9523553296143573,0.0,
2026-01-24T11:29:00-05:00,ETH/USD,window360_strategy,hold,0.0,same_minute,-0.9523553296143573,0.0,
2026-01-24T11:30:00-05:00,BTC/USD,window360_strategy,hold,0.0,same_minute,-0.9523553296143573,0.0,
2026-01-24T11:29:00-05:00,ETH/USD,window360_strategy,hold,0.0,same_minute,-0.9523553296143573,0.0,
2026-01-24T11:31:00-05:00,BTC/USD,window360_strategy,hold,0.0,no_change,-1.003820495436085,0.0,below_z_enter
2026-01-24T11:31:00-05:00,ETH/USD,window360_strategy,hold,0.0,no_change,-1.01369739273942,-0.0,below_z_enter
2026-01-24T11:31:00-05:00,BTC/USD,window360_strategy,hold,0.0,same_minute,-1.01369739273942,0.0,
2026-01-24T11:31:00-05:00,ETH/USD,window360_strategy,hold,0.0,same_minute,-1.01369739273942,0.0,
2026-01-24T11:31:00-05:00,BTC/USD,window360_strategy,hold,0.0,same_minute,-1.01369739273942,0.0,
2026-01-24T11:31:00-05:00,ETH/USD,window360_strategy,hold,0.0,same_minute,-1.01369739273942,0.0,
2026-01-24T11:31:00-05:00,BTC/USD,window360_strategy,hold,0.0,same_minute,-1.01369739273942,0.0,
2026-01-24T11:31:00-05:00,ETH/USD,window360_strategy,hold,0.0,same_minute,-1.01369739273942,0.0,
2026-01-24T11:31:00-05:00,BTC/USD,window360_strategy,hold,0.0,same_minute,-1.01369739273942,0.0,
2026-01-24T11:31:00-05:00,ETH/USD,window360_strategy,hold,0.0,same_minute,-1.01369739273942,0.0,
2026-01-24T11:31:00-05:00,BTC/USD,window360_strategy,hold,0.0,same_minute,-1.01369739273942,0.0,
2026-01-24T11:31:00-05:00,ETH/USD,window360_strategy,hold,0.0,same_minute,-1.01369739273942,0.0,
2026-01-24T11:32:00-05:00,BTC/USD,window360_strategy,hold,0.0,no_change,-0.8631558430290089,0.0,below_z_enter
2026-01-24T11:32:00-05:00,ETH/USD,window360_strategy,hold,0.0,no_change,-0.7524323512835922,-0.0,below_z_enter
2026-01-24T11:32:00-05:00,BTC/USD,window360_strategy,hold,0.0,same_minute,-0.7524323512835922,0.0,
2026-01-24T11:32:00-05:00,ETH/USD,window360_strategy,hold,0.0,same_minute,-0.7524323512835922,0.0,
2026-01-24T11:32:00-05:00,BTC/USD,window360_strategy,hold,0.0,same_minute,-0.7524323512835922,0.0,
2026-01-24T11:32:00-05:00,ETH/USD,window360_strategy,hold,0.0,same_minute,-0.7524323512835922,0.0,
2026-01-24T11:32:00-05:00,BTC/USD,window360_strategy,hold,0.0,same_minute,-0.7524323512835922,0.0,
2026-01-24T11:32:00-05:00,ETH/USD,window360_strategy,hold,0.0,same_minute,-0.7524323512835922,0.0,
2026-01-24T11:32:00-05:00,BTC/USD,window360_strategy,hold,0.0,same_minute,-0.7524323512835922,0.0,
2026-01-24T11:32:00-05:00,ETH/USD,window360_strategy,hold,0.0,same_minute,-0.7524323512835922,0.0,
2026-01-24T11:32:00-05:00,BTC/USD,window360_strategy,hold,0.0,same_minute,-0.7524323512835922,0.0,
2026-01-24T11:32:00-05:00,ETH/USD,window360_strategy,hold,0.0,same_minute,-0.7524323512835922,0.0,
2026-01-24T11:33:00-05:00,BTC/USD,window360_strategy,hold,0.0,no_change,-0.893966587019565,0.0,below_z_enter
2026-01-24T11:33:00-05:00,ETH/USD,window360_strategy,hold,0.0,no_change,-0.9878428300133704,-0.0,below_z_enter
2026-01-24T11:33:00-05:00,BTC/USD,window360_strategy,hold,0.0,same_minute,-0.9878428300133704,0.0,
2026-01-24T11:33:00-05:00,ETH/USD,window360_strategy,hold,0.0,same_minute,-0.9878428300133704,0.0,
2026-01-24T11:33:00-05:00,BTC/USD,window360_strategy,hold,0.0,same_minute,-0.9878428300133704,0.0,
2026-01-24T11:33:00-05:00,ETH/USD,window360_strategy,hold,0.0,same_minute,-0.9878428300133704,0.0,
2026-01-24T11:33:00-05:00,BTC/USD,window360_strategy,hold,0.0,same_minute,-0.9878428300133704,0.0,
2026-01-24T11:33:00-05:00,ETH/USD,window360_strategy,hold,0.0,same_minute,-0.9878428300133704,0.0,
2026-01-24T11:33:00-05:00,BTC/USD,window360_strategy,hold,0.0,same_minute,-0.9878428300133704,0.0,
2026-01-24T11:33:00-05:00,ETH/USD,window360_strategy,hold,0.0,same_minute,-0.9878428300133704,0.0,
2026-01-24T11:33:00-05:00,BTC/USD,window360_strategy,hold,0.0,same_minute,-0.9878428300133704,0.0,
2026-01-24T11:33:00-05:00,ETH/USD,window360_strategy,hold,0.0,same_minute,-0.9878428300133704,0.0,
2026-01-24T11:34:00-05:00,BTC/USD,window360_strategy,hold,0.0,no_change,-0.8369930865670411,0.0,below_z_enter
2026-01-24T11:34:00-05:00,ETH/USD,window360_strategy,hold,0.0,no_change,-0.6678782054949229,-0.0,below_z_enter
2026-01-24T11:34:00-05:00,BTC/USD,window360_strategy,hold,0.0,same_minute,-0.6678782054949229,0.0,
2026-01-24T11:34:00-05:00,ETH/USD,window360_strategy,hold,0.0,same_minute,-0.6678782054949229,0.0,
2026-01-24T11:34:00-05:00,BTC/USD,window360_strategy,hold,0.0,same_minute,-0.6678782054949229,0.0,
2026-01-24T11:34:00-05:00,ETH/USD,window360_strategy,hold,0.0,same_minute,-0.6678782054949229,0.0,
2026-01-24T11:34:00-05:00,BTC/USD,window360_strategy,hold,0.0,same_minute,-0.6678782054949229,0.0,
2026-01-24T11:34:00-05:00,ETH/USD,window360_strategy,hold,0.0,same_minute,-0.6678782054949229,0.0,
2026-01-24T11:34:00-05:00,BTC/USD,window360_strategy,hold,0.0,same_minute,-0.6678782054949229,0.0,
2026-01-24T11:34:00-05:00,ETH/USD,window360_strategy,hold,0.0,same_minute,-0.6678782054949229,0.0,
2026-01-24T11:34:00-05:00,BTC/USD,window360_strategy,hold,0.0,same_minute,-0.6678782054949229,0.0,
2026-01-24T11:34:00-05:00,ETH/USD,window360_strategy,hold,0.0,same_minute,-0.6678782054949229,0.0,
2026-01-24T11:35:00-05:00,BTC/USD,window360_strategy,hold,0.0,no_change,-0.5442939633726299,0.0,below_z_enter
2026-01-24T11:35:00-05:00,ETH/USD,window360_strategy,hold,0.0,no_change,-0.47959734793720105,-0.0,below_z_enter
2026-01-24T11:35:00-05:00,BTC/USD,window360_strategy,hold,0.0,same_minute,-0.47959734793720105,0.0,
2026-01-24T11:35:00-05:00,ETH/USD,window360_strategy,hold,0.0,same_minute,-0.47959734793720105,0.0,
2026-01-24T11:35:00-05:00,BTC/USD,window360_strategy,hold,0.0,same_minute,-0.47959734793720105,0.0,
2026-01-24T11:35:00-05:00,ETH/USD,window360_strategy,hold,0.0,same_minute,-0.47959734793720105,0.0,
2026-01-24T11:35:00-05:00,BTC/USD,window360_strategy,hold,0.0,same_minute,-0.47959734793720105,0.0,
2026-01-24T11:35:00-05:00,ETH/USD,window360_strategy,hold,0.0,same_minute,-0.47959734793720105,0.0,
2026-01-24T11:35:00-05:00,BTC/USD,window360_strategy,hold,0.0,same_minute,-0.47959734793720105,0.0,
2026-01-24T11:35:00-05:00,ETH/USD,window360_strategy,hold,0.0,same_minute,-0.47959734793720105,0.0,
2026-01-24T11:36:00-05:00,BTC/USD,window360_strategy,hold,0.0,no_change,-0.7284395855594917,0.0,below_z_enter
2026-01-24T11:36:00-05:00,ETH/USD,window360_strategy,hold,0.0,no_change,-0.5032359809722055,-0.0,below_z_enter
2026-01-24T11:36:00-05:00,BTC/USD,window360_strategy,hold,0.0,same_minute,-0.5032359809722055,0.0,
2026-01-24T11:36:00-05:00,ETH/USD,window360_strategy,hold,0.0,same_minute,-0.5032359809722055,0.0,
2026-01-24T11:36:00-05:00,BTC/USD,window360_strategy,hold,0.0,same_minute,-0.5032359809722055,0.0,
2026-01-24T11:36:00-05:00,ETH/USD,window360_strategy,hold,0.0,same_minute,-0.5032359809722055,0.0,
2026-01-24T11:36:00-05:00,BTC/USD,window360_strategy,hold,0.0,same_minute,-0.5032359809722055,0.0,
2026-01-24T11:36:00-05:00,ETH/USD,window360_strategy,hold,0.0,same_minute,-0.5032359809722055,0.0,
2026-01-24T11:36:00-05:00,BTC/USD,window360_strategy,hold,0.0,same_minute,-0.5032359809722055,0.0,
2026-01-24T11:36:00-05:00,ETH/USD,window360_strategy,hold,0.0,same_minute,-0.5032359809722055,0.0,
2026-01-24T11:36:00-05:00,BTC/USD,window360_strategy,hold,0.0,same_minute,-0.5032359809722055,0.0,
2026-01-24T11:36:00-05:00,ETH/USD,window360_strategy,hold,0.0,same_minute,-0.5032359809722055,0.0,
2026-01-24T11:37:00-05:00,BTC/USD,window360_strategy,hold,0.0,no_change,-0.49673972875373174,0.0,below_z_enter
2026-01-24T11:36:00-05:00,ETH/USD,window360_strategy,hold,0.0,same_minute,-0.49617569909076903,0.0,
2026-01-24T11:37:00-05:00,BTC/USD,window360_strategy,hold,0.0,same_minute,-0.49617569909076903,0.0,
2026-01-24T11:36:00-05:00,ETH/USD,window360_strategy,hold,0.0,same_minute,-0.49617569909076903,0.0,
2026-01-24T11:37:00-05:00,BTC/USD,window360_strategy,hold,0.0,same_minute,-0.49617569909076903,0.0,
2026-01-24T11:36:00-05:00,ETH/USD,window360_strategy,hold,0.0,same_minute,-0.49617569909076903,0.0,
2026-01-24T11:37:00-05:00,BTC/USD,window360_strategy,hold,0.0,same_minute,-0.49617569909076903,0.0,
2026-01-24T11:36:00-05:00,ETH/USD,window360_strategy,hold,0.0,same_minute,-0.49617569909076903,0.0,
2026-01-24T11:37:00-05:00,BTC/USD,window360_strategy,hold,0.0,same_minute,-0.49617569909076903,0.0,
2026-01-24T11:36:00-05:00,ETH/USD,window360_strategy,hold,0.0,same_minute,-0.49617569909076903,0.0,
2026-01-24T11:37:00-05:00,BTC/USD,window360_strategy,hold,0.0,same_minute,-0.49617569909076903,0.0,
2026-01-24T11:36:00-05:00,ETH/USD,window360_strategy,hold,0.0,same_minute,-0.49617569909076903,0.0,
2026-01-24T11:38:00-05:00,BTC/USD,window360_strategy,hold,0.0,no_change,-0.854560005701235,0.0,below_z_enter
2026-01-24T11:36:00-05:00,ETH/USD,window360_strategy,hold,0.0,same_minute,-0.8477183749809754,0.0,
2026-01-24T11:38:00-05:00,BTC/USD,window360_strategy,hold,0.0,same_minute,-0.8477183749809754,0.0,
2026-01-24T11:36:00-05:00,ETH/USD,window360_strategy,hold,0.0,same_minute,-0.8477183749809754,0.0,
2026-01-24T11:38:00-05:00,BTC/USD,window360_strategy,hold,0.0,same_minute,-0.8477183749809754,0.0,
2026-01-24T11:36:00-05:00,ETH/USD,window360_strategy,hold,0.0,same_minute,-0.8477183749809754,0.0,
2026-01-24T11:38:00-05:00,BTC/USD,window360_strategy,hold,0.0,same_minute,-0.8477183749809754,0.0,
2026-01-24T11:36:00-05:00,ETH/USD,window360_strategy,hold,0.0,same_minute,-0.8477183749809754,0.0,
2026-01-24T11:38:00-05:00,BTC/USD,window360_strategy,hold,0.0,same_minute,-0.8477183749809754,0.0,
2026-01-24T11:36:00-05:00,ETH/USD,window360_strategy,hold,0.0,same_minute,-0.8477183749809754,0.0,
2026-01-24T11:38:00-05:00,BTC/USD,window360_strategy,hold,0.0,same_minute,-0.8477183749809754,0.0,
2026-01-24T11:36:00-05:00,ETH/USD,window360_strategy,hold,0.0,same_minute,-0.8477183749809754,0.0,
2026-01-24T11:39:00-05:00,BTC/USD,window360_strategy,hold,0.0,no_change,-0.5844921865762823,0.0,below_z_enter
2026-01-24T11:39:00-05:00,ETH/USD,window360_strategy,hold,0.0,no_change,-0.7686422562836668,-0.0,below_z_enter
2026-01-24T11:39:00-05:00,BTC/USD,window360_strategy,hold,0.0,same_minute,-0.7686422562836668,0.0,
2026-01-24T11:39:00-05:00,ETH/USD,window360_strategy,hold,0.0,same_minute,-0.7686422562836668,0.0,
2026-01-24T11:39:00-05:00,BTC/USD,window360_strategy,hold,0.0,same_minute,-0.7686422562836668,0.0,
2026-01-24T11:39:00-05:00,ETH/USD,window360_strategy,hold,0.0,same_minute,-0.7686422562836668,0.0,
2026-01-24T11:39:00-05:00,BTC/USD,window360_strategy,hold,0.0,same_minute,-0.7686422562836668,0.0,
2026-01-24T11:39:00-05:00,ETH/USD,window360_strategy,hold,0.0,same_minute,-0.7686422562836668,0.0,
2026-01-24T11:39:00-05:00,BTC/USD,window360_strategy,hold,0.0,same_minute,-0.7686422562836668,0.0,
2026-01-24T11:39:00-05:00,ETH/USD,window360_strategy,hold,0.0,same_minute,-0.7686422562836668,0.0,
2026-01-24T11:39:00-05:00,BTC/USD,window360_strategy,hold,0.0,same_minute,-0.7686422562836668,0.0,
2026-01-24T11:39:00-05:00,ETH/USD,window360_strategy,hold,0.0,same_minute,-0.7686422562836668,0.0,
2026-01-24T11:40:00-05:00,BTC/USD,window360_strategy,hold,0.0,no_change,-1.1186493993823836,0.0,below_z_enter
2026-01-24T11:40:00-05:00,ETH/USD,window360_strategy,hold,0.0,no_change,-1.2466815675947849,-0.0,edge_filter
2026-01-24T11:40:00-05:00,BTC/USD,window360_strategy,hold,0.0,same_minute,-1.2466815675947849,0.0,
2026-01-24T11:40:00-05:00,ETH/USD,window360_strategy,hold,0.0,same_minute,-1.2466815675947849,0.0,
2026-01-24T11:40:00-05:00,BTC/USD,window360_strategy,hold,0.0,same_minute,-1.2466815675947849,0.0,
2026-01-24T11:40:00-05:00,ETH/USD,window360_strategy,hold,0.0,same_minute,-1.2466815675947849,0.0,
2026-01-24T11:40:00-05:00,BTC/USD,window360_strategy,hold,0.0,same_minute,-1.2466815675947849,0.0,
2026-01-24T11:40:00-05:00,ETH/USD,window360_strategy,hold,0.0,same_minute,-1.2466815675947849,0.0,
2026-01-24T11:40:00-05:00,BTC/USD,window360_strategy,hold,0.0,same_minute,-1.2466815675947849,0.0,
2026-01-24T11:40:00-05:00,ETH/USD,window360_strategy,hold,0.0,same_minute,-1.2466815675947849,0.0,
2026-01-24T11:40:00-05:00,BTC/USD,window360_strategy,hold,0.0,same_minute,-1.2466815675947849,0.0,
2026-01-24T11:40:00-05:00,ETH/USD,window360_strategy,hold,0.0,same_minute,-1.2466815675947849,0.0,
2026-01-24T11:41:00-05:00,BTC/USD,window360_strategy,hold,0.0,no_change,-1.0726963855612783,0.0,below_z_enter
2026-01-24T11:41:00-05:00,ETH/USD,window360_strategy,hold,0.0,no_change,-1.4869841324887463,-0.0,edge_filter
2026-01-24T11:41:00-05:00,BTC/USD,window360_strategy,hold,0.0,same_minute,-1.4869841324887463,0.0,
2026-01-24T11:41:00-05:00,ETH/USD,window360_strategy,hold,0.0,same_minute,-1.4869841324887463,0.0,
2026-01-24T11:41:00-05:00,BTC/USD,window360_strategy,hold,0.0,same_minute,-1.4869841324887463,0.0,
2026-01-24T11:41:00-05:00,ETH/USD,window360_strategy,hold,0.0,same_minute,-1.4869841324887463,0.0,
2026-01-24T11:41:00-05:00,BTC/USD,window360_strategy,hold,0.0,same_minute,-1.4869841324887463,0.0,
2026-01-24T11:41:00-05:00,ETH/USD,window360_strategy,hold,0.0,same_minute,-1.4869841324887463,0.0,
2026-01-24T11:41:00-05:00,BTC/USD,window360_strategy,hold,0.0,same_minute,-1.4869841324887463,0.0,
2026-01-24T11:41:00-05:00,ETH/USD,window360_strategy,hold,0.0,same_minute,-1.4869841324887463,0.0,
2026-01-24T11:41:00-05:00,BTC/USD,window360_strategy,hold,0.0,same_minute,-1.4869841324887463,0.0,
2026-01-24T11:41:00-05:00,ETH/USD,window360_strategy,hold,0.0,same_minute,-1.4869841324887463,0.0,
2026-01-24T11:42:00-05:00,BTC/USD,window360_strategy,hold,0.0,no_change,-1.1963404472947272,0.0,below_z_enter
2026-01-24T11:41:00-05:00,ETH/USD,window360_strategy,hold,0.0,same_minute,-1.1997326608452037,0.0,
2026-01-24T11:42:00-05:00,BTC/USD,window360_strategy,hold,0.0,same_minute,-1.1997326608452037,0.0,
2026-01-24T11:41:00-05:00,ETH/USD,window360_strategy,hold,0.0,same_minute,-1.1997326608452037,0.0,
2026-01-24T11:42:00-05:00,BTC/USD,window360_strategy,hold,0.0,same_minute,-1.1997326608452037,0.0,
2026-01-24T11:41:00-05:00,ETH/USD,window360_strategy,hold,0.0,same_minute,-1.1997326608452037,0.0,
2026-01-24T11:42:00-05:00,BTC/USD,window360_strategy,hold,0.0,same_minute,-1.1997326608452037,0.0,
2026-01-24T11:41:00-05:00,ETH/USD,window360_strategy,hold,0.0,same_minute,-1.1997326608452037,0.0,
2026-01-24T11:42:00-05:00,BTC/USD,window360_strategy,hold,0.0,same_minute,-1.1997326608452037,0.0,
2026-01-24T11:41:00-05:00,ETH/USD,window360_strategy,hold,0.0,same_minute,-1.1997326608452037,0.0,
2026-01-24T11:43:00-05:00,BTC/USD,window360_strategy,hold,0.0,no_change,-1.1069823756317199,0.0,below_z_enter
2026-01-24T11:43:00-05:00,ETH/USD,window360_strategy,hold,0.0,no_change,-0.8574876397991922,-0.0,below_z_enter
2026-01-24T11:43:00-05:00,BTC/USD,window360_strategy,hold,0.0,same_minute,-0.8574876397991922,0.0,
2026-01-24T11:43:00-05:00,ETH/USD,window360_strategy,hold,0.0,same_minute,-0.8574876397991922,0.0,
2026-01-24T11:43:00-05:00,BTC/USD,window360_strategy,hold,0.0,same_minute,-0.8574876397991922,0.0,
2026-01-24T11:43:00-05:00,ETH/USD,window360_strategy,hold,0.0,same_minute,-0.8574876397991922,0.0,
2026-01-24T11:43:00-05:00,BTC/USD,window360_strategy,hold,0.0,same_minute,-0.8574876397991922,0.0,
2026-01-24T11:43:00-05:00,ETH/USD,window360_strategy,hold,0.0,same_minute,-0.8574876397991922,0.0,
2026-01-24T11:43:00-05:00,BTC/USD,window360_strategy,hold,0.0,same_minute,-0.8574876397991922,0.0,
2026-01-24T11:43:00-05:00,ETH/USD,window360_strategy,hold,0.0,same_minute,-0.8574876397991922,0.0,
2026-01-24T11:43:00-05:00,BTC/USD,window360_strategy,hold,0.0,same_minute,-0.8574876397991922,0.0,
2026-01-24T11:43:00-05:00,ETH/USD,window360_strategy,hold,0.0,same_minute,-0.8574876397991922,0.0,
2026-01-24T11:43:00-05:00,BTC/USD,window360_strategy,hold,0.0,same_minute,-0.8574876397991922,0.0,
2026-01-24T11:44:00-05:00,ETH/USD,window360_strategy,hold,0.0,no_change,-0.9666857555469737,-0.0,below_z_enter
2026-01-24T11:43:00-05:00,BTC/USD,window360_strategy,hold,0.0,same_minute,-0.9662687281906832,0.0,
2026-01-24T11:44:00-05:00,ETH/USD,window360_strategy,hold,0.0,same_minute,-0.9662687281906832,0.0,
2026-01-24T11:43:00-05:00,BTC/USD,window360_strategy,hold,0.0,same_minute,-0.9662687281906832,0.0,
2026-01-24T11:44:00-05:00,ETH/USD,window360_strategy,hold,0.0,same_minute,-0.9662687281906832,0.0,
2026-01-24T11:43:00-05:00,BTC/USD,window360_strategy,hold,0.0,same_minute,-0.9662687281906832,0.0,
2026-01-24T11:44:00-05:00,ETH/USD,window360_strategy,hold,0.0,same_minute,-0.9662687281906832,0.0,
2026-01-24T11:43:00-05:00,BTC/USD,window360_strategy,hold,0.0,same_minute,-0.9662687281906832,0.0,
2026-01-24T11:44:00-05:00,ETH/USD,window360_strategy,hold,0.0,same_minute,-0.9662687281906832,0.0,
2026-01-24T11:43:00-05:00,BTC/USD,window360_strategy,hold,0.0,same_minute,-0.9662687281906832,0.0,
2026-01-24T11:44:00-05:00,ETH/USD,window360_strategy,hold,0.0,same_minute,-0.9662687281906832,0.0,
2026-01-24T11:45:00-05:00,BTC/USD,window360_strategy,hold,0.0,no_change,-1.6413761531486892,0.0,edge_filter
2026-01-24T11:44:00-05:00,ETH/USD,window360_strategy,hold,0.0,same_minute,-1.6307984422551667,0.0,
2026-01-24T11:45:00-05:00,BTC/USD,window360_strategy,hold,0.0,same_minute,-1.6307984422551667,0.0,
2026-01-24T11:44:00-05:00,ETH/USD,window360_strategy,hold,0.0,same_minute,-1.6307984422551667,0.0,
2026-01-24T11:45:00-05:00,BTC/USD,window360_strategy,hold,0.0,same_minute,-1.6307984422551667,0.0,
2026-01-24T11:44:00-05:00,ETH/USD,window360_strategy,hold,0.0,same_minute,-1.6307984422551667,0.0,
2026-01-24T11:45:00-05:00,BTC/USD,window360_strategy,hold,0.0,same_minute,-1.6307984422551667,0.0,
2026-01-24T11:44:00-05:00,ETH/USD,window360_strategy,hold,0.0,same_minute,-1.6307984422551667,0.0,
2026-01-24T11:45:00-05:00,BTC/USD,window360_strategy,hold,0.0,same_minute,-1.6307984422551667,0.0,
2026-01-24T11:44:00-05:00,ETH/USD,window360_strategy,hold,0.0,same_minute,-1.6307984422551667,0.0,
2026-01-24T11:45:00-05:00,BTC/USD,window360_strategy,hold,0.0,same_minute,-1.6307984422551667,0.0,
2026-01-24T11:44:00-05:00,ETH/USD,window360_strategy,hold,0.0,same_minute,-1.6307984422551667,0.0,
2026-01-24T11:46:00-05:00,BTC/USD,window360_strategy,hold,0.0,no_change,-1.378228556126476,0.0,edge_filter
2026-01-24T11:46:00-05:00,ETH/USD,window360_strategy,hold,0.0,no_change,-1.5855954512696093,-0.0,edge_filter
2026-01-24T11:46:00-05:00,BTC/USD,window360_strategy,hold,0.0,same_minute,-1.5855954512696093,0.0,
2026-01-24T11:46:00-05:00,ETH/USD,window360_strategy,hold,0.0,same_minute,-1.5855954512696093,0.0,
2026-01-24T11:46:00-05:00,BTC/USD,window360_strategy,hold,0.0,same_minute,-1.5855954512696093,0.0,
2026-01-24T11:46:00-05:00,ETH/USD,window360_strategy,hold,0.0,same_minute,-1.5855954512696093,0.0,
2026-01-24T11:46:00-05:00,BTC/USD,window360_strategy,hold,0.0,same_minute,-1.5855954512696093,0.0,
2026-01-24T11:46:00-05:00,ETH/USD,window360_strategy,hold,0.0,same_minute,-1.5855954512696093,0.0,
2026-01-24T11:46:00-05:00,BTC/USD,window360_strategy,hold,0.0,same_minute,-1.5855954512696093,0.0,
2026-01-24T11:46:00-05:00,ETH/USD,window360_strategy,hold,0.0,same_minute,-1.5855954512696093,0.0,
2026-01-24T11:47:00-05:00,BTC/USD,window360_strategy,hold,0.0,no_change,-1.334652482057175,0.0,edge_filter
2026-01-24T11:47:00-05:00,ETH/USD,window360_strategy,hold,0.0,no_change,-1.080061069657495,-0.0,below_z_enter
2026-01-24T11:47:00-05:00,BTC/USD,window360_strategy,hold,0.0,same_minute,-1.080061069657495,0.0,
2026-01-24T11:47:00-05:00,ETH/USD,window360_strategy,hold,0.0,same_minute,-1.080061069657495,0.0,
2026-01-24T11:47:00-05:00,BTC/USD,window360_strategy,hold,0.0,same_minute,-1.080061069657495,0.0,
2026-01-24T11:47:00-05:00,ETH/USD,window360_strategy,hold,0.0,same_minute,-1.080061069657495,0.0,
2026-01-24T11:47:00-05:00,BTC/USD,window360_strategy,hold,0.0,same_minute,-1.080061069657495,0.0,
2026-01-24T11:47:00-05:00,ETH/USD,window360_strategy,hold,0.0,same_minute,-1.080061069657495,0.0,
2026-01-24T11:47:00-05:00,BTC/USD,window360_strategy,hold,0.0,same_minute,-1.080061069657495,0.0,
2026-01-24T11:47:00-05:00,ETH/USD,window360_strategy,hold,0.0,same_minute,-1.080061069657495,0.0,
2026-01-24T11:47:00-05:00,BTC/USD,window360_strategy,hold,0.0,same_minute,-1.080061069657495,0.0,
2026-01-24T11:47:00-05:00,ETH/USD,window360_strategy,hold,0.0,same_minute,-1.080061069657495,0.0,
2026-01-24T11:48:00-05:00,BTC/USD,window360_strategy,hold,0.0,no_change,-1.5051329548237924,0.0,edge_filter
2026-01-24T11:48:00-05:00,ETH/USD,window360_strategy,hold,0.0,no_change,-1.9320064306929408,-0.0,edge_filter
2026-01-24T11:48:00-05:00,BTC/USD,window360_strategy,hold,0.0,same_minute,-1.9320064306929408,0.0,
2026-01-24T11:48:00-05:00,ETH/USD,window360_strategy,hold,0.0,same_minute,-1.9320064306929408,0.0,
2026-01-24T11:48:00-05:00,BTC/USD,window360_strategy,hold,0.0,same_minute,-1.9320064306929408,0.0,
2026-01-24T11:48:00-05:00,ETH/USD,window360_strategy,hold,0.0,same_minute,-1.9320064306929408,0.0,
2026-01-24T11:48:00-05:00,BTC/USD,window360_strategy,hold,0.0,same_minute,-1.9320064306929408,0.0,
2026-01-24T11:48:00-05:00,ETH/USD,window360_strategy,hold,0.0,same_minute,-1.9320064306929408,0.0,
2026-01-24T11:48:00-05:00,BTC/USD,window360_strategy,hold,0.0,same_minute,-1.9320064306929408,0.0,
2026-01-24T11:48:00-05:00,ETH/USD,window360_strategy,hold,0.0,same_minute,-1.9320064306929408,0.0,
2026-01-24T11:48:00-05:00,BTC/USD,window360_strategy,hold,0.0,same_minute,-1.9320064306929408,0.0,
2026-01-24T11:48:00-05:00,ETH/USD,window360_strategy,hold,0.0,same_minute,-1.9320064306929408,0.0,
2026-01-24T11:49:00-05:00,BTC/USD,window360_strategy,hold,0.0,no_change,-0.7484394814272275,0.0,below_z_enter
2026-01-24T11:49:00-05:00,ETH/USD,window360_strategy,hold,0.0,no_change,-1.0896637174537662,-0.0,below_z_enter
2026-01-24T11:49:00-05:00,BTC/USD,window360_strategy,hold,0.0,same_minute,-1.0896637174537662,0.0,
2026-01-24T11:49:00-05:00,ETH/USD,window360_strategy,hold,0.0,same_minute,-1.0896637174537662,0.0,
2026-01-24T11:49:00-05:00,BTC/USD,window360_strategy,hold,0.0,same_minute,-1.0896637174537662,0.0,
2026-01-24T11:49:00-05:00,ETH/USD,window360_strategy,hold,0.0,same_minute,-1.0896637174537662,0.0,
2026-01-24T11:49:00-05:00,BTC/USD,window360_strategy,hold,0.0,same_minute,-1.0896637174537662,0.0,
2026-01-24T11:49:00-05:00,ETH/USD,window360_strategy,hold,0.0,same_minute,-1.0896637174537662,0.0,
2026-01-24T11:49:00-05:00,BTC/USD,window360_strategy,hold,0.0,same_minute,-1.0896637174537662,0.0,
2026-01-24T11:49:00-05:00,ETH/USD,window360_strategy,hold,0.0,same_minute,-1.0896637174537662,0.0,
2026-01-24T11:49:00-05:00,BTC/USD,window360_strategy,hold,0.0,same_minute,-1.0896637174537662,0.0,
2026-01-24T11:49:00-05:00,ETH/USD,window360_strategy,hold,0.0,same_minute,-1.0896637174537662,0.0,
2026-01-24T11:50:00-05:00,BTC/USD,window360_strategy,hold,0.0,no_change,-1.207273350291148,0.0,edge_filter
2026-01-24T11:49:00-05:00,ETH/USD,window360_strategy,hold,0.0,same_minute,-1.2059194983936479,0.0,
2026-01-24T11:50:00-05:00,BTC/USD,window360_strategy,hold,0.0,same_minute,-1.2059194983936479,0.0,
2026-01-24T11:49:00-05:00,ETH/USD,window360_strategy,hold,0.0,same_minute,-1.2059194983936479,0.0,
2026-01-24T11:50:00-05:00,BTC/USD,window360_strategy,hold,0.0,same_minute,-1.2059194983936479,0.0,
2026-01-24T11:49:00-05:00,ETH/USD,window360_strategy,hold,0.0,same_minute,-1.2059194983936479,0.0,
2026-01-24T11:50:00-05:00,BTC/USD,window360_strategy,hold,0.0,same_minute,-1.2059194983936479,0.0,
2026-01-24T11:49:00-05:00,ETH/USD,window360_strategy,hold,0.0,same_minute,-1.2059194983936479,0.0,
2026-01-24T11:50:00-05:00,BTC/USD,window360_strategy,hold,0.0,same_minute,-1.2059194983936479,0.0,
2026-01-24T11:49:00-05:00,ETH/USD,window360_strategy,hold,0.0,same_minute,-1.2059194983936479,0.0,
2026-01-24T11:50:00-05:00,BTC/USD,window360_strategy,hold,0.0,same_minute,-1.2059194983936479,0.0,
2026-01-24T11:49:00-05:00,ETH/USD,window360_strategy,hold,0.0,same_minute,-1.2059194983936479,0.0,
2026-01-24T11:51:00-05:00,BTC/USD,window360_strategy,hold,0.0,no_change,-0.7325287757397612,0.0,below_z_enter
2026-01-24T11:51:00-05:00,ETH/USD,window360_strategy,hold,0.0,no_change,-1.1002901016897473,-0.0,below_z_enter
2026-01-24T11:51:00-05:00,BTC/USD,window360_strategy,hold,0.0,same_minute,-1.1002901016897473,0.0,
2026-01-24T11:51:00-05:00,ETH/USD,window360_strategy,hold,0.0,same_minute,-1.1002901016897473,0.0,
2026-01-24T11:51:00-05:00,BTC/USD,window360_strategy,hold,0.0,same_minute,-1.1002901016897473,0.0,
2026-01-24T11:51:00-05:00,ETH/USD,window360_strategy,hold,0.0,same_minute,-1.1002901016897473,0.0,
2026-01-24T11:51:00-05:00,BTC/USD,window360_strategy,hold,0.0,same_minute,-1.1002901016897473,0.0,
2026-01-24T11:51:00-05:00,ETH/USD,window360_strategy,hold,0.0,same_minute,-1.1002901016897473,0.0,
2026-01-24T11:51:00-05:00,BTC/USD,window360_strategy,hold,0.0,same_minute,-1.1002901016897473,0.0,
2026-01-24T11:51:00-05:00,ETH/USD,window360_strategy,hold,0.0,same_minute,-1.1002901016897473,0.0,
2026-01-24T11:51:00-05:00,BTC/USD,window360_strategy,hold,0.0,same_minute,-1.1002901016897473,0.0,
2026-01-24T11:51:00-05:00,ETH/USD,window360_strategy,hold,0.0,same_minute,-1.1002901016897473,0.0,
2026-01-24T11:52:00-05:00,BTC/USD,window360_strategy,hold,0.0,no_change,-1.237873086539898,0.0,edge_filter
2026-01-24T11:52:00-05:00,ETH/USD,window360_strategy,hold,0.0,no_change,-1.195886363302756,-0.0,below_z_enter
2026-01-24T11:52:00-05:00,BTC/USD,window360_strategy,hold,0.0,same_minute,-1.195886363302756,0.0,
2026-01-24T11:52:00-05:00,ETH/USD,window360_strategy,hold,0.0,same_minute,-1.195886363302756,0.0,
2026-01-24T11:52:00-05:00,BTC/USD,window360_strategy,hold,0.0,same_minute,-1.195886363302756,0.0,
2026-01-24T11:52:00-05:00,ETH/USD,window360_strategy,hold,0.0,same_minute,-1.195886363302756,0.0,
2026-01-24T11:52:00-05:00,BTC/USD,window360_strategy,hold,0.0,same_minute,-1.195886363302756,0.0,
2026-01-24T11:52:00-05:00,ETH/USD,window360_strategy,hold,0.0,same_minute,-1.195886363302756,0.0,
2026-01-24T11:52:00-05:00,BTC/USD,window360_strategy,hold,0.0,same_minute,-1.195886363302756,0.0,
2026-01-24T11:52:00-05:00,ETH/USD,window360_strategy,hold,0.0,same_minute,-1.195886363302756,0.0,
2026-01-24T11:53:00-05:00,BTC/USD,window360_strategy,hold,0.0,no_change,-0.7093021719810862,0.0,below_z_enter
2026-01-24T11:53:00-05:00,ETH/USD,window360_strategy,hold,0.0,no_change,-0.6574034315040918,-0.0,below_z_enter
2026-01-24T11:53:00-05:00,BTC/USD,window360_strategy,hold,0.0,same_minute,-0.6574034315040918,0.0,
2026-01-24T11:53:00-05:00,ETH/USD,window360_strategy,hold,0.0,same_minute,-0.6574034315040918,0.0,
2026-01-24T11:53:00-05:00,BTC/USD,window360_strategy,hold,0.0,same_minute,-0.6574034315040918,0.0,
2026-01-24T11:53:00-05:00,ETH/USD,window360_strategy,hold,0.0,same_minute,-0.6574034315040918,0.0,
2026-01-24T11:53:00-05:00,BTC/USD,window360_strategy,hold,0.0,same_minute,-0.6574034315040918,0.0,
2026-01-24T11:53:00-05:00,ETH/USD,window360_strategy,hold,0.0,same_minute,-0.6574034315040918,0.0,
2026-01-24T11:53:00-05:00,BTC/USD,window360_strategy,hold,0.0,same_minute,-0.6574034315040918,0.0,
2026-01-24T11:53:00-05:00,ETH/USD,window360_strategy,hold,0.0,same_minute,-0.6574034315040918,0.0,
2026-01-24T11:53:00-05:00,BTC/USD,window360_strategy,hold,0.0,same_minute,-0.6574034315040918,0.0,
2026-01-24T11:53:00-05:00,ETH/USD,window360_strategy,hold,0.0,same_minute,-0.6574034315040918,0.0,
2026-01-24T11:54:00-05:00,BTC/USD,window360_strategy,hold,0.0,no_change,-0.8591739336806515,0.0,below_z_enter
2026-01-24T11:54:00-05:00,ETH/USD,window360_strategy,hold,0.0,no_change,-0.7176652515218033,-0.0,below_z_enter
2026-01-24T11:54:00-05:00,BTC/USD,window360_strategy,hold,0.0,same_minute,-0.7176652515218033,0.0,
2026-01-24T11:54:00-05:00,ETH/USD,window360_strategy,hold,0.0,same_minute,-0.7176652515218033,0.0,
2026-01-24T11:54:00-05:00,BTC/USD,window360_strategy,hold,0.0,same_minute,-0.7176652515218033,0.0,
2026-01-24T11:54:00-05:00,ETH/USD,window360_strategy,hold,0.0,same_minute,-0.7176652515218033,0.0,
2026-01-24T11:54:00-05:00,BTC/USD,window360_strategy,hold,0.0,same_minute,-0.7176652515218033,0.0,
2026-01-24T11:54:00-05:00,ETH/USD,window360_strategy,hold,0.0,same_minute,-0.7176652515218033,0.0,
2026-01-24T11:54:00-05:00,BTC/USD,window360_strategy,hold,0.0,same_minute,-0.7176652515218033,0.0,
2026-01-24T11:54:00-05:00,ETH/USD,window360_strategy,hold,0.0,same_minute,-0.7176652515218033,0.0,
2026-01-24T11:54:00-05:00,BTC/USD,window360_strategy,hold,0.0,same_minute,-0.7176652515218033,0.0,
2026-01-24T11:54:00-05:00,ETH/USD,window360_strategy,hold,0.0,same_minute,-0.7176652515218033,0.0,
2026-01-24T11:55:00-05:00,BTC/USD,window360_strategy,hold,0.0,no_change,-0.5833756078530788,0.0,below_z_enter
2026-01-24T11:55:00-05:00,ETH/USD,window360_strategy,hold,0.0,no_change,-0.44744796081346927,-0.0,below_z_enter
2026-01-24T11:55:00-05:00,BTC/USD,window360_strategy,hold,0.0,same_minute,-0.44744796081346927,0.0,
2026-01-24T11:55:00-05:00,ETH/USD,window360_strategy,hold,0.0,same_minute,-0.44744796081346927,0.0,
2026-01-24T11:55:00-05:00,BTC/USD,window360_strategy,hold,0.0,same_minute,-0.44744796081346927,0.0,
2026-01-24T11:55:00-05:00,ETH/USD,window360_strategy,hold,0.0,same_minute,-0.44744796081346927,0.0,
2026-01-24T11:55:00-05:00,BTC/USD,window360_strategy,hold,0.0,same_minute,-0.44744796081346927,0.0,
2026-01-24T11:55:00-05:00,ETH/USD,window360_strategy,hold,0.0,same_minute,-0.44744796081346927,0.0,
2026-01-24T11:55:00-05:00,BTC/USD,window360_strategy,hold,0.0,same_minute,-0.44744796081346927,0.0,
2026-01-24T11:55:00-05:00,ETH/USD,window360_strategy,hold,0.0,same_minute,-0.44744796081346927,0.0,
2026-01-24T11:55:00-05:00,BTC/USD,window360_strategy,hold,0.0,same_minute,-0.44744796081346927,0.0,
2026-01-24T11:55:00-05:00,ETH/USD,window360_strategy,hold,0.0,same_minute,-0.44744796081346927,0.0,
2026-01-24T11:56:00-05:00,BTC/USD,window360_strategy,hold,0.0,no_change,-0.6756515222880122,0.0,below_z_enter
2026-01-24T11:55:00-05:00,ETH/USD,window360_strategy,hold,0.0,same_minute,-0.6739676569672695,0.0,
2026-01-24T11:56:00-05:00,BTC/USD,window360_strategy,hold,0.0,same_minute,-0.6739676569672695,0.0,
2026-01-24T11:55:00-05:00,ETH/USD,window360_strategy,hold,0.0,same_minute,-0.6739676569672695,0.0,
2026-01-24T11:56:00-05:00,BTC/USD,window360_strategy,hold,0.0,same_minute,-0.6739676569672695,0.0,
2026-01-24T11:55:00-05:00,ETH/USD,window360_strategy,hold,0.0,same_minute,-0.6739676569672695,0.0,
2026-01-24T11:56:00-05:00,BTC/USD,window360_strategy,hold,0.0,same_minute,-0.6739676569672695,0.0,
2026-01-24T11:55:00-05:00,ETH/USD,window360_strategy,hold,0.0,same_minute,-0.6739676569672695,0.0,
2026-01-24T11:56:00-05:00,BTC/USD,window360_strategy,hold,0.0,same_minute,-0.6739676569672695,0.0,
2026-01-24T11:55:00-05:00,ETH/USD,window360_strategy,hold,0.0,same_minute,-0.6739676569672695,0.0,
2026-01-24T11:56:00-05:00,BTC/USD,window360_strategy,hold,0.0,same_minute,-0.6739676569672695,0.0,
2026-01-24T11:55:00-05:00,ETH/USD,window360_strategy,hold,0.0,same_minute,-0.6739676569672695,0.0,
2026-01-24T11:57:00-05:00,BTC/USD,window360_strategy,hold,0.0,no_change,-0.6453278304674471,0.0,below_z_enter
2026-01-24T11:55:00-05:00,ETH/USD,window360_strategy,hold,0.0,same_minute,-0.6454413981108886,0.0,
2026-01-24T11:57:00-05:00,BTC/USD,window360_strategy,hold,0.0,same_minute,-0.6454413981108886,0.0,
2026-01-24T11:55:00-05:00,ETH/USD,window360_strategy,hold,0.0,same_minute,-0.6454413981108886,0.0,
2026-01-24T11:57:00-05:00,BTC/USD,window360_strategy,hold,0.0,same_minute,-0.6454413981108886,0.0,
2026-01-24T11:55:00-05:00,ETH/USD,window360_strategy,hold,0.0,same_minute,-0.6454413981108886,0.0,
2026-01-24T11:57:00-05:00,BTC/USD,window360_strategy,hold,0.0,same_minute,-0.6454413981108886,0.0,
2026-01-24T11:55:00-05:00,ETH/USD,window360_strategy,hold,0.0,same_minute,-0.6454413981108886,0.0,
2026-01-24T11:57:00-05:00,BTC/USD,window360_strategy,hold,0.0,same_minute,-0.6454413981108886,0.0,
2026-01-24T11:55:00-05:00,ETH/USD,window360_strategy,hold,0.0,same_minute,-0.6454413981108886,0.0,
2026-01-24T11:58:00-05:00,BTC/USD,window360_strategy,hold,0.0,no_change,-0.7118929850189418,0.0,below_z_enter
2026-01-24T11:58:00-05:00,ETH/USD,window360_strategy,hold,0.0,no_change,-0.7660615614899352,-0.0,below_z_enter
2026-01-24T11:58:00-05:00,BTC/USD,window360_strategy,hold,0.0,same_minute,-0.7660615614899352,0.0,
2026-01-24T11:58:00-05:00,ETH/USD,window360_strategy,hold,0.0,same_minute,-0.7660615614899352,0.0,
2026-01-24T11:58:00-05:00,BTC/USD,window360_strategy,hold,0.0,same_minute,-0.7660615614899352,0.0,
2026-01-24T11:58:00-05:00,ETH/USD,window360_strategy,hold,0.0,same_minute,-0.7660615614899352,0.0,
2026-01-24T11:58:00-05:00,BTC/USD,window360_strategy,hold,0.0,same_minute,-0.7660615614899352,0.0,
2026-01-24T11:58:00-05:00,ETH/USD,window360_strategy,hold,0.0,same_minute,-0.7660615614899352,0.0,
2026-01-24T11:58:00-05:00,BTC/USD,window360_strategy,hold,0.0,same_minute,-0.7660615614899352,0.0,
2026-01-24T11:58:00-05:00,ETH/USD,window360_strategy,hold,0.0,same_minute,-0.7660615614899352,0.0,
2026-01-24T11:58:00-05:00,BTC/USD,window360_strategy,hold,0.0,same_minute,-0.7660615614899352,0.0,
2026-01-24T11:58:00-05:00,ETH/USD,window360_strategy,hold,0.0,same_minute,-0.7660615614899352,0.0,
2026-01-24T11:58:00-05:00,BTC/USD,window360_strategy,hold,0.0,same_minute,-0.7660615614899352,0.0,
2026-01-24T11:58:00-05:00,ETH/USD,window360_strategy,hold,0.0,same_minute,-0.7660615614899352,0.0,
2026-01-24T11:58:00-05:00,BTC/USD,window360_strategy,hold,0.0,same_minute,-0.7660615614899352,0.0,
2026-01-24T11:58:00-05:00,ETH/USD,window360_strategy,hold,0.0,same_minute,-0.7660615614899352,0.0,
2026-01-24T11:58:00-05:00,BTC/USD,window360_strategy,hold,0.0,same_minute,-0.7660615614899352,0.0,
2026-01-24T11:58:00-05:00,ETH/USD,window360_strategy,hold,0.0,same_minute,-0.7660615614899352,0.0,
2026-01-24T11:58:00-05:00,BTC/USD,window360_strategy,hold,0.0,same_minute,-0.7660615614899352,0.0,
2026-01-24T11:58:00-05:00,ETH/USD,window360_strategy,hold,0.0,same_minute,-0.7660615614899352,0.0,
2026-01-24T11:58:00-05:00,BTC/USD,window360_strategy,hold,0.0,same_minute,-0.7660615614899352,0.0,
2026-01-24T11:58:00-05:00,ETH/USD,window360_strategy,hold,0.0,same_minute,-0.7660615614899352,0.0,
2026-01-24T11:58:00-05:00,BTC/USD,window360_strategy,hold,0.0,same_minute,-0.7660615614899352,0.0,
2026-01-24T11:58:00-05:00,ETH/USD,window360_strategy,hold,0.0,same_minute,-0.7660615614899352,0.0,
2026-01-24T12:00:00-05:00,BTC/USD,window360_strategy,hold,0.0,no_change,-0.6788022603805907,0.0,below_z_enter
2026-01-24T11:58:00-05:00,ETH/USD,window360_strategy,hold,0.0,same_minute,-0.6793348222768384,0.0,
2026-01-24T12:00:00-05:00,BTC/USD,window360_strategy,hold,0.0,same_minute,-0.6793348222768384,0.0,
2026-01-24T11:58:00-05:00,ETH/USD,window360_strategy,hold,0.0,same_minute,-0.6793348222768384,0.0,
2026-01-24T12:00:00-05:00,BTC/USD,window360_strategy,hold,0.0,same_minute,-0.6793348222768384,0.0,
2026-01-24T11:58:00-05:00,ETH/USD,window360_strategy,hold,0.0,same_minute,-0.6793348222768384,0.0,
2026-01-24T12:00:00-05:00,BTC/USD,window360_strategy,hold,0.0,same_minute,-0.6793348222768384,0.0,
2026-01-24T11:58:00-05:00,ETH/USD,window360_strategy,hold,0.0,same_minute,-0.6793348222768384,0.0,
2026-01-24T12:00:00-05:00,BTC/USD,window360_strategy,hold,0.0,same_minute,-0.6793348222768384,0.0,
2026-01-24T11:58:00-05:00,ETH/USD,window360_strategy,hold,0.0,same_minute,-0.6793348222768384,0.0,
2026-01-24T12:00:00-05:00,BTC/USD,window360_strategy,hold,0.0,same_minute,-0.6793348222768384,0.0,
2026-01-24T11:58:00-05:00,ETH/USD,window360_strategy,hold,0.0,same_minute,-0.6793348222768384,0.0,
2026-01-24T12:01:00-05:00,BTC/USD,window360_strategy,hold,0.0,no_change,-0.2748860139727645,0.0,below_z_enter
2026-01-24T12:01:00-05:00,ETH/USD,window360_strategy,hold,0.0,no_change,-0.47096059019125747,-0.0,below_z_enter
2026-01-24T12:01:00-05:00,BTC/USD,window360_strategy,hold,0.0,same_minute,-0.47096059019125747,0.0,
2026-01-24T12:01:00-05:00,ETH/USD,window360_strategy,hold,0.0,same_minute,-0.47096059019125747,0.0,
2026-01-24T12:01:00-05:00,BTC/USD,window360_strategy,hold,0.0,same_minute,-0.47096059019125747,0.0,
2026-01-24T12:01:00-05:00,ETH/USD,window360_strategy,hold,0.0,same_minute,-0.47096059019125747,0.0,
2026-01-24T12:01:00-05:00,BTC/USD,window360_strategy,hold,0.0,same_minute,-0.47096059019125747,0.0,
2026-01-24T12:01:00-05:00,ETH/USD,window360_strategy,hold,0.0,same_minute,-0.47096059019125747,0.0,
2026-01-24T12:01:00-05:00,BTC/USD,window360_strategy,hold,0.0,same_minute,-0.47096059019125747,0.0,
2026-01-24T12:01:00-05:00,ETH/USD,window360_strategy,hold,0.0,same_minute,-0.47096059019125747,0.0,
2026-01-24T12:01:00-05:00,BTC/USD,window360_strategy,hold,0.0,same_minute,-0.47096059019125747,0.0,
2026-01-24T12:01:00-05:00,ETH/USD,window360_strategy,hold,0.0,same_minute,-0.47096059019125747,0.0,
2026-01-24T12:02:00-05:00,BTC/USD,window360_strategy,hold,0.0,no_change,-0.3512449951750897,0.0,below_z_enter
2026-01-24T12:01:00-05:00,ETH/USD,window360_strategy,hold,0.0,same_minute,-0.3518846200665153,0.0,
2026-01-24T12:02:00-05:00,BTC/USD,window360_strategy,hold,0.0,same_minute,-0.3518846200665153,0.0,
2026-01-24T12:01:00-05:00,ETH/USD,window360_strategy,hold,0.0,same_minute,-0.3518846200665153,0.0,
2026-01-24T12:02:00-05:00,BTC/USD,window360_strategy,hold,0.0,same_minute,-0.3518846200665153,0.0,
2026-01-24T12:01:00-05:00,ETH/USD,window360_strategy,hold,0.0,same_minute,-0.3518846200665153,0.0,
2026-01-24T12:02:00-05:00,BTC/USD,window360_strategy,hold,0.0,same_minute,-0.3518846200665153,0.0,
2026-01-24T12:01:00-05:00,ETH/USD,window360_strategy,hold,0.0,same_minute,-0.3518846200665153,0.0,
2026-01-24T12:02:00-05:00,BTC/USD,window360_strategy,hold,0.0,same_minute,-0.3518846200665153,0.0,
2026-01-24T12:01:00-05:00,ETH/USD,window360_strategy,hold,0.0,same_minute,-0.3518846200665153,0.0,
2026-01-24T12:02:00-05:00,BTC/USD,window360_strategy,hold,0.0,same_minute,-0.3518846200665153,0.0,
2026-01-24T12:01:00-05:00,ETH/USD,window360_strategy,hold,0.0,same_minute,-0.3518846200665153,0.0,
2026-01-24T12:02:00-05:00,BTC/USD,window360_strategy,hold,0.0,same_minute,-0.3518846200665153,0.0,
2026-01-24T12:01:00-05:00,ETH/USD,window360_strategy,hold,0.0,same_minute,-0.3518846200665153,0.0,
2026-01-24T12:02:00-05:00,BTC/USD,window360_strategy,hold,0.0,same_minute,-0.3518846200665153,0.0,
2026-01-24T12:01:00-05:00,ETH/USD,window360_strategy,hold,0.0,same_minute,-0.3518846200665153,0.0,
2026-01-24T12:02:00-05:00,BTC/USD,window360_strategy,hold,0.0,same_minute,-0.3518846200665153,0.0,
2026-01-24T12:01:00-05:00,ETH/USD,window360_strategy,hold,0.0,same_minute,-0.3518846200665153,0.0,
2026-01-24T12:02:00-05:00,BTC/USD,window360_strategy,hold,0.0,same_minute,-0.3518846200665153,0.0,
2026-01-24T12:01:00-05:00,ETH/USD,window360_strategy,hold,0.0,same_minute,-0.3518846200665153,0.0,
2026-01-24T12:02:00-05:00,BTC/USD,window360_strategy,hold,0.0,same_minute,-0.3518846200665153,0.0,
2026-01-24T12:01:00-05:00,ETH/USD,window360_strategy,hold,0.0,same_minute,-0.3518846200665153,0.0,
2026-01-24T12:02:00-05:00,BTC/USD,window360_strategy,hold,0.0,same_minute,-0.3518846200665153,0.0,
2026-01-24T12:01:00-05:00,ETH/USD,window360_strategy,hold,0.0,same_minute,-0.3518846200665153,0.0,
2026-01-24T12:04:00-05:00,BTC/USD,window360_strategy,hold,0.0,no_change,-0.7000700623053547,0.0,below_z_enter
2026-01-24T12:01:00-05:00,ETH/USD,window360_strategy,hold,0.0,same_minute,-0.6976778333708807,0.0,
2026-01-24T12:04:00-05:00,BTC/USD,window360_strategy,hold,0.0,same_minute,-0.6976778333708807,0.0,
2026-01-24T12:01:00-05:00,ETH/USD,window360_strategy,hold,0.0,same_minute,-0.6976778333708807,0.0,
2026-01-24T12:04:00-05:00,BTC/USD,window360_strategy,hold,0.0,same_minute,-0.6976778333708807,0.0,
2026-01-24T12:01:00-05:00,ETH/USD,window360_strategy,hold,0.0,same_minute,-0.6976778333708807,0.0,
2026-01-24T12:04:00-05:00,BTC/USD,window360_strategy,hold,0.0,same_minute,-0.6976778333708807,0.0,
2026-01-24T12:01:00-05:00,ETH/USD,window360_strategy,hold,0.0,same_minute,-0.6976778333708807,0.0,
2026-01-24T12:04:00-05:00,BTC/USD,window360_strategy,hold,0.0,same_minute,-0.6976778333708807,0.0,
2026-01-24T12:01:00-05:00,ETH/USD,window360_strategy,hold,0.0,same_minute,-0.6976778333708807,0.0,
2026-01-24T12:05:00-05:00,BTC/USD,window360_strategy,hold,0.0,no_change,-0.5749506371419852,0.0,below_z_enter
2026-01-24T12:01:00-05:00,ETH/USD,window360_strategy,hold,0.0,same_minute,-0.5756658595608889,0.0,
2026-01-24T12:05:00-05:00,BTC/USD,window360_strategy,hold,0.0,same_minute,-0.5756658595608889,0.0,
2026-01-24T12:01:00-05:00,ETH/USD,window360_strategy,hold,0.0,same_minute,-0.5756658595608889,0.0,
2026-01-24T12:05:00-05:00,BTC/USD,window360_strategy,hold,0.0,same_minute,-0.5756658595608889,0.0,
2026-01-24T12:01:00-05:00,ETH/USD,window360_strategy,hold,0.0,same_minute,-0.5756658595608889,0.0,
2026-01-24T13:06:00-05:00,BTC/USD,window360_strategy,hold,0.0,no_change,0.5033814545540345,0.0,below_z_enter
2026-01-24T13:02:00-05:00,ETH/USD,window360_strategy,hold,0.0,no_change,-0.8057908387921037,-0.0,below_z_enter
2026-01-24T13:06:00-05:00,BTC/USD,window360_strategy,hold,0.0,same_minute,-0.7852348226683086,0.0,
2026-01-24T13:02:00-05:00,ETH/USD,window360_strategy,hold,0.0,same_minute,-0.7852348226683086,0.0,
2026-01-24T13:06:00-05:00,BTC/USD,window360_strategy,hold,0.0,same_minute,-0.7852348226683086,0.0,
2026-01-24T13:02:00-05:00,ETH/USD,window360_strategy,hold,0.0,same_minute,-0.7852348226683086,0.0,
2026-01-24T13:06:00-05:00,BTC/USD,window360_strategy,hold,0.0,same_minute,-0.7852348226683086,0.0,
2026-01-24T13:02:00-05:00,ETH/USD,window360_strategy,hold,0.0,same_minute,-0.7852348226683086,0.0,
2026-01-24T13:06:00-05:00,BTC/USD,window360_strategy,hold,0.0,same_minute,-0.7852348226683086,0.0,
2026-01-24T13:02:00-05:00,ETH/USD,window360_strategy,hold,0.0,same_minute,-0.7852348226683086,0.0,
2026-01-24T13:06:00-05:00,BTC/USD,window360_strategy,hold,0.0,same_minute,-0.7852348226683086,0.0,
2026-01-24T13:02:00-05:00,ETH/USD,window360_strategy,hold,0.0,same_minute,-0.7852348226683086,0.0,
2026-01-24T13:06:00-05:00,BTC/USD,window360_strategy,hold,0.0,same_minute,-0.7852348226683086,0.0,
2026-01-24T13:02:00-05:00,ETH/USD,window360_strategy,hold,0.0,same_minute,-0.7852348226683086,0.0,
2026-01-24T13:06:00-05:00,BTC/USD,window360_strategy,hold,0.0,same_minute,-0.7852348226683086,0.0,
2026-01-24T13:02:00-05:00,ETH/USD,window360_strategy,hold,0.0,same_minute,-0.7852348226683086,0.0,
2026-01-24T13:06:00-05:00,BTC/USD,window360_strategy,hold,0.0,same_minute,-0.7852348226683086,0.0,
2026-01-24T13:02:00-05:00,ETH/USD,window360_strategy,hold,0.0,same_minute,-0.7852348226683086,0.0,
2026-01-24T13:06:00-05:00,BTC/USD,window360_strategy,hold,0.0,same_minute,-0.7852348226683086,0.0,
2026-01-24T13:02:00-05:00,ETH/USD,window360_strategy,hold,0.0,same_minute,-0.7852348226683086,0.0,
2026-01-24T13:06:00-05:00,BTC/USD,window360_strategy,hold,0.0,same_minute,-0.7852348226683086,0.0,
2026-01-24T13:02:00-05:00,ETH/USD,window360_strategy,hold,0.0,same_minute,-0.7852348226683086,0.0,
2026-01-24T13:06:00-05:00,BTC/USD,window360_strategy,hold,0.0,same_minute,-0.7852348226683086,0.0,
2026-01-24T13:08:00-05:00,ETH/USD,window360_strategy,hold,0.0,no_change,-0.736640299535534,-0.0,below_z_enter
2026-01-24T13:06:00-05:00,BTC/USD,window360_strategy,hold,0.0,same_minute,-0.7370098340093499,0.0,
2026-01-24T13:08:00-05:00,ETH/USD,window360_strategy,hold,0.0,same_minute,-0.7370098340093499,0.0,
2026-01-24T13:06:00-05:00,BTC/USD,window360_strategy,hold,0.0,same_minute,-0.7370098340093499,0.0,
2026-01-24T13:08:00-05:00,ETH/USD,window360_strategy,hold,0.0,same_minute,-0.7370098340093499,0.0,
2026-01-24T13:06:00-05:00,BTC/USD,window360_strategy,hold,0.0,same_minute,-0.7370098340093499,0.0,
2026-01-24T13:08:00-05:00,ETH/USD,window360_strategy,hold,0.0,same_minute,-0.7370098340093499,0.0,
2026-01-24T13:06:00-05:00,BTC/USD,window360_strategy,hold,0.0,same_minute,-0.7370098340093499,0.0,
2026-01-24T13:08:00-05:00,ETH/USD,window360_strategy,hold,0.0,same_minute,-0.7370098340093499,0.0,
2026-01-24T13:06:00-05:00,BTC/USD,window360_strategy,hold,0.0,same_minute,-0.7370098340093499,0.0,
2026-01-24T13:08:00-05:00,ETH/USD,window360_strategy,hold,0.0,same_minute,-0.7370098340093499,0.0,
2026-01-24T13:55:00-05:00,BTC/USD,window360_strategy,hold,0.0,no_change,-0.5523368237689811,0.0,below_z_enter
2026-01-24T13:53:00-05:00,ETH/USD,window360_strategy,hold,0.0,no_change,-0.4485515489648649,-0.0,below_z_enter
2026-01-24T13:55:00-05:00,BTC/USD,window360_strategy,hold,0.0,same_minute,-0.45001245150854513,0.0,
2026-01-24T13:53:00-05:00,ETH/USD,window360_strategy,hold,0.0,same_minute,-0.45001245150854513,0.0,
2026-01-24T13:56:00-05:00,BTC/USD,window360_strategy,hold,0.0,no_change,-0.30627794456412033,0.0,below_z_enter
2026-01-24T13:56:00-05:00,ETH/USD,window360_strategy,hold,0.0,no_change,-0.250056502474903,-0.0,below_z_enter
2026-01-24T14:24:00-05:00,BTC/USD,window360_strategy,hold,0.0,waiting_pair,,,
2026-01-24T14:25:00-05:00,ETH/USD,window360_strategy,hold,0.0,no_change,-0.1853626031592467,-0.0,below_z_enter
2026-01-24T14:24:00-05:00,BTC/USD,window360_strategy,hold,0.0,no_change,-0.15484209090354245,0.0,below_z_enter
2026-01-24T14:25:00-05:00,ETH/USD,window360_strategy,hold,0.0,same_minute,-0.15484209090354245,0.0,
2026-01-24T14:24:00-05:00,BTC/USD,window360_strategy,hold,0.0,same_minute,-0.15484209090354245,0.0,
2026-01-24T14:25:00-05:00,ETH/USD,window360_strategy,hold,0.0,same_minute,-0.15484209090354245,0.0,
2026-01-24T14:24:00-05:00,BTC/USD,window360_strategy,hold,0.0,same_minute,-0.15484209090354245,0.0,
2026-01-24T14:26:00-05:00,ETH/USD,window360_strategy,hold,0.0,no_change,-0.08225512186185417,-0.0,below_z_enter
2026-01-24T14:24:00-05:00,BTC/USD,window360_strategy,hold,0.0,same_minute,-0.08227128975879246,0.0,
2026-01-24T14:26:00-05:00,ETH/USD,window360_strategy,hold,0.0,same_minute,-0.08227128975879246,0.0,
2026-01-24T14:24:00-05:00,BTC/USD,window360_strategy,hold,0.0,same_minute,-0.08227128975879246,0.0,
2026-01-24T14:26:00-05:00,ETH/USD,window360_strategy,hold,0.0,same_minute,-0.08227128975879246,0.0,
2026-01-24T14:24:00-05:00,BTC/USD,window360_strategy,hold,0.0,same_minute,-0.08227128975879246,0.0,
2026-01-24T14:26:00-05:00,ETH/USD,window360_strategy,hold,0.0,same_minute,-0.08227128975879246,0.0,
2026-01-24T14:24:00-05:00,BTC/USD,window360_strategy,hold,0.0,same_minute,-0.08227128975879246,0.0,
2026-01-24T14:26:00-05:00,ETH/USD,window360_strategy,hold,0.0,same_minute,-0.08227128975879246,0.0,
2026-01-24T14:24:00-05:00,BTC/USD,window360_strategy,hold,0.0,same_minute,-0.08227128975879246,0.0,
2026-01-24T14:26:00-05:00,ETH/USD,window360_strategy,hold,0.0,same_minute,-0.08227128975879246,0.0,
2026-01-24T14:27:00-05:00,BTC/USD,window360_strategy,hold,0.0,no_change,0.41992545939125264,0.0,below_z_enter
2026-01-24T14:26:00-05:00,ETH/USD,window360_strategy,hold,0.0,same_minute,0.41581420130236124,0.0,
2026-01-24T14:27:00-05:00,BTC/USD,window360_strategy,hold,0.0,same_minute,0.41581420130236124,0.0,
2026-01-24T14:26:00-05:00,ETH/USD,window360_strategy,hold,0.0,same_minute,0.41581420130236124,0.0,
2026-01-24T14:27:00-05:00,BTC/USD,window360_strategy,hold,0.0,same_minute,0.41581420130236124,0.0,
2026-01-24T14:26:00-05:00,ETH/USD,window360_strategy,hold,0.0,same_minute,0.41581420130236124,0.0,
2026-01-24T14:27:00-05:00,BTC/USD,window360_strategy,hold,0.0,same_minute,0.41581420130236124,0.0,
2026-01-24T14:26:00-05:00,ETH/USD,window360_strategy,hold,0.0,same_minute,0.41581420130236124,0.0,
2026-01-24T14:27:00-05:00,BTC/USD,window360_strategy,hold,0.0,same_minute,0.41581420130236124,0.0,
2026-01-24T14:26:00-05:00,ETH/USD,window360_strategy,hold,0.0,same_minute,0.41581420130236124,0.0,
2026-01-24T14:27:00-05:00,BTC/USD,window360_strategy,hold,0.0,same_minute,0.41581420130236124,0.0,
2026-01-24T14:26:00-05:00,ETH/USD,window360_strategy,hold,0.0,same_minute,0.41581420130236124,0.0,
2026-01-24T14:27:00-05:00,BTC/USD,window360_strategy,hold,0.0,same_minute,0.41581420130236124,0.0,
2026-01-24T14:26:00-05:00,ETH/USD,window360_strategy,hold,0.0,same_minute,0.41581420130236124,0.0,
2026-01-24T14:27:00-05:00,BTC/USD,window360_strategy,hold,0.0,same_minute,0.41581420130236124,0.0,
2026-01-24T14:26:00-05:00,ETH/USD,window360_strategy,hold,0.0,same_minute,0.41581420130236124,0.0,
2026-01-24T14:27:00-05:00,BTC/USD,window360_strategy,hold,0.0,same_minute,0.41581420130236124,0.0,
2026-01-24T14:26:00-05:00,ETH/USD,window360_strategy,hold,0.0,same_minute,0.41581420130236124,0.0,
2026-01-24T14:27:00-05:00,BTC/USD,window360_strategy,hold,0.0,same_minute,0.41581420130236124,0.0,
2026-01-24T14:26:00-05:00,ETH/USD,window360_strategy,hold,0.0,same_minute,0.41581420130236124,0.0,
2026-01-24T14:27:00-05:00,BTC/USD,window360_strategy,hold,0.0,same_minute,0.41581420130236124,0.0,
2026-01-24T14:26:00-05:00,ETH/USD,window360_strategy,hold,0.0,same_minute,0.41581420130236124,0.0,
2026-01-24T14:27:00-05:00,BTC/USD,window360_strategy,hold,0.0,same_minute,0.41581420130236124,0.0,
2026-01-24T14:26:00-05:00,ETH/USD,window360_strategy,hold,0.0,same_minute,0.41581420130236124,0.0,
2026-01-24T14:27:00-05:00,BTC/USD,window360_strategy,hold,0.0,same_minute,0.41581420130236124,0.0,
2026-01-24T14:29:00-05:00,ETH/USD,window360_strategy,hold,0.0,no_change,0.1918601529961332,-0.0,below_z_enter
2026-01-24T14:27:00-05:00,BTC/USD,window360_strategy,hold,0.0,same_minute,0.192654695295593,0.0,
2026-01-24T14:29:00-05:00,ETH/USD,window360_strategy,hold,0.0,same_minute,0.192654695295593,0.0,
2026-01-24T14:27:00-05:00,BTC/USD,window360_strategy,hold,0.0,same_minute,0.192654695295593,0.0,
2026-01-24T14:29:00-05:00,ETH/USD,window360_strategy,hold,0.0,same_minute,0.192654695295593,0.0,
2026-01-24T14:27:00-05:00,BTC/USD,window360_strategy,hold,0.0,same_minute,0.192654695295593,0.0,
2026-01-24T14:29:00-05:00,ETH/USD,window360_strategy,hold,0.0,same_minute,0.192654695295593,0.0,
2026-01-24T14:27:00-05:00,BTC/USD,window360_strategy,hold,0.0,same_minute,0.192654695295593,0.0,
2026-01-24T14:29:00-05:00,ETH/USD,window360_strategy,hold,0.0,same_minute,0.192654695295593,0.0,
2026-01-24T14:27:00-05:00,BTC/USD,window360_strategy,hold,0.0,same_minute,0.192654695295593,0.0,
2026-01-24T14:29:00-05:00,ETH/USD,window360_strategy,hold,0.0,same_minute,0.192654695295593,0.0,
2026-01-24T14:27:00-05:00,BTC/USD,window360_strategy,hold,0.0,same_minute,0.192654695295593,0.0,
2026-01-24T14:30:00-05:00,ETH/USD,window360_strategy,hold,0.0,no_change,0.5824188075491981,-0.0,below_z_enter
2026-01-24T14:27:00-05:00,BTC/USD,window360_strategy,hold,0.0,same_minute,0.5815235582573891,0.0,
2026-01-24T14:30:00-05:00,ETH/USD,window360_strategy,hold,0.0,same_minute,0.5815235582573891,0.0,
2026-01-24T14:27:00-05:00,BTC/USD,window360_strategy,hold,0.0,same_minute,0.5815235582573891,0.0,
2026-01-24T14:30:00-05:00,ETH/USD,window360_strategy,hold,0.0,same_minute,0.5815235582573891,0.0,
2026-01-24T14:27:00-05:00,BTC/USD,window360_strategy,hold,0.0,same_minute,0.5815235582573891,0.0,
2026-01-24T14:30:00-05:00,ETH/USD,window360_strategy,hold,0.0,same_minute,0.5815235582573891,0.0,
2026-01-24T14:27:00-05:00,BTC/USD,window360_strategy,hold,0.0,same_minute,0.5815235582573891,0.0,
2026-01-24T14:30:00-05:00,ETH/USD,window360_strategy,hold,0.0,same_minute,0.5815235582573891,0.0,
2026-01-24T14:27:00-05:00,BTC/USD,window360_strategy,hold,0.0,same_minute,0.5815235582573891,0.0,
2026-01-24T14:30:00-05:00,ETH/USD,window360_strategy,hold,0.0,same_minute,0.5815235582573891,0.0,
2026-01-24T14:31:00-05:00,BTC/USD,window360_strategy,hold,0.0,no_change,0.2388890536707081,0.0,below_z_enter
2026-01-24T14:31:00-05:00,ETH/USD,window360_strategy,hold,0.0,no_change,0.22346993513258184,-0.0,below_z_enter
2026-01-24T14:31:00-05:00,BTC/USD,window360_strategy,hold,0.0,same_minute,0.22346993513258184,0.0,
2026-01-24T14:31:00-05:00,ETH/USD,window360_strategy,hold,0.0,same_minute,0.22346993513258184,0.0,
2026-01-24T14:31:00-05:00,BTC/USD,window360_strategy,hold,0.0,same_minute,0.22346993513258184,0.0,
2026-01-24T14:31:00-05:00,ETH/USD,window360_strategy,hold,0.0,same_minute,0.22346993513258184,0.0,
2026-01-24T14:31:00-05:00,BTC/USD,window360_strategy,hold,0.0,same_minute,0.22346993513258184,0.0,
2026-01-24T14:31:00-05:00,ETH/USD,window360_strategy,hold,0.0,same_minute,0.22346993513258184,0.0,
2026-01-24T14:31:00-05:00,BTC/USD,window360_strategy,hold,0.0,same_minute,0.22346993513258184,0.0,
2026-01-24T14:31:00-05:00,ETH/USD,window360_strategy,hold,0.0,same_minute,0.22346993513258184,0.0,
2026-01-24T14:31:00-05:00,BTC/USD,window360_strategy,hold,0.0,same_minute,0.22346993513258184,0.0,
2026-01-24T14:32:00-05:00,ETH/USD,window360_strategy,hold,0.0,no_change,0.027852130261670615,-0.0,below_z_enter
2026-01-24T14:31:00-05:00,BTC/USD,window360_strategy,hold,0.0,same_minute,0.028410685389626683,0.0,
2026-01-24T14:32:00-05:00,ETH/USD,window360_strategy,hold,0.0,same_minute,0.028410685389626683,0.0,
2026-01-24T14:31:00-05:00,BTC/USD,window360_strategy,hold,0.0,same_minute,0.028410685389626683,0.0,
2026-01-24T14:32:00-05:00,ETH/USD,window360_strategy,hold,0.0,same_minute,0.028410685389626683,0.0,
2026-01-24T14:31:00-05:00,BTC/USD,window360_strategy,hold,0.0,same_minute,0.028410685389626683,0.0,
2026-01-24T14:32:00-05:00,ETH/USD,window360_strategy,hold,0.0,same_minute,0.028410685389626683,0.0,
2026-01-24T14:31:00-05:00,BTC/USD,window360_strategy,hold,0.0,same_minute,0.028410685389626683,0.0,
2026-01-24T14:32:00-05:00,ETH/USD,window360_strategy,hold,0.0,same_minute,0.028410685389626683,0.0,
2026-01-24T14:31:00-05:00,BTC/USD,window360_strategy,hold,0.0,same_minute,0.028410685389626683,0.0,
2026-01-24T14:32:00-05:00,ETH/USD,window360_strategy,hold,0.0,same_minute,0.028410685389626683,0.0,
2026-01-24T14:31:00-05:00,BTC/USD,window360_strategy,hold,0.0,same_minute,0.028410685389626683,0.0,
2026-01-24T14:32:00-05:00,ETH/USD,window360_strategy,hold,0.0,same_minute,0.028410685389626683,0.0,
2026-01-24T14:31:00-05:00,BTC/USD,window360_strategy,hold,0.0,same_minute,0.028410685389626683,0.0,
2026-01-24T14:32:00-05:00,ETH/USD,window360_strategy,hold,0.0,same_minute,0.028410685389626683,0.0,
2026-01-24T14:31:00-05:00,BTC/USD,window360_strategy,hold,0.0,same_minute,0.028410685389626683,0.0,
2026-01-24T14:32:00-05:00,ETH/USD,window360_strategy,hold,0.0,same_minute,0.028410685389626683,0.0,
2026-01-24T14:31:00-05:00,BTC/USD,window360_strategy,hold,0.0,same_minute,0.028410685389626683,0.0,
2026-01-24T14:32:00-05:00,ETH/USD,window360_strategy,hold,0.0,same_minute,0.028410685389626683,0.0,
2026-01-24T14:31:00-05:00,BTC/USD,window360_strategy,hold,0.0,same_minute,0.028410685389626683,0.0,
2026-01-24T14:32:00-05:00,ETH/USD,window360_strategy,hold,0.0,same_minute,0.028410685389626683,0.0,
2026-01-24T14:31:00-05:00,BTC/USD,window360_strategy,hold,0.0,same_minute,0.028410685389626683,0.0,
2026-01-24T14:32:00-05:00,ETH/USD,window360_strategy,hold,0.0,same_minute,0.028410685389626683,0.0,
2026-01-24T14:34:00-05:00,BTC/USD,window360_strategy,hold,0.0,no_change,0.5464278041127535,0.0,below_z_enter
2026-01-24T14:34:00-05:00,ETH/USD,window360_strategy,hold,0.0,no_change,0.45461740759664876,-0.0,below_z_enter
2026-01-24T14:34:00-05:00,BTC/USD,window360_strategy,hold,0.0,same_minute,0.45461740759664876,0.0,
2026-01-24T14:34:00-05:00,ETH/USD,window360_strategy,hold,0.0,same_minute,0.45461740759664876,0.0,
2026-01-24T14:34:00-05:00,BTC/USD,window360_strategy,hold,0.0,same_minute,0.45461740759664876,0.0,
2026-01-24T14:34:00-05:00,ETH/USD,window360_strategy,hold,0.0,same_minute,0.45461740759664876,0.0,
2026-01-24T14:34:00-05:00,BTC/USD,window360_strategy,hold,0.0,same_minute,0.45461740759664876,0.0,
2026-01-24T14:34:00-05:00,ETH/USD,window360_strategy,hold,0.0,same_minute,0.45461740759664876,0.0,
2026-01-24T14:34:00-05:00,BTC/USD,window360_strategy,hold,0.0,same_minute,0.45461740759664876,0.0,
2026-01-24T14:34:00-05:00,ETH/USD,window360_strategy,hold,0.0,same_minute,0.45461740759664876,0.0,
2026-01-24T14:34:00-05:00,BTC/USD,window360_strategy,hold,0.0,same_minute,0.45461740759664876,0.0,
2026-01-24T14:34:00-05:00,ETH/USD,window360_strategy,hold,0.0,same_minute,0.45461740759664876,0.0,
2026-01-24T14:35:00-05:00,BTC/USD,window360_strategy,hold,0.0,no_change,0.23313956722128823,0.0,below_z_enter
2026-01-24T14:35:00-05:00,ETH/USD,window360_strategy,hold,0.0,no_change,0.41533114313536107,-0.0,below_z_enter
2026-01-24T14:35:00-05:00,BTC/USD,window360_strategy,hold,0.0,same_minute,0.41533114313536107,0.0,
2026-01-24T14:35:00-05:00,ETH/USD,window360_strategy,hold,0.0,same_minute,0.41533114313536107,0.0,
2026-01-24T14:35:00-05:00,BTC/USD,window360_strategy,hold,0.0,same_minute,0.41533114313536107,0.0,
2026-01-24T14:35:00-05:00,ETH/USD,window360_strategy,hold,0.0,same_minute,0.41533114313536107,0.0,
2026-01-24T14:35:00-05:00,BTC/USD,window360_strategy,hold,0.0,same_minute,0.41533114313536107,0.0,
2026-01-24T14:35:00-05:00,ETH/USD,window360_strategy,hold,0.0,same_minute,0.41533114313536107,0.0,
2026-01-24T14:35:00-05:00,BTC/USD,window360_strategy,hold,0.0,same_minute,0.41533114313536107,0.0,
2026-01-24T14:35:00-05:00,ETH/USD,window360_strategy,hold,0.0,same_minute,0.41533114313536107,0.0,
2026-01-24T14:35:00-05:00,BTC/USD,window360_strategy,hold,0.0,same_minute,0.41533114313536107,0.0,
2026-01-24T14:35:00-05:00,ETH/USD,window360_strategy,hold,0.0,same_minute,0.41533114313536107,0.0,
2026-01-24T14:35:00-05:00,BTC/USD,window360_strategy,hold,0.0,same_minute,0.41533114313536107,0.0,
2026-01-24T14:36:00-05:00,ETH/USD,window360_strategy,hold,0.0,no_change,0.4719402326802186,-0.0,below_z_enter
2026-01-24T14:35:00-05:00,BTC/USD,window360_strategy,hold,0.0,same_minute,0.4718032238698298,0.0,
2026-01-24T14:36:00-05:00,ETH/USD,window360_strategy,hold,0.0,same_minute,0.4718032238698298,0.0,
2026-01-24T14:35:00-05:00,BTC/USD,window360_strategy,hold,0.0,same_minute,0.4718032238698298,0.0,
2026-01-24T14:36:00-05:00,ETH/USD,window360_strategy,hold,0.0,same_minute,0.4718032238698298,0.0,
2026-01-24T14:35:00-05:00,BTC/USD,window360_strategy,hold,0.0,same_minute,0.4718032238698298,0.0,
2026-01-24T14:36:00-05:00,ETH/USD,window360_strategy,hold,0.0,same_minute,0.4718032238698298,0.0,
2026-01-24T14:35:00-05:00,BTC/USD,window360_strategy,hold,0.0,same_minute,0.4718032238698298,0.0,
2026-01-24T14:36:00-05:00,ETH/USD,window360_strategy,hold,0.0,same_minute,0.4718032238698298,0.0,
2026-01-24T14:35:00-05:00,BTC/USD,window360_strategy,hold,0.0,same_minute,0.4718032238698298,0.0,
2026-01-24T14:36:00-05:00,ETH/USD,window360_strategy,hold,0.0,same_minute,0.4718032238698298,0.0,
2026-01-24T14:37:00-05:00,BTC/USD,window360_strategy,hold,0.0,no_change,0.47626023284461544,0.0,below_z_enter
2026-01-24T14:37:00-05:00,ETH/USD,window360_strategy,hold,0.0,no_change,0.5619533427425649,-0.0,below_z_enter
2026-01-24T14:37:00-05:00,BTC/USD,window360_strategy,hold,0.0,same_minute,0.5619533427425649,0.0,
2026-01-24T14:37:00-05:00,ETH/USD,window360_strategy,hold,0.0,same_minute,0.5619533427425649,0.0,
2026-01-24T14:37:00-05:00,BTC/USD,window360_strategy,hold,0.0,same_minute,0.5619533427425649,0.0,
2026-01-24T14:37:00-05:00,ETH/USD,window360_strategy,hold,0.0,same_minute,0.5619533427425649,0.0,
2026-01-24T14:37:00-05:00,BTC/USD,window360_strategy,hold,0.0,same_minute,0.5619533427425649,0.0,
2026-01-24T14:37:00-05:00,ETH/USD,window360_strategy,hold,0.0,same_minute,0.5619533427425649,0.0,
2026-01-24T14:37:00-05:00,BTC/USD,window360_strategy,hold,0.0,same_minute,0.5619533427425649,0.0,
2026-01-24T14:37:00-05:00,ETH/USD,window360_strategy,hold,0.0,same_minute,0.5619533427425649,0.0,
2026-01-24T14:38:00-05:00,BTC/USD,window360_strategy,hold,0.0,no_change,0.7855648738685337,0.0,below_z_enter
2026-01-24T14:38:00-05:00,ETH/USD,window360_strategy,hold,0.0,no_change,0.5884989425558287,-0.0,below_z_enter
2026-01-24T14:38:00-05:00,BTC/USD,window360_strategy,hold,0.0,same_minute,0.5884989425558287,0.0,
2026-01-24T14:38:00-05:00,ETH/USD,window360_strategy,hold,0.0,same_minute,0.5884989425558287,0.0,
2026-01-24T14:38:00-05:00,BTC/USD,window360_strategy,hold,0.0,same_minute,0.5884989425558287,0.0,
2026-01-24T14:38:00-05:00,ETH/USD,window360_strategy,hold,0.0,same_minute,0.5884989425558287,0.0,
2026-01-24T14:38:00-05:00,BTC/USD,window360_strategy,hold,0.0,same_minute,0.5884989425558287,0.0,
2026-01-24T14:38:00-05:00,ETH/USD,window360_strategy,hold,0.0,same_minute,0.5884989425558287,0.0,
2026-01-24T14:38:00-05:00,BTC/USD,window360_strategy,hold,0.0,same_minute,0.5884989425558287,0.0,
2026-01-24T14:38:00-05:00,ETH/USD,window360_strategy,hold,0.0,same_minute,0.5884989425558287,0.0,
2026-01-24T14:38:00-05:00,BTC/USD,window360_strategy,hold,0.0,same_minute,0.5884989425558287,0.0,
2026-01-24T14:38:00-05:00,ETH/USD,window360_strategy,hold,0.0,same_minute,0.5884989425558287,0.0,
2026-01-24T14:39:00-05:00,BTC/USD,window360_strategy,hold,0.0,no_change,0.8149130981332351,0.0,below_z_enter
2026-01-24T14:39:00-05:00,ETH/USD,window360_strategy,hold,0.0,no_change,0.9607120795188558,-0.0,below_z_enter
2026-01-24T14:39:00-05:00,BTC/USD,window360_strategy,hold,0.0,same_minute,0.9607120795188558,0.0,
2026-01-24T14:39:00-05:00,ETH/USD,window360_strategy,hold,0.0,same_minute,0.9607120795188558,0.0,
2026-01-24T14:39:00-05:00,BTC/USD,window360_strategy,hold,0.0,same_minute,0.9607120795188558,0.0,
2026-01-24T14:39:00-05:00,ETH/USD,window360_strategy,hold,0.0,same_minute,0.9607120795188558,0.0,
2026-01-24T14:39:00-05:00,BTC/USD,window360_strategy,hold,0.0,same_minute,0.9607120795188558,0.0,
2026-01-24T14:39:00-05:00,ETH/USD,window360_strategy,hold,0.0,same_minute,0.9607120795188558,0.0,
2026-01-24T14:39:00-05:00,BTC/USD,window360_strategy,hold,0.0,same_minute,0.9607120795188558,0.0,
2026-01-24T14:39:00-05:00,ETH/USD,window360_strategy,hold,0.0,same_minute,0.9607120795188558,0.0,
2026-01-24T14:39:00-05:00,BTC/USD,window360_strategy,hold,0.0,same_minute,0.9607120795188558,0.0,
2026-01-24T14:39:00-05:00,ETH/USD,window360_strategy,hold,0.0,same_minute,0.9607120795188558,0.0,
2026-01-24T14:40:00-05:00,BTC/USD,window360_strategy,hold,0.0,no_change,1.042485626372337,0.0,below_z_enter
2026-01-24T14:40:00-05:00,ETH/USD,window360_strategy,hold,0.0,no_change,1.032299751023004,-0.0,below_z_enter
2026-01-24T14:40:00-05:00,BTC/USD,window360_strategy,hold,0.0,same_minute,1.032299751023004,0.0,
2026-01-24T14:40:00-05:00,ETH/USD,window360_strategy,hold,0.0,same_minute,1.032299751023004,0.0,
2026-01-24T14:40:00-05:00,BTC/USD,window360_strategy,hold,0.0,same_minute,1.032299751023004,0.0,
2026-01-24T14:40:00-05:00,ETH/USD,window360_strategy,hold,0.0,same_minute,1.032299751023004,0.0,
2026-01-24T14:40:00-05:00,BTC/USD,window360_strategy,hold,0.0,same_minute,1.032299751023004,0.0,
2026-01-24T14:40:00-05:00,ETH/USD,window360_strategy,hold,0.0,same_minute,1.032299751023004,0.0,
2026-01-24T14:40:00-05:00,BTC/USD,window360_strategy,hold,0.0,same_minute,1.032299751023004,0.0,
2026-01-24T14:40:00-05:00,ETH/USD,window360_strategy,hold,0.0,same_minute,1.032299751023004,0.0,
2026-01-24T14:40:00-05:00,BTC/USD,window360_strategy,hold,0.0,same_minute,1.032299751023004,0.0,
2026-01-24T14:40:00-05:00,ETH/USD,window360_strategy,hold,0.0,same_minute,1.032299751023004,0.0,
2026-01-24T14:40:00-05:00,BTC/USD,window360_strategy,hold,0.0,same_minute,1.032299751023004,0.0,
2026-01-24T14:41:00-05:00,ETH/USD,window360_strategy,hold,0.0,no_change,0.8332293433760651,-0.0,below_z_enter
2026-01-24T14:40:00-05:00,BTC/USD,window360_strategy,hold,0.0,same_minute,0.8347621548309577,0.0,
2026-01-24T14:41:00-05:00,ETH/USD,window360_strategy,hold,0.0,same_minute,0.8347621548309577,0.0,
2026-01-24T14:40:00-05:00,BTC/USD,window360_strategy,hold,0.0,same_minute,0.8347621548309577,0.0,
2026-01-24T14:41:00-05:00,ETH/USD,window360_strategy,hold,0.0,same_minute,0.8347621548309577,0.0,
2026-01-24T14:40:00-05:00,BTC/USD,window360_strategy,hold,0.0,same_minute,0.8347621548309577,0.0,
2026-01-24T14:41:00-05:00,ETH/USD,window360_strategy,hold,0.0,same_minute,0.8347621548309577,0.0,
2026-01-24T14:40:00-05:00,BTC/USD,window360_strategy,hold,0.0,same_minute,0.8347621548309577,0.0,
2026-01-24T14:41:00-05:00,ETH/USD,window360_strategy,hold,0.0,same_minute,0.8347621548309577,0.0,
2026-01-24T14:40:00-05:00,BTC/USD,window360_strategy,hold,0.0,same_minute,0.8347621548309577,0.0,
2026-01-24T14:41:00-05:00,ETH/USD,window360_strategy,hold,0.0,same_minute,0.8347621548309577,0.0,
2026-01-24T14:42:00-05:00,BTC/USD,window360_strategy,hold,0.0,no_change,0.765295875428562,0.0,below_z_enter
2026-01-24T14:42:00-05:00,ETH/USD,window360_strategy,hold,0.0,no_change,1.244321376202137,-0.0,edge_filter
2026-01-24T14:42:00-05:00,BTC/USD,window360_strategy,hold,0.0,same_minute,1.244321376202137,0.0,
2026-01-24T14:42:00-05:00,ETH/USD,window360_strategy,hold,0.0,same_minute,1.244321376202137,0.0,
2026-01-24T14:42:00-05:00,BTC/USD,window360_strategy,hold,0.0,same_minute,1.244321376202137,0.0,
2026-01-24T14:42:00-05:00,ETH/USD,window360_strategy,hold,0.0,same_minute,1.244321376202137,0.0,
2026-01-24T14:42:00-05:00,BTC/USD,window360_strategy,hold,0.0,same_minute,1.244321376202137,0.0,
2026-01-24T14:42:00-05:00,ETH/USD,window360_strategy,hold,0.0,same_minute,1.244321376202137,0.0,
2026-01-24T14:42:00-05:00,BTC/USD,window360_strategy,hold,0.0,same_minute,1.244321376202137,0.0,
2026-01-24T14:42:00-05:00,ETH/USD,window360_strategy,hold,0.0,same_minute,1.244321376202137,0.0,
2026-01-24T14:45:00-05:00,BTC/USD,window360_strategy,hold,0.0,no_change,1.4872185270195104,0.0,edge_filter
2026-01-24T14:45:00-05:00,ETH/USD,window360_strategy,hold,0.0,no_change,1.292006604734829,-0.0,edge_filter
2026-01-24T14:45:00-05:00,BTC/USD,window360_strategy,hold,0.0,same_minute,1.292006604734829,0.0,
2026-01-24T14:45:00-05:00,ETH/USD,window360_strategy,hold,0.0,same_minute,1.292006604734829,0.0,
2026-01-24T14:50:00-05:00,BTC/USD,window360_strategy,hold,0.0,no_change,0.9710564221800287,0.0,below_z_enter
2026-01-24T14:50:00-05:00,ETH/USD,window360_strategy,hold,0.0,no_change,1.455487782804042,-0.0,edge_filter
2026-01-24T14:50:00-05:00,BTC/USD,window360_strategy,hold,0.0,same_minute,1.455487782804042,0.0,
2026-01-24T14:50:00-05:00,ETH/USD,window360_strategy,hold,0.0,same_minute,1.455487782804042,0.0,
2026-01-24T14:50:00-05:00,BTC/USD,window360_strategy,hold,0.0,same_minute,1.455487782804042,0.0,
2026-01-24T14:50:00-05:00,ETH/USD,window360_strategy,hold,0.0,same_minute,1.455487782804042,0.0,
2026-01-24T14:50:00-05:00,BTC/USD,window360_strategy,hold,0.0,same_minute,1.455487782804042,0.0,
2026-01-24T14:50:00-05:00,ETH/USD,window360_strategy,hold,0.0,same_minute,1.455487782804042,0.0,
2026-01-24T14:51:00-05:00,BTC/USD,window360_strategy,hold,0.0,no_change,1.4266443982065697,0.0,edge_filter
2026-01-24T14:51:00-05:00,ETH/USD,window360_strategy,hold,0.0,no_change,1.3493804728199033,-0.0,edge_filter
2026-01-24T14:51:00-05:00,BTC/USD,window360_strategy,hold,0.0,same_minute,1.3493804728199033,0.0,
2026-01-24T14:51:00-05:00,ETH/USD,window360_strategy,hold,0.0,same_minute,1.3493804728199033,0.0,
2026-01-24T14:51:00-05:00,BTC/USD,window360_strategy,hold,0.0,same_minute,1.3493804728199033,0.0,
2026-01-24T14:51:00-05:00,ETH/USD,window360_strategy,hold,0.0,same_minute,1.3493804728199033,0.0,
2026-01-24T14:51:00-05:00,BTC/USD,window360_strategy,hold,0.0,same_minute,1.3493804728199033,0.0,
2026-01-24T14:51:00-05:00,ETH/USD,window360_strategy,hold,0.0,same_minute,1.3493804728199033,0.0,
2026-01-24T14:51:00-05:00,BTC/USD,window360_strategy,hold,0.0,same_minute,1.3493804728199033,0.0,
2026-01-24T14:51:00-05:00,ETH/USD,window360_strategy,hold,0.0,same_minute,1.3493804728199033,0.0,
2026-01-24T14:51:00-05:00,BTC/USD,window360_strategy,hold,0.0,same_minute,1.3493804728199033,0.0,
2026-01-24T14:51:00-05:00,ETH/USD,window360_strategy,hold,0.0,same_minute,1.3493804728199033,0.0,
2026-01-24T14:51:00-05:00,BTC/USD,window360_strategy,hold,0.0,same_minute,1.3493804728199033,0.0,
2026-01-24T14:52:00-05:00,ETH/USD,window360_strategy,hold,0.0,no_change,1.3762282324522035,-0.0,edge_filter
2026-01-24T14:51:00-05:00,BTC/USD,window360_strategy,hold,0.0,same_minute,1.3761320254297322,0.0,
2026-01-24T14:52:00-05:00,ETH/USD,window360_strategy,hold,0.0,same_minute,1.3761320254297322,0.0,
2026-01-24T14:51:00-05:00,BTC/USD,window360_strategy,hold,0.0,same_minute,1.3761320254297322,0.0,
2026-01-24T14:52:00-05:00,ETH/USD,window360_strategy,hold,0.0,same_minute,1.3761320254297322,0.0,
2026-01-24T14:51:00-05:00,BTC/USD,window360_strategy,hold,0.0,same_minute,1.3761320254297322,0.0,
2026-01-24T14:52:00-05:00,ETH/USD,window360_strategy,hold,0.0,same_minute,1.3761320254297322,0.0,
2026-01-24T14:51:00-05:00,BTC/USD,window360_strategy,hold,0.0,same_minute,1.3761320254297322,0.0,
2026-01-24T14:52:00-05:00,ETH/USD,window360_strategy,hold,0.0,same_minute,1.3761320254297322,0.0,
2026-01-24T14:51:00-05:00,BTC/USD,window360_strategy,hold,0.0,same_minute,1.3761320254297322,0.0,
2026-01-24T14:52:00-05:00,ETH/USD,window360_strategy,hold,0.0,same_minute,1.3761320254297322,0.0,
2026-01-24T14:51:00-05:00,BTC/USD,window360_strategy,hold,0.0,same_minute,1.3761320254297322,0.0,
2026-01-24T14:53:00-05:00,ETH/USD,window360_strategy,hold,0.0,no_change,1.4762327603523238,-0.0,edge_filter
2026-01-24T14:51:00-05:00,BTC/USD,window360_strategy,hold,0.0,same_minute,1.4749160241486778,0.0,
2026-01-24T14:53:00-05:00,ETH/USD,window360_strategy,hold,0.0,same_minute,1.4749160241486778,0.0,
2026-01-24T14:51:00-05:00,BTC/USD,window360_strategy,hold,0.0,same_minute,1.4749160241486778,0.0,
2026-01-24T14:53:00-05:00,ETH/USD,window360_strategy,hold,0.0,same_minute,1.4749160241486778,0.0,
2026-01-24T14:51:00-05:00,BTC/USD,window360_strategy,hold,0.0,same_minute,1.4749160241486778,0.0,
2026-01-24T14:53:00-05:00,ETH/USD,window360_strategy,hold,0.0,same_minute,1.4749160241486778,0.0,
2026-01-24T14:51:00-05:00,BTC/USD,window360_strategy,hold,0.0,same_minute,1.4749160241486778,0.0,
2026-01-24T14:53:00-05:00,ETH/USD,window360_strategy,hold,0.0,same_minute,1.4749160241486778,0.0,
2026-01-24T14:51:00-05:00,BTC/USD,window360_strategy,hold,0.0,same_minute,1.4749160241486778,0.0,
2026-01-24T14:54:00-05:00,ETH/USD,window360_strategy,hold,0.0,no_change,1.3207521868758396,-0.0,edge_filter
2026-01-24T14:51:00-05:00,BTC/USD,window360_strategy,hold,0.0,same_minute,1.323096639777899,0.0,
2026-01-24T14:54:00-05:00,ETH/USD,window360_strategy,hold,0.0,same_minute,1.323096639777899,0.0,
2026-01-24T14:51:00-05:00,BTC/USD,window360_strategy,hold,0.0,same_minute,1.323096639777899,0.0,
2026-01-24T14:54:00-05:00,ETH/USD,window360_strategy,hold,0.0,same_minute,1.323096639777899,0.0,
2026-01-24T14:51:00-05:00,BTC/USD,window360_strategy,hold,0.0,same_minute,1.323096639777899,0.0,
2026-01-24T14:54:00-05:00,ETH/USD,window360_strategy,hold,0.0,same_minute,1.323096639777899,0.0,
2026-01-24T14:51:00-05:00,BTC/USD,window360_strategy,hold,0.0,same_minute,1.323096639777899,0.0,
2026-01-24T14:54:00-05:00,ETH/USD,window360_strategy,hold,0.0,same_minute,1.323096639777899,0.0,
2026-01-24T14:51:00-05:00,BTC/USD,window360_strategy,hold,0.0,same_minute,1.323096639777899,0.0,
2026-01-24T14:54:00-05:00,ETH/USD,window360_strategy,hold,0.0,same_minute,1.323096639777899,0.0,
2026-01-24T14:51:00-05:00,BTC/USD,window360_strategy,hold,0.0,same_minute,1.323096639777899,0.0,
2026-01-24T14:55:00-05:00,ETH/USD,window360_strategy,hold,0.0,no_change,1.7388505305768536,-0.0,edge_filter
2026-01-24T14:51:00-05:00,BTC/USD,window360_strategy,hold,0.0,same_minute,1.7316611671259725,0.0,
2026-01-24T14:55:00-05:00,ETH/USD,window360_strategy,hold,0.0,same_minute,1.7316611671259725,0.0,
2026-01-24T14:51:00-05:00,BTC/USD,window360_strategy,hold,0.0,same_minute,1.7316611671259725,0.0,
2026-01-24T14:55:00-05:00,ETH/USD,window360_strategy,hold,0.0,same_minute,1.7316611671259725,0.0,
2026-01-24T14:51:00-05:00,BTC/USD,window360_strategy,hold,0.0,same_minute,1.7316611671259725,0.0,
2026-01-24T14:55:00-05:00,ETH/USD,window360_strategy,hold,0.0,same_minute,1.7316611671259725,0.0,
2026-01-24T14:51:00-05:00,BTC/USD,window360_strategy,hold,0.0,same_minute,1.7316611671259725,0.0,
2026-01-24T14:55:00-05:00,ETH/USD,window360_strategy,hold,0.0,same_minute,1.7316611671259725,0.0,
2026-01-24T14:51:00-05:00,BTC/USD,window360_strategy,hold,0.0,same_minute,1.7316611671259725,0.0,
2026-01-24T14:55:00-05:00,ETH/USD,window360_strategy,hold,0.0,same_minute,1.7316611671259725,0.0,
2026-01-24T14:56:00-05:00,BTC/USD,window360_strategy,hold,0.0,no_change,1.5163791557467037,0.0,edge_filter
2026-01-24T14:56:00-05:00,ETH/USD,window360_strategy,hold,0.0,no_change,1.5189519301327958,-0.0,edge_filter
2026-01-24T14:56:00-05:00,BTC/USD,window360_strategy,hold,0.0,same_minute,1.5189519301327958,0.0,
2026-01-24T14:56:00-05:00,ETH/USD,window360_strategy,hold,0.0,same_minute,1.5189519301327958,0.0,
2026-01-24T14:56:00-05:00,BTC/USD,window360_strategy,hold,0.0,same_minute,1.5189519301327958,0.0,
2026-01-24T14:56:00-05:00,ETH/USD,window360_strategy,hold,0.0,same_minute,1.5189519301327958,0.0,
2026-01-24T14:56:00-05:00,BTC/USD,window360_strategy,hold,0.0,same_minute,1.5189519301327958,0.0,
2026-01-24T14:56:00-05:00,ETH/USD,window360_strategy,hold,0.0,same_minute,1.5189519301327958,0.0,
2026-01-24T14:56:00-05:00,BTC/USD,window360_strategy,hold,0.0,same_minute,1.5189519301327958,0.0,
2026-01-24T14:56:00-05:00,ETH/USD,window360_strategy,hold,0.0,same_minute,1.5189519301327958,0.0,
2026-01-24T14:56:00-05:00,BTC/USD,window360_strategy,hold,0.0,same_minute,1.5189519301327958,0.0,
2026-01-24T14:56:00-05:00,ETH/USD,window360_strategy,hold,0.0,same_minute,1.5189519301327958,0.0,
2026-01-24T14:56:00-05:00,BTC/USD,window360_strategy,hold,0.0,same_minute,1.5189519301327958,0.0,
2026-01-24T14:57:00-05:00,ETH/USD,window360_strategy,hold,0.0,no_change,1.4901104468386774,-0.0,edge_filter
2026-01-24T14:56:00-05:00,BTC/USD,window360_strategy,hold,0.0,same_minute,1.4907947483429531,0.0,
2026-01-24T14:57:00-05:00,ETH/USD,window360_strategy,hold,0.0,same_minute,1.4907947483429531,0.0,
2026-01-24T14:56:00-05:00,BTC/USD,window360_strategy,hold,0.0,same_minute,1.4907947483429531,0.0,
2026-01-24T14:57:00-05:00,ETH/USD,window360_strategy,hold,0.0,same_minute,1.4907947483429531,0.0,
2026-01-24T14:56:00-05:00,BTC/USD,window360_strategy,hold,0.0,same_minute,1.4907947483429531,0.0,
2026-01-24T14:57:00-05:00,ETH/USD,window360_strategy,hold,0.0,same_minute,1.4907947483429531,0.0,
2026-01-24T14:56:00-05:00,BTC/USD,window360_strategy,hold,0.0,same_minute,1.4907947483429531,0.0,
2026-01-24T14:57:00-05:00,ETH/USD,window360_strategy,hold,0.0,same_minute,1.4907947483429531,0.0,
2026-01-24T14:56:00-05:00,BTC/USD,window360_strategy,hold,0.0,same_minute,1.4907947483429531,0.0,
2026-01-24T14:57:00-05:00,ETH/USD,window360_strategy,hold,0.0,same_minute,1.4907947483429531,0.0,
2026-01-24T14:58:00-05:00,BTC/USD,window360_strategy,hold,0.0,no_change,2.3146524487223274,0.0,edge_filter
2026-01-24T14:58:00-05:00,ETH/USD,window360_strategy,hold,0.0,no_change,2.2445931547767928,-0.0,edge_filter
2026-01-24T14:58:00-05:00,BTC/USD,window360_strategy,hold,0.0,same_minute,2.2445931547767928,0.0,
2026-01-24T14:58:00-05:00,ETH/USD,window360_strategy,hold,0.0,same_minute,2.2445931547767928,0.0,
2026-01-24T14:58:00-05:00,BTC/USD,window360_strategy,hold,0.0,same_minute,2.2445931547767928,0.0,
2026-01-24T14:58:00-05:00,ETH/USD,window360_strategy,hold,0.0,same_minute,2.2445931547767928,0.0,
2026-01-24T14:58:00-05:00,BTC/USD,window360_strategy,hold,0.0,same_minute,2.2445931547767928,0.0,
2026-01-24T14:58:00-05:00,ETH/USD,window360_strategy,hold,0.0,same_minute,2.2445931547767928,0.0,
2026-01-24T14:58:00-05:00,BTC/USD,window360_strategy,hold,0.0,same_minute,2.2445931547767928,0.0,
2026-01-24T14:58:00-05:00,ETH/USD,window360_strategy,hold,0.0,same_minute,2.2445931547767928,0.0,
2026-01-24T14:58:00-05:00,BTC/USD,window360_strategy,hold,0.0,same_minute,2.2445931547767928,0.0,
2026-01-24T14:58:00-05:00,ETH/USD,window360_strategy,hold,0.0,same_minute,2.2445931547767928,0.0,
2026-01-24T14:59:00-05:00,BTC/USD,window360_strategy,hold,0.0,no_change,1.6638092882868436,0.0,edge_filter
2026-01-24T14:59:00-05:00,ETH/USD,window360_strategy,hold,0.0,no_change,1.8060811937205727,-0.0,edge_filter
2026-01-24T14:59:00-05:00,BTC/USD,window360_strategy,hold,0.0,same_minute,1.8060811937205727,0.0,
2026-01-24T14:59:00-05:00,ETH/USD,window360_strategy,hold,0.0,same_minute,1.8060811937205727,0.0,
2026-01-24T14:59:00-05:00,BTC/USD,window360_strategy,hold,0.0,same_minute,1.8060811937205727,0.0,
2026-01-24T14:59:00-05:00,ETH/USD,window360_strategy,hold,0.0,same_minute,1.8060811937205727,0.0,
2026-01-24T14:59:00-05:00,BTC/USD,window360_strategy,hold,0.0,same_minute,1.8060811937205727,0.0,
2026-01-24T14:59:00-05:00,ETH/USD,window360_strategy,hold,0.0,same_minute,1.8060811937205727,0.0,
2026-01-24T14:59:00-05:00,BTC/USD,window360_strategy,hold,0.0,same_minute,1.8060811937205727,0.0,
2026-01-24T14:59:00-05:00,ETH/USD,window360_strategy,hold,0.0,same_minute,1.8060811937205727,0.0,
2026-01-24T14:59:00-05:00,BTC/USD,window360_strategy,hold,0.0,same_minute,1.8060811937205727,0.0,
2026-01-24T14:59:00-05:00,ETH/USD,window360_strategy,hold,0.0,same_minute,1.8060811937205727,0.0,
2026-01-24T14:59:00-05:00,BTC/USD,window360_strategy,hold,0.0,same_minute,1.8060811937205727,0.0,
2026-01-24T15:00:00-05:00,ETH/USD,window360_strategy,hold,0.0,no_change,1.7764085102136438,-0.0,edge_filter
2026-01-24T14:59:00-05:00,BTC/USD,window360_strategy,hold,0.0,same_minute,1.77697562748668,0.0,
2026-01-24T15:00:00-05:00,ETH/USD,window360_strategy,hold,0.0,same_minute,1.77697562748668,0.0,
2026-01-24T14:59:00-05:00,BTC/USD,window360_strategy,hold,0.0,same_minute,1.77697562748668,0.0,
2026-01-24T15:00:00-05:00,ETH/USD,window360_strategy,hold,0.0,same_minute,1.77697562748668,0.0,
2026-01-24T14:59:00-05:00,BTC/USD,window360_strategy,hold,0.0,same_minute,1.77697562748668,0.0,
2026-01-24T15:00:00-05:00,ETH/USD,window360_strategy,hold,0.0,same_minute,1.77697562748668,0.0,
2026-01-24T14:59:00-05:00,BTC/USD,window360_strategy,hold,0.0,same_minute,1.77697562748668,0.0,
2026-01-24T15:00:00-05:00,ETH/USD,window360_strategy,hold,0.0,same_minute,1.77697562748668,0.0,
2026-01-24T14:59:00-05:00,BTC/USD,window360_strategy,hold,0.0,same_minute,1.77697562748668,0.0,
2026-01-24T15:00:00-05:00,ETH/USD,window360_strategy,hold,0.0,same_minute,1.77697562748668,0.0,
2026-01-24T15:01:00-05:00,BTC/USD,window360_strategy,hold,0.0,no_change,1.745911962428429,0.0,edge_filter
2026-01-24T15:01:00-05:00,ETH/USD,window360_strategy,hold,0.0,no_change,1.8887092629849,-0.0,edge_filter
2026-01-24T15:01:00-05:00,BTC/USD,window360_strategy,hold,0.0,same_minute,1.8887092629849,0.0,
2026-01-24T15:01:00-05:00,ETH/USD,window360_strategy,hold,0.0,same_minute,1.8887092629849,0.0,
2026-01-24T15:01:00-05:00,BTC/USD,window360_strategy,hold,0.0,same_minute,1.8887092629849,0.0,
2026-01-24T15:01:00-05:00,ETH/USD,window360_strategy,hold,0.0,same_minute,1.8887092629849,0.0,
2026-01-24T15:01:00-05:00,BTC/USD,window360_strategy,hold,0.0,same_minute,1.8887092629849,0.0,
2026-01-24T15:01:00-05:00,ETH/USD,window360_strategy,hold,0.0,same_minute,1.8887092629849,0.0,
2026-01-24T15:01:00-05:00,BTC/USD,window360_strategy,hold,0.0,same_minute,1.8887092629849,0.0,
2026-01-24T15:01:00-05:00,ETH/USD,window360_strategy,hold,0.0,same_minute,1.8887092629849,0.0,
2026-01-24T15:02:00-05:00,BTC/USD,window360_strategy,hold,0.0,no_change,2.117305577518674,0.0,edge_filter
2026-01-24T15:02:00-05:00,ETH/USD,window360_strategy,hold,0.0,no_change,1.8717688323638395,-0.0,edge_filter
2026-01-24T15:02:00-05:00,BTC/USD,window360_strategy,hold,0.0,same_minute,1.8717688323638395,0.0,
2026-01-24T15:02:00-05:00,ETH/USD,window360_strategy,hold,0.0,same_minute,1.8717688323638395,0.0,
2026-01-24T15:02:00-05:00,BTC/USD,window360_strategy,hold,0.0,same_minute,1.8717688323638395,0.0,
2026-01-24T15:02:00-05:00,ETH/USD,window360_strategy,hold,0.0,same_minute,1.8717688323638395,0.0,
2026-01-24T15:02:00-05:00,BTC/USD,window360_strategy,hold,0.0,same_minute,1.8717688323638395,0.0,
2026-01-24T15:02:00-05:00,ETH/USD,window360_strategy,hold,0.0,same_minute,1.8717688323638395,0.0,
2026-01-24T15:02:00-05:00,BTC/USD,window360_strategy,hold,0.0,same_minute,1.8717688323638395,0.0,
2026-01-24T15:02:00-05:00,ETH/USD,window360_strategy,hold,0.0,same_minute,1.8717688323638395,0.0,
2026-01-24T15:02:00-05:00,BTC/USD,window360_strategy,hold,0.0,same_minute,1.8717688323638395,0.0,
2026-01-24T15:02:00-05:00,ETH/USD,window360_strategy,hold,0.0,same_minute,1.8717688323638395,0.0,
2026-01-24T15:03:00-05:00,BTC/USD,window360_strategy,hold,0.0,no_change,2.405667180309785,0.0,edge_filter
2026-01-24T15:03:00-05:00,ETH/USD,window360_strategy,hold,0.0,no_change,2.1150931822201917,-0.0,edge_filter
2026-01-24T15:03:00-05:00,BTC/USD,window360_strategy,hold,0.0,same_minute,2.1150931822201917,0.0,
2026-01-24T15:03:00-05:00,ETH/USD,window360_strategy,hold,0.0,same_minute,2.1150931822201917,0.0,
2026-01-24T15:03:00-05:00,BTC/USD,window360_strategy,hold,0.0,same_minute,2.1150931822201917,0.0,
2026-01-24T15:03:00-05:00,ETH/USD,window360_strategy,hold,0.0,same_minute,2.1150931822201917,0.0,
2026-01-24T15:03:00-05:00,BTC/USD,window360_strategy,hold,0.0,same_minute,2.1150931822201917,0.0,
2026-01-24T15:03:00-05:00,ETH/USD,window360_strategy,hold,0.0,same_minute,2.1150931822201917,0.0,
2026-01-24T15:03:00-05:00,BTC/USD,window360_strategy,hold,0.0,same_minute,2.1150931822201917,0.0,
2026-01-24T15:03:00-05:00,ETH/USD,window360_strategy,hold,0.0,same_minute,2.1150931822201917,0.0,
2026-01-24T15:03:00-05:00,BTC/USD,window360_strategy,hold,0.0,same_minute,2.1150931822201917,0.0,
2026-01-24T15:03:00-05:00,ETH/USD,window360_strategy,hold,0.0,same_minute,2.1150931822201917,0.0,
2026-01-24T15:04:00-05:00,BTC/USD,window360_strategy,hold,0.0,no_change,2.122044039416089,0.0,edge_filter
2026-01-24T15:04:00-05:00,ETH/USD,window360_strategy,hold,0.0,no_change,1.905809815577071,-0.0,edge_filter
2026-01-24T15:04:00-05:00,BTC/USD,window360_strategy,hold,0.0,same_minute,1.905809815577071,0.0,
2026-01-24T15:04:00-05:00,ETH/USD,window360_strategy,hold,0.0,same_minute,1.905809815577071,0.0,
2026-01-24T15:04:00-05:00,BTC/USD,window360_strategy,hold,0.0,same_minute,1.905809815577071,0.0,
2026-01-24T15:04:00-05:00,ETH/USD,window360_strategy,hold,0.0,same_minute,1.905809815577071,0.0,
2026-01-24T15:04:00-05:00,BTC/USD,window360_strategy,hold,0.0,same_minute,1.905809815577071,0.0,
2026-01-24T15:04:00-05:00,ETH/USD,window360_strategy,hold,0.0,same_minute,1.905809815577071,0.0,
2026-01-24T15:04:00-05:00,BTC/USD,window360_strategy,hold,0.0,same_minute,1.905809815577071,0.0,
2026-01-24T15:04:00-05:00,ETH/USD,window360_strategy,hold,0.0,same_minute,1.905809815577071,0.0,
2026-01-24T15:04:00-05:00,BTC/USD,window360_strategy,hold,0.0,same_minute,1.905809815577071,0.0,
2026-01-24T15:04:00-05:00,ETH/USD,window360_strategy,hold,0.0,same_minute,1.905809815577071,0.0,
2026-01-24T15:04:00-05:00,BTC/USD,window360_strategy,hold,0.0,same_minute,1.905809815577071,0.0,
2026-01-24T15:05:00-05:00,ETH/USD,window360_strategy,hold,0.0,no_change,1.8140303488630964,-0.0,edge_filter
2026-01-24T15:04:00-05:00,BTC/USD,window360_strategy,hold,0.0,same_minute,1.815488503128506,0.0,
2026-01-24T15:05:00-05:00,ETH/USD,window360_strategy,hold,0.0,same_minute,1.815488503128506,0.0,
2026-01-24T15:04:00-05:00,BTC/USD,window360_strategy,hold,0.0,same_minute,1.815488503128506,0.0,
2026-01-24T15:05:00-05:00,ETH/USD,window360_strategy,hold,0.0,same_minute,1.815488503128506,0.0,
2026-01-24T15:04:00-05:00,BTC/USD,window360_strategy,hold,0.0,same_minute,1.815488503128506,0.0,
2026-01-24T15:05:00-05:00,ETH/USD,window360_strategy,hold,0.0,same_minute,1.815488503128506,0.0,
2026-01-24T15:04:00-05:00,BTC/USD,window360_strategy,hold,0.0,same_minute,1.815488503128506,0.0,
2026-01-24T15:05:00-05:00,ETH/USD,window360_strategy,hold,0.0,same_minute,1.815488503128506,0.0,
2026-01-24T15:04:00-05:00,BTC/USD,window360_strategy,hold,0.0,same_minute,1.815488503128506,0.0,
2026-01-24T15:05:00-05:00,ETH/USD,window360_strategy,hold,0.0,same_minute,1.815488503128506,0.0,
2026-01-24T15:06:00-05:00,BTC/USD,window360_strategy,hold,0.0,no_change,1.7802761952000528,0.0,edge_filter
2026-01-24T15:06:00-05:00,ETH/USD,window360_strategy,hold,0.0,no_change,1.8994577425666928,-0.0,edge_filter
2026-01-24T15:06:00-05:00,BTC/USD,window360_strategy,hold,0.0,same_minute,1.8994577425666928,0.0,
2026-01-24T15:06:00-05:00,ETH/USD,window360_strategy,hold,0.0,same_minute,1.8994577425666928,0.0,
2026-01-24T15:06:00-05:00,BTC/USD,window360_strategy,hold,0.0,same_minute,1.8994577425666928,0.0,
2026-01-24T15:06:00-05:00,ETH/USD,window360_strategy,hold,0.0,same_minute,1.8994577425666928,0.0,
2026-01-24T15:06:00-05:00,BTC/USD,window360_strategy,hold,0.0,same_minute,1.8994577425666928,0.0,
2026-01-24T15:06:00-05:00,ETH/USD,window360_strategy,hold,0.0,same_minute,1.8994577425666928,0.0,
2026-01-24T15:06:00-05:00,BTC/USD,window360_strategy,hold,0.0,same_minute,1.8994577425666928,0.0,
2026-01-24T15:06:00-05:00,ETH/USD,window360_strategy,hold,0.0,same_minute,1.8994577425666928,0.0,
2026-01-24T15:06:00-05:00,BTC/USD,window360_strategy,hold,0.0,same_minute,1.8994577425666928,0.0,
2026-01-24T15:06:00-05:00,ETH/USD,window360_strategy,hold,0.0,same_minute,1.8994577425666928,0.0,
2026-01-24T15:07:00-05:00,BTC/USD,window360_strategy,hold,0.0,no_change,1.9513582379898071,0.0,edge_filter
2026-01-24T15:06:00-05:00,ETH/USD,window360_strategy,hold,0.0,same_minute,1.950106618078964,0.0,
2026-01-24T15:07:00-05:00,BTC/USD,window360_strategy,hold,0.0,same_minute,1.950106618078964,0.0,
2026-01-24T15:06:00-05:00,ETH/USD,window360_strategy,hold,0.0,same_minute,1.950106618078964,0.0,
2026-01-24T15:07:00-05:00,BTC/USD,window360_strategy,hold,0.0,same_minute,1.950106618078964,0.0,
2026-01-24T15:06:00-05:00,ETH/USD,window360_strategy,hold,0.0,same_minute,1.950106618078964,0.0,
2026-01-24T15:07:00-05:00,BTC/USD,window360_strategy,hold,0.0,same_minute,1.950106618078964,0.0,
2026-01-24T15:06:00-05:00,ETH/USD,window360_strategy,hold,0.0,same_minute,1.950106618078964,0.0,
2026-01-24T15:08:00-05:00,BTC/USD,window360_strategy,hold,0.0,no_change,1.863787300234177,0.0,edge_filter
2026-01-24T15:08:00-05:00,ETH/USD,window360_strategy,hold,0.0,no_change,2.038384518177183,-0.0,edge_filter
2026-01-24T15:08:00-05:00,BTC/USD,window360_strategy,hold,0.0,same_minute,2.038384518177183,0.0,
2026-01-24T15:08:00-05:00,ETH/USD,window360_strategy,hold,0.0,same_minute,2.038384518177183,0.0,
2026-01-24T15:08:00-05:00,BTC/USD,window360_strategy,hold,0.0,same_minute,2.038384518177183,0.0,
2026-01-24T15:08:00-05:00,ETH/USD,window360_strategy,hold,0.0,same_minute,2.038384518177183,0.0,
2026-01-24T15:08:00-05:00,BTC/USD,window360_strategy,hold,0.0,same_minute,2.038384518177183,0.0,
2026-01-24T15:08:00-05:00,ETH/USD,window360_strategy,hold,0.0,same_minute,2.038384518177183,0.0,
2026-01-24T15:08:00-05:00,BTC/USD,window360_strategy,hold,0.0,same_minute,2.038384518177183,0.0,
2026-01-24T15:08:00-05:00,ETH/USD,window360_strategy,hold,0.0,same_minute,2.038384518177183,0.0,
2026-01-24T15:08:00-05:00,BTC/USD,window360_strategy,hold,0.0,same_minute,2.038384518177183,0.0,
2026-01-24T15:09:00-05:00,ETH/USD,window360_strategy,hold,0.0,no_change,1.7146268091684602,-0.0,edge_filter
2026-01-24T15:08:00-05:00,BTC/USD,window360_strategy,hold,0.0,same_minute,1.7200716239771172,0.0,
2026-01-24T15:09:00-05:00,ETH/USD,window360_strategy,hold,0.0,same_minute,1.7200716239771172,0.0,
2026-01-24T15:08:00-05:00,BTC/USD,window360_strategy,hold,0.0,same_minute,1.7200716239771172,0.0,
2026-01-24T15:09:00-05:00,ETH/USD,window360_strategy,hold,0.0,same_minute,1.7200716239771172,0.0,
2026-01-24T15:08:00-05:00,BTC/USD,window360_strategy,hold,0.0,same_minute,1.7200716239771172,0.0,
2026-01-24T15:09:00-05:00,ETH/USD,window360_strategy,hold,0.0,same_minute,1.7200716239771172,0.0,
2026-01-24T15:08:00-05:00,BTC/USD,window360_strategy,hold,0.0,same_minute,1.7200716239771172,0.0,
2026-01-24T15:09:00-05:00,ETH/USD,window360_strategy,hold,0.0,same_minute,1.7200716239771172,0.0,
2026-01-24T15:08:00-05:00,BTC/USD,window360_strategy,hold,0.0,same_minute,1.7200716239771172,0.0,
2026-01-24T15:09:00-05:00,ETH/USD,window360_strategy,hold,0.0,same_minute,1.7200716239771172,0.0,
2026-01-24T15:10:00-05:00,BTC/USD,window360_strategy,hold,0.0,no_change,1.658321605572256,0.0,edge_filter
2026-01-24T15:10:00-05:00,ETH/USD,window360_strategy,hold,0.0,no_change,1.8243116124789973,-0.0,edge_filter
2026-01-24T15:10:00-05:00,BTC/USD,window360_strategy,hold,0.0,same_minute,1.8243116124789973,0.0,
2026-01-24T15:10:00-05:00,ETH/USD,window360_strategy,hold,0.0,same_minute,1.8243116124789973,0.0,
2026-01-24T15:10:00-05:00,BTC/USD,window360_strategy,hold,0.0,same_minute,1.8243116124789973,0.0,
2026-01-24T15:10:00-05:00,ETH/USD,window360_strategy,hold,0.0,same_minute,1.8243116124789973,0.0,
2026-01-24T15:10:00-05:00,BTC/USD,window360_strategy,hold,0.0,same_minute,1.8243116124789973,0.0,
2026-01-24T15:10:00-05:00,ETH/USD,window360_strategy,hold,0.0,same_minute,1.8243116124789973,0.0,
2026-01-24T15:10:00-05:00,BTC/USD,window360_strategy,hold,0.0,same_minute,1.8243116124789973,0.0,
2026-01-24T15:10:00-05:00,ETH/USD,window360_strategy,hold,0.0,same_minute,1.8243116124789973,0.0,
2026-01-24T15:10:00-05:00,BTC/USD,window360_strategy,hold,0.0,same_minute,1.8243116124789973,0.0,
2026-01-24T15:10:00-05:00,ETH/USD,window360_strategy,hold,0.0,same_minute,1.8243116124789973,0.0,
2026-01-24T15:10:00-05:00,BTC/USD,window360_strategy,hold,0.0,same_minute,1.8243116124789973,0.0,
2026-01-24T15:11:00-05:00,ETH/USD,window360_strategy,hold,0.0,no_change,1.5567193453254535,-0.0,edge_filter
2026-01-24T15:10:00-05:00,BTC/USD,window360_strategy,hold,0.0,same_minute,1.5605768645217923,0.0,
2026-01-24T15:11:00-05:00,ETH/USD,window360_strategy,hold,0.0,same_minute,1.5605768645217923,0.0,
2026-01-24T15:10:00-05:00,BTC/USD,window360_strategy,hold,0.0,same_minute,1.5605768645217923,0.0,
2026-01-24T15:11:00-05:00,ETH/USD,window360_strategy,hold,0.0,same_minute,1.5605768645217923,0.0,
2026-01-24T15:10:00-05:00,BTC/USD,window360_strategy,hold,0.0,same_minute,1.5605768645217923,0.0,
2026-01-24T15:11:00-05:00,ETH/USD,window360_strategy,hold,0.0,same_minute,1.5605768645217923,0.0,
2026-01-24T15:10:00-05:00,BTC/USD,window360_strategy,hold,0.0,same_minute,1.5605768645217923,0.0,
2026-01-24T15:11:00-05:00,ETH/USD,window360_strategy,hold,0.0,same_minute,1.5605768645217923,0.0,
2026-01-24T15:10:00-05:00,BTC/USD,window360_strategy,hold,0.0,same_minute,1.5605768645217923,0.0,
2026-01-24T15:11:00-05:00,ETH/USD,window360_strategy,hold,0.0,same_minute,1.5605768645217923,0.0,
2026-01-24T15:10:00-05:00,BTC/USD,window360_strategy,hold,0.0,same_minute,1.5605768645217923,0.0,
2026-01-24T15:12:00-05:00,ETH/USD,window360_strategy,hold,0.0,no_change,1.7896274455633372,-0.0,edge_filter
2026-01-24T15:10:00-05:00,BTC/USD,window360_strategy,hold,0.0,same_minute,1.7859163186085756,0.0,
2026-01-24T15:12:00-05:00,ETH/USD,window360_strategy,hold,0.0,same_minute,1.7859163186085756,0.0,
2026-01-24T15:10:00-05:00,BTC/USD,window360_strategy,hold,0.0,same_minute,1.7859163186085756,0.0,
2026-01-24T15:12:00-05:00,ETH/USD,window360_strategy,hold,0.0,same_minute,1.7859163186085756,0.0,
2026-01-24T15:10:00-05:00,BTC/USD,window360_strategy,hold,0.0,same_minute,1.7859163186085756,0.0,
2026-01-24T15:12:00-05:00,ETH/USD,window360_strategy,hold,0.0,same_minute,1.7859163186085756,0.0,
2026-01-24T15:10:00-05:00,BTC/USD,window360_strategy,hold,0.0,same_minute,1.7859163186085756,0.0,
2026-01-24T15:12:00-05:00,ETH/USD,window360_strategy,hold,0.0,same_minute,1.7859163186085756,0.0,
2026-01-24T15:10:00-05:00,BTC/USD,window360_strategy,hold,0.0,same_minute,1.7859163186085756,0.0,
2026-01-24T15:12:00-05:00,ETH/USD,window360_strategy,hold,0.0,same_minute,1.7859163186085756,0.0,
2026-01-24T15:13:00-05:00,BTC/USD,window360_strategy,hold,0.0,no_change,1.6385267288761127,0.0,edge_filter
2026-01-24T15:13:00-05:00,ETH/USD,window360_strategy,hold,0.0,no_change,1.9182766038487253,-0.0,edge_filter
2026-01-24T15:13:00-05:00,BTC/USD,window360_strategy,hold,0.0,same_minute,1.9182766038487253,0.0,
2026-01-24T15:13:00-05:00,ETH/USD,window360_strategy,hold,0.0,same_minute,1.9182766038487253,0.0,
2026-01-24T15:13:00-05:00,BTC/USD,window360_strategy,hold,0.0,same_minute,1.9182766038487253,0.0,
2026-01-24T15:13:00-05:00,ETH/USD,window360_strategy,hold,0.0,same_minute,1.9182766038487253,0.0,
2026-01-24T15:13:00-05:00,BTC/USD,window360_strategy,hold,0.0,same_minute,1.9182766038487253,0.0,
2026-01-24T15:13:00-05:00,ETH/USD,window360_strategy,hold,0.0,same_minute,1.9182766038487253,0.0,
2026-01-24T15:13:00-05:00,BTC/USD,window360_strategy,hold,0.0,same_minute,1.9182766038487253,0.0,
2026-01-24T15:13:00-05:00,ETH/USD,window360_strategy,hold,0.0,same_minute,1.9182766038487253,0.0,
2026-01-24T15:14:00-05:00,BTC/USD,window360_strategy,hold,0.0,no_change,2.096626581243502,0.0,edge_filter
2026-01-24T15:14:00-05:00,ETH/USD,window360_strategy,hold,0.0,no_change,1.698369633580525,-0.0,edge_filter
2026-01-24T15:14:00-05:00,BTC/USD,window360_strategy,hold,0.0,same_minute,1.698369633580525,0.0,
2026-01-24T15:14:00-05:00,ETH/USD,window360_strategy,hold,0.0,same_minute,1.698369633580525,0.0,
2026-01-24T15:14:00-05:00,BTC/USD,window360_strategy,hold,0.0,same_minute,1.698369633580525,0.0,
2026-01-24T15:14:00-05:00,ETH/USD,window360_strategy,hold,0.0,same_minute,1.698369633580525,0.0,
2026-01-24T15:14:00-05:00,BTC/USD,window360_strategy,hold,0.0,same_minute,1.698369633580525,0.0,
2026-01-24T15:14:00-05:00,ETH/USD,window360_strategy,hold,0.0,same_minute,1.698369633580525,0.0,
2026-01-24T15:14:00-05:00,BTC/USD,window360_strategy,hold,0.0,same_minute,1.698369633580525,0.0,
2026-01-24T15:14:00-05:00,ETH/USD,window360_strategy,hold,0.0,same_minute,1.698369633580525,0.0,
2026-01-24T15:14:00-05:00,BTC/USD,window360_strategy,hold,0.0,same_minute,1.698369633580525,0.0,
2026-01-24T15:14:00-05:00,ETH/USD,window360_strategy,hold,0.0,same_minute,1.698369633580525,0.0,
2026-01-24T15:15:00-05:00,BTC/USD,window360_strategy,hold,0.0,no_change,1.7732706084765317,0.0,edge_filter
2026-01-24T15:15:00-05:00,ETH/USD,window360_strategy,hold,0.0,no_change,1.4515428241635557,-0.0,edge_filter
2026-01-24T15:15:00-05:00,BTC/USD,window360_strategy,hold,0.0,same_minute,1.4515428241635557,0.0,
2026-01-24T15:15:00-05:00,ETH/USD,window360_strategy,hold,0.0,same_minute,1.4515428241635557,0.0,
2026-01-24T15:15:00-05:00,BTC/USD,window360_strategy,hold,0.0,same_minute,1.4515428241635557,0.0,
2026-01-24T15:15:00-05:00,ETH/USD,window360_strategy,hold,0.0,same_minute,1.4515428241635557,0.0,
2026-01-24T15:15:00-05:00,BTC/USD,window360_strategy,hold,0.0,same_minute,1.4515428241635557,0.0,
2026-01-24T15:15:00-05:00,ETH/USD,window360_strategy,hold,0.0,same_minute,1.4515428241635557,0.0,
2026-01-24T15:15:00-05:00,BTC/USD,window360_strategy,hold,0.0,same_minute,1.4515428241635557,0.0,
2026-01-24T15:15:00-05:00,ETH/USD,window360_strategy,hold,0.0,same_minute,1.4515428241635557,0.0,
2026-01-24T15:15:00-05:00,BTC/USD,window360_strategy,hold,0.0,same_minute,1.4515428241635557,0.0,
2026-01-24T15:15:00-05:00,ETH/USD,window360_strategy,hold,0.0,same_minute,1.4515428241635557,0.0,
2026-01-24T15:16:00-05:00,BTC/USD,window360_strategy,hold,0.0,no_change,1.7386014845169997,0.0,edge_filter
2026-01-24T15:16:00-05:00,ETH/USD,window360_strategy,hold,0.0,no_change,1.6798468750690978,-0.0,edge_filter
2026-01-24T15:16:00-05:00,BTC/USD,window360_strategy,hold,0.0,same_minute,1.6798468750690978,0.0,
2026-01-24T15:16:00-05:00,ETH/USD,window360_strategy,hold,0.0,same_minute,1.6798468750690978,0.0,
2026-01-24T15:16:00-05:00,BTC/USD,window360_strategy,hold,0.0,same_minute,1.6798468750690978,0.0,
2026-01-24T15:16:00-05:00,ETH/USD,window360_strategy,hold,0.0,same_minute,1.6798468750690978,0.0,
2026-01-24T15:16:00-05:00,BTC/USD,window360_strategy,hold,0.0,same_minute,1.6798468750690978,0.0,
2026-01-24T15:16:00-05:00,ETH/USD,window360_strategy,hold,0.0,same_minute,1.6798468750690978,0.0,
2026-01-24T15:16:00-05:00,BTC/USD,window360_strategy,hold,0.0,same_minute,1.6798468750690978,0.0,
2026-01-24T15:16:00-05:00,ETH/USD,window360_strategy,hold,0.0,same_minute,1.6798468750690978,0.0,
2026-01-24T15:16:00-05:00,BTC/USD,window360_strategy,hold,0.0,same_minute,1.6798468750690978,0.0,
2026-01-24T15:16:00-05:00,ETH/USD,window360_strategy,hold,0.0,same_minute,1.6798468750690978,0.0,
2026-01-24T15:17:00-05:00,BTC/USD,window360_strategy,hold,0.0,no_change,1.6002841731271347,0.0,edge_filter
2026-01-24T15:17:00-05:00,ETH/USD,window360_strategy,hold,0.0,no_change,1.5089013919903584,-0.0,edge_filter
2026-01-24T15:17:00-05:00,BTC/USD,window360_strategy,hold,0.0,same_minute,1.5089013919903584,0.0,
2026-01-24T15:17:00-05:00,ETH/USD,window360_strategy,hold,0.0,same_minute,1.5089013919903584,0.0,
2026-01-24T15:17:00-05:00,BTC/USD,window360_strategy,hold,0.0,same_minute,1.5089013919903584,0.0,
2026-01-24T15:17:00-05:00,ETH/USD,window360_strategy,hold,0.0,same_minute,1.5089013919903584,0.0,
2026-01-24T15:17:00-05:00,BTC/USD,window360_strategy,hold,0.0,same_minute,1.5089013919903584,0.0,
2026-01-24T15:17:00-05:00,ETH/USD,window360_strategy,hold,0.0,same_minute,1.5089013919903584,0.0,
2026-01-24T15:17:00-05:00,BTC/USD,window360_strategy,hold,0.0,same_minute,1.5089013919903584,0.0,
2026-01-24T15:17:00-05:00,ETH/USD,window360_strategy,hold,0.0,same_minute,1.5089013919903584,0.0,
2026-01-24T15:17:00-05:00,BTC/USD,window360_strategy,hold,0.0,same_minute,1.5089013919903584,0.0,
2026-01-24T15:17:00-05:00,ETH/USD,window360_strategy,hold,0.0,same_minute,1.5089013919903584,0.0,
2026-01-24T15:18:00-05:00,BTC/USD,window360_strategy,hold,0.0,no_change,1.0289194521867835,0.0,below_z_enter
2026-01-24T15:18:00-05:00,ETH/USD,window360_strategy,hold,0.0,no_change,1.1741570553138017,-0.0,below_z_enter
2026-01-24T15:18:00-05:00,BTC/USD,window360_strategy,hold,0.0,same_minute,1.1741570553138017,0.0,
2026-01-24T15:18:00-05:00,ETH/USD,window360_strategy,hold,0.0,same_minute,1.1741570553138017,0.0,
2026-01-24T15:18:00-05:00,BTC/USD,window360_strategy,hold,0.0,same_minute,1.1741570553138017,0.0,
2026-01-24T15:18:00-05:00,ETH/USD,window360_strategy,hold,0.0,same_minute,1.1741570553138017,0.0,
2026-01-24T15:18:00-05:00,BTC/USD,window360_strategy,hold,0.0,same_minute,1.1741570553138017,0.0,
2026-01-24T15:18:00-05:00,ETH/USD,window360_strategy,hold,0.0,same_minute,1.1741570553138017,0.0,
2026-01-24T15:18:00-05:00,BTC/USD,window360_strategy,hold,0.0,same_minute,1.1741570553138017,0.0,
2026-01-24T15:18:00-05:00,ETH/USD,window360_strategy,hold,0.0,same_minute,1.1741570553138017,0.0,
2026-01-24T15:18:00-05:00,BTC/USD,window360_strategy,hold,0.0,same_minute,1.1741570553138017,0.0,
2026-01-24T15:18:00-05:00,ETH/USD,window360_strategy,hold,0.0,same_minute,1.1741570553138017,0.0,
2026-01-24T15:18:00-05:00,BTC/USD,window360_strategy,hold,0.0,same_minute,1.1741570553138017,0.0,
2026-01-24T15:19:00-05:00,ETH/USD,window360_strategy,hold,0.0,no_change,1.306599357267038,-0.0,edge_filter
2026-01-24T15:52:00-05:00,BTC/USD,window360_strategy,hold,0.0,no_change,1.792156480946426,0.0,edge_filter
2026-01-24T15:53:00-05:00,ETH/USD,window360_strategy,hold,0.0,no_change,2.0329045812284914,-0.0,edge_filter
2026-01-24T15:52:00-05:00,BTC/USD,window360_strategy,hold,0.0,same_minute,2.0282014781905424,0.0,
2026-01-24T15:53:00-05:00,ETH/USD,window360_strategy,hold,0.0,same_minute,2.0282014781905424,0.0,
2026-01-24T15:52:00-05:00,BTC/USD,window360_strategy,hold,0.0,same_minute,2.0282014781905424,0.0,
2026-01-24T15:53:00-05:00,ETH/USD,window360_strategy,hold,0.0,same_minute,2.0282014781905424,0.0,
2026-01-24T15:52:00-05:00,BTC/USD,window360_strategy,hold,0.0,same_minute,2.0282014781905424,0.0,
2026-01-24T15:53:00-05:00,ETH/USD,window360_strategy,hold,0.0,same_minute,2.0282014781905424,0.0,
2026-01-24T15:52:00-05:00,BTC/USD,window360_strategy,hold,0.0,same_minute,2.0282014781905424,0.0,
2026-01-24T15:53:00-05:00,ETH/USD,window360_strategy,hold,0.0,same_minute,2.0282014781905424,0.0,
2026-01-24T15:52:00-05:00,BTC/USD,window360_strategy,hold,0.0,same_minute,2.0282014781905424,0.0,
2026-01-24T15:54:00-05:00,ETH/USD,window360_strategy,hold,0.0,no_change,2.1171651028111937,-0.0,edge_filter
2026-01-24T15:52:00-05:00,BTC/USD,window360_strategy,hold,0.0,same_minute,2.114960932715601,0.0,
2026-01-24T15:54:00-05:00,ETH/USD,window360_strategy,hold,0.0,same_minute,2.114960932715601,0.0,
2026-01-24T15:52:00-05:00,BTC/USD,window360_strategy,hold,0.0,same_minute,2.114960932715601,0.0,
2026-01-24T15:54:00-05:00,ETH/USD,window360_strategy,hold,0.0,same_minute,2.114960932715601,0.0,
2026-01-24T15:52:00-05:00,BTC/USD,window360_strategy,hold,0.0,same_minute,2.114960932715601,0.0,
2026-01-24T15:54:00-05:00,ETH/USD,window360_strategy,hold,0.0,same_minute,2.114960932715601,0.0,
2026-01-24T15:52:00-05:00,BTC/USD,window360_strategy,hold,0.0,same_minute,2.114960932715601,0.0,
2026-01-24T15:54:00-05:00,ETH/USD,window360_strategy,hold,0.0,same_minute,2.114960932715601,0.0,
2026-01-24T15:52:00-05:00,BTC/USD,window360_strategy,hold,0.0,same_minute,2.114960932715601,0.0,
2026-01-24T15:54:00-05:00,ETH/USD,window360_strategy,hold,0.0,same_minute,2.114960932715601,0.0,
2026-01-24T15:52:00-05:00,BTC/USD,window360_strategy,hold,0.0,same_minute,2.114960932715601,0.0,
2026-01-24T15:55:00-05:00,ETH/USD,window360_strategy,hold,0.0,no_change,2.0808633010014574,-0.0,edge_filter
2026-01-24T15:52:00-05:00,BTC/USD,window360_strategy,hold,0.0,same_minute,2.081270407464436,0.0,
2026-01-24T15:55:00-05:00,ETH/USD,window360_strategy,hold,0.0,same_minute,2.081270407464436,0.0,
2026-01-24T15:52:00-05:00,BTC/USD,window360_strategy,hold,0.0,same_minute,2.081270407464436,0.0,
2026-01-24T15:55:00-05:00,ETH/USD,window360_strategy,hold,0.0,same_minute,2.081270407464436,0.0,
2026-01-24T15:52:00-05:00,BTC/USD,window360_strategy,hold,0.0,same_minute,2.081270407464436,0.0,
2026-01-24T15:55:00-05:00,ETH/USD,window360_strategy,hold,0.0,same_minute,2.081270407464436,0.0,
2026-01-24T15:52:00-05:00,BTC/USD,window360_strategy,hold,0.0,same_minute,2.081270407464436,0.0,
2026-01-24T15:55:00-05:00,ETH/USD,window360_strategy,hold,0.0,same_minute,2.081270407464436,0.0,
2026-01-24T15:52:00-05:00,BTC/USD,window360_strategy,hold,0.0,same_minute,2.081270407464436,0.0,
2026-01-24T15:55:00-05:00,ETH/USD,window360_strategy,hold,0.0,same_minute,2.081270407464436,0.0,
2026-01-24T16:03:00-05:00,BTC/USD,window360_strategy,hold,0.0,no_change,1.4725607032273829,0.0,edge_filter
2026-01-24T16:03:00-05:00,ETH/USD,window360_strategy,hold,0.0,no_change,1.799990456057526,-0.0,edge_filter
2026-01-24T16:03:00-05:00,BTC/USD,window360_strategy,hold,0.0,same_minute,1.799990456057526,0.0,
2026-01-24T16:03:00-05:00,ETH/USD,window360_strategy,hold,0.0,same_minute,1.799990456057526,0.0,
2026-01-24T16:03:00-05:00,BTC/USD,window360_strategy,hold,0.0,same_minute,1.799990456057526,0.0,
2026-01-24T16:03:00-05:00,ETH/USD,window360_strategy,hold,0.0,same_minute,1.799990456057526,0.0,
2026-01-24T16:03:00-05:00,BTC/USD,window360_strategy,hold,0.0,same_minute,1.799990456057526,0.0,
2026-01-24T16:03:00-05:00,ETH/USD,window360_strategy,hold,0.0,same_minute,1.799990456057526,0.0,
2026-01-24T16:03:00-05:00,BTC/USD,window360_strategy,hold,0.0,same_minute,1.799990456057526,0.0,
2026-01-24T16:03:00-05:00,ETH/USD,window360_strategy,hold,0.0,same_minute,1.799990456057526,0.0,
2026-01-24T16:03:00-05:00,BTC/USD,window360_strategy,hold,0.0,same_minute,1.799990456057526,0.0,
2026-01-24T16:03:00-05:00,ETH/USD,window360_strategy,hold,0.0,same_minute,1.799990456057526,0.0,
2026-01-24T16:04:00-05:00,BTC/USD,window360_strategy,hold,0.0,no_change,1.3345681348759368,0.0,edge_filter
2026-01-24T16:03:00-05:00,ETH/USD,window360_strategy,hold,0.0,same_minute,1.3424380874717698,0.0,
2026-01-24T16:04:00-05:00,BTC/USD,window360_strategy,hold,0.0,same_minute,1.3424380874717698,0.0,
2026-01-24T16:03:00-05:00,ETH/USD,window360_strategy,hold,0.0,same_minute,1.3424380874717698,0.0,
2026-01-24T16:04:00-05:00,BTC/USD,window360_strategy,hold,0.0,same_minute,1.3424380874717698,0.0,
2026-01-24T16:03:00-05:00,ETH/USD,window360_strategy,hold,0.0,same_minute,1.3424380874717698,0.0,
2026-01-24T16:04:00-05:00,BTC/USD,window360_strategy,hold,0.0,same_minute,1.3424380874717698,0.0,
2026-01-24T16:03:00-05:00,ETH/USD,window360_strategy,hold,0.0,same_minute,1.3424380874717698,0.0,
2026-01-24T16:04:00-05:00,BTC/USD,window360_strategy,hold,0.0,same_minute,1.3424380874717698,0.0,
2026-01-24T16:03:00-05:00,ETH/USD,window360_strategy,hold,0.0,same_minute,1.3424380874717698,0.0,
2026-01-24T16:05:00-05:00,BTC/USD,window360_strategy,hold,0.0,no_change,1.058929853611645,0.0,below_z_enter
2026-01-24T16:03:00-05:00,ETH/USD,window360_strategy,hold,0.0,same_minute,1.0631173075057918,0.0,
2026-01-24T16:05:00-05:00,BTC/USD,window360_strategy,hold,0.0,same_minute,1.0631173075057918,0.0,
2026-01-24T16:03:00-05:00,ETH/USD,window360_strategy,hold,0.0,same_minute,1.0631173075057918,0.0,
2026-01-24T16:05:00-05:00,BTC/USD,window360_strategy,hold,0.0,same_minute,1.0631173075057918,0.0,
2026-01-24T16:03:00-05:00,ETH/USD,window360_strategy,hold,0.0,same_minute,1.0631173075057918,0.0,
2026-01-24T16:05:00-05:00,BTC/USD,window360_strategy,hold,0.0,same_minute,1.0631173075057918,0.0,
2026-01-24T16:03:00-05:00,ETH/USD,window360_strategy,hold,0.0,same_minute,1.0631173075057918,0.0,
2026-01-24T16:05:00-05:00,BTC/USD,window360_strategy,hold,0.0,same_minute,1.0631173075057918,0.0,
2026-01-24T16:03:00-05:00,ETH/USD,window360_strategy,hold,0.0,same_minute,1.0631173075057918,0.0,
2026-01-24T16:05:00-05:00,BTC/USD,window360_strategy,hold,0.0,same_minute,1.0631173075057918,0.0,
2026-01-24T16:03:00-05:00,ETH/USD,window360_strategy,hold,0.0,same_minute,1.0631173075057918,0.0,
2026-01-24T16:06:00-05:00,BTC/USD,window360_strategy,hold,0.0,no_change,1.068918015281436,0.0,below_z_enter
2026-01-24T16:06:00-05:00,ETH/USD,window360_strategy,hold,0.0,no_change,1.151750390684743,-0.0,below_z_enter
2026-01-24T16:06:00-05:00,BTC/USD,window360_strategy,hold,0.0,same_minute,1.151750390684743,0.0,
2026-01-24T16:06:00-05:00,ETH/USD,window360_strategy,hold,0.0,same_minute,1.151750390684743,0.0,
2026-01-24T16:06:00-05:00,BTC/USD,window360_strategy,hold,0.0,same_minute,1.151750390684743,0.0,
2026-01-24T16:06:00-05:00,ETH/USD,window360_strategy,hold,0.0,same_minute,1.151750390684743,0.0,
2026-01-24T16:06:00-05:00,BTC/USD,window360_strategy,hold,0.0,same_minute,1.151750390684743,0.0,
2026-01-24T16:06:00-05:00,ETH/USD,window360_strategy,hold,0.0,same_minute,1.151750390684743,0.0,
2026-01-24T16:06:00-05:00,BTC/USD,window360_strategy,hold,0.0,same_minute,1.151750390684743,0.0,
2026-01-24T16:06:00-05:00,ETH/USD,window360_strategy,hold,0.0,same_minute,1.151750390684743,0.0,
2026-01-24T16:06:00-05:00,BTC/USD,window360_strategy,hold,0.0,same_minute,1.151750390684743,0.0,
2026-01-24T16:06:00-05:00,ETH/USD,window360_strategy,hold,0.0,same_minute,1.151750390684743,0.0,
2026-01-24T16:07:00-05:00,BTC/USD,window360_strategy,hold,0.0,no_change,1.2349946899160311,0.0,edge_filter
2026-01-24T16:07:00-05:00,ETH/USD,window360_strategy,hold,0.0,no_change,1.0968638095235022,-0.0,below_z_enter
2026-01-24T16:07:00-05:00,BTC/USD,window360_strategy,hold,0.0,same_minute,1.0968638095235022,0.0,
2026-01-24T16:07:00-05:00,ETH/USD,window360_strategy,hold,0.0,same_minute,1.0968638095235022,0.0,
2026-01-24T16:07:00-05:00,BTC/USD,window360_strategy,hold,0.0,same_minute,1.0968638095235022,0.0,
2026-01-24T16:07:00-05:00,ETH/USD,window360_strategy,hold,0.0,same_minute,1.0968638095235022,0.0,
2026-01-24T16:07:00-05:00,BTC/USD,window360_strategy,hold,0.0,same_minute,1.0968638095235022,0.0,
2026-01-24T16:07:00-05:00,ETH/USD,window360_strategy,hold,0.0,same_minute,1.0968638095235022,0.0,
2026-01-24T16:07:00-05:00,BTC/USD,window360_strategy,hold,0.0,same_minute,1.0968638095235022,0.0,
2026-01-24T16:07:00-05:00,ETH/USD,window360_strategy,hold,0.0,same_minute,1.0968638095235022,0.0,
2026-01-24T16:07:00-05:00,BTC/USD,window360_strategy,hold,0.0,same_minute,1.0968638095235022,0.0,
2026-01-24T16:07:00-05:00,ETH/USD,window360_strategy,hold,0.0,same_minute,1.0968638095235022,0.0,
2026-01-24T16:08:00-05:00,BTC/USD,window360_strategy,hold,0.0,no_change,1.322188730525542,0.0,edge_filter
2026-01-24T16:08:00-05:00,ETH/USD,window360_strategy,hold,0.0,no_change,1.5878106422051137,-0.0,edge_filter
2026-01-24T16:08:00-05:00,BTC/USD,window360_strategy,hold,0.0,same_minute,1.5878106422051137,0.0,
2026-01-24T16:08:00-05:00,ETH/USD,window360_strategy,hold,0.0,same_minute,1.5878106422051137,0.0,
2026-01-24T16:08:00-05:00,BTC/USD,window360_strategy,hold,0.0,same_minute,1.5878106422051137,0.0,
2026-01-24T16:08:00-05:00,ETH/USD,window360_strategy,hold,0.0,same_minute,1.5878106422051137,0.0,
2026-01-24T16:08:00-05:00,BTC/USD,window360_strategy,hold,0.0,same_minute,1.5878106422051137,0.0,
2026-01-24T16:08:00-05:00,ETH/USD,window360_strategy,hold,0.0,same_minute,1.5878106422051137,0.0,
2026-01-24T16:08:00-05:00,BTC/USD,window360_strategy,hold,0.0,same_minute,1.5878106422051137,0.0,
2026-01-24T16:08:00-05:00,ETH/USD,window360_strategy,hold,0.0,same_minute,1.5878106422051137,0.0,
2026-01-24T16:08:00-05:00,BTC/USD,window360_strategy,hold,0.0,same_minute,1.5878106422051137,0.0,
2026-01-24T16:08:00-05:00,ETH/USD,window360_strategy,hold,0.0,same_minute,1.5878106422051137,0.0,
2026-01-24T16:09:00-05:00,BTC/USD,window360_strategy,hold,0.0,no_change,1.1089926922411784,0.0,below_z_enter
2026-01-24T16:09:00-05:00,ETH/USD,window360_strategy,hold,0.0,no_change,1.2468684615019083,-0.0,edge_filter
2026-01-24T16:09:00-05:00,BTC/USD,window360_strategy,hold,0.0,same_minute,1.2468684615019083,0.0,
2026-01-24T16:09:00-05:00,ETH/USD,window360_strategy,hold,0.0,same_minute,1.2468684615019083,0.0,
2026-01-24T16:09:00-05:00,BTC/USD,window360_strategy,hold,0.0,same_minute,1.2468684615019083,0.0,
2026-01-24T16:09:00-05:00,ETH/USD,window360_strategy,hold,0.0,same_minute,1.2468684615019083,0.0,
2026-01-24T16:09:00-05:00,BTC/USD,window360_strategy,hold,0.0,same_minute,1.2468684615019083,0.0,
2026-01-24T16:09:00-05:00,ETH/USD,window360_strategy,hold,0.0,same_minute,1.2468684615019083,0.0,
2026-01-24T16:09:00-05:00,BTC/USD,window360_strategy,hold,0.0,same_minute,1.2468684615019083,0.0,
2026-01-24T16:09:00-05:00,ETH/USD,window360_strategy,hold,0.0,same_minute,1.2468684615019083,0.0,
2026-01-24T16:09:00-05:00,BTC/USD,window360_strategy,hold,0.0,same_minute,1.2468684615019083,0.0,
2026-01-24T16:09:00-05:00,ETH/USD,window360_strategy,hold,0.0,same_minute,1.2468684615019083,0.0,
2026-01-24T16:10:00-05:00,BTC/USD,window360_strategy,hold,0.0,no_change,1.6187418047882307,0.0,edge_filter
2026-01-24T16:10:00-05:00,ETH/USD,window360_strategy,hold,0.0,no_change,1.5357715130949472,-0.0,edge_filter
2026-01-24T16:10:00-05:00,BTC/USD,window360_strategy,hold,0.0,same_minute,1.5357715130949472,0.0,
2026-01-24T16:10:00-05:00,ETH/USD,window360_strategy,hold,0.0,same_minute,1.5357715130949472,0.0,
2026-01-24T16:10:00-05:00,BTC/USD,window360_strategy,hold,0.0,same_minute,1.5357715130949472,0.0,
2026-01-24T16:10:00-05:00,ETH/USD,window360_strategy,hold,0.0,same_minute,1.5357715130949472,0.0,
2026-01-24T16:10:00-05:00,BTC/USD,window360_strategy,hold,0.0,same_minute,1.5357715130949472,0.0,
2026-01-24T16:10:00-05:00,ETH/USD,window360_strategy,hold,0.0,same_minute,1.5357715130949472,0.0,
2026-01-24T16:10:00-05:00,BTC/USD,window360_strategy,hold,0.0,same_minute,1.5357715130949472,0.0,
2026-01-24T16:10:00-05:00,ETH/USD,window360_strategy,hold,0.0,same_minute,1.5357715130949472,0.0,
2026-01-24T16:10:00-05:00,BTC/USD,window360_strategy,hold,0.0,same_minute,1.5357715130949472,0.0,
2026-01-24T16:10:00-05:00,ETH/USD,window360_strategy,hold,0.0,same_minute,1.5357715130949472,0.0,
2026-01-24T16:10:00-05:00,BTC/USD,window360_strategy,hold,0.0,same_minute,1.5357715130949472,0.0,
2026-01-24T16:11:00-05:00,ETH/USD,window360_strategy,hold,0.0,no_change,1.4966096684107524,-0.0,edge_filter
2026-01-24T16:10:00-05:00,BTC/USD,window360_strategy,hold,0.0,same_minute,1.4973297152193852,0.0,
2026-01-24T16:11:00-05:00,ETH/USD,window360_strategy,hold,0.0,same_minute,1.4973297152193852,0.0,
2026-01-24T16:10:00-05:00,BTC/USD,window360_strategy,hold,0.0,same_minute,1.4973297152193852,0.0,
2026-01-24T16:11:00-05:00,ETH/USD,window360_strategy,hold,0.0,same_minute,1.4973297152193852,0.0,
2026-01-24T16:10:00-05:00,BTC/USD,window360_strategy,hold,0.0,same_minute,1.4973297152193852,0.0,
2026-01-24T16:11:00-05:00,ETH/USD,window360_strategy,hold,0.0,same_minute,1.4973297152193852,0.0,
2026-01-24T16:10:00-05:00,BTC/USD,window360_strategy,hold,0.0,same_minute,1.4973297152193852,0.0,
2026-01-24T16:11:00-05:00,ETH/USD,window360_strategy,hold,0.0,same_minute,1.4973297152193852,0.0,
2026-01-24T16:12:00-05:00,BTC/USD,window360_strategy,hold,0.0,no_change,1.0748094226550944,0.0,below_z_enter
2026-01-24T16:12:00-05:00,ETH/USD,window360_strategy,hold,0.0,no_change,1.7519690866879736,-0.0,edge_filter
2026-01-24T16:12:00-05:00,BTC/USD,window360_strategy,hold,0.0,same_minute,1.7519690866879736,0.0,
2026-01-24T16:12:00-05:00,ETH/USD,window360_strategy,hold,0.0,same_minute,1.7519690866879736,0.0,
2026-01-24T16:12:00-05:00,BTC/USD,window360_strategy,hold,0.0,same_minute,1.7519690866879736,0.0,
2026-01-24T16:12:00-05:00,ETH/USD,window360_strategy,hold,0.0,same_minute,1.7519690866879736,0.0,
2026-01-24T16:12:00-05:00,BTC/USD,window360_strategy,hold,0.0,same_minute,1.7519690866879736,0.0,
2026-01-24T16:12:00-05:00,ETH/USD,window360_strategy,hold,0.0,same_minute,1.7519690866879736,0.0,
2026-01-24T16:12:00-05:00,BTC/USD,window360_strategy,hold,0.0,same_minute,1.7519690866879736,0.0,
2026-01-24T16:12:00-05:00,ETH/USD,window360_strategy,hold,0.0,same_minute,1.7519690866879736,0.0,
2026-01-24T16:12:00-05:00,BTC/USD,window360_strategy,hold,0.0,same_minute,1.7519690866879736,0.0,
2026-01-24T16:12:00-05:00,ETH/USD,window360_strategy,hold,0.0,same_minute,1.7519690866879736,0.0,
2026-01-24T16:13:00-05:00,BTC/USD,window360_strategy,hold,0.0,no_change,1.9681882186143895,0.0,edge_filter
2026-01-24T16:13:00-05:00,ETH/USD,window360_strategy,hold,0.0,no_change,1.9563546637399087,-0.0,edge_filter
2026-01-24T16:13:00-05:00,BTC/USD,window360_strategy,hold,0.0,same_minute,1.9563546637399087,0.0,
2026-01-24T16:13:00-05:00,ETH/USD,window360_strategy,hold,0.0,same_minute,1.9563546637399087,0.0,
2026-01-24T16:13:00-05:00,BTC/USD,window360_strategy,hold,0.0,same_minute,1.9563546637399087,0.0,
2026-01-24T16:13:00-05:00,ETH/USD,window360_strategy,hold,0.0,same_minute,1.9563546637399087,0.0,
2026-01-24T16:13:00-05:00,BTC/USD,window360_strategy,hold,0.0,same_minute,1.9563546637399087,0.0,
2026-01-24T16:13:00-05:00,ETH/USD,window360_strategy,hold,0.0,same_minute,1.9563546637399087,0.0,
2026-01-24T16:13:00-05:00,BTC/USD,window360_strategy,hold,0.0,same_minute,1.9563546637399087,0.0,
2026-01-24T16:13:00-05:00,ETH/USD,window360_strategy,hold,0.0,same_minute,1.9563546637399087,0.0,
2026-01-24T16:13:00-05:00,BTC/USD,window360_strategy,hold,0.0,same_minute,1.9563546637399087,0.0,
2026-01-24T16:13:00-05:00,ETH/USD,window360_strategy,hold,0.0,same_minute,1.9563546637399087,0.0,
2026-01-24T16:14:00-05:00,BTC/USD,window360_strategy,hold,0.0,no_change,2.059187450888024,0.0,edge_filter
2026-01-24T16:14:00-05:00,ETH/USD,window360_strategy,hold,0.0,no_change,1.8067930727564736,-0.0,edge_filter
2026-01-24T16:14:00-05:00,BTC/USD,window360_strategy,hold,0.0,same_minute,1.8067930727564736,0.0,
2026-01-24T16:14:00-05:00,ETH/USD,window360_strategy,hold,0.0,same_minute,1.8067930727564736,0.0,
2026-01-24T16:14:00-05:00,BTC/USD,window360_strategy,hold,0.0,same_minute,1.8067930727564736,0.0,
2026-01-24T16:14:00-05:00,ETH/USD,window360_strategy,hold,0.0,same_minute,1.8067930727564736,0.0,
2026-01-24T16:14:00-05:00,BTC/USD,window360_strategy,hold,0.0,same_minute,1.8067930727564736,0.0,
2026-01-24T16:14:00-05:00,ETH/USD,window360_strategy,hold,0.0,same_minute,1.8067930727564736,0.0,
2026-01-24T16:14:00-05:00,BTC/USD,window360_strategy,hold,0.0,same_minute,1.8067930727564736,0.0,
2026-01-24T16:14:00-05:00,ETH/USD,window360_strategy,hold,0.0,same_minute,1.8067930727564736,0.0,
2026-01-24T16:14:00-05:00,BTC/USD,window360_strategy,hold,0.0,same_minute,1.8067930727564736,0.0,
2026-01-24T16:14:00-05:00,ETH/USD,window360_strategy,hold,0.0,same_minute,1.8067930727564736,0.0,
2026-01-24T16:15:00-05:00,BTC/USD,window360_strategy,hold,0.0,no_change,1.6131463713831522,0.0,edge_filter
2026-01-24T16:14:00-05:00,ETH/USD,window360_strategy,hold,0.0,same_minute,1.6178541676499536,0.0,
2026-01-24T16:15:00-05:00,BTC/USD,window360_strategy,hold,0.0,same_minute,1.6178541676499536,0.0,
2026-01-24T16:14:00-05:00,ETH/USD,window360_strategy,hold,0.0,same_minute,1.6178541676499536,0.0,
2026-01-24T16:15:00-05:00,BTC/USD,window360_strategy,hold,0.0,same_minute,1.6178541676499536,0.0,
2026-01-24T16:14:00-05:00,ETH/USD,window360_strategy,hold,0.0,same_minute,1.6178541676499536,0.0,
2026-01-24T16:15:00-05:00,BTC/USD,window360_strategy,hold,0.0,same_minute,1.6178541676499536,0.0,
2026-01-24T16:14:00-05:00,ETH/USD,window360_strategy,hold,0.0,same_minute,1.6178541676499536,0.0,
2026-01-24T16:15:00-05:00,BTC/USD,window360_strategy,hold,0.0,same_minute,1.6178541676499536,0.0,
2026-01-24T16:14:00-05:00,ETH/USD,window360_strategy,hold,0.0,same_minute,1.6178541676499536,0.0,
2026-01-24T16:15:00-05:00,BTC/USD,window360_strategy,hold,0.0,same_minute,1.6178541676499536,0.0,
2026-01-24T16:14:00-05:00,ETH/USD,window360_strategy,hold,0.0,same_minute,1.6178541676499536,0.0,
2026-01-24T16:16:00-05:00,BTC/USD,window360_strategy,hold,0.0,no_change,1.6007996161599147,0.0,edge_filter
2026-01-24T16:14:00-05:00,ETH/USD,window360_strategy,hold,0.0,same_minute,1.6012155672417967,0.0,
2026-01-24T16:16:00-05:00,BTC/USD,window360_strategy,hold,0.0,same_minute,1.6012155672417967,0.0,
2026-01-24T16:14:00-05:00,ETH/USD,window360_strategy,hold,0.0,same_minute,1.6012155672417967,0.0,
2026-01-24T16:16:00-05:00,BTC/USD,window360_strategy,hold,0.0,same_minute,1.6012155672417967,0.0,
2026-01-24T16:14:00-05:00,ETH/USD,window360_strategy,hold,0.0,same_minute,1.6012155672417967,0.0,
2026-01-24T16:16:00-05:00,BTC/USD,window360_strategy,hold,0.0,same_minute,1.6012155672417967,0.0,
2026-01-24T16:14:00-05:00,ETH/USD,window360_strategy,hold,0.0,same_minute,1.6012155672417967,0.0,
2026-01-24T16:16:00-05:00,BTC/USD,window360_strategy,hold,0.0,same_minute,1.6012155672417967,0.0,
2026-01-24T16:14:00-05:00,ETH/USD,window360_strategy,hold,0.0,same_minute,1.6012155672417967,0.0,
2026-01-24T16:16:00-05:00,BTC/USD,window360_strategy,hold,0.0,same_minute,1.6012155672417967,0.0,
2026-01-24T16:14:00-05:00,ETH/USD,window360_strategy,hold,0.0,same_minute,1.6012155672417967,0.0,
2026-01-24T16:17:00-05:00,BTC/USD,window360_strategy,hold,0.0,no_change,1.6669394552534222,0.0,edge_filter
2026-01-24T16:17:00-05:00,ETH/USD,window360_strategy,hold,0.0,no_change,1.4760385016748179,-0.0,edge_filter
2026-01-24T16:17:00-05:00,BTC/USD,window360_strategy,hold,0.0,same_minute,1.4760385016748179,0.0,
2026-01-24T16:17:00-05:00,ETH/USD,window360_strategy,hold,0.0,same_minute,1.4760385016748179,0.0,
2026-01-24T16:17:00-05:00,BTC/USD,window360_strategy,hold,0.0,same_minute,1.4760385016748179,0.0,
2026-01-24T16:17:00-05:00,ETH/USD,window360_strategy,hold,0.0,same_minute,1.4760385016748179,0.0,
2026-01-24T16:17:00-05:00,BTC/USD,window360_strategy,hold,0.0,same_minute,1.4760385016748179,0.0,
2026-01-24T16:17:00-05:00,ETH/USD,window360_strategy,hold,0.0,same_minute,1.4760385016748179,0.0,
2026-01-24T16:17:00-05:00,BTC/USD,window360_strategy,hold,0.0,same_minute,1.4760385016748179,0.0,
2026-01-24T16:17:00-05:00,ETH/USD,window360_strategy,hold,0.0,same_minute,1.4760385016748179,0.0,
2026-01-24T16:17:00-05:00,BTC/USD,window360_strategy,hold,0.0,same_minute,1.4760385016748179,0.0,
2026-01-24T16:17:00-05:00,ETH/USD,window360_strategy,hold,0.0,same_minute,1.4760385016748179,0.0,
2026-01-24T16:18:00-05:00,BTC/USD,window360_strategy,hold,0.0,no_change,1.5729486108585482,0.0,edge_filter
2026-01-24T16:18:00-05:00,ETH/USD,window360_strategy,hold,0.0,no_change,1.7280166762683582,-0.0,edge_filter
2026-01-24T16:18:00-05:00,BTC/USD,window360_strategy,hold,0.0,same_minute,1.7280166762683582,0.0,
2026-01-24T16:18:00-05:00,ETH/USD,window360_strategy,hold,0.0,same_minute,1.7280166762683582,0.0,
2026-01-24T16:18:00-05:00,BTC/USD,window360_strategy,hold,0.0,same_minute,1.7280166762683582,0.0,
2026-01-24T16:18:00-05:00,ETH/USD,window360_strategy,hold,0.0,same_minute,1.7280166762683582,0.0,
2026-01-24T16:18:00-05:00,BTC/USD,window360_strategy,hold,0.0,same_minute,1.7280166762683582,0.0,
2026-01-24T16:18:00-05:00,ETH/USD,window360_strategy,hold,0.0,same_minute,1.7280166762683582,0.0,
2026-01-24T16:18:00-05:00,BTC/USD,window360_strategy,hold,0.0,same_minute,1.7280166762683582,0.0,
2026-01-24T16:18:00-05:00,ETH/USD,window360_strategy,hold,0.0,same_minute,1.7280166762683582,0.0,
2026-01-24T16:18:00-05:00,BTC/USD,window360_strategy,hold,0.0,same_minute,1.7280166762683582,0.0,
2026-01-24T16:18:00-05:00,ETH/USD,window360_strategy,hold,0.0,same_minute,1.7280166762683582,0.0,
2026-01-24T16:19:00-05:00,BTC/USD,window360_strategy,hold,0.0,no_change,2.1430691748187614,0.0,edge_filter
2026-01-24T16:19:00-05:00,ETH/USD,window360_strategy,hold,0.0,no_change,2.2443310047695744,-0.0,edge_filter
2026-01-24T16:19:00-05:00,BTC/USD,window360_strategy,hold,0.0,same_minute,2.2443310047695744,0.0,
2026-01-24T16:19:00-05:00,ETH/USD,window360_strategy,hold,0.0,same_minute,2.2443310047695744,0.0,
2026-01-24T16:19:00-05:00,BTC/USD,window360_strategy,hold,0.0,same_minute,2.2443310047695744,0.0,
2026-01-24T16:19:00-05:00,ETH/USD,window360_strategy,hold,0.0,same_minute,2.2443310047695744,0.0,
2026-01-24T16:19:00-05:00,BTC/USD,window360_strategy,hold,0.0,same_minute,2.2443310047695744,0.0,
2026-01-24T16:19:00-05:00,ETH/USD,window360_strategy,hold,0.0,same_minute,2.2443310047695744,0.0,
2026-01-24T16:19:00-05:00,BTC/USD,window360_strategy,hold,0.0,same_minute,2.2443310047695744,0.0,
2026-01-24T16:19:00-05:00,ETH/USD,window360_strategy,hold,0.0,same_minute,2.2443310047695744,0.0,
2026-01-24T16:19:00-05:00,BTC/USD,window360_strategy,hold,0.0,same_minute,2.2443310047695744,0.0,
2026-01-24T16:20:00-05:00,ETH/USD,window360_strategy,hold,0.0,no_change,2.0210184566817344,-0.0,edge_filter
2026-01-24T16:19:00-05:00,BTC/USD,window360_strategy,hold,0.0,same_minute,2.0269976059096613,0.0,
2026-01-24T16:20:00-05:00,ETH/USD,window360_strategy,hold,0.0,same_minute,2.0269976059096613,0.0,
2026-01-24T16:19:00-05:00,BTC/USD,window360_strategy,hold,0.0,same_minute,2.0269976059096613,0.0,
2026-01-24T16:20:00-05:00,ETH/USD,window360_strategy,hold,0.0,same_minute,2.0269976059096613,0.0,
2026-01-24T16:19:00-05:00,BTC/USD,window360_strategy,hold,0.0,same_minute,2.0269976059096613,0.0,
2026-01-24T16:20:00-05:00,ETH/USD,window360_strategy,hold,0.0,same_minute,2.0269976059096613,0.0,
2026-01-24T16:19:00-05:00,BTC/USD,window360_strategy,hold,0.0,same_minute,2.0269976059096613,0.0,
2026-01-24T16:20:00-05:00,ETH/USD,window360_strategy,hold,0.0,same_minute,2.0269976059096613,0.0,
2026-01-24T16:19:00-05:00,BTC/USD,window360_strategy,hold,0.0,same_minute,2.0269976059096613,0.0,
2026-01-24T16:20:00-05:00,ETH/USD,window360_strategy,hold,0.0,same_minute,2.0269976059096613,0.0,
2026-01-24T16:21:00-05:00,BTC/USD,window360_strategy,hold,0.0,no_change,1.7276082647389153,0.0,edge_filter
2026-01-24T16:20:00-05:00,ETH/USD,window360_strategy,hold,0.0,same_minute,1.7343232607914367,0.0,
2026-01-24T16:21:00-05:00,BTC/USD,window360_strategy,hold,0.0,same_minute,1.7343232607914367,0.0,
2026-01-24T16:20:00-05:00,ETH/USD,window360_strategy,hold,0.0,same_minute,1.7343232607914367,0.0,
2026-01-24T16:21:00-05:00,BTC/USD,window360_strategy,hold,0.0,same_minute,1.7343232607914367,0.0,
2026-01-24T16:20:00-05:00,ETH/USD,window360_strategy,hold,0.0,same_minute,1.7343232607914367,0.0,
2026-01-24T16:21:00-05:00,BTC/USD,window360_strategy,hold,0.0,same_minute,1.7343232607914367,0.0,
2026-01-24T16:20:00-05:00,ETH/USD,window360_strategy,hold,0.0,same_minute,1.7343232607914367,0.0,
2026-01-24T16:21:00-05:00,BTC/USD,window360_strategy,hold,0.0,same_minute,1.7343232607914367,0.0,
2026-01-24T16:20:00-05:00,ETH/USD,window360_strategy,hold,0.0,same_minute,1.7343232607914367,0.0,
2026-01-24T16:21:00-05:00,BTC/USD,window360_strategy,hold,0.0,same_minute,1.7343232607914367,0.0,
2026-01-24T16:20:00-05:00,ETH/USD,window360_strategy,hold,0.0,same_minute,1.7343232607914367,0.0,
2026-01-24T16:21:00-05:00,BTC/USD,window360_strategy,hold,0.0,same_minute,1.7343232607914367,0.0,
2026-01-24T16:20:00-05:00,ETH/USD,window360_strategy,hold,0.0,same_minute,1.7343232607914367,0.0,
2026-01-24T16:21:00-05:00,BTC/USD,window360_strategy,hold,0.0,same_minute,1.7343232607914367,0.0,
2026-01-24T16:20:00-05:00,ETH/USD,window360_strategy,hold,0.0,same_minute,1.7343232607914367,0.0,
2026-01-24T16:21:00-05:00,BTC/USD,window360_strategy,hold,0.0,same_minute,1.7343232607914367,0.0,
2026-01-24T16:20:00-05:00,ETH/USD,window360_strategy,hold,0.0,same_minute,1.7343232607914367,0.0,
2026-01-24T16:21:00-05:00,BTC/USD,window360_strategy,hold,0.0,same_minute,1.7343232607914367,0.0,
2026-01-24T16:20:00-05:00,ETH/USD,window360_strategy,hold,0.0,same_minute,1.7343232607914367,0.0,
2026-01-24T16:21:00-05:00,BTC/USD,window360_strategy,hold,0.0,same_minute,1.7343232607914367,0.0,
2026-01-24T16:20:00-05:00,ETH/USD,window360_strategy,hold,0.0,same_minute,1.7343232607914367,0.0,
2026-01-24T16:21:00-05:00,BTC/USD,window360_strategy,hold,0.0,same_minute,1.7343232607914367,0.0,
2026-01-24T16:20:00-05:00,ETH/USD,window360_strategy,hold,0.0,same_minute,1.7343232607914367,0.0,
2026-01-24T16:23:00-05:00,BTC/USD,window360_strategy,hold,0.0,no_change,2.193231949495877,0.0,edge_filter
2026-01-24T16:23:00-05:00,ETH/USD,window360_strategy,hold,0.0,no_change,2.216849270885094,-0.0,edge_filter
2026-01-24T16:23:00-05:00,BTC/USD,window360_strategy,hold,0.0,same_minute,2.216849270885094,0.0,
2026-01-24T16:23:00-05:00,ETH/USD,window360_strategy,hold,0.0,same_minute,2.216849270885094,0.0,
2026-01-24T18:56:00-05:00,BTC/USD,window360_strategy,hold,0.0,no_change,1.7018639335319248,0.0,edge_filter
2026-01-24T18:51:00-05:00,ETH/USD,window360_strategy,hold,0.0,no_change,1.3283706569210856,-0.0,edge_filter
2026-01-24T18:56:00-05:00,BTC/USD,window360_strategy,hold,0.0,same_minute,1.3345316993238092,0.0,
2026-01-24T18:51:00-05:00,ETH/USD,window360_strategy,hold,0.0,same_minute,1.3345316993238092,0.0,
2026-01-24T18:56:00-05:00,BTC/USD,window360_strategy,hold,0.0,same_minute,1.3345316993238092,0.0,
2026-01-24T18:51:00-05:00,ETH/USD,window360_strategy,hold,0.0,same_minute,1.3345316993238092,0.0,
2026-01-24T19:14:00-05:00,BTC/USD,window360_strategy,hold,0.0,no_change,0.822079739669552,0.0,below_z_enter
2026-01-24T19:12:00-05:00,ETH/USD,window360_strategy,hold,0.0,no_change,0.6246520590486329,-0.0,below_z_enter
2026-01-24T19:14:00-05:00,BTC/USD,window360_strategy,hold,0.0,same_minute,0.6261721018799937,0.0,
2026-01-24T19:12:00-05:00,ETH/USD,window360_strategy,hold,0.0,same_minute,0.6261721018799937,0.0,
2026-01-24T19:14:00-05:00,BTC/USD,window360_strategy,hold,0.0,same_minute,0.6261721018799937,0.0,
2026-01-24T19:12:00-05:00,ETH/USD,window360_strategy,hold,0.0,same_minute,0.6261721018799937,0.0,
2026-01-24T19:14:00-05:00,BTC/USD,window360_strategy,hold,0.0,same_minute,0.6261721018799937,0.0,
2026-01-24T19:12:00-05:00,ETH/USD,window360_strategy,hold,0.0,same_minute,0.6261721018799937,0.0,
2026-01-24T19:14:00-05:00,BTC/USD,window360_strategy,hold,0.0,same_minute,0.6261721018799937,0.0,
2026-01-24T19:12:00-05:00,ETH/USD,window360_strategy,hold,0.0,same_minute,0.6261721018799937,0.0,
2026-01-24T19:14:00-05:00,BTC/USD,window360_strategy,hold,0.0,same_minute,0.6261721018799937,0.0,
2026-01-24T19:12:00-05:00,ETH/USD,window360_strategy,hold,0.0,same_minute,0.6261721018799937,0.0,
2026-01-24T19:14:00-05:00,BTC/USD,window360_strategy,hold,0.0,same_minute,0.6261721018799937,0.0,
2026-01-24T19:15:00-05:00,ETH/USD,window360_strategy,hold,0.0,no_change,0.5169758200798065,-0.0,below_z_enter
2026-01-24T19:14:00-05:00,BTC/USD,window360_strategy,hold,0.0,same_minute,0.5176706140545239,0.0,
2026-01-24T19:15:00-05:00,ETH/USD,window360_strategy,hold,0.0,same_minute,0.5176706140545239,0.0,
2026-01-24T19:14:00-05:00,BTC/USD,window360_strategy,hold,0.0,same_minute,0.5176706140545239,0.0,
2026-01-24T19:15:00-05:00,ETH/USD,window360_strategy,hold,0.0,same_minute,0.5176706140545239,0.0,
2026-01-24T19:14:00-05:00,BTC/USD,window360_strategy,hold,0.0,same_minute,0.5176706140545239,0.0,
2026-01-24T19:15:00-05:00,ETH/USD,window360_strategy,hold,0.0,same_minute,0.5176706140545239,0.0,
2026-01-24T19:14:00-05:00,BTC/USD,window360_strategy,hold,0.0,same_minute,0.5176706140545239,0.0,
2026-01-24T19:15:00-05:00,ETH/USD,window360_strategy,hold,0.0,same_minute,0.5176706140545239,0.0,
2026-01-24T19:14:00-05:00,BTC/USD,window360_strategy,hold,0.0,same_minute,0.5176706140545239,0.0,
2026-01-24T19:15:00-05:00,ETH/USD,window360_strategy,hold,0.0,same_minute,0.5176706140545239,0.0,
2026-01-24T19:16:00-05:00,BTC/USD,window360_strategy,hold,0.0,no_change,0.7554489074231173,0.0,below_z_enter
2026-01-24T19:16:00-05:00,ETH/USD,window360_strategy,hold,0.0,no_change,0.8535941923361223,-0.0,below_z_enter
2026-01-24T19:16:00-05:00,BTC/USD,window360_strategy,hold,0.0,same_minute,0.8535941923361223,0.0,
2026-01-24T19:16:00-05:00,ETH/USD,window360_strategy,hold,0.0,same_minute,0.8535941923361223,0.0,
2026-01-24T19:16:00-05:00,BTC/USD,window360_strategy,hold,0.0,same_minute,0.8535941923361223,0.0,
2026-01-24T19:16:00-05:00,ETH/USD,window360_strategy,hold,0.0,same_minute,0.8535941923361223,0.0,
2026-01-24T19:16:00-05:00,BTC/USD,window360_strategy,hold,0.0,same_minute,0.8535941923361223,0.0,
2026-01-24T19:16:00-05:00,ETH/USD,window360_strategy,hold,0.0,same_minute,0.8535941923361223,0.0,
2026-01-24T19:18:00-05:00,BTC/USD,window360_strategy,hold,0.0,no_change,0.5440045715944382,0.0,below_z_enter
2026-01-24T19:17:00-05:00,ETH/USD,window360_strategy,hold,0.0,no_change,0.35007817637147126,-0.0,below_z_enter
2026-01-24T19:18:00-05:00,BTC/USD,window360_strategy,hold,0.0,same_minute,0.35109799529543223,0.0,
2026-01-24T19:17:00-05:00,ETH/USD,window360_strategy,hold,0.0,same_minute,0.35109799529543223,0.0,
2026-01-24T19:18:00-05:00,BTC/USD,window360_strategy,hold,0.0,same_minute,0.35109799529543223,0.0,
2026-01-24T19:17:00-05:00,ETH/USD,window360_strategy,hold,0.0,same_minute,0.35109799529543223,0.0,
2026-01-24T20:39:00-05:00,BTC/USD,window360_strategy,hold,0.0,waiting_pair,,,
2026-01-24T20:39:00-05:00,ETH/USD,window360_strategy,hold,0.0,no_change,-0.07736076270348255,-0.0,below_z_enter
2026-01-24T20:39:00-05:00,BTC/USD,window360_strategy,hold,0.0,no_change,-0.07736076270348255,0.0,below_z_enter
2026-01-24T20:39:00-05:00,ETH/USD,window360_strategy,hold,0.0,same_minute,-0.07736076270348255,0.0,
2026-01-24T20:39:00-05:00,BTC/USD,window360_strategy,hold,0.0,same_minute,-0.07736076270348255,0.0,
2026-01-24T20:39:00-05:00,ETH/USD,window360_strategy,hold,0.0,same_minute,-0.07736076270348255,0.0,
2026-01-24T20:40:00-05:00,BTC/USD,window360_strategy,hold,0.0,no_change,0.1085620366663782,0.0,below_z_enter
2026-01-24T20:40:00-05:00,ETH/USD,window360_strategy,hold,0.0,no_change,-0.05860551799930906,-0.0,below_z_enter
2026-01-24T20:40:00-05:00,BTC/USD,window360_strategy,hold,0.0,same_minute,-0.05860551799930906,0.0,
2026-01-24T20:40:00-05:00,ETH/USD,window360_strategy,hold,0.0,same_minute,-0.05860551799930906,0.0,
2026-01-24T20:40:00-05:00,BTC/USD,window360_strategy,hold,0.0,same_minute,-0.05860551799930906,0.0,
2026-01-24T20:40:00-05:00,ETH/USD,window360_strategy,hold,0.0,same_minute,-0.05860551799930906,0.0,
2026-01-24T20:40:00-05:00,BTC/USD,window360_strategy,hold,0.0,same_minute,-0.05860551799930906,0.0,
2026-01-24T20:40:00-05:00,ETH/USD,window360_strategy,hold,0.0,same_minute,-0.05860551799930906,0.0,
2026-01-24T20:40:00-05:00,BTC/USD,window360_strategy,hold,0.0,same_minute,-0.05860551799930906,0.0,
2026-01-24T20:40:00-05:00,ETH/USD,window360_strategy,hold,0.0,same_minute,-0.05860551799930906,0.0,
2026-01-24T20:40:00-05:00,BTC/USD,window360_strategy,hold,0.0,same_minute,-0.05860551799930906,0.0,
2026-01-24T20:40:00-05:00,ETH/USD,window360_strategy,hold,0.0,same_minute,-0.05860551799930906,0.0,
2026-01-24T20:41:00-05:00,BTC/USD,window360_strategy,hold,0.0,no_change,-0.13723635587272479,0.0,below_z_enter
2026-01-24T20:40:00-05:00,ETH/USD,window360_strategy,hold,0.0,same_minute,-0.1356899036057198,0.0,
2026-01-24T20:41:00-05:00,BTC/USD,window360_strategy,hold,0.0,same_minute,-0.1356899036057198,0.0,
2026-01-24T20:40:00-05:00,ETH/USD,window360_strategy,hold,0.0,same_minute,-0.1356899036057198,0.0,
2026-01-24T20:41:00-05:00,BTC/USD,window360_strategy,hold,0.0,same_minute,-0.1356899036057198,0.0,
2026-01-24T20:40:00-05:00,ETH/USD,window360_strategy,hold,0.0,same_minute,-0.1356899036057198,0.0,
2026-01-24T20:41:00-05:00,BTC/USD,window360_strategy,hold,0.0,same_minute,-0.1356899036057198,0.0,
2026-01-24T20:40:00-05:00,ETH/USD,window360_strategy,hold,0.0,same_minute,-0.1356899036057198,0.0,
2026-01-24T20:41:00-05:00,BTC/USD,window360_strategy,hold,0.0,same_minute,-0.1356899036057198,0.0,
2026-01-24T20:40:00-05:00,ETH/USD,window360_strategy,hold,0.0,same_minute,-0.1356899036057198,0.0,
2026-01-24T20:41:00-05:00,BTC/USD,window360_strategy,hold,0.0,same_minute,-0.1356899036057198,0.0,
2026-01-24T20:40:00-05:00,ETH/USD,window360_strategy,hold,0.0,same_minute,-0.1356899036057198,0.0,
2026-01-24T20:42:00-05:00,BTC/USD,window360_strategy,hold,0.0,no_change,-0.04510500504393749,0.0,below_z_enter
2026-01-24T20:40:00-05:00,ETH/USD,window360_strategy,hold,0.0,same_minute,-0.04617512813853521,0.0,
2026-01-24T20:42:00-05:00,BTC/USD,window360_strategy,hold,0.0,same_minute,-0.04617512813853521,0.0,
2026-01-24T20:40:00-05:00,ETH/USD,window360_strategy,hold,0.0,same_minute,-0.04617512813853521,0.0,
2026-01-24T20:42:00-05:00,BTC/USD,window360_strategy,hold,0.0,same_minute,-0.04617512813853521,0.0,
2026-01-24T20:40:00-05:00,ETH/USD,window360_strategy,hold,0.0,same_minute,-0.04617512813853521,0.0,
2026-01-24T20:42:00-05:00,BTC/USD,window360_strategy,hold,0.0,same_minute,-0.04617512813853521,0.0,
2026-01-24T20:40:00-05:00,ETH/USD,window360_strategy,hold,0.0,same_minute,-0.04617512813853521,0.0,
2026-01-24T20:42:00-05:00,BTC/USD,window360_strategy,hold,0.0,same_minute,-0.04617512813853521,0.0,
2026-01-24T20:40:00-05:00,ETH/USD,window360_strategy,hold,0.0,same_minute,-0.04617512813853521,0.0,
2026-01-24T20:42:00-05:00,BTC/USD,window360_strategy,hold,0.0,same_minute,-0.04617512813853521,0.0,
2026-01-24T20:40:00-05:00,ETH/USD,window360_strategy,hold,0.0,same_minute,-0.04617512813853521,0.0,
2026-01-24T20:43:00-05:00,BTC/USD,window360_strategy,hold,0.0,no_change,-0.08639129047090612,0.0,below_z_enter
2026-01-24T20:40:00-05:00,ETH/USD,window360_strategy,hold,0.0,same_minute,-0.08545881561160543,0.0,
2026-01-24T20:43:00-05:00,BTC/USD,window360_strategy,hold,0.0,same_minute,-0.08545881561160543,0.0,
2026-01-24T20:40:00-05:00,ETH/USD,window360_strategy,hold,0.0,same_minute,-0.08545881561160543,0.0,
2026-01-24T20:43:00-05:00,BTC/USD,window360_strategy,hold,0.0,same_minute,-0.08545881561160543,0.0,
2026-01-24T20:40:00-05:00,ETH/USD,window360_strategy,hold,0.0,same_minute,-0.08545881561160543,0.0,
2026-01-24T20:43:00-05:00,BTC/USD,window360_strategy,hold,0.0,same_minute,-0.08545881561160543,0.0,
2026-01-24T20:40:00-05:00,ETH/USD,window360_strategy,hold,0.0,same_minute,-0.08545881561160543,0.0,
2026-01-24T20:43:00-05:00,BTC/USD,window360_strategy,hold,0.0,same_minute,-0.08545881561160543,0.0,
2026-01-24T20:40:00-05:00,ETH/USD,window360_strategy,hold,0.0,same_minute,-0.08545881561160543,0.0,
2026-01-24T20:43:00-05:00,BTC/USD,window360_strategy,hold,0.0,same_minute,-0.08545881561160543,0.0,
2026-01-24T20:40:00-05:00,ETH/USD,window360_strategy,hold,0.0,same_minute,-0.08545881561160543,0.0,
2026-01-24T20:44:00-05:00,BTC/USD,window360_strategy,hold,0.0,no_change,-0.049718336036171235,0.0,below_z_enter
2026-01-24T20:40:00-05:00,ETH/USD,window360_strategy,hold,0.0,same_minute,-0.04998400636914941,0.0,
2026-01-24T20:44:00-05:00,BTC/USD,window360_strategy,hold,0.0,same_minute,-0.04998400636914941,0.0,
2026-01-24T20:40:00-05:00,ETH/USD,window360_strategy,hold,0.0,same_minute,-0.04998400636914941,0.0,
2026-01-24T20:44:00-05:00,BTC/USD,window360_strategy,hold,0.0,same_minute,-0.04998400636914941,0.0,
2026-01-24T20:40:00-05:00,ETH/USD,window360_strategy,hold,0.0,same_minute,-0.04998400636914941,0.0,
2026-01-24T20:44:00-05:00,BTC/USD,window360_strategy,hold,0.0,same_minute,-0.04998400636914941,0.0,
2026-01-24T20:40:00-05:00,ETH/USD,window360_strategy,hold,0.0,same_minute,-0.04998400636914941,0.0,
2026-01-24T20:44:00-05:00,BTC/USD,window360_strategy,hold,0.0,same_minute,-0.04998400636914941,0.0,
2026-01-24T20:40:00-05:00,ETH/USD,window360_strategy,hold,0.0,same_minute,-0.04998400636914941,0.0,
2026-01-24T20:44:00-05:00,BTC/USD,window360_strategy,hold,0.0,same_minute,-0.04998400636914941,0.0,
2026-01-24T20:40:00-05:00,ETH/USD,window360_strategy,hold,0.0,same_minute,-0.04998400636914941,0.0,
2026-01-24T20:45:00-05:00,BTC/USD,window360_strategy,hold,0.0,no_change,0.13440627147968318,0.0,below_z_enter
2026-01-24T20:45:00-05:00,ETH/USD,window360_strategy,hold,0.0,no_change,-0.035267757398905517,-0.0,below_z_enter
2026-01-24T20:45:00-05:00,BTC/USD,window360_strategy,hold,0.0,same_minute,-0.035267757398905517,0.0,
2026-01-24T20:45:00-05:00,ETH/USD,window360_strategy,hold,0.0,same_minute,-0.035267757398905517,0.0,
2026-01-24T20:45:00-05:00,BTC/USD,window360_strategy,hold,0.0,same_minute,-0.035267757398905517,0.0,
2026-01-24T20:45:00-05:00,ETH/USD,window360_strategy,hold,0.0,same_minute,-0.035267757398905517,0.0,
2026-01-24T20:45:00-05:00,BTC/USD,window360_strategy,hold,0.0,same_minute,-0.035267757398905517,0.0,
2026-01-24T20:45:00-05:00,ETH/USD,window360_strategy,hold,0.0,same_minute,-0.035267757398905517,0.0,
2026-01-24T20:45:00-05:00,BTC/USD,window360_strategy,hold,0.0,same_minute,-0.035267757398905517,0.0,
2026-01-24T20:45:00-05:00,ETH/USD,window360_strategy,hold,0.0,same_minute,-0.035267757398905517,0.0,
2026-01-24T20:46:00-05:00,BTC/USD,window360_strategy,hold,0.0,no_change,0.28943695633182914,0.0,below_z_enter
2026-01-24T20:46:00-05:00,ETH/USD,window360_strategy,hold,0.0,no_change,0.06262457648454967,-0.0,below_z_enter
2026-01-24T20:46:00-05:00,BTC/USD,window360_strategy,hold,0.0,same_minute,0.06262457648454967,0.0,
2026-01-24T20:46:00-05:00,ETH/USD,window360_strategy,hold,0.0,same_minute,0.06262457648454967,0.0,
2026-01-24T20:46:00-05:00,BTC/USD,window360_strategy,hold,0.0,same_minute,0.06262457648454967,0.0,
2026-01-24T20:46:00-05:00,ETH/USD,window360_strategy,hold,0.0,same_minute,0.06262457648454967,0.0,
2026-01-24T20:46:00-05:00,BTC/USD,window360_strategy,hold,0.0,same_minute,0.06262457648454967,0.0,
2026-01-24T20:46:00-05:00,ETH/USD,window360_strategy,hold,0.0,same_minute,0.06262457648454967,0.0,
2026-01-24T20:46:00-05:00,BTC/USD,window360_strategy,hold,0.0,same_minute,0.06262457648454967,0.0,
2026-01-24T20:46:00-05:00,ETH/USD,window360_strategy,hold,0.0,same_minute,0.06262457648454967,0.0,
2026-01-24T20:46:00-05:00,BTC/USD,window360_strategy,hold,0.0,same_minute,0.06262457648454967,0.0,
2026-01-24T20:46:00-05:00,ETH/USD,window360_strategy,hold,0.0,same_minute,0.06262457648454967,0.0,
2026-01-24T20:47:00-05:00,BTC/USD,window360_strategy,hold,0.0,no_change,-0.043417188235588336,0.0,below_z_enter
2026-01-24T20:46:00-05:00,ETH/USD,window360_strategy,hold,0.0,same_minute,-0.04240565679447715,0.0,
2026-01-24T20:47:00-05:00,BTC/USD,window360_strategy,hold,0.0,same_minute,-0.04240565679447715,0.0,
2026-01-24T20:46:00-05:00,ETH/USD,window360_strategy,hold,0.0,same_minute,-0.04240565679447715,0.0,
2026-01-24T20:47:00-05:00,BTC/USD,window360_strategy,hold,0.0,same_minute,-0.04240565679447715,0.0,
2026-01-24T20:46:00-05:00,ETH/USD,window360_strategy,hold,0.0,same_minute,-0.04240565679447715,0.0,
2026-01-24T20:47:00-05:00,BTC/USD,window360_strategy,hold,0.0,same_minute,-0.04240565679447715,0.0,
2026-01-24T20:46:00-05:00,ETH/USD,window360_strategy,hold,0.0,same_minute,-0.04240565679447715,0.0,
2026-01-24T20:47:00-05:00,BTC/USD,window360_strategy,hold,0.0,same_minute,-0.04240565679447715,0.0,
2026-01-24T20:46:00-05:00,ETH/USD,window360_strategy,hold,0.0,same_minute,-0.04240565679447715,0.0,
2026-01-24T20:47:00-05:00,BTC/USD,window360_strategy,hold,0.0,same_minute,-0.04240565679447715,0.0,
2026-01-24T20:46:00-05:00,ETH/USD,window360_strategy,hold,0.0,same_minute,-0.04240565679447715,0.0,
2026-01-24T20:48:00-05:00,BTC/USD,window360_strategy,hold,0.0,no_change,-0.0001618733413928618,0.0,below_z_enter
2026-01-24T20:48:00-05:00,ETH/USD,window360_strategy,hold,0.0,no_change,-0.10329985077216323,-0.0,below_z_enter
2026-01-24T20:48:00-05:00,BTC/USD,window360_strategy,hold,0.0,same_minute,-0.10329985077216323,0.0,
2026-01-24T20:48:00-05:00,ETH/USD,window360_strategy,hold,0.0,same_minute,-0.10329985077216323,0.0,
2026-01-24T20:48:00-05:00,BTC/USD,window360_strategy,hold,0.0,same_minute,-0.10329985077216323,0.0,
2026-01-24T20:48:00-05:00,ETH/USD,window360_strategy,hold,0.0,same_minute,-0.10329985077216323,0.0,
2026-01-24T20:48:00-05:00,BTC/USD,window360_strategy,hold,0.0,same_minute,-0.10329985077216323,0.0,
2026-01-24T20:48:00-05:00,ETH/USD,window360_strategy,hold,0.0,same_minute,-0.10329985077216323,0.0,
2026-01-24T20:48:00-05:00,BTC/USD,window360_strategy,hold,0.0,same_minute,-0.10329985077216323,0.0,
2026-01-24T20:48:00-05:00,ETH/USD,window360_strategy,hold,0.0,same_minute,-0.10329985077216323,0.0,
2026-01-24T20:48:00-05:00,BTC/USD,window360_strategy,hold,0.0,same_minute,-0.10329985077216323,0.0,
2026-01-24T20:48:00-05:00,ETH/USD,window360_strategy,hold,0.0,same_minute,-0.10329985077216323,0.0,
2026-01-24T20:49:00-05:00,BTC/USD,window360_strategy,hold,0.0,no_change,-0.033579129456525636,0.0,below_z_enter
2026-01-24T20:49:00-05:00,ETH/USD,window360_strategy,hold,0.0,no_change,0.09486682583287906,-0.0,below_z_enter
2026-01-24T20:49:00-05:00,BTC/USD,window360_strategy,hold,0.0,same_minute,0.09486682583287906,0.0,
2026-01-24T20:49:00-05:00,ETH/USD,window360_strategy,hold,0.0,same_minute,0.09486682583287906,0.0,
2026-01-24T20:49:00-05:00,BTC/USD,window360_strategy,hold,0.0,same_minute,0.09486682583287906,0.0,
2026-01-24T20:49:00-05:00,ETH/USD,window360_strategy,hold,0.0,same_minute,0.09486682583287906,0.0,
2026-01-24T20:49:00-05:00,BTC/USD,window360_strategy,hold,0.0,same_minute,0.09486682583287906,0.0,
2026-01-24T20:49:00-05:00,ETH/USD,window360_strategy,hold,0.0,same_minute,0.09486682583287906,0.0,
2026-01-24T20:49:00-05:00,BTC/USD,window360_strategy,hold,0.0,same_minute,0.09486682583287906,0.0,
2026-01-24T20:49:00-05:00,ETH/USD,window360_strategy,hold,0.0,same_minute,0.09486682583287906,0.0,
2026-01-24T20:49:00-05:00,BTC/USD,window360_strategy,hold,0.0,same_minute,0.09486682583287906,0.0,
2026-01-24T20:49:00-05:00,ETH/USD,window360_strategy,hold,0.0,same_minute,0.09486682583287906,0.0,
2026-01-24T20:50:00-05:00,BTC/USD,window360_strategy,hold,0.0,no_change,-0.22369899463442286,0.0,below_z_enter
2026-01-24T20:49:00-05:00,ETH/USD,window360_strategy,hold,0.0,same_minute,-0.22080701333986175,0.0,
2026-01-24T20:50:00-05:00,BTC/USD,window360_strategy,hold,0.0,same_minute,-0.22080701333986175,0.0,
2026-01-24T20:49:00-05:00,ETH/USD,window360_strategy,hold,0.0,same_minute,-0.22080701333986175,0.0,
2026-01-24T20:50:00-05:00,BTC/USD,window360_strategy,hold,0.0,same_minute,-0.22080701333986175,0.0,
2026-01-24T20:49:00-05:00,ETH/USD,window360_strategy,hold,0.0,same_minute,-0.22080701333986175,0.0,
2026-01-24T20:50:00-05:00,BTC/USD,window360_strategy,hold,0.0,same_minute,-0.22080701333986175,0.0,
2026-01-24T20:49:00-05:00,ETH/USD,window360_strategy,hold,0.0,same_minute,-0.22080701333986175,0.0,
2026-01-24T20:50:00-05:00,BTC/USD,window360_strategy,hold,0.0,same_minute,-0.22080701333986175,0.0,
2026-01-24T20:49:00-05:00,ETH/USD,window360_strategy,hold,0.0,same_minute,-0.22080701333986175,0.0,
2026-01-24T20:50:00-05:00,BTC/USD,window360_strategy,hold,0.0,same_minute,-0.22080701333986175,0.0,
2026-01-24T20:49:00-05:00,ETH/USD,window360_strategy,hold,0.0,same_minute,-0.22080701333986175,0.0,
2026-01-24T20:51:00-05:00,BTC/USD,window360_strategy,hold,0.0,no_change,-0.3078735635557267,0.0,below_z_enter
2026-01-24T20:51:00-05:00,ETH/USD,window360_strategy,hold,0.0,no_change,-0.3211372797884035,-0.0,below_z_enter
2026-01-24T20:51:00-05:00,BTC/USD,window360_strategy,hold,0.0,same_minute,-0.3211372797884035,0.0,
2026-01-24T20:51:00-05:00,ETH/USD,window360_strategy,hold,0.0,same_minute,-0.3211372797884035,0.0,
2026-01-24T20:51:00-05:00,BTC/USD,window360_strategy,hold,0.0,same_minute,-0.3211372797884035,0.0,
2026-01-24T20:51:00-05:00,ETH/USD,window360_strategy,hold,0.0,same_minute,-0.3211372797884035,0.0,
2026-01-24T20:51:00-05:00,BTC/USD,window360_strategy,hold,0.0,same_minute,-0.3211372797884035,0.0,
2026-01-24T20:51:00-05:00,ETH/USD,window360_strategy,hold,0.0,same_minute,-0.3211372797884035,0.0,
2026-01-24T20:51:00-05:00,BTC/USD,window360_strategy,hold,0.0,same_minute,-0.3211372797884035,0.0,
2026-01-24T20:51:00-05:00,ETH/USD,window360_strategy,hold,0.0,same_minute,-0.3211372797884035,0.0,
2026-01-24T20:51:00-05:00,BTC/USD,window360_strategy,hold,0.0,same_minute,-0.3211372797884035,0.0,
2026-01-24T20:51:00-05:00,ETH/USD,window360_strategy,hold,0.0,same_minute,-0.3211372797884035,0.0,
2026-01-24T20:52:00-05:00,BTC/USD,window360_strategy,hold,0.0,no_change,-0.30262793163898755,0.0,below_z_enter
2026-01-24T20:52:00-05:00,ETH/USD,window360_strategy,hold,0.0,no_change,-0.3310306626817501,-0.0,below_z_enter
2026-01-24T20:52:00-05:00,BTC/USD,window360_strategy,hold,0.0,same_minute,-0.3310306626817501,0.0,
2026-01-24T20:52:00-05:00,ETH/USD,window360_strategy,hold,0.0,same_minute,-0.3310306626817501,0.0,
2026-01-24T20:52:00-05:00,BTC/USD,window360_strategy,hold,0.0,same_minute,-0.3310306626817501,0.0,
2026-01-24T20:52:00-05:00,ETH/USD,window360_strategy,hold,0.0,same_minute,-0.3310306626817501,0.0,
2026-01-24T20:52:00-05:00,BTC/USD,window360_strategy,hold,0.0,same_minute,-0.3310306626817501,0.0,
2026-01-24T20:52:00-05:00,ETH/USD,window360_strategy,hold,0.0,same_minute,-0.3310306626817501,0.0,
2026-01-24T20:52:00-05:00,BTC/USD,window360_strategy,hold,0.0,same_minute,-0.3310306626817501,0.0,
2026-01-24T20:52:00-05:00,ETH/USD,window360_strategy,hold,0.0,same_minute,-0.3310306626817501,0.0,
2026-01-24T20:52:00-05:00,BTC/USD,window360_strategy,hold,0.0,same_minute,-0.3310306626817501,0.0,
2026-01-24T20:52:00-05:00,ETH/USD,window360_strategy,hold,0.0,same_minute,-0.3310306626817501,0.0,
2026-01-24T20:52:00-05:00,BTC/USD,window360_strategy,hold,0.0,same_minute,-0.3310306626817501,0.0,
2026-01-24T20:52:00-05:00,ETH/USD,window360_strategy,hold,0.0,same_minute,-0.3310306626817501,0.0,
2026-01-24T20:52:00-05:00,BTC/USD,window360_strategy,hold,0.0,same_minute,-0.3310306626817501,0.0,
2026-01-24T20:52:00-05:00,ETH/USD,window360_strategy,hold,0.0,same_minute,-0.3310306626817501,0.0,
2026-01-24T20:52:00-05:00,BTC/USD,window360_strategy,hold,0.0,same_minute,-0.3310306626817501,0.0,
2026-01-24T20:52:00-05:00,ETH/USD,window360_strategy,hold,0.0,same_minute,-0.3310306626817501,0.0,
2026-01-24T20:52:00-05:00,BTC/USD,window360_strategy,hold,0.0,same_minute,-0.3310306626817501,0.0,
2026-01-24T20:52:00-05:00,ETH/USD,window360_strategy,hold,0.0,same_minute,-0.3310306626817501,0.0,
2026-01-24T20:52:00-05:00,BTC/USD,window360_strategy,hold,0.0,same_minute,-0.3310306626817501,0.0,
2026-01-24T20:52:00-05:00,ETH/USD,window360_strategy,hold,0.0,same_minute,-0.3310306626817501,0.0,
2026-01-24T20:52:00-05:00,BTC/USD,window360_strategy,hold,0.0,same_minute,-0.3310306626817501,0.0,
2026-01-24T20:54:00-05:00,ETH/USD,window360_strategy,hold,0.0,no_change,-0.24822983146539623,-0.0,below_z_enter
2026-01-24T20:52:00-05:00,BTC/USD,window360_strategy,hold,0.0,same_minute,-0.24828687180340414,0.0,
2026-01-24T20:54:00-05:00,ETH/USD,window360_strategy,hold,0.0,same_minute,-0.24828687180340414,0.0,
2026-01-24T20:52:00-05:00,BTC/USD,window360_strategy,hold,0.0,same_minute,-0.24828687180340414,0.0,
2026-01-24T20:54:00-05:00,ETH/USD,window360_strategy,hold,0.0,same_minute,-0.24828687180340414,0.0,
2026-01-24T20:52:00-05:00,BTC/USD,window360_strategy,hold,0.0,same_minute,-0.24828687180340414,0.0,
2026-01-24T20:54:00-05:00,ETH/USD,window360_strategy,hold,0.0,same_minute,-0.24828687180340414,0.0,
2026-01-24T20:52:00-05:00,BTC/USD,window360_strategy,hold,0.0,same_minute,-0.24828687180340414,0.0,
2026-01-24T20:54:00-05:00,ETH/USD,window360_strategy,hold,0.0,same_minute,-0.24828687180340414,0.0,
2026-01-24T20:52:00-05:00,BTC/USD,window360_strategy,hold,0.0,same_minute,-0.24828687180340414,0.0,
2026-01-24T20:54:00-05:00,ETH/USD,window360_strategy,hold,0.0,same_minute,-0.24828687180340414,0.0,
2026-01-24T20:52:00-05:00,BTC/USD,window360_strategy,hold,0.0,same_minute,-0.24828687180340414,0.0,
2026-01-24T20:55:00-05:00,ETH/USD,window360_strategy,hold,0.0,no_change,-0.14274069727849523,-0.0,below_z_enter
2026-01-24T20:52:00-05:00,BTC/USD,window360_strategy,hold,0.0,same_minute,-0.14284425593349465,0.0,
2026-01-24T20:55:00-05:00,ETH/USD,window360_strategy,hold,0.0,same_minute,-0.14284425593349465,0.0,
2026-01-24T20:52:00-05:00,BTC/USD,window360_strategy,hold,0.0,same_minute,-0.14284425593349465,0.0,
2026-01-24T20:55:00-05:00,ETH/USD,window360_strategy,hold,0.0,same_minute,-0.14284425593349465,0.0,
2026-01-24T20:52:00-05:00,BTC/USD,window360_strategy,hold,0.0,same_minute,-0.14284425593349465,0.0,
2026-01-24T20:55:00-05:00,ETH/USD,window360_strategy,hold,0.0,same_minute,-0.14284425593349465,0.0,
2026-01-24T20:52:00-05:00,BTC/USD,window360_strategy,hold,0.0,same_minute,-0.14284425593349465,0.0,
2026-01-24T20:55:00-05:00,ETH/USD,window360_strategy,hold,0.0,same_minute,-0.14284425593349465,0.0,
2026-01-24T20:52:00-05:00,BTC/USD,window360_strategy,hold,0.0,same_minute,-0.14284425593349465,0.0,
2026-01-24T20:55:00-05:00,ETH/USD,window360_strategy,hold,0.0,same_minute,-0.14284425593349465,0.0,
2026-01-24T20:56:00-05:00,BTC/USD,window360_strategy,hold,0.0,no_change,-0.028608583654609138,0.0,below_z_enter
2026-01-24T20:56:00-05:00,ETH/USD,window360_strategy,hold,0.0,no_change,-0.20304630912957097,-0.0,below_z_enter
2026-01-24T20:56:00-05:00,BTC/USD,window360_strategy,hold,0.0,same_minute,-0.20304630912957097,0.0,
2026-01-24T20:56:00-05:00,ETH/USD,window360_strategy,hold,0.0,same_minute,-0.20304630912957097,0.0,
2026-01-24T20:56:00-05:00,BTC/USD,window360_strategy,hold,0.0,same_minute,-0.20304630912957097,0.0,
2026-01-24T20:56:00-05:00,ETH/USD,window360_strategy,hold,0.0,same_minute,-0.20304630912957097,0.0,
2026-01-24T20:56:00-05:00,BTC/USD,window360_strategy,hold,0.0,same_minute,-0.20304630912957097,0.0,
2026-01-24T20:56:00-05:00,ETH/USD,window360_strategy,hold,0.0,same_minute,-0.20304630912957097,0.0,
2026-01-24T20:56:00-05:00,BTC/USD,window360_strategy,hold,0.0,same_minute,-0.20304630912957097,0.0,
2026-01-24T20:56:00-05:00,ETH/USD,window360_strategy,hold,0.0,same_minute,-0.20304630912957097,0.0,
2026-01-24T20:56:00-05:00,BTC/USD,window360_strategy,hold,0.0,same_minute,-0.20304630912957097,0.0,
2026-01-24T20:56:00-05:00,ETH/USD,window360_strategy,hold,0.0,same_minute,-0.20304630912957097,0.0,
2026-01-24T20:57:00-05:00,BTC/USD,window360_strategy,hold,0.0,no_change,-0.05874640526122079,0.0,below_z_enter
2026-01-24T20:56:00-05:00,ETH/USD,window360_strategy,hold,0.0,same_minute,-0.05977339736344721,0.0,
2026-01-24T20:57:00-05:00,BTC/USD,window360_strategy,hold,0.0,same_minute,-0.05977339736344721,0.0,
2026-01-24T20:56:00-05:00,ETH/USD,window360_strategy,hold,0.0,same_minute,-0.05977339736344721,0.0,
2026-01-24T20:57:00-05:00,BTC/USD,window360_strategy,hold,0.0,same_minute,-0.05977339736344721,0.0,
2026-01-24T20:56:00-05:00,ETH/USD,window360_strategy,hold,0.0,same_minute,-0.05977339736344721,0.0,
2026-01-24T20:57:00-05:00,BTC/USD,window360_strategy,hold,0.0,same_minute,-0.05977339736344721,0.0,
2026-01-24T20:56:00-05:00,ETH/USD,window360_strategy,hold,0.0,same_minute,-0.05977339736344721,0.0,
2026-01-24T20:57:00-05:00,BTC/USD,window360_strategy,hold,0.0,same_minute,-0.05977339736344721,0.0,
2026-01-24T20:56:00-05:00,ETH/USD,window360_strategy,hold,0.0,same_minute,-0.05977339736344721,0.0,
2026-01-24T20:57:00-05:00,BTC/USD,window360_strategy,hold,0.0,same_minute,-0.05977339736344721,0.0,
2026-01-24T20:56:00-05:00,ETH/USD,window360_strategy,hold,0.0,same_minute,-0.05977339736344721,0.0,
2026-01-24T20:58:00-05:00,BTC/USD,window360_strategy,hold,0.0,no_change,-0.019119674071990913,0.0,below_z_enter
2026-01-24T20:56:00-05:00,ETH/USD,window360_strategy,hold,0.0,same_minute,-0.01932557789153794,0.0,
2026-01-24T20:58:00-05:00,BTC/USD,window360_strategy,hold,0.0,same_minute,-0.01932557789153794,0.0,
2026-01-24T20:56:00-05:00,ETH/USD,window360_strategy,hold,0.0,same_minute,-0.01932557789153794,0.0,
2026-01-24T20:58:00-05:00,BTC/USD,window360_strategy,hold,0.0,same_minute,-0.01932557789153794,0.0,
2026-01-24T20:56:00-05:00,ETH/USD,window360_strategy,hold,0.0,same_minute,-0.01932557789153794,0.0,
2026-01-24T20:58:00-05:00,BTC/USD,window360_strategy,hold,0.0,same_minute,-0.01932557789153794,0.0,
2026-01-24T20:56:00-05:00,ETH/USD,window360_strategy,hold,0.0,same_minute,-0.01932557789153794,0.0,
2026-01-24T20:58:00-05:00,BTC/USD,window360_strategy,hold,0.0,same_minute,-0.01932557789153794,0.0,
2026-01-24T20:56:00-05:00,ETH/USD,window360_strategy,hold,0.0,same_minute,-0.01932557789153794,0.0,
2026-01-24T20:58:00-05:00,BTC/USD,window360_strategy,hold,0.0,same_minute,-0.01932557789153794,0.0,
2026-01-24T20:56:00-05:00,ETH/USD,window360_strategy,hold,0.0,same_minute,-0.01932557789153794,0.0,
2026-01-24T20:59:00-05:00,BTC/USD,window360_strategy,hold,0.0,no_change,-0.0378309700838508,0.0,below_z_enter
2026-01-24T20:56:00-05:00,ETH/USD,window360_strategy,hold,0.0,same_minute,-0.037569496551640234,0.0,
2026-01-24T20:59:00-05:00,BTC/USD,window360_strategy,hold,0.0,same_minute,-0.037569496551640234,0.0,
2026-01-24T20:56:00-05:00,ETH/USD,window360_strategy,hold,0.0,same_minute,-0.037569496551640234,0.0,
2026-01-24T20:59:00-05:00,BTC/USD,window360_strategy,hold,0.0,same_minute,-0.037569496551640234,0.0,
2026-01-24T20:56:00-05:00,ETH/USD,window360_strategy,hold,0.0,same_minute,-0.037569496551640234,0.0,
2026-01-24T20:59:00-05:00,BTC/USD,window360_strategy,hold,0.0,same_minute,-0.037569496551640234,0.0,
2026-01-24T20:56:00-05:00,ETH/USD,window360_strategy,hold,0.0,same_minute,-0.037569496551640234,0.0,
2026-01-24T20:59:00-05:00,BTC/USD,window360_strategy,hold,0.0,same_minute,-0.037569496551640234,0.0,
2026-01-24T20:56:00-05:00,ETH/USD,window360_strategy,hold,0.0,same_minute,-0.037569496551640234,0.0,
2026-01-24T20:59:00-05:00,BTC/USD,window360_strategy,hold,0.0,same_minute,-0.037569496551640234,0.0,
2026-01-24T20:56:00-05:00,ETH/USD,window360_strategy,hold,0.0,same_minute,-0.037569496551640234,0.0,
2026-01-24T21:00:00-05:00,BTC/USD,window360_strategy,hold,0.0,no_change,0.21966682464311968,0.0,below_z_enter
2026-01-24T20:56:00-05:00,ETH/USD,window360_strategy,hold,0.0,same_minute,0.21777470749426509,0.0,
2026-01-24T21:00:00-05:00,BTC/USD,window360_strategy,hold,0.0,same_minute,0.21777470749426509,0.0,
2026-01-24T20:56:00-05:00,ETH/USD,window360_strategy,hold,0.0,same_minute,0.21777470749426509,0.0,
2026-01-24T21:00:00-05:00,BTC/USD,window360_strategy,hold,0.0,same_minute,0.21777470749426509,0.0,
2026-01-24T20:56:00-05:00,ETH/USD,window360_strategy,hold,0.0,same_minute,0.21777470749426509,0.0,
2026-01-24T21:00:00-05:00,BTC/USD,window360_strategy,hold,0.0,same_minute,0.21777470749426509,0.0,
2026-01-24T20:56:00-05:00,ETH/USD,window360_strategy,hold,0.0,same_minute,0.21777470749426509,0.0,
2026-01-24T21:00:00-05:00,BTC/USD,window360_strategy,hold,0.0,same_minute,0.21777470749426509,0.0,
2026-01-24T20:56:00-05:00,ETH/USD,window360_strategy,hold,0.0,same_minute,0.21777470749426509,0.0,
2026-01-24T21:00:00-05:00,BTC/USD,window360_strategy,hold,0.0,same_minute,0.21777470749426509,0.0,
2026-01-24T20:56:00-05:00,ETH/USD,window360_strategy,hold,0.0,same_minute,0.21777470749426509,0.0,
2026-01-24T21:01:00-05:00,BTC/USD,window360_strategy,hold,0.0,no_change,0.10107538643301367,0.0,below_z_enter
2026-01-24T21:01:00-05:00,ETH/USD,window360_strategy,hold,0.0,no_change,-0.07557038411924757,-0.0,below_z_enter
2026-01-24T21:01:00-05:00,BTC/USD,window360_strategy,hold,0.0,same_minute,-0.07557038411924757,0.0,
2026-01-24T21:01:00-05:00,ETH/USD,window360_strategy,hold,0.0,same_minute,-0.07557038411924757,0.0,
2026-01-24T21:01:00-05:00,BTC/USD,window360_strategy,hold,0.0,same_minute,-0.07557038411924757,0.0,
2026-01-24T21:01:00-05:00,ETH/USD,window360_strategy,hold,0.0,same_minute,-0.07557038411924757,0.0,
2026-01-24T21:01:00-05:00,BTC/USD,window360_strategy,hold,0.0,same_minute,-0.07557038411924757,0.0,
2026-01-24T21:01:00-05:00,ETH/USD,window360_strategy,hold,0.0,same_minute,-0.07557038411924757,0.0,
2026-01-24T21:01:00-05:00,BTC/USD,window360_strategy,hold,0.0,same_minute,-0.07557038411924757,0.0,
2026-01-24T21:01:00-05:00,ETH/USD,window360_strategy,hold,0.0,same_minute,-0.07557038411924757,0.0,
2026-01-24T21:01:00-05:00,BTC/USD,window360_strategy,hold,0.0,same_minute,-0.07557038411924757,0.0,
2026-01-24T21:01:00-05:00,ETH/USD,window360_strategy,hold,0.0,same_minute,-0.07557038411924757,0.0,
2026-01-24T21:02:00-05:00,BTC/USD,window360_strategy,hold,0.0,no_change,0.17936848340309658,0.0,below_z_enter
2026-01-24T21:01:00-05:00,ETH/USD,window360_strategy,hold,0.0,same_minute,0.17776337598685596,0.0,
2026-01-24T21:02:00-05:00,BTC/USD,window360_strategy,hold,0.0,same_minute,0.17776337598685596,0.0,
2026-01-24T21:01:00-05:00,ETH/USD,window360_strategy,hold,0.0,same_minute,0.17776337598685596,0.0,
2026-01-24T21:02:00-05:00,BTC/USD,window360_strategy,hold,0.0,same_minute,0.17776337598685596,0.0,
2026-01-24T21:01:00-05:00,ETH/USD,window360_strategy,hold,0.0,same_minute,0.17776337598685596,0.0,
2026-01-24T21:02:00-05:00,BTC/USD,window360_strategy,hold,0.0,same_minute,0.17776337598685596,0.0,
2026-01-24T21:01:00-05:00,ETH/USD,window360_strategy,hold,0.0,same_minute,0.17776337598685596,0.0,
2026-01-24T21:02:00-05:00,BTC/USD,window360_strategy,hold,0.0,same_minute,0.17776337598685596,0.0,
2026-01-24T21:01:00-05:00,ETH/USD,window360_strategy,hold,0.0,same_minute,0.17776337598685596,0.0,
2026-01-24T21:03:00-05:00,BTC/USD,window360_strategy,hold,0.0,no_change,0.20715850780525932,0.0,below_z_enter
2026-01-24T21:01:00-05:00,ETH/USD,window360_strategy,hold,0.0,same_minute,0.20702571794521793,0.0,
2026-01-24T21:03:00-05:00,BTC/USD,window360_strategy,hold,0.0,same_minute,0.20702571794521793,0.0,
2026-01-24T21:01:00-05:00,ETH/USD,window360_strategy,hold,0.0,same_minute,0.20702571794521793,0.0,
2026-01-24T21:03:00-05:00,BTC/USD,window360_strategy,hold,0.0,same_minute,0.20702571794521793,0.0,
2026-01-24T21:01:00-05:00,ETH/USD,window360_strategy,hold,0.0,same_minute,0.20702571794521793,0.0,
2026-01-24T21:03:00-05:00,BTC/USD,window360_strategy,hold,0.0,same_minute,0.20702571794521793,0.0,
2026-01-24T21:01:00-05:00,ETH/USD,window360_strategy,hold,0.0,same_minute,0.20702571794521793,0.0,
2026-01-24T21:03:00-05:00,BTC/USD,window360_strategy,hold,0.0,same_minute,0.20702571794521793,0.0,
2026-01-24T21:01:00-05:00,ETH/USD,window360_strategy,hold,0.0,same_minute,0.20702571794521793,0.0,
2026-01-24T21:03:00-05:00,BTC/USD,window360_strategy,hold,0.0,same_minute,0.20702571794521793,0.0,
2026-01-24T21:01:00-05:00,ETH/USD,window360_strategy,hold,0.0,same_minute,0.20702571794521793,0.0,
2026-01-24T21:03:00-05:00,BTC/USD,window360_strategy,hold,0.0,same_minute,0.20702571794521793,0.0,
2026-01-24T21:01:00-05:00,ETH/USD,window360_strategy,hold,0.0,same_minute,0.20702571794521793,0.0,
2026-01-24T21:03:00-05:00,BTC/USD,window360_strategy,hold,0.0,same_minute,0.20702571794521793,0.0,
2026-01-24T21:01:00-05:00,ETH/USD,window360_strategy,hold,0.0,same_minute,0.20702571794521793,0.0,
2026-01-24T21:03:00-05:00,BTC/USD,window360_strategy,hold,0.0,same_minute,0.20702571794521793,0.0,
2026-01-24T21:01:00-05:00,ETH/USD,window360_strategy,hold,0.0,same_minute,0.20702571794521793,0.0,
2026-01-24T21:03:00-05:00,BTC/USD,window360_strategy,hold,0.0,same_minute,0.20702571794521793,0.0,
2026-01-24T21:01:00-05:00,ETH/USD,window360_strategy,hold,0.0,same_minute,0.20702571794521793,0.0,
2026-01-24T21:03:00-05:00,BTC/USD,window360_strategy,hold,0.0,same_minute,0.20702571794521793,0.0,
2026-01-24T21:01:00-05:00,ETH/USD,window360_strategy,hold,0.0,same_minute,0.20702571794521793,0.0,
2026-01-24T21:03:00-05:00,BTC/USD,window360_strategy,hold,0.0,same_minute,0.20702571794521793,0.0,
2026-01-24T21:01:00-05:00,ETH/USD,window360_strategy,hold,0.0,same_minute,0.20702571794521793,0.0,
2026-01-24T21:05:00-05:00,BTC/USD,window360_strategy,hold,0.0,no_change,0.4820611297298673,0.0,below_z_enter
2026-01-24T21:01:00-05:00,ETH/USD,window360_strategy,hold,0.0,same_minute,0.48019346237600374,0.0,
2026-01-24T21:05:00-05:00,BTC/USD,window360_strategy,hold,0.0,same_minute,0.48019346237600374,0.0,
2026-01-24T21:01:00-05:00,ETH/USD,window360_strategy,hold,0.0,same_minute,0.48019346237600374,0.0,
2026-01-24T21:05:00-05:00,BTC/USD,window360_strategy,hold,0.0,same_minute,0.48019346237600374,0.0,
2026-01-24T21:01:00-05:00,ETH/USD,window360_strategy,hold,0.0,same_minute,0.48019346237600374,0.0,
2026-01-24T21:05:00-05:00,BTC/USD,window360_strategy,hold,0.0,same_minute,0.48019346237600374,0.0,
2026-01-24T21:01:00-05:00,ETH/USD,window360_strategy,hold,0.0,same_minute,0.48019346237600374,0.0,
2026-01-24T21:05:00-05:00,BTC/USD,window360_strategy,hold,0.0,same_minute,0.48019346237600374,0.0,
2026-01-24T21:01:00-05:00,ETH/USD,window360_strategy,hold,0.0,same_minute,0.48019346237600374,0.0,
2026-01-24T21:05:00-05:00,BTC/USD,window360_strategy,hold,0.0,same_minute,0.48019346237600374,0.0,
2026-01-24T21:01:00-05:00,ETH/USD,window360_strategy,hold,0.0,same_minute,0.48019346237600374,0.0,
2026-01-24T21:06:00-05:00,BTC/USD,window360_strategy,hold,0.0,no_change,0.5578311694741812,0.0,below_z_enter
2026-01-24T21:01:00-05:00,ETH/USD,window360_strategy,hold,0.0,same_minute,0.5573030468550192,0.0,
2026-01-24T21:06:00-05:00,BTC/USD,window360_strategy,hold,0.0,same_minute,0.5573030468550192,0.0,
2026-01-24T21:01:00-05:00,ETH/USD,window360_strategy,hold,0.0,same_minute,0.5573030468550192,0.0,
2026-01-24T21:06:00-05:00,BTC/USD,window360_strategy,hold,0.0,same_minute,0.5573030468550192,0.0,
2026-01-24T21:01:00-05:00,ETH/USD,window360_strategy,hold,0.0,same_minute,0.5573030468550192,0.0,
2026-01-24T21:06:00-05:00,BTC/USD,window360_strategy,hold,0.0,same_minute,0.5573030468550192,0.0,
2026-01-24T21:01:00-05:00,ETH/USD,window360_strategy,hold,0.0,same_minute,0.5573030468550192,0.0,
2026-01-24T21:06:00-05:00,BTC/USD,window360_strategy,hold,0.0,same_minute,0.5573030468550192,0.0,
2026-01-24T21:01:00-05:00,ETH/USD,window360_strategy,hold,0.0,same_minute,0.5573030468550192,0.0,
2026-01-24T21:06:00-05:00,BTC/USD,window360_strategy,hold,0.0,same_minute,0.5573030468550192,0.0,
2026-01-24T21:01:00-05:00,ETH/USD,window360_strategy,hold,0.0,same_minute,0.5573030468550192,0.0,
2026-01-24T21:07:00-05:00,BTC/USD,window360_strategy,hold,0.0,no_change,0.5898151385978803,0.0,below_z_enter
2026-01-24T21:07:00-05:00,ETH/USD,window360_strategy,hold,0.0,no_change,0.394115766941223,-0.0,below_z_enter
2026-01-24T21:07:00-05:00,BTC/USD,window360_strategy,hold,0.0,same_minute,0.394115766941223,0.0,
2026-01-24T21:07:00-05:00,ETH/USD,window360_strategy,hold,0.0,same_minute,0.394115766941223,0.0,
2026-01-24T21:07:00-05:00,BTC/USD,window360_strategy,hold,0.0,same_minute,0.394115766941223,0.0,
2026-01-24T21:07:00-05:00,ETH/USD,window360_strategy,hold,0.0,same_minute,0.394115766941223,0.0,
2026-01-24T21:07:00-05:00,BTC/USD,window360_strategy,hold,0.0,same_minute,0.394115766941223,0.0,
2026-01-24T21:07:00-05:00,ETH/USD,window360_strategy,hold,0.0,same_minute,0.394115766941223,0.0,
2026-01-24T21:07:00-05:00,BTC/USD,window360_strategy,hold,0.0,same_minute,0.394115766941223,0.0,
2026-01-24T21:07:00-05:00,ETH/USD,window360_strategy,hold,0.0,same_minute,0.394115766941223,0.0,
2026-01-24T21:07:00-05:00,BTC/USD,window360_strategy,hold,0.0,same_minute,0.394115766941223,0.0,
2026-01-24T21:07:00-05:00,ETH/USD,window360_strategy,hold,0.0,same_minute,0.394115766941223,0.0,
2026-01-24T21:08:00-05:00,BTC/USD,window360_strategy,hold,0.0,no_change,0.5424936387880694,0.0,below_z_enter
2026-01-24T21:07:00-05:00,ETH/USD,window360_strategy,hold,0.0,same_minute,0.5415758291873762,0.0,
2026-01-24T21:08:00-05:00,BTC/USD,window360_strategy,hold,0.0,same_minute,0.5415758291873762,0.0,
2026-01-24T21:07:00-05:00,ETH/USD,window360_strategy,hold,0.0,same_minute,0.5415758291873762,0.0,
2026-01-24T21:08:00-05:00,BTC/USD,window360_strategy,hold,0.0,same_minute,0.5415758291873762,0.0,
2026-01-24T21:07:00-05:00,ETH/USD,window360_strategy,hold,0.0,same_minute,0.5415758291873762,0.0,
2026-01-24T21:08:00-05:00,BTC/USD,window360_strategy,hold,0.0,same_minute,0.5415758291873762,0.0,
2026-01-24T21:07:00-05:00,ETH/USD,window360_strategy,hold,0.0,same_minute,0.5415758291873762,0.0,
2026-01-24T21:08:00-05:00,BTC/USD,window360_strategy,hold,0.0,same_minute,0.5415758291873762,0.0,
2026-01-24T21:07:00-05:00,ETH/USD,window360_strategy,hold,0.0,same_minute,0.5415758291873762,0.0,
2026-01-24T21:08:00-05:00,BTC/USD,window360_strategy,hold,0.0,same_minute,0.5415758291873762,0.0,
2026-01-24T21:07:00-05:00,ETH/USD,window360_strategy,hold,0.0,same_minute,0.5415758291873762,0.0,
2026-01-24T21:09:00-05:00,BTC/USD,window360_strategy,hold,0.0,no_change,0.541980934160813,0.0,below_z_enter
2026-01-24T21:07:00-05:00,ETH/USD,window360_strategy,hold,0.0,same_minute,0.5420131560826835,0.0,
2026-01-24T21:09:00-05:00,BTC/USD,window360_strategy,hold,0.0,same_minute,0.5420131560826835,0.0,
2026-01-24T21:07:00-05:00,ETH/USD,window360_strategy,hold,0.0,same_minute,0.5420131560826835,0.0,
2026-01-24T21:09:00-05:00,BTC/USD,window360_strategy,hold,0.0,same_minute,0.5420131560826835,0.0,
2026-01-24T21:07:00-05:00,ETH/USD,window360_strategy,hold,0.0,same_minute,0.5420131560826835,0.0,
2026-01-24T21:09:00-05:00,BTC/USD,window360_strategy,hold,0.0,same_minute,0.5420131560826835,0.0,
2026-01-24T21:07:00-05:00,ETH/USD,window360_strategy,hold,0.0,same_minute,0.5420131560826835,0.0,
2026-01-24T21:09:00-05:00,BTC/USD,window360_strategy,hold,0.0,same_minute,0.5420131560826835,0.0,
2026-01-24T21:07:00-05:00,ETH/USD,window360_strategy,hold,0.0,same_minute,0.5420131560826835,0.0,
2026-01-24T21:10:00-05:00,BTC/USD,window360_strategy,hold,0.0,no_change,0.2048304749396957,0.0,below_z_enter
2026-01-24T21:10:00-05:00,ETH/USD,window360_strategy,hold,0.0,no_change,0.4010697289966383,-0.0,below_z_enter
2026-01-24T21:10:00-05:00,BTC/USD,window360_strategy,hold,0.0,same_minute,0.4010697289966383,0.0,
2026-01-24T21:10:00-05:00,ETH/USD,window360_strategy,hold,0.0,same_minute,0.4010697289966383,0.0,
2026-01-24T21:10:00-05:00,BTC/USD,window360_strategy,hold,0.0,same_minute,0.4010697289966383,0.0,
2026-01-24T21:10:00-05:00,ETH/USD,window360_strategy,hold,0.0,same_minute,0.4010697289966383,0.0,
2026-01-24T21:10:00-05:00,BTC/USD,window360_strategy,hold,0.0,same_minute,0.4010697289966383,0.0,
2026-01-24T21:10:00-05:00,ETH/USD,window360_strategy,hold,0.0,same_minute,0.4010697289966383,0.0,
2026-01-24T21:10:00-05:00,BTC/USD,window360_strategy,hold,0.0,same_minute,0.4010697289966383,0.0,
2026-01-24T21:10:00-05:00,ETH/USD,window360_strategy,hold,0.0,same_minute,0.4010697289966383,0.0,
2026-01-24T21:10:00-05:00,BTC/USD,window360_strategy,hold,0.0,same_minute,0.4010697289966383,0.0,
2026-01-24T21:10:00-05:00,ETH/USD,window360_strategy,hold,0.0,same_minute,0.4010697289966383,0.0,
2026-01-24T21:11:00-05:00,BTC/USD,window360_strategy,hold,0.0,no_change,0.42315386144411565,0.0,below_z_enter
2026-01-24T21:10:00-05:00,ETH/USD,window360_strategy,hold,0.0,same_minute,0.4230261077285765,0.0,
2026-01-24T21:11:00-05:00,BTC/USD,window360_strategy,hold,0.0,same_minute,0.4230261077285765,0.0,
2026-01-24T21:10:00-05:00,ETH/USD,window360_strategy,hold,0.0,same_minute,0.4230261077285765,0.0,
2026-01-24T21:11:00-05:00,BTC/USD,window360_strategy,hold,0.0,same_minute,0.4230261077285765,0.0,
2026-01-24T21:10:00-05:00,ETH/USD,window360_strategy,hold,0.0,same_minute,0.4230261077285765,0.0,
2026-01-24T21:11:00-05:00,BTC/USD,window360_strategy,hold,0.0,same_minute,0.4230261077285765,0.0,
2026-01-24T21:10:00-05:00,ETH/USD,window360_strategy,hold,0.0,same_minute,0.4230261077285765,0.0,
2026-01-24T21:11:00-05:00,BTC/USD,window360_strategy,hold,0.0,same_minute,0.4230261077285765,0.0,
2026-01-24T21:10:00-05:00,ETH/USD,window360_strategy,hold,0.0,same_minute,0.4230261077285765,0.0,
2026-01-24T21:11:00-05:00,BTC/USD,window360_strategy,hold,0.0,same_minute,0.4230261077285765,0.0,
2026-01-24T21:10:00-05:00,ETH/USD,window360_strategy,hold,0.0,same_minute,0.4230261077285765,0.0,
2026-01-24T21:12:00-05:00,BTC/USD,window360_strategy,hold,0.0,no_change,0.2578991130576064,0.0,below_z_enter
2026-01-24T21:10:00-05:00,ETH/USD,window360_strategy,hold,0.0,same_minute,0.25903553768604626,0.0,
2026-01-24T21:12:00-05:00,BTC/USD,window360_strategy,hold,0.0,same_minute,0.25903553768604626,0.0,
2026-01-24T21:10:00-05:00,ETH/USD,window360_strategy,hold,0.0,same_minute,0.25903553768604626,0.0,
2026-01-24T21:12:00-05:00,BTC/USD,window360_strategy,hold,0.0,same_minute,0.25903553768604626,0.0,
2026-01-24T21:10:00-05:00,ETH/USD,window360_strategy,hold,0.0,same_minute,0.25903553768604626,0.0,
2026-01-24T21:12:00-05:00,BTC/USD,window360_strategy,hold,0.0,same_minute,0.25903553768604626,0.0,
2026-01-24T21:10:00-05:00,ETH/USD,window360_strategy,hold,0.0,same_minute,0.25903553768604626,0.0,
2026-01-24T21:12:00-05:00,BTC/USD,window360_strategy,hold,0.0,same_minute,0.25903553768604626,0.0,
2026-01-24T21:10:00-05:00,ETH/USD,window360_strategy,hold,0.0,same_minute,0.25903553768604626,0.0,
2026-01-24T21:12:00-05:00,BTC/USD,window360_strategy,hold,0.0,same_minute,0.25903553768604626,0.0,
2026-01-24T21:10:00-05:00,ETH/USD,window360_strategy,hold,0.0,same_minute,0.25903553768604626,0.0,
2026-01-24T21:13:00-05:00,BTC/USD,window360_strategy,hold,0.0,no_change,0.3782541956773295,0.0,below_z_enter
2026-01-24T21:10:00-05:00,ETH/USD,window360_strategy,hold,0.0,same_minute,0.37746900002898687,0.0,
2026-01-24T21:13:00-05:00,BTC/USD,window360_strategy,hold,0.0,same_minute,0.37746900002898687,0.0,
2026-01-24T21:10:00-05:00,ETH/USD,window360_strategy,hold,0.0,same_minute,0.37746900002898687,0.0,
2026-01-24T21:13:00-05:00,BTC/USD,window360_strategy,hold,0.0,same_minute,0.37746900002898687,0.0,
2026-01-24T21:10:00-05:00,ETH/USD,window360_strategy,hold,0.0,same_minute,0.37746900002898687,0.0,
2026-01-24T21:13:00-05:00,BTC/USD,window360_strategy,hold,0.0,same_minute,0.37746900002898687,0.0,
2026-01-24T21:10:00-05:00,ETH/USD,window360_strategy,hold,0.0,same_minute,0.37746900002898687,0.0,
2026-01-24T21:13:00-05:00,BTC/USD,window360_strategy,hold,0.0,same_minute,0.37746900002898687,0.0,
2026-01-24T21:10:00-05:00,ETH/USD,window360_strategy,hold,0.0,same_minute,0.37746900002898687,0.0,
2026-01-24T21:13:00-05:00,BTC/USD,window360_strategy,hold,0.0,same_minute,0.37746900002898687,0.0,
2026-01-24T21:10:00-05:00,ETH/USD,window360_strategy,hold,0.0,same_minute,0.37746900002898687,0.0,
2026-01-24T21:14:00-05:00,BTC/USD,window360_strategy,hold,0.0,no_change,0.5410711340758456,0.0,below_z_enter
2026-01-24T21:10:00-05:00,ETH/USD,window360_strategy,hold,0.0,same_minute,0.5399333102171154,0.0,
2026-01-24T21:14:00-05:00,BTC/USD,window360_strategy,hold,0.0,same_minute,0.5399333102171154,0.0,
2026-01-24T21:10:00-05:00,ETH/USD,window360_strategy,hold,0.0,same_minute,0.5399333102171154,0.0,
2026-01-24T21:14:00-05:00,BTC/USD,window360_strategy,hold,0.0,same_minute,0.5399333102171154,0.0,
2026-01-24T21:10:00-05:00,ETH/USD,window360_strategy,hold,0.0,same_minute,0.5399333102171154,0.0,
2026-01-24T21:14:00-05:00,BTC/USD,window360_strategy,hold,0.0,same_minute,0.5399333102171154,0.0,
2026-01-24T21:10:00-05:00,ETH/USD,window360_strategy,hold,0.0,same_minute,0.5399333102171154,0.0,
2026-01-24T21:14:00-05:00,BTC/USD,window360_strategy,hold,0.0,same_minute,0.5399333102171154,0.0,
2026-01-24T21:10:00-05:00,ETH/USD,window360_strategy,hold,0.0,same_minute,0.5399333102171154,0.0,
2026-01-24T21:14:00-05:00,BTC/USD,window360_strategy,hold,0.0,same_minute,0.5399333102171154,0.0,
2026-01-24T21:10:00-05:00,ETH/USD,window360_strategy,hold,0.0,same_minute,0.5399333102171154,0.0,
2026-01-24T21:15:00-05:00,BTC/USD,window360_strategy,hold,0.0,no_change,0.2676435620089978,0.0,below_z_enter
2026-01-24T21:15:00-05:00,ETH/USD,window360_strategy,hold,0.0,no_change,0.27815068631748613,-0.0,below_z_enter
2026-01-24T21:15:00-05:00,BTC/USD,window360_strategy,hold,0.0,same_minute,0.27815068631748613,0.0,
2026-01-24T21:15:00-05:00,ETH/USD,window360_strategy,hold,0.0,same_minute,0.27815068631748613,0.0,
2026-01-24T21:15:00-05:00,BTC/USD,window360_strategy,hold,0.0,same_minute,0.27815068631748613,0.0,
2026-01-24T21:15:00-05:00,ETH/USD,window360_strategy,hold,0.0,same_minute,0.27815068631748613,0.0,
2026-01-24T21:15:00-05:00,BTC/USD,window360_strategy,hold,0.0,same_minute,0.27815068631748613,0.0,
2026-01-24T21:15:00-05:00,ETH/USD,window360_strategy,hold,0.0,same_minute,0.27815068631748613,0.0,
2026-01-24T21:15:00-05:00,BTC/USD,window360_strategy,hold,0.0,same_minute,0.27815068631748613,0.0,
2026-01-24T21:15:00-05:00,ETH/USD,window360_strategy,hold,0.0,same_minute,0.27815068631748613,0.0,
2026-01-24T21:15:00-05:00,BTC/USD,window360_strategy,hold,0.0,same_minute,0.27815068631748613,0.0,
2026-01-24T21:15:00-05:00,ETH/USD,window360_strategy,hold,0.0,same_minute,0.27815068631748613,0.0,
2026-01-24T21:16:00-05:00,BTC/USD,window360_strategy,hold,0.0,no_change,0.2911604307237257,0.0,below_z_enter
2026-01-24T21:15:00-05:00,ETH/USD,window360_strategy,hold,0.0,same_minute,0.29110646221535075,0.0,
2026-01-24T21:16:00-05:00,BTC/USD,window360_strategy,hold,0.0,same_minute,0.29110646221535075,0.0,
2026-01-24T21:15:00-05:00,ETH/USD,window360_strategy,hold,0.0,same_minute,0.29110646221535075,0.0,
2026-01-24T21:16:00-05:00,BTC/USD,window360_strategy,hold,0.0,same_minute,0.29110646221535075,0.0,
2026-01-24T21:15:00-05:00,ETH/USD,window360_strategy,hold,0.0,same_minute,0.29110646221535075,0.0,
2026-01-24T21:16:00-05:00,BTC/USD,window360_strategy,hold,0.0,same_minute,0.29110646221535075,0.0,
2026-01-24T21:15:00-05:00,ETH/USD,window360_strategy,hold,0.0,same_minute,0.29110646221535075,0.0,
2026-01-24T21:16:00-05:00,BTC/USD,window360_strategy,hold,0.0,same_minute,0.29110646221535075,0.0,
2026-01-24T21:15:00-05:00,ETH/USD,window360_strategy,hold,0.0,same_minute,0.29110646221535075,0.0,
2026-01-24T21:16:00-05:00,BTC/USD,window360_strategy,hold,0.0,same_minute,0.29110646221535075,0.0,
2026-01-24T21:15:00-05:00,ETH/USD,window360_strategy,hold,0.0,same_minute,0.29110646221535075,0.0,
2026-01-24T21:17:00-05:00,BTC/USD,window360_strategy,hold,0.0,no_change,-0.019973144005751106,0.0,below_z_enter
2026-01-24T21:15:00-05:00,ETH/USD,window360_strategy,hold,0.0,same_minute,-0.01790858077606797,0.0,
2026-01-24T21:17:00-05:00,BTC/USD,window360_strategy,hold,0.0,same_minute,-0.01790858077606797,0.0,
2026-01-24T21:15:00-05:00,ETH/USD,window360_strategy,hold,0.0,same_minute,-0.01790858077606797,0.0,
2026-01-24T21:17:00-05:00,BTC/USD,window360_strategy,hold,0.0,same_minute,-0.01790858077606797,0.0,
2026-01-24T21:15:00-05:00,ETH/USD,window360_strategy,hold,0.0,same_minute,-0.01790858077606797,0.0,
2026-01-24T21:17:00-05:00,BTC/USD,window360_strategy,hold,0.0,same_minute,-0.01790858077606797,0.0,
2026-01-24T21:15:00-05:00,ETH/USD,window360_strategy,hold,0.0,same_minute,-0.01790858077606797,0.0,
2026-01-24T21:17:00-05:00,BTC/USD,window360_strategy,hold,0.0,same_minute,-0.01790858077606797,0.0,
2026-01-24T21:15:00-05:00,ETH/USD,window360_strategy,hold,0.0,same_minute,-0.01790858077606797,0.0,
2026-01-24T21:18:00-05:00,BTC/USD,window360_strategy,hold,0.0,no_change,0.24486541065303807,0.0,below_z_enter
2026-01-24T21:15:00-05:00,ETH/USD,window360_strategy,hold,0.0,same_minute,0.2431705180273924,0.0,
2026-01-24T21:18:00-05:00,BTC/USD,window360_strategy,hold,0.0,same_minute,0.2431705180273924,0.0,
2026-01-24T21:15:00-05:00,ETH/USD,window360_strategy,hold,0.0,same_minute,0.2431705180273924,0.0,
2026-01-24T21:18:00-05:00,BTC/USD,window360_strategy,hold,0.0,same_minute,0.2431705180273924,0.0,
2026-01-24T21:15:00-05:00,ETH/USD,window360_strategy,hold,0.0,same_minute,0.2431705180273924,0.0,
2026-01-24T21:18:00-05:00,BTC/USD,window360_strategy,hold,0.0,same_minute,0.2431705180273924,0.0,
2026-01-24T21:15:00-05:00,ETH/USD,window360_strategy,hold,0.0,same_minute,0.2431705180273924,0.0,
2026-01-24T21:18:00-05:00,BTC/USD,window360_strategy,hold,0.0,same_minute,0.2431705180273924,0.0,
2026-01-24T21:15:00-05:00,ETH/USD,window360_strategy,hold,0.0,same_minute,0.2431705180273924,0.0,
2026-01-24T21:18:00-05:00,BTC/USD,window360_strategy,hold,0.0,same_minute,0.2431705180273924,0.0,
2026-01-24T21:15:00-05:00,ETH/USD,window360_strategy,hold,0.0,same_minute,0.2431705180273924,0.0,
2026-01-24T21:19:00-05:00,BTC/USD,window360_strategy,hold,0.0,no_change,0.4537824717467755,0.0,below_z_enter
2026-01-24T21:19:00-05:00,ETH/USD,window360_strategy,hold,0.0,no_change,0.2725809608792549,-0.0,below_z_enter
2026-01-24T21:19:00-05:00,BTC/USD,window360_strategy,hold,0.0,same_minute,0.2725809608792549,0.0,
2026-01-24T21:19:00-05:00,ETH/USD,window360_strategy,hold,0.0,same_minute,0.2725809608792549,0.0,
2026-01-24T21:19:00-05:00,BTC/USD,window360_strategy,hold,0.0,same_minute,0.2725809608792549,0.0,
2026-01-24T21:19:00-05:00,ETH/USD,window360_strategy,hold,0.0,same_minute,0.2725809608792549,0.0,
2026-01-24T21:19:00-05:00,BTC/USD,window360_strategy,hold,0.0,same_minute,0.2725809608792549,0.0,
2026-01-24T21:19:00-05:00,ETH/USD,window360_strategy,hold,0.0,same_minute,0.2725809608792549,0.0,
2026-01-24T21:19:00-05:00,BTC/USD,window360_strategy,hold,0.0,same_minute,0.2725809608792549,0.0,
2026-01-24T21:19:00-05:00,ETH/USD,window360_strategy,hold,0.0,same_minute,0.2725809608792549,0.0,
2026-01-24T21:19:00-05:00,BTC/USD,window360_strategy,hold,0.0,same_minute,0.2725809608792549,0.0,
2026-01-24T21:19:00-05:00,ETH/USD,window360_strategy,hold,0.0,same_minute,0.2725809608792549,0.0,
2026-01-24T21:20:00-05:00,BTC/USD,window360_strategy,hold,0.0,no_change,-0.008028608675406085,0.0,below_z_enter
2026-01-24T21:19:00-05:00,ETH/USD,window360_strategy,hold,0.0,same_minute,-0.006391091907337324,0.0,
2026-01-24T21:20:00-05:00,BTC/USD,window360_strategy,hold,0.0,same_minute,-0.006391091907337324,0.0,
2026-01-24T21:19:00-05:00,ETH/USD,window360_strategy,hold,0.0,same_minute,-0.006391091907337324,0.0,
2026-01-24T21:20:00-05:00,BTC/USD,window360_strategy,hold,0.0,same_minute,-0.006391091907337324,0.0,
2026-01-24T21:19:00-05:00,ETH/USD,window360_strategy,hold,0.0,same_minute,-0.006391091907337324,0.0,
2026-01-24T21:20:00-05:00,BTC/USD,window360_strategy,hold,0.0,same_minute,-0.006391091907337324,0.0,
2026-01-24T21:19:00-05:00,ETH/USD,window360_strategy,hold,0.0,same_minute,-0.006391091907337324,0.0,
2026-01-24T21:20:00-05:00,BTC/USD,window360_strategy,hold,0.0,same_minute,-0.006391091907337324,0.0,
2026-01-24T21:19:00-05:00,ETH/USD,window360_strategy,hold,0.0,same_minute,-0.006391091907337324,0.0,
2026-01-24T21:20:00-05:00,BTC/USD,window360_strategy,hold,0.0,same_minute,-0.006391091907337324,0.0,
2026-01-24T21:19:00-05:00,ETH/USD,window360_strategy,hold,0.0,same_minute,-0.006391091907337324,0.0,
2026-01-24T21:21:00-05:00,BTC/USD,window360_strategy,hold,0.0,no_change,-0.14415956041930597,0.0,below_z_enter
2026-01-24T21:21:00-05:00,ETH/USD,window360_strategy,hold,0.0,no_change,0.06387703706449069,-0.0,below_z_enter
2026-01-24T21:21:00-05:00,BTC/USD,window360_strategy,hold,0.0,same_minute,0.06387703706449069,0.0,
2026-01-24T21:21:00-05:00,ETH/USD,window360_strategy,hold,0.0,same_minute,0.06387703706449069,0.0,
2026-01-24T21:21:00-05:00,BTC/USD,window360_strategy,hold,0.0,same_minute,0.06387703706449069,0.0,
2026-01-24T21:21:00-05:00,ETH/USD,window360_strategy,hold,0.0,same_minute,0.06387703706449069,0.0,
2026-01-24T21:21:00-05:00,BTC/USD,window360_strategy,hold,0.0,same_minute,0.06387703706449069,0.0,
2026-01-24T21:21:00-05:00,ETH/USD,window360_strategy,hold,0.0,same_minute,0.06387703706449069,0.0,
2026-01-24T21:21:00-05:00,BTC/USD,window360_strategy,hold,0.0,same_minute,0.06387703706449069,0.0,
2026-01-24T21:21:00-05:00,ETH/USD,window360_strategy,hold,0.0,same_minute,0.06387703706449069,0.0,
2026-01-24T21:21:00-05:00,BTC/USD,window360_strategy,hold,0.0,same_minute,0.06387703706449069,0.0,
2026-01-24T21:21:00-05:00,ETH/USD,window360_strategy,hold,0.0,same_minute,0.06387703706449069,0.0,
2026-01-24T21:22:00-05:00,BTC/USD,window360_strategy,hold,0.0,no_change,0.1662689495953385,0.0,below_z_enter
2026-01-24T21:22:00-05:00,ETH/USD,window360_strategy,hold,0.0,no_change,0.3586394462589015,-0.0,below_z_enter
2026-01-24T21:22:00-05:00,BTC/USD,window360_strategy,hold,0.0,same_minute,0.3586394462589015,0.0,
2026-01-24T21:22:00-05:00,ETH/USD,window360_strategy,hold,0.0,same_minute,0.3586394462589015,0.0,
2026-01-24T21:22:00-05:00,BTC/USD,window360_strategy,hold,0.0,same_minute,0.3586394462589015,0.0,
2026-01-24T21:22:00-05:00,ETH/USD,window360_strategy,hold,0.0,same_minute,0.3586394462589015,0.0,
2026-01-24T21:22:00-05:00,BTC/USD,window360_strategy,hold,0.0,same_minute,0.3586394462589015,0.0,
2026-01-24T21:22:00-05:00,ETH/USD,window360_strategy,hold,0.0,same_minute,0.3586394462589015,0.0,
2026-01-24T21:22:00-05:00,BTC/USD,window360_strategy,hold,0.0,same_minute,0.3586394462589015,0.0,
2026-01-24T21:22:00-05:00,ETH/USD,window360_strategy,hold,0.0,same_minute,0.3586394462589015,0.0,
2026-01-24T21:22:00-05:00,BTC/USD,window360_strategy,hold,0.0,same_minute,0.3586394462589015,0.0,
2026-01-24T21:22:00-05:00,ETH/USD,window360_strategy,hold,0.0,same_minute,0.3586394462589015,0.0,
2026-01-24T21:23:00-05:00,BTC/USD,window360_strategy,hold,0.0,no_change,0.16975735215174276,0.0,below_z_enter
2026-01-24T21:22:00-05:00,ETH/USD,window360_strategy,hold,0.0,same_minute,0.17129313933981186,0.0,
2026-01-24T21:23:00-05:00,BTC/USD,window360_strategy,hold,0.0,same_minute,0.17129313933981186,0.0,
2026-01-24T21:22:00-05:00,ETH/USD,window360_strategy,hold,0.0,same_minute,0.17129313933981186,0.0,
2026-01-24T21:23:00-05:00,BTC/USD,window360_strategy,hold,0.0,same_minute,0.17129313933981186,0.0,
2026-01-24T21:22:00-05:00,ETH/USD,window360_strategy,hold,0.0,same_minute,0.17129313933981186,0.0,
2026-01-24T21:23:00-05:00,BTC/USD,window360_strategy,hold,0.0,same_minute,0.17129313933981186,0.0,
2026-01-24T21:22:00-05:00,ETH/USD,window360_strategy,hold,0.0,same_minute,0.17129313933981186,0.0,
2026-01-24T21:23:00-05:00,BTC/USD,window360_strategy,hold,0.0,same_minute,0.17129313933981186,0.0,
2026-01-24T21:22:00-05:00,ETH/USD,window360_strategy,hold,0.0,same_minute,0.17129313933981186,0.0,
2026-01-24T21:23:00-05:00,BTC/USD,window360_strategy,hold,0.0,same_minute,0.17129313933981186,0.0,
2026-01-24T21:22:00-05:00,ETH/USD,window360_strategy,hold,0.0,same_minute,0.17129313933981186,0.0,
2026-01-24T21:23:00-05:00,BTC/USD,window360_strategy,hold,0.0,same_minute,0.17129313933981186,0.0,
2026-01-24T21:22:00-05:00,ETH/USD,window360_strategy,hold,0.0,same_minute,0.17129313933981186,0.0,
2026-01-24T21:23:00-05:00,BTC/USD,window360_strategy,hold,0.0,same_minute,0.17129313933981186,0.0,
2026-01-24T21:22:00-05:00,ETH/USD,window360_strategy,hold,0.0,same_minute,0.17129313933981186,0.0,
2026-01-24T21:23:00-05:00,BTC/USD,window360_strategy,hold,0.0,same_minute,0.17129313933981186,0.0,
2026-01-24T21:22:00-05:00,ETH/USD,window360_strategy,hold,0.0,same_minute,0.17129313933981186,0.0,
2026-01-24T21:23:00-05:00,BTC/USD,window360_strategy,hold,0.0,same_minute,0.17129313933981186,0.0,
2026-01-24T21:22:00-05:00,ETH/USD,window360_strategy,hold,0.0,same_minute,0.17129313933981186,0.0,
2026-01-24T21:23:00-05:00,BTC/USD,window360_strategy,hold,0.0,same_minute,0.17129313933981186,0.0,
2026-01-24T21:22:00-05:00,ETH/USD,window360_strategy,hold,0.0,same_minute,0.17129313933981186,0.0,
2026-01-24T21:23:00-05:00,BTC/USD,window360_strategy,hold,0.0,same_minute,0.17129313933981186,0.0,
2026-01-24T21:22:00-05:00,ETH/USD,window360_strategy,hold,0.0,same_minute,0.17129313933981186,0.0,
2026-01-24T21:25:00-05:00,BTC/USD,window360_strategy,hold,0.0,no_change,0.2543606622509363,0.0,below_z_enter
2026-01-24T21:22:00-05:00,ETH/USD,window360_strategy,hold,0.0,same_minute,0.2536804080940563,0.0,
2026-01-24T21:25:00-05:00,BTC/USD,window360_strategy,hold,0.0,same_minute,0.2536804080940563,0.0,
2026-01-24T21:22:00-05:00,ETH/USD,window360_strategy,hold,0.0,same_minute,0.2536804080940563,0.0,
2026-01-24T21:25:00-05:00,BTC/USD,window360_strategy,hold,0.0,same_minute,0.2536804080940563,0.0,
2026-01-24T21:22:00-05:00,ETH/USD,window360_strategy,hold,0.0,same_minute,0.2536804080940563,0.0,
2026-01-24T21:25:00-05:00,BTC/USD,window360_strategy,hold,0.0,same_minute,0.2536804080940563,0.0,
2026-01-24T21:22:00-05:00,ETH/USD,window360_strategy,hold,0.0,same_minute,0.2536804080940563,0.0,
2026-01-24T21:25:00-05:00,BTC/USD,window360_strategy,hold,0.0,same_minute,0.2536804080940563,0.0,
2026-01-24T21:22:00-05:00,ETH/USD,window360_strategy,hold,0.0,same_minute,0.2536804080940563,0.0,
2026-01-24T21:26:00-05:00,BTC/USD,window360_strategy,hold,0.0,no_change,0.13123920546987167,0.0,below_z_enter
2026-01-24T21:22:00-05:00,ETH/USD,window360_strategy,hold,0.0,same_minute,0.13221227536491667,0.0,
2026-01-24T21:26:00-05:00,BTC/USD,window360_strategy,hold,0.0,same_minute,0.13221227536491667,0.0,
2026-01-24T21:22:00-05:00,ETH/USD,window360_strategy,hold,0.0,same_minute,0.13221227536491667,0.0,
2026-01-24T21:26:00-05:00,BTC/USD,window360_strategy,hold,0.0,same_minute,0.13221227536491667,0.0,
2026-01-24T21:22:00-05:00,ETH/USD,window360_strategy,hold,0.0,same_minute,0.13221227536491667,0.0,
2026-01-24T21:26:00-05:00,BTC/USD,window360_strategy,hold,0.0,same_minute,0.13221227536491667,0.0,
2026-01-24T21:22:00-05:00,ETH/USD,window360_strategy,hold,0.0,same_minute,0.13221227536491667,0.0,
2026-01-24T21:26:00-05:00,BTC/USD,window360_strategy,hold,0.0,same_minute,0.13221227536491667,0.0,
2026-01-24T21:22:00-05:00,ETH/USD,window360_strategy,hold,0.0,same_minute,0.13221227536491667,0.0,
2026-01-24T21:26:00-05:00,BTC/USD,window360_strategy,hold,0.0,same_minute,0.13221227536491667,0.0,
2026-01-24T21:22:00-05:00,ETH/USD,window360_strategy,hold,0.0,same_minute,0.13221227536491667,0.0,
2026-01-24T21:27:00-05:00,BTC/USD,window360_strategy,hold,0.0,no_change,0.08957127785696699,0.0,below_z_enter
2026-01-24T21:22:00-05:00,ETH/USD,window360_strategy,hold,0.0,same_minute,0.08991741508526617,0.0,
2026-01-24T21:27:00-05:00,BTC/USD,window360_strategy,hold,0.0,same_minute,0.08991741508526617,0.0,
2026-01-24T21:22:00-05:00,ETH/USD,window360_strategy,hold,0.0,same_minute,0.08991741508526617,0.0,
2026-01-24T21:27:00-05:00,BTC/USD,window360_strategy,hold,0.0,same_minute,0.08991741508526617,0.0,
2026-01-24T21:22:00-05:00,ETH/USD,window360_strategy,hold,0.0,same_minute,0.08991741508526617,0.0,
2026-01-24T21:27:00-05:00,BTC/USD,window360_strategy,hold,0.0,same_minute,0.08991741508526617,0.0,
2026-01-24T21:22:00-05:00,ETH/USD,window360_strategy,hold,0.0,same_minute,0.08991741508526617,0.0,
2026-01-24T21:27:00-05:00,BTC/USD,window360_strategy,hold,0.0,same_minute,0.08991741508526617,0.0,
2026-01-24T21:22:00-05:00,ETH/USD,window360_strategy,hold,0.0,same_minute,0.08991741508526617,0.0,
2026-01-24T21:27:00-05:00,BTC/USD,window360_strategy,hold,0.0,same_minute,0.08991741508526617,0.0,
2026-01-24T21:22:00-05:00,ETH/USD,window360_strategy,hold,0.0,same_minute,0.08991741508526617,0.0,
2026-01-24T21:28:00-05:00,BTC/USD,window360_strategy,hold,0.0,no_change,-0.14164955185317785,0.0,below_z_enter
2026-01-24T21:28:00-05:00,ETH/USD,window360_strategy,hold,0.0,no_change,-0.06957121719408463,-0.0,below_z_enter
2026-01-24T21:28:00-05:00,BTC/USD,window360_strategy,hold,0.0,same_minute,-0.06957121719408463,0.0,
2026-01-24T21:28:00-05:00,ETH/USD,window360_strategy,hold,0.0,same_minute,-0.06957121719408463,0.0,
2026-01-24T21:28:00-05:00,BTC/USD,window360_strategy,hold,0.0,same_minute,-0.06957121719408463,0.0,
2026-01-24T21:28:00-05:00,ETH/USD,window360_strategy,hold,0.0,same_minute,-0.06957121719408463,0.0,
2026-01-24T21:28:00-05:00,BTC/USD,window360_strategy,hold,0.0,same_minute,-0.06957121719408463,0.0,
2026-01-24T21:28:00-05:00,ETH/USD,window360_strategy,hold,0.0,same_minute,-0.06957121719408463,0.0,
2026-01-24T21:28:00-05:00,BTC/USD,window360_strategy,hold,0.0,same_minute,-0.06957121719408463,0.0,
2026-01-24T21:28:00-05:00,ETH/USD,window360_strategy,hold,0.0,same_minute,-0.06957121719408463,0.0,
2026-01-24T21:28:00-05:00,BTC/USD,window360_strategy,hold,0.0,same_minute,-0.06957121719408463,0.0,
2026-01-24T21:28:00-05:00,ETH/USD,window360_strategy,hold,0.0,same_minute,-0.06957121719408463,0.0,
2026-01-24T21:29:00-05:00,BTC/USD,window360_strategy,hold,0.0,no_change,0.02586268320557823,0.0,below_z_enter
2026-01-24T21:28:00-05:00,ETH/USD,window360_strategy,hold,0.0,same_minute,0.025036154498907903,0.0,
2026-01-24T21:29:00-05:00,BTC/USD,window360_strategy,hold,0.0,same_minute,0.025036154498907903,0.0,
2026-01-24T21:28:00-05:00,ETH/USD,window360_strategy,hold,0.0,same_minute,0.025036154498907903,0.0,
2026-01-24T21:29:00-05:00,BTC/USD,window360_strategy,hold,0.0,same_minute,0.025036154498907903,0.0,
2026-01-24T21:28:00-05:00,ETH/USD,window360_strategy,hold,0.0,same_minute,0.025036154498907903,0.0,
2026-01-24T21:29:00-05:00,BTC/USD,window360_strategy,hold,0.0,same_minute,0.025036154498907903,0.0,
2026-01-24T21:28:00-05:00,ETH/USD,window360_strategy,hold,0.0,same_minute,0.025036154498907903,0.0,
2026-01-24T21:29:00-05:00,BTC/USD,window360_strategy,hold,0.0,same_minute,0.025036154498907903,0.0,
2026-01-24T21:28:00-05:00,ETH/USD,window360_strategy,hold,0.0,same_minute,0.025036154498907903,0.0,
2026-01-24T21:29:00-05:00,BTC/USD,window360_strategy,hold,0.0,same_minute,0.025036154498907903,0.0,
2026-01-24T21:28:00-05:00,ETH/USD,window360_strategy,hold,0.0,same_minute,0.025036154498907903,0.0,
2026-01-24T21:30:00-05:00,BTC/USD,window360_strategy,hold,0.0,no_change,0.13629756337735188,0.0,below_z_enter
2026-01-24T21:28:00-05:00,ETH/USD,window360_strategy,hold,0.0,same_minute,0.13533573130516385,0.0,
2026-01-24T21:30:00-05:00,BTC/USD,window360_strategy,hold,0.0,same_minute,0.13533573130516385,0.0,
2026-01-24T21:28:00-05:00,ETH/USD,window360_strategy,hold,0.0,same_minute,0.13533573130516385,0.0,
2026-01-24T21:30:00-05:00,BTC/USD,window360_strategy,hold,0.0,same_minute,0.13533573130516385,0.0,
2026-01-24T21:28:00-05:00,ETH/USD,window360_strategy,hold,0.0,same_minute,0.13533573130516385,0.0,
2026-01-24T21:30:00-05:00,BTC/USD,window360_strategy,hold,0.0,same_minute,0.13533573130516385,0.0,
2026-01-24T21:28:00-05:00,ETH/USD,window360_strategy,hold,0.0,same_minute,0.13533573130516385,0.0,
2026-01-24T21:30:00-05:00,BTC/USD,window360_strategy,hold,0.0,same_minute,0.13533573130516385,0.0,
2026-01-24T21:28:00-05:00,ETH/USD,window360_strategy,hold,0.0,same_minute,0.13533573130516385,0.0,
2026-01-24T21:30:00-05:00,BTC/USD,window360_strategy,hold,0.0,same_minute,0.13533573130516385,0.0,
2026-01-24T21:28:00-05:00,ETH/USD,window360_strategy,hold,0.0,same_minute,0.13533573130516385,0.0,
2026-01-24T21:30:00-05:00,BTC/USD,window360_strategy,hold,0.0,same_minute,0.13533573130516385,0.0,
2026-01-24T21:28:00-05:00,ETH/USD,window360_strategy,hold,0.0,same_minute,0.13533573130516385,0.0,
2026-01-24T21:30:00-05:00,BTC/USD,window360_strategy,hold,0.0,same_minute,0.13533573130516385,0.0,
2026-01-24T21:28:00-05:00,ETH/USD,window360_strategy,hold,0.0,same_minute,0.13533573130516385,0.0,
2026-01-24T21:30:00-05:00,BTC/USD,window360_strategy,hold,0.0,same_minute,0.13533573130516385,0.0,
2026-01-24T21:28:00-05:00,ETH/USD,window360_strategy,hold,0.0,same_minute,0.13533573130516385,0.0,
2026-01-24T21:30:00-05:00,BTC/USD,window360_strategy,hold,0.0,same_minute,0.13533573130516385,0.0,
2026-01-24T21:28:00-05:00,ETH/USD,window360_strategy,hold,0.0,same_minute,0.13533573130516385,0.0,
2026-01-24T21:30:00-05:00,BTC/USD,window360_strategy,hold,0.0,same_minute,0.13533573130516385,0.0,
2026-01-24T21:28:00-05:00,ETH/USD,window360_strategy,hold,0.0,same_minute,0.13533573130516385,0.0,
2026-01-24T21:30:00-05:00,BTC/USD,window360_strategy,hold,0.0,same_minute,0.13533573130516385,0.0,
2026-01-24T21:28:00-05:00,ETH/USD,window360_strategy,hold,0.0,same_minute,0.13533573130516385,0.0,
2026-01-24T21:32:00-05:00,BTC/USD,window360_strategy,hold,0.0,no_change,0.3065464378956452,0.0,below_z_enter
2026-01-24T21:32:00-05:00,ETH/USD,window360_strategy,hold,0.0,no_change,0.0966795346126448,-0.0,below_z_enter
2026-01-24T21:32:00-05:00,BTC/USD,window360_strategy,hold,0.0,same_minute,0.0966795346126448,0.0,
2026-01-24T21:32:00-05:00,ETH/USD,window360_strategy,hold,0.0,same_minute,0.0966795346126448,0.0,
2026-01-24T21:32:00-05:00,BTC/USD,window360_strategy,hold,0.0,same_minute,0.0966795346126448,0.0,
2026-01-24T21:32:00-05:00,ETH/USD,window360_strategy,hold,0.0,same_minute,0.0966795346126448,0.0,
2026-01-24T21:32:00-05:00,BTC/USD,window360_strategy,hold,0.0,same_minute,0.0966795346126448,0.0,
2026-01-24T21:32:00-05:00,ETH/USD,window360_strategy,hold,0.0,same_minute,0.0966795346126448,0.0,
2026-01-24T21:32:00-05:00,BTC/USD,window360_strategy,hold,0.0,same_minute,0.0966795346126448,0.0,
2026-01-24T21:32:00-05:00,ETH/USD,window360_strategy,hold,0.0,same_minute,0.0966795346126448,0.0,
2026-01-24T21:32:00-05:00,BTC/USD,window360_strategy,hold,0.0,same_minute,0.0966795346126448,0.0,
2026-01-24T21:32:00-05:00,ETH/USD,window360_strategy,hold,0.0,same_minute,0.0966795346126448,0.0,
2026-01-24T21:33:00-05:00,BTC/USD,window360_strategy,hold,0.0,no_change,0.14162178891555455,0.0,below_z_enter
2026-01-24T21:32:00-05:00,ETH/USD,window360_strategy,hold,0.0,same_minute,0.14130596754225477,0.0,
2026-01-24T21:33:00-05:00,BTC/USD,window360_strategy,hold,0.0,same_minute,0.14130596754225477,0.0,
2026-01-24T21:32:00-05:00,ETH/USD,window360_strategy,hold,0.0,same_minute,0.14130596754225477,0.0,
2026-01-24T21:33:00-05:00,BTC/USD,window360_strategy,hold,0.0,same_minute,0.14130596754225477,0.0,
2026-01-24T21:32:00-05:00,ETH/USD,window360_strategy,hold,0.0,same_minute,0.14130596754225477,0.0,
2026-01-24T21:33:00-05:00,BTC/USD,window360_strategy,hold,0.0,same_minute,0.14130596754225477,0.0,
2026-01-24T21:32:00-05:00,ETH/USD,window360_strategy,hold,0.0,same_minute,0.14130596754225477,0.0,
2026-01-24T21:33:00-05:00,BTC/USD,window360_strategy,hold,0.0,same_minute,0.14130596754225477,0.0,
2026-01-24T21:32:00-05:00,ETH/USD,window360_strategy,hold,0.0,same_minute,0.14130596754225477,0.0,
2026-01-24T21:33:00-05:00,BTC/USD,window360_strategy,hold,0.0,same_minute,0.14130596754225477,0.0,
2026-01-24T21:32:00-05:00,ETH/USD,window360_strategy,hold,0.0,same_minute,0.14130596754225477,0.0,
2026-01-24T21:34:00-05:00,BTC/USD,window360_strategy,hold,0.0,no_change,-0.0971580756853373,0.0,below_z_enter
2026-01-24T21:34:00-05:00,ETH/USD,window360_strategy,hold,0.0,no_change,-0.15016916231287508,-0.0,below_z_enter
2026-01-24T21:34:00-05:00,BTC/USD,window360_strategy,hold,0.0,same_minute,-0.15016916231287508,0.0,
2026-01-24T21:34:00-05:00,ETH/USD,window360_strategy,hold,0.0,same_minute,-0.15016916231287508,0.0,
2026-01-24T21:34:00-05:00,BTC/USD,window360_strategy,hold,0.0,same_minute,-0.15016916231287508,0.0,
2026-01-24T21:34:00-05:00,ETH/USD,window360_strategy,hold,0.0,same_minute,-0.15016916231287508,0.0,
2026-01-24T21:34:00-05:00,BTC/USD,window360_strategy,hold,0.0,same_minute,-0.15016916231287508,0.0,
2026-01-24T21:34:00-05:00,ETH/USD,window360_strategy,hold,0.0,same_minute,-0.15016916231287508,0.0,
2026-01-24T21:34:00-05:00,BTC/USD,window360_strategy,hold,0.0,same_minute,-0.15016916231287508,0.0,
2026-01-24T21:34:00-05:00,ETH/USD,window360_strategy,hold,0.0,same_minute,-0.15016916231287508,0.0,
2026-01-24T21:35:00-05:00,BTC/USD,window360_strategy,hold,0.0,no_change,-0.16380856076123412,0.0,below_z_enter
2026-01-24T21:35:00-05:00,ETH/USD,window360_strategy,hold,0.0,no_change,-0.03285088969150859,-0.0,below_z_enter
2026-01-24T21:35:00-05:00,BTC/USD,window360_strategy,hold,0.0,same_minute,-0.03285088969150859,0.0,
2026-01-24T21:35:00-05:00,ETH/USD,window360_strategy,hold,0.0,same_minute,-0.03285088969150859,0.0,
2026-01-24T21:35:00-05:00,BTC/USD,window360_strategy,hold,0.0,same_minute,-0.03285088969150859,0.0,
2026-01-24T21:35:00-05:00,ETH/USD,window360_strategy,hold,0.0,same_minute,-0.03285088969150859,0.0,
2026-01-24T21:35:00-05:00,BTC/USD,window360_strategy,hold,0.0,same_minute,-0.03285088969150859,0.0,
2026-01-24T21:35:00-05:00,ETH/USD,window360_strategy,hold,0.0,same_minute,-0.03285088969150859,0.0,
2026-01-24T21:35:00-05:00,BTC/USD,window360_strategy,hold,0.0,same_minute,-0.03285088969150859,0.0,
2026-01-24T21:35:00-05:00,ETH/USD,window360_strategy,hold,0.0,same_minute,-0.03285088969150859,0.0,
2026-01-24T21:35:00-05:00,BTC/USD,window360_strategy,hold,0.0,same_minute,-0.03285088969150859,0.0,
2026-01-24T21:35:00-05:00,ETH/USD,window360_strategy,hold,0.0,same_minute,-0.03285088969150859,0.0,
2026-01-24T21:36:00-05:00,BTC/USD,window360_strategy,hold,0.0,no_change,0.05409110194781294,0.0,below_z_enter
2026-01-24T21:36:00-05:00,ETH/USD,window360_strategy,hold,0.0,no_change,0.1857269964798989,-0.0,below_z_enter
2026-01-24T21:36:00-05:00,BTC/USD,window360_strategy,hold,0.0,same_minute,0.1857269964798989,0.0,
2026-01-24T21:36:00-05:00,ETH/USD,window360_strategy,hold,0.0,same_minute,0.1857269964798989,0.0,
2026-01-24T21:36:00-05:00,BTC/USD,window360_strategy,hold,0.0,same_minute,0.1857269964798989,0.0,
2026-01-24T21:36:00-05:00,ETH/USD,window360_strategy,hold,0.0,same_minute,0.1857269964798989,0.0,
2026-01-24T21:36:00-05:00,BTC/USD,window360_strategy,hold,0.0,same_minute,0.1857269964798989,0.0,
2026-01-24T21:36:00-05:00,ETH/USD,window360_strategy,hold,0.0,same_minute,0.1857269964798989,0.0,
2026-01-24T21:36:00-05:00,BTC/USD,window360_strategy,hold,0.0,same_minute,0.1857269964798989,0.0,
2026-01-24T21:36:00-05:00,ETH/USD,window360_strategy,hold,0.0,same_minute,0.1857269964798989,0.0,
2026-01-24T21:36:00-05:00,BTC/USD,window360_strategy,hold,0.0,same_minute,0.1857269964798989,0.0,
2026-01-24T21:36:00-05:00,ETH/USD,window360_strategy,hold,0.0,same_minute,0.1857269964798989,0.0,
2026-01-24T21:37:00-05:00,BTC/USD,window360_strategy,hold,0.0,no_change,0.1799029302869223,0.0,below_z_enter
2026-01-24T21:37:00-05:00,ETH/USD,window360_strategy,hold,0.0,no_change,0.13057802177688974,-0.0,below_z_enter
2026-01-24T21:37:00-05:00,BTC/USD,window360_strategy,hold,0.0,same_minute,0.13057802177688974,0.0,
2026-01-24T21:37:00-05:00,ETH/USD,window360_strategy,hold,0.0,same_minute,0.13057802177688974,0.0,
2026-01-24T21:37:00-05:00,BTC/USD,window360_strategy,hold,0.0,same_minute,0.13057802177688974,0.0,
2026-01-24T21:37:00-05:00,ETH/USD,window360_strategy,hold,0.0,same_minute,0.13057802177688974,0.0,
2026-01-24T21:37:00-05:00,BTC/USD,window360_strategy,hold,0.0,same_minute,0.13057802177688974,0.0,
2026-01-24T21:37:00-05:00,ETH/USD,window360_strategy,hold,0.0,same_minute,0.13057802177688974,0.0,
2026-01-24T21:37:00-05:00,BTC/USD,window360_strategy,hold,0.0,same_minute,0.13057802177688974,0.0,
2026-01-24T21:37:00-05:00,ETH/USD,window360_strategy,hold,0.0,same_minute,0.13057802177688974,0.0,
2026-01-24T21:37:00-05:00,BTC/USD,window360_strategy,hold,0.0,same_minute,0.13057802177688974,0.0,
2026-01-24T21:37:00-05:00,ETH/USD,window360_strategy,hold,0.0,same_minute,0.13057802177688974,0.0,
2026-01-24T21:38:00-05:00,BTC/USD,window360_strategy,hold,0.0,no_change,0.2408138750646484,0.0,below_z_enter
2026-01-24T21:37:00-05:00,ETH/USD,window360_strategy,hold,0.0,same_minute,0.23991746637031494,0.0,
2026-01-24T21:38:00-05:00,BTC/USD,window360_strategy,hold,0.0,same_minute,0.23991746637031494,0.0,
2026-01-24T21:37:00-05:00,ETH/USD,window360_strategy,hold,0.0,same_minute,0.23991746637031494,0.0,
2026-01-24T21:38:00-05:00,BTC/USD,window360_strategy,hold,0.0,same_minute,0.23991746637031494,0.0,
2026-01-24T21:37:00-05:00,ETH/USD,window360_strategy,hold,0.0,same_minute,0.23991746637031494,0.0,
2026-01-24T21:38:00-05:00,BTC/USD,window360_strategy,hold,0.0,same_minute,0.23991746637031494,0.0,
2026-01-24T21:37:00-05:00,ETH/USD,window360_strategy,hold,0.0,same_minute,0.23991746637031494,0.0,
2026-01-24T21:38:00-05:00,BTC/USD,window360_strategy,hold,0.0,same_minute,0.23991746637031494,0.0,
2026-01-24T21:37:00-05:00,ETH/USD,window360_strategy,hold,0.0,same_minute,0.23991746637031494,0.0,
2026-01-24T21:38:00-05:00,BTC/USD,window360_strategy,hold,0.0,same_minute,0.23991746637031494,0.0,
2026-01-24T21:37:00-05:00,ETH/USD,window360_strategy,hold,0.0,same_minute,0.23991746637031494,0.0,
2026-01-24T21:38:00-05:00,BTC/USD,window360_strategy,hold,0.0,same_minute,0.23991746637031494,0.0,
2026-01-24T21:37:00-05:00,ETH/USD,window360_strategy,hold,0.0,same_minute,0.23991746637031494,0.0,
2026-01-24T21:38:00-05:00,BTC/USD,window360_strategy,hold,0.0,same_minute,0.23991746637031494,0.0,
2026-01-24T21:37:00-05:00,ETH/USD,window360_strategy,hold,0.0,same_minute,0.23991746637031494,0.0,
2026-01-24T21:38:00-05:00,BTC/USD,window360_strategy,hold,0.0,same_minute,0.23991746637031494,0.0,
2026-01-24T21:37:00-05:00,ETH/USD,window360_strategy,hold,0.0,same_minute,0.23991746637031494,0.0,
2026-01-24T21:38:00-05:00,BTC/USD,window360_strategy,hold,0.0,same_minute,0.23991746637031494,0.0,
2026-01-24T21:37:00-05:00,ETH/USD,window360_strategy,hold,0.0,same_minute,0.23991746637031494,0.0,
2026-01-24T21:38:00-05:00,BTC/USD,window360_strategy,hold,0.0,same_minute,0.23991746637031494,0.0,
2026-01-24T21:37:00-05:00,ETH/USD,window360_strategy,hold,0.0,same_minute,0.23991746637031494,0.0,
2026-01-24T21:38:00-05:00,BTC/USD,window360_strategy,hold,0.0,same_minute,0.23991746637031494,0.0,
2026-01-24T21:37:00-05:00,ETH/USD,window360_strategy,hold,0.0,same_minute,0.23991746637031494,0.0,
2026-01-24T21:38:00-05:00,BTC/USD,window360_strategy,hold,0.0,same_minute,0.23991746637031494,0.0,
2026-01-24T21:40:00-05:00,ETH/USD,window360_strategy,hold,0.0,no_change,0.12938090108649838,-0.0,below_z_enter
2026-01-24T21:38:00-05:00,BTC/USD,window360_strategy,hold,0.0,same_minute,0.1298482432704187,0.0,
2026-01-24T21:40:00-05:00,ETH/USD,window360_strategy,hold,0.0,same_minute,0.1298482432704187,0.0,
2026-01-24T21:38:00-05:00,BTC/USD,window360_strategy,hold,0.0,same_minute,0.1298482432704187,0.0,
2026-01-24T21:40:00-05:00,ETH/USD,window360_strategy,hold,0.0,same_minute,0.1298482432704187,0.0,
2026-01-24T21:38:00-05:00,BTC/USD,window360_strategy,hold,0.0,same_minute,0.1298482432704187,0.0,
2026-01-24T21:40:00-05:00,ETH/USD,window360_strategy,hold,0.0,same_minute,0.1298482432704187,0.0,
2026-01-24T21:38:00-05:00,BTC/USD,window360_strategy,hold,0.0,same_minute,0.1298482432704187,0.0,
2026-01-24T21:40:00-05:00,ETH/USD,window360_strategy,hold,0.0,same_minute,0.1298482432704187,0.0,
2026-01-24T21:38:00-05:00,BTC/USD,window360_strategy,hold,0.0,same_minute,0.1298482432704187,0.0,
2026-01-24T21:40:00-05:00,ETH/USD,window360_strategy,hold,0.0,same_minute,0.1298482432704187,0.0,
2026-01-24T21:41:00-05:00,BTC/USD,window360_strategy,hold,0.0,no_change,-0.05527415758261605,0.0,below_z_enter
2026-01-24T21:41:00-05:00,ETH/USD,window360_strategy,hold,0.0,no_change,-0.059606511579525186,-0.0,below_z_enter
2026-01-24T21:41:00-05:00,BTC/USD,window360_strategy,hold,0.0,same_minute,-0.059606511579525186,0.0,
2026-01-24T21:41:00-05:00,ETH/USD,window360_strategy,hold,0.0,same_minute,-0.059606511579525186,0.0,
2026-01-24T21:41:00-05:00,BTC/USD,window360_strategy,hold,0.0,same_minute,-0.059606511579525186,0.0,
2026-01-24T21:41:00-05:00,ETH/USD,window360_strategy,hold,0.0,same_minute,-0.059606511579525186,0.0,
2026-01-24T21:41:00-05:00,BTC/USD,window360_strategy,hold,0.0,same_minute,-0.059606511579525186,0.0,
2026-01-24T21:41:00-05:00,ETH/USD,window360_strategy,hold,0.0,same_minute,-0.059606511579525186,0.0,
2026-01-24T21:41:00-05:00,BTC/USD,window360_strategy,hold,0.0,same_minute,-0.059606511579525186,0.0,
2026-01-24T21:41:00-05:00,ETH/USD,window360_strategy,hold,0.0,same_minute,-0.059606511579525186,0.0,
2026-01-24T21:41:00-05:00,BTC/USD,window360_strategy,hold,0.0,same_minute,-0.059606511579525186,0.0,
2026-01-24T21:41:00-05:00,ETH/USD,window360_strategy,hold,0.0,same_minute,-0.059606511579525186,0.0,
2026-01-24T21:42:00-05:00,BTC/USD,window360_strategy,hold,0.0,no_change,-0.04989437658311875,0.0,below_z_enter
2026-01-24T21:41:00-05:00,ETH/USD,window360_strategy,hold,0.0,same_minute,-0.04997315684031091,0.0,
2026-01-24T21:42:00-05:00,BTC/USD,window360_strategy,hold,0.0,same_minute,-0.04997315684031091,0.0,
2026-01-24T21:41:00-05:00,ETH/USD,window360_strategy,hold,0.0,same_minute,-0.04997315684031091,0.0,
2026-01-24T21:42:00-05:00,BTC/USD,window360_strategy,hold,0.0,same_minute,-0.04997315684031091,0.0,
2026-01-24T21:41:00-05:00,ETH/USD,window360_strategy,hold,0.0,same_minute,-0.04997315684031091,0.0,
2026-01-24T21:42:00-05:00,BTC/USD,window360_strategy,hold,0.0,same_minute,-0.04997315684031091,0.0,
2026-01-24T21:41:00-05:00,ETH/USD,window360_strategy,hold,0.0,same_minute,-0.04997315684031091,0.0,
2026-01-24T21:42:00-05:00,BTC/USD,window360_strategy,hold,0.0,same_minute,-0.04997315684031091,0.0,
2026-01-24T21:41:00-05:00,ETH/USD,window360_strategy,hold,0.0,same_minute,-0.04997315684031091,0.0,
2026-01-24T21:42:00-05:00,BTC/USD,window360_strategy,hold,0.0,same_minute,-0.04997315684031091,0.0,
2026-01-24T21:41:00-05:00,ETH/USD,window360_strategy,hold,0.0,same_minute,-0.04997315684031091,0.0,
2026-01-24T21:42:00-05:00,BTC/USD,window360_strategy,hold,0.0,same_minute,-0.04997315684031091,0.0,
2026-01-24T21:41:00-05:00,ETH/USD,window360_strategy,hold,0.0,same_minute,-0.04997315684031091,0.0,
2026-01-24T21:42:00-05:00,BTC/USD,window360_strategy,hold,0.0,same_minute,-0.04997315684031091,0.0,
2026-01-24T21:41:00-05:00,ETH/USD,window360_strategy,hold,0.0,same_minute,-0.04997315684031091,0.0,
2026-01-24T21:42:00-05:00,BTC/USD,window360_strategy,hold,0.0,same_minute,-0.04997315684031091,0.0,
2026-01-24T21:41:00-05:00,ETH/USD,window360_strategy,hold,0.0,same_minute,-0.04997315684031091,0.0,
2026-01-24T21:42:00-05:00,BTC/USD,window360_strategy,hold,0.0,same_minute,-0.04997315684031091,0.0,
2026-01-24T21:41:00-05:00,ETH/USD,window360_strategy,hold,0.0,same_minute,-0.04997315684031091,0.0,
2026-01-24T21:42:00-05:00,BTC/USD,window360_strategy,hold,0.0,same_minute,-0.04997315684031091,0.0,
2026-01-24T21:41:00-05:00,ETH/USD,window360_strategy,hold,0.0,same_minute,-0.04997315684031091,0.0,
2026-01-24T21:44:00-05:00,BTC/USD,window360_strategy,hold,0.0,no_change,-0.22843626842323653,0.0,below_z_enter
2026-01-24T21:44:00-05:00,ETH/USD,window360_strategy,hold,0.0,no_change,-0.06833465093742673,-0.0,below_z_enter
2026-01-24T21:44:00-05:00,BTC/USD,window360_strategy,hold,0.0,same_minute,-0.06833465093742673,0.0,
2026-01-24T21:44:00-05:00,ETH/USD,window360_strategy,hold,0.0,same_minute,-0.06833465093742673,0.0,
2026-01-24T21:44:00-05:00,BTC/USD,window360_strategy,hold,0.0,same_minute,-0.06833465093742673,0.0,
2026-01-24T21:44:00-05:00,ETH/USD,window360_strategy,hold,0.0,same_minute,-0.06833465093742673,0.0,
2026-01-24T21:44:00-05:00,BTC/USD,window360_strategy,hold,0.0,same_minute,-0.06833465093742673,0.0,
2026-01-24T21:44:00-05:00,ETH/USD,window360_strategy,hold,0.0,same_minute,-0.06833465093742673,0.0,
2026-01-24T21:44:00-05:00,BTC/USD,window360_strategy,hold,0.0,same_minute,-0.06833465093742673,0.0,
2026-01-24T21:44:00-05:00,ETH/USD,window360_strategy,hold,0.0,same_minute,-0.06833465093742673,0.0,
2026-01-24T21:44:00-05:00,BTC/USD,window360_strategy,hold,0.0,same_minute,-0.06833465093742673,0.0,
2026-01-24T21:44:00-05:00,ETH/USD,window360_strategy,hold,0.0,same_minute,-0.06833465093742673,0.0,
2026-01-24T21:45:00-05:00,BTC/USD,window360_strategy,hold,0.0,no_change,-0.1242920899475988,0.0,below_z_enter
2026-01-24T21:44:00-05:00,ETH/USD,window360_strategy,hold,0.0,same_minute,-0.12382051600588152,0.0,
2026-01-24T21:45:00-05:00,BTC/USD,window360_strategy,hold,0.0,same_minute,-0.12382051600588152,0.0,
2026-01-24T21:44:00-05:00,ETH/USD,window360_strategy,hold,0.0,same_minute,-0.12382051600588152,0.0,
2026-01-24T21:45:00-05:00,BTC/USD,window360_strategy,hold,0.0,same_minute,-0.12382051600588152,0.0,
2026-01-24T21:44:00-05:00,ETH/USD,window360_strategy,hold,0.0,same_minute,-0.12382051600588152,0.0,
2026-01-24T21:45:00-05:00,BTC/USD,window360_strategy,hold,0.0,same_minute,-0.12382051600588152,0.0,
2026-01-24T21:44:00-05:00,ETH/USD,window360_strategy,hold,0.0,same_minute,-0.12382051600588152,0.0,
2026-01-24T21:45:00-05:00,BTC/USD,window360_strategy,hold,0.0,same_minute,-0.12382051600588152,0.0,
2026-01-24T21:44:00-05:00,ETH/USD,window360_strategy,hold,0.0,same_minute,-0.12382051600588152,0.0,
2026-01-24T21:45:00-05:00,BTC/USD,window360_strategy,hold,0.0,same_minute,-0.12382051600588152,0.0,
2026-01-24T21:44:00-05:00,ETH/USD,window360_strategy,hold,0.0,same_minute,-0.12382051600588152,0.0,
2026-01-24T21:45:00-05:00,BTC/USD,window360_strategy,hold,0.0,same_minute,-0.12382051600588152,0.0,
2026-01-24T21:46:00-05:00,ETH/USD,window360_strategy,hold,0.0,no_change,0.028913246199345755,-0.0,below_z_enter
2026-01-24T21:45:00-05:00,BTC/USD,window360_strategy,hold,0.0,same_minute,0.028437575899274807,0.0,
2026-01-24T21:46:00-05:00,ETH/USD,window360_strategy,hold,0.0,same_minute,0.028437575899274807,0.0,
2026-01-24T21:45:00-05:00,BTC/USD,window360_strategy,hold,0.0,same_minute,0.028437575899274807,0.0,
2026-01-24T21:46:00-05:00,ETH/USD,window360_strategy,hold,0.0,same_minute,0.028437575899274807,0.0,
2026-01-24T21:45:00-05:00,BTC/USD,window360_strategy,hold,0.0,same_minute,0.028437575899274807,0.0,
2026-01-24T21:46:00-05:00,ETH/USD,window360_strategy,hold,0.0,same_minute,0.028437575899274807,0.0,
2026-01-24T21:45:00-05:00,BTC/USD,window360_strategy,hold,0.0,same_minute,0.028437575899274807,0.0,
2026-01-24T21:46:00-05:00,ETH/USD,window360_strategy,hold,0.0,same_minute,0.028437575899274807,0.0,
2026-01-24T21:45:00-05:00,BTC/USD,window360_strategy,hold,0.0,same_minute,0.028437575899274807,0.0,
2026-01-24T21:46:00-05:00,ETH/USD,window360_strategy,hold,0.0,same_minute,0.028437575899274807,0.0,
2026-01-24T21:45:00-05:00,BTC/USD,window360_strategy,hold,0.0,same_minute,0.028437575899274807,0.0,
2026-01-24T21:47:00-05:00,ETH/USD,window360_strategy,hold,0.0,no_change,-0.08673546101663018,-0.0,below_z_enter
2026-01-24T21:45:00-05:00,BTC/USD,window360_strategy,hold,0.0,same_minute,-0.08629540398807119,0.0,
2026-01-24T21:47:00-05:00,ETH/USD,window360_strategy,hold,0.0,same_minute,-0.08629540398807119,0.0,
2026-01-24T21:45:00-05:00,BTC/USD,window360_strategy,hold,0.0,same_minute,-0.08629540398807119,0.0,
2026-01-24T21:47:00-05:00,ETH/USD,window360_strategy,hold,0.0,same_minute,-0.08629540398807119,0.0,
2026-01-24T21:45:00-05:00,BTC/USD,window360_strategy,hold,0.0,same_minute,-0.08629540398807119,0.0,
2026-01-24T21:47:00-05:00,ETH/USD,window360_strategy,hold,0.0,same_minute,-0.08629540398807119,0.0,
2026-01-24T21:45:00-05:00,BTC/USD,window360_strategy,hold,0.0,same_minute,-0.08629540398807119,0.0,
2026-01-24T21:47:00-05:00,ETH/USD,window360_strategy,hold,0.0,same_minute,-0.08629540398807119,0.0,
2026-01-24T21:45:00-05:00,BTC/USD,window360_strategy,hold,0.0,same_minute,-0.08629540398807119,0.0,
2026-01-24T21:47:00-05:00,ETH/USD,window360_strategy,hold,0.0,same_minute,-0.08629540398807119,0.0,
2026-01-24T21:48:00-05:00,BTC/USD,window360_strategy,hold,0.0,no_change,-0.056321431231933027,0.0,below_z_enter
2026-01-24T21:48:00-05:00,ETH/USD,window360_strategy,hold,0.0,no_change,0.01196200186056523,-0.0,below_z_enter
2026-01-24T21:48:00-05:00,BTC/USD,window360_strategy,hold,0.0,same_minute,0.01196200186056523,0.0,
2026-01-24T21:48:00-05:00,ETH/USD,window360_strategy,hold,0.0,same_minute,0.01196200186056523,0.0,
2026-01-24T21:48:00-05:00,BTC/USD,window360_strategy,hold,0.0,same_minute,0.01196200186056523,0.0,
2026-01-24T21:48:00-05:00,ETH/USD,window360_strategy,hold,0.0,same_minute,0.01196200186056523,0.0,
2026-01-24T21:48:00-05:00,BTC/USD,window360_strategy,hold,0.0,same_minute,0.01196200186056523,0.0,
2026-01-24T21:48:00-05:00,ETH/USD,window360_strategy,hold,0.0,same_minute,0.01196200186056523,0.0,
2026-01-24T21:48:00-05:00,BTC/USD,window360_strategy,hold,0.0,same_minute,0.01196200186056523,0.0,
2026-01-24T21:48:00-05:00,ETH/USD,window360_strategy,hold,0.0,same_minute,0.01196200186056523,0.0,
2026-01-24T21:48:00-05:00,BTC/USD,window360_strategy,hold,0.0,same_minute,0.01196200186056523,0.0,
2026-01-24T21:48:00-05:00,ETH/USD,window360_strategy,hold,0.0,same_minute,0.01196200186056523,0.0,
2026-01-24T21:48:00-05:00,BTC/USD,window360_strategy,hold,0.0,same_minute,0.01196200186056523,0.0,
2026-01-24T21:48:00-05:00,ETH/USD,window360_strategy,hold,0.0,same_minute,0.01196200186056523,0.0,
2026-01-24T21:48:00-05:00,BTC/USD,window360_strategy,hold,0.0,same_minute,0.01196200186056523,0.0,
2026-01-24T21:48:00-05:00,ETH/USD,window360_strategy,hold,0.0,same_minute,0.01196200186056523,0.0,
2026-01-24T21:48:00-05:00,BTC/USD,window360_strategy,hold,0.0,same_minute,0.01196200186056523,0.0,
2026-01-24T21:48:00-05:00,ETH/USD,window360_strategy,hold,0.0,same_minute,0.01196200186056523,0.0,
2026-01-24T21:48:00-05:00,BTC/USD,window360_strategy,hold,0.0,same_minute,0.01196200186056523,0.0,
2026-01-24T21:48:00-05:00,ETH/USD,window360_strategy,hold,0.0,same_minute,0.01196200186056523,0.0,
2026-01-24T21:48:00-05:00,BTC/USD,window360_strategy,hold,0.0,same_minute,0.01196200186056523,0.0,
2026-01-24T21:48:00-05:00,ETH/USD,window360_strategy,hold,0.0,same_minute,0.01196200186056523,0.0,
2026-01-24T21:48:00-05:00,BTC/USD,window360_strategy,hold,0.0,same_minute,0.01196200186056523,0.0,
2026-01-24T21:48:00-05:00,ETH/USD,window360_strategy,hold,0.0,same_minute,0.01196200186056523,0.0,
2026-01-24T21:48:00-05:00,BTC/USD,window360_strategy,hold,0.0,same_minute,0.01196200186056523,0.0,
2026-01-24T21:50:00-05:00,ETH/USD,window360_strategy,hold,0.0,no_change,-0.09170405453566999,-0.0,below_z_enter
2026-01-24T21:48:00-05:00,BTC/USD,window360_strategy,hold,0.0,same_minute,-0.09131410287220063,0.0,
2026-01-24T21:50:00-05:00,ETH/USD,window360_strategy,hold,0.0,same_minute,-0.09131410287220063,0.0,
2026-01-24T21:48:00-05:00,BTC/USD,window360_strategy,hold,0.0,same_minute,-0.09131410287220063,0.0,
2026-01-24T21:50:00-05:00,ETH/USD,window360_strategy,hold,0.0,same_minute,-0.09131410287220063,0.0,
2026-01-24T21:48:00-05:00,BTC/USD,window360_strategy,hold,0.0,same_minute,-0.09131410287220063,0.0,
2026-01-24T21:50:00-05:00,ETH/USD,window360_strategy,hold,0.0,same_minute,-0.09131410287220063,0.0,
2026-01-24T21:48:00-05:00,BTC/USD,window360_strategy,hold,0.0,same_minute,-0.09131410287220063,0.0,
2026-01-24T21:50:00-05:00,ETH/USD,window360_strategy,hold,0.0,same_minute,-0.09131410287220063,0.0,
2026-01-24T21:48:00-05:00,BTC/USD,window360_strategy,hold,0.0,same_minute,-0.09131410287220063,0.0,
2026-01-24T21:51:00-05:00,ETH/USD,window360_strategy,hold,0.0,no_change,-0.07048269433688581,-0.0,below_z_enter
2026-01-24T21:48:00-05:00,BTC/USD,window360_strategy,hold,0.0,same_minute,-0.0705501227009234,0.0,
2026-01-24T21:51:00-05:00,ETH/USD,window360_strategy,hold,0.0,same_minute,-0.0705501227009234,0.0,
2026-01-24T21:48:00-05:00,BTC/USD,window360_strategy,hold,0.0,same_minute,-0.0705501227009234,0.0,
2026-01-24T21:51:00-05:00,ETH/USD,window360_strategy,hold,0.0,same_minute,-0.0705501227009234,0.0,
2026-01-24T21:48:00-05:00,BTC/USD,window360_strategy,hold,0.0,same_minute,-0.0705501227009234,0.0,
2026-01-24T21:51:00-05:00,ETH/USD,window360_strategy,hold,0.0,same_minute,-0.0705501227009234,0.0,
2026-01-24T21:48:00-05:00,BTC/USD,window360_strategy,hold,0.0,same_minute,-0.0705501227009234,0.0,
2026-01-24T21:51:00-05:00,ETH/USD,window360_strategy,hold,0.0,same_minute,-0.0705501227009234,0.0,
2026-01-24T21:48:00-05:00,BTC/USD,window360_strategy,hold,0.0,same_minute,-0.0705501227009234,0.0,
2026-01-24T21:51:00-05:00,ETH/USD,window360_strategy,hold,0.0,same_minute,-0.0705501227009234,0.0,
2026-01-24T21:52:00-05:00,BTC/USD,window360_strategy,hold,0.0,no_change,-0.03708017700334177,0.0,below_z_enter
2026-01-24T21:52:00-05:00,ETH/USD,window360_strategy,hold,0.0,no_change,-0.09505211173437417,-0.0,below_z_enter
2026-01-24T21:52:00-05:00,BTC/USD,window360_strategy,hold,0.0,same_minute,-0.09505211173437417,0.0,
2026-01-24T21:52:00-05:00,ETH/USD,window360_strategy,hold,0.0,same_minute,-0.09505211173437417,0.0,
2026-01-24T21:52:00-05:00,BTC/USD,window360_strategy,hold,0.0,same_minute,-0.09505211173437417,0.0,
2026-01-24T21:52:00-05:00,ETH/USD,window360_strategy,hold,0.0,same_minute,-0.09505211173437417,0.0,
2026-01-24T21:52:00-05:00,BTC/USD,window360_strategy,hold,0.0,same_minute,-0.09505211173437417,0.0,
2026-01-24T21:52:00-05:00,ETH/USD,window360_strategy,hold,0.0,same_minute,-0.09505211173437417,0.0,
2026-01-24T21:52:00-05:00,BTC/USD,window360_strategy,hold,0.0,same_minute,-0.09505211173437417,0.0,
2026-01-24T21:52:00-05:00,ETH/USD,window360_strategy,hold,0.0,same_minute,-0.09505211173437417,0.0,
2026-01-24T21:52:00-05:00,BTC/USD,window360_strategy,hold,0.0,same_minute,-0.09505211173437417,0.0,
2026-01-24T21:52:00-05:00,ETH/USD,window360_strategy,hold,0.0,same_minute,-0.09505211173437417,0.0,
2026-01-24T21:53:00-05:00,BTC/USD,window360_strategy,hold,0.0,no_change,0.05675651909390261,0.0,below_z_enter
2026-01-24T21:53:00-05:00,ETH/USD,window360_strategy,hold,0.0,no_change,0.011677121752658642,-0.0,below_z_enter
2026-01-24T21:53:00-05:00,BTC/USD,window360_strategy,hold,0.0,same_minute,0.011677121752658642,0.0,
2026-01-24T21:53:00-05:00,ETH/USD,window360_strategy,hold,0.0,same_minute,0.011677121752658642,0.0,
2026-01-24T21:53:00-05:00,BTC/USD,window360_strategy,hold,0.0,same_minute,0.011677121752658642,0.0,
2026-01-24T21:53:00-05:00,ETH/USD,window360_strategy,hold,0.0,same_minute,0.011677121752658642,0.0,
2026-01-24T21:53:00-05:00,BTC/USD,window360_strategy,hold,0.0,same_minute,0.011677121752658642,0.0,
2026-01-24T21:53:00-05:00,ETH/USD,window360_strategy,hold,0.0,same_minute,0.011677121752658642,0.0,
2026-01-24T21:53:00-05:00,BTC/USD,window360_strategy,hold,0.0,same_minute,0.011677121752658642,0.0,
2026-01-24T21:53:00-05:00,ETH/USD,window360_strategy,hold,0.0,same_minute,0.011677121752658642,0.0,
2026-01-24T21:53:00-05:00,BTC/USD,window360_strategy,hold,0.0,same_minute,0.011677121752658642,0.0,
2026-01-24T21:53:00-05:00,ETH/USD,window360_strategy,hold,0.0,same_minute,0.011677121752658642,0.0,
2026-01-24T21:54:00-05:00,BTC/USD,window360_strategy,hold,0.0,no_change,0.19483381583590403,0.0,below_z_enter
2026-01-24T21:53:00-05:00,ETH/USD,window360_strategy,hold,0.0,same_minute,0.19346932506597797,0.0,
2026-01-24T21:54:00-05:00,BTC/USD,window360_strategy,hold,0.0,same_minute,0.19346932506597797,0.0,
2026-01-24T21:53:00-05:00,ETH/USD,window360_strategy,hold,0.0,same_minute,0.19346932506597797,0.0,
2026-01-24T21:54:00-05:00,BTC/USD,window360_strategy,hold,0.0,same_minute,0.19346932506597797,0.0,
2026-01-24T21:53:00-05:00,ETH/USD,window360_strategy,hold,0.0,same_minute,0.19346932506597797,0.0,
2026-01-24T21:54:00-05:00,BTC/USD,window360_strategy,hold,0.0,same_minute,0.19346932506597797,0.0,
2026-01-24T21:53:00-05:00,ETH/USD,window360_strategy,hold,0.0,same_minute,0.19346932506597797,0.0,
2026-01-24T21:54:00-05:00,BTC/USD,window360_strategy,hold,0.0,same_minute,0.19346932506597797,0.0,
2026-01-24T21:53:00-05:00,ETH/USD,window360_strategy,hold,0.0,same_minute,0.19346932506597797,0.0,
2026-01-24T21:54:00-05:00,BTC/USD,window360_strategy,hold,0.0,same_minute,0.19346932506597797,0.0,
2026-01-24T21:53:00-05:00,ETH/USD,window360_strategy,hold,0.0,same_minute,0.19346932506597797,0.0,
2026-01-24T21:55:00-05:00,BTC/USD,window360_strategy,hold,0.0,no_change,0.05532849483017638,0.0,below_z_enter
2026-01-24T21:55:00-05:00,ETH/USD,window360_strategy,hold,0.0,no_change,0.1773463549093115,-0.0,below_z_enter
2026-01-24T21:55:00-05:00,BTC/USD,window360_strategy,hold,0.0,same_minute,0.1773463549093115,0.0,
2026-01-24T21:55:00-05:00,ETH/USD,window360_strategy,hold,0.0,same_minute,0.1773463549093115,0.0,
2026-01-24T21:55:00-05:00,BTC/USD,window360_strategy,hold,0.0,same_minute,0.1773463549093115,0.0,
2026-01-24T21:55:00-05:00,ETH/USD,window360_strategy,hold,0.0,same_minute,0.1773463549093115,0.0,
2026-01-24T21:55:00-05:00,BTC/USD,window360_strategy,hold,0.0,same_minute,0.1773463549093115,0.0,
2026-01-24T21:55:00-05:00,ETH/USD,window360_strategy,hold,0.0,same_minute,0.1773463549093115,0.0,
2026-01-24T21:55:00-05:00,BTC/USD,window360_strategy,hold,0.0,same_minute,0.1773463549093115,0.0,
2026-01-24T21:55:00-05:00,ETH/USD,window360_strategy,hold,0.0,same_minute,0.1773463549093115,0.0,
2026-01-24T21:55:00-05:00,BTC/USD,window360_strategy,hold,0.0,same_minute,0.1773463549093115,0.0,
2026-01-24T21:55:00-05:00,ETH/USD,window360_strategy,hold,0.0,same_minute,0.1773463549093115,0.0,
2026-01-24T21:56:00-05:00,BTC/USD,window360_strategy,hold,0.0,no_change,-0.12234450219068821,0.0,below_z_enter
2026-01-24T21:55:00-05:00,ETH/USD,window360_strategy,hold,0.0,same_minute,-0.11987721667923493,0.0,
2026-01-24T21:56:00-05:00,BTC/USD,window360_strategy,hold,0.0,same_minute,-0.11987721667923493,0.0,
2026-01-24T21:55:00-05:00,ETH/USD,window360_strategy,hold,0.0,same_minute,-0.11987721667923493,0.0,
2026-01-24T21:56:00-05:00,BTC/USD,window360_strategy,hold,0.0,same_minute,-0.11987721667923493,0.0,
2026-01-24T21:55:00-05:00,ETH/USD,window360_strategy,hold,0.0,same_minute,-0.11987721667923493,0.0,
2026-01-24T21:56:00-05:00,BTC/USD,window360_strategy,hold,0.0,same_minute,-0.11987721667923493,0.0,
2026-01-24T21:55:00-05:00,ETH/USD,window360_strategy,hold,0.0,same_minute,-0.11987721667923493,0.0,
2026-01-24T21:56:00-05:00,BTC/USD,window360_strategy,hold,0.0,same_minute,-0.11987721667923493,0.0,
2026-01-24T21:55:00-05:00,ETH/USD,window360_strategy,hold,0.0,same_minute,-0.11987721667923493,0.0,
2026-01-24T21:56:00-05:00,BTC/USD,window360_strategy,hold,0.0,same_minute,-0.11987721667923493,0.0,
2026-01-24T21:55:00-05:00,ETH/USD,window360_strategy,hold,0.0,same_minute,-0.11987721667923493,0.0,
2026-01-24T21:56:00-05:00,BTC/USD,window360_strategy,hold,0.0,same_minute,-0.11987721667923493,0.0,
2026-01-24T21:55:00-05:00,ETH/USD,window360_strategy,hold,0.0,same_minute,-0.11987721667923493,0.0,
2026-01-24T21:56:00-05:00,BTC/USD,window360_strategy,hold,0.0,same_minute,-0.11987721667923493,0.0,
2026-01-24T21:55:00-05:00,ETH/USD,window360_strategy,hold,0.0,same_minute,-0.11987721667923493,0.0,
2026-01-24T21:56:00-05:00,BTC/USD,window360_strategy,hold,0.0,same_minute,-0.11987721667923493,0.0,
2026-01-24T21:55:00-05:00,ETH/USD,window360_strategy,hold,0.0,same_minute,-0.11987721667923493,0.0,
2026-01-24T21:56:00-05:00,BTC/USD,window360_strategy,hold,0.0,same_minute,-0.11987721667923493,0.0,
2026-01-24T21:55:00-05:00,ETH/USD,window360_strategy,hold,0.0,same_minute,-0.11987721667923493,0.0,
2026-01-24T21:56:00-05:00,BTC/USD,window360_strategy,hold,0.0,same_minute,-0.11987721667923493,0.0,
2026-01-24T21:55:00-05:00,ETH/USD,window360_strategy,hold,0.0,same_minute,-0.11987721667923493,0.0,
2026-01-24T21:56:00-05:00,BTC/USD,window360_strategy,hold,0.0,same_minute,-0.11987721667923493,0.0,
2026-01-24T21:55:00-05:00,ETH/USD,window360_strategy,hold,0.0,same_minute,-0.11987721667923493,0.0,
2026-01-24T21:58:00-05:00,BTC/USD,window360_strategy,hold,0.0,no_change,-0.2055263956321044,0.0,below_z_enter
2026-01-24T21:55:00-05:00,ETH/USD,window360_strategy,hold,0.0,same_minute,-0.20480523341495036,0.0,
2026-01-24T21:58:00-05:00,BTC/USD,window360_strategy,hold,0.0,same_minute,-0.20480523341495036,0.0,
2026-01-24T21:55:00-05:00,ETH/USD,window360_strategy,hold,0.0,same_minute,-0.20480523341495036,0.0,
2026-01-24T21:58:00-05:00,BTC/USD,window360_strategy,hold,0.0,same_minute,-0.20480523341495036,0.0,
2026-01-24T21:55:00-05:00,ETH/USD,window360_strategy,hold,0.0,same_minute,-0.20480523341495036,0.0,
2026-01-24T21:58:00-05:00,BTC/USD,window360_strategy,hold,0.0,same_minute,-0.20480523341495036,0.0,
2026-01-24T21:55:00-05:00,ETH/USD,window360_strategy,hold,0.0,same_minute,-0.20480523341495036,0.0,
2026-01-24T21:58:00-05:00,BTC/USD,window360_strategy,hold,0.0,same_minute,-0.20480523341495036,0.0,
2026-01-24T21:55:00-05:00,ETH/USD,window360_strategy,hold,0.0,same_minute,-0.20480523341495036,0.0,
2026-01-24T21:58:00-05:00,BTC/USD,window360_strategy,hold,0.0,same_minute,-0.20480523341495036,0.0,
2026-01-24T21:55:00-05:00,ETH/USD,window360_strategy,hold,0.0,same_minute,-0.20480523341495036,0.0,
2026-01-24T21:58:00-05:00,BTC/USD,window360_strategy,hold,0.0,same_minute,-0.20480523341495036,0.0,
2026-01-24T21:55:00-05:00,ETH/USD,window360_strategy,hold,0.0,same_minute,-0.20480523341495036,0.0,
2026-01-24T21:58:00-05:00,BTC/USD,window360_strategy,hold,0.0,same_minute,-0.20480523341495036,0.0,
2026-01-24T21:55:00-05:00,ETH/USD,window360_strategy,hold,0.0,same_minute,-0.20480523341495036,0.0,
2026-01-24T21:58:00-05:00,BTC/USD,window360_strategy,hold,0.0,same_minute,-0.20480523341495036,0.0,
2026-01-24T21:55:00-05:00,ETH/USD,window360_strategy,hold,0.0,same_minute,-0.20480523341495036,0.0,
