open_time,strategy_net,strategy_gross,turnover,costs,ew_bh
2023-08-01 00:00:00+00:00,0.0,0.0,0.0,0.0,0.0
2023-08-01 04:00:00+00:00,0.0,0.0,0.0,0.0,0.0
2023-08-01 08:00:00+00:00,0.0,0.0,0.0,0.0,0.0
2023-08-01 12:00:00+00:00,0.0,0.0,0.0,0.0,0.0
2023-08-01 16:00:00+00:00,0.0,0.0,0.0,0.0,0.0
2023-08-01 20:00:00+00:00,0.0,0.0,0.0,0.0,0.0
2023-08-02 00:00:00+00:00,0.0,0.0,0.0,0.0,0.0
2023-08-02 04:00:00+00:00,0.0,0.0,0.0,0.0,0.0
2023-08-02 08:00:00+00:00,0.0,0.0,0.0,0.0,0.0
2023-08-02 12:00:00+00:00,0.0,0.0,0.0,0.0,0.0
2023-08-02 16:00:00+00:00,0.0,0.0,0.0,0.0,0.0
2023-08-02 20:00:00+00:00,0.0,0.0,0.0,0.0,0.0
2023-08-03 00:00:00+00:00,0.0,0.0,0.0,0.0,0.0
2023-08-03 04:00:00+00:00,0.0,0.0,0.0,0.0,0.0
2023-08-03 08:00:00+00:00,0.0,0.0,0.0,0.0,0.0
2023-08-03 12:00:00+00:00,0.0,0.0,0.0,0.0,0.0
2023-08-03 16:00:00+00:00,0.0,0.0,0.0,0.0,0.0
2023-08-03 20:00:00+00:00,0.0,0.0,0.0,0.0,0.0
2023-08-04 00:00:00+00:00,0.0,0.0,0.0,0.0,0.0
2023-08-04 04:00:00+00:00,0.0,0.0,0.0,0.0,0.0013741697927735982
2023-08-04 08:00:00+00:00,0.0,0.0,0.0,0.0,-0.00019841323250781306
2023-08-04 12:00:00+00:00,0.0,0.0,0.0,0.0,0.007649868498132192
2023-08-04 16:00:00+00:00,0.0,0.0,0.0,0.0,-0.013118679471248056
2023-08-04 20:00:00+00:00,0.0,0.0,0.0,0.0,-0.0025425939284203433
2023-08-05 00:00:00+00:00,0.0,0.0,0.0,0.0,-0.0007932425245822383
2023-08-05 04:00:00+00:00,0.0,0.0,0.0,0.0,0.0017350216983518657
2023-08-05 08:00:00+00:00,0.0,0.0,0.0,0.0,0.0013477948871449333
2023-08-05 12:00:00+00:00,0.0,0.0,0.0,0.0,-0.002831932158662176
2023-08-05 16:00:00+00:00,0.0,0.0,0.0,0.0,0.004432655439918887
2023-08-05 20:00:00+00:00,0.0,0.0,0.0,0.0,0.0023975205275695854
2023-08-06 00:00:00+00:00,0.0,0.0,0.0,0.0,0.0041782410254226215
2023-08-06 04:00:00+00:00,0.0,0.0,0.0,0.0,3.737828540575916e-05
2023-08-06 08:00:00+00:00,0.0,0.0,0.0,0.0,-0.00140700936824098
2023-08-06 12:00:00+00:00,0.0,0.0,0.0,0.0,-0.005788505236651725
2023-08-06 16:00:00+00:00,0.0,0.0,0.0,0.0,0.0006876779343414977
2023-08-06 20:00:00+00:00,0.0,0.0,0.0,0.0,0.0008057519614942804
2023-08-07 00:00:00+00:00,0.0,0.0,0.0,0.0,0.008180380529377626
2023-08-07 04:00:00+00:00,0.0,0.0,0.0,0.0,-0.00664609232041035
2023-08-07 08:00:00+00:00,0.0,0.0,0.0,0.0,0.002803485642459816
2023-08-07 12:00:00+00:00,0.0,0.0,0.0,0.0,-0.014112513105948216
2023-08-07 16:00:00+00:00,0.0,0.0,0.0,0.0,-0.0006649341521863458
2023-08-07 20:00:00+00:00,0.0,0.0,0.0,0.0,0.00792555037939624
2023-08-08 00:00:00+00:00,0.0,0.0,0.0,0.0,-0.0008116508705318382
2023-08-08 04:00:00+00:00,0.0,0.0,0.0,0.0,0.004202184161762226
2023-08-08 08:00:00+00:00,0.0,0.0,0.0,0.0,0.004623035274173605
2023-08-08 12:00:00+00:00,0.0,0.0,0.0,0.0,0.0034651804284354243
2023-08-08 16:00:00+00:00,0.0,0.0,0.0,0.0,0.007774213814074227
2023-08-08 20:00:00+00:00,0.0,0.0,0.0,0.0,-0.0011749281712043827
2023-08-09 00:00:00+00:00,0.0,0.0,0.0,0.0,-0.0013577396404646988
2023-08-09 04:00:00+00:00,0.0,0.0,0.0,0.0,0.0058849797155153885
2023-08-09 08:00:00+00:00,0.0,0.0,0.0,0.0,0.0011095469970262076
2023-08-09 12:00:00+00:00,0.0,0.0,0.0,0.0,0.0024518828215903607
2023-08-09 16:00:00+00:00,0.0,0.0,0.0,0.0,-0.007266598624500055
2023-08-09 20:00:00+00:00,0.0,0.0,0.0,0.0,0.0014964752472701598
2023-08-10 00:00:00+00:00,0.0,0.0,0.0,0.0,-0.00017868002363101432
2023-08-10 04:00:00+00:00,0.0,0.0,0.0,0.0,-0.0037889871892697186
2023-08-10 08:00:00+00:00,0.0,0.0,0.0,0.0,-0.00034506555585805954
2023-08-10 12:00:00+00:00,0.0,0.0,0.0,0.0,0.0025621377928252975
2023-08-10 16:00:00+00:00,0.0,0.0,0.0,0.0,-0.00211477108096296
2023-08-10 20:00:00+00:00,0.0,0.0,0.0,0.0,-0.0017201164669686936
2023-08-11 00:00:00+00:00,0.0,0.0,0.0,0.0,-0.0008041468399352519
2023-08-11 04:00:00+00:00,0.0,0.0,0.0,0.0,-0.001476667385637058
2023-08-11 08:00:00+00:00,0.0,0.0,0.0,0.0,-0.0009627234231519774
2023-08-11 12:00:00+00:00,0.0,0.0,0.0,0.0,-0.0031836718665228247
2023-08-11 16:00:00+00:00,0.0,0.0,0.0,0.0,-0.0013484936949543086
2023-08-11 20:00:00+00:00,0.0,0.0,0.0,0.0,0.0016905174799977385
2023-08-12 00:00:00+00:00,0.0,0.0,0.0,0.0,0.0008443237359803263
2023-08-12 04:00:00+00:00,0.0,0.0,0.0,0.0,0.0006772974015437846
2023-08-12 08:00:00+00:00,0.0,0.0,0.0,0.0,0.002894056954667719
2023-08-12 12:00:00+00:00,0.0,0.0,0.0,0.0,-0.0015382464927632886
2023-08-12 16:00:00+00:00,0.0,0.0,0.0,0.0,-0.00027577876676637
2023-08-12 20:00:00+00:00,0.0,0.0,0.0,0.0,-0.001120099543298017
2023-08-13 00:00:00+00:00,0.0,0.0,0.0,0.0,0.0023424592556867824
2023-08-13 04:00:00+00:00,0.0,0.0,0.0,0.0,-0.0022856021839796695
2023-08-13 08:00:00+00:00,0.0,0.0,0.0,0.0,0.0007755888179057924
2023-08-13 12:00:00+00:00,0.0,0.0,0.0,0.0,-0.002318225381744289
2023-08-13 16:00:00+00:00,0.0,0.0,0.0,0.0,0.006980224170269042
2023-08-13 20:00:00+00:00,0.0,0.0,0.0,0.0,-0.012173436217925972
2023-08-14 00:00:00+00:00,0.0,0.0,0.0,0.0,0.002349495014685267
2023-08-14 04:00:00+00:00,0.0,0.0,0.0,0.0,0.0028395189610093755
2023-08-14 08:00:00+00:00,0.0,0.0,0.0,0.0,0.0027957206146308894
2023-08-14 12:00:00+00:00,0.0,0.0,0.0,0.0,0.002763789747395079
2023-08-14 16:00:00+00:00,0.0,0.0,0.0,0.0,-0.010020393864347187
2023-08-14 20:00:00+00:00,0.0,0.0,0.0,0.0,0.001519232704505713
2023-08-15 00:00:00+00:00,0.0,0.0,0.0,0.0,-0.0013037232833155998
2023-08-15 04:00:00+00:00,0.0,0.0,0.0,0.0,-0.0038373777402449585
2023-08-15 08:00:00+00:00,0.0,0.0,0.0,0.0,-0.0018148644019836263
2023-08-15 12:00:00+00:00,0.0,0.0,0.0,0.0,-0.0022208962244454344
2023-08-15 16:00:00+00:00,0.0,0.0,0.0,0.0,-0.033376877817018986
2023-08-15 20:00:00+00:00,0.0,0.0,0.0,0.0,0.0037029946651163173
2023-08-16 00:00:00+00:00,0.0,0.0,0.0,0.0,-0.002609428082361004
2023-08-16 04:00:00+00:00,0.0,0.0,0.0,0.0,-0.006878701624294957
2023-08-16 08:00:00+00:00,0.0,0.0,0.0,0.0,-0.0037585734664243864
2023-08-16 12:00:00+00:00,0.0,0.0,0.0,0.0,-0.01140030861306799
2023-08-16 16:00:00+00:00,0.0,0.0,0.0,0.0,0.001145459286774897
2023-08-16 20:00:00+00:00,0.0,0.0,0.0,0.0,-0.013232757261044593
2023-08-17 00:00:00+00:00,0.0,0.0,0.0,0.0,0.0053900185437333326
2023-08-17 04:00:00+00:00,0.0,0.0,0.0,0.0,-0.0004054901339483469
2023-08-17 08:00:00+00:00,0.0,0.0,0.0,0.0,-0.002458808992289417
2023-08-17 12:00:00+00:00,0.0,0.0,0.0,0.0,-0.02210286316339049
2023-08-17 16:00:00+00:00,8.659209569260578e-05,0.00038659209569260575,1.0,0.0003,0.010375786112538615
2023-08-17 20:00:00+00:00,0.0005678103226729631,0.0010654549575568844,1.6588154496130714,0.0004976446348839214,-0.06545602234998597
2023-08-18 00:00:00+00:00,0.0044074017066073855,0.004906919248876144,1.6650584742291943,0.0004995175422687582,0.0011509193395895928
2023-08-18 04:00:00+00:00,0.003207725921030792,0.0037269210837749906,1.7306505424806624,0.0005191951627441987,0.02019954861274241
2023-08-18 08:00:00+00:00,0.002130945255600853,0.00260476063987036,1.5793846142316905,0.0004738153842695071,0.0038211161833547544
2023-08-18 12:00:00+00:00,-0.0012512204378349726,-0.000774210359031853,1.5900335960103993,0.0004770100788031197,-0.010172480356940523
2023-08-18 16:00:00+00:00,0.0003701425018317398,0.0007562815829064036,1.2871302702488796,0.0003861390810746638,-0.0006680713098427687
2023-08-18 20:00:00+00:00,0.003468996405333588,0.00382271866058037,1.1790741841559402,0.00035372225524678204,0.003515750468684485
2023-08-19 00:00:00+00:00,0.0010577345486966444,0.001568369391817606,1.7021161437365389,0.0005106348431209617,-0.00034660841620303556
2023-08-19 04:00:00+00:00,-0.0027340960531741414,-0.0022820026005619743,1.5069781753738911,0.0004520934526121673,0.00020938510631268725
2023-08-19 08:00:00+00:00,0.0036972798076472394,0.004099206580484625,1.3397559094579514,0.0004019267728373854,0.003362768588844517
2023-08-19 12:00:00+00:00,0.0001937871222603357,0.0006908456405806347,1.65686172773433,0.000497058518320299,0.011940410288915349
2023-08-19 16:00:00+00:00,0.0018495464454516746,0.0023170592357103547,1.5583759675289337,0.00046751279025868006,-0.0018822032667905123
2023-08-19 20:00:00+00:00,0.0001721247005309045,0.0006691094632046963,1.6566158755793061,0.0004969847626737918,-0.0016647158891024347
2023-08-20 00:00:00+00:00,-0.00047413997904995644,1.9264225744736608e-05,1.644680682648977,0.000493404204794693,-2.659832564409076e-05
2023-08-20 04:00:00+00:00,0.002016318927907622,0.0024457068672105167,1.43129313100965,0.00042938793930289495,-0.0022217010304699455
2023-08-20 08:00:00+00:00,-0.00886884433533849,-0.008437542445665892,1.4376729655753262,0.00043130188967259784,0.008104000387441052
2023-08-20 12:00:00+00:00,0.0016557220791092195,0.00202374099163538,1.2267297084205357,0.0003680189125261607,-0.005126545638360451
2023-08-20 16:00:00+00:00,-0.0010143950382907776,-0.0005371061782748885,1.59096286671963,0.000477288860015889,0.003432992125554639
2023-08-20 20:00:00+00:00,0.0005882017351698073,0.0009317993388376093,1.1453253455593402,0.000343597603667802,0.0033997797349643727
2023-08-21 00:00:00+00:00,0.0066345542298174584,0.007055617310330389,1.4035436017097698,0.0004210630805129309,-0.0062593175202459855
2023-08-21 04:00:00+00:00,0.00021276223135966766,0.0006827175089796787,1.5665175920667036,0.00046995527762001105,-0.005350782611691675
2023-08-21 08:00:00+00:00,-0.00025118276483373505,0.00023482189390630712,1.6200155291334741,0.0004860046587400422,-0.004169935098616885
2023-08-21 12:00:00+00:00,0.0016877641839980106,0.00214395474204493,1.5206351934897309,0.0004561905580469192,-0.013676011658070884
2023-08-21 16:00:00+00:00,0.02328776102413902,0.02374172305921526,1.513206783587465,0.00045396203507623947,0.013278304972562861
2023-08-21 20:00:00+00:00,0.0022459836557916337,0.002804363733601485,1.861266926032838,0.0005583800778098514,-0.0017562494906312731
2023-08-22 00:00:00+00:00,0.002742758276819156,0.0032575705211086857,1.7160408142984334,0.0005148122442895299,-0.006969953510823003
2023-08-22 04:00:00+00:00,0.008709850209580431,0.009172053596395497,1.540677956050219,0.00046220338681506566,0.002574382722937113
2023-08-22 08:00:00+00:00,-0.00264762856510833,-0.0021431778225057783,1.6815024753418377,0.0005044507426025513,-0.006711911656080552
2023-08-22 12:00:00+00:00,-9.424749197608514e-05,0.0002512432276248075,1.1516357320029755,0.00034549071960089265,-0.009893652664975008
2023-08-22 16:00:00+00:00,0.006564422325387427,0.0069653235987141736,1.3363375777558222,0.0004009012733267466,-0.009966991462979087
2023-08-22 20:00:00+00:00,-0.0010364705021301292,-0.0006154895233199012,1.4032699293674267,0.00042098097881022796,0.01963976752570247
2023-08-23 00:00:00+00:00,0.0021917534316602985,0.002563392518546725,1.2387969562880876,0.0003716390868864263,0.0015916115041519699
2023-08-23 04:00:00+00:00,0.004155536951595449,0.00459685271310871,1.4710525383775388,0.0004413157615132616,0.0079592373093718
2023-08-23 08:00:00+00:00,0.00011012511832336552,0.0005479334072136525,1.4593609629676232,0.00043780828889028694,-0.002692891325063562
2023-08-23 12:00:00+00:00,-0.0012350153093114665,-0.0007999928896384903,1.450074732243254,0.00043502241967297614,0.008220560562792856
2023-08-23 16:00:00+00:00,0.0018133011266805422,0.002120058359905659,1.0225241107503893,0.00030675723322511674,0.018924104842016606
2023-08-23 20:00:00+00:00,0.00034316905028501204,0.0007218970422189108,1.2624266397796624,0.0003787279919338987,-0.008251151534682713
2023-08-24 00:00:00+00:00,0.0012622321895434958,0.0016921227556870836,1.4329685538119596,0.00042989056614358784,0.0015583649474907035
2023-08-24 04:00:00+00:00,-0.0008805988471831188,-0.0003932262440168124,1.6245753438876882,0.0004873726031663064,0.00022174063768900382
2023-08-24 08:00:00+00:00,-0.0008473305315105542,-0.00043773210804794725,1.3653280782086898,0.00040959842346260694,-0.003253178229210278
2023-08-24 12:00:00+00:00,0.005343135125312825,0.005775224697281336,1.4402985732283704,0.0004320895719685111,-0.020835942544470805
2023-08-24 16:00:00+00:00,-0.0007416263742182246,-0.00023112126289582326,1.7016837044080044,0.0005105051113224012,-0.00018524620123804014
2023-08-24 20:00:00+00:00,0.01515329204212363,0.015565669050555304,1.3745900281055827,0.0004123770084316748,0.0067657164415735535
2023-08-25 00:00:00+00:00,-0.000561072647232605,-0.00010287157963125853,1.5273368920044885,0.0004582010676013465,-0.010736605017850821
2023-08-25 04:00:00+00:00,0.0012556302777901544,0.0016470480960438022,1.304726060845493,0.00039141781825364786,-0.0059255616920756565
2023-08-25 08:00:00+00:00,-0.0011026811108486843,-0.0006592364918727067,1.478148729919925,0.00044344461897597744,0.005127447879918569
2023-08-25 12:00:00+00:00,-0.0019875439882954655,-0.0015221425287486377,1.5513381984894257,0.0004654014595468277,-0.004930863564921478
2023-08-25 16:00:00+00:00,-0.0025999354794728996,-0.002190072637887676,1.3662094719507443,0.00040986284158522326,0.002659054861935184
2023-08-25 20:00:00+00:00,0.0012902617621287965,0.001648742707526099,1.194936484657675,0.0003584809453973025,0.0025186194219271665
2023-08-26 00:00:00+00:00,0.003301480706262724,0.003758271678608977,1.5226365744875092,0.0004567909723462527,0.004419076844658858
2023-08-26 04:00:00+00:00,0.0015826550985398788,0.0021101878646469893,1.7584425536903687,0.0005275327661071105,-0.0029351681258205364
2023-08-26 08:00:00+00:00,0.0013577034977331082,0.0018854209666100184,1.759058229589701,0.0005277174688769103,0.0008403884553899663
2023-08-26 12:00:00+00:00,0.005565565707390087,0.006065838006257806,1.6675743295590637,0.000500272298867719,-0.0016428391452788793
2023-08-26 16:00:00+00:00,0.008986429090951651,0.00951647284695744,1.7668125200192972,0.0005300437560057891,-1.0703345881206416e-05
2023-08-26 20:00:00+00:00,0.00012967651822603685,0.000609443422808359,1.5992230152744071,0.0004797669045823221,0.0008847265830892667
2023-08-27 00:00:00+00:00,-0.0003422437156153397,0.00010842395452550428,1.5022255671361469,0.000450667670140844,-0.002847338885391411
2023-08-27 04:00:00+00:00,0.0004929472573907184,0.0009728485232889613,1.5996708863274767,0.00047990126589824296,0.004962248690609301
2023-08-27 08:00:00+00:00,0.0056228811686532725,0.006088278447931635,1.5513242642612086,0.0004653972792783625,-7.52961157607368e-05
2023-08-27 12:00:00+00:00,-0.004522919931945916,-0.00400467839394561,1.7274717933343524,0.0005182415380003057,0.0045165491564817944
2023-08-27 16:00:00+00:00,-0.0014258050833198944,-0.0010187921238851048,1.3567098647826321,0.0004070129594347896,-0.005125765217520187
2023-08-27 20:00:00+00:00,0.0016136426785480272,0.002001872872425542,1.2941006462583828,0.00038823019387751483,-0.00027991946974079834
2023-08-28 00:00:00+00:00,0.00413385907542766,0.004622534348597425,1.6289175772325524,0.0004886752731697657,-0.008247957301676871
2023-08-28 04:00:00+00:00,0.009056818851047883,0.009639994912775932,1.943920205760167,0.00058317606172805,-0.005750390597358018
2023-08-28 08:00:00+00:00,-0.0011117182290531753,-0.0006422081135067119,1.565033718488212,0.00046951011554646353,0.0024417839005941716
2023-08-28 12:00:00+00:00,0.0013542570022232901,0.001825550533572873,1.5709784378319431,0.0004712935313495829,0.012392193154041421
2023-08-28 16:00:00+00:00,0.0015854479699972776,0.0020143498244103697,1.4296728480436405,0.0004289018544130921,-0.0016906420622083002
2023-08-28 20:00:00+00:00,0.001512420287331659,0.001988432887344527,1.58670866670956,0.00047601260001286795,0.006062203275349398
2023-08-29 00:00:00+00:00,0.002873066633209612,0.003367379287604496,1.6477088479829467,0.000494312654394884,-0.005145457812014309
2023-08-29 04:00:00+00:00,0.0064513759414518155,0.00696660302623439,1.717423615941914,0.0005152270847825741,-0.0032632229264002374
2023-08-29 08:00:00+00:00,-0.0038749308652014343,-0.0033430047531210695,1.7730870402678836,0.000531926112080365,-0.0022073303835103697
2023-08-29 12:00:00+00:00,0.00948593726078623,0.009868469625152629,1.2751078812213295,0.0003825323643663988,0.045492090015511244
2023-08-29 16:00:00+00:00,-0.0008699268892614838,-0.00034262875061675776,1.757660462149087,0.0005272981386447261,0.0044805210868245834
2023-08-29 20:00:00+00:00,-0.00025192671013099586,0.0001883078487920761,1.4674485297435733,0.00044023455892307196,-0.002026947417306954
2023-08-30 00:00:00+00:00,-0.00016549250309067241,0.0003132367680687561,1.5957642371980951,0.0004787292711594285,-0.013437596679931378
2023-08-30 04:00:00+00:00,-0.00019852471935919455,0.0001548523955684977,1.1779237164256409,0.00035337711492769224,-0.0004057629313325567
2023-08-30 08:00:00+00:00,-0.001732332634721302,-0.0012876032091070316,1.4824314187142347,0.0004447294256142704,-0.004222839398480581
2023-08-30 12:00:00+00:00,-0.00474285913802818,-0.004321518135905214,1.4044700070765552,0.0004213410021229665,-0.009908053700936961
2023-08-30 16:00:00+00:00,-0.00032780745420562374,3.855874199417916e-06,1.1055444280168056,0.00033166332840504166,0.0007386007700511676
2023-08-30 20:00:00+00:00,-0.0008430740740746273,-0.00046186990920950034,1.2706805495504232,0.0003812041648651269,0.002238223028511614
2023-08-31 00:00:00+00:00,-0.0013426756338020655,-0.0008821053921089056,1.5352341389772,0.00046057024169315994,-0.006943973383152627
2023-08-31 04:00:00+00:00,-0.0012168293172874047,-0.0008490581330019243,1.2259039476182683,0.00036777118428548046,0.004492059565275146
2023-08-31 08:00:00+00:00,-0.0003315913485308963,4.815872110567961e-05,1.265833565455253,0.0003797500696365759,0.004444571550208852
2023-08-31 12:00:00+00:00,0.0030523978636686627,0.0034000240287038355,1.1587538834505753,0.00034762616503517256,-0.020877690215503848
2023-08-31 16:00:00+00:00,-0.0046114949864689645,-0.004112817803004164,1.6622572782159994,0.0004986771834647998,-0.01599894156854429
2023-08-31 20:00:00+00:00,-0.001381707709281069,-0.001108919571080498,0.9092937940019034,0.000272788138200571,-0.0027054008849125774
2023-09-01 00:00:00+00:00,-0.004220038970424097,-0.00386100360718361,1.1967845441349556,0.00035903536324048663,-0.0019629116366085483
2023-09-01 04:00:00+00:00,0.000698273463241374,0.001098507325413199,1.334112873906084,0.00040023386217182515,-0.0028967641249568674
2023-09-01 08:00:00+00:00,0.0007850431676609477,0.0012443491416084303,1.531019913158276,0.00045930597394748274,0.003518997738663085
2023-09-01 12:00:00+00:00,-0.001245900246429588,-0.0007654875794785178,1.6013755565035674,0.0004804126669510702,-0.011491723025938365
2023-09-01 16:00:00+00:00,-0.0030749189288607056,-0.0027019188851700737,1.2433334789687727,0.00037300004369063175,-0.01025227978412549
2023-09-01 20:00:00+00:00,-0.0014714708280549227,-0.0010878206379382948,1.278833967055426,0.00038365019011662776,0.004363263103665985
2023-09-02 00:00:00+00:00,0.002363052276363253,0.0027974686740235345,1.4480546588676053,0.00043441639766028157,0.0033846000473738286
2023-09-02 04:00:00+00:00,0.012218448019913194,0.012698130162356058,1.5989404748095442,0.0004796821424428632,-0.0013832167067748188
2023-09-02 08:00:00+00:00,0.004928076380689548,0.0054367847278345765,1.695694490483431,0.0005087083471450293,0.002302518615187786
2023-09-02 12:00:00+00:00,-0.0022217213763728256,-0.001680961727861508,1.802532161704392,0.0005407596485113175,0.0024382222171990195
2023-09-02 16:00:00+00:00,-0.00018482520472743868,0.000145229618044213,1.1001827425721724,0.0003300548227716517,-0.005763710351851442
2023-09-02 20:00:00+00:00,0.0014287296727237908,0.001899320205194145,1.5686351082345136,0.00047059053247035406,0.005462657335997531
2023-09-03 00:00:00+00:00,-0.0005955696389090769,-0.00014154251014787125,1.5134237625373521,0.0004540271287612056,-0.00022015882350773924
2023-09-03 04:00:00+00:00,-0.0017829648727703488,-0.0013865157069484035,1.3214972194064845,0.0003964491658219453,0.0010792308549523733
2023-09-03 08:00:00+00:00,0.0005266230163664717,0.0008853055167954489,1.1956083347632573,0.00035868250042897715,-0.001945922921344434
2023-09-03 12:00:00+00:00,0.001128650398647387,0.0015877082184785481,1.5301927327705371,0.0004590578198311611,-0.0029515548852743836
2023-09-03 16:00:00+00:00,0.0016409835363283996,0.002142374989676751,1.6713048444945044,0.0005013914533483513,0.0017772772525260008
2023-09-03 20:00:00+00:00,-0.0010476904772893955,-0.0004896683893901293,1.8600736263308872,0.0005580220878992661,0.0014170021287989373
2023-09-04 00:00:00+00:00,-0.0019847689755803457,-0.0015464632457405157,1.4610190994660999,0.0004383057298398299,0.01029434803679423
2023-09-04 04:00:00+00:00,0.003844645837743763,0.004255734396016755,1.3702951942433055,0.00041108855827299163,-0.0039330856483694165
2023-09-04 08:00:00+00:00,0.0017357975037825997,0.0022481634601377374,1.707886521183793,0.0005123659563551379,-0.0037175144248329656
2023-09-04 12:00:00+00:00,0.004831875253846229,0.005386927575546157,1.850174405666427,0.0005550523216999281,-0.0036669191189273587
2023-09-04 16:00:00+00:00,0.0001362437790656729,0.0006023880733776873,1.5538143143733816,0.0004661442943120144,0.0050311506509754245
2023-09-04 20:00:00+00:00,0.0028978353696969997,0.003324343085302405,1.4216923853513503,0.0004265077156054051,-0.002831991372622217
2023-09-05 00:00:00+00:00,-0.0027455061271838086,-0.0022714862810206808,1.5800661538770928,0.0004740198461631278,-0.00918055339528688
2023-09-05 04:00:00+00:00,0.0018495520353221718,0.00227226499639396,1.4090432035726272,0.0004227129610717881,0.006495187228320112
2023-09-05 08:00:00+00:00,-0.0002852442454958266,0.00022611698403018942,1.7045374317533868,0.000511361229526016,0.006050027058607792
2023-09-05 12:00:00+00:00,-0.0012397928036582896,-0.0008484672539743268,1.3044184989465428,0.00039132554968396283,0.0023539270813795754
2023-09-05 16:00:00+00:00,0.0028877931615191735,0.003323585508942665,1.4526411580783052,0.0004357923474234915,-0.00169326501116953
2023-09-05 20:00:00+00:00,0.0018130394497975883,0.0023232582081087524,1.7007291943705467,0.000510218758311164,0.003941621119321295
2023-09-06 00:00:00+00:00,0.001901849651647325,0.0023690123133967515,1.5572088724980884,0.0004671626617494265,0.0030507780583098956
2023-09-06 04:00:00+00:00,0.0005318951771822324,0.001042997492954301,1.7036743859068955,0.0005111023157720686,-0.009019382386439297
2023-09-06 08:00:00+00:00,0.0015479250687153363,0.0019988136305388823,1.5029618727451537,0.00045088856182354606,0.0022240231692053566
2023-09-06 12:00:00+00:00,0.00028413035789110874,0.0007602276826984673,1.5869910826911955,0.0004760973248073586,-0.005085020149466581
2023-09-06 16:00:00+00:00,-0.0021655386496195854,-0.0016683377181380484,1.6573364382717894,0.0004972009314815368,0.005186725224742499
2023-09-06 20:00:00+00:00,0.0003486981205962117,0.000750780007416769,1.3402729560685243,0.00040208188682055724,0.003901493446834263
2023-09-07 00:00:00+00:00,-0.0009949829639517792,-0.0005143360165029304,1.6021564914961632,0.0004806469474488489,0.0043529951608938175
2023-09-07 04:00:00+00:00,0.0015708389915569762,0.001999603789610536,1.4292159935118667,0.00042876479805355997,-0.004667897257703522
2023-09-07 08:00:00+00:00,-0.0005175213289732444,-5.726618375317559e-05,1.5341838174002294,0.0004602551452200688,-0.006770117171372082
2023-09-07 12:00:00+00:00,-0.0017438594873321624,-0.0012945908098971753,1.497562258116624,0.00044926867743498713,0.0034486372548074434
2023-09-07 16:00:00+00:00,0.0028101557978947598,0.0032342361736852443,1.4136012526349488,0.00042408037579048463,0.002180027420260272
2023-09-07 20:00:00+00:00,0.0006550602683103738,0.0011185584174355418,1.5449938304172268,0.000463498149125168,0.010030199740153081
2023-09-08 00:00:00+00:00,-0.00031375703107470673,0.00016682893159355587,1.6019532088942088,0.0004805859626682626,-0.00043447648172662695
2023-09-08 04:00:00+00:00,9.5391254735234e-05,0.0004885590049525766,1.310559167391142,0.0003931677502173426,-0.0026375866486404026
2023-09-08 08:00:00+00:00,-0.00034912023728971307,7.21510184927773e-05,1.404237519274968,0.0004212712557824904,-0.012698738218920827
2023-09-08 12:00:00+00:00,0.0003219132779519604,0.0007667870189979624,1.48291247015334,0.000444873741046002,0.0006328915417834965
2023-09-08 16:00:00+00:00,0.0004861311939753594,0.0009166077291765783,1.4349217840040633,0.00043047653520121896,0.0011913011885741898
2023-09-08 20:00:00+00:00,0.0002472891150430055,0.0006952198493460689,1.4931024476768782,0.0004479307343030634,0.0008914909160149045
2023-09-09 00:00:00+00:00,-0.0011487491499934603,-0.0006817053722414558,1.5568125925066816,0.00046704377775200445,-0.0009555403908879795
2023-09-09 04:00:00+00:00,-0.0007994150454640483,-0.00034188108665729293,1.525113196022518,0.00045753395880675533,0.0012054196145751261
2023-09-09 08:00:00+00:00,-0.0008059005538656349,-0.00036299559935322494,1.4763498483747,0.00044290495451240996,-0.00013985723993187316
2023-09-09 12:00:00+00:00,-0.0005372319967520391,-0.00013971984037757456,1.3250405212482153,0.0003975121563744645,-0.0009605359635545124
2023-09-09 16:00:00+00:00,-0.0005394002030104587,-7.704781521428137e-05,1.5411746259872579,0.0004623523877961773,-0.0009875138025416952
2023-09-09 20:00:00+00:00,0.0035181712996627144,0.003948506923667169,1.4344520800148484,0.00043033562400445445,-0.0013471643664162355
2023-09-10 00:00:00+00:00,-0.000678281522126786,-0.00012447751420639178,1.8460133597346478,0.0005538040079203942,-0.009118474768002052
2023-09-10 04:00:00+00:00,-0.00040289213078205225,4.147653198957168e-05,1.4812288759054133,0.00044436866277162393,-0.008729627833925072
2023-09-10 08:00:00+00:00,0.003910249580369139,0.004380490416219803,1.5674694528355484,0.0004702408358506645,-0.005458255892889348
2023-09-10 12:00:00+00:00,0.0010551840742652968,0.001479557987522574,1.4145797108575902,0.000424373913257277,-0.0034879732392770826
2023-09-10 16:00:00+00:00,0.01331743779780616,0.013836145611895315,1.729026046963854,0.0005187078140891562,-0.005600325580795165
2023-09-10 20:00:00+00:00,0.01548952828504137,0.016040236639095283,1.835694513513046,0.0005507083540539138,0.007625216042838806
2023-09-11 00:00:00+00:00,0.00367945626913179,0.0042316230115285475,1.8405558079891917,0.0005521667423967574,-0.006481115875274869
2023-09-11 04:00:00+00:00,0.004028676825513212,0.00460221662012292,1.9117993153656954,0.0005735397946097085,0.00035831925679021687
2023-09-11 08:00:00+00:00,0.005488195274529381,0.006046002144038607,1.8593562316974217,0.0005578068695092264,-0.03193716010755074
2023-09-11 12:00:00+00:00,-0.0023685018575449602,-0.001915063871569036,1.5114599532530806,0.0004534379859759241,0.001376272198353179
2023-09-11 16:00:00+00:00,-0.0001336966365627162,0.0002470118561650653,1.2690283090926051,0.0003807084927277815,-0.013410811753981254
2023-09-11 20:00:00+00:00,-0.010269363556023276,-0.009914034821334907,1.1844291156278997,0.00035532873468836984,0.015216245828533134
2023-09-12 00:00:00+00:00,0.009625853492575125,0.010109924168436323,1.613568919537326,0.00048407067586119776,0.020021994580598626
2023-09-12 04:00:00+00:00,0.0024846404126223874,0.00299428446519943,1.6988135085901415,0.0005096440525770424,-0.0073930328776404125
2023-09-12 08:00:00+00:00,-0.0005284022021537554,-7.902041999296571e-05,1.4979392738692991,0.0004493817821607897,0.014060891624539676
2023-09-12 12:00:00+00:00,-0.0022335436932289644,-0.0017944840563473585,1.4635321229386866,0.00043905963688160594,-0.005641651108603804
2023-09-12 16:00:00+00:00,0.004448984434904966,0.004891009529701423,1.4734169826548587,0.00044202509479645755,-0.0037213313459577083
2023-09-12 20:00:00+00:00,0.0011909347302834928,0.001694507855167233,1.6785770829458013,0.0005035731248837404,-0.003672759336980559
2023-09-13 00:00:00+00:00,0.0013329593757927848,0.0018514450257488691,1.7282854998536141,0.0005184856499560842,-0.002998329265914576
2023-09-13 04:00:00+00:00,0.0017078321606907316,0.002185308843830339,1.591588943798691,0.0004774766831396072,0.0015533902779320194
2023-09-13 08:00:00+00:00,0.0037305126774804286,0.004231244643407432,1.6691065530900113,0.0005007319659270033,0.009919141105420838
2023-09-13 12:00:00+00:00,-0.002656255806317859,-0.0021449682452204153,1.7042918703248124,0.0005112875610974437,0.0028924776010619824
2023-09-13 16:00:00+00:00,0.0022362919026830204,0.0025972242158159163,1.2031077104429864,0.00036093231313289587,-0.004438883686037072
2023-09-13 20:00:00+00:00,0.00015231057333875907,0.0006609619986360299,1.695504750990903,0.0005086514252972709,0.0016335279744237943
2023-09-14 00:00:00+00:00,-0.0011498783472607623,-0.0006873562933186347,1.5417401798070922,0.0004625220539421276,0.005487462226446201
2023-09-14 04:00:00+00:00,0.00023087173110523766,0.0006192788434653499,1.2946903745337075,0.0003884071123601122,-0.0026609165825208295
2023-09-14 08:00:00+00:00,0.00031794970198630544,0.0007904370433646155,1.5749578045943669,0.00047248734137831,0.00363801857491209
2023-09-14 12:00:00+00:00,0.0013069498402271205,0.0018061518095409124,1.6640065643793063,0.0004992019693137919,0.006325303939930665
2023-09-14 16:00:00+00:00,-0.0005177752118519116,-8.38994605990497e-05,1.4462525041762064,0.0004338757512528619,0.0018594992543570985
2023-09-14 20:00:00+00:00,0.001957758591926302,0.0023566208769570363,1.329540950102448,0.00039886228503073436,0.0006121125949652209
2023-09-15 00:00:00+00:00,0.004065406809595627,0.004561965725418986,1.6551963860778625,0.0004965589158233587,0.008127815043619632
2023-09-15 04:00:00+00:00,0.0015473327420598008,0.0020226062364252883,1.5842449812182922,0.0004752734943654876,-0.006252913719197312
2023-09-15 08:00:00+00:00,-0.002156535986569774,-0.0016580668693100104,1.6615637241992118,0.0004984691172597635,-0.002125972128517978
2023-09-15 12:00:00+00:00,0.0018800585637308571,0.002203470253434644,1.078038965679289,0.00032341168970378666,-0.0014911947742540788
2023-09-15 16:00:00+00:00,0.001186619762265577,0.0017482860143638338,1.8722208403275231,0.0005616662520982569,0.0030485989923220644
2023-09-15 20:00:00+00:00,0.007140755644657622,0.007614868082349319,1.5803747923056568,0.000474112437691697,0.013643478728070965
2023-09-16 00:00:00+00:00,0.0010407534892714712,0.0015931339367599652,1.8412681582949806,0.0005523804474884942,0.006701151005207899
2023-09-16 04:00:00+00:00,-0.0012970168058202467,-0.000821482646188203,1.5851138654401455,0.00047553415963204364,-0.004118939553638637
2023-09-16 08:00:00+00:00,-6.01413962030646e-06,0.0003584784071740167,1.2149751559810773,0.00036449254679432315,-0.0001145997857301545
2023-09-16 12:00:00+00:00,0.0015801057496398056,0.001972158719687102,1.306843233490988,0.0003920529700472964,-0.004230574493913335
2023-09-16 16:00:00+00:00,-0.0010712112104277996,-0.0005843661475368243,1.6228168763032507,0.00048684506289097516,-0.0012300696073959047
2023-09-16 20:00:00+00:00,0.0010541985791338567,0.0014221559684671195,1.2265246311108764,0.00036795738933326287,0.0047644626496263845
2023-09-17 00:00:00+00:00,-0.00041327206407111377,0.00012427661382595576,1.7918289263235654,0.0005375486778970695,-0.009493393944480406
2023-09-17 04:00:00+00:00,0.002749611515317135,0.0031911153007995116,1.4716792849412554,0.0004415037854823766,0.0010795876670386603
2023-09-17 08:00:00+00:00,0.00047953606686231226,0.0009851641385306361,1.6854269055610798,0.0005056280716683239,0.0016139722239357987
2023-09-17 12:00:00+00:00,0.004073807149891144,0.004554755919955295,1.6031625668805027,0.00048094877006415077,-0.0006614808012297552
2023-09-17 16:00:00+00:00,0.0032685425358209693,0.003804286326054614,1.7858126341121492,0.0005357437902336447,-0.006025202710148829
2023-09-17 20:00:00+00:00,0.004710342448877025,0.005179863534378578,1.5650702850051754,0.0004695210855015526,-0.006607924954392323
2023-09-18 00:00:00+00:00,-0.013281443282114825,-0.012840200260122215,1.470810073308703,0.0004412430219926109,0.021162704813648528
2023-09-18 04:00:00+00:00,0.01078467319287728,0.011167713839025631,1.27680215382784,0.00038304064614835197,-0.005299857614736475
2023-09-18 08:00:00+00:00,-0.0018607125811091385,-0.0013551009000309336,1.6853722702606833,0.0005056116810782049,0.01535324261479297
2023-09-18 12:00:00+00:00,-0.0017995526020788022,-0.0013891687278119293,1.3679462475562434,0.000410383874266873,0.003758358361749828
2023-09-18 16:00:00+00:00,-0.004097987535274272,-0.0037820160744786928,1.0532382026519311,0.00031597146079557933,-0.009311046583936652
2023-09-18 20:00:00+00:00,0.0019147003303380526,0.0022173577970589923,1.0088582224031326,0.00030265746672093974,-0.004040066653067796
2023-09-19 00:00:00+00:00,0.008447043545523785,0.00883636367610745,1.2977337686122126,0.00038932013058366375,0.004898407048022295
2023-09-19 04:00:00+00:00,0.00515126515065511,0.0056793283232460644,1.76021057530318,0.000528063172590954,0.00018207820856710327
2023-09-19 08:00:00+00:00,0.005406066813641344,0.005893035376157461,1.6232285417203909,0.00048696856251611724,0.006389180890090905
2023-09-19 12:00:00+00:00,5.340581082676117e-05,0.0005586230716699641,1.68405753614401,0.0005052172608432029,0.007956508395409359
2023-09-19 16:00:00+00:00,-0.000778752713519395,-0.000360160584117254,1.395307098007137,0.00041859212940214104,-0.004122438669911868
2023-09-19 20:00:00+00:00,0.001117608906560157,0.0015348408453860103,1.3907731294195111,0.0004172319388258533,-0.00011988266683628929
2023-09-20 00:00:00+00:00,0.001862930833704939,0.0023226081961276487,1.5322578747423659,0.0004596773624227097,-0.002651881789126377
2023-09-20 04:00:00+00:00,0.0017957310140360129,0.002262598173411599,1.556223864585288,0.00046686715937558634,-0.000433793264753575
2023-09-20 08:00:00+00:00,0.01349010866430444,0.014025770704959537,1.7855401355169904,0.000535662040655097,-0.0044071506744738295
2023-09-20 12:00:00+00:00,0.0006814960124354721,0.0011427697815836063,1.5375792304937805,0.0004612737691481341,0.003001387646386286
2023-09-20 16:00:00+00:00,0.0008909257337669441,0.0012854222255176723,1.3149883058357608,0.0003944964917507282,-0.006872445256632755
2023-09-20 20:00:00+00:00,0.0013793080923595162,0.001824004740972397,1.4823221620429365,0.0004446966486128809,0.007745159387134444
2023-09-21 00:00:00+00:00,0.002776178679056773,0.0032235588372934326,1.491267194122199,0.0004473801582366597,0.00304535362518199
2023-09-21 04:00:00+00:00,-0.0025218456992978843,-0.0020857173008174516,1.4537613282681088,0.0004361283984804326,-0.007651400301374865
2023-09-21 08:00:00+00:00,-0.00320258266227567,-0.0028766846076281466,1.086326848825078,0.00032589805464752335,-0.01568737659304284
2023-09-21 12:00:00+00:00,0.0026905794730028246,0.0030842410435492048,1.312205235154601,0.0003936615705463803,0.0001363020761726355
2023-09-21 16:00:00+00:00,0.0025248947691424903,0.00296176561953627,1.4562361679792646,0.00043687085039377933,-0.00214208516418124
2023-09-21 20:00:00+00:00,-0.0012653834020958656,-0.0008008075804925081,1.5485860720111921,0.0004645758216033576,-0.004601055141233795
2023-09-22 00:00:00+00:00,0.001803526942902204,0.002184716967640064,1.2706334157928676,0.00038119002473786025,0.0037334905617506797
2023-09-22 04:00:00+00:00,0.00044100073399542725,0.0009306733891412996,1.6322421838195749,0.0004896726551458724,-0.00023297709004088674
2023-09-22 08:00:00+00:00,0.0013612747075527408,0.001776514796107224,1.3841336285149448,0.0004152400885544834,0.0003999913242026393
2023-09-22 12:00:00+00:00,-8.72922043160054e-05,0.00039076242309021045,1.5935154246873864,0.00047805462740621585,-0.0014839644724533307
2023-09-22 16:00:00+00:00,-0.0012465949298181734,-0.0007821016767574627,1.5483108435357027,0.00046449325306071075,-0.0004973765799816884
2023-09-22 20:00:00+00:00,0.00016981578645178946,0.0006079784260941111,1.460542132141072,0.0004381626396423216,0.0021597995987683513
2023-09-23 00:00:00+00:00,-0.0002215835290058057,0.00028449555605317367,1.6869302835299314,0.0005060790850589794,5.1168152285174795e-05
2023-09-23 04:00:00+00:00,0.0006010074937545316,0.0010501188381900617,1.4970378147851002,0.00044911134443553004,0.0010941887748720652
2023-09-23 08:00:00+00:00,-0.00018927689350338618,0.00029589625838528867,1.6172438396289164,0.00048517315188867485,-0.0002496667740967684
2023-09-23 12:00:00+00:00,-0.0005348878853423401,-4.025215264716526e-05,1.6487857756505828,0.0004946357326951748,-0.004698905023428138
2023-09-23 16:00:00+00:00,0.004283568547910012,0.004735220784438025,1.5055074550933747,0.0004516522365280124,0.0052464148574854555
2023-09-23 20:00:00+00:00,-0.000451584804510611,8.194334405792694e-05,1.7784271618951264,0.0005335281485685379,-0.0017253867781141866
2023-09-24 00:00:00+00:00,-0.00018380062058020465,0.00035450222617347505,1.7943428225122657,0.0005383028467536797,0.0008018789838840079
2023-09-24 04:00:00+00:00,-4.710859224218414e-06,0.00041985260629070066,1.415211551716397,0.0004245634655149191,-0.00018410251302313635
2023-09-24 08:00:00+00:00,0.0012562754161529316,0.001744930964435415,1.628851827608278,0.0004886555482824834,0.002015147992165199
2023-09-24 12:00:00+00:00,-0.0012881434351549141,-0.00074293237072154,1.8173702147779136,0.000545211064433374,0.0010489998807202208
2023-09-24 16:00:00+00:00,0.000701777511013992,0.0010829227554716078,1.270484148192053,0.0003811452444576159,-0.005302178895502704
2023-09-24 20:00:00+00:00,0.00023597451124886812,0.0006551890579015751,1.39738182217569,0.00041921454665270693,-0.007612466108068254
2023-09-25 00:00:00+00:00,0.0003268124918450534,0.0006962594040352876,1.231489707300781,0.0003694469121902342,0.00647451297478404
2023-09-25 04:00:00+00:00,-0.0017785627105977636,-0.0013527471167326995,1.419385312883547,0.0004258155938650641,0.0019707030778294346
2023-09-25 08:00:00+00:00,-0.0023256372028176396,-0.001914595586082265,1.3701387224512493,0.00041104161673537475,-0.003584674292465069
2023-09-25 12:00:00+00:00,0.008658742346048246,0.009098594220009117,1.4661729132028998,0.0004398518739608699,0.00590005166127875
2023-09-25 16:00:00+00:00,0.0008771144988706596,0.0014676813071052561,1.968556027448655,0.0005905668082345965,0.0035414590316184547
2023-09-25 20:00:00+00:00,-0.0005775406220875668,-0.000169918750970453,1.3587395703903793,0.00040762187111711377,-0.0016234313005809575
2023-09-26 00:00:00+00:00,0.0005368193851617953,0.0009484036870324848,1.3719476729022988,0.00041158430187068963,0.007682029851739006
2023-09-26 04:00:00+00:00,-0.0009448363659767705,-0.0005530409913496258,1.3059845820904825,0.0003917953746271447,-0.006580834050865812
2023-09-26 08:00:00+00:00,-0.001185107379518235,-0.0007722807542251479,1.376088750976957,0.0004128266252930871,-0.000892431004606703
2023-09-26 12:00:00+00:00,-0.0009646031694365138,-0.0005154384976534432,1.4972155726102356,0.00044916467178307063,-0.0059958686140261855
2023-09-26 16:00:00+00:00,0.0007360097242504221,0.0011392808448705124,1.3442370687336345,0.0004032711206200903,0.001797769011440374
2023-09-26 20:00:00+00:00,0.0004599809502216277,0.0009125740011465771,1.5086435030831646,0.00045259305092494937,-0.0007787068702198169
2023-09-27 00:00:00+00:00,-0.0006154032005158492,-0.00018650404738542072,1.429663843768095,0.0004288991531304285,-0.0003065470069361573
2023-09-27 04:00:00+00:00,-0.00013133968273451862,0.00026593408759198705,1.3242459010883523,0.00039727377032650567,-0.0024894984164232983
2023-09-27 08:00:00+00:00,-0.0006108923957870153,-0.00018275295300710314,1.4271314759330407,0.00042813944277991214,0.020609721988632007
2023-09-27 12:00:00+00:00,-0.0006271614700563886,-0.00014952932823749602,1.5921071393963087,0.00047763214181889254,-0.01806269784182122
2023-09-27 16:00:00+00:00,-0.003449826631989409,-0.003026405155856703,1.4114049204423555,0.0004234214761327066,0.0013283932658734315
2023-09-27 20:00:00+00:00,0.014729634709259226,0.01517269941156329,1.4768823410135459,0.0004430647023040637,-0.0015518935210688811
2023-09-28 00:00:00+00:00,-0.0007897906011293582,-0.00024968217148143017,1.80036143215976,0.000540108429647928,0.0023180768939107324
2023-09-28 04:00:00+00:00,-0.0017117168162538712,-0.001274930521353566,1.4559543163343507,0.0004367862949003052,0.00870449706107699
2023-09-28 08:00:00+00:00,-0.0007893810164505668,-0.0004402605995612134,1.1637347229645116,0.00034912041688935346,0.0026695519605691234
2023-09-28 12:00:00+00:00,0.0036179564865668956,0.004003585168610189,1.2854289401443106,0.00038562868204329316,0.013515033346648983
2023-09-28 16:00:00+00:00,-0.0023419650558169683,-0.0018347093863353816,1.6908522316052896,0.0005072556694815869,0.0021415085670064213
2023-09-28 20:00:00+00:00,0.0030393604905574966,0.0033945478527567527,1.1839578739975207,0.0003551873621992562,0.00011156963060442865
2023-09-29 00:00:00+00:00,-0.0031043278636881276,-0.002586513299530401,1.7260485471924223,0.0005178145641577266,0.002533778241652032
2023-09-29 04:00:00+00:00,0.002739899545656888,0.003045040292139161,1.0171358216075779,0.0003051407464822733,0.007186926848453887
2023-09-29 08:00:00+00:00,0.008069284311464132,0.008596418110392794,1.7571126630955367,0.000527133798928661,-0.003232669115857588
2023-09-29 12:00:00+00:00,0.006221048623118102,0.0067299898253653885,1.6964706741576214,0.0005089412022472864,0.004387396250443806
2023-09-29 16:00:00+00:00,0.0001328969146560682,0.0006370173015352277,1.6804012895971985,0.0005041203868791595,-0.0031810455066051124
2023-09-29 20:00:00+00:00,0.0033747016765389736,0.003872084534093576,1.6579428585153408,0.0004973828575546022,0.0006915917791187123
2023-09-30 00:00:00+00:00,-0.0010789610783209012,-0.0005623195288916732,1.7221384980974266,0.0005166415494292279,-0.0013464069914045987
2023-09-30 04:00:00+00:00,-0.0020938464450149215,-0.001655838304207253,1.4600271360255614,0.0004380081408076684,0.003935951090803726
2023-09-30 08:00:00+00:00,0.0024702870631609316,0.002757522488924998,0.9574514192135537,0.0002872354257640661,9.762714036001818e-05
2023-09-30 12:00:00+00:00,0.005657372286478248,0.006158597800767481,1.670751714297443,0.0005012255142892328,0.011350384094091344
2023-09-30 16:00:00+00:00,-0.0019834256614972836,-0.0014389732538270402,1.8148413589008117,0.0005444524076702434,0.0037401684300071014
2023-09-30 20:00:00+00:00,-0.0008671179195482665,-0.00045528410688786187,1.3727793755346822,0.00041183381266040464,-0.0026468292588417708
2023-10-01 00:00:00+00:00,0.0008320233742417957,0.0012262521465132496,1.314095907571513,0.00039422877227145387,-0.0007427333719826415
2023-10-01 04:00:00+00:00,-0.0009066843205672689,-0.0004066447625993238,1.666798526559817,0.000500039557967945,0.004421141629500483
2023-10-01 08:00:00+00:00,-0.006092215163327887,-0.005672292648950749,1.399741714590459,0.00041992251437713765,0.01825140704942453
2023-10-01 12:00:00+00:00,-0.0029178493341072407,-0.0025405463077817956,1.257676754418151,0.0003773030263254453,-0.0038147328069844666
2023-10-01 16:00:00+00:00,-0.0024485721692271705,-0.002110518390659852,1.126845928557728,0.00033805377856731836,-0.005310290437693772
2023-10-01 20:00:00+00:00,0.0018366919060616288,0.0021868092789677877,1.1670579096871965,0.0003501173729061589,0.022416817785150756
2023-10-02 00:00:00+00:00,0.001789480016119582,0.0022065647415041552,1.3902824179485778,0.0004170847253845733,0.0033951095118684715
2023-10-02 04:00:00+00:00,0.002624400492486308,0.003080623414787306,1.5207430743366592,0.0004562229223009977,0.0022351397790589325
2023-10-02 08:00:00+00:00,0.0043192532685669945,0.004759158961078257,1.4663523083708752,0.0004399056925112625,-0.004917080236763398
2023-10-02 12:00:00+00:00,-0.0016965233053143002,-0.0011951652641109154,1.6711934706779494,0.0005013580412033848,-0.013563118421374518
2023-10-02 16:00:00+00:00,0.0047442150919582236,0.0051668125811012355,1.4086582971433723,0.00042259748914301166,-0.012539096393358144
2023-10-02 20:00:00+00:00,0.003304826331737598,0.003697158225231892,1.307772978314313,0.0003923318934942939,-0.006934466465595493
2023-10-03 00:00:00+00:00,0.0020509621733089626,0.002585759945162832,1.7826592395128988,0.0005347977718538696,0.005550481061783269
2023-10-03 04:00:00+00:00,-0.002849999818364009,-0.002341092978438657,1.6963561330845085,0.0005089068399253525,6.107735560718225e-05
2023-10-03 08:00:00+00:00,-0.002013955157478047,-0.0016418708584359728,1.2402809968069137,0.0003720842990420741,-0.004929896090474693
2023-10-03 12:00:00+00:00,0.001423616877512428,0.0018034032828186577,1.2659546843540992,0.0003797864053062297,-0.004719652486513515
2023-10-03 16:00:00+00:00,0.005323824115211099,0.005785240793177966,1.5380555932228879,0.0004614166779668663,-0.002657334756143402
2023-10-03 20:00:00+00:00,-0.0018648279210367246,-0.0013487724747894498,1.72018482082425,0.000516055446247275,0.004195321915182217
2023-10-04 00:00:00+00:00,0.004925679842531252,0.005348598894643914,1.409730173708874,0.0004229190521126622,-0.017117758026072058
2023-10-04 04:00:00+00:00,0.006922418333889004,0.007407056588426424,1.6154608484580688,0.0004846382545374206,0.009025491696046085
2023-10-04 08:00:00+00:00,-0.004288665266460837,-0.003764060034852937,1.7486841053596665,0.0005246052316078999,0.005489861934502051
2023-10-04 12:00:00+00:00,0.013600086872640194,0.013937689398043906,1.1253417513457118,0.00033760252540371353,-0.009185080740182698
2023-10-04 16:00:00+00:00,-0.0037442213725684677,-0.0031957864205239134,1.828116506815181,0.0005484349520445543,0.006325813272267729
2023-10-04 20:00:00+00:00,-0.0013009585313000754,-0.0009198232704584364,1.2704508694721302,0.00038113526084163903,0.0050621522226816235
2023-10-05 00:00:00+00:00,0.0024930513755559817,0.002892630255355874,1.3319295993329738,0.0003995788797998921,-0.0014095591049062967
2023-10-05 04:00:00+00:00,0.00844178990069934,0.009013177401002685,1.904625001011153,0.0005713875003033459,-0.005210277999756312
2023-10-05 08:00:00+00:00,-0.0020914599327176366,-0.0015530849832766892,1.7945831648031583,0.0005383749494409474,0.004259960994939381
2023-10-05 12:00:00+00:00,0.01509321839891335,0.015439844252021445,1.1554195103603149,0.00034662585310809446,-0.010132644204524144
2023-10-05 16:00:00+00:00,0.018115175022782624,0.018644389426060646,1.7640480109267391,0.0005292144032780217,-0.00269097736910804
2023-10-05 20:00:00+00:00,0.01203635971727681,0.012490177923359772,1.5127273536098733,0.00045381820608296193,0.0024802838188718868
2023-10-06 00:00:00+00:00,0.010523501809393768,0.011019156221884194,1.6521813749680825,0.0004956544124904247,0.004904897472213544
2023-10-06 04:00:00+00:00,-0.01033646700011562,-0.00981028809648978,1.7539296787527983,0.0005261789036258394,0.002558837321462004
2023-10-06 08:00:00+00:00,0.000357218678519057,0.0006097925972328685,0.8419130623793717,0.0002525739187138115,-5.776116738798881e-05
2023-10-06 12:00:00+00:00,-0.00027754398939683377,0.00022529353936353994,1.6761250958679126,0.0005028375287603737,0.007593718113790587
2023-10-06 16:00:00+00:00,0.003017391857749004,0.003421026949454548,1.3454503056851466,0.00040363509170554394,0.0008384217989857168
2023-10-06 20:00:00+00:00,-0.0003183837843434414,0.00022372012925645055,1.8070130453329734,0.000542103913599892,0.0017644569935908322
2023-10-07 00:00:00+00:00,0.005195581922226384,0.0057159698466965995,1.7346264149007173,0.0005203879244702152,0.002240679792398746
2023-10-07 04:00:00+00:00,0.0034059195771820867,0.003822898550646779,1.3899299115489745,0.0004169789734646923,-0.0027621567671783295
2023-10-07 08:00:00+00:00,-0.004699956014183122,-0.004265746469902531,1.4473651476019704,0.0004342095442805911,-0.0027427429422565847
2023-10-07 12:00:00+00:00,0.003284842147214053,0.0035956752445489583,1.036110324449684,0.0003108330973349052,-0.003036315474079253
2023-10-07 16:00:00+00:00,0.005651442413895708,0.006168947286945546,1.7250162434994591,0.0005175048730498377,-0.009409297897480448
2023-10-07 20:00:00+00:00,0.00912785901427308,0.009599905042109648,1.5734867594552286,0.00047204602783656855,0.006660495119993726
2023-10-08 00:00:00+00:00,0.0007206664232707324,0.0012263939221513025,1.6857583296019003,0.0005057274988805701,0.0034685233686516034
2023-10-08 04:00:00+00:00,0.003690010036686433,0.00417852537049213,1.6283844460189885,0.0004885153338056965,-0.00693945339861949
2023-10-08 08:00:00+00:00,-0.0015150747579741983,-0.0010279619860147004,1.623709239864993,0.0004871127719594979,-0.006901468812258046
2023-10-08 12:00:00+00:00,0.005931728783864111,0.006387415352096488,1.518955227441257,0.0004556865682323771,0.0015966786706774275
2023-10-08 16:00:00+00:00,-0.001319215732609702,-0.0007943383576612336,1.749591249828228,0.0005248773749484683,0.002374897728193423
2023-10-08 20:00:00+00:00,-0.00023137357016533839,0.00017879990985134584,1.3672449333889476,0.00041017348001668423,-0.0011290973821578842
2023-10-09 00:00:00+00:00,0.0009134300260311992,0.0014164187271657623,1.676629003781877,0.0005029887011345631,-0.001528831614586952
2023-10-09 04:00:00+00:00,-0.000807716845630219,-0.0002757111903031802,1.7733521844234628,0.0005320056553270388,-0.006280608381763288
2023-10-09 08:00:00+00:00,0.0038715028056694736,0.004348068982850679,1.5885539239373527,0.0004765661771812058,-0.03052757051855489
2023-10-09 12:00:00+00:00,-0.001956908895496968,-0.0016217736133777457,1.1171176070640747,0.0003351352821192224,0.0026229777698022483
2023-10-09 16:00:00+00:00,-0.0012530124834858037,-0.0007830238267147977,1.566628855903353,0.00046998865677100587,0.002090634285409655
2023-10-09 20:00:00+00:00,0.0018611528290265454,0.0022606035319349712,1.3315023430280863,0.0003994507029084259,-0.00149829600601796
2023-10-10 00:00:00+00:00,0.002053246630679773,0.002554604586479063,1.6711931859976343,0.0005013579557992902,-0.0007180758414011071
2023-10-10 04:00:00+00:00,-0.006031341491050261,-0.005511754320702923,1.7319572344911274,0.0005195871703473382,0.008241359313781026
2023-10-10 08:00:00+00:00,0.00940667969277565,0.009734181303296476,1.0916720350694191,0.0003275016105208257,-0.009059952957727595
2023-10-10 12:00:00+00:00,-0.005677591760884375,-0.005140683053116329,1.7896956925601526,0.0005369087077680458,-0.0052399977211343915
2023-10-10 16:00:00+00:00,-0.0070082055249012275,-0.006692818048106177,1.0512915893168349,0.0003153874767950504,0.0013369306426863903
2023-10-10 20:00:00+00:00,0.02098707599595492,0.021308263891000302,1.0706263168179404,0.0003211878950453821,-0.0018029235617778652
2023-10-11 00:00:00+00:00,-0.001961593604643202,-0.0014348126666939743,1.7559364598307599,0.0005267809379492279,-0.010242314443023821
2023-10-11 04:00:00+00:00,-0.0025971683913397913,-0.002201680661146482,1.3182924339776982,0.00039548773019330944,-0.00043470366481561384
2023-10-11 08:00:00+00:00,0.0010209995820197279,0.001375079168624787,1.1802652886835308,0.0003540795866050592,0.008021259238815123
2023-10-11 12:00:00+00:00,-0.0023279498059121406,-0.0018852709656814587,1.4755961341022725,0.0004426788402306817,-0.010706425512803243
2023-10-11 16:00:00+00:00,-0.0004028072572505063,-2.6367450768240266e-05,1.254799354940887,0.000376439806482266,0.0033192241411304987
2023-10-11 20:00:00+00:00,0.007973345184630913,0.008462177684867355,1.62944166745481,0.000488832500236443,0.007532600635313205
2023-10-12 00:00:00+00:00,0.014700237520780543,0.015171407721651157,1.5705673362353767,0.000471170200870613,-0.010883680044460081
2023-10-12 04:00:00+00:00,0.013919171617866342,0.014439130778739684,1.733197202911139,0.0005199591608733417,0.003062448804303508
2023-10-12 08:00:00+00:00,-0.0034506726714971818,-0.002889202634854737,1.8715667888081502,0.000561470036642445,-0.005931730773190778
2023-10-12 12:00:00+00:00,0.0004114472807597218,0.000777240455704187,1.2193105831482174,0.00036579317494446516,-0.006829230657314556
2023-10-12 16:00:00+00:00,-0.00038334527485490446,6.139369312667083e-05,1.482463226605251,0.0004447389679815753,-0.003602915694764057
2023-10-12 20:00:00+00:00,0.0013272255991214265,0.001762340143475596,1.4503818145138987,0.00043511454435416955,-0.00011976453128039605
2023-10-13 00:00:00+00:00,0.0210518809371442,0.021536130205940047,1.6141642293194827,0.00048424926879584476,0.006781564465432266
2023-10-13 04:00:00+00:00,0.004233694900956925,0.004760493537864896,1.7559954563599043,0.0005267986369079712,0.0036247231243560357
2023-10-13 08:00:00+00:00,-0.00038665190232867034,0.00015295104948228298,1.798676506036511,0.0005396029518109533,-0.000578130744048895
2023-10-13 12:00:00+00:00,0.0027256853283540586,0.0031571437780489823,1.4381948323164127,0.0004314584496949238,-0.0044790595168255065
2023-10-13 16:00:00+00:00,0.0069636306283182865,0.007418425817057549,1.5159839624642109,0.00045479518873926323,0.0030512451260474513
2023-10-13 20:00:00+00:00,-0.0018958803531442842,-0.0014187481865738333,1.5904405552348364,0.00047713216657045086,0.006730612488523635
2023-10-14 00:00:00+00:00,0.010929602237155146,0.011393515651923524,1.5463780492279224,0.0004639134147683767,-0.0014816552583462386
2023-10-14 04:00:00+00:00,0.013394559404041531,0.013859701250744648,1.5504728223437223,0.00046514184670311666,0.0008513688503177588
2023-10-14 08:00:00+00:00,-0.0006560451335612094,-0.0001075262475772362,1.8283962866132442,0.0005485188859839732,0.00151580820764817
2023-10-14 12:00:00+00:00,0.002541956229549903,0.002994534028491365,1.5085926631382067,0.000452577798941462,0.0016413680046992105
2023-10-14 16:00:00+00:00,-0.00035684701980054725,6.020470292356951e-05,1.3901724090803893,0.00041705172272411676,-0.00044325046115057526
2023-10-14 20:00:00+00:00,-0.00032021186916676735,6.955073248508654e-05,1.2992086721728464,0.00038976260165185387,2.9017139179694784e-05
2023-10-15 00:00:00+00:00,0.0028626708739094902,0.0033065001356709276,1.479430872538125,0.00044382926176143747,0.0009428940938273553
2023-10-15 04:00:00+00:00,-0.0006594575129528267,-0.00012064026505348481,1.7960574929978066,0.0005388172478993419,-0.00022703190011533203
2023-10-15 08:00:00+00:00,-0.0017246255130352684,-0.0013040409934411165,1.4019483986471735,0.000420584519594152,-0.0003096793107553661
2023-10-15 12:00:00+00:00,-0.0003302314860057934,5.8003331202934483e-05,1.2941160573624264,0.0003882348172087279,-0.006500454805275779
2023-10-15 16:00:00+00:00,0.011087693186630776,0.01159525737503009,1.6918806279977137,0.000507564188399314,0.007948711199132721
2023-10-15 20:00:00+00:00,0.0005133701824879034,0.0010566798479582531,1.8110322182344991,0.0005433096654703497,-0.00039651442999357606
2023-10-16 00:00:00+00:00,-0.004798315694654892,-0.004376523627251434,1.4059735580115265,0.0004217920674034579,0.006568051786459764
2023-10-16 04:00:00+00:00,0.001300886354953585,0.00165064456123262,1.1658606875967836,0.00034975820627903507,0.01303404103303879
2023-10-16 08:00:00+00:00,0.0007960729241315459,0.0012300268026173185,1.4465129282859088,0.0004339538784857726,-9.491165137307661e-05
2023-10-16 12:00:00+00:00,-0.00022246583056880544,0.00019740025011072534,1.3995536022651027,0.0004198660806795308,-0.006435228588910644
2023-10-16 16:00:00+00:00,-0.001110079677180754,-0.0006808998772189262,1.4305993332060933,0.00042917979996182797,0.009317785816859867
2023-10-16 20:00:00+00:00,0.0008335813401443918,0.001182644667088673,1.163544423147604,0.00034906332694428115,0.005108648970873278
2023-10-17 00:00:00+00:00,-0.001404000421185526,-0.0009935150095411467,1.3682847054812648,0.00041048541164437943,-0.007679869621318468
2023-10-17 04:00:00+00:00,0.0019979696877575268,0.0024370281951574665,1.4635283579997997,0.00043905850739993986,-0.0006436030690436662
2023-10-17 08:00:00+00:00,-0.0031655613887663263,-0.0026519451297678303,1.7120541966616527,0.0005136162589984958,0.00019868171496584264
2023-10-17 12:00:00+00:00,0.0012113915197991248,0.0016111424970263368,1.3325032574240407,0.00039975097722721217,-0.01056717507815113
2023-10-17 16:00:00+00:00,-0.000945315362540726,-0.0005622545185710151,1.2768694798990365,0.0003830608439697109,-0.004916016782700747
2023-10-17 20:00:00+00:00,0.0028015537410560646,0.003170103721641866,1.2284999352860058,0.0003685499805858017,0.0002956568470001211
2023-10-18 00:00:00+00:00,0.0007260434784860064,0.0013219390157635917,1.9863184575919512,0.0005958955372775853,-0.0007951778784893448
2023-10-18 04:00:00+00:00,0.001678037269261012,0.002187266660064676,1.6974313026788796,0.0005092293908036639,0.002769894051610343
2023-10-18 08:00:00+00:00,-0.0023478429094752227,-0.0018702685533465908,1.5919145204287737,0.00047757435612863204,0.00028911236945890206
2023-10-18 12:00:00+00:00,-0.0022223643978092765,-0.0018813896567222957,1.1365824702899363,0.00034097474108698086,-0.01014843567363044
2023-10-18 16:00:00+00:00,-0.00030298129905567716,0.00015606185052216787,1.5301438319261502,0.000459043149577845,-0.0024886839731960014
2023-10-18 20:00:00+00:00,0.0016857613150025102,0.0021018676592902096,1.3870211476256644,0.0004161063442876993,-0.0020678522012300277
2023-10-19 00:00:00+00:00,0.0007554335021894986,0.001248341657346444,1.643027183856485,0.0004929081551569455,-0.005947674586461366
2023-10-19 04:00:00+00:00,-0.00018710837970025595,0.00028512351975936866,1.5741063315320822,0.0004722318994596246,0.004002081266779915
2023-10-19 08:00:00+00:00,-0.0021641508957773526,-0.0016874413249752182,1.5890319026737818,0.0004767095708021345,0.0006319560540939198
2023-10-19 12:00:00+00:00,-0.007162260061454724,-0.006732190734211812,1.4335644241430405,0.0004300693272429121,0.005400869568642906
2023-10-19 16:00:00+00:00,0.0007092813404747022,0.0010837621148110845,1.2482692477879411,0.0003744807743363823,0.0014720634864505908
2023-10-19 20:00:00+00:00,0.0007795889130115415,0.0012300300334041586,1.501470401308724,0.00045044112039261715,0.0026615208812214228
2023-10-20 00:00:00+00:00,0.007680365119027954,0.008159544910447958,1.5972659714000141,0.0004791797914200042,0.014747142975226057
2023-10-20 04:00:00+00:00,-0.006215738802927109,-0.005725523600125997,1.6340506760037046,0.0004902152028011113,0.002600403329351568
2023-10-20 08:00:00+00:00,0.0006057827484332319,0.0009171236254651906,1.0378029234398627,0.0003113408770319588,0.016263557815915944
2023-10-20 12:00:00+00:00,0.004258761264798929,0.00475680472906432,1.6601448808846353,0.0004980434642653906,-0.004122454696726639
2023-10-20 16:00:00+00:00,0.0011834412585003892,0.0017332449419068478,1.8326789446881953,0.0005498036834064586,-0.0033177966387959654
2023-10-20 20:00:00+00:00,0.013520454347975998,0.013980877441219829,1.5347436441461018,0.00046042309324383047,0.0029055283846212213
2023-10-21 00:00:00+00:00,0.0019029257207564894,0.0023805518728881757,1.5920871737722873,0.00047762615213168614,-0.0007610279399261968
2023-10-21 04:00:00+00:00,-0.00061365128842235,-0.0001456998853741219,1.5598380101607603,0.00046795140304822807,0.01399302607960605
2023-10-21 08:00:00+00:00,-0.01262697464384981,-0.01223882809645,1.293821824666032,0.0003881465473998096,0.010871065420734655
2023-10-21 12:00:00+00:00,-0.0034511633563814245,-0.0032101958719881964,0.8032249479774267,0.000240967484393228,0.025328311987755148
2023-10-21 16:00:00+00:00,0.00757811527810841,0.007975409018775307,1.324312468889656,0.00039729374066689674,0.0019425549978672324
2023-10-21 20:00:00+00:00,0.0008006524901279532,0.0013647681053161158,1.880385383960542,0.0005641156151881626,-0.0031227147130793234
2023-10-22 00:00:00+00:00,-0.003689838329506582,-0.0031297561253435147,1.866940680543558,0.0005600822041630674,-0.000927171504290579
2023-10-22 04:00:00+00:00,0.012403262595791269,0.01290607610998261,1.6760450473044741,0.0005028135141913422,0.006215587104931551
2023-10-22 08:00:00+00:00,-0.0008553216197540661,-0.000326213964931022,1.7636921827434806,0.0005291076548230441,-0.009106321340977525
2023-10-22 12:00:00+00:00,0.0036066349962674223,0.004028465112642066,1.406100387915479,0.00042183011637464364,0.0018866737584382134
2023-10-22 16:00:00+00:00,-0.006312420461885654,-0.005813587427803609,1.6627767802734843,0.0004988330340820452,0.013341284186123875
2023-10-22 20:00:00+00:00,-0.005549350747587833,-0.00516065104377788,1.2956656793665113,0.00038869970380995335,0.019847059170867
2023-10-23 00:00:00+00:00,-0.004663632950707519,-0.004311027506997106,1.17535147903471,0.00035260544371041295,0.01877389850695499
2023-10-23 04:00:00+00:00,0.002764365591847723,0.0031677789577871426,1.3447112197980655,0.00040341336593941964,-0.013586382666266154
2023-10-23 08:00:00+00:00,-0.005809408096254984,-0.005267646113897909,1.805873274523584,0.0005417619823570751,0.003538789803364077
2023-10-23 12:00:00+00:00,-0.0050509547852705785,-0.004657722440562085,1.3107744823616474,0.0003932323447084942,-0.007909060743035788
2023-10-23 16:00:00+00:00,0.0005986501910871034,0.000997791754258411,1.3304718772376918,0.0003991415631713075,0.01699558902714879
2023-10-23 20:00:00+00:00,0.0015446994063693952,0.0019524923473998122,1.3593098034347235,0.00040779294103041703,0.03362528094587362
2023-10-24 00:00:00+00:00,-0.00018932695370932557,0.0003900300051133728,1.931189862742328,0.0005793569588226984,0.008541298812216248
2023-10-24 04:00:00+00:00,0.001297338239447052,0.001769290669449705,1.573174766675511,0.00047195243000265326,-0.012600048233848103
2023-10-24 08:00:00+00:00,-0.00025087175842947916,0.00014650997856458067,1.3246057899801995,0.00039738173699405984,0.024124972314493773
2023-10-24 12:00:00+00:00,-0.0024607515022170567,-0.0019521373994204859,1.6953803426552372,0.0005086141027965711,-0.03540272869642559
2023-10-24 16:00:00+00:00,-0.0006013430028954831,-0.0001361219531408385,1.550736832515482,0.00046522104975464456,0.01086425860244341
2023-10-24 20:00:00+00:00,-0.00099857324385868,-0.0005957883232368946,1.3426164020726181,0.0004027849206217854,0.0012902374778421058
2023-10-25 00:00:00+00:00,-0.005793337471687113,-0.005392291167498705,1.3368210139613605,0.00040104630418840814,0.012865183483519428
2023-10-25 04:00:00+00:00,0.0018167415858894856,0.00225889257722384,1.473836637781182,0.00044215099133435454,-0.015201995154717873
2023-10-25 08:00:00+00:00,-0.005553652567022554,-0.0051788995495387884,1.2491767249458856,0.00037475301748376565,0.011874819855442649
2023-10-25 12:00:00+00:00,-0.0001168226009148721,0.000257201422837296,1.2467467458405606,0.00037402402375216813,0.02456596391450286
2023-10-25 16:00:00+00:00,-0.002607617973076342,-0.0021052820915202397,1.6744529385203424,0.0005023358815561027,-0.010514269174954918
2023-10-25 20:00:00+00:00,-0.005246614532688677,-0.004862414927073337,1.2806653520511335,0.00038419960561534005,0.0010158494174091204
2023-10-26 00:00:00+00:00,-0.004515670625077554,-0.0041945341030159245,1.0704550735387663,0.0003211365220616299,0.020847136472768583
2023-10-26 04:00:00+00:00,-0.006313035065801625,-0.006015614916440018,0.991400497872024,0.0002974201493616072,0.009776464336116564
2023-10-26 08:00:00+00:00,0.0015016358527795012,0.0017262330750558378,0.7486574075877892,0.00022459722227633673,-0.013954810270098858
2023-10-26 12:00:00+00:00,0.0047425743005101734,0.005198181500117858,1.51869066535895,0.00045560719960768494,-0.02513143856800422
2023-10-26 16:00:00+00:00,0.0036396259375223294,0.0041137085047348206,1.5802752240416371,0.0004740825672124911,0.010173558580640812
2023-10-26 20:00:00+00:00,0.00039523853689624145,0.0009878578643658183,1.9753977582319229,0.0005926193274695768,0.010089360837924007
2023-10-27 00:00:00+00:00,0.006266126620670178,0.006704862483025219,1.462452874516803,0.0004387358623550409,-0.008695971808326375
2023-10-27 04:00:00+00:00,0.0006977880659066437,0.0012378016796075351,1.8000453790029716,0.0005400136137008914,-0.007907337501674126
2023-10-27 08:00:00+00:00,-0.00020418854993827236,0.00020301411235096212,1.3573422076307817,0.0004072026622892345,0.007314871485019088
2023-10-27 12:00:00+00:00,0.0027939902521917246,0.003140028597144121,1.1534611498413212,0.00034603834495239636,0.007742823775008803
2023-10-27 16:00:00+00:00,-0.0056067863353877,-0.005181407420156556,1.4179297174371466,0.00042537891523114393,-0.017352164131720825
2023-10-27 20:00:00+00:00,0.0035970045563962277,0.003938579577321443,1.1385834030840494,0.0003415750209252148,0.0030950980043387283
2023-10-28 00:00:00+00:00,0.006034538461586895,0.006461454334258348,1.4230529089048418,0.0004269158726714525,0.012942079591751234
2023-10-28 04:00:00+00:00,0.011315445219541052,0.011828028897220212,1.7086122589305326,0.0005125836776791597,0.0022695566525046673
2023-10-28 08:00:00+00:00,0.0007107287495139546,0.0012334849369716931,1.7425206248591285,0.0005227561874577385,0.002328578772265645
2023-10-28 12:00:00+00:00,0.0050398332763102825,0.0054618201711839655,1.406622982912278,0.00042198689487368336,-0.00403106958613475
2023-10-28 16:00:00+00:00,0.00033348974747657854,0.0008975124119148034,1.8800755481274163,0.0005640226644382249,-0.004384121855237684
2023-10-28 20:00:00+00:00,0.0004577731129923924,0.0008766748382088245,1.396339084054774,0.00041890172521643216,0.001481013401997626
2023-10-29 00:00:00+00:00,0.0007273515551629978,0.0011582162324972661,1.4362155911142276,0.00043086467733426825,-0.0059572916502556444
2023-10-29 04:00:00+00:00,-0.00217999216680692,-0.0017038980697134372,1.5869803236449416,0.00047609409709348244,0.008796595578890481
2023-10-29 08:00:00+00:00,-0.001621095884769028,-0.0012257188234024038,1.3179235378887475,0.0003953770613666242,0.0008481340727354222
2023-10-29 12:00:00+00:00,0.0018886798601741063,0.002288232022610286,1.3318405414539323,0.00039955216243617965,0.009087325280756377
2023-10-29 16:00:00+00:00,-0.0002567280713352539,0.00017876453003956683,1.4516420045827358,0.0004354926013748207,0.003988438634504161
2023-10-29 20:00:00+00:00,-0.0025149718087029934,-0.0020836635312188488,1.437694258280482,0.00043130827748414453,0.0024318331928087702
2023-10-30 00:00:00+00:00,0.004012932335627971,0.004500808684828316,1.6262544973344815,0.0004878763492003444,-0.003974870046745481
2023-10-30 04:00:00+00:00,0.0035240628583920112,0.004077981942767906,1.8463969479196494,0.0005539190843758948,-0.0020320030188255497
2023-10-30 08:00:00+00:00,0.008134988557277371,0.00868670403623703,1.8390515965321999,0.00055171547895966,0.0232656408858415
2023-10-30 12:00:00+00:00,-0.003008424165412065,-0.0024622127609570054,1.8207046815168655,0.0005462114044550596,0.0005816930375457316
2023-10-30 16:00:00+00:00,-0.004467777452255831,-0.004032090213781189,1.4522907949154717,0.0004356872384746415,0.001025858700828837
2023-10-30 20:00:00+00:00,-0.00903116007105223,-0.008602833284067614,1.4277559566153852,0.00042832678698461553,0.008555415337593117
2023-10-31 00:00:00+00:00,0.009482591664475072,0.009807775160893624,1.0839449880618404,0.0003251834964185521,0.0015943340551261287
2023-10-31 04:00:00+00:00,0.0012695808273429884,0.00175467058916834,1.6169658727511724,0.0004850897618253517,-0.005767432560943704
2023-10-31 08:00:00+00:00,0.00471432952221628,0.005162017529432734,1.4922933573881798,0.0004476880072164539,0.01642438381033197
2023-10-31 12:00:00+00:00,-0.0017029333179531302,-0.0011889375713440974,1.7133191553634424,0.0005139957466090327,-0.02497849620663306
2023-10-31 16:00:00+00:00,0.009432761407106504,0.009919179802867068,1.6213946525352108,0.0004864183957605632,0.006098730544266948
2023-10-31 20:00:00+00:00,0.010278913787370647,0.010806035830867611,1.7570734783232131,0.0005271220434969639,0.010864483948224646
2023-11-01 00:00:00+00:00,-0.004085512281160787,-0.0036268010828983113,1.5290373275415838,0.0004587111982624751,-0.004179647265569075
2023-11-01 04:00:00+00:00,-0.0011455795155958682,-0.0007433927238459774,1.3406226391663028,0.0004021867917498908,-0.0047465853928088525
2023-11-01 08:00:00+00:00,0.0008098487651030778,0.0012196146348156583,1.3658862323752685,0.0004097658697125805,-0.002933232742982003
2023-11-01 12:00:00+00:00,-0.001956091527326395,-0.0015574601504651823,1.3287712562040417,0.00039863137686121247,-0.001508777706309604
2023-11-01 16:00:00+00:00,0.0030075675798243613,0.0034107192062691177,1.3438387548158544,0.0004031516264447563,0.0418898995043846
2023-11-01 20:00:00+00:00,-0.005755225968992625,-0.005280342271742822,1.5829456574993412,0.00047488369724980233,0.015880235031361607
2023-11-02 00:00:00+00:00,0.005363605259045231,0.005761404963667418,1.3259990154072891,0.0003977997046221867,0.00818542342078904
2023-11-02 04:00:00+00:00,-0.00508242031755887,-0.004580612635738464,1.6726922727346862,0.0005018076818204059,-0.01533335688945599
2023-11-02 08:00:00+00:00,-0.0022065910748769384,-0.0018334861646288603,1.2436830341602607,0.00037310491024807816,0.007402642616464283
2023-11-02 12:00:00+00:00,0.0026042150471249966,0.0030018853851283512,1.325567793344515,0.00039767033800335445,-0.027377699020013746
2023-11-02 16:00:00+00:00,0.002786900107060983,0.003248482907744475,1.5386093356116401,0.000461582800683492,0.012142790401856826
2023-11-02 20:00:00+00:00,-0.0028220104775809243,-0.0024111997278435677,1.3693691657911888,0.0004108107497373566,-0.004400055667213589
2023-11-03 00:00:00+00:00,-0.0004049186235626563,-3.672626384516051e-05,1.227307865724986,0.0003681923597174958,-0.01975196144770787
2023-11-03 04:00:00+00:00,0.005971983908786004,0.006350932826109778,1.2631630577459128,0.0003789489173237738,0.008471679711535108
2023-11-03 08:00:00+00:00,0.0045462345283095364,0.005035791306672297,1.6318559278758684,0.0004895567783627605,-0.007161701337163416
2023-11-03 12:00:00+00:00,0.007900912950119729,0.008385456690998853,1.6151458029304118,0.0004845437408791235,0.019075688492373746
2023-11-03 16:00:00+00:00,-0.004389131488031223,-0.0038889303625932654,1.6673370847931923,0.0005002011254379577,-0.002570756004130618
2023-11-03 20:00:00+00:00,-0.007423815939616852,-0.006974320765059889,1.4983172485232106,0.00044949517455696313,0.010559218362825277
2023-11-04 00:00:00+00:00,0.001920062145429768,0.0021884932252747864,0.8947702661500615,0.0002684310798450184,0.005395017315062403
2023-11-04 04:00:00+00:00,0.002085755521580976,0.0025127553284504563,1.4233326895649356,0.00042699980686948064,0.0033757291911199927
2023-11-04 08:00:00+00:00,0.0011545634144375999,0.0015981529187632758,1.4786316810855864,0.0004435895043256759,0.0027926177296309345
2023-11-04 12:00:00+00:00,-0.0014028939536540274,-0.0009200713264024871,1.6094087575051346,0.0004828226272515403,-0.0031647909636596705
2023-11-04 16:00:00+00:00,0.0081125474512226,0.008521808064364212,1.3642020438053708,0.0004092606131416112,0.007968746888514384
2023-11-04 20:00:00+00:00,0.005094698021561118,0.00559766365618008,1.6765521153965404,0.0005029656346189621,0.014010389040462576
2023-11-05 00:00:00+00:00,0.003438292979430294,0.0038743292475406053,1.4534542270343709,0.00043603626811031124,0.01772664909340614
2023-11-05 04:00:00+00:00,0.0013113322781811362,0.0017585704280563567,1.490793832917402,0.00044723814987522055,0.0005153664887764351
2023-11-05 08:00:00+00:00,0.0028518432328746117,0.0032702963285311457,1.394843652188447,0.00041845309565653407,0.007563255475614043
2023-11-05 12:00:00+00:00,-0.012414144067319886,-0.012018317596271727,1.319421570160531,0.00039582647104815925,-0.014137841065554517
2023-11-05 16:00:00+00:00,0.009926181415878052,0.010129675756221927,0.6783144678129146,0.00020349434034387437,0.011198622462440626
2023-11-05 20:00:00+00:00,-0.0016722878119104717,-0.0011791651535646812,1.6437421944859691,0.0004931226583457907,0.0031691876958898995
2023-11-06 00:00:00+00:00,-0.0019290383708298797,-0.0015395889201589251,1.298164835569849,0.00038944945067095465,0.00961428203487589
2023-11-06 04:00:00+00:00,-0.0023564339218962236,-0.001883219584570421,1.577381124419343,0.00047321433732580283,-0.006067149211977825
2023-11-06 08:00:00+00:00,0.0015421380099415122,0.0019649330155140166,1.4093166852416812,0.0004227950055725043,0.01610198325376086
2023-11-06 12:00:00+00:00,-0.003042861786104688,-0.00258760424526424,1.5175251361348259,0.0004552575408404477,0.005206854405084315
2023-11-06 16:00:00+00:00,-0.0013813464768233155,-0.0009724305446923221,1.3630531071033114,0.00040891593213099336,0.008752162045318545
2023-11-06 20:00:00+00:00,0.0026150867501433736,0.002983730208708764,1.2288115285513008,0.00036864345856539024,0.007333236438390737
2023-11-07 00:00:00+00:00,-0.0015951255422765214,-0.0012110206551667413,1.2803496236992673,0.00038410488710978013,-0.016733946200068888
2023-11-07 04:00:00+00:00,0.0022943367916433547,0.0026959447050840597,1.3386930448023506,0.00040160791344070513,0.0032012175621765125
2023-11-07 08:00:00+00:00,-0.0012226494082517776,-0.0007571494177116012,1.5516666351339212,0.0004654999905401763,-0.01901853634456832
2023-11-07 12:00:00+00:00,0.0025721537862958745,0.0029607499158584255,1.2953204318751705,0.0003885961295625511,-0.019182480701492095
2023-11-07 16:00:00+00:00,-0.004562476794059021,-0.004139700128598395,1.4092555515354201,0.000422776665460626,0.03184259007506851
2023-11-07 20:00:00+00:00,0.0030088885320314934,0.0034018948800579834,1.3100211600882996,0.00039300634802648984,-0.0017806675979206612
2023-11-08 00:00:00+00:00,-0.006936920849336746,-0.006508147751922853,1.4292436580463104,0.00042877309741389306,5.7007552160752835e-05
2023-11-08 04:00:00+00:00,-0.0003786288002050021,-9.672085600821712e-05,0.9396931473226166,0.00028190794419678496,0.006309132463919535
2023-11-08 08:00:00+00:00,0.0056506912995420485,0.006074078102724371,1.4112893439410754,0.0004233868031823226,0.006305364400231772
2023-11-08 12:00:00+00:00,0.0015461412822132849,0.0020629861926213075,1.7228163680267425,0.0005168449104080228,0.0005232202518964913
2023-11-08 16:00:00+00:00,-0.0014791528014507296,-0.000996133937663445,1.6100628792909497,0.00048301886378728485,0.015945984635231853
2023-11-08 20:00:00+00:00,-0.004663833199381453,-0.004237954708870614,1.4195949683694669,0.00042587849051084004,0.002959187540900436
2023-11-09 00:00:00+00:00,0.010096669619743955,0.010451470543387577,1.1826697454787396,0.0003548009236436218,0.008845450382591697
2023-11-09 04:00:00+00:00,0.0016169280919229342,0.002127445135173157,1.7017234775007424,0.0005105170432502227,0.004728277209566798
2023-11-09 08:00:00+00:00,0.0009537061266719587,0.001471455899752921,1.7258325769365412,0.0005177497730809623,0.0029807720678120707
2023-11-09 12:00:00+00:00,0.022339286114568365,0.02275185993658608,1.3752460733923846,0.00041257382201771535,0.017435857252514477
2023-11-09 16:00:00+00:00,-0.015160854709882994,-0.014627008373607416,1.779487787585262,0.0005338463362755785,-0.04275361227894753
2023-11-09 20:00:00+00:00,-0.00910551589860756,-0.008807744195335305,0.992572344240848,0.00029777170327225435,0.038020619247506916
2023-11-10 00:00:00+00:00,0.006230870824107939,0.006601265260731767,1.2346481220794248,0.0003703944366238274,0.013984069669103079
2023-11-10 04:00:00+00:00,0.0006337249675667354,0.0010873509968470198,1.5120867642676148,0.0004536260292802844,-0.008864834233568456
2023-11-10 08:00:00+00:00,-0.0011334130665086857,-0.0007169698373057846,1.3881440973430035,0.000416443229202901,0.010530722549895236
2023-11-10 12:00:00+00:00,-0.004619690629973043,-0.004158655311300556,1.5367843955749572,0.0004610353186724871,-0.014707985642442708
2023-11-10 16:00:00+00:00,-0.010917398414785196,-0.010520036805638521,1.324538697155583,0.0003973616091466749,0.024203083980937814
2023-11-10 20:00:00+00:00,0.0011952627418929233,0.001568894255288689,1.2454383779858862,0.0003736315133957658,0.017218580184117222
2023-11-11 00:00:00+00:00,-0.0006982437867700554,-0.00026503650119141103,1.4440242852621483,0.00043320728557864446,-0.022089633265608866
2023-11-11 04:00:00+00:00,-0.0050680661132148875,-0.004622299359188713,1.4858891800872485,0.0004457667540261745,0.0026186744966823004
2023-11-11 08:00:00+00:00,-0.004524527983432075,-0.004122549396414168,1.3399286233930248,0.0004019785870179074,0.004780058001596212
2023-11-11 12:00:00+00:00,0.000776518955126813,0.0010629035040333563,0.9546151630218113,0.00028638454890654336,0.025383261821888953
2023-11-11 16:00:00+00:00,-0.001666753646769392,-0.0012951118855700954,1.2388058706643224,0.00037164176119929666,0.020111627353178337
2023-11-11 20:00:00+00:00,-0.009638077333294614,-0.009290681630120723,1.1579856772463017,0.0003473957031738905,-0.016858544023316168
2023-11-12 00:00:00+00:00,0.012863817665477638,0.0131847467660524,1.069763668582538,0.00032092910057476137,-0.0131564785118246
2023-11-12 04:00:00+00:00,-0.0031015428674087283,-0.002576652964807636,1.7496330086703076,0.0005248899026010922,0.03395044121263092
2023-11-12 08:00:00+00:00,0.00037823471170890283,0.0007815582552097409,1.3444118116694606,0.0004033235435008381,0.009937371795603259
2023-11-12 12:00:00+00:00,0.0168213890026306,0.017146715720165913,1.0844223917843745,0.00032532671753531233,-0.008469136463405302
2023-11-12 16:00:00+00:00,0.008479067174214826,0.008992051208361437,1.7099467804887014,0.0005129840341466104,0.0031660932475938383
2023-11-12 20:00:00+00:00,-0.003734170825465986,-0.0032496550446675233,1.615052602661543,0.00048451578079846286,0.0013819373504208228
2023-11-13 00:00:00+00:00,0.002275206260621412,0.002653340638062912,1.2604479248049998,0.0003781343774414999,-0.009969225136976956
2023-11-13 04:00:00+00:00,-0.0038612364911259633,-0.0034342966385946553,1.4231328417710274,0.0004269398525313082,0.0055775756554232725
2023-11-13 08:00:00+00:00,-0.005278695577276982,-0.004889734683892225,1.2965363112825254,0.0003889608933847576,-0.006059727033558504
2023-11-13 12:00:00+00:00,0.010963350793385814,0.011344976203288977,1.2720846996772093,0.00038162540990316276,0.004225377547467285
2023-11-13 16:00:00+00:00,-0.013728802550376696,-0.013249041307540345,1.5992041427878332,0.0004797612428363499,-0.0060038084285439055
2023-11-13 20:00:00+00:00,0.008523203100268053,0.008797036079595633,0.9127765977586042,0.0002738329793275812,-0.02817357696784677
2023-11-14 00:00:00+00:00,0.024538868299188017,0.02495307102716431,1.3806757599209714,0.00041420272797629135,-0.0003200936622042343
2023-11-14 04:00:00+00:00,-0.0037854723475261504,-0.003185588632134909,1.9996123846374712,0.0005998837153912413,0.01394764044359567
2023-11-14 08:00:00+00:00,0.003879946397421454,0.004236711447760437,1.1892168344632772,0.00035676505033898313,-0.028116318548615255
2023-11-14 12:00:00+00:00,0.006630174816502926,0.007077387545420353,1.4907090963914233,0.00044721272891742696,0.011917103363490852
2023-11-14 16:00:00+00:00,0.007084910115580731,0.007579520304787572,1.6487006306894727,0.0004946101892068417,-0.03296466692280134
2023-11-14 20:00:00+00:00,-0.00019233529411317562,0.000282303740257517,1.5821301145689755,0.0004746390343706926,0.018631221905559887
2023-11-15 00:00:00+00:00,-0.00010732745380755024,0.00031909620941048314,1.4214122107267781,0.0004264236632180334,0.004671477769498389
2023-11-15 04:00:00+00:00,0.004031005521528428,0.004419214140453902,1.29402872975158,0.000388208618925474,0.021818652824895375
2023-11-15 08:00:00+00:00,-0.013743990767842013,-0.013286913501908894,1.5235908864437333,0.00045707726593311994,0.02780928208494081
2023-11-15 12:00:00+00:00,-0.004886063924466469,-0.0045469998040764455,1.1302137346334105,0.0003390641203900231,-0.000639766219646408
2023-11-15 16:00:00+00:00,-0.0010224995747362706,-0.000637312675267941,1.2839563315610987,0.00038518689946832955,0.014519569354186131
2023-11-15 20:00:00+00:00,0.002473721846895699,0.002923081618807884,1.4978659063739501,0.000449359771912185,0.001917561791647926
2023-11-16 00:00:00+00:00,0.004132837693605708,0.0046033916458653665,1.5685131741988627,0.0004705539522596588,0.010739670220964063
2023-11-16 04:00:00+00:00,-0.00942509599002082,-0.008940845525396222,1.614168215415325,0.00048425046462459746,0.01672081548587677
2023-11-16 08:00:00+00:00,0.0016226477264486459,0.0019417338382361439,1.0636203726249933,0.000319086111787498,-0.008547683496286696
2023-11-16 12:00:00+00:00,0.003001527285461614,0.0034146876359156166,1.377201168180009,0.00041316035045400266,-0.035017894426479054
2023-11-16 16:00:00+00:00,0.005420924895650539,0.005947442470536066,1.7550585829517573,0.0005265175748855271,-0.013102070688731135
2023-11-16 20:00:00+00:00,0.009427838233806335,0.009876517180569738,1.4955964892113436,0.000448678946763403,-0.005157304679814254
2023-11-17 00:00:00+00:00,0.006522660291299502,0.007039146856033108,1.7216218824453526,0.0005164865647336057,0.02334843579183043
2023-11-17 04:00:00+00:00,0.003422633838630571,0.0039558016135260105,1.7772259163181332,0.0005331677748954399,-0.011253517026012412
2023-11-17 08:00:00+00:00,-0.013521213159390585,-0.013083364911601739,1.4594941592961532,0.00043784824778884593,-0.009611505250294868
2023-11-17 12:00:00+00:00,-0.0018154579361917046,-0.0016060697392385947,0.6979606565103661,0.00020938819695310982,-0.04688664654127836
2023-11-17 16:00:00+00:00,0.0013820064606479198,0.001833486619908794,1.504933864202914,0.00045148015926087416,0.027776982759729018
2023-11-17 20:00:00+00:00,-0.004461456038141992,-0.004000864917526647,1.5353037353844827,0.0004605911206153448,0.012718356849873214
2023-11-18 00:00:00+00:00,0.0064305847993370545,0.006871417914683505,1.4694437178215,0.00044083311534644996,-0.021626402385078396
2023-11-18 04:00:00+00:00,0.013143896444121788,0.013705800855296213,1.873014703914749,0.0005619044111744246,-0.01316601491084137
2023-11-18 08:00:00+00:00,0.008102742726645755,0.00861200147639065,1.6975291658163147,0.0005092587497448944,0.008142693350084133
2023-11-18 12:00:00+00:00,0.011952568687580697,0.012412428062486162,1.532864583018215,0.0004598593749054645,0.01668242175305384
2023-11-18 16:00:00+00:00,0.003879289250916066,0.004410089274222673,1.7693334110220236,0.0005308000233066071,0.010777512701085578
2023-11-18 20:00:00+00:00,0.002960188553007971,0.003444479400712477,1.614302825681687,0.00048429084770450605,-0.006553601728376483
2023-11-19 00:00:00+00:00,-0.010013946274463382,-0.009568389265999571,1.4851900282127035,0.000445557008463811,-0.007784898563997444
2023-11-19 04:00:00+00:00,0.015480881756011481,0.015804935693546986,1.0801797917850153,0.00032405393753550456,0.01238087563189932
2023-11-19 08:00:00+00:00,-0.0017599194787650987,-0.0011871566344733358,1.9092094809725435,0.000572762844291763,-0.007265137378789166
2023-11-19 12:00:00+00:00,0.004520729685764436,0.004939585383284753,1.3961856584010548,0.0004188556975203164,0.005403025011817697
2023-11-19 16:00:00+00:00,0.005157247962058988,0.005664688379971008,1.6914680597067313,0.0005074404179120194,0.027499802369515332
2023-11-19 20:00:00+00:00,0.004978409359055637,0.005427421352198427,1.496706643809298,0.00044901199314278934,0.005288879628474352
2023-11-20 00:00:00+00:00,0.004678055387657479,0.005152730634724276,1.5822508235559911,0.0004746752470667973,-0.0032200770105523476
2023-11-20 04:00:00+00:00,-0.0013881681938441063,-0.0008975468836970646,1.635404367156806,0.0004906213101470417,0.006224561583392319
2023-11-20 08:00:00+00:00,-0.003165356399970661,-0.002734483669502383,1.4362424348942606,0.00043087273046827815,0.0050584978523469755
2023-11-20 12:00:00+00:00,0.002160392746962629,0.002496355967658233,1.1198774023186797,0.0003359632206956039,-0.002660498039128666
2023-11-20 16:00:00+00:00,-0.0064564746100486195,-0.0060064798309188575,1.4999825970992056,0.00044999477912976163,-0.014752653518332345
2023-11-20 20:00:00+00:00,0.0040847492956391195,0.004476825853144508,1.3069218583512976,0.00039207655750538923,-0.013469088610976555
2023-11-21 00:00:00+00:00,0.013743549688781047,0.014295263874717603,1.8390472864551866,0.0005517141859365559,-0.0033708760856160564
2023-11-21 04:00:00+00:00,0.001935780594064236,0.0024888657199586867,1.8436170863148356,0.0005530851258944506,-0.006131075269347079
2023-11-21 08:00:00+00:00,0.00885447543020332,0.009291622051075924,1.4571554029086817,0.0004371466208726045,0.002602485358738644
2023-11-21 12:00:00+00:00,-0.009152081463393719,-0.008634525936841123,1.725185088508652,0.0005175555265525955,-0.0085312173812504
2023-11-21 16:00:00+00:00,0.01844518895702621,0.018825577429720793,1.2679615756486167,0.000380388472694585,-0.02833836700430637
2023-11-21 20:00:00+00:00,-0.0014258069677886372,-0.0009115392398225136,1.714225759887079,0.0005142677279661236,-0.028373371487035847
2023-11-22 00:00:00+00:00,0.01903493569581687,0.01941492529263752,1.2666319894021771,0.00037998959682065313,0.02795682552587028
2023-11-22 04:00:00+00:00,0.0008603961413519479,0.001385162267706183,1.7492204211807842,0.0005247661263542352,0.0033115672151742335
2023-11-22 08:00:00+00:00,-0.006459089255158705,-0.005985301327980798,1.5792930905930254,0.00047378792717790757,0.0003732345560151947
2023-11-22 12:00:00+00:00,0.00373879095156587,0.004080784041689366,1.1399769670783193,0.00034199309012349576,0.0030631223943407985
2023-11-22 16:00:00+00:00,0.0012914334330747395,0.0017321800101804995,1.4691552570192004,0.00044074657710576004,0.028289261695704122
2023-11-22 20:00:00+00:00,-0.007822440849995761,-0.007318156723902249,1.680947086978373,0.0005042841260935119,-0.004269179607603881
2023-11-23 00:00:00+00:00,-0.0027888974260161974,-0.0024485755110347546,1.134406383271476,0.00034032191498144275,0.00434378276345728
2023-11-23 04:00:00+00:00,-4.829942096824162e-05,0.00036756921001555865,1.386228769946001,0.00041586863098380027,0.0034953600776261207
2023-11-23 08:00:00+00:00,-0.003761568054578133,-0.0033550406918752516,1.3550912090096052,0.0004065273627028815,-0.0008819885640053818
2023-11-23 12:00:00+00:00,0.0019059850794414326,0.0023122442955407427,1.3541973869977002,0.00040625921609931,-0.013055908883948952
2023-11-23 16:00:00+00:00,0.0018984819139387812,0.0024316423411499424,1.777201424037204,0.0005331604272111612,0.008356188304767802
2023-11-23 20:00:00+00:00,0.004597319999858703,0.005055032943092917,1.525709810780714,0.0004577129432342142,0.002093945002741391
2023-11-24 00:00:00+00:00,-0.003980823940449479,-0.00347072153416548,1.7003413542799974,0.0005101024062839992,0.0069456483968210955
2023-11-24 04:00:00+00:00,0.004645591469636403,0.004927414376907274,0.9394096909029049,0.0002818229072708715,0.006581651071985606
2023-11-24 08:00:00+00:00,-0.002882828863489092,-0.002373311479286289,1.6983912806760098,0.0005095173842028028,0.004729663761578247
2023-11-24 12:00:00+00:00,0.0026071712085530725,0.003025471630290775,1.3943347391256742,0.0004183004217377022,0.008915032367947114
2023-11-24 16:00:00+00:00,0.002932158568063081,0.00337249088777056,1.467774399024929,0.0004403323197074787,-0.013880802931823229
2023-11-24 20:00:00+00:00,-0.002981943311611047,-0.0024722588400455346,1.6989482385517083,0.0005096844715655125,0.0011345246349816092
2023-11-25 00:00:00+00:00,0.00043978592506717785,0.0007870199570206198,1.15744677317814,0.00034723403195344193,0.014485016677095603
2023-11-25 04:00:00+00:00,-0.0020631255642361897,-0.0016219236432361026,1.4706730700002912,0.00044120192100008735,6.171187572893732e-05
2023-11-25 08:00:00+00:00,0.0047101307706915695,0.005177589128188231,1.5581945249888693,0.00046745835749666077,-0.014348565092108396
2023-11-25 12:00:00+00:00,0.012982355816030917,0.013458958984070395,1.5886772267982603,0.00047660316803947803,0.011319054536632804
2023-11-25 16:00:00+00:00,0.0029054630576962172,0.0034283031629509454,1.742800350849095,0.0005228401052547284,0.0022365731253487183
2023-11-25 20:00:00+00:00,-0.007395125792336907,-0.006928297254254313,1.556095126941979,0.00046682853808259364,0.0018924106522163933
2023-11-26 00:00:00+00:00,-0.003548528138568277,-0.0032142032338061278,1.1144163492071648,0.0003343249047621494,-0.002517898978731121
2023-11-26 04:00:00+00:00,-0.000816585080499547,-0.00044227815905173245,1.247689738159382,0.0003743069214478145,0.00721434004705014
2023-11-26 08:00:00+00:00,-0.004534214840444893,-0.004091586857287804,1.4754266105236322,0.0004426279831570896,-0.005963840510657381
2023-11-26 12:00:00+00:00,-0.000667898586299185,-0.0003158418153546556,1.173522569815098,0.00035205677094452936,-0.015761965231012993
2023-11-26 16:00:00+00:00,-0.0026799077308805306,-0.002194976450346803,1.6164376017790911,0.0004849312805337273,0.005287926699652762
2023-11-26 20:00:00+00:00,0.004014186838151228,0.00448160524139071,1.5580613441316067,0.00046741840323948194,0.005672626691745488
2023-11-27 00:00:00+00:00,0.002655820456704783,0.0031926677874165223,1.7894911023724651,0.0005368473307117395,-0.016302456593657286
2023-11-27 04:00:00+00:00,-0.0017498856255203019,-0.001338939160150935,1.3698215512312233,0.00041094646536936694,-0.007938014214937854
2023-11-27 08:00:00+00:00,0.0034887227303664298,0.0038835092391449216,1.3159550292616393,0.0003947865087784918,-0.009274612740706897
2023-11-27 12:00:00+00:00,-0.0003055265646385704,0.00015606418531901884,1.5386358331919643,0.00046159074995758925,-0.014208325579589868
2023-11-27 16:00:00+00:00,0.0006426610182426306,0.0010480710715469362,1.3513668443476852,0.0004054100533043055,-0.0040201236458192145
2023-11-27 20:00:00+00:00,0.001972839789931478,0.002473438909947751,1.6686637333875765,0.0005005991200162729,0.015644561413878502
2023-11-28 00:00:00+00:00,0.00464615168378088,0.005136914593548801,1.6358763658930666,0.0004907629097679199,-0.0011116939181159086
2023-11-28 04:00:00+00:00,-0.0064403846327264844,-0.006006773181839554,1.4453715029564347,0.00043361145088693036,-0.011154127344992725
2023-11-28 08:00:00+00:00,0.007394731904236821,0.007794820911382007,1.3336300238172898,0.0004000890071451869,0.012195490922620556
2023-11-28 12:00:00+00:00,0.00854739278785201,0.009070942954112393,1.745167220867946,0.0005235501662603837,0.006077912110522156
2023-11-28 16:00:00+00:00,-0.0018430112170076441,-0.0012856130092014366,1.857994026020692,0.0005573982078062075,0.016082818718422293
2023-11-28 20:00:00+00:00,0.006702178389563715,0.007062957615382885,1.202597419397235,0.0003607792258191705,-0.004566857996640707
2023-11-29 00:00:00+00:00,0.0019512498894608452,0.0024914684258758465,1.8007284547166709,0.0005402185364150013,0.001974470717055914
2023-11-29 04:00:00+00:00,-0.004870079291249294,-0.004388200288552106,1.6062633423239603,0.00048187900269718807,0.004871554290201703
2023-11-29 08:00:00+00:00,-0.0002430498792458736,2.8360738007245003e-05,0.9047020575103955,0.0002714106172531186,-0.0012545337069386144
2023-11-29 12:00:00+00:00,0.00017617395612063406,0.0006110621772380475,1.4496274037247114,0.0004348882211174134,-0.010784317764190251
2023-11-29 16:00:00+00:00,-0.00020106750702464303,0.0002230077615585817,1.4135842286107492,0.0004240752685832247,0.0043805370628945605
2023-11-29 20:00:00+00:00,0.0018766424193754276,0.0022963570537106676,1.399048781117467,0.00041971463433524006,-0.002732206631550807
2023-11-30 00:00:00+00:00,-0.002858093915071772,-0.0023707534482288652,1.6244682228096905,0.0004873404668429071,0.008424073977001446
2023-11-30 04:00:00+00:00,-0.00025677301744125825,0.00014143652905813887,1.3273651549979906,0.0003982095464993971,-0.005021191311279878
2023-11-30 08:00:00+00:00,0.0002158821703691755,0.0006382259210699986,1.407812502336077,0.00042234375070082306,0.005657326323749947
2023-11-30 12:00:00+00:00,0.005531337441771013,0.005969526084212053,1.4606288081368022,0.00043818864244104063,-0.004129432856220733
2023-11-30 16:00:00+00:00,0.0013321012076903992,0.0018664221741163162,1.7810698880863904,0.0005343209664259171,0.0016306299414933223
2023-11-30 20:00:00+00:00,0.003914749260132855,0.004408825844141993,1.6469219466971294,0.0004940765840091388,-0.0007753206843419011
2023-12-01 00:00:00+00:00,0.0032320024950271047,0.0037803963477509223,1.827979509079392,0.0005483938527238175,0.014890381423636842
2023-12-01 04:00:00+00:00,-0.0008281541118998475,-0.00039203543315967674,1.4537289291339026,0.00043611867874017077,0.0022016690828820353
2023-12-01 08:00:00+00:00,0.0006712748335959836,0.001054053654613341,1.2759294033911917,0.00038277882101735747,0.003723687979089481
2023-12-01 12:00:00+00:00,-0.0004580840886323348,-4.660086574719436e-05,1.3716107429504683,0.00041148322288514044,-0.005890984774993606
2023-12-01 16:00:00+00:00,-0.001926945848447614,-0.001539939775187086,1.2900202442017603,0.0003870060732605281,0.0029848134730601087
2023-12-01 20:00:00+00:00,6.012688186875605e-06,0.00038600145911330837,1.2666292364214427,0.00037998877092643277,0.002450310897328716
2023-12-02 00:00:00+00:00,0.0031041303291596076,0.003578573411073457,1.5814769397128314,0.0004744430819138494,0.007150721445976609
2023-12-02 04:00:00+00:00,-0.010372783518109071,-0.009889779712598088,1.6100126850366097,0.00048300380551098286,0.004568512728607072
2023-12-02 08:00:00+00:00,0.004603594799210333,0.004831876585127541,0.7609392863906923,0.00022828178591720766,0.003879543859878993
2023-12-02 12:00:00+00:00,0.0005939134206976482,0.00105971823167201,1.5526827032478727,0.0004658048109743618,0.0017975089065750405
2023-12-02 16:00:00+00:00,-0.0018789425753118903,-0.0014538728883180003,1.4168989566463008,0.0004250696869938902,0.013703292377968183
2023-12-02 20:00:00+00:00,0.003275615047130801,0.0037046036244658895,1.4299619244502946,0.0004289885773350883,0.0029606722604216327
2023-12-03 00:00:00+00:00,0.002606125209232779,0.003085053412021217,1.5964273426281264,0.0004789282027884379,-0.00274107370344647
2023-12-03 04:00:00+00:00,0.0030155987637937283,0.0034618363992822876,1.4874587849618646,0.00044623763548855933,-0.0005750180575972463
2023-12-03 08:00:00+00:00,0.0015764705694012295,0.002077144695801005,1.668913754665918,0.0005006741263997754,-0.004071937354843876
2023-12-03 12:00:00+00:00,0.0016524712470697839,0.002086576023753912,1.447015922280428,0.00043410477668412835,-0.005471998004571732
2023-12-03 16:00:00+00:00,0.006578444104840916,0.00699008563638421,1.3721384384776498,0.0004116415315432949,-0.0020503746190121603
2023-12-03 20:00:00+00:00,0.00502129179759387,0.00560887019775559,1.9585946672057344,0.0005875784001617202,0.011002094397651057
2023-12-04 00:00:00+00:00,0.003928516125757317,0.004484585769776383,1.8535654800635553,0.0005560696440190666,0.01376593089007716
2023-12-04 04:00:00+00:00,0.0035589434677148896,0.003990208994073107,1.4375517545273921,0.0004312655263582176,0.012494668643800777
2023-12-04 08:00:00+00:00,0.001579091334300235,0.0020588725229918267,1.5992706289719725,0.0004797811886915917,-0.02362493329663189
2023-12-04 12:00:00+00:00,0.0016125046353580117,0.0020968556697434056,1.614503447951313,0.00048435103438539384,-0.004980800159324378
2023-12-04 16:00:00+00:00,0.00761431750308711,0.008051543480233177,1.4574199238202254,0.0004372259771460676,0.007411081602855196
2023-12-04 20:00:00+00:00,0.0020987904141017712,0.0026296934126256114,1.7696766617461344,0.0005309029985238403,0.018080533117426485
2023-12-05 00:00:00+00:00,0.0034141359090905585,0.0038690713676578876,1.5164515285577638,0.0004549354585673291,-0.005619208507034078
2023-12-05 04:00:00+00:00,-0.002969879569193711,-0.0024706548870318586,1.6640822738728418,0.0004992246821618525,-0.010242617624017028
2023-12-05 08:00:00+00:00,0.0032395209547348342,0.003677506066443595,1.4599503723625364,0.0004379851117087609,-0.004452564464570809
2023-12-05 12:00:00+00:00,0.003031838327359343,0.0035139068025810587,1.606894917405719,0.00048206847522171565,0.011029622877831073
2023-12-05 16:00:00+00:00,-0.001542086308513584,-0.0010008522558078545,1.8041135090190987,0.0005412340527057296,0.021687743231185195
2023-12-05 20:00:00+00:00,-0.0023428605334577753,-0.0019342641311832897,1.3619880075816193,0.00040859640227448575,0.004904151534837991
2023-12-06 00:00:00+00:00,-0.0050347005307602175,-0.0046178143440411224,1.3896206223969827,0.00041688618671909477,0.0075952083558023555
2023-12-06 04:00:00+00:00,0.004331581527979508,0.004775279576179367,1.4789934939995277,0.0004436980481998583,0.005763331117665726
2023-12-06 08:00:00+00:00,0.002561311678119738,0.003003031964405056,1.4724009542843934,0.000441720286285318,-0.010825807122703208
2023-12-06 12:00:00+00:00,-0.0023911542964108,-0.0019195969362445025,1.5718578672209915,0.0004715573601662974,0.00929545089179549
2023-12-06 16:00:00+00:00,0.010570603211427205,0.010987024023632374,1.3880693740172292,0.0004164208122051687,0.00940589575816059
2023-12-06 20:00:00+00:00,0.005833612918079096,0.006404441541102886,1.902762076745965,0.0005708286230237895,-0.020102144202720346
2023-12-07 00:00:00+00:00,0.008056135085085145,0.008531942179649945,1.5860236485493338,0.0004758070945648001,0.005865156910252637
2023-12-07 04:00:00+00:00,0.005893331426285156,0.006428255716829461,1.7830809684810167,0.000534924290544305,0.01399411506618429
2023-12-07 08:00:00+00:00,-0.0031735335416596673,-0.002653914607464037,1.7320631139854346,0.0005196189341956304,-0.017071721232203848
2023-12-07 12:00:00+00:00,-0.004147849527401884,-0.00373729947684021,1.3685001685389133,0.00041055005056167397,0.02787098732936059
2023-12-07 16:00:00+00:00,-0.018784491393277987,-0.018372613093429465,1.3729276661617353,0.00041187829984852054,0.003693305019644508
2023-12-07 20:00:00+00:00,-0.007172507227605296,-0.006917774696749906,0.8491084361846367,0.000254732530855391,0.01519720427844479
2023-12-08 00:00:00+00:00,0.0008943621762051619,0.0012778387579525433,1.2782552724912715,0.0003834765817473814,0.013332984108092812
2023-12-08 04:00:00+00:00,0.0015299597011449906,0.00199354415777183,1.5452815220894656,0.00046358445662683965,-0.0021105472909131156
2023-12-08 08:00:00+00:00,-0.01949757627214071,-0.019024745810758734,1.5761015379399161,0.0004728304613819748,0.020365997792515002
2023-12-08 12:00:00+00:00,-0.02520217740278206,-0.024856877870302267,1.150998441599305,0.0003452995324797915,0.0060835812173525685
2023-12-08 16:00:00+00:00,0.014023008281853586,0.01433402262362316,1.0367144725652468,0.00031101434176957404,0.013686106128790235
2023-12-08 20:00:00+00:00,0.007707194830603271,0.008189849079386918,1.60884749594549,0.00048265424878364695,0.009804434384577735
2023-12-09 00:00:00+00:00,-0.016415465461860148,-0.015934325087828435,1.6038012467723735,0.000481140374031712,0.018738365697837843
2023-12-09 04:00:00+00:00,-0.006303839757625512,-0.00598913143858256,1.0490277301431739,0.00031470831904295213,0.022608547916573556
2023-12-09 08:00:00+00:00,0.0018365481678016221,0.0022488856918968254,1.3744584136506777,0.00041233752409520325,-0.006638085137438432
2023-12-09 12:00:00+00:00,0.008987207470625046,0.009452187975487013,1.549935016206557,0.00046498050486196705,-0.00861318015094144
2023-12-09 16:00:00+00:00,-0.0032304650850493158,-0.0026910138302853608,1.7981708492131836,0.0005394512547639551,-0.011425693997945725
2023-12-09 20:00:00+00:00,0.003775507728353995,0.004140405511815321,1.2163259448710861,0.0003648977834613258,-0.020386868669954303
2023-12-10 00:00:00+00:00,-0.004073119606921339,-0.0036592266558523297,1.37964317023003,0.000413892951069009,0.01701878499165533
2023-12-10 04:00:00+00:00,-0.004098305267582083,-0.0037272081275515293,1.2369904667685139,0.00037109714003055413,-0.0038478496389362125
2023-12-10 08:00:00+00:00,-0.0020069642763176822,-0.0017379321360298126,0.8967738009595656,0.00026903214028786964,-0.012240403045082945
2023-12-10 12:00:00+00:00,0.007063415421712707,0.007490621561310812,1.4240204653270163,0.00042720613959810485,0.012504816619190921
2023-12-10 16:00:00+00:00,-0.0024044855693514675,-0.0018461144132265106,1.8612371870831899,0.0005583711561249569,0.007806580917542043
2023-12-10 20:00:00+00:00,-0.006384612128316307,-0.005964582117981456,1.400100034449505,0.00042003001033485147,0.009334064841187255
2023-12-11 00:00:00+00:00,0.0025996126433808107,0.0030218508149835897,1.4074605720092637,0.00042223817160277904,-0.047470163572004835
2023-12-11 04:00:00+00:00,0.0032681234224806416,0.0036834442262555786,1.384402679249791,0.00041532080377493723,-0.01845018943127392
2023-12-11 08:00:00+00:00,-0.01239636837159594,-0.011950846623970756,1.4850724920839447,0.0004455217476251834,0.01937218665156981
2023-12-11 12:00:00+00:00,-0.0019549741274722133,-0.0015714332625649508,1.2784695496908751,0.0003835408649072625,-0.01331502663831614
2023-12-11 16:00:00+00:00,0.005586232361965713,0.0060543440376590926,1.5603722523112675,0.0004681116756933802,-0.017467808562023367
2023-12-11 20:00:00+00:00,-0.00015387462723193054,0.00040987814820516415,1.879175918123649,0.0005637527754370947,0.01812329857811132
2023-12-12 00:00:00+00:00,2.6137149343492567e-05,0.0004466835651500238,1.401821386021771,0.00042054641580653124,0.031139925671808528
2023-12-12 04:00:00+00:00,0.005303581636934466,0.005728570067538453,1.416628102013289,0.00042498843060398666,0.013801759240496295
2023-12-12 08:00:00+00:00,-0.0032560136771206897,-0.002810835672310796,1.483926682699647,0.00044517800480989403,-0.009493643625008655
2023-12-12 12:00:00+00:00,-0.008007869683633356,-0.007684921804205634,1.0764929314257405,0.00032294787942772213,0.000942410234509459
2023-12-12 16:00:00+00:00,0.004848176540447472,0.005132380515657768,0.9473465840343198,0.00028420397521029594,-0.00951572389200029
2023-12-12 20:00:00+00:00,0.005973613285358967,0.006426448283951252,1.509449995307614,0.00045283499859228416,0.01598264101159306
2023-12-13 00:00:00+00:00,0.02340552949931608,0.023836893687329417,1.437880626711129,0.0004313641880133387,-0.03937649999635952
2023-12-13 04:00:00+00:00,0.004405498020195167,0.004890329447598603,1.6161047580114556,0.0004848314274034366,-0.007974331514179386
2023-12-13 08:00:00+00:00,0.0006676687765682843,0.0011389110747847895,1.570807660721684,0.00047124229821650517,0.0018284662702724114
2023-12-13 12:00:00+00:00,-0.01084739988836861,-0.010421560599743305,1.4194642954176822,0.0004258392886253046,0.033965505627387434
2023-12-13 16:00:00+00:00,-0.0074091082364951405,-0.0070529266203407,1.1872720538481338,0.00035618161615444014,0.026179602688454717
2023-12-13 20:00:00+00:00,0.0057729567809525146,0.006150259569450984,1.2576759616615634,0.000377302788498469,0.004104230865608451
2023-12-14 00:00:00+00:00,0.005982190904334327,0.006420529811085096,1.4611296891692294,0.0004383389067507688,-0.011049994729558347
2023-12-14 04:00:00+00:00,0.00010717984989273269,0.0006164817351170422,1.6976729507476986,0.0005093018852243095,0.004882795190666178
2023-12-14 08:00:00+00:00,0.002406324037298819,0.002809137866642853,1.3427127644801142,0.0004028138293440342,0.01598522595723902
2023-12-14 12:00:00+00:00,0.00748198431864555,0.007905450295563731,1.411553256393938,0.0004234659769181813,-0.022689700794585654
2023-12-14 16:00:00+00:00,0.0032183680263208406,0.0037200935234863878,1.6724183238851567,0.000501725497165547,0.01003271753549552
2023-12-14 20:00:00+00:00,-0.001140581108486179,-0.0006462709657338059,1.6477004758412437,0.000494310142752373,0.008342598956482993
2023-12-15 00:00:00+00:00,0.004323343718189636,0.004771796727485318,1.494843364318941,0.00044845300929568225,-0.009689352121350895
2023-12-15 04:00:00+00:00,0.002259428061428908,0.0027494750398866417,1.6334899281924462,0.0004900469784577338,-0.00915825268971188
2023-12-15 08:00:00+00:00,-0.007598869737112515,-0.007090041908831695,1.696092760936068,0.0005088278282808203,0.008453221355891922
2023-12-15 12:00:00+00:00,0.006284215990051746,0.0066392204502517425,1.1833482006666534,0.00035500446019999597,-0.01821336083587774
2023-12-15 16:00:00+00:00,-0.0010307185097796461,-0.000544738931960259,1.619931926064624,0.00048597957781938716,0.006795222302092644
2023-12-15 20:00:00+00:00,0.002729183295072503,0.003193673868947924,1.5483019129180715,0.00046449057387542143,-0.027975618001413054
2023-12-16 00:00:00+00:00,0.006486351696781423,0.006959096664816548,1.5758165601170844,0.0004727449680351253,0.01960287615642444
2023-12-16 04:00:00+00:00,0.005280377244600672,0.005813794505846128,1.7780575374848528,0.0005334172612454558,0.0013150914780204535
2023-12-16 08:00:00+00:00,-0.004053511033456155,-0.0035342567906120107,1.7308474761471455,0.0005192542428441436,0.010953966652783953
2023-12-16 12:00:00+00:00,-0.008090183979864747,-0.007730317059710705,1.1995564005134784,0.0003598669201540435,0.00692254748662594
2023-12-16 16:00:00+00:00,0.020008144721588156,0.020308314964366327,1.0005674759272327,0.0003001702427781698,-0.0063346734688632615
2023-12-16 20:00:00+00:00,0.0029151903098919574,0.003438008223202933,1.7427263777032522,0.0005228179133109756,-0.0003164266372582498
2023-12-17 00:00:00+00:00,0.012147623063491058,0.012639941382834152,1.6410610644769807,0.0004923183193430942,-0.0026313292446852386
2023-12-17 04:00:00+00:00,0.009302977425670714,0.009824327238588537,1.737832709726075,0.0005213498129178225,-0.015412185918410818
2023-12-17 08:00:00+00:00,0.0073700090448905594,0.00786286112674829,1.6428402728590994,0.0004928520818577298,0.0076428367044726
2023-12-17 12:00:00+00:00,0.012883150004811848,0.013373946450149301,1.635988151124844,0.0004907964453374532,-0.005833897232100782
2023-12-17 16:00:00+00:00,-0.0027993026465333217,-0.0022796909359006027,1.732039035442397,0.000519611710632719,0.004620908774978397
2023-12-17 20:00:00+00:00,0.004021224952705969,0.004417363029021878,1.3204602543863646,0.00039613807631590936,-0.01877949129463008
2023-12-18 00:00:00+00:00,-0.004144773671985075,-0.003620783110578324,1.7466352046891698,0.0005239905614067508,-0.01469224066198999
2023-12-18 04:00:00+00:00,0.018453528203270606,0.018788896220634184,1.1178933912119338,0.0003353680173635801,-0.014145967600071434
2023-12-18 08:00:00+00:00,-0.022597997636148812,-0.022064168228930568,1.779431357394154,0.0005338294072182462,-0.017884096299470142
2023-12-18 12:00:00+00:00,0.010698671339743808,0.011024879025396308,1.0873589521750033,0.000326207685652501,0.01513667896302652
2023-12-18 16:00:00+00:00,-0.0032000741180796283,-0.002674343630929611,1.7524349571667246,0.0005257304871500173,0.012924189316163556
2023-12-18 20:00:00+00:00,-0.0006308852049497337,-0.00032062051326231717,1.034215638958055,0.00031026469168741647,0.0241828323555234
2023-12-19 00:00:00+00:00,-0.003243768465472905,-0.0028034006866829936,1.4678925959663713,0.00044036777878991135,0.008385701949206611
2023-12-19 04:00:00+00:00,-0.0019978749583920694,-0.0016732012243885256,1.0822457800118133,0.00032467373400354397,0.0027195178183188388
2023-12-19 08:00:00+00:00,-0.004728393189440669,-0.0043446267367780456,1.27922150887541,0.00038376645266262295,-0.0052272722724926775
2023-12-19 12:00:00+00:00,-0.002466574320032775,-0.0020322305013045876,1.4478127290939584,0.00043434381872818747,-0.013163896855024138
2023-12-19 16:00:00+00:00,0.0028986523155823548,0.003321160418289578,1.4083603423574114,0.00042250810270722336,0.0012829330256479633
2023-12-19 20:00:00+00:00,-0.002422515966086389,-0.0019850817804604338,1.4581139520865172,0.0004374341856259551,-0.0006747051229686917
2023-12-20 00:00:00+00:00,0.012935658356751973,0.013389566977914482,1.5130287372083655,0.0004539086211625096,0.007183798425356958
2023-12-20 04:00:00+00:00,0.011100834010328697,0.011630328556276125,1.7649818198247629,0.0005294945459474288,0.02641698269529434
2023-12-20 08:00:00+00:00,0.013055099267503485,0.013546015599951913,1.6363877748280944,0.0004909163324484283,0.0015470606637488454
2023-12-20 12:00:00+00:00,-0.0034978557604707656,-0.003000891541420512,1.656547396834179,0.0004969642190502537,0.016508368581923928
2023-12-20 16:00:00+00:00,-0.004287477179640351,-0.00381556424327169,1.5730431212288687,0.00047191293636866056,-0.00747522651916531
2023-12-20 20:00:00+00:00,-0.0012691802914772897,-0.0009072116419908132,1.206562164954922,0.0003619686494864766,0.000673975326782836
2023-12-21 00:00:00+00:00,0.02356116471140909,0.02404374417340687,1.608598206659267,0.00048257946199778005,-0.0015461917918842844
2023-12-21 04:00:00+00:00,-0.0031352139834716288,-0.0026894339771808525,1.4859333543025872,0.0004457800062907761,0.015027275893348272
2023-12-21 08:00:00+00:00,-0.015727119225167605,-0.015346567619577988,1.2685053519653842,0.0003805516055896152,0.026865172757455553
2023-12-21 12:00:00+00:00,-0.004376789166723311,-0.004051171353479082,1.085392710814097,0.00032561781324422906,-0.003676367240783652
2023-12-21 16:00:00+00:00,-0.011302067177354725,-0.010895833207068759,1.3541132342865556,0.00040623397028596663,0.025905281877529756
2023-12-21 20:00:00+00:00,-0.0027029487065246107,-0.0022953267841770266,1.3587397411586137,0.0004076219223475841,0.008839968512859064
2023-12-22 00:00:00+00:00,0.0043980313977975945,0.004867958914990621,1.5664250573100884,0.0004699275171930265,-0.00016797588920708698
2023-12-22 04:00:00+00:00,0.007186818869692596,0.007691889319647145,1.6835681665151634,0.0005050704499545489,-0.002665497050707256
2023-12-22 08:00:00+00:00,-0.01132985942058647,-0.010913903994847459,1.386518085796701,0.00041595542573901026,0.018730000114341228
2023-12-22 12:00:00+00:00,0.0022239056465105144,0.00249806269635687,0.9138568328211842,0.00027415704984635526,0.005806121886877425
2023-12-22 16:00:00+00:00,-0.010475006736166819,-0.01007304506666833,1.3398722316616296,0.00040196166949848887,-0.001602192471581691
2023-12-22 20:00:00+00:00,-0.016856785792038493,-0.01649866375285893,1.1937401305985398,0.0003581220391795619,0.021434299500666155
2023-12-23 00:00:00+00:00,-0.003879953628613743,-0.0036124637646236827,0.8916328799668668,0.00026748986399006004,-0.027235308448426483
2023-12-23 04:00:00+00:00,-0.004059398952394813,-0.0036581023266087785,1.337655419286781,0.00040129662578603425,0.00543926357563043
2023-12-23 08:00:00+00:00,0.010176039889301823,0.010667403807599203,1.637879727657936,0.0004913639182973807,0.0014097959187204343
2023-12-23 12:00:00+00:00,0.0021932435371484066,0.002738609718387471,1.817887270796881,0.0005453661812390643,0.006744351891569594
2023-12-23 16:00:00+00:00,0.009782074272774638,0.0101915430864816,1.3648960456898764,0.0004094688137069629,0.012808948254030384
2023-12-23 20:00:00+00:00,-0.016736117838525293,-0.016235417761794563,1.6690002557690937,0.0005007000767307281,0.023315496973290103
2023-12-24 00:00:00+00:00,-0.018390164808147664,-0.01807821730675681,1.039825004636175,0.0003119475013908525,0.010932202785727525
2023-12-24 04:00:00+00:00,0.02056582313259156,0.020856979127286332,0.970519982315909,0.00029115599469477265,0.0034448042031771063
2023-12-24 08:00:00+00:00,-0.012218653619277407,-0.011697577253303401,1.7369212199133528,0.0005210763659740057,0.00487682336734109
2023-12-24 12:00:00+00:00,0.025947967887487332,0.026370772106730597,1.4093473974775454,0.0004228042192432636,-0.001914733804858515
2023-12-24 16:00:00+00:00,-0.01146443380436146,-0.010954420540583406,1.7000442125935173,0.0005100132637780552,0.0035308116615759898
2023-12-24 20:00:00+00:00,0.015029142494090082,0.015356550656735447,1.091360542151221,0.00032740816264536626,-0.017710572176608853
2023-12-25 00:00:00+00:00,0.008899176845207888,0.009439987526711551,1.8027022716788772,0.0005408106815036631,-0.002960157079654697
2023-12-25 04:00:00+00:00,-0.01675019026305016,-0.016236345075472173,1.7128172919266207,0.0005138451875779862,0.005298117765556201
2023-12-25 08:00:00+00:00,-0.0021409561449041905,-0.0017443127715855683,1.322144577728741,0.0003966433733186223,-0.0027700536918386005
2023-12-25 12:00:00+00:00,0.01816655621709394,0.018603302104561383,1.4558196248914712,0.0004367458874674413,0.028124545848123933
2023-12-25 16:00:00+00:00,-0.005261724025069069,-0.004733583813319774,1.7604673724976503,0.000528140211749295,0.007765337333935533
2023-12-25 20:00:00+00:00,0.00356696560944139,0.003980529176217478,1.3785452225869599,0.0004135635667760879,-0.0015918916117589037
2023-12-26 00:00:00+00:00,0.006702109484991013,0.007183149279450821,1.6034659815326933,0.00048103979445980794,0.004203611187871701
2023-12-26 04:00:00+00:00,-0.0016102288713873,-0.0011423034293220197,1.5597514735509346,0.0004679254420652803,-0.023768239027017295
2023-12-26 08:00:00+00:00,-0.010633788078983216,-0.010290096598359036,1.1456382687472657,0.0003436914806241797,0.013918388521131331
2023-12-26 12:00:00+00:00,-0.014600960766382651,-0.014230434686689435,1.235086932310721,0.00037052607969321626,-0.014635063331867997
2023-12-26 16:00:00+00:00,-0.01756092770388594,-0.01721202050291694,1.1630240032300043,0.0003489072009690013,-0.007997038892527956
2023-12-26 20:00:00+00:00,-0.008212640504671078,-0.007899041298169636,1.0453306883381415,0.00031359920650144243,0.028488693861105432
2023-12-27 00:00:00+00:00,0.005504454406783557,0.005830303621802136,1.086164050061929,0.00032584921501857864,-0.030583327062316354
2023-12-27 04:00:00+00:00,-0.0008177213658045789,-0.00034874404458593066,1.5632577373954943,0.0004689773212186483,0.012613384718244854
2023-12-27 08:00:00+00:00,0.014063850482428421,0.014466914890843712,1.3435480280509704,0.0004030644084152911,0.029964093723805197
2023-12-27 12:00:00+00:00,-0.024915500249414187,-0.024454609519532097,1.5363024329403074,0.0004608907298820922,0.01719701544888205
2023-12-27 16:00:00+00:00,-0.002323980494766011,-0.002058183544582813,0.8859898339439922,0.00026579695018319764,-0.0021608508428250434
2023-12-27 20:00:00+00:00,0.00638460058057196,0.00683156714199711,1.4898885380838311,0.0004469665614251493,-0.0002541741276555324
2023-12-28 00:00:00+00:00,-0.014837474814566712,-0.01434845232531929,1.6300749641580756,0.0004890224892474226,0.00962120252911618
2023-12-28 04:00:00+00:00,0.007636927925086586,0.00790139347385536,0.8815518292292496,0.00026446554876877486,-0.00638978488562218
2023-12-28 08:00:00+00:00,0.018884553106671666,0.019367421916326042,1.609562698847916,0.00048286880965437475,0.007749015539997282
2023-12-28 12:00:00+00:00,-0.003484727238105869,-0.0029216011750379015,1.8770868768932254,0.0005631260630679676,-0.03792682598396104
2023-12-28 16:00:00+00:00,0.012419568100730373,0.012922724022779504,1.6771864068304363,0.0005031559220491309,0.003924894254782028
2023-12-28 20:00:00+00:00,0.005693601906012828,0.006220302265341713,1.7556678644296162,0.0005267003593288849,-0.007373373286843197
2023-12-29 00:00:00+00:00,0.0016538061568935046,0.0021463543631153894,1.641827354072949,0.0004925482062218847,8.029615679465827e-06
2023-12-29 04:00:00+00:00,-0.0019319566018752444,-0.0015179336824622197,1.3800763980434154,0.0004140229194130246,-0.0061673581290576
2023-12-29 08:00:00+00:00,0.004607871654314588,0.004950503852751248,1.1421073281222012,0.00034263219843666033,0.02218879730289971
2023-12-29 12:00:00+00:00,0.030130827712215237,0.03066238728609571,1.7718652462682352,0.0005315595738804705,-0.019373491172995784
2023-12-29 16:00:00+00:00,0.01750614938668157,0.018048998914591823,1.8094984263675074,0.0005428495279102522,-0.005504292453832928
2023-12-29 20:00:00+00:00,-0.004219437344672484,-0.0036915240643671525,1.759710934351105,0.0005279132803053314,0.0008072612582937788
2023-12-30 00:00:00+00:00,0.009567478923720677,0.0099578850045248,1.3013536026804122,0.00039040608080412363,-0.004618936589443221
2023-12-30 04:00:00+00:00,-0.0032144845666175776,-0.0026669702403021357,1.8250477543848074,0.0005475143263154421,-0.003798278682279287
2023-12-30 08:00:00+00:00,0.005760856550764438,0.006189086964967786,1.427434714011159,0.00042823041420334766,-0.008481810291371883
2023-12-30 12:00:00+00:00,-0.0022240539521346356,-0.0016932322150393087,1.7694057903177571,0.0005308217370953271,0.01709520327909561
2023-12-30 16:00:00+00:00,8.379324143147136e-05,0.0005947268033196703,1.7031118729606634,0.0005109335618881989,-0.0056034027322676904
2023-12-30 20:00:00+00:00,-0.0016181620950715858,-0.0011417788500190148,1.587944150175237,0.00047638324505257105,-0.008018764723788027
2023-12-31 00:00:00+00:00,0.0038055411938955996,0.004224977432495501,1.3981207953330037,0.0004194362385999011,-0.00222844588728087
2023-12-31 04:00:00+00:00,0.010747045424997522,0.011212325082429317,1.5509321914393166,0.00046527965743179496,0.017782800273477367
2023-12-31 08:00:00+00:00,0.008931876267201646,0.009447867272789736,1.7199700186269644,0.0005159910055880893,0.0035686697631593213
2023-12-31 12:00:00+00:00,0.008441357560200185,0.008985435343677305,1.813592611590403,0.0005440777834771209,-0.002162209437942352
2023-12-31 16:00:00+00:00,0.0011256340414223648,0.0016136993610130108,1.626884398635487,0.0004880653195906461,0.0031648758077793613
2023-12-31 20:00:00+00:00,0.015765815124905887,0.016217297955032538,1.5049427670888418,0.0004514828301266525,-0.02074325620177178
2024-01-01 00:00:00+00:00,-0.0003929836983882872,0.0001696004187776308,1.8752803905530602,0.000562584117165918,-0.004573588871295749
2024-01-01 04:00:00+00:00,0.002324668135537558,0.002808211352172656,1.6118107221169942,0.0004835432166350982,0.0023170271018139697
2024-01-01 08:00:00+00:00,-0.0012960664135621643,-0.0007835607323236455,1.7083522707950634,0.000512505681238519,0.00961179109917815
2024-01-01 12:00:00+00:00,0.0013880967899114684,0.0017870974777508732,1.330002292798016,0.00039900068783940473,0.00800317768421559
2024-01-01 16:00:00+00:00,0.011974440436458678,0.012458546063594558,1.6136854237862694,0.0004841056271358808,0.027665340155968554
2024-01-01 20:00:00+00:00,0.005883586463472249,0.006356604081086701,1.5767253920481725,0.0004730176176144517,0.00398735830191211
2024-01-02 00:00:00+00:00,-0.003566600669050712,-0.0031152447872695305,1.5045196059372716,0.00045135588178118146,0.01316321772907465
2024-01-02 04:00:00+00:00,-0.005239245117242673,-0.004934451482383169,1.0159787828650124,0.0003047936348595037,0.009671047368156565
2024-01-02 08:00:00+00:00,0.006102908916515533,0.006514239714740935,1.3711026607513377,0.00041133079822540126,-0.002703108462666578
2024-01-02 12:00:00+00:00,-0.002339481422302986,-0.0018118812999792632,1.7586670744124098,0.0005276001223237229,-0.019415880201533633
2024-01-02 16:00:00+00:00,0.003171841804831742,0.0036562938974181707,1.6148403086214294,0.0004844520925864288,-0.006643184495207549
2024-01-02 20:00:00+00:00,-0.00010806912568669914,0.0003156066304690205,1.4122525205190655,0.0004236757561557196,-0.0009324283484639781
2024-01-03 00:00:00+00:00,-0.0004999601682584244,-9.279181858356687e-05,1.3572278322495253,0.00040716834967485755,0.010665484683828174
2024-01-03 04:00:00+00:00,-0.0028355654089832674,-0.0024043208625444006,1.4374818214628884,0.0004312445464388665,0.0004853495317799543
2024-01-03 08:00:00+00:00,-0.008541727831901729,-0.008089749148109204,1.506595612641749,0.0004519786837925247,-0.023515989002982567
2024-01-03 12:00:00+00:00,-0.007151495808399454,-0.0068022628002475695,1.1641100271729474,0.0003492330081518842,-0.051152748518212415
2024-01-03 16:00:00+00:00,-0.009308654551878444,-0.00885324388671739,1.518035550536845,0.00045541066516105347,-0.006274145445592996
2024-01-03 20:00:00+00:00,0.02044887479511865,0.020862336557384963,1.3782058742210455,0.0004134617622663136,0.004330807445365697
2024-01-04 00:00:00+00:00,0.01415755265539455,0.014664703660897971,1.6905033516780692,0.0005071510055034207,0.0010895292840055388
2024-01-04 04:00:00+00:00,0.021176193796553836,0.021732166276581963,1.8532416000937504,0.0005559724800281251,-0.0020664880262869175
2024-01-04 08:00:00+00:00,-0.021315189538895215,-0.020889422106813577,1.4192247736054573,0.00042576743208163714,0.006533855703650955
2024-01-04 12:00:00+00:00,0.006660656621905451,0.007039616521056377,1.2631996638364207,0.0003789598991509262,0.037799098610666174
2024-01-04 16:00:00+00:00,-0.0072935988727252255,-0.006895476631218374,1.3270741383561713,0.00039812224150685135,0.00298813910185639
2024-01-04 20:00:00+00:00,0.011204202685695238,0.011584531441281586,1.2677625186211594,0.0003803287555863478,-0.006490263446668483
2024-01-05 00:00:00+00:00,-0.004690780695150554,-0.004183666582209304,1.690380376470831,0.0005071141129412493,-0.023474748729215157
2024-01-05 04:00:00+00:00,0.007463315351007841,0.007816149586528418,1.1761141184019237,0.00035283423552057706,-0.0016720219526166267
2024-01-05 08:00:00+00:00,-0.0008641255769244697,-0.000416409906531043,1.492385567978089,0.0004477156703934267,-0.009926489047507637
2024-01-05 12:00:00+00:00,0.012060655807713249,0.012507633935912713,1.4899270939982117,0.00044697812819946347,-0.01603672947944921
2024-01-05 16:00:00+00:00,-0.011835410320756879,-0.011281819612338201,1.845302361395591,0.0005535907084186773,-0.001029157593605909
2024-01-05 20:00:00+00:00,-0.0040029536527934236,-0.003582965165425272,1.3999616245605053,0.0004199884873681516,0.01721411503013702
2024-01-06 00:00:00+00:00,-0.0032764659739772683,-0.0028816007601031816,1.316217379580289,0.0003948652138740867,-0.017207639865293455
2024-01-06 04:00:00+00:00,0.011090817020280131,0.011517660431376024,1.4228113703196452,0.00042684341109589354,-0.03263299996517505
2024-01-06 08:00:00+00:00,0.00423051405814222,0.004747457319897548,1.7231442058510935,0.000516943261755328,0.013079255811923407
2024-01-06 12:00:00+00:00,0.004488681936194016,0.00493260233896868,1.4797346759155454,0.0004439204027746636,0.00483707041285454
2024-01-06 16:00:00+00:00,0.000350311057080114,0.0008371485473561619,1.6227916342534934,0.00048683749027604795,-0.0030838980019410223
2024-01-06 20:00:00+00:00,0.006336242151034827,0.00675713764591893,1.4029849829470118,0.0004208954948841035,-0.004260878268897082
2024-01-07 00:00:00+00:00,-0.006914031022598208,-0.006402629086863115,1.7046731191169786,0.0005114019357350936,0.0029923300678471078
2024-01-07 04:00:00+00:00,0.005029393356511835,0.005409241252338146,1.266159652754369,0.0003798478958263107,0.007916399155305665
2024-01-07 08:00:00+00:00,0.0010355827186089815,0.001545350372052474,1.6992255114783081,0.0005097676534434924,-0.008207904949225794
2024-01-07 12:00:00+00:00,-0.002588003071214037,-0.0021625897019027316,1.4180445643710178,0.0004254133693113053,-0.004446482363222113
2024-01-07 16:00:00+00:00,0.001879133614665597,0.0022540542916791627,1.2497355900452194,0.0003749206770135658,0.0063223252990970815
2024-01-07 20:00:00+00:00,0.006404673295197626,0.006870293503847262,1.5520673621654535,0.000465620208649636,-0.039874395187427025
2024-01-08 00:00:00+00:00,0.012485581141443002,0.012919430822093717,1.4461656021690512,0.0004338496806507153,-0.033112520792990686
2024-01-08 04:00:00+00:00,0.008743822557940836,0.009263430992123789,1.7320281139431766,0.0005196084341829529,0.023339071060313833
2024-01-08 08:00:00+00:00,0.0035132606556364286,0.003991350490394764,1.5936327825277856,0.00047808983475833565,0.011903191104720143
2024-01-08 12:00:00+00:00,-0.005561793148444886,-0.005026797309046143,1.7833194646624775,0.0005349958393987432,0.022170896156726263
2024-01-08 16:00:00+00:00,0.0008245778276806686,0.0011983012215194002,1.2457446461291053,0.00037372339383873155,0.044138247004322145
2024-01-08 20:00:00+00:00,0.0007137725568295678,0.0011087771622473519,1.3166820180592804,0.0003950046054177841,-0.004814751211399228
2024-01-09 00:00:00+00:00,0.004897819225553008,0.005341027377996877,1.4773605081462302,0.000443208152443869,-0.010750240591049284
2024-01-09 04:00:00+00:00,0.0022546843870728736,0.00269819212286692,1.478359119313489,0.00044350773579404667,0.006118141813852422
2024-01-09 08:00:00+00:00,0.002502620563352514,0.0029785076786376426,1.5862903842837626,0.00047588711528512875,-0.011738890132135693
2024-01-09 12:00:00+00:00,-0.002556840786806488,-0.002100170895260114,1.5222329718212466,0.00045666989154637393,-0.019376813357058438
2024-01-09 16:00:00+00:00,0.009257570915599141,0.009714432884069287,1.5228732282338204,0.00045686196847014607,-0.009543445426276786
2024-01-09 20:00:00+00:00,0.014869880841141724,0.015392676677368305,1.742652787421934,0.0005227958362265801,0.02446801613344317
2024-01-10 00:00:00+00:00,0.004956375557344143,0.005369972445150937,1.3786562926893122,0.00041359688780679365,0.008041583764062107
2024-01-10 04:00:00+00:00,0.0038316852537615084,0.004260923283092383,1.430793431102914,0.0004292380293308742,-0.008916381155693305
2024-01-10 08:00:00+00:00,-0.011416445881106702,-0.010965608033621175,1.5027928249517566,0.00045083784748552695,0.015465783545019197
2024-01-10 12:00:00+00:00,-0.013128736400457374,-0.012924163228796361,0.6819105722033749,0.00020457317166101247,-0.0046464238382869375
2024-01-10 16:00:00+00:00,0.002477442194057264,0.002705133317198901,0.7589704104721228,0.0002276911231416368,0.01782168231467815
2024-01-10 20:00:00+00:00,-0.008472772988416793,-0.008026657821536422,1.4870505562679044,0.0004461151668803713,0.0680277737818377
2024-01-11 00:00:00+00:00,-0.011288626793992824,-0.010891197542148167,1.3247641728155237,0.0003974292518446571,0.019510810984497674
2024-01-11 04:00:00+00:00,-0.009930572050205666,-0.009641437268030335,0.9637826072511062,0.00028913478217533186,-0.0009605449556587036
2024-01-11 08:00:00+00:00,-0.0015671181073536732,-0.0012184111211119703,1.1623566208056768,0.000348706986241703,0.03490042821878081
2024-01-11 12:00:00+00:00,-0.009164435066168685,-0.00869802044470693,1.5547154048725174,0.00046641462146175517,-0.026050953235072234
2024-01-11 16:00:00+00:00,0.01101925409401713,0.011459868097090419,1.468713343577627,0.000440614003073288,0.012519764766708397
2024-01-11 20:00:00+00:00,0.008271735077855162,0.008788614233933794,1.7229305202621092,0.0005168791560786327,0.0002667804323405383
2024-01-12 00:00:00+00:00,-0.0007871201857756127,-0.0002801629705562116,1.6898573840646702,0.000506957215219401,-0.008243287144940766
2024-01-12 04:00:00+00:00,0.0038148360514353536,0.004263283710512973,1.4948255302587303,0.00044844765907761907,-0.0030768678357174064
2024-01-12 08:00:00+00:00,0.000547858012393816,0.0010359595563767528,1.6270051466097895,0.0004881015439829368,0.018456890104870883
2024-01-12 12:00:00+00:00,-0.008387764010713691,-0.007958688494448697,1.4302517208833117,0.00042907551626499344,-0.016007624782518094
2024-01-12 16:00:00+00:00,0.0013194205693449676,0.001652393144759109,1.1099085847138048,0.0003329725754141414,-0.018858022379682468
2024-01-12 20:00:00+00:00,0.012359716109172286,0.01281909564367425,1.531265115006548,0.00045937953450196433,-0.016080682815097225
2024-01-13 00:00:00+00:00,-0.0036241240253385137,-0.0031598969441600953,1.5474236039280609,0.0004642270811784182,-0.005517448287725124
2024-01-13 04:00:00+00:00,0.01723462912382334,0.01773493719114368,1.6676935577344731,0.0005003080673203419,0.018409287496600514
2024-01-13 08:00:00+00:00,-0.023146559846749584,-0.022687806196995067,1.5291788325150613,0.0004587536497545183,-0.004314263371554566
2024-01-13 12:00:00+00:00,-0.0004940396412932754,-0.00012124878742117526,1.2426361795736671,0.0003727908538721001,0.01168171889543899
2024-01-13 16:00:00+00:00,0.01041689547952642,0.01089265092711934,1.585851491976401,0.00047575544759292026,0.0005242966990009708
2024-01-13 20:00:00+00:00,-0.0025922497748185305,-0.0020375685336698098,1.848937470495736,0.0005546812411487208,-0.0031273890875948072
2024-01-14 00:00:00+00:00,-0.011597815838129688,-0.011304787043053084,0.9767626502553469,0.00029302879507660403,-0.008566826811463205
2024-01-14 04:00:00+00:00,0.002804992897173876,0.0031018161739521342,0.9894109225941936,0.00029682327677825807,0.009663037598346427
2024-01-14 08:00:00+00:00,-0.0038166337239201806,-0.0034041691867915578,1.3748817904287423,0.00041246453712862264,-0.0026112982019654385
2024-01-14 12:00:00+00:00,0.007268610151120245,0.007557145488511779,0.9617844579717805,0.0002885353373915341,0.00530190648515857
2024-01-14 16:00:00+00:00,0.004497101660294651,0.005010026806687555,1.7097504879763457,0.0005129251463929037,-0.018229939161097792
2024-01-14 20:00:00+00:00,-0.002876096894213301,-0.0023645196242657223,1.7052575664919285,0.0005115772699475785,-0.013348936255897118
2024-01-15 00:00:00+00:00,0.0008543408931800626,0.0012725640814301698,1.3940772941670243,0.00041822318825010724,0.022592943141204948
2024-01-15 04:00:00+00:00,-0.002996631559376957,-0.002525555582208117,1.570253257229468,0.00047107597716884036,0.0015435619168645293
2024-01-15 08:00:00+00:00,-0.0012070106467827436,-0.0008183748673191346,1.29545259821203,0.00038863577946360897,0.008368155240174202
2024-01-15 12:00:00+00:00,0.006441849673743317,0.006875923062743251,1.4469112966664475,0.0004340733889999342,-0.023889590091087355
2024-01-15 16:00:00+00:00,0.0026663129443961903,0.003180640089206114,1.7144238160330791,0.0005143271448099237,0.02049035041048634
2024-01-15 20:00:00+00:00,0.009397562002345079,0.009864174167013295,1.5553738822273906,0.00046661216466821714,-0.013395147828221906
2024-01-16 00:00:00+00:00,0.005111056490309249,0.0056877279230196556,1.9222381090346885,0.0005766714327104065,0.010786436753286773
2024-01-16 04:00:00+00:00,-0.0011802319291867956,-0.0006902629862871158,1.6332298096655995,0.0004899689428996798,-0.007580502942096654
2024-01-16 08:00:00+00:00,-0.0007760461838654217,-0.0003132472315496009,1.5426631743860695,0.0004627989523158208,0.0007712172446113839
2024-01-16 12:00:00+00:00,0.0018252742321093391,0.0022176627025172605,1.3079615680264045,0.0003923884704079213,-0.0040304556552183905
2024-01-16 16:00:00+00:00,-0.0008278058841258453,-0.00031804770420411246,1.6991939330724428,0.0005097581799217328,-0.0023726852218943772
2024-01-16 20:00:00+00:00,0.0021557114131677147,0.0025594416937101687,1.3457676018081797,0.0004037302805424539,0.006079564823607229
2024-01-17 00:00:00+00:00,-0.0007491685251852074,-0.00025330191420008775,1.6528887032837325,0.0004958666109851197,0.004861349481957626
2024-01-17 04:00:00+00:00,-0.00048256846736430086,-4.070370394363977e-05,1.4728825447355371,0.0004418647634206611,-0.018109947426310696
2024-01-17 08:00:00+00:00,0.006626281240231347,0.0070455715578961395,1.397634392215973,0.0004192903176647919,0.00899630911682829
2024-01-17 12:00:00+00:00,0.0034194337446762824,0.003915673308747853,1.6541318802385707,0.0004962395640715711,-0.006320612853079486
2024-01-17 16:00:00+00:00,0.0058911270222834515,0.0063637171222993075,1.5753003333861857,0.0004725901000158557,0.0030275441091664828
2024-01-17 20:00:00+00:00,0.0003286519063445422,0.0008758840574809853,1.8241071704548106,0.0005472321511364431,-0.0034430646217521194
2024-01-18 00:00:00+00:00,0.004552191151037992,0.004943726071772863,1.305116402449569,0.00039153492073487064,-0.010347489044571657
2024-01-18 04:00:00+00:00,0.0036703078438042134,0.004146942317657772,1.5887815795118627,0.0004766344738535588,0.01029111873424808
2024-01-18 08:00:00+00:00,0.0016961238320241665,0.0021814338207927935,1.6176999625620907,0.00048530998876862715,-0.015285047239579993
2024-01-18 12:00:00+00:00,-0.00946756743575514,-0.009111277829623853,1.1876320204376234,0.000356289606131287,-0.0012990099528361282
2024-01-18 16:00:00+00:00,-0.003814089939309308,-0.003532094001134207,0.9399864605836699,0.0002819959381751009,-0.047114655894401676
2024-01-18 20:00:00+00:00,0.005329797529192485,0.005755828128765563,1.420101998576926,0.0004260305995730778,0.013573530705222936
2024-01-19 00:00:00+00:00,-0.010096728650318803,-0.009614052776287352,1.6089195801048395,0.0004826758740314518,-0.015110187333316894
2024-01-19 04:00:00+00:00,0.0011605078864174913,0.0014193444901722924,0.8627886791826704,0.0002588366037548011,0.011432931260200351
2024-01-19 08:00:00+00:00,-0.0026033647383232284,-0.002186226253545856,1.390461615924575,0.0004171384847773725,0.00722040182176755
2024-01-19 12:00:00+00:00,-0.0035581362903400584,-0.0031571393144626406,1.33665658625806,0.00040099697587741797,-0.021923113345740576
2024-01-19 16:00:00+00:00,0.0019467354471162498,0.0023243638149451898,1.2587612260964665,0.0003776283678289399,0.012003708872548575
2024-01-19 20:00:00+00:00,-0.001658473734720522,-0.0011913579979871045,1.5570524557780585,0.00046711573673341753,0.00416617713741295
2024-01-20 00:00:00+00:00,-0.002270508345214741,-0.001792971516387077,1.5917894294255468,0.000477536828827664,-0.005938482098257412
2024-01-20 04:00:00+00:00,-0.0027195421374718765,-0.002320733215495259,1.3293630732553914,0.0003988089219766174,0.004630468629743589
2024-01-20 08:00:00+00:00,-0.00233335210305084,-0.0020125679279481856,1.0692805836755153,0.00032078417510265455,-0.00821952755078366
2024-01-20 12:00:00+00:00,-0.0011807854094520336,-0.0008140548562556534,1.2224351773212676,0.00036673055319638026,-0.0026400463283951614
2024-01-20 16:00:00+00:00,0.0004838603658824795,0.0009046848075848217,1.4027481390078076,0.0004208244417023422,0.0025354840520553793
2024-01-20 20:00:00+00:00,-0.023950276783685522,-0.023469275010195082,1.603339244968131,0.00048100177349043923,0.012378561275677987
2024-01-21 00:00:00+00:00,0.007004936620852939,0.007234468180331362,0.7651051982614083,0.0002295315594784225,0.006446906758839292
2024-01-21 04:00:00+00:00,-0.0008049341566314378,-0.00031797830372744154,1.6231861763466546,0.00048695585290399636,-0.003339777570701925
2024-01-21 08:00:00+00:00,0.0012223293699920655,0.001595760747490418,1.2447712583278414,0.00037343137749835237,0.006145837259161611
2024-01-21 12:00:00+00:00,0.003941979591404388,0.004446657168713562,1.6822585910305783,0.0005046775773091735,-0.005950724747356897
2024-01-21 16:00:00+00:00,0.0003779230639843607,0.0008199324338072338,1.473364566076244,0.00044200936982287316,3.130861888393543e-05
2024-01-21 20:00:00+00:00,0.00443048906648209,0.0048558288209532875,1.4177991815706599,0.0004253397544711979,-0.014125749658136962
2024-01-22 00:00:00+00:00,-0.007073926867580285,-0.006632775983167175,1.470502948043701,0.0004411508844131103,-0.011266254054895328
2024-01-22 04:00:00+00:00,0.00531361425830266,0.005678927513572145,1.2177108508982848,0.00036531325526948543,0.0012366266335228442
2024-01-22 08:00:00+00:00,0.008431311353914984,0.008943467491879579,1.7071871265486482,0.0005121561379645944,-0.01859695609626681
2024-01-22 12:00:00+00:00,-0.0031013746290740017,-0.0025996438291286394,1.6724359998178737,0.000501730799945362,-0.008788485296634074
2024-01-22 16:00:00+00:00,0.0029361995868143645,0.0033307476492534225,1.3151602081301934,0.000394548062439058,-0.019835834201275816
2024-01-22 20:00:00+00:00,-0.00369100360369835,-0.00318851408309563,1.6749650686757322,0.0005024895206027196,0.0008399472047019623
2024-01-23 00:00:00+00:00,-0.0015534489186089149,-0.001240945188060778,1.0416791018271236,0.00031250373054813707,0.01493160344035442
2024-01-23 04:00:00+00:00,0.004356672173943612,0.004814353898830901,1.5256057496242972,0.0004576817248872891,-0.017096108713116034
2024-01-23 08:00:00+00:00,0.00770627231492692,0.008155409784205831,1.497124897596371,0.00044913746927891126,-0.04269135441407197
2024-01-23 12:00:00+00:00,-0.010933568163441244,-0.010412230051716645,1.7377937057486663,0.0005213381117245998,0.019406525321050673
2024-01-23 16:00:00+00:00,0.013598182461660214,0.013968229234521597,1.2334892428712785,0.0003700467728613835,-0.0013220101387498
2024-01-23 20:00:00+00:00,-0.0040768725734173,-0.0036516809736038525,1.4173053327114924,0.00042519159981344766,0.029267187272394767
2024-01-24 00:00:00+00:00,0.0063209026435675645,0.00681331719981781,1.6413818541674856,0.0004924145562502457,-0.012697298998831182
2024-01-24 04:00:00+00:00,0.005484352814773967,0.005997543454951074,1.7106354672570272,0.0005131906401771081,0.014096770889021707
2024-01-24 08:00:00+00:00,-0.0020306887300787745,-0.0015441189834588785,1.621899155399654,0.0004865697466198962,0.007926809366614137
2024-01-24 12:00:00+00:00,-0.000996594970935531,-0.000569783500786203,1.42270490049776,0.000426811470149328,-0.0032657990116439608
2024-01-24 16:00:00+00:00,-0.0013644910459492067,-0.000980834459354063,1.2788552886504791,0.00038365658659514373,-0.004311374388204718
2024-01-24 20:00:00+00:00,-0.0006523996550235689,-0.00022881096541492522,1.411962298695479,0.00042358868960864365,0.012164234941636438
2024-01-25 00:00:00+00:00,-0.00437168864282857,-0.003927387694541189,1.4810031609579375,0.0004443009482873812,-0.011639910084809487
2024-01-25 04:00:00+00:00,0.004494445883683866,0.00479400892400667,0.9985434677426807,0.00029956304032280416,0.0010101365928068245
2024-01-25 08:00:00+00:00,0.00792251456560928,0.008442764442593138,1.7341662566128568,0.000520249876983857,0.002795305086994594
2024-01-25 12:00:00+00:00,0.004649620767329104,0.005012092783067083,1.2082400524599288,0.0003624720157379786,-0.01965807308201853
2024-01-25 16:00:00+00:00,0.0008811366088871986,0.0014209390250854983,1.799341387327666,0.0005398024161982997,0.016349310167086035
2024-01-25 20:00:00+00:00,-0.004042474997423351,-0.003590647776238442,1.5060907372830314,0.0004518272211849094,-0.0012974779683412841
2024-01-26 00:00:00+00:00,-0.0011386886894463825,-0.0008154311386005857,1.0775251694859893,0.0003232575508457968,0.006306951058458452
2024-01-26 04:00:00+00:00,0.005600990422940422,0.0060479594233659225,1.4898966680850014,0.00044696900042550037,-0.001641527107963196
2024-01-26 08:00:00+00:00,-0.0010335402708721094,-0.0005586790204723411,1.5828708346658946,0.00047486125039976834,0.036477666712069985
2024-01-26 12:00:00+00:00,-0.004316254119653483,-0.003850315974794634,1.5531271495294972,0.0004659381448588491,0.001404276363050993
2024-01-26 16:00:00+00:00,-0.005194217133089131,-0.004819739438662681,1.2482589814215004,0.00037447769442645006,0.009654528434637119
2024-01-26 20:00:00+00:00,-0.001607506875793422,-0.001134133912772256,1.57790987673722,0.00047337296302116597,0.00024310561923091654
2024-01-27 00:00:00+00:00,0.002664323579481904,0.0032086370874880085,1.8143783600203482,0.0005443135080061045,0.004970435805661399
2024-01-27 04:00:00+00:00,-0.0022627410322891024,-0.001761829487878232,1.6697051480362335,0.00050091154441087,-0.013959201197147846
2024-01-27 08:00:00+00:00,-0.003418129879377314,-0.002976583479461455,1.471821333052862,0.0004415463999158586,0.0051045215221154835
2024-01-27 12:00:00+00:00,0.002609273763318179,0.003069808709878839,1.5351164885355337,0.00046053494656066006,0.006060548133036555
2024-01-27 16:00:00+00:00,0.0015007327490624942,0.0018985523980820686,1.326065496731915,0.00039781964901957446,0.004342825751917336
2024-01-27 20:00:00+00:00,0.0025907382147924243,0.0030601022561570304,1.5645468045486866,0.0004693640413646059,-0.0005472743358208478
2024-01-28 00:00:00+00:00,-0.005804633154943633,-0.0053308270717980916,1.5793536104851356,0.00047380608314554065,0.017028325485949243
2024-01-28 04:00:00+00:00,0.0010411556417734434,0.001489284179853462,1.493761793600062,0.0004481285380800186,-0.0021318608009252855
2024-01-28 08:00:00+00:00,0.0007421737682961579,0.0012189257165911866,1.5891731609834292,0.00047675194829502874,0.0005444586037818212
2024-01-28 12:00:00+00:00,-0.0004599522779994191,-4.5926819024656384e-06,1.5178653203231782,0.00045535959609695344,-0.011677183807924948
2024-01-28 16:00:00+00:00,0.0013840761321943775,0.0018796563584231487,1.651934087429237,0.0004955802262287711,-0.00896194423922679
2024-01-28 20:00:00+00:00,0.0013960287308537717,0.0018732912689593526,1.5908751270186037,0.00047726253810558103,0.001662386760833425
2024-01-29 00:00:00+00:00,0.007864590529705884,0.008337917804803367,1.577757583658274,0.0004733272750974822,0.01544782127624991
2024-01-29 04:00:00+00:00,-0.001335579550092949,-0.0008189806781924269,1.7219962396684076,0.0005165988719005222,-0.0054877867097871775
2024-01-29 08:00:00+00:00,0.011590790976098891,0.012050367498016095,1.5319217397240108,0.0004595765219172032,0.004111885895340408
2024-01-29 12:00:00+00:00,-0.00196234761359265,-0.0014669739503796646,1.6512455440432843,0.0004953736632129852,0.002527691724684001
2024-01-29 16:00:00+00:00,0.014825722057909123,0.015245034047193415,1.3977066309476376,0.0004193119892842912,0.02659284867712821
2024-01-29 20:00:00+00:00,-0.0004076360301302302,7.345263300581042e-05,1.6036288771201355,0.0004810886631360406,0.0020312836353064754
2024-01-30 00:00:00+00:00,0.0005918920851633305,0.001059096724490214,1.557348797756278,0.0004672046393268834,0.0014833965271942421
2024-01-30 04:00:00+00:00,-0.0008250412198121754,-0.0003610996431817978,1.5464719221012588,0.0004639415766303776,-0.0003615533078269712
2024-01-30 08:00:00+00:00,-0.007363254285593162,-0.006876758357799586,1.6216530926452504,0.0004864959277935751,0.0113190547201324
2024-01-30 12:00:00+00:00,0.003681867433617147,0.004002731964507315,1.0695484363005596,0.00032086453089016784,-0.005761984432794135
2024-01-30 16:00:00+00:00,-0.006812734313100778,-0.0063727655679470235,1.4665624838458486,0.00043996874515375456,0.007172470700528314
2024-01-30 20:00:00+00:00,0.006656529902955828,0.006933289123179732,0.9225307340796809,0.00027675922022390423,-0.02113535271402248
2024-01-31 00:00:00+00:00,-0.0059331948534116635,-0.00540559497809045,1.7586662510707123,0.0005275998753212136,-0.0025728607892016946
2024-01-31 04:00:00+00:00,-0.0025652167453719945,-0.002159566711877183,1.3521667783160392,0.0004056500334948117,0.004417048763718388
2024-01-31 08:00:00+00:00,0.009099323092061426,0.0095119724312371,1.3754977972522489,0.00041264933917567465,-0.018615598125040676
2024-01-31 12:00:00+00:00,0.004089931106956242,0.004604358626184868,1.7147583974287521,0.0005144275192286256,0.006559678473922019
2024-01-31 16:00:00+00:00,0.006009973269105459,0.006531895280294327,1.7397400372962268,0.000521922011188868,0.005413719606692791
2024-01-31 20:00:00+00:00,-0.0058951604570348076,-0.00538047130417645,1.7156305095278575,0.0005146891528583572,-0.026852840425813634
2024-02-01 00:00:00+00:00,0.00031544407131327024,0.000686074464436446,1.2354346437439192,0.0003706303931231757,-0.014760945136427476
2024-02-01 04:00:00+00:00,0.013079496626635835,0.013560939455960047,1.6048094310807066,0.00048144282932421195,0.00807153346629379
2024-02-01 08:00:00+00:00,-0.0010122425867519162,-0.0004945267042984326,1.7257196081782789,0.0005177158824534836,-0.004121410152392267
2024-02-01 12:00:00+00:00,0.009587830148100229,0.010028746467827867,1.4697210657587947,0.00044091631972763837,0.016934058266436687
2024-02-01 16:00:00+00:00,-0.0007561438715149907,-0.0003122564100733057,1.4796248714722835,0.000443887461441685,0.009899321987853808
2024-02-01 20:00:00+00:00,0.004664952740427585,0.005057821782067907,1.3095634721344072,0.0003928690416403221,0.0018327848307766459
2024-02-02 00:00:00+00:00,-0.0014684094025256074,-0.0009199684699309058,1.8281364419823385,0.0005484409325947015,0.007890269404694486
2024-02-02 04:00:00+00:00,-0.0025885119630235966,-0.002158389954749802,1.4337400275793157,0.0004301220082737947,0.007321233151389674
2024-02-02 08:00:00+00:00,-0.004302687225605272,-0.0039042869489460197,1.3280009221975067,0.00039840027665925197,0.000519917932804122
2024-02-02 12:00:00+00:00,0.0031506403409474236,0.0035515532665763667,1.3363764187631444,0.0004009129256289433,0.0024885439191606852
2024-02-02 16:00:00+00:00,0.008642688882191591,0.009088520113704313,1.4861041050424033,0.00044583123151272093,-0.007872790290918108
2024-02-02 20:00:00+00:00,-0.005090273924419237,-0.004610154129678473,1.6003993158025458,0.0004801197947407637,0.0035283224843212484
2024-02-03 00:00:00+00:00,-0.0028296039045411286,-0.002507207859089566,1.0746534848385425,0.00032239604545156273,-0.003365084495696639
2024-02-03 04:00:00+00:00,-0.002818697967771846,-0.002401903978655091,1.38931329705585,0.00041679398911675496,-0.00013581528665469335
2024-02-03 08:00:00+00:00,0.0033588022128430307,0.0037546126681567535,1.3193681843790754,0.0003958104553137226,-0.0016590275512560597
2024-02-03 12:00:00+00:00,-0.0012299650800476692,-0.0007823070197725704,1.4921935342503294,0.0004476580602750988,-0.0008978004274149279
2024-02-03 16:00:00+00:00,-0.001563926419782951,-0.0011369430075269626,1.4232780408532946,0.0004269834122559883,0.0018441227038694468
2024-02-03 20:00:00+00:00,-0.0013995668621585057,-0.0010084932234920088,1.3035787955549896,0.00039107363866649683,-0.00721726052481317
2024-02-04 00:00:00+00:00,-0.0037582095231196186,-0.00330477640107868,1.5114437401364622,0.0004534331220409386,0.002643739834264528
2024-02-04 04:00:00+00:00,0.0022085282729214766,0.0025894766997242103,1.269828089342446,0.00038094842680273377,-0.011646055229373642
2024-02-04 08:00:00+00:00,0.008180712708744233,0.00859725829285409,1.3884852803661891,0.0004165455841098567,0.012799556576917207
2024-02-04 12:00:00+00:00,-0.0005145495293054774,1.7845712477342433e-05,1.774650805942733,0.0005323952417828199,0.0007130117482006178
2024-02-04 16:00:00+00:00,-0.003068707306671398,-0.0025940627743127258,1.5821484411955744,0.00047464453235867226,-0.00794181349135146
2024-02-04 20:00:00+00:00,0.00044299510428642163,0.0008281725814879527,1.2839249240051036,0.00038517747720153106,-0.005145698893451805
2024-02-05 00:00:00+00:00,0.006349828554887905,0.006816977360414754,1.557162685089498,0.00046714880552684935,-0.0015038017913545643
2024-02-05 04:00:00+00:00,0.002985226758620451,0.0035101079617427893,1.7496040104077957,0.0005248812031223387,0.01227121554474615
2024-02-05 08:00:00+00:00,-0.005877490069050998,-0.005396003701701665,1.604954557831112,0.00048148636734933356,0.007602598850539175
2024-02-05 12:00:00+00:00,0.001956860726858791,0.0023664471991184173,1.365288240865421,0.00040958647225962624,-0.010901586494293122
2024-02-05 16:00:00+00:00,-0.006004670913800087,-0.005520581325638826,1.6136319605375358,0.0004840895881612607,0.0038464172119350615
2024-02-05 20:00:00+00:00,0.0026424977360928912,0.0029903175814080226,1.1593994843837707,0.0003478198453151312,-0.006941697944081315
2024-02-06 00:00:00+00:00,0.006906281630165844,0.0073991478630543546,1.6428874429617006,0.0004928662328885101,0.008204654893433087
2024-02-06 04:00:00+00:00,-0.0016478288126996253,-0.0011910561168813087,1.522575652727722,0.0004567726958183166,-0.0018624049575025287
2024-02-06 08:00:00+00:00,0.0032568139440184037,0.0035883709962257018,1.1051901740243268,0.000331557052207298,-0.0054174759681395995
2024-02-06 12:00:00+00:00,-0.001426132195241934,-0.0009312088640019788,1.6497444374665178,0.0004949233312399553,0.004639954840443609
2024-02-06 16:00:00+00:00,-0.002610447489802862,-0.0021955776348862002,1.3828995163888727,0.00041486985491666177,0.007694353578992084
2024-02-06 20:00:00+00:00,-0.0008295183433249802,-0.0004839185281063578,1.151999384062075,0.00034559981521862246,-0.0030738280526307173
2024-02-07 00:00:00+00:00,0.0074412102290057295,0.007864413075964489,1.4106761565291988,0.0004232028469587596,-0.0019030589177625522
2024-02-07 04:00:00+00:00,-0.0012854724240403813,-0.0007268551196142862,1.8620576814203171,0.0005586173044260951,-0.005043660583859202
2024-02-07 08:00:00+00:00,0.0005010967411361514,0.0008822848788224243,1.2706271256209098,0.00038118813768627294,-0.0003482000976914247
2024-02-07 12:00:00+00:00,0.004843915520346856,0.005326343514124835,1.6080933125932633,0.0004824279937779789,0.005061915629806761
2024-02-07 16:00:00+00:00,0.003780502632418193,0.00424551021237236,1.5500252665138905,0.00046500757995416713,0.019052313077149007
2024-02-07 20:00:00+00:00,0.008542210015370512,0.009051284649652509,1.6969154476066541,0.0005090746342819962,0.01139106809547829
2024-02-08 00:00:00+00:00,-0.001437615484722624,-0.0009598837410343509,1.592439145627577,0.0004777317436882731,0.007414141297131497
2024-02-08 04:00:00+00:00,-0.0024980227325893563,-0.0020808509818122456,1.3905725025903688,0.0004171717507771106,-0.004842806835236726
2024-02-08 08:00:00+00:00,0.001286483691332714,0.0016097861916105284,1.077675000926048,0.0003233025002778144,-0.0004922079105333018
2024-02-08 12:00:00+00:00,-0.0008138404987887803,-0.00034669713891627473,1.557144532908352,0.00046714335987250554,0.014143201827173905
2024-02-08 16:00:00+00:00,-0.0005075798750199271,-7.474920660009703e-05,1.4427688947327673,0.00043283066841983016,-0.012568116575881161
2024-02-08 20:00:00+00:00,0.00038888499540299716,0.0008632762838932326,1.5813042949674514,0.0004743912884902354,0.0011413371002966766
2024-02-09 00:00:00+00:00,0.0009591952475759706,0.0014364342198213108,1.590796574151134,0.00047723897224534017,0.01107908032199667
2024-02-09 04:00:00+00:00,0.004947688447527348,0.005393047355202803,1.4845296922515168,0.000445358907675455,0.0016584668054819645
2024-02-09 08:00:00+00:00,0.0011943716638752387,0.0017498217464990945,1.851500275412853,0.0005554500826238559,0.00553474419050887
2024-02-09 12:00:00+00:00,0.007047822627287174,0.0075616897119643155,1.7128902822571388,0.0005138670846771416,0.00938001495553921
2024-02-09 16:00:00+00:00,-0.006067705265529196,-0.005609224835356927,1.5282681005742318,0.0004584804301722695,0.004011962147176884
2024-02-09 20:00:00+00:00,0.0015542719001006727,0.0019061644062536097,1.1729750205097897,0.0003518925061529369,0.006051984601123596
2024-02-10 00:00:00+00:00,-0.00822413163321586,-0.007732874829160262,1.6375226801853322,0.0004912568040555996,0.011047218197118291
2024-02-10 04:00:00+00:00,0.003092157915459547,0.0033981537733689168,1.0199861930312328,0.00030599585790936983,-0.008351320154881617
2024-02-10 08:00:00+00:00,0.0015915634655022295,0.002067792371761271,1.587429687530138,0.0004762289062590413,-0.012303385872776436
2024-02-10 12:00:00+00:00,0.00031256273368832223,0.0007334311929062616,1.402894864059798,0.00042086845921793936,0.007247896671684736
2024-02-10 16:00:00+00:00,-0.0009572264688473541,-0.0005147556689359928,1.4749026663712044,0.00044247079991136125,0.0021626246974290643
2024-02-10 20:00:00+00:00,-0.0034562361645136294,-0.0030252715781684102,1.4365486211507303,0.00043096458634521906,0.004656882891809276
2024-02-11 00:00:00+00:00,-0.003563218401097491,-0.0032428210290565934,1.0679912401363265,0.0003203973720408979,0.013991779185830153
2024-02-11 04:00:00+00:00,-0.0039111412583790394,-0.0035318895534993044,1.2641723495991173,0.00037925170487973514,0.005975031757030644
2024-02-11 08:00:00+00:00,-0.006245909711950427,-0.0057907573674751975,1.5171744815840957,0.0004551523444752287,-0.002272406706738078
2024-02-11 12:00:00+00:00,0.0014227459332477608,0.0017686651702069848,1.1530641231974137,0.0003459192369592241,-0.010857306542514952
2024-02-11 16:00:00+00:00,0.0014504418823714674,0.001934550275496927,1.6136946437515327,0.0004841083931254598,-0.0015792738054081865
2024-02-11 20:00:00+00:00,-0.0019454543253378327,-0.001467359207606008,1.593650392439416,0.0004780951177318248,-0.005484286939500701
2024-02-12 00:00:00+00:00,0.000188447822182267,0.0006226907861834551,1.4474765466706272,0.0004342429640011881,-0.0037696464145291746
2024-02-12 04:00:00+00:00,0.0022854178821773304,0.002721398784740893,1.4532696752118743,0.0004359809025635623,0.0002982236312798416
2024-02-12 08:00:00+00:00,-0.004933623904183241,-0.0044053791236597145,1.7608159350784216,0.0005282447805235264,-0.0053995065096293406
2024-02-12 12:00:00+00:00,0.0050121486516964105,0.005358580512330302,1.154772868779639,0.0003464318606338917,0.031110798825951313
2024-02-12 16:00:00+00:00,-0.0007048755153661681,-0.00022251388454234554,1.6078721027460756,0.00048236163082382265,0.00965233080360598
2024-02-12 20:00:00+00:00,-0.005217728717845765,-0.00480637990669551,1.3711627038341834,0.00041134881115025495,0.006972429343639436
2024-02-13 00:00:00+00:00,-0.0029836397767580426,-0.00269603164790983,0.9586937628273743,0.0002876081288482123,-0.010392619479034653
2024-02-13 04:00:00+00:00,-0.0013171863703234908,-0.0008917183901962535,1.4182266004241249,0.0004254679801272374,0.009140670860778894
2024-02-13 08:00:00+00:00,0.0023239527835666562,0.00267277501230613,1.162740762464913,0.0003488222287394739,0.002421917437740751
2024-02-13 12:00:00+00:00,-0.0015141848156034355,-0.0010390760614397978,1.583695847212126,0.0004751087541636378,-0.020464873361282384
2024-02-13 16:00:00+00:00,0.005191311935841162,0.00557400787907717,1.2756531441200274,0.0003826959432360082,0.002052267842028205
2024-02-13 20:00:00+00:00,-0.00015493261266541318,0.0003435158872342522,1.6614949996655515,0.0004984484998996654,0.006804960468950797
2024-02-14 00:00:00+00:00,0.0022118165455218457,0.0026539270715492287,1.4737017534246108,0.0004421105260273832,0.001251389980086951
2024-02-14 04:00:00+00:00,-9.079465171098287e-05,0.000367028447249076,1.5260769965335297,0.00045782309896005884,0.008010918707810743
2024-02-14 08:00:00+00:00,0.004650121870792799,0.0050634723437629385,1.3778349099004648,0.0004133504729701394,0.024694269688711416
2024-02-14 12:00:00+00:00,0.0032905719738993756,0.003797316408596616,1.6891481156574684,0.0005067444346972405,-0.005613678114311173
2024-02-14 16:00:00+00:00,-0.004055954980383442,-0.0036200126694415123,1.453141036473099,0.0004359423109419297,0.003639308002624549
2024-02-14 20:00:00+00:00,0.003378251550008592,0.0037491380074203503,1.2362881913725272,0.0003708864574117581,0.002346097830736954
2024-02-15 00:00:00+00:00,0.003852352392858894,0.004337891084446971,1.6184623052935898,0.0004855386915880769,0.012415537720625007
2024-02-15 04:00:00+00:00,-0.0030173772258466638,-0.002530286144108694,1.623636939126567,0.00048709108173797006,-0.010450238417349926
2024-02-15 08:00:00+00:00,-0.0010267144051201512,-0.0006503689700254158,1.2544847836491182,0.0003763454350947354,0.010348855247602606
2024-02-15 12:00:00+00:00,-0.005245655937653297,-0.0048545919797385855,1.3035465263823716,0.00039106395791471145,0.0001802647799870964
2024-02-15 16:00:00+00:00,0.003917581740658274,0.004243850765224962,1.0875634152222926,0.00032626902456668773,0.0022515158508950093
2024-02-15 20:00:00+00:00,-0.007156807059078633,-0.006691450770078026,1.5511876300020224,0.0004653562890006067,-0.002946382268354818
2024-02-16 00:00:00+00:00,0.0014646755586167506,0.0017634537568972557,0.9959273276016833,0.000298778198280505,0.008535132166993113
2024-02-16 04:00:00+00:00,-0.003997084700870381,-0.0035463553235901162,1.5024312576008843,0.0004507293772802652,-0.012898067596455287
2024-02-16 08:00:00+00:00,0.0002884586142474945,0.0006939621921162591,1.351678592895882,0.0004055035778687646,0.0032706307184649803
2024-02-16 12:00:00+00:00,-0.00047250838521365563,-4.93569036416671e-05,1.4105049385732953,0.00042315148157198853,-0.02235754987800987
2024-02-16 16:00:00+00:00,0.005545873382327193,0.0060148132614542054,1.5631329304233743,0.00046893987912701227,-0.0026139943865126896
2024-02-16 20:00:00+00:00,-0.001250060276536961,-0.0007807719472059566,1.5642944311033482,0.0004692883293310044,0.014123464416752208
2024-02-17 00:00:00+00:00,-0.000942106283415269,-0.0005338822657937192,1.3607467254051657,0.0004082240176215497,-0.007591555893710555
2024-02-17 04:00:00+00:00,0.0006248624823845072,0.0010477378225050083,1.409584467068337,0.00042287534012050106,0.0033968354149288495
2024-02-17 08:00:00+00:00,-0.00010284290988861434,0.00039161641393148697,1.6481977460670045,0.0004944593238201013,-0.009366151990503972
2024-02-17 12:00:00+00:00,0.0016752461752631443,0.0021035530532491865,1.4276895932868072,0.00042830687798604215,-0.015868696164065964
2024-02-17 16:00:00+00:00,0.00011448244593692568,0.0005318158119194721,1.3911112199418216,0.00041733336598254644,0.011333439818301731
2024-02-17 20:00:00+00:00,-0.0005026504123228253,-5.052997599457542e-05,1.507068121094166,0.0004521204363282498,0.01012042741844256
2024-02-18 00:00:00+00:00,-0.00937176346578659,-0.008917170561213708,1.5153096819096095,0.00045459290457288277,-0.003648612613897177
2024-02-18 04:00:00+00:00,0.0018026526071470094,0.0020006506711659684,0.6599935467298634,0.000197998064018959,0.009446988122642375
2024-02-18 08:00:00+00:00,0.0030209948253610043,0.0034560085386180863,1.4500457108569396,0.0004350137132570818,0.007916372181002319
2024-02-18 12:00:00+00:00,-0.0009805716058457843,-0.0005208357157897861,1.532452966853327,0.0004597358900559981,0.0008350491478263683
2024-02-18 16:00:00+00:00,-0.002616715665591295,-0.002193935418725178,1.4092674895537236,0.00042278024686611705,0.004662856981437254
2024-02-18 20:00:00+00:00,-0.004610517784086051,-0.004235619961909513,1.2496594072551257,0.0003748978221765377,0.0035773063246926835
2024-02-19 00:00:00+00:00,0.0014902873832170823,0.0017821983440032218,0.9730365359537986,0.00029191096078613955,-0.0002149947979356565
2024-02-19 04:00:00+00:00,0.00941000690431372,0.009915843685605632,1.6861226043063762,0.0005058367812919129,0.014940213448200335
2024-02-19 08:00:00+00:00,-0.0011443097180088109,-0.0006762339315120569,1.560252621655847,0.00046807578649675404,-0.0024649558729808617
2024-02-19 12:00:00+00:00,-0.00042260906285958565,-1.9773588672024323e-05,1.342784913958538,0.00040283547418756133,-0.0054668286153941
2024-02-19 16:00:00+00:00,0.001217530275649921,0.0016567234784028958,1.4639773425099158,0.0004391932027529747,0.0007186472018755134
2024-02-19 20:00:00+00:00,4.34472136103325e-05,0.0005047851228089644,1.5377930306621064,0.0004613379091986319,0.007618016621109091
2024-02-20 00:00:00+00:00,0.005370338435325179,0.005796211944243868,1.4195783630622942,0.00042587350891868823,-0.0177389623171897
2024-02-20 04:00:00+00:00,0.0012326282227672842,0.0017576971200631572,1.7502296576529102,0.000525068897295873,0.0064649960910646434
2024-02-20 08:00:00+00:00,0.0036735353563958585,0.004100051145955064,1.421719298530687,0.0004265157895592061,-0.0021205377127978347
2024-02-20 12:00:00+00:00,-0.005573089431790148,-0.005002851862446627,1.900791897811735,0.0005702375693435205,-0.025317369700872557
2024-02-20 16:00:00+00:00,-0.009119590262393206,-0.008712331654099946,1.357528694310869,0.0004072586082932607,0.012233266462782156
2024-02-20 20:00:00+00:00,0.00552668288648762,0.00585247967603672,1.085989298497002,0.0003257967895491006,0.010720881251150997
2024-02-21 00:00:00+00:00,-0.002642741004920889,-0.002209081941875928,1.4455302101498697,0.0004336590630449609,-0.014795139493988304
2024-02-21 04:00:00+00:00,-0.005761395907641559,-0.005362788229158464,1.3286922616103163,0.00039860767848309483,-0.01952332805875348
2024-02-21 08:00:00+00:00,-0.008555888060466548,-0.00812748976619924,1.427994314224361,0.00042839829426730825,-0.016932185295179192
2024-02-21 12:00:00+00:00,-0.003436467816906945,-0.0031526947993417882,0.9459100585505233,0.000283773017565157,0.0053748598512326625
2024-02-21 16:00:00+00:00,0.0028253136398321563,0.003229782641515647,1.3482300056116365,0.00040446900168349093,-0.00820759582128581
2024-02-21 20:00:00+00:00,0.00793875589500242,0.008367258168514316,1.4283409117063182,0.0004285022735118954,0.0226296127384936
2024-02-22 00:00:00+00:00,-0.0030798169009196405,-0.002615725316519026,1.546971948002049,0.0004640915844006146,-0.012831724609215903
2024-02-22 04:00:00+00:00,0.00893445876469435,0.009354836817906005,1.401260177372183,0.0004203780532116548,0.018239386767106642
2024-02-22 08:00:00+00:00,0.001783863442499035,0.0023311373837617065,1.8242464708755726,0.0005472739412626717,-0.002864879975867328
2024-02-22 12:00:00+00:00,0.002100146983050057,0.0025591281065201225,1.529937078233552,0.00045898112347006557,-0.0016238289241468867
2024-02-22 16:00:00+00:00,-0.005279468674383539,-0.00477369522197842,1.6859115080170644,0.0005057734524051193,0.0009190297202387111
2024-02-22 20:00:00+00:00,-0.0024220180995603953,-0.002042223154234493,1.2659831510863409,0.0003797949453259022,-0.007628851504295016
2024-02-23 00:00:00+00:00,0.0007837351223695988,0.0011306254349331686,1.1563010418785662,0.00034689031256356984,-0.008974607235689058
2024-02-23 04:00:00+00:00,0.0020653721960248424,0.002558900827085514,1.6450954368689061,0.0004935286310606718,0.0002952224876531044
2024-02-23 08:00:00+00:00,0.003823681793989628,0.004258146026292941,1.4482141076777097,0.0004344642323033129,-0.0006334265327978996
2024-02-23 12:00:00+00:00,0.0010076095898722166,0.0014966773604491194,1.6302259019230096,0.0004890677705769029,-0.009437749294744684
2024-02-23 16:00:00+00:00,-0.005513770527231706,-0.005081515206580198,1.440851068838357,0.000432255320651507,0.012451078513744574
2024-02-23 20:00:00+00:00,0.005406320313102141,0.005765516793138089,1.1973216001198295,0.0003591964800359488,-0.003791340622070329
2024-02-24 00:00:00+00:00,0.004287287900391198,0.004798821043476028,1.705110476949433,0.0005115331430848299,0.0004649433298470014
2024-02-24 04:00:00+00:00,0.00022770648579518277,0.0007521022779422051,1.7479859738234078,0.0005243957921470223,0.017115268347561465
2024-02-24 08:00:00+00:00,0.0005311326646195598,0.0009633521133933599,1.4407314959126671,0.0004322194487738001,0.002622655374421575
2024-02-24 12:00:00+00:00,0.0012090325909687929,0.0016333324842597481,1.4143329776365177,0.00042429989329095526,-0.0023623913362219064
2024-02-24 16:00:00+00:00,-0.0007209207475794467,-0.00029746453172107147,1.4115207195279176,0.00042345621585837523,0.013218606444126882
2024-02-24 20:00:00+00:00,-0.0030932671207391325,-0.0026171480593648877,1.5870635379141496,0.0004761190613742448,0.000744110832887769
2024-02-25 00:00:00+00:00,0.0062895965267977,0.0067134977854187376,1.4130041954034591,0.0004239012586210377,-0.002480173825457621
2024-02-25 04:00:00+00:00,0.001366910754046138,0.0018545996871492864,1.6256297770104946,0.00048768893310314836,0.0025241222361407486
2024-02-25 08:00:00+00:00,0.002303859913919425,0.0026750326513319306,1.2372424580416852,0.00037117273741250553,-0.004788571213349557
2024-02-25 12:00:00+00:00,0.00018311661699201107,0.0006122627730140034,1.4304871867399747,0.00042914615602199235,0.003162020354035821
2024-02-25 16:00:00+00:00,0.0053057848326054265,0.005750759278036338,1.4832481514363711,0.0004449744454309113,0.0077231273148862245
2024-02-25 20:00:00+00:00,-0.00047269602730703076,3.510387587961567e-05,1.692666343955488,0.0005077999031866464,0.006358043572907139
2024-02-26 00:00:00+00:00,-0.0008714543062047798,-0.000459637402865256,1.3727230111317459,0.00041181690333952375,-0.006489532964443663
2024-02-26 04:00:00+00:00,0.009117647907467044,0.009520378063344305,1.3424338529242028,0.0004027301558772608,-0.0011545678563952408
2024-02-26 08:00:00+00:00,0.0009179967185627262,0.0014171913944070666,1.6639822528144683,0.0004991946758443405,-0.011316305245318884
2024-02-26 12:00:00+00:00,0.00016444210386194633,0.0005684217911141644,1.3465989575073936,0.00040397968725221803,0.03517419390428345
2024-02-26 16:00:00+00:00,0.0061952933243198385,0.00652151221686991,1.087396308500239,0.00032621889255007164,0.0183957237896239
2024-02-26 20:00:00+00:00,0.002155122681955746,0.002626569090760732,1.5714880293499538,0.0004714464088049861,0.0028545198206928793
2024-02-27 00:00:00+00:00,0.0013129551665037819,0.0017277948854765718,1.3827990632426328,0.0004148397189727898,9.977705176700269e-05
2024-02-27 04:00:00+00:00,0.003778104176816017,0.004244512355318949,1.5546939283431072,0.00046640817850293213,-0.004598011823802517
2024-02-27 08:00:00+00:00,-0.011170171242229144,-0.010696288936786882,1.579607684807538,0.00047388230544226134,0.009823076171362374
2024-02-27 12:00:00+00:00,-0.014039411068004727,-0.013810682027901696,0.7624301336767707,0.0002287290401030312,-0.01540129395105451
2024-02-27 16:00:00+00:00,-0.007883987796312898,-0.007565174005826527,1.0627126349545724,0.00031881379048637166,0.010607959978961546
2024-02-27 20:00:00+00:00,0.009220418049582282,0.009526746356384988,1.0210943560090213,0.00030632830680270637,0.002610682285581328
2024-02-28 00:00:00+00:00,-0.0009233416614104816,-0.00039450903611638145,1.7627754176470003,0.0005288326252941,-0.0073344811963122186
2024-02-28 04:00:00+00:00,0.0023508222268885793,0.0027270094897355814,1.2539575428233398,0.0003761872628470019,0.011955657768417019
2024-02-28 08:00:00+00:00,-0.0310861177747451,-0.0306068538295385,1.5975464840220053,0.00047926394520660153,0.012977852683364443
2024-02-28 12:00:00+00:00,0.01655205240056162,0.016830341460049116,0.9276301982916523,0.00027828905948749564,0.012685979656656632
2024-02-28 16:00:00+00:00,-0.0019755552224896846,-0.0015162911408673823,1.530880272074341,0.00045926408162230226,-0.0175441084786817
2024-02-28 20:00:00+00:00,0.002117407683747351,0.0025547053823120293,1.4576589952155952,0.0004372976985646785,0.02572633438841731
2024-02-29 00:00:00+00:00,-0.0007965676785195568,-0.00026362759966922856,1.7764669295010942,0.0005329400788503283,0.018302115107074312
2024-02-29 04:00:00+00:00,-0.010423139954603478,-0.010007869918457238,1.3842334538207988,0.0004152700361462396,0.013872737387756328
2024-02-29 08:00:00+00:00,0.0014620152348149566,0.0018136135248407728,1.171994300086054,0.00035159829002581614,0.012990361284204884
2024-02-29 12:00:00+00:00,-0.0031887920873328616,-0.002697501295987307,1.6376359711518487,0.0004912907913455545,0.003022501260782178
2024-02-29 16:00:00+00:00,0.008978033624365417,0.009326649842041583,1.1620540589205557,0.0003486162176761667,-0.010604753458980976
2024-02-29 20:00:00+00:00,-0.0014808228314955828,-0.0010437521602068745,1.4569022376290282,0.0004370706712887084,-0.03312250890959038
2024-03-01 00:00:00+00:00,0.0008454613725682512,0.0012694634071511298,1.4133401152762621,0.0004240020345828786,0.020146562149290285
2024-03-01 04:00:00+00:00,0.005560195814927722,0.006008570458173461,1.4945821441524636,0.00044837464324573904,-0.004855423148287391
2024-03-01 08:00:00+00:00,0.006836769973790808,0.007365087435927103,1.761058207120984,0.0005283174621362951,0.009082493449910235
2024-03-01 12:00:00+00:00,0.003934610886837201,0.004525084697385305,1.9682460351603495,0.0005904738105481048,-0.007692631176756513
2024-03-01 16:00:00+00:00,-0.014359832696837806,-0.013879399601835332,1.6014436500082472,0.0004804330950024741,0.00877118767335788
2024-03-01 20:00:00+00:00,-0.004995921352946917,-0.004685653956496436,1.0342246548349372,0.00031026739645048114,0.015648008816511478
2024-03-02 00:00:00+00:00,-0.007276175471783408,-0.0068316304041176786,1.481816892219097,0.0004445450676657291,0.022856108479653907
2024-03-02 04:00:00+00:00,0.014566147941259723,0.014959010560303299,1.309542063478589,0.00039286261904357666,0.0013813135717396115
2024-03-02 08:00:00+00:00,0.012591510004088518,0.013088769612419015,1.6575320277683219,0.0004972596083304965,-0.0045932254503394465
2024-03-02 12:00:00+00:00,0.007015799049810825,0.007552832052101704,1.7901100076362624,0.0005370330022908787,0.001148259964245286
2024-03-02 16:00:00+00:00,0.0034054432831773333,0.003906888891856051,1.6714853622623915,0.0005014456086787174,0.011608489106424692
2024-03-02 20:00:00+00:00,0.0019454401450064297,0.002448366809102098,1.6764222136522275,0.0005029266640956682,0.011641136009712257
2024-03-03 00:00:00+00:00,0.007236218051597321,0.007645987589545572,1.365898459827504,0.00040976953794825114,0.0020671827726031653
2024-03-03 04:00:00+00:00,0.0007658766551303239,0.0012295663077274118,1.5456321753236266,0.00046368965259708795,-0.038845731619334856
2024-03-03 08:00:00+00:00,0.00611321687485765,0.006535407960254506,1.4073036179895193,0.00042219108539685575,0.015136234343717829
2024-03-03 12:00:00+00:00,0.005914603155667044,0.0063921143200679036,1.591703881336197,0.00047751116440085904,0.005743189449029335
2024-03-03 16:00:00+00:00,0.00023686617306150438,0.0007082692714300308,1.5713436612284215,0.0004714030983685264,0.010915408516372816
2024-03-03 20:00:00+00:00,-0.008940516972973767,-0.008544602056638593,1.3197163877839135,0.000395914916335174,0.0013615419420598667
2024-03-04 00:00:00+00:00,-0.006229436585864737,-0.005902932302726428,1.0883476104610308,0.0003265042831383092,0.00032692298382215845
2024-03-04 04:00:00+00:00,-0.005756461160397576,-0.00540625262808188,1.1673617743856544,0.00035020853231569626,0.012450629040424077
2024-03-04 08:00:00+00:00,0.004840443531972684,0.005216927300992029,1.2549458967311502,0.00037648376901934505,0.0067116605949656604
2024-03-04 12:00:00+00:00,0.006699196154908948,0.007158076936259538,1.5296026045019686,0.00045888078135059056,0.004915682528403255
2024-03-04 16:00:00+00:00,-0.016889184426571027,-0.016373450544370945,1.719112940666935,0.0005157338822000804,-0.004941014344906602
2024-03-04 20:00:00+00:00,-0.004901339688885061,-0.004632295601884761,0.8968136233343359,0.00026904408700030076,0.0047453895328569366
2024-03-05 00:00:00+00:00,-0.0020535743534332257,-0.0017026389588759095,1.1697846485243875,0.0003509353945573162,0.0017777167288162796
2024-03-05 04:00:00+00:00,0.023910137267519938,0.024353399664203173,1.4775413222774447,0.0004432623966832334,0.014739476103258639
2024-03-05 08:00:00+00:00,0.003764595610999647,0.004275697866499641,1.7036741849999808,0.0005111022554999942,0.009770093062808667
2024-03-05 12:00:00+00:00,0.0009196543979142096,0.0014060421357438824,1.6212924594322429,0.0004863877378296728,-0.003064540542871347
2024-03-05 16:00:00+00:00,-0.00858514247276578,-0.008120621551264001,1.5484030716725963,0.00046452092150177886,-0.12719286006222752
2024-03-05 20:00:00+00:00,0.02238745433216105,0.022820206989004603,1.4425088561451787,0.00043275265684355357,0.07928200598549137
2024-03-06 00:00:00+00:00,0.004263223188197052,0.004777791258906744,1.715226902365643,0.0005145680707096928,-0.0213939397403049
2024-03-06 04:00:00+00:00,0.013207727798114603,0.013632045628754887,1.4143927688009463,0.0004243178306402839,0.0722435612843174
2024-03-06 08:00:00+00:00,0.011929832423195827,0.01243668332336298,1.689503000557173,0.0005068509001671519,0.004210239164412276
2024-03-06 12:00:00+00:00,-0.011426410646699409,-0.010952403132185685,1.580025048379076,0.0004740075145137228,-0.01868015013430123
2024-03-06 16:00:00+00:00,-0.04196418369611194,-0.041591542647656896,1.2421368281834835,0.000372641048455045,0.027268906140953987
2024-03-06 20:00:00+00:00,-0.03636262807086704,-0.03605221796865275,1.034700340714303,0.00031041010221429086,0.016752818282364836
2024-03-07 00:00:00+00:00,0.005009001869289352,0.005250741736277407,0.8057995566268485,0.00024173986698805455,0.0028916540847931872
2024-03-07 04:00:00+00:00,-0.0037984372816489173,-0.0033893857183891537,1.3635052108658785,0.0004090515632597635,-0.0012765211750521504
2024-03-07 08:00:00+00:00,0.0026676135499671553,0.003041262772341745,1.2454974079153003,0.00037364922237459003,0.0029351578213608768
2024-03-07 12:00:00+00:00,-0.009442109899863313,-0.009037541528443748,1.3485612380652146,0.00040456837141956433,0.01274602738128329
2024-03-07 16:00:00+00:00,-0.004300568643876419,-0.0039950543718824194,1.0183809066466645,0.0003055142719939993,0.00477806453007646
2024-03-07 20:00:00+00:00,-0.0007903071601923701,-0.0004440427029275032,1.1542148575495565,0.0003462644572648669,0.0002479994421321499
2024-03-08 00:00:00+00:00,-0.0015021800540082157,-0.0011029039288036997,1.3309204173483873,0.00039927612520451614,0.0004110557820428521
2024-03-08 04:00:00+00:00,-0.00548137103929984,-0.005067390751303121,1.3799342933223968,0.000413980287996719,-0.0027664861138206355
2024-03-08 08:00:00+00:00,0.0014232734036428005,0.0017443775130429927,1.0703470313339745,0.0003211041094001923,0.005084077961826998
2024-03-08 12:00:00+00:00,-0.0019445324733474937,-0.0015061306375678662,1.4613394525987582,0.0004384018357796274,-0.020289073839332088
2024-03-08 16:00:00+00:00,-0.0070341972165561765,-0.006555283557521542,1.5963788634487797,0.00047891365903463386,0.010893704861178643
2024-03-08 20:00:00+00:00,-0.0089359865541362,-0.008606983304963777,1.0966774972414144,0.0003290032491724243,0.0035319027975278757
2024-03-09 00:00:00+00:00,0.004699833477321562,0.004980733047040551,0.9363318990632985,0.0002808995697189895,0.00846624343649843
2024-03-09 04:00:00+00:00,0.016386429861903945,0.016895435198164763,1.6966844542027308,0.0005090053362608192,0.01157355167079593
2024-03-09 08:00:00+00:00,-0.0010625627774074999,-0.0005059267241627828,1.8554535108157244,0.0005566360532447172,-0.006206387391404052
2024-03-09 12:00:00+00:00,-0.00383024127945114,-0.0033957919359179126,1.4481644784440915,0.0004344493435332274,0.005276626957300794
2024-03-09 16:00:00+00:00,0.0010060384756069478,0.0014056899681337228,1.3321716417559164,0.0003996514925267749,-0.010548648110879385
2024-03-09 20:00:00+00:00,-0.006314396875398189,-0.005920418364314358,1.3132617036127687,0.0003939785110838306,0.004736846022690226
2024-03-10 00:00:00+00:00,0.007511648712277089,0.007909951808827835,1.3276769885024848,0.0003983030965507454,0.0027895656236457335
2024-03-10 04:00:00+00:00,-0.0005480283718963568,-4.7809116559281964e-05,1.6673975177902496,0.0005002192553370748,0.007987558423488117
2024-03-10 08:00:00+00:00,-0.01802272632192176,-0.017620362414922437,1.3412130233310788,0.0004023639069993236,-0.006851439458578102
2024-03-10 12:00:00+00:00,-3.0165356667745326e-05,0.0002269894263476079,0.8571826100511776,0.00025715478301535324,-0.019016997772513377
2024-03-10 16:00:00+00:00,0.003803014101374678,0.004246084526183497,1.476901416029396,0.00044307042480881876,0.006375547268592012
2024-03-10 20:00:00+00:00,-0.00502219762979949,-0.0045343614942888605,1.6261204517020988,0.00048783613551062964,0.0027295089157451215
2024-03-11 00:00:00+00:00,0.008785554794757445,0.009232172647859919,1.4887261770082467,0.000446617853102474,-0.0011409961478354778
2024-03-11 04:00:00+00:00,0.007275494097862038,0.007739568012127519,1.5469130475516037,0.0004640739142654811,0.026439402211221017
2024-03-11 08:00:00+00:00,-0.0005234537106571744,-5.860654784464771e-05,1.5494905427084225,0.0004648471628125267,0.010001950877195027
2024-03-11 12:00:00+00:00,-0.007537560264427817,-0.007090422220428045,1.4904601466659062,0.00044713804399977184,0.0010385051340417156
2024-03-11 16:00:00+00:00,-0.030342597416944162,-0.029950766961693305,1.3061015175028554,0.00039183045525085656,0.008939969798861861
2024-03-11 20:00:00+00:00,0.010624503259832583,0.010787061269417716,0.5418600319504422,0.00016255800958513264,0.013123413714610193
2024-03-12 00:00:00+00:00,0.003859655087304332,0.004346359516884914,1.622348098601941,0.00048670442958058223,-0.011854435345667873
2024-03-12 04:00:00+00:00,-0.003910288456987706,-0.003486767695673341,1.4117358710478833,0.00042352076131436494,-0.00639191131477155
2024-03-12 08:00:00+00:00,-0.002061406014811389,-0.0017124531715228374,1.1631761442951727,0.00034895284328855176,-0.0071706071545599255
2024-03-12 12:00:00+00:00,-0.014739375875119412,-0.01434120126839342,1.3272486890866382,0.00039817460672599144,0.013024295641349529
2024-03-12 16:00:00+00:00,-0.0197293478613943,-0.01932575568679133,1.3453072486765725,0.0004035921746029717,0.006110334216048315
2024-03-12 20:00:00+00:00,0.0014909071730137239,0.0017554609036534374,0.8818457687990451,0.0002645537306397135,0.0018278959296672231
2024-03-13 00:00:00+00:00,-0.012535250322398557,-0.012035504657140313,1.665818884194146,0.0004997456652582437,0.01071110453825995
2024-03-13 04:00:00+00:00,0.0061761269263477915,0.006572851485252077,1.3224151963476174,0.0003967245589042852,0.007021883986918792
2024-03-13 08:00:00+00:00,-0.007167744756274348,-0.006687193579492377,1.6018372559399041,0.0004805511767819712,0.0021311174959288562
2024-03-13 12:00:00+00:00,-0.00989584375266562,-0.009535012622491687,1.2027704339131104,0.0003608311301739331,-0.011467936286497893
2024-03-13 16:00:00+00:00,-0.0013808280654300936,-0.0010429933390392486,1.1261157546361502,0.000337834726390845,0.008224685573277202
2024-03-13 20:00:00+00:00,-0.010398282886135793,-0.009994736092815204,1.3451559777352993,0.00040354679332058974,0.009914112170763845
2024-03-14 00:00:00+00:00,0.007691947382603739,0.008025397237851813,1.1114995174935813,0.0003334498552480744,-0.0006909917063937248
2024-03-14 04:00:00+00:00,0.002452113018101778,0.0029373425317717906,1.617431712233376,0.0004852295136700127,0.0006707778756141774
2024-03-14 08:00:00+00:00,0.00075409821587126,0.0011670404841925145,1.3764742277375148,0.0004129422683212544,0.013379238365545847
2024-03-14 12:00:00+00:00,0.0075567436991598805,0.007917770916449348,1.2034240576315574,0.00036102721728946717,-0.03831809686718478
2024-03-14 16:00:00+00:00,0.004583851752950415,0.005108176264195002,1.747748370815291,0.0005243245112445873,-0.01229004466442833
2024-03-14 20:00:00+00:00,0.008017436783633307,0.00837858574742121,1.2038298792930078,0.0003611489637879023,0.04079999817218448
2024-03-15 00:00:00+00:00,-0.0056442753668401145,-0.005121965058419133,1.741034361403272,0.0005223103084209816,-0.04669360303554853
2024-03-15 04:00:00+00:00,0.0005742069764599596,0.001032039602253055,1.5261087526436512,0.0004578326257930953,-0.0033333072279195276
2024-03-15 08:00:00+00:00,-0.010995342105450834,-0.010510961200744571,1.6146030156875415,0.0004843809047062624,-0.034521641828313195
2024-03-15 12:00:00+00:00,0.0031773213181913616,0.0035790757272156884,1.3391813634144236,0.00040175440902432704,0.017663875040918074
2024-03-15 16:00:00+00:00,-0.002847496999239938,-0.002374727731874588,1.5758975578845003,0.00047276926736535,0.003102571677935843
2024-03-15 20:00:00+00:00,-0.019719970448900816,-0.019339558533488902,1.2680397180397123,0.00038041191541191363,0.02530116199757302
2024-03-16 00:00:00+00:00,-0.006649370263736662,-0.0062976600930768414,1.172367235532734,0.00035171017065982013,0.006016862318891334
2024-03-16 04:00:00+00:00,0.012354996147696347,0.012794083859944324,1.4636257074932544,0.00043908771224797626,0.009052782164370573
2024-03-16 08:00:00+00:00,0.003518008292607737,0.004039818729839958,1.7393681241074035,0.000521810437232221,-0.013842251849657464
2024-03-16 12:00:00+00:00,-0.0033084467014245014,-0.0028242930658112283,1.6138454520442447,0.00048415363561327336,-0.01963953493772718
2024-03-16 16:00:00+00:00,-0.009586976215819687,-0.009256043457534755,1.1031091942831077,0.0003309327582849323,-0.0509012682962099
2024-03-16 20:00:00+00:00,0.006413727067055662,0.006786356148106108,1.2420969368348183,0.00037262908105044546,0.0013248972861001189
2024-03-17 00:00:00+00:00,0.002539231549396689,0.003002054421362083,1.542742906551313,0.00046282287196539387,0.015213530795070922
2024-03-17 04:00:00+00:00,-0.013733081816199038,-0.013255441082603906,1.5921357786504426,0.00047764073359513276,-0.032907513589933546
2024-03-17 08:00:00+00:00,-0.005674930455251428,-0.005382383273860226,0.9751572713040035,0.00029254718139120104,0.041868395671738175
2024-03-17 12:00:00+00:00,0.0005021344427912411,0.000979493783650195,1.59119780286318,0.0004773593408589539,0.016187910806282065
2024-03-17 16:00:00+00:00,0.004471336867273302,0.004865912570237949,1.3152523432154906,0.00039457570296464714,0.006702052302556788
2024-03-17 20:00:00+00:00,-0.005709140847423572,-0.005258638175988402,1.5016755714505654,0.0004505026714351696,0.00038150374345298743
2024-03-18 00:00:00+00:00,-0.011914989373504738,-0.011589832768687164,1.083855349391915,0.00032515660481757444,-0.002344353714300379
2024-03-18 04:00:00+00:00,-0.0019773699683434424,-0.0016525394011750803,1.0827685572278742,0.00032483056716836226,0.009228822806795907
2024-03-18 08:00:00+00:00,0.008504358744066316,0.008914236588190232,1.3662594804130563,0.0004098778441239169,-0.005185876705969529
2024-03-18 12:00:00+00:00,-0.001610326587648236,-0.0011028302636928162,1.6916544131847335,0.00050749632395542,-0.0266973666920601
2024-03-18 16:00:00+00:00,0.00024438861507332046,0.0006488103371451487,1.3480724069060943,0.00040442172207182824,-0.01836684640332207
2024-03-18 20:00:00+00:00,-0.0008830835685698792,-0.0004915820993231,1.305004897489264,0.0003915014692467792,0.009589104988634444
2024-03-19 00:00:00+00:00,0.010440208523788073,0.010834285048986396,1.3135884173277412,0.0003940765251983223,-0.034423051871600246
2024-03-19 04:00:00+00:00,-0.01471913244298768,-0.014206683419874494,1.7081634103772914,0.0005124490231131874,-0.012937422040927038
2024-03-19 08:00:00+00:00,-0.00652688147176025,-0.0062051318083376095,1.0724988780754676,0.00032174966342264025,-0.007168100883849945
2024-03-19 12:00:00+00:00,-0.014762741753889615,-0.014320228791675455,1.4750432073805348,0.0004425129622141604,0.034563520747891034
2024-03-19 16:00:00+00:00,-0.00021247154080453984,6.98937513577849e-05,0.9412176405410826,0.00028236529216232474,-0.003709173473034997
2024-03-19 20:00:00+00:00,-0.004548911246773943,-0.004136267453891419,1.375479309608415,0.0004126437928825245,-0.04420435940872252
2024-03-20 00:00:00+00:00,-0.003667285919652394,-0.003234532497749356,1.442511406343459,0.00043275342190303765,-0.008853959304750596
2024-03-20 04:00:00+00:00,0.0007236847269065047,0.0011559097537425103,1.4407500894533527,0.00043222502683600575,0.03104523383645466
2024-03-20 08:00:00+00:00,0.003049101032470555,0.0034701242360021685,1.4034106784387115,0.0004210232035316134,0.00222287906915516
2024-03-20 12:00:00+00:00,0.0009435833071722922,0.0014089906232417882,1.5513577202316535,0.000465407316069496,-0.019326967538284542
2024-03-20 16:00:00+00:00,-0.0025483175543023016,-0.002074530706595157,1.5792894923571474,0.0004737868477071442,0.04804655446346973
2024-03-20 20:00:00+00:00,-0.006345821749793489,-0.00589612801926924,1.4989791017474952,0.0004496937305242485,0.027477332129910985
2024-03-21 00:00:00+00:00,-0.013245276949894464,-0.012893425353137148,1.1728386558577186,0.0003518515967573156,-0.0049254258817903
2024-03-21 04:00:00+00:00,-0.004615319797202877,-0.004302693392930537,1.0420880142411333,0.00031262640427234,-0.005076112561062211
2024-03-21 08:00:00+00:00,0.005455110489943898,0.005851491682080866,1.321270640456561,0.0003963811921369683,0.007099814405172776
2024-03-21 12:00:00+00:00,0.0010681635508916127,0.0016135785251157827,1.8180499140805668,0.00054541497422417,-0.004251052926822975
2024-03-21 16:00:00+00:00,0.0013033927584726577,0.0017042689579126126,1.3362539981331831,0.0004008761994399549,-0.005566028479706599
2024-03-21 20:00:00+00:00,0.0015810070616609972,0.001922342558984535,1.137784991078459,0.00034133549732353767,0.0005181880936267839
2024-03-22 00:00:00+00:00,0.0011997013535497317,0.001669200289918853,1.564996454563738,0.0004694989363691214,0.005422179313600163
2024-03-22 04:00:00+00:00,-0.0014516006061947684,-0.0009424574853145761,1.6971437362673072,0.0005091431208801921,0.011109346120258438
2024-03-22 08:00:00+00:00,-0.0046832770584566705,-0.004241578477394645,1.4723286035400853,0.00044169858106202556,-0.02468611895065936
2024-03-22 12:00:00+00:00,0.002753482307074301,0.003059938617430257,1.0215210345198533,0.000306456310355956,-0.01039244034321225
2024-03-22 16:00:00+00:00,0.001960263694658108,0.0024309986105570786,1.5691163863299034,0.000470734915898971,0.0009969465432566277
2024-03-22 20:00:00+00:00,0.0004611612235237547,0.0009268581499606127,1.5523230881228602,0.00046569692643685804,-0.0021991781782074987
2024-03-23 00:00:00+00:00,-0.0077257304951803465,-0.00729183274537989,1.4463258326681894,0.0004338977498004568,-0.004432595413045787
2024-03-23 04:00:00+00:00,-0.0008736452136145093,-0.0005205349861088281,1.177034091685604,0.00035311022750568114,0.013699976661618903
2024-03-23 08:00:00+00:00,0.0052380248123819265,0.0057690048241038645,1.7699333724064614,0.0005309800117219384,0.0037090987008976985
2024-03-23 12:00:00+00:00,-0.002622717032110197,-0.0021220878891600272,1.6687638098338997,0.0005006291429501699,0.008147716822349597
2024-03-23 16:00:00+00:00,0.006721025498891593,0.00715145165945017,1.4347538685285919,0.00043042616055857753,0.002132792596077505
2024-03-23 20:00:00+00:00,0.006499188450224722,0.007054962747390836,1.8525809905537147,0.0005557742971661144,-0.01796060790336391
2024-03-24 00:00:00+00:00,0.0077141780205931725,0.008245028292469711,1.769500906255129,0.0005308502718765387,0.001664543727284483
2024-03-24 04:00:00+00:00,-0.004813975909278609,-0.004298646221427952,1.7177656261688548,0.0005153296878506563,0.006100138013176861
2024-03-24 08:00:00+00:00,0.005159619764187812,0.005572877000116036,1.3775241197607466,0.00041325723592822394,0.0126752205018958
2024-03-24 12:00:00+00:00,-0.0036693651555912725,-0.0031927388545046832,1.5887543369552974,0.0004766263010865892,0.0037419066154806115
2024-03-24 16:00:00+00:00,0.007176461519274497,0.007527724411615342,1.1708763078028162,0.0003512628923408448,-0.0017547015052010663
2024-03-24 20:00:00+00:00,-0.0006045145905150701,-3.644768919270811e-05,1.8935563377412068,0.000568066901322362,0.01740020763369598
2024-03-25 00:00:00+00:00,-0.0052664048992807815,-0.0047847601218272634,1.605482591511727,0.00048164477745351805,0.005626114683017201
2024-03-25 04:00:00+00:00,-0.0015143039187821604,-0.0011087154534651286,1.351961551056773,0.0004055884653170319,-0.0006255886807786072
2024-03-25 08:00:00+00:00,0.0033353292805418785,0.0037771628331714053,1.472778508765089,0.0004418335526295267,0.002143265869326652
2024-03-25 12:00:00+00:00,0.0024358566687415666,0.0028965708332169913,1.5357138815847498,0.0004607141644754249,0.030855215102224776
2024-03-25 16:00:00+00:00,0.0035040067021546097,0.004003011349186792,1.663348823440609,0.0004990046470321827,0.004100009421258642
2024-03-25 20:00:00+00:00,0.004504654699084153,0.0048810108896218535,1.254520635125669,0.0003763561905377007,-0.00682939256254423
2024-03-26 00:00:00+00:00,0.006107679759216937,0.0065752515804963566,1.5585727375980651,0.0004675718212794195,0.014640151128689601
2024-03-26 04:00:00+00:00,0.0020361562113993003,0.002433936035206377,1.3259327460235892,0.0003977798238070767,0.005133445337626908
2024-03-26 08:00:00+00:00,-0.005722863119187984,-0.005299919656148117,1.4098115434662248,0.0004229434630398674,0.00792852385749345
2024-03-26 12:00:00+00:00,-0.004862274122011262,-0.004484834761575947,1.2581312014510477,0.0003774393604353143,-0.017613109848538457
2024-03-26 16:00:00+00:00,-0.0035569299939608194,-0.0031643293784777726,1.3086687182768229,0.0003926006154830468,-0.004779245042545448
2024-03-26 20:00:00+00:00,0.0019492897368434806,0.002382351137628164,1.4435380026156117,0.0004330614007846835,0.006564127086632924
2024-03-27 00:00:00+00:00,0.003055852341606676,0.003526274986026424,1.5680754813991598,0.0004704226444197479,0.007984169510273293
2024-03-27 04:00:00+00:00,0.0026022151389540897,0.003082458430812973,1.600810972862945,0.00048024329185888346,-0.017148931625951762
2024-03-27 08:00:00+00:00,0.006303841307742699,0.006761131453897011,1.5243004871810426,0.0004572901461543127,0.009545720500981125
2024-03-27 12:00:00+00:00,-0.004339154907976953,-0.0038107158507428573,1.7614635241136514,0.0005284390572340954,-0.017702635872124485
2024-03-27 16:00:00+00:00,0.002528749030379805,0.0028884306104412605,1.1989386002048517,0.00035968158006145545,-0.0017410280815248562
2024-03-27 20:00:00+00:00,0.005336372234346308,0.005806927671124435,1.5685181225937557,0.0004705554367781267,0.006096570516990568
2024-03-28 00:00:00+00:00,-0.008524130096756373,-0.008027182468138779,1.6564920953919806,0.0004969476286175941,-0.005325112945268293
2024-03-28 04:00:00+00:00,0.0011717805581279302,0.001537068049915997,1.2176249726268897,0.00036528749178806687,0.019356519908091306
2024-03-28 08:00:00+00:00,0.002705685340473276,0.0032354589167420756,1.765911920895998,0.0005297735762687994,-0.0012288399449583774
2024-03-28 12:00:00+00:00,0.00116808924292886,0.0015918344679599263,1.4124840834368877,0.00042374522503106627,0.0010874792722109065
2024-03-28 16:00:00+00:00,-0.0020290851337585692,-0.0014950677524853536,1.7800579375773864,0.0005340173812732158,-0.0016702068332894971
2024-03-28 20:00:00+00:00,0.012230164330310872,0.01268886244341519,1.5289937103477282,0.00045869811310431845,-0.00034464540363770787
2024-03-29 00:00:00+00:00,0.004970836943941327,0.005527834939970131,1.8566599867626807,0.0005569979960288042,-0.003306006198809621
2024-03-29 04:00:00+00:00,-0.0010040830553740654,-0.0004576124426638418,1.821568709034079,0.0005464706127102237,-0.014858783658612491
2024-03-29 08:00:00+00:00,-0.00499849665152551,-0.004605818306242948,1.3089278176085384,0.0003926783452825615,0.017153014164926435
2024-03-29 12:00:00+00:00,0.00048043339924233293,0.0008643240959125657,1.2796356555674429,0.0003838906966702328,-0.01035870006031879
2024-03-29 16:00:00+00:00,0.0010174620318931015,0.0014110864716720811,1.3120814659299327,0.00039362443977897975,0.003538585342375846
2024-03-29 20:00:00+00:00,0.002666128703260209,0.003119403150870566,1.5109148253678566,0.0004532744476103569,0.005333462014051356
2024-03-30 00:00:00+00:00,0.005336027718219995,0.005830227241521203,1.6473317443373583,0.0004941995233012075,0.003139928894280301
2024-03-30 04:00:00+00:00,-0.0009468799657543685,-0.0004808650253418327,1.5533831347084528,0.0004660149404125358,-0.004050555582827487
2024-03-30 08:00:00+00:00,0.0016888942769210569,0.0020568842430127034,1.2266332203054884,0.0003679899660916465,0.005305574392991123
2024-03-30 12:00:00+00:00,0.005417819460200088,0.005911256120537044,1.6447888677898546,0.0004934366603369563,-0.006890809542440851
2024-03-30 16:00:00+00:00,-0.0026083561871942393,-0.002058892334038231,1.8315461771866934,0.000549463853156008,-0.004402253837287853
2024-03-30 20:00:00+00:00,0.0003588774198721892,0.000670431664546084,1.0385141489129828,0.0003115542446738948,-0.00934418605043709
2024-03-31 00:00:00+00:00,-0.00034423629526317273,9.071320909107826e-05,1.4498316811808367,0.000434949504354251,0.003759239906421313
2024-03-31 04:00:00+00:00,3.910020815363238e-05,0.00040656779771561637,1.2248919652066135,0.000367467589561984,0.013758309699758834
2024-03-31 08:00:00+00:00,0.0019455494239159644,0.0022853562160000773,1.1326893069470436,0.00033980679208411304,-0.004537106987680069
2024-03-31 12:00:00+00:00,0.0011185293906928035,0.0016285842265871201,1.700182786314389,0.0005100548358943167,0.00299121771155716
2024-03-31 16:00:00+00:00,-0.0036240868776663345,-0.0031117243756232454,1.7078750068102977,0.0005123625020430892,0.00811549066396318
2024-03-31 20:00:00+00:00,0.0017692185987647979,0.002156041629058693,1.289410100979651,0.0003868230302938953,0.0026025587565788877
2024-04-01 00:00:00+00:00,-0.004748908422221179,-0.0043052848816303975,1.478745135302604,0.00044362354059078116,-0.004828422960535532
2024-04-01 04:00:00+00:00,-0.00032254870849218514,1.342801877525298e-05,1.1199224242247938,0.0003359767272674381,-0.022383972098690023
2024-04-01 08:00:00+00:00,-0.008806137514807643,-0.00831277447369217,1.644543470384909,0.0004933630411154726,-0.005699861220612357
2024-04-01 12:00:00+00:00,-0.003444275129360377,-0.003102789631735153,1.138284992084081,0.00034148549762522427,-0.0227669607040735
2024-04-01 16:00:00+00:00,0.0008616114127453179,0.001329578078864022,1.559888887062347,0.0004679666661187041,0.00951534418160334
2024-04-01 20:00:00+00:00,0.0022660898564676583,0.0027114189545349703,1.4844303268910408,0.0004453290980673122,0.0025970425594614905
2024-04-02 00:00:00+00:00,0.00320777415344826,0.0036843471160859487,1.588576542125629,0.00047657296263768867,-0.04391329102148774
2024-04-02 04:00:00+00:00,-0.0026093975535498547,-0.0021428798400256834,1.5550590450805712,0.00046651771352417134,-0.002560538323633089
2024-04-02 08:00:00+00:00,-0.001355787549104715,-0.0008931516061220845,1.5421198099421023,0.00046263594298263065,-0.022910486629481364
2024-04-02 12:00:00+00:00,0.0037591015516971952,0.0042232850010082345,1.5472781643701308,0.0004641834493110392,-0.008822241109288465
2024-04-02 16:00:00+00:00,0.004047109159997437,0.004517269715405197,1.5672018513591988,0.00047016055540775956,0.015251792863687915
2024-04-02 20:00:00+00:00,0.004737549722209881,0.005228977497128619,1.6380925830624606,0.0004914277749187381,-0.011086683852618788
2024-04-03 00:00:00+00:00,-0.0036504012186101536,-0.003146480399697573,1.6797360630419367,0.0005039208189125809,0.008721259925798596
2024-04-03 04:00:00+00:00,0.005768758104049733,0.0061732755714448435,1.3483915579837005,0.0004045174673951101,0.008560670579483894
2024-04-03 08:00:00+00:00,-0.0012299685012515048,-0.0007090420123668147,1.7364216296156334,0.00052092648888469,-0.0045526279125485125
2024-04-03 12:00:00+00:00,-0.0005140042629324055,5.164582279118253e-06,1.7305628173717462,0.0005191688452115238,-0.009045874500867879
2024-04-03 16:00:00+00:00,-0.0011595717800475724,-0.0007931317581462379,1.221466739671115,0.0003664400219013345,-0.009138237685921128
2024-04-03 20:00:00+00:00,-5.080153484474868e-05,0.00035304146823748406,1.3461433436074426,0.00040384300308223274,-0.00013480749982679584
2024-04-04 00:00:00+00:00,-0.002020387349179194,-0.001614136600937816,1.3541691608045943,0.00040625074824137823,-0.006903125528657454
2024-04-04 04:00:00+00:00,0.004158921748337728,0.004588151411077388,1.4307655424655312,0.0004292296627396593,0.016738508581786722
2024-04-04 08:00:00+00:00,-0.002518739311078779,-0.0020491544374938477,1.5652829119497707,0.00046958487358493117,0.00819181343001539
2024-04-04 12:00:00+00:00,0.0022779904744683376,0.002661941861291185,1.2798379560761595,0.0003839513868228478,0.010805074130619055
2024-04-04 16:00:00+00:00,-0.0008642713579138112,-0.00041476139176708387,1.4983665538224245,0.0004495099661467273,-0.0035632423823535697
2024-04-04 20:00:00+00:00,0.0037867220519536993,0.004074565905770993,0.9594795127243134,0.000287843853817294,-0.00949020893206423
2024-04-05 00:00:00+00:00,-0.0004474298560728852,-8.216621332568638e-06,1.4640441158010553,0.0004392132347403166,-0.011714299895150996
2024-04-05 04:00:00+00:00,-0.010290555823780195,-0.009856643519338463,1.4463743481391085,0.0004339123044417325,-0.01174253665626127
2024-04-05 08:00:00+00:00,0.0020358225113652206,0.002331593072451279,0.9859018702868615,0.0002957705610860584,-0.022832940449268514
2024-04-05 12:00:00+00:00,0.0036244436731807006,0.004072002953511962,1.4918642677708718,0.0004475592803312615,0.03216276560650555
2024-04-05 16:00:00+00:00,-0.007276332151630341,-0.006803398608571304,1.576445143530123,0.00047293354305903685,0.00021429102147925018
2024-04-05 20:00:00+00:00,0.004102069483558745,0.004467317067885056,1.2174919477543698,0.0003652475843263109,-0.0011934928916275775
2024-04-06 00:00:00+00:00,-0.002844826405186798,-0.0023128353225703386,1.7733036087215328,0.0005319910826164598,0.004212473014472937
2024-04-06 04:00:00+00:00,-0.004073946075728035,-0.0036377669941996802,1.4539302717611833,0.00043617908152835495,0.005408986995835742
2024-04-06 08:00:00+00:00,0.00312943924254182,0.0034880076669025592,1.195228081202465,0.00035856842436073945,-0.0018349250620095384
2024-04-06 12:00:00+00:00,0.002540116032289414,0.0030249573644873812,1.6161377739932246,0.00048484133219796734,0.0012346615195837482
2024-04-06 16:00:00+00:00,0.004085436254387841,0.004594339531617895,1.696344257433514,0.0005089032772300541,-0.00015329839261684207
2024-04-06 20:00:00+00:00,-0.0013444977054594737,-0.0008258625043714449,1.7287840036267628,0.0005186352010880288,0.008266685822880971
2024-04-07 00:00:00+00:00,-0.002184625116423836,-0.0017474785626614238,1.4571551792080397,0.00043714655376241187,0.012918615883961005
2024-04-07 04:00:00+00:00,0.00237795660448046,0.0028559569568160914,1.5933345077854375,0.00047800035233563123,-0.004590647012710346
2024-04-07 08:00:00+00:00,-0.0014248285618682277,-0.0009062654943603102,1.7285435583597248,0.0005185630675079174,0.0024974595671087515
2024-04-07 12:00:00+00:00,-0.00032891154798787945,5.268956908765444e-05,1.272003723585113,0.00038160111707553386,0.0014932468945117036
2024-04-07 16:00:00+00:00,0.003057642646367983,0.0034608725619939542,1.3440997187532375,0.0004032299156259712,-0.009229561098588406
2024-04-07 20:00:00+00:00,-0.006623538914596092,-0.006130076734288528,1.6448739343585463,0.0004934621803075639,0.01243881416019299
2024-04-08 00:00:00+00:00,0.004715594582261474,0.004962451284448459,0.8228556739566166,0.000246856702186985,-0.009049000589278829
2024-04-08 04:00:00+00:00,-0.0016046370045667694,-0.0010967878907094293,1.692830379524467,0.0005078491138573401,0.02042551431710443
2024-04-08 08:00:00+00:00,0.0013556317012929807,0.0018047894214927229,1.497192400665808,0.00044915772019974234,0.02163056252289753
2024-04-08 12:00:00+00:00,-0.0019876190059581536,-0.001525348288688437,1.540902390899055,0.0004622707172697164,-0.0036783900196749467
2024-04-08 16:00:00+00:00,-0.005342701986998655,-0.004931179195144308,1.3717426395144907,0.00041152279185434717,0.004138042815874821
2024-04-08 20:00:00+00:00,0.00288568244882476,0.003187564954833258,1.0062750200283264,0.00030188250600849786,0.0035748987982468605
2024-04-09 00:00:00+00:00,0.005456476822900322,0.005960376350662324,1.6796650925400063,0.0005038995277620019,-0.013752934898911814
2024-04-09 04:00:00+00:00,-0.0018549482332485506,-0.0013278151829900747,1.757110167528253,0.0005271330502584758,-0.01124265608211062
2024-04-09 08:00:00+00:00,-0.002732101952548485,-0.002367618095591609,1.2149461898562544,0.00036448385695687626,0.010377728536333283
2024-04-09 12:00:00+00:00,-0.003497117655071036,-0.0031014267979302787,1.3189695238025252,0.00039569085714075754,-0.027030072306928665
2024-04-09 16:00:00+00:00,-0.0015488431335118691,-0.0011737395379427665,1.2503453185636753,0.00037510359556910256,0.0021170244519557965
2024-04-09 20:00:00+00:00,0.002246738072176118,0.0026400613649911566,1.3110776427167967,0.000393323292815039,-0.013686745453053203
2024-04-10 00:00:00+00:00,-0.003217220429234905,-0.0027272221261424906,1.6333276769747136,0.0004899983030924141,-0.012185997377146481
2024-04-10 04:00:00+00:00,-0.002090286520141756,-0.0017615205546684237,1.0958865515777738,0.0003287659654733321,0.006667991227202963
2024-04-10 08:00:00+00:00,-0.0011736651970284634,-0.0007880426103189313,1.2854086223651067,0.000385622586709532,-0.007898264958394094
2024-04-10 12:00:00+00:00,0.002192543232187585,0.002561281190012034,1.2291265260814974,0.0003687379578244492,-0.006685177828099944
2024-04-10 16:00:00+00:00,-0.005575840974791281,-0.005097322677225888,1.5950609918846426,0.0004785182975653927,0.01447601631257787
2024-04-10 20:00:00+00:00,0.002809543097340076,0.0031259533299954683,1.0547007755179747,0.0003164102326553924,0.005115615717690663
2024-04-11 00:00:00+00:00,-0.00018937766123116608,0.00032199458682993147,1.7045741602036588,0.0005113722480610976,-0.0005513163068952456
2024-04-11 04:00:00+00:00,0.005179593471833644,0.005517054579544404,1.1248703590358666,0.00033746110771075996,0.009203916131844033
2024-04-11 08:00:00+00:00,0.006424923636421647,0.006949777602736618,1.749513221049905,0.0005248539663149714,-0.02379142607429224
2024-04-11 12:00:00+00:00,-0.0028098681978233854,-0.0023133410491051197,1.6550904957275523,0.0004965271487182656,0.001568854326120835
2024-04-11 16:00:00+00:00,-0.0021956198971649597,-0.0016981144205635683,1.6583515886713056,0.0004975054766013917,0.0011788267549481747
2024-04-11 20:00:00+00:00,-0.0011718590276424135,-0.0007703455792762051,1.3383781612206949,0.0004015134483662084,-0.0010768154171847727
2024-04-12 00:00:00+00:00,0.00024842878459032953,0.0006465842674422652,1.3271849428397857,0.0003981554828519357,0.010953825176955345
2024-04-12 04:00:00+00:00,-0.0010693247424131361,-0.000639034200820356,1.4343018053092675,0.00043029054159278023,-0.008207648341247391
2024-04-12 08:00:00+00:00,0.0003613652921869277,0.000799829516181091,1.4615474133138777,0.0004384642239941633,0.0029578966297592896
2024-04-12 12:00:00+00:00,0.0013448592373507427,0.0018213400837705927,1.5882694880661674,0.00047648084641985016,-0.033074580531798715
2024-04-12 16:00:00+00:00,-0.0044374214672414794,-0.003967061554414415,1.5678663760902158,0.0004703599128270647,-0.12730727663170296
2024-04-12 20:00:00+00:00,0.0072475464485807824,0.007548001157117174,1.0015156951213031,0.00030045470853639093,0.0300471920997488
2024-04-13 00:00:00+00:00,0.00116367684309887,0.0017033465740074446,1.7988991030285815,0.0005396697309085744,-0.012861051502810654
2024-04-13 04:00:00+00:00,0.006769803766460963,0.007185773104966792,1.3865644616860955,0.0004159693385058286,0.008086372489353746
2024-04-13 08:00:00+00:00,0.0051033318042184635,0.005563358588152002,1.5334226131117947,0.00046002678393353835,-0.0004799861915675862
2024-04-13 12:00:00+00:00,0.01239089176966115,0.012852296791405317,1.5380167391472237,0.0004614050217441671,-0.01051170187379766
2024-04-13 16:00:00+00:00,0.000654944826855762,0.0011825922788965611,1.7588248401359972,0.0005276474520407991,-0.08974142947518479
2024-04-13 20:00:00+00:00,0.01315962367173636,0.013563864225250412,1.3474685117135068,0.000404240553514052,-0.012453092972629668
2024-04-14 00:00:00+00:00,0.00030229873043743384,0.0007719757846807091,1.5655901808109178,0.0004696770542432753,-0.01482212204007973
2024-04-14 04:00:00+00:00,0.003525365543741059,0.0039621275858138585,1.4558734735759982,0.0004367620420727994,0.06481653446805383
2024-04-14 08:00:00+00:00,-0.0010968019914323463,-0.0006413690604441917,1.5181097699605157,0.00045543293098815465,-0.027924021219260044
2024-04-14 12:00:00+00:00,0.0029538355303460485,0.00342312223102777,1.5642890022724052,0.00046928670068172154,0.002976006799173425
2024-04-14 16:00:00+00:00,0.006072092839394856,0.006552762592642556,1.6022325108256674,0.0004806697532477002,0.007430513927035668
2024-04-14 20:00:00+00:00,0.0066745565756850915,0.007126475409403749,1.5063961123955263,0.00045191883371865785,0.04286917797073793
2024-04-15 00:00:00+00:00,0.006120452719476749,0.006561995005646814,1.4718076205668813,0.0004415422861700644,-0.02075902647987836
2024-04-15 04:00:00+00:00,0.01292333374275457,0.013426864588767469,1.6784361533763281,0.0005035308460128984,0.047944694745815045
2024-04-15 08:00:00+00:00,-0.000640773356084419,-0.00019221428959909559,1.4951968882844116,0.00044855906648532344,-0.00601076454163421
2024-04-15 12:00:00+00:00,0.0021336697932486303,0.0025192687647744437,1.2853299050860452,0.00038559897152581354,-0.030132364752329922
2024-04-15 16:00:00+00:00,0.008674821098643898,0.009106893401847015,1.4402410106770573,0.00043207230320311716,-0.019833486394049554
2024-04-15 20:00:00+00:00,-0.001764187549396487,-0.0012918113092256376,1.5745874672361646,0.00047237624017084935,-0.002968629927854333
2024-04-16 00:00:00+00:00,0.00287571903476717,0.0032845305750222654,1.3627051341836505,0.0004088115402550951,-0.0228749841232423
2024-04-16 04:00:00+00:00,0.0020514801879179465,0.002484311254027361,1.4427702203647161,0.0004328310661094148,0.025259790214251197
2024-04-16 08:00:00+00:00,0.0022870035660089195,0.002698061923169317,1.3701945238679913,0.00041105835716039735,-0.0076504097481866155
2024-04-16 12:00:00+00:00,-0.0034037592958537375,-0.0029220662511150017,1.6056434824624524,0.00048169304473873566,-0.035330845801104946
2024-04-16 16:00:00+00:00,0.007496843530632836,0.007870898057063903,1.2468484214368922,0.00037405452643106765,0.02077993920180562
2024-04-16 20:00:00+00:00,0.006194265342648527,0.006685673333731463,1.6380266369431222,0.0004914079910829367,0.021941611876812407
2024-04-17 00:00:00+00:00,-0.0004867445594407107,-1.84654214561321e-05,1.5609304599485956,0.0004682791379845786,-0.003536843889362752
2024-04-17 04:00:00+00:00,0.0006363653847783446,0.0011038522423971792,1.5582895253961155,0.0004674868576188346,0.0034492607161309614
2024-04-17 08:00:00+00:00,0.004574774144218802,0.005007798994135269,1.443416166388223,0.00043302484991646686,-0.0216078433185893
2024-04-17 12:00:00+00:00,0.0003952371915573529,0.000936773166468277,1.8051199163697473,0.0005415359749109241,-0.02212212448951631
2024-04-17 16:00:00+00:00,-0.004612221303703164,-0.0042414639654114,1.23585779430588,0.00037075733829176395,0.035431407918961225
2024-04-17 20:00:00+00:00,0.004489805178379977,0.0049267423772654355,1.4564573296181962,0.0004369371988854588,-0.01560790009364506
2024-04-18 00:00:00+00:00,0.0026531389653817574,0.0031757341991167387,1.7419841124499376,0.0005225952337349812,0.0146702271911899
2024-04-18 04:00:00+00:00,0.0015640975764496783,0.002041261829376987,1.5905475097576964,0.0004771642529273089,-0.025395285732375743
2024-04-18 08:00:00+00:00,0.006350300835198883,0.006828205262798659,1.5930147586659213,0.00047790442759977636,0.0348154766950845
2024-04-18 12:00:00+00:00,0.0032175889499091114,0.0037718307023752637,1.847472508220508,0.0005542417524661523,0.003894076932518518
2024-04-18 16:00:00+00:00,0.0007439479917667127,0.0012442162072718054,1.6675607183503092,0.0005002682155050927,-0.0007502395309224585
2024-04-18 20:00:00+00:00,-0.005304955339784775,-0.004888613900341348,1.3878047981447565,0.00041634143944342694,0.0069693322054896825
2024-04-19 00:00:00+00:00,0.0069218883929482436,0.007191938420125405,0.9001667572572056,0.00027005002717716165,-0.03934970179761554
2024-04-19 04:00:00+00:00,0.011347666287339922,0.011817311144948123,1.5654828586940046,0.0004696448576082013,0.039313385733524504
2024-04-19 08:00:00+00:00,0.005423109565836794,0.005906441684983616,1.6111070638227403,0.000483332119146822,0.009385992938763698
2024-04-19 12:00:00+00:00,-0.00035174059106384535,0.00020802714196351186,1.865892443424524,0.0005597677330273572,0.0008679456931463057
2024-04-19 16:00:00+00:00,-0.006708431460527021,-0.006288941605395464,1.3982995171051893,0.00041948985513155676,0.0035437661950027334
2024-04-19 20:00:00+00:00,0.01425574754606309,0.014634676270943224,1.2630957496004478,0.0003789287248801343,-0.010685487245545366
2024-04-20 00:00:00+00:00,0.0012995879508539518,0.0017608661692813526,1.5375940614246695,0.0004612782184274008,0.0036780324610901083
2024-04-20 04:00:00+00:00,0.008182959692982262,0.008595088148635122,1.3737615188428693,0.00041212845565286076,0.016764541092258955
2024-04-20 08:00:00+00:00,0.0096202881560995,0.010044208464998488,1.4130676963299593,0.00042392030889898776,-0.010994129298701576
2024-04-20 12:00:00+00:00,0.007549693789380494,0.008088736592349302,1.7968093432293621,0.0005390428029688086,0.029741317683671595
2024-04-20 16:00:00+00:00,0.0006628981338951343,0.0011976235489247707,1.782418050098788,0.0005347254150296364,0.028519471078567827
2024-04-20 20:00:00+00:00,0.001496185025804979,0.0018417991562543123,1.1520471014977776,0.00034561413044933325,0.006221917068332606
2024-04-21 00:00:00+00:00,-0.0007164613350286097,-0.00026245084176213494,1.5133683108882492,0.00045401049326647473,0.0012432097896731438
2024-04-21 04:00:00+00:00,-0.002759384297690771,-0.0023551291460731085,1.3475171720588752,0.00040425515161766256,-0.0014397001003527306
2024-04-21 08:00:00+00:00,-0.002468474247133389,-0.002123552968185961,1.149737596491427,0.000344921278947428,-0.0024988417903681957
2024-04-21 12:00:00+00:00,0.0008392550953918004,0.0012772497156880976,1.4599820676543243,0.0004379946202962972,-0.00963264031678197
2024-04-21 16:00:00+00:00,0.002151255868709354,0.002625247918984851,1.579973500918325,0.0004739920502754974,-0.008598124282506073
2024-04-21 20:00:00+00:00,0.005998416134071912,0.006498169218032849,1.665843613203125,0.0004997530839609374,0.007413600096015301
2024-04-22 00:00:00+00:00,0.006471116173715219,0.00693480069257404,1.5456150628627379,0.0004636845188588213,0.02438843100817448
2024-04-22 04:00:00+00:00,0.007295829861818305,0.007742973311202251,1.4904781646131515,0.0004471434493839454,0.0081231424047707
2024-04-22 08:00:00+00:00,-0.0015074303668197405,-0.0010240495506200053,1.6112693873324513,0.00048338081619973535,-0.003137774848752805
2024-04-22 12:00:00+00:00,0.0033633772906037185,0.0038303052108927746,1.5564264009635207,0.0004669279202890562,-0.00042671109066728203
2024-04-22 16:00:00+00:00,-0.003883870228222021,-0.00348109132111886,1.3425963570105364,0.0004027789071031609,0.006511440600515855
2024-04-22 20:00:00+00:00,0.0022469336510195274,0.002613647592955186,1.222379806452196,0.00036671394193565877,0.004324654891306009
2024-04-23 00:00:00+00:00,0.0023847154033681934,0.002861456888821024,1.5891382848427678,0.00047674148545283026,-0.00927425344721891
2024-04-23 04:00:00+00:00,0.003005963821831747,0.003526353354945421,1.7346317770455806,0.0005203895331136741,-0.01024924828007969
2024-04-23 08:00:00+00:00,0.010379036435578918,0.0108563205918678,1.5909471876296115,0.00047728415628888344,0.001311495429665296
2024-04-23 12:00:00+00:00,0.014881033172715611,0.015359497471376174,1.5948809955352117,0.00047846429866056346,0.007968258770219509
2024-04-23 16:00:00+00:00,0.004015723420272887,0.00453903450369063,1.744370278059141,0.0005233110834177423,-0.004624684101887812
2024-04-23 20:00:00+00:00,0.006154923521368959,0.006675745139475792,1.7360720603561122,0.0005208216181068336,-0.007422880715980361
2024-04-24 00:00:00+00:00,0.0012746120836218547,0.0018049345097845696,1.7677414205423836,0.000530322426162715,0.00816696486567217
2024-04-24 04:00:00+00:00,0.0028037816771602623,0.003264129089762792,1.5344913753417653,0.00046034741260252956,0.00739525542554151
2024-04-24 08:00:00+00:00,0.008775670607298823,0.009270137772110366,1.6482238827051445,0.0004944671648115433,0.0024536619184580047
2024-04-24 12:00:00+00:00,0.0006138133712945964,0.0011187851139213322,1.6832391420891195,0.0005049717426267358,-0.04573766515219998
2024-04-24 16:00:00+00:00,-0.004626256299774281,-0.004143348841359754,1.609691528048423,0.00048290745841452685,0.0035596863662582003
2024-04-24 20:00:00+00:00,0.0032130503291596863,0.003664756009555975,1.5056856013209614,0.0004517056803962884,-0.014328775563327763
2024-04-25 00:00:00+00:00,0.00028720954547722824,0.0008367551102390063,1.8318185492059271,0.0005495455647617781,-0.003734547256217684
2024-04-25 04:00:00+00:00,0.0005550157406550898,0.00104138721427785,1.6212382454092007,0.0004863714736227602,-0.003191923171979824
2024-04-25 08:00:00+00:00,0.0009382503398051025,0.0014412849020905608,1.6767818742848613,0.0005030345622854583,-0.0068946085674444005
2024-04-25 12:00:00+00:00,-0.0013404326697073296,-0.0008756550371842896,1.5492587750768003,0.00046477763252304006,0.015532847978895988
2024-04-25 16:00:00+00:00,0.01124563689051968,0.011711075301076315,1.5514613685221148,0.0004654384105566344,-0.00048062236853497293
2024-04-25 20:00:00+00:00,0.010431645727771182,0.01095720597635665,1.7518674952848925,0.0005255602485854678,-0.003758020055105857
2024-04-26 00:00:00+00:00,-0.00914201880654872,-0.00865227518366482,1.6324787429463326,0.0004897436228838997,0.00042242991111954775
2024-04-26 04:00:00+00:00,0.0007289735261356518,0.0011120924321879032,1.2770630201741713,0.00038311890605225135,-0.004208642296965002
2024-04-26 08:00:00+00:00,0.0013810488665738634,0.001880526826783041,1.6649265340305923,0.0004994779602091777,-0.005930729788253858
2024-04-26 12:00:00+00:00,-0.0008833842147043601,-0.00047029100108894953,1.3769773787180353,0.00041309321361541053,-0.002093370726824682
2024-04-26 16:00:00+00:00,0.001803697047839207,0.002240281209925154,1.4552805402864901,0.000436584162085947,0.002814090822978755
2024-04-26 20:00:00+00:00,-0.002270403956935686,-0.0017943658760525515,1.586793602943781,0.00047603808088313425,-0.009564447607397627
2024-04-27 00:00:00+00:00,-0.0032129056659667547,-0.002800193688909559,1.375706590190652,0.0004127119770571956,-0.005400675319205132
2024-04-27 04:00:00+00:00,0.007900419543286102,0.008294339728964614,1.313067285595041,0.00039392018567851225,-0.0032835148273478738
2024-04-27 08:00:00+00:00,-0.004666397281307274,-0.0041646139618821305,1.6726110647504804,0.0005017833194251441,-0.005265901113202145
2024-04-27 12:00:00+00:00,0.00673765333098964,0.007118042820570405,1.267964965269217,0.0003803894895807651,0.005982813178142734
2024-04-27 16:00:00+00:00,-0.0022922701645453746,-0.0018131712832706271,1.5969962709158247,0.00047909888127474736,0.0295846319528453
2024-04-27 20:00:00+00:00,-0.0003181421558934257,4.284859804006507e-05,1.203302513111636,0.0003609907539334908,0.0006215167947296008
2024-04-28 00:00:00+00:00,-0.0016210894185580958,-0.0011997805565344515,1.404362873412148,0.00042130886202364437,0.018804379682662204
2024-04-28 04:00:00+00:00,-0.0012133241019180276,-0.0008414138726380209,1.2397007642666893,0.00037191022928000675,0.0009439000012765711
2024-04-28 08:00:00+00:00,0.004752648517613134,0.005165894429149046,1.3774863717863732,0.00041324591153591193,-0.015631569491883306
2024-04-28 12:00:00+00:00,0.006309276567232379,0.006732260681222841,1.4099470466348718,0.0004229841139904615,0.008055398649089029
2024-04-28 16:00:00+00:00,0.0011613410189820071,0.00173559971636641,1.9141956579480102,0.000574258697384403,0.0024660433026859933
2024-04-28 20:00:00+00:00,0.0012866953593643972,0.0017360209872063536,1.4977520928065209,0.00044932562784195625,-0.02471921772484369
2024-04-29 00:00:00+00:00,-0.0017627812468564768,-0.0013870761632450157,1.2523502787048706,0.0003757050836114611,-0.014863109965063329
2024-04-29 04:00:00+00:00,0.0012438554375456053,0.0016669636818582153,1.410360814375367,0.0004231082443126101,-0.007115113976377841
2024-04-29 08:00:00+00:00,-0.001522052650156286,-0.001081038257345908,1.4700479760345941,0.0004410143928103782,-0.00415335953421593
2024-04-29 12:00:00+00:00,0.0014107850732327778,0.00180060828572431,1.2994107083051074,0.0003898232124915322,0.016062539380958845
2024-04-29 16:00:00+00:00,0.003869000934829596,0.0043288416025848205,1.5328022258507474,0.0004598406677552242,-0.010644667272845723
2024-04-29 20:00:00+00:00,0.00660844978939637,0.00714958956683646,1.8037992581336337,0.0005411397774400901,0.013847748510513872
2024-04-30 00:00:00+00:00,-0.0007360654719560267,-0.00016206106898834115,1.9133480098922855,0.0005740044029676856,-0.003081856814653417
2024-04-30 04:00:00+00:00,0.008308654514558055,0.008739614175125834,1.4365322018925963,0.0004309596605677789,-0.010988409619525701
2024-04-30 08:00:00+00:00,0.0019475834701748334,0.0024912695772897685,1.8122870237164503,0.000543686107114935,-0.043512400438342536
2024-04-30 12:00:00+00:00,0.0016261161743471781,0.0021051106211759972,1.5966481560960635,0.000478994446828819,-0.011447194721855807
2024-04-30 16:00:00+00:00,0.005172505683784331,0.005582919531177668,1.36804615797779,0.00041041384739333697,-0.012202402367869422
2024-04-30 20:00:00+00:00,-0.0034782324517477706,-0.003014702813439323,1.5450987943614916,0.00046352963830844745,0.036127428325003784
2024-05-01 00:00:00+00:00,-0.0030314217402759532,-0.0026498745379117923,1.2718240078805367,0.000381547202364161,-0.0017576110083437591
2024-05-01 04:00:00+00:00,-0.005047725094230037,-0.004683172522362641,1.2151752395579876,0.00036455257186739624,-0.03789418788344195
2024-05-01 08:00:00+00:00,-0.007100638999749941,-0.006750482135820364,1.167189546431923,0.00035015686392957687,0.018865960239455207
2024-05-01 12:00:00+00:00,-0.002705021305524652,-0.0023666518080778017,1.1278983248228354,0.00033836949744685057,-0.00383642918224969
2024-05-01 16:00:00+00:00,0.002766541823902711,0.003167474173647537,1.3364411658160853,0.00040093234974482555,0.01897507253034357
2024-05-01 20:00:00+00:00,0.0019699303244683085,0.002362149749463448,1.3073980833171315,0.0003922194249951394,0.027848117073640617
2024-05-02 00:00:00+00:00,0.0029279149962319184,0.003427067671696529,1.6638422515487015,0.0004991526754646103,-0.01899993862690413
2024-05-02 04:00:00+00:00,-0.0012830451290116217,-0.0008138664375765309,1.563928971450303,0.0004691786914350909,-0.0004920517249794457
2024-05-02 08:00:00+00:00,-0.0009676934185214937,-0.000590233709489859,1.2581990301054489,0.00037745970903163464,0.02807530906071909
2024-05-02 12:00:00+00:00,0.00020488402118491278,0.0005904591828311037,1.2852505388206363,0.0003855751616461909,0.0015849179911329365
2024-05-02 16:00:00+00:00,0.002819081558328413,0.0032770360117914143,1.5265148448766712,0.0004579544534630013,0.0003362657050486198
2024-05-02 20:00:00+00:00,-0.004205806456919084,-0.0037071050820871,1.6623379161066125,0.0004987013748319838,0.00031343661829428534
2024-05-03 00:00:00+00:00,0.00526949530017032,0.005678515483481886,1.3634006110385526,0.00040902018331156575,0.01163523234310619
2024-05-03 04:00:00+00:00,0.002209993911783124,0.0027585251346474863,1.8284374095478728,0.0005485312228643618,-0.01596760409748578
2024-05-03 08:00:00+00:00,-0.0005053345071860986,-7.18539844340328e-05,1.4449350758402195,0.00043348052275206584,-0.0021786365883949325
2024-05-03 12:00:00+00:00,0.01015784691399717,0.01053558596589559,1.2591301729947306,0.00037773905189841914,0.03571599275926645
2024-05-03 16:00:00+00:00,-0.0019297400097823564,-0.0014064700251644937,1.7442332820595432,0.0005232699846178629,2.0952991454652588e-05
2024-05-03 20:00:00+00:00,-0.0023601615105299538,-0.0019526348548105773,1.358422185731255,0.0004075266557193765,0.007973898443754545
2024-05-04 00:00:00+00:00,-0.006585038817925806,-0.00617166323921302,1.3779185957092865,0.0004133755787127859,-0.0005827933724333355
2024-05-04 04:00:00+00:00,-0.004634895134075698,-0.004321124889259224,1.0459008160549113,0.00031377024481647335,-0.0008962726272361603
2024-05-04 08:00:00+00:00,-0.0013599592801411772,-0.0009670021467543426,1.3098571112894486,0.00039295713338683455,0.010077875647517543
2024-05-04 12:00:00+00:00,-0.00827140315458579,-0.007870478464882254,1.3364156323451224,0.00040092468970353667,0.003910188699363835
2024-05-04 16:00:00+00:00,0.005118438964906199,0.005480368866536883,1.2064330054356167,0.00036192990163068497,0.00021130567281876298
2024-05-04 20:00:00+00:00,-0.0010470657024661198,-0.0005396004340442711,1.6915508947394962,0.0005074652684218488,-0.004932800801377414
2024-05-05 00:00:00+00:00,0.00015008675430529657,0.0006177876269559111,1.5590029088353818,0.0004677008726506145,-0.00911685333122256
2024-05-05 04:00:00+00:00,0.008650506382257842,0.009085888237796658,1.4512728517960496,0.00043538185553881485,0.004126153483758927
2024-05-05 08:00:00+00:00,0.0021359924338829822,0.0026803193889179634,1.8144231834499376,0.0005443269550349813,0.004580665388373108
2024-05-05 12:00:00+00:00,-0.003889567107052998,-0.003329598114165548,1.866563309624833,0.0005599689928874499,0.020451105868432056
2024-05-05 16:00:00+00:00,0.003656453050987862,0.004033968955714379,1.258386349088389,0.0003775159047265167,-0.004754910217168555
2024-05-05 20:00:00+00:00,-0.0033203920142423453,-0.00285533756193601,1.5501815076877836,0.00046505445230633503,-4.513164735473735e-06
2024-05-06 00:00:00+00:00,0.004289890402314272,0.004693621177585401,1.34576925090376,0.00040373077527112793,-0.0017712916107636863
2024-05-06 04:00:00+00:00,0.0004291403723919861,0.0009682574539705315,1.7970569385951514,0.0005391170815785453,0.021357258674258202
2024-05-06 08:00:00+00:00,0.004444863564782062,0.004860729965991395,1.3862213373644432,0.00041586640120933293,-0.0038929287654676254
2024-05-06 12:00:00+00:00,0.0002851916887818623,0.0007356208843495764,1.5014306518923806,0.0004504291955677141,-0.014412491083525021
2024-05-06 16:00:00+00:00,0.004058479554255138,0.004479956446768771,1.404922975045444,0.00042147689251363315,-0.008427589118870264
2024-05-06 20:00:00+00:00,-0.0012754456377270574,-0.000836132379260546,1.4643775282217049,0.0004393132584665114,-0.0025597594411742846
2024-05-07 00:00:00+00:00,-0.0015065438251283206,-0.0011086770068951769,1.3262227274438128,0.0003978668182331438,-0.004645726924593778
2024-05-07 04:00:00+00:00,0.0027880976457298214,0.0031970351357861475,1.3631249668544203,0.00040893749005632604,0.0020102194969094478
2024-05-07 08:00:00+00:00,0.004327916254488815,0.004790033442283443,1.5403906259820954,0.0004621171877946286,0.001548250911590825
2024-05-07 12:00:00+00:00,0.00798697855456488,0.008498719051787094,1.7058016574073764,0.0005117404972222128,0.0056444136798405094
2024-05-07 16:00:00+00:00,0.004307723719401106,0.004854124552572053,1.821336110569823,0.0005464008331709468,-0.012536183118227925
2024-05-07 20:00:00+00:00,0.0033171801954436585,0.003823429094268537,1.6874963294162626,0.0005062488988248787,-0.018029472373541328
2024-05-08 00:00:00+00:00,0.0031994187121969823,0.0036786763004128605,1.5975252940529279,0.0004792575882158783,0.00606682784112935
2024-05-08 04:00:00+00:00,-0.0010605308354020534,-0.0005348175555368729,1.7523775995506017,0.0005257132798651804,-0.01571948940964026
2024-05-08 08:00:00+00:00,0.00896781364974388,0.009387802339719045,1.3999622999172154,0.0004199886899751646,-0.004511415048857189
2024-05-08 12:00:00+00:00,0.004935991425887184,0.005448355228427572,1.7078793418012954,0.0005123638025403886,0.01797767432174157
2024-05-08 16:00:00+00:00,0.00677194007937464,0.007218773511620352,1.4894447741523744,0.0004468334322457123,-0.005778296221626811
2024-05-08 20:00:00+00:00,0.002432099610060083,0.0029580710650534,1.7532381833110562,0.0005259714549933169,-0.010566030404524633
2024-05-09 00:00:00+00:00,0.012429601400931595,0.012822212564290204,1.3087038778620306,0.00039261116335860915,0.007932823806846692
2024-05-09 04:00:00+00:00,0.00031907427713428517,0.0008846500749484709,1.8852526593806194,0.0005655757978141857,-0.00713511593192198
2024-05-09 08:00:00+00:00,-0.000243058101721058,0.00025362779327416573,1.6556196499840792,0.0004966858949952237,-0.0033283238209769785
2024-05-09 12:00:00+00:00,0.007065382762917482,0.007594835592660702,1.7648427658107333,0.0005294528297432199,0.009306533394029752
2024-05-09 16:00:00+00:00,-0.0020324283010320033,-0.0015575763419420439,1.582839863633199,0.00047485195908995967,0.008882688851782691
2024-05-09 20:00:00+00:00,0.0033879573602024707,0.0038144111886982217,1.421512761652504,0.0004264538284957512,0.007459947846728713
2024-05-10 00:00:00+00:00,-0.0009245625752192835,-0.00046582644628226415,1.529120429790065,0.00045873612893701943,0.0030420820302936124
2024-05-10 04:00:00+00:00,0.001977070280909741,0.0023970333834724064,1.399877008542219,0.00041996310256266564,0.00420715328008676
2024-05-10 08:00:00+00:00,0.005966939162761107,0.006449215193151035,1.607586767966429,0.0004822760303899287,-0.0004586469943038554
2024-05-10 12:00:00+00:00,0.0004879297003014144,0.0010531041581888813,1.8839148596248896,0.0005651744578874669,-0.032917867476013954
2024-05-10 16:00:00+00:00,0.003697208084394414,0.004159754155860062,1.541820238218825,0.00046254607146564746,-0.009419225756869924
2024-05-10 20:00:00+00:00,0.005672027843987605,0.006196517123654242,1.7482975988887888,0.0005244892796666366,-0.002348418633192194
2024-05-11 00:00:00+00:00,0.008939955933646423,0.009456119012444345,1.7205435959930684,0.0005161630787979205,0.005480107653013779
2024-05-11 04:00:00+00:00,0.012282412387819922,0.012763292527919811,1.6029338003329643,0.00048088014009988925,-0.0012377612735995358
2024-05-11 08:00:00+00:00,-0.004220530787463965,-0.0036412107641615923,1.931066744341242,0.0005793200233023725,-0.010888581295585831
2024-05-11 12:00:00+00:00,0.0049139025830830345,0.005390312416669018,1.5880327786199475,0.0004764098335859842,0.00785961699672626
2024-05-11 16:00:00+00:00,0.002246982047435955,0.002788835773898051,1.8061790882069872,0.0005418537264620961,-9.786290694586566e-05
2024-05-11 20:00:00+00:00,0.0014109519097387925,0.0018351913256845075,1.4141313864857168,0.000424239415945715,-0.007093708937593999
2024-05-12 00:00:00+00:00,-0.0008232371296126738,-0.0003095395572505393,1.7123252412071153,0.0005136975723621345,0.0033338807016151497
2024-05-12 04:00:00+00:00,0.0018463945684610958,0.0022666026599638127,1.4006936383423894,0.0004202080915027168,-0.0061705887883809745
2024-05-12 08:00:00+00:00,0.004544450774966863,0.005087457698694193,1.8100230790911007,0.0005430069237273302,0.008082364970559534
2024-05-12 12:00:00+00:00,0.0005660722455634172,0.0010959574478376605,1.766284007580811,0.0005298852022742433,0.0015871963394695307
2024-05-12 16:00:00+00:00,-0.003013453463109727,-0.0025376955597391677,1.5858596779018648,0.0004757579033705594,-0.004815300409811048
2024-05-12 20:00:00+00:00,0.0016042704662606955,0.0019220254632028447,1.0591833231404972,0.0003177549969421491,-0.0044088117445591005
2024-05-13 00:00:00+00:00,2.2121503722033757e-05,0.0004889388414390065,1.5560577923899095,0.0004668173377169728,-0.026808015067648412
2024-05-13 04:00:00+00:00,0.002369834432408491,0.0027715113702057163,1.338923125990752,0.0004016769377972255,0.028533558899628355
2024-05-13 08:00:00+00:00,0.00010133722865630982,0.000544929643082679,1.4786413814212307,0.0004435924144263692,0.003102253502248804
2024-05-13 12:00:00+00:00,-0.0033497604243795066,-0.0029191895531432625,1.4352362374541463,0.00043057087123624387,0.010804203504171987
2024-05-13 16:00:00+00:00,0.0048820885441500095,0.0053068453004618205,1.4158558543727036,0.000424756756311811,-0.007200851549617758
2024-05-13 20:00:00+00:00,0.003152935783626372,0.003659937475030956,1.6900056380152795,0.0005070016914045838,-0.008057383255144901
2024-05-14 00:00:00+00:00,0.005742834512889801,0.006245813483640026,1.676596569167415,0.0005029789707502244,-0.0029616059692787597
2024-05-14 04:00:00+00:00,0.0034879019888765356,0.003974106284049545,1.6206809839100316,0.0004862042951730094,0.0020018764722926565
2024-05-14 08:00:00+00:00,0.006323536129353918,0.006730883022580456,1.3578229774217947,0.00040734689322653836,-0.005896009421410716
2024-05-14 12:00:00+00:00,-0.002465501741407541,-0.0019346355332787559,1.7695540270959509,0.0005308662081287852,-0.012406113847981437
2024-05-14 16:00:00+00:00,0.0029293644218337986,0.003410467987333958,1.6036785516671983,0.0004811035655001594,-0.0057795961445793395
2024-05-14 20:00:00+00:00,0.0004546535514004627,0.0009751344756398155,1.7349364141311763,0.0005204809242393528,-0.007461160406401409
2024-05-15 00:00:00+00:00,0.0036092893900327256,0.004087924283814466,1.5954496459391339,0.0004786348937817401,0.0067044491792355495
2024-05-15 04:00:00+00:00,0.0022144881989064813,0.00272148361881173,1.6899847330174962,0.0005069954199052488,0.001829188217381258
2024-05-15 08:00:00+00:00,-0.003734322482363961,-0.0032559623736088516,1.5945336958503649,0.0004783601087551094,-0.0035186215856718634
2024-05-15 12:00:00+00:00,0.0026347395020667693,0.0031026468587443934,1.5596911889254135,0.000467907356677624,0.0433298874731929
2024-05-15 16:00:00+00:00,-0.005550335371863194,-0.005148184081308978,1.3405043018473877,0.00040215129055421627,0.01671797334759476
2024-05-15 20:00:00+00:00,0.007195777431672817,0.007561683248397553,1.2196860557491211,0.0003659058167247363,0.0038126479136477644
2024-05-16 00:00:00+00:00,-0.00257162974269201,-0.002064975299663679,1.68884814342777,0.000506654443028331,0.005818690156314539
2024-05-16 04:00:00+00:00,0.0033988940336965637,0.0037585504736971282,1.1988548000018822,0.0003596564400005646,0.00021601602952047618
2024-05-16 08:00:00+00:00,0.002855819471220738,0.003389900010777548,1.7802684651893665,0.00053408053955681,-0.0033637810574914466
2024-05-16 12:00:00+00:00,-0.0009262231428292331,-0.0004995641654341795,1.422196591316846,0.00042665897739505373,-0.012498610712982926
2024-05-16 16:00:00+00:00,-0.00964647727577761,-0.009227601277162155,1.3962533287181844,0.0004188759986154553,0.0073785705087757595
2024-05-16 20:00:00+00:00,-0.017680131459357117,-0.017282029285380446,1.3270072465889022,0.00039810217397667064,0.0028497612227580665
2024-05-17 00:00:00+00:00,-0.006410191896104445,-0.0062586611797275215,0.5051023879230776,0.00015153071637692326,0.008924491373433749
2024-05-17 04:00:00+00:00,0.001868913283808973,0.0022351451140344538,1.2207727674182696,0.0003662318302254808,0.026835269674667688
2024-05-17 08:00:00+00:00,0.005318216897147444,0.005794332250864621,1.5870511790572572,0.0004761153537171771,-0.00140060931940178
2024-05-17 12:00:00+00:00,-0.0001270475697510329,0.00032246423978985145,1.4983726984696146,0.00044951180954088435,0.010445064922684807
2024-05-17 16:00:00+00:00,0.00495321069933519,0.005385710210090195,1.441665035850018,0.0004324995107550054,-0.0039577165343213485
2024-05-17 20:00:00+00:00,0.0034282298214169983,0.0039912714726051315,1.8768055039604437,0.0005630416511881331,-0.0001423411148046528
2024-05-18 00:00:00+00:00,-0.002158462979241278,-0.0016823977273862597,1.58688417285006,0.000476065251855018,0.005858912520556194
2024-05-18 04:00:00+00:00,0.00749398849192477,0.007892867140359684,1.3295954947830446,0.0003988786484349134,0.0003109461065252868
2024-05-18 08:00:00+00:00,0.02177603660960254,0.022340535918285245,1.8816643622756786,0.0005644993086827035,-0.0001780093544530276
2024-05-18 12:00:00+00:00,0.012777563866113938,0.013358885634350495,1.9377392274551886,0.0005813217682365565,-0.006184027062577728
2024-05-18 16:00:00+00:00,0.01290455993089537,0.013448816466410387,1.8141884517167197,0.0005442565355150159,-0.0011925136088718937
2024-05-18 20:00:00+00:00,0.0067798823016597875,0.00736518715910133,1.9510161914718074,0.0005853048574415422,0.0008113272358991293
2024-05-19 00:00:00+00:00,0.001023830915205488,0.0015705544360120533,1.8224117360218846,0.0005467235208065653,0.004684001364949821
2024-05-19 04:00:00+00:00,-0.0007450223185755699,-0.0003319897983771542,1.3767750673280523,0.0004130325201984157,-0.007836342421099141
2024-05-19 08:00:00+00:00,-0.0018429261636011998,-0.0013975610591677244,1.4845503481115845,0.0004453651044334753,-0.006851713390903742
2024-05-19 12:00:00+00:00,-0.0032421773775360343,-0.002822821832309863,1.3978518174205712,0.00041935554522617134,-0.011071489506123348
2024-05-19 16:00:00+00:00,0.0013297760597176622,0.001724752061470316,1.316586672508846,0.00039497600175265375,-0.0029022023101031792
2024-05-19 20:00:00+00:00,0.007775035638778765,0.008215424039713749,1.4679613364499466,0.00044038840093498394,-0.004650558616504071
2024-05-20 00:00:00+00:00,-0.0007181047059198807,-0.00023721289728062392,1.6029726954641894,0.0004808918086392568,0.006614023471125803
2024-05-20 04:00:00+00:00,0.005364114736387163,0.005835047244196183,1.569775026030067,0.00047093250780902,0.006634247113843306
2024-05-20 08:00:00+00:00,0.0003561201720175258,0.0008765477065873894,1.734758448566212,0.0005204275345698636,8.493286306949004e-05
2024-05-20 12:00:00+00:00,0.001822525505088398,0.002326221308015903,1.6789860097583504,0.000503695802927505,0.00725871466698465
2024-05-20 16:00:00+00:00,0.002495042245226656,0.003012557498881103,1.725050845514824,0.0005175152536544471,0.052217063422837134
2024-05-20 20:00:00+00:00,-0.019723929632540306,-0.01920385047144933,1.7335972036365936,0.000520079161090978,0.028920795887590334
2024-05-21 00:00:00+00:00,-0.005726904565770358,-0.005444176553788744,0.9424267066053791,0.0002827280119816137,-0.00433644214964811
2024-05-21 04:00:00+00:00,0.002798807978617496,0.003136928109035722,1.1270671013940874,0.0003381201304182262,0.002260181399948814
2024-05-21 08:00:00+00:00,0.01251271280367397,0.01300303472305053,1.6344063979218673,0.0004903219193765602,0.010110441537562053
2024-05-21 12:00:00+00:00,0.00011338541592157683,0.0006167449842927358,1.6778652279038633,0.0005033595683711589,-0.011864887580154556
2024-05-21 16:00:00+00:00,0.0009630338140709409,0.0013186020577942398,1.185227479077663,0.0003555682437232988,-0.009171566093596687
2024-05-21 20:00:00+00:00,0.0023012279889370033,0.002775887535079053,1.5821984871401662,0.0004746595461420498,0.013094424249796292
2024-05-22 00:00:00+00:00,-0.003471466624348911,-0.0029642385719408503,1.6907601746935355,0.0005072280524080606,-0.0021084181313438025
2024-05-22 04:00:00+00:00,0.0027699285603925657,0.0030991657147286093,1.0974571811201457,0.0003292371543360437,-0.0016550484647235167
2024-05-22 08:00:00+00:00,-0.0008468420351306532,-0.0003556731692475603,1.6372295529436431,0.0004911688658830929,-0.013769372782999827
2024-05-22 12:00:00+00:00,0.007427329607431475,0.00781914555423386,1.3060531560079505,0.0003918159468023851,0.007048132098017233
2024-05-22 16:00:00+00:00,0.007956038281057086,0.008467231488116879,1.7039773568659748,0.0005111932070597924,-0.012564928920392744
2024-05-22 20:00:00+00:00,0.004947277767727496,0.005456063971263642,1.6959540117871545,0.0005087862035361463,-0.0002199070848791523
2024-05-23 00:00:00+00:00,0.0024907397878850316,0.00288644311620105,1.3190110943867275,0.0003957033283160182,0.009370680477323479
2024-05-23 04:00:00+00:00,0.006611815965196159,0.007122140102213542,1.7010804567246116,0.0005103241370173835,0.003436277632024156
2024-05-23 08:00:00+00:00,-0.014001365684568721,-0.013525249198864574,1.5870549523471587,0.00047611648570414754,0.008212585712752225
2024-05-23 12:00:00+00:00,-0.0021239962795161966,-0.0018571805325271246,0.8893858232969073,0.00026681574698907216,-0.03236001865745749
2024-05-23 16:00:00+00:00,0.002136800978965282,0.002470486615288179,1.1122854544096568,0.000333685636322897,-0.009909231976173261
2024-05-23 20:00:00+00:00,0.006640301967836083,0.007106176965350909,1.5529166583827525,0.0004658749975148257,0.016540061369235665
2024-05-24 00:00:00+00:00,-0.00423804684656983,-0.0037038148583571073,1.780773294042411,0.0005342319882127233,0.009192763256012012
2024-05-24 04:00:00+00:00,-4.062529053507958e-05,0.000394275361164476,1.4496688389985188,0.0004349006516995556,-0.02859213660828457
2024-05-24 08:00:00+00:00,-0.0011218781249061364,-0.0006130480932291467,1.6961001055899658,0.0005088300316769897,0.008020172360333151
2024-05-24 12:00:00+00:00,0.004935918226103143,0.0053193689477922905,1.2781690722971588,0.0003834507216891476,0.004104955743206011
2024-05-24 16:00:00+00:00,0.0015619494098062995,0.0020387877428733035,1.5894611102233467,0.000476838333067004,0.004377001515942898
2024-05-24 20:00:00+00:00,0.0028099697356483346,0.0032564935379491315,1.4884126743359898,0.0004465238023007969,-0.0030197702515724852
2024-05-25 00:00:00+00:00,0.0012873349178020525,0.0018122285561984269,1.7496454613212482,0.0005248936383963744,0.005912215400594265
2024-05-25 04:00:00+00:00,0.003367117804109526,0.0037736373240804875,1.355065066569871,0.00040651951997096124,0.003045216738473721
2024-05-25 08:00:00+00:00,0.0031116423184420106,0.003614295600581406,1.675510940464651,0.0005026532821393953,0.00014128062862479453
2024-05-25 12:00:00+00:00,-0.0012398005042628087,-0.0007377051775186226,1.6736510891472867,0.000502095326744186,-0.0003134969183983456
2024-05-25 16:00:00+00:00,0.0004247130728382066,0.0007759013216840425,1.1706274961527865,0.0003511882488458359,0.0018576387216089536
2024-05-25 20:00:00+00:00,-0.004812264720880829,-0.004362332756486397,1.499773214648107,0.0004499319643944321,0.003742755941868341
2024-05-26 00:00:00+00:00,-0.00022131961980737078,9.550744533666597e-05,1.0560902171467892,0.00031682706514403675,-0.0016069809828000992
2024-05-26 04:00:00+00:00,0.002164434904210243,0.0026376791220521258,1.5774807261396089,0.0004732442178418826,-3.5936890693895574e-05
2024-05-26 08:00:00+00:00,-0.002320621781812035,-0.0018929179984928566,1.4256792777305947,0.0004277037833191784,-0.004951665369061573
2024-05-26 12:00:00+00:00,-0.004875691628587663,-0.004515273896974895,1.201392438709229,0.00036041773161276866,-0.0004632841572965794
2024-05-26 16:00:00+00:00,-0.00036388859717384275,-2.016404163861522e-05,1.1457485184507585,0.0003437245555352275,0.0009238894946431708
2024-05-26 20:00:00+00:00,0.0062119990054520504,0.006655387067788345,1.4779602077876486,0.0004433880623362945,-0.006465984116000275
2024-05-27 00:00:00+00:00,0.0034592332715555453,0.003983803556799259,1.7485676174790443,0.0005245702852437132,0.01401924191032166
2024-05-27 04:00:00+00:00,0.00024783132150623657,0.0007317450072373882,1.613045619103839,0.00048391368573115164,-0.008499680545222243
2024-05-27 08:00:00+00:00,0.002067299718536638,0.002503890111497273,1.455301309868784,0.00043659039296063516,0.00490887393956344
2024-05-27 12:00:00+00:00,-0.004567114164900185,-0.004095686210210551,1.5714265156321146,0.0004714279546896343,0.023234991264767853
2024-05-27 16:00:00+00:00,-0.00844879686978326,-0.00811520400288433,1.1119762229964316,0.00033359286689892945,-0.014273732665705575
2024-05-27 20:00:00+00:00,0.0006479209087369075,0.0010910821930578136,1.477204281069687,0.0004431612843209061,0.0074081124106291805
2024-05-28 00:00:00+00:00,0.0029660511905249994,0.0034206293052151593,1.5152603823005328,0.0004545781146901598,-0.01760080589851884
2024-05-28 04:00:00+00:00,0.0007598865455797151,0.0012469378675549717,1.623504406584189,0.0004870513219752567,-0.007041686678568585
2024-05-28 08:00:00+00:00,-0.002081699511040083,-0.0016463019107648593,1.4513253342507453,0.00043539760027522354,0.01268770611996474
2024-05-28 12:00:00+00:00,0.00026002835729602755,0.000686547263189614,1.421729686311955,0.00042651890589358646,-0.0054690976577330755
2024-05-28 16:00:00+00:00,0.007836384199344477,0.00827707855590025,1.4689811885192439,0.0004406943565557731,0.004331034069557593
2024-05-28 20:00:00+00:00,0.0013723608833748568,0.0018525567862406832,1.6006530095527551,0.0004801959028658265,-0.0030405721086190053
2024-05-29 00:00:00+00:00,0.006680280220928294,0.0072068778670406316,1.7553254870411246,0.0005265976461123373,0.004249221732851406
2024-05-29 04:00:00+00:00,0.00926399984750919,0.009729500366102779,1.55166839531196,0.000465500518593588,-0.004641996384061728
2024-05-29 08:00:00+00:00,-0.0006721172491389552,-0.0001391701042296603,1.7764904830309833,0.0005329471449092949,-0.002883700915173387
2024-05-29 12:00:00+00:00,-0.0005422430671282732,-3.9047924471769164e-05,1.6773171421883468,0.000503195142656504,-0.010167542176511613
2024-05-29 16:00:00+00:00,0.0008014067840786495,0.001236801523682707,1.451315798680192,0.00043539473960405755,-0.001444265531386102
2024-05-29 20:00:00+00:00,0.003279709852835892,0.0036658556486567633,1.2871526527362367,0.00038614579582087096,-0.003324717658185571
2024-05-30 00:00:00+00:00,0.0023311610669142398,0.0028591177210182373,1.7598555136799914,0.0005279566541039974,0.008598612582143854
2024-05-30 04:00:00+00:00,-0.0010377700134530112,-0.0005378550883544603,1.666383083661836,0.0004999149250985508,-0.03157166804526533
2024-05-30 08:00:00+00:00,0.0013983489435638902,0.001869181834704612,1.5694429704690727,0.0004708328911407218,0.013298155094644774
2024-05-30 12:00:00+00:00,0.004021577924132377,0.004516380168888683,1.6493408158543539,0.0004948022447563061,0.00874610337954781
2024-05-30 16:00:00+00:00,0.0033065964866186752,0.0037891875937683885,1.6086370238323784,0.00048259110714971346,-0.0033042946662761308
2024-05-30 20:00:00+00:00,0.0009282139996873737,0.0013925677557672276,1.547845853599513,0.00046435375607985387,-0.007961711204305737
2024-05-31 00:00:00+00:00,0.0007648528724376643,0.001270535918115134,1.6856101522582323,0.0005056830456774697,0.0019719894056462266
2024-05-31 04:00:00+00:00,0.0018764895359247985,0.002393156324246269,1.7222226277382355,0.0005166667883214706,-0.005684018328499002
2024-05-31 08:00:00+00:00,0.0031719246639466733,0.0036828484952755205,1.7030794377628244,0.0005109238313288473,0.007709207205303907
2024-05-31 12:00:00+00:00,0.004491171834137775,0.0050060366211051276,1.716215956557842,0.0005148647869673526,-0.015102491076768244
2024-05-31 16:00:00+00:00,0.00828943771187591,0.00872743743995137,1.459999093584865,0.00043799972807545947,0.010792394635082015
2024-05-31 20:00:00+00:00,-0.0022856303988064933,-0.0017611982447364484,1.7481071802334824,0.0005244321540700447,-0.001517680490526696
2024-06-01 00:00:00+00:00,0.0015590571911163343,0.001987006350221315,1.4264971970166025,0.0004279491591049807,0.0007237297053259118
2024-06-01 04:00:00+00:00,0.00148616979931149,0.0019689727169068523,1.6093430586512083,0.00048280291759536243,3.8084214746988488e-06
2024-06-01 08:00:00+00:00,0.0002676150349943257,0.0007874116584584981,1.7326554115472415,0.0005197966234641724,-0.00017710909371864932
2024-06-01 12:00:00+00:00,-0.0009520485391649215,-0.0004479153131246835,1.6804440868007935,0.000504133226040238,0.0036442531560905546
2024-06-01 16:00:00+00:00,-0.003085082830699806,-0.002691274048677506,1.3126959400743337,0.00039380878202230005,0.0012259216557146614
2024-06-01 20:00:00+00:00,-0.000745651067064323,-0.00040440077804612727,1.1375009633939857,0.0003412502890181957,-0.0006818488862833224
2024-06-02 00:00:00+00:00,0.0006030974340429345,0.0009904842706628494,1.291289455399716,0.00038738683661991476,0.001611781088701995
2024-06-02 04:00:00+00:00,0.0008975717961033673,0.0013713477879889802,1.5792533062853769,0.00047377599188561304,-0.0041748710234417695
2024-06-02 08:00:00+00:00,-0.0004057616505346985,3.675311331869924e-05,1.4750492128446593,0.00044251476385339777,0.00036647610028917683
2024-06-02 12:00:00+00:00,0.0069861464529333865,0.007387654120362916,1.3383588914317672,0.00040150766742953016,0.0016275254901331586
2024-06-02 16:00:00+00:00,0.0006318525422322561,0.0011396923572908769,1.6927993835287363,0.0005078398150586208,-0.013714829998403722
2024-06-02 20:00:00+00:00,0.0010322175078740306,0.001509986009021391,1.5925616704912013,0.00047776850114736037,0.0006221423149886679
2024-06-03 00:00:00+00:00,-0.0002297270612768558,0.00020693661830339003,1.4555455986008194,0.0004366636795802458,0.00614806322153601
2024-06-03 04:00:00+00:00,-0.002515632641944223,-0.002165672684523467,1.1665331914025205,0.0003499599574207561,0.010280062832610019
2024-06-03 08:00:00+00:00,-0.0024116328006299603,-0.0020618068878151354,1.1660863760494167,0.000349825912814825,-0.0006271026962188411
2024-06-03 12:00:00+00:00,0.0050480725242295745,0.005422203237249199,1.2471023767320815,0.00037413071301962443,-0.0020329201758046457
2024-06-03 16:00:00+00:00,0.0028783398978154476,0.0033702774925003774,1.639791982283099,0.0004919375946849297,-0.0004799028406795254
2024-06-03 20:00:00+00:00,0.000635693133563266,0.001165969302172369,1.7675872286970098,0.0005302761686091029,-0.00849504769675229
2024-06-04 00:00:00+00:00,-0.0015667892864820068,-0.0010784810933250225,1.627693977189948,0.0004883081931569843,0.0032470983102148056
2024-06-04 04:00:00+00:00,0.002964026253289564,0.003361070341879008,1.3234802952981464,0.0003970440885894439,-0.005054845273052072
2024-06-04 08:00:00+00:00,0.0047400591946832405,0.005320074794013199,1.9333853310998617,0.0005800155993299584,-0.0002927676164662777
2024-06-04 12:00:00+00:00,-0.0027185205564090736,-0.0022173590751088075,1.6705382710008874,0.0005011614813002662,0.017451448447335195
2024-06-04 16:00:00+00:00,-0.0005546048356045727,-0.00022468696276084006,1.0997262428124426,0.0003299178728437327,0.003535851162405767
2024-06-04 20:00:00+00:00,-0.0018079651516437157,-0.0013282489431953443,1.5990540281612384,0.0004797162084483715,0.005977447198870422
2024-06-05 00:00:00+00:00,-0.005487202805994247,-0.005090625593023,1.3219240432374904,0.0003965772129712471,0.005372209672259154
2024-06-05 04:00:00+00:00,-0.0007288535973121952,-0.00043043080474699646,0.9947426418839957,0.0002984227925651987,0.006044770598517477
2024-06-05 08:00:00+00:00,0.0009457851823932418,0.001332678558758359,1.2896445878837242,0.0003868933763651172,-0.004110284307563393
2024-06-05 12:00:00+00:00,-6.869150342271168e-05,0.0004264098212357694,1.6503377488616038,0.000495101324658481,0.00328981007289234
2024-06-05 16:00:00+00:00,0.008647642207169867,0.00909451181781837,1.489565368828345,0.00044686961064850346,0.0031360010044613786
2024-06-05 20:00:00+00:00,0.004711000479002474,0.005273544036716391,1.8751451923797242,0.0005625435577139172,0.0006178229523653237
2024-06-06 00:00:00+00:00,-0.0004516356191714135,9.069149721289009e-05,1.8077570546143453,0.0005423271163843036,-0.0031600323688014097
2024-06-06 04:00:00+00:00,-0.0015408031063161988,-0.0010817396167591945,1.5302116318566807,0.0004590634895570042,-0.0054054715584774165
2024-06-06 08:00:00+00:00,0.0002810932780204235,0.0007180439316965843,1.456502178920536,0.00043695065367616075,0.0025793912053589285
2024-06-06 12:00:00+00:00,0.0001380882926755167,0.0006213335781395117,1.6108176182133167,0.000483245285463995,0.003245083326331496
2024-06-06 16:00:00+00:00,-0.0002454945735011242,0.00017993045268953735,1.4180834206355386,0.00042542502619066156,-0.01500625663868366
2024-06-06 20:00:00+00:00,-0.0016214016587738534,-0.0012031221527324257,1.3942650201380922,0.0004182795060414276,0.0042382599741655445
2024-06-07 00:00:00+00:00,-0.0025451290664790425,-0.0021439094468072746,1.3373987322392265,0.0004012196196717679,-0.0015667598001780766
2024-06-07 04:00:00+00:00,-0.003221464507296507,-0.0027987685757165422,1.4089864385998827,0.00042269593157996476,0.0068790769383683574
2024-06-07 08:00:00+00:00,-0.0025555623836426397,-0.0022022103116724877,1.1778402399005061,0.0003533520719701518,0.007238492898633176
2024-06-07 12:00:00+00:00,0.002442891122613544,0.0028690755214406034,1.4206146627568652,0.0004261843988270595,-0.004540911370584002
2024-06-07 16:00:00+00:00,0.016280770616832037,0.016804603731520474,1.7461103822947897,0.0005238331146884368,-0.07164352368749238
2024-06-07 20:00:00+00:00,0.0031840736371996333,0.0036844415591588777,1.6678930731974821,0.0005003679219592446,0.00836891987518632
2024-06-08 00:00:00+00:00,3.3097999547890364e-05,0.0005860218093297058,1.8430793659393852,0.0005529238097818155,0.000300660715836813
2024-06-08 04:00:00+00:00,-0.00392542489630531,-0.0034689452543829893,1.521598806407734,0.00045647964192232013,0.001303376039013851
2024-06-08 08:00:00+00:00,0.0002385227606699802,0.0006229653676777136,1.2814753566924448,0.00038444260700773344,-0.02289683512635645
2024-06-08 12:00:00+00:00,0.0011721351301084031,0.0016701150519284305,1.6599330727334252,0.0004979799218200275,0.0016307349656235384
2024-06-08 16:00:00+00:00,0.0008248312903034408,0.001279281126817227,1.5148327883792874,0.0004544498365137862,-0.003816513534286829
2024-06-08 20:00:00+00:00,0.0007642705485711551,0.0011971678010616557,1.4429908416350017,0.00043289725249050047,-0.0021681248796886553
2024-06-09 00:00:00+00:00,-0.002081703039082208,-0.001627497250403934,1.514019295594246,0.00045420578867827374,-0.0022297225484984684
2024-06-09 04:00:00+00:00,0.005553537659757792,0.0059370518860617245,1.2783807543464436,0.00038351422630393306,0.007883675872365322
2024-06-09 08:00:00+00:00,-0.0020009571930942344,-0.0014991129432145702,1.6728141662655476,0.0005018442498796643,0.0006484578714108399
2024-06-09 12:00:00+00:00,-0.0003113962009499861,7.625194884875678e-05,1.2921604993291431,0.0003876481497987429,0.003859482680086042
2024-06-09 16:00:00+00:00,7.860821626676343e-05,0.00045981199773570413,1.2706792715631359,0.0003812037814689407,0.00583675542125159
2024-06-09 20:00:00+00:00,-0.0023007096910494644,-0.0018290339384239244,1.5722525087517998,0.0004716757526255399,-0.001509394744091364
2024-06-10 00:00:00+00:00,-0.0006459715027512913,-0.000256408391850417,1.2985437030029146,0.0003895631109008743,-0.008745960896809117
2024-06-10 04:00:00+00:00,-0.000763769740422684,-0.00029713369577200033,1.5554534821689456,0.00046663604465068363,-0.018235095526517548
2024-06-10 08:00:00+00:00,-0.0029682946896693175,-0.002523301636196861,1.4833101782415212,0.0004449930534724563,0.01540706511058501
2024-06-10 12:00:00+00:00,0.004256249309206254,0.0046981027699673425,1.4728448692036307,0.00044185346076108914,0.010624225919253742
2024-06-10 16:00:00+00:00,0.00022988678083832325,0.0008224266094380016,1.9751327619989278,0.0005925398285996783,-0.014418652592036119
2024-06-10 20:00:00+00:00,0.003763165736512605,0.004289709899161507,1.7551472088296722,0.0005265441626489016,-0.0059320223824181175
2024-06-11 00:00:00+00:00,0.004419895660999937,0.004963744489953533,1.8128294298453178,0.0005438488289535953,-0.0136614145881331
2024-06-11 04:00:00+00:00,-0.0019487162948607318,-0.0013775008933001559,1.9040513385352538,0.000571215401560576,-0.009041775962099692
2024-06-11 08:00:00+00:00,0.0025784022888159217,0.002923813359504152,1.151370235627435,0.00034541107068823045,0.0008154205939552425
2024-06-11 12:00:00+00:00,0.00397851430768055,0.004449824778802149,1.571034903738663,0.0004713104711215989,-0.027730548301339343
2024-06-11 16:00:00+00:00,0.0008229411817825086,0.0012530526832588082,1.4337050049209987,0.00043011150147629956,0.011603206154201132
2024-06-11 20:00:00+00:00,-1.975436079732797e-05,0.00047140051133997,1.637182907124327,0.000491154872137298,-0.0027201513760415613
2024-06-12 00:00:00+00:00,0.0021712519201987756,0.002658706877978074,1.6248498592643295,0.0004874549577792988,0.004921100839620463
2024-06-12 04:00:00+00:00,-0.0007106901256791132,-0.00015148077992864473,1.8640311525015616,0.0005592093457504685,0.004224445105788109
2024-06-12 08:00:00+00:00,0.0025124691905956385,0.0029450518481064078,1.4419421917025648,0.0004325826575107694,-0.0008147395219792235
2024-06-12 12:00:00+00:00,0.002039094450880368,0.0025631682152404984,1.7469125478671013,0.0005240737643601303,0.04448120989053003
2024-06-12 16:00:00+00:00,0.00064934188395899,0.0011585232363487078,1.697271174632393,0.0005091813523897178,-0.026868725611917704
2024-06-12 20:00:00+00:00,0.0018608821096735232,0.002297151508260514,1.4542313286233026,0.00043626939858699076,0.012147171670968734
2024-06-13 00:00:00+00:00,-0.003917406777198543,-0.003463851415318051,1.5118512062683083,0.00045355536188049244,-0.023650824786106663
2024-06-13 04:00:00+00:00,-0.0016637500114498609,-0.0012724840882272347,1.304219744075421,0.0003912659232226263,0.001047804070490759
2024-06-13 08:00:00+00:00,0.003443761118755368,0.0038310926806680917,1.2911052063757458,0.0003873315619127237,-0.005665907198713934
2024-06-13 12:00:00+00:00,0.002651326611180511,0.0031561480281888455,1.682738056694448,0.0005048214170083344,-0.014278680492078888
2024-06-13 16:00:00+00:00,0.0027902930956637396,0.0033439011111326368,1.8453600515629904,0.0005536080154688971,0.006779149179111273
2024-06-13 20:00:00+00:00,-0.0023670895429825623,-0.0018108341949189507,1.8541844935453726,0.0005562553480636118,-0.010707378313118887
2024-06-14 00:00:00+00:00,-0.002708405106195123,-0.0023056584461243162,1.34248886690269,0.000402746660070807,0.002932089014537571
2024-06-14 04:00:00+00:00,0.0027779741565701586,0.003151083666806757,1.243698367455329,0.0003731095102365987,0.009599233967630561
2024-06-14 08:00:00+00:00,-0.0004959716391484862,-2.5510854829101674e-05,1.5682026143979486,0.0004704607843193845,0.0007637043039649372
2024-06-14 12:00:00+00:00,0.005396075361230617,0.005836071467516546,1.4666536876197642,0.00043999610628592923,-0.023560208240550887
2024-06-14 16:00:00+00:00,0.006843948010426122,0.0073686089380837795,1.7488697588588606,0.0005246609276576582,-0.03249815065813629
2024-06-14 20:00:00+00:00,0.00467534467780805,0.005126229326795774,1.50294882995908,0.000450884648987724,0.02172960264473318
2024-06-15 00:00:00+00:00,0.0021439624353418686,0.002626807047397494,1.6094820401854177,0.00048284461205562527,0.004588546416763572
2024-06-15 04:00:00+00:00,0.0027073503778310692,0.0031905685581801358,1.610727267830222,0.00048321818034906657,0.007900289465188856
2024-06-15 08:00:00+00:00,0.001794849080023874,0.0022434901956968185,1.4954703855764813,0.0004486411156729443,-0.002582325936838159
2024-06-15 12:00:00+00:00,0.0015732380689796898,0.0020625155160241245,1.6309248234814495,0.0004892774470444348,0.00693832012788486
2024-06-15 16:00:00+00:00,-0.005115248867156752,-0.004660334791305449,1.5163802528376769,0.000454914075851303,-0.0009693974172529145
2024-06-15 20:00:00+00:00,0.0010834638234831933,0.0013981199529159735,1.048853764775934,0.00031465612943278016,0.0010236662958473155
2024-06-16 00:00:00+00:00,0.0029230011083536513,0.003369500198907689,1.4883303018467922,0.0004464990905540376,-0.009524770402295504
2024-06-16 04:00:00+00:00,0.004166117107463995,0.004668060078544205,1.6731432369340338,0.0005019429710802101,0.0065314331947837955
2024-06-16 08:00:00+00:00,0.0022798798832386943,0.002802210322006169,1.74110146255825,0.0005223304387674749,0.000496839983224179
2024-06-16 12:00:00+00:00,0.002279248920017713,0.0027355466235377077,1.5209923450666496,0.00045629770351999485,0.009001137656813292
2024-06-16 16:00:00+00:00,-1.8776783727362492e-05,0.0004225386849407847,1.4710515622271576,0.0004413154686681472,-0.0016871839822742332
2024-06-16 20:00:00+00:00,0.00031486857607447436,0.0007665626925965848,1.5056470550737018,0.00045169411652211047,0.003689113427956244
2024-06-17 00:00:00+00:00,0.0025001362418300313,0.003005699480307639,1.6852107949253583,0.0005055632384776075,-0.01617942152756522
2024-06-17 04:00:00+00:00,-0.010342626439492127,-0.009837200175363606,1.6847542137617373,0.0005054262641285211,-0.007937932348307485
2024-06-17 08:00:00+00:00,-0.002773879844333401,-0.002484714843487771,0.9638833361520995,0.00028916500084562985,-0.014184785525612708
2024-06-17 12:00:00+00:00,0.00304617534872436,0.0035318716388911577,1.618987633889325,0.00048569629016679747,-0.011860849622840685
2024-06-17 16:00:00+00:00,0.0026213524138198694,0.003044469220306174,1.4103893549543485,0.0004231168064863045,0.023334991477421085
2024-06-17 20:00:00+00:00,-6.222452673861994e-05,0.00039259210778467765,1.516055448410992,0.0004548166345232976,-0.020736762805277024
2024-06-18 00:00:00+00:00,-0.0010749849312864284,-0.0006188013261066222,1.520612017266021,0.00045618360517980626,-0.05343578002017998
2024-06-18 04:00:00+00:00,0.017177307868118257,0.017558967314045434,1.2721981530905861,0.0003816594459271758,0.004084587312794067
2024-06-18 08:00:00+00:00,0.005281090728552356,0.005847382564476977,1.8876394530820704,0.0005662918359246211,-0.012788217408034826
2024-06-18 12:00:00+00:00,0.0023835187771701865,0.0028759051950340824,1.64128805954632,0.000492386417863896,-0.007237847196586861
2024-06-18 16:00:00+00:00,-0.0025327247215003487,-0.0020030380472814855,1.7656222473962104,0.0005296866742188631,-0.006338245871902746
2024-06-18 20:00:00+00:00,0.0015748775107151934,0.001982604838638481,1.3590910930776254,0.00040772732792328757,0.023753955320752404
2024-06-19 00:00:00+00:00,0.0054545376030271375,0.005927713429850359,1.5772527560774048,0.0004731758268232214,0.029728628208541358
2024-06-19 04:00:00+00:00,0.0020373172665291077,0.0025176453948153998,1.6010937609543068,0.000480328128286292,0.0011234500059455314
2024-06-19 08:00:00+00:00,0.0011145719408692826,0.0015851238562223887,1.568506384510354,0.0004705519153531061,-0.010756763857504511
2024-06-19 12:00:00+00:00,-0.0051293724911934445,-0.004674693148147977,1.5155978101515593,0.0004546793430454677,-0.00421586997351534
2024-06-19 16:00:00+00:00,0.0030664203034215,0.003429183634788285,1.2092111045559504,0.0003627633313667851,0.010771854050061817
2024-06-19 20:00:00+00:00,0.0013596309588688091,0.0018565827111064273,1.6565058407920603,0.000496951752237618,-0.00411912862922901
2024-06-20 00:00:00+00:00,0.0005115488527016984,0.0009601920791310543,1.4954774214311861,0.00044864322642935577,0.0021533864831918092
2024-06-20 04:00:00+00:00,-0.0022845154248510922,-0.0017869470132856982,1.658561371884647,0.0004975684115653941,0.026585709109728795
2024-06-20 08:00:00+00:00,0.0015295253461219097,0.0019675677209060397,1.460141249280433,0.00043804237478412987,0.004708853004989538
2024-06-20 12:00:00+00:00,0.003906567094163536,0.004373624780249085,1.556858953618499,0.00046705768608554964,-0.03210269744336576
2024-06-20 16:00:00+00:00,0.002266905350815602,0.0027072190461569874,1.4677123178046185,0.0004403136953413855,0.008825144066665876
2024-06-20 20:00:00+00:00,0.004742742542032563,0.005222819948553183,1.6002580217353997,0.0004800774065206199,-0.009094158849122777
2024-06-21 00:00:00+00:00,0.004008877389873504,0.004509154797173898,1.6675913576679795,0.0005002774073003939,0.0005998287299125209
2024-06-21 04:00:00+00:00,0.0016875612044175016,0.0021536002161571355,1.5534633724654463,0.00046603901173963386,-0.004435405171195776
2024-06-21 08:00:00+00:00,0.001644703108738969,0.0020973725626207422,1.5088981796059109,0.0004526694538817732,0.007905458927947329
2024-06-21 12:00:00+00:00,0.004184726412427483,0.0046118780673506075,1.4238388497437466,0.00042715165492312394,-0.008847402709230574
2024-06-21 16:00:00+00:00,0.002146718398817811,0.002595691702158816,1.4965776778033506,0.0004489733033410051,0.003976062008509869
2024-06-21 20:00:00+00:00,-0.004779011552802364,-0.004301632685748301,1.591262890180213,0.0004773788670540639,-0.00206641684935888
2024-06-22 00:00:00+00:00,-3.0465751861019597e-05,0.0003218904794988948,1.1745207711997148,0.0003523562313599144,-0.005929985612151477
2024-06-22 04:00:00+00:00,-0.013623019282784388,-0.013128514031947926,1.6483508361215415,0.0004945052508364624,-0.003320949258844878
2024-06-22 08:00:00+00:00,-0.0013365274179902554,-0.000986473801522197,1.1668453882268612,0.0003500536164680583,-0.0006452736158015455
2024-06-22 12:00:00+00:00,-0.001595447768295516,-0.001189079546431391,1.3545607395470836,0.00040636822186412505,0.0059678396812916255
2024-06-22 16:00:00+00:00,0.0033562215786602165,0.0037691093503970717,1.3762925724561843,0.00041288777173685527,-0.0008318366159062648
2024-06-22 20:00:00+00:00,-0.004893475559940177,-0.0044063952948888265,1.6236008835045022,0.0004870802650513506,-0.002343283397965164
2024-06-23 00:00:00+00:00,0.0035146399125755663,0.003885173948815466,1.2351134541329982,0.00037053403623989943,0.009677335078076084
2024-06-23 04:00:00+00:00,-0.004412234459605136,-0.0038837926563202573,1.761472677616263,0.0005284418032848789,-0.0009943076403305222
2024-06-23 08:00:00+00:00,-0.0033031773278851383,-0.002957226385591093,1.1531698076468173,0.0003459509422940452,-0.00447883176035652
2024-06-23 12:00:00+00:00,-0.005933932263925424,-0.005561476173920116,1.241520300017694,0.0003724560900053082,-0.014340165049632947
2024-06-23 16:00:00+00:00,0.007972692805641265,0.008311982988115462,1.1309672749139899,0.00033929018247419695,0.0024890339993012397
2024-06-23 20:00:00+00:00,0.005204064518203785,0.005738874843965273,1.782701085871627,0.000534810325761488,-0.01439048101510928
2024-06-24 00:00:00+00:00,-0.004020495512861149,-0.0035947755427618343,1.4190665669977154,0.0004257199700993146,0.0012097085175499006
2024-06-24 04:00:00+00:00,0.00036410377403922037,0.0007769521010130567,1.3761610899127878,0.0004128483269738363,-0.01436598493120722
2024-06-24 08:00:00+00:00,-0.0033874940727767508,-0.0029271188644384547,1.534584027794321,0.0004603752083382963,-0.0005020117991736341
2024-06-24 12:00:00+00:00,0.0010337428215866377,0.0014394436229394113,1.3523360045092452,0.0004057008013527735,-0.007474174050796129
2024-06-24 16:00:00+00:00,0.0022206251242006146,0.002649441795759013,1.4293889051946627,0.0004288166715583988,0.001982828598072861
2024-06-24 20:00:00+00:00,0.00022027086732744755,0.0006987129321792262,1.594806882839262,0.0004784420648517786,0.029972862329327728
2024-06-25 00:00:00+00:00,-0.0008212880528744395,-0.0003845887604439261,1.4556643081017118,0.0004366992924305135,0.017278738113330555
2024-06-25 04:00:00+00:00,0.00010339207201248062,0.0004637170661571299,1.2010833138154977,0.0003603249941446493,-0.004172095667852743
2024-06-25 08:00:00+00:00,-0.00012976130109979326,0.0003053250665067343,1.4502878920217588,0.0004350863676065276,0.005447935272112383
2024-06-25 12:00:00+00:00,-0.0003704568319938598,2.4035117271025962e-05,1.3149731642162859,0.00039449194926488573,0.012469882101226086
2024-06-25 16:00:00+00:00,-0.0004795475349636817,-4.569751808188736e-05,1.4461667229393145,0.0004338500168817943,-0.00393790421173665
2024-06-25 20:00:00+00:00,-0.0009278281570026536,-0.0004723484409296145,1.518265720243464,0.00045547971607303914,-0.006144654649984808
2024-06-26 00:00:00+00:00,0.004045222709069325,0.004489851172842375,1.4820948792435011,0.0004446284637730503,-0.0008434276648825065
2024-06-26 04:00:00+00:00,-0.0010583293194384475,-0.0006012089934263466,1.5237344200403364,0.0004571203260121009,-0.004346174072432573
2024-06-26 08:00:00+00:00,-0.00465744179324604,-0.0041694902071886175,1.6265052868580767,0.00048795158605742295,-0.006880953524009179
2024-06-26 12:00:00+00:00,0.0005565129950965125,0.0009228755312646751,1.2212084538938757,0.00036636253616816267,-0.004264119888636044
2024-06-26 16:00:00+00:00,0.00206904228942214,0.0025485620610899333,1.598399238892644,0.00047951977166779317,0.006942213775899575
2024-06-26 20:00:00+00:00,0.006732862257331968,0.007276228978455153,1.8112224037439477,0.0005433667211231843,-0.006106850814903377
2024-06-27 00:00:00+00:00,2.55717426107066e-05,0.0005565775135462439,1.770019236451791,0.0005310057709355373,-0.0031982517516506454
2024-06-27 04:00:00+00:00,0.002170892735582612,0.002594499614459839,1.4120229295907563,0.00042360687887722684,-0.007005537224923455
2024-06-27 08:00:00+00:00,-0.0005179205825216788,-5.470035940176847e-06,1.7081684886050068,0.000512450546581502,0.012771449977914717
2024-06-27 12:00:00+00:00,-0.013666953763899585,-0.013258775157310335,1.3605953552974988,0.00040817860658924957,0.021653512544682996
2024-06-27 16:00:00+00:00,0.0002374975936784479,0.0005005940560136946,0.8769882077841558,0.0002630964623352467,0.0048483509980138655
2024-06-27 20:00:00+00:00,-0.0015637368044991657,-0.0010642885111560672,1.664827644476995,0.0004994482933430984,0.00043840311013741776
2024-06-28 00:00:00+00:00,0.0010084477925205468,0.0014680280131393008,1.53193406872918,0.00045958022061875397,-0.0008365342977886074
2024-06-28 04:00:00+00:00,-0.0028929660044130475,-0.0024003082665265806,1.6421924596215567,0.000492657737886467,-0.007836728457981465
2024-06-28 08:00:00+00:00,-0.0020495763052664705,-0.0016425480518849952,1.3567608446049173,0.0004070282533814752,0.008072565525093226
2024-06-28 12:00:00+00:00,-0.0017812372392765992,-0.0014010459798877036,1.2673041979629849,0.00038019125938889545,-0.004269250894351073
2024-06-28 16:00:00+00:00,0.001739670531209354,0.002071214326617657,1.1051459846943432,0.0003315437954083029,-0.01627180266451816
2024-06-28 20:00:00+00:00,0.004603773076384022,0.005102417534832052,1.662148194826767,0.00049864445844803,-0.0072307818075139545
2024-06-29 00:00:00+00:00,0.006755762762687539,0.0071976936959913685,1.4731031110127644,0.0004419309333038293,0.013814384670007382
2024-06-29 04:00:00+00:00,0.004783824657222941,0.005343863724139065,1.8667968897204137,0.000560039066916124,-0.0012676415569963175
2024-06-29 08:00:00+00:00,0.0010597023515102493,0.001626357015533857,1.888848880078692,0.0005666546640236076,-0.0020075958397652535
2024-06-29 12:00:00+00:00,-0.0010179677327012,-0.0006006939344550553,1.3909126608204825,0.0004172737982461447,-0.006276843469572991
2024-06-29 16:00:00+00:00,0.002221418052874731,0.0026284286877395952,1.3567021162162156,0.00040701063486486464,-0.004602157307995723
2024-06-29 20:00:00+00:00,-0.0006457201902221326,-0.0001795913336768426,1.5537628551509666,0.00046612885654528994,-0.005957458488490184
2024-06-30 00:00:00+00:00,0.003712727018187998,0.004127260279266242,1.3817775369274805,0.0004145332610782441,-0.005550811166377711
2024-06-30 04:00:00+00:00,0.0022653164077408683,0.0027416510979320634,1.5877823006373168,0.000476334690191195,0.015056847317066979
2024-06-30 08:00:00+00:00,0.0004085592746476476,0.000888071711878653,1.598374790770018,0.0004795124372310054,-0.002471923574718854
2024-06-30 12:00:00+00:00,-0.00025795318132716265,0.00019307948357789016,1.5034422163501762,0.0004510326649050528,0.0032470780116756943
2024-06-30 16:00:00+00:00,-0.0071661135786421845,-0.0067414422720851455,1.4155710218567976,0.00042467130655703925,0.009048166145173642
2024-06-30 20:00:00+00:00,0.001156627660137596,0.0014677981483508817,1.0372349607109526,0.00031117048821328576,0.01228748543331974
2024-07-01 00:00:00+00:00,-0.0016753147263199205,-0.001207072123254674,1.5608086768841547,0.00046824260306524635,0.010504456704700427
2024-07-01 04:00:00+00:00,0.004723582397549863,0.0051111767784601456,1.2919812697009418,0.00038759438091028254,0.00020526788411407196
2024-07-01 08:00:00+00:00,-0.00194575037693495,-0.0013687186515093613,1.9234390847519627,0.0005770317254255887,-0.008582622070093696
2024-07-01 12:00:00+00:00,-0.0019225695098015777,-0.0016144416775316058,1.02709277423324,0.000308127832269972,-0.002281381332542723
2024-07-01 16:00:00+00:00,0.008131230320526551,0.008474476864839577,1.144155147710085,0.0003432465443130255,0.007001784323898896
2024-07-01 20:00:00+00:00,0.0006354564831435737,0.0011928184866590596,1.8578733450516198,0.0005573620035154859,-0.011065425455103459
2024-07-02 00:00:00+00:00,-0.002043472252488823,-0.0016474439334342385,1.3200943968486145,0.00039602831905458433,0.005870690739362455
2024-07-02 04:00:00+00:00,-0.0011272678365309638,-0.0007770452692389755,1.1674085576399609,0.00035022256729198826,-0.004136680373038304
2024-07-02 08:00:00+00:00,-0.0007969535988850538,-0.0004315445644678486,1.2180301147240176,0.0003654090344172052,0.006792990653225348
2024-07-02 12:00:00+00:00,0.0018053799964511735,0.0021841722739424393,1.2626409249708859,0.0003787922774912657,-0.003915817207780546
2024-07-02 16:00:00+00:00,-0.0034449826809008492,-0.0030199838529379845,1.4166627598762158,0.0004249988279628647,0.007939187975700094
2024-07-02 20:00:00+00:00,-0.005760222893917003,-0.005387089136221028,1.2437791923199164,0.0003731337576959749,0.0015633543509678697
2024-07-03 00:00:00+00:00,0.004551872503969443,0.0048233554600638825,0.9049431869814653,0.00027148295609443954,-0.019881710300354904
2024-07-03 04:00:00+00:00,0.001751024384381785,0.0022485644978441402,1.658467044874518,0.0004975401134623554,-0.001827947138065464
2024-07-03 08:00:00+00:00,-0.0024878519779113224,-0.001966709416202575,1.7371418723624918,0.0005211425617087475,-0.016635359247690055
2024-07-03 12:00:00+00:00,0.0037272569322297114,0.004120067291598927,1.3093678645640523,0.00039281035936921565,-0.004802360787222593
2024-07-03 16:00:00+00:00,0.001371054729796783,0.0018447323267970735,1.5789253233343026,0.0004736775970002907,-0.0178203946881145
2024-07-03 20:00:00+00:00,-0.004030861617180486,-0.003629030086530401,1.3394384355002815,0.00040183153065008443,0.0035920309680660596
2024-07-04 00:00:00+00:00,-0.0020523983382627693,-0.0016431594024788416,1.3641297859464252,0.00040923893578392753,-0.02261107229389972
2024-07-04 04:00:00+00:00,-0.00120650228220999,-0.0007102468818166129,1.6541846679779237,0.0004962554003933771,-0.01112281948260952
2024-07-04 08:00:00+00:00,0.002429138044963401,0.0028034283977937295,1.2476345094344292,0.00037429035283032875,-0.005095467093329009
2024-07-04 12:00:00+00:00,0.023478525320261547,0.02395532059326416,1.589317576675371,0.0004767952730026113,-0.011937513306393352
2024-07-04 16:00:00+00:00,0.0023771349758794974,0.002879310242667131,1.673917555958779,0.0005021752667876336,-0.005845891994918878
2024-07-04 20:00:00+00:00,5.467305907247281e-05,0.0005652483822577652,1.701917743950975,0.0005105753231852924,-0.03458844710598126
2024-07-05 00:00:00+00:00,-0.0010992243144646835,-0.0006445954184044625,1.51542965353407,0.000454628896060221,-0.09374168649306877
2024-07-05 04:00:00+00:00,-0.0017271168660439832,-0.001284399807806024,1.4757235274598641,0.0004427170582379592,0.013599711394419478
2024-07-05 08:00:00+00:00,-0.005660141335393468,-0.005182989256505139,1.5905069296277632,0.0004771520788883289,0.03552621021967692
2024-07-05 12:00:00+00:00,0.0001692567239706194,0.0005427311165086312,1.2449146417933725,0.00037347439253801175,0.019456077984605108
2024-07-05 16:00:00+00:00,0.004195542958129775,0.0046265177707018185,1.436582708573477,0.00043097481257204306,0.004526474181253058
2024-07-05 20:00:00+00:00,-0.008326156324278945,-0.007857997958300588,1.5605278865945251,0.0004681583659783575,0.0019054648722894275
2024-07-06 00:00:00+00:00,0.011946403858883813,0.012246783640507127,1.0012659387443807,0.0003003797816233142,-0.001111106519399235
2024-07-06 04:00:00+00:00,-0.0005773242876806208,-7.437227878466285e-05,1.6765066963198598,0.000502952008895958,0.016546985926381205
2024-07-06 08:00:00+00:00,-0.0014376911888246279,-0.0010219837804428368,1.3856913612726365,0.0004157074083817909,0.007542289204982435
2024-07-06 12:00:00+00:00,0.0009471776610755578,0.0013469012496875434,1.3324119620399522,0.0003997235886119856,0.011610618000624351
2024-07-06 16:00:00+00:00,-0.002574253628452462,-0.0021649325156350347,1.3644037093914234,0.000409321112817427,0.028991867088666346
2024-07-06 20:00:00+00:00,0.0037317643842770705,0.004190181720520774,1.528057787479013,0.0004584173362437039,0.006028413740504746
2024-07-07 00:00:00+00:00,0.0073446537828895245,0.007848540075455622,1.6796209752203244,0.0005038862925660973,-0.010576770665732855
2024-07-07 04:00:00+00:00,0.007532278770954716,0.008033108248486869,1.669431591773844,0.0005008294775321532,-0.012818029505608867
2024-07-07 08:00:00+00:00,0.005696407457229038,0.006165189797645801,1.5626078013892095,0.0004687823404167628,0.0028312968170680305
2024-07-07 12:00:00+00:00,0.0010389956744041651,0.0015277443008883873,1.6291620882807407,0.0004887486264842221,-0.02452881027991207
2024-07-07 16:00:00+00:00,-0.0004257308193490029,8.159449473781428e-05,1.691084380289391,0.0005073253140868172,0.005050232699295354
2024-07-07 20:00:00+00:00,0.00037441669230785853,0.000840973483201858,1.5551893029799986,0.0004665567908939995,-0.028520456895569174
2024-07-08 00:00:00+00:00,-0.001629302125965146,-0.0011465492802043447,1.6091761525360047,0.0004827528457608014,-0.011422221801898709
2024-07-08 04:00:00+00:00,-0.0028398541459579985,-0.002386592702006152,1.510871479839488,0.00045326144395184636,0.015033706009840756
2024-07-08 08:00:00+00:00,0.017265759852903146,0.0176915450332418,1.4192839344621884,0.0004257851803386565,0.056660523052089955
2024-07-08 12:00:00+00:00,-0.0001126588563890664,0.0003656337999945314,1.5943088546119928,0.0004782926563835978,-0.03241175971198328
2024-07-08 16:00:00+00:00,0.006214630821961328,0.006669924464347902,1.5176454746219137,0.00045529364238657406,0.005973684198414453
2024-07-08 20:00:00+00:00,-0.0025337334003209025,-0.0020321537248630538,1.6719322515261625,0.0005015796754578488,0.0027980864680043514
2024-07-09 00:00:00+00:00,-0.004329535221296746,-0.003917355299308235,1.3739330732950363,0.00041217992198851086,0.00672729971081508
2024-07-09 04:00:00+00:00,0.002575043934727867,0.002910299955263798,1.1175200684531028,0.0003352560205359308,0.0036174972270735352
2024-07-09 08:00:00+00:00,0.004337202352497283,0.004802366886657197,1.5505484471997124,0.0004651645341599137,0.005890293567442606
2024-07-09 12:00:00+00:00,0.0028137919526045607,0.003322681564953651,1.6962987078303013,0.0005088896123490904,-0.004228953126136685
2024-07-09 16:00:00+00:00,-0.004993780826950289,-0.004542537301359868,1.504145085301406,0.00045124352559042176,0.010770877049924814
2024-07-09 20:00:00+00:00,-0.004195216539082616,-0.0038080252376788523,1.2906376713458785,0.0003871913014037635,0.002099978750901177
2024-07-10 00:00:00+00:00,-0.002356244399446242,-0.002018416351175582,1.1260934942355336,0.00033782804827066007,0.005842207612546476
2024-07-10 04:00:00+00:00,0.007304365453767925,0.007708960090500176,1.348648789107502,0.00040459463673225057,0.011550038868374376
2024-07-10 08:00:00+00:00,0.0031036373300283113,0.0036618258073399506,1.860628257705465,0.0005581884773116395,-0.001796914154564922
2024-07-10 12:00:00+00:00,0.0015374693821804046,0.0020433713113213654,1.6863397638032027,0.0005059019291409608,-0.0025672112850883655
2024-07-10 16:00:00+00:00,0.0046928766975182995,0.005098407699939404,1.3517700080703485,0.00040553100242110454,-0.000878237565237965
2024-07-10 20:00:00+00:00,-0.003084300356854077,-0.0025822070788155296,1.6736442601284915,0.0005020932780385474,0.0019036227075827866
2024-07-11 00:00:00+00:00,-0.0010722311771562474,-0.0007783178076529365,0.9797112316777031,0.0002939133695033109,-0.008130404188927428
2024-07-11 04:00:00+00:00,-0.004646066364505419,-0.004250949613681467,1.3170558360798377,0.0003951167508239513,0.014397794701128216
2024-07-11 08:00:00+00:00,0.004450784060378357,0.004749726901103146,0.9964761357492973,0.00029894284072478917,0.009404720118942804
2024-07-11 12:00:00+00:00,-0.0035246192950656717,-0.0030040391951918154,1.7352669995795207,0.0005205800998738561,-0.016285597744293702
2024-07-11 16:00:00+00:00,0.002856494472104087,0.003293158429193233,1.4555465236304865,0.0004366639570891459,0.0026825032914894725
2024-07-11 20:00:00+00:00,-0.001963151412500823,-0.0015673874525460754,1.31921319984916,0.000395763959954748,-0.009857236576124388
2024-07-12 00:00:00+00:00,-0.0003962433664622189,-1.1110764568069602e-05,1.2837753396471645,0.0003851326018941493,0.0026773588937351895
2024-07-12 04:00:00+00:00,-0.0027401769368463657,-0.0023281370342524334,1.3734663419797737,0.00041203990259393205,-0.0022887809241530907
2024-07-12 08:00:00+00:00,-0.005828422235973175,-0.005411590297633543,1.3894397944654413,0.00041683193833963233,-0.003918040524499309
2024-07-12 12:00:00+00:00,0.004725356227704895,0.005086078389862587,1.2024072071923069,0.000360722162157692,0.01887235017368849
2024-07-12 16:00:00+00:00,0.003021473806908648,0.003427661426531191,1.3539587320751418,0.00040618761962254253,0.0043482260590864885
2024-07-12 20:00:00+00:00,0.0020753477575335645,0.002521922187105211,1.488581431905488,0.00044657442957164636,0.0039793924401279246
2024-07-13 00:00:00+00:00,-0.0011897654351760664,-0.0007399354528734169,1.4994332743421648,0.0004498299823026494,0.0037951912658327203
2024-07-13 04:00:00+00:00,-0.01295074382544083,-0.012519977731505004,1.4358869797860854,0.00043076609393582555,0.011969323826679257
2024-07-13 08:00:00+00:00,0.005228869516677389,0.005474624018531276,0.819181672846292,0.00024575450185388754,0.0008516442206014075
2024-07-13 12:00:00+00:00,0.008222443938098015,0.008793680506124738,1.9041218934224045,0.0005712365680267213,0.006621374644510638
2024-07-13 16:00:00+00:00,-0.01711204665414939,-0.016606800675141392,1.6841532633599967,0.000505245979007999,0.006088179791995809
2024-07-13 20:00:00+00:00,0.01728194982623939,0.017515050670359106,0.7770028137323819,0.00023310084411971456,-0.0012797985419357107
2024-07-14 00:00:00+00:00,-0.010847136814423557,-0.010272048949606533,1.9169595493900815,0.0005750878648170244,-0.00037883106622017745
2024-07-14 04:00:00+00:00,-0.0077656146093354195,-0.007462020690503575,1.0119797294394801,0.000303593918831844,0.012087877394318595
2024-07-14 08:00:00+00:00,-0.00524878544919768,-0.004941897510948368,1.022959794164374,0.00030688793824931216,-0.00023153752220365022
2024-07-14 12:00:00+00:00,0.0043806999842016525,0.004685265005517955,1.015216737721009,0.0003045650213163027,-0.003625186470829688
2024-07-14 16:00:00+00:00,-0.0016278616817186,-0.0010858979492514755,1.8065457748904143,0.0005419637324671243,0.001651036558459969
2024-07-14 20:00:00+00:00,0.0064117028414315295,0.0068557297030476475,1.4800895387203945,0.00044402686161611833,0.014440132472731218
2024-07-15 00:00:00+00:00,-0.0035248776727172713,-0.0029658121475984664,1.8635517503960164,0.0005590655251188049,0.01686990831284069
2024-07-15 04:00:00+00:00,0.0002387251724335986,0.0006584574871443513,1.3991077157025091,0.0004197323147107527,0.008052890933426112
2024-07-15 08:00:00+00:00,-0.0020483040573724813,-0.0016463986645358325,1.3396846427888291,0.0004019053928366487,-0.011520287914933706
2024-07-15 12:00:00+00:00,0.0019697355178245318,0.0023315708743661,1.2061178551385616,0.0003618353565415685,0.004217397694306115
2024-07-15 16:00:00+00:00,0.0040940026723879875,0.0044634933181423135,1.2316354858477523,0.00036949064575432565,0.011008307985810806
2024-07-15 20:00:00+00:00,0.002601119336791919,0.0031070761011572517,1.686522547884443,0.0005059567643653329,0.02504492240839858
2024-07-16 00:00:00+00:00,0.008489862751436535,0.008963659605039677,1.5793228453438064,0.00047379685360314185,0.007176931146582309
2024-07-16 04:00:00+00:00,0.0036212721784772044,0.004008734878245296,1.2915423325603044,0.0003874626997680913,-0.035729273808173055
2024-07-16 08:00:00+00:00,-0.005757195765995988,-0.005248534825435065,1.6955364685364083,0.0005086609405609224,0.007240356052293079
2024-07-16 12:00:00+00:00,0.003086017546218374,0.0033543155008022925,0.8943265152797293,0.00026829795458391877,0.03254399418460659
2024-07-16 16:00:00+00:00,0.0040733071311714565,0.004571965267187294,1.6621937867194587,0.0004986581360158376,-0.001297029242861863
2024-07-16 20:00:00+00:00,0.003992603479293868,0.004497671793946027,1.683561048840529,0.0005050683146521586,-0.006369825581542676
2024-07-17 00:00:00+00:00,-0.00013207802981418068,0.00038380940768235466,1.719624791655118,0.0005158874374965353,0.012692219192424789
2024-07-17 04:00:00+00:00,0.005492097153347032,0.005939656929131329,1.4918659192809907,0.00044755977578429714,0.005921762479957199
2024-07-17 08:00:00+00:00,-0.0022343523673233603,-0.0017629066655496194,1.571485672579137,0.0004714457017737411,-0.01065818610091657
2024-07-17 12:00:00+00:00,0.005365191529466158,0.005814673684316794,1.4982738495021206,0.00044948215485063613,-0.0016086567282059686
2024-07-17 16:00:00+00:00,0.0036198188581425626,0.004157063652651494,1.7908159816964393,0.0005372447945089317,-0.0032213999880621133
2024-07-17 20:00:00+00:00,0.000998667887374091,0.0014856050386023258,1.6231238374274495,0.0004869371512282348,-0.012071202657606403
2024-07-18 00:00:00+00:00,0.008992804875375357,0.00944668622694191,1.5129378385551757,0.00045388135156655267,0.010506326017638797
2024-07-18 04:00:00+00:00,-0.014234795683015515,-0.013723412705655167,1.704609924534495,0.0005113829773603485,-0.00682279934752465
2024-07-18 08:00:00+00:00,0.0031286060370972527,0.003434466182812458,1.019533819050684,0.0003058601457152052,-0.005552119918983352
2024-07-18 12:00:00+00:00,-0.0015199846540080502,-0.0010333991078176439,1.621951820634688,0.0004865855461904063,-0.021531730702410285
2024-07-18 16:00:00+00:00,-0.001404991289367017,-0.0009724480486605159,1.441810802355004,0.0004325432407065012,0.0007864418834196255
2024-07-18 20:00:00+00:00,0.004193411301674323,0.004571997608043913,1.2619543545653011,0.0003785863063695903,0.0074649597391239575
2024-07-19 00:00:00+00:00,0.0001983692918439984,0.0006877022947485878,1.631110009681965,0.0004893330029045894,0.0028365766362610494
2024-07-19 04:00:00+00:00,-0.0014910313969876995,-0.0009899990435442848,1.670107844811383,0.0005010323534434148,-0.0068418281092785214
2024-07-19 08:00:00+00:00,0.0014624691063848628,0.00183882715058511,1.2545268140008243,0.0003763580442002473,-0.0003237715556558829
2024-07-19 12:00:00+00:00,0.0007088308263888078,0.0011434187202528472,1.4486263128801316,0.00043458789386403943,0.027116158596437574
2024-07-19 16:00:00+00:00,0.0038110121290536375,0.004239091199985727,1.4269302364402991,0.00042807907093208973,0.018369156175997586
2024-07-19 20:00:00+00:00,-0.0002305020800742047,0.0003144253732995586,1.816424844579211,0.0005449274533737633,0.0009664777938938704
2024-07-20 00:00:00+00:00,0.004277432899806186,0.004714580024668214,1.457157082873427,0.0004371471248620281,-0.0003560496795367361
2024-07-20 04:00:00+00:00,-0.004488774232800078,-0.00395955889055737,1.7640511408090263,0.0005292153422427078,0.006181759268623958
2024-07-20 08:00:00+00:00,0.0024710223059777534,0.0028268662509508442,1.186146483243637,0.0003558439449730911,-0.008805225340453967
2024-07-20 12:00:00+00:00,0.005476388820183845,0.005986600042417109,1.70070407411088,0.000510211222233264,0.008773613774473825
2024-07-20 16:00:00+00:00,0.001705139939968955,0.002180349915800706,1.5840332527725034,0.000475209975831751,0.0032414721910450656
2024-07-20 20:00:00+00:00,-0.0014775119876063788,-0.0010510428916463725,1.421563653200021,0.0004264690959600063,6.153870897993182e-05
2024-07-21 00:00:00+00:00,0.0030785725315400424,0.0034943620260386304,1.3859649816619601,0.000415789494498588,-0.0003310353757129958
2024-07-21 04:00:00+00:00,0.001534034736846471,0.0021068399670516255,1.909350767350515,0.0005728052302051544,-0.011362267972361572
2024-07-21 08:00:00+00:00,-0.002158598084200471,-0.0016667359964823369,1.6395402923937814,0.0004918620877181343,0.0015261692012061192
2024-07-21 12:00:00+00:00,-0.009509797965355702,-0.009097501880245593,1.3743202837003636,0.00041229608511010905,0.00885795099709859
2024-07-21 16:00:00+00:00,-0.01004787595906912,-0.009682528240320223,1.21782572916299,0.00036534771874889696,0.0002708629417027803
2024-07-21 20:00:00+00:00,-0.002392133804442097,-0.0021069199212588857,0.9507129439440385,0.0002852138831832115,0.025124372702459787
2024-07-22 00:00:00+00:00,-0.0016987101743777063,-0.001283211646767542,1.3849950920338816,0.0004154985276101644,-0.004262787111851502
2024-07-22 04:00:00+00:00,0.007252565089992632,0.0076468412233963185,1.3142537780122878,0.0003942761334036863,-0.016533406080805585
2024-07-22 08:00:00+00:00,-0.0020856893277557695,-0.0014960847013059378,1.9653487548327735,0.000589604626449832,0.009813708870047086
2024-07-22 12:00:00+00:00,-0.0029563091349583547,-0.002536741443322843,1.3985589721183722,0.00041956769163551164,-0.01040292175279158
2024-07-22 16:00:00+00:00,-0.0013780226761852294,-0.000999509353221575,1.2617110765455142,0.0003785133229636542,0.006100310773766467
2024-07-22 20:00:00+00:00,-0.00019705818444167288,0.0002500514177434552,1.4903653406170938,0.0004471096021851281,-0.017492932881138963
2024-07-23 00:00:00+00:00,-0.007321940256893179,-0.006812321811481127,1.6987281513735093,0.0005096184454120527,0.011265578470192416
2024-07-23 04:00:00+00:00,-0.0010115167602465273,-0.000659654573684245,1.172873955207607,0.0003518621865622821,-0.02570882999727439
2024-07-23 08:00:00+00:00,0.005451258233955857,0.005902544470815465,1.5042874561986928,0.0004512862368596078,0.019992693724449378
2024-07-23 12:00:00+00:00,0.006821379289625888,0.0072404065195937825,1.396757433226314,0.00041902722996789416,-0.01127699507228101
2024-07-23 16:00:00+00:00,0.0054815780823991005,0.00600656562976787,1.7499584912292314,0.0005249875473687694,-0.00810178461136779
2024-07-23 20:00:00+00:00,0.0011789439847842754,0.0017034257245327343,1.7482724658281967,0.0005244817397484589,0.00040833340412742037
2024-07-24 00:00:00+00:00,0.00257833260607491,0.00301472481298745,1.454640689708467,0.00043639220691254,-0.004671572870234623
2024-07-24 04:00:00+00:00,0.0006285898923391853,0.0010741922078533813,1.4853410517139864,0.0004456023155141959,0.0021260294679414796
2024-07-24 08:00:00+00:00,0.0016241119039080527,0.002086671782624773,1.541866262389068,0.00046255987871672035,0.010297264329079814
2024-07-24 12:00:00+00:00,0.0047225784949310404,0.005201255564282581,1.5955902311718,0.00047867706935153997,-0.010284525048442983
2024-07-24 16:00:00+00:00,-0.00041528956596523003,5.958176064998328e-05,1.5829044220507111,0.0004748713266152133,-0.012660893374482148
2024-07-24 20:00:00+00:00,-0.001918215458037167,-0.0015371202571890681,1.27031733616033,0.00038109520084809897,-0.01613113441741459
2024-07-25 00:00:00+00:00,0.0017727905071651003,0.002134873124962358,1.2069420593241926,0.00036208261779725775,-0.03203345062590686
2024-07-25 04:00:00+00:00,-0.003082086641463367,-0.002572118290074299,1.6998945046302274,0.0005099683513890682,0.004526101157042028
2024-07-25 08:00:00+00:00,0.001005297281704389,0.0014266186341084742,1.4044045080136178,0.0004213213524040853,-0.0011929326118276958
2024-07-25 12:00:00+00:00,0.000835393891664708,0.0012881225052295486,1.5090953785494687,0.0004527286135648406,-0.006365949053049207
2024-07-25 16:00:00+00:00,0.001933538673626068,0.0024643497101728288,1.769370121822536,0.0005308110365467607,-0.012951616826153853
2024-07-25 20:00:00+00:00,-0.00076355894344213,-0.0002596662568305146,1.6796422887053848,0.0005038926866116154,0.018067115950455744
2024-07-26 00:00:00+00:00,0.0001520601428082196,0.000561218448089662,1.363861017604808,0.0004091583052814424,0.02254488512154478
2024-07-26 04:00:00+00:00,-0.0026557007255316374,-0.0022595545674557673,1.3204871935862332,0.00039614615807586994,0.008880304911257268
2024-07-26 08:00:00+00:00,0.002484203181364445,0.002850416852403554,1.22071223679703,0.000366213671039109,-0.002174448414087838
2024-07-26 12:00:00+00:00,0.0035369268000749426,0.004036993423521016,1.6668887448202452,0.0005000666234460735,0.004648709345473959
2024-07-26 16:00:00+00:00,0.0010953106571000917,0.0015448906691244034,1.498600040081039,0.0004495800120243117,0.005967553438298043
2024-07-26 20:00:00+00:00,-0.0003502102368338778,0.00017399357926999842,1.7473460536795875,0.0005242038161038762,0.0043146032397967105
2024-07-27 00:00:00+00:00,0.0007306850083862535,0.0011472772889845296,1.388640935327587,0.0004165922805982761,-0.0042924499687992425
2024-07-27 04:00:00+00:00,0.0008365652272826988,0.0012769980638804304,1.468109455325772,0.00044043283659773156,0.011824601013561387
2024-07-27 08:00:00+00:00,0.004679943966190456,0.00512654820149176,1.4886807843376793,0.00044660423530130375,-0.0039210540606378986
2024-07-27 12:00:00+00:00,-0.00015087037284595983,0.0003658915294778158,1.7225396744125856,0.0005167619023237756,-0.001104720962963252
2024-07-27 16:00:00+00:00,0.0012208092120637591,0.0017004068741196241,1.5986588735195504,0.00047959766205586506,-0.005076229635938933
2024-07-27 20:00:00+00:00,0.00967967078170184,0.010171162643862232,1.6383062072013086,0.0004914918621603925,0.00046505089040506294
2024-07-28 00:00:00+00:00,0.0005491418619461199,0.0010873248563280078,1.793943314606293,0.0005381829943818879,-0.004198526110877454
2024-07-28 04:00:00+00:00,-0.002042711846286542,-0.001595233928339477,1.4915930598235503,0.00044747791794706504,-0.005404361452524163
2024-07-28 08:00:00+00:00,0.0025169184715179566,0.0029405831219779456,1.4122155015332976,0.00042366465045998923,0.00511414900487908
2024-07-28 12:00:00+00:00,-0.0011655833632375592,-0.000702421043902674,1.5438743977829505,0.0004631623193348851,-0.006645557809564682
2024-07-28 16:00:00+00:00,0.001418312157716888,0.0017953216889749887,1.256698437527002,0.0003770095312581006,0.002060359865999271
2024-07-28 20:00:00+00:00,-0.002277937069549997,-0.0018062531426817246,1.5722797562275752,0.00047168392686827254,-0.006487306314483752
2024-07-29 00:00:00+00:00,0.012263582556786263,0.012699200372566877,1.4520593859353816,0.00043561781578061446,0.023826459622798148
2024-07-29 04:00:00+00:00,0.0014928400442245928,0.001999302837365749,1.68820931047052,0.000506462793141156,0.005393746829011875
2024-07-29 08:00:00+00:00,-0.0028188823953050513,-0.0023092103421890357,1.6989068437200519,0.0005096720531160155,-0.0018420179009335823
2024-07-29 12:00:00+00:00,-0.0007827788780791797,-0.0004582587752030914,1.081733676253628,0.00032452010287608836,-0.024169458244041406
2024-07-29 16:00:00+00:00,0.002182150199704141,0.0026858954605634903,1.6791508695311637,0.0005037452608593491,-0.0014516659921502515
2024-07-29 20:00:00+00:00,0.0005922064930770673,0.0009943494668843815,1.3404765793577142,0.0004021429738073142,-0.009207706001650133
2024-07-30 00:00:00+00:00,0.0007796735395595128,0.0012208920321024614,1.4707283084764955,0.0004412184925429486,0.002734092491537456
2024-07-30 04:00:00+00:00,-0.00016799010191423055,0.0002809455351706993,1.496452123616433,0.00044893563708492987,0.00450432641053202
2024-07-30 08:00:00+00:00,0.005006117949321475,0.0054055205098179245,1.3313418683215,0.00039940256049644996,-0.0033583723787441195
2024-07-30 12:00:00+00:00,0.003844192148752285,0.004321875286375697,1.5922771254113723,0.00047768313762341165,-0.00546111406310215
2024-07-30 16:00:00+00:00,0.008333651861551829,0.008767461246094713,1.446031281809612,0.00043380938454288355,-0.01843377798638933
2024-07-30 20:00:00+00:00,-0.0027622664321139594,-0.002226672632372798,1.7853126658038705,0.0005355937997411611,0.003526563111185638
2024-07-31 00:00:00+00:00,0.0024881475328188446,0.0028996969984159742,1.3718315519904323,0.00041154946559712963,0.006485250258747708
2024-07-31 04:00:00+00:00,0.0022979191858120583,0.002762206923025559,1.5476257907116688,0.0004642877372135006,0.003852183319035905
2024-07-31 08:00:00+00:00,0.0015201249374619276,0.002006112703505814,1.619959220146288,0.00048598776604388637,-0.0064222430258852456
2024-07-31 12:00:00+00:00,0.0013080110060328307,0.0017650268864946356,1.5233862682060166,0.00045701588046180493,0.00211163977273317
2024-07-31 16:00:00+00:00,0.005214854990826147,0.005714925042197275,1.6669001712370919,0.0005000700513711275,-0.018637341549204024
2024-07-31 20:00:00+00:00,-0.001983836107077704,-0.001416228288813119,1.8920260608819501,0.000567607818264585,-0.0102391942841581
2024-08-01 00:00:00+00:00,-0.005403812187378755,-0.004971697515725295,1.4403822388448682,0.00043211467165346043,-0.0045846476006378275
2024-08-01 04:00:00+00:00,0.0035399644491397216,0.003855060906896328,1.050321525855355,0.0003150964577566065,-0.00786738023607374
2024-08-01 08:00:00+00:00,0.0031013057785662717,0.0035540349917239475,1.509097377192252,0.00045272921315767556,0.0068990748086898
2024-08-01 12:00:00+00:00,-0.0004915442076900336,-1.1174529939533741e-05,1.601232259168333,0.00048036967775049984,-0.028383164400510162
2024-08-01 16:00:00+00:00,0.0019538825719644234,0.0024418640015638118,1.6266047653312947,0.00048798142959938836,-0.007828260796978312
2024-08-01 20:00:00+00:00,0.006906102463751819,0.007333748169928772,1.4254856872565107,0.00042764570617695317,0.0344796548170957
2024-08-02 00:00:00+00:00,-0.0023030366526583263,-0.0017507044243909448,1.8411074275579384,0.0005523322282673814,-0.013298552063761222
2024-08-02 04:00:00+00:00,-0.00016032663246092383,0.00023896739685178622,1.3309800977090336,0.00039929402931271004,-0.011852674006359587
2024-08-02 08:00:00+00:00,0.004256212814036188,0.004678494612195955,1.4076059938658891,0.0004222817981597667,0.0037489484033242206
2024-08-02 12:00:00+00:00,-0.0021862571209106786,-0.0016043369418279406,1.9397339302757937,0.0005819201790827381,-0.03345603635863818
2024-08-02 16:00:00+00:00,0.0008812038076404365,0.0012067201967668963,1.0850546304215327,0.00032551638912645977,-0.0074719505036446405
2024-08-02 20:00:00+00:00,0.0030763879401939295,0.0035091846723344002,1.4426557738015684,0.0004327967321404705,-0.008512660916784468
2024-08-03 00:00:00+00:00,0.0014538067036216757,0.0018951318814331396,1.471083926038213,0.00044132517781146386,0.003341791449526536
2024-08-03 04:00:00+00:00,-0.0023903007468312537,-0.001899269979142081,1.6367692256305761,0.0004910307676891728,0.005669489232978471
2024-08-03 08:00:00+00:00,0.005038639674674557,0.005457276430409009,1.3954558524481755,0.0004186367557344526,-0.0023700873263641166
2024-08-03 12:00:00+00:00,-0.009369249254178463,-0.008832035158237609,1.7907136531361787,0.0005372140959408535,-0.02100851680354901
2024-08-03 16:00:00+00:00,0.007658378086474475,0.008034265999497645,1.2529597100772352,0.0003758879130231705,-0.03366268765097341
2024-08-03 20:00:00+00:00,-0.0013449543353268383,-0.0008597401593806413,1.6173805864873236,0.00048521417594619704,0.016063834741479818
2024-08-04 00:00:00+00:00,0.005944048750566971,0.006362416246330512,1.3945583192118014,0.0004183674957635404,0.0080424745351855
2024-08-04 04:00:00+00:00,-0.0036620008979172283,-0.0031034672707148533,1.8617787573412503,0.000558533627202375,-0.012288395161126486
2024-08-04 08:00:00+00:00,0.0048172073690360626,0.005125649701351352,1.0281411077176335,0.00030844233231529,0.0022306858733820044
2024-08-04 12:00:00+00:00,0.0075302698689989345,0.007962021611169925,1.4391724739033018,0.00043175174217099054,-0.03899394022931303
2024-08-04 16:00:00+00:00,0.012296650924633947,0.012811017511536826,1.7145552896762615,0.0005143665869028784,0.008232889436789563
2024-08-04 20:00:00+00:00,0.007865714677718415,0.008372455699266075,1.6891367384921971,0.0005067410215476591,-0.01655663609347972
2024-08-05 00:00:00+00:00,0.014571454258615437,0.015020247274538837,1.4959767197446627,0.0004487930159233988,-0.11745947681235522
2024-08-05 04:00:00+00:00,0.01078689643348171,0.01122256798768935,1.4522385140254697,0.0004356715542076409,-0.008672258737667037
2024-08-05 08:00:00+00:00,-0.005933337214131878,-0.005457396230777987,1.586469944512971,0.00047594098335389126,-0.04851265445416357
2024-08-05 12:00:00+00:00,0.027605101220068724,0.02796201538809165,1.1897138934097504,0.0003569141680229251,0.09321974545328185
2024-08-05 16:00:00+00:00,0.008277709212476711,0.00881602199775799,1.7943759509375927,0.0005383127852812778,-0.015255487957162766
2024-08-05 20:00:00+00:00,0.00741856175112737,0.007866862738947709,1.4943366260677968,0.000448300987820339,0.013060044279846254
2024-08-06 00:00:00+00:00,0.0038310343703482084,0.004347216702422496,1.7206077735809593,0.0005161823320742878,0.045460442629001
2024-08-06 04:00:00+00:00,-0.0036693302928883617,-0.0031911364771075794,1.593979385935942,0.0004781938157807825,0.01824450980141563
2024-08-06 08:00:00+00:00,0.0025046312231679214,0.0029101766977184607,1.3518182485017978,0.0004055454745505393,-0.026661875056922947
2024-08-06 12:00:00+00:00,-0.0041218003375315905,-0.0036250913268063255,1.6556967024175488,0.0004967090107252647,0.026433866297828446
2024-08-06 16:00:00+00:00,0.0011172334660044761,0.001467342538114441,1.1670302403665498,0.0003501090721099649,-0.0011231933052755036
2024-08-06 20:00:00+00:00,0.0025300998493053353,0.003017626160875236,1.6250877052330024,0.0004875263115699007,-0.009303770163029837
2024-08-07 00:00:00+00:00,0.0009849403319360447,0.0015102684031494615,1.7510935707113895,0.0005253280712134168,0.02096088431710848
2024-08-07 04:00:00+00:00,0.0035203184268404095,0.003994576784273773,1.580861191444546,0.0004742583574333638,-0.0006490064150552363
2024-08-07 08:00:00+00:00,0.007769328314263344,0.008305362606802917,1.7867809751319088,0.0005360342925395725,-0.0039645786249350775
2024-08-07 12:00:00+00:00,0.0031258776542230663,0.0036823537326878923,1.8549202615494194,0.0005564760784648258,-0.03080426776136489
2024-08-07 16:00:00+00:00,0.045371623474373145,0.04583300702161916,1.5379451574867127,0.00046138354724601375,-7.855443871411271e-05
2024-08-07 20:00:00+00:00,-0.016832915549477422,-0.016302541166247415,1.7679146107666948,0.0005303743832300084,0.006743637130233593
2024-08-08 00:00:00+00:00,0.009615940276984892,0.00998638066021978,1.2348012774496289,0.00037044038323488863,0.03900899351107546
2024-08-08 04:00:00+00:00,0.0022289015064100195,0.002741061373742639,1.7071995577753993,0.0005121598673326198,-0.003977437230058121
2024-08-08 08:00:00+00:00,-0.0012758186840911977,-0.0008023312238258421,1.578291534217852,0.0004734874602653556,0.0032992593247159687
2024-08-08 12:00:00+00:00,-0.0013623089171708165,-0.000965895998351652,1.3213763960638816,0.00039641291881916443,0.033444777818102914
2024-08-08 16:00:00+00:00,-0.012345984231541823,-0.011869380794224203,1.5886781243920676,0.00047660343731762024,0.007414132133364308
2024-08-08 20:00:00+00:00,-0.01184831456460877,-0.011438369435126558,1.3664837649407062,0.00040994512948221184,0.04240817548894195
2024-08-09 00:00:00+00:00,0.0001217910799492717,0.00048635642223570307,1.215217807621438,0.00036456534228643137,-0.0057092211137698915
2024-08-09 04:00:00+00:00,-0.00200221491603677,-0.0015422760657244111,1.5331295010411958,0.00045993885031235873,-0.006162494131838676
2024-08-09 08:00:00+00:00,0.003025286705522525,0.0034213249176305756,1.3201273736935024,0.00039603821210805067,-0.014205368482595753
2024-08-09 12:00:00+00:00,0.008315915570104554,0.008790622845474622,1.5823575845668938,0.0004747072753700681,-0.010265369501161218
2024-08-09 16:00:00+00:00,-0.0025823139555472435,-0.0021094096583135656,1.576347657445593,0.00047290429723367784,0.014052760647771926
2024-08-09 20:00:00+00:00,0.003077528135729089,0.0035453324420217053,1.5593476876420553,0.00046780430629261654,0.003401911844275949
2024-08-10 00:00:00+00:00,0.002158073478996364,0.002614539564339816,1.5215536178115059,0.00045646608534345175,-0.0017204181497565418
2024-08-10 04:00:00+00:00,0.0005388190928573148,0.0009661751598578306,1.424520223335053,0.00042735606700051586,0.006598982450436918
2024-08-10 08:00:00+00:00,0.004674317399437852,0.005073304868155954,1.3299582290603411,0.0003989874687181023,0.004669158943660862
2024-08-10 12:00:00+00:00,0.0019457949009502892,0.002462134019956947,1.7211303966888594,0.0005163391190066578,0.006664232314039427
2024-08-10 16:00:00+00:00,-0.005077425028172147,-0.004611701087055297,1.5524131370561673,0.00046572394111685017,0.005475390222377223
2024-08-10 20:00:00+00:00,0.0010319557619512631,0.0014649374211569692,1.4432721973523541,0.0004329816592057062,-0.004435570788318518
2024-08-11 00:00:00+00:00,-0.014962754130103543,-0.014442780114553487,1.733246718500183,0.0005199740155500548,0.007841579231584976
2024-08-11 04:00:00+00:00,0.00010271042315947203,0.00047927622575029156,1.2552193419693984,0.0003765658025908195,0.003176694158119576
2024-08-11 08:00:00+00:00,0.002356435776391608,0.002770044599418967,1.378696076757863,0.00041360882302735887,-0.01563584188766513
2024-08-11 12:00:00+00:00,0.0018198351432450396,0.002299652095015916,1.5993898392362538,0.0004798169517708761,-0.019397157106659818
2024-08-11 16:00:00+00:00,-0.0007867984435841484,-0.00036572125311964656,1.403590634881673,0.0004210771904645018,-0.01364825244652667
2024-08-11 20:00:00+00:00,-0.0024194655413951505,-0.0019415996809240927,1.5928862015701928,0.0004778658604710578,-0.01821187725892747
2024-08-12 00:00:00+00:00,0.00366214056762921,0.004037290194073503,1.250498754814309,0.0003751496264442927,0.01094182151561945
2024-08-12 04:00:00+00:00,0.00407479719070103,0.004604181157848497,1.764613223824889,0.0005293839671474666,0.006547244475549807
2024-08-12 08:00:00+00:00,0.016721405557667067,0.017156996363636004,1.4519693532297868,0.000435590805968936,0.046065341038318455
2024-08-12 12:00:00+00:00,-0.010050910677351277,-0.009578190214547727,1.5757348760118335,0.00047272046280355003,-0.0025506577566928508
2024-08-12 16:00:00+00:00,0.005969064473755145,0.006319627727993793,1.1685441807954955,0.0003505632542386486,-0.01634584499615413
2024-08-12 20:00:00+00:00,-0.004757879067904881,-0.0043142121970713545,1.4788895694450885,0.0004436668708335265,0.011835635059561906
2024-08-13 00:00:00+00:00,4.680251277419786e-06,0.0004001221715018017,1.318139734081273,0.0003954419202243819,-0.018574166508842915
2024-08-13 04:00:00+00:00,0.0010603355415221413,0.0015432558660259067,1.6097344150125514,0.0004829203245037654,0.004175986453903334
2024-08-13 08:00:00+00:00,-0.0028976558527448993,-0.0025208732249362986,1.255942092695335,0.0003767826278086005,-0.009965646300887816
2024-08-13 12:00:00+00:00,0.012131594009976923,0.01249621853280017,1.215415076077494,0.00036462452282324815,0.00689162517286319
2024-08-13 16:00:00+00:00,-0.01734045024481884,-0.01676857840546153,1.9062394645243528,0.0005718718393573058,0.021625770475253277
2024-08-13 20:00:00+00:00,0.007535809751409805,0.007909756402825334,1.2464888380517636,0.00037394665141552905,-0.0022902718504378807
2024-08-14 00:00:00+00:00,0.0007697450863026853,0.001304584779785354,1.7827989782755627,0.0005348396934826687,-0.00223297619236807
2024-08-14 04:00:00+00:00,0.00018718347471634046,0.0006677230452865165,1.6017985685672536,0.000480539570570176,-0.0010385229944798507
2024-08-14 08:00:00+00:00,-0.004533916101820737,-0.004125952396557582,1.3598790175438493,0.00040796370526315474,0.0007437458308025264
2024-08-14 12:00:00+00:00,0.0008286301115071639,0.0012186719087079946,1.3001393240027692,0.00039004179720083073,-0.014325037700162972
2024-08-14 16:00:00+00:00,0.0017307926924649685,0.0021195325676628576,1.295799583992964,0.00038873987519788913,-0.010160015914186093
2024-08-14 20:00:00+00:00,0.0020954471272254557,0.002527630867832164,1.4406124686890287,0.00043218374060670855,0.004851464121402686
2024-08-15 00:00:00+00:00,0.006204170882146004,0.00658883450713248,1.2822120832882546,0.00038466362498647635,0.0007280299046969245
2024-08-15 04:00:00+00:00,-0.0017730985202933436,-0.0012887969443121916,1.6143385866038404,0.00048430157598115207,-0.01148512796683488
2024-08-15 08:00:00+00:00,0.001948128583941453,0.0024018200779406564,1.5123049799973443,0.00045369149399920324,0.004864539920680242
2024-08-15 12:00:00+00:00,-0.0014985705971650408,-0.0009928925090121297,1.6855936271763707,0.0005056780881529112,0.0031831417908039683
2024-08-15 16:00:00+00:00,0.007273261814505157,0.007668305439918607,1.3168120847114992,0.00039504362541344974,-0.039480078389327024
2024-08-15 20:00:00+00:00,0.0037113451510568793,0.0042517543889584,1.8013641263384028,0.0005404092379015208,0.00561070969332933
2024-08-16 00:00:00+00:00,0.004951961474690017,0.005469500075145237,1.7251286681840667,0.00051753860045522,0.002232896040214783
2024-08-16 04:00:00+00:00,0.006981320090478245,0.007545870563535518,1.881834910190912,0.0005645504730572735,0.014636510958378786
2024-08-16 08:00:00+00:00,-0.005882416710563295,-0.0053627573682557324,1.7321978076918763,0.0005196593423075628,-0.009067487856400148
2024-08-16 12:00:00+00:00,-0.00129280196305922,-0.0009467069576450154,1.1536500180473486,0.00034609500541420455,-0.024761271203187215
2024-08-16 16:00:00+00:00,0.0036813621244501738,0.004072011632261288,1.3021650260370474,0.0003906495078111142,0.02092397156183561
2024-08-16 20:00:00+00:00,0.00025109975087530124,0.0007423109026543898,1.6373705059302952,0.0004912111517790885,-0.004385214255339096
2024-08-17 00:00:00+00:00,-0.0011662344477855375,-0.0007337014486980811,1.4417766636248548,0.0004325329990874564,-0.0017165676494764813
2024-08-17 04:00:00+00:00,0.0037362948453036277,0.004171835783090043,1.4518031259547175,0.0004355409377864152,0.00240837683652945
2024-08-17 08:00:00+00:00,0.0005209708817726934,0.001042264215771031,1.7376444466611254,0.0005212933339983376,0.0007933053412954485
2024-08-17 12:00:00+00:00,0.0025477530499983182,0.0029987938094045014,1.5034691980206107,0.00045104075940618317,0.005585330558416146
2024-08-17 16:00:00+00:00,-0.0055110460840384744,-0.005021676011770001,1.6312335742282447,0.0004893700722684734,0.0027118120002034155
2024-08-17 20:00:00+00:00,0.0019152228940557637,0.0022435602654236287,1.0944579045595502,0.000328337371367865,0.0032927008046860023
2024-08-18 00:00:00+00:00,-0.0005945341860160562,-0.00020415643340661286,1.301259175364811,0.00039037775260944327,-0.0004125548583469683
2024-08-18 04:00:00+00:00,0.0008252436933181092,0.0012398953533554803,1.3821722001245702,0.00041465166003737104,0.0014274272555866113
2024-08-18 08:00:00+00:00,0.012572300516797825,0.013049532252929642,1.5907724537727206,0.00047723173613181615,0.0074896070954552476
2024-08-18 12:00:00+00:00,-0.001864687547418384,-0.0013001603542339662,1.8817573106147263,0.0005645271931844178,0.004276887242184054
2024-08-18 16:00:00+00:00,0.0011999243389936584,0.0015499241408117852,1.1666660060604224,0.0003499998018181267,0.00018466581238870747
2024-08-18 20:00:00+00:00,0.006816160011784253,0.007229982300135957,1.3794076278390122,0.0004138222883517036,-0.015113370721965502
2024-08-19 00:00:00+00:00,0.0008321536307170609,0.00132747386059676,1.6510674329323303,0.000495320229879699,0.0060090185443468
2024-08-19 04:00:00+00:00,0.002315831964361079,0.0027464012574304167,1.4352309768977929,0.00043056929306933784,-0.002756056143980981
2024-08-19 08:00:00+00:00,-0.0028714406755554994,-0.0023903693224653954,1.6035711769670142,0.0004810713530901042,-0.0008311954553724622
2024-08-19 12:00:00+00:00,0.011010824673005322,0.011418046090020059,1.3574047233824569,0.000407221417014737,0.004751713230501576
2024-08-19 16:00:00+00:00,0.004504912797767835,0.004966721256996948,1.5393615307637099,0.00046180845922911293,0.010146960814178933
2024-08-19 20:00:00+00:00,0.0013934430865300716,0.0018354619151078862,1.4733960952593823,0.00044201882857781467,0.006720374787928947
2024-08-20 00:00:00+00:00,0.0019252914128940208,0.0023640315245822842,1.4624670389608783,0.0004387401116882634,0.016525617537271116
2024-08-20 04:00:00+00:00,0.0015733320663564657,0.0020479032267912752,1.5819038681160316,0.00047457116043480945,0.008015920408975533
2024-08-20 08:00:00+00:00,0.002833507025756672,0.0033538923797631513,1.7346178466882645,0.0005203853540064792,-0.007642823816685958
2024-08-20 12:00:00+00:00,1.3400475971037866e-05,0.0005155492841120948,1.6738293604701897,0.0005021488081410569,-0.015438005987659705
2024-08-20 16:00:00+00:00,-5.099798101350529e-05,0.00034938130219438476,1.334597610692967,0.00040037928320789005,0.012361058771643134
2024-08-20 20:00:00+00:00,0.0018209091315453997,0.0022489852506439377,1.4269203969951265,0.00042807611909853794,-0.004096413632561165
2024-08-21 00:00:00+00:00,0.00300965931235716,0.0035199443182166146,1.7009500195315155,0.0005102850058594546,0.006180774287111077
2024-08-21 04:00:00+00:00,-0.002910296452336715,-0.0024233579691323296,1.6231282773479514,0.0004869384832043854,0.0059317116906282205
2024-08-21 08:00:00+00:00,0.00038445520271348556,0.0007960256435438609,1.3719014694345846,0.00041157044083037534,-0.005657272432091837
2024-08-21 12:00:00+00:00,0.0011178232452750145,0.0015239975285578147,1.353914277609334,0.0004061742832828002,0.0009679187886064765
2024-08-21 16:00:00+00:00,-0.008026381043953519,-0.007556428225178696,1.5665093959160792,0.0004699528187748237,0.03330046130189642
2024-08-21 20:00:00+00:00,-0.0024073959753934796,-0.0020849785746322046,1.0747246692042498,0.0003224174007612749,-0.002935648876344487
2024-08-22 00:00:00+00:00,-0.0039012848458486876,-0.0035552259476679536,1.1535296606024463,0.0003460588981807339,-0.0023572909425526524
2024-08-22 04:00:00+00:00,0.007708226917622284,0.008066961366298116,1.1957814955861055,0.0003587344486758316,0.005896375506666074
2024-08-22 08:00:00+00:00,-0.00030444237994275514,0.0002671631593043174,1.905351797490242,0.0005716055392470725,0.0042375293589374235
2024-08-22 12:00:00+00:00,0.008020477846614252,0.00843023114565999,1.3658443301524614,0.00040975329904573837,-0.004312896419500356
2024-08-22 16:00:00+00:00,0.00326846629989006,0.0038264553193612352,1.8599633982372503,0.000557989019471175,0.0006991072093237963
2024-08-22 20:00:00+00:00,0.006169253446393789,0.006632995377840184,1.5458064381546508,0.0004637419314463952,0.009802833394613571
2024-08-23 00:00:00+00:00,-0.007669160387691435,-0.007166899181196641,1.6742040216493133,0.000502261206494794,0.009888243850144751
2024-08-23 04:00:00+00:00,0.008201465564860103,0.008517513783449166,1.0534940619635407,0.0003160482185890622,0.00970133287901912
2024-08-23 08:00:00+00:00,0.0032391673443549576,0.0036892560530960477,1.5002956958036342,0.0004500887087410902,-0.0010307322097988922
2024-08-23 12:00:00+00:00,-0.00857548831311566,-0.008127000386912388,1.494959754010903,0.00044848792620327083,0.017664356808342812
2024-08-23 16:00:00+00:00,-0.0026496239835606334,-0.0022708109298622734,1.2627101789945328,0.0003788130536983598,0.021479050342560983
2024-08-23 20:00:00+00:00,-0.0009731492673229396,-0.0005557220824631767,1.3914239495325431,0.0004174271848597629,0.007112329155837469
2024-08-24 00:00:00+00:00,-0.0023288024900650563,-0.0019408442734810643,1.2931940552799728,0.0003879582165839918,-0.005682105332696981
2024-08-24 04:00:00+00:00,0.004048852939582428,0.004465258506792363,1.3880185573664499,0.0004164055672099349,0.0032141178160885364
2024-08-24 08:00:00+00:00,0.0010869509255435983,0.0015100763179536872,1.4104179747002967,0.00042312539241008896,0.008937835778949283
2024-08-24 12:00:00+00:00,-0.004521344881746382,-0.004113450872446426,1.3596466976665174,0.0004078940092999552,0.007436234429855487
2024-08-24 16:00:00+00:00,-0.004431671100788223,-0.004191886696852122,0.799281346453672,0.00023978440393610157,0.016624614505982405
2024-08-24 20:00:00+00:00,0.003405981117993571,0.003791886424025184,1.2863510201053763,0.00038590530603161284,-0.014827782703571168
2024-08-25 00:00:00+00:00,0.0008639522238289484,0.0014563348348339761,1.9746087033500925,0.0005923826110050277,-0.01567430082052558
2024-08-25 04:00:00+00:00,-0.0025987301398018607,-0.0021472934726730133,1.5047888904294906,0.00045143666712884717,-0.02039417298527725
2024-08-25 08:00:00+00:00,0.0005536384808962583,0.0008314478560545591,0.9260312505276691,0.0002778093751583007,0.010638294076562138
2024-08-25 12:00:00+00:00,-0.0047082361275374365,-0.004243073158464951,1.5505432302416167,0.00046516296907248494,0.006838767843625464
2024-08-25 16:00:00+00:00,-0.0015942692869695574,-0.0012635549163251963,1.102381235481204,0.00033071437064436114,2.6484586559588304e-05
2024-08-25 20:00:00+00:00,0.0033217408485195035,0.003730457077363196,1.362387429478975,0.00040871622884369247,-0.003474173608699067
2024-08-26 00:00:00+00:00,0.0005905236851273574,0.001127726690700279,1.790676685243072,0.0005372030055729216,-0.0031958171471221505
2024-08-26 04:00:00+00:00,0.0010435695418550353,0.0014825533222828139,1.4632792680925955,0.0004389837804277786,-0.004885685871858192
2024-08-26 08:00:00+00:00,0.00043051954140557004,0.0008899626086318714,1.531476890754338,0.0004594430672263013,0.001944978536687135
2024-08-26 12:00:00+00:00,0.00474072872104704,0.005175538435460644,1.4493657147120114,0.0004348097144136034,-0.01161721440869271
2024-08-26 16:00:00+00:00,0.004050498023396879,0.004608173298752177,1.8589175845176604,0.0005576752753552981,-0.014792217774293456
2024-08-26 20:00:00+00:00,0.0012457359510871808,0.0017052504468564086,1.5317149858974266,0.0004595144957692279,-0.0044911247273946115
2024-08-27 00:00:00+00:00,0.00121519652333342,0.0016867049648275688,1.5716948049804962,0.0004715084414941488,0.009030769826985592
2024-08-27 04:00:00+00:00,0.004543240000517779,0.004982935583448287,1.4656519431016943,0.00043969558293050826,0.001777423930161337
2024-08-27 08:00:00+00:00,-0.0004566266888193739,-8.24404844052817e-09,1.522061482569778,0.00045661844477093335,-0.02020977268299579
2024-08-27 12:00:00+00:00,-0.005602742579996959,-0.005067836968290164,1.7830187056893174,0.0005349056117067952,-0.003695397120545027
2024-08-27 16:00:00+00:00,0.010372474719568934,0.010695341737618018,1.0762233934969447,0.0003228670180490834,0.0038924875227600835
2024-08-27 20:00:00+00:00,0.008719866705814336,0.009238943258746945,1.7302551764420298,0.0005190765529326089,-0.05007021026837257
2024-08-28 00:00:00+00:00,-0.00096888392291434,-0.00048048313433082286,1.6280026286117237,0.0004884007885835171,0.0025549066344397104
2024-08-28 04:00:00+00:00,-0.0003399871712313461,0.00013860356978863953,1.5953024700666187,0.0004785907410199856,-0.017214933180916478
2024-08-28 08:00:00+00:00,0.0026222958098200836,0.0030630919484650257,1.4693204621498066,0.00044079613864494196,0.030023905600539594
2024-08-28 12:00:00+00:00,0.00218535972212815,0.0025850207305052712,1.3322033612570712,0.0003996610083771213,-0.02025649405668087
2024-08-28 16:00:00+00:00,0.01005963754468524,0.010488228617448985,1.4286369092124875,0.00042859107276374623,6.209455944994335e-05
2024-08-28 20:00:00+00:00,0.0034433891793683603,0.003961822000391246,1.7281094034096212,0.0005184328210228863,-0.0017986284508322685
2024-08-29 00:00:00+00:00,0.0006312257755633648,0.0011119852624385611,1.6025316229173212,0.00048075948687519634,0.0022328864080588345
2024-08-29 04:00:00+00:00,0.008785477825975628,0.00927869457250396,1.6440558217611032,0.0004932167465283309,0.007901499791552668
2024-08-29 08:00:00+00:00,-0.0025898765097108123,-0.0020293885552161244,1.8682931816489605,0.0005604879544946881,0.006788628538571121
2024-08-29 12:00:00+00:00,0.002842210878733046,0.0033017427927802575,1.5317730468240391,0.00045953191404721173,0.00734906901015549
2024-08-29 16:00:00+00:00,0.003918131044437222,0.004410145433089867,1.6400479621754827,0.0004920143886526447,-0.03383836523568599
2024-08-29 20:00:00+00:00,0.0009706095916077338,0.0014010766801361885,1.4348902950948492,0.0004304670885284547,0.0003811817971551965
2024-08-30 00:00:00+00:00,0.0034824393086402136,0.003911079487463595,1.4288005960779393,0.00042864017882338176,-0.002012885580864184
2024-08-30 04:00:00+00:00,6.356720686428693e-05,0.0006012080287734296,1.7921360730304758,0.0005376408219091427,0.007704678606169093
2024-08-30 08:00:00+00:00,0.002683062785512858,0.0030819232747518154,1.3295349641298593,0.00039886048923895774,-0.004549344338672183
2024-08-30 12:00:00+00:00,-0.00839176134877938,-0.007882340487111153,1.698069538894086,0.0005094208616682258,-0.0371940956965353
2024-08-30 16:00:00+00:00,0.004072834164029384,0.004379114186102938,1.0209334069118456,0.0003062800220735537,0.030810351685496076
2024-08-30 20:00:00+00:00,-0.0017050847716698141,-0.0011607989683730766,1.8142860109891252,0.0005442858032967375,0.010339718693235434
2024-08-31 00:00:00+00:00,0.003840068856354661,0.004220464577705059,1.2679857378346615,0.0003803957213503984,-0.0002431737156803958
2024-08-31 04:00:00+00:00,0.0009445537877728339,0.0014604530684851364,1.7196642690410082,0.0005158992807123025,0.0004956459536637122
2024-08-31 08:00:00+00:00,-0.0013746129013203917,-0.0008770026718772419,1.6587007648104994,0.0004976102294431498,-0.003108532036333701
2024-08-31 12:00:00+00:00,-0.0020912437314744626,-0.0016332375751079782,1.5266871878882815,0.00045800615636648444,-0.004814207338197139
2024-08-31 16:00:00+00:00,0.004693206635864504,0.005061812172601486,1.2286851224566049,0.00036860553673698145,-0.007905759346958514
2024-08-31 20:00:00+00:00,0.0025988087545023644,0.003036291356210693,1.458275339027761,0.00043748260170832823,0.0009615874745061491
2024-09-01 00:00:00+00:00,0.0029614886549079243,0.003514334358383048,1.8428190115837466,0.0005528457034751239,-0.00710437833559512
2024-09-01 04:00:00+00:00,-0.0012192222117009732,-0.0006809277879986571,1.7943147456743873,0.0005382944237023161,-0.005756883221854316
2024-09-01 08:00:00+00:00,0.0020760035278191966,0.0024919422612542466,1.3864624447834997,0.00041593873343504986,-0.004982645067247908
2024-09-01 12:00:00+00:00,0.0033874834587298446,0.003859688731408504,1.574017575595531,0.0004722052726786593,0.001586987269393691
2024-09-01 16:00:00+00:00,0.0027243838721182296,0.0031947884848779777,1.5680153758658275,0.0004704046127597482,0.0026669766293528647
2024-09-01 20:00:00+00:00,-0.001155263975689792,-0.0006560939940268998,1.6638999388763078,0.0004991699816628923,-0.03118725564817216
2024-09-02 00:00:00+00:00,0.010219731898181792,0.010673213227354192,1.511604430574666,0.0004534813291723998,0.0058238769646121995
2024-09-02 04:00:00+00:00,0.014661096081485418,0.015167859315470798,1.689210779951268,0.0005067632339853804,-0.008170877575280552
2024-09-02 08:00:00+00:00,0.006201681176493708,0.006707782902128799,1.68700575211697,0.000506101725635091,0.02722333886304016
2024-09-02 12:00:00+00:00,-0.00581645802150308,-0.005336267829906878,1.6006339719873404,0.0004801901915962021,-0.003707740159707468
2024-09-02 16:00:00+00:00,-0.0010607636217078661,-0.0006478922245173179,1.3762379906351607,0.0004128713971905482,0.0012452746867123753
2024-09-02 20:00:00+00:00,0.0032053515766276115,0.0036504453269763587,1.483645834495825,0.00044509375034874747,0.013608395888321563
2024-09-03 00:00:00+00:00,-0.005592922640647024,-0.005134790307711915,1.527107776450363,0.0004581323329351089,0.0031367491860632537
2024-09-03 04:00:00+00:00,0.0030202199891725197,0.0034509490172582387,1.4357634269523971,0.0004307290280857191,-0.0023502217280020397
2024-09-03 08:00:00+00:00,-0.002762500751202241,-0.0023099604376521105,1.5084677118337677,0.0004525403135501303,-0.002720480924618825
2024-09-03 12:00:00+00:00,-0.003273643134402202,-0.002872458054892385,1.3372835983660576,0.0004011850795098172,-0.02813103345779913
2024-09-03 16:00:00+00:00,0.011118372269041969,0.011488131269668158,1.2325300020872996,0.00036975900062618985,0.005077737700153693
2024-09-03 20:00:00+00:00,0.005672115756829244,0.006196890050652306,1.7492476460768729,0.0005247742938230618,-0.014659141951449154
2024-09-04 00:00:00+00:00,0.006188072254659201,0.0067338615929352155,1.8192977942533817,0.0005457893382760145,-0.006458175232669189
2024-09-04 04:00:00+00:00,-0.0007718019060360601,-0.0003060564436947429,1.5524848744710573,0.00046574546234131713,0.005579693378519079
2024-09-04 08:00:00+00:00,-0.002161368543966189,-0.0017599006621031497,1.3382262728767969,0.000401467881863039,-0.009868357164194697
2024-09-04 12:00:00+00:00,0.0041854478939907964,0.0046003291054225025,1.3829373714390218,0.00041488121143170653,0.026304057163863224
2024-09-04 16:00:00+00:00,0.0017582388489524154,0.002266337431706783,1.6936619425145587,0.0005080985827543676,-0.007607709613916364
2024-09-04 20:00:00+00:00,0.0030586129359241603,0.0035850038167239626,1.754636269332675,0.0005263908807998024,0.0005208077739638397
2024-09-05 00:00:00+00:00,0.0016810027162379294,0.002184703230696211,1.6790017148609384,0.0005037005144582815,-0.012935634563807575
2024-09-05 04:00:00+00:00,0.0005359134442802051,0.0010311829380396714,1.6508983125315544,0.0004952694937594663,0.007695857510652578
2024-09-05 08:00:00+00:00,0.002150892722518676,0.002596943960604227,1.4868374602851693,0.0004460512380855507,-0.004943512100885303
2024-09-05 12:00:00+00:00,-0.006434184219541891,-0.006055430456568561,1.2625125432444317,0.0003787537629733295,-0.01056126459338452
2024-09-05 16:00:00+00:00,0.01041220953735593,0.010738022809833566,1.0860442415921263,0.0003258132724776379,-0.004529530644166482
2024-09-05 20:00:00+00:00,0.004901048966431858,0.005374136493905622,1.576958424912547,0.00047308752747376407,0.004435976383507103
2024-09-06 00:00:00+00:00,0.0020304573271361518,0.0025183288500858062,1.6262384098321814,0.00048787152294965436,0.012378522811067667
2024-09-06 04:00:00+00:00,-0.0037987275590466124,-0.0032518082666053594,1.8230643081375095,0.0005469192924412528,-0.0170761686313623
2024-09-06 08:00:00+00:00,-0.0003065786885406545,1.8656137553139268e-05,1.0841160869793127,0.0003252348260937938,0.0036698664141487404
2024-09-06 12:00:00+00:00,0.00464946841905529,0.005146246681343043,1.6559275409591763,0.0004967782622877528,-0.009270679257040993
2024-09-06 16:00:00+00:00,-6.752399905361609e-05,0.00039105426618323415,1.5285942174561675,0.00045857826523685024,-0.0178793714383515
2024-09-06 20:00:00+00:00,0.00030766052461023656,0.000649358036033809,1.1389917047452416,0.00034169751142357246,-0.0002572901008204613
2024-09-07 00:00:00+00:00,0.011309245581511472,0.01173018643114998,1.4031361654616978,0.0004209408496385093,0.005855834007377952
2024-09-07 04:00:00+00:00,0.0006351332188494454,0.001142881394691075,1.6924939194720992,0.0005077481758416297,0.021537669597740585
2024-09-07 08:00:00+00:00,0.0005653446456723634,0.0010168073956893576,1.5048758333899808,0.00045146275001699417,-0.0009012482588245843
2024-09-07 12:00:00+00:00,0.0008660193372218315,0.0012386154512064164,1.2419870466152831,0.0003725961139845849,0.009377792394544518
2024-09-07 16:00:00+00:00,0.003261643092430458,0.003677487320905505,1.386147428250157,0.00041584422847504705,0.0001225740985734528
2024-09-07 20:00:00+00:00,0.007782032620617645,0.008213223664979228,1.4373034812052778,0.0004311910443615833,-0.008075763700405962
2024-09-08 00:00:00+00:00,0.002955210653550778,0.0034600201140832384,1.6826982017748686,0.0005048094605324605,0.010164328525314752
2024-09-08 04:00:00+00:00,-0.001785349723646354,-0.0013271539130175036,1.5273193687628352,0.00045819581062885056,0.012007259285177665
2024-09-08 08:00:00+00:00,-6.44312149094766e-05,0.0003505449718700191,1.3832539559316523,0.0004149761867794957,0.003085218664729452
2024-09-08 12:00:00+00:00,0.0009664516742060739,0.001407317184292824,1.4695517002891672,0.0004408655100867501,-0.017179931503376704
2024-09-08 16:00:00+00:00,-9.57557846912692e-05,0.000387067797177862,1.609411939563771,0.00048282358186913123,0.008935299916243892
2024-09-08 20:00:00+00:00,0.00023468968647994575,0.0007245137911160801,1.632747015453781,0.0004898241046361343,0.008322863887587779
2024-09-09 00:00:00+00:00,-0.0026220168935775154,-0.002172589671900665,1.4980907389228355,0.0004494272216768506,0.004690007371872137
2024-09-09 04:00:00+00:00,-0.001506698567571789,-0.001071850971319951,1.4494919875061265,0.0004348475962518379,0.003632078476129171
2024-09-09 08:00:00+00:00,0.006934059088310282,0.007362647352293349,1.4286275466102225,0.0004285882639830667,0.002088049991054523
2024-09-09 12:00:00+00:00,0.005632159548332643,0.006146648676238587,1.7149637596864804,0.0005144891279059441,-0.0007317716520745957
2024-09-09 16:00:00+00:00,0.0035092416133053563,0.003991408905338782,1.6072243067780867,0.00048216729203342596,0.030054465440667158
2024-09-09 20:00:00+00:00,-0.0014530445824247238,-0.0010752085583674651,1.2594534135241955,0.0003778360240572586,-0.0010424381376334163
2024-09-10 00:00:00+00:00,-0.0005686999593248073,-0.00015196947411840302,1.389101617354681,0.0004167304852064043,-0.011429071029931914
2024-09-10 04:00:00+00:00,-0.0008340507734418099,-0.00043064845037246746,1.3446744102311414,0.0004034023230693424,0.005849567481555472
2024-09-10 08:00:00+00:00,0.00046163168839858743,0.0009022073519863595,1.4685855452925736,0.00044057566358777204,0.005551307895343586
2024-09-10 12:00:00+00:00,-4.5596642260564734e-05,0.00042012620047392896,1.5524094757816458,0.0004657228427344937,-0.007118734214244523
2024-09-10 16:00:00+00:00,0.001583209776891312,0.0020324021737531534,1.4973079895394712,0.0004491923968618413,0.01356547340010565
2024-09-10 20:00:00+00:00,-0.00036064428459689366,0.00011766433010359861,1.594362049001641,0.00047830861470049226,-0.002102382155905048
2024-09-11 00:00:00+00:00,-0.002128467476194095,-0.0017077072232406722,1.4025341765114108,0.0004207602529534232,-0.014455170852199143
2024-09-11 04:00:00+00:00,0.005147890428983782,0.005637249930112616,1.631198337096113,0.0004893595011288338,-0.00463435630881431
2024-09-11 08:00:00+00:00,-0.0004052321695937372,6.397733370397526e-05,1.5640316776590417,0.0004692095032977125,-0.0047581906855441135
2024-09-11 12:00:00+00:00,0.0022029096986770085,0.002617686071779146,1.382587910340459,0.0004147763731021377,-0.0001964808108855961
2024-09-11 16:00:00+00:00,0.0038559900940625894,0.004316879098865086,1.5362966826749893,0.00046088900480249675,0.010491767064331603
2024-09-11 20:00:00+00:00,-0.0005720327672867477,-9.408759826379568e-05,1.5931505634098404,0.00047794516902295207,0.0006410874883922002
2024-09-12 00:00:00+00:00,-0.005772484454833319,-0.0053303793498448715,1.4736836832948244,0.0004421051049884473,0.01722653528580358
2024-09-12 04:00:00+00:00,-0.003780154495389207,-0.0033420568232447327,1.4603255738149148,0.0004380976721444744,0.0008471731544693345
2024-09-12 08:00:00+00:00,-0.0018850312582109974,-0.0014570931064541777,1.4264605058560655,0.0004279381517568196,0.0007471231039634227
2024-09-12 12:00:00+00:00,0.004453915446297929,0.004850482459872236,1.3218900452476905,0.0003965670135743071,-0.005655543803052071
2024-09-12 16:00:00+00:00,0.003262614960658984,0.0038039537776251623,1.8044627232205954,0.0005413388169661786,0.009427868089293164
2024-09-12 20:00:00+00:00,0.003224858072405538,0.003777105371174403,1.8408243292295514,0.0005522472987688654,0.003210633943421536
2024-09-13 00:00:00+00:00,0.0018616132882138298,0.0023411779365956464,1.5985488279393891,0.0004795646483818167,-0.001533810425118086
2024-09-13 04:00:00+00:00,0.0017499091740050265,0.00221628872550752,1.5545985050083113,0.00046637955150249336,-0.0032032375152629884
2024-09-13 08:00:00+00:00,3.667020618446586e-05,0.000522933798390608,1.6208786406871407,0.00048626359220614216,0.005116602006506275
2024-09-13 12:00:00+00:00,-0.005855835734529896,-0.005359891198289329,1.6531484541352248,0.0004959445362405674,0.02555672908954998
2024-09-13 16:00:00+00:00,0.0022097436118674787,0.0025475730011135594,1.126097964153602,0.00033782938924608057,-0.002357255878908958
2024-09-13 20:00:00+00:00,0.0009724637425066384,0.0014733194762927742,1.6695191126204527,0.0005008557337861357,0.0047732479068223
2024-09-14 00:00:00+00:00,0.0026724008519722086,0.0031499697326090037,1.5918962687893168,0.000477568880636795,0.003211718475744053
2024-09-14 04:00:00+00:00,0.0008518238413248132,0.0013375354234309877,1.6190386070205816,0.0004857115821061744,-0.007871071684526257
2024-09-14 08:00:00+00:00,-0.00015827913955770203,0.0003052179105113023,1.5449901668966812,0.00046349705006900433,-0.0074832433419914305
2024-09-14 12:00:00+00:00,0.0009472441507996524,0.001384749306563228,1.4583505192119188,0.00043750515576357563,0.007373251197434522
2024-09-14 16:00:00+00:00,-0.0004996300797336303,-4.3871086544774996e-05,1.5191966439628513,0.00045575899318885533,-0.004526300478859628
2024-09-14 20:00:00+00:00,-0.0024497741063858624,-0.0020408810239557766,1.3629769414336197,0.0004088930824300859,0.0038528835055252814
2024-09-15 00:00:00+00:00,-0.003450388103357545,-0.003158525181543215,0.9728764060477667,0.00029186292181433,0.004660129369889256
2024-09-15 04:00:00+00:00,0.00035883975848252723,0.0007225021456647154,1.2122079572739606,0.00036366238718218817,-0.0031525864224753223
2024-09-15 08:00:00+00:00,0.0010799352420591897,0.0015496586451622777,1.5657446770102936,0.00046972340310308803,-0.003751975919750856
2024-09-15 12:00:00+00:00,0.00028962876216653334,0.0007327792124398213,1.4771681675776267,0.00044315045027328796,0.0018222466533205361
2024-09-15 16:00:00+00:00,-0.0012887019011425384,-0.00088125740296902,1.3581483272450612,0.0004074444981735183,-0.008394358292415005
2024-09-15 20:00:00+00:00,0.00790998387592873,0.008317095027837961,1.3570371730307706,0.00040711115190923116,-0.022969733709716972
2024-09-16 00:00:00+00:00,-0.0020374997388141794,-0.0015789235337979946,1.5285873500539497,0.0004585762050161849,-0.014463235635086428
2024-09-16 04:00:00+00:00,-6.479060017425319e-06,0.00044040377501540235,1.4896094501094257,0.00044688283503282767,0.011163617207134338
2024-09-16 08:00:00+00:00,0.0012608436242513704,0.001778010510182938,1.7238896197718918,0.0005171668859315675,-0.005483427786218235
2024-09-16 12:00:00+00:00,-0.0005066610811304112,-8.105559559077994e-05,1.4186849517987712,0.0004256054855396313,-0.009971806482009656
2024-09-16 16:00:00+00:00,-0.002946671294846119,-0.002583235123893456,1.211453903175544,0.0003634361709526632,-0.00034315831761535257
2024-09-16 20:00:00+00:00,0.003554251763209891,0.003968094174079133,1.3794747028974732,0.00041384241086924194,0.0003411755166884085
2024-09-17 00:00:00+00:00,0.0003491966718804243,0.0008707759129850604,1.7385974703487874,0.0005215792411046361,0.0013142020067193306
2024-09-17 04:00:00+00:00,-0.0021976076483797027,-0.001731164778066055,1.5548095677121592,0.0004664428703136477,0.010032921368840486
2024-09-17 08:00:00+00:00,-0.010573877824812276,-0.010149133340075354,1.415814949123071,0.00042474448473692124,0.0051723266276554325
2024-09-17 12:00:00+00:00,0.009557915677372051,0.009873705439315903,1.0526325398128402,0.00031578976194385206,0.01984302410415907
2024-09-17 16:00:00+00:00,0.0018323015866950753,0.0022439404116985917,1.3721294166783882,0.00041163882500351644,-0.016168746350788164
2024-09-17 20:00:00+00:00,8.791769163293665e-05,0.0006236747777562205,1.7858569537442794,0.0005357570861232838,0.0008226757374166456
2024-09-18 00:00:00+00:00,-0.005955955539322303,-0.005459760132631997,1.6539846889676868,0.0004961954066903059,0.003981141057592449
2024-09-18 04:00:00+00:00,0.0020408416508101383,0.002292656487206234,0.8393827879869855,0.0002518148363960956,-0.004316353065293145
2024-09-18 08:00:00+00:00,0.002067939732314485,0.002553389858134729,1.6181670860674806,0.00048545012582024415,-0.013487013586737828
2024-09-18 12:00:00+00:00,0.0019454466070955418,0.002461222811078295,1.7192540132758443,0.0005157762039827532,-0.008396031993894663
2024-09-18 16:00:00+00:00,0.0009538853480830931,0.0014664692920978593,1.7086131467158878,0.0005125839440147663,0.02219677823738162
2024-09-18 20:00:00+00:00,-0.0027870836271001453,-0.002300799811527595,1.620946051908501,0.00048628381557255026,0.029950378986658265
2024-09-19 00:00:00+00:00,-0.007852153313212302,-0.007526407281519521,1.0858201056426033,0.00032574603169278096,0.02447145638240853
2024-09-19 04:00:00+00:00,-0.0016790739426113244,-0.0013616348411682752,1.0581303381434974,0.0003174391014430492,0.00292701259160662
2024-09-19 08:00:00+00:00,-0.0006022036361720711,-0.00022292326716602255,1.2642678966868286,0.00037928036900604855,-0.0005701531120826516
2024-09-19 12:00:00+00:00,-0.003923473816899813,-0.0034883968991112116,1.4502563926286713,0.00043507691778860136,0.011041471107071791
2024-09-19 16:00:00+00:00,0.0006546170603067554,0.0010493541482949832,1.315790293294093,0.00039473708798822785,0.007234089341917552
2024-09-19 20:00:00+00:00,-0.00018456088397968205,0.00027317867806724277,1.5257985401564162,0.0004577395620469248,-0.0046837188372805426
2024-09-20 00:00:00+00:00,-0.005515084404482497,-0.00505947020711275,1.5187139912324907,0.0004556141973697472,0.016051268631224375
2024-09-20 04:00:00+00:00,0.00022086037989869938,0.000525535844664395,1.0155848825523188,0.0003046754647656956,0.01893423656705607
2024-09-20 08:00:00+00:00,-0.0017488003781444693,-0.0013762822542589845,1.2417270796182833,0.00037251812388548495,-0.00387325733889675
2024-09-20 12:00:00+00:00,0.010925604816646669,0.011358178877848154,1.4419135373382832,0.00043257406120148493,-0.011055236254531597
2024-09-20 16:00:00+00:00,0.0008112560987735376,0.0013555626496533804,1.8143551695994762,0.0005443065508798428,-0.00015966411364362772
2024-09-20 20:00:00+00:00,0.0019474147931936526,0.002428807236687919,1.6046414783142218,0.0004813924434942665,0.0032208268994893263
2024-09-21 00:00:00+00:00,0.0028605126753763533,0.0033362657645841566,1.5858436306926775,0.00047575308920780324,-0.005960203178987842
2024-09-21 04:00:00+00:00,-0.0003850912726431597,9.896580191701013e-05,1.6135235818672329,0.0004840570745601698,0.005797105986892726
2024-09-21 08:00:00+00:00,0.0014290295170604054,0.0018215526139575328,1.308410322990425,0.00039252309689712746,0.006235769787507676
2024-09-21 12:00:00+00:00,-0.011659577970156093,-0.011192882126888942,1.555652810890507,0.00046669584326715206,0.015624426902910974
2024-09-21 16:00:00+00:00,-0.0015067288243296876,-0.0011889035023318394,1.0594177399928275,0.00031782532199784824,0.004901032888909771
2024-09-21 20:00:00+00:00,0.0031085553777470344,0.0034814443544123152,1.2429632555509362,0.00037288897666528086,0.010202948904784629
2024-09-22 00:00:00+00:00,-0.0017142655752810589,-0.0011998468952713196,1.714728933365798,0.0005144186800097394,-0.01491631648564837
2024-09-22 04:00:00+00:00,0.0020593374270683417,0.002462542867735522,1.344018135557269,0.00040320544066718066,-0.005205161600919452
2024-09-22 08:00:00+00:00,0.00067115606017718,0.0012369476811199369,1.8859720698091897,0.0005657916209427569,-0.0028330480691810805
2024-09-22 12:00:00+00:00,-0.0017437541345084989,-0.0012889233533849831,1.5161026037450527,0.0004548307811235158,-0.008519035160402408
2024-09-22 16:00:00+00:00,-0.011453388855459082,-0.011058877142046127,1.3150390447098537,0.00039451171341295605,0.012319600680711688
2024-09-22 20:00:00+00:00,0.0076901650705147985,0.008050142769230339,1.1999256623851347,0.0003599776987155404,-0.0022960902974347684
2024-09-23 00:00:00+00:00,0.0019221850928770599,0.002388244854075824,1.5535325373292133,0.0004660597611987639,0.023541812773482915
2024-09-23 04:00:00+00:00,-0.0029722626011474754,-0.0025550233507489967,1.390797501328263,0.00041723925039847883,-0.011235687400967854
2024-09-23 08:00:00+00:00,-0.0031782851309745783,-0.002757249807525496,1.403451078163608,0.00042103532344908235,-0.005240619151441328
2024-09-23 12:00:00+00:00,-0.005902574645068688,-0.005496910021507383,1.3522154118710175,0.0004056646235613052,0.01122949581940087
2024-09-23 16:00:00+00:00,7.749767318270353e-05,0.0004142790254520471,1.1226045075644786,0.00033678135226934355,-2.156736572934888e-06
2024-09-23 20:00:00+00:00,0.005555864602870042,0.005977433645126526,1.4052301408549461,0.0004215690422564838,-0.00029124733807197993
2024-09-24 00:00:00+00:00,-0.0032989221349515284,-0.002816769700374182,1.607174781924488,0.00048215243457734635,-0.002714039341494148
2024-09-24 04:00:00+00:00,0.005436246418106736,0.005791190344198933,1.183146420307323,0.0003549439260921969,0.004162556338498014
2024-09-24 08:00:00+00:00,-0.0019279986553868479,-0.001379112285130984,1.8296212341862128,0.0005488863702558638,0.003813585541671314
2024-09-24 12:00:00+00:00,0.005965199232218336,0.006343269821218988,1.2602352966688426,0.00037807058900065277,-0.006406951814125023
2024-09-24 16:00:00+00:00,-0.006194432015320502,-0.005696220714914421,1.660704334686938,0.0004982113004060813,0.02765284358991439
2024-09-24 20:00:00+00:00,0.0005046894220651162,0.0008387584345100221,1.1135633748163536,0.00033406901244490604,0.010270870220417668
2024-09-25 00:00:00+00:00,0.0036553377565804873,0.004077685594859759,1.407826127597572,0.0004223478382792716,0.006828975194663189
2024-09-25 04:00:00+00:00,0.003504425104632547,0.003982109515617739,1.5922813699506397,0.00047768441098519187,-0.016227198065079655
2024-09-25 08:00:00+00:00,-0.001672916370712145,-0.001178478005627505,1.648127883615467,0.0004944383650846401,0.0038412506194009477
2024-09-25 12:00:00+00:00,-0.0031338777966424505,-0.0027099167655522992,1.4132034369671715,0.00042396103109015144,-0.0026318627625462722
2024-09-25 16:00:00+00:00,0.005542895069640674,0.005947764089298842,1.349563398860559,0.0004048690196581677,-0.005010837686273443
2024-09-25 20:00:00+00:00,0.00552601389086823,0.006023249621134727,1.6574524342216572,0.0004972357302664971,-0.007580608606456609
2024-09-26 00:00:00+00:00,-0.0002265726303656327,0.00034036204360202225,1.88978224655885,0.000566934673967655,0.009314421734585313
2024-09-26 04:00:00+00:00,0.004081626155341756,0.0045422143951757135,1.5352941327798597,0.00046058823983395787,0.01774416021087182
2024-09-26 08:00:00+00:00,0.0052035005295067455,0.005710795319891276,1.690982634615101,0.0005072947903845302,0.005231860999951203
2024-09-26 12:00:00+00:00,-0.006423259875615297,-0.005853563132404153,1.8989891440371471,0.0005696967432111441,0.017661961697730866
2024-09-26 16:00:00+00:00,0.002415663726595676,0.0027646712615596106,1.163358449879781,0.0003490075349639343,-0.006160846233385733
2024-09-26 20:00:00+00:00,0.0027577598733561273,0.0031739729305280007,1.387376857239579,0.0004162130571718737,-0.006779933746106271
2024-09-27 00:00:00+00:00,-0.0030552877351823007,-0.0025211649295299276,1.7804093521745767,0.000534122805652373,0.0110438826530683
2024-09-27 04:00:00+00:00,0.005326079565703488,0.005652991489845906,1.08970641380806,0.000326911924142418,0.012288348024217561
2024-09-27 08:00:00+00:00,-0.0024949560224616155,-0.002007104153557782,1.6261728963461117,0.00048785186890383346,-0.0031038450751603394
2024-09-27 12:00:00+00:00,-0.0017712759086157776,-0.0013591620382875976,1.3737129010939335,0.00041211387032818,0.008112588239430578
2024-09-27 16:00:00+00:00,-0.0003540957052551192,0.00010630458486043327,1.5346676337185083,0.0004604002901155525,-0.006396946850976261
2024-09-27 20:00:00+00:00,-0.0015056876664757625,-0.001056771427626999,1.4963874628292118,0.00044891623884876346,0.007542321391236542
2024-09-28 00:00:00+00:00,0.010586129348208123,0.010961085990653931,1.2498554748193562,0.0003749566424458068,-0.00029753431855476553
2024-09-28 04:00:00+00:00,0.0014361184640944908,0.001951850245354093,1.7191059375320075,0.0005157317812596022,-0.01320042137211999
2024-09-28 08:00:00+00:00,-0.0007255585646925233,-0.00025115636882481123,1.5813406528923737,0.00047440219586771204,0.003762526882085122
2024-09-28 12:00:00+00:00,-0.01306699465659568,-0.01265626469097927,1.369099885388036,0.0004107299656164108,0.0026770666201947936
2024-09-28 16:00:00+00:00,0.004497672586469214,0.004775486047295274,0.926044869420201,0.00027781346082606027,0.0011063672673483366
2024-09-28 20:00:00+00:00,0.0047153545534547505,0.005174164522645878,1.5293665639704248,0.0004588099691911274,-0.002043604564667704
2024-09-29 00:00:00+00:00,0.0034563070491338208,0.0039562905595670605,1.6666117014441322,0.0004999835104332396,-0.0006586209185119612
2024-09-29 04:00:00+00:00,0.003020446800016149,0.0035185826412859264,1.6604528042325926,0.0004981358412697777,-0.013575778035056593
2024-09-29 08:00:00+00:00,0.003570810867801172,0.004086261772176555,1.7181696812512777,0.0005154509043753833,0.006534623269786292
2024-09-29 12:00:00+00:00,0.0003655501708260694,0.0008655414057489941,1.6666374497430825,0.0004999912349229247,0.011104240791345695
2024-09-29 16:00:00+00:00,0.006348618221168828,0.006833646877488453,1.616762187732083,0.0004850286563196249,0.008700616864907706
2024-09-29 20:00:00+00:00,-0.0004302809357121573,0.0001210285934983528,1.8376984307017004,0.0005513095292105101,-0.01285202402949508
2024-09-30 00:00:00+00:00,0.004214984512338021,0.004598250439150741,1.277553089375734,0.0003832659268127202,-0.016113169364102682
2024-09-30 04:00:00+00:00,0.0023338696856088827,0.002829307296745207,1.6514587037877486,0.0004954376111363245,0.00798107010487944
2024-09-30 08:00:00+00:00,0.002478617239237388,0.0030039954771069934,1.751260792898685,0.0005253782378696055,-0.017165712737320305
2024-09-30 12:00:00+00:00,-0.0017771438457662068,-0.001265814530215193,1.7044310518367127,0.0005113293155510137,-0.011062751104093963
2024-09-30 16:00:00+00:00,0.00011697297068642796,0.000544367970084356,1.4246499979930936,0.000427394999397928,0.0030543961243499375
2024-09-30 20:00:00+00:00,0.0018756230752004477,0.002356054639995723,1.6014385493175838,0.0004804315647952751,-0.01625572876003277
2024-10-01 00:00:00+00:00,0.004441429713277613,0.004972441869750616,1.7700405215766764,0.0005310121564730028,0.024165005820015194
2024-10-01 04:00:00+00:00,-0.0021587818029580826,-0.0016228504162380639,1.7864379557333965,0.0005359313867200189,0.010449249972780628
2024-10-01 08:00:00+00:00,0.0024855350666792026,0.002925128879959656,1.465312710934844,0.0004395938132804532,-0.0004862362103283097
2024-10-01 12:00:00+00:00,0.005101901942772408,0.005548918481070277,1.4900551276595653,0.00044701653829786955,-0.052454286788845006
2024-10-01 16:00:00+00:00,-0.0022374539175421503,-0.0018313457031163979,1.353694048085841,0.0004061082144257523,-0.026954371613277007
2024-10-01 20:00:00+00:00,0.007568237429152974,0.007957022744685384,1.2959510517747008,0.0003887853155324102,-0.0060616947122722545
2024-10-02 00:00:00+00:00,0.0007564116639592997,0.0013282015060040978,1.905966140149327,0.0005717898420447981,0.016738362453603
2024-10-02 04:00:00+00:00,0.007891658560226163,0.008443708633528836,1.8401669110089096,0.0005520500733026729,0.007911398585496172
2024-10-02 08:00:00+00:00,0.00338583335908752,0.003913731657214781,1.7596609937575365,0.0005278982981272609,-0.021867705435729395
2024-10-02 12:00:00+00:00,0.002612125916547205,0.0030886923199364732,1.588554677964227,0.00047656640338926805,0.002459460547774651
2024-10-02 16:00:00+00:00,0.0003825726643503396,0.0009293164932216618,1.822479429571074,0.0005467438288713222,-0.02583911934963742
2024-10-02 20:00:00+00:00,-0.0056351245010464335,-0.005181766667943572,1.5111927770095372,0.00045335783310286116,2.2794024047080505e-06
2024-10-03 00:00:00+00:00,-0.01237395666409419,-0.012021356812906017,1.1753328372939098,0.0003525998511881729,0.0177276181617945
2024-10-03 04:00:00+00:00,0.001545793047866539,0.0019377008585400382,1.3063593689116642,0.00039190781067349924,-0.018539522406959597
2024-10-03 08:00:00+00:00,0.0034890174996754413,0.003914235953959297,1.4173948476128535,0.000425218454283856,-0.0029573956698373
2024-10-03 12:00:00+00:00,0.0036184033531208326,0.004113723106789667,1.6510658455627822,0.0004953197536688346,-0.01101412550208886
2024-10-03 16:00:00+00:00,0.0005667198442447568,0.0010879529819480334,1.7374437923442556,0.0005212331377032766,0.010059470208570735
2024-10-03 20:00:00+00:00,0.004211654645509583,0.004591361854546568,1.2656906967899488,0.0003797072090369846,0.0031772829218238495
2024-10-04 00:00:00+00:00,0.007495065590642772,0.007979050961671567,1.6132845700959835,0.000483985371028795,0.0018388800893516114
2024-10-04 04:00:00+00:00,0.003402952184516049,0.0038920645994462866,1.6303747164341247,0.0004891124149302374,0.009624068093180883
2024-10-04 08:00:00+00:00,-0.0032727532742517756,-0.0028795966962562422,1.3105219266517774,0.0003931565779955332,0.00636888437703072
2024-10-04 12:00:00+00:00,-0.005838906380544374,-0.005512768974446766,1.087124686992028,0.00032613740609760834,0.00971959941944894
2024-10-04 16:00:00+00:00,0.003253050952498393,0.0036256210359630423,1.2419002782154973,0.00037257008346464917,0.011586947098180408
2024-10-04 20:00:00+00:00,-0.0011487255449971084,-0.0006634253627603602,1.6176672741224944,0.0004853001822367483,-0.004764276629550956
2024-10-05 00:00:00+00:00,-0.0033886469761615703,-0.002937728607061093,1.5030612303349244,0.0004509183691004773,-0.008405345430724295
2024-10-05 04:00:00+00:00,0.0009503087546810153,0.0013217029685218735,1.2379807128028608,0.0003713942138408582,0.008342724308523309
2024-10-05 08:00:00+00:00,-0.0002508530192394968,0.0001625463122538125,1.3779977716443645,0.0004133993314933093,-0.00043543802794158737
2024-10-05 12:00:00+00:00,2.475238586577787e-06,0.0004617837211810475,1.5310282753148992,0.0004593084825944697,-0.0013738695814260067
2024-10-05 16:00:00+00:00,0.0004188440814832461,0.0008816960133580869,1.5428397729161363,0.0004628519318748408,-0.008888295478398266
2024-10-05 20:00:00+00:00,-0.0011083585357646215,-0.0006594845803320508,1.4962465181085696,0.0004488739554325708,0.0023030762151126614
2024-10-06 00:00:00+00:00,0.005840356705699984,0.006283326063936495,1.4765645274550354,0.0004429693582365106,0.00021674552441106217
2024-10-06 04:00:00+00:00,-0.0003888292945880096,0.00014125085390748963,1.766933828318331,0.0005300801484954993,0.0019272730217087368
2024-10-06 08:00:00+00:00,0.0008327593872728429,0.001278191387032688,1.4847733325328167,0.000445431999759845,0.000745563429861873
2024-10-06 12:00:00+00:00,-0.002338784021214261,-0.0018167641684473847,1.7400661758895866,0.000522019852766876,0.012714976420802392
2024-10-06 16:00:00+00:00,0.0014646892825229676,0.001858047923775349,1.3111954708412719,0.0003933586412523815,-0.001016415355038426
2024-10-06 20:00:00+00:00,0.003064480041638512,0.003554422086000775,1.6331401478742094,0.0004899420443622627,0.006151918790079532
2024-10-07 00:00:00+00:00,-0.0030401977273970685,-0.0024836265101765634,1.855237390735017,0.0005565712172205051,0.018297938306504613
2024-10-07 04:00:00+00:00,0.00413254057146917,0.004527030165492766,1.314965313411986,0.0003944895940235958,0.0005899680160181112
2024-10-07 08:00:00+00:00,-0.003036411830362196,-0.002515909919841865,1.7350063684011017,0.0005205019105203305,-0.013103671767118907
2024-10-07 12:00:00+00:00,-0.008643485561134093,-0.008214974421588873,1.428370465150733,0.00042851113954521985,0.012858064855659428
2024-10-07 16:00:00+00:00,-0.0019297239733059534,-0.0015767527035583434,1.1765708991586998,0.00035297126974760993,-0.001900848488846144
2024-10-07 20:00:00+00:00,0.009266651969444387,0.009693558354121307,1.423021282256398,0.00042690638467691934,-0.02105451835242976
2024-10-08 00:00:00+00:00,0.004113772266031664,0.004662921838740976,1.8304985756977097,0.0005491495727093129,0.012475012409022561
2024-10-08 04:00:00+00:00,0.009650952696089656,0.01015060732419016,1.665515427001681,0.0004996546281005042,-0.015960080745950317
2024-10-08 08:00:00+00:00,0.005348336502291312,0.005874651849266963,1.754384489918836,0.0005263153469756508,0.007883978774853643
2024-10-08 12:00:00+00:00,-0.004941873740814764,-0.0043977274594091155,1.8138209380188282,0.0005441462814056484,-0.011713309254364358
2024-10-08 16:00:00+00:00,-0.002463986545000329,-0.0021560206033858537,1.0265531387149192,0.00030796594161447573,0.0036630760421012347
2024-10-08 20:00:00+00:00,-0.0007424497726969606,-0.0003744740536357637,1.2265857302039898,0.0003679757190611969,-0.0015962108979580998
2024-10-09 00:00:00+00:00,0.00035046929251678424,0.0006872124233491193,1.1224771027744502,0.00033674313083233506,0.001695987077679314
2024-10-09 04:00:00+00:00,0.00027611534229126294,0.000682132676555603,1.353391114214467,0.00040601733426434006,-0.003196217362847841
2024-10-09 08:00:00+00:00,-0.0037138738457430146,-0.00320421025521526,1.6988786350925162,0.0005096635905277548,-0.0013990666002450312
2024-10-09 12:00:00+00:00,0.004759879087147641,0.005138470565922447,1.2619715959160196,0.00037859147877480583,0.0028944859132507385
2024-10-09 16:00:00+00:00,0.00791124526678949,0.008409081346949433,1.6594536005331448,0.0004978360801599434,-0.019648374915746284
2024-10-09 20:00:00+00:00,-0.002870082304165876,-0.002352457888160286,1.7254147200186347,0.0005176244160055904,-0.009112234610695664
2024-10-10 00:00:00+00:00,-2.711323871795886e-06,0.0004178377395970467,1.4018302115628087,0.0004205490634688426,0.0023921288395324174
2024-10-10 04:00:00+00:00,9.225533446462458e-05,0.0005052655210572583,1.3767006219754458,0.0004130101865926337,-0.0027384796553203694
2024-10-10 08:00:00+00:00,-0.00015522801163609078,0.00028679388794753606,1.473406331945423,0.00044202189958362684,0.0007943395798830894
2024-10-10 12:00:00+00:00,-0.004249086344485241,-0.0038066780168026296,1.4746944256087033,0.00044240832768261095,-0.011760910301626756
2024-10-10 16:00:00+00:00,0.005975162783079278,0.006305179226478437,1.1000548113305304,0.0003300164433991591,-0.005136031903365279
2024-10-10 20:00:00+00:00,-0.0023257077713332488,-0.0018706429195603001,1.5168828392431617,0.0004550648517729485,0.008719166665873926
2024-10-11 00:00:00+00:00,-0.0005745437217163392,-0.0001294439324662007,1.4836659641671286,0.0004450997892501385,0.008431955430542577
2024-10-11 04:00:00+00:00,-0.00024210155978545247,0.0001564530718210403,1.3285154386883093,0.00039855463160649277,0.0017159508981628795
2024-10-11 08:00:00+00:00,0.00404125188716846,0.004516823287743152,1.5852380019156387,0.00047557140057469157,0.010921685355943974
2024-10-11 12:00:00+00:00,-0.005689252338205749,-0.0051699432169122015,1.731030404311824,0.0005193091212935472,0.015048019099462236
2024-10-11 16:00:00+00:00,-0.0026879538055098982,-0.0022570188620416242,1.436449811560913,0.0004309349434682739,0.005976489754559914
2024-10-11 20:00:00+00:00,0.007230290103783902,0.007627567264391017,1.324257202023716,0.00039727716060711476,0.00035135325652817646
2024-10-12 00:00:00+00:00,0.0008548475548754927,0.0014043509131634398,1.8316778609598237,0.0005495033582879471,-0.000671187926861618
2024-10-12 04:00:00+00:00,0.003541189951134235,0.004061566818234375,1.734589557000468,0.0005203768671001403,0.005331724465052133
2024-10-12 08:00:00+00:00,0.004081596760474775,0.004560802341719959,1.5973519374839473,0.00047920558124518416,0.008034545190257225
2024-10-12 12:00:00+00:00,-0.011127523166481388,-0.010724337767265876,1.3439513307183713,0.00040318539921551137,0.006906206696266502
2024-10-12 16:00:00+00:00,-0.012797189975038424,-0.012452058921482842,1.1504368451852718,0.0003451310535555815,-0.0002104550419253928
2024-10-12 20:00:00+00:00,-0.003923693931731024,-0.003618795411439602,1.0163284009714053,0.00030489852029142155,0.0032156299928029126
2024-10-13 00:00:00+00:00,-0.0009420177503923315,-0.000513382829664745,1.4287830690919547,0.0004286349207275864,-0.004129172139869617
2024-10-13 04:00:00+00:00,-0.0012029981741114044,-0.000721619382423106,1.6045959722943282,0.0004813787916882984,0.00162726310294637
2024-10-13 08:00:00+00:00,0.0008172780097445676,0.0012121871981891849,1.3163639614820575,0.0003949091884446172,-0.005722277415769191
2024-10-13 12:00:00+00:00,-0.00018426996562443553,0.0002779413044130788,1.5407042334583814,0.00046221127003751435,-0.014273803138417843
2024-10-13 16:00:00+00:00,-0.0027279049839485196,-0.0023199789910845,1.359753309546732,0.0004079259928640196,0.006411706874917694
2024-10-13 20:00:00+00:00,-0.004694475797804426,-0.004258780241495402,1.4523185210300786,0.00043569555630902353,0.014124248409673837
2024-10-14 00:00:00+00:00,0.006774002097698967,0.007239884975371975,1.552942925576694,0.00046588287767300815,0.01218491788470581
2024-10-14 04:00:00+00:00,-0.0023434457465820514,-0.0018008724054783163,1.8085778036791171,0.0005425733411037351,-0.00014586058284989345
2024-10-14 08:00:00+00:00,0.0018944906230498753,0.0023024262059747037,1.3597852764160947,0.00040793558292482837,0.005739382603099833
2024-10-14 12:00:00+00:00,0.0024519381882923486,0.002902524939419416,1.5019558370902253,0.00045058675112706755,0.01739160341722335
2024-10-14 16:00:00+00:00,-0.00011372959057106164,0.00030445463543061997,1.3939474200056055,0.0004181842260016816,-0.003742893897957253
2024-10-14 20:00:00+00:00,-0.0032809135932636868,-0.0028678918012932536,1.376739306568111,0.00041302179197043326,0.005981247703994291
2024-10-15 00:00:00+00:00,-0.0016069511420058998,-0.001258913843030003,1.1601243299196562,0.0003480372989758968,-0.004673591714371428
2024-10-15 04:00:00+00:00,0.0009176840165442871,0.001364666357322628,1.489941135927803,0.00044698234077834083,0.0008229367190710245
2024-10-15 08:00:00+00:00,0.0036615873290104426,0.004109892424922342,1.4943503197063306,0.00044830509591189916,-0.01684329564816254
2024-10-15 12:00:00+00:00,-0.0007714713228202944,-0.0003088911812394988,1.5419338052693188,0.00046258014158079557,0.002089949898686272
2024-10-15 16:00:00+00:00,-0.00018806620466198763,0.0002926514863223753,1.6023923032812097,0.0004807176909843629,0.0055145220421732475
2024-10-15 20:00:00+00:00,-0.0030108117052319652,-0.002636356876058008,1.2481827639131913,0.00037445482917395734,0.0022388310241282516
2024-10-16 00:00:00+00:00,-0.0008494750740311648,-0.0004479338044805902,1.3384708985019154,0.00040154126955057457,-0.003693405589424567
2024-10-16 04:00:00+00:00,0.0023953169738318313,0.0028272765738603348,1.4398653334283447,0.0004319596000285034,-0.004391671085692913
2024-10-16 08:00:00+00:00,-0.006904336082703049,-0.006487619153586885,1.3890564303872122,0.0004167169291161636,0.015215715032435332
2024-10-16 12:00:00+00:00,-0.007799068898443287,-0.00738347245129548,1.3853214904926903,0.000415596447147807,-0.013046471805451806
2024-10-16 16:00:00+00:00,0.002171229985590911,0.0025608638032790024,1.2987793922936375,0.0003896338176880912,0.0038158718719069127
2024-10-16 20:00:00+00:00,-0.00111442203170811,-0.0005799477980331205,1.7815807789166322,0.0005344742336749896,0.004727143158589235
2024-10-17 00:00:00+00:00,0.001192688731198152,0.0016642489331536085,1.571867339851522,0.0004715602019554565,0.000365145947905592
2024-10-17 04:00:00+00:00,0.006130947380298623,0.0066051040572514385,1.580522256509385,0.00047415667695281546,-0.01170868035424295
2024-10-17 08:00:00+00:00,-0.0011445992564807714,-0.0006575645323731846,1.6234490803586226,0.00048703472410758673,-0.014333593915863948
2024-10-17 12:00:00+00:00,-0.0009486249280829225,-0.0005610563173239625,1.2918953691965334,0.00038756861075896,0.011900160861512361
2024-10-17 16:00:00+00:00,0.0030709239427826455,0.003441691768928081,1.2358927538181186,0.0003707678261454355,-0.013015816789959014
2024-10-17 20:00:00+00:00,-0.008218033919047643,-0.007733154008606688,1.6162663681365137,0.0004848799104409541,0.004890352872534809
2024-10-18 00:00:00+00:00,-0.006785986897286833,-0.006408332468120262,1.2588480972219047,0.00037765442916657137,0.0076179974587353835
2024-10-18 04:00:00+00:00,0.001453449028355092,0.001842724785636488,1.2975858576046533,0.000389275757281396,0.00897532709771769
2024-10-18 08:00:00+00:00,0.00320855408768807,0.0036375056277905844,1.4298384670083806,0.00042895154010251415,-0.003964398928545949
2024-10-18 12:00:00+00:00,0.0016223811993981612,0.002154521574408196,1.7738012500334492,0.0005321403750100347,0.008444891336307148
2024-10-18 16:00:00+00:00,0.0029424171174838804,0.0034416226225919585,1.6640183503602604,0.000499205505108078,0.0023323512085308925
2024-10-18 20:00:00+00:00,0.001990828672611266,0.0024878571267993228,1.6567615139601894,0.0004970284541880568,0.0016426486361583725
2024-10-19 00:00:00+00:00,-0.0030092557095840688,-0.002523580417254451,1.618917641098725,0.00048567529232961746,0.008610686490120215
2024-10-19 04:00:00+00:00,-0.002226617522702785,-0.0018257493883219859,1.336227114602664,0.0004008681343807992,-0.004909262011082647
2024-10-19 08:00:00+00:00,0.0004299233660458313,0.0008519976256809097,1.4069141987835947,0.0004220742596350784,-0.007917610589345854
2024-10-19 12:00:00+00:00,-0.00254374790289549,-0.002090561066740909,1.5106227871819367,0.00045318683615458097,0.005777527918262758
2024-10-19 16:00:00+00:00,-0.00011151458937067011,0.0002861108273304598,1.3254180556704331,0.0003976254167011299,-0.0037062446850092737
2024-10-19 20:00:00+00:00,0.004729773154616786,0.005138535484620609,1.3625411000127423,0.0004087623300038227,0.00815520490072797
2024-10-20 00:00:00+00:00,0.0035579719272824293,0.004033955231440626,1.5866110138606548,0.00047598330415819643,-0.007727294377152825
2024-10-20 04:00:00+00:00,0.003623446894620468,0.0041337602712927255,1.7010445889075243,0.0005103133766722573,0.00267371924447796
2024-10-20 08:00:00+00:00,0.007324708148916874,0.00784000107899499,1.7176431002603896,0.0005152929300781168,0.0061008848882810815
2024-10-20 12:00:00+00:00,-0.000519396128413751,-5.308480893077838e-06,1.713625491735577,0.0005140876475206731,0.021180064907900364
2024-10-20 16:00:00+00:00,0.002930231124227978,0.003413095409525372,1.6095476176579804,0.00048286428529739406,-0.005481616650567156
2024-10-20 20:00:00+00:00,-0.0020536594603930178,-0.001607491388301918,1.4872269069703332,0.00044616807209109995,0.016184051642584213
2024-10-21 00:00:00+00:00,-0.0033421393266588667,-0.0028738216781971837,1.5610588282056101,0.000468317648461683,0.00015310631614734124
2024-10-21 04:00:00+00:00,7.827059040224995e-05,0.00045956042123861004,1.2709661027878671,0.0003812898308363601,0.0025375046669541073
2024-10-21 08:00:00+00:00,-0.0029392104921005507,-0.002500976418600649,1.4607802449996712,0.00043823407349990133,-0.010784530914477279
2024-10-21 12:00:00+00:00,0.0013723764818132688,0.0017416087190553283,1.2307741241401982,0.00036923223724205943,-0.01538006077709424
2024-10-21 16:00:00+00:00,0.0013351251061519951,0.001818242526227705,1.6103914002523658,0.0004831174200757097,0.006326518043143064
2024-10-21 20:00:00+00:00,0.0022167295669932767,0.0026930319408579395,1.587674579548876,0.00047630237386466276,-0.003743647115356901
2024-10-22 00:00:00+00:00,-0.008206940775632577,-0.007724919436887696,1.6067377958162652,0.0004820213387448795,0.008824798980087851
2024-10-22 04:00:00+00:00,0.0005610425605105288,0.0009783126970030979,1.3909004549752304,0.00041727013649256906,0.0021149445604885845
2024-10-22 08:00:00+00:00,-9.503288656667662e-05,0.0003686171890809586,1.5455002521587842,0.0004636500756476352,-0.009584148861059164
2024-10-22 12:00:00+00:00,0.0010747163837782137,0.001496074433832823,1.4045268335153644,0.0004213580500546093,-0.008384446658953385
2024-10-22 16:00:00+00:00,-0.0011089703095165672,-0.0006249027790770874,1.6135584347982659,0.00048406753043947975,-0.003088489102535171
2024-10-22 20:00:00+00:00,0.0029136796673100724,0.0033660970252201074,1.5080578597001164,0.0004524173579100349,0.0006575472025107535
2024-10-23 00:00:00+00:00,0.0012638587970107207,0.0017350854214707027,1.5707554148666065,0.0004712266244599819,-0.005294170310206984
2024-10-23 04:00:00+00:00,0.00010170653650214801,0.0005153219512496713,1.378718049158411,0.00041361541474752326,-0.00429792625485436
2024-10-23 08:00:00+00:00,0.0017275069579721324,0.0021809637640726708,1.5115226870017946,0.00045345680610053835,-0.01334274040240742
2024-10-23 12:00:00+00:00,-0.0020558064196237653,-0.001596887691487611,1.5297290937871812,0.00045891872813615434,-0.0025124405249462643
2024-10-23 16:00:00+00:00,-0.005495302442439828,-0.005087370346360988,1.3597736535961338,0.0004079320960788401,0.0007219530787631176
2024-10-23 20:00:00+00:00,0.0034652567340499054,0.003799617085353849,1.114534504346478,0.00033436035130394336,0.00589672228581965
2024-10-24 00:00:00+00:00,0.0014137869151243365,0.0019391220498899972,1.7511171158855356,0.0005253351347656607,0.008143485776872673
2024-10-24 04:00:00+00:00,-0.001285271235942749,-0.000866819604921603,1.394838770070487,0.00041845163102114606,-0.0052506213286847995
2024-10-24 08:00:00+00:00,0.0009503109466890412,0.001349981910105331,1.3322365447209665,0.0003996709634162899,-0.00375729025000845
2024-10-24 12:00:00+00:00,-0.00035841460796365884,9.937953729010229e-05,1.525980484179204,0.00045779414525376114,0.005166316657345982
2024-10-24 16:00:00+00:00,-3.876361310227005e-06,0.0003991374036054859,1.3433792163857097,0.0004030137649157129,0.006445494510146708
2024-10-24 20:00:00+00:00,-0.0023727708828132623,-0.0020584039379958367,1.0478898160580852,0.00031436694481742553,-0.0002520956450110131
2024-10-25 00:00:00+00:00,-0.005368786089519728,-0.004951492026708403,1.390980209371083,0.00041729406281132485,-0.005195185435142922
2024-10-25 04:00:00+00:00,0.0015569692792626667,0.001896739648337241,1.132567896915248,0.0003397703690745744,-0.01611627901705883
2024-10-25 08:00:00+00:00,0.004673587707117108,0.005152584559021212,1.5966561730136808,0.0004789968519041042,0.012232998101622705
2024-10-25 12:00:00+00:00,-0.002543235164340584,-0.001978195369279535,1.8834659835368308,0.0005650397950610492,-0.010310920881488557
2024-10-25 16:00:00+00:00,0.0009931167232649692,0.0013986331480791876,1.3517214160473952,0.0004055164248142185,-0.01851102603805307
2024-10-25 20:00:00+00:00,-0.002809761170117257,-0.002304659705577576,1.6836715484656044,0.0005051014645396812,-0.03852217766967105
2024-10-26 00:00:00+00:00,0.008903140061950643,0.009334971351987704,1.4394376334568717,0.00043183129003706146,0.014157725077491926
2024-10-26 04:00:00+00:00,0.0062474937619369664,0.006768284316161919,1.735968514083174,0.0005207905542249521,0.0046343027814560785
2024-10-26 08:00:00+00:00,-0.004734209447480338,-0.004213165517086001,1.7368131013144554,0.0005210439303943366,0.00265506667167372
2024-10-26 12:00:00+00:00,0.0005064421138612654,0.0008806913150525267,1.2474973373042042,0.00037424920119126124,-0.015441720826675158
2024-10-26 16:00:00+00:00,0.0019336400574320371,0.0022998862323231157,1.2208205829702623,0.00036624617489107865,0.01127039193676737
2024-10-26 20:00:00+00:00,0.0036975393553508027,0.004175228312812756,1.592296524873178,0.00047768895746195335,0.001879835488650058
2024-10-27 00:00:00+00:00,0.005040287682984054,0.005595684953179877,1.8513242339860785,0.0005553972701958235,0.00289280153690938
2024-10-27 04:00:00+00:00,0.0006811751743733751,0.0012048844831633724,1.745697695966658,0.0005237093087899973,-0.0017262942848211968
2024-10-27 08:00:00+00:00,-0.0005068890135005859,-4.2556330650905355e-06,1.6754446014516513,0.0005026333804354953,-0.005033862177491832
2024-10-27 12:00:00+00:00,-0.003107668856483123,-0.002698473343461889,1.3639850434041134,0.000409195513021234,0.012910846533451582
2024-10-27 16:00:00+00:00,0.0003009831044721687,0.0006351269250559493,1.1138127352792688,0.00033414382058378063,-0.0029974208325191276
2024-10-27 20:00:00+00:00,0.002383716387544561,0.00282946842981743,1.4858401409095636,0.00044575204227286907,0.007455024302415632
2024-10-28 00:00:00+00:00,-0.0006447833874131221,-0.00018148766156612331,1.5443190861566627,0.0004632957258469988,-0.01581966205768642
2024-10-28 04:00:00+00:00,0.013300186212792792,0.013680695984388284,1.2683659053183076,0.00038050977159549226,0.011997054292448728
2024-10-28 08:00:00+00:00,0.0007556927432538892,0.0013349489542240542,1.9308540365672169,0.0005792562109701651,0.002679442650387782
2024-10-28 12:00:00+00:00,0.0057763202317553,0.0061022707527398235,1.086501736615078,0.00032595052098452335,-0.01534752906580322
2024-10-28 16:00:00+00:00,-0.006662821469987122,-0.006108056666525319,1.8492160115393446,0.0005547648034618033,0.012477205950969787
2024-10-28 20:00:00+00:00,0.007067509358035277,0.007510564110221791,1.4768491739550462,0.00044305475218651383,0.021954427998634028
2024-10-29 00:00:00+00:00,-0.0013451661118616047,-0.0007761983098388957,1.8965593400756966,0.000568967802022709,0.021314308940912293
2024-10-29 04:00:00+00:00,0.006793415129637835,0.007197067485100082,1.3455078515408243,0.00040365235546224726,-0.005097978102942461
2024-10-29 08:00:00+00:00,0.004190352770541888,0.0047339941097228645,1.812137797269922,0.0005436413391809766,0.009774254114531014
2024-10-29 12:00:00+00:00,-0.005880307530595317,-0.0054083290595852,1.573261570033724,0.00047197847101011715,0.0055666888367304915
2024-10-29 16:00:00+00:00,-0.001045581617332916,-0.0006165261593693068,1.4301848598786977,0.0004290554579636093,-0.0014267857140425725
2024-10-29 20:00:00+00:00,0.0034865067477880913,0.0038431757744327314,1.188896755482133,0.0003566690266446399,0.009294542387232093
2024-10-30 00:00:00+00:00,-0.003944676968173679,-0.0034697188245271936,1.5831938121549514,0.0004749581436464854,0.0004212795646054309
2024-10-30 04:00:00+00:00,0.002040269424961922,0.002426872710497262,1.2886776184511342,0.00038660328553534023,-0.0015021999733934228
2024-10-30 08:00:00+00:00,-0.006680533899076026,-0.006202572759943516,1.5932037971083668,0.00047796113913251,-0.009166334688618912
2024-10-30 12:00:00+00:00,-0.009812032173157792,-0.009538251974386206,0.9126006625719535,0.00027378019877158605,0.005082512451968355
2024-10-30 16:00:00+00:00,0.006710466978115082,0.006964499716230224,0.8467757937171397,0.0002540327381151419,-0.0014336302554108194
2024-10-30 20:00:00+00:00,-0.003247813016671145,-0.0027252656334061784,1.741824610883222,0.0005225473832649666,0.0033544124400351647
2024-10-31 00:00:00+00:00,0.0005078798022858291,0.0008844435125401814,1.2552123675145077,0.0003765637102543523,-0.0038264420475010636
2024-10-31 04:00:00+00:00,-0.0027513374388667684,-0.0023185964442539193,1.4424699820428308,0.0004327409946128492,-0.005819968552716074
2024-10-31 08:00:00+00:00,0.0030676079071329065,0.0034687450716164967,1.3371238816119668,0.00040113716448359003,-0.0064799556902477755
2024-10-31 12:00:00+00:00,0.007646588856380455,0.008159323997664152,1.7091171376123253,0.0005127351412836976,-0.01877473997269244
2024-10-31 16:00:00+00:00,0.0030127883595524015,0.0035466857731166613,1.7796580452141988,0.0005338974135642596,-0.021427188670943207
2024-10-31 20:00:00+00:00,0.0004681737759425246,0.0008623058476851585,1.3137735724754462,0.00039413207174263386,0.006362388012870714
2024-11-01 00:00:00+00:00,0.002408404838900976,0.002857187244483467,1.495941351941637,0.00044878240558249104,-0.0052960445630458675
2024-11-01 04:00:00+00:00,0.0005101209219196985,0.0010076945423814878,1.6585787348726309,0.0004975736204617892,-0.008943323410863627
2024-11-01 08:00:00+00:00,0.004190390113920014,0.004640850545337449,1.5015347713914504,0.0004504604314174351,0.012170932070849889
2024-11-01 12:00:00+00:00,-0.001660139019679718,-0.001161047344233669,1.6636389181534972,0.0004990916754460491,-0.009552198796495453
2024-11-01 16:00:00+00:00,0.003851833078519848,0.0042482859109759415,1.321509441520312,0.0003964528324560935,0.0049940446999294655
2024-11-01 20:00:00+00:00,0.001395846713392674,0.0019228071740767223,1.756534868946828,0.0005269604606840483,-0.004943442552804858
2024-11-02 00:00:00+00:00,0.0001956005829170228,0.0006311527062285965,1.4518404110385792,0.0004355521233115737,0.001975334324791911
2024-11-02 04:00:00+00:00,0.004257626818253573,0.004702742923312571,1.4837203501966592,0.0004451161050589977,0.00015486778019047076
2024-11-02 08:00:00+00:00,0.002548288647925631,0.003047275673007251,1.6632900836054014,0.0004989870250816204,-0.007643254879493897
2024-11-02 12:00:00+00:00,-0.0011589264375813355,-0.0006618122829866874,1.657047181982161,0.0004971141545946483,-0.013018564082274269
2024-11-02 16:00:00+00:00,0.0013062310484845355,0.0017042324801195623,1.326671438783423,0.0003980014316350269,-0.0010366102872769994
2024-11-02 20:00:00+00:00,-0.0006352416205578435,-0.00015778225810720897,1.5915312081687818,0.0004774593624506345,-0.00020755503583946844
2024-11-03 00:00:00+00:00,0.0010059575089524215,0.0013898431713624628,1.2796188747001378,0.0003838856624100413,-0.022875453106478413
2024-11-03 04:00:00+00:00,0.0033251402183582432,0.0037805179000768158,1.5179256057285757,0.0004553776817185727,0.004661865304814083
2024-11-03 08:00:00+00:00,0.0009901303969892402,0.0014949781740805938,1.6828259236378453,0.0005048477770913535,-0.009891303793489922
2024-11-03 12:00:00+00:00,0.003479925505964815,0.003946364390063317,1.5547962803283384,0.0004664388840985015,-0.014283485863307691
2024-11-03 16:00:00+00:00,0.003647415551962017,0.00414684494049395,1.6647646284397775,0.0004994293885319332,0.007254571612599446
2024-11-03 20:00:00+00:00,0.002363853271842447,0.002843234278173098,1.5979366877688368,0.000479381006330651,0.011600465738296657
2024-11-04 00:00:00+00:00,0.0038045572421336895,0.004248177542829817,1.478734335653759,0.00044362030069612765,0.0021669160666063568
2024-11-04 04:00:00+00:00,-0.004328962923932296,-0.0038470147426206717,1.6064939377054135,0.00048194818131162403,-0.009541745732229283
2024-11-04 08:00:00+00:00,-0.0005732996725146945,-0.0001622551545742689,1.3701483931347525,0.0004110445179404257,0.006293306006945815
2024-11-04 12:00:00+00:00,-0.0035104982436859815,-0.003098604692749112,1.3729785031228983,0.00041189355093686946,-0.005686041647573568
2024-11-04 16:00:00+00:00,-0.000534494348069474,-0.00012005761597267229,1.381455773656006,0.00041443673209680176,-0.008421615676344037
2024-11-04 20:00:00+00:00,0.002982102167103668,0.003420288539504704,1.4606212413367872,0.00043818637240103614,-0.008579962304651615
2024-11-05 00:00:00+00:00,0.0020447071088504063,0.002565245630727234,1.7351284062560928,0.0005205385218768277,0.012540955369109178
2024-11-05 04:00:00+00:00,0.001519294698152976,0.002038974238558488,1.7322651346850395,0.0005196795404055118,0.013571866147253005
2024-11-05 08:00:00+00:00,0.0004878310007156222,0.001010818059174083,1.7432901948615365,0.0005229870584584609,0.004034792494701263
2024-11-05 12:00:00+00:00,-0.008312735330576776,-0.0078899170733452,1.4093941907719227,0.0004228182572315768,0.015554245441108968
2024-11-05 16:00:00+00:00,0.0023024167634712964,0.002664846449799137,1.2080989544261351,0.00036242968632784053,-0.00962251633903782
2024-11-05 20:00:00+00:00,0.0029221373557656955,0.0033650686422294,1.476437621545682,0.00044293128646370457,0.01159864881398511
2024-11-06 00:00:00+00:00,0.0018782444440375188,0.002391709903205255,1.7115515305591207,0.0005134654591677361,0.07449764653711335
2024-11-06 04:00:00+00:00,0.02407764343919344,0.024481835509592185,1.347306901329146,0.0004041920703987438,0.002821132618639183
2024-11-06 08:00:00+00:00,0.004787845805878123,0.005348571539720997,1.869085779476248,0.0005607257338428744,0.008831346563563063
2024-11-06 12:00:00+00:00,0.0004338822768088603,0.0008302568964737192,1.3212487322161963,0.0003963746196648589,-0.009508339219299004
2024-11-06 16:00:00+00:00,0.0032257721983820478,0.0036698876493749723,1.4803848366430818,0.0004441154509929245,0.011183589997835778
2024-11-06 20:00:00+00:00,-5.937048521063187e-05,0.00036318695393958676,1.4085247971673955,0.00042255743915021863,0.017103728324681655
2024-11-07 00:00:00+00:00,-0.012457362341739154,-0.012018366936851226,1.4633180162930937,0.00043899540488792806,0.025056666555214945
2024-11-07 04:00:00+00:00,-0.0032190137087797603,-0.0028667960642997496,1.174058814933369,0.0003522176444800107,-0.020739461727314328
2024-11-07 08:00:00+00:00,-0.0020769935111425606,-0.001606844912710968,1.5671619947719755,0.0004701485984315926,-0.0016009105356086892
2024-11-07 12:00:00+00:00,0.00108949386796422,0.0015139406126723743,1.4148224823605144,0.0004244467447081543,0.013871078466114435
2024-11-07 16:00:00+00:00,-0.005517826593172896,-0.005082305006742445,1.4517386214348393,0.00043552158643045175,0.006313864251123177
2024-11-07 20:00:00+00:00,-0.0026879954836581976,-0.002363633729086755,1.0812058485714757,0.00032436175457144266,0.0034606798280114853
2024-11-08 00:00:00+00:00,-0.008552287435035258,-0.00813282169968244,1.3982191178427283,0.00041946573535281846,-0.002815675039833664
2024-11-08 04:00:00+00:00,-0.0029610057917407086,-0.002579651483105494,1.2711810287840484,0.0003813543086352145,0.008720809922924004
2024-11-08 08:00:00+00:00,0.00011593580597328573,0.000528991318262422,1.3768517076304543,0.00041305551228913625,0.009080122196251109
2024-11-08 12:00:00+00:00,-0.014946841204399304,-0.014535899677767795,1.369805088771696,0.00041094152663150875,0.007577409890006039
2024-11-08 16:00:00+00:00,-0.001404538047645759,-0.0011368794580348374,0.8921952987030717,0.0002676585896109215,0.005901305442711143
2024-11-08 20:00:00+00:00,0.002293721610352408,0.002663382133732652,1.232201744600813,0.0003696605233802439,0.0045996624376864175
2024-11-09 00:00:00+00:00,0.0010839833002335738,0.001524215950827029,1.4674421686448509,0.00044023265059345523,-0.009740723181522937
2024-11-09 04:00:00+00:00,0.009404446442261674,0.009874125043977841,1.56559533905389,0.0004696786017161669,0.020556449080785924
2024-11-09 08:00:00+00:00,0.0004380990720876188,0.000912475016447128,1.5812531478650307,0.0004743759443595092,0.00665700243206251
2024-11-09 12:00:00+00:00,9.388071787624994e-05,0.0005465639274628753,1.508944031955418,0.00045268320958662535,-0.01292027992927095
2024-11-09 16:00:00+00:00,-0.013220742128286625,-0.012773134404189548,1.4920257469902538,0.0004476077240970761,0.004415817956121566
2024-11-09 20:00:00+00:00,-0.02020332886138493,-0.019968379366864148,0.7831649817359427,0.0002349494945207828,0.04560671359141705
2024-11-10 00:00:00+00:00,-0.014074686764315907,-0.013628246085204227,1.4881355970389312,0.0004464406791116793,0.020247236537794158
2024-11-10 04:00:00+00:00,-0.01098828958797799,-0.010685136133463268,1.0105115150490709,0.00030315345451472123,0.023710415272790313
2024-11-10 08:00:00+00:00,0.013378005615204192,0.013703593932475316,1.0852943909037467,0.00032558831727112395,0.026740898321080946
2024-11-10 12:00:00+00:00,0.004152866970737144,0.004633547432623681,1.602268206288455,0.00048068046188653644,0.006138625997631473
2024-11-10 16:00:00+00:00,-0.0035175171305831827,-0.0030104144989973962,1.6903421052859546,0.0005071026315857863,-8.117619046002337e-05
2024-11-10 20:00:00+00:00,-2.3468825092089066e-05,0.00037979215653731815,1.3442032720980241,0.0004032609816294072,-0.004888773740467524
2024-11-11 00:00:00+00:00,-0.01284798387401321,-0.012393193508254147,1.5159678858635388,0.0004547903657590616,0.029276139866801148
2024-11-11 04:00:00+00:00,-0.004885286497708912,-0.004524609367608604,1.2022571003343603,0.0003606771301003081,-0.02912523233492698
2024-11-11 08:00:00+00:00,-0.0064292059083375305,-0.006122084042788179,1.0237395518311725,0.00030712186554935174,0.02538396931958636
2024-11-11 12:00:00+00:00,0.0007460900135337419,0.0011885988587167003,1.4750294839431948,0.0004425088451829584,0.006682245676255638
2024-11-11 16:00:00+00:00,-0.003518902035516004,-0.003094864112148896,1.413459744557026,0.00042403792336710776,0.010347876817466928
2024-11-11 20:00:00+00:00,0.01635932281260252,0.016771490772647692,1.3738932001505817,0.00041216796004517445,0.05240734267647825
2024-11-12 00:00:00+00:00,0.009100783101520581,0.009516416355209417,1.3854441789627885,0.00041563325368883654,-0.014703174413075271
2024-11-12 04:00:00+00:00,-0.017800640187037906,-0.017293165990043685,1.6915806566474048,0.0005074741969942213,0.0087590717833915
2024-11-12 08:00:00+00:00,-0.01271953974005531,-0.012303220884358116,1.387729518990647,0.00041631885569719403,-0.03779573255976108
2024-11-12 12:00:00+00:00,-0.017620183921119668,-0.01725754422108804,1.2087990001054232,0.0003626397000316269,-0.011949413325073828
2024-11-12 16:00:00+00:00,0.0030114996144825043,0.003290541603224,0.9301399624716521,0.0002790419887414956,0.015486392870507478
2024-11-12 20:00:00+00:00,-0.007576692382656866,-0.007159471055471994,1.3907377572829067,0.000417221327184872,0.0009918827226042832
2024-11-13 00:00:00+00:00,0.008401675892456606,0.008696415649512032,0.9824658568514177,0.0002947397570554253,-0.04250218597012784
2024-11-13 04:00:00+00:00,-0.007834250143961602,-0.007365751123285928,1.5616634022522466,0.00046849902067567394,-0.005136487692654453
2024-11-13 08:00:00+00:00,0.0008366748969362611,0.0012206023070558836,1.2797580337320755,0.0003839274101196226,0.007855786460887849
2024-11-13 12:00:00+00:00,0.0035779598311225518,0.004014743094866807,1.455944212480852,0.00043678326374425554,0.05983512182419535
2024-11-13 16:00:00+00:00,-0.008510068921196491,-0.008011115708326938,1.6631773762318431,0.0004989532128695529,-0.047798445312628515
2024-11-13 20:00:00+00:00,0.002464017547194502,0.0028947791420961067,1.4358719830053481,0.0004307615949016044,0.00999078886417355
2024-11-14 00:00:00+00:00,0.0018773968756078943,0.0023608519788906423,1.611517010942494,0.00048345510328274817,0.0029570409188491463
2024-11-14 04:00:00+00:00,0.008680135338876621,0.009063352993643997,1.2773921825579166,0.00038321765476737496,0.019009845377760723
2024-11-14 08:00:00+00:00,0.011654009379917573,0.012171914126870078,1.7263491565083466,0.000517904746952504,-0.02103422700132
2024-11-14 12:00:00+00:00,-0.0011882199938843471,-0.0006654062795808682,1.7427123810115965,0.0005228137143034789,-0.0231950195242813
2024-11-14 16:00:00+00:00,-0.002638243539869161,-0.0021829148044793874,1.5177624512992456,0.0004553287353897736,0.025345925725618126
2024-11-14 20:00:00+00:00,-0.004436317514465965,-0.0039433897989315115,1.6430923851148445,0.0004929277155344533,-0.025025172711271988
2024-11-15 00:00:00+00:00,0.0009939437128285524,0.0014608029497056815,1.5561974562570968,0.000466859236877129,0.012266414555991685
2024-11-15 04:00:00+00:00,0.015844514681798084,0.01632756001034302,1.6101510951497864,0.00048304532854493587,-0.0037334030536083315
2024-11-15 08:00:00+00:00,0.0029632354376062865,0.0034907434218294877,1.758359947410671,0.0005275079842232013,0.023364364160133794
2024-11-15 12:00:00+00:00,-0.02548581839856524,-0.02498466794390682,1.670501515528073,0.0005011504546584218,-0.013121598084488983
2024-11-15 16:00:00+00:00,-0.007238894383401205,-0.006926192828937181,1.042338514880078,0.00031270155446402333,0.02136136882450661
2024-11-15 20:00:00+00:00,0.009714687854183399,0.010040119983752496,1.0847737652303246,0.0003254321295690974,0.02381694411328883
2024-11-16 00:00:00+00:00,-0.013914793619146293,-0.013405812516223829,1.696603676408212,0.0005089811029224636,0.029815217458620324
2024-11-16 04:00:00+00:00,0.003949660950713075,0.00430449553188313,1.1827819372335167,0.00035483458117005495,0.0015549590598009186
2024-11-16 08:00:00+00:00,-0.01151145779514517,-0.011045737847601081,1.5523998251469622,0.0004657199475440886,0.029691134225582422
2024-11-16 12:00:00+00:00,-0.02445491701602629,-0.024063507243958095,1.304699240227316,0.0003914097720681948,-0.00957320814765207
2024-11-16 16:00:00+00:00,-0.019629957217433436,-0.019393080233464487,0.7895899465631567,0.000236876983968947,0.03658023320592079
2024-11-16 20:00:00+00:00,-0.0003409545999517659,-5.289386033118133e-05,0.9602024654019486,0.0002880607396205846,-0.006581312034617282
2024-11-17 00:00:00+00:00,0.00030267735092134813,0.0006727490025602856,1.2335721721297916,0.00037007165163893745,-0.015720651467525895
2024-11-17 04:00:00+00:00,0.003108977290850133,0.0034573663347966083,1.1612968131549177,0.0003483890439464753,0.022507174495197804
2024-11-17 08:00:00+00:00,-0.011425853623443808,-0.010996625143224671,1.4307616007304573,0.00042922848021913716,-0.02328958214579266
2024-11-17 12:00:00+00:00,-0.004596544947338765,-0.004296353841301784,1.0006370201232708,0.0003001911060369812,0.004950875741536984
2024-11-17 16:00:00+00:00,0.006090355152755914,0.0064720874904289245,1.272441125576702,0.0003817323376730106,-0.01721895333669869
2024-11-17 20:00:00+00:00,0.0005177505501887112,0.0010054296353636223,1.6255969505830374,0.0004876790851749112,-0.002711322572634518
2024-11-18 00:00:00+00:00,0.0009929301667830582,0.0014279533736979012,1.45007735638281,0.00043502320691484294,0.036165280440579976
2024-11-18 04:00:00+00:00,-0.010905384483889719,-0.010495817551075237,1.3652231093816045,0.0004095669328144813,0.013762470561156693
2024-11-18 08:00:00+00:00,0.003897733036269938,0.0041772218740141484,0.9316294591473675,0.0002794888377442102,-0.028618053342998967
2024-11-18 12:00:00+00:00,0.01149947268223688,0.01202516533761468,1.7523088512593321,0.0005256926553777996,0.03045461270592591
2024-11-18 16:00:00+00:00,0.001575695864443949,0.0021302595330664844,1.8485455620751186,0.0005545636686225355,-0.013499823413900769
2024-11-18 20:00:00+00:00,-0.001087460140132987,-0.0006495909258530524,1.4595640475997822,0.00043786921427993464,0.021719415895994406
2024-11-19 00:00:00+00:00,0.008502397784409543,0.008872239204445378,1.232804733452783,0.0003698414200358349,-0.001003570342230276
2024-11-19 04:00:00+00:00,0.0017638731802442325,0.0022884681122227026,1.748649773261567,0.0005245949319784701,-0.003682706587069536
2024-11-19 08:00:00+00:00,0.00655104125112891,0.0069787937991320275,1.425841826677058,0.0004277525480031174,-0.0026089483859336312
2024-11-19 12:00:00+00:00,0.0029073182492134787,0.003406158104607707,1.6627995179807604,0.000498839855394228,-0.009138349815765471
2024-11-19 16:00:00+00:00,-0.0015324285007605413,-0.0010461786464478406,1.6208328477090022,0.0004862498543127006,0.00943754835163823
2024-11-19 20:00:00+00:00,0.004751518772724205,0.005275154190276493,1.7454513918409607,0.0005236354175522882,-0.011956115728278142
2024-11-20 00:00:00+00:00,0.009904126144859091,0.010386112847666966,1.6066223426929138,0.00048198670280787413,-0.01740504125771314
2024-11-20 04:00:00+00:00,0.0029802962459705463,0.0034790576258791383,1.6625379330286398,0.0004987613799085919,0.013370760274588448
2024-11-20 08:00:00+00:00,-0.027515337952188756,-0.02703597914245788,1.5978626991029188,0.0004793588097308756,0.02044901172080212
2024-11-20 12:00:00+00:00,0.013544390614470348,0.013841892798393908,0.9916739464118662,0.00029750218392355987,5.2701376209313474e-05
2024-11-20 16:00:00+00:00,-0.0025725972476314217,-0.0020423267096740458,1.7675684598579204,0.0005302705379573761,-0.04229201640654815
2024-11-20 20:00:00+00:00,0.0018676200568979082,0.002263205116668677,1.318616865902562,0.0003955850597707686,0.012381374502036364
2024-11-21 00:00:00+00:00,-0.00369910323531284,-0.0032070192376287077,1.6402799922804403,0.0004920839976841321,-0.01336055790196452
2024-11-21 04:00:00+00:00,0.003380173787848655,0.003734402919318817,1.180763771567207,0.0003542291314701621,0.022785033123307662
2024-11-21 08:00:00+00:00,0.0006252173974906234,0.0010510896341470902,1.4195741221882228,0.00042587223665646677,-0.00413344931859396
2024-11-21 12:00:00+00:00,0.00546561002351312,0.005914992762394771,1.497942462938835,0.00044938273888165043,0.037910339985732226
2024-11-21 16:00:00+00:00,0.013893643321484985,0.014331732060384432,1.4602957963314882,0.0004380887388994464,0.010187231342874725
2024-11-21 20:00:00+00:00,-0.006091818884576598,-0.005679598065483976,1.3740693969754068,0.000412220819092622,0.013482451918127476
2024-11-22 00:00:00+00:00,-0.029990612465586316,-0.029623640696033803,1.2232392318417091,0.0003669717695525127,0.019908978897384515
2024-11-22 04:00:00+00:00,0.0056663663144219676,0.005925005414826778,0.8621303346826991,0.0002586391004048097,-0.005392567225690044
2024-11-22 08:00:00+00:00,0.009472823452788196,0.010001260358504273,1.7614563523869253,0.0005284369057160775,0.018093108929643945
2024-11-22 12:00:00+00:00,-0.011933799388441673,-0.011442542756868129,1.6375221052451445,0.0004912566315735433,0.010757842734580652
2024-11-22 16:00:00+00:00,0.006888617989964622,0.007210344696226132,1.0724223542050324,0.0003217267062615097,-0.007528631662372648
2024-11-22 20:00:00+00:00,-0.00096913736312068,-0.0004748486502147547,1.647629043019751,0.0004942887129059253,0.04460048211366991
2024-11-23 00:00:00+00:00,0.0024087694652065645,0.0028705241773289733,1.539182373741363,0.0004617547121224089,0.02749278492587149
2024-11-23 04:00:00+00:00,-0.008478307862815941,-0.008038895137612885,1.4647090840101873,0.00043941272520305616,0.016125644156343915
2024-11-23 08:00:00+00:00,-0.011952563670192907,-0.01158565478782611,1.2230296078893244,0.0003669088823667973,0.0009727028828049714
2024-11-23 12:00:00+00:00,-0.021159953499230458,-0.020884186655597787,0.9192228121088996,0.00027576684363266984,0.03545515521366934
2024-11-23 16:00:00+00:00,-0.006766461554034452,-0.006484021531462629,0.941466741906078,0.0002824400225718234,-0.030903498490933407
2024-11-23 20:00:00+00:00,0.005436976095984906,0.005784583390326431,1.1586909811384154,0.00034760729434152456,-0.003462373961358864
2024-11-24 00:00:00+00:00,-0.004254821523925701,-0.0037533655956451147,1.6715197609352883,0.0005014559282805864,0.03608406256513176
2024-11-24 04:00:00+00:00,0.013110490511883155,0.013561989696254422,1.504997281237561,0.00045149918437126826,-0.007531959542598678
2024-11-24 08:00:00+00:00,-0.000462343253733844,5.157371195096353e-05,1.7130565522826917,0.0005139169656848075,-0.050247090205088225
2024-11-24 12:00:00+00:00,0.00829287071211751,0.008739737924834814,1.489557375724344,0.0004468672127173032,-0.02752802311564988
2024-11-24 16:00:00+00:00,0.004611236517376646,0.005046263955174219,1.4500914593252416,0.00043502743779757244,0.025564527830393403
2024-11-24 20:00:00+00:00,-0.006108949780795985,-0.005679772526879139,1.4305908463894874,0.0004291772539168462,0.03721342470287866
2024-11-25 00:00:00+00:00,0.011151791583373859,0.0115179295858639,1.2204600083001382,0.00036613800249004144,-0.01270950679386986
2024-11-25 04:00:00+00:00,0.018108587879993043,0.01865852545695399,1.833125256536492,0.0005499375769609476,0.02402480245115824
2024-11-25 08:00:00+00:00,-0.006666244286810938,-0.0061034158380312755,1.8760948292655428,0.0005628284487796628,0.00974399165295895
2024-11-25 12:00:00+00:00,-0.019445857672062965,-0.0190948144371143,1.1701441164955497,0.0003510432349486649,-0.008730367006940312
2024-11-25 16:00:00+00:00,0.006078282848060401,0.006348735385920188,0.9015084595326202,0.000270452537859786,-0.019731503115863566
2024-11-25 20:00:00+00:00,0.010123091778642937,0.01061470065224769,1.6386962453491727,0.0004916088736047517,-0.027705044770942808
2024-11-26 00:00:00+00:00,0.0032059051321031017,0.0037085716860207427,1.6755551797254704,0.0005026665539176411,0.012500375401688964
2024-11-26 04:00:00+00:00,-0.001844612974034286,-0.0013433616857998964,1.6708376274479655,0.0005012512882343896,-0.01305639273996495
2024-11-26 08:00:00+00:00,-0.0023565262563565365,-0.0019775464715966673,1.2632659491995644,0.0003789797847598693,-0.045351214924736614
2024-11-26 12:00:00+00:00,-0.008153162561425282,-0.00771913439190775,1.4467605650584405,0.0004340281695175321,0.017091888643614165
2024-11-26 16:00:00+00:00,0.0038089537559591173,0.004163842833084336,1.1829635904173963,0.00035488907712521886,0.00033056456638493617
2024-11-26 20:00:00+00:00,0.0036261291636669815,0.004092276844901361,1.5538256041146,0.0004661476812343799,0.024718636324327498
2024-11-27 00:00:00+00:00,-0.0027718926409521054,-0.002263939824558444,1.6931760546455386,0.0005079528163936615,-0.003903710164650827
2024-11-27 04:00:00+00:00,0.0009598273035175875,0.0013450232025835705,1.2839863302199435,0.000385195899065983,0.029179325219874482
2024-11-27 08:00:00+00:00,0.008021321677447665,0.008451845653559345,1.435079920372266,0.00043052397611167975,0.0035943714572700663
2024-11-27 12:00:00+00:00,0.0032706856087744082,0.0037973080237992778,1.755408050082899,0.0005266224150248696,0.01898211254128675
2024-11-27 16:00:00+00:00,-0.00111854653033249,-0.000671550022223974,1.4899883603617203,0.00044699650810851605,-0.003280668429976456
2024-11-27 20:00:00+00:00,-0.008813111297183429,-0.008425371519559395,1.292465925413451,0.00038773977762403527,0.020447578066238876
2024-11-28 00:00:00+00:00,0.015062136130138824,0.015401812974646892,1.1322561483602267,0.000339676844508068,-0.014943779454530529
2024-11-28 04:00:00+00:00,-0.0030773397532016093,-0.00250931315274852,1.8934220015102976,0.0005680266004530893,-0.006256901401854511
2024-11-28 08:00:00+00:00,0.007142953915821112,0.007517774459151751,1.2494018111021283,0.00037482054333063845,0.0013086492208430481
2024-11-28 12:00:00+00:00,-0.00011211126933798098,0.0002880305997787977,1.3338062303892624,0.00040014186911677867,-0.02081703691429256
2024-11-28 16:00:00+00:00,-0.001396974668199242,-0.0008400826252480807,1.8563068098372044,0.0005568920429511613,0.0222019221477093
2024-11-28 20:00:00+00:00,-0.006351568815528193,-0.005813911835143945,1.7921899346141588,0.0005376569803842476,0.011129882566925748
2024-11-29 00:00:00+00:00,0.001260712384526842,0.0015963227052015415,1.118701068915665,0.00033561032067469943,0.001667189432562904
2024-11-29 04:00:00+00:00,0.0021060628326841167,0.002582978434215637,1.5897186717717346,0.00047691560153152035,-0.010169929001237398
2024-11-29 08:00:00+00:00,-0.004527661875917356,-0.0040751699661829115,1.5083063657814804,0.0004524919097344441,0.023162530698039183
2024-11-29 12:00:00+00:00,0.008152380071433377,0.008598292486872102,1.4863747181290843,0.0004459124154387252,0.008832502391560963
2024-11-29 16:00:00+00:00,0.0009936325104391362,0.0015034046464942805,1.6992404535171477,0.0005097721360551443,-0.002095007483884359
2024-11-29 20:00:00+00:00,0.007353430455769014,0.007824340743184019,1.5697009580500145,0.00047091028741500434,0.013578555936601386
2024-11-30 00:00:00+00:00,0.008552514232020966,0.008987804958002221,1.4509690866041858,0.0004352907259812557,-0.0016119829090202238
2024-11-30 04:00:00+00:00,0.0048977513753799655,0.005390434376716803,1.6422766711227907,0.0004926830013368372,0.018009508035861786
2024-11-30 08:00:00+00:00,0.0036760966997258573,0.004133090222230056,1.5233117416806639,0.00045699352250419913,-0.015816311619317652
2024-11-30 12:00:00+00:00,0.00029837436548026,0.0008065312295256536,1.6938562134846453,0.0005081568640453936,0.007711526692049455
2024-11-30 16:00:00+00:00,-0.0010422078249636767,-0.0006140803876183382,1.4270914578177947,0.0004281274373453384,0.011453136482751513
2024-11-30 20:00:00+00:00,0.003935720278254916,0.004275439769249661,1.1323983033158176,0.00033971949099474523,-0.005038730938153768
2024-12-01 00:00:00+00:00,0.003317574346716179,0.003809587682633494,1.6400444530577172,0.0004920133359173151,-0.0176941541508607
2024-12-01 04:00:00+00:00,0.0020832217457903276,0.002528580225921128,1.484528267102668,0.0004453584801308004,0.002408660243032069
2024-12-01 08:00:00+00:00,0.0038646699691601985,0.0043676027234908705,1.6764425144355735,0.000502932754330672,0.009197152065649083
2024-12-01 12:00:00+00:00,0.008360573368921953,0.008857626966710276,1.6568453259610776,0.0004970535977883232,0.010832168667853297
2024-12-01 16:00:00+00:00,0.021970077497083483,0.022501676293053954,1.7719959865682378,0.0005315987959704713,0.0003019507705017949
2024-12-01 20:00:00+00:00,-0.02975971689305915,-0.029193789754207066,1.8864237961736159,0.0005659271388520847,0.01599765323058285
2024-12-02 00:00:00+00:00,-0.011393831308505296,-0.011179940759481276,0.7129684967467315,0.00021389054902401942,-0.0030416394635124876
2024-12-02 04:00:00+00:00,-0.007728141718664429,-0.0073389767487655275,1.297216566329673,0.00038916496989890186,-0.002626968422785131
2024-12-02 08:00:00+00:00,-0.010548701855100472,-0.010161016090923444,1.2922858805900925,0.0003876857641770277,-0.03693736818729826
2024-12-02 12:00:00+00:00,0.010700687722825784,0.011052280561015704,1.171976127299731,0.0003515928381899193,0.061875506531680266
2024-12-02 16:00:00+00:00,-0.020315651342749395,-0.019851600093441026,1.5468374976945607,0.00046405124930836816,-0.0008318187746913933
2024-12-02 20:00:00+00:00,-0.002592182308911834,-0.002289177557515771,1.0100158379868776,0.00030300475139606326,0.04199801778371106
2024-12-03 00:00:00+00:00,0.016332932683990053,0.01679709471523161,1.5472067708051853,0.00046416203124155557,0.01078621826542469
2024-12-03 04:00:00+00:00,0.007673320580373287,0.008185811312912475,1.7083024417972936,0.000512490732539188,-0.004181573297986525
2024-12-03 08:00:00+00:00,0.0070924523924879804,0.007534270130552056,1.4727257935469182,0.0004418177380640754,0.01212721192584435
2024-12-03 12:00:00+00:00,0.014631532933209394,0.01506175529398359,1.4340745359139893,0.0004302223607741967,-0.03615014231076166
2024-12-03 16:00:00+00:00,-0.0016102744409481054,-0.001076806263606889,1.7782272578040548,0.0005334681773412164,0.009450984513013946
2024-12-03 20:00:00+00:00,-0.015492976399875418,-0.015066988964491919,1.4199581179450005,0.0004259874353835001,0.02348982812413986
2024-12-04 00:00:00+00:00,-0.004010847128540469,-0.0036594376123603644,1.1713650539336804,0.0003514095161801041,0.01047604274698349
2024-12-04 04:00:00+00:00,0.0015881327339091554,0.0019594777096753452,1.2378165858872996,0.00037134497576618987,0.017327548718191296
2024-12-04 08:00:00+00:00,0.007328862481517698,0.0077726125160134715,1.4791667816525769,0.000443750034495773,0.013695025356433136
2024-12-04 12:00:00+00:00,0.006948974518867495,0.007375013773811661,1.420130849813888,0.0004260392549441664,0.001099588909910798
2024-12-04 16:00:00+00:00,-0.003992879161636061,-0.003519857695418356,1.5767382207256826,0.00047302146621770475,-0.004896306168754276
2024-12-04 20:00:00+00:00,0.0010259075332153308,0.001394137834272536,1.2274343368573504,0.0003682303010572051,-0.016946922083243696
2024-12-05 00:00:00+00:00,-0.010674192457203087,-0.010276828686021255,1.3245459039394398,0.0003973637711818319,-0.01980987412333776
2024-12-05 04:00:00+00:00,0.008889097834901098,0.009352275391692214,1.543925189303716,0.0004631775567911148,0.0205820745946931
2024-12-05 08:00:00+00:00,0.005249037450087854,0.0057650906487855605,1.7201773289923556,0.0005160531986977067,0.020112471786492135
2024-12-05 12:00:00+00:00,0.006764124006184224,0.007215239659027966,1.5037188428124746,0.0004511156528437423,-0.0024142478421858866
2024-12-05 16:00:00+00:00,0.01636888052498007,0.016893998677184347,1.7503938406809314,0.0005251181522042793,-0.01809964743526599
2024-12-05 20:00:00+00:00,0.012494453931653588,0.013036325142636064,1.806237369941588,0.0005418712109824764,-0.014463254667121683
2024-12-06 00:00:00+00:00,0.0025658968461558596,0.0030491525716673695,1.6108524183717006,0.0004832557255115101,0.028120419537695698
2024-12-06 04:00:00+00:00,0.0021531536346976127,0.0026020939107614985,1.49646758687962,0.00044894027606388594,0.004155797295491517
2024-12-06 08:00:00+00:00,0.005122746091201856,0.005552760883986934,1.433382642616927,0.00043001479278507803,-0.022625825335020156
2024-12-06 12:00:00+00:00,-0.010221011338860183,-0.009822086807860909,1.329748436664248,0.0003989245309992744,0.02297176173456171
2024-12-06 16:00:00+00:00,-0.0015449076551538412,-0.0011742501623573194,1.2355249759884064,0.0003706574927965219,0.02164251617650732
2024-12-06 20:00:00+00:00,0.001562040442004325,0.0019806858940797515,1.3954848402514215,0.0004186454520754264,-0.00319409137233689
2024-12-07 00:00:00+00:00,-0.0036365075572313403,-0.003202438764348411,1.4468959762764304,0.0004340687928829291,0.0031278767316203593
2024-12-07 04:00:00+00:00,0.006670651075600739,0.007102401117742852,1.4391668071403776,0.00043175004214211326,-0.0043927054198587
2024-12-07 08:00:00+00:00,-0.002270843014791514,-0.0018314445875291213,1.464661424207977,0.000439398427262393,0.002300629518557264
2024-12-07 12:00:00+00:00,-0.0025510852687594004,-0.0021807545231638907,1.2344358186516986,0.0003703307455955095,0.005782192269947813
2024-12-07 16:00:00+00:00,-0.004075958766895295,-0.003687087301112472,1.2962382192760757,0.0003888714657828227,-0.004698977618316326
2024-12-07 20:00:00+00:00,0.011087164244976067,0.011382094613656022,0.983101228933184,0.00029493036867995516,-0.001118384911251948
2024-12-08 00:00:00+00:00,0.010271328904366033,0.010808244458920884,1.7897185151828343,0.0005369155545548503,0.0013298343117677035
2024-12-08 04:00:00+00:00,0.0018528054946342824,0.002418669065990463,1.8862119045206023,0.0005658635713561807,-0.005536091529881411
2024-12-08 08:00:00+00:00,-0.01442588512518941,-0.013977558213338561,1.4944230395028324,0.0004483269118508497,-0.001321180800947903
2024-12-08 12:00:00+00:00,0.004921978045182834,0.00521461465148477,0.975455354339787,0.0002926366063019361,0.0026286469710862827
2024-12-08 16:00:00+00:00,-0.0020102867305784966,-0.0014951019907829307,1.71728246598522,0.000515184739795566,-0.004439862246891119
2024-12-08 20:00:00+00:00,0.0016413947282392337,0.0020506354691481503,1.3641358030297224,0.0004092407409089167,0.010610023433651668
2024-12-09 00:00:00+00:00,0.005973567386357077,0.006434962593598761,1.5379840241389449,0.0004613952072416834,-0.03377187274046278
2024-12-09 04:00:00+00:00,0.005567234312136786,0.006074648539456272,1.6913807577316222,0.0005074142273194867,-0.004136980133820676
2024-12-09 08:00:00+00:00,-0.0016220028713157687,-0.0010902575667603026,1.77248434851822,0.0005317453045554659,-0.039524321167860046
2024-12-09 12:00:00+00:00,-0.001404909742423359,-0.0009698311640582749,1.4502619278836142,0.0004350785783650842,0.002037254243202551
2024-12-09 16:00:00+00:00,-0.007541472370287574,-0.007122759227065011,1.3957104774085431,0.0004187131432225629,-0.002349329166282832
2024-12-09 20:00:00+00:00,0.01201956037474007,0.012335828893352739,1.0542283953755682,0.0003162685186126704,-0.06929563945019691
2024-12-10 00:00:00+00:00,-0.005516768594682807,-0.00509405324862458,1.4090511535274235,0.000422715346058227,-0.028493896821255398
2024-12-10 04:00:00+00:00,0.011197975842736256,0.011525473559596629,1.091659056201245,0.00032749771686037347,0.029152713649882003
2024-12-10 08:00:00+00:00,-0.0025981515436508387,-0.002084992747231608,1.7105293213974353,0.0005131587964192306,0.006722454469517436
2024-12-10 12:00:00+00:00,0.006998694583607914,0.007384281075969628,1.285288307872378,0.00038558649236171335,-0.06599003374102573
2024-12-10 16:00:00+00:00,0.006722218013089507,0.007267008296142178,1.8159676101755673,0.0005447902830526701,0.01446917273308718
2024-12-10 20:00:00+00:00,0.006915961113245526,0.007419149309888463,1.6772939888097913,0.0005031881966429373,0.030976636323711948
2024-12-11 00:00:00+00:00,0.013965205844718815,0.014513535437709191,1.8277653099679176,0.0005483295929903753,-0.001286195708286227
2024-12-11 04:00:00+00:00,-0.0018102396086413998,-0.001287911689160963,1.7410930649347893,0.0005223279194804367,-0.005764515399377619
2024-12-11 08:00:00+00:00,0.0027394747778004404,0.0031522583013919073,1.375945078638223,0.00041278352359146685,0.027015489165005388
2024-12-11 12:00:00+00:00,0.007404489626895345,0.007854286459399232,1.49932277501296,0.00044979683250388796,0.04834319834834176
2024-12-11 16:00:00+00:00,-0.0024334252619394605,-0.0020262838411787016,1.35713806920253,0.000407141420760759,0.004126611630437071
2024-12-11 20:00:00+00:00,-0.0025011172050071104,-0.0020203809661196387,1.602454129624906,0.00048073623888747176,0.0036738791306477874
2024-12-12 00:00:00+00:00,-0.013815102164942384,-0.013379426047221024,1.452253725737864,0.00043567611772135916,0.0400763433172652
2024-12-12 04:00:00+00:00,-0.01081136972406693,-0.010451452842390786,1.199722938920479,0.0003599168816761437,0.006966071669129581
2024-12-12 08:00:00+00:00,0.011511418694839268,0.011919433062927054,1.360047893625955,0.0004080143680877865,-0.01406157304656116
2024-12-12 12:00:00+00:00,-0.005315403046594562,-0.0047565997657277,1.8626776028895402,0.000558803280866862,0.015791995338317544
2024-12-12 16:00:00+00:00,0.003843610533265038,0.004308205148935206,1.5486487189005607,0.00046459461567016814,-0.023649728582862864
2024-12-12 20:00:00+00:00,0.008607112937954546,0.009073627481001675,1.5550484768237633,0.000466514543047129,0.007596213426160838
2024-12-13 00:00:00+00:00,-0.008504787507319707,-0.008039460390459986,1.551090389532405,0.00046532711685972147,0.010787380208735512
2024-12-13 04:00:00+00:00,0.0021889578938136187,0.002615179150489772,1.4207375222538454,0.0004262212566761536,-0.015183292692059692
2024-12-13 08:00:00+00:00,-0.010522425808267085,-0.01002286588601172,1.6651997408512211,0.0004995599222553663,0.011763541790506656
2024-12-13 12:00:00+00:00,0.0015858300990744484,0.0019807174309837442,1.3162911063643195,0.0003948873319092958,-0.009975312289481656
2024-12-13 16:00:00+00:00,0.004569889631693715,0.005049098779440998,1.5973638258242768,0.000479209147747283,0.005193103360866817
2024-12-13 20:00:00+00:00,0.00405609963400281,0.004554157064769181,1.6601914358879042,0.0004980574307663712,0.008332320951361508
2024-12-14 00:00:00+00:00,-0.0010971219727202825,-0.0005844764667333819,1.708818353289669,0.0005126455059869006,0.0018106206581084612
2024-12-14 04:00:00+00:00,8.762454992450747e-05,0.00043512626019604866,1.1583390342384707,0.0003475017102715412,0.00031921231122164007
2024-12-14 08:00:00+00:00,-0.0034436549396029527,-0.0030259801718537293,1.3922492258307453,0.00041767476774922356,-0.008333790369065537
2024-12-14 12:00:00+00:00,0.004171758893922495,0.004548919989999429,1.2572036535897795,0.00037716109607693383,-0.01642552623333354
2024-12-14 16:00:00+00:00,0.00024346474271113347,0.0007451060040625454,1.6721375378380399,0.0005016412613514119,-0.019174382697793643
2024-12-14 20:00:00+00:00,-0.0001771831333916157,0.00025584922435357716,1.4434411924839763,0.00043303235774519287,0.008003909832496063
2024-12-15 00:00:00+00:00,0.004372782202641931,0.004796731507708896,1.413164350223214,0.00042394930506696417,-0.0007403653981842219
2024-12-15 04:00:00+00:00,0.0004911483846789827,0.0010153328712503564,1.7472816219045793,0.0005241844865713737,-0.014238475253890645
2024-12-15 08:00:00+00:00,-0.0018329519699362025,-0.0013713475486813382,1.5386814041828811,0.0004616044212548643,0.013721099448370314
2024-12-15 12:00:00+00:00,-0.0026824162080948603,-0.0022670168488369644,1.3846645308596537,0.00041539935925789605,0.017804716784741343
2024-12-15 16:00:00+00:00,-0.00402307875721072,-0.0036137606895587687,1.3643935588398364,0.00040931806765195087,0.0037441070682581114
2024-12-15 20:00:00+00:00,0.004267754977149938,0.004620153040903379,1.1746602125114696,0.00035239806375344086,0.007455828570729827
2024-12-16 00:00:00+00:00,-0.0026469952453896054,-0.0021345230789517333,1.7082405547929063,0.0005124721664378719,-0.011057252640839859
2024-12-16 04:00:00+00:00,0.003291307077353761,0.003721257871510838,1.4331693138569241,0.0004299507941570772,0.0038044283795946173
2024-12-16 08:00:00+00:00,-0.0015790571201275846,-0.0011176151946905443,1.5381397514568007,0.0004614419254370402,-0.02484241136095309
2024-12-16 12:00:00+00:00,0.002143274160796676,0.002662975244284229,1.7323369449585089,0.0005197010834875526,0.016526805788285158
2024-12-16 16:00:00+00:00,0.00722824448989821,0.007729268371376148,1.6700796049264603,0.000501023881477938,0.01564770878069232
2024-12-16 20:00:00+00:00,-0.0009088582118777328,-0.00038195904075338316,1.756330570414499,0.0005268991711243497,-0.015419009772041536
2024-12-17 00:00:00+00:00,0.0018111257327441412,0.0022690393314878177,1.5263786624789222,0.0004579135987436766,0.002381392281112841
2024-12-17 04:00:00+00:00,0.0009239595003247682,0.0014003458348124118,1.5879544482921453,0.00047638633448764356,-0.006728545489053785
2024-12-17 08:00:00+00:00,-0.003301237848156615,-0.002815817667291218,1.6180672695513236,0.00048542018086539707,0.017821648866728768
2024-12-17 12:00:00+00:00,-0.004491231389100813,-0.004107883524997864,1.277826213676496,0.00038334786410294873,-0.025728982006250883
2024-12-17 16:00:00+00:00,-0.0011264071837522468,-0.00078334054450176,1.143555464168289,0.0003430666392504867,0.0050138537530710235
2024-12-17 20:00:00+00:00,0.004385617742666716,0.004785670233787677,1.333508303736537,0.00040005249112096104,-0.018419478980789942
2024-12-18 00:00:00+00:00,-0.0028246542238003847,-0.0022801601138235676,1.8149803665893907,0.0005444941099768171,-0.011978006940257739
2024-12-18 04:00:00+00:00,0.0013162567470122106,0.001717046749108313,1.335966673653675,0.00040079000209610247,-0.008761434935749997
2024-12-18 08:00:00+00:00,0.005774696897167952,0.006254761262162055,1.6002145499803442,0.00048006436499410324,0.015483401502058977
2024-12-18 12:00:00+00:00,0.008182715408720504,0.008743984872011364,1.8708982109695316,0.0005612694632908594,-0.014164640375510103
2024-12-18 16:00:00+00:00,-0.002290224024300713,-0.0017475175013632947,1.809021743124728,0.0005427065229374183,-0.018784042847187012
2024-12-18 20:00:00+00:00,0.0034603738414038542,0.0038501144453859455,1.2991353466069713,0.00038974060398209136,-0.045900866776429614
2024-12-19 00:00:00+00:00,-0.001470570805344274,-0.00113838690802278,1.107279657738314,0.00033218389732149413,0.003986769548674986
2024-12-19 04:00:00+00:00,0.0016664559659095727,0.0020779528317965124,1.371656219623133,0.00041149686588693986,0.002614732965996804
2024-12-19 08:00:00+00:00,0.00969335387967176,0.010075201706208153,1.2728260884546427,0.0003818478265363928,0.009924860905307439
2024-12-19 12:00:00+00:00,-0.003620168737237725,-0.003082792903815323,1.7912527780746728,0.0005373758334224018,-0.03372376060413591
2024-12-19 16:00:00+00:00,0.0018007835404419054,0.00216968793642016,1.2296813199275163,0.00036890439597825483,-0.07142788799882388
2024-12-19 20:00:00+00:00,-0.001953535158988737,-0.001467740275164557,1.619316279413933,0.00048579488382417986,0.00972205770401272
2024-12-20 00:00:00+00:00,0.004190564072441436,0.004696302763425624,1.6857956366139617,0.0005057386909841884,0.017502242233465668
2024-12-20 04:00:00+00:00,0.0018904317844869376,0.0023508772940852253,1.5348183653276257,0.0004604455095982877,-0.018799607472280756
2024-12-20 08:00:00+00:00,0.010620538557340607,0.011091821343969332,1.570942622095753,0.00047128278662872587,-0.11653214179211
2024-12-20 12:00:00+00:00,-0.002777323215506036,-0.0022556787862266295,1.7388147642646885,0.0005216444292794065,0.11092120039236629
2024-12-20 16:00:00+00:00,-0.0001489095324392326,0.000280124180660383,1.4301123769987187,0.0004290337130996156,0.03456011704474139
2024-12-20 20:00:00+00:00,0.0006107278186965521,0.0009518630839681218,1.1371175509052323,0.00034113526527156964,0.009973596631239293
2024-12-21 00:00:00+00:00,0.0027129271115112607,0.003167342611260792,1.5147183324984388,0.0004544154997495316,-0.0031763317920608805
2024-12-21 04:00:00+00:00,0.01783000627643041,0.018334826235071114,1.682733195469013,0.0005048199586407038,0.04772554511756315
2024-12-21 08:00:00+00:00,0.007695572247329015,0.00819511260783568,1.665134535022217,0.0004995403605066651,-0.031000899660064
2024-12-21 12:00:00+00:00,-0.008930298741128625,-0.008505276286683114,1.41674151481837,0.00042502245444551095,-0.035187249612721946
2024-12-21 16:00:00+00:00,-0.01718200989476705,-0.01689849162252758,0.9450609074649013,0.00028351827223947035,-0.025105679431428978
2024-12-21 20:00:00+00:00,-0.001138027874848857,-0.0009387278017165559,0.6643335771076702,0.00019930007313230104,0.0011906675901344394
2024-12-22 00:00:00+00:00,0.001782095750072056,0.002257245384627503,1.5838321151848245,0.0004751496345554473,-1.943232088582015e-05
2024-12-22 04:00:00+00:00,-0.003964732470690209,-0.0034480248203919974,1.7223588343273732,0.0005167076502982119,-0.005673251454618787
2024-12-22 08:00:00+00:00,-0.0012210600917590556,-0.0008821729009094224,1.129623969498777,0.0003388871908496331,0.018338786894227455
2024-12-22 12:00:00+00:00,-0.015453015518026152,-0.014953761236922746,1.6641809370113543,0.0004992542811034063,-0.02682685084015962
2024-12-22 16:00:00+00:00,0.007529029766488551,0.007873996502612206,1.1498891204121853,0.00034496673612365557,-0.013340574499126113
2024-12-22 20:00:00+00:00,-0.000326420969564894,0.00016446936968167783,1.6363011308219062,0.0004908903392465718,0.011174160246401152
2024-12-23 00:00:00+00:00,-0.0023026259861501923,-0.0018137631094833802,1.6295429222227074,0.0004888628766668121,0.0291526813749554
2024-12-23 04:00:00+00:00,-0.00013545974081598168,0.00014360637487377775,0.9302203856325316,0.00027906611568975944,-0.023191215196112135
2024-12-23 08:00:00+00:00,-0.0007175603978626479,-0.00024605960624677725,1.5716693053862356,0.00047150079161587064,0.010865804953499966
2024-12-23 12:00:00+00:00,-0.002406418018762086,-0.0019600793270553667,1.4877956390223976,0.00044633869170671925,-0.022537463239002173
2024-12-23 16:00:00+00:00,0.0072840145158808,0.007639504717064859,1.184967337280196,0.0003554902011840588,0.03028503943688329
2024-12-23 20:00:00+00:00,0.004997689363608081,0.005377602428848739,1.2663768841355287,0.0003799130652406586,0.043786799330614974
2024-12-24 00:00:00+00:00,0.002446834096988486,0.00292175403100407,1.5830664467186129,0.0004749199340155838,-0.011491953730303192
2024-12-24 04:00:00+00:00,-0.0012636877411101393,-0.0007673245126505947,1.6545440948651482,0.0004963632284595445,-0.0009979219857924441
2024-12-24 08:00:00+00:00,-0.001065103078533438,-0.000680661687842598,1.2814713023028,0.00038444139069083994,0.0026022959909084366
2024-12-24 12:00:00+00:00,-0.001115350621617813,-0.0007259910665238854,1.2978651836464252,0.0003893595550939275,0.035177084624955425
2024-12-24 16:00:00+00:00,0.004644026717111128,0.005138906651490874,1.6495997812658185,0.0004948799343797455,-0.010304310593744526
2024-12-24 20:00:00+00:00,0.0004267173616460578,0.000988115811749942,1.8713281670129471,0.0005613984501038841,0.006933544814946274
2024-12-25 00:00:00+00:00,0.010140709314620466,0.010641182777275411,1.6682448755164816,0.0005004734626549444,-0.006573374751356919
2024-12-25 04:00:00+00:00,0.0024662972310451736,0.0029920527898792716,1.7525185294469938,0.0005257555588340981,-0.0047045078490879485
2024-12-25 08:00:00+00:00,-0.00501915614444689,-0.004521612499808305,1.6584788154619479,0.0004975436446385843,-0.00639412185246264
2024-12-25 12:00:00+00:00,0.00017247030322471832,0.0005236117956635162,1.1704716414626597,0.0003511414924387979,0.0030959681261617197
2024-12-25 16:00:00+00:00,0.0033159928177049465,0.0037770486973040477,1.536852931997004,0.0004610558795991011,0.00472798345976553
2024-12-25 20:00:00+00:00,0.009260637617817218,0.009755275793599697,1.6487939192749332,0.00049463817578248,-0.0056532932768848295
2024-12-26 00:00:00+00:00,0.009106263148961508,0.009616628480307195,1.7012177711522931,0.0005103653313456879,-0.013060548378074506
2024-12-26 04:00:00+00:00,0.003044253907780186,0.0035477705768320695,1.6783888968396126,0.0005035166690518837,-0.01643062869200663
2024-12-26 08:00:00+00:00,-0.0033937304760267807,-0.0029383928821006856,1.5177919797536499,0.00045533759392609493,-0.019427978764377726
2024-12-26 12:00:00+00:00,0.0019278352371411888,0.002306019317379898,1.2606136007956972,0.0003781840802387091,-0.01014921910208092
2024-12-26 16:00:00+00:00,0.0013098283269660622,0.0017996026985166516,1.6325812385019645,0.0004897743715505893,-0.0006584759272471171
2024-12-26 20:00:00+00:00,0.0031935975709091406,0.003632385816730338,1.4626274860706585,0.0004387882458211975,-0.003075735594350436
2024-12-27 00:00:00+00:00,0.00469789163295044,0.0052206917065712455,1.7426669120693496,0.0005228000736208049,0.010760164641839742
2024-12-27 04:00:00+00:00,0.0023348686792748208,0.0028294085505233737,1.648466237495177,0.0004945398712485531,-0.00766140305096778
2024-12-27 08:00:00+00:00,0.00014342006696055673,0.0005943271618945966,1.5030236497801333,0.0004509070949340399,0.03149278008999759
2024-12-27 12:00:00+00:00,0.003132229860542069,0.003582691552703555,1.501538973871621,0.00045046169216148626,-0.0357164092743594
2024-12-27 16:00:00+00:00,-0.0005908329308918943,-9.972682503274537e-05,1.63702035286383,0.000491106105859149,0.013018510906493929
2024-12-27 20:00:00+00:00,-0.0009468620546454394,-0.0005232873212375972,1.4119157780261409,0.00042357473340784224,-0.01593701061387268
2024-12-28 00:00:00+00:00,-0.0007517985813239737,-0.0003201499269503258,1.4388288479121598,0.0004316486543736479,0.0037048203684472932
2024-12-28 04:00:00+00:00,-0.0039543034645531635,-0.003549810252572332,1.3483107066027713,0.00040449321198083134,-0.005811121764658609
2024-12-28 08:00:00+00:00,0.0053483660761282316,0.005675247025084055,1.0896031631860779,0.0003268809489558233,0.010412829493666972
2024-12-28 12:00:00+00:00,0.0034123556691042244,0.0038724306000915217,1.533583103290991,0.0004600749309872973,0.006228701503707435
2024-12-28 16:00:00+00:00,-0.0010252293057445548,-0.0005838665551266232,1.4712091687264386,0.0004413627506179315,0.011654811644517949
2024-12-28 20:00:00+00:00,0.0026687729562823613,0.0029694612806481888,1.0022944145527584,0.00030068832436582746,0.006634300502636718
2024-12-29 00:00:00+00:00,-0.00503677493686806,-0.0045090946903369395,1.7589341551037352,0.0005276802465311205,-0.00331179864096803
2024-12-29 04:00:00+00:00,0.005534337802462435,0.005842585199563699,1.0274913236708783,0.00030824739710126343,0.00412300211000156
2024-12-29 08:00:00+00:00,-0.0007233266615515057,-0.0002530607277603088,1.5675531126373228,0.0004702659337911968,-0.0075646490128617756
2024-12-29 12:00:00+00:00,-0.0001617569248434671,0.00027766738912309426,1.4647477132218714,0.00043942431396656135,-0.010278285145665252
2024-12-29 16:00:00+00:00,-0.00029517237840781557,0.00016683277595499904,1.5400171812093821,0.0004620051543628146,-0.011548250010460226
2024-12-29 20:00:00+00:00,0.00011270469076339075,0.0006492832250697723,1.7885951143546055,0.0005365785343063816,-0.010069364919130483
2024-12-30 00:00:00+00:00,0.003054792950797203,0.0035329624371550888,1.5938982878596197,0.0004781694863578859,0.015264958980035848
2024-12-30 04:00:00+00:00,-0.0005984590212042232,-0.00018706628543368656,1.3713091192351226,0.00041139273577053674,-3.9751569897367496e-05
2024-12-30 08:00:00+00:00,0.0010624423524333217,0.0014330879324283617,1.2354852666501337,0.00037064557999504007,-0.0015792483344154206
2024-12-30 12:00:00+00:00,-0.0009589503846485526,-0.000546488491816438,1.3748729761070488,0.0004124618928321146,-0.029991203152898747
2024-12-30 16:00:00+00:00,-0.0010042911218869105,-0.0005650059574064425,1.4642838816015602,0.000439285164480468,0.03644033919494774
2024-12-30 20:00:00+00:00,0.0036781683794070443,0.004085407317677546,1.3574631275683382,0.0004072389382705014,-0.022694471060019997
2024-12-31 00:00:00+00:00,-0.0008983355439881942,-0.00037661833214309255,1.7390573728170058,0.0005217172118451017,-0.011773864898216328
2024-12-31 04:00:00+00:00,0.002830025800851327,0.003279440812389859,1.498050038461774,0.00044941501153853217,0.0014926603823621307
2024-12-31 08:00:00+00:00,-0.0004102146903576546,7.489820871618344e-05,1.6170429969127937,0.00048511289907383806,0.01549268695216964
2024-12-31 12:00:00+00:00,-0.0009699694642193327,-0.0005511099280240269,1.3961984539843528,0.0004188595361953058,0.016447299076470814
2024-12-31 16:00:00+00:00,0.006493348242090772,0.006853159773667045,1.1993717719209067,0.00035981153157627196,-0.022356693248210414
2024-12-31 20:00:00+00:00,0.0003614244851744574,0.0009078723773779224,1.8214929740115502,0.000546447892203465,-0.011882711966443893
2025-01-01 00:00:00+00:00,0.0013870491298627865,0.001817360725752842,1.4343719863001851,0.0004303115958900555,0.006807899394587826
2025-01-01 04:00:00+00:00,0.00396402755244859,0.004387512971730511,1.41161806427307,0.00042348541928192095,-0.0031453930151121336
2025-01-01 08:00:00+00:00,-0.001891142542890819,-0.001371121334233764,1.7334040288568502,0.000520021208657055,-0.0004659770307307086
2025-01-01 12:00:00+00:00,0.0022281666819677194,0.0026398400626644076,1.3722446023222945,0.0004116733806966883,0.018519463267470077
2025-01-01 16:00:00+00:00,-0.011393093690065068,-0.010923047906331241,1.5668192791127575,0.00047004578373382723,0.023353902424844794
2025-01-01 20:00:00+00:00,-0.00018699236459851975,3.294126151997031e-05,0.7331120870616337,0.00021993362611849007,0.004874717486258993
2025-01-02 00:00:00+00:00,-0.002010286446671039,-0.0015723655581802247,1.4597362949693813,0.00043792088849081435,0.015244945853419041
2025-01-02 04:00:00+00:00,0.0020473453595956015,0.0024933406346461053,1.486650916835013,0.0004459952750505039,0.006042667865254223
2025-01-02 08:00:00+00:00,0.004768028476257699,0.005250588207258115,1.6085324366680527,0.00048255973100041577,0.01865329447809415
2025-01-02 12:00:00+00:00,0.002146605668056012,0.002675344265616166,1.7624619918671787,0.0005287385975601535,-0.009703077624056559
2025-01-02 16:00:00+00:00,-0.00037037824905457626,5.1982988934801025e-05,1.4078707932979244,0.0004223612379893773,-0.0015817038611689986
2025-01-02 20:00:00+00:00,-5.439054735323058e-05,0.0003396954853983515,1.3136201091719404,0.0003940860327515821,0.0016826399244771733
2025-01-03 00:00:00+00:00,7.522826907905395e-05,0.0005282340640440873,1.5100193165501115,0.0004530057949650334,0.011027337122804563
2025-01-03 04:00:00+00:00,-0.004492202560654073,-0.004015989918138019,1.5873754750535156,0.00047621264251605463,-0.009363728564083622
2025-01-03 08:00:00+00:00,-0.0057124218142682445,-0.005332519357745505,1.2663415217424636,0.00037990245652273904,0.02958270115909599
2025-01-03 12:00:00+00:00,0.0015856349904238179,0.0019421333668954268,1.1883279215720295,0.00035649837647160884,0.03161119845094076
2025-01-03 16:00:00+00:00,-0.009851438751498059,-0.00940472386490605,1.4890496219733647,0.00044671488659200935,0.007585724874273976
2025-01-03 20:00:00+00:00,-0.0003653225967850755,-9.763699853117301e-05,0.8922853275130085,0.0002676855982539025,0.0002627795000164928
2025-01-04 00:00:00+00:00,0.001343720233239024,0.0018044936475960296,1.5359113811900185,0.0004607734143570055,0.0010568427610227438
2025-01-04 04:00:00+00:00,0.008586218941162963,0.009080509313541757,1.6476345745959817,0.0004942903723787945,0.0021629900374770757
2025-01-04 08:00:00+00:00,-0.001633747106285163,-0.0011009763871603492,1.7759023970827126,0.0005327707191248137,-0.004945623484584429
2025-01-04 12:00:00+00:00,0.00765562880267306,0.00807877331121487,1.4104816951393673,0.00042314450854181014,0.00011468101923771482
2025-01-04 16:00:00+00:00,-0.0034753154202475864,-0.002982366476072469,1.6431631472503923,0.0004929489441751176,0.007719735237783994
2025-01-04 20:00:00+00:00,-0.002639466216815876,-0.0022057017665520753,1.4458815008793358,0.0004337644502638007,0.0058104296593602745
2025-01-05 00:00:00+00:00,0.00434384027754022,0.004740769329280708,1.3230968391349602,0.00039692905174048805,-0.007662480106409249
2025-01-05 04:00:00+00:00,0.004838513249179951,0.005352222145136074,1.712362986520412,0.0005137088959561235,0.004500075850002842
2025-01-05 08:00:00+00:00,0.0028644848317532683,0.0033267148920296304,1.5407668675878734,0.00046223006027636197,-0.010453017712479444
2025-01-05 12:00:00+00:00,0.0008398252749972378,0.001302404480642741,1.5419306854850108,0.0004625792056455032,0.0031311192673094874
2025-01-05 16:00:00+00:00,-0.000738536537280338,-0.0002829461477518501,1.5186346317616266,0.00045559038952848794,0.0034998015661799314
2025-01-05 20:00:00+00:00,-0.002156462449342383,-0.0017702962301969702,1.2872207304847085,0.0003861662191454125,0.009165844610599288
2025-01-06 00:00:00+00:00,-0.0022710805759837585,-0.001945019969612635,1.086868687903745,0.0003260606063711235,0.009693224873293042
2025-01-06 04:00:00+00:00,-0.0005992984124932551,-0.0002245131835171086,1.249284096587155,0.00037478522897614646,-0.009226321938589063
2025-01-06 08:00:00+00:00,-0.0009618943141292409,-0.0005004220952489548,1.538240729600954,0.0004614722188802861,0.004646874019435963
2025-01-06 12:00:00+00:00,0.004267702649127159,0.0046818323770501874,1.3804324264100944,0.0004141297279230283,0.01287734248055286
2025-01-06 16:00:00+00:00,0.003555682160545324,0.00403696028343268,1.6042604096245205,0.00048127812288735613,-0.0014611776275547433
2025-01-06 20:00:00+00:00,-0.001182477978651276,-0.0006847570644578464,1.659069713978099,0.0004977209141934296,-0.006569948740698919
2025-01-07 00:00:00+00:00,-0.0011776486765728736,-0.0007673922860029421,1.3675213018997718,0.0004102563905699315,-0.004301539060735741
2025-01-07 04:00:00+00:00,-0.00039719761615059833,1.0696957820838215e-05,1.3596485799047886,0.0004078945739714365,0.0025937141681107298
2025-01-07 08:00:00+00:00,-0.0034900806858871995,-0.0030508419270579962,1.4641291960973442,0.0004392387588292032,-0.005770862087858826
2025-01-07 12:00:00+00:00,0.005565083950923494,0.005933178149125858,1.2269806606745486,0.00036809419820236453,-0.046205590191517175
2025-01-07 16:00:00+00:00,-0.0009582209492000238,-0.0005470823081365551,1.3704621368782293,0.00041113864106346877,-0.024870456606614362
2025-01-07 20:00:00+00:00,0.0007701566881865747,0.0011260451713264673,1.186294943799642,0.0003558884831398926,-0.007669418400387007
2025-01-08 00:00:00+00:00,0.0024464839608607466,0.0028572376515806014,1.3691789690661826,0.00041075369071985477,-0.009611917925864395
2025-01-08 04:00:00+00:00,-4.0791023963443734e-07,0.0004179692849375447,1.3945906505905974,0.00041837719517717916,-0.016989825399640845
2025-01-08 08:00:00+00:00,0.0003241679220184002,0.0007527608067294795,1.4286429490369312,0.00042859288471107935,0.0008553807426949778
2025-01-08 12:00:00+00:00,0.004851614423706168,0.005339910826444484,1.6276546757943873,0.0004882964027383162,0.00015309824618835912
2025-01-08 16:00:00+00:00,0.012120980716813206,0.012588754031868737,1.559244383518439,0.0004677733150555317,-0.019442859859146643
2025-01-08 20:00:00+00:00,0.005420461907108808,0.005862939445974119,1.4749251295510355,0.0004424775388653106,0.01851454920059426
2025-01-09 00:00:00+00:00,0.007877353222137916,0.008353328323921454,1.5865836726117934,0.000475975101783538,-0.009992202504198007
2025-01-09 04:00:00+00:00,0.0007074413788418654,0.0012653453745532345,1.859679985704564,0.0005579039957113692,-0.02070198702782337
2025-01-09 08:00:00+00:00,-0.0025996123600326394,-0.002198705647933321,1.336355706997728,0.0004009067120993184,0.0060104759240411035
2025-01-09 12:00:00+00:00,0.0036626920568261687,0.004079503138884362,1.389370273527312,0.0004168110820581935,0.012709971326383074
2025-01-09 16:00:00+00:00,-0.004631365211623822,-0.0041448665926382775,1.6216620632851477,0.0004864986189855443,-0.02779554487422095
2025-01-09 20:00:00+00:00,0.01565861041441332,0.016008213256101012,1.1653428056256399,0.00034960284168769195,0.0013634106776720487
2025-01-10 00:00:00+00:00,0.0038365844259386226,0.004406195697257214,1.898704237728637,0.000569611271318591,0.012896153374344303
2025-01-10 04:00:00+00:00,-0.006279852028896511,-0.005838917376423264,1.4697821749108233,0.00044093465247324696,0.023682244203483756
2025-01-10 08:00:00+00:00,0.0024394177363376798,0.0027520656729501103,1.0421597887081013,0.0003126479366124304,-0.0026592140132462223
2025-01-10 12:00:00+00:00,-0.006239462345881928,-0.005730642686819963,1.6960655302065475,0.0005088196590619642,-0.014620988926605167
2025-01-10 16:00:00+00:00,0.006168578467310872,0.0065395993519231504,1.2367362820409271,0.0003710208846122781,0.016788220361655348
2025-01-10 20:00:00+00:00,0.002411830259187652,0.0029403471983741316,1.7617231306215986,0.0005285169391864795,-0.004996440311249004
2025-01-11 00:00:00+00:00,0.00239789303643774,0.0029039411130159106,1.6868269219272356,0.0005060480765781706,-0.011600563754345124
2025-01-11 04:00:00+00:00,-0.0026064629775955197,-0.002169995625898235,1.454891172324283,0.00043646735169728485,-0.001381302538449304
2025-01-11 08:00:00+00:00,-0.0024553262172894016,-0.00205456444579927,1.335872571633773,0.00040076177149013184,0.010296119961889812
2025-01-11 12:00:00+00:00,0.003140527011019711,0.0036082221746371627,1.558983878724839,0.00046769516361745163,-0.007016281901187671
2025-01-11 16:00:00+00:00,0.0008394862133381941,0.0013646002961458451,1.7503802760255036,0.0005251140828076511,0.005975221876198889
2025-01-11 20:00:00+00:00,-0.005509977409160408,-0.005101609959503583,1.3612248321894145,0.0004083674496568243,0.0117265557086179
2025-01-12 00:00:00+00:00,-0.006757473654640718,-0.006366219249979443,1.304181348870918,0.00039125440466127536,-0.0008988987700081562
2025-01-12 04:00:00+00:00,0.0042434121694274515,0.00456111258304457,1.0590013787237285,0.0003177004136171185,-0.004661241608198383
2025-01-12 08:00:00+00:00,-0.001793480920327739,-0.0012750414865921962,1.7281314457851429,0.0005184394337355428,-0.005992537848117256
2025-01-12 12:00:00+00:00,0.007909577042051846,0.008372912487228847,1.5444514839233419,0.0004633354451770025,0.0080255064441684
2025-01-12 16:00:00+00:00,0.00301130726745658,0.0034558568680474995,1.4818320019697326,0.00044454960059091975,-0.003653859797196183
2025-01-12 20:00:00+00:00,-0.0014420594860657257,-0.0009240577264462568,1.7266725320648961,0.0005180017596194688,-0.011451077638057135
2025-01-13 00:00:00+00:00,-0.0034843127453017854,-0.00308826226909068,1.3201682540370192,0.0003960504762111057,-0.01674855207420319
2025-01-13 04:00:00+00:00,-0.002363328142516072,-0.0019286465472268125,1.448938650964198,0.00043468159528925937,-0.013845177761723435
2025-01-13 08:00:00+00:00,-0.00861850727308624,-0.008242862990688481,1.2521476079925293,0.0003756442823977588,-0.0412324657045071
2025-01-13 12:00:00+00:00,0.006687173874458565,0.006936324276525304,0.8305013402224648,0.0002491504020667394,0.029713408577358196
2025-01-13 16:00:00+00:00,0.0002746630222641483,0.0007640042255134938,1.6311373441644854,0.0004893412032493455,-0.012144894640000752
2025-01-13 20:00:00+00:00,0.006051991456172352,0.006496008624609892,1.4800572281251312,0.0004440171684375393,0.03455773367429285
2025-01-14 00:00:00+00:00,6.534840614310982e-05,0.0005942135702600997,1.7628838803899665,0.0005288651641169899,0.004378929068481219
2025-01-14 04:00:00+00:00,-0.007020570788991571,-0.006590230323480403,1.4344682183705617,0.0004303404655111685,2.3333650058171888e-05
2025-01-14 08:00:00+00:00,0.0021494412269090963,0.0025276537615150007,1.2607084486863485,0.0003782125346059045,0.011051625673648884
2025-01-14 12:00:00+00:00,0.0027230205592535268,0.0031905088893943237,1.5582944338026565,0.0004674883301407969,0.007482855226322475
2025-01-14 16:00:00+00:00,0.0025518955000976315,0.0029462903367617407,1.3146494555470307,0.0003943948366641092,0.007667844557662791
2025-01-14 20:00:00+00:00,-0.0009034353414482468,-0.0004538780324554312,1.4985243633093854,0.0004495573089928156,0.004236124016359507
2025-01-15 00:00:00+00:00,0.008875850607126652,0.00923540351781683,1.1985097023005962,0.00035955291069017883,0.0035538401279449202
2025-01-15 04:00:00+00:00,-0.002709749054434077,-0.00219634011718524,1.7113631241627898,0.000513408937248837,0.008052999831886383
2025-01-15 08:00:00+00:00,0.006579593632050808,0.007014679676818883,1.450286815893584,0.00043508604476807515,-0.02049289441906638
2025-01-15 12:00:00+00:00,0.012548788494602009,0.013047141354416238,1.661176199380766,0.0004983528598142298,0.05491824684849503
2025-01-15 16:00:00+00:00,0.0016240782122769215,0.00209407278927406,1.5666485899904616,0.00046999457699713844,0.004971030409812296
2025-01-15 20:00:00+00:00,0.008051055466867,0.008576844043059705,1.7526285873090202,0.000525788576192706,0.019296158604467303
2025-01-16 00:00:00+00:00,0.0019694963548271983,0.0024408488268221964,1.5711749066499943,0.00047135247199499823,-0.019978705315230626
2025-01-16 04:00:00+00:00,0.005757911475192386,0.006140063192677945,1.273839058285197,0.0003821517174855591,0.0035430575327959866
2025-01-16 08:00:00+00:00,-0.002425141686365037,-0.0018357183208967528,1.9647445515609474,0.0005894233654682842,0.005464609204671015
2025-01-16 12:00:00+00:00,-0.001993546701955212,-0.0015194777297678705,1.580229907291139,0.00047406897218734166,0.008644289444824309
2025-01-16 16:00:00+00:00,-0.002241785575846484,-0.0018882079864705388,1.1785919645864835,0.000353577589375945,0.014073628880707276
2025-01-16 20:00:00+00:00,0.010729937391179108,0.011148724750245127,1.3959578635533954,0.00041878735906601856,-0.019224851649151855
2025-01-17 00:00:00+00:00,0.0031480011209565144,0.0036994208075197196,1.8380656218773508,0.0005514196865632052,0.019283194516801924
2025-01-17 04:00:00+00:00,0.0006205676092832575,0.001047781851971317,1.4240474756268655,0.0004272142426880596,0.008249535553147825
2025-01-17 08:00:00+00:00,-0.0001426855554645294,0.0002967978897129767,1.4649448172583537,0.0004394834451775061,0.014763179965600934
2025-01-17 12:00:00+00:00,-0.0037459367044950544,-0.0033545418948204148,1.3046493655821316,0.00039139480967463944,-0.005951541351086207
2025-01-17 16:00:00+00:00,0.0023887044412944348,0.0027949713905345576,1.354223164133743,0.0004062669492401229,0.004518381249361057
2025-01-17 20:00:00+00:00,0.0022625616328623872,0.0026786418325227693,1.3869339988679399,0.0004160801996603819,0.01131679635868156
2025-01-18 00:00:00+00:00,0.005561207462504626,0.006083344560147842,1.7404569921440536,0.000522137097643216,-0.019201604556975112
2025-01-18 04:00:00+00:00,-0.016525400818273115,-0.016026248024369243,1.6638426463462388,0.0004991527939038716,-0.023325462439526705
2025-01-18 08:00:00+00:00,-0.00349847786516924,-0.0032101757093067006,0.9610071862084646,0.00028830215586253934,0.00696649236794283
2025-01-18 12:00:00+00:00,-0.0074657545154370305,-0.0070026175221212916,1.543789977719131,0.0004631369933157393,0.0034521770767561772
2025-01-18 16:00:00+00:00,-0.006031285218289094,-0.005560663340075666,1.56873959404476,0.00047062187821342793,-0.0016801880143846968
2025-01-18 20:00:00+00:00,0.006419388117025212,0.00682370036520072,1.3477074939183593,0.00040431224817550775,0.008585393779603486
2025-01-19 00:00:00+00:00,-0.001923226221113711,-0.0014179687922412517,1.6841914295748643,0.0005052574288724593,0.0007666900852257394
2025-01-19 04:00:00+00:00,0.019018532685837225,0.019420613208216773,1.3402684079318314,0.0004020805223795494,-0.01406081977032497
2025-01-19 08:00:00+00:00,-0.043174905476166765,-0.042623731159801545,1.83724772121741,0.000551174316365223,-0.043545058959234724
2025-01-19 12:00:00+00:00,0.05196956137564099,0.052130755881265936,0.5373150187498331,0.00016119450562494992,0.05835222294026294
2025-01-19 16:00:00+00:00,-0.005748837650929272,-0.005169372237180678,1.9315513791619814,0.0005794654137485943,0.009239577940194437
2025-01-19 20:00:00+00:00,0.0021214937189977384,0.00250985582740909,1.294540361371172,0.0003883621084113515,-0.07449838681473545
2025-01-20 00:00:00+00:00,0.002212895985184496,0.0026855516048675046,1.5755187322766964,0.0004726556196830089,0.002464240309755398
2025-01-20 04:00:00+00:00,0.022106292816809776,0.022566803292141065,1.5350349177709626,0.00046051047533128873,0.060409428237165885
2025-01-20 08:00:00+00:00,0.01147627962334155,0.012027287062560022,1.83669146406158,0.0005510074392184739,-0.005589728126905633
2025-01-20 12:00:00+00:00,0.001649754396968832,0.00222902245717792,1.9308935340302933,0.0005792680602090879,-0.017286568959435405
2025-01-20 16:00:00+00:00,0.001505845890813212,0.0020357291571050694,1.7662775543061915,0.0005298832662918574,-0.01830159439401775
2025-01-20 20:00:00+00:00,0.006174431209036648,0.006630071522250664,1.5188010440467181,0.0004556403132140154,-0.009956206100423333
2025-01-21 00:00:00+00:00,0.006151646649237858,0.00668619429848345,1.7818254974853078,0.0005345476492455923,-0.015255907614136185
2025-01-21 04:00:00+00:00,0.0030781006755923653,0.003604632538718054,1.7551062104189623,0.0005265318631256887,-0.00428542433919487
2025-01-21 08:00:00+00:00,0.008950569060889249,0.009496343983698334,1.8192497426969516,0.0005457749228090854,0.02940003612360437
2025-01-21 12:00:00+00:00,0.0041735095405056955,0.004642337352276074,1.5627593725679272,0.00046882781177037813,0.0014931269882704605
2025-01-21 16:00:00+00:00,-0.003204796765100747,-0.002738336391307807,1.5548679126431326,0.0004664603737929397,0.025583538282237844
2025-01-21 20:00:00+00:00,-4.301477789372699e-05,0.0002913101885804671,1.1144165549139804,0.00033432496647419407,-0.0075756679290458285
2025-01-22 00:00:00+00:00,-0.0009125654161121308,-0.00047978745284048404,1.4425932109054895,0.0004327779632716468,0.0024527739216865696
2025-01-22 04:00:00+00:00,-0.001149160391186395,-0.0007771158195698408,1.2401485720551815,0.0003720445716165544,-0.008471998572827452
2025-01-22 08:00:00+00:00,0.0003839769660443859,0.0007974668203410741,1.378299514322294,0.0004134898542966882,0.006755994883632484
2025-01-22 12:00:00+00:00,0.005680781514541275,0.006106990024257565,1.4206950323876342,0.0004262085097162902,-0.011572472814833156
2025-01-22 16:00:00+00:00,8.195119453860639e-05,0.0005892652309054967,1.6910467878896345,0.0005073140363668903,0.004216810814322321
2025-01-22 20:00:00+00:00,0.005596496416538187,0.00601556790509586,1.396904961858909,0.00041907148855767264,-0.011191815305651701
2025-01-23 00:00:00+00:00,0.0009099307896352226,0.0014376743806812677,1.7591453034868167,0.000527743591046045,-0.010198453001605705
2025-01-23 04:00:00+00:00,0.004005515292943074,0.004488238112231296,1.609076064294074,0.00048272281928822216,-0.004922844302263836
2025-01-23 08:00:00+00:00,0.005573807750153081,0.005998000525458897,1.4139759176860531,0.0004241927753058159,-0.008139295286919779
2025-01-23 12:00:00+00:00,-0.007487114344500734,-0.006966720471538741,1.734646243206642,0.0005203938729619926,0.017999372087189852
2025-01-23 16:00:00+00:00,-0.0050432316331018275,-0.004660038418249708,1.27731071617373,0.000383193214852119,-0.018018788608511672
2025-01-23 20:00:00+00:00,0.003921614065168342,0.004263786915302646,1.1405761671143433,0.000342172850134303,0.02256952518572821
2025-01-24 00:00:00+00:00,0.0006298986736581696,0.0011276953225245283,1.6593221628878627,0.0004977966488663588,-0.011999191595577092
2025-01-24 04:00:00+00:00,0.007480173880068293,0.00797923597000703,1.6635402997957915,0.0004990620899387374,0.0227755518931531
2025-01-24 08:00:00+00:00,-0.0004267161271090694,6.46219208914801e-05,1.6377934933351652,0.0004913380480005495,0.008091424699458187
2025-01-24 12:00:00+00:00,-0.001783680574480675,-0.0012961563069464905,1.625080891780615,0.00048752426753418445,-0.0029308808063735516
2025-01-24 16:00:00+00:00,0.0035327350374702742,0.003943026688112339,1.3676388354735498,0.00041029165064206493,-0.00497644317658895
2025-01-24 20:00:00+00:00,0.0012360563043483331,0.0017322843240996013,1.6540933991708942,0.0004962280197512683,-0.023255791412874
2025-01-25 00:00:00+00:00,0.00092552567210385,0.0013866147091789603,1.5369634569170345,0.0004610890370751103,0.006884363751890395
2025-01-25 04:00:00+00:00,-0.003877371432778013,-0.003496703614589158,1.2688927272961843,0.00038066781818885527,-0.011676800252734973
2025-01-25 08:00:00+00:00,0.006488942444093119,0.0068210568791000755,1.1070481166898538,0.00033211443500695613,0.0015268036082970971
2025-01-25 12:00:00+00:00,0.00182103830071476,0.002356368848432323,1.7844351590585423,0.0005353305477175627,0.008795754743268063
2025-01-25 16:00:00+00:00,-0.002848979820906267,-0.00238366034338959,1.5510649250555917,0.00046531947751667747,0.0009627141240862104
2025-01-25 20:00:00+00:00,0.00038880216235110727,0.0007750791698451485,1.2875900249801375,0.0003862770074940412,-0.0034512227021683225
2025-01-26 00:00:00+00:00,0.010442838276276808,0.010922873891640842,1.6001187178801117,0.00048003561536403346,0.004603220259625085
2025-01-26 04:00:00+00:00,-0.0004001635178649353,0.00015840141445330454,1.8618831077274662,0.0005585649323182399,0.0026217999279704485
2025-01-26 08:00:00+00:00,0.0013467318766992459,0.0018130254390158857,1.5543118743887998,0.0004662935623166399,-0.005236096928396811
2025-01-26 12:00:00+00:00,0.0015160701581720662,0.001927577645992338,1.3716916260675729,0.00041150748782027184,-0.0004904879093666835
2025-01-26 16:00:00+00:00,-0.0009570920837545189,-0.0004971229403613045,1.5332304779773818,0.00045996914339321447,0.007398896662372772
2025-01-26 20:00:00+00:00,0.0013599498199348902,0.0017801232915741704,1.4005782387976005,0.0004201734716392801,-0.04128551357280275
2025-01-27 00:00:00+00:00,0.0008937802351971305,0.0012980237817382526,1.347478488470407,0.0004042435465411221,-0.026223963699708735
2025-01-27 04:00:00+00:00,-0.005483238692168043,-0.005014589404226182,1.562164293139537,0.0004686492879418611,-0.037788189029459546
2025-01-27 08:00:00+00:00,0.002976728011001188,0.003434519393610394,1.5259712753640204,0.00045779138260920607,-0.006305680541876198
2025-01-27 12:00:00+00:00,0.00013469859897236687,0.0006894291803975429,1.8491019380839202,0.000554730581425176,0.035405195561194924
2025-01-27 16:00:00+00:00,-0.001179199318756131,-0.0008104247232083727,1.2292486518258612,0.00036877459554775834,-0.018040314343597416
2025-01-27 20:00:00+00:00,0.004658828915071024,0.005040090449419679,1.2708717811621864,0.00038126153434865585,0.03367338182649157
2025-01-28 00:00:00+00:00,0.0046784493208650345,0.005086115017369861,1.3588856550160888,0.0004076656965048266,0.00669643534892439
2025-01-28 04:00:00+00:00,0.0013188159888556541,0.0018143305206875216,1.6517151061062254,0.0004955145318318676,-0.0019332599603187177
2025-01-28 08:00:00+00:00,-8.039092119798753e-05,0.0003912147500820059,1.572018904266645,0.00047160567127999345,-0.002955584754889231
2025-01-28 12:00:00+00:00,0.0034733733101296174,0.003901096320165169,1.4257433667851709,0.00042772301003555124,-0.005464569882542279
2025-01-28 16:00:00+00:00,0.0030086390939976374,0.0034843401557850305,1.5856702059579781,0.0004757010617873934,-0.015193136272137378
2025-01-28 20:00:00+00:00,0.0012912188115512208,0.0017439388949656558,1.5090669447147835,0.000452720083414435,-0.023655481155719516
2025-01-29 00:00:00+00:00,0.01263236317586347,0.01304720289128965,1.3827990514205983,0.00041483971542617947,0.01715990758140431
2025-01-29 04:00:00+00:00,0.00519780548157556,0.0057439534146880265,1.820493110374889,0.0005461479331124666,0.01616020334924258
2025-01-29 08:00:00+00:00,0.00045775827780408974,0.0009091082509412034,1.5044999104570458,0.0004513499731371137,-0.005700863792509983
2025-01-29 12:00:00+00:00,0.005720305208107422,0.006116294716770577,1.319965028877183,0.00039598950866315486,-0.01802819484139898
2025-01-29 16:00:00+00:00,0.008436658838277341,0.00893527317981821,1.6620478051362249,0.0004986143415408674,0.018353592428367694
2025-01-29 20:00:00+00:00,-0.0013761764680998538,-0.0008598219565970602,1.721181705009312,0.0005163545115027935,-0.005633645680617155
2025-01-30 00:00:00+00:00,0.01058809008036565,0.010997979263784373,1.3662972780624099,0.0004098891834187229,0.026104922675580993
2025-01-30 04:00:00+00:00,-0.004966979521910417,-0.004423925492101782,1.8101800993621169,0.000543054029808635,0.0004158932216643671
2025-01-30 08:00:00+00:00,-0.003392708142072403,-0.002974617965059827,1.393633923375253,0.00041809017701257585,0.00932378821080777
2025-01-30 12:00:00+00:00,-0.00016319911009789016,0.00028869757744695373,1.5063222918161465,0.0004518966875448439,0.01067047012278748
2025-01-30 16:00:00+00:00,0.0025121136010948096,0.0029506871703585654,1.4619118975458532,0.0004385735692637559,-0.0032076554471401767
2025-01-30 20:00:00+00:00,0.0016806545923318855,0.002239558224732881,1.863012108003319,0.0005589036324009956,-0.0035439824049184167
2025-01-31 00:00:00+00:00,0.005180600078823337,0.005658939205883793,1.594463756868186,0.0004783391270604558,-0.011729324422466181
2025-01-31 04:00:00+00:00,0.008977628127376867,0.009493316502357123,1.7189612499341878,0.0005156883749802563,0.011399754476081991
2025-01-31 08:00:00+00:00,-0.002601916387368927,-0.0020677248186940955,1.7806385622494385,0.0005341915686748316,0.011304231647862324
2025-01-31 12:00:00+00:00,0.0072909997697574985,0.0076906108442727945,1.3320369150509885,0.0003996110745152965,0.018994898088861085
2025-01-31 16:00:00+00:00,0.0019390314500112766,0.002399851758588073,1.5360676952559886,0.00046082030857679657,-0.02807736487035647
2025-01-31 20:00:00+00:00,0.00024256630181018497,0.0006513869995959001,1.3627356592857172,0.0004088206977857151,-0.0023205327584083454
2025-02-01 00:00:00+00:00,-0.002274155286719861,-0.001812551414684475,1.5386795734512866,0.00046160387203538595,0.0013106866272894447
2025-02-01 04:00:00+00:00,-0.0003343909935750758,7.578515210270579e-05,1.3672538189259387,0.0004101761456777816,-0.0027723502533007712
2025-02-01 08:00:00+00:00,-8.711644694768848e-05,0.00032897935642201524,1.3869860112323458,0.0004160958033697037,-0.016460446467927665
2025-02-01 12:00:00+00:00,0.002105886484237636,0.002556959873915859,1.5035779655940769,0.00045107338967822303,-0.0064143109920387275
2025-02-01 16:00:00+00:00,-0.0027331888036937506,-0.0022728909211157215,1.5343262752600961,0.0004602978825780288,-0.018420047592392876
2025-02-01 20:00:00+00:00,-0.005812291324291452,-0.005370644959112558,1.4721545505963127,0.00044164636517889376,-0.02321738820219111
2025-02-02 00:00:00+00:00,0.002934459990126087,0.0032984036959812606,1.213145686183912,0.0003639437058551736,-0.02365450141232761
2025-02-02 04:00:00+00:00,-0.00039967076639552313,8.386979985714701e-05,1.6118018875089006,0.00048354056625267016,0.009289210277427096
2025-02-02 08:00:00+00:00,-0.0020329160976889672,-0.0016178396822522623,1.3835880514556826,0.00041507641543670474,-0.016237238485643984
2025-02-02 12:00:00+00:00,0.0009967321052479544,0.0013268528505828794,1.10040248444975,0.00033012074533492495,0.0032090017689784386
2025-02-02 16:00:00+00:00,-0.0028300992552020383,-0.00239680550595858,1.4443124974781945,0.0004332937492434583,-0.05689723568897757
2025-02-02 20:00:00+00:00,-0.015535145488350043,-0.015106045404389062,1.4303336132032658,0.0004291000839609797,-0.03178841085358682
2025-02-03 00:00:00+00:00,-0.02029349762182275,-0.019948895525867042,1.1486736531856971,0.0003446020959557091,-0.12617825104545138
2025-02-03 04:00:00+00:00,0.025581576866317825,0.02589381535131223,1.040794949981356,0.0003122384849944068,0.07628279218789602
2025-02-03 08:00:00+00:00,0.0008763918841464148,0.0013861023729445192,1.699034962660348,0.0005097104887981043,-0.01056634439600221
2025-02-03 12:00:00+00:00,0.014412822174379893,0.01485590647735467,1.476947676582592,0.00044308430297477754,0.06091234006497674
2025-02-03 16:00:00+00:00,0.008607226623687132,0.009151478953879718,1.8141744339752874,0.0005442523301925862,0.039775734970689654
2025-02-03 20:00:00+00:00,0.009282683858275343,0.009701823551166994,1.3971323096388337,0.0004191396928916501,0.008750212239867905
2025-02-04 00:00:00+00:00,0.005098590915826808,0.005614574603346249,1.719945625064803,0.0005159836875194409,-0.021580850995306038
2025-02-04 04:00:00+00:00,0.001172798034230134,0.0016796452719642697,1.6894907924471194,0.0005068472377341358,-0.06484063589001463
2025-02-04 08:00:00+00:00,0.009898662763457612,0.010332136311282726,1.44491182608371,0.00043347354782511294,0.030272572999653437
2025-02-04 12:00:00+00:00,-0.002530409609541889,-0.0019908585237878333,1.7985036191801862,0.0005395510857540559,0.015162220644138302
2025-02-04 16:00:00+00:00,0.00814027860845977,0.008638039172200124,1.659201879134518,0.0004977605637403554,-0.0034479048086099814
2025-02-04 20:00:00+00:00,0.005527309130028314,0.00598905121882167,1.5391402959778555,0.00046174208879335663,-0.013430497857712775
2025-02-05 00:00:00+00:00,-0.003765086982110571,-0.003266672579027626,1.6613813436098173,0.0004984144030829451,0.0035081234793873438
2025-02-05 04:00:00+00:00,0.004408128428066615,0.004723664315088233,1.0517862900720605,0.00031553588702161814,0.0010287881006951444
2025-02-05 08:00:00+00:00,-0.0015291076958301557,-0.001054829292782592,1.5809280101585457,0.00047427840304756366,0.010872891562564409
2025-02-05 12:00:00+00:00,0.002712584357710072,0.0030476217559304566,1.1167913274012815,0.0003350373982203844,-0.011101977646347709
2025-02-05 16:00:00+00:00,-0.0008479184569742115,-0.00036400142606120495,1.6130567697100222,0.00048391703091300663,-0.012405898600830549
2025-02-05 20:00:00+00:00,-0.007715470380579703,-0.007260172737963038,1.517658808722213,0.00045529764261666384,-0.015254441057149917
2025-02-06 00:00:00+00:00,0.0004500593493253911,0.000765142399850636,1.0502768350841498,0.0003150830505252449,0.011546802929010199
2025-02-06 04:00:00+00:00,0.0014760479919781245,0.001883352288860808,1.357680989608945,0.00040730429688268346,0.009228456547084622
2025-02-06 08:00:00+00:00,0.0011430674932282974,0.0016343126648565112,1.6374839054273793,0.0004912451716282138,-0.0026553197328953383
2025-02-06 12:00:00+00:00,-0.010386466001169546,-0.009935361391245885,1.5036820330788678,0.0004511046099236603,-0.0448925568034211
2025-02-06 16:00:00+00:00,-0.004787572466792869,-0.0044070307162829,1.268472501699894,0.0003805417505099681,-0.008174219830212067
2025-02-06 20:00:00+00:00,0.006703965084899833,0.007074949425622346,1.2366144690750436,0.00037098434072251307,0.0013795374378452136
2025-02-07 00:00:00+00:00,0.01189734247900916,0.01245835463714169,1.8700405271084308,0.0005610121581325292,0.015407460401906619
2025-02-07 04:00:00+00:00,0.0017550685304895297,0.002277866181346241,1.7426588361890374,0.0005227976508567112,-0.006052844809036999
2025-02-07 08:00:00+00:00,0.008155588717155621,0.008583767826440908,1.4272636976176227,0.00042817910928528676,0.020623772518849687
2025-02-07 12:00:00+00:00,-0.0006504076153572186,-0.00015300340703148455,1.6580140277524469,0.0004974042083257341,0.006216698449798937
2025-02-07 16:00:00+00:00,1.6966310539668565e-05,0.000494381770089385,1.5913848651657214,0.0004774154595497164,-0.01938341574267187
2025-02-07 20:00:00+00:00,0.005369209529271771,0.005840418547887169,1.5706967287179927,0.0004712090186153978,-0.024446980993628853
2025-02-08 00:00:00+00:00,0.01741510218077504,0.017869491280626804,1.5146303328392206,0.0004543890998517661,0.003870348370315498
2025-02-08 04:00:00+00:00,0.01475121938629621,0.015318145189893792,1.889752678658609,0.0005669258035975826,-0.0015344719919751144
2025-02-08 08:00:00+00:00,0.0089625661140133,0.009559594615522804,1.9900950050316815,0.0005970285015095044,-0.005197571283576498
2025-02-08 12:00:00+00:00,-0.0012639950623874715,-0.000719910188513688,1.8136162462459446,0.0005440848738737834,0.0070483711453668664
2025-02-08 16:00:00+00:00,-0.00700267470791437,-0.0066231135889806385,1.265203729779104,0.00037956111893373113,0.018831800774261113
2025-02-08 20:00:00+00:00,0.005356433364115244,0.005657225002437989,1.0026387944091524,0.0003007916383227457,0.007772141328657079
2025-02-09 00:00:00+00:00,-0.008113490144561517,-0.007660463480403611,1.51008888052635,0.0004530266641579049,0.019594330047580318
2025-02-09 04:00:00+00:00,0.009090469102048537,0.009415015674442912,1.081821907981252,0.0003245465723943756,-0.0034057347996942064
2025-02-09 08:00:00+00:00,0.0019523239840974703,0.002445298449616321,1.643248218396169,0.0004929744655188507,-0.00872311647764482
2025-02-09 12:00:00+00:00,3.963667231243252e-05,0.0006072149581276896,1.8919276193841905,0.0005675782858152571,-0.001948953633426979
2025-02-09 16:00:00+00:00,0.0019822565724823796,0.0024032162825931955,1.40319903370272,0.00042095971011081595,-0.013397294699187098
2025-02-09 20:00:00+00:00,0.000983610963807668,0.00141281838067523,1.4306913895585405,0.0004292074168675621,0.0022096196985324796
2025-02-10 00:00:00+00:00,0.0005453165857333714,0.0009369511536332931,1.305448559666406,0.0003916345678999218,0.001708361085140445
2025-02-10 04:00:00+00:00,-0.0020945545821834783,-0.001694877910029295,1.3322555738472777,0.00039967667215418324,0.01002339093200199
2025-02-10 08:00:00+00:00,0.0022531266815514523,0.002680424109174243,1.4243247587426353,0.00042729742762279057,0.00973914129556011
2025-02-10 12:00:00+00:00,0.0014120157863687388,0.0019254955277010698,1.711599137774437,0.0005134797413323311,-0.001618021032058639
2025-02-10 16:00:00+00:00,0.0038153352442917244,0.004278146369565257,1.5427037509117745,0.0004628111252735323,0.005741927730577395
2025-02-10 20:00:00+00:00,0.001582430182028247,0.0020306822987003342,1.494173722240291,0.0004482521166720873,-0.0019521741477144903
2025-02-11 00:00:00+00:00,-0.0019457115952509507,-0.0015368941861688141,1.362724696940455,0.00040881740908213645,0.015454652028365915
2025-02-11 04:00:00+00:00,-0.01036819702112469,-0.009993491164062653,1.2490195235401225,0.0003747058570620367,0.02746752589442354
2025-02-11 08:00:00+00:00,-0.005366209201962912,-0.005070610439433151,0.9853292084325371,0.0002955987625297611,-0.0053679307314836
2025-02-11 12:00:00+00:00,-0.0028480192276800426,-0.0025592129893236377,0.9626874611880167,0.000288806238356405,-0.015361489370993131
2025-02-11 16:00:00+00:00,0.007790268368214631,0.008231574332237396,1.4710198800758831,0.0004413059640227649,-0.0315617971490021
2025-02-11 20:00:00+00:00,0.0011202181873052755,0.001607237120354454,1.623396443497261,0.00048701893304917826,0.011028052526727214
2025-02-12 00:00:00+00:00,0.002038612376083621,0.002553163813987199,1.7151714596785939,0.0005145514379035781,-0.00697962627646812
2025-02-12 04:00:00+00:00,0.0017433877610906223,0.0022431317621714806,1.6658133369361945,0.0004997440010808583,0.002455358777419033
2025-02-12 08:00:00+00:00,0.0025461799757333214,0.0030290652681984405,1.6096176415503969,0.000482885292465119,0.00984651433063067
2025-02-12 12:00:00+00:00,-0.007885111853208091,-0.007448290532838535,1.4560710678985194,0.00043682132036955575,-0.00598392793435764
2025-02-12 16:00:00+00:00,-0.0094347809523936,-0.0091566709741276,0.927033260886666,0.0002781099782659998,0.03291764787891463
2025-02-12 20:00:00+00:00,-0.0013010918629309395,-0.0010380307546895068,0.8768703608047761,0.0002630611082414328,0.01493410422362359
2025-02-13 00:00:00+00:00,-0.0030479987259306937,-0.002627504152446937,1.401648578279189,0.0004204945734837567,0.003743945424911247
2025-02-13 04:00:00+00:00,0.007437421513648755,0.00790244075550069,1.5500641395064494,0.0004650192418519348,-0.01659887572298477
2025-02-13 08:00:00+00:00,-0.0007432353022305012,-0.000244013876767841,1.6640714182088674,0.0004992214254626602,-0.003999012129506341
2025-02-13 12:00:00+00:00,0.004166782597147747,0.004579940500869773,1.3771930124067546,0.00041315790372202635,0.00038119999278306364
2025-02-13 16:00:00+00:00,-0.003587352577526422,-0.003092607313622393,1.6491508796800969,0.000494745263904029,-0.002816131809642542
2025-02-13 20:00:00+00:00,-0.008379467770959865,-0.007927756797398695,1.5057032452039008,0.0004517109735611702,0.0060977297067443745
2025-02-14 00:00:00+00:00,0.004647735119277115,0.005036527678097048,1.2959751960664436,0.00038879255881993304,0.014076432386247843
2025-02-14 04:00:00+00:00,0.0011467655201694263,0.0016600258408484524,1.7108677355967539,0.0005132603206790262,-0.006538246714139332
2025-02-14 08:00:00+00:00,-0.007740947141313381,-0.007277137018454504,1.5460337428629232,0.00046381012285887693,0.011229012072583167
2025-02-14 12:00:00+00:00,-0.0021787030300983914,-0.00179352496675503,1.2839268778112047,0.0003851780633433614,0.009342808185658436
2025-02-14 16:00:00+00:00,0.007754293840832792,0.008107936059203756,1.1788073945698803,0.00035364221837096404,0.00556712051671762
2025-02-14 20:00:00+00:00,0.002720231664843337,0.0032754137897426277,1.8506070829976353,0.0005551821248992905,-0.012692018023981462
2025-02-15 00:00:00+00:00,0.004284365316345341,0.004833715015383509,1.8311656634605638,0.0005493496990381691,0.008060798550484295
2025-02-15 04:00:00+00:00,-0.0007228409560165694,-0.00020661068179289404,1.7207675807455847,0.0005162302742236754,-0.012216976379790944
2025-02-15 08:00:00+00:00,0.0019075167834390057,0.002325948599857416,1.394772721394701,0.0004184318164184103,-0.004390049542208968
2025-02-15 12:00:00+00:00,-0.0032626004967185544,-0.002825264115773568,1.457787936483288,0.00043733638094498636,-0.006726594977895236
2025-02-15 16:00:00+00:00,0.0015382390563770851,0.0018956018165229211,1.1912092004861201,0.000357362760145836,-0.0035755651943680474
2025-02-15 20:00:00+00:00,0.0040952901876622205,0.004605793696734523,1.7016783635743415,0.0005105035090723024,-0.0013977190446814055
2025-02-16 00:00:00+00:00,-0.002228029238682909,-0.0016921828651845622,1.786154578327822,0.0005358463734983466,-0.006599665768497661
2025-02-16 04:00:00+00:00,0.008052119847587488,0.008423310967775342,1.237303733959516,0.0003711911201878548,-0.0012195294105427994
2025-02-16 08:00:00+00:00,-0.00032339063509208575,0.00021636127666741439,1.7991730391983338,0.0005397519117595001,0.013265814708698365
2025-02-16 12:00:00+00:00,-0.003653166376912106,-0.003182852931257092,1.5677114855167134,0.00047031344565501396,-0.0068626629801965934
2025-02-16 16:00:00+00:00,0.0047953706878211926,0.005155538360917329,1.2005589103204564,0.0003601676730961369,-0.008927504732885734
2025-02-16 20:00:00+00:00,-0.0003028046146518299,0.00027284196479466637,1.9188219314883213,0.0005756465794464963,-0.0034832749108942
2025-02-17 00:00:00+00:00,-0.004390851766665856,-0.003943027703898933,1.4927468758897446,0.0004478240627669234,0.004221171145010475
2025-02-17 04:00:00+00:00,-0.003056873890888144,-0.0026516967232646633,1.3505905587449354,0.0004051771676234806,-0.006801044597125154
2025-02-17 08:00:00+00:00,-0.0017282438871587254,-0.0013952953699617968,1.1098283906564281,0.0003329485171969284,0.013933975460951072
2025-02-17 12:00:00+00:00,-0.003975873337608743,-0.003527823757907987,1.49349859900252,0.000448049579700756,-0.0015012948862404923
2025-02-17 16:00:00+00:00,0.0026527198207536573,0.0030524909879190245,1.332570557217891,0.00039977116716536726,-0.01278312721634252
2025-02-17 20:00:00+00:00,0.0035030133814693224,0.003961521641688173,1.5283608673961686,0.00045850826021885053,0.006636286395145267
2025-02-18 00:00:00+00:00,0.0033751559673932856,0.003883783087476501,1.6954237336107172,0.0005086271200832151,-0.0037515174876177845
2025-02-18 04:00:00+00:00,0.006714056140387021,0.0071883122425145315,1.580853673758368,0.0004742561021275104,-0.03533194431513249
2025-02-18 08:00:00+00:00,0.0038637073992594546,0.004391383774822922,1.758921251878227,0.0005276763755634681,0.0019058273004191834
2025-02-18 12:00:00+00:00,0.001370689266606359,0.0018539936533569206,1.611014622501872,0.0004833043867505616,-0.019337182565135582
2025-02-18 16:00:00+00:00,0.004960699380608002,0.0054767592795909,1.7201996632763272,0.0005160598989828981,-0.003225130755447862
2025-02-18 20:00:00+00:00,-0.0015158171673760616,-0.0010208203782663928,1.6499892970322296,0.0004949967891096688,0.01424315646445012
2025-02-19 00:00:00+00:00,8.14737293675673e-05,0.0006283380762349719,1.822881156224682,0.0005468643468674046,0.006644757898827282
2025-02-19 04:00:00+00:00,-0.01002989200633946,-0.009600247128783108,1.4321495918545066,0.00042964487755635194,0.012253039759054321
2025-02-19 08:00:00+00:00,-0.006693518096037547,-0.006309783829932253,1.279114220350978,0.00038373426610529334,0.012390883537078616
2025-02-19 12:00:00+00:00,0.0019453987823671156,0.002335984944675331,1.3019538743607184,0.0003905861623082155,-0.01122642838819029
2025-02-19 16:00:00+00:00,-0.0027982842279072333,-0.0023582821578175396,1.4666735669656452,0.00044000207008969354,0.004449070742100018
2025-02-19 20:00:00+00:00,-0.0018212791843107293,-0.0014872306103023765,1.1134952466945092,0.0003340485740083527,0.0055201576382509126
2025-02-20 00:00:00+00:00,0.009251136338832365,0.009658969731494785,1.3594446422080666,0.00040783339266241996,0.01573062551331698
2025-02-20 04:00:00+00:00,0.003403347842224265,0.00396872441579681,1.8845885785751506,0.0005653765735725452,-0.004325913613737934
2025-02-20 08:00:00+00:00,0.003290489470440998,0.003712799766650871,1.4077009873662434,0.000422310296209873,0.006072833994447168
2025-02-20 12:00:00+00:00,0.0035889972227190286,0.004075491502939429,1.6216476007346696,0.00048649428022040083,-0.010308186016205678
2025-02-20 16:00:00+00:00,-0.0026925615354359213,-0.0021837146599238168,1.6961562517070148,0.0005088468755121044,0.021178122208798857
2025-02-20 20:00:00+00:00,-0.002518979737582582,-0.0021085594685153345,1.3680675635574924,0.0004104202690672477,-0.00039137083129614503
2025-02-21 00:00:00+00:00,0.0009368004658582845,0.0012853325188660182,1.161773510025779,0.0003485320530077337,-0.005767628332676946
2025-02-21 04:00:00+00:00,0.00048026399364140123,0.0008944441884626959,1.3806006494043155,0.0004141801948212946,0.007629763826426687
2025-02-21 08:00:00+00:00,0.00417344701994927,0.004637404605880884,1.5465252864387127,0.00046395758593161375,0.009550825373306615
2025-02-21 12:00:00+00:00,-0.0004452170950745591,2.806481989791774e-05,1.5776063832415896,0.00047328191497247684,-0.014175688338211374
2025-02-21 16:00:00+00:00,0.005671628456927125,0.006073565410726343,1.3397898459973918,0.0004019369537992175,-0.045283185224649185
2025-02-21 20:00:00+00:00,0.0038149014855340183,0.004336020005461195,1.7370617330905893,0.0005211185199271767,0.010448846307413743
2025-02-22 00:00:00+00:00,-0.004814409567739686,-0.004361468753049649,1.509802715633459,0.0004529408146900377,0.006937164634369154
2025-02-22 04:00:00+00:00,0.0006729373145995872,0.0009659777656540747,0.9768015035149584,0.0002930404510544875,0.006661486114181107
2025-02-22 08:00:00+00:00,-0.006313125910217371,-0.00589296472762999,1.4005372752912704,0.0004201611825873811,0.006529619178006952
2025-02-22 12:00:00+00:00,0.005128065224061848,0.005530194336701663,1.3404303754660467,0.00040212911263981396,0.005145963860072352
2025-02-22 16:00:00+00:00,-0.0017322959921042358,-0.0013312879696423111,1.336693408206416,0.00040100802246192474,0.006729012360534836
2025-02-22 20:00:00+00:00,0.0011382725122374398,0.0015868521310786802,1.4952653961374682,0.0004485796188412404,-0.004553990362047139
2025-02-23 00:00:00+00:00,0.0030834310179617417,0.0035763311271733616,1.6430003640387334,0.00049290010921162,-0.00445649028795062
2025-02-23 04:00:00+00:00,0.004056681445927148,0.004572999445335296,1.7210599980271595,0.0005163179994081478,0.013634097025472717
2025-02-23 08:00:00+00:00,-0.0018289978418357315,-0.0012752373400871085,1.8458683391620774,0.0005537605017486232,-0.013823920810406268
2025-02-23 12:00:00+00:00,-0.0012090606934451807,-0.0007827242393377831,1.4211215136913251,0.0004263364541073975,-0.012769935761965286
2025-02-23 16:00:00+00:00,-0.0012286074010238734,-0.0008318071472676517,1.3226675125207397,0.00039680025375622187,0.006740392535647791
2025-02-23 20:00:00+00:00,0.004646335359718107,0.0050666945161399034,1.4011971880726528,0.0004203591564217958,0.004808621166143693
2025-02-24 00:00:00+00:00,-0.0005760641603948041,-5.6987268515986886e-05,1.7302563062627243,0.0005190768918788173,-0.0342864246864259
2025-02-24 04:00:00+00:00,0.002749473577811015,0.0032254304854002144,1.5865230252973324,0.0004759569075891997,0.0012032883178845276
2025-02-24 08:00:00+00:00,0.001570905294467897,0.0021214981086197624,1.8353093805062184,0.0005505928141518654,-0.01259238031488437
2025-02-24 12:00:00+00:00,-0.006248752372429188,-0.005726294792053576,1.7415252679187057,0.0005224575803756117,-0.022009524073478965
2025-02-24 16:00:00+00:00,-0.002783223990474013,-0.0023562799916315466,1.4231466628082214,0.0004269439988424664,-0.007239403833860438
2025-02-24 20:00:00+00:00,0.004535362422977601,0.004994756149340654,1.5313124212101754,0.0004593937263630526,-0.044992542968150785
2025-02-25 00:00:00+00:00,-0.00019298124693719888,0.0002927208636927736,1.6190070354332418,0.0004857021106299725,-0.0031993518190791873
2025-02-25 04:00:00+00:00,0.0037364602711208957,0.004168065775841234,1.438685015734459,0.0004316055047203377,-0.034261255135761684
2025-02-25 08:00:00+00:00,0.003985288122294016,0.004484047401680742,1.662530931289086,0.0004987592793867258,0.021067033116817693
2025-02-25 12:00:00+00:00,0.00213346622191013,0.0025746450665606385,1.4705961488350283,0.00044117884465050847,0.003626073085007476
2025-02-25 16:00:00+00:00,0.010855834456558367,0.011249173958920985,1.3111316745420596,0.00039333950236261785,0.0190820981011909
2025-02-25 20:00:00+00:00,0.005559259585162797,0.0060668984578832845,1.692129575734959,0.0005076388727204877,0.012927547252089404
2025-02-26 00:00:00+00:00,-0.00850097400734599,-0.00793586746296117,1.8836884812827313,0.0005651065443848193,0.010307620117991564
2025-02-26 04:00:00+00:00,-0.0006082154464113871,-0.000289502533411349,1.0623763766667935,0.000318712913000038,-0.005517288494148349
2025-02-26 08:00:00+00:00,-0.0038764796891446055,-0.0034529520379664004,1.4117588372606842,0.0004235276511782052,-0.00032353798265475286
2025-02-26 12:00:00+00:00,0.001848930777931455,0.0022084416146563738,1.198369455749729,0.0003595108367249187,0.0006054835316518678
2025-02-26 16:00:00+00:00,0.008223985553400589,0.008639379291181673,1.3846457926036138,0.00041539373778108407,-0.033420972901224165
2025-02-26 20:00:00+00:00,-0.005845700190883952,-0.005489317880206679,1.1879410355909124,0.00035638231067727365,0.021906023989142275
2025-02-27 00:00:00+00:00,-0.0013912089804368616,-0.0010042961317814694,1.2897094955179735,0.00038691284865539205,0.014225328993974048
2025-02-27 04:00:00+00:00,0.0048167256440246895,0.005182134879948501,1.2180307864127053,0.0003654092359238116,0.009668705605109665
2025-02-27 08:00:00+00:00,0.003188275857293316,0.0035989700727515764,1.3689807181942002,0.00041069421545826003,0.00030576081425675813
2025-02-27 12:00:00+00:00,-0.0033421853241821908,-0.002927530024290105,1.3821843329736199,0.00041465529989208593,-0.007474239993985639
2025-02-27 16:00:00+00:00,0.006464862543468611,0.006838575843522555,1.2457110001798137,0.0003737133000539441,-0.015976935359964094
2025-02-27 20:00:00+00:00,0.0067911708963068924,0.007311325006183145,1.7338470329208426,0.0005201541098762527,-0.001757240381200241
2025-02-28 00:00:00+00:00,0.0037443810481534476,0.00431603358256562,1.905508448040576,0.0005716525344121727,-0.06195533687956428
2025-02-28 04:00:00+00:00,-0.003603960637822987,-0.003089957914875396,1.7133424098253032,0.000514002722947591,-0.010089239399104763
2025-02-28 08:00:00+00:00,-0.005541947082386251,-0.00509462324356928,1.4910794627232355,0.00044732383881697065,0.01757558289095071
2025-02-28 12:00:00+00:00,-0.007461884003664826,-0.007076287062539972,1.285323137082845,0.0003855969411248535,0.048224187128960413
2025-02-28 16:00:00+00:00,0.0017611602693775044,0.0020910648192922804,1.0996818330492537,0.0003299045499147761,0.011838952046344468
2025-02-28 20:00:00+00:00,0.008287965869154049,0.008713730166668734,1.4192143250489533,0.0004257642975146859,0.0006255383483088008
2025-03-01 00:00:00+00:00,0.0015442666546328786,0.0020664686637291885,1.7406733636543665,0.0005222020090963099,0.006597061552805196
2025-03-01 04:00:00+00:00,-0.00299591273348738,-0.0025100579251488564,1.6195160277950793,0.00048585480833852375,-0.009463420045771347
2025-03-01 08:00:00+00:00,0.0029993905201415707,0.0033687675808194446,1.2312568689262462,0.0003693770606778738,-0.010963829062079482
2025-03-01 12:00:00+00:00,0.0012736033512290136,0.0016808707697415167,1.3575580617083438,0.0004072674185125031,-0.002160290665166914
2025-03-01 16:00:00+00:00,-0.0006961141813865424,-0.00025933102377449834,1.4559438587068136,0.00043678315761204407,0.01091299021932139
2025-03-01 20:00:00+00:00,0.000823561540063245,0.0012847170929282251,1.5371851762166004,0.0004611555528649801,0.0021415561795477185
2025-03-02 00:00:00+00:00,0.004489212543472645,0.004955452587739009,1.5541334808878815,0.0004662400442663644,0.004031126483865538
2025-03-02 04:00:00+00:00,0.0024529076637851734,0.002901491372800662,1.495279030051628,0.00044858370901548837,0.0023050061468597744
2025-03-02 08:00:00+00:00,0.0031304556489444735,0.0036251345317386357,1.6489296093138737,0.000494678882794162,0.003851546141345961
2025-03-02 12:00:00+00:00,0.030770808570151686,0.03124654195073485,1.5857779352772132,0.00047573338058316394,0.039965045853075816
2025-03-02 16:00:00+00:00,-0.03349546002393701,-0.03301650709936398,1.596509748576762,0.0004789529245730286,0.08614466421749548
2025-03-02 20:00:00+00:00,-0.009655238647214974,-0.009252986930557974,1.340839055523332,0.0004022517166569996,0.019342341561489847
2025-03-03 00:00:00+00:00,0.010517204314241201,0.010875863313724995,1.195529998279313,0.0003586589994837939,-0.03408016939634459
2025-03-03 04:00:00+00:00,0.01303502908988013,0.01358387159702704,1.8294750238230344,0.0005488425071469103,-0.026908429270291787
2025-03-03 08:00:00+00:00,0.0027334883620680765,0.003197556545234524,1.5468939438881586,0.00046406818316644755,-0.011898494673720943
2025-03-03 12:00:00+00:00,-0.000538571644411668,-3.224705965974801e-05,1.6877486158397335,0.00050632458475192,-0.009971566227140087
2025-03-03 16:00:00+00:00,0.013349694758142858,0.013867079069113447,1.7246143699019627,0.0005173843109705888,-0.07690845238347839
2025-03-03 20:00:00+00:00,-0.00397326090217576,-0.003425452404826469,1.826028324497635,0.0005478084973492904,0.00832081587517973
2025-03-04 00:00:00+00:00,0.021438352222882397,0.021844463105069614,1.3537029406240597,0.00040611088218721786,-0.04682367265770683
2025-03-04 04:00:00+00:00,0.012523628010839368,0.013019052633340897,1.6514154083384316,0.0004954246225015294,0.0016490168618264957
2025-03-04 08:00:00+00:00,0.007620392524457167,0.00812236849677168,1.6732532410483782,0.0005019759723145134,-2.2922853094836986e-06
2025-03-04 12:00:00+00:00,-0.011484888914099402,-0.010979829630018785,1.683530946935389,0.0005050592840806166,0.0003819652994846434
2025-03-04 16:00:00+00:00,-0.004848389565094587,-0.004605376860014359,0.8100423502674277,0.00024301270508022828,0.03771269906335875
2025-03-04 20:00:00+00:00,0.0038302897347016656,0.004309247713628003,1.5965265964211244,0.00047895797892633725,-0.004081268522564368
2025-03-05 00:00:00+00:00,0.00480022839841902,0.005298049181441394,1.6594026100745811,0.0004978207830223743,-0.002933369887451507
2025-03-05 04:00:00+00:00,-0.0016931010997197817,-0.0011444941448619627,1.8286898495260637,0.0005486069548578191,0.009843745254147343
2025-03-05 08:00:00+00:00,0.0019652216448219646,0.0024186502015204974,1.511428522328443,0.00045342855669853284,0.024265416879746905
2025-03-05 12:00:00+00:00,-0.003343467626554564,-0.0029277344179319906,1.3857773620752447,0.00041573320862257337,-0.011667977448458534
2025-03-05 16:00:00+00:00,0.00033497632729505956,0.0007681283348464742,1.4438400251713823,0.00043315200755141464,0.029723611190214657
2025-03-05 20:00:00+00:00,0.00840025181894582,0.008837896045012901,1.458814086890268,0.00043764422606708037,0.0019739414739513247
2025-03-06 00:00:00+00:00,-0.006917433426156895,-0.006404549573962407,1.709612840648294,0.0005128838521944882,0.012901271684327845
2025-03-06 04:00:00+00:00,0.004457941257327555,0.00481794314129423,1.200006279888916,0.00036000188396667474,-0.003315756348649256
2025-03-06 08:00:00+00:00,0.013526538752783035,0.014012747764344732,1.6206967052056562,0.00048620901156169684,0.012423763363714483
2025-03-06 12:00:00+00:00,-0.010913617964294594,-0.010385928306996726,1.758965524326231,0.0005276896572978693,-0.0053418102928384096
2025-03-06 16:00:00+00:00,0.003734648530755261,0.004092582415108369,1.1931129478436928,0.00035793388435310784,-0.024116463174897664
2025-03-06 20:00:00+00:00,-0.008129973425482155,-0.007608753892277881,1.737398444014245,0.0005212195332042734,0.0003640879759037106
2025-03-07 00:00:00+00:00,0.0016625294738029381,0.001987629349646478,1.0836662528117993,0.00032509987584353976,-0.019366927988742857
2025-03-07 04:00:00+00:00,0.006945696200871627,0.007433863356233969,1.627223851207808,0.00048816715536234237,0.019894887902477256
2025-03-07 08:00:00+00:00,0.00046521659283317015,0.0009412490641855806,1.5867749045080348,0.00047603247135241043,0.00578256620480971
2025-03-07 12:00:00+00:00,0.008372827338495923,0.008801771314072553,1.4298132519220952,0.00042894397557662853,-0.0013142283364411778
2025-03-07 16:00:00+00:00,0.0012840285888377093,0.001771190757162698,1.6238738944166289,0.00048716216832498863,-0.004440193729973239
2025-03-07 20:00:00+00:00,0.00039624235681717725,0.0008088184574752001,1.3752536688600763,0.0004125761006580228,-0.02891371606741367
2025-03-08 00:00:00+00:00,0.0020946585821223006,0.0025132949584730124,1.3954545878357063,0.00041863637635071183,-0.003664933886344505
2025-03-08 04:00:00+00:00,-0.0019024220582724786,-0.0014633620692244445,1.4635332968267805,0.0004390599890480341,-0.007021985155115214
2025-03-08 08:00:00+00:00,0.002713178507556364,0.003135087363717863,1.4063628538716646,0.00042190885616149936,-0.013509805868615584
2025-03-08 12:00:00+00:00,0.00020203965824642383,0.000736060279232538,1.7800687366203807,0.0005340206209861142,0.012899076122567792
2025-03-08 16:00:00+00:00,-0.0024951555436453147,-0.0020546982715545867,1.468190906969093,0.0004404572720907279,0.008185933844001647
2025-03-08 20:00:00+00:00,0.00029080657771342084,0.0006994651792257949,1.3621953383745804,0.0004086586015123741,-0.011016853852194674
2025-03-09 00:00:00+00:00,0.006151612496211335,0.006586506000353515,1.4496450138072674,0.0004348935041421802,-0.0032430578219578583
2025-03-09 04:00:00+00:00,-0.006138827308074319,-0.0056187377470456375,1.7336318700956066,0.0005200895610286819,0.002682802317135312
2025-03-09 08:00:00+00:00,0.0034394112264576823,0.003726195920230357,0.9559489792422493,0.0002867846937726748,-0.0245871304860682
2025-03-09 12:00:00+00:00,-0.004524056032171637,-0.004055927143700188,1.5604296282381653,0.00046812888847144957,-0.025499155693526152
2025-03-09 16:00:00+00:00,0.0029036545119606105,0.0033010181027306896,1.3245453025669298,0.00039736359077007893,-0.02494227541908185
2025-03-09 20:00:00+00:00,0.0058479913810856295,0.006328497623191349,1.6016874736857325,0.0004805062421057197,-0.014399912712539813
2025-03-10 00:00:00+00:00,-0.0022653104196300004,-0.0018013079566422054,1.5466748766259844,0.00046400246298779527,0.018820379759449803
2025-03-10 04:00:00+00:00,0.0027823986902354835,0.003238055069948698,1.5188545990440485,0.0004556563797132145,-0.0001823147534947278
2025-03-10 08:00:00+00:00,-0.0018245590221142418,-0.0013192156681495406,1.6844778465490038,0.0005053433539647011,0.02400415401681071
2025-03-10 12:00:00+00:00,-0.0022698445142142983,-0.001884839317741649,1.2833506549088307,0.0003850051964726492,-0.046729268484299646
2025-03-10 16:00:00+00:00,-0.0033294923750794873,-0.0028709445230710685,1.5284928400280628,0.0004585478520084188,-0.04537779865435955
2025-03-10 20:00:00+00:00,0.00028459534971772717,0.0007020970429116988,1.391672310646572,0.0004175016931939716,-0.00922032561575579
2025-03-11 00:00:00+00:00,0.017868830069496165,0.018308353820951046,1.4650791715162725,0.0004395237514548817,0.0011262388681129493
2025-03-11 04:00:00+00:00,0.00423884259803642,0.004791767838496618,1.8430841348673277,0.0005529252404601983,0.026735163989876586
2025-03-11 08:00:00+00:00,0.01432376165602305,0.014844775918574676,1.7367142085054246,0.0005210142625516273,0.010897354396287709
2025-03-11 12:00:00+00:00,0.016699192420158465,0.017247500424717233,1.8276933485292202,0.000548308004558766,0.008903701295729953
2025-03-11 16:00:00+00:00,0.032245440799216686,0.03278823049236712,1.8092989771681245,0.0005427896931504373,0.020560950995891968
2025-03-11 20:00:00+00:00,-0.0003784837169355569,0.00013125814105537233,1.699139526636431,0.0005097418579909293,-0.019810752704516488
2025-03-12 00:00:00+00:00,-0.003336554300616437,-0.0028072904445335433,1.7642128536096457,0.0005292638560828937,-0.01926665227047426
2025-03-12 04:00:00+00:00,0.0009207187082222773,0.0013535755043154048,1.442855986977092,0.0004328567960931276,0.017638966396663663
2025-03-12 08:00:00+00:00,0.0002453529797433662,0.0007569599150044847,1.7053564508703951,0.0005116069352611185,0.010595301876821908
2025-03-12 12:00:00+00:00,5.6171386925621414e-05,0.0004460689758856522,1.2996586298667694,0.0003898975889600308,-0.014968139385206455
2025-03-12 16:00:00+00:00,-0.0019621961627817744,-0.0015447399822131557,1.3915206018953952,0.0004174561805686185,0.013334557539576823
2025-03-12 20:00:00+00:00,0.0015457987321689434,0.001960460173287694,1.3822048037291683,0.00041466144111875045,0.014501215618311643
2025-03-13 00:00:00+00:00,0.0035678940003252826,0.004019570210155493,1.5055873661007015,0.0004516762098302104,-0.003452707312076978
2025-03-13 04:00:00+00:00,-0.0025842743770842593,-0.0021028027125202108,1.6049055485468289,0.0004814716645640486,-0.009072394288684253
2025-03-13 08:00:00+00:00,0.00790652880464023,0.00831804465578477,1.3717195038151297,0.0004115158511445389,0.014182782269383036
2025-03-13 12:00:00+00:00,0.004996999584388109,0.005464382944297941,1.5579445330327735,0.000467383359909832,-0.017807527278068093
2025-03-13 16:00:00+00:00,0.0015557956642123078,0.0019883956980146656,1.442000112674526,0.0004326000338023578,-0.01562854583616986
2025-03-13 20:00:00+00:00,-0.0015574272952200688,-0.001120297397351268,1.45709965956267,0.0004371298978688009,0.010616985301525021
2025-03-14 00:00:00+00:00,0.009372092089624862,0.009763093179271438,1.3033369654885922,0.00039100108964657763,0.016317169991066843
2025-03-14 04:00:00+00:00,0.0019635147219161796,0.0023892125957507095,1.4189929127817664,0.0004256978738345299,0.00253778764606802
2025-03-14 08:00:00+00:00,-0.010258127494669846,-0.009731712876605698,1.7547153935471569,0.0005264146180641471,0.010688260777659438
2025-03-14 12:00:00+00:00,-0.000278030414912651,6.810598983109355e-05,1.153788015812482,0.0003461364047437446,0.016367053960682994
2025-03-14 16:00:00+00:00,-0.005817277622750975,-0.005399429191996077,1.3928281025163267,0.00041784843075489797,0.0003712772092597271
2025-03-14 20:00:00+00:00,-0.004872263674444319,-0.004490814450615653,1.2714974127622172,0.00038144922382866514,-0.003873023861580733
2025-03-15 00:00:00+00:00,-0.0002288769373514092,0.0001588771888984929,1.2925137541663405,0.0003877541262499021,0.011936935379003833
2025-03-15 04:00:00+00:00,-0.00033490569147327705,1.1859941007748634e-05,1.155885441603419,0.0003467656324810257,-0.0042956571872947436
2025-03-15 08:00:00+00:00,0.004415687584371879,0.004838715877772372,1.410094311334976,0.00042302829340049275,0.003155969744419033
2025-03-15 12:00:00+00:00,0.00039076306284541276,0.0008549721037085349,1.5473634695437406,0.0004642090408631221,0.007157771493475146
2025-03-15 16:00:00+00:00,-0.0029266172196929447,-0.002560132023980045,1.2216173190429989,0.0003664851957128996,0.00031638400099546804
2025-03-15 20:00:00+00:00,0.0035746502164129574,0.003979203165084888,1.3485098289064354,0.0004045529486719306,0.007265815224782816
2025-03-16 00:00:00+00:00,-0.0021406295563856127,-0.0016977659281894354,1.4762120939872585,0.0004428636281961775,-0.005682444216127951
2025-03-16 04:00:00+00:00,-0.0004395613559408609,-3.851980604399662e-05,1.336805166322881,0.0004010415498968643,0.0017971808549256266
2025-03-16 08:00:00+00:00,0.00366542816097148,0.004092621111026079,1.423976500181997,0.0004271929500545991,-0.034504579842306524
2025-03-16 12:00:00+00:00,-0.0034547179511699596,-0.0029435492820971743,1.7038955635759512,0.0005111686690727853,0.0008267284455888228
2025-03-16 16:00:00+00:00,-0.0002806563197203988,6.821603233437765e-05,1.1629078401825883,0.00034887235205477646,-0.00466113574495414
2025-03-16 20:00:00+00:00,0.0001911036248508576,0.0006583326071138457,1.5574299408766272,0.0004672289822629881,0.0019840491102547375
2025-03-17 00:00:00+00:00,-0.0016773937895345845,-0.0012058233472135157,1.5719014744035629,0.0004715704423210688,0.02409984759318931
2025-03-17 04:00:00+00:00,-0.0002354791473614437,0.00011558674989002127,1.1702196575048833,0.000351065897251465,-0.0022406876642414976
2025-03-17 08:00:00+00:00,0.001594523558862555,0.0020015321157739003,1.3566951897044848,0.00040700855691134537,0.005616309824187972
2025-03-17 12:00:00+00:00,0.0007649826523080802,0.0011907970509611706,1.4193813288436348,0.0004258143986530904,-0.0010935220928761124
2025-03-17 16:00:00+00:00,0.003052942010420105,0.003532370544747278,1.5980951144239095,0.0004794285343271728,0.014630695334805707
2025-03-17 20:00:00+00:00,0.004705617946925476,0.005243616808272284,1.7933295378226926,0.0005379988613468077,-0.006562491977021334
2025-03-18 00:00:00+00:00,-0.0033958472448160503,-0.0028966315704802435,1.664052247786023,0.0004992156743358068,-0.019606230037021416
2025-03-18 04:00:00+00:00,-0.0035028676246029672,-0.0031112385903937535,1.3054301140307123,0.00039162903420921364,0.006380474241928734
2025-03-18 08:00:00+00:00,8.909316736272041e-05,0.00047575723705377336,1.28888023230351,0.00038666406969105295,-0.009104608713818815
2025-03-18 12:00:00+00:00,-0.0017432893738508178,-0.001283657098304966,1.5321075851528394,0.0004596322755458518,-0.008981024993063988
2025-03-18 16:00:00+00:00,0.002653429968621066,0.0031303156878309518,1.589619064032954,0.0004768857192098861,0.008112283286577244
2025-03-18 20:00:00+00:00,0.006950210804920215,0.007400022458768363,1.4993721794938257,0.00044981165384814766,0.012328608028369907
2025-03-19 00:00:00+00:00,-0.0028531197255526764,-0.0023624849392255907,1.6354492877569524,0.0004906347863270857,0.005160903847167151
2025-03-19 04:00:00+00:00,0.0033795306132896746,0.00374234411409787,1.2093783360273176,0.00036281350080819523,-0.004512253056018904
2025-03-19 08:00:00+00:00,0.0007181562117831523,0.001270782114441234,1.842086342193606,0.0005526259026580818,0.027179225473796555
2025-03-19 12:00:00+00:00,0.004667548019015609,0.005148807347989237,1.6041977632454265,0.0004812593289736279,0.01437884263707611
2025-03-19 16:00:00+00:00,0.010329930450664396,0.010789165421853989,1.5307832372986452,0.0004592349711895935,-0.004430228597318956
2025-03-19 20:00:00+00:00,0.006277219796336846,0.0068002791765924275,1.7435312675186063,0.0005230593802555819,0.012507434968295983
2025-03-20 00:00:00+00:00,-0.000973736535791743,-0.0004859997533412969,1.6257892748348204,0.0004877367824504461,-0.014378870381722716
2025-03-20 04:00:00+00:00,-0.0010418160008055148,-0.0006676058044355144,1.2473673212333347,0.0003742101963700004,-0.003041655230255275
2025-03-20 08:00:00+00:00,-0.000964043840079157,-0.0005708465914564471,1.310657495409033,0.0003931972486227099,-0.0104375167908164
2025-03-20 12:00:00+00:00,0.012860955522083892,0.01330768086517193,1.4890844769601275,0.0004467253430880382,-0.0002635999655642364
2025-03-20 16:00:00+00:00,0.004963118371721988,0.0055109361115048255,1.8260591326094588,0.0005478177397828376,-0.004969358572141921
2025-03-20 20:00:00+00:00,0.0005494116823611675,0.0010986239412280427,1.8307075295562507,0.0005492122588668752,0.0021118509101329627
2025-03-21 00:00:00+00:00,-0.003292837053243995,-0.002936811993753944,1.1867501983001703,0.00035602505949005106,-0.0015754048500652364
2025-03-21 04:00:00+00:00,-0.0005660598799687366,-0.00021682059247665693,1.1641309583069326,0.0003492392874920797,-0.0021976516412339645
2025-03-21 08:00:00+00:00,0.0009207794068480658,0.0013017773904887523,1.2699932788022883,0.0003809979836406865,-0.012495460767696136
2025-03-21 12:00:00+00:00,0.004381923982123774,0.004814552322307139,1.4420944672778828,0.00043262834018336483,-8.594067367007728e-05
2025-03-21 16:00:00+00:00,0.001981213712863251,0.0025234941637194337,1.8076015028539423,0.0005422804508561826,0.008844575862356893
2025-03-21 20:00:00+00:00,-0.0019163122046654056,-0.0013732715025886466,1.8101356735891965,0.0005430407020767589,-0.002530840162327911
2025-03-22 00:00:00+00:00,0.0033660219795849044,0.003722963328932807,1.1898044978263413,0.0003569413493479024,0.004196246310754509
2025-03-22 04:00:00+00:00,0.0011939617236741552,0.0017157890324041771,1.7394243624334067,0.000521827308730022,0.006185350333871719
2025-03-22 08:00:00+00:00,6.508069300677417e-05,0.0005658284438204447,1.6691591693789019,0.0005007477508136705,0.002628587136977334
2025-03-22 12:00:00+00:00,0.003789445912543287,0.004224104993435746,1.448863602974865,0.00043465908089245945,-0.0038312302818690014
2025-03-22 16:00:00+00:00,-0.002565362039084778,-0.0020868805584041443,1.5949382689354448,0.0004784814806806334,0.008420332954581784
2025-03-22 20:00:00+00:00,0.007412337191818736,0.007788551872034199,1.2540489340515437,0.0003762146802154631,-0.01139369070461426
2025-03-23 00:00:00+00:00,-0.004940492492247104,-0.004403088963849509,1.7913450946586489,0.0005374035283975947,0.008364908509603142
2025-03-23 04:00:00+00:00,0.0015232906196516348,0.0018260653014839613,1.0092489394410888,0.0003027746818323266,-0.0013941104819059765
2025-03-23 08:00:00+00:00,-0.0006447720261048987,-0.00019811653516331565,1.4888516364719437,0.0004466554909415831,0.0030402599248406346
2025-03-23 12:00:00+00:00,-0.0004890173181575218,-6.339851386463177e-05,1.4187293476429668,0.00042561880429289,-0.0023324625280676968
2025-03-23 16:00:00+00:00,-0.0018889692028075178,-0.0014886037539197194,1.3345514962926615,0.0004003654488877984,-0.0064658064000303215
2025-03-23 20:00:00+00:00,0.005399408776878306,0.00580263195572589,1.3440772628252784,0.00040322317884758347,0.009009901580778882
2025-03-24 00:00:00+00:00,-0.005531195001806341,-0.00496983868392229,1.87118772628017,0.000561356317884051,0.014884181491401008
2025-03-24 04:00:00+00:00,0.0019991275269751908,0.0023877678495001545,1.2954677417498792,0.0003886403225249637,0.01673795892041486
2025-03-24 08:00:00+00:00,0.004460929361759085,0.0049114213661582825,1.5016400146639914,0.0004504920043991974,0.0098963403391223
2025-03-24 12:00:00+00:00,0.003072584857256958,0.0035461299816337386,1.5784837479226028,0.0004735451243767808,0.005005735042366527
2025-03-24 16:00:00+00:00,-0.005366705369991141,-0.004884305841738336,1.607998427509349,0.00048239952825280467,0.001267621484125971
2025-03-24 20:00:00+00:00,0.0034434302711471923,0.003751524830109384,1.0269818632073051,0.0003080945589621915,-0.00481158365161766
2025-03-25 00:00:00+00:00,0.0038665350958838563,0.004316954753168918,1.5013988576168735,0.000450419657285062,-0.009684743002416493
2025-03-25 04:00:00+00:00,0.0028818941515176763,0.003357831831504907,1.5864589332907693,0.00047593767998723076,0.005933249591519013
2025-03-25 08:00:00+00:00,-0.004877677522470885,-0.004411940438209316,1.5524569475385628,0.0004657370842615688,0.012996913899483587
2025-03-25 12:00:00+00:00,-0.00866352499335883,-0.008261559622511285,1.3398845694918142,0.00040196537084754425,0.0029333469445386173
2025-03-25 16:00:00+00:00,0.0022240718136028147,0.0025415191599358253,1.0581578211100362,0.0003174473463330108,0.000972692256226583
2025-03-25 20:00:00+00:00,0.00217869382575354,0.0027051727182032534,1.7549296414990456,0.0005264788924497137,-0.0021853552317051095
2025-03-26 00:00:00+00:00,0.000965922776318172,0.001414198453127029,1.4942522560295235,0.000448275676808857,-0.005430641399613101
2025-03-26 04:00:00+00:00,0.0011333587906847344,0.0015783754715104714,1.4833889360857904,0.00044501668082573705,0.022130554239115658
2025-03-26 08:00:00+00:00,-0.004581168902994065,-0.004135471143906845,1.4856591969574022,0.00044569775908722065,0.004265568449468773
2025-03-26 12:00:00+00:00,-0.0011752400732733485,-0.0008322338346482159,1.1433541287504418,0.00034300623862513254,-0.024605063798559895
2025-03-26 16:00:00+00:00,-0.00034756349480279976,4.975261485545867e-05,1.3243870321941948,0.00039731610965825843,-0.008151873066683982
2025-03-26 20:00:00+00:00,-0.0039005368802388627,-0.003444269625051368,1.5208908506249819,0.0004562672551874945,0.0021952359636997357
2025-03-27 00:00:00+00:00,0.0002192763663602039,0.0005412295542018417,1.0731772928054595,0.0003219531878416378,0.017466949593991227
2025-03-27 04:00:00+00:00,0.004109674503211203,0.004587378937897678,1.5923481156215835,0.00047770443468647504,-0.0034036070285023523
2025-03-27 08:00:00+00:00,-0.000121663502024423,0.000335857149041747,1.5250688368872334,0.00045752065106617,-0.01027150885216098
2025-03-27 12:00:00+00:00,0.0028425371969260454,0.003277156221743254,1.448730082724028,0.0004346190248172083,0.005003125530058086
2025-03-27 16:00:00+00:00,-0.001777911950188129,-0.00132400282905772,1.5130304037680302,0.00045390912113040904,-0.0011903981519737743
2025-03-27 20:00:00+00:00,-0.0002113832966708914,0.0002193157818420234,1.4356635950430494,0.0004306990785129148,0.0012275163103648453
2025-03-28 00:00:00+00:00,0.006505219152816753,0.0069223079032135655,1.3902958346560434,0.000417088750396813,-0.01088456152386001
2025-03-28 04:00:00+00:00,-0.004048328302373986,-0.0035196324423912573,1.7623195332757606,0.0005286958599827282,-0.04238832311139009
2025-03-28 08:00:00+00:00,-0.004720751942281651,-0.004336244781365333,1.281690536387726,0.0003845071609163178,-0.004782901550346513
2025-03-28 12:00:00+00:00,0.0035079032642286742,0.0037419271508154833,0.7800796219560305,0.00023402388658680913,-0.00856534453844922
2025-03-28 16:00:00+00:00,-0.0004213837775207738,5.0012069303258887e-05,1.5713194894134423,0.00047139584682403266,-0.007456730850067085
2025-03-28 20:00:00+00:00,-0.0023320091093552726,-0.001961618753176616,1.2346345205955214,0.0003703903561786564,0.00874267633212285
2025-03-29 00:00:00+00:00,-0.0034852478390085197,-0.0031458170757455773,1.131435877543142,0.00033943076326294254,-0.00467494526736234
2025-03-29 04:00:00+00:00,0.005737491637835031,0.006086517170080994,1.1634184408198762,0.00034902553224596284,-0.02021943156650774
2025-03-29 08:00:00+00:00,-0.004403227202683964,-0.003947362909878677,1.5195476426842924,0.00045586429280528766,-0.01868557721456351
2025-03-29 12:00:00+00:00,-0.002674181257153233,-0.0022229064689490343,1.5042492940139955,0.0004512747882041986,0.002339282907099374
2025-03-29 16:00:00+00:00,-0.004085376926515741,-0.003683211234193264,1.34055230774159,0.00040216569232247697,-0.008107918436507919
2025-03-29 20:00:00+00:00,-0.0014939205871774745,-0.0012001727004060927,0.9791596225712726,0.00029374788677138177,0.00024027999858264478
2025-03-30 00:00:00+00:00,-0.0044472427114597155,-0.004002517545875051,1.4824172186155493,0.0004447251655846648,0.013400806023681837
2025-03-30 04:00:00+00:00,-0.0008247494446791006,-0.0004155639320405362,1.3639517087952147,0.00040918551263856436,-0.0010046984798586951
2025-03-30 08:00:00+00:00,0.002275800348496713,0.0026769018942400485,1.3370051524777855,0.0004011015457433356,-0.00045282086717419605
2025-03-30 12:00:00+00:00,0.011670652592551425,0.012091245480349913,1.4019762926616262,0.0004205928877984878,-0.007299387106950635
2025-03-30 16:00:00+00:00,0.004356040172207372,0.004906824792662242,1.8359487348495658,0.0005507846204548697,0.002490192074654357
2025-03-30 20:00:00+00:00,-0.0020802911924238427,-0.0015860794485861882,1.647372479458848,0.0004942117438376544,-0.010233519964535013
2025-03-31 00:00:00+00:00,0.005780441842324272,0.0062185982791352745,1.460521456036675,0.0004381564368110025,-0.009161154737606748
2025-03-31 04:00:00+00:00,-0.007133118893141232,-0.0065840695255551755,1.8301645586201891,0.0005490493675860567,-0.009652038904299194
2025-03-31 08:00:00+00:00,-6.865695094479367e-06,0.0003590332947048182,1.219663299330992,0.00036589898979929756,0.006391025602073138
2025-03-31 12:00:00+00:00,0.0057991869526922,0.0062327595689392985,1.445242054156996,0.0004335726162470987,0.020398731221224518
2025-03-31 16:00:00+00:00,0.0008550827048873549,0.0013057771998101302,1.5023149830759177,0.00045069449492277525,-0.008472326753568408
2025-03-31 20:00:00+00:00,0.0029532407681273614,0.0034252976414279428,1.5735229110019384,0.0004720568733005815,-0.0031054131648690217
2025-04-01 00:00:00+00:00,0.004592835943711104,0.0050304163229296615,1.458601264061857,0.0004375803792185571,0.011740369546024487
2025-04-01 04:00:00+00:00,0.000610936763053858,0.0011107793574371312,1.6661419812775775,0.0004998425943832732,0.0037017182519711147
2025-04-01 08:00:00+00:00,0.007673764413153116,0.008096773414390525,1.4100300041246965,0.0004230090012374089,0.008481073315977897
2025-04-01 12:00:00+00:00,-0.002721956056247069,-0.002182386756879322,1.7985643312258224,0.0005395692993677467,0.01971872807244225
2025-04-01 16:00:00+00:00,0.003083880537552348,0.003563370036969546,1.5982983313906602,0.000479489499417198,-0.014858149605087422
2025-04-01 20:00:00+00:00,0.0020529560256930452,0.0025189540524253495,1.553326755774348,0.0004659980267323044,0.0008009811813689147
2025-04-02 00:00:00+00:00,0.004064198220138337,0.004548165344344643,1.6132237473543525,0.0004839671242063057,-0.017148283338485223
2025-04-02 04:00:00+00:00,0.0014884189116240983,0.00204804161422532,1.8654090086707393,0.0005596227026012217,-0.006338170183964535
2025-04-02 08:00:00+00:00,-3.534244410658891e-05,0.00045009003391851524,1.6181082600836807,0.00048543247802510414,0.007225018370692599
2025-04-02 12:00:00+00:00,-0.0037995237475150984,-0.0033078894649145206,1.6387809420019266,0.0004916342826005779,0.02505388229883849
2025-04-02 16:00:00+00:00,0.0027360873224790655,0.003178027489459193,1.4731338899337596,0.00044194016698012785,-0.005375941455514599
2025-04-02 20:00:00+00:00,-0.0012699605512163851,-0.0008085819727346524,1.537928594939109,0.00046137857848173265,-0.05978308902636202
2025-04-03 00:00:00+00:00,0.0020161826786495524,0.002565589346426857,1.8313555592576818,0.0005494066677773045,0.023998812416876115
2025-04-03 04:00:00+00:00,-0.0008953934621896425,-0.0004221046685107116,1.5776293122631033,0.00047328879367893094,-0.010762998172073993
2025-04-03 08:00:00+00:00,-0.0036446133942029855,-0.003284480869583053,1.2004417487331087,0.0003601325246199326,-0.018017768988786344
2025-04-03 12:00:00+00:00,0.006073117504024762,0.006435195888358491,1.2069279477790953,0.0003620783843337286,-0.00867289228972079
2025-04-03 16:00:00+00:00,-0.0015228394411597192,-0.001033675986466915,1.630544848976014,0.0004891634546928042,0.011277798357747526
2025-04-03 20:00:00+00:00,-0.001733497862969141,-0.0013425045289464034,1.3033111134091255,0.0003909933340227376,0.01355181135340151
2025-04-04 00:00:00+00:00,-0.00948854505103086,-0.009062471603694151,1.4202448244556924,0.00042607344733670767,-0.00571818902204938
2025-04-04 04:00:00+00:00,0.009234794541731794,0.009525873691554266,0.9702638327415749,0.00029107914982247243,0.01842679793730047
2025-04-04 08:00:00+00:00,0.007819153161781802,0.008347272391036884,1.7603974308502741,0.0005281192292550822,-0.029079914098053838
2025-04-04 12:00:00+00:00,-0.0039971343931622045,-0.0035004543720377266,1.6556000704149259,0.0004966800211244777,0.023575245997793735
2025-04-04 16:00:00+00:00,0.00037027445757309283,0.0007155571457408402,1.1509422938924914,0.0003452826881677474,0.004786572043630886
2025-04-04 20:00:00+00:00,-0.0011379108259806422,-0.0006860778215271983,1.5061100148448132,0.0004518330044534439,0.001675105107465145
2025-04-05 00:00:00+00:00,0.00010507847765308032,0.0005509369916036849,1.4861950465020155,0.0004458585139506046,-0.005081650640819198
2025-04-05 04:00:00+00:00,-0.00031011338228676246,0.0001880099916500592,1.6604112464560723,0.0004981233739368217,0.000192594533062862
2025-04-05 08:00:00+00:00,0.001438177473168515,0.0018582350707024894,1.4001919917799148,0.0004200575975339744,0.002444071400643132
2025-04-05 12:00:00+00:00,-0.0004013081359678396,5.9960541223981907e-05,1.5375622573060717,0.0004612686771918215,-0.01716139882052216
2025-04-05 16:00:00+00:00,0.0010736612888970936,0.0014855883000201933,1.3730900370769994,0.00041192701112309976,0.000915967710533065
2025-04-05 20:00:00+00:00,0.00021452018584527217,0.0007635193698205104,1.829997279917461,0.0005489991839752382,0.004922711592044101
2025-04-06 00:00:00+00:00,-0.0006691862968932504,-0.00012092229403474762,1.8275466761950097,0.0005482640028585028,-0.005771687153959495
2025-04-06 04:00:00+00:00,-0.0035531795912360177,-0.0031038161433889133,1.497878159490348,0.0004493634478471044,-0.008529115709507606
2025-04-06 08:00:00+00:00,0.0032288023746456273,0.0035755611299514204,1.1558625176859774,0.0003467587553057932,-0.0029536961243601194
2025-04-06 12:00:00+00:00,0.004084599438245856,0.004563013779167115,1.5947144697375304,0.0004784143409212591,-0.016774960588600094
2025-04-06 16:00:00+00:00,-0.0013924692305407357,-0.0008967916916481603,1.6522584629752515,0.0004956775388925755,-0.046876611141209966
2025-04-06 20:00:00+00:00,0.002464767538845737,0.0029505795513580617,1.6193733750410817,0.00048581201251232447,-0.02086552509718925
2025-04-07 00:00:00+00:00,-0.00610331251330558,-0.0056259823849606864,1.5911004278163132,0.00047733012834489394,-0.03153547946051184
2025-04-07 04:00:00+00:00,-0.007687811180348461,-0.007280051521731266,1.3591988620573174,0.0004077596586171952,-0.046615816275708676
2025-04-07 08:00:00+00:00,-0.001117668555516889,-0.0008122955819850324,1.0179099117728552,0.0003053729735318565,0.027848552956855094
2025-04-07 12:00:00+00:00,0.00723661911867961,0.00768644445615565,1.4994177915868003,0.00044982533747604006,0.05256027204825764
2025-04-07 16:00:00+00:00,0.011087620271547007,0.011561977136316674,1.5811895492322252,0.00047435686476966755,0.0033108216660898823
2025-04-07 20:00:00+00:00,0.001816159077896352,0.0022985036964394286,1.607815395143589,0.0004823446185430766,0.0031578948652917216
2025-04-08 00:00:00+00:00,0.009382112800057683,0.009843393697910374,1.5376029928423014,0.00046128089785269036,0.012598638464280162
2025-04-08 04:00:00+00:00,0.002456112367652702,0.002967146792213594,1.7034480818696411,0.0005110344245608922,-0.01534080794021246
2025-04-08 08:00:00+00:00,0.012962288138849417,0.013429070495902803,1.5559411901779525,0.0004667823570533857,0.023325094571279487
2025-04-08 12:00:00+00:00,0.011292615017310425,0.01181724067787503,1.7487522018820192,0.0005246256605646058,-0.019616492443936515
2025-04-08 16:00:00+00:00,0.0009224750153441804,0.001418265174975072,1.652633865436305,0.0004957901596308915,-0.03849287581234192
2025-04-08 20:00:00+00:00,0.004989128456090355,0.005513398601620234,1.747567151766263,0.0005242701455298788,-0.002833861069280617
2025-04-09 00:00:00+00:00,-0.0005003055528443496,-3.468869874090013e-05,1.5520561803448316,0.00046561685410344945,-0.015029768732215162
2025-04-09 04:00:00+00:00,-0.0025197022130043273,-0.002104288552261135,1.384712202477308,0.00041541366074319237,0.03675376291373357
2025-04-09 08:00:00+00:00,-0.0015729756690899817,-0.001120885320883132,1.5069678273561657,0.0004520903482068497,-0.02070198035187476
2025-04-09 12:00:00+00:00,0.0005829251237050227,0.0009931830263188992,1.3675263420462553,0.00041025790261387657,0.01939162193370937
2025-04-09 16:00:00+00:00,0.004807680924517895,0.005250377560906819,1.475655454629746,0.0004426966363889238,0.08992510039772826
2025-04-09 20:00:00+00:00,0.004795044258404296,0.0052611086335130845,1.5535479170292952,0.0004660643751087885,0.0014340805769959847
2025-04-10 00:00:00+00:00,0.0005749729785841049,0.001028934913267523,1.5132064489447272,0.00045396193468341813,-0.028194033632686324
2025-04-10 04:00:00+00:00,0.0015200513822607089,0.0019379468241912349,1.392984806435087,0.000417895441930526,0.00405906749965667
2025-04-10 08:00:00+00:00,0.005106064934897422,0.005509494548904922,1.3447653800249997,0.00040342961400749986,-0.006798826670144061
2025-04-10 12:00:00+00:00,0.006634789421741422,0.007106007672739967,1.570727503328486,0.00047121825099854576,-0.030622918411743427
2025-04-10 16:00:00+00:00,-0.0036543366464176106,-0.0031921088680184045,1.5407592613306875,0.0004622277783992062,0.016283280212393284
2025-04-10 20:00:00+00:00,0.000618348441285315,0.0009691212967743985,1.1692428516302784,0.0003507728554890835,0.005954616215018726
2025-04-11 00:00:00+00:00,0.0005886390230012694,0.0010519777398489297,1.5444623894922012,0.0004633387168476603,0.01783330170513639
2025-04-11 04:00:00+00:00,0.0015055448584711606,0.002013206216599679,1.6922045270950625,0.0005076613581285187,0.0021801999029936996
2025-04-11 08:00:00+00:00,-0.0033058211480590724,-0.002798865696930403,1.6898515037622321,0.0005069554511286696,0.0021419880425207287
2025-04-11 12:00:00+00:00,-0.00355133990848143,-0.0031853009709750615,1.2201297916878953,0.00036603893750636855,0.005311338764801349
2025-04-11 16:00:00+00:00,0.004521758592999843,0.004827344528767009,1.0186197858905544,0.00030558593576716626,0.007732752857711676
2025-04-11 20:00:00+00:00,0.0015296265808723319,0.0020129275732248754,1.611003307841812,0.00048330099235254355,-0.0016752251491805887
2025-04-12 00:00:00+00:00,0.0016146358360147853,0.0021807178915027397,1.8869401849598477,0.0005660820554879543,-0.008136248694477436
2025-04-12 04:00:00+00:00,-3.3523843222050815e-05,0.000461236949564276,1.6492026426210897,0.0004947607927863268,0.014415864820360039
2025-04-12 08:00:00+00:00,0.0007574412567178457,0.0011781284501456222,1.402290644759255,0.00042068719342777645,0.001995464732781005
2025-04-12 12:00:00+00:00,-0.0015990018985449729,-0.00122626386422188,1.2424601144103098,0.0003727380343230929,0.03538721459354024
2025-04-12 16:00:00+00:00,0.003170978449927535,0.003586128587621865,1.3838337923144324,0.00041515013769432966,-0.0043540356697498745
2025-04-12 20:00:00+00:00,0.0025078964543104112,0.0030022799653436284,1.647945036777391,0.0004943835110332172,0.004737322884729696
2025-04-13 00:00:00+00:00,0.002919646893030894,0.003418245149074084,1.6619941868106334,0.00049859825604319,-0.004032056060263245
2025-04-13 04:00:00+00:00,0.007538037804248664,0.00803077357542727,1.6424525705953512,0.0004927357711786054,-0.01332229110650279
2025-04-13 08:00:00+00:00,-0.0005406135439072279,-2.7200541385833554e-05,1.7113766750713146,0.0005134130025213943,0.005780685813697839
2025-04-13 12:00:00+00:00,0.0016607464735995982,0.0020799138171822616,1.3972244786088786,0.00041916734358266353,-0.012433593603687173
2025-04-13 16:00:00+00:00,-0.0018659020550818308,-0.00141973424900226,1.487226020265236,0.0004461678060795708,-0.0033235026121525946
2025-04-13 20:00:00+00:00,0.008938792527157851,0.009355273154102716,1.3882687564828804,0.0004164806269448641,-0.0061463547301548885
2025-04-14 00:00:00+00:00,0.002863993458674818,0.003402281851353523,1.7942946422623487,0.0005382883926787046,0.016496119745657314
2025-04-14 04:00:00+00:00,0.005687759953995137,0.006159713722613006,1.5731792287262283,0.00047195376861786846,-0.007514083060539885
2025-04-14 08:00:00+00:00,0.003169915670884261,0.0036699130214333546,1.6666578351636454,0.0004999973505490936,0.02105848559634428
2025-04-14 12:00:00+00:00,0.004785333283787905,0.005255324470189049,1.5666372880038122,0.0004699911864011436,-0.026357295038540732
2025-04-14 16:00:00+00:00,0.002557653129080419,0.0030585633952776256,1.6697008873240224,0.0005009102661972067,0.008830477087715997
2025-04-14 20:00:00+00:00,0.005467709076216638,0.005904680468531789,1.4565713077171694,0.00043697139231515077,-0.00822703212057357
2025-04-15 00:00:00+00:00,0.005646195329785944,0.006182427113449768,1.7874392788794125,0.0005362317836638237,0.0028248673568204478
2025-04-15 04:00:00+00:00,-0.0013441162052275839,-0.000829036368938372,1.7169327876307063,0.0005150798362892118,0.00017909979638422937
2025-04-15 08:00:00+00:00,0.004418357949420902,0.004833067386801763,1.3823647912695396,0.00041470943738086186,-0.005453088512846695
2025-04-15 12:00:00+00:00,0.0024562644184862037,0.002935214423536855,1.5965000168355055,0.0004789500050506516,-0.014348893433141862
2025-04-15 16:00:00+00:00,0.0029850541923246436,0.003480603812546681,1.6518320674067917,0.0004955496202220374,-0.00579835108947014
2025-04-15 20:00:00+00:00,-0.00045493336462922333,3.829977609498528e-05,1.6441104690806956,0.0004932331407242086,-0.01004760480688393
2025-04-16 00:00:00+00:00,0.0011546281631283463,0.0016019395711370725,1.4910380266957537,0.0004473114080087261,0.004691287491176003
2025-04-16 04:00:00+00:00,0.0027518155915158254,0.0032046027301081185,1.50929046197431,0.00045278713859229293,-0.011758293276442544
2025-04-16 08:00:00+00:00,0.005824077479925339,0.006386614733422945,1.875124178325356,0.0005625372534976068,0.004727179933659486
2025-04-16 12:00:00+00:00,0.00827564157528106,0.008651201911636562,1.2518677878516768,0.000375560336355503,0.008381743665781084
2025-04-16 16:00:00+00:00,0.0033412735494840833,0.0038413418208101133,1.6668942377534335,0.00050006827132603,0.00117325310283917
2025-04-16 20:00:00+00:00,0.0014263450870424135,0.0019228083646618379,1.6548775920647485,0.0004964632776194245,-0.008481536359783692
2025-04-17 00:00:00+00:00,-0.0006455849452046897,-0.00017604439712705323,1.5651351602587886,0.00046954054807763656,0.001620254849957863
2025-04-17 04:00:00+00:00,0.00636610329673655,0.006852085599135551,1.6199410079966707,0.00048598230239900117,0.0171425027514214
2025-04-17 08:00:00+00:00,0.0033891336861961276,0.0038306662683445765,1.4717752738281626,0.00044153258214844876,-0.004593422677448581
2025-04-17 12:00:00+00:00,-0.0015922607689100455,-0.001042574791376794,1.8322865917775049,0.0005496859775332515,-0.003090824762067731
2025-04-17 16:00:00+00:00,0.004558840298938044,0.004936420477209619,1.2586005942385825,0.0003775801782715747,0.0046789354548120235
2025-04-17 20:00:00+00:00,0.0033206516854461226,0.0038309369672269366,1.700950939269381,0.0005102852817808143,-0.0003479417187392302
2025-04-18 00:00:00+00:00,0.000354756590846616,0.0008498377325653141,1.6502704723956605,0.0004950811417186981,-0.0006786686180046899
2025-04-18 04:00:00+00:00,0.0021552002422883607,0.002524224083536553,1.2300794708273068,0.00036902384124819205,0.0036337727324062493
2025-04-18 08:00:00+00:00,0.0017612921623614592,0.0022601871258584047,1.6629832116564853,0.0004988949634969456,0.0038724404082333456
2025-04-18 12:00:00+00:00,-0.0034734397812860147,-0.0029179691626960613,1.851568728633178,0.0005554706185899533,-0.0011867206884392473
2025-04-18 16:00:00+00:00,0.0017596064869004526,0.0020832211582032306,1.0787155710092597,0.0003236146713027779,0.007685873214713897
2025-04-18 20:00:00+00:00,0.001490387540459849,0.0019697220702225163,1.5977817658755578,0.00047933452976266726,-0.0032891255116905107
2025-04-19 00:00:00+00:00,0.0013573719827214927,0.0018591509027101262,1.6725963999621116,0.0005017789199886335,0.012077079708441178
2025-04-19 04:00:00+00:00,0.002458830139691037,0.00295780782518319,1.6632589516405094,0.0004989776854921528,5.0092935211599284e-05
2025-04-19 08:00:00+00:00,0.0009004957832065097,0.001390698949835718,1.6340105554306945,0.0004902031666292083,-0.0010311268947136233
2025-04-19 12:00:00+00:00,-0.002799161532935534,-0.0023205892973063606,1.5952407854305777,0.00047857223562917326,0.002932316379703625
2025-04-19 16:00:00+00:00,-0.005321096124266862,-0.004906396957999815,1.3823305542234914,0.00041469916626704737,0.010027767273954706
2025-04-19 20:00:00+00:00,0.0006054620075952842,0.0009177572124592197,1.0409840162131183,0.00031229520486393547,0.00260008948448257
2025-04-20 00:00:00+00:00,-0.00038709132724180743,0.0001049306885539679,1.6400733859859178,0.0004920220157957753,0.0010716676570754152
2025-04-20 04:00:00+00:00,-0.00029012197028844856,0.00012885438665836372,1.3965878564893743,0.00041897635694681227,-0.004780148949639015
2025-04-20 08:00:00+00:00,0.00010926202044747281,0.0005015357693425685,1.3075791629836524,0.0003922737488950957,-0.012127814794359152
2025-04-20 12:00:00+00:00,-0.004409576532367357,-0.0040266743670963655,1.2763405509033048,0.0003829021652709914,0.004852823441303
2025-04-20 16:00:00+00:00,-0.0015563919956313522,-0.0012627983502080066,0.9786454847444856,0.00029359364542334566,0.008580957578632042
2025-04-20 20:00:00+00:00,0.004849150883588241,0.005223899186358636,1.2491610092346495,0.0003747483027703948,0.0018290188109536597
2025-04-21 00:00:00+00:00,0.0037542887513383628,0.004313190164916585,1.8630047119274085,0.0005589014135782224,0.018814028807931402
2025-04-21 04:00:00+00:00,-0.0024086386195492217,-0.002041064212008816,1.2252480251346856,0.0003675744075404056,0.008231749228457793
2025-04-21 08:00:00+00:00,0.003516704708374533,0.003914969051823646,1.3275478114970434,0.00039826434344911296,-0.0036307788013432347
2025-04-21 12:00:00+00:00,-0.0012710843699285557,-0.000835463104183685,1.4520708858162361,0.0004356212657448708,-0.0037962010634283007
2025-04-21 16:00:00+00:00,0.0011672602643451498,0.0015616647087134952,1.314681481227818,0.0003944044443683454,-0.01625354511562779
2025-04-21 20:00:00+00:00,0.0005550248670232584,0.0010714620157069284,1.7214571622789,0.00051643714868367,-0.007642278472701073
2025-04-22 00:00:00+00:00,-0.0023036638395586215,-0.0019129066488316005,1.3025239690900696,0.00039075719072702086,0.0020587307078081345
2025-04-22 04:00:00+00:00,0.0026097800085391094,0.003036307328258502,1.4217577323979753,0.00042652731971939257,0.007883799181304663
2025-04-22 08:00:00+00:00,-0.0021121608796141386,-0.0016524630823937956,1.5323259907344768,0.00045969779722034303,0.007129401031669806
2025-04-22 12:00:00+00:00,0.004158025237625553,0.004492795819608443,1.1159019399429664,0.0003347705819828899,0.027513307471896144
2025-04-22 16:00:00+00:00,0.0016571692300883956,0.0021782020517238138,1.7367760721180607,0.0005210328216354182,0.003447660343082206
2025-04-22 20:00:00+00:00,-0.0025033868450500176,-0.00201485857050535,1.6284275818155587,0.0004885282745446676,0.030118095470019743
2025-04-23 00:00:00+00:00,-0.003405673460179526,-0.003025290730480866,1.2679424323288675,0.00038038272969866024,0.015407764828825287
2025-04-23 04:00:00+00:00,-0.0032018121881619037,-0.0027669417553756047,1.4495681092876636,0.000434870432786299,0.01043638506049103
2025-04-23 08:00:00+00:00,0.004566541977643645,0.00498897143463717,1.408098189978417,0.0004224294569935251,-0.002112500422993961
2025-04-23 12:00:00+00:00,0.008726792780377348,0.00922707334916333,1.667601895953273,0.0005002805687859818,-0.007032588947513228
2025-04-23 16:00:00+00:00,0.006699872254841008,0.00717219298311561,1.574402427582006,0.0004723207282746018,0.0055263407315492286
2025-04-23 20:00:00+00:00,-0.0009526566135426282,-0.00046122072086077367,1.6381196422728486,0.0004914358926818546,0.003809152319559982
2025-04-24 00:00:00+00:00,-0.0025227947791100634,-0.002167126177855064,1.1855620041833306,0.00035566860125499914,-0.01870754265085016
2025-04-24 04:00:00+00:00,-0.00940656136587541,-0.009057804751179076,1.1625220489877834,0.000348756614696335,-0.0014904769298961424
2025-04-24 08:00:00+00:00,0.005379530289422644,0.005705758243122851,1.0874265123340217,0.0003262279537002065,0.0005208751272260295
2025-04-24 12:00:00+00:00,-0.006619343814561476,-0.006058425735238068,1.8697269310780298,0.0005609180793234089,0.03368793042703078
2025-04-24 16:00:00+00:00,-0.0021044299432909637,-0.0017137493628484046,1.3022686014751972,0.0003906805804425591,-0.00037763636462464893
2025-04-24 20:00:00+00:00,0.0013814863972074535,0.0017779291033874936,1.3214756872668005,0.0003964427061800401,0.004870692625777982
2025-04-25 00:00:00+00:00,-0.0028959970860426005,-0.00247349617832182,1.4083363590692684,0.00042250090772078046,-0.00574518275915063
2025-04-25 04:00:00+00:00,-0.00264170215906211,-0.0022605483837309977,1.270512584437041,0.00038115377533111226,0.019923737708832902
2025-04-25 08:00:00+00:00,-0.0051929252774551415,-0.00478579704943097,1.357094093413903,0.00040712822802417087,0.002019270938983549
2025-04-25 12:00:00+00:00,0.0033458365435692387,0.0037408209861556213,1.316614808621276,0.0003949844425863827,0.0013102859208928318
2025-04-25 16:00:00+00:00,0.0011399480523137373,0.0015304196206792102,1.3015718945515764,0.0003904715683654729,-0.008090011295741757
2025-04-25 20:00:00+00:00,-0.0006176799027084543,-0.00014348317998404657,1.5806557424146928,0.0004741967227244078,-0.001091686826102925
2025-04-26 00:00:00+00:00,0.0006025859664020564,0.0010165287035507438,1.3798091238289583,0.00041394273714868746,0.014362187827666583
2025-04-26 04:00:00+00:00,0.005009194324078193,0.005453855614544568,1.482204301554582,0.0004446612904663746,0.0008481248814756171
2025-04-26 08:00:00+00:00,-0.00434822751897094,-0.0037759489782366105,1.907595135781098,0.0005722785407343293,-0.018909752042707305
2025-04-26 12:00:00+00:00,-0.0002351421370959665,0.00014819928979208004,1.2778047562934887,0.00038334142688804655,0.005776572850558659
2025-04-26 16:00:00+00:00,0.007557690633384603,0.007949788994311808,1.3069945364240143,0.00039209836092720426,0.0026136759021120727
2025-04-26 20:00:00+00:00,-0.00199340412530976,-0.0014672779960103572,1.7537537643313428,0.0005261261292994028,0.0018393559767127434
2025-04-27 00:00:00+00:00,-0.00043683117189556727,-2.8300380334238675e-05,1.3617693052044286,0.0004085307915613286,-0.009759365143131105
2025-04-27 04:00:00+00:00,-0.002314318001910895,-0.0019043907124283784,1.3664242982750554,0.0004099272894825166,-0.005798864530213055
2025-04-27 08:00:00+00:00,-0.0012444915814930776,-0.0008763628336430093,1.227095826166894,0.0003681287478500682,0.0024921723740850164
2025-04-27 12:00:00+00:00,-0.004248382199631095,-0.003914408511805849,1.1132456260841532,0.0003339736878252459,-0.008175612496700402
2025-04-27 16:00:00+00:00,-0.006427301299808205,-0.0060098022058252725,1.3916636466097752,0.0004174990939829325,0.007544505589696215
2025-04-27 20:00:00+00:00,0.0028589898244338564,0.003170628006261188,1.038793939424439,0.00031163818182733166,-0.007746965278567173
2025-04-28 00:00:00+00:00,0.0031208230666720793,0.0035987142820969507,1.5929707180829047,0.0004778912154248714,-0.001291847553566137
2025-04-28 04:00:00+00:00,0.004406849042812914,0.004853331685841561,1.488275476762158,0.00044648264302864736,0.02260170170857986
2025-04-28 08:00:00+00:00,0.0025268182163591204,0.0029635386207977734,1.4557346814621772,0.0004367204044386531,0.00013143381569813428
2025-04-28 12:00:00+00:00,0.007304708255580631,0.007771242892746023,1.5551154572179742,0.00046653463716539223,-0.029326537104547107
2025-04-28 16:00:00+00:00,0.002278095289776912,0.0027507082817920334,1.5753766400504046,0.00047261299201512133,0.02252818814263761
2025-04-28 20:00:00+00:00,-0.004457889319182457,-0.003987829317992436,1.5668666706334016,0.0004700600011900204,-0.003225032868980172
2025-04-29 00:00:00+00:00,0.002468924831084138,0.0028236070263281793,1.182273984146804,0.00035468219524404114,-0.0003499131313882654
2025-04-29 04:00:00+00:00,0.0039929030939137465,0.004416089920386021,1.4106227549075803,0.00042318682647227406,0.009425434652320309
2025-04-29 08:00:00+00:00,0.0012729590858200925,0.0017377599422833566,1.54933618821088,0.000464800856463264,-0.004129783276792724
2025-04-29 12:00:00+00:00,0.00033504534088312556,0.0007919932681451573,1.523159757540106,0.0004569479272620317,-0.004085389804482129
2025-04-29 16:00:00+00:00,0.004556142324378943,0.005023993081501211,1.5595025237408953,0.00046785075712226854,-0.0005727180960608536
2025-04-29 20:00:00+00:00,0.0018304363086349864,0.002383413482306535,1.8432572455718288,0.0005529771736715486,-0.019124562129704682
2025-04-30 00:00:00+00:00,-0.0019941201366073863,-0.0014873247613017419,1.6893179176854811,0.0005067953753056443,0.00692039817839016
2025-04-30 04:00:00+00:00,0.0014016953177521442,0.0017878412056262464,1.287152959580341,0.00038614588787410227,-0.008178383282431798
2025-04-30 08:00:00+00:00,0.003571060228101805,0.0040125974496071,1.4717907383509845,0.0004415372215052953,0.007051567548931646
2025-04-30 12:00:00+00:00,0.004851891349880606,0.005322222674682167,1.5677710826718703,0.000470331324801561,-0.027080449993458554
2025-04-30 16:00:00+00:00,0.006692216039406197,0.007240575202206393,1.8278638760006534,0.000548359162800196,0.00885157260280386
2025-04-30 20:00:00+00:00,0.001104747053973097,0.0016810572686822164,1.9210340490303988,0.0005763102147091195,0.0035893078292204006
2025-05-01 00:00:00+00:00,0.0027391410710195145,0.003205338174708016,1.5539903456283382,0.0004661971036885014,0.004378331723877889
2025-05-01 04:00:00+00:00,0.0021447248104544906,0.002632389303344268,1.6255483096325911,0.0004876644928897773,0.0026155340290338713
2025-05-01 08:00:00+00:00,0.0015930151040544154,0.002085003050442396,1.6399598212932691,0.0004919879463879807,0.019844381475464457
2025-05-01 12:00:00+00:00,-0.0029413251484019256,-0.002416054983380083,1.7509005500728083,0.0005252701650218424,-0.000885872848262248
2025-05-01 16:00:00+00:00,0.006801181898670723,0.0071330877625181205,1.1063528794913247,0.0003319058638473974,0.00034093606888469945
2025-05-01 20:00:00+00:00,0.001559103216146857,0.0020960717388100363,1.7898950755439316,0.0005369685226631794,-0.005033885337402834
2025-05-02 00:00:00+00:00,-0.00657465304235614,-0.0060792447498809205,1.6513609749173994,0.0004954082924752197,0.00923258678102915
2025-05-02 04:00:00+00:00,0.003973674914664277,0.004287915582151856,1.0474688916252644,0.0003142406674875793,-0.014985411437113712
2025-05-02 08:00:00+00:00,0.003404969801145833,0.003869462465157395,1.548308880038539,0.00046449266401156166,0.0025052445234688184
2025-05-02 12:00:00+00:00,-0.00018182499276883017,0.00033183819845502,1.712210637412834,0.0005136631912238502,0.0025681227326069486
2025-05-02 16:00:00+00:00,0.0024507660379805025,0.002922371552713659,1.5720183824438563,0.00047160551473315686,-0.01048944969458172
2025-05-02 20:00:00+00:00,-0.0005609911188202895,-9.64978064588204e-05,1.5483110412048973,0.0004644933123614691,0.0034708208561057535
2025-05-03 00:00:00+00:00,0.0015666324247595284,0.0019807571011770633,1.3804155880584497,0.00041412467641753487,-0.0033627296300753405
2025-05-03 04:00:00+00:00,0.0011655951209400323,0.001624621993257517,1.5300895743916159,0.0004590268723174847,-0.005123393227836595
2025-05-03 08:00:00+00:00,0.003293752949022255,0.003708903020208921,1.3838335706222205,0.0004151500711866661,-0.008798716362965683
2025-05-03 12:00:00+00:00,-0.0022449657502842182,-0.0017843781263960801,1.5352920796271274,0.0004605876238881382,0.005576217205720683
2025-05-03 16:00:00+00:00,0.0038451357659746196,0.004289349234711433,1.4807115624560445,0.0004442134687368133,-0.006044030778795856
2025-05-03 20:00:00+00:00,-0.0009060909887384576,-0.0003786722616428731,1.7580624236519482,0.0005274187270955845,-0.0020577934556046916
2025-05-04 00:00:00+00:00,0.002199015390558908,0.0026293280543521424,1.4343755459774477,0.00043031266379323427,-0.0073959773386007895
2025-05-04 04:00:00+00:00,-0.0012374548274822245,-0.0007712704899758431,1.5539477916879383,0.0004661843375063814,-0.0025324772984778505
2025-05-04 08:00:00+00:00,0.0016926205916226384,0.0020566714713272914,1.2135029323488435,0.000364050879704653,-0.005170421159040768
2025-05-04 12:00:00+00:00,-0.0002461335220933087,0.0002052625160004964,1.5046534603126838,0.0004513960380938051,-0.0017434058216005705
2025-05-04 16:00:00+00:00,-0.0004414332762542818,-3.702171212748039e-05,1.3480385470893381,0.0004044115641268014,-0.006218717898710659
2025-05-04 20:00:00+00:00,-0.0002557429775916458,0.00016166560287480072,1.3913619348881552,0.00041740858046644653,-0.006819568579440758
2025-05-05 00:00:00+00:00,0.0027667683174025077,0.00319326140997008,1.421643641891908,0.0004264930925675724,0.0070465854154278884
2025-05-05 04:00:00+00:00,0.00809446091797799,0.008604471512427556,1.7000353148318892,0.0005100105944495667,0.00884645890967724
2025-05-05 08:00:00+00:00,-0.004400197690791759,-0.00385063899302179,1.8318623258998945,0.0005495586977699683,-0.01498094590946019
2025-05-05 12:00:00+00:00,-0.0026377405886003043,-0.0022680770382431685,1.2322118345237865,0.0003696635503571359,-0.006419640261649501
2025-05-05 16:00:00+00:00,0.0011931602943986005,0.0015088282176424137,1.0522264108127108,0.0003156679232438132,0.010394565814906635
2025-05-05 20:00:00+00:00,0.003603481347378597,0.004062790188780072,1.5310294713382475,0.0004593088414014742,-0.004795288819790182
2025-05-06 00:00:00+00:00,-0.0002462072556893378,0.0002868385043129143,1.7768192000075071,0.0005330457600022521,-0.00510644697888799
2025-05-06 04:00:00+00:00,-0.0013341505271867084,-0.0008670256535802693,1.5570829120214638,0.0004671248736064391,-0.00039867573245206826
2025-05-06 08:00:00+00:00,0.008987651388828122,0.009340810556631027,1.177197226009686,0.00035315916780290576,-0.022621985174316697
2025-05-06 12:00:00+00:00,-0.0002446359627589324,0.000261930881611927,1.6885561479028648,0.0005065668443708594,0.0068409169520750246
2025-05-06 16:00:00+00:00,0.0016604649343179344,0.002068614769616185,1.3604994509941686,0.00040814983529825056,0.00860094229230978
2025-05-06 20:00:00+00:00,0.0032038687683360973,0.003684319316373587,1.6015018267916323,0.0004804505480374897,0.01188531256207711
2025-05-07 00:00:00+00:00,-0.0018505210086777056,-0.0013101068217324467,1.801380623150863,0.0005404141869452588,-0.0015720375556158965
2025-05-07 04:00:00+00:00,0.0013646489564566322,0.0018356376435123977,1.5699622901858847,0.0004709886870557654,0.004382323187339965
2025-05-07 08:00:00+00:00,-0.0016536888964815322,-0.0011449969399891708,1.6956398549745384,0.0005086919564923615,-0.00016367616922271575
2025-05-07 12:00:00+00:00,-0.006428055236400316,-0.006060410215947787,1.2254834015084317,0.0003676450204525295,-0.013750689561575227
2025-05-07 16:00:00+00:00,0.004525297477766734,0.004860427776184919,1.1171009947272812,0.0003351302984181843,-0.0041614811790703825
2025-05-07 20:00:00+00:00,0.002091614117593,0.0026155366689641583,1.746408504570528,0.0005239225513711584,0.012666527821715382
2025-05-08 00:00:00+00:00,-0.003859651828715824,-0.0033520091054357287,1.6921424109336505,0.0005076427232800951,0.03752479562430778
2025-05-08 04:00:00+00:00,-0.0010988167823066171,-0.0007446140507801675,1.1806757717548322,0.0003542027315264496,0.013742884438571268
2025-05-08 08:00:00+00:00,0.004889804197128581,0.005303014699558162,1.3773683414319366,0.00041321050242958097,0.010531347593502534
2025-05-08 12:00:00+00:00,-0.002985769068424984,-0.00244538924272328,1.801266085672347,0.0005403798257017041,0.024486290641572622
2025-05-08 16:00:00+00:00,-0.0023897190740879964,-0.0020114216276392767,1.2609914881623987,0.00037829744644871956,0.011621337789132253
2025-05-08 20:00:00+00:00,-0.004898610816109334,-0.004518429104839619,1.26727237089905,0.000380181711269715,0.02612730518574094
2025-05-09 00:00:00+00:00,-0.0018087426537064162,-0.0014149711212216442,1.31257177494924,0.000393771532484772,-0.0025371943213662973
2025-05-09 04:00:00+00:00,-0.000599627152901012,-0.00020335495089377357,1.3209073400241282,0.00039627220200723844,0.03465328450531414
2025-05-09 08:00:00+00:00,0.007965459113454315,0.008384946801402842,1.3982922931617587,0.0004194876879485276,0.011661898593569208
2025-05-09 12:00:00+00:00,-0.00469786736283634,-0.004211691108220588,1.6205875153858398,0.0004861762546157519,-0.012366676651242234
2025-05-09 16:00:00+00:00,-0.0022286334981315857,-0.0018647497928997202,1.212945684106218,0.0003638837052318654,0.0047981337618343625
2025-05-09 20:00:00+00:00,0.007416926366093576,0.007812801830277147,1.3195848806119013,0.00039587546418357034,0.005901145724035113
2025-05-10 00:00:00+00:00,0.006596584676408457,0.007064073765615219,1.5582969640225421,0.0004674890892067626,0.006927670975370523
2025-05-10 04:00:00+00:00,-0.010954779528608084,-0.010446251531932854,1.6950933222507647,0.0005085279966752294,0.01975912531017526
2025-05-10 08:00:00+00:00,-0.004246938130566173,-0.0038955575125809885,1.17126872661728,0.000351380617985184,-0.010084822227107623
2025-05-10 12:00:00+00:00,-0.007024625146279278,-0.00666387673377289,1.2024947083546296,0.00036074841250638884,0.014477173265748737
2025-05-10 16:00:00+00:00,-0.0072062026115772785,-0.006855754438804045,1.1681605759107787,0.0003504481727732336,0.01660911550376888
2025-05-10 20:00:00+00:00,-0.014171394026458528,-0.013862210300966148,1.0306124183079353,0.00030918372549238056,0.05020247927814038
2025-05-11 00:00:00+00:00,-0.006988300532892427,-0.006628381641395017,1.1997296383247,0.00035991889149741,-0.013933846451468805
2025-05-11 04:00:00+00:00,0.007400123049564999,0.007751115268021322,1.1699740615210794,0.0003509922184563238,-0.02937844799096557
2025-05-11 08:00:00+00:00,0.0019062604147389059,0.0023741895389605373,1.5597637474054378,0.0004679291242216313,0.012261856904891462
2025-05-11 12:00:00+00:00,0.0008680349486341707,0.001320920139517675,1.5096173029450142,0.0004528851908835042,-0.01951049118989306
2025-05-11 16:00:00+00:00,0.0019269188117402645,0.002433962135511697,1.6901444125714418,0.0005070433237714325,0.01622095588024098
2025-05-11 20:00:00+00:00,0.0025569315261830213,0.003083894201418374,1.7565422507845092,0.0005269626752353527,-0.002670846799886312
2025-05-12 00:00:00+00:00,0.00313684639612009,0.0036058529454345042,1.563355164381382,0.00046900654931441454,0.009900673784797597
2025-05-12 04:00:00+00:00,0.0006676936114667931,0.0012206217998269112,1.8430939612003936,0.000552928188360118,0.01446441992185724
2025-05-12 08:00:00+00:00,0.008484122642221686,0.008930960923625005,1.4894609380110653,0.00044683828140331956,-0.007829887935184583
2025-05-12 12:00:00+00:00,-0.008803954142523922,-0.008299823149469546,1.6804366435145919,0.0005041309930543775,-0.012899715439158178
2025-05-12 16:00:00+00:00,0.0025580784585004994,0.002977593384016554,1.3983830850535157,0.0004195149255160547,-0.014709286008305789
2025-05-12 20:00:00+00:00,-0.001795914586568794,-0.0012986999556982646,1.6573821029017652,0.0004972146308705295,0.011246928418247808
2025-05-13 00:00:00+00:00,0.0028918125246458967,0.003324928098591211,1.4437185798177141,0.0004331155739453142,-0.0443134173709658
2025-05-13 04:00:00+00:00,0.0019053885476436013,0.0023694274843554077,1.5467964557060212,0.0004640389367118063,0.023782828247321378
2025-05-13 08:00:00+00:00,0.001829298730800797,0.0023771183656519225,1.8260654495037512,0.0005478196348511253,0.011610893718077801
2025-05-13 12:00:00+00:00,0.0013131459156053354,0.001771509736363719,1.5278794025279452,0.0004583638207583835,0.008150237449897272
2025-05-13 16:00:00+00:00,0.006073729636998143,0.006524794286401781,1.5035488313454601,0.000451064649403638,0.03661280147958338
2025-05-13 20:00:00+00:00,0.0014582867507581592,0.001975276764197841,1.7233000447989397,0.0005169900134396819,-9.166977222583566e-05
2025-05-14 00:00:00+00:00,0.0036466954573887178,0.004129702199330644,1.6100224731397537,0.00048300674194192605,-0.012622598973793664
2025-05-14 04:00:00+00:00,0.0003883153145966821,0.0008837213213449793,1.6513533558276574,0.0004954060067482972,0.0022042397419204827
2025-05-14 08:00:00+00:00,-0.0019707705000608644,-0.0014684159210717881,1.6745152632969207,0.0005023545789890762,-0.008154108832237047
2025-05-14 12:00:00+00:00,0.0011223962559101716,0.0015306174101589302,1.3607371808291955,0.00040822115424875863,-0.016604454181422614
2025-05-14 16:00:00+00:00,0.0024693421113463863,0.0029758989904830734,1.6885229304556235,0.000506556879136687,0.0002537764539276174
2025-05-14 20:00:00+00:00,0.0018523700735710376,0.0022711183310490618,1.3958275249267473,0.0004187482574780242,-0.00355426341633906
2025-05-15 00:00:00+00:00,0.0011151167101421356,0.001574748509108474,1.532105996554462,0.0004596317989663385,-0.008970801456210157
2025-05-15 04:00:00+00:00,0.005155287542976664,0.005614395156974061,1.5303587133246566,0.0004591076139973969,-0.03106163289396308
2025-05-15 08:00:00+00:00,-0.0011523433957287236,-0.00062835061410025,1.7466426054282453,0.0005239927816284736,0.005712765999262306
2025-05-15 12:00:00+00:00,0.001995858543275924,0.0023757116912215253,1.2661771598186715,0.00037985314794560145,0.004455324454950997
2025-05-15 16:00:00+00:00,0.001152320411754861,0.001608630800497471,1.5210346291420338,0.0004563103887426101,-0.011479118427221328
2025-05-15 20:00:00+00:00,-0.0038267883704232114,-0.0034081602083251474,1.3954272069935474,0.0004186281620980642,-0.008338426673923567
2025-05-16 00:00:00+00:00,0.005159236850395627,0.005561371100982302,1.3404475019555835,0.000402134250586675,0.019058730338518022
2025-05-16 04:00:00+00:00,0.004710984022004351,0.005217757858783108,1.689246122595855,0.0005067738367787565,0.0011695439984950628
2025-05-16 08:00:00+00:00,0.0025589373900239964,0.0030597331338286385,1.6693191460154742,0.0005007957438046422,0.003931690443413447
2025-05-16 12:00:00+00:00,0.0027780459458488483,0.0032494169072305196,1.5712365379389044,0.0004713709613816713,-0.00922746166239311
2025-05-16 16:00:00+00:00,0.00010357610743126573,0.0005505756141165743,1.4899983556176954,0.00044699950668530857,-0.005651021632965087
2025-05-16 20:00:00+00:00,-0.0018114675276663852,-0.0013811613653005868,1.4343538745526614,0.00043030616236579836,-0.018501668450339587
2025-05-17 00:00:00+00:00,0.0003874406995855346,0.0008348739968600562,1.4914443242484055,0.0004474332972745216,-0.012301121591748024
2025-05-17 04:00:00+00:00,-0.00023319551632720658,0.00020801101290897155,1.4706884307872605,0.00044120652923617813,0.002431716305061109
2025-05-17 08:00:00+00:00,0.008759125974167458,0.009183267359765263,1.4138046186593474,0.0004241413855978042,-0.0025991038310458447
2025-05-17 12:00:00+00:00,-0.0010887496705719844,-0.0005400623738498667,1.8289576557403928,0.0005486872967221178,-0.0029720489512034183
2025-05-17 16:00:00+00:00,0.0032772080121891384,0.0036727073797559774,1.3183312252227972,0.0003954993675668391,-0.010985905815916271
2025-05-17 20:00:00+00:00,-0.0012885101690563098,-0.0008269798064311949,1.5384345420837169,0.00046153036262511503,0.003063413977960022
2025-05-18 00:00:00+00:00,0.003146538631962432,0.003533172932594859,1.2887810021080914,0.0003866343006324274,0.00258811781796504
2025-05-18 04:00:00+00:00,0.0060935847620430805,0.006619862964904673,1.75426067620531,0.0005262782028615929,0.020109442761146724
2025-05-18 08:00:00+00:00,0.002686807536543116,0.0031426178063238067,1.5193675659356347,0.00045581026978069037,0.001681036900043979
2025-05-18 12:00:00+00:00,-0.003110716952702661,-0.0026068258293123273,1.679637077967779,0.0005038911233903337,0.03336929783980027
2025-05-18 16:00:00+00:00,0.0019031435682557896,0.0022712843428745687,1.2271359153959307,0.0003681407746187792,-0.0542671112484851
2025-05-18 20:00:00+00:00,0.004962938973551722,0.005423438129329952,1.534997185927433,0.00046049915577822984,0.037391019867035864
2025-05-19 00:00:00+00:00,0.010112161334815734,0.010537753135004763,1.41863933396343,0.000425591800189029,-0.037473790616852465
2025-05-19 04:00:00+00:00,0.019466017545802065,0.020040817522678885,1.9159999229227356,0.0005747999768768206,-0.010310405691202607
2025-05-19 08:00:00+00:00,0.004254137353338413,0.00472920546436946,1.583560370103488,0.0004750681110310463,-0.0003303070045611785
2025-05-19 12:00:00+00:00,0.006459210097064953,0.006928447015588953,1.5641230617466642,0.0004692369185239992,0.01587324129489945
2025-05-19 16:00:00+00:00,0.0006617636604808369,0.0011717024055567914,1.6997958169198486,0.0005099387450759545,0.0125608058755683
2025-05-19 20:00:00+00:00,0.0023659901164825585,0.0028119265519672564,1.486454784948993,0.0004459364354846979,0.0007259773956203227
2025-05-20 00:00:00+00:00,0.0029085751500156866,0.0034023558996009425,1.6459358319508541,0.0004937807495852561,0.011057134338811633
2025-05-20 04:00:00+00:00,0.0015948084083998268,0.0020296707646763417,1.4495411875883828,0.0004348623562765148,-0.0083879859437828
2025-05-20 08:00:00+00:00,0.0007836600302453551,0.001162655774037198,1.2633191459728093,0.00037899574379184276,-0.01104751938267416
2025-05-20 12:00:00+00:00,0.0026411731965079017,0.0030752486727035283,1.4469182539854228,0.0004340754761956268,-0.0021511187418018626
2025-05-20 16:00:00+00:00,0.00050094194518257,0.0009263536477684573,1.4180390086196244,0.0004254117025858873,0.009147483566651156
2025-05-20 20:00:00+00:00,-0.003403016611135138,-0.0029919533159340496,1.370210984003628,0.0004110632952010884,0.008651379727389483
2025-05-21 00:00:00+00:00,-0.000268814099533427,0.00017544353446425547,1.480858779992275,0.00044425763399768246,0.007328393682430486
2025-05-21 04:00:00+00:00,-0.003030332202838477,-0.0025919943302943576,1.4611262418137314,0.0004383378725441194,-0.0015934235242060927
2025-05-21 08:00:00+00:00,0.009098596413500274,0.009451708301084187,1.177039625279705,0.0003531118875839115,0.0007658115627009465
2025-05-21 12:00:00+00:00,-0.0018515795984221529,-0.0012761446118806116,1.9181166218051373,0.0005754349865415412,0.014196713250440859
2025-05-21 16:00:00+00:00,0.002022742638362462,0.002398648506411996,1.2530195601651137,0.0003759058680495341,-0.006770639169106807
2025-05-21 20:00:00+00:00,0.010591245711669754,0.011021973954057738,1.4357608079599495,0.0004307282423879848,0.014029266466856441
2025-05-22 00:00:00+00:00,0.006826463791211532,0.007346516828833251,1.7335101254057328,0.0005200530376217198,0.018585211059605658
2025-05-22 04:00:00+00:00,0.006535083049444855,0.007088176967421004,1.843646393253832,0.0005530939179761496,0.0028859835603975196
2025-05-22 08:00:00+00:00,-0.00010277849949259094,0.0004404950724966395,1.8109119066307682,0.0005432735719892304,0.007640644399999602
2025-05-22 12:00:00+00:00,-0.001224907403101859,-0.0007620165635002786,1.5429694653386015,0.0004628908396015804,0.009428545931504877
2025-05-22 16:00:00+00:00,-0.001214600125049507,-0.0007837941260995928,1.4360199964997138,0.0004308059989499141,-0.005815048857034642
2025-05-22 20:00:00+00:00,0.0035960972317637873,0.0040056790569945435,1.3652727507691866,0.00040958182523075597,0.005766960758551007
2025-05-23 00:00:00+00:00,0.0033632329675065925,0.003888021828622058,1.7492962037182183,0.0005247888611154654,0.024127887595416012
2025-05-23 04:00:00+00:00,0.0022191596037288808,0.0026582606396507785,1.4636701197396587,0.0004391010359218976,-0.02496435482917211
2025-05-23 08:00:00+00:00,-0.001524133734957375,-0.0010127541637098903,1.7045985708249487,0.0005113795712474846,-0.030561387806573626
2025-05-23 12:00:00+00:00,0.002355210162630749,0.002867433297389917,1.707410449197226,0.0005122231347591677,0.0037191747631125974
2025-05-23 16:00:00+00:00,0.0008598997333799794,0.0013467710883760969,1.6229045166537253,0.0004868713549961175,-0.00641636289998937
2025-05-23 20:00:00+00:00,0.002680652268558672,0.0032058870471022667,1.7507825951453158,0.0005252347785435947,-0.031934113793502604
2025-05-24 00:00:00+00:00,-0.001837695152816333,-0.0013500124617559087,1.6256089702014145,0.0004876826910604243,0.012191941096420921
2025-05-24 04:00:00+00:00,7.648962144103937e-05,0.0005053321175838378,1.4294749871426615,0.0004288424961427984,-6.635828673101967e-05
2025-05-24 08:00:00+00:00,0.003880535421674281,0.004316405560308753,1.4529004621149064,0.0004358701386344719,0.004587055408198619
2025-05-24 12:00:00+00:00,-0.0009398541389977531,-0.000493648249492547,1.487352965017354,0.0004462058895052062,-0.004997250420728157
2025-05-24 16:00:00+00:00,0.0016845077826486976,0.00210076576385687,1.3875266040272425,0.0004162579812081727,-0.0034189662148664092
2025-05-24 20:00:00+00:00,-0.00021860495300965043,0.0002445830559153471,1.5439600297499918,0.0004631880089249975,-0.00847621182893112
2025-05-25 00:00:00+00:00,-0.001737645339928623,-0.0012420041362048461,1.652137345745923,0.0004956412037237769,-0.005961868948874412
2025-05-25 04:00:00+00:00,0.0043500246028974655,0.004803421558735528,1.5113231861268757,0.0004533969558380627,-0.005314076921427883
2025-05-25 08:00:00+00:00,0.0044640974765680535,0.004989177087171361,1.750265368677694,0.0005250796106033082,-0.009393321486246387
2025-05-25 12:00:00+00:00,-0.0021993371584318314,-0.0016811953842129229,1.727139247396362,0.0005181417742189086,-0.005445414664464236
2025-05-25 16:00:00+00:00,0.004531518751841418,0.004853471795360619,1.0731768117306697,0.00032195304351920087,0.013110065666091238
2025-05-25 20:00:00+00:00,-0.0021880445235495944,-0.001696456009630819,1.6386283797292516,0.0004915885139187754,0.014623015538914064
2025-05-26 00:00:00+00:00,0.00715678692666722,0.007514883948406116,1.1936567391296544,0.0003580970217388963,0.010788338415664504
2025-05-26 04:00:00+00:00,-0.0009193581706537395,-0.00043086446995244695,1.6283123356709752,0.0004884937007012926,0.01167323921999536
2025-05-26 08:00:00+00:00,0.002379559037294099,0.0027524027380772032,1.242812335943681,0.0003728437007831042,-0.00944062897019576
2025-05-26 12:00:00+00:00,0.004452390263222653,0.004935580277808104,1.610633381951502,0.00048319001458545056,-0.00019243134542061313
2025-05-26 16:00:00+00:00,0.0017454465598434532,0.002316232299631059,1.902619132625354,0.0005707857397876062,-0.01656687918990507
2025-05-26 20:00:00+00:00,-0.00052755938047611,-8.397219162968594e-05,1.4786239628214133,0.00044358718884642397,0.003768836018874285
2025-05-27 00:00:00+00:00,0.004673421616112175,0.00507063476809249,1.3240438399343841,0.0003972131519803152,-0.000957509685499974
2025-05-27 04:00:00+00:00,-0.0013279024319821052,-0.0008315309084336864,1.6545717451613966,0.0004963715235484189,0.012855382366608254
2025-05-27 08:00:00+00:00,0.007013787722602649,0.007432368485382717,1.3952692092668908,0.0004185807627800672,0.008618454414378656
2025-05-27 12:00:00+00:00,-0.0003703411308722985,0.00013352086475560776,1.6795399854263544,0.0005038619956279063,0.0035450026040116343
2025-05-27 16:00:00+00:00,-0.0016850358188557706,-0.001248982189598926,1.453512097522815,0.0004360536292568445,0.00043894382262864377
2025-05-27 20:00:00+00:00,0.0018418904931886738,0.002244626758289871,1.3424542170039908,0.00040273626510119723,-0.00879508301632105
2025-05-28 00:00:00+00:00,-0.001792933132736433,-0.0012334655139758439,1.8648920625352967,0.000559467618760589,-0.0006173582924598954
2025-05-28 04:00:00+00:00,0.0002471891680592918,0.0006245377563247776,1.2578286275516197,0.00037734858826548586,-0.0023007128389652166
2025-05-28 08:00:00+00:00,0.004261722204096964,0.004654628372677702,1.3096872286024597,0.00039290616858073785,0.008006266889996387
2025-05-28 12:00:00+00:00,-0.005857861390421827,-0.005416799192010864,1.4702073280365426,0.0004410621984109628,-0.02128099505214498
2025-05-28 16:00:00+00:00,0.001632660007117027,0.0018975940273931874,0.8831134009205347,0.0002649340202761604,-0.008544700753867693
2025-05-28 20:00:00+00:00,0.005628130586488575,0.0061072819833423745,1.5971713228459987,0.0004791513968537996,0.02362219319865495
2025-05-29 00:00:00+00:00,-0.004899257840777997,-0.00440732131264027,1.6397884271257566,0.0004919365281377269,0.023326291793063624
2025-05-29 04:00:00+00:00,0.006351446664012193,0.006722891137093206,1.2381482436033757,0.0003714444730810127,-0.014653177406279968
2025-05-29 08:00:00+00:00,-0.002821395802207435,-0.0023217635106674694,1.665440971799886,0.0004996322915399657,0.0012344121425891317
2025-05-29 12:00:00+00:00,-0.0009276144846799288,-0.0005003402868807514,1.424247325997258,0.0004272741977991773,-0.01902067506038593
2025-05-29 16:00:00+00:00,0.004758003072238216,0.005138916334932633,1.2697108756480584,0.00038091326269441746,-0.014609630995478295
2025-05-29 20:00:00+00:00,0.0009262567626836512,0.0014470262758498526,1.7358983772206713,0.0005207695131662014,-0.008563593331585668
2025-05-30 00:00:00+00:00,-0.007066772049699472,-0.006562083839626491,1.6822940335766015,0.0005046882100729804,-0.016794459716105426
2025-05-30 04:00:00+00:00,0.0007568541005754149,0.0010497768606180374,0.976409200142075,0.00029292276004262246,-0.014386858335690285
2025-05-30 08:00:00+00:00,0.002239227252168219,0.0027215299749189055,1.607675742502288,0.0004823027227506864,0.007061601370081899
2025-05-30 12:00:00+00:00,0.0003747789099557066,0.0008820357516280675,1.69085613890787,0.0005072568416723609,-0.010901533678165473
2025-05-30 16:00:00+00:00,0.006260016453456465,0.006635937000704494,1.2530684908267649,0.0003759205472480294,-0.007911369439752661
2025-05-30 20:00:00+00:00,-0.006015072883510984,-0.005535443409392614,1.5987649137278992,0.0004796294741183697,-0.03345044904106691
2025-05-31 00:00:00+00:00,0.00025041300134542757,0.000675281666570493,1.4162288840835517,0.0004248686652250655,-0.02070818450515016
2025-05-31 04:00:00+00:00,0.000833624348642528,0.0013330677163200131,1.6648112255916174,0.0004994433676774852,0.010856869403374981
2025-05-31 08:00:00+00:00,2.838506794241788e-06,0.0005049111918048552,1.6735756167020448,0.0005020726850106134,-0.004206144828787391
2025-05-31 12:00:00+00:00,0.010887322366840854,0.011217471440243048,1.1004969113406446,0.00033014907340219335,0.01956810175267813
2025-05-31 16:00:00+00:00,0.006100383252079281,0.006631702670992555,1.7710647297109126,0.0005313194189132737,0.007802174329066191
2025-05-31 20:00:00+00:00,0.000695813923737133,0.0011151586292813395,1.397815685147355,0.0004193447055442065,-0.00441697226408815
2025-06-01 00:00:00+00:00,0.0009891928929280493,0.0015396401390276736,1.8348241536654144,0.0005504472460996243,-0.005439211755704367
2025-06-01 04:00:00+00:00,-0.0010680827044343047,-0.0006533018059390992,1.3826029949840184,0.0004147808984952055,-0.00013652769115424235
2025-06-01 08:00:00+00:00,0.006647240296357168,0.007091559644785086,1.481064494759727,0.000444319348427918,-0.00960786537161656
2025-06-01 12:00:00+00:00,0.00017961057997761235,0.0006779925367806889,1.6612731893435888,0.0004983819568030765,0.009849151567469997
2025-06-01 16:00:00+00:00,0.0007871161896469158,0.0013170942167647518,1.76659342372612,0.0005299780271178359,-0.00045484960448997013
2025-06-01 20:00:00+00:00,0.006199029170708286,0.006706570618147493,1.6918048247973563,0.0005075414474392068,0.011206599970852512
2025-06-02 00:00:00+00:00,0.0020132321352033713,0.0025181465197497642,1.683047948487977,0.0005049143845463931,-0.010545160136857834
2025-06-02 04:00:00+00:00,0.006720920680820161,0.007152694255954225,1.4392452504468807,0.00043177357513406417,0.00038089306219255155
2025-06-02 08:00:00+00:00,0.005001421536929469,0.005553839247869188,1.8413923697990673,0.0005524177109397201,-0.012087477266976742
2025-06-02 12:00:00+00:00,-0.004649906244032747,-0.004090224955917958,1.8656042937159654,0.0005596812881147895,0.011829838596166996
2025-06-02 16:00:00+00:00,0.0024888057874943555,0.0029352608764048873,1.4881836297017734,0.000446455088910532,-0.00017129567282285894
2025-06-02 20:00:00+00:00,0.006244082423202488,0.006709109269641552,1.5500894881302145,0.0004650268464390643,0.026549140722492887
2025-06-03 00:00:00+00:00,-0.0015479294181538993,-0.001014942667964798,1.7766225006303376,0.0005329867501891012,0.002551401490736411
2025-06-03 04:00:00+00:00,0.0004686320768460417,0.0008739418359744037,1.3510325304278734,0.00040530975912836197,0.001894740369160636
2025-06-03 08:00:00+00:00,0.001597214494292037,0.0020505911502433334,1.5112555198376547,0.0004533766559512964,-0.0017272079066684056
2025-06-03 12:00:00+00:00,0.000998383091205982,0.0015334785399682474,1.783651495874218,0.0005350954487622654,0.01253655841769917
2025-06-03 16:00:00+00:00,-0.00011142013715322122,0.0003088080465860892,1.4007606124643681,0.0004202281837393104,-0.0019071758562188993
2025-06-03 20:00:00+00:00,-0.0023155254999087903,-0.0018894672367814355,1.4201942104245155,0.00042605826312735464,-0.013577533173463845
2025-06-04 00:00:00+00:00,0.0032265612257404773,0.0036624492713847423,1.4529601521475504,0.00043588804564426506,0.01014446165388021
2025-06-04 04:00:00+00:00,-0.0013070314700506505,-0.0008435714359148876,1.5448667804525427,0.00046346003413576275,-0.003232787383649699
2025-06-04 08:00:00+00:00,0.006841958862475858,0.007197860853713152,1.1863399707909807,0.00035590199123729417,-0.007879755400538587
2025-06-04 12:00:00+00:00,0.0005586201914256974,0.0010928793544265404,1.7808638766694769,0.000534259163000843,0.0018298116050259198
2025-06-04 16:00:00+00:00,0.0014007632590990113,0.0018713119730975306,1.5684957133283974,0.0004705487139985192,-0.012154278188627295
2025-06-04 20:00:00+00:00,0.003144453488069182,0.003564224251567208,1.399235878326753,0.00041977076349802584,-0.011965152782985659
2025-06-05 00:00:00+00:00,0.002459348215095836,0.0029740287137359793,1.71560166213381,0.000514680498640143,0.0029921847690785285
2025-06-05 04:00:00+00:00,-0.00040627333988100183,8.154697705093196e-05,1.6260677231064462,0.0004878203169319338,-0.00011088190211886385
2025-06-05 08:00:00+00:00,0.003344620562907474,0.003742659898811084,1.3267977863453657,0.00039803933590360966,-0.0029261783513326147
2025-06-05 12:00:00+00:00,0.0016161468984479503,0.0021741905536308767,1.860145517276421,0.0005580436551829263,-0.0032640515517641504
2025-06-05 16:00:00+00:00,0.00584588574482316,0.006290266696073624,1.4812698375015463,0.00044438095125046384,-0.03557974649251378
2025-06-05 20:00:00+00:00,0.00468329368276361,0.005137490046104821,1.5139878778040368,0.000454196363341211,-0.0226868934918123
2025-06-06 00:00:00+00:00,-0.0014638069754310404,-0.0009745807824235902,1.6307539766915007,0.0004892261930074501,0.01592174937598812
2025-06-06 04:00:00+00:00,-0.0005674176604106604,-0.00015006830684849014,1.391164511873901,0.0004173493535621703,0.004100624100434443
2025-06-06 08:00:00+00:00,0.002432579448480486,0.00291442083433952,1.6061379528634459,0.0004818413858590337,0.0045024287100449405
2025-06-06 12:00:00+00:00,0.0006884158391718876,0.0011760572492334554,1.6254713668718925,0.00048764141006156774,0.01574675570400016
2025-06-06 16:00:00+00:00,-0.0006008310292968645,-0.00016087415530598994,1.4665229133029154,0.0004399568739908746,-0.007902285004003029
2025-06-06 20:00:00+00:00,0.0008018803820767212,0.0011413839356707199,1.1316785119799957,0.00033950355359399866,-0.0013640896251178886
2025-06-07 00:00:00+00:00,-0.005644937436427896,-0.00520482273801512,1.467048994709252,0.00044011469841277555,0.01710763307842275
2025-06-07 04:00:00+00:00,-0.0025443487848605373,-0.0021941686670778394,1.1672670592756604,0.0003501801177826981,0.008201734208171751
2025-06-07 08:00:00+00:00,-0.002593945364663556,-0.0021850349458857705,1.3630347292592853,0.0004089104187777855,0.002374222890531457
2025-06-07 12:00:00+00:00,-0.00033036027724993734,-9.845046521547856e-06,1.068384102427965,0.00032051523072838947,0.0016395569306297884
2025-06-07 16:00:00+00:00,0.004420200103051482,0.0048253576486741315,1.3505251520754988,0.0004051575456226496,-0.004101690995738342
2025-06-07 20:00:00+00:00,0.0028943453731100797,0.003447842599378681,1.84499075422867,0.000553497226268601,0.0016370877469164774
2025-06-08 00:00:00+00:00,-0.001173368497201449,-0.0006882939510723884,1.616915153763536,0.00048507454612906075,-0.004324956111719608
2025-06-08 04:00:00+00:00,0.0012279409579190458,0.0016548675192414478,1.4230885377413398,0.0004269265613224019,-0.0024260557206599227
2025-06-08 08:00:00+00:00,-0.006723315784324506,-0.006201882896053723,1.738109627569277,0.000521432888270783,-0.00031133232746710974
2025-06-08 12:00:00+00:00,-0.0013523949596688876,-0.0010426890320647938,1.0323530920136463,0.00030970592760409387,0.007747422505196065
2025-06-08 16:00:00+00:00,0.0003463555821489399,0.0007269123720748294,1.2685226330862984,0.0003805567899258895,0.006572186270077764
2025-06-08 20:00:00+00:00,0.0014338652356169705,0.001892341544177212,1.5282543618674722,0.0004584763085602416,-0.007556545314133921
2025-06-09 00:00:00+00:00,7.152671429602416e-06,0.0005143226134931129,1.690566473545035,0.0005071699420635104,-0.007331356269020765
2025-06-09 04:00:00+00:00,-0.00017558205431822096,0.00022848203506213973,1.3468802979345358,0.0004040640893803607,-0.005782774474916342
2025-06-09 08:00:00+00:00,-0.0025983854461239836,-0.0021430557379254205,1.5177656939952102,0.00045532970819856303,0.022666137966688305
2025-06-09 12:00:00+00:00,0.001573752568226374,0.0020141659738126265,1.4680446852875084,0.0004404134055862525,0.0003164740607334293
2025-06-09 16:00:00+00:00,0.0014617563899466043,0.0019574249345248643,1.6522284819275337,0.0004956685445782601,0.009783229357355297
2025-06-09 20:00:00+00:00,0.002874967386063212,0.003345296492407161,1.5677636878131624,0.0004703291063439487,0.024802700663649653
2025-06-10 00:00:00+00:00,-0.0014939770176843842,-0.0011148353634646605,1.2638055140657458,0.0003791416542197237,-0.0024340643393208727
2025-06-10 04:00:00+00:00,0.0009498285253973376,0.0012691553937707275,1.0644228945779666,0.00031932686837338994,-0.0051139325097836474
2025-06-10 08:00:00+00:00,-0.005585563610326531,-0.005125327669857338,1.5341198015639756,0.0004602359404691927,0.030942113007821636
2025-06-10 12:00:00+00:00,-0.0020710784574655148,-0.0017054270037044044,1.2188381792037006,0.00036565145376111016,-0.011096448150199292
2025-06-10 16:00:00+00:00,0.001318932506850997,0.0016813787031525367,1.2081539876717988,0.00036244619630153963,0.01728330550011543
2025-06-10 20:00:00+00:00,0.0025718840126641536,0.003051109373316371,1.597417868840726,0.00047922536065221773,0.010080253781002739
2025-06-11 00:00:00+00:00,-0.002183936058691932,-0.001662139060341441,1.73932332783497,0.000521796998350491,-0.0049728864496193185
2025-06-11 04:00:00+00:00,0.0028803325513385176,0.0032775396017847265,1.3240235014873636,0.00039720705044620907,0.006399467227387059
2025-06-11 08:00:00+00:00,0.004623008605533651,0.005096471669125466,1.578210211972718,0.00047346306359181533,-0.015256230618941775
2025-06-11 12:00:00+00:00,0.010926178358622031,0.011453095233616109,1.7563895833135903,0.0005269168749940771,0.02585269777791034
2025-06-11 16:00:00+00:00,0.006886912033539046,0.0074334400211783745,1.8217599587977618,0.0005465279876393285,-0.025480741427307933
2025-06-11 20:00:00+00:00,-0.003863576562191915,-0.0033805381217767816,1.6101281347171117,0.0004830384404151335,-0.011039777003200697
2025-06-12 00:00:00+00:00,0.0007919504753485547,0.001111137857458627,1.0639579403669077,0.0003191873821100723,-0.007879707768085638
2025-06-12 04:00:00+00:00,0.0021589451789023146,0.002614883379033245,1.519794000436435,0.00045593820013093046,-0.009779517302013358
2025-06-12 08:00:00+00:00,0.0018834917486538244,0.0023424255086889117,1.5297792001169581,0.0004589337600350874,-0.011611276120897289
2025-06-12 12:00:00+00:00,0.0032615176414938765,0.003754056564841932,1.6417964111601844,0.0004925389233480553,0.0014717032325206995
2025-06-12 16:00:00+00:00,0.002778779800137453,0.003313396728236777,1.7820564269977472,0.0005346169280993241,-0.013453641355636458
2025-06-12 20:00:00+00:00,0.0018892076382026036,0.0023780337478599197,1.6294203655243875,0.0004888261096573163,-0.01197417165096432
2025-06-13 00:00:00+00:00,0.0006245547124929523,0.001109613263402037,1.6168618363636158,0.0004850585509090847,-0.04575163610751648
2025-06-13 04:00:00+00:00,0.003211154362962805,0.003643903872662417,1.4424983656653736,0.00043274950969961207,-0.0007958125240792639
2025-06-13 08:00:00+00:00,-0.00014866263118868192,0.0002876836112301077,1.4544874747292988,0.00043634624241878963,0.0006528845942556552
2025-06-13 12:00:00+00:00,0.0013283925187283496,0.0017970485797357044,1.5621868700245165,0.0004686560610073549,0.006786096846893019
2025-06-13 16:00:00+00:00,0.0008218415592650598,0.0012487038460015586,1.4228742891216628,0.0004268622867364988,-0.012284208499661968
2025-06-13 20:00:00+00:00,0.0038543443828933,0.004287508090257678,1.4438790245479263,0.0004331637073643778,0.020059434177652612
2025-06-14 00:00:00+00:00,-0.0009389365579615025,-0.0003987349148534964,1.8006721436933542,0.0005402016431080062,-0.006226380474992538
2025-06-14 04:00:00+00:00,-0.002811127477303139,-0.002392928938418381,1.39399512961586,0.00041819853888475794,-0.0009745093441046753
2025-06-14 08:00:00+00:00,0.0008800212177718391,0.001107453446819395,0.7581074301585198,0.00022743222904755592,-0.0007901063258618175
2025-06-14 12:00:00+00:00,0.002365187097516614,0.002805611259786278,1.46808054089888,0.00044042416226966393,-0.009274721763528079
2025-06-14 16:00:00+00:00,0.0010343592522512807,0.001550056169838188,1.718989725289691,0.0005156969175869072,-0.004135601560337497
2025-06-14 20:00:00+00:00,-0.0021049838484665483,-0.0017095425221925907,1.318137754246526,0.0003954413262739578,0.005891350012611801
2025-06-15 00:00:00+00:00,0.001992418116373164,0.0023919472357519494,1.331763731262619,0.00039952911937878564,0.0045282405459869815
2025-06-15 04:00:00+00:00,-0.002110445169991873,-0.0016959850052772807,1.3815338823819738,0.00041446016471459213,-9.021319594695713e-05
2025-06-15 08:00:00+00:00,0.0002696722707335096,0.0006427328650138374,1.2435353142677594,0.0003730605942803278,-0.006542805336789937
2025-06-15 12:00:00+00:00,0.0019120500560724405,0.0024184904394184336,1.6881346111533106,0.0005064403833459931,0.009091308675339412
2025-06-15 16:00:00+00:00,0.0007468795869083716,0.0011772855047131022,1.4346863926824354,0.00043040591780473057,-0.004775288812375923
2025-06-15 20:00:00+00:00,0.001067861849829776,0.001499261375826083,1.4379984199876898,0.0004313995259963069,0.0023668288073562284
2025-06-16 00:00:00+00:00,0.0031288579803211204,0.0035610381628798492,1.440600608529096,0.00043218018255872877,0.010694589159747976
2025-06-16 04:00:00+00:00,0.001503969749080165,0.0019535169491839218,1.4984906670125229,0.0004495472001037568,0.0179959542469755
2025-06-16 08:00:00+00:00,-0.0019987594284784334,-0.0014740417607703566,1.749058892360257,0.000524717667708077,-0.002704829186485298
2025-06-16 12:00:00+00:00,-0.0019260498595302816,-0.001467867233506014,1.5272754200808918,0.0004581826260242675,0.009204277980596335
2025-06-16 16:00:00+00:00,-0.003114294587139221,-0.0027100622565551934,1.3474411019467594,0.0004042323305840278,0.007453222375209982
2025-06-16 20:00:00+00:00,-0.004486485973110868,-0.004133464185280177,1.1767392927689688,0.0003530217878306906,-0.036040816593927986
2025-06-17 00:00:00+00:00,0.0034781518381547,0.00391073686476992,1.441950088717402,0.00043258502661522053,0.012086715526451516
2025-06-17 04:00:00+00:00,-0.001080663500811166,-0.0005649948730755523,1.7188954257853792,0.0005156686277356138,-0.008214108762482115
2025-06-17 08:00:00+00:00,-0.0021599107895065536,-0.0017193372271111622,1.4685785413179717,0.00044057356239539147,-0.017599257076423645
2025-06-17 12:00:00+00:00,0.0017004883596450264,0.0021608026061224043,1.5343808215912593,0.00046031424647737776,-0.014862829678103248
2025-06-17 16:00:00+00:00,0.0012670601631282676,0.0016816960318123025,1.3821195622801166,0.0004146358686840349,0.011953079927360126
2025-06-17 20:00:00+00:00,0.0021052122200084884,0.002596632677207813,1.6380681906644157,0.0004914204571993246,-0.013368535505440534
2025-06-18 00:00:00+00:00,0.0045299169578684895,0.004977285543773447,1.4912286196831928,0.0004473685859049578,0.0049805854710544125
2025-06-18 04:00:00+00:00,0.0006873314534267211,0.0011520083422416495,1.5489229627164283,0.0004646768888149284,0.0024547401631150943
2025-06-18 08:00:00+00:00,0.005475407483486744,0.00591739102090973,1.4732784580766172,0.0004419835374229851,-0.017243729293108957
2025-06-18 12:00:00+00:00,0.0035146046450308427,0.003957389339574367,1.4759489818117486,0.0004427846945435245,-0.000755582352185555
2025-06-18 16:00:00+00:00,0.00028850214964472304,0.0007173104858702284,1.4293611207516845,0.0004288083362255053,-0.002771442585291423
2025-06-18 20:00:00+00:00,-0.006408037914588749,-0.005997747530971448,1.3676346120576712,0.00041029038361730134,0.012870905756735036
2025-06-19 00:00:00+00:00,-0.003130575187184298,-0.002746014730285728,1.2818681896619002,0.00038456045689857,0.00038997723263976255
2025-06-19 04:00:00+00:00,0.004519185539539565,0.004836128010943266,1.0564749046790032,0.0003169424714037009,-0.002890433884630081
2025-06-19 08:00:00+00:00,0.00024114856235709828,0.0006990833420274086,1.5264492655677013,0.00045793477967031037,-0.0010319317789196337
2025-06-19 12:00:00+00:00,0.0031033909489857903,0.0035770953188188487,1.5790145661101949,0.0004737043698330584,-0.008402752242028551
2025-06-19 16:00:00+00:00,-0.001003419199959907,-0.0005405497033974876,1.5428983218747316,0.00046286949656241947,0.006820816442889207
2025-06-19 20:00:00+00:00,-0.00035843210127848603,3.0132587266179143e-05,1.2952156284822174,0.0003885646885446652,0.004393699173807739
2025-06-20 00:00:00+00:00,0.0035509975659606236,0.003972121065562424,1.4037449986726676,0.0004211234996018002,-0.006570148115989647
2025-06-20 04:00:00+00:00,0.0009736711084374463,0.0014809257943256965,1.6908489529608342,0.0005072546858882502,0.009058075233333632
2025-06-20 08:00:00+00:00,0.0008263948042026113,0.0013264692650235403,1.6669148694030966,0.0005000744608209289,0.001365983945751035
2025-06-20 12:00:00+00:00,0.0005984882683213026,0.0010766749190718804,1.5939555025019259,0.00047818665075057774,-0.01935213821964982
2025-06-20 16:00:00+00:00,0.0029182101640668427,0.003452840497131733,1.7821011102163005,0.0005346303330648901,-0.017221882650228695
2025-06-20 20:00:00+00:00,0.000611850631537457,0.001151707562596583,1.7995231035304196,0.0005398569310591259,-0.004727664421638215
2025-06-21 00:00:00+00:00,0.006347272336978975,0.006844332624392488,1.6568676247117105,0.0004970602874135131,0.013045691017972254
2025-06-21 04:00:00+00:00,-0.00684931490235029,-0.006409942743631727,1.4645738623952118,0.0004393721587185635,0.0006816005388701392
2025-06-21 08:00:00+00:00,0.00329652940823781,0.003649817154732983,1.177625821650576,0.00035328774649517273,0.0004448595290177839
2025-06-21 12:00:00+00:00,-0.003107445141643292,-0.002543599081050581,1.8794868686423705,0.0005638460605927111,-0.020153776311278702
2025-06-21 16:00:00+00:00,0.000414352432983618,0.0008820682371517511,1.5590526805604439,0.00046771580416813313,-0.01670300632992016
2025-06-21 20:00:00+00:00,0.012097808491147746,0.012558373139977187,1.5352154960981415,0.0004605646488294424,-0.014662402048563165
2025-06-22 00:00:00+00:00,-0.004090543638197416,-0.0035336674358009456,1.8562540079882368,0.000556876202396471,-0.005669289640393573
2025-06-22 04:00:00+00:00,0.013265974517894876,0.013659770766302863,1.3126541613599558,0.0003937962484079867,0.006619793553749812
2025-06-22 08:00:00+00:00,0.002341642092218126,0.002840990217321011,1.664493750342949,0.0004993481251028847,-0.01042791567146538
2025-06-22 12:00:00+00:00,-0.0031098212664849045,-0.002607948285926261,1.672909935195478,0.0005018729805586433,-0.03582098002629757
2025-06-22 16:00:00+00:00,0.004402641194116623,0.004825141832668903,1.4083354618409343,0.00042250063855228025,-0.003932701578019922
2025-06-22 20:00:00+00:00,0.004459082868801033,0.004955571516975058,1.6549621605800833,0.000496488648174025,0.021783230546313585
2025-06-23 00:00:00+00:00,0.00361550203281106,0.004106942861853466,1.6381360968080207,0.0004914408290424062,0.007739175497530017
2025-06-23 04:00:00+00:00,0.006228403009974167,0.006724958005253187,1.6551833175967336,0.0004965549952790201,0.00942545894362162
2025-06-23 08:00:00+00:00,-0.0002209047011646543,0.00024026417083033058,1.5372295733166164,0.00046116887199498487,-0.006794558593262103
2025-06-23 12:00:00+00:00,0.0010367058826916417,0.0014695971068199468,1.44297074709435,0.00043289122412830497,0.0029043707224897047
2025-06-23 16:00:00+00:00,0.007581229826012809,0.008057731528365628,1.5883390078427306,0.00047650170235281913,0.03316948187406793
2025-06-23 20:00:00+00:00,-0.007071342922133773,-0.006566990885502055,1.6811734554390603,0.0005043520366317181,0.043537924229954464
2025-06-24 00:00:00+00:00,0.00338196351263176,0.003803221326596449,1.4041927132156298,0.0004212578139646889,-0.0038751219111078177
2025-06-24 04:00:00+00:00,0.0008596432787339492,0.0013783757305768601,1.7291081728097033,0.0005187324518429109,0.008195176338208276
2025-06-24 08:00:00+00:00,-9.972335797001975e-05,0.00040068497412417987,1.6680277736473323,0.0005004083320941996,-0.0016221358680018876
2025-06-24 12:00:00+00:00,0.009973698217550307,0.01040994073634694,1.4541417293221062,0.00043624251879663184,0.011078314689067548
2025-06-24 16:00:00+00:00,-0.013574373750894332,-0.013152671400809834,1.405674500281657,0.00042170235008449707,-0.0020897317646909217
2025-06-24 20:00:00+00:00,0.0002735343698547276,0.000607862319757582,1.1144264996761815,0.0003343279499028544,0.004708402131327466
2025-06-25 00:00:00+00:00,0.0031509919655954436,0.003628188405893621,1.5906548009939252,0.0004771964402981775,0.002550784146459732
2025-06-25 04:00:00+00:00,0.0024526342283494413,0.002979578054562126,1.7564794207089496,0.0005269438262126848,-0.0010241818232297455
2025-06-25 08:00:00+00:00,0.004445057676681926,0.004916093437326076,1.5701192021471666,0.00047103576064414995,-0.0052860078663835375
2025-06-25 12:00:00+00:00,-0.00508045654791031,-0.00454600239388211,1.7815138467606664,0.0005344541540281999,-0.010445225901804744
2025-06-25 16:00:00+00:00,0.0036364232289576937,0.003962981418077837,1.088527297067145,0.00032655818912014344,0.007632985103293518
2025-06-25 20:00:00+00:00,0.001075301168345655,0.0015587412055157834,1.6114667905670945,0.0004834400371701283,-0.009005816557440071
2025-06-26 00:00:00+00:00,-0.006231325644110156,-0.005758935899541994,1.574632481893874,0.00047238974456816215,0.01120296448845729
2025-06-26 04:00:00+00:00,0.004222578514505662,0.004525295334591106,1.0090560669514788,0.0003027168200854436,-0.0013882478838570915
2025-06-26 08:00:00+00:00,0.005190260785309004,0.005697373914946608,1.6903770987920157,0.0005071131296376047,-0.013758405189109913
2025-06-26 12:00:00+00:00,5.8537370908365435e-05,0.000562762439184804,1.680750227588129,0.0005042250682764386,-0.009449518181209936
2025-06-26 16:00:00+00:00,0.0019258213213681932,0.0023994905446913964,1.5788974110773442,0.0004736692233232032,0.004976724457673269
2025-06-26 20:00:00+00:00,0.0023720230972651755,0.0029129130785614916,1.8029666043210537,0.000540889981296316,-0.007405005057234371
2025-06-27 00:00:00+00:00,0.00413186878499279,0.004610820729468163,1.5965064815845766,0.00047895194447537294,0.010617493695837185
2025-06-27 04:00:00+00:00,-0.0009308308736329056,-0.0004611064218009147,1.5657481727733031,0.0004697244518319909,-0.0038575727379704483
2025-06-27 08:00:00+00:00,0.004110976818062963,0.004544615806389301,1.4454632944211254,0.00043363898832633757,0.0015661539338212996
2025-06-27 12:00:00+00:00,-0.01100065088148474,-0.010475106825083087,1.7518135213388446,0.0005255440564016534,0.0003561676989876671
2025-06-27 16:00:00+00:00,0.009343957955278547,0.009675316659700447,1.104529014739666,0.0003313587044218998,-0.005273213702706229
2025-06-27 20:00:00+00:00,0.00410379485710491,0.004650726263272243,1.8231046872244465,0.0005469314061673339,0.009856512148587782
2025-06-28 00:00:00+00:00,-0.005794691007739695,-0.005361112732748761,1.4452609166364472,0.0004335782749909341,0.0008133090903523374
2025-06-28 04:00:00+00:00,-0.002362662385291384,-0.002032684571631129,1.099926045534183,0.0003299778136602549,-2.002892817413106e-05
2025-06-28 08:00:00+00:00,-0.0016424613059137358,-0.0011702854388037122,1.5739195570334121,0.0004721758671100236,-0.00020651530312855356
2025-06-28 12:00:00+00:00,-0.0005492702845369015,-0.00017139321677709496,1.2595902258660217,0.0003778770677598065,0.006565604033480205
2025-06-28 16:00:00+00:00,0.004438884220615047,0.004884829957633858,1.4864857900627038,0.0004459457370188111,0.003768923131315781
2025-06-28 20:00:00+00:00,0.001716467876702459,0.0022483012095539444,1.772777776171618,0.0005318333328514853,0.005191126381958753
2025-06-29 00:00:00+00:00,0.0035201700854501357,0.003979931797549945,1.5325390403326988,0.0004597617120998096,-0.0030260560829494278
2025-06-29 04:00:00+00:00,0.004326057954848412,0.004790079202628385,1.546737492599911,0.00046402124777997325,-0.00030582447782170734
2025-06-29 08:00:00+00:00,0.0013773801186319793,0.001957707975464344,1.9344261894412147,0.0005803278568323643,0.00819125875790127
2025-06-29 12:00:00+00:00,-0.000611653180122521,-9.637640583856719e-05,1.7175892476131795,0.0005152767742839539,-0.007115964067677012
2025-06-29 16:00:00+00:00,-0.010745487235453719,-0.010327818250640702,1.3922299493767247,0.0004176689848130174,0.013089989182085808
2025-06-29 20:00:00+00:00,-0.018928609786862265,-0.018494363243629137,1.4474884774437604,0.0004342465432331281,0.032798838761765196
2025-06-30 00:00:00+00:00,0.006795098353145987,0.007132422064916068,1.1244123725669404,0.0003373237117700821,-0.014922272959517816
2025-06-30 04:00:00+00:00,-0.007282541507346506,-0.006776234766275343,1.6876891369038758,0.0005063067410711626,-0.0055371584040019035
2025-06-30 08:00:00+00:00,0.0038334986567251676,0.004146839699817432,1.0444701436408799,0.00031334104309226394,-0.0051979318093051344
2025-06-30 12:00:00+00:00,-0.002954338058182747,-0.002416239308700648,1.7936624982736635,0.000538098749482099,-0.0028046712681394684
2025-06-30 16:00:00+00:00,0.005152763870481806,0.005628662280737129,1.5863280341844113,0.00047589841025532335,0.01614797780143289
2025-06-30 20:00:00+00:00,0.010898219252974427,0.01134441644644125,1.4873239782227434,0.000446197193466823,-0.012711604123150023
2025-07-01 00:00:00+00:00,0.004244403709627285,0.004786084922762428,1.8056040437838101,0.000541681213135143,-0.006329612625242499
2025-07-01 04:00:00+00:00,-0.0062924328185263705,-0.005777163304869009,1.7175650455245406,0.0005152695136573621,-0.012696715109729185
2025-07-01 08:00:00+00:00,0.004298406494388154,0.004672819041134396,1.2480418224874732,0.00037441254674624194,-0.006915687003057166
2025-07-01 12:00:00+00:00,0.0005849734384010732,0.0011184331333736347,1.7781989832418719,0.0005334596949725615,-0.005745575319992026
2025-07-01 16:00:00+00:00,0.005447989600777462,0.005953770796039648,1.68593731754062,0.0005057811952621859,-0.010584352998151428
2025-07-01 20:00:00+00:00,0.0008944726344156835,0.0014356635800746938,1.803969818863368,0.0005411909456590103,-0.001880415982328439
2025-07-02 00:00:00+00:00,-0.002744679099857969,-0.0023146913570191922,1.4332924761292567,0.000429987742838777,0.007992689222734014
2025-07-02 04:00:00+00:00,0.0016615736642219606,0.0020327823994826994,1.2373624508691294,0.0003712087352607388,0.014002915395906205
2025-07-02 08:00:00+00:00,0.004198781666942969,0.004598001807474709,1.3307338017724657,0.00039922014053173966,-0.0011977670042430894
2025-07-02 12:00:00+00:00,-0.003500238927046752,-0.0030454943496814454,1.5158152578843547,0.00045474457736530637,0.01892389567891648
2025-07-02 16:00:00+00:00,-0.0055706107449675635,-0.005181328662970797,1.2976069399892227,0.00038928208199676676,0.027515199798243423
2025-07-02 20:00:00+00:00,0.0023735774045286254,0.0027486302525251134,1.2501761599882932,0.00037505284799648793,-0.00789758131395401
2025-07-03 00:00:00+00:00,0.0019279690616584328,0.0024685700237785857,1.8020032070671763,0.0005406009621201529,0.0027139732239220967
2025-07-03 04:00:00+00:00,-8.353747229190286e-05,0.0003264114981893384,1.3664965682708043,0.00040994897048124125,0.022219848537841497
2025-07-03 08:00:00+00:00,0.0006532229831666181,0.0010670556438991405,1.3794422024417416,0.00041383266073252245,-0.007945999518108907
2025-07-03 12:00:00+00:00,-0.002290732706562656,-0.0017594298017588061,1.7710096826794988,0.0005313029048038496,-0.015807662633896317
2025-07-03 16:00:00+00:00,0.003948688646051186,0.004378103231132867,1.4313819502722693,0.0004294145850816808,0.007435428954624209
2025-07-03 20:00:00+00:00,-0.001382572621952262,-0.0008030247142779162,1.9318263589144862,0.0005795479076743458,0.002934923012206789
2025-07-04 00:00:00+00:00,0.008790277842625021,0.009131232350176809,1.1365150251726241,0.0003409545075517872,-0.003634883301999426
2025-07-04 04:00:00+00:00,0.006698374255926594,0.0072329954283134315,1.7820705746227925,0.0005346211723868376,-0.02325763118495474
2025-07-04 08:00:00+00:00,0.001252131395552077,0.001821585649402446,1.8981808461678966,0.000569454253850369,0.0020236082591628384
2025-07-04 12:00:00+00:00,-0.0006920971677816334,-0.00022986701044795205,1.5407671911122716,0.00046223015733368145,-0.020870351918569202
2025-07-04 16:00:00+00:00,0.001778143978457319,0.0022585455860187034,1.6013386918712822,0.0004804016075613846,-0.006628656788345873
2025-07-04 20:00:00+00:00,0.0009229113150168206,0.0014065128949133031,1.612005266321609,0.0004836015798964826,0.007068102905479525
2025-07-05 00:00:00+00:00,0.005319780732553586,0.005834586220014158,1.7160182915352404,0.0005148054874605721,0.004475341672629314
2025-07-05 04:00:00+00:00,-0.0022672599330821933,-0.0017632416102693787,1.680061076042716,0.0005040183228128147,0.002696860428069035
2025-07-05 08:00:00+00:00,0.0005918731828950866,0.000915084482262392,1.0773709978910182,0.0003232112993673054,-0.0007587397782099362
2025-07-05 12:00:00+00:00,0.004125626946948067,0.004618459106261055,1.642773864376624,0.0004928321593129872,-0.006863636146232121
2025-07-05 16:00:00+00:00,0.0009131187360681145,0.0014672703300379845,1.8471719798995665,0.0005541515939698699,-0.0043551747428551375
2025-07-05 20:00:00+00:00,0.00254609221435497,0.0030880447493446014,1.8065084499654378,0.0005419525349896313,0.008438967856994535
2025-07-06 00:00:00+00:00,0.004225609981676002,0.004716738720846017,1.6370957972333853,0.0004911287391700155,-0.00437951462729083
2025-07-06 04:00:00+00:00,-0.001094658885665587,-0.0005293943359695545,1.8842151656534416,0.0005652645496960324,0.0030515788075239423
2025-07-06 08:00:00+00:00,-0.0004236934928874309,1.415265151478095e-05,1.459487148007373,0.00043784614440221185,0.0037801609544086826
2025-07-06 12:00:00+00:00,0.006150308788755572,0.006522516786687702,1.240693326440431,0.00037220799793212923,0.013804397392177307
2025-07-06 16:00:00+00:00,-0.0011581195918684312,-0.0006322738008629335,1.752819303351659,0.0005258457910054977,-0.0032678544338023384
2025-07-06 20:00:00+00:00,0.001055664893083173,0.0013881981515913148,1.1084441950271395,0.00033253325850814185,0.007153683114902394
2025-07-07 00:00:00+00:00,0.000829735510326545,0.0012922347224389062,1.5416640403745374,0.0004624992121123612,0.003899939477397908
2025-07-07 04:00:00+00:00,0.0036170137989922045,0.004044762312730238,1.4258283791267778,0.0004277485137380333,-0.005628727944689611
2025-07-07 08:00:00+00:00,-0.0006506955180769829,-0.00017613097960384168,1.5818817949104709,0.0004745645384731412,-0.0018706288814767168
2025-07-07 12:00:00+00:00,-0.005451214007621513,-0.005005028639993251,1.4872845587608723,0.00044618536762826164,-0.0030876700503436245
2025-07-07 16:00:00+00:00,0.004169123033871898,0.0045085103495629475,1.131291052303499,0.00033938731569104966,-0.0014677110874192114
2025-07-07 20:00:00+00:00,-0.0009148088325222263,-0.0004295382569606755,1.6175685852051698,0.0004852705755615509,-0.003021418231552638
2025-07-08 00:00:00+00:00,0.004096613789028976,0.00451662789903098,1.4000470333400148,0.0004200141100020044,-0.005262793873129942
2025-07-08 04:00:00+00:00,-0.0012891793457513192,-0.0008249097516931402,1.5475653135272636,0.000464269594058179,0.0020310028977386357
2025-07-08 08:00:00+00:00,0.002358320641799566,0.002797516201336949,1.4639851984579442,0.0004391955595373832,0.011406310301480035
2025-07-08 12:00:00+00:00,0.0052098892342576555,0.005676153014048864,1.5542125993040308,0.0004662637797912092,-0.005780298496601464
2025-07-08 16:00:00+00:00,0.0005070895578344253,0.0010521626644823647,1.8169103554931314,0.0005450731066479394,0.015870679871796363
2025-07-08 20:00:00+00:00,-0.0016853031626268865,-0.0012420265428930706,1.4775887324460533,0.00044327661973381596,-0.00018858675059432565
2025-07-09 00:00:00+00:00,0.0008942312410046204,0.0013174997484876325,1.4108950249433738,0.00042326850748301213,-0.003636273247410161
2025-07-09 04:00:00+00:00,0.004769159154144954,0.005271686757623007,1.6750920115935102,0.000502527603478053,0.010902893331381894
2025-07-09 08:00:00+00:00,0.001500018315384174,0.0020185409789920247,1.7284088786928358,0.0005185226636078507,0.007133935636461893
2025-07-09 12:00:00+00:00,-0.0023952633818788,-0.0019920135382460896,1.3441661454423681,0.0004032498436327104,0.0015965334141911467
2025-07-09 16:00:00+00:00,-0.002319852344485278,-0.0019251955233126872,1.3155227372419696,0.0003946568211725908,0.025323832324393534
2025-07-09 20:00:00+00:00,-0.00338821656934486,-0.00299425129494988,1.3132175813166012,0.0003939652743949803,0.0049994759026808794
2025-07-10 00:00:00+00:00,0.004710548090973356,0.005084576575156354,1.2467616139433293,0.00037402848418299875,0.0012418072837142252
2025-07-10 04:00:00+00:00,-0.00021568123299375245,0.0003491088756336345,1.8826336954246234,0.0005647901086273869,0.00760496990406432
2025-07-10 08:00:00+00:00,-0.0012101313508139095,-0.0008180831845720051,1.306827220806348,0.0003920481662419044,-0.00191338395608737
2025-07-10 12:00:00+00:00,0.001853328983952139,0.0022923632546515697,1.4634475689981026,0.00043903427069943074,-0.0027118990474538297
2025-07-10 16:00:00+00:00,-0.0026491029154904837,-0.0022525135387256394,1.3219645892161473,0.0003965893767648442,0.02590473078170953
2025-07-10 20:00:00+00:00,0.0034557210115221597,0.003891654657774351,1.4531121541739718,0.0004359336462521915,0.036719539229031206
2025-07-11 00:00:00+00:00,-0.0010178195163334227,-0.000586852696090054,1.4365560674778957,0.00043096682024336864,0.011557852549738349
2025-07-11 04:00:00+00:00,-0.001744356809826898,-0.0012828959955286687,1.5382027143274313,0.00046146081429822934,-0.0009835516967423574
2025-07-11 08:00:00+00:00,-0.007132377876406147,-0.0067931399458338315,1.1307931019077195,0.0003392379305723158,0.009181754332441793
2025-07-11 12:00:00+00:00,-0.011483217065190046,-0.011130543252077789,1.175579377040857,0.00035267381311225707,-0.0015120879421274922
2025-07-11 16:00:00+00:00,-0.005654125764278798,-0.005318142414947961,1.1199444977694546,0.0003359833493308363,0.021249403294494176
2025-07-11 20:00:00+00:00,0.0043981250627075355,0.004698577664069191,1.0015086712055195,0.00030045260136165583,-0.029706449998607557
2025-07-12 00:00:00+00:00,0.009062638983543888,0.00951121287501613,1.4952463049074725,0.0004485738914722417,0.009229339467376115
2025-07-12 04:00:00+00:00,0.007386647527024582,0.007937468811523836,1.8360709483308453,0.0005508212844992535,-0.007084346248982001
2025-07-12 08:00:00+00:00,0.004956052947387318,0.005485629697574905,1.7652558339586222,0.0005295767501875866,0.004304069577082632
2025-07-12 12:00:00+00:00,0.010015716513919562,0.01055366496817723,1.7931615141922246,0.0005379484542576673,-0.03372922117359961
2025-07-12 16:00:00+00:00,-0.0009821037099652817,-0.0004963562863034481,1.619158078872779,0.00048574742366183367,0.017758848673977673
2025-07-12 20:00:00+00:00,0.00047716457811436094,0.0009712269810978561,1.6468746766116507,0.0004940624029834952,0.0010438728909947825
2025-07-13 00:00:00+00:00,0.009332673814587267,0.009790947682833891,1.5275795608220821,0.0004582738682466246,0.0077762032631459345
2025-07-13 04:00:00+00:00,-0.0008247448591774521,-0.0002928205320533579,1.7730810904136476,0.0005319243271240942,0.012151840697215983
2025-07-13 08:00:00+00:00,0.0038159063773617586,0.004274406755594993,1.5283345941107824,0.0004585003782332347,-0.004250657160451522
2025-07-13 12:00:00+00:00,0.0024085218729604026,0.0029119510547101074,1.6780972724990166,0.0005034291817497049,0.012833009767120828
2025-07-13 16:00:00+00:00,0.002877410235585815,0.0033314114153582294,1.5133372659080473,0.0004540011797724141,0.0019480907049990758
2025-07-13 20:00:00+00:00,-0.0004471114420594231,6.721164368887186e-05,1.7144102858276502,0.000514323085748295,-0.010253287558216665
2025-07-14 00:00:00+00:00,-0.0022028432744839455,-0.0017580779382968988,1.4825511206234885,0.00044476533618704653,0.03527078283684008
2025-07-14 04:00:00+00:00,-0.009116115627862255,-0.008690917593139797,1.4173267824081932,0.00042519803472245793,0.006923862405470526
2025-07-14 08:00:00+00:00,0.0003000853246734769,0.0006129243876243051,1.0427968765027607,0.0003128390629508282,-0.005409580524493735
2025-07-14 12:00:00+00:00,-0.0032994858398918974,-0.0029099723419194327,1.298378326574883,0.00038951349797246483,-0.021125073164471965
2025-07-14 16:00:00+00:00,0.0005874147576512508,0.0009838577110283628,1.32147651125704,0.00039644295337711195,-0.007091452984198913
2025-07-14 20:00:00+00:00,0.001612000492254945,0.0019651556532690817,1.1771838700471224,0.0003531551610141367,0.0031852440833268574
2025-07-15 00:00:00+00:00,0.0013243473739873643,0.0018052274740209863,1.60293366677874,0.00048088010003362195,-0.02412742492782128
2025-07-15 04:00:00+00:00,0.0008551797165367329,0.0013636486093559575,1.6948963093974152,0.0005084688928192246,0.00856795913081853
2025-07-15 08:00:00+00:00,0.002365886554928549,0.0028320301963423947,1.5538121380461527,0.0004661436414138458,0.001068675979026379
2025-07-15 12:00:00+00:00,0.0070750688015874036,0.007571728526162808,1.6555324152513504,0.0004966597245754051,0.009509374884499518
2025-07-15 16:00:00+00:00,0.0028298617484985907,0.0033786147934316926,1.829176816443673,0.0005487530449331019,0.004254081921282097
2025-07-15 20:00:00+00:00,-0.0010592338553059336,-0.0006319843462832034,1.4241650300757673,0.00042724950902273015,0.03031306249728632
2025-07-16 00:00:00+00:00,0.008031195254372086,0.008458978627676056,1.4259445776799033,0.00042778337330397095,-0.011420194470788635
2025-07-16 04:00:00+00:00,-0.0025680080569389706,-0.002018979996748445,1.8300935339684197,0.0005490280601905259,0.017556887779061444
2025-07-16 08:00:00+00:00,0.003499470667292625,0.003947614861642025,1.4938139811646685,0.0004481441943494005,-0.0011227121394045986
2025-07-16 12:00:00+00:00,0.0024641986856178567,0.0029790686822982904,1.7162333222681125,0.0005148699966804338,0.005359375645354812
2025-07-16 16:00:00+00:00,-0.008411708828722664,-0.007974866770103818,1.456140195396152,0.0004368420586188455,0.018534932274912815
2025-07-16 20:00:00+00:00,-0.0039023643707837255,-0.0036462367606186936,0.8537587005501059,0.00025612761016503176,-0.0022171523388827357
2025-07-17 00:00:00+00:00,0.0017917340035728936,0.002195026108337246,1.3443070158811745,0.00040329210476435233,-0.017708914909774078
2025-07-17 04:00:00+00:00,0.001140222229298216,0.0016767077392444499,1.7882850331541125,0.0005364855099462337,0.02669658058896176
2025-07-17 08:00:00+00:00,-0.001944197105491647,-0.0015614881526232523,1.2756965095613155,0.00038270895286839464,0.009876323054688826
2025-07-17 12:00:00+00:00,0.005256266609305162,0.0056806672569606935,1.4146688255184392,0.0004244006476555317,-0.00048712112746873053
2025-07-17 16:00:00+00:00,0.0020295244417145764,0.0025094185654927453,1.5996470792605633,0.00047989412377816894,-0.008292694288366176
2025-07-17 20:00:00+00:00,-0.006088682378264113,-0.005605056213267423,1.612087216655636,0.00048362616499669076,0.025405429591348526
2025-07-18 00:00:00+00:00,-0.0076830288529771374,-0.007285237063533319,1.3259726314793931,0.0003977917894438179,0.03008909139422963
2025-07-18 04:00:00+00:00,0.0034335606849038654,0.003839528765898755,1.3532269366496323,0.00040596808099488966,0.011194882987205501
2025-07-18 08:00:00+00:00,-0.011607849270355537,-0.011114124762579029,1.6457483592550244,0.0004937245077765072,-0.0006335679176880807
2025-07-18 12:00:00+00:00,0.010800345661434379,0.011176136178879602,1.2526350581507462,0.0003757905174452238,-0.020480593072712217
2025-07-18 16:00:00+00:00,0.007586062824568696,0.008064628148514035,1.5952177464844666,0.0004785653239453399,-0.006801884854585751
2025-07-18 20:00:00+00:00,-0.002630199387355063,-0.002115989132102666,1.7140341841746567,0.000514210255252397,-0.004988893486630237
2025-07-19 00:00:00+00:00,0.00048604113965044213,0.0008894017522801437,1.3445353754323388,0.0004033606126297016,0.021364887522204726
2025-07-19 04:00:00+00:00,-0.0020782497879896673,-0.0016523410231813395,1.4196958826944255,0.00042590876480832763,0.0013964354939767156
2025-07-19 08:00:00+00:00,0.007690446911247133,0.008084263907963303,1.312723322387231,0.00039381699671616925,-0.012464751827672456
2025-07-19 12:00:00+00:00,-0.0005161961094078459,1.659137871724706e-05,1.77595829375031,0.0005327874881250929,-0.0059130457538418765
2025-07-19 16:00:00+00:00,-0.0015748864922064275,-0.0011418954157702433,1.4433035881206142,0.00043299107643618423,0.017805803775560194
2025-07-19 20:00:00+00:00,0.004113281673385456,0.0045558572588335206,1.475251951493549,0.00044257558544806466,0.0016722475973843275
2025-07-20 00:00:00+00:00,0.001975796202105886,0.0024446096586265478,1.5627115217355396,0.0004688134565206618,0.01336651796467964
2025-07-20 04:00:00+00:00,0.006287399863383938,0.006768477003002755,1.6035904653960573,0.00048107713961881716,0.00487372385626774
2025-07-20 08:00:00+00:00,0.002243826721402043,0.0027072660892136177,1.5447978927052488,0.0004634393678115746,0.012374992335161861
2025-07-20 12:00:00+00:00,0.00034297636680451937,0.0008071296003066149,1.5471774450069853,0.00046415323350209556,0.010597137017240795
2025-07-20 16:00:00+00:00,0.006146408235656361,0.006578777856571642,1.4412320697176042,0.0004323696209152812,0.0019384230918443781
2025-07-20 20:00:00+00:00,-0.006614304750994594,-0.006104101798655976,1.700676507795393,0.0005102029523386179,-0.011435267164906655
2025-07-21 00:00:00+00:00,0.005647460269276981,0.006049117870231095,1.3388586698470484,0.00040165760095411447,0.010241939855797806
2025-07-21 04:00:00+00:00,-0.0002862953668853676,0.00017186767109851685,1.5272101266129483,0.00045816303798388447,0.011142794805781104
2025-07-21 08:00:00+00:00,-0.0011670225517391587,-0.0007132561129448975,1.512554795980871,0.00045376643879426127,0.004711721096012367
2025-07-21 12:00:00+00:00,0.004080266813614861,0.004494906926633617,1.382133710062519,0.0004146401130187557,0.0042645100316546156
2025-07-21 16:00:00+00:00,3.5685323903657566e-05,0.0004646415783190695,1.4298541813847065,0.00042895625441541195,-0.027633775361729476
2025-07-21 20:00:00+00:00,0.0015396877385043947,0.002003987548330523,1.547666032753761,0.00046429980982612824,0.012816286744243191
2025-07-22 00:00:00+00:00,0.0026824494036978733,0.003207667210919737,1.7507260240728792,0.0005252178072218637,-0.012572145919046892
2025-07-22 04:00:00+00:00,0.0005215883984452219,0.0010039973044575325,1.608029686707702,0.00048240890601231057,-0.00988306908128214
2025-07-22 08:00:00+00:00,0.002504419783362873,0.0029683594636401686,1.5464656009243178,0.0004639396802772953,0.005957449753463227
2025-07-22 12:00:00+00:00,0.0006623999052159448,0.0012216488927006852,1.8641632916158013,0.0005592489874847404,0.007658585030675219
2025-07-22 16:00:00+00:00,0.011527978468776722,0.011987136905407215,1.5305281221016458,0.0004591584366304937,-0.01114033857743478
2025-07-22 20:00:00+00:00,0.005585598275388895,0.0061523464217188685,1.8891604877665806,0.0005667481463299741,0.027001182421358752
2025-07-23 00:00:00+00:00,-0.0007188898634031761,-0.00027374333983889553,1.4838217452142686,0.0004451465235642805,-0.012314726331776712
2025-07-23 04:00:00+00:00,-0.0023057464039981028,-0.001869248966137917,1.4549914595339528,0.0004364974378601858,-0.008949633800639237
2025-07-23 08:00:00+00:00,0.001323454322826987,0.0017988799506654107,1.5847520927947456,0.00047542562783842363,-0.010536829305455324
2025-07-23 12:00:00+00:00,-0.0034502005431629127,-0.002958026533515991,1.640580032156407,0.0004921740096469221,-0.02697161378229998
2025-07-23 16:00:00+00:00,-0.00018419192639192232,0.0003069781185990657,1.6372334833032935,0.000491170044990988,-0.0209029765243045
2025-07-23 20:00:00+00:00,0.001683677837722292,0.0020229247876655298,1.1308231664774588,0.00033924694994323765,-0.001742766546463378
2025-07-24 00:00:00+00:00,0.0010389512401274483,0.001550457476806979,1.705020788931769,0.0005115062366795307,0.00725348037328144
2025-07-24 04:00:00+00:00,0.003191088869862293,0.0036466863061665445,1.5186581210141727,0.0004555974363042518,-0.03517958071446775
2025-07-24 08:00:00+00:00,0.005363301030008953,0.005876407566574911,1.7103551218865298,0.0005131065365659589,0.024519051514969175
2025-07-24 12:00:00+00:00,0.004106852059164953,0.004651672003770273,1.816066482017734,0.0005448199446053202,0.01317389791197349
2025-07-24 16:00:00+00:00,0.0009382064147768797,0.0014058033069474815,1.5586563072353392,0.00046759689217060175,-0.0019605158669002308
2025-07-24 20:00:00+00:00,-0.00036410288763163827,0.000123070473915868,1.6239112051583544,0.00048717336154750627,-0.019916404415329172
2025-07-25 00:00:00+00:00,0.001116247655501894,0.0015689164376850038,1.5088959406103661,0.0004526687821831098,-0.02220582077231496
2025-07-25 04:00:00+00:00,0.0023054247225277737,0.002676708292861943,1.2376119011138973,0.00037128357033416914,0.0043029784766148455
2025-07-25 08:00:00+00:00,0.00685965727931391,0.007313983290964274,1.5144200388345488,0.0004543260116503646,0.029406861852334994
2025-07-25 12:00:00+00:00,0.0019604280919612474,0.002482284440425436,1.7395211615472959,0.0005218563484641887,-0.028525967165548095
2025-07-25 16:00:00+00:00,-0.001782023478561876,-0.0013453288164538661,1.455648873693367,0.0004366946621080101,0.01567703318927638
2025-07-25 20:00:00+00:00,0.0006097039836651963,0.0009346072457097369,1.083010873481802,0.00032490326204454056,0.024554474959474396
2025-07-26 00:00:00+00:00,0.004953502354110139,0.0053309153113103,1.2580431906672032,0.0003774129572001609,0.005040095607589628
2025-07-26 04:00:00+00:00,0.003114750725638852,0.0036145894965875615,1.666129236495699,0.0004998387709487097,-0.00047920015206054704
2025-07-26 08:00:00+00:00,-0.0006012263296361779,-1.4167334479411872e-05,1.9568633171892202,0.000587058995156766,0.0018551337958270112
2025-07-26 12:00:00+00:00,-0.006494851390368677,-0.006096403382605921,1.3281600258758537,0.00039844800776275607,0.005954252176252032
2025-07-26 16:00:00+00:00,-0.002007361587587712,-0.001687838961154718,1.0650754214433138,0.0003195226264329941,0.007646015764342684
2025-07-26 20:00:00+00:00,0.0024726959129037058,0.0028610128509485625,1.294389793482856,0.0003883169380448568,-0.007787218462447989
2025-07-27 00:00:00+00:00,0.002515066547836896,0.0030056683713674424,1.6353394117684885,0.0004906018235305465,0.008235218407493286
2025-07-27 04:00:00+00:00,0.0011817680641771687,0.0016380697227112424,1.5210055284469126,0.00045630165853407373,-0.0003074999436511559
2025-07-27 08:00:00+00:00,0.0024993896120214147,0.002990212762305286,1.6360771676129047,0.0004908231502838713,-0.000926347343365144
2025-07-27 12:00:00+00:00,0.003522212905560902,0.004046510988038269,1.7476602749245558,0.0005242980824773667,0.00046392243183124944
2025-07-27 16:00:00+00:00,-0.0037941077958128303,-0.003260155408949367,1.7798412895448776,0.0005339523868634632,0.008942617978905928
2025-07-27 20:00:00+00:00,0.0014681958442461624,0.0017922264997512045,1.0801021850168069,0.000324030655505042,0.010023281166541224
2025-07-28 00:00:00+00:00,0.0012715817056228786,0.0016808189924653796,1.3641242894750034,0.000409237286842501,0.004065673957591857
2025-07-28 04:00:00+00:00,0.004323764255317477,0.004798318313232657,1.5818468597172675,0.0004745540579151802,0.010319372016148468
2025-07-28 08:00:00+00:00,-0.005966643727310349,-0.005449064945186203,1.7252626070804882,0.0005175787821241464,-0.004051299404535446
2025-07-28 12:00:00+00:00,0.0035194374525196535,0.003922300646999102,1.3428773149314952,0.00040286319447944855,-0.03233579537847837
2025-07-28 16:00:00+00:00,-0.0002131005008306101,0.0002347318336660385,1.492774448322162,0.0004478323344966486,-0.013647069446301745
2025-07-28 20:00:00+00:00,-0.0034907897135010636,-0.0031522887622761637,1.1283365040829996,0.00033850095122489983,-0.00840413262231976
2025-07-29 00:00:00+00:00,0.006320680135579177,0.0066931388107756735,1.2415289173216575,0.00037245867519649723,0.0005856123102072619
2025-07-29 04:00:00+00:00,0.0074163055973421555,0.007943825154999695,1.7583985255251313,0.0005275195576575393,0.020513528771242722
2025-07-29 08:00:00+00:00,0.007936650092378797,0.008452396109079021,1.719153389000747,0.0005157460167002241,-0.019069576882416638
2025-07-29 12:00:00+00:00,0.0010944432252947243,0.0016055418442041864,1.70366206303154,0.000511098618909462,-0.015998848429688402
2025-07-29 16:00:00+00:00,0.0005840850430242732,0.0010562478636604942,1.5738760687874036,0.000472162820636221,-0.004205308474657133
2025-07-29 20:00:00+00:00,0.004378854342009408,0.004798069752787494,1.3973847025936184,0.00041921541077808545,0.0048279183564987945
2025-07-30 00:00:00+00:00,0.004646691002142065,0.005180807609962516,1.7803886927348387,0.0005341166078204516,0.002901776740513957
2025-07-30 04:00:00+00:00,0.0025645679968251682,0.0030288256737130642,1.5475255896263205,0.0004642576768878961,-0.010841349468028158
2025-07-30 08:00:00+00:00,0.0019770070494667916,0.002488715558082015,1.705695028717411,0.0005117085086152233,-0.023721105715315605
2025-07-30 12:00:00+00:00,-0.0029236802401956617,-0.002519858564188581,1.3460722533569356,0.0004038216760070806,0.014633702347411844
2025-07-30 16:00:00+00:00,0.004586937570312281,0.004947715822426488,1.202594173714024,0.0003607782521142072,-0.007907927690849829
2025-07-30 20:00:00+00:00,8.14291453319683e-05,0.0005811283031543404,1.665663859407907,0.0004996991578223721,0.0061288654753283356
2025-07-31 00:00:00+00:00,0.002525828124401677,0.002981447102855448,1.5187299281792381,0.0004556189784537714,0.017750136579731887
2025-07-31 04:00:00+00:00,-0.0011849118449022403,-0.0007577211540082137,1.4239689696467557,0.00042719069089402665,0.004320980746026924
2025-07-31 08:00:00+00:00,0.0017647308162127642,0.0021820521372343834,1.391071070072064,0.0004173213210216192,-0.00580263092240581
2025-07-31 12:00:00+00:00,0.0005406018135642495,0.0009990409252023387,1.5281303721269641,0.0004584391116380892,-0.0226819864741645
2025-07-31 16:00:00+00:00,-0.0007244079320630056,-0.0002560868640112206,1.5610702268392838,0.0004683210680517851,-0.008124190535201251
2025-07-31 20:00:00+00:00,0.005498831112543895,0.006029578096285035,1.769156612470467,0.00053074698374114,-0.0193995835375168
2025-08-01 00:00:00+00:00,0.0008383688501254784,0.0013962060521894599,1.859457340213272,0.0005578372020639815,7.376520996993374e-05
2025-08-01 04:00:00+00:00,0.002932884060753026,0.00338826580716523,1.517939154707348,0.0004553817464122043,-0.017945790085475685
2025-08-01 08:00:00+00:00,0.0008941296104418209,0.0014161461301400906,1.740055065660899,0.0005220165196982697,0.0014616239432434378
2025-08-01 12:00:00+00:00,-0.0043442003305898085,-0.003942653186601336,1.3384904799615744,0.0004015471439884723,0.004819266768245825
2025-08-01 16:00:00+00:00,-0.0026609733156827244,-0.0023303921103108973,1.1019373512394246,0.00033058120537182733,-0.00762063227666106
2025-08-01 20:00:00+00:00,0.006309356193372442,0.0067113343779336915,1.3399272818708319,0.0004019781845612495,-0.014638475531271936
2025-08-02 00:00:00+00:00,-0.0002492412751526245,0.00028401438689506305,1.7775188734922922,0.0005332556620476876,9.269491796327177e-06
