timestamp,equity,pnl
2026-01-14 06:28:00+00:00,1.000018686535302,1.868653530201729e-05
2026-01-14 06:29:00+00:00,1.0000484246302357,2.973753924218709e-05
2026-01-14 06:30:00+00:00,1.0000305632615218,-1.7860503825601378e-05
2026-01-14 06:31:00+00:00,1.0000261695231818,-4.393604057219922e-06
2026-01-14 06:32:00+00:00,1.0000209803195539,-5.189067832397539e-06
2026-01-14 06:33:00+00:00,0.9999993080634207,-2.1671801451829493e-05
2026-01-14 06:34:00+00:00,0.9999914444060075,-7.863662854422351e-06
2026-01-14 06:35:00+00:00,0.9999646838527209,-2.6760782241110074e-05
2026-01-14 06:36:00+00:00,1.000007762207095,4.3079875789478914e-05
2026-01-14 06:37:00+00:00,1.000053067812475,4.5305253711231095e-05
2026-01-14 06:38:00+00:00,1.0000803656274448,2.7296366411339754e-05
2026-01-14 06:39:00+00:00,1.0000448989941315,-3.5463783244012016e-05
2026-01-14 06:40:00+00:00,1.0000767494766618,3.1849052539944224e-05
2026-01-14 06:41:00+00:00,1.0000563113721677,-2.0436536000850606e-05
2026-01-14 06:42:00+00:00,1.000066440963456,1.0129020909465187e-05
2026-01-14 06:43:00+00:00,1.0000875598069896,2.111744047046033e-05
2026-01-14 06:44:00+00:00,1.0000729855291082,-1.4573001872133263e-05
2026-01-14 06:45:00+00:00,1.00008643004393,1.3443533638542917e-05
2026-01-14 06:46:00+00:00,1.0001093603737337,2.2928348105499654e-05
2026-01-14 06:47:00+00:00,1.0001143151768288,4.95426129522616e-06
2026-01-14 06:48:00+00:00,1.0001199986264593,5.682800000204251e-06
2026-01-14 06:49:00+00:00,1.000100653013285,-1.9343292005975665e-05
2026-01-14 06:50:00+00:00,1.0001206490706651,1.9994044919163003e-05
2026-01-14 06:51:00+00:00,1.00010752008175,-1.3127405105935877e-05
2026-01-14 06:52:00+00:00,1.0001113981807435,3.877682064845889e-06
2026-01-14 06:53:00+00:00,1.0001312863917902,1.9885995782968842e-05
2026-01-14 06:54:00+00:00,1.0001138379336505,-1.7446167695141077e-05
2026-01-14 06:55:00+00:00,1.0001455289139096,3.168737303422726e-05
2026-01-14 06:56:00+00:00,1.0001383796132768,-7.148260354299189e-06
2026-01-14 06:57:00+00:00,1.0001383796132768,-0.0
2026-01-14 06:58:00+00:00,1.0001383796132768,0.0
2026-01-14 06:59:00+00:00,1.0001383796132768,-0.0
2026-01-14 07:00:00+00:00,1.0001383796132768,-0.0
2026-01-14 07:01:00+00:00,1.0001383796132768,-0.0
2026-01-14 07:02:00+00:00,1.0001383796132768,0.0
2026-01-14 07:03:00+00:00,1.0001383796132768,-0.0
2026-01-14 07:04:00+00:00,1.0001383796132768,-0.0
2026-01-14 07:05:00+00:00,1.0001383796132768,-0.0
2026-01-14 07:06:00+00:00,1.0001383796132768,0.0
2026-01-14 07:07:00+00:00,1.0001383796132768,0.0
2026-01-14 07:08:00+00:00,1.0001383796132768,0.0
2026-01-14 07:09:00+00:00,1.0001383796132768,0.0
2026-01-14 07:10:00+00:00,1.0001383796132768,-0.0
2026-01-14 07:11:00+00:00,1.0001383796132768,0.0
2026-01-14 07:12:00+00:00,1.0001383796132768,-0.0
2026-01-14 07:13:00+00:00,1.0001383796132768,0.0
2026-01-14 07:14:00+00:00,1.0001383796132768,-0.0
2026-01-14 07:15:00+00:00,1.0001383796132768,0.0
2026-01-14 07:16:00+00:00,1.0001383796132768,0.0
2026-01-14 07:17:00+00:00,1.0001383796132768,-0.0
2026-01-14 07:18:00+00:00,1.0001383796132768,-0.0
2026-01-14 07:19:00+00:00,1.0001383796132768,0.0
2026-01-14 07:20:00+00:00,1.0001383796132768,-0.0
2026-01-14 07:21:00+00:00,1.0001383796132768,0.0
2026-01-14 07:22:00+00:00,1.0001383796132768,-0.0
2026-01-14 07:23:00+00:00,1.0001383796132768,0.0
2026-01-14 07:24:00+00:00,1.0001383796132768,0.0
2026-01-14 07:25:00+00:00,1.0001383796132768,-0.0
2026-01-14 07:26:00+00:00,1.0001383796132768,0.0
2026-01-14 07:27:00+00:00,1.0001383796132768,-0.0
2026-01-14 07:28:00+00:00,1.0001383796132768,-0.0
2026-01-14 07:29:00+00:00,1.0001383796132768,0.0
2026-01-14 07:30:00+00:00,1.0001383796132768,-0.0
2026-01-14 07:31:00+00:00,1.0001383796132768,-0.0
2026-01-14 07:32:00+00:00,1.0001383796132768,0.0
2026-01-14 07:33:00+00:00,1.0001383796132768,0.0
2026-01-14 07:34:00+00:00,1.0001383796132768,0.0
2026-01-14 07:35:00+00:00,1.0001383796132768,-0.0
2026-01-14 07:36:00+00:00,1.0001383796132768,0.0
2026-01-14 07:37:00+00:00,1.0001383796132768,-0.0
2026-01-14 07:38:00+00:00,1.0001383796132768,-0.0
2026-01-14 07:39:00+00:00,1.0001383796132768,-0.0
2026-01-14 07:40:00+00:00,1.0001383796132768,-0.0
2026-01-14 07:41:00+00:00,1.0001383796132768,0.0
2026-01-14 07:42:00+00:00,1.0001383796132768,0.0
2026-01-14 07:43:00+00:00,1.0001383796132768,0.0
2026-01-14 07:44:00+00:00,1.0001383796132768,-0.0
2026-01-14 07:45:00+00:00,1.0001383796132768,0.0
2026-01-14 07:46:00+00:00,1.0001383796132768,-0.0
2026-01-14 07:47:00+00:00,1.0001383796132768,0.0
2026-01-14 07:48:00+00:00,1.0001383796132768,0.0
2026-01-14 07:49:00+00:00,1.0001383796132768,0.0
2026-01-14 07:50:00+00:00,1.0001383796132768,-0.0
2026-01-14 07:51:00+00:00,1.0001383796132768,-0.0
2026-01-14 07:52:00+00:00,1.0001383796132768,0.0
2026-01-14 07:53:00+00:00,1.0001383796132768,0.0
2026-01-14 07:54:00+00:00,1.0001383796132768,0.0
2026-01-14 07:55:00+00:00,1.0001383796132768,-0.0
2026-01-14 07:56:00+00:00,1.0001383796132768,-0.0
2026-01-14 07:57:00+00:00,1.0001383796132768,0.0
2026-01-14 07:58:00+00:00,1.0001383796132768,-0.0
2026-01-14 07:59:00+00:00,1.0001383796132768,-0.0
2026-01-14 08:00:00+00:00,1.0001383796132768,0.0
2026-01-14 08:01:00+00:00,1.0001383796132768,-0.0
2026-01-14 08:02:00+00:00,1.0001383796132768,-0.0
2026-01-14 08:03:00+00:00,1.0001383796132768,0.0
2026-01-14 08:04:00+00:00,1.0001383796132768,-0.0
2026-01-14 08:05:00+00:00,1.0001383796132768,-0.0
2026-01-14 08:06:00+00:00,1.0001383796132768,0.0
2026-01-14 08:07:00+00:00,1.0001383796132768,-0.0
2026-01-14 08:08:00+00:00,1.0001383796132768,-0.0
2026-01-14 08:09:00+00:00,1.0001383796132768,-0.0
2026-01-14 08:10:00+00:00,1.0001383796132768,0.0
2026-01-14 08:11:00+00:00,1.0001383796132768,-0.0
2026-01-14 08:12:00+00:00,1.0001383796132768,0.0
2026-01-14 08:13:00+00:00,1.0001383796132768,0.0
2026-01-14 08:14:00+00:00,1.0001383796132768,0.0
2026-01-14 08:15:00+00:00,1.0001383796132768,-0.0
2026-01-14 08:16:00+00:00,1.0001383796132768,0.0
2026-01-14 08:17:00+00:00,1.0001383796132768,-0.0
2026-01-14 08:18:00+00:00,1.0001383796132768,0.0
2026-01-14 08:19:00+00:00,1.0001383796132768,0.0
2026-01-14 08:20:00+00:00,1.0001383796132768,0.0
2026-01-14 08:21:00+00:00,1.0001383796132768,0.0
2026-01-14 08:22:00+00:00,1.0001383796132768,0.0
2026-01-14 08:23:00+00:00,1.0001383796132768,0.0
2026-01-14 08:24:00+00:00,1.0001383796132768,-0.0
2026-01-14 08:25:00+00:00,1.0001383796132768,0.0
2026-01-14 08:26:00+00:00,1.0001383796132768,-0.0
2026-01-14 08:27:00+00:00,1.0001383796132768,-0.0
2026-01-14 08:28:00+00:00,1.0001383796132768,-0.0
2026-01-14 08:29:00+00:00,1.0001383796132768,0.0
2026-01-14 08:30:00+00:00,1.0001383796132768,-0.0
2026-01-14 08:31:00+00:00,1.0001383796132768,0.0
2026-01-14 08:32:00+00:00,1.0001383796132768,0.0
2026-01-14 08:33:00+00:00,1.0001383796132768,-0.0
2026-01-14 08:34:00+00:00,1.0001383796132768,0.0
2026-01-14 08:35:00+00:00,1.0001383796132768,0.0
2026-01-14 08:36:00+00:00,1.0001383796132768,-0.0
2026-01-14 08:37:00+00:00,1.0001383796132768,-0.0
2026-01-14 08:38:00+00:00,1.0001383796132768,0.0
2026-01-14 08:39:00+00:00,1.0001383796132768,0.0
2026-01-14 08:40:00+00:00,1.0001383796132768,-0.0
2026-01-14 08:41:00+00:00,1.0001383796132768,0.0
2026-01-14 08:42:00+00:00,1.0001383796132768,-0.0
2026-01-14 08:43:00+00:00,1.0001383796132768,0.0
2026-01-14 08:44:00+00:00,1.0001383796132768,0.0
2026-01-14 08:45:00+00:00,1.0001383796132768,0.0
2026-01-14 08:46:00+00:00,1.0001383796132768,0.0
2026-01-14 08:47:00+00:00,1.0001383796132768,-0.0
2026-01-14 08:48:00+00:00,1.0001383796132768,-0.0
2026-01-14 08:49:00+00:00,1.0001383796132768,-0.0
2026-01-14 08:50:00+00:00,1.0001383796132768,-0.0
2026-01-14 08:51:00+00:00,1.0001383796132768,0.0
2026-01-14 08:52:00+00:00,1.0001383796132768,-0.0
2026-01-14 08:53:00+00:00,1.0001383796132768,0.0
2026-01-14 08:54:00+00:00,1.0001383796132768,0.0
2026-01-14 08:55:00+00:00,1.0001383796132768,0.0
2026-01-14 08:56:00+00:00,1.0001383796132768,-0.0
2026-01-14 08:57:00+00:00,1.0001383796132768,0.0
2026-01-14 08:58:00+00:00,1.0001383796132768,-0.0
2026-01-14 08:59:00+00:00,1.0001383796132768,0.0
2026-01-14 09:00:00+00:00,1.0001383796132768,0.0
2026-01-14 09:01:00+00:00,1.0001383796132768,0.0
2026-01-14 09:02:00+00:00,1.0001383796132768,-0.0
2026-01-14 09:03:00+00:00,1.0001383796132768,-0.0
2026-01-14 09:04:00+00:00,1.0001383796132768,-0.0
2026-01-14 09:05:00+00:00,1.0001383796132768,0.0
2026-01-14 09:06:00+00:00,1.0001383796132768,0.0
2026-01-14 09:07:00+00:00,1.0001383796132768,-0.0
2026-01-14 09:08:00+00:00,1.0001383796132768,0.0
2026-01-14 09:09:00+00:00,1.0001383796132768,0.0
2026-01-14 09:10:00+00:00,1.0001383796132768,0.0
2026-01-14 09:11:00+00:00,1.0001383796132768,0.0
2026-01-14 09:12:00+00:00,1.0001383796132768,-0.0
2026-01-14 09:13:00+00:00,1.0001383796132768,0.0
2026-01-14 09:14:00+00:00,1.0001383796132768,0.0
2026-01-14 09:15:00+00:00,1.0001383796132768,0.0
2026-01-14 09:16:00+00:00,1.0001383796132768,0.0
2026-01-14 09:17:00+00:00,1.0001383796132768,-0.0
2026-01-14 09:18:00+00:00,1.0001383796132768,0.0
2026-01-14 09:19:00+00:00,1.0001383796132768,0.0
2026-01-14 09:20:00+00:00,1.0001383796132768,-0.0
2026-01-14 09:21:00+00:00,1.0001383796132768,-0.0
2026-01-14 09:22:00+00:00,1.0001383796132768,0.0
2026-01-14 09:23:00+00:00,1.0001383796132768,0.0
2026-01-14 09:24:00+00:00,1.0001383796132768,-0.0
2026-01-14 09:25:00+00:00,1.0001383796132768,-0.0
2026-01-14 09:26:00+00:00,1.0001383796132768,-0.0
2026-01-14 09:27:00+00:00,1.0001383796132768,-0.0
2026-01-14 09:28:00+00:00,1.0001383796132768,-0.0
2026-01-14 09:29:00+00:00,1.0001383796132768,0.0
2026-01-14 09:30:00+00:00,1.0001383796132768,-0.0
2026-01-14 09:31:00+00:00,1.0001383796132768,0.0
2026-01-14 09:32:00+00:00,1.0001383796132768,0.0
2026-01-14 09:33:00+00:00,1.0001383796132768,0.0
2026-01-14 09:34:00+00:00,1.0001383796132768,0.0
2026-01-14 09:35:00+00:00,1.0001383796132768,-0.0
2026-01-14 09:36:00+00:00,1.0001383796132768,-0.0
2026-01-14 09:37:00+00:00,1.0001383796132768,0.0
2026-01-14 09:38:00+00:00,1.0001383796132768,-0.0
2026-01-14 09:39:00+00:00,1.0001383796132768,0.0
2026-01-14 09:40:00+00:00,1.0001383796132768,-0.0
2026-01-14 09:41:00+00:00,1.0001383796132768,0.0
2026-01-14 09:42:00+00:00,1.0001383796132768,-0.0
2026-01-14 09:43:00+00:00,1.0001383796132768,0.0
2026-01-14 09:44:00+00:00,1.0001383796132768,-0.0
2026-01-14 09:45:00+00:00,1.0001383796132768,0.0
2026-01-14 09:46:00+00:00,1.0001383796132768,0.0
2026-01-14 09:47:00+00:00,1.0001383796132768,-0.0
2026-01-14 09:48:00+00:00,1.0001383796132768,0.0
2026-01-14 09:49:00+00:00,1.0001383796132768,0.0
2026-01-14 09:50:00+00:00,1.0001383796132768,-0.0
2026-01-14 09:51:00+00:00,1.0001383796132768,0.0
2026-01-14 09:52:00+00:00,1.000110027053452,-2.8348636951462592e-05
2026-01-14 09:53:00+00:00,1.0000843503200667,-2.567390856067306e-05
2026-01-14 09:54:00+00:00,1.0000979241385235,1.3572673597484443e-05
2026-01-14 09:55:00+00:00,1.000056018854442,-4.1901180944485175e-05
2026-01-14 09:56:00+00:00,1.0001009442186475,4.492284767885876e-05
2026-01-14 09:57:00+00:00,1.0000959951675608,-4.9485515590220335e-06
2026-01-14 09:58:00+00:00,1.0000850878083678,-1.0906312239691137e-05
2026-01-14 09:59:00+00:00,1.000094135787429,9.047209254015011e-06
2026-01-14 10:00:00+00:00,1.0000846657730176,-9.469123027888992e-06
2026-01-14 10:01:00+00:00,1.0000967331675714,1.2066372944996235e-05
2026-01-14 10:02:00+00:00,1.0001000963221198,3.3628292511858917e-06
2026-01-14 10:03:00+00:00,1.0000911384037692,-8.957021785619152e-06
2026-01-14 10:04:00+00:00,1.0001026311437735,1.1491692669894809e-05
2026-01-14 10:05:00+00:00,1.0001079419302532,5.3102414836672055e-06
2026-01-14 10:06:00+00:00,1.00010802681391,8.487449520244653e-08
2026-01-14 10:07:00+00:00,1.0000961717113472,-1.1853822032061937e-05
2026-01-14 10:08:00+00:00,1.0000720426801337,-2.412671090643541e-05
2026-01-14 10:09:00+00:00,1.0000878952821357,1.5851460020434117e-05
2026-01-14 10:10:00+00:00,1.0000920836408436,4.1879906031799795e-06
2026-01-14 10:11:00+00:00,1.0000907406233386,-1.3428938465098925e-06
2026-01-14 10:12:00+00:00,1.0001177971443937,2.7054066152550562e-05
2026-01-14 10:13:00+00:00,1.0001258585664978,8.060472603448808e-06
2026-01-14 10:14:00+00:00,1.000100797824118,-2.5057588667524358e-05
2026-01-14 10:15:00+00:00,1.0000950753064521,-5.72194090690919e-06
2026-01-14 10:16:00+00:00,1.0000735084286274,-2.1564827542080908e-05
2026-01-14 10:17:00+00:00,1.0000649376144897,-8.570184156888279e-06
2026-01-14 10:18:00+00:00,1.000089763655508,2.4824428979148195e-05
2026-01-14 10:19:00+00:00,1.000071423766562,-1.8338242838170934e-05
2026-01-14 10:20:00+00:00,0.9999650932704918,-0.00010632290208810173
2026-01-14 10:21:00+00:00,0.9999713512119586,6.25815991862672e-06
2026-01-14 10:22:00+00:00,0.9999024637987467,-6.888938680927657e-05
2026-01-14 10:23:00+00:00,0.9999363343962189,3.387390140377038e-05
2026-01-14 10:24:00+00:00,0.9999863296662088,4.9998453171668585e-05
2026-01-14 10:25:00+00:00,1.0000060021229316,1.967272565542687e-05
2026-01-14 10:26:00+00:00,0.9999984120211098,-7.590056265321155e-06
2026-01-14 10:27:00+00:00,0.9999757136593438,-2.2698397810709116e-05
2026-01-14 10:28:00+00:00,1.0000111609329376,3.544813449928587e-05
2026-01-14 10:29:00+00:00,1.0000067809368889,-4.379947164417709e-06
2026-01-14 10:30:00+00:00,0.9999935556683411,-1.322517886857257e-05
2026-01-14 10:31:00+00:00,0.9999875756827662,-5.980024112228645e-06
2026-01-14 10:32:00+00:00,0.9999748475226999,-1.2728318206904749e-05
2026-01-14 10:33:00+00:00,1.0000150128968301,4.016638441424061e-05
2026-01-14 10:34:00+00:00,1.000008696960483,-6.315841528065928e-06
2026-01-14 10:35:00+00:00,1.000017833112641,9.136072702130329e-06
2026-01-14 10:36:00+00:00,1.0000314315798717,1.3598224732031415e-05
2026-01-14 10:37:00+00:00,1.0000285824202155,-2.8490701055469307e-06
2026-01-14 10:38:00+00:00,1.000028824793184,2.423660410127426e-07
2026-01-14 10:39:00+00:00,1.0000118430539906,-1.6981249712294864e-05
2026-01-14 10:40:00+00:00,0.9999912870628105,-2.055574773728707e-05
2026-01-14 10:41:00+00:00,1.0000068170622418,1.5530134744349307e-05
2026-01-14 10:42:00+00:00,1.0000435205418543,3.670322940419597e-05
2026-01-14 10:43:00+00:00,1.0000514830143092,7.96212593908318e-06
2026-01-14 10:44:00+00:00,1.0000362268828975,-1.5255346020447005e-05
2026-01-14 10:45:00+00:00,1.000038134523755,1.907571752043582e-06
2026-01-14 10:46:00+00:00,1.0000453370282725,7.20222986385725e-06
2026-01-14 10:47:00+00:00,1.000048171496265,2.834339491970759e-06
2026-01-14 10:48:00+00:00,1.0000500052081218,1.8336235283102998e-06
2026-01-14 10:49:00+00:00,1.0000602947938035,1.0289071174665551e-05
2026-01-14 10:50:00+00:00,1.0000594115659667,-8.83174586047877e-07
2026-01-14 10:51:00+00:00,1.0000639598665753,4.548030402953637e-06
2026-01-14 10:52:00+00:00,1.0000496090912039,-1.4349857556308189e-05
2026-01-14 10:53:00+00:00,1.000045219236296,-4.389637141952422e-06
2026-01-14 10:54:00+00:00,1.0000714503982127,2.622997581704909e-05
2026-01-14 10:55:00+00:00,1.0000710725028927,-3.778683210703257e-07
2026-01-14 10:56:00+00:00,1.000073716905745,2.6442149212729787e-06
2026-01-14 10:57:00+00:00,1.0000904428824626,1.6724743821179943e-05
2026-01-14 10:58:00+00:00,1.0000877035417175,-2.739093013627169e-06
2026-01-14 10:59:00+00:00,1.0001037598689826,1.6054919191868758e-05
2026-01-14 11:00:00+00:00,1.0000946376987143,-9.121223851310421e-06
2026-01-14 11:01:00+00:00,1.0001176722009864,2.303232254597484e-05
2026-01-14 11:02:00+00:00,1.0001341741063348,1.6499963761223112e-05
2026-01-14 11:03:00+00:00,1.0001350888481562,9.14619103202245e-07
2026-01-14 11:04:00+00:00,1.0001363994593024,1.3104341211134946e-06
2026-01-14 11:05:00+00:00,1.0001289766757349,-7.421771242009991e-06
2026-01-14 11:06:00+00:00,1.0001196022573662,-9.373209443220203e-06
2026-01-14 11:07:00+00:00,1.0001343462110035,1.4742190437984969e-05
2026-01-14 11:08:00+00:00,1.0001459116529778,1.156388840968741e-05
2026-01-14 11:09:00+00:00,1.0001385644494243,-7.346131667253278e-06
2026-01-14 11:10:00+00:00,1.000125442487731,-1.3120143707830292e-05
2026-01-14 11:11:00+00:00,1.000160520391451,3.5073504012331485e-05
2026-01-14 11:12:00+00:00,1.0001521771292483,-8.341923153919507e-06
2026-01-14 11:13:00+00:00,1.0001457075713875,-6.468573491747315e-06
2026-01-14 11:14:00+00:00,1.0001608948928118,1.5185108838912432e-05
2026-01-14 11:15:00+00:00,1.0001880856551675,2.718638820470293e-05
2026-01-14 11:16:00+00:00,1.0001870361172174,-1.0493405841951656e-06
2026-01-14 11:17:00+00:00,1.0001892980438172,2.2615036170574803e-06
2026-01-14 11:18:00+00:00,1.0001575955113886,-3.169653233688417e-05
2026-01-14 11:19:00+00:00,1.00016412883315,6.532292301530539e-06
2026-01-14 11:20:00+00:00,1.00016412883315,0.0
2026-01-14 11:21:00+00:00,1.00016412883315,0.0
2026-01-14 11:22:00+00:00,1.00016412883315,-0.0
2026-01-14 11:23:00+00:00,1.00016412883315,0.0
2026-01-14 11:24:00+00:00,1.00016412883315,0.0
2026-01-14 11:25:00+00:00,1.00016412883315,-0.0
2026-01-14 11:26:00+00:00,1.00016412883315,-0.0
2026-01-14 11:27:00+00:00,1.00016412883315,0.0
2026-01-14 11:28:00+00:00,1.00016412883315,0.0
2026-01-14 11:29:00+00:00,1.00016412883315,-0.0
2026-01-14 11:30:00+00:00,1.00016412883315,-0.0
2026-01-14 11:31:00+00:00,1.00016412883315,0.0
2026-01-14 11:32:00+00:00,1.00016412883315,0.0
2026-01-14 11:33:00+00:00,1.00016412883315,0.0
2026-01-14 11:34:00+00:00,1.00016412883315,-0.0
2026-01-14 11:35:00+00:00,1.00016412883315,-0.0
2026-01-14 11:36:00+00:00,1.00016412883315,-0.0
2026-01-14 11:37:00+00:00,1.00016412883315,-0.0
2026-01-14 11:38:00+00:00,1.00016412883315,-0.0
2026-01-14 11:39:00+00:00,1.00016412883315,0.0
2026-01-14 11:40:00+00:00,1.00016412883315,-0.0
2026-01-14 11:41:00+00:00,1.00016412883315,-0.0
2026-01-14 11:42:00+00:00,1.00016412883315,-0.0
2026-01-14 11:43:00+00:00,1.00016412883315,0.0
2026-01-14 11:44:00+00:00,1.00016412883315,-0.0
2026-01-14 11:45:00+00:00,1.00016412883315,0.0
2026-01-14 11:46:00+00:00,1.00016412883315,-0.0
2026-01-14 11:47:00+00:00,1.00016412883315,0.0
2026-01-14 11:48:00+00:00,1.00016412883315,-0.0
2026-01-14 11:49:00+00:00,1.00016412883315,0.0
2026-01-14 11:50:00+00:00,1.00016412883315,-0.0
2026-01-14 11:51:00+00:00,1.00016412883315,-0.0
2026-01-14 11:52:00+00:00,1.00016412883315,0.0
2026-01-14 11:53:00+00:00,1.00016412883315,-0.0
2026-01-14 11:54:00+00:00,1.00016412883315,-0.0
2026-01-14 11:55:00+00:00,1.00016412883315,0.0
2026-01-14 11:56:00+00:00,1.00016412883315,0.0
2026-01-14 11:57:00+00:00,1.00016412883315,-0.0
2026-01-14 11:58:00+00:00,1.00016412883315,-0.0
2026-01-14 11:59:00+00:00,1.00016412883315,0.0
2026-01-14 12:00:00+00:00,1.00016412883315,0.0
2026-01-14 12:01:00+00:00,1.00016412883315,-0.0
2026-01-14 12:02:00+00:00,1.00016412883315,0.0
2026-01-14 12:03:00+00:00,1.00016412883315,0.0
2026-01-14 12:04:00+00:00,1.00016412883315,0.0
2026-01-14 12:05:00+00:00,1.00016412883315,-0.0
2026-01-14 12:06:00+00:00,1.00016412883315,0.0
2026-01-14 12:07:00+00:00,1.00016412883315,0.0
2026-01-14 12:08:00+00:00,1.00016412883315,0.0
2026-01-14 12:09:00+00:00,1.00016412883315,-0.0
2026-01-14 12:10:00+00:00,1.00016412883315,0.0
2026-01-14 12:11:00+00:00,1.00016412883315,0.0
2026-01-14 12:12:00+00:00,1.00016412883315,-0.0
2026-01-14 12:13:00+00:00,1.00016412883315,0.0
2026-01-14 12:14:00+00:00,1.00016412883315,-0.0
2026-01-14 12:15:00+00:00,1.00016412883315,-0.0
2026-01-14 12:16:00+00:00,1.00016412883315,0.0
2026-01-14 12:17:00+00:00,1.00016412883315,-0.0
2026-01-14 12:18:00+00:00,1.00016412883315,0.0
2026-01-14 12:19:00+00:00,1.00016412883315,0.0
2026-01-14 12:20:00+00:00,1.00016412883315,0.0
2026-01-14 12:21:00+00:00,1.00016412883315,0.0
2026-01-14 12:22:00+00:00,1.00016412883315,-0.0
2026-01-14 12:23:00+00:00,1.00016412883315,0.0
2026-01-14 12:24:00+00:00,1.00016412883315,0.0
2026-01-14 12:25:00+00:00,1.00016412883315,-0.0
2026-01-14 12:26:00+00:00,1.00016412883315,-0.0
2026-01-14 12:27:00+00:00,1.00016412883315,0.0
2026-01-14 12:28:00+00:00,1.00016412883315,-0.0
2026-01-14 12:29:00+00:00,1.00016412883315,-0.0
2026-01-14 12:30:00+00:00,1.00016412883315,0.0
2026-01-14 12:31:00+00:00,1.00016412883315,-0.0
2026-01-14 12:32:00+00:00,1.00016412883315,-0.0
2026-01-14 12:33:00+00:00,1.00016412883315,0.0
2026-01-14 12:34:00+00:00,1.00016412883315,0.0
2026-01-14 12:35:00+00:00,1.00016412883315,0.0
2026-01-14 12:36:00+00:00,1.00016412883315,0.0
2026-01-14 12:37:00+00:00,1.00016412883315,-0.0
2026-01-14 12:38:00+00:00,1.00016412883315,-0.0
2026-01-14 12:39:00+00:00,1.00016412883315,0.0
2026-01-14 12:40:00+00:00,1.00016412883315,-0.0
2026-01-14 12:41:00+00:00,1.00016412883315,-0.0
2026-01-14 12:42:00+00:00,1.00016412883315,-0.0
2026-01-14 12:43:00+00:00,1.00016412883315,-0.0
2026-01-14 12:44:00+00:00,1.00016412883315,0.0
2026-01-14 12:45:00+00:00,1.00016412883315,0.0
2026-01-14 12:46:00+00:00,1.00016412883315,0.0
2026-01-14 12:47:00+00:00,1.00016412883315,-0.0
2026-01-14 12:48:00+00:00,1.00016412883315,-0.0
2026-01-14 12:49:00+00:00,1.00016412883315,0.0
2026-01-14 12:50:00+00:00,1.00016412883315,0.0
2026-01-14 12:51:00+00:00,1.00016412883315,-0.0
2026-01-14 12:52:00+00:00,1.00016412883315,-0.0
2026-01-14 12:53:00+00:00,1.00016412883315,-0.0
2026-01-14 12:54:00+00:00,1.00016412883315,0.0
2026-01-14 12:55:00+00:00,1.00016412883315,-0.0
2026-01-14 12:56:00+00:00,1.00016412883315,0.0
2026-01-14 12:57:00+00:00,1.00016412883315,0.0
2026-01-14 12:58:00+00:00,1.00016412883315,-0.0
2026-01-14 12:59:00+00:00,1.00016412883315,0.0
2026-01-14 13:00:00+00:00,1.00016412883315,0.0
2026-01-14 13:01:00+00:00,1.00016412883315,-0.0
2026-01-14 13:02:00+00:00,1.00016412883315,0.0
2026-01-14 13:03:00+00:00,1.00016412883315,-0.0
2026-01-14 13:04:00+00:00,1.00016412883315,-0.0
2026-01-14 13:05:00+00:00,1.00016412883315,-0.0
2026-01-14 13:06:00+00:00,1.00016412883315,0.0
2026-01-14 13:07:00+00:00,1.00016412883315,0.0
2026-01-14 13:08:00+00:00,1.00016412883315,-0.0
2026-01-14 13:09:00+00:00,1.00016412883315,0.0
2026-01-14 13:10:00+00:00,1.00016412883315,0.0
2026-01-14 13:11:00+00:00,1.00016412883315,-0.0
2026-01-14 13:12:00+00:00,1.00016412883315,0.0
2026-01-14 13:13:00+00:00,1.00016412883315,-0.0
2026-01-14 13:14:00+00:00,1.00016412883315,-0.0
2026-01-14 13:15:00+00:00,1.00016412883315,-0.0
2026-01-14 13:16:00+00:00,1.00016412883315,0.0
2026-01-14 13:17:00+00:00,1.00016412883315,0.0
2026-01-14 13:18:00+00:00,1.00016412883315,-0.0
2026-01-14 13:19:00+00:00,1.00016412883315,0.0
2026-01-14 13:20:00+00:00,1.00016412883315,0.0
2026-01-14 13:21:00+00:00,1.00016412883315,0.0
2026-01-14 13:22:00+00:00,1.00016412883315,0.0
2026-01-14 13:23:00+00:00,1.00016412883315,0.0
2026-01-14 13:24:00+00:00,1.00016412883315,-0.0
2026-01-14 13:25:00+00:00,1.00016412883315,-0.0
2026-01-14 13:26:00+00:00,1.00016412883315,0.0
2026-01-14 13:27:00+00:00,1.00016412883315,0.0
2026-01-14 13:28:00+00:00,1.00016412883315,-0.0
2026-01-14 13:29:00+00:00,1.00016412883315,-0.0
2026-01-14 13:30:00+00:00,1.00016412883315,-0.0
2026-01-14 13:31:00+00:00,1.00016412883315,0.0
2026-01-14 13:32:00+00:00,1.00016412883315,-0.0
2026-01-14 13:33:00+00:00,1.00016412883315,-0.0
2026-01-14 13:34:00+00:00,1.00016412883315,-0.0
2026-01-14 13:35:00+00:00,1.00016412883315,0.0
2026-01-14 13:36:00+00:00,1.00016412883315,0.0
2026-01-14 13:37:00+00:00,1.00016412883315,-0.0
2026-01-14 13:38:00+00:00,1.00016412883315,-0.0
2026-01-14 13:39:00+00:00,1.00016412883315,0.0
2026-01-14 13:40:00+00:00,1.00016412883315,0.0
2026-01-14 13:41:00+00:00,1.00016412883315,-0.0
2026-01-14 13:42:00+00:00,1.00016412883315,0.0
2026-01-14 13:43:00+00:00,1.00016412883315,0.0
2026-01-14 13:44:00+00:00,1.00016412883315,-0.0
2026-01-14 13:45:00+00:00,1.00016412883315,0.0
2026-01-14 13:46:00+00:00,1.00016412883315,-0.0
2026-01-14 13:47:00+00:00,1.00016412883315,-0.0
2026-01-14 13:48:00+00:00,1.00016412883315,-0.0
2026-01-14 13:49:00+00:00,1.00016412883315,0.0
2026-01-14 13:50:00+00:00,1.00016412883315,-0.0
2026-01-14 13:51:00+00:00,1.00016412883315,-0.0
2026-01-14 13:52:00+00:00,1.00016412883315,-0.0
2026-01-14 13:53:00+00:00,1.00016412883315,0.0
2026-01-14 13:54:00+00:00,1.00016412883315,-0.0
2026-01-14 13:55:00+00:00,1.00016412883315,0.0
2026-01-14 13:56:00+00:00,1.00016412883315,0.0
2026-01-14 13:57:00+00:00,1.00016412883315,0.0
2026-01-14 13:58:00+00:00,1.00016412883315,0.0
2026-01-14 13:59:00+00:00,1.00016412883315,-0.0
2026-01-14 14:00:00+00:00,1.00016412883315,0.0
2026-01-14 14:01:00+00:00,1.00016412883315,0.0
2026-01-14 14:02:00+00:00,1.00016412883315,0.0
2026-01-14 14:03:00+00:00,1.00016412883315,0.0
2026-01-14 14:04:00+00:00,1.00016412883315,0.0
2026-01-14 14:05:00+00:00,1.00016412883315,0.0
2026-01-14 14:06:00+00:00,1.00016412883315,-0.0
2026-01-14 14:07:00+00:00,1.00016412883315,0.0
2026-01-14 14:08:00+00:00,1.00016412883315,0.0
2026-01-14 14:09:00+00:00,1.00016412883315,-0.0
2026-01-14 14:10:00+00:00,1.00016412883315,0.0
2026-01-14 14:11:00+00:00,1.000138059957225,-2.6064597973053787e-05
2026-01-14 14:12:00+00:00,1.0001408019901854,2.7416544477961648e-06
2026-01-14 14:13:00+00:00,1.0001681963472966,2.7390500474102926e-05
2026-01-14 14:14:00+00:00,1.0001452631361356,-2.292935452733056e-05
2026-01-14 14:15:00+00:00,1.00013931087422,-5.951397397058008e-06
2026-01-14 14:16:00+00:00,1.0000695450766068,-6.975607983283065e-05
2026-01-14 14:17:00+00:00,1.0000736872209626,4.141856310022366e-06
2026-01-14 14:18:00+00:00,1.0000890615849531,1.537323117994612e-05
2026-01-14 14:19:00+00:00,1.0000637509078856,-2.530842305937307e-05
2026-01-14 14:20:00+00:00,1.0000641716289171,4.2069421181424236e-07
2026-01-14 14:21:00+00:00,1.0000230191955084,-4.114979275958579e-05
2026-01-14 14:22:00+00:00,1.0000402332027596,1.7213611007654478e-05
2026-01-14 14:23:00+00:00,1.0000257340916063,-1.4498527831028665e-05
2026-01-14 14:24:00+00:00,1.0000055864156012,-2.014715753632454e-05
2026-01-14 14:25:00+00:00,1.0000313758010397,2.5789241369125817e-05
2026-01-14 14:26:00+00:00,1.0000978371493272,6.645926307479348e-05
2026-01-14 14:27:00+00:00,1.000074639387447,-2.31954924994976e-05
2026-01-14 14:28:00+00:00,1.0000782392636183,3.599607498972378e-06
2026-01-14 14:29:00+00:00,1.0000879315639417,9.691542064429141e-06
2026-01-14 14:30:00+00:00,1.0000630007765563,-2.4928595374915987e-05
2026-01-14 14:31:00+00:00,1.000141294257758,7.828854896242723e-05
2026-01-14 14:32:00+00:00,1.0001790289224541,3.772933375797411e-05
2026-01-14 14:33:00+00:00,1.0001251983421262,-5.382094482210111e-05
2026-01-14 14:34:00+00:00,1.000137497859698,1.2297977885327365e-05
2026-01-14 14:35:00+00:00,1.0001809281869174,4.3424356463318996e-05
2026-01-14 14:36:00+00:00,1.0001652516537058,-1.567369739801771e-05
2026-01-14 14:37:00+00:00,1.0000839755179505,-8.12627069586281e-05
2026-01-14 14:38:00+00:00,1.0000105304426834,-7.343890819665239e-05
2026-01-14 14:39:00+00:00,0.9999965550704555,-1.3975225062601164e-05
2026-01-14 14:40:00+00:00,0.9999916889109903,-4.866176228753861e-06
2026-01-14 14:41:00+00:00,1.0000119115964927,2.0222853576411793e-05
2026-01-14 14:42:00+00:00,0.9999465232257067,-6.538759191542792e-05
2026-01-14 14:43:00+00:00,0.9999583809536389,1.1858362079154086e-05
2026-01-14 14:44:00+00:00,0.9999984408679932,4.006158167908656e-05
2026-01-14 14:45:00+00:00,0.9999622402127025,-3.6200711732345734e-05
2026-01-14 14:46:00+00:00,0.9998032532225518,-0.00015899299369233688
2026-01-14 14:47:00+00:00,0.9997989512340167,-4.302835104041555e-06
2026-01-14 14:48:00+00:00,0.9996924722389628,-0.0001065004068291939
2026-01-14 14:49:00+00:00,0.9997096879616094,1.7221018587703286e-05
2026-01-14 14:50:00+00:00,0.9997619646723813,5.229189173762897e-05
2026-01-14 14:51:00+00:00,0.9997370369939652,-2.4933613496932448e-05
2026-01-14 14:52:00+00:00,0.9997816094596386,4.458418966587378e-05
2026-01-14 14:53:00+00:00,0.9997484168747195,-3.3199835448986235e-05
2026-01-14 14:54:00+00:00,0.999728343447384,-2.0078478741908363e-05
2026-01-14 14:55:00+00:00,0.9997608384381463,3.2503820638182866e-05
2026-01-14 14:56:00+00:00,0.9998160395527095,5.521431970601797e-05
2026-01-14 14:57:00+00:00,0.9998925661895107,7.65407172657183e-05
2026-01-14 14:58:00+00:00,0.9998717193427654,-2.084908664208463e-05
2026-01-14 14:59:00+00:00,0.9999103813778597,3.866699532175522e-05
2026-01-14 15:00:00+00:00,0.999867785656579,-4.2599538992752174e-05
2026-01-14 15:01:00+00:00,0.9998723259061746,4.5408499610589155e-06
2026-01-14 15:02:00+00:00,0.9999170955577216,4.477536820158818e-05
2026-01-14 15:03:00+00:00,0.9999342809210826,1.718678822217882e-05
2026-01-14 15:04:00+00:00,0.9998886421932972,-4.56417273176876e-05
2026-01-14 15:05:00+00:00,0.9998953900251404,6.748583350572265e-06
2026-01-14 15:06:00+00:00,0.999878123298407,-1.726853319433584e-05
2026-01-14 15:07:00+00:00,0.9999436406318979,6.552531950072982e-05
2026-01-14 15:08:00+00:00,0.9999111965331151,-3.244592741474781e-05
2026-01-14 15:09:00+00:00,0.9998872486744105,-2.3949985546363093e-05
2026-01-14 15:10:00+00:00,0.999891665397173,4.417220810026601e-06
2026-01-14 15:11:00+00:00,0.9998912627947028,-4.026460908476301e-07
2026-01-14 15:12:00+00:00,0.9998787346172042,-1.2529539925671479e-05
2026-01-14 15:13:00+00:00,0.9998681935177243,-1.0542377905378707e-05
2026-01-14 15:14:00+00:00,0.9999092070076813,4.101889651339008e-05
2026-01-14 15:15:00+00:00,0.9998834388588823,-2.5770488578736915e-05
2026-01-14 15:16:00+00:00,0.9999116801221305,2.8244555465762856e-05
2026-01-14 15:17:00+00:00,0.9999463397501259,3.466268939992869e-05
2026-01-14 15:18:00+00:00,0.999935079174969,-1.1261179434568864e-05
2026-01-14 15:19:00+00:00,0.9999250686938046,-1.0011131095292658e-05
2026-01-14 15:20:00+00:00,0.9999285726350983,3.5042038682325037e-06
2026-01-14 15:21:00+00:00,0.999955133945559,2.656320780071565e-05
2026-01-14 15:22:00+00:00,0.9999683060876272,1.317273307686653e-05
2026-01-14 15:23:00+00:00,0.9999717219848051,3.4160054444167506e-06
2026-01-14 15:24:00+00:00,0.9999842607092229,1.2539078998105217e-05
2026-01-14 15:25:00+00:00,0.9999983799370599,1.4119450067215179e-05
2026-01-14 15:26:00+00:00,1.000015964918437,1.7585009865946647e-05
2026-01-14 15:27:00+00:00,1.0000066979028701,-9.266867621989126e-06
2026-01-14 15:28:00+00:00,0.9999918840264513,-1.4813777197615374e-05
2026-01-14 15:29:00+00:00,1.0000271899572017,3.530621729457522e-05
2026-01-14 15:30:00+00:00,1.00000264301055,-2.4546279239422728e-05
2026-01-14 15:31:00+00:00,0.9999955246494532,-7.11834228300525e-06
2026-01-14 15:32:00+00:00,1.000036399438358,4.087497183469284e-05
2026-01-14 15:33:00+00:00,1.0000532571711884,1.685711924072115e-05
2026-01-14 15:34:00+00:00,1.0000631772574629,9.919557986692763e-06
2026-01-14 15:35:00+00:00,1.0000699760638494,6.79837688374088e-06
2026-01-14 15:36:00+00:00,1.0000888901254783,1.8912738189994254e-05
2026-01-14 15:37:00+00:00,1.000104537735519,1.5646219246418918e-05
2026-01-14 15:38:00+00:00,1.0000809122207464,-2.3623045273086777e-05
2026-01-14 15:39:00+00:00,1.0000916045269719,1.0691441157174911e-05
2026-01-14 15:40:00+00:00,1.0000916045269719,-0.0
2026-01-14 15:41:00+00:00,1.0000916045269719,-0.0
2026-01-14 15:42:00+00:00,1.0000916045269719,0.0
2026-01-14 15:43:00+00:00,1.0000916045269719,0.0
2026-01-14 15:44:00+00:00,1.0000916045269719,0.0
2026-01-14 15:45:00+00:00,1.0000916045269719,-0.0
2026-01-14 15:46:00+00:00,1.0000916045269719,0.0
2026-01-14 15:47:00+00:00,1.0000916045269719,-0.0
2026-01-14 15:48:00+00:00,1.0000916045269719,0.0
2026-01-14 15:49:00+00:00,1.0000916045269719,0.0
2026-01-14 15:50:00+00:00,1.0000916045269719,-0.0
2026-01-14 15:51:00+00:00,1.0000916045269719,-0.0
2026-01-14 15:52:00+00:00,1.0000916045269719,-0.0
2026-01-14 15:53:00+00:00,1.0000916045269719,-0.0
2026-01-14 15:54:00+00:00,1.0000916045269719,0.0
2026-01-14 15:55:00+00:00,1.0000916045269719,0.0
2026-01-14 15:56:00+00:00,1.0000916045269719,-0.0
2026-01-14 15:57:00+00:00,1.0000916045269719,-0.0
2026-01-14 15:58:00+00:00,1.0000916045269719,0.0
2026-01-14 15:59:00+00:00,1.0000916045269719,-0.0
2026-01-14 16:00:00+00:00,1.0000916045269719,-0.0
2026-01-14 16:01:00+00:00,1.0000916045269719,0.0
2026-01-14 16:02:00+00:00,1.0000916045269719,-0.0
2026-01-14 16:03:00+00:00,1.0000916045269719,0.0
2026-01-14 16:04:00+00:00,1.0000916045269719,-0.0
2026-01-14 16:05:00+00:00,1.0000916045269719,0.0
2026-01-14 16:06:00+00:00,1.0000916045269719,0.0
2026-01-14 16:07:00+00:00,1.0000916045269719,-0.0
2026-01-14 16:08:00+00:00,1.0000916045269719,-0.0
2026-01-14 16:09:00+00:00,1.0000916045269719,-0.0
2026-01-14 16:10:00+00:00,1.0000916045269719,0.0
2026-01-14 16:11:00+00:00,1.0000916045269719,0.0
2026-01-14 16:12:00+00:00,1.0000916045269719,-0.0
2026-01-14 16:13:00+00:00,1.0000916045269719,-0.0
2026-01-14 16:14:00+00:00,1.0000916045269719,-0.0
2026-01-14 16:15:00+00:00,1.0000916045269719,-0.0
2026-01-14 16:16:00+00:00,1.0000916045269719,0.0
2026-01-14 16:17:00+00:00,1.0000916045269719,-0.0
2026-01-14 16:18:00+00:00,1.0000916045269719,-0.0
2026-01-14 16:19:00+00:00,1.0000916045269719,-0.0
2026-01-14 16:20:00+00:00,1.0000916045269719,-0.0
2026-01-14 16:21:00+00:00,1.0000916045269719,-0.0
2026-01-14 16:22:00+00:00,1.0000724926859226,-1.9110090478662416e-05
2026-01-14 16:23:00+00:00,1.0001044493364124,3.1954334034453065e-05
2026-01-14 16:24:00+00:00,1.0001614069407003,5.69516557252165e-05
2026-01-14 16:25:00+00:00,1.000171710037387,1.0301433963837139e-05
2026-01-14 16:26:00+00:00,1.000139157608477,-3.254684029080074e-05
2026-01-14 16:27:00+00:00,1.0001302371817917,-8.919185512757358e-06
2026-01-14 16:28:00+00:00,1.0000693560485787,-6.087320525843107e-05
2026-01-14 16:29:00+00:00,1.0000675634605443,-1.7924637163059814e-06
2026-01-14 16:30:00+00:00,1.000076236255098,8.672208629122461e-06
2026-01-14 16:31:00+00:00,0.9999891872187906,-8.704240052058424e-05
2026-01-14 16:32:00+00:00,0.9999081590863215,-8.102900861801751e-05
2026-01-14 16:33:00+00:00,0.9999655236219644,5.736980453835096e-05
2026-01-14 16:34:00+00:00,0.9999644506634175,-1.07299553989675e-06
2026-01-14 16:35:00+00:00,1.0000338195813188,6.937138400785315e-05
2026-01-14 16:36:00+00:00,1.000016984039287,-1.6834972680161105e-05
2026-01-14 16:37:00+00:00,0.9999918985059316,-2.508510730895109e-05
2026-01-14 16:38:00+00:00,1.0000257419647944,3.384373304756515e-05
2026-01-14 16:39:00+00:00,0.9999752631806434,-5.0477484761352694e-05
2026-01-14 16:40:00+00:00,1.0000183142215917,4.3052105920375295e-05
2026-01-14 16:41:00+00:00,1.0000467530292239,2.8438286806932886e-05
2026-01-14 16:42:00+00:00,1.0000412612608252,-5.491511653907465e-06
2026-01-14 16:43:00+00:00,1.0000632312725677,2.1969105269657594e-05
2026-01-14 16:44:00+00:00,1.0001024697652607,3.923601175014712e-05
2026-01-14 16:45:00+00:00,1.0000884474367087,-1.4020891834544995e-05
2026-01-14 16:46:00+00:00,1.0001552383730739,6.678502940056558e-05
2026-01-14 16:47:00+00:00,1.0001104174134556,-4.4814002765254695e-05
2026-01-14 16:48:00+00:00,1.0001190399459232,8.621580494877848e-06
2026-01-14 16:49:00+00:00,1.0001322661681336,1.3224647949009745e-05
2026-01-14 16:50:00+00:00,1.000129584980312,-2.680833238120755e-06
2026-01-14 16:51:00+00:00,1.0001604804376578,3.089145427715817e-05
2026-01-14 16:52:00+00:00,1.0001548921108647,-5.587430119781689e-06
2026-01-14 16:53:00+00:00,1.0001932852486333,3.838719189546284e-05
2026-01-14 16:54:00+00:00,1.0002080443533234,1.4756252524366752e-05
2026-01-14 16:55:00+00:00,1.0002102113369749,2.166532916507326e-06
2026-01-14 16:56:00+00:00,1.0002102113369749,-0.0
2026-01-14 16:57:00+00:00,1.0002102113369749,-0.0
2026-01-14 16:58:00+00:00,1.0002102113369749,0.0
2026-01-14 16:59:00+00:00,1.0002102113369749,0.0
2026-01-14 17:00:00+00:00,1.0002102113369749,0.0
2026-01-14 17:01:00+00:00,1.0002102113369749,0.0
2026-01-14 17:02:00+00:00,1.0002102113369749,-0.0
2026-01-14 17:03:00+00:00,1.0002102113369749,0.0
2026-01-14 17:04:00+00:00,1.0002102113369749,0.0
2026-01-14 17:05:00+00:00,1.0002102113369749,0.0
2026-01-14 17:06:00+00:00,1.0002102113369749,0.0
2026-01-14 17:07:00+00:00,1.0002102113369749,-0.0
2026-01-14 17:08:00+00:00,1.0002102113369749,-0.0
2026-01-14 17:09:00+00:00,1.0002102113369749,-0.0
2026-01-14 17:10:00+00:00,1.0002102113369749,0.0
2026-01-14 17:11:00+00:00,1.0002102113369749,0.0
2026-01-14 17:12:00+00:00,1.0002102113369749,0.0
2026-01-14 17:13:00+00:00,1.0002102113369749,-0.0
2026-01-14 17:14:00+00:00,1.0002102113369749,-0.0
2026-01-14 17:15:00+00:00,1.0002102113369749,0.0
2026-01-14 17:16:00+00:00,1.0002102113369749,0.0
2026-01-14 17:17:00+00:00,1.0002102113369749,-0.0
2026-01-14 17:18:00+00:00,1.0002102113369749,-0.0
2026-01-14 17:19:00+00:00,1.0002102113369749,-0.0
2026-01-14 17:20:00+00:00,1.0002102113369749,0.0
2026-01-14 17:21:00+00:00,1.0002102113369749,0.0
2026-01-14 17:22:00+00:00,1.0002102113369749,0.0
2026-01-14 17:23:00+00:00,1.0002102113369749,-0.0
2026-01-14 17:24:00+00:00,1.0002102113369749,0.0
2026-01-14 17:25:00+00:00,1.0002102113369749,0.0
2026-01-14 17:26:00+00:00,1.0002102113369749,-0.0
2026-01-14 17:27:00+00:00,1.0002102113369749,0.0
2026-01-14 17:28:00+00:00,1.0002102113369749,-0.0
2026-01-14 17:29:00+00:00,1.0002102113369749,-0.0
2026-01-14 17:30:00+00:00,1.0002102113369749,0.0
2026-01-14 17:31:00+00:00,1.0002102113369749,-0.0
2026-01-14 17:32:00+00:00,1.0002102113369749,-0.0
2026-01-14 17:33:00+00:00,1.0002102113369749,0.0
2026-01-14 17:34:00+00:00,1.0002102113369749,0.0
2026-01-14 17:35:00+00:00,1.0002102113369749,-0.0
2026-01-14 17:36:00+00:00,1.0002102113369749,0.0
2026-01-14 17:37:00+00:00,1.0002102113369749,-0.0
2026-01-14 17:38:00+00:00,1.0002102113369749,-0.0
2026-01-14 17:39:00+00:00,1.0002102113369749,-0.0
2026-01-14 17:40:00+00:00,1.0002102113369749,-0.0
2026-01-14 17:41:00+00:00,1.0002102113369749,0.0
2026-01-14 17:42:00+00:00,1.0002102113369749,-0.0
2026-01-14 17:43:00+00:00,1.0002102113369749,-0.0
2026-01-14 17:44:00+00:00,1.0002102113369749,-0.0
2026-01-14 17:45:00+00:00,1.0002102113369749,0.0
2026-01-14 17:46:00+00:00,1.0002102113369749,-0.0
2026-01-14 17:47:00+00:00,1.0002102113369749,-0.0
2026-01-14 17:48:00+00:00,1.0002102113369749,0.0
2026-01-14 17:49:00+00:00,1.0002102113369749,-0.0
2026-01-14 17:50:00+00:00,1.0002102113369749,0.0
2026-01-14 17:51:00+00:00,1.0002102113369749,-0.0
2026-01-14 17:52:00+00:00,1.0002102113369749,0.0
2026-01-14 17:53:00+00:00,1.0002102113369749,-0.0
2026-01-14 17:54:00+00:00,1.0002102113369749,-0.0
2026-01-14 17:55:00+00:00,1.0002102113369749,-0.0
2026-01-14 17:56:00+00:00,1.0002102113369749,-0.0
2026-01-14 17:57:00+00:00,1.0002102113369749,-0.0
2026-01-14 17:58:00+00:00,1.0002102113369749,0.0
2026-01-14 17:59:00+00:00,1.0002102113369749,-0.0
2026-01-14 18:00:00+00:00,1.0002102113369749,0.0
2026-01-14 18:01:00+00:00,1.0002102113369749,0.0
2026-01-14 18:02:00+00:00,1.0002102113369749,-0.0
2026-01-14 18:03:00+00:00,1.0002102113369749,0.0
2026-01-14 18:04:00+00:00,1.0002102113369749,-0.0
2026-01-14 18:05:00+00:00,1.0002102113369749,-0.0
2026-01-14 18:06:00+00:00,1.0002102113369749,-0.0
2026-01-14 18:07:00+00:00,1.0002102113369749,-0.0
2026-01-14 18:08:00+00:00,1.0002102113369749,-0.0
2026-01-14 18:09:00+00:00,1.0002102113369749,0.0
2026-01-14 18:10:00+00:00,1.0002102113369749,-0.0
2026-01-14 18:11:00+00:00,1.0002102113369749,0.0
2026-01-14 18:12:00+00:00,1.0002102113369749,-0.0
2026-01-14 18:13:00+00:00,1.0002102113369749,0.0
2026-01-14 18:14:00+00:00,1.0002102113369749,0.0
2026-01-14 18:15:00+00:00,1.0002102113369749,0.0
2026-01-14 18:16:00+00:00,1.0002102113369749,-0.0
2026-01-14 18:17:00+00:00,1.0002102113369749,0.0
2026-01-14 18:18:00+00:00,1.0002102113369749,-0.0
2026-01-14 18:19:00+00:00,1.0002102113369749,0.0
2026-01-14 18:20:00+00:00,1.0002102113369749,0.0
2026-01-14 18:21:00+00:00,1.0002102113369749,0.0
2026-01-14 18:22:00+00:00,1.0002102113369749,-0.0
2026-01-14 18:23:00+00:00,1.0002102113369749,-0.0
2026-01-14 18:24:00+00:00,1.0002102113369749,-0.0
2026-01-14 18:25:00+00:00,1.0002102113369749,-0.0
2026-01-14 18:26:00+00:00,1.0002102113369749,0.0
2026-01-14 18:27:00+00:00,1.0002102113369749,-0.0
2026-01-14 18:28:00+00:00,1.0002102113369749,-0.0
2026-01-14 18:29:00+00:00,1.0002102113369749,-0.0
2026-01-14 18:30:00+00:00,1.0002102113369749,0.0
2026-01-14 18:31:00+00:00,1.0002102113369749,0.0
2026-01-14 18:32:00+00:00,1.0002102113369749,0.0
2026-01-14 18:33:00+00:00,1.0002102113369749,0.0
2026-01-14 18:34:00+00:00,1.0002102113369749,-0.0
2026-01-14 18:35:00+00:00,1.0002102113369749,0.0
2026-01-14 18:36:00+00:00,1.0002102113369749,-0.0
2026-01-14 18:37:00+00:00,1.0002102113369749,0.0
2026-01-14 18:38:00+00:00,1.0002102113369749,-0.0
2026-01-14 18:39:00+00:00,1.0002102113369749,0.0
2026-01-14 18:40:00+00:00,1.0002102113369749,-0.0
2026-01-14 18:41:00+00:00,1.0002102113369749,-0.0
2026-01-14 18:42:00+00:00,1.0002102113369749,-0.0
2026-01-14 18:43:00+00:00,1.0002102113369749,0.0
2026-01-14 18:44:00+00:00,1.0002102113369749,0.0
2026-01-14 18:45:00+00:00,1.0002102113369749,0.0
2026-01-14 18:46:00+00:00,1.0002102113369749,-0.0
2026-01-14 18:47:00+00:00,1.0002102113369749,-0.0
2026-01-14 18:48:00+00:00,1.0002102113369749,0.0
2026-01-14 18:49:00+00:00,1.0002102113369749,-0.0
2026-01-14 18:50:00+00:00,1.0002102113369749,-0.0
2026-01-14 18:51:00+00:00,1.0002102113369749,-0.0
2026-01-14 18:52:00+00:00,1.0002102113369749,-0.0
2026-01-14 18:53:00+00:00,1.0002102113369749,-0.0
2026-01-14 18:54:00+00:00,1.0002102113369749,0.0
2026-01-14 18:55:00+00:00,1.0002102113369749,-0.0
2026-01-14 18:56:00+00:00,1.0002102113369749,0.0
2026-01-14 18:57:00+00:00,1.0002102113369749,-0.0
2026-01-14 18:58:00+00:00,1.0002102113369749,0.0
2026-01-14 18:59:00+00:00,1.0002102113369749,-0.0
2026-01-14 19:00:00+00:00,1.0002102113369749,0.0
2026-01-14 19:01:00+00:00,1.0002102113369749,0.0
2026-01-14 19:02:00+00:00,1.0002102113369749,-0.0
2026-01-14 19:03:00+00:00,1.0002102113369749,-0.0
2026-01-14 19:04:00+00:00,1.0002102113369749,-0.0
2026-01-14 19:05:00+00:00,1.0002102113369749,0.0
2026-01-14 19:06:00+00:00,1.0002102113369749,0.0
2026-01-14 19:07:00+00:00,1.0002102113369749,0.0
2026-01-14 19:08:00+00:00,1.0002102113369749,-0.0
2026-01-14 19:09:00+00:00,1.0002102113369749,-0.0
2026-01-14 19:10:00+00:00,1.0002102113369749,-0.0
2026-01-14 19:11:00+00:00,1.0002102113369749,0.0
2026-01-14 19:12:00+00:00,1.0002102113369749,0.0
2026-01-14 19:13:00+00:00,1.0002102113369749,0.0
2026-01-14 19:14:00+00:00,1.0002102113369749,-0.0
2026-01-14 19:15:00+00:00,1.0002102113369749,-0.0
2026-01-14 19:16:00+00:00,1.0002102113369749,-0.0
2026-01-14 19:17:00+00:00,1.0002102113369749,0.0
2026-01-14 19:18:00+00:00,1.0002102113369749,0.0
2026-01-14 19:19:00+00:00,1.0002102113369749,-0.0
2026-01-14 19:20:00+00:00,1.0002102113369749,-0.0
2026-01-14 19:21:00+00:00,1.0002102113369749,0.0
2026-01-14 19:22:00+00:00,1.0002102113369749,0.0
2026-01-14 19:23:00+00:00,1.0002102113369749,0.0
2026-01-14 19:24:00+00:00,1.0002102113369749,-0.0
2026-01-14 19:25:00+00:00,1.0002102113369749,0.0
2026-01-14 19:26:00+00:00,1.0002102113369749,-0.0
2026-01-14 19:27:00+00:00,1.0002102113369749,0.0
2026-01-14 19:28:00+00:00,1.0002102113369749,-0.0
2026-01-14 19:29:00+00:00,1.0002102113369749,-0.0
2026-01-14 19:30:00+00:00,1.0002102113369749,0.0
2026-01-14 19:31:00+00:00,1.0001922903402019,-1.7917230368024073e-05
2026-01-14 19:32:00+00:00,1.0002297127297946,3.741519501217172e-05
2026-01-14 19:33:00+00:00,1.000213794966887,-1.5914107234448928e-05
2026-01-14 19:34:00+00:00,1.000222190684546,8.393923080562006e-06
2026-01-14 19:35:00+00:00,1.0002031953321102,-1.8991132783161316e-05
2026-01-14 19:36:00+00:00,1.0002592095677074,5.6002856078221146e-05
2026-01-14 19:37:00+00:00,1.0002585746637753,-6.347394014448506e-07
2026-01-14 19:38:00+00:00,1.0002491483962732,-9.423830738310334e-06
2026-01-14 19:39:00+00:00,1.0002273169049525,-2.182605339458064e-05
2026-01-14 19:40:00+00:00,1.0002774349834884,5.0106688438699715e-05
2026-01-14 19:41:00+00:00,1.0002725162088937,-4.91741033298351e-06
2026-01-14 19:42:00+00:00,1.00029808426504,2.556109033487745e-05
2026-01-14 19:43:00+00:00,1.0002927191887543,-5.363477517297217e-06
2026-01-14 19:44:00+00:00,1.0002893087420854,-3.4094486577496137e-06
2026-01-14 19:45:00+00:00,1.0002810140952811,-8.292247784476744e-06
2026-01-14 19:46:00+00:00,1.0002641444707003,-1.686488531024756e-05
2026-01-14 19:47:00+00:00,1.0002780152723054,1.3867138677194864e-05
2026-01-14 19:48:00+00:00,1.0002700318820363,-7.981171381411704e-06
2026-01-14 19:49:00+00:00,1.0002500058261006,-2.0020649722067473e-05
2026-01-14 19:50:00+00:00,1.0002689521909054,1.8941629287062215e-05
2026-01-14 19:51:00+00:00,1.0002440000780024,-2.4945403781935394e-05
2026-01-14 19:52:00+00:00,1.0002894154279174,4.540427126909093e-05
2026-01-14 19:53:00+00:00,1.0002841672516916,-5.246657762068158e-06
2026-01-14 19:54:00+00:00,1.0003149919182455,3.0815909681509376e-05
2026-01-14 19:55:00+00:00,1.0002963680781494,-1.8617975584342144e-05
2026-01-14 19:56:00+00:00,1.0003227568014652,2.6380904857669212e-05
2026-01-14 19:57:00+00:00,1.000311131922584,-1.162112808304595e-05
2026-01-14 19:58:00+00:00,1.000291361046763,-1.976472638361132e-05
2026-01-14 19:59:00+00:00,1.0002973103622546,5.947582597690427e-06
2026-01-14 20:00:00+00:00,1.0003162979623654,1.8981956578563797e-05
2026-01-14 20:01:00+00:00,1.0003095265749273,-6.7692463392407666e-06
2026-01-14 20:02:00+00:00,1.000308252691949,-1.2734887997565166e-06
2026-01-14 20:03:00+00:00,1.0003179037361296,9.648070137119192e-06
2026-01-14 20:04:00+00:00,1.000319243118737,1.3389569480190094e-06
2026-01-14 20:05:00+00:00,1.0003097890353387,-9.451066210390215e-06
2026-01-14 20:06:00+00:00,1.0003363089133972,2.651166503536858e-05
2026-01-14 20:07:00+00:00,1.0003274107470814,-8.89517478933453e-06
2026-01-14 20:08:00+00:00,1.0003279232419051,5.123270822676107e-07
2026-01-14 20:09:00+00:00,1.000321550267804,-6.370884939912493e-06
2026-01-14 20:10:00+00:00,1.000305986433669,-1.555883118859022e-05
2026-01-14 20:11:00+00:00,1.0002947384300926,-1.1244562892716365e-05
2026-01-14 20:12:00+00:00,1.000312320260032,1.7576649425188396e-05
2026-01-14 20:13:00+00:00,1.0002905156410702,-2.179781106372839e-05
2026-01-14 20:14:00+00:00,1.0002843704288675,-6.143427440991232e-06
2026-01-14 20:15:00+00:00,1.0003007367745593,1.636169291018001e-05
2026-01-14 20:16:00+00:00,1.0002977179598462,-3.0179071174502525e-06
2026-01-14 20:17:00+00:00,1.000324719288101,2.6993291867012283e-05
2026-01-14 20:18:00+00:00,1.0003182076689765,-6.509505362480542e-06
2026-01-14 20:19:00+00:00,1.000302147031641,-1.605552834317396e-05
2026-01-14 20:20:00+00:00,1.000319660274485,1.7507952867912615e-05
2026-01-14 20:21:00+00:00,1.0003099329018579,-9.724264166099804e-06
2026-01-14 20:22:00+00:00,1.000334785775248,2.4845173053638568e-05
2026-01-14 20:23:00+00:00,1.0003397020706266,4.914650023590229e-06
2026-01-14 20:24:00+00:00,1.0003142843796637,-2.5409059452717645e-05
2026-01-14 20:25:00+00:00,1.0003599541100454,4.5655381608459495e-05
2026-01-14 20:26:00+00:00,1.0003512788547344,-8.672133740786374e-06
2026-01-14 20:27:00+00:00,1.0003303991453085,-2.087237740110208e-05
2026-01-14 20:28:00+00:00,1.0003263387465011,-4.0590576982865134e-06
2026-01-14 20:29:00+00:00,1.0003313023458245,4.961980037062282e-06
2026-01-14 20:30:00+00:00,1.0003106628697331,-2.0632640449071084e-05
2026-01-14 20:31:00+00:00,1.0003116006163586,9.374553929252917e-07
2026-01-14 20:32:00+00:00,1.0003170836769875,5.481352635941159e-06
2026-01-14 20:33:00+00:00,1.0003482205115073,3.112696466741529e-05
2026-01-14 20:34:00+00:00,1.0003354206007602,-1.2795455107151589e-05
2026-01-14 20:35:00+00:00,1.0003144324920508,-2.09810712258743e-05
2026-01-14 20:36:00+00:00,1.0003165051921414,2.0720485712488082e-06
2026-01-14 20:37:00+00:00,1.0003212591696622,4.752473338096133e-06
2026-01-14 20:38:00+00:00,1.000366951722621,4.567787852162794e-05
2026-01-14 20:39:00+00:00,1.0003603404521473,-6.6088453465334886e-06
2026-01-14 20:40:00+00:00,1.0003501680697353,-1.0168718211445764e-05
2026-01-14 20:41:00+00:00,1.000358061088059,7.890255408254375e-06
2026-01-14 20:42:00+00:00,1.000344551298624,-1.3504953836432005e-05
2026-01-14 20:43:00+00:00,1.0003482940660289,3.741478273641738e-06
2026-01-14 20:44:00+00:00,1.0003447450063536,-3.547823989192268e-06
2026-01-14 20:45:00+00:00,1.000342999876908,-1.7445280282833656e-06
2026-01-14 20:46:00+00:00,1.0003382202760138,-4.777962053847461e-06
2026-01-14 20:47:00+00:00,1.0003514069985349,1.3182264012210321e-05
2026-01-14 20:48:00+00:00,1.0003319422042527,-1.945795661992263e-05
2026-01-14 20:49:00+00:00,1.0003309934343438,-9.484550766442161e-07
2026-01-14 20:50:00+00:00,1.0003138847222661,-1.7103051080115356e-05
2026-01-14 20:51:00+00:00,1.0003305574911343,1.666753718277208e-05
2026-01-14 20:52:00+00:00,1.000351655357263,2.1090894375378668e-05
2026-01-14 20:53:00+00:00,1.0003420069570463,-9.645008497584662e-06
2026-01-14 20:54:00+00:00,1.0003409568003268,-1.0497976815955136e-06
2026-01-14 20:55:00+00:00,1.0003283371686473,-1.2615330396694626e-05
2026-01-14 20:56:00+00:00,1.0003288013801355,4.640591201566671e-07
2026-01-14 20:57:00+00:00,1.0003320657555057,3.263302391915203e-06
2026-01-14 20:58:00+00:00,1.0003262284996033,-5.835318193079712e-06
2026-01-14 20:59:00+00:00,1.0003228510567759,-3.3763413685747075e-06
2026-01-14 21:00:00+00:00,1.0002905982983652,-3.22423489343147e-05
2026-01-14 21:01:00+00:00,1.000285883301407,-4.7136271861170085e-06
2026-01-14 21:02:00+00:00,1.0003059636357374,2.0074595339000477e-05
2026-01-14 21:03:00+00:00,1.000313157032594,7.191196611953467e-06
2026-01-14 21:04:00+00:00,1.0003080818850736,-5.07355869998941e-06
2026-01-14 21:05:00+00:00,1.0003149582254227,6.874222525555142e-06
2026-01-14 21:06:00+00:00,1.0003058892526635,-9.066117310927056e-06
2026-01-14 21:07:00+00:00,1.0003298446736775,2.3948095548903847e-05
2026-01-14 21:08:00+00:00,1.0003048243044423,-2.5012119120722564e-05
2026-01-14 21:09:00+00:00,1.000316868426663,1.2040451998338607e-05
2026-01-14 21:10:00+00:00,1.0003289937946203,1.2121527028076602e-05
2026-01-14 21:11:00+00:00,1.0003305357732275,1.5414714727020707e-06
2026-01-14 21:12:00+00:00,1.0003295909382743,-9.445227547158845e-07
2026-01-14 21:13:00+00:00,1.0003295909382743,-0.0
2026-01-14 21:14:00+00:00,1.0003295909382743,0.0
2026-01-14 21:15:00+00:00,1.0003295909382743,-0.0
2026-01-14 21:16:00+00:00,1.0003295909382743,0.0
2026-01-14 21:17:00+00:00,1.0003295909382743,-0.0
2026-01-14 21:18:00+00:00,1.0003295909382743,-0.0
2026-01-14 21:19:00+00:00,1.0003295909382743,-0.0
2026-01-14 21:20:00+00:00,1.0003295909382743,0.0
2026-01-14 21:21:00+00:00,1.0003295909382743,-0.0
2026-01-14 21:22:00+00:00,1.0003295909382743,-0.0
2026-01-14 21:23:00+00:00,1.0003295909382743,0.0
2026-01-14 21:24:00+00:00,1.0003295909382743,-0.0
2026-01-14 21:25:00+00:00,1.0003295909382743,0.0
2026-01-14 21:26:00+00:00,1.0003295909382743,0.0
2026-01-14 21:27:00+00:00,1.0003295909382743,-0.0
2026-01-14 21:28:00+00:00,1.0003295909382743,0.0
2026-01-14 21:29:00+00:00,1.0003295909382743,0.0
2026-01-14 21:30:00+00:00,1.0003295909382743,-0.0
2026-01-14 21:31:00+00:00,1.0003295909382743,0.0
2026-01-14 21:32:00+00:00,1.0003295909382743,0.0
2026-01-14 21:33:00+00:00,1.0003295909382743,-0.0
2026-01-14 21:34:00+00:00,1.0003295909382743,0.0
2026-01-14 21:35:00+00:00,1.0003295909382743,-0.0
2026-01-14 21:36:00+00:00,1.0003295909382743,-0.0
2026-01-14 21:37:00+00:00,1.0003295909382743,0.0
2026-01-14 21:38:00+00:00,1.0003295909382743,-0.0
2026-01-14 21:39:00+00:00,1.0003295909382743,0.0
2026-01-14 21:40:00+00:00,1.0003295909382743,-0.0
2026-01-14 21:41:00+00:00,1.0003295909382743,0.0
2026-01-14 21:42:00+00:00,1.0003295909382743,-0.0
2026-01-14 21:43:00+00:00,1.0003295909382743,0.0
2026-01-14 21:44:00+00:00,1.0003295909382743,-0.0
2026-01-14 21:45:00+00:00,1.0003295909382743,0.0
2026-01-14 21:46:00+00:00,1.0003295909382743,-0.0
2026-01-14 21:47:00+00:00,1.0003295909382743,-0.0
2026-01-14 21:48:00+00:00,1.0003295909382743,0.0
2026-01-14 21:49:00+00:00,1.0003295909382743,-0.0
2026-01-14 21:50:00+00:00,1.0003295909382743,-0.0
2026-01-14 21:51:00+00:00,1.0003295909382743,0.0
2026-01-14 21:52:00+00:00,1.0003295909382743,-0.0
2026-01-14 21:53:00+00:00,1.0003295909382743,-0.0
2026-01-14 21:54:00+00:00,1.0003295909382743,0.0
2026-01-14 21:55:00+00:00,1.0003295909382743,0.0
2026-01-14 21:56:00+00:00,1.0003295909382743,-0.0
2026-01-14 21:57:00+00:00,1.0003295909382743,0.0
2026-01-14 21:58:00+00:00,1.0003295909382743,-0.0
2026-01-14 21:59:00+00:00,1.0003295909382743,0.0
2026-01-14 22:00:00+00:00,1.0003295909382743,-0.0
2026-01-14 22:01:00+00:00,1.0003295909382743,-0.0
2026-01-14 22:02:00+00:00,1.0003295909382743,0.0
2026-01-14 22:03:00+00:00,1.0003295909382743,-0.0
2026-01-14 22:04:00+00:00,1.0003295909382743,0.0
2026-01-14 22:05:00+00:00,1.0003295909382743,-0.0
2026-01-14 22:06:00+00:00,1.0003295909382743,-0.0
2026-01-14 22:07:00+00:00,1.0003295909382743,0.0
2026-01-14 22:08:00+00:00,1.0003295909382743,-0.0
2026-01-14 22:09:00+00:00,1.0003295909382743,-0.0
2026-01-14 22:10:00+00:00,1.0003295909382743,0.0
2026-01-14 22:11:00+00:00,1.0003295909382743,-0.0
2026-01-14 22:12:00+00:00,1.0003295909382743,0.0
2026-01-14 22:13:00+00:00,1.0003295909382743,-0.0
2026-01-14 22:14:00+00:00,1.0003295909382743,0.0
2026-01-14 22:15:00+00:00,1.0003295909382743,0.0
2026-01-14 22:16:00+00:00,1.0003295909382743,-0.0
2026-01-14 22:17:00+00:00,1.0003295909382743,0.0
2026-01-14 22:18:00+00:00,1.0003295909382743,0.0
2026-01-14 22:19:00+00:00,1.0003295909382743,0.0
2026-01-14 22:20:00+00:00,1.0003295909382743,-0.0
2026-01-14 22:21:00+00:00,1.0003295909382743,0.0
2026-01-14 22:22:00+00:00,1.0003295909382743,-0.0
2026-01-14 22:23:00+00:00,1.0003295909382743,-0.0
2026-01-14 22:24:00+00:00,1.0003295909382743,-0.0
2026-01-14 22:25:00+00:00,1.0003295909382743,0.0
2026-01-14 22:26:00+00:00,1.0003295909382743,0.0
2026-01-14 22:27:00+00:00,1.0003295909382743,0.0
2026-01-14 22:28:00+00:00,1.0003295909382743,-0.0
2026-01-14 22:29:00+00:00,1.0003295909382743,-0.0
2026-01-14 22:30:00+00:00,1.0003295909382743,0.0
2026-01-14 22:31:00+00:00,1.0003295909382743,0.0
2026-01-14 22:32:00+00:00,1.0003295909382743,-0.0
2026-01-14 22:33:00+00:00,1.0003295909382743,-0.0
2026-01-14 22:34:00+00:00,1.0003295909382743,0.0
2026-01-14 22:35:00+00:00,1.0003295909382743,-0.0
2026-01-14 22:36:00+00:00,1.0003295909382743,-0.0
2026-01-14 22:37:00+00:00,1.0003295909382743,0.0
2026-01-14 22:38:00+00:00,1.0003295909382743,-0.0
2026-01-14 22:39:00+00:00,1.0003295909382743,0.0
2026-01-14 22:40:00+00:00,1.0003295909382743,-0.0
2026-01-14 22:41:00+00:00,1.0003295909382743,0.0
2026-01-14 22:42:00+00:00,1.0003295909382743,0.0
2026-01-14 22:43:00+00:00,1.0003295909382743,0.0
2026-01-14 22:44:00+00:00,1.0003295909382743,-0.0
2026-01-14 22:45:00+00:00,1.0003295909382743,-0.0
2026-01-14 22:46:00+00:00,1.0003295909382743,0.0
2026-01-14 22:47:00+00:00,1.0003295909382743,0.0
2026-01-14 22:48:00+00:00,1.0003295909382743,-0.0
2026-01-14 22:49:00+00:00,1.0003295909382743,0.0
2026-01-14 22:50:00+00:00,1.0003295909382743,-0.0
2026-01-14 22:51:00+00:00,1.0003295909382743,-0.0
2026-01-14 22:52:00+00:00,1.0003295909382743,-0.0
2026-01-14 22:53:00+00:00,1.0003295909382743,-0.0
2026-01-14 22:54:00+00:00,1.0003295909382743,0.0
2026-01-14 22:55:00+00:00,1.0003295909382743,-0.0
2026-01-14 22:56:00+00:00,1.0003095969911315,-1.9987359490232603e-05
2026-01-14 22:57:00+00:00,1.0003271343216933,1.7531902737325538e-05
2026-01-14 22:58:00+00:00,1.000345961917464,1.8821438632175098e-05
2026-01-14 22:59:00+00:00,1.0003312774831103,-1.4679355855444387e-05
2026-01-14 23:00:00+00:00,1.0003546905305847,2.3405293827523588e-05
2026-01-14 23:01:00+00:00,1.0003600668772976,5.3744404498493735e-06
2026-01-14 23:02:00+00:00,1.0003535661478673,-6.4983895754668756e-06
2026-01-14 23:03:00+00:00,1.000359166774321,5.5986469616706575e-06
2026-01-14 23:04:00+00:00,1.000371873490932,1.2702154419269699e-05
2026-01-14 23:05:00+00:00,1.0003678443823243,-4.027610845877732e-06
2026-01-14 23:06:00+00:00,1.0003689776492197,1.132850182802939e-06
2026-01-14 23:07:00+00:00,1.0003657378499171,-3.2386043300634047e-06
2026-01-14 23:08:00+00:00,1.0003641570943231,-1.5801776633001731e-06
2026-01-14 23:09:00+00:00,1.0003605023640905,-3.6533998210810353e-06
2026-01-14 23:10:00+00:00,1.0003584240513934,-2.0775637304371166e-06
2026-01-14 23:11:00+00:00,1.0003726247697322,1.4195630283469097e-05
2026-01-14 23:12:00+00:00,1.0003879137824945,1.5283317819520405e-05
2026-01-14 23:13:00+00:00,1.0003784411092833,-9.46900005544979e-06
2026-01-14 23:14:00+00:00,1.0003769261860693,-1.5143501217179962e-06
2026-01-14 23:15:00+00:00,1.0003638413598974,-1.3079896016610061e-05
2026-01-14 23:16:00+00:00,1.000372001699671,8.157371784462805e-06
2026-01-14 23:17:00+00:00,1.0003765692996611,4.565901466982677e-06
2026-01-14 23:18:00+00:00,1.000361665538801,-1.4898150673903528e-05
2026-01-14 23:19:00+00:00,1.000352555144686,-9.107100390664168e-06
2026-01-14 23:20:00+00:00,1.0003624024422273,9.843827049450757e-06
2026-01-14 23:21:00+00:00,1.000367670408554,5.266057894496704e-06
2026-01-14 23:22:00+00:00,1.0003657622300939,-1.907477137269509e-06
2026-01-14 23:23:00+00:00,1.0003775179040906,1.175137578723909e-05
2026-01-14 23:24:00+00:00,1.000361207113621,-1.6304635177987947e-05
2026-01-14 23:25:00+00:00,1.000346597564104,-1.4604274349146014e-05
2026-01-14 23:26:00+00:00,1.0003520553559258,5.4559008198383e-06
2026-01-14 23:27:00+00:00,1.0003330019305041,-1.904671992177588e-05
2026-01-14 23:28:00+00:00,1.0003355404318859,2.537656337308731e-06
2026-01-14 23:29:00+00:00,1.0003266160838014,-8.92135460923064e-06
2026-01-14 23:30:00+00:00,1.0003322313024268,5.613385203555233e-06
2026-01-14 23:31:00+00:00,1.0003218656743205,-1.0362185464020665e-05
2026-01-14 23:32:00+00:00,1.0003274754479123,5.60796857939759e-06
2026-01-14 23:33:00+00:00,1.000321041702929,-6.431638779696006e-06
2026-01-14 23:34:00+00:00,1.0003436073284275,2.2558383316881796e-05
2026-01-14 23:35:00+00:00,1.0003439498463669,3.424002881522961e-07
2026-01-14 23:36:00+00:00,1.0003701137101673,2.6154867837443673e-05
2026-01-14 23:37:00+00:00,1.0003678977557946,-2.215134521022171e-06
2026-01-14 23:38:00+00:00,1.0003658166621496,-2.080328296842098e-06
2026-01-14 23:39:00+00:00,1.0003788360366892,1.301461357711432e-05
2026-01-14 23:40:00+00:00,1.0003705248392665,-8.308050034014477e-06
2026-01-14 23:41:00+00:00,1.000366484750785,-4.0385920829211446e-06
2026-01-14 23:42:00+00:00,1.0003760000225692,9.511785859835598e-06
2026-01-14 23:43:00+00:00,1.0003639703049159,-1.2025196179321466e-05
2026-01-14 23:44:00+00:00,1.000380164338854,1.618814193509783e-05
2026-01-14 23:45:00+00:00,1.0003539321190331,-2.6222251056127412e-05
2026-01-14 23:46:00+00:00,1.0003555635210684,1.630824833744079e-06
2026-01-14 23:47:00+00:00,1.0003526510025214,-2.911483329770272e-06
2026-01-14 23:48:00+00:00,1.0003647869964079,1.2131715624645623e-05
2026-01-14 23:49:00+00:00,1.0003598931455706,-4.8920662750777135e-06
2026-01-14 23:50:00+00:00,1.0003579669366405,-1.9255159501567236e-06
2026-01-14 23:51:00+00:00,1.000364675142774,6.7058056767484155e-06
2026-01-14 23:52:00+00:00,1.0003382682495057,-2.6397266841190157e-05
2026-01-14 23:53:00+00:00,1.0003283119323956,-9.95295034298733e-06
2026-01-14 23:54:00+00:00,1.0003353516515066,7.03740864580838e-06
2026-01-14 23:55:00+00:00,1.0003347665311386,-5.849242126529983e-07
2026-01-14 23:56:00+00:00,1.0003272979976972,-7.466034063077288e-06
2026-01-14 23:57:00+00:00,1.000317354951129,-9.93979329350198e-06
2026-01-14 23:58:00+00:00,1.0003129469439986,-4.406608671310866e-06
2026-01-14 23:59:00+00:00,1.000341666906894,2.8710977882724924e-05
2026-01-15 00:00:00+00:00,1.0003230943121577,-1.85662512626416e-05
2026-01-15 00:01:00+00:00,1.0003386437406592,1.5544406192300368e-05
2026-01-15 00:02:00+00:00,1.000320849379406,-1.7788337343999336e-05
2026-01-15 00:03:00+00:00,1.0003312588852404,1.0406167022135395e-05
2026-01-15 00:04:00+00:00,1.0003664989558825,3.522840092139924e-05
2026-01-15 00:05:00+00:00,1.0003489640957939,-1.7528435935059666e-05
2026-01-15 00:06:00+00:00,1.00037077706616,2.1805361078197675e-05
2026-01-15 00:07:00+00:00,1.0003643476212143,-6.427061938668358e-06
2026-01-15 00:08:00+00:00,1.0003513407017877,-1.300218211258567e-05
2026-01-15 00:09:00+00:00,1.0003622116652688,1.0867145410720246e-05
2026-01-15 00:10:00+00:00,1.0003659050884497,3.6920858642999565e-06
2026-01-15 00:11:00+00:00,1.0003765709063217,1.0661916622388879e-05
2026-01-15 00:12:00+00:00,1.0003867235488157,1.014882074325574e-05
2026-01-15 00:13:00+00:00,1.000386975392597,2.5174642491651597e-07
2026-01-15 00:14:00+00:00,1.0003854895138735,-1.4853039473492266e-06
2026-01-15 00:15:00+00:00,1.0003854895138735,0.0
2026-01-15 00:16:00+00:00,1.0003854895138735,0.0
2026-01-15 00:17:00+00:00,1.0003854895138735,-0.0
2026-01-15 00:18:00+00:00,1.0003854895138735,-0.0
2026-01-15 00:19:00+00:00,1.0003854895138735,-0.0
2026-01-15 00:20:00+00:00,1.0003854895138735,0.0
2026-01-15 00:21:00+00:00,1.0003854895138735,-0.0
2026-01-15 00:22:00+00:00,1.0003854895138735,0.0
2026-01-15 00:23:00+00:00,1.0003854895138735,-0.0
2026-01-15 00:24:00+00:00,1.0003854895138735,0.0
2026-01-15 00:25:00+00:00,1.0003854895138735,-0.0
2026-01-15 00:26:00+00:00,1.0003854895138735,0.0
2026-01-15 00:27:00+00:00,1.0003854895138735,-0.0
2026-01-15 00:28:00+00:00,1.0003854895138735,-0.0
2026-01-15 00:29:00+00:00,1.0003854895138735,0.0
2026-01-15 00:30:00+00:00,1.0003854895138735,-0.0
2026-01-15 00:31:00+00:00,1.0003854895138735,0.0
2026-01-15 00:32:00+00:00,1.0003854895138735,0.0
2026-01-15 00:33:00+00:00,1.0003854895138735,0.0
2026-01-15 00:34:00+00:00,1.0003854895138735,-0.0
2026-01-15 00:35:00+00:00,1.0003854895138735,-0.0
2026-01-15 00:36:00+00:00,1.0003854895138735,0.0
2026-01-15 00:37:00+00:00,1.0003854895138735,0.0
2026-01-15 00:38:00+00:00,1.0003854895138735,-0.0
2026-01-15 00:39:00+00:00,1.0003854895138735,0.0
2026-01-15 00:40:00+00:00,1.0003854895138735,-0.0
2026-01-15 00:41:00+00:00,1.0003854895138735,0.0
2026-01-15 00:42:00+00:00,1.0003854895138735,-0.0
2026-01-15 00:43:00+00:00,1.0003854895138735,-0.0
2026-01-15 00:44:00+00:00,1.0003854895138735,-0.0
2026-01-15 00:45:00+00:00,1.0003854895138735,0.0
2026-01-15 00:46:00+00:00,1.0003854895138735,0.0
2026-01-15 00:47:00+00:00,1.0003854895138735,-0.0
2026-01-15 00:48:00+00:00,1.0003854895138735,0.0
2026-01-15 00:49:00+00:00,1.0003854895138735,0.0
2026-01-15 00:50:00+00:00,1.0003854895138735,0.0
2026-01-15 00:51:00+00:00,1.0003854895138735,-0.0
2026-01-15 00:52:00+00:00,1.0003854895138735,-0.0
2026-01-15 00:53:00+00:00,1.0003854895138735,0.0
2026-01-15 00:54:00+00:00,1.0003854895138735,-0.0
2026-01-15 00:55:00+00:00,1.0003854895138735,0.0
2026-01-15 00:56:00+00:00,1.0003854895138735,-0.0
2026-01-15 00:57:00+00:00,1.0003854895138735,0.0
2026-01-15 00:58:00+00:00,1.0003854895138735,-0.0
2026-01-15 00:59:00+00:00,1.0003854895138735,0.0
2026-01-15 01:00:00+00:00,1.0003854895138735,-0.0
2026-01-15 01:01:00+00:00,1.0003854895138735,0.0
2026-01-15 01:02:00+00:00,1.0003854895138735,0.0
2026-01-15 01:03:00+00:00,1.0003854895138735,-0.0
2026-01-15 01:04:00+00:00,1.0003854895138735,0.0
2026-01-15 01:05:00+00:00,1.0003854895138735,-0.0
2026-01-15 01:06:00+00:00,1.0003854895138735,-0.0
2026-01-15 01:07:00+00:00,1.0003854895138735,-0.0
2026-01-15 01:08:00+00:00,1.0003854895138735,0.0
2026-01-15 01:09:00+00:00,1.0003854895138735,-0.0
2026-01-15 01:10:00+00:00,1.0003854895138735,0.0
2026-01-15 01:11:00+00:00,1.0003854895138735,-0.0
2026-01-15 01:12:00+00:00,1.0003854895138735,0.0
2026-01-15 01:13:00+00:00,1.0003854895138735,0.0
2026-01-15 01:14:00+00:00,1.0003854895138735,-0.0
2026-01-15 01:15:00+00:00,1.0003854895138735,0.0
2026-01-15 01:16:00+00:00,1.0003854895138735,0.0
2026-01-15 01:17:00+00:00,1.0003854895138735,-0.0
2026-01-15 01:18:00+00:00,1.0003854895138735,-0.0
2026-01-15 01:19:00+00:00,1.0003854895138735,0.0
2026-01-15 01:20:00+00:00,1.0003854895138735,0.0
2026-01-15 01:21:00+00:00,1.0003854895138735,-0.0
2026-01-15 01:22:00+00:00,1.0003854895138735,-0.0
2026-01-15 01:23:00+00:00,1.0003854895138735,-0.0
2026-01-15 01:24:00+00:00,1.0003854895138735,0.0
2026-01-15 01:25:00+00:00,1.0003854895138735,0.0
2026-01-15 01:26:00+00:00,1.0003854895138735,-0.0
2026-01-15 01:27:00+00:00,1.0003854895138735,0.0
2026-01-15 01:28:00+00:00,1.0003854895138735,-0.0
2026-01-15 01:29:00+00:00,1.0003854895138735,-0.0
2026-01-15 01:30:00+00:00,1.0003854895138735,0.0
2026-01-15 01:31:00+00:00,1.0003854895138735,0.0
2026-01-15 01:32:00+00:00,1.0003854895138735,0.0
2026-01-15 01:33:00+00:00,1.0003854895138735,0.0
2026-01-15 01:34:00+00:00,1.0003854895138735,-0.0
2026-01-15 01:35:00+00:00,1.0003854895138735,-0.0
2026-01-15 01:36:00+00:00,1.0003854895138735,0.0
2026-01-15 01:37:00+00:00,1.0003854895138735,-0.0
2026-01-15 01:38:00+00:00,1.0003854895138735,0.0
2026-01-15 01:39:00+00:00,1.0003854895138735,-0.0
2026-01-15 01:40:00+00:00,1.0003854895138735,-0.0
2026-01-15 01:41:00+00:00,1.0003854895138735,0.0
2026-01-15 01:42:00+00:00,1.0003854895138735,-0.0
2026-01-15 01:43:00+00:00,1.0003854895138735,0.0
2026-01-15 01:44:00+00:00,1.0003854895138735,-0.0
2026-01-15 01:45:00+00:00,1.0003854895138735,-0.0
2026-01-15 01:46:00+00:00,1.0003854895138735,0.0
2026-01-15 01:47:00+00:00,1.0003854895138735,0.0
2026-01-15 01:48:00+00:00,1.0003854895138735,-0.0
2026-01-15 01:49:00+00:00,1.0003854895138735,0.0
2026-01-15 01:50:00+00:00,1.0003854895138735,0.0
2026-01-15 01:51:00+00:00,1.0003854895138735,0.0
2026-01-15 01:52:00+00:00,1.0003854895138735,-0.0
2026-01-15 01:53:00+00:00,1.0003854895138735,-0.0
2026-01-15 01:54:00+00:00,1.0003854895138735,-0.0
2026-01-15 01:55:00+00:00,1.0003854895138735,0.0
2026-01-15 01:56:00+00:00,1.0003854895138735,-0.0
2026-01-15 01:57:00+00:00,1.0003854895138735,0.0
2026-01-15 01:58:00+00:00,1.0003854895138735,0.0
2026-01-15 01:59:00+00:00,1.0003854895138735,0.0
2026-01-15 02:00:00+00:00,1.0003854895138735,-0.0
2026-01-15 02:01:00+00:00,1.0003854895138735,0.0
2026-01-15 02:02:00+00:00,1.0003854895138735,-0.0
2026-01-15 02:03:00+00:00,1.0003854895138735,0.0
2026-01-15 02:04:00+00:00,1.0003854895138735,0.0
2026-01-15 02:05:00+00:00,1.0003854895138735,-0.0
2026-01-15 02:06:00+00:00,1.0003854895138735,0.0
2026-01-15 02:07:00+00:00,1.0003854895138735,0.0
2026-01-15 02:08:00+00:00,1.0003854895138735,-0.0
2026-01-15 02:09:00+00:00,1.0003854895138735,-0.0
2026-01-15 02:10:00+00:00,1.0003854895138735,0.0
2026-01-15 02:11:00+00:00,1.0003854895138735,0.0
2026-01-15 02:12:00+00:00,1.0003854895138735,0.0
2026-01-15 02:13:00+00:00,1.0003854895138735,-0.0
2026-01-15 02:14:00+00:00,1.0003854895138735,0.0
2026-01-15 02:15:00+00:00,1.0003854895138735,0.0
2026-01-15 02:16:00+00:00,1.0003854895138735,-0.0
2026-01-15 02:17:00+00:00,1.0003854895138735,0.0
2026-01-15 02:18:00+00:00,1.0003854895138735,0.0
2026-01-15 02:19:00+00:00,1.0003854895138735,-0.0
2026-01-15 02:20:00+00:00,1.0003854895138735,0.0
2026-01-15 02:21:00+00:00,1.0003854895138735,-0.0
2026-01-15 02:22:00+00:00,1.0003854895138735,0.0
2026-01-15 02:23:00+00:00,1.0003854895138735,0.0
2026-01-15 02:24:00+00:00,1.0003854895138735,0.0
2026-01-15 02:25:00+00:00,1.0003854895138735,-0.0
2026-01-15 02:26:00+00:00,1.0003854895138735,0.0
2026-01-15 02:27:00+00:00,1.0003854895138735,0.0
2026-01-15 02:28:00+00:00,1.0003854895138735,-0.0
2026-01-15 02:29:00+00:00,1.0003854895138735,0.0
2026-01-15 02:30:00+00:00,1.0003854895138735,0.0
2026-01-15 02:31:00+00:00,1.0003854895138735,-0.0
2026-01-15 02:32:00+00:00,1.0003854895138735,-0.0
2026-01-15 02:33:00+00:00,1.0003854895138735,-0.0
2026-01-15 02:34:00+00:00,1.0003854895138735,0.0
2026-01-15 02:35:00+00:00,1.0003854895138735,0.0
2026-01-15 02:36:00+00:00,1.0003854895138735,-0.0
2026-01-15 02:37:00+00:00,1.0003854895138735,-0.0
2026-01-15 02:38:00+00:00,1.0003854895138735,0.0
2026-01-15 02:39:00+00:00,1.0003854895138735,-0.0
2026-01-15 02:40:00+00:00,1.0003854895138735,-0.0
2026-01-15 02:41:00+00:00,1.0003854895138735,-0.0
2026-01-15 02:42:00+00:00,1.0003854895138735,0.0
2026-01-15 02:43:00+00:00,1.0003854895138735,0.0
2026-01-15 02:44:00+00:00,1.0003854895138735,-0.0
2026-01-15 02:45:00+00:00,1.0003854895138735,0.0
2026-01-15 02:46:00+00:00,1.0003854895138735,0.0
2026-01-15 02:47:00+00:00,1.0003854895138735,-0.0
2026-01-15 02:48:00+00:00,1.0003854895138735,0.0
2026-01-15 02:49:00+00:00,1.0003854895138735,-0.0
2026-01-15 02:50:00+00:00,1.0003854895138735,-0.0
2026-01-15 02:51:00+00:00,1.0003854895138735,0.0
2026-01-15 02:52:00+00:00,1.0003854895138735,-0.0
2026-01-15 02:53:00+00:00,1.0003854895138735,0.0
2026-01-15 02:54:00+00:00,1.0003854895138735,0.0
2026-01-15 02:55:00+00:00,1.0003854895138735,0.0
2026-01-15 02:56:00+00:00,1.0003854895138735,-0.0
2026-01-15 02:57:00+00:00,1.0003854895138735,0.0
2026-01-15 02:58:00+00:00,1.0003854895138735,0.0
2026-01-15 02:59:00+00:00,1.0003854895138735,0.0
2026-01-15 03:00:00+00:00,1.0003854895138735,-0.0
2026-01-15 03:01:00+00:00,1.0003854895138735,0.0
2026-01-15 03:02:00+00:00,1.0003854895138735,-0.0
2026-01-15 03:03:00+00:00,1.0003854895138735,0.0
2026-01-15 03:04:00+00:00,1.0003854895138735,0.0
2026-01-15 03:05:00+00:00,1.0003854895138735,0.0
2026-01-15 03:06:00+00:00,1.0003854895138735,-0.0
2026-01-15 03:07:00+00:00,1.0003854895138735,-0.0
2026-01-15 03:08:00+00:00,1.0003854895138735,-0.0
2026-01-15 03:09:00+00:00,1.0003854895138735,0.0
2026-01-15 03:10:00+00:00,1.0003854895138735,-0.0
2026-01-15 03:11:00+00:00,1.0003854895138735,0.0
2026-01-15 03:12:00+00:00,1.0003854895138735,-0.0
2026-01-15 03:13:00+00:00,1.0003854895138735,-0.0
2026-01-15 03:14:00+00:00,1.0003854895138735,0.0
2026-01-15 03:15:00+00:00,1.0003854895138735,0.0
2026-01-15 03:16:00+00:00,1.0003854895138735,-0.0
2026-01-15 03:17:00+00:00,1.0003854895138735,0.0
2026-01-15 03:18:00+00:00,1.0003854895138735,0.0
2026-01-15 03:19:00+00:00,1.0003854895138735,0.0
2026-01-15 03:20:00+00:00,1.0003854895138735,0.0
2026-01-15 03:21:00+00:00,1.0003854895138735,-0.0
2026-01-15 03:22:00+00:00,1.0003854895138735,0.0
2026-01-15 03:23:00+00:00,1.0003854895138735,0.0
2026-01-15 03:24:00+00:00,1.0003854895138735,-0.0
2026-01-15 03:25:00+00:00,1.0003854895138735,-0.0
2026-01-15 03:26:00+00:00,1.0003854895138735,0.0
2026-01-15 03:27:00+00:00,1.0003854895138735,0.0
2026-01-15 03:28:00+00:00,1.0003854895138735,0.0
2026-01-15 03:29:00+00:00,1.0003854895138735,-0.0
2026-01-15 03:30:00+00:00,1.0003854895138735,0.0
2026-01-15 03:31:00+00:00,1.0003854895138735,-0.0
2026-01-15 03:32:00+00:00,1.0003854895138735,0.0
2026-01-15 03:33:00+00:00,1.0003854895138735,-0.0
2026-01-15 03:34:00+00:00,1.0003854895138735,0.0
2026-01-15 03:35:00+00:00,1.0003854895138735,-0.0
2026-01-15 03:36:00+00:00,1.0003854895138735,-0.0
2026-01-15 03:37:00+00:00,1.0003854895138735,0.0
2026-01-15 03:38:00+00:00,1.0003854895138735,-0.0
2026-01-15 03:39:00+00:00,1.0003854895138735,0.0
2026-01-15 03:40:00+00:00,1.0003854895138735,0.0
2026-01-15 03:41:00+00:00,1.000364891851517,-2.0589725233608247e-05
2026-01-15 03:42:00+00:00,1.0003599276857926,-4.962355001463894e-06
2026-01-15 03:43:00+00:00,1.0004011177339565,4.1175228059313314e-05
2026-01-15 03:44:00+00:00,1.0004166108791022,1.5486933062260207e-05
2026-01-15 03:45:00+00:00,1.0004160770681982,-5.335886050587345e-07
2026-01-15 03:46:00+00:00,1.0004122216535263,-3.853811189337367e-06
2026-01-15 03:47:00+00:00,1.0003876884904321,-2.452305416019341e-05
2026-01-15 03:48:00+00:00,1.0004128120821851,2.5113855400405075e-05
2026-01-15 03:49:00+00:00,1.0004215161124026,8.700438571432476e-06
2026-01-15 03:50:00+00:00,1.0004198814715868,-1.6339520787425937e-06
2026-01-15 03:51:00+00:00,1.0004192868339636,-5.943880505867634e-07
2026-01-15 03:52:00+00:00,1.0004194274456446,1.4055274895863185e-07
2026-01-15 03:53:00+00:00,1.0004311576977196,1.1725334148049815e-05
2026-01-15 03:54:00+00:00,1.000446642269551,1.5477898416334648e-05
2026-01-15 03:55:00+00:00,1.0004333944725459,-1.3241882620585135e-05
2026-01-15 03:56:00+00:00,1.0004202014338648,-1.3187323367961391e-05
2026-01-15 03:57:00+00:00,1.0004322626878392,1.2056187947049523e-05
2026-01-15 03:58:00+00:00,1.000420756358862,-1.1501357369634948e-05
2026-01-15 03:59:00+00:00,1.0004119029324494,-8.849702843986932e-06
2026-01-15 04:00:00+00:00,1.0004086712588376,-3.2303430239331873e-06
2026-01-15 04:01:00+00:00,1.0004045608853769,-4.108694355455193e-06
2026-01-15 04:02:00+00:00,1.0004122042521486,7.640275814914492e-06
2026-01-15 04:03:00+00:00,1.0004322228346698,2.001033417627431e-05
2026-01-15 04:04:00+00:00,1.0004244994272542,-7.720070624844847e-06
2026-01-15 04:05:00+00:00,1.0004314147062954,6.912344754736965e-06
2026-01-15 04:06:00+00:00,1.0004481538095067,1.6731884829990988e-05
2026-01-15 04:07:00+00:00,1.0004272027511323,-2.0941673283763175e-05
2026-01-15 04:08:00+00:00,1.0004379614252403,1.0754079935442445e-05
2026-01-15 04:09:00+00:00,1.0004296730982523,-8.284698609735425e-06
2026-01-15 04:10:00+00:00,1.000443404596472,1.3725600698465572e-05
2026-01-15 04:11:00+00:00,1.000438840541914,-4.562031732146071e-06
2026-01-15 04:12:00+00:00,1.000458028556362,1.9179597662991784e-05
2026-01-15 04:13:00+00:00,1.0004484740934456,-9.55008870310189e-06
2026-01-15 04:14:00+00:00,1.000447465720401,-1.007921018165753e-06
2026-01-15 04:15:00+00:00,1.000464413658896,1.6940358265572008e-05
2026-01-15 04:16:00+00:00,1.000461693599224,-2.718797025457886e-06
2026-01-15 04:17:00+00:00,1.0004625728584022,8.788534170783057e-07
2026-01-15 04:18:00+00:00,1.0004625728584022,0.0
2026-01-15 04:19:00+00:00,1.0004625728584022,0.0
2026-01-15 04:20:00+00:00,1.0004625728584022,-0.0
2026-01-15 04:21:00+00:00,1.0004625728584022,0.0
2026-01-15 04:22:00+00:00,1.0004625728584022,0.0
2026-01-15 04:23:00+00:00,1.0004625728584022,0.0
2026-01-15 04:24:00+00:00,1.0004625728584022,0.0
2026-01-15 04:25:00+00:00,1.0004625728584022,-0.0
2026-01-15 04:26:00+00:00,1.0004625728584022,-0.0
2026-01-15 04:27:00+00:00,1.0004625728584022,0.0
2026-01-15 04:28:00+00:00,1.0004625728584022,-0.0
2026-01-15 04:29:00+00:00,1.0004625728584022,-0.0
2026-01-15 04:30:00+00:00,1.0004625728584022,-0.0
2026-01-15 04:31:00+00:00,1.0004625728584022,0.0
2026-01-15 04:32:00+00:00,1.0004625728584022,-0.0
2026-01-15 04:33:00+00:00,1.0004625728584022,-0.0
2026-01-15 04:34:00+00:00,1.0004625728584022,0.0
2026-01-15 04:35:00+00:00,1.0004625728584022,-0.0
2026-01-15 04:36:00+00:00,1.0004625728584022,-0.0
2026-01-15 04:37:00+00:00,1.0004625728584022,0.0
2026-01-15 04:38:00+00:00,1.0004625728584022,0.0
2026-01-15 04:39:00+00:00,1.0004625728584022,0.0
2026-01-15 04:40:00+00:00,1.0004625728584022,-0.0
2026-01-15 04:41:00+00:00,1.0004625728584022,0.0
2026-01-15 04:42:00+00:00,1.0004625728584022,-0.0
2026-01-15 04:43:00+00:00,1.0004625728584022,0.0
2026-01-15 04:44:00+00:00,1.0004625728584022,-0.0
2026-01-15 04:45:00+00:00,1.0004625728584022,0.0
2026-01-15 04:46:00+00:00,1.0004625728584022,-0.0
2026-01-15 04:47:00+00:00,1.0004625728584022,0.0
2026-01-15 04:48:00+00:00,1.0004625728584022,-0.0
2026-01-15 04:49:00+00:00,1.0004625728584022,-0.0
2026-01-15 04:50:00+00:00,1.0004625728584022,0.0
2026-01-15 04:51:00+00:00,1.0004625728584022,0.0
2026-01-15 04:52:00+00:00,1.0004625728584022,-0.0
2026-01-15 04:53:00+00:00,1.0004625728584022,0.0
2026-01-15 04:54:00+00:00,1.0004625728584022,-0.0
2026-01-15 04:55:00+00:00,1.0004625728584022,0.0
2026-01-15 04:56:00+00:00,1.0004625728584022,-0.0
2026-01-15 04:57:00+00:00,1.0004625728584022,0.0
2026-01-15 04:58:00+00:00,1.0004625728584022,0.0
2026-01-15 04:59:00+00:00,1.0004625728584022,0.0
2026-01-15 05:00:00+00:00,1.0004625728584022,-0.0
2026-01-15 05:01:00+00:00,1.0004625728584022,0.0
2026-01-15 05:02:00+00:00,1.0004625728584022,-0.0
2026-01-15 05:03:00+00:00,1.0004625728584022,0.0
2026-01-15 05:04:00+00:00,1.0004625728584022,-0.0
2026-01-15 05:05:00+00:00,1.0004625728584022,0.0
2026-01-15 05:06:00+00:00,1.0004625728584022,-0.0
2026-01-15 05:07:00+00:00,1.0004625728584022,-0.0
2026-01-15 05:08:00+00:00,1.0004625728584022,-0.0
2026-01-15 05:09:00+00:00,1.0004625728584022,-0.0
2026-01-15 05:10:00+00:00,1.0004625728584022,-0.0
2026-01-15 05:11:00+00:00,1.0004625728584022,-0.0
2026-01-15 05:12:00+00:00,1.0004625728584022,-0.0
2026-01-15 05:13:00+00:00,1.0004625728584022,-0.0
2026-01-15 05:14:00+00:00,1.0004625728584022,-0.0
2026-01-15 05:15:00+00:00,1.0004625728584022,0.0
2026-01-15 05:16:00+00:00,1.0004625728584022,-0.0
2026-01-15 05:17:00+00:00,1.0004625728584022,-0.0
2026-01-15 05:18:00+00:00,1.0004625728584022,0.0
2026-01-15 05:19:00+00:00,1.0004625728584022,0.0
2026-01-15 05:20:00+00:00,1.0004625728584022,-0.0
2026-01-15 05:21:00+00:00,1.0004625728584022,-0.0
2026-01-15 05:22:00+00:00,1.0004625728584022,-0.0
2026-01-15 05:23:00+00:00,1.0004625728584022,-0.0
2026-01-15 05:24:00+00:00,1.0004625728584022,0.0
2026-01-15 05:25:00+00:00,1.0004625728584022,-0.0
2026-01-15 05:26:00+00:00,1.0004625728584022,-0.0
2026-01-15 05:27:00+00:00,1.0004625728584022,0.0
2026-01-15 05:28:00+00:00,1.0004625728584022,-0.0
2026-01-15 05:29:00+00:00,1.0004625728584022,-0.0
2026-01-15 05:30:00+00:00,1.0004625728584022,0.0
2026-01-15 05:31:00+00:00,1.0004625728584022,0.0
2026-01-15 05:32:00+00:00,1.0004625728584022,0.0
2026-01-15 05:33:00+00:00,1.0004625728584022,-0.0
2026-01-15 05:34:00+00:00,1.0004625728584022,-0.0
2026-01-15 05:35:00+00:00,1.0004625728584022,0.0
2026-01-15 05:36:00+00:00,1.0004625728584022,-0.0
2026-01-15 05:37:00+00:00,1.0004625728584022,0.0
2026-01-15 05:38:00+00:00,1.0004625728584022,0.0
2026-01-15 05:39:00+00:00,1.0004625728584022,-0.0
2026-01-15 05:40:00+00:00,1.0004625728584022,-0.0
2026-01-15 05:41:00+00:00,1.0004625728584022,0.0
2026-01-15 05:42:00+00:00,1.0004625728584022,0.0
2026-01-15 05:43:00+00:00,1.0004625728584022,0.0
2026-01-15 05:44:00+00:00,1.0004625728584022,0.0
2026-01-15 05:45:00+00:00,1.0004625728584022,-0.0
2026-01-15 05:46:00+00:00,1.0004625728584022,-0.0
2026-01-15 05:47:00+00:00,1.0004625728584022,0.0
2026-01-15 05:48:00+00:00,1.0004625728584022,0.0
2026-01-15 05:49:00+00:00,1.0004625728584022,-0.0
2026-01-15 05:50:00+00:00,1.0004625728584022,-0.0
2026-01-15 05:51:00+00:00,1.0004625728584022,0.0
2026-01-15 05:52:00+00:00,1.0004625728584022,0.0
2026-01-15 05:53:00+00:00,1.0004625728584022,-0.0
2026-01-15 05:54:00+00:00,1.0004625728584022,-0.0
2026-01-15 05:55:00+00:00,1.0004625728584022,-0.0
2026-01-15 05:56:00+00:00,1.0004625728584022,0.0
2026-01-15 05:57:00+00:00,1.0004625728584022,0.0
2026-01-15 05:58:00+00:00,1.0004625728584022,-0.0
2026-01-15 05:59:00+00:00,1.0004625728584022,0.0
2026-01-15 06:00:00+00:00,1.0004625728584022,-0.0
2026-01-15 06:01:00+00:00,1.0004625728584022,-0.0
2026-01-15 06:02:00+00:00,1.0004625728584022,-0.0
2026-01-15 06:03:00+00:00,1.0004625728584022,0.0
2026-01-15 06:04:00+00:00,1.0004625728584022,0.0
2026-01-15 06:05:00+00:00,1.0004625728584022,-0.0
2026-01-15 06:06:00+00:00,1.0004625728584022,-0.0
2026-01-15 06:07:00+00:00,1.0004625728584022,0.0
2026-01-15 06:08:00+00:00,1.0004625728584022,-0.0
2026-01-15 06:09:00+00:00,1.0004625728584022,-0.0
2026-01-15 06:10:00+00:00,1.0004625728584022,0.0
2026-01-15 06:11:00+00:00,1.0004625728584022,0.0
2026-01-15 06:12:00+00:00,1.0004625728584022,-0.0
2026-01-15 06:13:00+00:00,1.0004625728584022,-0.0
2026-01-15 06:14:00+00:00,1.0004625728584022,0.0
2026-01-15 06:15:00+00:00,1.0004625728584022,-0.0
2026-01-15 06:16:00+00:00,1.0004625728584022,0.0
2026-01-15 06:17:00+00:00,1.0004625728584022,0.0
2026-01-15 06:18:00+00:00,1.0004625728584022,-0.0
2026-01-15 06:19:00+00:00,1.0004625728584022,0.0
2026-01-15 06:20:00+00:00,1.0004625728584022,-0.0
2026-01-15 06:21:00+00:00,1.0004625728584022,-0.0
2026-01-15 06:22:00+00:00,1.0004625728584022,-0.0
2026-01-15 06:23:00+00:00,1.0004625728584022,0.0
2026-01-15 06:24:00+00:00,1.0004625728584022,-0.0
2026-01-15 06:25:00+00:00,1.0004625728584022,-0.0
2026-01-15 06:26:00+00:00,1.0004625728584022,-0.0
2026-01-15 06:27:00+00:00,1.0004625728584022,0.0
2026-01-15 06:28:00+00:00,1.0004625728584022,-0.0
2026-01-15 06:29:00+00:00,1.0004625728584022,-0.0
2026-01-15 06:30:00+00:00,1.0004625728584022,-0.0
2026-01-15 06:31:00+00:00,1.0004625728584022,-0.0
2026-01-15 06:32:00+00:00,1.0004625728584022,0.0
2026-01-15 06:33:00+00:00,1.0004625728584022,-0.0
2026-01-15 06:34:00+00:00,1.0004625728584022,0.0
2026-01-15 06:35:00+00:00,1.0004625728584022,-0.0
2026-01-15 06:36:00+00:00,1.0004625728584022,0.0
2026-01-15 06:37:00+00:00,1.0004625728584022,-0.0
2026-01-15 06:38:00+00:00,1.0004625728584022,-0.0
2026-01-15 06:39:00+00:00,1.0004625728584022,0.0
2026-01-15 06:40:00+00:00,1.0004625728584022,-0.0
2026-01-15 06:41:00+00:00,1.0004625728584022,-0.0
2026-01-15 06:42:00+00:00,1.0004625728584022,0.0
2026-01-15 06:43:00+00:00,1.0004625728584022,-0.0
2026-01-15 06:44:00+00:00,1.0004625728584022,-0.0
2026-01-15 06:45:00+00:00,1.0004625728584022,0.0
2026-01-15 06:46:00+00:00,1.0004625728584022,0.0
2026-01-15 06:47:00+00:00,1.0004625728584022,0.0
2026-01-15 06:48:00+00:00,1.0004625728584022,-0.0
2026-01-15 06:49:00+00:00,1.0004625728584022,0.0
2026-01-15 06:50:00+00:00,1.0004625728584022,-0.0
2026-01-15 06:51:00+00:00,1.0004625728584022,-0.0
2026-01-15 06:52:00+00:00,1.0004625728584022,0.0
2026-01-15 06:53:00+00:00,1.0004625728584022,-0.0
2026-01-15 06:54:00+00:00,1.0004625728584022,0.0
2026-01-15 06:55:00+00:00,1.0004625728584022,-0.0
2026-01-15 06:56:00+00:00,1.0004625728584022,-0.0
2026-01-15 06:57:00+00:00,1.0004625728584022,0.0
2026-01-15 06:58:00+00:00,1.0004625728584022,-0.0
2026-01-15 06:59:00+00:00,1.0004625728584022,-0.0
2026-01-15 07:00:00+00:00,1.0004625728584022,0.0
2026-01-15 07:01:00+00:00,1.0004625728584022,-0.0
2026-01-15 07:02:00+00:00,1.0004625728584022,0.0
2026-01-15 07:03:00+00:00,1.0004625728584022,0.0
2026-01-15 07:04:00+00:00,1.0004625728584022,-0.0
2026-01-15 07:05:00+00:00,1.0004625728584022,-0.0
2026-01-15 07:06:00+00:00,1.0004625728584022,0.0
2026-01-15 07:07:00+00:00,1.0004625728584022,-0.0
2026-01-15 07:08:00+00:00,1.0004625728584022,0.0
2026-01-15 07:09:00+00:00,1.0004625728584022,0.0
2026-01-15 07:10:00+00:00,1.0004625728584022,-0.0
2026-01-15 07:11:00+00:00,1.0004625728584022,-0.0
2026-01-15 07:12:00+00:00,1.0004625728584022,-0.0
2026-01-15 07:13:00+00:00,1.0004625728584022,-0.0
2026-01-15 07:14:00+00:00,1.0004625728584022,-0.0
2026-01-15 07:15:00+00:00,1.0004625728584022,0.0
2026-01-15 07:16:00+00:00,1.0004625728584022,0.0
2026-01-15 07:17:00+00:00,1.0004625728584022,-0.0
2026-01-15 07:18:00+00:00,1.0004625728584022,-0.0
2026-01-15 07:19:00+00:00,1.0004625728584022,-0.0
2026-01-15 07:20:00+00:00,1.0004625728584022,0.0
2026-01-15 07:21:00+00:00,1.0004625728584022,0.0
2026-01-15 07:22:00+00:00,1.0004625728584022,-0.0
2026-01-15 07:23:00+00:00,1.0004625728584022,0.0
2026-01-15 07:24:00+00:00,1.0004625728584022,-0.0
2026-01-15 07:25:00+00:00,1.0004625728584022,0.0
2026-01-15 07:26:00+00:00,1.0004625728584022,0.0
2026-01-15 07:27:00+00:00,1.0004625728584022,-0.0
2026-01-15 07:28:00+00:00,1.0004625728584022,-0.0
2026-01-15 07:29:00+00:00,1.0004625728584022,0.0
2026-01-15 07:30:00+00:00,1.0004625728584022,0.0
2026-01-15 07:31:00+00:00,1.0004625728584022,0.0
2026-01-15 07:32:00+00:00,1.0004625728584022,0.0
2026-01-15 07:33:00+00:00,1.0004625728584022,-0.0
2026-01-15 07:34:00+00:00,1.0004625728584022,0.0
2026-01-15 07:35:00+00:00,1.0004625728584022,-0.0
2026-01-15 07:36:00+00:00,1.0004625728584022,-0.0
2026-01-15 07:37:00+00:00,1.0004625728584022,-0.0
2026-01-15 07:38:00+00:00,1.0004625728584022,0.0
2026-01-15 07:39:00+00:00,1.0004625728584022,0.0
2026-01-15 07:40:00+00:00,1.0004625728584022,0.0
2026-01-15 07:41:00+00:00,1.0004625728584022,0.0
2026-01-15 07:42:00+00:00,1.0004625728584022,-0.0
2026-01-15 07:43:00+00:00,1.0004625728584022,0.0
2026-01-15 07:44:00+00:00,1.0004625728584022,-0.0
2026-01-15 07:45:00+00:00,1.0004625728584022,0.0
2026-01-15 07:46:00+00:00,1.0004625728584022,-0.0
2026-01-15 07:47:00+00:00,1.0004625728584022,-0.0
2026-01-15 07:48:00+00:00,1.0004625728584022,0.0
2026-01-15 07:49:00+00:00,1.0004625728584022,-0.0
2026-01-15 07:50:00+00:00,1.0004625728584022,-0.0
2026-01-15 07:51:00+00:00,1.0004625728584022,0.0
2026-01-15 07:52:00+00:00,1.0004625728584022,0.0
2026-01-15 07:53:00+00:00,1.0004625728584022,0.0
2026-01-15 07:54:00+00:00,1.0004625728584022,-0.0
2026-01-15 07:55:00+00:00,1.0004625728584022,0.0
2026-01-15 07:56:00+00:00,1.0004625728584022,-0.0
2026-01-15 07:57:00+00:00,1.0004625728584022,0.0
2026-01-15 07:58:00+00:00,1.0004625728584022,-0.0
2026-01-15 07:59:00+00:00,1.0004625728584022,0.0
2026-01-15 08:00:00+00:00,1.0004625728584022,-0.0
2026-01-15 08:01:00+00:00,1.0004625728584022,-0.0
2026-01-15 08:02:00+00:00,1.0004625728584022,-0.0
2026-01-15 08:03:00+00:00,1.0004625728584022,0.0
2026-01-15 08:04:00+00:00,1.0004625728584022,0.0
2026-01-15 08:05:00+00:00,1.0004625728584022,-0.0
2026-01-15 08:06:00+00:00,1.0004625728584022,-0.0
2026-01-15 08:07:00+00:00,1.0004625728584022,-0.0
2026-01-15 08:08:00+00:00,1.0004625728584022,0.0
2026-01-15 08:09:00+00:00,1.0004625728584022,0.0
2026-01-15 08:10:00+00:00,1.0004625728584022,-0.0
2026-01-15 08:11:00+00:00,1.0004625728584022,0.0
2026-01-15 08:12:00+00:00,1.0004625728584022,-0.0
2026-01-15 08:13:00+00:00,1.0004625728584022,0.0
2026-01-15 08:14:00+00:00,1.0004625728584022,-0.0
2026-01-15 08:15:00+00:00,1.0004625728584022,-0.0
2026-01-15 08:16:00+00:00,1.0004625728584022,-0.0
2026-01-15 08:17:00+00:00,1.0004625728584022,0.0
2026-01-15 08:18:00+00:00,1.0004625728584022,0.0
2026-01-15 08:19:00+00:00,1.0004625728584022,0.0
2026-01-15 08:20:00+00:00,1.0004625728584022,0.0
2026-01-15 08:21:00+00:00,1.0004625728584022,-0.0
2026-01-15 08:22:00+00:00,1.0004625728584022,0.0
2026-01-15 08:23:00+00:00,1.0004625728584022,-0.0
2026-01-15 08:24:00+00:00,1.0004625728584022,0.0
2026-01-15 08:25:00+00:00,1.0004625728584022,-0.0
2026-01-15 08:26:00+00:00,1.0004625728584022,-0.0
2026-01-15 08:27:00+00:00,1.0004625728584022,-0.0
2026-01-15 08:28:00+00:00,1.0004625728584022,-0.0
2026-01-15 08:29:00+00:00,1.0004625728584022,-0.0
2026-01-15 08:30:00+00:00,1.0004625728584022,0.0
2026-01-15 08:31:00+00:00,1.0004625728584022,0.0
2026-01-15 08:32:00+00:00,1.0004625728584022,-0.0
2026-01-15 08:33:00+00:00,1.0004625728584022,-0.0
2026-01-15 08:34:00+00:00,1.0004625728584022,0.0
2026-01-15 08:35:00+00:00,1.0004625728584022,-0.0
2026-01-15 08:36:00+00:00,1.0004625728584022,0.0
2026-01-15 08:37:00+00:00,1.0004625728584022,0.0
2026-01-15 08:38:00+00:00,1.0004625728584022,-0.0
2026-01-15 08:39:00+00:00,1.0004625728584022,0.0
2026-01-15 08:40:00+00:00,1.0004625728584022,-0.0
2026-01-15 08:41:00+00:00,1.0004625728584022,-0.0
2026-01-15 08:42:00+00:00,1.0004625728584022,0.0
2026-01-15 08:43:00+00:00,1.0004625728584022,-0.0
2026-01-15 08:44:00+00:00,1.0004625728584022,-0.0
2026-01-15 08:45:00+00:00,1.0004625728584022,-0.0
2026-01-15 08:46:00+00:00,1.0004625728584022,0.0
2026-01-15 08:47:00+00:00,1.0004625728584022,0.0
2026-01-15 08:48:00+00:00,1.0004625728584022,-0.0
2026-01-15 08:49:00+00:00,1.0004625728584022,0.0
2026-01-15 08:50:00+00:00,1.0004625728584022,-0.0
2026-01-15 08:51:00+00:00,1.0004625728584022,-0.0
2026-01-15 08:52:00+00:00,1.0004625728584022,0.0
2026-01-15 08:53:00+00:00,1.0004625728584022,-0.0
2026-01-15 08:54:00+00:00,1.0004625728584022,0.0
2026-01-15 08:55:00+00:00,1.0004625728584022,-0.0
2026-01-15 08:56:00+00:00,1.0004625728584022,0.0
2026-01-15 08:57:00+00:00,1.0004625728584022,-0.0
2026-01-15 08:58:00+00:00,1.0004625728584022,-0.0
2026-01-15 08:59:00+00:00,1.0004625728584022,0.0
2026-01-15 09:00:00+00:00,1.0004625728584022,0.0
2026-01-15 09:01:00+00:00,1.0004625728584022,-0.0
2026-01-15 09:02:00+00:00,1.0004625728584022,0.0
2026-01-15 09:03:00+00:00,1.0004625728584022,-0.0
2026-01-15 09:04:00+00:00,1.0004625728584022,0.0
2026-01-15 09:05:00+00:00,1.0004625728584022,0.0
2026-01-15 09:06:00+00:00,1.0004625728584022,-0.0
2026-01-15 09:07:00+00:00,1.0004625728584022,-0.0
2026-01-15 09:08:00+00:00,1.0004625728584022,0.0
2026-01-15 09:09:00+00:00,1.0004625728584022,0.0
2026-01-15 09:10:00+00:00,1.0004625728584022,-0.0
2026-01-15 09:11:00+00:00,1.0004625728584022,0.0
2026-01-15 09:12:00+00:00,1.0004625728584022,0.0
2026-01-15 09:13:00+00:00,1.0004625728584022,-0.0
2026-01-15 09:14:00+00:00,1.0004625728584022,-0.0
2026-01-15 09:15:00+00:00,1.0004625728584022,0.0
2026-01-15 09:16:00+00:00,1.0004625728584022,0.0
2026-01-15 09:17:00+00:00,1.0004625728584022,-0.0
2026-01-15 09:18:00+00:00,1.0004625728584022,-0.0
2026-01-15 09:19:00+00:00,1.0004625728584022,0.0
2026-01-15 09:20:00+00:00,1.0004625728584022,-0.0
2026-01-15 09:21:00+00:00,1.0004625728584022,0.0
2026-01-15 09:22:00+00:00,1.0004625728584022,0.0
2026-01-15 09:23:00+00:00,1.0004625728584022,-0.0
2026-01-15 09:24:00+00:00,1.0004625728584022,0.0
2026-01-15 09:25:00+00:00,1.0004625728584022,0.0
2026-01-15 09:26:00+00:00,1.0004625728584022,0.0
2026-01-15 09:27:00+00:00,1.0004625728584022,0.0
2026-01-15 09:28:00+00:00,1.0004625728584022,-0.0
2026-01-15 09:29:00+00:00,1.0004625728584022,-0.0
2026-01-15 09:30:00+00:00,1.0004625728584022,0.0
2026-01-15 09:31:00+00:00,1.0004625728584022,-0.0
2026-01-15 09:32:00+00:00,1.0004625728584022,0.0
2026-01-15 09:33:00+00:00,1.0004625728584022,0.0
2026-01-15 09:34:00+00:00,1.0004625728584022,-0.0
2026-01-15 09:35:00+00:00,1.0004625728584022,0.0
2026-01-15 09:36:00+00:00,1.0004625728584022,0.0
2026-01-15 09:37:00+00:00,1.0004625728584022,-0.0
2026-01-15 09:38:00+00:00,1.0004625728584022,0.0
2026-01-15 09:39:00+00:00,1.0004625728584022,0.0
2026-01-15 09:40:00+00:00,1.0004625728584022,-0.0
2026-01-15 09:41:00+00:00,1.0004625728584022,-0.0
2026-01-15 09:42:00+00:00,1.0004625728584022,0.0
2026-01-15 09:43:00+00:00,1.0004625728584022,0.0
2026-01-15 09:44:00+00:00,1.0004625728584022,-0.0
2026-01-15 09:45:00+00:00,1.0004625728584022,0.0
2026-01-15 09:46:00+00:00,1.0004625728584022,0.0
2026-01-15 09:47:00+00:00,1.0004625728584022,0.0
2026-01-15 09:48:00+00:00,1.0004625728584022,-0.0
2026-01-15 09:49:00+00:00,1.0004625728584022,0.0
2026-01-15 09:50:00+00:00,1.0004625728584022,-0.0
2026-01-15 09:51:00+00:00,1.0004625728584022,0.0
2026-01-15 09:52:00+00:00,1.0004625728584022,-0.0
2026-01-15 09:53:00+00:00,1.0004625728584022,-0.0
2026-01-15 09:54:00+00:00,1.0004625728584022,-0.0
2026-01-15 09:55:00+00:00,1.0004625728584022,0.0
2026-01-15 09:56:00+00:00,1.0004625728584022,-0.0
2026-01-15 09:57:00+00:00,1.0004625728584022,-0.0
2026-01-15 09:58:00+00:00,1.0004625728584022,0.0
2026-01-15 09:59:00+00:00,1.0004625728584022,-0.0
2026-01-15 10:00:00+00:00,1.0004625728584022,0.0
2026-01-15 10:01:00+00:00,1.0004625728584022,0.0
2026-01-15 10:02:00+00:00,1.0004625728584022,0.0
2026-01-15 10:03:00+00:00,1.0004625728584022,-0.0
2026-01-15 10:04:00+00:00,1.0004625728584022,-0.0
2026-01-15 10:05:00+00:00,1.0004625728584022,-0.0
2026-01-15 10:06:00+00:00,1.0004625728584022,0.0
2026-01-15 10:07:00+00:00,1.0004625728584022,-0.0
2026-01-15 10:08:00+00:00,1.0004625728584022,-0.0
2026-01-15 10:09:00+00:00,1.0004625728584022,-0.0
2026-01-15 10:10:00+00:00,1.0004625728584022,-0.0
2026-01-15 10:11:00+00:00,1.0004625728584022,0.0
2026-01-15 10:12:00+00:00,1.0004625728584022,-0.0
2026-01-15 10:13:00+00:00,1.0004625728584022,0.0
2026-01-15 10:14:00+00:00,1.0004625728584022,-0.0
2026-01-15 10:15:00+00:00,1.0004625728584022,-0.0
2026-01-15 10:16:00+00:00,1.0004625728584022,-0.0
2026-01-15 10:17:00+00:00,1.0004625728584022,-0.0
2026-01-15 10:18:00+00:00,1.0004625728584022,0.0
2026-01-15 10:19:00+00:00,1.0004625728584022,-0.0
2026-01-15 10:20:00+00:00,1.0004625728584022,0.0
2026-01-15 10:21:00+00:00,1.0004625728584022,-0.0
2026-01-15 10:22:00+00:00,1.0004625728584022,0.0
2026-01-15 10:23:00+00:00,1.0004625728584022,0.0
2026-01-15 10:24:00+00:00,1.0004625728584022,-0.0
2026-01-15 10:25:00+00:00,1.0004625728584022,0.0
2026-01-15 10:26:00+00:00,1.0004625728584022,-0.0
2026-01-15 10:27:00+00:00,1.0004625728584022,0.0
2026-01-15 10:28:00+00:00,1.0004625728584022,-0.0
2026-01-15 10:29:00+00:00,1.0004625728584022,0.0
2026-01-15 10:30:00+00:00,1.0004625728584022,-0.0
2026-01-15 10:31:00+00:00,1.0004625728584022,-0.0
2026-01-15 10:32:00+00:00,1.0004625728584022,0.0
2026-01-15 10:33:00+00:00,1.0004625728584022,0.0
2026-01-15 10:34:00+00:00,1.0004625728584022,-0.0
2026-01-15 10:35:00+00:00,1.0004625728584022,-0.0
2026-01-15 10:36:00+00:00,1.0004625728584022,-0.0
2026-01-15 10:37:00+00:00,1.0004625728584022,0.0
2026-01-15 10:38:00+00:00,1.0004625728584022,0.0
2026-01-15 10:39:00+00:00,1.0004625728584022,0.0
2026-01-15 10:40:00+00:00,1.0004625728584022,-0.0
2026-01-15 10:41:00+00:00,1.0004625728584022,-0.0
2026-01-15 10:42:00+00:00,1.0004625728584022,0.0
2026-01-15 10:43:00+00:00,1.0004625728584022,0.0
2026-01-15 10:44:00+00:00,1.0004625728584022,-0.0
2026-01-15 10:45:00+00:00,1.0004625728584022,0.0
2026-01-15 10:46:00+00:00,1.0004625728584022,-0.0
2026-01-15 10:47:00+00:00,1.0004625728584022,0.0
2026-01-15 10:48:00+00:00,1.0004625728584022,0.0
2026-01-15 10:49:00+00:00,1.0004625728584022,0.0
2026-01-15 10:50:00+00:00,1.0004625728584022,0.0
2026-01-15 10:51:00+00:00,1.0004625728584022,-0.0
2026-01-15 10:52:00+00:00,1.0004625728584022,0.0
2026-01-15 10:53:00+00:00,1.0004625728584022,-0.0
2026-01-15 10:54:00+00:00,1.0004625728584022,0.0
2026-01-15 10:55:00+00:00,1.0004625728584022,-0.0
2026-01-15 10:56:00+00:00,1.0004625728584022,-0.0
2026-01-15 10:57:00+00:00,1.0004625728584022,0.0
2026-01-15 10:58:00+00:00,1.0004625728584022,-0.0
2026-01-15 10:59:00+00:00,1.0004625728584022,-0.0
2026-01-15 11:00:00+00:00,1.0004625728584022,-0.0
2026-01-15 11:01:00+00:00,1.0004625728584022,0.0
2026-01-15 11:02:00+00:00,1.0004625728584022,-0.0
2026-01-15 11:03:00+00:00,1.0004625728584022,-0.0
2026-01-15 11:04:00+00:00,1.0004625728584022,0.0
2026-01-15 11:05:00+00:00,1.0004625728584022,0.0
2026-01-15 11:06:00+00:00,1.0004625728584022,-0.0
2026-01-15 11:07:00+00:00,1.0004625728584022,-0.0
2026-01-15 11:08:00+00:00,1.0004625728584022,0.0
2026-01-15 11:09:00+00:00,1.0004625728584022,-0.0
2026-01-15 11:10:00+00:00,1.0004625728584022,0.0
2026-01-15 11:11:00+00:00,1.0004625728584022,-0.0
2026-01-15 11:12:00+00:00,1.0004625728584022,-0.0
2026-01-15 11:13:00+00:00,1.0004625728584022,0.0
2026-01-15 11:14:00+00:00,1.0004625728584022,0.0
2026-01-15 11:15:00+00:00,1.0004625728584022,-0.0
2026-01-15 11:16:00+00:00,1.0004625728584022,-0.0
2026-01-15 11:17:00+00:00,1.0004625728584022,-0.0
2026-01-15 11:18:00+00:00,1.0004625728584022,0.0
2026-01-15 11:19:00+00:00,1.0004625728584022,0.0
2026-01-15 11:20:00+00:00,1.0004625728584022,0.0
2026-01-15 11:21:00+00:00,1.0004625728584022,-0.0
2026-01-15 11:22:00+00:00,1.0004625728584022,0.0
2026-01-15 11:23:00+00:00,1.0004625728584022,-0.0
2026-01-15 11:24:00+00:00,1.0004625728584022,0.0
2026-01-15 11:25:00+00:00,1.0004625728584022,-0.0
2026-01-15 11:26:00+00:00,1.0004625728584022,0.0
2026-01-15 11:27:00+00:00,1.0004625728584022,0.0
2026-01-15 11:28:00+00:00,1.0004625728584022,0.0
2026-01-15 11:29:00+00:00,1.0004625728584022,0.0
2026-01-15 11:30:00+00:00,1.0004625728584022,-0.0
2026-01-15 11:31:00+00:00,1.0004625728584022,0.0
2026-01-15 11:32:00+00:00,1.0004625728584022,-0.0
2026-01-15 11:33:00+00:00,1.0004625728584022,-0.0
2026-01-15 11:34:00+00:00,1.0004625728584022,-0.0
2026-01-15 11:35:00+00:00,1.0004625728584022,-0.0
2026-01-15 11:36:00+00:00,1.0004625728584022,0.0
2026-01-15 11:37:00+00:00,1.0004625728584022,0.0
2026-01-15 11:38:00+00:00,1.0004625728584022,-0.0
2026-01-15 11:39:00+00:00,1.0004625728584022,-0.0
2026-01-15 11:40:00+00:00,1.0004625728584022,-0.0
2026-01-15 11:41:00+00:00,1.0004625728584022,-0.0
2026-01-15 11:42:00+00:00,1.0004625728584022,-0.0
2026-01-15 11:43:00+00:00,1.0004625728584022,-0.0
2026-01-15 11:44:00+00:00,1.0004625728584022,0.0
2026-01-15 11:45:00+00:00,1.0004625728584022,-0.0
2026-01-15 11:46:00+00:00,1.0004625728584022,-0.0
2026-01-15 11:47:00+00:00,1.0004625728584022,0.0
2026-01-15 11:48:00+00:00,1.0004625728584022,-0.0
2026-01-15 11:49:00+00:00,1.0004625728584022,-0.0
2026-01-15 11:50:00+00:00,1.0004625728584022,-0.0
2026-01-15 11:51:00+00:00,1.0004625728584022,0.0
2026-01-15 11:52:00+00:00,1.0004625728584022,-0.0
2026-01-15 11:53:00+00:00,1.0004625728584022,-0.0
2026-01-15 11:54:00+00:00,1.0004625728584022,-0.0
2026-01-15 11:55:00+00:00,1.0004625728584022,0.0
2026-01-15 11:56:00+00:00,1.0004625728584022,-0.0
2026-01-15 11:57:00+00:00,1.0004625728584022,0.0
2026-01-15 11:58:00+00:00,1.0004625728584022,-0.0
2026-01-15 11:59:00+00:00,1.0004625728584022,-0.0
2026-01-15 12:00:00+00:00,1.0004625728584022,0.0
2026-01-15 12:01:00+00:00,1.0004625728584022,0.0
2026-01-15 12:02:00+00:00,1.0004625728584022,0.0
2026-01-15 12:03:00+00:00,1.0004625728584022,0.0
2026-01-15 12:04:00+00:00,1.0004625728584022,-0.0
2026-01-15 12:05:00+00:00,1.0004625728584022,-0.0
2026-01-15 12:06:00+00:00,1.0004625728584022,0.0
2026-01-15 12:07:00+00:00,1.0004625728584022,-0.0
2026-01-15 12:08:00+00:00,1.0004625728584022,0.0
2026-01-15 12:09:00+00:00,1.0004625728584022,-0.0
2026-01-15 12:10:00+00:00,1.0004625728584022,0.0
2026-01-15 12:11:00+00:00,1.0004625728584022,0.0
2026-01-15 12:12:00+00:00,1.0004625728584022,0.0
2026-01-15 12:13:00+00:00,1.0004625728584022,-0.0
2026-01-15 12:14:00+00:00,1.0004625728584022,0.0
2026-01-15 12:15:00+00:00,1.0004625728584022,0.0
2026-01-15 12:16:00+00:00,1.0004625728584022,-0.0
2026-01-15 12:17:00+00:00,1.0004625728584022,-0.0
2026-01-15 12:18:00+00:00,1.0004625728584022,0.0
2026-01-15 12:19:00+00:00,1.0004625728584022,-0.0
2026-01-15 12:20:00+00:00,1.0004625728584022,0.0
2026-01-15 12:21:00+00:00,1.0004625728584022,-0.0
2026-01-15 12:22:00+00:00,1.0004625728584022,0.0
2026-01-15 12:23:00+00:00,1.0004625728584022,0.0
2026-01-15 12:24:00+00:00,1.0004625728584022,0.0
2026-01-15 12:25:00+00:00,1.0004625728584022,-0.0
2026-01-15 12:26:00+00:00,1.0004625728584022,0.0
2026-01-15 12:27:00+00:00,1.0004625728584022,-0.0
2026-01-15 12:28:00+00:00,1.0004625728584022,0.0
2026-01-15 12:29:00+00:00,1.0004625728584022,0.0
2026-01-15 12:30:00+00:00,1.0004625728584022,0.0
2026-01-15 12:31:00+00:00,1.0004625728584022,-0.0
2026-01-15 12:32:00+00:00,1.0004625728584022,-0.0
2026-01-15 12:33:00+00:00,1.0004625728584022,0.0
2026-01-15 12:34:00+00:00,1.0004625728584022,0.0
2026-01-15 12:35:00+00:00,1.0004625728584022,-0.0
2026-01-15 12:36:00+00:00,1.0004625728584022,-0.0
2026-01-15 12:37:00+00:00,1.0004625728584022,0.0
2026-01-15 12:38:00+00:00,1.0004625728584022,-0.0
2026-01-15 12:39:00+00:00,1.0004625728584022,0.0
2026-01-15 12:40:00+00:00,1.0004625728584022,-0.0
2026-01-15 12:41:00+00:00,1.0004625728584022,-0.0
2026-01-15 12:42:00+00:00,1.0004625728584022,-0.0
2026-01-15 12:43:00+00:00,1.0004625728584022,0.0
2026-01-15 12:44:00+00:00,1.0004625728584022,-0.0
2026-01-15 12:45:00+00:00,1.0004625728584022,0.0
2026-01-15 12:46:00+00:00,1.0004625728584022,0.0
2026-01-15 12:47:00+00:00,1.0004625728584022,0.0
2026-01-15 12:48:00+00:00,1.0004625728584022,0.0
2026-01-15 12:49:00+00:00,1.0004625728584022,-0.0
2026-01-15 12:50:00+00:00,1.0004625728584022,0.0
2026-01-15 12:51:00+00:00,1.0004625728584022,0.0
2026-01-15 12:52:00+00:00,1.0004625728584022,-0.0
2026-01-15 12:53:00+00:00,1.0004625728584022,0.0
2026-01-15 12:54:00+00:00,1.0004625728584022,0.0
2026-01-15 12:55:00+00:00,1.0004625728584022,-0.0
2026-01-15 12:56:00+00:00,1.0004625728584022,0.0
2026-01-15 12:57:00+00:00,1.0004625728584022,0.0
2026-01-15 12:58:00+00:00,1.0004625728584022,0.0
2026-01-15 12:59:00+00:00,1.0004625728584022,-0.0
2026-01-15 13:00:00+00:00,1.0004625728584022,0.0
2026-01-15 13:01:00+00:00,1.0004625728584022,0.0
2026-01-15 13:02:00+00:00,1.0004625728584022,-0.0
2026-01-15 13:03:00+00:00,1.0004625728584022,-0.0
2026-01-15 13:04:00+00:00,1.0004625728584022,0.0
2026-01-15 13:05:00+00:00,1.0004625728584022,-0.0
2026-01-15 13:06:00+00:00,1.0004625728584022,0.0
2026-01-15 13:07:00+00:00,1.0004625728584022,-0.0
2026-01-15 13:08:00+00:00,1.0004625728584022,0.0
2026-01-15 13:09:00+00:00,1.0004625728584022,-0.0
2026-01-15 13:10:00+00:00,1.0004625728584022,0.0
2026-01-15 13:11:00+00:00,1.0004625728584022,-0.0
2026-01-15 13:12:00+00:00,1.0004625728584022,0.0
2026-01-15 13:13:00+00:00,1.0004625728584022,0.0
2026-01-15 13:14:00+00:00,1.0004625728584022,-0.0
2026-01-15 13:15:00+00:00,1.0004625728584022,0.0
2026-01-15 13:16:00+00:00,1.0004625728584022,0.0
2026-01-15 13:17:00+00:00,1.0004625728584022,-0.0
2026-01-15 13:18:00+00:00,1.0004625728584022,0.0
2026-01-15 13:19:00+00:00,1.0004625728584022,-0.0
2026-01-15 13:20:00+00:00,1.0004625728584022,-0.0
2026-01-15 13:21:00+00:00,1.0004625728584022,-0.0
2026-01-15 13:22:00+00:00,1.0004625728584022,0.0
2026-01-15 13:23:00+00:00,1.0004625728584022,0.0
2026-01-15 13:24:00+00:00,1.0004625728584022,0.0
2026-01-15 13:25:00+00:00,1.0004625728584022,-0.0
2026-01-15 13:26:00+00:00,1.0004625728584022,0.0
2026-01-15 13:27:00+00:00,1.0004625728584022,-0.0
2026-01-15 13:28:00+00:00,1.0004625728584022,-0.0
2026-01-15 13:29:00+00:00,1.0004625728584022,0.0
2026-01-15 13:30:00+00:00,1.0004625728584022,-0.0
2026-01-15 13:31:00+00:00,1.0004625728584022,-0.0
2026-01-15 13:32:00+00:00,1.0004625728584022,0.0
2026-01-15 13:33:00+00:00,1.0004625728584022,-0.0
2026-01-15 13:34:00+00:00,1.0004625728584022,-0.0
2026-01-15 13:35:00+00:00,1.0004625728584022,0.0
2026-01-15 13:36:00+00:00,1.0004625728584022,0.0
2026-01-15 13:37:00+00:00,1.0004625728584022,0.0
2026-01-15 13:38:00+00:00,1.0004625728584022,0.0
2026-01-15 13:39:00+00:00,1.0004625728584022,-0.0
2026-01-15 13:40:00+00:00,1.0004625728584022,0.0
2026-01-15 13:41:00+00:00,1.0004625728584022,0.0
2026-01-15 13:42:00+00:00,1.0004625728584022,0.0
2026-01-15 13:43:00+00:00,1.0004625728584022,-0.0
2026-01-15 13:44:00+00:00,1.0004625728584022,0.0
2026-01-15 13:45:00+00:00,1.0004625728584022,-0.0
2026-01-15 13:46:00+00:00,1.0004625728584022,0.0
2026-01-15 13:47:00+00:00,1.0004625728584022,0.0
2026-01-15 13:48:00+00:00,1.0004625728584022,0.0
2026-01-15 13:49:00+00:00,1.0004625728584022,-0.0
2026-01-15 13:50:00+00:00,1.0004625728584022,0.0
2026-01-15 13:51:00+00:00,1.0004625728584022,-0.0
2026-01-15 13:52:00+00:00,1.0004625728584022,0.0
2026-01-15 13:53:00+00:00,1.0004625728584022,-0.0
2026-01-15 13:54:00+00:00,1.0004625728584022,0.0
2026-01-15 13:55:00+00:00,1.0004625728584022,0.0
2026-01-15 13:56:00+00:00,1.0004625728584022,-0.0
2026-01-15 13:57:00+00:00,1.0004625728584022,-0.0
2026-01-15 13:58:00+00:00,1.0004625728584022,-0.0
2026-01-15 13:59:00+00:00,1.0004625728584022,0.0
2026-01-15 14:00:00+00:00,1.0004625728584022,0.0
2026-01-15 14:01:00+00:00,1.0004625728584022,0.0
2026-01-15 14:02:00+00:00,1.0004625728584022,0.0
2026-01-15 14:03:00+00:00,1.0004625728584022,0.0
2026-01-15 14:04:00+00:00,1.0004625728584022,0.0
2026-01-15 14:05:00+00:00,1.0004625728584022,-0.0
2026-01-15 14:06:00+00:00,1.0004625728584022,0.0
2026-01-15 14:07:00+00:00,1.0004625728584022,0.0
2026-01-15 14:08:00+00:00,1.0004625728584022,0.0
2026-01-15 14:09:00+00:00,1.0004625728584022,-0.0
2026-01-15 14:10:00+00:00,1.0004625728584022,-0.0
2026-01-15 14:11:00+00:00,1.0004625728584022,0.0
2026-01-15 14:12:00+00:00,1.0004625728584022,-0.0
2026-01-15 14:13:00+00:00,1.0004625728584022,0.0
2026-01-15 14:14:00+00:00,1.0004625728584022,0.0
2026-01-15 14:15:00+00:00,1.0004625728584022,-0.0
2026-01-15 14:16:00+00:00,1.0004625728584022,-0.0
2026-01-15 14:17:00+00:00,1.0004625728584022,-0.0
2026-01-15 14:18:00+00:00,1.0004625728584022,0.0
2026-01-15 14:19:00+00:00,1.0004625728584022,-0.0
2026-01-15 14:20:00+00:00,1.0004625728584022,-0.0
2026-01-15 14:21:00+00:00,1.0004625728584022,-0.0
2026-01-15 14:22:00+00:00,1.0004625728584022,0.0
2026-01-15 14:23:00+00:00,1.0004625728584022,-0.0
2026-01-15 14:24:00+00:00,1.0004625728584022,-0.0
2026-01-15 14:25:00+00:00,1.0004625728584022,-0.0
2026-01-15 14:26:00+00:00,1.0004625728584022,0.0
2026-01-15 14:27:00+00:00,1.0004625728584022,-0.0
2026-01-15 14:28:00+00:00,1.0004625728584022,-0.0
2026-01-15 14:29:00+00:00,1.0004625728584022,0.0
2026-01-15 14:30:00+00:00,1.0004625728584022,0.0
2026-01-15 14:31:00+00:00,1.0004625728584022,-0.0
2026-01-15 14:32:00+00:00,1.0004625728584022,-0.0
2026-01-15 14:33:00+00:00,1.0004625728584022,-0.0
2026-01-15 14:34:00+00:00,1.0004625728584022,-0.0
2026-01-15 14:35:00+00:00,1.000438229479938,-2.4332123084368334e-05
2026-01-15 14:36:00+00:00,1.00040619591156,-3.201953647321942e-05
2026-01-15 14:37:00+00:00,1.0004479304341651,4.1717577095865446e-05
2026-01-15 14:38:00+00:00,1.0003826196629928,-6.528152958845863e-05
2026-01-15 14:39:00+00:00,1.0003822002430174,-4.1925955847050954e-07
2026-01-15 14:40:00+00:00,1.0003510731351029,-3.111521567156012e-05
2026-01-15 14:41:00+00:00,1.0003249265146545,-2.6137444293723804e-05
2026-01-15 14:42:00+00:00,1.0003380878247434,1.3157035019223183e-05
2026-01-15 14:43:00+00:00,1.000314790505486,-2.3289445379393986e-05
2026-01-15 14:44:00+00:00,1.0002569375765342,-5.783472313011466e-05
2026-01-15 14:45:00+00:00,1.0002407542236256,-1.6179195865305717e-05
2026-01-15 14:46:00+00:00,1.0002493476950705,8.591403028309183e-06
2026-01-15 14:47:00+00:00,1.0002604218822948,1.1071426589679057e-05
2026-01-15 14:48:00+00:00,1.0002858567183879,2.542821402980411e-05
2026-01-15 14:49:00+00:00,1.0003117977838232,2.5933652126655292e-05
2026-01-15 14:50:00+00:00,1.0003530287411253,4.121810558822461e-05
2026-01-15 14:51:00+00:00,1.0003338201927847,-1.920176956400829e-05
2026-01-15 14:52:00+00:00,1.0003216199778633,-1.2196143602365047e-05
2026-01-15 14:53:00+00:00,1.0003600803783694,3.8448034850041806e-05
2026-01-15 14:54:00+00:00,1.0004039203994373,4.382424081879923e-05
2026-01-15 14:55:00+00:00,1.0004204690857912,1.6542004700666155e-05
2026-01-15 14:56:00+00:00,1.0003810509895719,-3.940152909428214e-05
2026-01-15 14:57:00+00:00,1.0003665810403979,-1.4464437485697274e-05
2026-01-15 14:58:00+00:00,1.0003601892944802,-6.389403683441845e-06
2026-01-15 14:59:00+00:00,1.0003774702921362,1.7274775466786414e-05
2026-01-15 15:00:00+00:00,1.0004242919329995,4.68039737537597e-05
2026-01-15 15:01:00+00:00,1.0004304677438352,6.173191600156917e-06
2026-01-15 15:02:00+00:00,1.0004454070099873,1.4932838047024692e-05
2026-01-15 15:03:00+00:00,1.00040894240865,-3.6448366979161415e-05
2026-01-15 15:04:00+00:00,1.0003877180461567,-2.121568649927798e-05
2026-01-15 15:05:00+00:00,1.0004218845904214,3.415330241296751e-05
2026-01-15 15:06:00+00:00,1.0003906691610962,-3.1202265570230605e-05
2026-01-15 15:07:00+00:00,1.0003724925366595,-1.8169526163155033e-05
2026-01-15 15:08:00+00:00,1.0003646575775456,-7.832041736877247e-06
2026-01-15 15:09:00+00:00,1.000433932134919,6.924930508951307e-05
2026-01-15 15:10:00+00:00,1.0004241793387303,-9.748565972565339e-06
2026-01-15 15:11:00+00:00,1.000450013434972,2.582314259815349e-05
2026-01-15 15:12:00+00:00,1.0004761198569914,2.6094679063210317e-05
2026-01-15 15:13:00+00:00,1.0004338791686178,-4.222058631394243e-05
2026-01-15 15:14:00+00:00,1.0004496735374944,1.5787519000926484e-05
2026-01-15 15:15:00+00:00,1.000468809018625,1.9126880278796615e-05
2026-01-15 15:16:00+00:00,1.0005011941607964,3.236996683921758e-05
2026-01-15 15:17:00+00:00,1.000527602066347,2.639467669270226e-05
2026-01-15 15:18:00+00:00,1.0005251268245228,-2.4739365701919267e-06
2026-01-15 15:19:00+00:00,1.0005216077526122,-3.517224921399322e-06
2026-01-15 15:20:00+00:00,1.0004942815223887,-2.731198408082e-05
2026-01-15 15:21:00+00:00,1.0005079349380932,1.3646670407463553e-05
2026-01-15 15:22:00+00:00,1.0005346625627922,2.6714055696872226e-05
2026-01-15 15:23:00+00:00,1.00051402830967,-2.0623226654866197e-05
2026-01-15 15:24:00+00:00,1.0005165753134608,2.5456952311803695e-06
2026-01-15 15:25:00+00:00,1.000530337766843,1.3755347709124017e-05
2026-01-15 15:26:00+00:00,1.000531493999026,1.1556193142470765e-06
2026-01-15 15:27:00+00:00,1.0005091901855543,-2.2291965425828247e-05
2026-01-15 15:28:00+00:00,1.0005092406096798,5.0398463170331084e-08
2026-01-15 15:29:00+00:00,1.000497561243121,-1.1673421978231419e-05
2026-01-15 15:30:00+00:00,1.000484467029922,-1.3087701266017158e-05
2026-01-15 15:31:00+00:00,1.0004972535883805,1.2780366792105086e-05
2026-01-15 15:32:00+00:00,1.000501258854399,4.003275375518205e-06
2026-01-15 15:33:00+00:00,1.0005106617149462,9.398149641556037e-06
2026-01-15 15:34:00+00:00,1.000505606574573,-5.052560224200528e-06
2026-01-15 15:35:00+00:00,1.000504522876755,-1.0831501700076251e-06
2026-01-15 15:36:00+00:00,1.0005396458975755,3.5105309388767715e-05
2026-01-15 15:37:00+00:00,1.0005111404040015,-2.8490118998144587e-05
2026-01-15 15:38:00+00:00,1.0005642773917243,5.310984113721946e-05
2026-01-15 15:39:00+00:00,1.0005642773917243,0.0
2026-01-15 15:40:00+00:00,1.0005642773917243,0.0
2026-01-15 15:41:00+00:00,1.0005642773917243,-0.0
2026-01-15 15:42:00+00:00,1.0005642773917243,0.0
2026-01-15 15:43:00+00:00,1.0005642773917243,-0.0
2026-01-15 15:44:00+00:00,1.0005642773917243,0.0
2026-01-15 15:45:00+00:00,1.0005642773917243,0.0
2026-01-15 15:46:00+00:00,1.0005642773917243,0.0
2026-01-15 15:47:00+00:00,1.0005642773917243,0.0
2026-01-15 15:48:00+00:00,1.0005642773917243,0.0
2026-01-15 15:49:00+00:00,1.0005642773917243,-0.0
2026-01-15 15:50:00+00:00,1.0005642773917243,0.0
2026-01-15 15:51:00+00:00,1.0005642773917243,0.0
2026-01-15 15:52:00+00:00,1.0005642773917243,-0.0
2026-01-15 15:53:00+00:00,1.0005642773917243,-0.0
2026-01-15 15:54:00+00:00,1.0005642773917243,-0.0
2026-01-15 15:55:00+00:00,1.0005642773917243,-0.0
2026-01-15 15:56:00+00:00,1.0005642773917243,0.0
2026-01-15 15:57:00+00:00,1.0005642773917243,0.0
2026-01-15 15:58:00+00:00,1.0005642773917243,-0.0
2026-01-15 15:59:00+00:00,1.0005642773917243,0.0
2026-01-15 16:00:00+00:00,1.0005642773917243,0.0
2026-01-15 16:01:00+00:00,1.0005642773917243,-0.0
2026-01-15 16:02:00+00:00,1.0005642773917243,-0.0
2026-01-15 16:03:00+00:00,1.0005642773917243,0.0
2026-01-15 16:04:00+00:00,1.0005642773917243,0.0
2026-01-15 16:05:00+00:00,1.0005642773917243,-0.0
2026-01-15 16:06:00+00:00,1.0005642773917243,-0.0
2026-01-15 16:07:00+00:00,1.0005642773917243,0.0
2026-01-15 16:08:00+00:00,1.0005339354255345,-3.0324854559987558e-05
2026-01-15 16:09:00+00:00,1.0005568349674443,2.2887321557945415e-05
2026-01-15 16:10:00+00:00,1.0005749400006279,1.809495727855954e-05
2026-01-15 16:11:00+00:00,1.0006072961723909,3.233757959497954e-05
2026-01-15 16:12:00+00:00,1.0005725646979038,-3.471039499718327e-05
2026-01-15 16:13:00+00:00,1.000578451757494,5.883690796580521e-06
2026-01-15 16:14:00+00:00,1.0005664900659794,-1.1954776253304028e-05
2026-01-15 16:15:00+00:00,1.0005509263019323,-1.5554952321062375e-05
2026-01-15 16:16:00+00:00,1.0005383741029599,-1.2545287443675171e-05
2026-01-15 16:17:00+00:00,1.000583919151298,4.552054125755874e-05
2026-01-15 16:18:00+00:00,1.0006348928066269,5.094390820518139e-05
2026-01-15 16:19:00+00:00,1.0005949309739395,-3.993647730530053e-05
2026-01-15 16:20:00+00:00,1.0005974153324344,2.4828813519017455e-06
2026-01-15 16:21:00+00:00,1.0006033554377354,5.93655870982376e-06
2026-01-15 16:22:00+00:00,1.0006093057512018,5.946725477108459e-06
2026-01-15 16:23:00+00:00,1.0006179167993863,8.605804618343609e-06
2026-01-15 16:24:00+00:00,1.0005812169450634,-3.667719087044475e-05
2026-01-15 16:25:00+00:00,1.0006107529175212,2.9518815622100547e-05
2026-01-15 16:26:00+00:00,1.0005978083545848,-1.2936661832454891e-05
2026-01-15 16:27:00+00:00,1.0005956706397672,-2.1364376373757197e-06
2026-01-15 16:28:00+00:00,1.0006124043798628,1.6723778231827257e-05
2026-01-15 16:29:00+00:00,1.0006083154146956,-4.086462599612514e-06
2026-01-15 16:30:00+00:00,1.0005697419877817,-3.854997636899035e-05
2026-01-15 16:31:00+00:00,1.0005893401788037,1.958703146777477e-05
2026-01-15 16:32:00+00:00,1.000635022759782,4.5655674255043815e-05
2026-01-15 16:33:00+00:00,1.0006134146540664,-2.1594392784729546e-05
2026-01-15 16:34:00+00:00,1.000627758753001,1.4335305448181216e-05
2026-01-15 16:35:00+00:00,1.0006290417140833,1.282156197416133e-06
2026-01-15 16:36:00+00:00,1.0006146470907376,-1.438557421949813e-05
2026-01-15 16:37:00+00:00,1.000595536020125,-1.9099331264070893e-05
2026-01-15 16:38:00+00:00,1.0006030209656422,7.4804906155505224e-06
2026-01-15 16:39:00+00:00,1.0005946989622818,-8.316988042393608e-06
2026-01-15 16:40:00+00:00,1.00055528039938,-3.939513465601324e-05
2026-01-15 16:41:00+00:00,1.0005501916677086,-5.085907566558569e-06
2026-01-15 16:42:00+00:00,1.0004751898928153,-7.496053223318798e-05
2026-01-15 16:43:00+00:00,1.0005481532873979,7.292873958254152e-05
2026-01-15 16:44:00+00:00,1.0005196013359563,-2.8536309169895647e-05
2026-01-15 16:45:00+00:00,1.0005311538793158,1.1546543760038004e-05
2026-01-15 16:46:00+00:00,1.00054287671505,1.1716612410116258e-05
2026-01-15 16:47:00+00:00,1.000588804712138,4.5903077376306504e-05
2026-01-15 16:48:00+00:00,1.0005652636967468,-2.3527162487133886e-05
2026-01-15 16:49:00+00:00,1.0005860210508273,2.074562733054391e-05
2026-01-15 16:50:00+00:00,1.0006111586408721,2.5122867515690832e-05
2026-01-15 16:51:00+00:00,1.000609370212266,-1.787336259984032e-06
2026-01-15 16:52:00+00:00,1.0006173413760386,7.966309341082795e-06
2026-01-15 16:53:00+00:00,1.0005852161822961,-3.2105373766966594e-05
2026-01-15 16:54:00+00:00,1.0006040348206906,1.8807631863828503e-05
2026-01-15 16:55:00+00:00,1.0006002540293766,-3.7785089630071984e-06
2026-01-15 16:56:00+00:00,1.0005637523598128,-3.647977243341762e-05
2026-01-15 16:57:00+00:00,1.0005461765264454,-1.7565930532624366e-05
2026-01-15 16:58:00+00:00,1.0005485748530316,2.3970173917293354e-06
2026-01-15 16:59:00+00:00,1.000588107213017,3.951068541707608e-05
2026-01-15 17:00:00+00:00,1.0005763256042406,-1.177468399980746e-05
2026-01-15 17:01:00+00:00,1.0006205877741283,4.4236675159261596e-05
2026-01-15 17:02:00+00:00,1.0006147546614466,-5.82949496840273e-06
2026-01-15 17:03:00+00:00,1.0006353561338868,2.0588815369881032e-05
2026-01-15 17:04:00+00:00,1.0006463472815363,1.0984168790614895e-05
2026-01-15 17:05:00+00:00,1.0006411531249673,-5.190801508720259e-06
2026-01-15 17:06:00+00:00,1.000677019976011,3.584386963491018e-05
2026-01-15 17:07:00+00:00,1.0006846012758048,7.576170574943928e-06
2026-01-15 17:08:00+00:00,1.0006856640293949,1.0620265253807256e-06
2026-01-15 17:09:00+00:00,1.0006550919333166,-3.055114825494903e-05
2026-01-15 17:10:00+00:00,1.0006471906185084,-7.896142109181263e-06
2026-01-15 17:11:00+00:00,1.0006515319055027,4.338479171353142e-06
2026-01-15 17:12:00+00:00,1.0006783685987657,2.6819219685748026e-05
2026-01-15 17:13:00+00:00,1.0006618806450818,-1.647677635613984e-05
2026-01-15 17:14:00+00:00,1.0006599110149084,-1.9683273756043294e-06
2026-01-15 17:15:00+00:00,1.000672980753309,1.3061119224185265e-05
2026-01-15 17:16:00+00:00,1.0006480577956982,-2.490619622017212e-05
2026-01-15 17:17:00+00:00,1.0006303998739128,-1.7646485842670477e-05
2026-01-15 17:18:00+00:00,1.0006444485753245,1.4039850691549856e-05
2026-01-15 17:19:00+00:00,1.0006486926704072,4.241361743138647e-06
2026-01-15 17:20:00+00:00,1.0006512167239061,2.522417225406352e-06
2026-01-15 17:21:00+00:00,1.000650360387002,-8.557796060729484e-07
2026-01-15 17:22:00+00:00,1.0006360860726966,-1.4265036890555445e-05
2026-01-15 17:23:00+00:00,1.000640391678103,4.302868411725258e-06
2026-01-15 17:24:00+00:00,1.0006386459501493,-1.7446107196010912e-06
2026-01-15 17:25:00+00:00,1.0006334047163288,-5.237888664115141e-06
2026-01-15 17:26:00+00:00,1.0006222437423482,-1.1153909042085907e-05
2026-01-15 17:27:00+00:00,1.000623938182004,1.6933859568019895e-06
2026-01-15 17:28:00+00:00,1.0006146974060186,-9.235013907527198e-06
2026-01-15 17:29:00+00:00,1.0005989338471066,-1.575387504586945e-05
2026-01-15 17:30:00+00:00,1.0006340162309635,3.506138440678912e-05
2026-01-15 17:31:00+00:00,1.0006138373826576,-2.0166062694799574e-05
2026-01-15 17:32:00+00:00,1.0006125076962387,-1.3288707085146572e-06
2026-01-15 17:33:00+00:00,1.000606277430432,-6.226452056772875e-06
2026-01-15 17:34:00+00:00,1.0005761841341518,-3.007506244863437e-05
2026-01-15 17:35:00+00:00,1.00057876823513,2.582612917479794e-06
2026-01-15 17:36:00+00:00,1.0005946689425764,1.589150994539894e-05
2026-01-15 17:37:00+00:00,1.000553998941663,-4.0645830100662315e-05
2026-01-15 17:38:00+00:00,1.0005489886437455,-5.007523754594764e-06
2026-01-15 17:39:00+00:00,1.0005409260578295,-8.058162076500932e-06
2026-01-15 17:40:00+00:00,1.0005374285413193,-3.4956256352793087e-06
2026-01-15 17:41:00+00:00,1.0005043608849065,-3.304989445638608e-05
2026-01-15 17:42:00+00:00,1.0004542889142731,-5.00467290207076e-05
2026-01-15 17:43:00+00:00,1.0004759044616485,2.1605732130811865e-05
2026-01-15 17:44:00+00:00,1.0005170828143317,4.115876504335391e-05
2026-01-15 17:45:00+00:00,1.0005005937321971,-1.648056032003754e-05
2026-01-15 17:46:00+00:00,1.0004959330630243,-4.658337238230934e-06
2026-01-15 17:47:00+00:00,1.0004689067185548,-2.7012947855602632e-05
2026-01-15 17:48:00+00:00,1.0004693757726182,4.6883422393215183e-07
2026-01-15 17:49:00+00:00,1.0005219831065595,5.258265291779074e-05
2026-01-15 17:50:00+00:00,1.0005052586038248,-1.6715777381240775e-05
2026-01-15 17:51:00+00:00,1.000490166322995,-1.5084659175909937e-05
2026-01-15 17:52:00+00:00,1.0005229627997727,3.278040892499956e-05
2026-01-15 17:53:00+00:00,1.0004992263720203,-2.3724020972088285e-05
2026-01-15 17:54:00+00:00,1.0005208297575563,2.1592605937766298e-05
2026-01-15 17:55:00+00:00,1.0005481899016295,2.7345901513797458e-05
2026-01-15 17:56:00+00:00,1.0005630342158742,1.483618119992241e-05
2026-01-15 17:57:00+00:00,1.000569164798468,6.12713280842131e-06
2026-01-15 17:58:00+00:00,1.0005470906441731,-2.2061597610072754e-05
2026-01-15 17:59:00+00:00,1.0005513169629645,4.224007876107508e-06
2026-01-15 18:00:00+00:00,1.0005935706268652,4.223038157500312e-05
2026-01-15 18:01:00+00:00,1.0005755281430326,-1.8031780697135066e-05
2026-01-15 18:02:00+00:00,1.0005837720897952,8.239204868295158e-06
2026-01-15 18:03:00+00:00,1.0006451388594695,6.133096636795115e-05
2026-01-15 18:04:00+00:00,1.0005977081704174,-4.740010939947314e-05
2026-01-15 18:05:00+00:00,1.000609244558191,1.1529496499347606e-05
2026-01-15 18:06:00+00:00,1.0005785056167475,-3.0720225313260505e-05
2026-01-15 18:07:00+00:00,1.000571640598015,-6.861049576909562e-06
2026-01-15 18:08:00+00:00,1.0005645145913278,-7.121935499729285e-06
2026-01-15 18:09:00+00:00,1.000578359382003,1.383697949845355e-05
2026-01-15 18:10:00+00:00,1.0007315482971617,0.00015310036812424618
2026-01-15 18:11:00+00:00,1.0007315482971617,0.0
2026-01-15 18:12:00+00:00,1.0007315482971617,-0.0
2026-01-15 18:13:00+00:00,1.0007315482971617,0.0
2026-01-15 18:14:00+00:00,1.0007315482971617,0.0
2026-01-15 18:15:00+00:00,1.0007315482971617,-0.0
2026-01-15 18:16:00+00:00,1.0007315482971617,-0.0
2026-01-15 18:17:00+00:00,1.0007315482971617,0.0
2026-01-15 18:18:00+00:00,1.0007315482971617,-0.0
2026-01-15 18:19:00+00:00,1.0007315482971617,-0.0
2026-01-15 18:20:00+00:00,1.0007315482971617,0.0
2026-01-15 18:21:00+00:00,1.0007315482971617,-0.0
2026-01-15 18:22:00+00:00,1.0007315482971617,0.0
2026-01-15 18:23:00+00:00,1.0007315482971617,0.0
2026-01-15 18:24:00+00:00,1.0007315482971617,-0.0
2026-01-15 18:25:00+00:00,1.0007315482971617,0.0
2026-01-15 18:26:00+00:00,1.0007315482971617,0.0
2026-01-15 18:27:00+00:00,1.0007315482971617,-0.0
2026-01-15 18:28:00+00:00,1.0007315482971617,0.0
2026-01-15 18:29:00+00:00,1.0007315482971617,0.0
2026-01-15 18:30:00+00:00,1.0007315482971617,0.0
2026-01-15 18:31:00+00:00,1.0007315482971617,-0.0
2026-01-15 18:32:00+00:00,1.0007315482971617,-0.0
2026-01-15 18:33:00+00:00,1.0007315482971617,-0.0
2026-01-15 18:34:00+00:00,1.0007315482971617,-0.0
2026-01-15 18:35:00+00:00,1.0007315482971617,0.0
2026-01-15 18:36:00+00:00,1.0007315482971617,-0.0
2026-01-15 18:37:00+00:00,1.0007315482971617,-0.0
2026-01-15 18:38:00+00:00,1.0007315482971617,0.0
2026-01-15 18:39:00+00:00,1.0007315482971617,-0.0
2026-01-15 18:40:00+00:00,1.0007315482971617,-0.0
2026-01-15 18:41:00+00:00,1.0007315482971617,0.0
2026-01-15 18:42:00+00:00,1.0007315482971617,0.0
2026-01-15 18:43:00+00:00,1.0007315482971617,-0.0
2026-01-15 18:44:00+00:00,1.0007315482971617,0.0
2026-01-15 18:45:00+00:00,1.0007315482971617,0.0
2026-01-15 18:46:00+00:00,1.0007315482971617,-0.0
2026-01-15 18:47:00+00:00,1.0007315482971617,-0.0
2026-01-15 18:48:00+00:00,1.0007315482971617,-0.0
2026-01-15 18:49:00+00:00,1.0007315482971617,0.0
2026-01-15 18:50:00+00:00,1.0007315482971617,-0.0
2026-01-15 18:51:00+00:00,1.0007315482971617,-0.0
2026-01-15 18:52:00+00:00,1.0007315482971617,0.0
2026-01-15 18:53:00+00:00,1.0007315482971617,-0.0
2026-01-15 18:54:00+00:00,1.0007315482971617,-0.0
2026-01-15 18:55:00+00:00,1.0007315482971617,0.0
2026-01-15 18:56:00+00:00,1.0007315482971617,0.0
2026-01-15 18:57:00+00:00,1.0007315482971617,-0.0
2026-01-15 18:58:00+00:00,1.0007315482971617,0.0
2026-01-15 18:59:00+00:00,1.0007315482971617,-0.0
2026-01-15 19:00:00+00:00,1.0007315482971617,-0.0
2026-01-15 19:01:00+00:00,1.0007315482971617,-0.0
2026-01-15 19:02:00+00:00,1.0007315482971617,-0.0
2026-01-15 19:03:00+00:00,1.0007315482971617,0.0
2026-01-15 19:04:00+00:00,1.0007315482971617,0.0
2026-01-15 19:05:00+00:00,1.0007315482971617,0.0
2026-01-15 19:06:00+00:00,1.0007315482971617,0.0
2026-01-15 19:07:00+00:00,1.0007315482971617,-0.0
2026-01-15 19:08:00+00:00,1.0007315482971617,0.0
2026-01-15 19:09:00+00:00,1.0007315482971617,0.0
2026-01-15 19:10:00+00:00,1.0007315482971617,0.0
2026-01-15 19:11:00+00:00,1.0007315482971617,-0.0
2026-01-15 19:12:00+00:00,1.0007315482971617,0.0
2026-01-15 19:13:00+00:00,1.0007315482971617,-0.0
2026-01-15 19:14:00+00:00,1.0007315482971617,-0.0
2026-01-15 19:15:00+00:00,1.0007315482971617,-0.0
2026-01-15 19:16:00+00:00,1.0007315482971617,-0.0
2026-01-15 19:17:00+00:00,1.0007315482971617,0.0
2026-01-15 19:18:00+00:00,1.0007315482971617,0.0
2026-01-15 19:19:00+00:00,1.0007315482971617,-0.0
2026-01-15 19:20:00+00:00,1.0007315482971617,-0.0
2026-01-15 19:21:00+00:00,1.0007315482971617,0.0
2026-01-15 19:22:00+00:00,1.0007315482971617,0.0
2026-01-15 19:23:00+00:00,1.0007315482971617,-0.0
2026-01-15 19:24:00+00:00,1.0007315482971617,-0.0
2026-01-15 19:25:00+00:00,1.00070198913876,-2.9537550257108394e-05
2026-01-15 19:26:00+00:00,1.0006892467098507,-1.2733490137594489e-05
2026-01-15 19:27:00+00:00,1.0006962689652723,7.017418688863744e-06
2026-01-15 19:28:00+00:00,1.000688875760291,-7.388060903707171e-06
2026-01-15 19:29:00+00:00,1.0006624148552687,-2.644268929467345e-05
2026-01-15 19:30:00+00:00,1.0006325357224932,-2.985935349624389e-05
2026-01-15 19:31:00+00:00,1.0005608999382172,-7.159050072703316e-05
2026-01-15 19:32:00+00:00,1.000597332849661,3.641248768170433e-05
2026-01-15 19:33:00+00:00,1.0006289829637713,3.163121974360342e-05
2026-01-15 19:34:00+00:00,1.0006505839605884,2.1587418698306462e-05
2026-01-15 19:35:00+00:00,1.0006281189149848,-2.2450439707650177e-05
2026-01-15 19:36:00+00:00,1.0006130111363278,-1.5098295132202304e-05
2026-01-15 19:37:00+00:00,1.0006242851529519,1.1267109760182687e-05
2026-01-15 19:38:00+00:00,1.00058693603177,-3.732581922707476e-05
2026-01-15 19:39:00+00:00,1.00058920023235,2.2628724185766025e-06
2026-01-15 19:40:00+00:00,1.0006364521331024,4.722407631572991e-05
2026-01-15 19:41:00+00:00,1.000608246583689,-2.818760934933833e-05
2026-01-15 19:42:00+00:00,1.0006211116868273,1.28572827400752e-05
2026-01-15 19:43:00+00:00,1.0006215121074455,4.001720666368249e-07
2026-01-15 19:44:00+00:00,1.000628578009412,7.061513150436626e-06
2026-01-15 19:45:00+00:00,1.0006511166778205,2.2524509996997785e-05
2026-01-15 19:46:00+00:00,1.0006625963714004,1.1472223823482322e-05
2026-01-15 19:47:00+00:00,1.0006506070604548,-1.1981372131872293e-05
2026-01-15 19:48:00+00:00,1.0006942441150526,4.3608682481175537e-05
2026-01-15 19:49:00+00:00,1.0007064130662446,1.2160508830347704e-05
2026-01-15 19:50:00+00:00,1.0007439785062024,3.7538921972919605e-05
2026-01-15 19:51:00+00:00,1.0007341456280867,-9.825568104402627e-06
2026-01-15 19:52:00+00:00,1.0007008897617022,-3.3231469646430355e-05
2026-01-15 19:53:00+00:00,1.0007094326000483,8.53685495186711e-06
2026-01-15 19:54:00+00:00,1.0007067520971957,-2.678602564497727e-06
2026-01-15 19:55:00+00:00,1.0006907181677653,-1.602260542043359e-05
2026-01-15 19:56:00+00:00,1.0006774218056296,-1.328718443612021e-05
2026-01-15 19:57:00+00:00,1.0006524074523295,-2.499741950295274e-05
2026-01-15 19:58:00+00:00,1.0006483789240521,-4.025901749201675e-06
2026-01-15 19:59:00+00:00,1.0006785425077787,3.0144038966861223e-05
2026-01-15 20:00:00+00:00,1.0006476023687363,-3.09191590787099e-05
2026-01-15 20:01:00+00:00,1.000650356576316,2.752425102677496e-06
2026-01-15 20:02:00+00:00,1.0006677343666612,1.73664959304017e-05
2026-01-15 20:03:00+00:00,1.0006744709021873,6.732040311398486e-06
2026-01-15 20:04:00+00:00,1.0006928269866915,1.8343712204103845e-05
2026-01-15 20:05:00+00:00,1.0006815948661294,-1.122434403363869e-05
2026-01-15 20:06:00+00:00,1.0006825804886792,9.849512121182396e-07
2026-01-15 20:07:00+00:00,1.0006771251366064,-5.451630895792488e-06
2026-01-15 20:08:00+00:00,1.0006860648642275,8.93367840282668e-06
2026-01-15 20:09:00+00:00,1.0006923422768257,6.273108838497505e-06
2026-01-15 20:10:00+00:00,1.0006531958025644,-3.911939025347029e-05
2026-01-15 20:11:00+00:00,1.0006936054021103,4.0383221395132895e-05
2026-01-15 20:12:00+00:00,1.000688039266096,-5.5622779881832804e-06
2026-01-15 20:13:00+00:00,1.0006954528361545,7.408472738494126e-06
2026-01-15 20:14:00+00:00,1.0006866430480301,-8.803665590163932e-06
2026-01-15 20:15:00+00:00,1.0007090039373439,2.2345545900041924e-05
2026-01-15 20:16:00+00:00,1.0006878805977193,-2.1108373704528946e-05
2026-01-15 20:17:00+00:00,1.0006973887371993,9.501603511369088e-06
2026-01-15 20:18:00+00:00,1.0006950471817249,-2.339923637976567e-06
2026-01-15 20:19:00+00:00,1.000675468803017,-1.956478026232097e-05
2026-01-15 20:20:00+00:00,1.0006785869465793,3.1160387751787867e-06
2026-01-15 20:21:00+00:00,1.0006732286873896,-5.3546256106255405e-06
2026-01-15 20:22:00+00:00,1.0006909500546997,1.7709444803709828e-05
2026-01-15 20:23:00+00:00,1.0006863203224483,-4.626535546489056e-06
2026-01-15 20:24:00+00:00,1.000674604157307,-1.1708129614008332e-05
2026-01-15 20:25:00+00:00,1.0006454984835074,-2.9086052227725287e-05
2026-01-15 20:26:00+00:00,1.0006517687814216,6.266253057263049e-06
2026-01-15 20:27:00+00:00,1.0006512796062192,-4.888565809345858e-07
2026-01-15 20:28:00+00:00,1.0005915266623593,-5.9714053314741095e-05
2026-01-15 20:29:00+00:00,1.0005920489333362,5.219622222927886e-07
2026-01-15 20:30:00+00:00,1.000612195173773,2.0134319934099576e-05
2026-01-15 20:31:00+00:00,1.0006048351973347,-7.3554734528762005e-06
2026-01-15 20:32:00+00:00,1.0005891419665067,-1.568374474697493e-05
2026-01-15 20:33:00+00:00,1.000583456872288,-5.681746863055713e-06
2026-01-15 20:34:00+00:00,1.0006064585086896,2.2988223764236128e-05
2026-01-15 20:35:00+00:00,1.0006411792346066,3.469968199945431e-05
2026-01-15 20:36:00+00:00,1.0006535856916419,1.2398507369880329e-05
2026-01-15 20:37:00+00:00,1.0006549937488634,1.4071375364859977e-06
2026-01-15 20:38:00+00:00,1.0006694776146376,1.4474385142349864e-05
2026-01-15 20:39:00+00:00,1.0006885919569433,1.910155424252765e-05
2026-01-15 20:40:00+00:00,1.0006882075165033,-3.841758993906757e-07
2026-01-15 20:41:00+00:00,1.000686710699977,-1.4957871143898876e-06
2026-01-15 20:42:00+00:00,1.0007070656386723,2.034097033313119e-05
2026-01-15 20:43:00+00:00,1.0006994971867162,-7.563104344821292e-06
2026-01-15 20:44:00+00:00,1.0007017084791172,2.2097466894978267e-06
2026-01-15 20:45:00+00:00,1.0007134129791846,1.1696292679703423e-05
2026-01-15 20:46:00+00:00,1.0006990975844259,-1.430518925101359e-05
2026-01-15 20:47:00+00:00,1.000719849076877,2.0736995267919656e-05
2026-01-15 20:48:00+00:00,1.0007133459066853,-6.4984922580474815e-06
2026-01-15 20:49:00+00:00,1.0006938384419966,-1.9493559038046698e-05
2026-01-15 20:50:00+00:00,1.0006800904173618,-1.3738492340645063e-05
2026-01-15 20:51:00+00:00,1.000700424173516,2.0319936759831315e-05
2026-01-15 20:52:00+00:00,1.0007003551409275,-6.898427014598207e-08
2026-01-15 20:53:00+00:00,1.0007074889573069,7.128823671101965e-06
2026-01-15 20:54:00+00:00,1.0007009451562863,-6.539174626744578e-06
2026-01-15 20:55:00+00:00,1.0006923759168331,-8.563237093627315e-06
2026-01-15 20:56:00+00:00,1.000690108992,-2.2653563549508604e-06
2026-01-15 20:57:00+00:00,1.0006994929080102,9.37744455161524e-06
2026-01-15 20:58:00+00:00,1.0006778022219898,-2.1675524145156167e-05
2026-01-15 20:59:00+00:00,1.0007085620288523,3.073897191888135e-05
2026-01-15 21:00:00+00:00,1.0007069183807868,-1.6424842634301461e-06
2026-01-15 21:01:00+00:00,1.000732781271815,2.584462099047957e-05
2026-01-15 21:02:00+00:00,1.0007436617610996,1.087252210423994e-05
2026-01-15 21:03:00+00:00,1.000711678310367,-3.195968353822458e-05
2026-01-15 21:04:00+00:00,1.0006967776813527,-1.4890032101436423e-05
2026-01-15 21:05:00+00:00,1.0006693366430932,-2.7421931269666722e-05
2026-01-15 21:06:00+00:00,1.0006784468280745,9.104091279394648e-06
2026-01-15 21:07:00+00:00,1.0007168982168575,3.842531924717488e-05
2026-01-15 21:08:00+00:00,1.000708980600441,-7.911944357697651e-06
2026-01-15 21:09:00+00:00,1.000708586247527,-3.94073523679857e-07
2026-01-15 21:10:00+00:00,1.0007137805440562,5.190618528383489e-06
2026-01-15 21:11:00+00:00,1.0007009540066363,-1.2817388617278185e-05
2026-01-15 21:12:00+00:00,1.0006954637057988,-5.486455084953471e-06
2026-01-15 21:13:00+00:00,1.0007079138172392,1.2441458857350826e-05
2026-01-15 21:14:00+00:00,1.0007096480053101,1.7329612835505763e-06
2026-01-15 21:15:00+00:00,1.0007114876242393,1.838314373069184e-06
2026-01-15 21:16:00+00:00,1.000703063149173,-8.418485418197544e-06
2026-01-15 21:17:00+00:00,1.000709056972894,5.9896126450962e-06
2026-01-15 21:18:00+00:00,1.0007159270390416,6.865198330758918e-06
2026-01-15 21:19:00+00:00,1.000711006805585,-4.916713448440695e-06
2026-01-15 21:20:00+00:00,1.000714562724475,3.553392403941289e-06
2026-01-15 21:21:00+00:00,1.000709663657341,-4.895568942760258e-06
2026-01-15 21:22:00+00:00,1.0006928974695068,-1.675429791777005e-05
2026-01-15 21:23:00+00:00,1.0006871615275448,-5.731970294326659e-06
2026-01-15 21:24:00+00:00,1.0006883204412935,1.1581179346609405e-06
2026-01-15 21:25:00+00:00,1.0007010414988495,1.2712307414993048e-05
2026-01-15 21:26:00+00:00,1.0006969011559743,-4.137442356410576e-06
2026-01-15 21:27:00+00:00,1.0006976165433104,7.148891290074509e-07
2026-01-15 21:28:00+00:00,1.0007102662788716,1.2640917048460226e-05
2026-01-15 21:29:00+00:00,1.0007157066465304,5.436506291912684e-06
2026-01-15 21:30:00+00:00,1.0007094753687056,-6.22682124736823e-06
2026-01-15 21:31:00+00:00,1.0007280803160428,1.8591756943452537e-05
2026-01-15 21:32:00+00:00,1.000723767918844,-4.309259711382586e-06
2026-01-15 21:33:00+00:00,1.0007353381674273,1.1561880465110322e-05
2026-01-15 21:34:00+00:00,1.0007299283124533,-5.405879824283715e-06
2026-01-15 21:35:00+00:00,1.0007308506979824,9.217127446855831e-07
2026-01-15 21:36:00+00:00,1.0007265391425038,-4.308406676644182e-06
2026-01-15 21:37:00+00:00,1.000730264177109,3.7223301865107934e-06
2026-01-15 21:38:00+00:00,1.000727227761506,-3.034199835570168e-06
2026-01-15 21:39:00+00:00,1.0007154006548804,-1.1818511875576931e-05
2026-01-15 21:40:00+00:00,1.000746896251757,3.1473081013789917e-05
2026-01-15 21:41:00+00:00,1.000722798797614,-2.4079469277784486e-05
2026-01-15 21:42:00+00:00,1.0007226210252225,-1.7764399068107668e-07
2026-01-15 21:43:00+00:00,1.000699977753987,-2.2626920546976662e-05
2026-01-15 21:44:00+00:00,1.0007141557084756,1.4168037177916042e-05
2026-01-15 21:45:00+00:00,1.0007350397468082,2.0869134521146477e-05
2026-01-15 21:46:00+00:00,1.0007506727809832,1.562155171361798e-05
2026-01-15 21:47:00+00:00,1.0007181848730504,-3.246353843794414e-05
2026-01-15 21:48:00+00:00,1.0007038242989474,-1.4350267957693635e-05
2026-01-15 21:49:00+00:00,1.0007271490016845,2.3308297790627008e-05
2026-01-15 21:50:00+00:00,1.0006975548726402,-2.9572625339200992e-05
2026-01-15 21:51:00+00:00,1.0006915317517495,-6.018922362117418e-06
2026-01-15 21:52:00+00:00,1.0007297679938976,3.820981884524846e-05
2026-01-15 21:53:00+00:00,1.0007222432260652,-7.519280502090474e-06
2026-01-15 21:54:00+00:00,1.000749172927205,2.6910265383112934e-05
2026-01-15 21:55:00+00:00,1.0007647839409872,1.5599327188450017e-05
2026-01-15 21:56:00+00:00,1.000746612533222,-1.8157521184537374e-05
2026-01-15 21:57:00+00:00,1.0007824099524867,3.577071240243037e-05
2026-01-15 21:58:00+00:00,1.0007871600522145,4.7463861081191276e-06
2026-01-15 21:59:00+00:00,1.000800779601369,1.3608836821650495e-05
2026-01-15 22:00:00+00:00,1.000776396594294,-2.436349728339008e-05
2026-01-15 22:01:00+00:00,1.0007639912172845,-1.239575298897347e-05
2026-01-15 22:02:00+00:00,1.0007543763840558,-9.607493188289358e-06
2026-01-15 22:03:00+00:00,1.0007638554802576,9.47195078570758e-06
2026-01-15 22:04:00+00:00,1.000747677537148,-1.6165594931221066e-05
2026-01-15 22:05:00+00:00,1.000757924626151,1.0239433208781317e-05
2026-01-15 22:06:00+00:00,1.0007543478932608,-3.5740240493428987e-06
2026-01-15 22:07:00+00:00,1.0007704213183297,1.6061309254133895e-05
2026-01-15 22:08:00+00:00,1.0007721626905626,1.7400316755048127e-06
2026-01-15 22:09:00+00:00,1.00076381096888,-8.345277770473344e-06
2026-01-15 22:10:00+00:00,1.0007437538677815,-2.0041792957166837e-05
2026-01-15 22:11:00+00:00,1.0007352988428238,-8.448741173880853e-06
2026-01-15 22:12:00+00:00,1.0007430575218919,7.752978311996116e-06
2026-01-15 22:13:00+00:00,1.0007938139054815,5.071869668040194e-05
2026-01-15 22:14:00+00:00,1.0007580058340961,-3.577966898649019e-05
2026-01-15 22:15:00+00:00,1.0007372881209056,-2.070202093788249e-05
2026-01-15 22:16:00+00:00,1.000801145558277,6.381039072835192e-05
2026-01-15 22:17:00+00:00,1.0007816754737617,-1.9454498630165715e-05
2026-01-15 22:18:00+00:00,1.0007816754737617,-0.0
2026-01-15 22:19:00+00:00,1.0007816754737617,0.0
2026-01-15 22:20:00+00:00,1.0007816754737617,0.0
2026-01-15 22:21:00+00:00,1.0007816754737617,-0.0
2026-01-15 22:22:00+00:00,1.0007816754737617,0.0
2026-01-15 22:23:00+00:00,1.0007816754737617,0.0
2026-01-15 22:24:00+00:00,1.0007816754737617,0.0
2026-01-15 22:25:00+00:00,1.0007816754737617,-0.0
2026-01-15 22:26:00+00:00,1.0007816754737617,-0.0
2026-01-15 22:27:00+00:00,1.0007816754737617,0.0
2026-01-15 22:28:00+00:00,1.0007816754737617,-0.0
2026-01-15 22:29:00+00:00,1.0007816754737617,-0.0
2026-01-15 22:30:00+00:00,1.0007816754737617,-0.0
2026-01-15 22:31:00+00:00,1.0007816754737617,-0.0
2026-01-15 22:32:00+00:00,1.0007816754737617,0.0
2026-01-15 22:33:00+00:00,1.0007816754737617,-0.0
2026-01-15 22:34:00+00:00,1.0007816754737617,0.0
2026-01-15 22:35:00+00:00,1.0007816754737617,0.0
2026-01-15 22:36:00+00:00,1.0007816754737617,-0.0
2026-01-15 22:37:00+00:00,1.0007816754737617,0.0
2026-01-15 22:38:00+00:00,1.0007816754737617,-0.0
2026-01-15 22:39:00+00:00,1.0007816754737617,-0.0
2026-01-15 22:40:00+00:00,1.0007816754737617,-0.0
2026-01-15 22:41:00+00:00,1.0007816754737617,-0.0
2026-01-15 22:42:00+00:00,1.0007816754737617,0.0
2026-01-15 22:43:00+00:00,1.0007816754737617,0.0
2026-01-15 22:44:00+00:00,1.0007816754737617,0.0
2026-01-15 22:45:00+00:00,1.0007816754737617,-0.0
2026-01-15 22:46:00+00:00,1.0007816754737617,0.0
2026-01-15 22:47:00+00:00,1.0007816754737617,-0.0
2026-01-15 22:48:00+00:00,1.0007816754737617,0.0
2026-01-15 22:49:00+00:00,1.0007816754737617,-0.0
2026-01-15 22:50:00+00:00,1.0007816754737617,0.0
2026-01-15 22:51:00+00:00,1.0007816754737617,0.0
2026-01-15 22:52:00+00:00,1.0007816754737617,-0.0
2026-01-15 22:53:00+00:00,1.0007816754737617,-0.0
2026-01-15 22:54:00+00:00,1.0007816754737617,0.0
2026-01-15 22:55:00+00:00,1.0007816754737617,-0.0
2026-01-15 22:56:00+00:00,1.0007816754737617,0.0
2026-01-15 22:57:00+00:00,1.0007816754737617,0.0
2026-01-15 22:58:00+00:00,1.0007816754737617,-0.0
2026-01-15 22:59:00+00:00,1.0007816754737617,-0.0
2026-01-15 23:00:00+00:00,1.0007816754737617,0.0
2026-01-15 23:01:00+00:00,1.0007816754737617,0.0
2026-01-15 23:02:00+00:00,1.0007816754737617,-0.0
2026-01-15 23:03:00+00:00,1.0007816754737617,0.0
2026-01-15 23:04:00+00:00,1.0007816754737617,-0.0
2026-01-15 23:05:00+00:00,1.0007816754737617,0.0
2026-01-15 23:06:00+00:00,1.0007816754737617,-0.0
2026-01-15 23:07:00+00:00,1.0007816754737617,0.0
2026-01-15 23:08:00+00:00,1.0007816754737617,0.0
2026-01-15 23:09:00+00:00,1.0007816754737617,-0.0
2026-01-15 23:10:00+00:00,1.0007816754737617,-0.0
2026-01-15 23:11:00+00:00,1.0007816754737617,0.0
2026-01-15 23:12:00+00:00,1.0007816754737617,-0.0
2026-01-15 23:13:00+00:00,1.0007816754737617,0.0
2026-01-15 23:14:00+00:00,1.0007816754737617,-0.0
2026-01-15 23:15:00+00:00,1.0007816754737617,-0.0
2026-01-15 23:16:00+00:00,1.0007816754737617,-0.0
2026-01-15 23:17:00+00:00,1.0007816754737617,-0.0
2026-01-15 23:18:00+00:00,1.0007816754737617,0.0
2026-01-15 23:19:00+00:00,1.0007816754737617,-0.0
2026-01-15 23:20:00+00:00,1.0007816754737617,0.0
2026-01-15 23:21:00+00:00,1.0007816754737617,0.0
2026-01-15 23:22:00+00:00,1.0007816754737617,0.0
2026-01-15 23:23:00+00:00,1.0007816754737617,-0.0
2026-01-15 23:24:00+00:00,1.0007816754737617,0.0
2026-01-15 23:25:00+00:00,1.0007816754737617,-0.0
2026-01-15 23:26:00+00:00,1.0007816754737617,0.0
2026-01-15 23:27:00+00:00,1.0007816754737617,-0.0
2026-01-15 23:28:00+00:00,1.0007816754737617,0.0
2026-01-15 23:29:00+00:00,1.0007816754737617,-0.0
2026-01-15 23:30:00+00:00,1.0007816754737617,0.0
2026-01-15 23:31:00+00:00,1.0007816754737617,-0.0
2026-01-15 23:32:00+00:00,1.0007816754737617,0.0
2026-01-15 23:33:00+00:00,1.0007816754737617,0.0
2026-01-15 23:34:00+00:00,1.0007816754737617,-0.0
2026-01-15 23:35:00+00:00,1.0007816754737617,-0.0
2026-01-15 23:36:00+00:00,1.0007816754737617,0.0
2026-01-15 23:37:00+00:00,1.0007816754737617,0.0
2026-01-15 23:38:00+00:00,1.0007816754737617,0.0
2026-01-15 23:39:00+00:00,1.0007816754737617,0.0
2026-01-15 23:40:00+00:00,1.0007816754737617,-0.0
2026-01-15 23:41:00+00:00,1.0007816754737617,0.0
2026-01-15 23:42:00+00:00,1.0007816754737617,0.0
2026-01-15 23:43:00+00:00,1.0007816754737617,0.0
2026-01-15 23:44:00+00:00,1.0007816754737617,0.0
2026-01-15 23:45:00+00:00,1.0007816754737617,0.0
2026-01-15 23:46:00+00:00,1.0007816754737617,-0.0
2026-01-15 23:47:00+00:00,1.0007816754737617,0.0
2026-01-15 23:48:00+00:00,1.0007816754737617,0.0
2026-01-15 23:49:00+00:00,1.0007816754737617,0.0
2026-01-15 23:50:00+00:00,1.0007816754737617,0.0
2026-01-15 23:51:00+00:00,1.0007816754737617,-0.0
2026-01-15 23:52:00+00:00,1.0007816754737617,0.0
2026-01-15 23:53:00+00:00,1.0007816754737617,0.0
2026-01-15 23:54:00+00:00,1.0007816754737617,0.0
2026-01-15 23:55:00+00:00,1.0007816754737617,-0.0
2026-01-15 23:56:00+00:00,1.0007816754737617,-0.0
2026-01-15 23:57:00+00:00,1.0007816754737617,0.0
2026-01-15 23:58:00+00:00,1.0007816754737617,0.0
2026-01-15 23:59:00+00:00,1.0007816754737617,0.0
2026-01-16 00:00:00+00:00,1.0007816754737617,-0.0
2026-01-16 00:01:00+00:00,1.0007816754737617,0.0
2026-01-16 00:02:00+00:00,1.0007816754737617,0.0
2026-01-16 00:03:00+00:00,1.0007816754737617,0.0
2026-01-16 00:04:00+00:00,1.0007816754737617,-0.0
2026-01-16 00:05:00+00:00,1.0007816754737617,0.0
2026-01-16 00:06:00+00:00,1.0007596203103732,-2.203793687372109e-05
2026-01-16 00:07:00+00:00,1.0007888759651378,2.923344844331865e-05
2026-01-16 00:08:00+00:00,1.00078290013337,-5.971121293816525e-06
2026-01-16 00:09:00+00:00,1.0007869917634555,4.088429253832977e-06
2026-01-16 00:10:00+00:00,1.0007861022755995,-8.887883869314767e-07
2026-01-16 00:11:00+00:00,1.0007832144195512,-2.8855876812120535e-06
2026-01-16 00:12:00+00:00,1.0007892651521848,6.045997321309779e-06
2026-01-16 00:13:00+00:00,1.000779912450708,-9.34532553699492e-06
2026-01-16 00:14:00+00:00,1.000773277962681,-6.629317739497635e-06
2026-01-16 00:15:00+00:00,1.0007535436404726,-1.9719073883052314e-05
2026-01-16 00:16:00+00:00,1.0007454265411528,-8.110987336917399e-06
2026-01-16 00:17:00+00:00,1.0007386928046198,-6.728720765896838e-06
2026-01-16 00:18:00+00:00,1.0007391586129322,4.654644772450446e-07
2026-01-16 00:19:00+00:00,1.000754491362024,1.5321424129405463e-05
2026-01-16 00:20:00+00:00,1.0007616303606206,7.133616344539958e-06
2026-01-16 00:21:00+00:00,1.0007569546197066,-4.672182438011106e-06
2026-01-16 00:22:00+00:00,1.0007452664964094,-1.1679282610345193e-05
2026-01-16 00:23:00+00:00,1.0007631982422707,1.7918391884241526e-05
2026-01-16 00:24:00+00:00,1.000803647363403,4.041827397666109e-05
2026-01-16 00:25:00+00:00,1.0007822626389022,-2.1367552523526457e-05
2026-01-16 00:26:00+00:00,1.0007831723266372,9.089766762627797e-07
2026-01-16 00:27:00+00:00,1.0007947910006816,1.1609581741283248e-05
2026-01-16 00:28:00+00:00,1.0007674411415617,-2.7328138961032324e-05
2026-01-16 00:29:00+00:00,1.000773911203023,6.465099877730624e-06
2026-01-16 00:30:00+00:00,1.0007657321042074,-8.172773814407937e-06
2026-01-16 00:31:00+00:00,1.000776420981668,1.0680698906554719e-05
2026-01-16 00:32:00+00:00,1.0007529030763926,-2.3499659646547065e-05
2026-01-16 00:33:00+00:00,1.000755409959725,2.5049973120748482e-06
2026-01-16 00:34:00+00:00,1.0007454741058612,-9.928353886343773e-06
2026-01-16 00:35:00+00:00,1.0007358835901004,-9.583371605362177e-06
2026-01-16 00:36:00+00:00,1.0007445099787569,8.620045306662905e-06
2026-01-16 00:37:00+00:00,1.0007602154080768,1.569374517016619e-05
2026-01-16 00:38:00+00:00,1.0007437428161823,-1.6460078689205242e-05
2026-01-16 00:39:00+00:00,1.000744506859746,7.634757340881405e-07
2026-01-16 00:40:00+00:00,1.0007396316002408,-4.871632541263775e-06
2026-01-16 00:41:00+00:00,1.0007577085249084,1.806356428457081e-05
2026-01-16 00:42:00+00:00,1.0007541513213216,-3.5545103039270642e-06
2026-01-16 00:43:00+00:00,1.000731386263111,-2.274790284962871e-05
2026-01-16 00:44:00+00:00,1.0007372244854467,5.8339554606773834e-06
2026-01-16 00:45:00+00:00,1.0007628241484565,2.5580804214641125e-05
2026-01-16 00:46:00+00:00,1.0007685653047935,5.736780182542255e-06
2026-01-16 00:47:00+00:00,1.0007466158217115,-2.1932626426243454e-05
2026-01-16 00:48:00+00:00,1.00076395658377,1.7327824830259048e-05
2026-01-16 00:49:00+00:00,1.0007693179782153,5.357301699445436e-06
2026-01-16 00:50:00+00:00,1.0007809191250374,1.1592228712139248e-05
2026-01-16 00:51:00+00:00,1.0007771092387565,-3.8069133895770333e-06
2026-01-16 00:52:00+00:00,1.0007910872029537,1.3967110226920334e-05
2026-01-16 00:53:00+00:00,1.0007727405155888,-1.833218500788961e-05
2026-01-16 00:54:00+00:00,1.0007821627349451,9.414944047579073e-06
2026-01-16 00:55:00+00:00,1.0008187710068845,3.657966069208834e-05
2026-01-16 00:56:00+00:00,1.0008123194965899,-6.446232306545665e-06
2026-01-16 00:57:00+00:00,1.0008061938101591,-6.120714455015318e-06
2026-01-16 00:58:00+00:00,1.0008100761824559,3.879244873477011e-06
2026-01-16 00:59:00+00:00,1.0008041885303713,-5.882886498230082e-06
2026-01-16 01:00:00+00:00,1.0008045657133144,3.768798607510461e-07
2026-01-16 01:01:00+00:00,1.000809458133026,4.888486602873489e-06
2026-01-16 01:02:00+00:00,1.0008018194905475,-7.632464318199355e-06
2026-01-16 01:03:00+00:00,1.0008114521936897,9.624985641070248e-06
2026-01-16 01:04:00+00:00,1.0008030490975208,-8.396282986596745e-06
2026-01-16 01:05:00+00:00,1.000798933479571,-4.1123155584667206e-06
2026-01-16 01:06:00+00:00,1.000827555901792,2.8599573064621942e-05
2026-01-16 01:07:00+00:00,1.0008209866471904,-6.563822671447087e-06
2026-01-16 01:08:00+00:00,1.0008133195855071,-7.660772291543453e-06
2026-01-16 01:09:00+00:00,1.0008224089707702,9.081998695652376e-06
2026-01-16 01:10:00+00:00,1.0008286120418886,6.1979738489457764e-06
2026-01-16 01:11:00+00:00,1.0008265972219215,-2.013151845205275e-06
2026-01-16 01:12:00+00:00,1.0008277542742292,1.1560966815305606e-06
2026-01-16 01:13:00+00:00,1.0008129265447665,-1.4815465897490808e-05
2026-01-16 01:14:00+00:00,1.0008121232143736,-8.026778745801546e-07
2026-01-16 01:15:00+00:00,1.0008248079524258,1.2674444841196549e-05
2026-01-16 01:16:00+00:00,1.0008108278626588,-1.3968568380725429e-05
2026-01-16 01:17:00+00:00,1.0007965638839609,-1.4252422436668753e-05
2026-01-16 01:18:00+00:00,1.0008025435814478,5.974938066960203e-06
2026-01-16 01:19:00+00:00,1.0008113668910084,8.81623414846204e-06
2026-01-16 01:20:00+00:00,1.0008104422396464,-9.239017385458799e-07
2026-01-16 01:21:00+00:00,1.000817872903689,7.424646795255443e-06
2026-01-16 01:22:00+00:00,1.0008177128005178,-1.5997233417349328e-07
2026-01-16 01:23:00+00:00,1.0007975994630651,-2.0096903957136303e-05
2026-01-16 01:24:00+00:00,1.0007952971705707,-2.300457650630434e-06
2026-01-16 01:25:00+00:00,1.0007890505620005,-6.2416446078324346e-06
2026-01-16 01:26:00+00:00,1.0008077841041458,1.871877208777667e-05
2026-01-16 01:27:00+00:00,1.0007835126754585,-2.4251838437827828e-05
2026-01-16 01:28:00+00:00,1.0007833588767112,-1.5367833830982622e-07
2026-01-16 01:29:00+00:00,1.0007515235816218,-3.181037614896581e-05
2026-01-16 01:30:00+00:00,1.0007315266717716,-1.9981892986391653e-05
2026-01-16 01:31:00+00:00,1.000758185393092,2.663923401024085e-05
2026-01-16 01:32:00+00:00,1.0007385286634158,-1.9641837521945375e-05
2026-01-16 01:33:00+00:00,1.000759364073825,2.082003421712678e-05
2026-01-16 01:34:00+00:00,1.0007361897795262,-2.3156709925214193e-05
2026-01-16 01:35:00+00:00,1.000756530100874,2.032535802699013e-05
2026-01-16 01:36:00+00:00,1.0007570574218672,5.2692236032809e-07
2026-01-16 01:37:00+00:00,1.0007707328982771,1.366513112111701e-05
2026-01-16 01:38:00+00:00,1.0007455661723275,-2.51473440643685e-05
2026-01-16 01:39:00+00:00,1.000759306998933,1.3730589542305332e-05
2026-01-16 01:40:00+00:00,1.0007720665587512,1.2749878746114373e-05
2026-01-16 01:41:00+00:00,1.0007631713325122,-8.888363830361635e-06
2026-01-16 01:42:00+00:00,1.0007859089566584,2.2720284676213273e-05
2026-01-16 01:43:00+00:00,1.0007745624351159,-1.1337611212272065e-05
2026-01-16 01:44:00+00:00,1.0007834724266471,8.90309552783535e-06
2026-01-16 01:45:00+00:00,1.0007647767902947,-1.8681000303754722e-05
2026-01-16 01:46:00+00:00,1.000754071524894,-1.069708451878608e-05
2026-01-16 01:47:00+00:00,1.0007503620053824,-3.7067243763454416e-06
2026-01-16 01:48:00+00:00,1.0007599399938139,9.570806861740368e-06
2026-01-16 01:49:00+00:00,1.0007535459196149,-6.3892187760944375e-06
2026-01-16 01:50:00+00:00,1.000743783874467,-9.75469453743518e-06
2026-01-16 01:51:00+00:00,1.0007495173452454,5.729209484720672e-06
2026-01-16 01:52:00+00:00,1.0007506848653223,1.1666456556160872e-06
2026-01-16 01:53:00+00:00,1.0007707558859995,2.005596496793293e-05
2026-01-16 01:54:00+00:00,1.0007726596199007,1.9022677170455313e-06
2026-01-16 01:55:00+00:00,1.0007659384577685,-6.715972971029795e-06
2026-01-16 01:56:00+00:00,1.0007688748910741,2.934185899795279e-06
2026-01-16 01:57:00+00:00,1.0007740317097666,5.152856790477735e-06
2026-01-16 01:58:00+00:00,1.0007825636975165,8.525388828692036e-06
2026-01-16 01:59:00+00:00,1.0007769701930485,-5.589130617363019e-06
2026-01-16 02:00:00+00:00,1.0007962513374822,1.926617518984115e-05
2026-01-16 02:01:00+00:00,1.0007873418601032,-8.902388839887584e-06
2026-01-16 02:02:00+00:00,1.0007872233426904,-1.1842417234471242e-07
2026-01-16 02:03:00+00:00,1.0007807432160085,-6.475029387718144e-06
2026-01-16 02:04:00+00:00,1.000797621414166,1.6865030899259116e-05
2026-01-16 02:05:00+00:00,1.00078939838336,-8.216477167981313e-06
2026-01-16 02:06:00+00:00,1.0007763256844242,-1.3062387508181269e-05
2026-01-16 02:07:00+00:00,1.0007545458771439,-2.176291217275769e-05
2026-01-16 02:08:00+00:00,1.000778476515135,2.3912594841362176e-05
2026-01-16 02:09:00+00:00,1.000772692295426,-5.779720332392509e-06
2026-01-16 02:10:00+00:00,1.000768055126792,-4.633588296260707e-06
2026-01-16 02:11:00+00:00,1.0007713749152116,3.317240595898495e-06
2026-01-16 02:12:00+00:00,1.0007927301343436,2.1338758948595143e-05
2026-01-16 02:13:00+00:00,1.000779339093864,-1.338043340686973e-05
2026-01-16 02:14:00+00:00,1.0007791666665486,-1.722930406040212e-07
2026-01-16 02:15:00+00:00,1.000796851345366,1.767091023297316e-05
2026-01-16 02:16:00+00:00,1.0007807387715524,-1.609974471042451e-05
2026-01-16 02:17:00+00:00,1.0007824331528665,1.6930594769794673e-06
2026-01-16 02:18:00+00:00,1.0007813195403668,-1.1127418535540219e-06
2026-01-16 02:19:00+00:00,1.0007823726840293,1.0523214629878124e-06
2026-01-16 02:20:00+00:00,1.0007783814825797,-3.988081283634718e-06
2026-01-16 02:21:00+00:00,1.0007578444611676,-2.05210482081472e-05
2026-01-16 02:22:00+00:00,1.000768051468413,1.0199277779139881e-05
2026-01-16 02:23:00+00:00,1.0007654586016015,-2.590876884744029e-06
2026-01-16 02:24:00+00:00,1.0007696444212946,4.182618072201767e-06
2026-01-16 02:25:00+00:00,1.0007663264163758,-3.3154531986908046e-06
2026-01-16 02:26:00+00:00,1.0007847298564834,1.8389347864536692e-05
2026-01-16 02:27:00+00:00,1.0007619086059145,-2.2803356094551756e-05
2026-01-16 02:28:00+00:00,1.0007290625345167,-3.2821064746261564e-05
2026-01-16 02:29:00+00:00,1.0007258351454262,-3.225037836233362e-06
2026-01-16 02:30:00+00:00,1.000733959161262,8.118123416501456e-06
2026-01-16 02:31:00+00:00,1.00072366527542,-1.0286336091537794e-05
2026-01-16 02:32:00+00:00,1.0007246800957577,1.0140864786012992e-06
2026-01-16 02:33:00+00:00,1.0007301574152643,5.4733530764603374e-06
2026-01-16 02:34:00+00:00,1.000736799180469,6.636919208926928e-06
2026-01-16 02:35:00+00:00,1.0007500697618092,1.326081078562127e-05
2026-01-16 02:36:00+00:00,1.0007449865659226,-5.079385992790584e-06
2026-01-16 02:37:00+00:00,1.0007646627489177,1.966153541526226e-05
2026-01-16 02:38:00+00:00,1.0007683625077854,3.6969319614108575e-06
2026-01-16 02:39:00+00:00,1.0007696285404049,1.2650605943270714e-06
2026-01-16 02:40:00+00:00,1.000766022388337,-3.603378804670024e-06
2026-01-16 02:41:00+00:00,1.000763588555208,-2.4319701854406413e-06
2026-01-16 02:42:00+00:00,1.0007845869436438,2.0982366540963844e-05
2026-01-16 02:43:00+00:00,1.0007874808841621,2.8916717504485416e-06
2026-01-16 02:44:00+00:00,1.0007846568525693,-2.821809471763556e-06
2026-01-16 02:45:00+00:00,1.0007820402827783,-2.6145182914571882e-06
2026-01-16 02:46:00+00:00,1.0007820541426464,1.3849037733560187e-08
2026-01-16 02:47:00+00:00,1.0007537324928804,-2.8299518010741382e-05
2026-01-16 02:48:00+00:00,1.0007642007598538,1.0460382643191058e-05
2026-01-16 02:49:00+00:00,1.0007694647541279,5.259974597506543e-06
2026-01-16 02:50:00+00:00,1.0007774487961385,7.977903295303689e-06
2026-01-16 02:51:00+00:00,1.0007906071382568,1.3148120128197424e-05
2026-01-16 02:52:00+00:00,1.0007709003642682,-1.969120598068208e-05
2026-01-16 02:53:00+00:00,1.0007712344340132,3.3381240884970496e-07
2026-01-16 02:54:00+00:00,1.000771422581155,1.8800214814625006e-07
2026-01-16 02:55:00+00:00,1.0007716765494028,2.537724818329001e-07
2026-01-16 02:56:00+00:00,1.0007651821032264,-6.4894384289405e-06
2026-01-16 02:57:00+00:00,1.0007645766290785,-6.05011204281797e-07
2026-01-16 02:58:00+00:00,1.0007932036275595,2.8605127668935483e-05
2026-01-16 02:59:00+00:00,1.0007931410713826,-6.250659646080138e-08
2026-01-16 03:00:00+00:00,1.0007642053652872,-2.891277418680915e-05
2026-01-16 03:01:00+00:00,1.0007764888979713,1.227415271072782e-05
2026-01-16 03:02:00+00:00,1.0007744154491505,-2.071840059959729e-06
2026-01-16 03:03:00+00:00,1.0007900057355625,1.5578222396064803e-05
2026-01-16 03:04:00+00:00,1.0007943413007188,4.332142738646973e-06
2026-01-16 03:05:00+00:00,1.0007870555280634,-7.2799898587345445e-06
2026-01-16 03:06:00+00:00,1.0007748525016789,-1.219342947848224e-05
2026-01-16 03:07:00+00:00,1.000787383936072,1.2521731897917305e-05
2026-01-16 03:08:00+00:00,1.0007975531173683,1.01611805461786e-05
2026-01-16 03:09:00+00:00,1.0007801608989124,-1.7378358291938014e-05
2026-01-16 03:10:00+00:00,1.000783096302151,2.9331149369766645e-06
2026-01-16 03:11:00+00:00,1.0007634620943449,-1.9618844361589593e-05
2026-01-16 03:12:00+00:00,1.0007691697611554,5.703312547583163e-06
2026-01-16 03:13:00+00:00,1.0007701772479214,1.0067124332399781e-06
2026-01-16 03:14:00+00:00,1.0007819467684211,1.176046285886523e-05
2026-01-16 03:15:00+00:00,1.0007894702725522,7.517625747872723e-06
2026-01-16 03:16:00+00:00,1.0007771172510689,-1.2343276833098303e-05
2026-01-16 03:17:00+00:00,1.000781964720489,4.843705293139354e-06
2026-01-16 03:18:00+00:00,1.000784514716834,2.5480038959382366e-06
2026-01-16 03:19:00+00:00,1.000789885250786,5.3663239918385085e-06
2026-01-16 03:20:00+00:00,1.0007855676801338,-4.314162958314568e-06
2026-01-16 03:21:00+00:00,1.0007876655293022,2.0962024593963327e-06
2026-01-16 03:22:00+00:00,1.0007907900666901,3.1220782346385233e-06
2026-01-16 03:23:00+00:00,1.0007796401278768,-1.114112851949381e-05
2026-01-16 03:24:00+00:00,1.0007845214725006,4.877541896348403e-06
2026-01-16 03:25:00+00:00,1.000781813238868,-2.7061106307391943e-06
2026-01-16 03:26:00+00:00,1.000795997395459,1.4173075892650276e-05
2026-01-16 03:27:00+00:00,1.0007969303865671,9.322490404989647e-07
2026-01-16 03:28:00+00:00,1.0007943227831044,-2.6055270391569033e-06
2026-01-16 03:29:00+00:00,1.0008055242989065,1.1192625244793337e-05
2026-01-16 03:30:00+00:00,1.0007945644703093,-1.0951007294636382e-05
2026-01-16 03:31:00+00:00,1.000792940811719,-1.6223695131057916e-06
2026-01-16 03:32:00+00:00,1.000792940811719,0.0
2026-01-16 03:33:00+00:00,1.000792940811719,0.0
2026-01-16 03:34:00+00:00,1.000792940811719,-0.0
2026-01-16 03:35:00+00:00,1.000792940811719,-0.0
2026-01-16 03:36:00+00:00,1.000792940811719,0.0
2026-01-16 03:37:00+00:00,1.000792940811719,0.0
2026-01-16 03:38:00+00:00,1.000792940811719,-0.0
2026-01-16 03:39:00+00:00,1.000792940811719,0.0
2026-01-16 03:40:00+00:00,1.000792940811719,-0.0
2026-01-16 03:41:00+00:00,1.000792940811719,0.0
2026-01-16 03:42:00+00:00,1.000792940811719,0.0
2026-01-16 03:43:00+00:00,1.000792940811719,0.0
2026-01-16 03:44:00+00:00,1.000792940811719,-0.0
2026-01-16 03:45:00+00:00,1.000792940811719,-0.0
2026-01-16 03:46:00+00:00,1.000792940811719,0.0
2026-01-16 03:47:00+00:00,1.000792940811719,-0.0
2026-01-16 03:48:00+00:00,1.000792940811719,-0.0
2026-01-16 03:49:00+00:00,1.000792940811719,0.0
2026-01-16 03:50:00+00:00,1.000792940811719,-0.0
2026-01-16 03:51:00+00:00,1.000792940811719,-0.0
2026-01-16 03:52:00+00:00,1.000792940811719,0.0
2026-01-16 03:53:00+00:00,1.000792940811719,-0.0
2026-01-16 03:54:00+00:00,1.000792940811719,0.0
2026-01-16 03:55:00+00:00,1.000792940811719,0.0
2026-01-16 03:56:00+00:00,1.000792940811719,-0.0
2026-01-16 03:57:00+00:00,1.000792940811719,0.0
2026-01-16 03:58:00+00:00,1.000792940811719,0.0
2026-01-16 03:59:00+00:00,1.000792940811719,0.0
2026-01-16 04:00:00+00:00,1.000792940811719,0.0
2026-01-16 04:01:00+00:00,1.000792940811719,0.0
2026-01-16 04:02:00+00:00,1.000792940811719,-0.0
2026-01-16 04:03:00+00:00,1.000792940811719,-0.0
2026-01-16 04:04:00+00:00,1.000792940811719,0.0
2026-01-16 04:05:00+00:00,1.000792940811719,0.0
2026-01-16 04:06:00+00:00,1.000792940811719,-0.0
2026-01-16 04:07:00+00:00,1.000792940811719,0.0
2026-01-16 04:08:00+00:00,1.000792940811719,0.0
2026-01-16 04:09:00+00:00,1.000792940811719,-0.0
2026-01-16 04:10:00+00:00,1.000792940811719,0.0
2026-01-16 04:11:00+00:00,1.000792940811719,0.0
2026-01-16 04:12:00+00:00,1.000792940811719,0.0
2026-01-16 04:13:00+00:00,1.000792940811719,0.0
2026-01-16 04:14:00+00:00,1.000792940811719,0.0
2026-01-16 04:15:00+00:00,1.000792940811719,0.0
2026-01-16 04:16:00+00:00,1.000792940811719,0.0
2026-01-16 04:17:00+00:00,1.000792940811719,0.0
2026-01-16 04:18:00+00:00,1.000792940811719,0.0
2026-01-16 04:19:00+00:00,1.000792940811719,-0.0
2026-01-16 04:20:00+00:00,1.000792940811719,-0.0
2026-01-16 04:21:00+00:00,1.000792940811719,-0.0
2026-01-16 04:22:00+00:00,1.000792940811719,0.0
2026-01-16 04:23:00+00:00,1.000792940811719,0.0
2026-01-16 04:24:00+00:00,1.000792940811719,0.0
2026-01-16 04:25:00+00:00,1.000792940811719,-0.0
2026-01-16 04:26:00+00:00,1.000792940811719,0.0
2026-01-16 04:27:00+00:00,1.000792940811719,-0.0
2026-01-16 04:28:00+00:00,1.000792940811719,-0.0
2026-01-16 04:29:00+00:00,1.000792940811719,-0.0
2026-01-16 04:30:00+00:00,1.000792940811719,0.0
2026-01-16 04:31:00+00:00,1.000792940811719,-0.0
2026-01-16 04:32:00+00:00,1.000792940811719,0.0
2026-01-16 04:33:00+00:00,1.000792940811719,0.0
2026-01-16 04:34:00+00:00,1.000792940811719,0.0
2026-01-16 04:35:00+00:00,1.000792940811719,-0.0
2026-01-16 04:36:00+00:00,1.000792940811719,0.0
2026-01-16 04:37:00+00:00,1.000792940811719,-0.0
2026-01-16 04:38:00+00:00,1.000792940811719,0.0
2026-01-16 04:39:00+00:00,1.000792940811719,-0.0
2026-01-16 04:40:00+00:00,1.000792940811719,0.0
2026-01-16 04:41:00+00:00,1.000792940811719,0.0
2026-01-16 04:42:00+00:00,1.000792940811719,0.0
2026-01-16 04:43:00+00:00,1.000792940811719,0.0
2026-01-16 04:44:00+00:00,1.000792940811719,-0.0
2026-01-16 04:45:00+00:00,1.000792940811719,0.0
2026-01-16 04:46:00+00:00,1.000792940811719,-0.0
2026-01-16 04:47:00+00:00,1.000792940811719,-0.0
2026-01-16 04:48:00+00:00,1.000792940811719,-0.0
2026-01-16 04:49:00+00:00,1.000792940811719,-0.0
2026-01-16 04:50:00+00:00,1.000792940811719,-0.0
2026-01-16 04:51:00+00:00,1.000792940811719,0.0
2026-01-16 04:52:00+00:00,1.000792940811719,-0.0
2026-01-16 04:53:00+00:00,1.000792940811719,-0.0
2026-01-16 04:54:00+00:00,1.000792940811719,0.0
2026-01-16 04:55:00+00:00,1.000792940811719,-0.0
2026-01-16 04:56:00+00:00,1.000792940811719,-0.0
2026-01-16 04:57:00+00:00,1.000792940811719,0.0
2026-01-16 04:58:00+00:00,1.000792940811719,-0.0
2026-01-16 04:59:00+00:00,1.000792940811719,0.0
2026-01-16 05:00:00+00:00,1.000792940811719,0.0
2026-01-16 05:01:00+00:00,1.000792940811719,0.0
2026-01-16 05:02:00+00:00,1.000792940811719,-0.0
2026-01-16 05:03:00+00:00,1.000792940811719,-0.0
2026-01-16 05:04:00+00:00,1.000792940811719,-0.0
2026-01-16 05:05:00+00:00,1.000792940811719,0.0
2026-01-16 05:06:00+00:00,1.000792940811719,0.0
2026-01-16 05:07:00+00:00,1.000792940811719,0.0
2026-01-16 05:08:00+00:00,1.000792940811719,0.0
2026-01-16 05:09:00+00:00,1.000792940811719,-0.0
2026-01-16 05:10:00+00:00,1.000792940811719,-0.0
2026-01-16 05:11:00+00:00,1.000792940811719,-0.0
2026-01-16 05:12:00+00:00,1.000792940811719,0.0
2026-01-16 05:13:00+00:00,1.000792940811719,-0.0
2026-01-16 05:14:00+00:00,1.000792940811719,0.0
2026-01-16 05:15:00+00:00,1.000792940811719,0.0
2026-01-16 05:16:00+00:00,1.000792940811719,-0.0
2026-01-16 05:17:00+00:00,1.000792940811719,0.0
2026-01-16 05:18:00+00:00,1.000792940811719,-0.0
2026-01-16 05:19:00+00:00,1.000792940811719,0.0
2026-01-16 05:20:00+00:00,1.000792940811719,-0.0
2026-01-16 05:21:00+00:00,1.000792940811719,-0.0
2026-01-16 05:22:00+00:00,1.000792940811719,0.0
2026-01-16 05:23:00+00:00,1.000792940811719,-0.0
2026-01-16 05:24:00+00:00,1.000792940811719,-0.0
2026-01-16 05:25:00+00:00,1.000792940811719,-0.0
2026-01-16 05:26:00+00:00,1.000792940811719,0.0
2026-01-16 05:27:00+00:00,1.000792940811719,-0.0
2026-01-16 05:28:00+00:00,1.000792940811719,0.0
2026-01-16 05:29:00+00:00,1.000792940811719,-0.0
2026-01-16 05:30:00+00:00,1.000792940811719,0.0
2026-01-16 05:31:00+00:00,1.000792940811719,-0.0
2026-01-16 05:32:00+00:00,1.000792940811719,0.0
2026-01-16 05:33:00+00:00,1.000792940811719,-0.0
2026-01-16 05:34:00+00:00,1.000792940811719,-0.0
2026-01-16 05:35:00+00:00,1.000792940811719,0.0
2026-01-16 05:36:00+00:00,1.000792940811719,0.0
2026-01-16 05:37:00+00:00,1.000792940811719,-0.0
2026-01-16 05:38:00+00:00,1.000792940811719,0.0
2026-01-16 05:39:00+00:00,1.000792940811719,-0.0
2026-01-16 05:40:00+00:00,1.000792940811719,-0.0
2026-01-16 05:41:00+00:00,1.000792940811719,0.0
2026-01-16 05:42:00+00:00,1.000792940811719,-0.0
2026-01-16 05:43:00+00:00,1.000792940811719,0.0
2026-01-16 05:44:00+00:00,1.000792940811719,-0.0
2026-01-16 05:45:00+00:00,1.000792940811719,-0.0
2026-01-16 05:46:00+00:00,1.000792940811719,0.0
2026-01-16 05:47:00+00:00,1.000792940811719,-0.0
2026-01-16 05:48:00+00:00,1.000792940811719,-0.0
2026-01-16 05:49:00+00:00,1.000792940811719,0.0
2026-01-16 05:50:00+00:00,1.000792940811719,-0.0
2026-01-16 05:51:00+00:00,1.000792940811719,0.0
2026-01-16 05:52:00+00:00,1.000792940811719,0.0
2026-01-16 05:53:00+00:00,1.000792940811719,-0.0
2026-01-16 05:54:00+00:00,1.000792940811719,-0.0
2026-01-16 05:55:00+00:00,1.000792940811719,0.0
2026-01-16 05:56:00+00:00,1.000792940811719,0.0
2026-01-16 05:57:00+00:00,1.000792940811719,0.0
2026-01-16 05:58:00+00:00,1.000792940811719,-0.0
2026-01-16 05:59:00+00:00,1.000792940811719,0.0
2026-01-16 06:00:00+00:00,1.000792940811719,0.0
2026-01-16 06:01:00+00:00,1.000792940811719,-0.0
2026-01-16 06:02:00+00:00,1.000792940811719,0.0
2026-01-16 06:03:00+00:00,1.000792940811719,0.0
2026-01-16 06:04:00+00:00,1.000792940811719,0.0
2026-01-16 06:05:00+00:00,1.000792940811719,0.0
2026-01-16 06:06:00+00:00,1.000792940811719,-0.0
2026-01-16 06:07:00+00:00,1.000792940811719,-0.0
2026-01-16 06:08:00+00:00,1.000792940811719,-0.0
2026-01-16 06:09:00+00:00,1.000792940811719,0.0
2026-01-16 06:10:00+00:00,1.000792940811719,-0.0
2026-01-16 06:11:00+00:00,1.000792940811719,0.0
2026-01-16 06:12:00+00:00,1.000792940811719,0.0
2026-01-16 06:13:00+00:00,1.000792940811719,-0.0
2026-01-16 06:14:00+00:00,1.000792940811719,0.0
2026-01-16 06:15:00+00:00,1.000792940811719,-0.0
2026-01-16 06:16:00+00:00,1.000792940811719,-0.0
2026-01-16 06:17:00+00:00,1.000792940811719,-0.0
2026-01-16 06:18:00+00:00,1.000792940811719,-0.0
2026-01-16 06:19:00+00:00,1.000792940811719,-0.0
2026-01-16 06:20:00+00:00,1.000792940811719,0.0
2026-01-16 06:21:00+00:00,1.000792940811719,0.0
2026-01-16 06:22:00+00:00,1.000792940811719,0.0
2026-01-16 06:23:00+00:00,1.000792940811719,0.0
2026-01-16 06:24:00+00:00,1.000792940811719,-0.0
2026-01-16 06:25:00+00:00,1.000792940811719,0.0
2026-01-16 06:26:00+00:00,1.000792940811719,-0.0
2026-01-16 06:27:00+00:00,1.000792940811719,-0.0
2026-01-16 06:28:00+00:00,1.000792940811719,0.0
2026-01-16 06:29:00+00:00,1.000792940811719,-0.0
2026-01-16 06:30:00+00:00,1.000792940811719,0.0
2026-01-16 06:31:00+00:00,1.000792940811719,-0.0
2026-01-16 06:32:00+00:00,1.000792940811719,0.0
2026-01-16 06:33:00+00:00,1.000792940811719,0.0
2026-01-16 06:34:00+00:00,1.000792940811719,-0.0
2026-01-16 06:35:00+00:00,1.000792940811719,0.0
2026-01-16 06:36:00+00:00,1.000792940811719,-0.0
2026-01-16 06:37:00+00:00,1.000792940811719,-0.0
2026-01-16 06:38:00+00:00,1.000792940811719,0.0
2026-01-16 06:39:00+00:00,1.000792940811719,0.0
2026-01-16 06:40:00+00:00,1.000792940811719,0.0
2026-01-16 06:41:00+00:00,1.000792940811719,-0.0
2026-01-16 06:42:00+00:00,1.000792940811719,0.0
2026-01-16 06:43:00+00:00,1.000792940811719,-0.0
2026-01-16 06:44:00+00:00,1.000792940811719,0.0
2026-01-16 06:45:00+00:00,1.000792940811719,0.0
2026-01-16 06:46:00+00:00,1.000792940811719,-0.0
2026-01-16 06:47:00+00:00,1.000792940811719,0.0
2026-01-16 06:48:00+00:00,1.000792940811719,-0.0
2026-01-16 06:49:00+00:00,1.000792940811719,0.0
2026-01-16 06:50:00+00:00,1.000792940811719,0.0
2026-01-16 06:51:00+00:00,1.000792940811719,-0.0
2026-01-16 06:52:00+00:00,1.000792940811719,0.0
2026-01-16 06:53:00+00:00,1.000792940811719,-0.0
2026-01-16 06:54:00+00:00,1.000792940811719,-0.0
2026-01-16 06:55:00+00:00,1.000792940811719,0.0
2026-01-16 06:56:00+00:00,1.000792940811719,0.0
2026-01-16 06:57:00+00:00,1.000792940811719,-0.0
2026-01-16 06:58:00+00:00,1.000792940811719,0.0
2026-01-16 06:59:00+00:00,1.000792940811719,0.0
2026-01-16 07:00:00+00:00,1.000792940811719,-0.0
2026-01-16 07:01:00+00:00,1.000792940811719,-0.0
2026-01-16 07:02:00+00:00,1.000792940811719,0.0
2026-01-16 07:03:00+00:00,1.000792940811719,-0.0
2026-01-16 07:04:00+00:00,1.000792940811719,0.0
2026-01-16 07:05:00+00:00,1.000792940811719,-0.0
2026-01-16 07:06:00+00:00,1.000792940811719,-0.0
2026-01-16 07:07:00+00:00,1.000792940811719,0.0
2026-01-16 07:08:00+00:00,1.000792940811719,-0.0
2026-01-16 07:09:00+00:00,1.000792940811719,-0.0
2026-01-16 07:10:00+00:00,1.000792940811719,0.0
2026-01-16 07:11:00+00:00,1.000792940811719,-0.0
2026-01-16 07:12:00+00:00,1.000792940811719,-0.0
2026-01-16 07:13:00+00:00,1.000792940811719,-0.0
2026-01-16 07:14:00+00:00,1.000792940811719,-0.0
2026-01-16 07:15:00+00:00,1.000792940811719,-0.0
2026-01-16 07:16:00+00:00,1.000792940811719,0.0
2026-01-16 07:17:00+00:00,1.000792940811719,0.0
2026-01-16 07:18:00+00:00,1.000792940811719,-0.0
2026-01-16 07:19:00+00:00,1.000792940811719,0.0
2026-01-16 07:20:00+00:00,1.000792940811719,-0.0
2026-01-16 07:21:00+00:00,1.000792940811719,0.0
2026-01-16 07:22:00+00:00,1.000792940811719,-0.0
2026-01-16 07:23:00+00:00,1.000792940811719,0.0
2026-01-16 07:24:00+00:00,1.000792940811719,-0.0
2026-01-16 07:25:00+00:00,1.000792940811719,-0.0
2026-01-16 07:26:00+00:00,1.000792940811719,0.0
2026-01-16 07:27:00+00:00,1.000792940811719,-0.0
2026-01-16 07:28:00+00:00,1.000792940811719,-0.0
2026-01-16 07:29:00+00:00,1.000792940811719,0.0
2026-01-16 07:30:00+00:00,1.000792940811719,-0.0
2026-01-16 07:31:00+00:00,1.000792940811719,-0.0
2026-01-16 07:32:00+00:00,1.000792940811719,0.0
2026-01-16 07:33:00+00:00,1.000792940811719,0.0
2026-01-16 07:34:00+00:00,1.000792940811719,-0.0
2026-01-16 07:35:00+00:00,1.000792940811719,-0.0
2026-01-16 07:36:00+00:00,1.000792940811719,-0.0
2026-01-16 07:37:00+00:00,1.000792940811719,0.0
2026-01-16 07:38:00+00:00,1.000792940811719,-0.0
2026-01-16 07:39:00+00:00,1.000792940811719,-0.0
2026-01-16 07:40:00+00:00,1.000792940811719,-0.0
2026-01-16 07:41:00+00:00,1.000792940811719,0.0
2026-01-16 07:42:00+00:00,1.000792940811719,-0.0
2026-01-16 07:43:00+00:00,1.000792940811719,0.0
2026-01-16 07:44:00+00:00,1.000792940811719,0.0
2026-01-16 07:45:00+00:00,1.000792940811719,0.0
2026-01-16 07:46:00+00:00,1.000792940811719,-0.0
2026-01-16 07:47:00+00:00,1.000792940811719,0.0
2026-01-16 07:48:00+00:00,1.000792940811719,0.0
2026-01-16 07:49:00+00:00,1.000792940811719,0.0
2026-01-16 07:50:00+00:00,1.000792940811719,-0.0
2026-01-16 07:51:00+00:00,1.000792940811719,0.0
2026-01-16 07:52:00+00:00,1.000792940811719,0.0
2026-01-16 07:53:00+00:00,1.000792940811719,-0.0
2026-01-16 07:54:00+00:00,1.000792940811719,0.0
2026-01-16 07:55:00+00:00,1.000792940811719,0.0
2026-01-16 07:56:00+00:00,1.000792940811719,0.0
2026-01-16 07:57:00+00:00,1.000792940811719,-0.0
2026-01-16 07:58:00+00:00,1.000792940811719,0.0
2026-01-16 07:59:00+00:00,1.000792940811719,-0.0
2026-01-16 08:00:00+00:00,1.000792940811719,-0.0
2026-01-16 08:01:00+00:00,1.000792940811719,0.0
2026-01-16 08:02:00+00:00,1.000792940811719,-0.0
2026-01-16 08:03:00+00:00,1.000792940811719,-0.0
2026-01-16 08:04:00+00:00,1.000792940811719,0.0
2026-01-16 08:05:00+00:00,1.000792940811719,-0.0
2026-01-16 08:06:00+00:00,1.000792940811719,0.0
2026-01-16 08:07:00+00:00,1.000792940811719,0.0
2026-01-16 08:08:00+00:00,1.000792940811719,-0.0
2026-01-16 08:09:00+00:00,1.000792940811719,-0.0
2026-01-16 08:10:00+00:00,1.000792940811719,0.0
2026-01-16 08:11:00+00:00,1.000792940811719,-0.0
2026-01-16 08:12:00+00:00,1.000792940811719,-0.0
2026-01-16 08:13:00+00:00,1.000792940811719,0.0
2026-01-16 08:14:00+00:00,1.000792940811719,-0.0
2026-01-16 08:15:00+00:00,1.000792940811719,0.0
2026-01-16 08:16:00+00:00,1.000792940811719,0.0
2026-01-16 08:17:00+00:00,1.000792940811719,0.0
2026-01-16 08:18:00+00:00,1.000792940811719,-0.0
2026-01-16 08:19:00+00:00,1.000792940811719,0.0
2026-01-16 08:20:00+00:00,1.000792940811719,-0.0
2026-01-16 08:21:00+00:00,1.000792940811719,0.0
2026-01-16 08:22:00+00:00,1.000792940811719,0.0
2026-01-16 08:23:00+00:00,1.000792940811719,-0.0
2026-01-16 08:24:00+00:00,1.000792940811719,-0.0
2026-01-16 08:25:00+00:00,1.000792940811719,-0.0
2026-01-16 08:26:00+00:00,1.000792940811719,0.0
2026-01-16 08:27:00+00:00,1.000792940811719,-0.0
2026-01-16 08:28:00+00:00,1.000792940811719,0.0
2026-01-16 08:29:00+00:00,1.000792940811719,0.0
2026-01-16 08:30:00+00:00,1.000792940811719,0.0
2026-01-16 08:31:00+00:00,1.000792940811719,-0.0
2026-01-16 08:32:00+00:00,1.000792940811719,0.0
2026-01-16 08:33:00+00:00,1.000792940811719,0.0
2026-01-16 08:34:00+00:00,1.000792940811719,0.0
2026-01-16 08:35:00+00:00,1.000792940811719,-0.0
2026-01-16 08:36:00+00:00,1.000792940811719,-0.0
2026-01-16 08:37:00+00:00,1.000792940811719,0.0
2026-01-16 08:38:00+00:00,1.000792940811719,0.0
2026-01-16 08:39:00+00:00,1.000792940811719,0.0
2026-01-16 08:40:00+00:00,1.000792940811719,-0.0
2026-01-16 08:41:00+00:00,1.000792940811719,-0.0
2026-01-16 08:42:00+00:00,1.000792940811719,0.0
2026-01-16 08:43:00+00:00,1.000792940811719,0.0
2026-01-16 08:44:00+00:00,1.000792940811719,-0.0
2026-01-16 08:45:00+00:00,1.000792940811719,-0.0
2026-01-16 08:46:00+00:00,1.000792940811719,-0.0
2026-01-16 08:47:00+00:00,1.000792940811719,0.0
2026-01-16 08:48:00+00:00,1.000792940811719,0.0
2026-01-16 08:49:00+00:00,1.000792940811719,0.0
2026-01-16 08:50:00+00:00,1.000792940811719,-0.0
2026-01-16 08:51:00+00:00,1.000792940811719,0.0
2026-01-16 08:52:00+00:00,1.000792940811719,-0.0
2026-01-16 08:53:00+00:00,1.000792940811719,0.0
2026-01-16 08:54:00+00:00,1.000792940811719,0.0
2026-01-16 08:55:00+00:00,1.000792940811719,-0.0
2026-01-16 08:56:00+00:00,1.000792940811719,0.0
2026-01-16 08:57:00+00:00,1.000792940811719,0.0
2026-01-16 08:58:00+00:00,1.000792940811719,-0.0
2026-01-16 08:59:00+00:00,1.000792940811719,0.0
2026-01-16 09:00:00+00:00,1.000792940811719,0.0
2026-01-16 09:01:00+00:00,1.000792940811719,-0.0
2026-01-16 09:02:00+00:00,1.000792940811719,0.0
2026-01-16 09:03:00+00:00,1.000792940811719,-0.0
2026-01-16 09:04:00+00:00,1.000792940811719,-0.0
2026-01-16 09:05:00+00:00,1.000792940811719,0.0
2026-01-16 09:06:00+00:00,1.000792940811719,0.0
2026-01-16 09:07:00+00:00,1.000792940811719,0.0
2026-01-16 09:08:00+00:00,1.000792940811719,-0.0
2026-01-16 09:09:00+00:00,1.000792940811719,-0.0
2026-01-16 09:10:00+00:00,1.000792940811719,-0.0
2026-01-16 09:11:00+00:00,1.000792940811719,0.0
2026-01-16 09:12:00+00:00,1.000792940811719,-0.0
2026-01-16 09:13:00+00:00,1.000792940811719,0.0
2026-01-16 09:14:00+00:00,1.000792940811719,-0.0
2026-01-16 09:15:00+00:00,1.000792940811719,0.0
2026-01-16 09:16:00+00:00,1.000792940811719,-0.0
2026-01-16 09:17:00+00:00,1.000792940811719,0.0
2026-01-16 09:18:00+00:00,1.000792940811719,-0.0
2026-01-16 09:19:00+00:00,1.000792940811719,0.0
2026-01-16 09:20:00+00:00,1.000792940811719,-0.0
2026-01-16 09:21:00+00:00,1.000792940811719,0.0
2026-01-16 09:22:00+00:00,1.000792940811719,-0.0
2026-01-16 09:23:00+00:00,1.000792940811719,0.0
2026-01-16 09:24:00+00:00,1.000792940811719,-0.0
2026-01-16 09:25:00+00:00,1.000792940811719,-0.0
2026-01-16 09:26:00+00:00,1.000792940811719,-0.0
2026-01-16 09:27:00+00:00,1.000792940811719,0.0
2026-01-16 09:28:00+00:00,1.000792940811719,0.0
2026-01-16 09:29:00+00:00,1.000792940811719,-0.0
2026-01-16 09:30:00+00:00,1.000792940811719,-0.0
2026-01-16 09:31:00+00:00,1.000792940811719,-0.0
2026-01-16 09:32:00+00:00,1.000792940811719,-0.0
2026-01-16 09:33:00+00:00,1.000792940811719,0.0
2026-01-16 09:34:00+00:00,1.000792940811719,0.0
2026-01-16 09:35:00+00:00,1.000792940811719,-0.0
2026-01-16 09:36:00+00:00,1.000792940811719,-0.0
2026-01-16 09:37:00+00:00,1.000792940811719,-0.0
2026-01-16 09:38:00+00:00,1.000792940811719,0.0
2026-01-16 09:39:00+00:00,1.000792940811719,-0.0
2026-01-16 09:40:00+00:00,1.000792940811719,0.0
2026-01-16 09:41:00+00:00,1.000792940811719,0.0
2026-01-16 09:42:00+00:00,1.000792940811719,-0.0
2026-01-16 09:43:00+00:00,1.000792940811719,-0.0
2026-01-16 09:44:00+00:00,1.000792940811719,0.0
2026-01-16 09:45:00+00:00,1.000792940811719,-0.0
2026-01-16 09:46:00+00:00,1.000792940811719,0.0
2026-01-16 09:47:00+00:00,1.000792940811719,-0.0
2026-01-16 09:48:00+00:00,1.000792940811719,-0.0
2026-01-16 09:49:00+00:00,1.000792940811719,0.0
2026-01-16 09:50:00+00:00,1.000792940811719,-0.0
2026-01-16 09:51:00+00:00,1.000792940811719,0.0
2026-01-16 09:52:00+00:00,1.000792940811719,0.0
2026-01-16 09:53:00+00:00,1.000792940811719,-0.0
2026-01-16 09:54:00+00:00,1.000792940811719,-0.0
2026-01-16 09:55:00+00:00,1.000792940811719,-0.0
2026-01-16 09:56:00+00:00,1.000792940811719,-0.0
2026-01-16 09:57:00+00:00,1.000792940811719,0.0
2026-01-16 09:58:00+00:00,1.000792940811719,-0.0
2026-01-16 09:59:00+00:00,1.000792940811719,0.0
2026-01-16 10:00:00+00:00,1.000792940811719,0.0
2026-01-16 10:01:00+00:00,1.000792940811719,-0.0
2026-01-16 10:02:00+00:00,1.000792940811719,-0.0
2026-01-16 10:03:00+00:00,1.000792940811719,0.0
2026-01-16 10:04:00+00:00,1.000792940811719,-0.0
2026-01-16 10:05:00+00:00,1.000792940811719,-0.0
2026-01-16 10:06:00+00:00,1.000792940811719,-0.0
2026-01-16 10:07:00+00:00,1.000792940811719,0.0
2026-01-16 10:08:00+00:00,1.000792940811719,-0.0
2026-01-16 10:09:00+00:00,1.000792940811719,-0.0
2026-01-16 10:10:00+00:00,1.000792940811719,0.0
2026-01-16 10:11:00+00:00,1.000792940811719,0.0
2026-01-16 10:12:00+00:00,1.000792940811719,-0.0
2026-01-16 10:13:00+00:00,1.000792940811719,0.0
2026-01-16 10:14:00+00:00,1.000792940811719,0.0
2026-01-16 10:15:00+00:00,1.000792940811719,-0.0
2026-01-16 10:16:00+00:00,1.000792940811719,-0.0
2026-01-16 10:17:00+00:00,1.000792940811719,-0.0
2026-01-16 10:18:00+00:00,1.000792940811719,0.0
2026-01-16 10:19:00+00:00,1.000792940811719,0.0
2026-01-16 10:20:00+00:00,1.000792940811719,0.0
2026-01-16 10:21:00+00:00,1.000792940811719,0.0
2026-01-16 10:22:00+00:00,1.000792940811719,-0.0
2026-01-16 10:23:00+00:00,1.000792940811719,-0.0
2026-01-16 10:24:00+00:00,1.000792940811719,-0.0
2026-01-16 10:25:00+00:00,1.000792940811719,0.0
2026-01-16 10:26:00+00:00,1.000792940811719,-0.0
2026-01-16 10:27:00+00:00,1.000792940811719,-0.0
2026-01-16 10:28:00+00:00,1.000792940811719,0.0
2026-01-16 10:29:00+00:00,1.000792940811719,-0.0
2026-01-16 10:30:00+00:00,1.000792940811719,-0.0
2026-01-16 10:31:00+00:00,1.000792940811719,0.0
2026-01-16 10:32:00+00:00,1.000792940811719,-0.0
2026-01-16 10:33:00+00:00,1.000792940811719,0.0
2026-01-16 10:34:00+00:00,1.000792940811719,-0.0
2026-01-16 10:35:00+00:00,1.000792940811719,0.0
2026-01-16 10:36:00+00:00,1.000792940811719,0.0
2026-01-16 10:37:00+00:00,1.000792940811719,-0.0
2026-01-16 10:38:00+00:00,1.000792940811719,0.0
2026-01-16 10:39:00+00:00,1.000792940811719,0.0
2026-01-16 10:40:00+00:00,1.000792940811719,-0.0
2026-01-16 10:41:00+00:00,1.000792940811719,-0.0
2026-01-16 10:42:00+00:00,1.000792940811719,0.0
2026-01-16 10:43:00+00:00,1.000792940811719,-0.0
2026-01-16 10:44:00+00:00,1.000792940811719,0.0
2026-01-16 10:45:00+00:00,1.000792940811719,-0.0
2026-01-16 10:46:00+00:00,1.000792940811719,0.0
2026-01-16 10:47:00+00:00,1.000792940811719,-0.0
2026-01-16 10:48:00+00:00,1.000792940811719,0.0
2026-01-16 10:49:00+00:00,1.000792940811719,-0.0
2026-01-16 10:50:00+00:00,1.000792940811719,-0.0
2026-01-16 10:51:00+00:00,1.000792940811719,-0.0
2026-01-16 10:52:00+00:00,1.000792940811719,0.0
2026-01-16 10:53:00+00:00,1.000792940811719,-0.0
2026-01-16 10:54:00+00:00,1.000792940811719,-0.0
2026-01-16 10:55:00+00:00,1.000792940811719,0.0
2026-01-16 10:56:00+00:00,1.000792940811719,-0.0
2026-01-16 10:57:00+00:00,1.000792940811719,0.0
2026-01-16 10:58:00+00:00,1.000792940811719,0.0
2026-01-16 10:59:00+00:00,1.000792940811719,0.0
2026-01-16 11:00:00+00:00,1.000792940811719,0.0
2026-01-16 11:01:00+00:00,1.000792940811719,0.0
2026-01-16 11:02:00+00:00,1.000792940811719,-0.0
2026-01-16 11:03:00+00:00,1.000792940811719,-0.0
2026-01-16 11:04:00+00:00,1.000792940811719,0.0
2026-01-16 11:05:00+00:00,1.000792940811719,-0.0
2026-01-16 11:06:00+00:00,1.000792940811719,0.0
2026-01-16 11:07:00+00:00,1.000792940811719,0.0
2026-01-16 11:08:00+00:00,1.000792940811719,-0.0
2026-01-16 11:09:00+00:00,1.000792940811719,0.0
2026-01-16 11:10:00+00:00,1.000792940811719,-0.0
2026-01-16 11:11:00+00:00,1.000792940811719,0.0
2026-01-16 11:12:00+00:00,1.000792940811719,-0.0
2026-01-16 11:13:00+00:00,1.000792940811719,0.0
2026-01-16 11:14:00+00:00,1.000792940811719,0.0
2026-01-16 11:15:00+00:00,1.000792940811719,0.0
2026-01-16 11:16:00+00:00,1.000792940811719,-0.0
2026-01-16 11:17:00+00:00,1.000792940811719,0.0
2026-01-16 11:18:00+00:00,1.000792940811719,0.0
2026-01-16 11:19:00+00:00,1.000792940811719,0.0
2026-01-16 11:20:00+00:00,1.000792940811719,0.0
2026-01-16 11:21:00+00:00,1.000792940811719,-0.0
2026-01-16 11:22:00+00:00,1.000792940811719,0.0
2026-01-16 11:23:00+00:00,1.000792940811719,-0.0
2026-01-16 11:24:00+00:00,1.000792940811719,0.0
2026-01-16 11:25:00+00:00,1.000792940811719,-0.0
2026-01-16 11:26:00+00:00,1.000792940811719,-0.0
2026-01-16 11:27:00+00:00,1.000792940811719,-0.0
2026-01-16 11:28:00+00:00,1.000792940811719,-0.0
2026-01-16 11:29:00+00:00,1.000792940811719,0.0
2026-01-16 11:30:00+00:00,1.000792940811719,-0.0
2026-01-16 11:31:00+00:00,1.000792940811719,0.0
2026-01-16 11:32:00+00:00,1.000792940811719,-0.0
2026-01-16 11:33:00+00:00,1.000792940811719,-0.0
2026-01-16 11:34:00+00:00,1.000792940811719,-0.0
2026-01-16 11:35:00+00:00,1.000792940811719,0.0
2026-01-16 11:36:00+00:00,1.000792940811719,0.0
2026-01-16 11:37:00+00:00,1.000792940811719,-0.0
2026-01-16 11:38:00+00:00,1.000792940811719,-0.0
2026-01-16 11:39:00+00:00,1.000792940811719,0.0
2026-01-16 11:40:00+00:00,1.000792940811719,0.0
2026-01-16 11:41:00+00:00,1.000792940811719,0.0
2026-01-16 11:42:00+00:00,1.000792940811719,-0.0
2026-01-16 11:43:00+00:00,1.000792940811719,0.0
2026-01-16 11:44:00+00:00,1.000792940811719,-0.0
2026-01-16 11:45:00+00:00,1.000792940811719,0.0
2026-01-16 11:46:00+00:00,1.000792940811719,0.0
2026-01-16 11:47:00+00:00,1.000792940811719,0.0
2026-01-16 11:48:00+00:00,1.000792940811719,-0.0
2026-01-16 11:49:00+00:00,1.000792940811719,0.0
2026-01-16 11:50:00+00:00,1.000792940811719,0.0
2026-01-16 11:51:00+00:00,1.000792940811719,-0.0
2026-01-16 11:52:00+00:00,1.000792940811719,-0.0
2026-01-16 11:53:00+00:00,1.000792940811719,0.0
2026-01-16 11:54:00+00:00,1.000792940811719,-0.0
2026-01-16 11:55:00+00:00,1.000792940811719,0.0
2026-01-16 11:56:00+00:00,1.000792940811719,-0.0
2026-01-16 11:57:00+00:00,1.000792940811719,-0.0
2026-01-16 11:58:00+00:00,1.000792940811719,0.0
2026-01-16 11:59:00+00:00,1.000792940811719,0.0
2026-01-16 12:00:00+00:00,1.000792940811719,-0.0
2026-01-16 12:01:00+00:00,1.000792940811719,0.0
2026-01-16 12:02:00+00:00,1.000792940811719,-0.0
2026-01-16 12:03:00+00:00,1.000792940811719,-0.0
2026-01-16 12:04:00+00:00,1.000792940811719,0.0
2026-01-16 12:05:00+00:00,1.000792940811719,0.0
2026-01-16 12:06:00+00:00,1.000792940811719,-0.0
2026-01-16 12:07:00+00:00,1.000792940811719,-0.0
2026-01-16 12:08:00+00:00,1.000792940811719,0.0
2026-01-16 12:09:00+00:00,1.000792940811719,0.0
2026-01-16 12:10:00+00:00,1.000792940811719,-0.0
2026-01-16 12:11:00+00:00,1.000792940811719,-0.0
2026-01-16 12:12:00+00:00,1.000792940811719,-0.0
2026-01-16 12:13:00+00:00,1.000792940811719,0.0
2026-01-16 12:14:00+00:00,1.000792940811719,0.0
2026-01-16 12:15:00+00:00,1.000792940811719,-0.0
2026-01-16 12:16:00+00:00,1.000792940811719,-0.0
2026-01-16 12:17:00+00:00,1.000792940811719,0.0
2026-01-16 12:18:00+00:00,1.000792940811719,-0.0
2026-01-16 12:19:00+00:00,1.000792940811719,-0.0
2026-01-16 12:20:00+00:00,1.000792940811719,0.0
2026-01-16 12:21:00+00:00,1.000792940811719,-0.0
2026-01-16 12:22:00+00:00,1.000792940811719,0.0
2026-01-16 12:23:00+00:00,1.000792940811719,-0.0
2026-01-16 12:24:00+00:00,1.000792940811719,0.0
2026-01-16 12:25:00+00:00,1.000792940811719,-0.0
2026-01-16 12:26:00+00:00,1.000792940811719,0.0
2026-01-16 12:27:00+00:00,1.000792940811719,0.0
2026-01-16 12:28:00+00:00,1.000792940811719,-0.0
2026-01-16 12:29:00+00:00,1.000792940811719,0.0
2026-01-16 12:30:00+00:00,1.000792940811719,0.0
2026-01-16 12:31:00+00:00,1.000792940811719,-0.0
2026-01-16 12:32:00+00:00,1.000792940811719,0.0
2026-01-16 12:33:00+00:00,1.000792940811719,-0.0
2026-01-16 12:34:00+00:00,1.000792940811719,0.0
2026-01-16 12:35:00+00:00,1.000792940811719,-0.0
2026-01-16 12:36:00+00:00,1.000792940811719,0.0
2026-01-16 12:37:00+00:00,1.000792940811719,0.0
2026-01-16 12:38:00+00:00,1.000792940811719,0.0
2026-01-16 12:39:00+00:00,1.000792940811719,-0.0
2026-01-16 12:40:00+00:00,1.000792940811719,-0.0
2026-01-16 12:41:00+00:00,1.000792940811719,-0.0
2026-01-16 12:42:00+00:00,1.000792940811719,0.0
2026-01-16 12:43:00+00:00,1.000792940811719,-0.0
2026-01-16 12:44:00+00:00,1.000792940811719,0.0
2026-01-16 12:45:00+00:00,1.000792940811719,0.0
2026-01-16 12:46:00+00:00,1.000792940811719,-0.0
2026-01-16 12:47:00+00:00,1.000792940811719,-0.0
2026-01-16 12:48:00+00:00,1.000792940811719,0.0
2026-01-16 12:49:00+00:00,1.000792940811719,0.0
2026-01-16 12:50:00+00:00,1.000792940811719,0.0
2026-01-16 12:51:00+00:00,1.000792940811719,0.0
2026-01-16 12:52:00+00:00,1.000792940811719,-0.0
2026-01-16 12:53:00+00:00,1.000792940811719,0.0
2026-01-16 12:54:00+00:00,1.000792940811719,0.0
2026-01-16 12:55:00+00:00,1.000792940811719,0.0
2026-01-16 12:56:00+00:00,1.000792940811719,0.0
2026-01-16 12:57:00+00:00,1.000792940811719,-0.0
2026-01-16 12:58:00+00:00,1.000792940811719,0.0
2026-01-16 12:59:00+00:00,1.000792940811719,0.0
2026-01-16 13:00:00+00:00,1.000792940811719,-0.0
2026-01-16 13:01:00+00:00,1.000792940811719,-0.0
2026-01-16 13:02:00+00:00,1.000792940811719,0.0
2026-01-16 13:03:00+00:00,1.000792940811719,0.0
2026-01-16 13:04:00+00:00,1.000792940811719,-0.0
2026-01-16 13:05:00+00:00,1.000792940811719,0.0
2026-01-16 13:06:00+00:00,1.000792940811719,-0.0
2026-01-16 13:07:00+00:00,1.000792940811719,-0.0
2026-01-16 13:08:00+00:00,1.000792940811719,0.0
2026-01-16 13:09:00+00:00,1.000792940811719,-0.0
2026-01-16 13:10:00+00:00,1.000792940811719,0.0
2026-01-16 13:11:00+00:00,1.000792940811719,-0.0
2026-01-16 13:12:00+00:00,1.000792940811719,0.0
2026-01-16 13:13:00+00:00,1.000792940811719,-0.0
2026-01-16 13:14:00+00:00,1.000792940811719,-0.0
2026-01-16 13:15:00+00:00,1.000792940811719,-0.0
2026-01-16 13:16:00+00:00,1.000792940811719,0.0
2026-01-16 13:17:00+00:00,1.000792940811719,0.0
2026-01-16 13:18:00+00:00,1.000792940811719,0.0
2026-01-16 13:19:00+00:00,1.000792940811719,0.0
2026-01-16 13:20:00+00:00,1.000792940811719,-0.0
2026-01-16 13:21:00+00:00,1.000792940811719,0.0
2026-01-16 13:22:00+00:00,1.000792940811719,-0.0
2026-01-16 13:23:00+00:00,1.000792940811719,-0.0
2026-01-16 13:24:00+00:00,1.000792940811719,0.0
2026-01-16 13:25:00+00:00,1.000792940811719,-0.0
2026-01-16 13:26:00+00:00,1.000792940811719,-0.0
2026-01-16 13:27:00+00:00,1.000792940811719,-0.0
2026-01-16 13:28:00+00:00,1.000792940811719,0.0
2026-01-16 13:29:00+00:00,1.000792940811719,-0.0
2026-01-16 13:30:00+00:00,1.000792940811719,0.0
2026-01-16 13:31:00+00:00,1.000792940811719,0.0
2026-01-16 13:32:00+00:00,1.000792940811719,0.0
2026-01-16 13:33:00+00:00,1.000792940811719,-0.0
2026-01-16 13:34:00+00:00,1.000792940811719,0.0
2026-01-16 13:35:00+00:00,1.000792940811719,-0.0
2026-01-16 13:36:00+00:00,1.000792940811719,0.0
2026-01-16 13:37:00+00:00,1.000792940811719,0.0
2026-01-16 13:38:00+00:00,1.000792940811719,-0.0
2026-01-16 13:39:00+00:00,1.000792940811719,0.0
2026-01-16 13:40:00+00:00,1.000792940811719,0.0
2026-01-16 13:41:00+00:00,1.000792940811719,-0.0
2026-01-16 13:42:00+00:00,1.000792940811719,-0.0
2026-01-16 13:43:00+00:00,1.000792940811719,-0.0
2026-01-16 13:44:00+00:00,1.000792940811719,-0.0
2026-01-16 13:45:00+00:00,1.000792940811719,0.0
2026-01-16 13:46:00+00:00,1.000792940811719,-0.0
2026-01-16 13:47:00+00:00,1.000792940811719,-0.0
2026-01-16 13:48:00+00:00,1.000792940811719,0.0
2026-01-16 13:49:00+00:00,1.000792940811719,0.0
2026-01-16 13:50:00+00:00,1.000792940811719,0.0
2026-01-16 13:51:00+00:00,1.000792940811719,-0.0
2026-01-16 13:52:00+00:00,1.000792940811719,0.0
2026-01-16 13:53:00+00:00,1.000792940811719,-0.0
2026-01-16 13:54:00+00:00,1.000792940811719,0.0
2026-01-16 13:55:00+00:00,1.000792940811719,-0.0
2026-01-16 13:56:00+00:00,1.000792940811719,0.0
2026-01-16 13:57:00+00:00,1.000792940811719,-0.0
2026-01-16 13:58:00+00:00,1.000792940811719,-0.0
2026-01-16 13:59:00+00:00,1.000792940811719,0.0
2026-01-16 14:00:00+00:00,1.000792940811719,-0.0
2026-01-16 14:01:00+00:00,1.000792940811719,0.0
2026-01-16 14:02:00+00:00,1.000792940811719,0.0
2026-01-16 14:03:00+00:00,1.000792940811719,-0.0
2026-01-16 14:04:00+00:00,1.000792940811719,0.0
2026-01-16 14:05:00+00:00,1.000792940811719,0.0
2026-01-16 14:06:00+00:00,1.000792940811719,-0.0
2026-01-16 14:07:00+00:00,1.000792940811719,0.0
2026-01-16 14:08:00+00:00,1.000792940811719,0.0
2026-01-16 14:09:00+00:00,1.000792940811719,0.0
2026-01-16 14:10:00+00:00,1.000792940811719,-0.0
2026-01-16 14:11:00+00:00,1.000792940811719,0.0
2026-01-16 14:12:00+00:00,1.000792940811719,0.0
2026-01-16 14:13:00+00:00,1.000792940811719,-0.0
2026-01-16 14:14:00+00:00,1.000792940811719,0.0
2026-01-16 14:15:00+00:00,1.000792940811719,-0.0
2026-01-16 14:16:00+00:00,1.000792940811719,-0.0
2026-01-16 14:17:00+00:00,1.000792940811719,-0.0
2026-01-16 14:18:00+00:00,1.000792940811719,-0.0
2026-01-16 14:19:00+00:00,1.000792940811719,-0.0
2026-01-16 14:20:00+00:00,1.000792940811719,0.0
2026-01-16 14:21:00+00:00,1.000792940811719,0.0
2026-01-16 14:22:00+00:00,1.000792940811719,-0.0
2026-01-16 14:23:00+00:00,1.000792940811719,-0.0
2026-01-16 14:24:00+00:00,1.000792940811719,-0.0
2026-01-16 14:25:00+00:00,1.000792940811719,0.0
2026-01-16 14:26:00+00:00,1.000792940811719,0.0
2026-01-16 14:27:00+00:00,1.000792940811719,-0.0
2026-01-16 14:28:00+00:00,1.000792940811719,0.0
2026-01-16 14:29:00+00:00,1.000792940811719,0.0
2026-01-16 14:30:00+00:00,1.000792940811719,0.0
2026-01-16 14:31:00+00:00,1.000792940811719,-0.0
2026-01-16 14:32:00+00:00,1.000792940811719,0.0
2026-01-16 14:33:00+00:00,1.000792940811719,0.0
2026-01-16 14:34:00+00:00,1.000792940811719,0.0
2026-01-16 14:35:00+00:00,1.000792940811719,-0.0
2026-01-16 14:36:00+00:00,1.000792940811719,0.0
2026-01-16 14:37:00+00:00,1.000792940811719,-0.0
2026-01-16 14:38:00+00:00,1.000792940811719,-0.0
2026-01-16 14:39:00+00:00,1.000792940811719,-0.0
2026-01-16 14:40:00+00:00,1.000792940811719,-0.0
2026-01-16 14:41:00+00:00,1.000792940811719,-0.0
2026-01-16 14:42:00+00:00,1.000792940811719,0.0
2026-01-16 14:43:00+00:00,1.000792940811719,-0.0
2026-01-16 14:44:00+00:00,1.000792940811719,-0.0
2026-01-16 14:45:00+00:00,1.000792940811719,0.0
2026-01-16 14:46:00+00:00,1.000792940811719,0.0
2026-01-16 14:47:00+00:00,1.000792940811719,-0.0
2026-01-16 14:48:00+00:00,1.000792940811719,-0.0
2026-01-16 14:49:00+00:00,1.000792940811719,0.0
2026-01-16 14:50:00+00:00,1.000792940811719,-0.0
2026-01-16 14:51:00+00:00,1.000792940811719,0.0
2026-01-16 14:52:00+00:00,1.000792940811719,-0.0
2026-01-16 14:53:00+00:00,1.000792940811719,-0.0
2026-01-16 14:54:00+00:00,1.000792940811719,0.0
2026-01-16 14:55:00+00:00,1.000792940811719,-0.0
2026-01-16 14:56:00+00:00,1.000792940811719,0.0
2026-01-16 14:57:00+00:00,1.000792940811719,-0.0
2026-01-16 14:58:00+00:00,1.000792940811719,-0.0
2026-01-16 14:59:00+00:00,1.000792940811719,-0.0
2026-01-16 15:00:00+00:00,1.000792940811719,-0.0
2026-01-16 15:01:00+00:00,1.000792940811719,-0.0
2026-01-16 15:02:00+00:00,1.000792940811719,0.0
2026-01-16 15:03:00+00:00,1.000792940811719,0.0
2026-01-16 15:04:00+00:00,1.000792940811719,-0.0
2026-01-16 15:05:00+00:00,1.000792940811719,0.0
2026-01-16 15:06:00+00:00,1.000792940811719,0.0
2026-01-16 15:07:00+00:00,1.000792940811719,0.0
2026-01-16 15:08:00+00:00,1.000792940811719,0.0
2026-01-16 15:09:00+00:00,1.000792940811719,0.0
2026-01-16 15:10:00+00:00,1.000792940811719,-0.0
2026-01-16 15:11:00+00:00,1.000792940811719,-0.0
2026-01-16 15:12:00+00:00,1.000792940811719,-0.0
2026-01-16 15:13:00+00:00,1.000792940811719,-0.0
2026-01-16 15:14:00+00:00,1.000792940811719,0.0
2026-01-16 15:15:00+00:00,1.000792940811719,-0.0
2026-01-16 15:16:00+00:00,1.000792940811719,0.0
2026-01-16 15:17:00+00:00,1.000792940811719,-0.0
2026-01-16 15:18:00+00:00,1.000792940811719,-0.0
2026-01-16 15:19:00+00:00,1.000792940811719,-0.0
2026-01-16 15:20:00+00:00,1.000792940811719,-0.0
2026-01-16 15:21:00+00:00,1.000792940811719,-0.0
2026-01-16 15:22:00+00:00,1.000792940811719,0.0
2026-01-16 15:23:00+00:00,1.000792940811719,-0.0
2026-01-16 15:24:00+00:00,1.000792940811719,0.0
2026-01-16 15:25:00+00:00,1.000792940811719,-0.0
2026-01-16 15:26:00+00:00,1.000792940811719,-0.0
2026-01-16 15:27:00+00:00,1.000792940811719,0.0
2026-01-16 15:28:00+00:00,1.000792940811719,-0.0
2026-01-16 15:29:00+00:00,1.0007692095330722,-2.3712476056960724e-05
2026-01-16 15:30:00+00:00,1.0007789562545801,9.739229999382495e-06
2026-01-16 15:31:00+00:00,1.000760003360036,-1.8938142559554108e-05
2026-01-16 15:32:00+00:00,1.0008001009234402,4.0067112264321253e-05
2026-01-16 15:33:00+00:00,1.0008808074339752,8.06419888053772e-05
2026-01-16 15:34:00+00:00,1.0008991155301308,1.8291984439627308e-05
2026-01-16 15:35:00+00:00,1.000889460689272,-9.646167839366903e-06
2026-01-16 15:36:00+00:00,1.000895721809402,6.255556058610002e-06
2026-01-16 15:37:00+00:00,1.0008832619148742,-1.2448743916329796e-05
2026-01-16 15:38:00+00:00,1.0009067921888237,2.350950889566922e-05
2026-01-16 15:39:00+00:00,1.0009537365640104,4.6901844960109405e-05
2026-01-16 15:40:00+00:00,1.0009242223407564,-2.948610128119865e-05
2026-01-16 15:41:00+00:00,1.000990177397254,6.589415564673594e-05
2026-01-16 15:42:00+00:00,1.0010087748874674,1.8579093614993103e-05
2026-01-16 15:43:00+00:00,1.00095808349138,-5.06403114130345e-05
2026-01-16 15:44:00+00:00,1.0009587294547329,6.453450583483761e-07
2026-01-16 15:45:00+00:00,1.0010269925181055,6.819768024792147e-05
2026-01-16 15:46:00+00:00,1.0009929955730361,-3.3962066281366725e-05
2026-01-16 15:47:00+00:00,1.0010075996220569,1.4589561650648335e-05
2026-01-16 15:48:00+00:00,1.0010029957709432,-4.599216944347527e-06
2026-01-16 15:49:00+00:00,1.0010272444759305,2.422440800840689e-05
2026-01-16 15:50:00+00:00,1.0010305446077081,3.2967452144364304e-06
2026-01-16 15:51:00+00:00,1.001068912600566,3.83284936355556e-05
2026-01-16 15:52:00+00:00,1.0010236773634598,-4.5186936220791583e-05
2026-01-16 15:53:00+00:00,1.0009699110711896,-5.371130921866306e-05
2026-01-16 15:54:00+00:00,1.0010141686667107,4.421471118316218e-05
2026-01-16 15:55:00+00:00,1.0010510718288403,3.6865774016860907e-05
2026-01-16 15:56:00+00:00,1.001017262566399,-3.377376378986204e-05
2026-01-16 15:57:00+00:00,1.001059997793827,4.269179865964047e-05
2026-01-16 15:58:00+00:00,1.0010181483564242,-4.180512406359194e-05
2026-01-16 15:59:00+00:00,1.0009974228570482,-2.0704419205597556e-05
2026-01-16 16:00:00+00:00,1.0010383918120094,4.0928132306699964e-05
2026-01-16 16:01:00+00:00,1.0009898097251926,-4.853169190518245e-05
2026-01-16 16:02:00+00:00,1.0009770656810302,-1.2731442456852687e-05
2026-01-16 16:03:00+00:00,1.00098833859108,1.1261906427601039e-05
2026-01-16 16:04:00+00:00,1.0009940653178377,5.721072401160518e-06
2026-01-16 16:05:00+00:00,1.0009843341672366,-9.72148680820397e-06
2026-01-16 16:06:00+00:00,1.00101167431058,2.7313257970298468e-05
2026-01-16 16:07:00+00:00,1.0010182019200726,6.52101235201938e-06
2026-01-16 16:08:00+00:00,1.0010244088045592,6.200571053323706e-06
2026-01-16 16:09:00+00:00,1.0010470678301235,2.2635837213393087e-05
2026-01-16 16:10:00+00:00,1.0010074443686936,-3.958201637388367e-05
2026-01-16 16:11:00+00:00,1.0009799632116985,-2.7453499121981856e-05
2026-01-16 16:12:00+00:00,1.0010066680151204,2.6678659317178372e-05
2026-01-16 16:13:00+00:00,1.000995885921639,-1.077125040806451e-05
2026-01-16 16:14:00+00:00,1.0010237404267348,2.78267927847248e-05
2026-01-16 16:15:00+00:00,1.0009981420111878,-2.5572236215095158e-05
2026-01-16 16:16:00+00:00,1.0010062305232095,8.080446588434584e-06
2026-01-16 16:17:00+00:00,1.0010313728547133,2.5117057953574675e-05
2026-01-16 16:18:00+00:00,1.0010377878841932,6.408420009222752e-06
2026-01-16 16:19:00+00:00,1.0009653288536595,-7.23839113874669e-05
2026-01-16 16:20:00+00:00,1.0009726308388007,7.294943122112969e-06
2026-01-16 16:21:00+00:00,1.00097302186521,3.906464544421137e-07
2026-01-16 16:22:00+00:00,1.0009695599880848,-3.458511917498023e-06
2026-01-16 16:23:00+00:00,1.0009705522168195,9.91267641245512e-07
2026-01-16 16:24:00+00:00,1.0009650739157963,-5.472989201397138e-06
2026-01-16 16:25:00+00:00,1.0009695943879133,4.516113733507788e-06
2026-01-16 16:26:00+00:00,1.0009643646887123,-5.224633425674832e-06
2026-01-16 16:27:00+00:00,1.00096354277058,-8.211262670700925e-07
2026-01-16 16:28:00+00:00,1.0009257657739659,-3.774063190125054e-05
2026-01-16 16:29:00+00:00,1.0009257657739659,0.0
2026-01-16 16:30:00+00:00,1.0009257657739659,-0.0
2026-01-16 16:31:00+00:00,1.0009257657739659,-0.0
2026-01-16 16:32:00+00:00,1.0009257657739659,0.0
2026-01-16 16:33:00+00:00,1.0009257657739659,-0.0
2026-01-16 16:34:00+00:00,1.0009257657739659,0.0
2026-01-16 16:35:00+00:00,1.0009257657739659,-0.0
2026-01-16 16:36:00+00:00,1.0009257657739659,-0.0
2026-01-16 16:37:00+00:00,1.0009257657739659,-0.0
2026-01-16 16:38:00+00:00,1.0009257657739659,0.0
2026-01-16 16:39:00+00:00,1.0009257657739659,0.0
2026-01-16 16:40:00+00:00,1.0009257657739659,0.0
2026-01-16 16:41:00+00:00,1.0009257657739659,0.0
2026-01-16 16:42:00+00:00,1.0009257657739659,-0.0
2026-01-16 16:43:00+00:00,1.0009257657739659,0.0
2026-01-16 16:44:00+00:00,1.0009257657739659,-0.0
2026-01-16 16:45:00+00:00,1.0009257657739659,-0.0
2026-01-16 16:46:00+00:00,1.0009257657739659,0.0
2026-01-16 16:47:00+00:00,1.0009257657739659,-0.0
2026-01-16 16:48:00+00:00,1.0009257657739659,0.0
2026-01-16 16:49:00+00:00,1.0009257657739659,-0.0
2026-01-16 16:50:00+00:00,1.0009257657739659,0.0
2026-01-16 16:51:00+00:00,1.0009257657739659,0.0
2026-01-16 16:52:00+00:00,1.0009257657739659,-0.0
2026-01-16 16:53:00+00:00,1.0009257657739659,-0.0
2026-01-16 16:54:00+00:00,1.0009257657739659,0.0
2026-01-16 16:55:00+00:00,1.0009257657739659,0.0
2026-01-16 16:56:00+00:00,1.0009257657739659,-0.0
2026-01-16 16:57:00+00:00,1.0009257657739659,0.0
2026-01-16 16:58:00+00:00,1.0009257657739659,-0.0
2026-01-16 16:59:00+00:00,1.0009257657739659,0.0
2026-01-16 17:00:00+00:00,1.0009257657739659,-0.0
2026-01-16 17:01:00+00:00,1.0009257657739659,0.0
2026-01-16 17:02:00+00:00,1.0009257657739659,-0.0
2026-01-16 17:03:00+00:00,1.0009257657739659,0.0
2026-01-16 17:04:00+00:00,1.0009257657739659,-0.0
2026-01-16 17:05:00+00:00,1.0009257657739659,0.0
2026-01-16 17:06:00+00:00,1.0009257657739659,-0.0
2026-01-16 17:07:00+00:00,1.0009257657739659,-0.0
2026-01-16 17:08:00+00:00,1.0009257657739659,0.0
2026-01-16 17:09:00+00:00,1.0009257657739659,0.0
2026-01-16 17:10:00+00:00,1.0009257657739659,-0.0
2026-01-16 17:11:00+00:00,1.0009257657739659,0.0
2026-01-16 17:12:00+00:00,1.0009257657739659,-0.0
2026-01-16 17:13:00+00:00,1.0009257657739659,0.0
2026-01-16 17:14:00+00:00,1.0009257657739659,-0.0
2026-01-16 17:15:00+00:00,1.0009257657739659,0.0
2026-01-16 17:16:00+00:00,1.0009257657739659,0.0
2026-01-16 17:17:00+00:00,1.0009257657739659,-0.0
2026-01-16 17:18:00+00:00,1.0009257657739659,-0.0
2026-01-16 17:19:00+00:00,1.0009257657739659,0.0
2026-01-16 17:20:00+00:00,1.0009257657739659,0.0
2026-01-16 17:21:00+00:00,1.0009257657739659,0.0
2026-01-16 17:22:00+00:00,1.0009257657739659,-0.0
2026-01-16 17:23:00+00:00,1.0009257657739659,0.0
2026-01-16 17:24:00+00:00,1.0009257657739659,-0.0
2026-01-16 17:25:00+00:00,1.0009257657739659,-0.0
2026-01-16 17:26:00+00:00,1.0009257657739659,0.0
2026-01-16 17:27:00+00:00,1.0009257657739659,-0.0
2026-01-16 17:28:00+00:00,1.0009257657739659,0.0
2026-01-16 17:29:00+00:00,1.0009257657739659,-0.0
2026-01-16 17:30:00+00:00,1.0009257657739659,-0.0
2026-01-16 17:31:00+00:00,1.0009257657739659,0.0
2026-01-16 17:32:00+00:00,1.0009257657739659,-0.0
2026-01-16 17:33:00+00:00,1.0009257657739659,0.0
2026-01-16 17:34:00+00:00,1.0009257657739659,0.0
2026-01-16 17:35:00+00:00,1.0009257657739659,-0.0
2026-01-16 17:36:00+00:00,1.0009257657739659,0.0
2026-01-16 17:37:00+00:00,1.0009257657739659,-0.0
2026-01-16 17:38:00+00:00,1.0009257657739659,-0.0
2026-01-16 17:39:00+00:00,1.0009257657739659,0.0
2026-01-16 17:40:00+00:00,1.0009257657739659,0.0
2026-01-16 17:41:00+00:00,1.0009257657739659,0.0
2026-01-16 17:42:00+00:00,1.0009257657739659,-0.0
2026-01-16 17:43:00+00:00,1.0009257657739659,-0.0
2026-01-16 17:44:00+00:00,1.0009257657739659,0.0
2026-01-16 17:45:00+00:00,1.0009257657739659,-0.0
2026-01-16 17:46:00+00:00,1.0009257657739659,-0.0
2026-01-16 17:47:00+00:00,1.0009257657739659,0.0
2026-01-16 17:48:00+00:00,1.0009257657739659,-0.0
2026-01-16 17:49:00+00:00,1.0009257657739659,0.0
2026-01-16 17:50:00+00:00,1.0009257657739659,0.0
2026-01-16 17:51:00+00:00,1.0009257657739659,0.0
2026-01-16 17:52:00+00:00,1.0009257657739659,-0.0
2026-01-16 17:53:00+00:00,1.0009257657739659,-0.0
2026-01-16 17:54:00+00:00,1.0009257657739659,0.0
2026-01-16 17:55:00+00:00,1.0009257657739659,0.0
2026-01-16 17:56:00+00:00,1.0009257657739659,-0.0
2026-01-16 17:57:00+00:00,1.0009257657739659,-0.0
2026-01-16 17:58:00+00:00,1.0009257657739659,0.0
2026-01-16 17:59:00+00:00,1.0009257657739659,0.0
2026-01-16 18:00:00+00:00,1.0009257657739659,-0.0
2026-01-16 18:01:00+00:00,1.0009257657739659,-0.0
2026-01-16 18:02:00+00:00,1.0009257657739659,0.0
2026-01-16 18:03:00+00:00,1.0009257657739659,0.0
2026-01-16 18:04:00+00:00,1.0009257657739659,-0.0
2026-01-16 18:05:00+00:00,1.0009257657739659,0.0
2026-01-16 18:06:00+00:00,1.0009257657739659,0.0
2026-01-16 18:07:00+00:00,1.0009257657739659,-0.0
2026-01-16 18:08:00+00:00,1.0009257657739659,0.0
2026-01-16 18:09:00+00:00,1.0009257657739659,0.0
2026-01-16 18:10:00+00:00,1.0009257657739659,-0.0
2026-01-16 18:11:00+00:00,1.0009257657739659,0.0
2026-01-16 18:12:00+00:00,1.0009257657739659,-0.0
2026-01-16 18:13:00+00:00,1.0009257657739659,0.0
2026-01-16 18:14:00+00:00,1.0009257657739659,-0.0
2026-01-16 18:15:00+00:00,1.0009257657739659,0.0
2026-01-16 18:16:00+00:00,1.0009257657739659,0.0
2026-01-16 18:17:00+00:00,1.0009257657739659,0.0
2026-01-16 18:18:00+00:00,1.0009257657739659,-0.0
2026-01-16 18:19:00+00:00,1.0009257657739659,0.0
2026-01-16 18:20:00+00:00,1.0009257657739659,-0.0
2026-01-16 18:21:00+00:00,1.0009257657739659,0.0
2026-01-16 18:22:00+00:00,1.0009257657739659,0.0
2026-01-16 18:23:00+00:00,1.0009257657739659,0.0
2026-01-16 18:24:00+00:00,1.0009257657739659,-0.0
2026-01-16 18:25:00+00:00,1.0009257657739659,0.0
2026-01-16 18:26:00+00:00,1.0009257657739659,-0.0
2026-01-16 18:27:00+00:00,1.0009257657739659,0.0
2026-01-16 18:28:00+00:00,1.0009257657739659,-0.0
2026-01-16 18:29:00+00:00,1.0009257657739659,0.0
2026-01-16 18:30:00+00:00,1.0009257657739659,-0.0
2026-01-16 18:31:00+00:00,1.0009257657739659,-0.0
2026-01-16 18:32:00+00:00,1.0009257657739659,-0.0
2026-01-16 18:33:00+00:00,1.0009257657739659,0.0
2026-01-16 18:34:00+00:00,1.0009257657739659,0.0
2026-01-16 18:35:00+00:00,1.0009257657739659,-0.0
2026-01-16 18:36:00+00:00,1.0009257657739659,0.0
2026-01-16 18:37:00+00:00,1.0009257657739659,-0.0
2026-01-16 18:38:00+00:00,1.0009257657739659,0.0
2026-01-16 18:39:00+00:00,1.0009257657739659,-0.0
2026-01-16 18:40:00+00:00,1.0009257657739659,-0.0
2026-01-16 18:41:00+00:00,1.0009257657739659,0.0
2026-01-16 18:42:00+00:00,1.0009257657739659,0.0
2026-01-16 18:43:00+00:00,1.0009257657739659,-0.0
2026-01-16 18:44:00+00:00,1.0009257657739659,0.0
2026-01-16 18:45:00+00:00,1.0009257657739659,0.0
2026-01-16 18:46:00+00:00,1.0009257657739659,-0.0
2026-01-16 18:47:00+00:00,1.0009257657739659,-0.0
2026-01-16 18:48:00+00:00,1.0009257657739659,-0.0
2026-01-16 18:49:00+00:00,1.0009257657739659,0.0
2026-01-16 18:50:00+00:00,1.0009257657739659,0.0
2026-01-16 18:51:00+00:00,1.0009257657739659,-0.0
2026-01-16 18:52:00+00:00,1.0009257657739659,-0.0
2026-01-16 18:53:00+00:00,1.0009257657739659,0.0
2026-01-16 18:54:00+00:00,1.0009257657739659,0.0
2026-01-16 18:55:00+00:00,1.0009257657739659,-0.0
2026-01-16 18:56:00+00:00,1.0009257657739659,0.0
2026-01-16 18:57:00+00:00,1.0009257657739659,-0.0
2026-01-16 18:58:00+00:00,1.0009257657739659,-0.0
2026-01-16 18:59:00+00:00,1.0009257657739659,-0.0
2026-01-16 19:00:00+00:00,1.0009257657739659,-0.0
2026-01-16 19:01:00+00:00,1.0009257657739659,0.0
2026-01-16 19:02:00+00:00,1.0009257657739659,-0.0
2026-01-16 19:03:00+00:00,1.0009257657739659,0.0
2026-01-16 19:04:00+00:00,1.0009257657739659,-0.0
2026-01-16 19:05:00+00:00,1.0009257657739659,0.0
2026-01-16 19:06:00+00:00,1.0009257657739659,-0.0
2026-01-16 19:07:00+00:00,1.0009257657739659,0.0
2026-01-16 19:08:00+00:00,1.0009257657739659,0.0
2026-01-16 19:09:00+00:00,1.0009257657739659,0.0
2026-01-16 19:10:00+00:00,1.0009257657739659,-0.0
2026-01-16 19:11:00+00:00,1.0009257657739659,0.0
2026-01-16 19:12:00+00:00,1.0009257657739659,0.0
2026-01-16 19:13:00+00:00,1.0009257657739659,0.0
2026-01-16 19:14:00+00:00,1.0009257657739659,-0.0
2026-01-16 19:15:00+00:00,1.0009257657739659,-0.0
2026-01-16 19:16:00+00:00,1.0009257657739659,0.0
2026-01-16 19:17:00+00:00,1.0009257657739659,-0.0
2026-01-16 19:18:00+00:00,1.0009257657739659,-0.0
2026-01-16 19:19:00+00:00,1.0009257657739659,0.0
2026-01-16 19:20:00+00:00,1.0009257657739659,-0.0
2026-01-16 19:21:00+00:00,1.0009257657739659,-0.0
2026-01-16 19:22:00+00:00,1.0009257657739659,0.0
2026-01-16 19:23:00+00:00,1.0009257657739659,-0.0
2026-01-16 19:24:00+00:00,1.0009257657739659,-0.0
2026-01-16 19:25:00+00:00,1.0009257657739659,0.0
2026-01-16 19:26:00+00:00,1.0009257657739659,-0.0
2026-01-16 19:27:00+00:00,1.0009257657739659,-0.0
2026-01-16 19:28:00+00:00,1.0009257657739659,-0.0
2026-01-16 19:29:00+00:00,1.0009257657739659,0.0
2026-01-16 19:30:00+00:00,1.0009257657739659,0.0
2026-01-16 19:31:00+00:00,1.0009257657739659,-0.0
2026-01-16 19:32:00+00:00,1.0009257657739659,0.0
2026-01-16 19:33:00+00:00,1.0009257657739659,-0.0
2026-01-16 19:34:00+00:00,1.0009257657739659,-0.0
2026-01-16 19:35:00+00:00,1.0009257657739659,-0.0
2026-01-16 19:36:00+00:00,1.0009257657739659,0.0
2026-01-16 19:37:00+00:00,1.0009257657739659,0.0
2026-01-16 19:38:00+00:00,1.0009257657739659,-0.0
2026-01-16 19:39:00+00:00,1.0009257657739659,-0.0
2026-01-16 19:40:00+00:00,1.0009257657739659,0.0
2026-01-16 19:41:00+00:00,1.0009257657739659,-0.0
2026-01-16 19:42:00+00:00,1.0009257657739659,-0.0
2026-01-16 19:43:00+00:00,1.0009257657739659,0.0
2026-01-16 19:44:00+00:00,1.0009257657739659,0.0
2026-01-16 19:45:00+00:00,1.0009257657739659,0.0
2026-01-16 19:46:00+00:00,1.0009257657739659,-0.0
2026-01-16 19:47:00+00:00,1.0009257657739659,0.0
2026-01-16 19:48:00+00:00,1.0009257657739659,0.0
2026-01-16 19:49:00+00:00,1.0009257657739659,0.0
2026-01-16 19:50:00+00:00,1.0009257657739659,-0.0
2026-01-16 19:51:00+00:00,1.0009257657739659,0.0
2026-01-16 19:52:00+00:00,1.0009257657739659,0.0
2026-01-16 19:53:00+00:00,1.0009257657739659,0.0
2026-01-16 19:54:00+00:00,1.0009257657739659,-0.0
2026-01-16 19:55:00+00:00,1.0009257657739659,-0.0
2026-01-16 19:56:00+00:00,1.0009257657739659,0.0
2026-01-16 19:57:00+00:00,1.0009257657739659,0.0
2026-01-16 19:58:00+00:00,1.0009257657739659,0.0
2026-01-16 19:59:00+00:00,1.0009257657739659,-0.0
2026-01-16 20:00:00+00:00,1.0009257657739659,-0.0
2026-01-16 20:01:00+00:00,1.0009257657739659,-0.0
2026-01-16 20:02:00+00:00,1.0009257657739659,-0.0
2026-01-16 20:03:00+00:00,1.0009257657739659,0.0
2026-01-16 20:04:00+00:00,1.0009257657739659,0.0
2026-01-16 20:05:00+00:00,1.0009257657739659,-0.0
2026-01-16 20:06:00+00:00,1.0009257657739659,0.0
2026-01-16 20:07:00+00:00,1.0009257657739659,-0.0
2026-01-16 20:08:00+00:00,1.0009257657739659,-0.0
2026-01-16 20:09:00+00:00,1.0009257657739659,-0.0
2026-01-16 20:10:00+00:00,1.0009257657739659,-0.0
2026-01-16 20:11:00+00:00,1.0009257657739659,0.0
2026-01-16 20:12:00+00:00,1.0009257657739659,0.0
2026-01-16 20:13:00+00:00,1.0009257657739659,0.0
2026-01-16 20:14:00+00:00,1.0009257657739659,-0.0
2026-01-16 20:15:00+00:00,1.0009257657739659,-0.0
2026-01-16 20:16:00+00:00,1.0009257657739659,0.0
2026-01-16 20:17:00+00:00,1.0009257657739659,-0.0
2026-01-16 20:18:00+00:00,1.0009257657739659,0.0
2026-01-16 20:19:00+00:00,1.0009257657739659,0.0
2026-01-16 20:20:00+00:00,1.0009257657739659,-0.0
2026-01-16 20:21:00+00:00,1.0009257657739659,-0.0
2026-01-16 20:22:00+00:00,1.0009257657739659,-0.0
2026-01-16 20:23:00+00:00,1.0009257657739659,0.0
2026-01-16 20:24:00+00:00,1.0009257657739659,-0.0
2026-01-16 20:25:00+00:00,1.0009257657739659,0.0
2026-01-16 20:26:00+00:00,1.0009257657739659,-0.0
2026-01-16 20:27:00+00:00,1.0009257657739659,-0.0
2026-01-16 20:28:00+00:00,1.0009257657739659,0.0
2026-01-16 20:29:00+00:00,1.0009257657739659,0.0
2026-01-16 20:30:00+00:00,1.0009257657739659,-0.0
2026-01-16 20:31:00+00:00,1.0009257657739659,0.0
2026-01-16 20:32:00+00:00,1.0009257657739659,0.0
2026-01-16 20:33:00+00:00,1.0009257657739659,0.0
2026-01-16 20:34:00+00:00,1.0009257657739659,-0.0
2026-01-16 20:35:00+00:00,1.0009257657739659,0.0
2026-01-16 20:36:00+00:00,1.0009257657739659,-0.0
2026-01-16 20:37:00+00:00,1.0009257657739659,-0.0
2026-01-16 20:38:00+00:00,1.0009257657739659,0.0
2026-01-16 20:39:00+00:00,1.0009257657739659,-0.0
2026-01-16 20:40:00+00:00,1.0009257657739659,0.0
2026-01-16 20:41:00+00:00,1.0009257657739659,-0.0
2026-01-16 20:42:00+00:00,1.0009257657739659,0.0
2026-01-16 20:43:00+00:00,1.0009257657739659,-0.0
2026-01-16 20:44:00+00:00,1.0009257657739659,-0.0
2026-01-16 20:45:00+00:00,1.0009257657739659,0.0
2026-01-16 20:46:00+00:00,1.0009257657739659,-0.0
2026-01-16 20:47:00+00:00,1.0009257657739659,0.0
2026-01-16 20:48:00+00:00,1.0009257657739659,-0.0
2026-01-16 20:49:00+00:00,1.0009257657739659,-0.0
2026-01-16 20:50:00+00:00,1.0009257657739659,0.0
2026-01-16 20:51:00+00:00,1.0009257657739659,-0.0
2026-01-16 20:52:00+00:00,1.0009257657739659,-0.0
2026-01-16 20:53:00+00:00,1.0009257657739659,0.0
2026-01-16 20:54:00+00:00,1.0009257657739659,0.0
2026-01-16 20:55:00+00:00,1.0009257657739659,-0.0
2026-01-16 20:56:00+00:00,1.0009257657739659,0.0
2026-01-16 20:57:00+00:00,1.0009257657739659,-0.0
2026-01-16 20:58:00+00:00,1.0009257657739659,0.0
2026-01-16 20:59:00+00:00,1.000889819717873,-3.59128092432345e-05
2026-01-16 21:00:00+00:00,1.0009808939181803,9.099323273457826e-05
2026-01-16 21:01:00+00:00,1.0009710236986422,-9.860547387292026e-06
2026-01-16 21:02:00+00:00,1.0009825588572125,1.1523968523862755e-05
2026-01-16 21:03:00+00:00,1.0010191418871186,3.65471202092845e-05
2026-01-16 21:04:00+00:00,1.001002880837308,-1.624449436614733e-05
2026-01-16 21:05:00+00:00,1.0010213852148921,1.848583849117472e-05
2026-01-16 21:06:00+00:00,1.0010213950562008,9.831267158686044e-09
2026-01-16 21:07:00+00:00,1.0010341394443043,1.2731384330452316e-05
2026-01-16 21:08:00+00:00,1.0010403309629434,6.185122360112752e-06
2026-01-16 21:09:00+00:00,1.0009950465719406,-4.5237329208492234e-05
2026-01-16 21:10:00+00:00,1.0010138563949253,1.8791124940277833e-05
2026-01-16 21:11:00+00:00,1.000981786206061,-3.203770722987254e-05
2026-01-16 21:12:00+00:00,1.0010183341806576,3.651212749343431e-05
2026-01-16 21:13:00+00:00,1.0010104821273231,-7.844065454496649e-06
2026-01-16 21:14:00+00:00,1.0010079384258352,-2.5411337177158427e-06
2026-01-16 21:15:00+00:00,1.0010417046917324,3.373226585003379e-05
2026-01-16 21:16:00+00:00,1.0010206122719436,-2.1070470580732808e-05
2026-01-16 21:17:00+00:00,1.0010223971852383,1.783093447557682e-06
2026-01-16 21:18:00+00:00,1.0010195883410695,-2.805975347500659e-06
2026-01-16 21:19:00+00:00,1.0010287764442838,9.178744673106998e-06
2026-01-16 21:20:00+00:00,1.0010118077209647,-1.6951284237336187e-05
2026-01-16 21:21:00+00:00,1.0009973537768095,-1.4439334325145274e-05
2026-01-16 21:22:00+00:00,1.0010386879700628,4.129300951418401e-05
2026-01-16 21:23:00+00:00,1.0010502429024084,1.1542942829804044e-05
2026-01-16 21:24:00+00:00,1.0010619236118767,1.1668454756542596e-05
2026-01-16 21:25:00+00:00,1.0010775150870177,1.557493574892836e-05
2026-01-16 21:26:00+00:00,1.001081895101494,4.375300024545317e-06
2026-01-16 21:27:00+00:00,1.0011013310395076,1.9414933092856966e-05
2026-01-16 21:28:00+00:00,1.0011154862928138,1.4139680836821812e-05
2026-01-16 21:29:00+00:00,1.0010743197028151,-4.112072039875192e-05
2026-01-16 21:30:00+00:00,1.0010743197028151,0.0
2026-01-16 21:31:00+00:00,1.0010743197028151,-0.0
2026-01-16 21:32:00+00:00,1.0010743197028151,-0.0
2026-01-16 21:33:00+00:00,1.0010743197028151,-0.0
2026-01-16 21:34:00+00:00,1.0010743197028151,-0.0
2026-01-16 21:35:00+00:00,1.0010743197028151,0.0
2026-01-16 21:36:00+00:00,1.0010743197028151,-0.0
2026-01-16 21:37:00+00:00,1.0010743197028151,0.0
2026-01-16 21:38:00+00:00,1.0010743197028151,-0.0
2026-01-16 21:39:00+00:00,1.0010743197028151,0.0
2026-01-16 21:40:00+00:00,1.0010743197028151,-0.0
2026-01-16 21:41:00+00:00,1.0010743197028151,0.0
2026-01-16 21:42:00+00:00,1.0010743197028151,0.0
2026-01-16 21:43:00+00:00,1.0010743197028151,-0.0
2026-01-16 21:44:00+00:00,1.0010743197028151,-0.0
2026-01-16 21:45:00+00:00,1.0010743197028151,0.0
2026-01-16 21:46:00+00:00,1.0010743197028151,-0.0
2026-01-16 21:47:00+00:00,1.0010743197028151,0.0
2026-01-16 21:48:00+00:00,1.0010743197028151,-0.0
2026-01-16 21:49:00+00:00,1.0010743197028151,0.0
2026-01-16 21:50:00+00:00,1.0010743197028151,-0.0
2026-01-16 21:51:00+00:00,1.0010743197028151,0.0
2026-01-16 21:52:00+00:00,1.0010743197028151,-0.0
2026-01-16 21:53:00+00:00,1.0010743197028151,-0.0
2026-01-16 21:54:00+00:00,1.0010743197028151,-0.0
2026-01-16 21:55:00+00:00,1.0010743197028151,0.0
2026-01-16 21:56:00+00:00,1.0010743197028151,0.0
2026-01-16 21:57:00+00:00,1.0010743197028151,0.0
2026-01-16 21:58:00+00:00,1.0010743197028151,0.0
2026-01-16 21:59:00+00:00,1.0010743197028151,0.0
2026-01-16 22:00:00+00:00,1.0010743197028151,-0.0
2026-01-16 22:01:00+00:00,1.0010743197028151,0.0
2026-01-16 22:02:00+00:00,1.0010743197028151,-0.0
2026-01-16 22:03:00+00:00,1.0010743197028151,0.0
2026-01-16 22:04:00+00:00,1.0010743197028151,0.0
2026-01-16 22:05:00+00:00,1.0010743197028151,-0.0
2026-01-16 22:06:00+00:00,1.0010743197028151,-0.0
2026-01-16 22:07:00+00:00,1.0010743197028151,0.0
2026-01-16 22:08:00+00:00,1.0010743197028151,-0.0
2026-01-16 22:09:00+00:00,1.0010743197028151,-0.0
2026-01-16 22:10:00+00:00,1.0010743197028151,0.0
2026-01-16 22:11:00+00:00,1.0010743197028151,-0.0
2026-01-16 22:12:00+00:00,1.0010743197028151,0.0
2026-01-16 22:13:00+00:00,1.0010743197028151,0.0
2026-01-16 22:14:00+00:00,1.0010743197028151,0.0
2026-01-16 22:15:00+00:00,1.0010743197028151,-0.0
2026-01-16 22:16:00+00:00,1.0010743197028151,0.0
2026-01-16 22:17:00+00:00,1.0010743197028151,-0.0
2026-01-16 22:18:00+00:00,1.0010743197028151,-0.0
2026-01-16 22:19:00+00:00,1.0010743197028151,-0.0
2026-01-16 22:20:00+00:00,1.0010743197028151,-0.0
2026-01-16 22:21:00+00:00,1.0010743197028151,0.0
2026-01-16 22:22:00+00:00,1.0010743197028151,0.0
2026-01-16 22:23:00+00:00,1.0010743197028151,0.0
2026-01-16 22:24:00+00:00,1.0010743197028151,0.0
2026-01-16 22:25:00+00:00,1.0010743197028151,-0.0
2026-01-16 22:26:00+00:00,1.0010743197028151,-0.0
2026-01-16 22:27:00+00:00,1.0010743197028151,-0.0
2026-01-16 22:28:00+00:00,1.0010743197028151,0.0
2026-01-16 22:29:00+00:00,1.0010743197028151,-0.0
2026-01-16 22:30:00+00:00,1.0010743197028151,0.0
2026-01-16 22:31:00+00:00,1.0010743197028151,0.0
2026-01-16 22:32:00+00:00,1.0010743197028151,0.0
2026-01-16 22:33:00+00:00,1.0010743197028151,-0.0
2026-01-16 22:34:00+00:00,1.0010743197028151,0.0
2026-01-16 22:35:00+00:00,1.0010743197028151,0.0
2026-01-16 22:36:00+00:00,1.0010743197028151,-0.0
2026-01-16 22:37:00+00:00,1.0010743197028151,0.0
2026-01-16 22:38:00+00:00,1.0010743197028151,0.0
2026-01-16 22:39:00+00:00,1.0010743197028151,0.0
2026-01-16 22:40:00+00:00,1.0010743197028151,-0.0
2026-01-16 22:41:00+00:00,1.0010743197028151,-0.0
2026-01-16 22:42:00+00:00,1.0010743197028151,-0.0
2026-01-16 22:43:00+00:00,1.0010743197028151,0.0
2026-01-16 22:44:00+00:00,1.0010743197028151,0.0
2026-01-16 22:45:00+00:00,1.0010743197028151,-0.0
2026-01-16 22:46:00+00:00,1.0010743197028151,-0.0
2026-01-16 22:47:00+00:00,1.0010743197028151,0.0
2026-01-16 22:48:00+00:00,1.0010743197028151,-0.0
2026-01-16 22:49:00+00:00,1.0010743197028151,-0.0
2026-01-16 22:50:00+00:00,1.0010743197028151,-0.0
2026-01-16 22:51:00+00:00,1.0010743197028151,-0.0
2026-01-16 22:52:00+00:00,1.0010743197028151,0.0
2026-01-16 22:53:00+00:00,1.0010743197028151,0.0
2026-01-16 22:54:00+00:00,1.0010743197028151,-0.0
2026-01-16 22:55:00+00:00,1.0010743197028151,0.0
2026-01-16 22:56:00+00:00,1.0010743197028151,-0.0
2026-01-16 22:57:00+00:00,1.0010743197028151,0.0
2026-01-16 22:58:00+00:00,1.0010743197028151,-0.0
2026-01-16 22:59:00+00:00,1.0010743197028151,0.0
2026-01-16 23:00:00+00:00,1.0010743197028151,-0.0
2026-01-16 23:01:00+00:00,1.0010743197028151,0.0
2026-01-16 23:02:00+00:00,1.0010743197028151,0.0
2026-01-16 23:03:00+00:00,1.0010743197028151,0.0
2026-01-16 23:04:00+00:00,1.0010743197028151,-0.0
2026-01-16 23:05:00+00:00,1.0010743197028151,0.0
2026-01-16 23:06:00+00:00,1.0010743197028151,-0.0
2026-01-16 23:07:00+00:00,1.0010743197028151,-0.0
2026-01-16 23:08:00+00:00,1.0010743197028151,0.0
2026-01-16 23:09:00+00:00,1.0010743197028151,-0.0
2026-01-16 23:10:00+00:00,1.0010743197028151,0.0
2026-01-16 23:11:00+00:00,1.0010743197028151,0.0
2026-01-16 23:12:00+00:00,1.0010743197028151,-0.0
2026-01-16 23:13:00+00:00,1.0010743197028151,0.0
2026-01-16 23:14:00+00:00,1.0010743197028151,-0.0
2026-01-16 23:15:00+00:00,1.0010743197028151,-0.0
2026-01-16 23:16:00+00:00,1.0010743197028151,0.0
2026-01-16 23:17:00+00:00,1.0010743197028151,-0.0
2026-01-16 23:18:00+00:00,1.0010743197028151,0.0
2026-01-16 23:19:00+00:00,1.0010743197028151,0.0
2026-01-16 23:20:00+00:00,1.0010743197028151,-0.0
2026-01-16 23:21:00+00:00,1.0010743197028151,-0.0
2026-01-16 23:22:00+00:00,1.0010743197028151,0.0
2026-01-16 23:23:00+00:00,1.0010743197028151,-0.0
2026-01-16 23:24:00+00:00,1.0010743197028151,-0.0
2026-01-16 23:25:00+00:00,1.0010743197028151,0.0
2026-01-16 23:26:00+00:00,1.0010743197028151,0.0
2026-01-16 23:27:00+00:00,1.0010743197028151,-0.0
2026-01-16 23:28:00+00:00,1.0010743197028151,0.0
2026-01-16 23:29:00+00:00,1.0010743197028151,-0.0
2026-01-16 23:30:00+00:00,1.0010743197028151,0.0
2026-01-16 23:31:00+00:00,1.0010743197028151,-0.0
2026-01-16 23:32:00+00:00,1.0010743197028151,-0.0
2026-01-16 23:33:00+00:00,1.0010743197028151,0.0
2026-01-16 23:34:00+00:00,1.0010743197028151,0.0
2026-01-16 23:35:00+00:00,1.0010743197028151,-0.0
2026-01-16 23:36:00+00:00,1.0010743197028151,0.0
2026-01-16 23:37:00+00:00,1.0010743197028151,0.0
2026-01-16 23:38:00+00:00,1.0010743197028151,0.0
2026-01-16 23:39:00+00:00,1.0010743197028151,-0.0
2026-01-16 23:40:00+00:00,1.0010743197028151,-0.0
2026-01-16 23:41:00+00:00,1.0010743197028151,-0.0
2026-01-16 23:42:00+00:00,1.0010743197028151,-0.0
2026-01-16 23:43:00+00:00,1.0010743197028151,-0.0
2026-01-16 23:44:00+00:00,1.0010743197028151,0.0
2026-01-16 23:45:00+00:00,1.0010743197028151,0.0
2026-01-16 23:46:00+00:00,1.0010743197028151,0.0
2026-01-16 23:47:00+00:00,1.0010743197028151,-0.0
2026-01-16 23:48:00+00:00,1.0010743197028151,0.0
2026-01-16 23:49:00+00:00,1.0010743197028151,0.0
2026-01-16 23:50:00+00:00,1.0010743197028151,0.0
2026-01-16 23:51:00+00:00,1.0010743197028151,-0.0
2026-01-16 23:52:00+00:00,1.0010743197028151,-0.0
2026-01-16 23:53:00+00:00,1.0010743197028151,0.0
2026-01-16 23:54:00+00:00,1.0010743197028151,-0.0
2026-01-16 23:55:00+00:00,1.0010743197028151,0.0
2026-01-16 23:56:00+00:00,1.0010743197028151,0.0
2026-01-16 23:57:00+00:00,1.0010743197028151,0.0
2026-01-16 23:58:00+00:00,1.0010743197028151,0.0
2026-01-16 23:59:00+00:00,1.0010743197028151,-0.0
2026-01-17 00:00:00+00:00,1.0010743197028151,0.0
2026-01-17 00:01:00+00:00,1.0010743197028151,-0.0
2026-01-17 00:02:00+00:00,1.0010743197028151,-0.0
2026-01-17 00:03:00+00:00,1.0010743197028151,0.0
2026-01-17 00:04:00+00:00,1.0010743197028151,0.0
2026-01-17 00:05:00+00:00,1.0010743197028151,0.0
2026-01-17 00:06:00+00:00,1.0010743197028151,0.0
2026-01-17 00:07:00+00:00,1.0010743197028151,-0.0
2026-01-17 00:08:00+00:00,1.0010743197028151,-0.0
2026-01-17 00:09:00+00:00,1.0010743197028151,-0.0
2026-01-17 00:10:00+00:00,1.0010743197028151,0.0
2026-01-17 00:11:00+00:00,1.0010743197028151,0.0
2026-01-17 00:12:00+00:00,1.0010743197028151,-0.0
2026-01-17 00:13:00+00:00,1.0010743197028151,0.0
2026-01-17 00:14:00+00:00,1.0010743197028151,-0.0
2026-01-17 00:15:00+00:00,1.0010743197028151,-0.0
2026-01-17 00:16:00+00:00,1.0010743197028151,-0.0
2026-01-17 00:17:00+00:00,1.0010743197028151,0.0
2026-01-17 00:18:00+00:00,1.0010743197028151,0.0
2026-01-17 00:19:00+00:00,1.0010743197028151,-0.0
2026-01-17 00:20:00+00:00,1.0010743197028151,-0.0
2026-01-17 00:21:00+00:00,1.0010743197028151,-0.0
2026-01-17 00:22:00+00:00,1.0010743197028151,0.0
2026-01-17 00:23:00+00:00,1.0010743197028151,-0.0
2026-01-17 00:24:00+00:00,1.0010743197028151,-0.0
2026-01-17 00:25:00+00:00,1.0010743197028151,0.0
2026-01-17 00:26:00+00:00,1.0010743197028151,-0.0
2026-01-17 00:27:00+00:00,1.0010743197028151,-0.0
2026-01-17 00:28:00+00:00,1.0010743197028151,0.0
2026-01-17 00:29:00+00:00,1.0010743197028151,0.0
2026-01-17 00:30:00+00:00,1.0010743197028151,0.0
2026-01-17 00:31:00+00:00,1.0010743197028151,-0.0
2026-01-17 00:32:00+00:00,1.0010743197028151,0.0
2026-01-17 00:33:00+00:00,1.0010743197028151,-0.0
2026-01-17 00:34:00+00:00,1.0010743197028151,-0.0
2026-01-17 00:35:00+00:00,1.0010743197028151,0.0
2026-01-17 00:36:00+00:00,1.0010743197028151,0.0
2026-01-17 00:37:00+00:00,1.0010743197028151,0.0
2026-01-17 00:38:00+00:00,1.0010743197028151,-0.0
2026-01-17 00:39:00+00:00,1.0010743197028151,0.0
2026-01-17 00:40:00+00:00,1.0010743197028151,-0.0
2026-01-17 00:41:00+00:00,1.0010743197028151,-0.0
2026-01-17 00:42:00+00:00,1.0010743197028151,0.0
2026-01-17 00:43:00+00:00,1.0010743197028151,-0.0
2026-01-17 00:44:00+00:00,1.0010743197028151,-0.0
2026-01-17 00:45:00+00:00,1.0010743197028151,0.0
2026-01-17 00:46:00+00:00,1.0010743197028151,0.0
2026-01-17 00:47:00+00:00,1.0010743197028151,-0.0
2026-01-17 00:48:00+00:00,1.0010743197028151,-0.0
2026-01-17 00:49:00+00:00,1.0010743197028151,0.0
2026-01-17 00:50:00+00:00,1.0010743197028151,-0.0
2026-01-17 00:51:00+00:00,1.0010743197028151,-0.0
2026-01-17 00:52:00+00:00,1.0010743197028151,-0.0
2026-01-17 00:53:00+00:00,1.0010743197028151,0.0
2026-01-17 00:54:00+00:00,1.0010743197028151,-0.0
2026-01-17 00:55:00+00:00,1.0010743197028151,0.0
2026-01-17 00:56:00+00:00,1.0010743197028151,-0.0
2026-01-17 00:57:00+00:00,1.0010743197028151,-0.0
2026-01-17 00:58:00+00:00,1.0010743197028151,0.0
2026-01-17 00:59:00+00:00,1.0010743197028151,-0.0
2026-01-17 01:00:00+00:00,1.0010743197028151,-0.0
2026-01-17 01:01:00+00:00,1.0010743197028151,0.0
2026-01-17 01:02:00+00:00,1.0010743197028151,0.0
2026-01-17 01:03:00+00:00,1.0010743197028151,-0.0
2026-01-17 01:04:00+00:00,1.0010743197028151,0.0
2026-01-17 01:05:00+00:00,1.0010743197028151,-0.0
2026-01-17 01:06:00+00:00,1.0010743197028151,0.0
2026-01-17 01:07:00+00:00,1.0010743197028151,-0.0
2026-01-17 01:08:00+00:00,1.0010743197028151,0.0
2026-01-17 01:09:00+00:00,1.0010743197028151,-0.0
2026-01-17 01:10:00+00:00,1.0010743197028151,0.0
2026-01-17 01:11:00+00:00,1.0010743197028151,0.0
2026-01-17 01:12:00+00:00,1.0010743197028151,-0.0
2026-01-17 01:13:00+00:00,1.0010743197028151,-0.0
2026-01-17 01:14:00+00:00,1.0010743197028151,0.0
2026-01-17 01:15:00+00:00,1.0010743197028151,-0.0
2026-01-17 01:16:00+00:00,1.0010743197028151,0.0
2026-01-17 01:17:00+00:00,1.0010743197028151,-0.0
2026-01-17 01:18:00+00:00,1.0010743197028151,0.0
2026-01-17 01:19:00+00:00,1.0010743197028151,0.0
2026-01-17 01:20:00+00:00,1.0010743197028151,-0.0
2026-01-17 01:21:00+00:00,1.0010743197028151,-0.0
2026-01-17 01:22:00+00:00,1.0010743197028151,0.0
2026-01-17 01:23:00+00:00,1.0010743197028151,-0.0
2026-01-17 01:24:00+00:00,1.0010743197028151,0.0
2026-01-17 01:25:00+00:00,1.0010743197028151,0.0
2026-01-17 01:26:00+00:00,1.0010743197028151,0.0
2026-01-17 01:27:00+00:00,1.0010743197028151,-0.0
2026-01-17 01:28:00+00:00,1.0010743197028151,0.0
2026-01-17 01:29:00+00:00,1.0010743197028151,-0.0
2026-01-17 01:30:00+00:00,1.0010743197028151,-0.0
2026-01-17 01:31:00+00:00,1.0010743197028151,-0.0
2026-01-17 01:32:00+00:00,1.0010743197028151,0.0
2026-01-17 01:33:00+00:00,1.0010743197028151,-0.0
2026-01-17 01:34:00+00:00,1.0010743197028151,0.0
2026-01-17 01:35:00+00:00,1.0010743197028151,0.0
2026-01-17 01:36:00+00:00,1.0010743197028151,-0.0
2026-01-17 01:37:00+00:00,1.0010743197028151,-0.0
2026-01-17 01:38:00+00:00,1.0010743197028151,-0.0
2026-01-17 01:39:00+00:00,1.0010743197028151,0.0
2026-01-17 01:40:00+00:00,1.0010743197028151,0.0
2026-01-17 01:41:00+00:00,1.0010743197028151,-0.0
2026-01-17 01:42:00+00:00,1.0010743197028151,0.0
2026-01-17 01:43:00+00:00,1.0010743197028151,-0.0
2026-01-17 01:44:00+00:00,1.0010743197028151,0.0
2026-01-17 01:45:00+00:00,1.0010743197028151,-0.0
2026-01-17 01:46:00+00:00,1.0010743197028151,0.0
2026-01-17 01:47:00+00:00,1.0010743197028151,0.0
2026-01-17 01:48:00+00:00,1.0010743197028151,-0.0
2026-01-17 01:49:00+00:00,1.0010743197028151,-0.0
2026-01-17 01:50:00+00:00,1.0010743197028151,0.0
2026-01-17 01:51:00+00:00,1.0010743197028151,0.0
2026-01-17 01:52:00+00:00,1.0010743197028151,0.0
2026-01-17 01:53:00+00:00,1.0010743197028151,-0.0
2026-01-17 01:54:00+00:00,1.0010743197028151,-0.0
2026-01-17 01:55:00+00:00,1.0010743197028151,-0.0
2026-01-17 01:56:00+00:00,1.0010743197028151,-0.0
2026-01-17 01:57:00+00:00,1.0010743197028151,0.0
2026-01-17 01:58:00+00:00,1.0010743197028151,0.0
2026-01-17 01:59:00+00:00,1.0010743197028151,-0.0
2026-01-17 02:00:00+00:00,1.0010743197028151,0.0
2026-01-17 02:01:00+00:00,1.0010743197028151,-0.0
2026-01-17 02:02:00+00:00,1.0010743197028151,0.0
2026-01-17 02:03:00+00:00,1.0010743197028151,0.0
2026-01-17 02:04:00+00:00,1.0010743197028151,-0.0
2026-01-17 02:05:00+00:00,1.0010743197028151,0.0
2026-01-17 02:06:00+00:00,1.0010743197028151,-0.0
2026-01-17 02:07:00+00:00,1.0010743197028151,0.0
2026-01-17 02:08:00+00:00,1.0010743197028151,-0.0
2026-01-17 02:09:00+00:00,1.0010743197028151,0.0
2026-01-17 02:10:00+00:00,1.0010743197028151,0.0
2026-01-17 02:11:00+00:00,1.0010743197028151,-0.0
2026-01-17 02:12:00+00:00,1.0010743197028151,-0.0
2026-01-17 02:13:00+00:00,1.0010743197028151,0.0
2026-01-17 02:14:00+00:00,1.0010743197028151,-0.0
2026-01-17 02:15:00+00:00,1.0010743197028151,-0.0
2026-01-17 02:16:00+00:00,1.0010743197028151,-0.0
2026-01-17 02:17:00+00:00,1.0010743197028151,0.0
2026-01-17 02:18:00+00:00,1.0010743197028151,-0.0
2026-01-17 02:19:00+00:00,1.0010743197028151,-0.0
2026-01-17 02:20:00+00:00,1.0010743197028151,-0.0
2026-01-17 02:21:00+00:00,1.0010743197028151,0.0
2026-01-17 02:22:00+00:00,1.0010743197028151,-0.0
2026-01-17 02:23:00+00:00,1.0010743197028151,-0.0
2026-01-17 02:24:00+00:00,1.0010743197028151,-0.0
2026-01-17 02:25:00+00:00,1.0010743197028151,-0.0
2026-01-17 02:26:00+00:00,1.0010743197028151,-0.0
2026-01-17 02:27:00+00:00,1.0010743197028151,0.0
2026-01-17 02:28:00+00:00,1.0010743197028151,0.0
2026-01-17 02:29:00+00:00,1.0010743197028151,-0.0
2026-01-17 02:30:00+00:00,1.0010743197028151,-0.0
2026-01-17 02:31:00+00:00,1.0010743197028151,0.0
2026-01-17 02:32:00+00:00,1.0010743197028151,-0.0
2026-01-17 02:33:00+00:00,1.0010743197028151,-0.0
2026-01-17 02:34:00+00:00,1.0010743197028151,-0.0
2026-01-17 02:35:00+00:00,1.0010743197028151,-0.0
2026-01-17 02:36:00+00:00,1.0010743197028151,0.0
2026-01-17 02:37:00+00:00,1.0010743197028151,0.0
2026-01-17 02:38:00+00:00,1.0010743197028151,-0.0
2026-01-17 02:39:00+00:00,1.0010743197028151,0.0
2026-01-17 02:40:00+00:00,1.0010743197028151,0.0
2026-01-17 02:41:00+00:00,1.0010743197028151,-0.0
2026-01-17 02:42:00+00:00,1.0010743197028151,0.0
2026-01-17 02:43:00+00:00,1.0010743197028151,-0.0
2026-01-17 02:44:00+00:00,1.0010743197028151,-0.0
2026-01-17 02:45:00+00:00,1.0010743197028151,-0.0
2026-01-17 02:46:00+00:00,1.0010743197028151,-0.0
2026-01-17 02:47:00+00:00,1.0010743197028151,-0.0
2026-01-17 02:48:00+00:00,1.0010743197028151,-0.0
2026-01-17 02:49:00+00:00,1.0010743197028151,-0.0
2026-01-17 02:50:00+00:00,1.0010743197028151,0.0
2026-01-17 02:51:00+00:00,1.0010743197028151,0.0
2026-01-17 02:52:00+00:00,1.0010743197028151,-0.0
2026-01-17 02:53:00+00:00,1.0010743197028151,-0.0
2026-01-17 02:54:00+00:00,1.0010743197028151,0.0
2026-01-17 02:55:00+00:00,1.0010743197028151,0.0
2026-01-17 02:56:00+00:00,1.0010743197028151,0.0
2026-01-17 02:57:00+00:00,1.0010743197028151,-0.0
2026-01-17 02:58:00+00:00,1.0010743197028151,0.0
2026-01-17 02:59:00+00:00,1.0010743197028151,-0.0
2026-01-17 03:00:00+00:00,1.0010743197028151,0.0
2026-01-17 03:01:00+00:00,1.0010743197028151,-0.0
2026-01-17 03:02:00+00:00,1.0010743197028151,-0.0
2026-01-17 03:03:00+00:00,1.0010743197028151,-0.0
2026-01-17 03:04:00+00:00,1.0010743197028151,0.0
2026-01-17 03:05:00+00:00,1.0010743197028151,0.0
2026-01-17 03:06:00+00:00,1.0010743197028151,-0.0
2026-01-17 03:07:00+00:00,1.0010743197028151,-0.0
2026-01-17 03:08:00+00:00,1.0010743197028151,-0.0
2026-01-17 03:09:00+00:00,1.0010743197028151,-0.0
2026-01-17 03:10:00+00:00,1.0010743197028151,0.0
2026-01-17 03:11:00+00:00,1.0010743197028151,0.0
2026-01-17 03:12:00+00:00,1.0010743197028151,-0.0
2026-01-17 03:13:00+00:00,1.0010743197028151,-0.0
2026-01-17 03:14:00+00:00,1.0010743197028151,0.0
2026-01-17 03:15:00+00:00,1.0010743197028151,-0.0
2026-01-17 03:16:00+00:00,1.0010743197028151,-0.0
2026-01-17 03:17:00+00:00,1.0010743197028151,-0.0
2026-01-17 03:18:00+00:00,1.0010743197028151,-0.0
2026-01-17 03:19:00+00:00,1.0010743197028151,0.0
2026-01-17 03:20:00+00:00,1.0010743197028151,-0.0
2026-01-17 03:21:00+00:00,1.0010743197028151,0.0
2026-01-17 03:22:00+00:00,1.0010743197028151,-0.0
2026-01-17 03:23:00+00:00,1.0010743197028151,0.0
2026-01-17 03:24:00+00:00,1.0010743197028151,0.0
2026-01-17 03:25:00+00:00,1.0010743197028151,0.0
2026-01-17 03:26:00+00:00,1.0010743197028151,-0.0
2026-01-17 03:27:00+00:00,1.0010743197028151,-0.0
2026-01-17 03:28:00+00:00,1.0010743197028151,0.0
2026-01-17 03:29:00+00:00,1.0010743197028151,0.0
2026-01-17 03:30:00+00:00,1.0010743197028151,0.0
2026-01-17 03:31:00+00:00,1.0010743197028151,-0.0
2026-01-17 03:32:00+00:00,1.0010743197028151,0.0
2026-01-17 03:33:00+00:00,1.0010743197028151,0.0
2026-01-17 03:34:00+00:00,1.0010743197028151,-0.0
2026-01-17 03:35:00+00:00,1.0010743197028151,0.0
2026-01-17 03:36:00+00:00,1.0010743197028151,-0.0
2026-01-17 03:37:00+00:00,1.0010743197028151,0.0
2026-01-17 03:38:00+00:00,1.0010743197028151,-0.0
2026-01-17 03:39:00+00:00,1.0010743197028151,-0.0
2026-01-17 03:40:00+00:00,1.0010743197028151,0.0
2026-01-17 03:41:00+00:00,1.0010743197028151,-0.0
2026-01-17 03:42:00+00:00,1.0010743197028151,0.0
2026-01-17 03:43:00+00:00,1.0010743197028151,0.0
2026-01-17 03:44:00+00:00,1.0010743197028151,0.0
2026-01-17 03:45:00+00:00,1.0010743197028151,-0.0
2026-01-17 03:46:00+00:00,1.0010743197028151,-0.0
2026-01-17 03:47:00+00:00,1.0010743197028151,0.0
2026-01-17 03:48:00+00:00,1.0010743197028151,0.0
2026-01-17 03:49:00+00:00,1.0010743197028151,-0.0
2026-01-17 03:50:00+00:00,1.0010743197028151,0.0
2026-01-17 03:51:00+00:00,1.0010743197028151,-0.0
2026-01-17 03:52:00+00:00,1.0010743197028151,-0.0
2026-01-17 03:53:00+00:00,1.0010743197028151,0.0
2026-01-17 03:54:00+00:00,1.0010743197028151,-0.0
2026-01-17 03:55:00+00:00,1.0010743197028151,0.0
2026-01-17 03:56:00+00:00,1.0010743197028151,-0.0
2026-01-17 03:57:00+00:00,1.0010743197028151,0.0
2026-01-17 03:58:00+00:00,1.0010743197028151,0.0
2026-01-17 03:59:00+00:00,1.0010743197028151,0.0
2026-01-17 04:00:00+00:00,1.0010743197028151,0.0
2026-01-17 04:01:00+00:00,1.0010743197028151,-0.0
2026-01-17 04:02:00+00:00,1.0010743197028151,0.0
2026-01-17 04:03:00+00:00,1.0010743197028151,0.0
2026-01-17 04:04:00+00:00,1.0010743197028151,0.0
2026-01-17 04:05:00+00:00,1.0010743197028151,-0.0
2026-01-17 04:06:00+00:00,1.0010743197028151,0.0
2026-01-17 04:07:00+00:00,1.0010743197028151,0.0
2026-01-17 04:08:00+00:00,1.0010743197028151,0.0
2026-01-17 04:09:00+00:00,1.0010743197028151,0.0
2026-01-17 04:10:00+00:00,1.0010743197028151,0.0
2026-01-17 04:11:00+00:00,1.0010743197028151,-0.0
2026-01-17 04:12:00+00:00,1.0010743197028151,0.0
2026-01-17 04:13:00+00:00,1.0010743197028151,-0.0
2026-01-17 04:14:00+00:00,1.0010743197028151,0.0
2026-01-17 04:15:00+00:00,1.0010743197028151,-0.0
2026-01-17 04:16:00+00:00,1.0010743197028151,0.0
2026-01-17 04:17:00+00:00,1.0010743197028151,-0.0
2026-01-17 04:18:00+00:00,1.0010743197028151,-0.0
2026-01-17 04:19:00+00:00,1.0010743197028151,-0.0
2026-01-17 04:20:00+00:00,1.0010743197028151,0.0
2026-01-17 04:21:00+00:00,1.0010743197028151,0.0
2026-01-17 04:22:00+00:00,1.0010743197028151,-0.0
2026-01-17 04:23:00+00:00,1.0010743197028151,-0.0
2026-01-17 04:24:00+00:00,1.0010743197028151,0.0
2026-01-17 04:25:00+00:00,1.0010743197028151,-0.0
2026-01-17 04:26:00+00:00,1.0010743197028151,-0.0
2026-01-17 04:27:00+00:00,1.0010743197028151,0.0
2026-01-17 04:28:00+00:00,1.0010743197028151,-0.0
2026-01-17 04:29:00+00:00,1.0010743197028151,0.0
2026-01-17 04:30:00+00:00,1.0010743197028151,-0.0
2026-01-17 04:31:00+00:00,1.0010743197028151,0.0
2026-01-17 04:32:00+00:00,1.0010743197028151,0.0
2026-01-17 04:33:00+00:00,1.0010743197028151,-0.0
2026-01-17 04:34:00+00:00,1.0010743197028151,-0.0
2026-01-17 04:35:00+00:00,1.0010743197028151,-0.0
2026-01-17 04:36:00+00:00,1.0010743197028151,0.0
2026-01-17 04:37:00+00:00,1.0010743197028151,0.0
2026-01-17 04:38:00+00:00,1.0010743197028151,0.0
2026-01-17 04:39:00+00:00,1.0010743197028151,-0.0
2026-01-17 04:40:00+00:00,1.0010743197028151,-0.0
2026-01-17 04:41:00+00:00,1.0010743197028151,0.0
2026-01-17 04:42:00+00:00,1.0010743197028151,-0.0
2026-01-17 04:43:00+00:00,1.0010743197028151,0.0
2026-01-17 04:44:00+00:00,1.0010743197028151,0.0
2026-01-17 04:45:00+00:00,1.0010743197028151,-0.0
2026-01-17 04:46:00+00:00,1.0010743197028151,-0.0
2026-01-17 04:47:00+00:00,1.0010743197028151,-0.0
2026-01-17 04:48:00+00:00,1.0010743197028151,0.0
2026-01-17 04:49:00+00:00,1.0010743197028151,0.0
2026-01-17 04:50:00+00:00,1.0010743197028151,0.0
2026-01-17 04:51:00+00:00,1.0010743197028151,-0.0
2026-01-17 04:52:00+00:00,1.0010743197028151,0.0
2026-01-17 04:53:00+00:00,1.0010743197028151,0.0
2026-01-17 04:54:00+00:00,1.0010743197028151,0.0
2026-01-17 04:55:00+00:00,1.0010743197028151,-0.0
2026-01-17 04:56:00+00:00,1.0010743197028151,-0.0
2026-01-17 04:57:00+00:00,1.0010743197028151,0.0
2026-01-17 04:58:00+00:00,1.0010743197028151,-0.0
2026-01-17 04:59:00+00:00,1.0010743197028151,-0.0
2026-01-17 05:00:00+00:00,1.0010743197028151,0.0
2026-01-17 05:01:00+00:00,1.0010743197028151,-0.0
2026-01-17 05:02:00+00:00,1.0010743197028151,-0.0
2026-01-17 05:03:00+00:00,1.0010743197028151,0.0
2026-01-17 05:04:00+00:00,1.0010743197028151,0.0
2026-01-17 05:05:00+00:00,1.0010743197028151,0.0
2026-01-17 05:06:00+00:00,1.0010743197028151,-0.0
2026-01-17 05:07:00+00:00,1.0010743197028151,-0.0
2026-01-17 05:08:00+00:00,1.0010743197028151,0.0
2026-01-17 05:09:00+00:00,1.0010743197028151,-0.0
2026-01-17 05:10:00+00:00,1.0010743197028151,0.0
2026-01-17 05:11:00+00:00,1.0010743197028151,-0.0
2026-01-17 05:12:00+00:00,1.0010743197028151,0.0
2026-01-17 05:13:00+00:00,1.0010743197028151,-0.0
2026-01-17 05:14:00+00:00,1.0010743197028151,-0.0
2026-01-17 05:15:00+00:00,1.0010743197028151,0.0
2026-01-17 05:16:00+00:00,1.0010743197028151,0.0
2026-01-17 05:17:00+00:00,1.0010743197028151,-0.0
2026-01-17 05:18:00+00:00,1.0010743197028151,0.0
2026-01-17 05:19:00+00:00,1.0010743197028151,0.0
2026-01-17 05:20:00+00:00,1.0010743197028151,0.0
2026-01-17 05:21:00+00:00,1.0010743197028151,-0.0
2026-01-17 05:22:00+00:00,1.0010743197028151,0.0
2026-01-17 05:23:00+00:00,1.0010743197028151,0.0
2026-01-17 05:24:00+00:00,1.0010743197028151,-0.0
2026-01-17 05:25:00+00:00,1.0010743197028151,-0.0
2026-01-17 05:26:00+00:00,1.0010743197028151,0.0
2026-01-17 05:27:00+00:00,1.0010743197028151,0.0
2026-01-17 05:28:00+00:00,1.0010743197028151,-0.0
2026-01-17 05:29:00+00:00,1.0010743197028151,0.0
2026-01-17 05:30:00+00:00,1.0010743197028151,0.0
2026-01-17 05:31:00+00:00,1.0010743197028151,-0.0
2026-01-17 05:32:00+00:00,1.0010743197028151,0.0
2026-01-17 05:33:00+00:00,1.0010743197028151,0.0
2026-01-17 05:34:00+00:00,1.0010743197028151,-0.0
2026-01-17 05:35:00+00:00,1.0010743197028151,0.0
2026-01-17 05:36:00+00:00,1.0010743197028151,0.0
2026-01-17 05:37:00+00:00,1.0010743197028151,-0.0
2026-01-17 05:38:00+00:00,1.0010743197028151,0.0
2026-01-17 05:39:00+00:00,1.0010743197028151,-0.0
2026-01-17 05:40:00+00:00,1.0010743197028151,0.0
2026-01-17 05:41:00+00:00,1.0010743197028151,0.0
2026-01-17 05:42:00+00:00,1.0010743197028151,-0.0
2026-01-17 05:43:00+00:00,1.0010743197028151,-0.0
2026-01-17 05:44:00+00:00,1.0010743197028151,-0.0
2026-01-17 05:45:00+00:00,1.0010743197028151,-0.0
2026-01-17 05:46:00+00:00,1.0010743197028151,0.0
2026-01-17 05:47:00+00:00,1.0010743197028151,-0.0
2026-01-17 05:48:00+00:00,1.0010743197028151,0.0
2026-01-17 05:49:00+00:00,1.0010743197028151,-0.0
2026-01-17 05:50:00+00:00,1.0010743197028151,0.0
2026-01-17 05:51:00+00:00,1.0010743197028151,-0.0
2026-01-17 05:52:00+00:00,1.0010743197028151,0.0
2026-01-17 05:53:00+00:00,1.0010743197028151,0.0
2026-01-17 05:54:00+00:00,1.0010743197028151,-0.0
2026-01-17 05:55:00+00:00,1.0010743197028151,-0.0
2026-01-17 05:56:00+00:00,1.0010743197028151,-0.0
2026-01-17 05:57:00+00:00,1.0010743197028151,0.0
2026-01-17 05:58:00+00:00,1.0010743197028151,-0.0
2026-01-17 05:59:00+00:00,1.0010743197028151,0.0
2026-01-17 06:00:00+00:00,1.0010743197028151,-0.0
2026-01-17 06:01:00+00:00,1.0010743197028151,-0.0
2026-01-17 06:02:00+00:00,1.0010743197028151,0.0
2026-01-17 06:03:00+00:00,1.0010743197028151,-0.0
2026-01-17 06:04:00+00:00,1.0010743197028151,-0.0
2026-01-17 06:05:00+00:00,1.0010743197028151,0.0
2026-01-17 06:06:00+00:00,1.0010743197028151,0.0
2026-01-17 06:07:00+00:00,1.0010743197028151,-0.0
2026-01-17 06:08:00+00:00,1.0010743197028151,-0.0
2026-01-17 06:09:00+00:00,1.0010743197028151,0.0
2026-01-17 06:10:00+00:00,1.0010743197028151,0.0
2026-01-17 06:11:00+00:00,1.0010743197028151,0.0
2026-01-17 06:12:00+00:00,1.0010743197028151,-0.0
2026-01-17 06:13:00+00:00,1.0010743197028151,-0.0
2026-01-17 06:14:00+00:00,1.0010743197028151,0.0
2026-01-17 06:15:00+00:00,1.0010743197028151,0.0
2026-01-17 06:16:00+00:00,1.0010743197028151,0.0
2026-01-17 06:17:00+00:00,1.0010743197028151,0.0
2026-01-17 06:18:00+00:00,1.0010743197028151,0.0
2026-01-17 06:19:00+00:00,1.0010743197028151,-0.0
2026-01-17 06:20:00+00:00,1.0010743197028151,-0.0
2026-01-17 06:21:00+00:00,1.0010743197028151,0.0
2026-01-17 06:22:00+00:00,1.0010743197028151,-0.0
2026-01-17 06:23:00+00:00,1.0010743197028151,-0.0
2026-01-17 06:24:00+00:00,1.0010743197028151,-0.0
2026-01-17 06:25:00+00:00,1.0010743197028151,0.0
2026-01-17 06:26:00+00:00,1.0010743197028151,0.0
2026-01-17 06:27:00+00:00,1.0010743197028151,0.0
2026-01-17 06:28:00+00:00,1.0010743197028151,0.0
2026-01-17 06:29:00+00:00,1.0010743197028151,0.0
2026-01-17 06:30:00+00:00,1.0010743197028151,-0.0
2026-01-17 06:31:00+00:00,1.0010743197028151,0.0
2026-01-17 06:32:00+00:00,1.0010743197028151,0.0
2026-01-17 06:33:00+00:00,1.0010743197028151,-0.0
2026-01-17 06:34:00+00:00,1.0010743197028151,-0.0
2026-01-17 06:35:00+00:00,1.0010743197028151,0.0
2026-01-17 06:36:00+00:00,1.0010743197028151,0.0
2026-01-17 06:37:00+00:00,1.0010743197028151,-0.0
2026-01-17 06:38:00+00:00,1.0010743197028151,0.0
2026-01-17 06:39:00+00:00,1.0010743197028151,-0.0
2026-01-17 06:40:00+00:00,1.0010743197028151,-0.0
2026-01-17 06:41:00+00:00,1.0010743197028151,-0.0
2026-01-17 06:42:00+00:00,1.0010743197028151,-0.0
2026-01-17 06:43:00+00:00,1.0010743197028151,-0.0
2026-01-17 06:44:00+00:00,1.0010743197028151,0.0
2026-01-17 06:45:00+00:00,1.0010743197028151,-0.0
2026-01-17 06:46:00+00:00,1.0010743197028151,0.0
2026-01-17 06:47:00+00:00,1.0010743197028151,-0.0
2026-01-17 06:48:00+00:00,1.0010743197028151,-0.0
2026-01-17 06:49:00+00:00,1.0010743197028151,0.0
2026-01-17 06:50:00+00:00,1.0010743197028151,-0.0
2026-01-17 06:51:00+00:00,1.0010743197028151,0.0
2026-01-17 06:52:00+00:00,1.0010743197028151,-0.0
2026-01-17 06:53:00+00:00,1.0010743197028151,-0.0
2026-01-17 06:54:00+00:00,1.0010743197028151,0.0
2026-01-17 06:55:00+00:00,1.0010743197028151,-0.0
2026-01-17 06:56:00+00:00,1.0010743197028151,0.0
2026-01-17 06:57:00+00:00,1.0010743197028151,-0.0
2026-01-17 06:58:00+00:00,1.0010743197028151,-0.0
2026-01-17 06:59:00+00:00,1.0010743197028151,-0.0
2026-01-17 07:00:00+00:00,1.0010743197028151,-0.0
2026-01-17 07:01:00+00:00,1.0010743197028151,-0.0
2026-01-17 07:02:00+00:00,1.0010743197028151,0.0
2026-01-17 07:03:00+00:00,1.0010743197028151,0.0
2026-01-17 07:04:00+00:00,1.0010743197028151,-0.0
2026-01-17 07:05:00+00:00,1.0010743197028151,-0.0
2026-01-17 07:06:00+00:00,1.0010743197028151,0.0
2026-01-17 07:07:00+00:00,1.0010743197028151,-0.0
2026-01-17 07:08:00+00:00,1.0010743197028151,-0.0
2026-01-17 07:09:00+00:00,1.0010743197028151,-0.0
2026-01-17 07:10:00+00:00,1.0010743197028151,-0.0
2026-01-17 07:11:00+00:00,1.0010743197028151,-0.0
2026-01-17 07:12:00+00:00,1.0010743197028151,0.0
2026-01-17 07:13:00+00:00,1.0010743197028151,-0.0
2026-01-17 07:14:00+00:00,1.0010743197028151,0.0
2026-01-17 07:15:00+00:00,1.0010743197028151,0.0
2026-01-17 07:16:00+00:00,1.0010743197028151,0.0
2026-01-17 07:17:00+00:00,1.0010743197028151,0.0
2026-01-17 07:18:00+00:00,1.0010743197028151,-0.0
2026-01-17 07:19:00+00:00,1.0010743197028151,-0.0
2026-01-17 07:20:00+00:00,1.0010743197028151,-0.0
2026-01-17 07:21:00+00:00,1.0010743197028151,0.0
2026-01-17 07:22:00+00:00,1.0010743197028151,-0.0
2026-01-17 07:23:00+00:00,1.0010743197028151,-0.0
2026-01-17 07:24:00+00:00,1.0010743197028151,0.0
2026-01-17 07:25:00+00:00,1.0010743197028151,-0.0
2026-01-17 07:26:00+00:00,1.0010743197028151,-0.0
2026-01-17 07:27:00+00:00,1.0010743197028151,0.0
2026-01-17 07:28:00+00:00,1.0010743197028151,0.0
2026-01-17 07:29:00+00:00,1.0010743197028151,-0.0
2026-01-17 07:30:00+00:00,1.0010743197028151,0.0
2026-01-17 07:31:00+00:00,1.0010743197028151,-0.0
2026-01-17 07:32:00+00:00,1.0010743197028151,0.0
2026-01-17 07:33:00+00:00,1.0010743197028151,0.0
2026-01-17 07:34:00+00:00,1.0010743197028151,-0.0
2026-01-17 07:35:00+00:00,1.0010743197028151,0.0
2026-01-17 07:36:00+00:00,1.0010743197028151,0.0
2026-01-17 07:37:00+00:00,1.0010743197028151,0.0
2026-01-17 07:38:00+00:00,1.0010743197028151,-0.0
2026-01-17 07:39:00+00:00,1.0010743197028151,-0.0
2026-01-17 07:40:00+00:00,1.0010743197028151,0.0
2026-01-17 07:41:00+00:00,1.0010743197028151,0.0
2026-01-17 07:42:00+00:00,1.0010743197028151,-0.0
2026-01-17 07:43:00+00:00,1.0010743197028151,-0.0
2026-01-17 07:44:00+00:00,1.0010743197028151,-0.0
2026-01-17 07:45:00+00:00,1.0010743197028151,-0.0
2026-01-17 07:46:00+00:00,1.0010743197028151,0.0
2026-01-17 07:47:00+00:00,1.0010743197028151,-0.0
2026-01-17 07:48:00+00:00,1.0010743197028151,-0.0
2026-01-17 07:49:00+00:00,1.0010743197028151,-0.0
2026-01-17 07:50:00+00:00,1.0010743197028151,-0.0
2026-01-17 07:51:00+00:00,1.0010743197028151,0.0
2026-01-17 07:52:00+00:00,1.0010743197028151,0.0
2026-01-17 07:53:00+00:00,1.0010743197028151,0.0
2026-01-17 07:54:00+00:00,1.0010743197028151,-0.0
2026-01-17 07:55:00+00:00,1.0010743197028151,-0.0
2026-01-17 07:56:00+00:00,1.0010743197028151,-0.0
2026-01-17 07:57:00+00:00,1.0010743197028151,0.0
2026-01-17 07:58:00+00:00,1.0010743197028151,-0.0
2026-01-17 07:59:00+00:00,1.0010743197028151,-0.0
2026-01-17 08:00:00+00:00,1.0010743197028151,-0.0
2026-01-17 08:01:00+00:00,1.0010743197028151,-0.0
2026-01-17 08:02:00+00:00,1.0010743197028151,0.0
2026-01-17 08:03:00+00:00,1.0010743197028151,0.0
2026-01-17 08:04:00+00:00,1.0010743197028151,0.0
2026-01-17 08:05:00+00:00,1.0010743197028151,-0.0
2026-01-17 08:06:00+00:00,1.0010743197028151,0.0
2026-01-17 08:07:00+00:00,1.0010743197028151,0.0
2026-01-17 08:08:00+00:00,1.0010743197028151,-0.0
2026-01-17 08:09:00+00:00,1.0010743197028151,0.0
2026-01-17 08:10:00+00:00,1.0010743197028151,-0.0
2026-01-17 08:11:00+00:00,1.0010743197028151,0.0
2026-01-17 08:12:00+00:00,1.0010743197028151,0.0
2026-01-17 08:13:00+00:00,1.0010743197028151,0.0
2026-01-17 08:14:00+00:00,1.0010743197028151,-0.0
2026-01-17 08:15:00+00:00,1.0010743197028151,-0.0
2026-01-17 08:16:00+00:00,1.0010743197028151,0.0
2026-01-17 08:17:00+00:00,1.0010743197028151,0.0
2026-01-17 08:18:00+00:00,1.0010743197028151,-0.0
2026-01-17 08:19:00+00:00,1.0010743197028151,-0.0
2026-01-17 08:20:00+00:00,1.0010743197028151,0.0
2026-01-17 08:21:00+00:00,1.0010743197028151,0.0
2026-01-17 08:22:00+00:00,1.0010743197028151,0.0
2026-01-17 08:23:00+00:00,1.0010743197028151,-0.0
2026-01-17 08:24:00+00:00,1.0010743197028151,0.0
2026-01-17 08:25:00+00:00,1.0010743197028151,0.0
2026-01-17 08:26:00+00:00,1.0010743197028151,0.0
2026-01-17 08:27:00+00:00,1.0010743197028151,-0.0
2026-01-17 08:28:00+00:00,1.0010743197028151,0.0
2026-01-17 08:29:00+00:00,1.0010743197028151,-0.0
2026-01-17 08:30:00+00:00,1.0010743197028151,0.0
2026-01-17 08:31:00+00:00,1.0010743197028151,0.0
2026-01-17 08:32:00+00:00,1.0010743197028151,-0.0
2026-01-17 08:33:00+00:00,1.0010743197028151,0.0
2026-01-17 08:34:00+00:00,1.0010743197028151,0.0
2026-01-17 08:35:00+00:00,1.0010743197028151,-0.0
2026-01-17 08:36:00+00:00,1.0010743197028151,-0.0
2026-01-17 08:37:00+00:00,1.0010743197028151,0.0
2026-01-17 08:38:00+00:00,1.0010743197028151,0.0
2026-01-17 08:39:00+00:00,1.0010743197028151,-0.0
2026-01-17 08:40:00+00:00,1.0010743197028151,0.0
2026-01-17 08:41:00+00:00,1.0010743197028151,0.0
2026-01-17 08:42:00+00:00,1.0010743197028151,-0.0
2026-01-17 08:43:00+00:00,1.0010743197028151,-0.0
2026-01-17 08:44:00+00:00,1.0010743197028151,0.0
2026-01-17 08:45:00+00:00,1.0010743197028151,0.0
2026-01-17 08:46:00+00:00,1.0010743197028151,0.0
2026-01-17 08:47:00+00:00,1.0010743197028151,-0.0
2026-01-17 08:48:00+00:00,1.0010743197028151,-0.0
2026-01-17 08:49:00+00:00,1.0010743197028151,0.0
2026-01-17 08:50:00+00:00,1.0010743197028151,0.0
2026-01-17 08:51:00+00:00,1.0010743197028151,-0.0
2026-01-17 08:52:00+00:00,1.0010743197028151,0.0
2026-01-17 08:53:00+00:00,1.0010743197028151,-0.0
2026-01-17 08:54:00+00:00,1.0010743197028151,0.0
2026-01-17 08:55:00+00:00,1.0010743197028151,-0.0
2026-01-17 08:56:00+00:00,1.0010743197028151,0.0
2026-01-17 08:57:00+00:00,1.0010743197028151,-0.0
2026-01-17 08:58:00+00:00,1.0010743197028151,0.0
2026-01-17 08:59:00+00:00,1.0010743197028151,0.0
2026-01-17 09:00:00+00:00,1.0010743197028151,-0.0
2026-01-17 09:01:00+00:00,1.0010743197028151,0.0
2026-01-17 09:02:00+00:00,1.0010743197028151,-0.0
2026-01-17 09:03:00+00:00,1.0010743197028151,0.0
2026-01-17 09:04:00+00:00,1.0010743197028151,0.0
2026-01-17 09:05:00+00:00,1.0010743197028151,-0.0
2026-01-17 09:06:00+00:00,1.0010743197028151,0.0
2026-01-17 09:07:00+00:00,1.0010743197028151,-0.0
2026-01-17 09:08:00+00:00,1.0010743197028151,-0.0
2026-01-17 09:09:00+00:00,1.0010743197028151,-0.0
2026-01-17 09:10:00+00:00,1.0010743197028151,-0.0
2026-01-17 09:11:00+00:00,1.0010743197028151,-0.0
2026-01-17 09:12:00+00:00,1.0010743197028151,-0.0
2026-01-17 09:13:00+00:00,1.0010743197028151,-0.0
2026-01-17 09:14:00+00:00,1.0010743197028151,-0.0
2026-01-17 09:15:00+00:00,1.0010743197028151,-0.0
2026-01-17 09:16:00+00:00,1.0010743197028151,-0.0
2026-01-17 09:17:00+00:00,1.0010743197028151,0.0
2026-01-17 09:18:00+00:00,1.0010743197028151,-0.0
2026-01-17 09:19:00+00:00,1.0010743197028151,-0.0
2026-01-17 09:20:00+00:00,1.0010743197028151,0.0
2026-01-17 09:21:00+00:00,1.0010743197028151,-0.0
2026-01-17 09:22:00+00:00,1.0010743197028151,0.0
2026-01-17 09:23:00+00:00,1.0010743197028151,0.0
2026-01-17 09:24:00+00:00,1.0010743197028151,0.0
2026-01-17 09:25:00+00:00,1.0010743197028151,0.0
2026-01-17 09:26:00+00:00,1.0010743197028151,-0.0
2026-01-17 09:27:00+00:00,1.0010743197028151,-0.0
2026-01-17 09:28:00+00:00,1.0010743197028151,0.0
2026-01-17 09:29:00+00:00,1.0010743197028151,0.0
2026-01-17 09:30:00+00:00,1.0010743197028151,-0.0
2026-01-17 09:31:00+00:00,1.0010743197028151,-0.0
2026-01-17 09:32:00+00:00,1.0010743197028151,0.0
2026-01-17 09:33:00+00:00,1.0010743197028151,-0.0
2026-01-17 09:34:00+00:00,1.0010743197028151,0.0
2026-01-17 09:35:00+00:00,1.0010743197028151,0.0
2026-01-17 09:36:00+00:00,1.0010743197028151,-0.0
2026-01-17 09:37:00+00:00,1.0010743197028151,0.0
2026-01-17 09:38:00+00:00,1.0010743197028151,0.0
2026-01-17 09:39:00+00:00,1.0010743197028151,-0.0
2026-01-17 09:40:00+00:00,1.0010743197028151,0.0
2026-01-17 09:41:00+00:00,1.0010743197028151,-0.0
2026-01-17 09:42:00+00:00,1.0010743197028151,0.0
2026-01-17 09:43:00+00:00,1.0010743197028151,-0.0
2026-01-17 09:44:00+00:00,1.0010743197028151,0.0
2026-01-17 09:45:00+00:00,1.0010743197028151,0.0
2026-01-17 09:46:00+00:00,1.0010743197028151,-0.0
2026-01-17 09:47:00+00:00,1.0010743197028151,-0.0
2026-01-17 09:48:00+00:00,1.0010743197028151,-0.0
2026-01-17 09:49:00+00:00,1.0010743197028151,-0.0
2026-01-17 09:50:00+00:00,1.0010743197028151,-0.0
2026-01-17 09:51:00+00:00,1.0010743197028151,-0.0
2026-01-17 09:52:00+00:00,1.0010743197028151,-0.0
2026-01-17 09:53:00+00:00,1.0010743197028151,-0.0
2026-01-17 09:54:00+00:00,1.0010743197028151,-0.0
2026-01-17 09:55:00+00:00,1.0010743197028151,-0.0
2026-01-17 09:56:00+00:00,1.0010743197028151,-0.0
2026-01-17 09:57:00+00:00,1.0010743197028151,-0.0
2026-01-17 09:58:00+00:00,1.0010743197028151,-0.0
2026-01-17 09:59:00+00:00,1.0010743197028151,0.0
2026-01-17 10:00:00+00:00,1.0010743197028151,0.0
2026-01-17 10:01:00+00:00,1.0010743197028151,-0.0
2026-01-17 10:02:00+00:00,1.0010743197028151,-0.0
2026-01-17 10:03:00+00:00,1.0010743197028151,0.0
2026-01-17 10:04:00+00:00,1.0010743197028151,0.0
2026-01-17 10:05:00+00:00,1.0010743197028151,-0.0
2026-01-17 10:06:00+00:00,1.0010743197028151,0.0
2026-01-17 10:07:00+00:00,1.0010743197028151,-0.0
2026-01-17 10:08:00+00:00,1.0010743197028151,0.0
2026-01-17 10:09:00+00:00,1.0010743197028151,-0.0
2026-01-17 10:10:00+00:00,1.0010743197028151,-0.0
2026-01-17 10:11:00+00:00,1.0010743197028151,-0.0
2026-01-17 10:12:00+00:00,1.0010743197028151,0.0
2026-01-17 10:13:00+00:00,1.0010743197028151,0.0
2026-01-17 10:14:00+00:00,1.0010743197028151,0.0
2026-01-17 10:15:00+00:00,1.0010743197028151,-0.0
2026-01-17 10:16:00+00:00,1.0010743197028151,-0.0
2026-01-17 10:17:00+00:00,1.0010743197028151,0.0
2026-01-17 10:18:00+00:00,1.0010743197028151,-0.0
2026-01-17 10:19:00+00:00,1.0010743197028151,-0.0
2026-01-17 10:20:00+00:00,1.0010743197028151,-0.0
2026-01-17 10:21:00+00:00,1.0010743197028151,-0.0
2026-01-17 10:22:00+00:00,1.0010743197028151,0.0
2026-01-17 10:23:00+00:00,1.0010743197028151,-0.0
2026-01-17 10:24:00+00:00,1.0010743197028151,-0.0
2026-01-17 10:25:00+00:00,1.0010743197028151,0.0
2026-01-17 10:26:00+00:00,1.0010743197028151,0.0
2026-01-17 10:27:00+00:00,1.0010743197028151,-0.0
2026-01-17 10:28:00+00:00,1.0010743197028151,0.0
2026-01-17 10:29:00+00:00,1.0010743197028151,-0.0
2026-01-17 10:30:00+00:00,1.0010743197028151,-0.0
2026-01-17 10:31:00+00:00,1.0010743197028151,-0.0
2026-01-17 10:32:00+00:00,1.0010743197028151,-0.0
2026-01-17 10:33:00+00:00,1.0010743197028151,-0.0
2026-01-17 10:34:00+00:00,1.0010743197028151,-0.0
2026-01-17 10:35:00+00:00,1.0010743197028151,0.0
2026-01-17 10:36:00+00:00,1.0010743197028151,-0.0
2026-01-17 10:37:00+00:00,1.0010743197028151,-0.0
2026-01-17 10:38:00+00:00,1.0010743197028151,-0.0
2026-01-17 10:39:00+00:00,1.0010743197028151,0.0
2026-01-17 10:40:00+00:00,1.0010743197028151,0.0
2026-01-17 10:41:00+00:00,1.0010743197028151,-0.0
2026-01-17 10:42:00+00:00,1.0010743197028151,0.0
2026-01-17 10:43:00+00:00,1.0010743197028151,-0.0
2026-01-17 10:44:00+00:00,1.0010743197028151,0.0
2026-01-17 10:45:00+00:00,1.0010743197028151,-0.0
2026-01-17 10:46:00+00:00,1.0010743197028151,-0.0
2026-01-17 10:47:00+00:00,1.0010743197028151,0.0
2026-01-17 10:48:00+00:00,1.0010743197028151,0.0
2026-01-17 10:49:00+00:00,1.0010743197028151,0.0
2026-01-17 10:50:00+00:00,1.0010743197028151,0.0
2026-01-17 10:51:00+00:00,1.0010743197028151,-0.0
2026-01-17 10:52:00+00:00,1.0010743197028151,-0.0
2026-01-17 10:53:00+00:00,1.0010743197028151,0.0
2026-01-17 10:54:00+00:00,1.0010743197028151,0.0
2026-01-17 10:55:00+00:00,1.0010743197028151,-0.0
2026-01-17 10:56:00+00:00,1.0010743197028151,0.0
2026-01-17 10:57:00+00:00,1.0010743197028151,0.0
2026-01-17 10:58:00+00:00,1.0010743197028151,0.0
2026-01-17 10:59:00+00:00,1.0010743197028151,-0.0
2026-01-17 11:00:00+00:00,1.0010743197028151,0.0
2026-01-17 11:01:00+00:00,1.0010743197028151,0.0
2026-01-17 11:02:00+00:00,1.0010743197028151,-0.0
2026-01-17 11:03:00+00:00,1.0010743197028151,0.0
2026-01-17 11:04:00+00:00,1.0010743197028151,0.0
2026-01-17 11:05:00+00:00,1.0010743197028151,0.0
2026-01-17 11:06:00+00:00,1.0010743197028151,-0.0
2026-01-17 11:07:00+00:00,1.0010743197028151,-0.0
2026-01-17 11:08:00+00:00,1.0010743197028151,-0.0
2026-01-17 11:09:00+00:00,1.0010743197028151,0.0
2026-01-17 11:10:00+00:00,1.0010743197028151,0.0
2026-01-17 11:11:00+00:00,1.0010743197028151,0.0
2026-01-17 11:12:00+00:00,1.0010743197028151,-0.0
2026-01-17 11:13:00+00:00,1.0010743197028151,0.0
2026-01-17 11:14:00+00:00,1.0010743197028151,0.0
2026-01-17 11:15:00+00:00,1.0010743197028151,0.0
2026-01-17 11:16:00+00:00,1.0010743197028151,-0.0
2026-01-17 11:17:00+00:00,1.0010743197028151,-0.0
2026-01-17 11:18:00+00:00,1.0010743197028151,0.0
2026-01-17 11:19:00+00:00,1.0010743197028151,0.0
2026-01-17 11:20:00+00:00,1.0010743197028151,-0.0
2026-01-17 11:21:00+00:00,1.0010743197028151,0.0
2026-01-17 11:22:00+00:00,1.0010743197028151,0.0
2026-01-17 11:23:00+00:00,1.0010743197028151,0.0
2026-01-17 11:24:00+00:00,1.0010743197028151,0.0
2026-01-17 11:25:00+00:00,1.0010743197028151,-0.0
2026-01-17 11:26:00+00:00,1.0010743197028151,0.0
2026-01-17 11:27:00+00:00,1.0010743197028151,0.0
2026-01-17 11:28:00+00:00,1.0010743197028151,0.0
2026-01-17 11:29:00+00:00,1.0010743197028151,0.0
2026-01-17 11:30:00+00:00,1.0010743197028151,-0.0
2026-01-17 11:31:00+00:00,1.0010743197028151,-0.0
2026-01-17 11:32:00+00:00,1.0010743197028151,-0.0
2026-01-17 11:33:00+00:00,1.0010743197028151,0.0
2026-01-17 11:34:00+00:00,1.0010743197028151,0.0
2026-01-17 11:35:00+00:00,1.0010743197028151,0.0
2026-01-17 11:36:00+00:00,1.0010743197028151,-0.0
2026-01-17 11:37:00+00:00,1.0010743197028151,0.0
2026-01-17 11:38:00+00:00,1.0010743197028151,-0.0
2026-01-17 11:39:00+00:00,1.0010743197028151,0.0
2026-01-17 11:40:00+00:00,1.0010743197028151,-0.0
2026-01-17 11:41:00+00:00,1.0010743197028151,-0.0
2026-01-17 11:42:00+00:00,1.0010743197028151,0.0
2026-01-17 11:43:00+00:00,1.0010743197028151,-0.0
2026-01-17 11:44:00+00:00,1.0010743197028151,-0.0
2026-01-17 11:45:00+00:00,1.0010743197028151,0.0
2026-01-17 11:46:00+00:00,1.0010743197028151,0.0
2026-01-17 11:47:00+00:00,1.0010743197028151,-0.0
2026-01-17 11:48:00+00:00,1.0010743197028151,-0.0
2026-01-17 11:49:00+00:00,1.0010743197028151,-0.0
2026-01-17 11:50:00+00:00,1.0010743197028151,0.0
2026-01-17 11:51:00+00:00,1.0010743197028151,-0.0
2026-01-17 11:52:00+00:00,1.0010743197028151,-0.0
2026-01-17 11:53:00+00:00,1.0010743197028151,-0.0
2026-01-17 11:54:00+00:00,1.0010743197028151,0.0
2026-01-17 11:55:00+00:00,1.0010743197028151,-0.0
2026-01-17 11:56:00+00:00,1.0010743197028151,-0.0
2026-01-17 11:57:00+00:00,1.0010743197028151,0.0
2026-01-17 11:58:00+00:00,1.0010743197028151,0.0
2026-01-17 11:59:00+00:00,1.0010743197028151,0.0
2026-01-17 12:00:00+00:00,1.0010743197028151,-0.0
2026-01-17 12:01:00+00:00,1.0010743197028151,-0.0
2026-01-17 12:02:00+00:00,1.0010743197028151,0.0
2026-01-17 12:03:00+00:00,1.0010743197028151,-0.0
2026-01-17 12:04:00+00:00,1.0010743197028151,-0.0
2026-01-17 12:05:00+00:00,1.0010743197028151,0.0
2026-01-17 12:06:00+00:00,1.0010743197028151,-0.0
2026-01-17 12:07:00+00:00,1.0010743197028151,-0.0
2026-01-17 12:08:00+00:00,1.0010743197028151,0.0
2026-01-17 12:09:00+00:00,1.0010743197028151,0.0
2026-01-17 12:10:00+00:00,1.0010743197028151,-0.0
2026-01-17 12:11:00+00:00,1.0010743197028151,0.0
2026-01-17 12:12:00+00:00,1.0010743197028151,-0.0
2026-01-17 12:13:00+00:00,1.0010743197028151,0.0
2026-01-17 12:14:00+00:00,1.0010743197028151,0.0
2026-01-17 12:15:00+00:00,1.0010743197028151,-0.0
2026-01-17 12:16:00+00:00,1.0010743197028151,0.0
2026-01-17 12:17:00+00:00,1.0010743197028151,-0.0
2026-01-17 12:18:00+00:00,1.0010743197028151,-0.0
2026-01-17 12:19:00+00:00,1.0010743197028151,0.0
2026-01-17 12:20:00+00:00,1.0010743197028151,-0.0
2026-01-17 12:21:00+00:00,1.0010743197028151,0.0
2026-01-17 12:22:00+00:00,1.0010743197028151,-0.0
2026-01-17 12:23:00+00:00,1.0010743197028151,-0.0
2026-01-17 12:24:00+00:00,1.0010743197028151,0.0
2026-01-17 12:25:00+00:00,1.0010743197028151,-0.0
2026-01-17 12:26:00+00:00,1.0010743197028151,-0.0
2026-01-17 12:27:00+00:00,1.0010743197028151,0.0
2026-01-17 12:28:00+00:00,1.0010743197028151,-0.0
2026-01-17 12:29:00+00:00,1.0010743197028151,-0.0
2026-01-17 12:30:00+00:00,1.0010743197028151,-0.0
2026-01-17 12:31:00+00:00,1.0010743197028151,0.0
2026-01-17 12:32:00+00:00,1.0010743197028151,0.0
2026-01-17 12:33:00+00:00,1.0010743197028151,0.0
2026-01-17 12:34:00+00:00,1.0010743197028151,-0.0
2026-01-17 12:35:00+00:00,1.0010743197028151,-0.0
2026-01-17 12:36:00+00:00,1.0010743197028151,0.0
2026-01-17 12:37:00+00:00,1.0010743197028151,0.0
2026-01-17 12:38:00+00:00,1.0010743197028151,-0.0
2026-01-17 12:39:00+00:00,1.0010743197028151,-0.0
2026-01-17 12:40:00+00:00,1.0010743197028151,-0.0
2026-01-17 12:41:00+00:00,1.0010743197028151,0.0
2026-01-17 12:42:00+00:00,1.0010743197028151,-0.0
2026-01-17 12:43:00+00:00,1.0010743197028151,-0.0
2026-01-17 12:44:00+00:00,1.0010743197028151,-0.0
2026-01-17 12:45:00+00:00,1.0010743197028151,-0.0
2026-01-17 12:46:00+00:00,1.0010743197028151,0.0
2026-01-17 12:47:00+00:00,1.0010743197028151,-0.0
2026-01-17 12:48:00+00:00,1.0010743197028151,-0.0
2026-01-17 12:49:00+00:00,1.0010743197028151,-0.0
2026-01-17 12:50:00+00:00,1.0010743197028151,0.0
2026-01-17 12:51:00+00:00,1.0010743197028151,0.0
2026-01-17 12:52:00+00:00,1.0010743197028151,-0.0
2026-01-17 12:53:00+00:00,1.0010743197028151,0.0
2026-01-17 12:54:00+00:00,1.0010743197028151,-0.0
2026-01-17 12:55:00+00:00,1.0010743197028151,-0.0
2026-01-17 12:56:00+00:00,1.0010743197028151,-0.0
2026-01-17 12:57:00+00:00,1.0010743197028151,0.0
2026-01-17 12:58:00+00:00,1.0010743197028151,-0.0
2026-01-17 12:59:00+00:00,1.0010743197028151,-0.0
2026-01-17 13:00:00+00:00,1.0010743197028151,-0.0
2026-01-17 13:01:00+00:00,1.0010743197028151,0.0
2026-01-17 13:02:00+00:00,1.0010743197028151,0.0
2026-01-17 13:03:00+00:00,1.0010743197028151,0.0
2026-01-17 13:04:00+00:00,1.0010743197028151,-0.0
2026-01-17 13:05:00+00:00,1.0010743197028151,0.0
2026-01-17 13:06:00+00:00,1.0010743197028151,0.0
2026-01-17 13:07:00+00:00,1.0010743197028151,0.0
2026-01-17 13:08:00+00:00,1.0010743197028151,0.0
2026-01-17 13:09:00+00:00,1.0010743197028151,-0.0
2026-01-17 13:10:00+00:00,1.0010743197028151,0.0
2026-01-17 13:11:00+00:00,1.0010743197028151,-0.0
2026-01-17 13:12:00+00:00,1.0010743197028151,0.0
2026-01-17 13:13:00+00:00,1.0010743197028151,-0.0
2026-01-17 13:14:00+00:00,1.0010743197028151,0.0
2026-01-17 13:15:00+00:00,1.0010743197028151,0.0
2026-01-17 13:16:00+00:00,1.0010743197028151,0.0
2026-01-17 13:17:00+00:00,1.0010743197028151,0.0
2026-01-17 13:18:00+00:00,1.0010743197028151,0.0
2026-01-17 13:19:00+00:00,1.0010743197028151,-0.0
2026-01-17 13:20:00+00:00,1.0010743197028151,-0.0
2026-01-17 13:21:00+00:00,1.0010743197028151,-0.0
2026-01-17 13:22:00+00:00,1.0010743197028151,-0.0
2026-01-17 13:23:00+00:00,1.0010743197028151,0.0
2026-01-17 13:24:00+00:00,1.0010743197028151,-0.0
2026-01-17 13:25:00+00:00,1.0010743197028151,-0.0
2026-01-17 13:26:00+00:00,1.0010743197028151,0.0
2026-01-17 13:27:00+00:00,1.0010743197028151,0.0
2026-01-17 13:28:00+00:00,1.0010743197028151,0.0
2026-01-17 13:29:00+00:00,1.0010743197028151,-0.0
2026-01-17 13:30:00+00:00,1.0010743197028151,0.0
2026-01-17 13:31:00+00:00,1.0010743197028151,-0.0
2026-01-17 13:32:00+00:00,1.0010743197028151,0.0
2026-01-17 13:33:00+00:00,1.0010743197028151,0.0
2026-01-17 13:34:00+00:00,1.0010743197028151,-0.0
2026-01-17 13:35:00+00:00,1.0010743197028151,-0.0
2026-01-17 13:36:00+00:00,1.0010743197028151,-0.0
2026-01-17 13:37:00+00:00,1.0010743197028151,-0.0
2026-01-17 13:38:00+00:00,1.0010743197028151,-0.0
2026-01-17 13:39:00+00:00,1.0010743197028151,0.0
2026-01-17 13:40:00+00:00,1.0010743197028151,0.0
2026-01-17 13:41:00+00:00,1.0010743197028151,-0.0
2026-01-17 13:42:00+00:00,1.0010743197028151,0.0
2026-01-17 13:43:00+00:00,1.0010743197028151,0.0
2026-01-17 13:44:00+00:00,1.0010743197028151,-0.0
2026-01-17 13:45:00+00:00,1.0010743197028151,0.0
2026-01-17 13:46:00+00:00,1.0010743197028151,-0.0
2026-01-17 13:47:00+00:00,1.0010743197028151,0.0
2026-01-17 13:48:00+00:00,1.0010743197028151,0.0
2026-01-17 13:49:00+00:00,1.0010743197028151,-0.0
2026-01-17 13:50:00+00:00,1.0010743197028151,0.0
2026-01-17 13:51:00+00:00,1.0010743197028151,0.0
2026-01-17 13:52:00+00:00,1.0010743197028151,-0.0
2026-01-17 13:53:00+00:00,1.0010743197028151,-0.0
2026-01-17 13:54:00+00:00,1.0010743197028151,-0.0
2026-01-17 13:55:00+00:00,1.0010743197028151,-0.0
2026-01-17 13:56:00+00:00,1.0010743197028151,-0.0
2026-01-17 13:57:00+00:00,1.0010743197028151,-0.0
2026-01-17 13:58:00+00:00,1.0010743197028151,-0.0
2026-01-17 13:59:00+00:00,1.0010743197028151,0.0
2026-01-17 14:00:00+00:00,1.0010743197028151,-0.0
2026-01-17 14:01:00+00:00,1.0010743197028151,-0.0
2026-01-17 14:02:00+00:00,1.0010743197028151,0.0
2026-01-17 14:03:00+00:00,1.0010743197028151,-0.0
2026-01-17 14:04:00+00:00,1.0010743197028151,0.0
2026-01-17 14:05:00+00:00,1.0010743197028151,0.0
2026-01-17 14:06:00+00:00,1.0010743197028151,-0.0
2026-01-17 14:07:00+00:00,1.0010743197028151,0.0
2026-01-17 14:08:00+00:00,1.0010743197028151,-0.0
2026-01-17 14:09:00+00:00,1.0010743197028151,-0.0
2026-01-17 14:10:00+00:00,1.0010743197028151,0.0
2026-01-17 14:11:00+00:00,1.0010743197028151,-0.0
2026-01-17 14:12:00+00:00,1.0010743197028151,0.0
2026-01-17 14:13:00+00:00,1.0010743197028151,0.0
2026-01-17 14:14:00+00:00,1.0010743197028151,-0.0
2026-01-17 14:15:00+00:00,1.0010743197028151,0.0
2026-01-17 14:16:00+00:00,1.0010743197028151,-0.0
2026-01-17 14:17:00+00:00,1.0010743197028151,-0.0
2026-01-17 14:18:00+00:00,1.0010743197028151,-0.0
2026-01-17 14:19:00+00:00,1.0010743197028151,0.0
2026-01-17 14:20:00+00:00,1.0010743197028151,-0.0
2026-01-17 14:21:00+00:00,1.0010743197028151,-0.0
2026-01-17 14:22:00+00:00,1.0010743197028151,-0.0
2026-01-17 14:23:00+00:00,1.0010743197028151,0.0
2026-01-17 14:24:00+00:00,1.0010743197028151,-0.0
2026-01-17 14:25:00+00:00,1.0010743197028151,-0.0
2026-01-17 14:26:00+00:00,1.0010743197028151,-0.0
2026-01-17 14:27:00+00:00,1.0010743197028151,0.0
2026-01-17 14:28:00+00:00,1.0010743197028151,0.0
2026-01-17 14:29:00+00:00,1.0010743197028151,-0.0
2026-01-17 14:30:00+00:00,1.0010743197028151,0.0
2026-01-17 14:31:00+00:00,1.0010743197028151,0.0
2026-01-17 14:32:00+00:00,1.0010743197028151,0.0
2026-01-17 14:33:00+00:00,1.0010743197028151,0.0
2026-01-17 14:34:00+00:00,1.0010743197028151,-0.0
2026-01-17 14:35:00+00:00,1.0010743197028151,0.0
2026-01-17 14:36:00+00:00,1.0010743197028151,-0.0
2026-01-17 14:37:00+00:00,1.0010743197028151,-0.0
2026-01-17 14:38:00+00:00,1.0010743197028151,0.0
2026-01-17 14:39:00+00:00,1.0010743197028151,-0.0
2026-01-17 14:40:00+00:00,1.0010743197028151,0.0
2026-01-17 14:41:00+00:00,1.0010743197028151,-0.0
2026-01-17 14:42:00+00:00,1.0010743197028151,0.0
2026-01-17 14:43:00+00:00,1.0010743197028151,-0.0
2026-01-17 14:44:00+00:00,1.0010743197028151,-0.0
2026-01-17 14:45:00+00:00,1.0010743197028151,0.0
2026-01-17 14:46:00+00:00,1.0010743197028151,-0.0
2026-01-17 14:47:00+00:00,1.0010743197028151,0.0
2026-01-17 14:48:00+00:00,1.0010743197028151,-0.0
2026-01-17 14:49:00+00:00,1.0010743197028151,-0.0
2026-01-17 14:50:00+00:00,1.0010743197028151,-0.0
2026-01-17 14:51:00+00:00,1.0010743197028151,0.0
2026-01-17 14:52:00+00:00,1.0010743197028151,0.0
2026-01-17 14:53:00+00:00,1.0010743197028151,0.0
2026-01-17 14:54:00+00:00,1.0010743197028151,-0.0
2026-01-17 14:55:00+00:00,1.0010743197028151,-0.0
2026-01-17 14:56:00+00:00,1.0010743197028151,-0.0
2026-01-17 14:57:00+00:00,1.0010743197028151,0.0
2026-01-17 14:58:00+00:00,1.0010743197028151,0.0
2026-01-17 14:59:00+00:00,1.0010743197028151,0.0
2026-01-17 15:00:00+00:00,1.0010743197028151,0.0
2026-01-17 15:01:00+00:00,1.0010743197028151,0.0
2026-01-17 15:02:00+00:00,1.0010743197028151,0.0
2026-01-17 15:03:00+00:00,1.0010743197028151,-0.0
2026-01-17 15:04:00+00:00,1.0010743197028151,-0.0
2026-01-17 15:05:00+00:00,1.0010743197028151,0.0
2026-01-17 15:06:00+00:00,1.0010743197028151,0.0
2026-01-17 15:07:00+00:00,1.0010743197028151,0.0
2026-01-17 15:08:00+00:00,1.0010743197028151,-0.0
2026-01-17 15:09:00+00:00,1.0010743197028151,0.0
2026-01-17 15:10:00+00:00,1.0010743197028151,-0.0
2026-01-17 15:11:00+00:00,1.0010743197028151,-0.0
2026-01-17 15:12:00+00:00,1.0010743197028151,0.0
2026-01-17 15:13:00+00:00,1.0010743197028151,0.0
2026-01-17 15:14:00+00:00,1.0010743197028151,0.0
2026-01-17 15:15:00+00:00,1.0010743197028151,-0.0
2026-01-17 15:16:00+00:00,1.0010743197028151,0.0
2026-01-17 15:17:00+00:00,1.0010743197028151,-0.0
2026-01-17 15:18:00+00:00,1.0010743197028151,0.0
2026-01-17 15:19:00+00:00,1.0010743197028151,-0.0
2026-01-17 15:20:00+00:00,1.0010743197028151,0.0
2026-01-17 15:21:00+00:00,1.0010743197028151,-0.0
2026-01-17 15:22:00+00:00,1.0010743197028151,-0.0
2026-01-17 15:23:00+00:00,1.0010743197028151,0.0
2026-01-17 15:24:00+00:00,1.0010743197028151,-0.0
2026-01-17 15:25:00+00:00,1.0010743197028151,-0.0
2026-01-17 15:26:00+00:00,1.0010743197028151,-0.0
2026-01-17 15:27:00+00:00,1.0010743197028151,-0.0
2026-01-17 15:28:00+00:00,1.0010743197028151,-0.0
2026-01-17 15:29:00+00:00,1.0010743197028151,0.0
2026-01-17 15:30:00+00:00,1.0010743197028151,0.0
2026-01-17 15:31:00+00:00,1.0010743197028151,0.0
2026-01-17 15:32:00+00:00,1.0010743197028151,-0.0
2026-01-17 15:33:00+00:00,1.0010743197028151,0.0
2026-01-17 15:34:00+00:00,1.0010743197028151,0.0
2026-01-17 15:35:00+00:00,1.0010743197028151,-0.0
2026-01-17 15:36:00+00:00,1.0010743197028151,-0.0
2026-01-17 15:37:00+00:00,1.0010743197028151,0.0
2026-01-17 15:38:00+00:00,1.0010743197028151,-0.0
2026-01-17 15:39:00+00:00,1.0010743197028151,0.0
2026-01-17 15:40:00+00:00,1.0010743197028151,-0.0
2026-01-17 15:41:00+00:00,1.0010743197028151,-0.0
2026-01-17 15:42:00+00:00,1.0010743197028151,0.0
2026-01-17 15:43:00+00:00,1.0010743197028151,-0.0
2026-01-17 15:44:00+00:00,1.0010743197028151,-0.0
2026-01-17 15:45:00+00:00,1.0010743197028151,0.0
2026-01-17 15:46:00+00:00,1.0010743197028151,0.0
2026-01-17 15:47:00+00:00,1.0010743197028151,-0.0
2026-01-17 15:48:00+00:00,1.0010743197028151,-0.0
2026-01-17 15:49:00+00:00,1.0010743197028151,-0.0
2026-01-17 15:50:00+00:00,1.0010743197028151,-0.0
2026-01-17 15:51:00+00:00,1.0010743197028151,0.0
2026-01-17 15:52:00+00:00,1.0010743197028151,-0.0
2026-01-17 15:53:00+00:00,1.0010743197028151,-0.0
2026-01-17 15:54:00+00:00,1.0010743197028151,0.0
2026-01-17 15:55:00+00:00,1.0010743197028151,0.0
2026-01-17 15:56:00+00:00,1.0010743197028151,0.0
2026-01-17 15:57:00+00:00,1.0010743197028151,-0.0
2026-01-17 15:58:00+00:00,1.0010743197028151,-0.0
2026-01-17 15:59:00+00:00,1.0010743197028151,-0.0
2026-01-17 16:00:00+00:00,1.0010743197028151,0.0
2026-01-17 16:01:00+00:00,1.0010743197028151,0.0
2026-01-17 16:02:00+00:00,1.0010743197028151,0.0
2026-01-17 16:03:00+00:00,1.0010743197028151,0.0
2026-01-17 16:04:00+00:00,1.0010743197028151,-0.0
2026-01-17 16:05:00+00:00,1.0010743197028151,0.0
2026-01-17 16:06:00+00:00,1.0010743197028151,0.0
2026-01-17 16:07:00+00:00,1.0010743197028151,-0.0
2026-01-17 16:08:00+00:00,1.0010743197028151,0.0
2026-01-17 16:09:00+00:00,1.0010743197028151,-0.0
2026-01-17 16:10:00+00:00,1.0010743197028151,0.0
2026-01-17 16:11:00+00:00,1.0010743197028151,-0.0
2026-01-17 16:12:00+00:00,1.0010743197028151,-0.0
2026-01-17 16:13:00+00:00,1.0010743197028151,0.0
2026-01-17 16:14:00+00:00,1.0010743197028151,-0.0
2026-01-17 16:15:00+00:00,1.0010743197028151,0.0
2026-01-17 16:16:00+00:00,1.0010743197028151,-0.0
2026-01-17 16:17:00+00:00,1.0010743197028151,0.0
2026-01-17 16:18:00+00:00,1.0010743197028151,-0.0
2026-01-17 16:19:00+00:00,1.0010743197028151,-0.0
2026-01-17 16:20:00+00:00,1.0010743197028151,0.0
2026-01-17 16:21:00+00:00,1.0010743197028151,0.0
2026-01-17 16:22:00+00:00,1.0010743197028151,-0.0
2026-01-17 16:23:00+00:00,1.0010743197028151,0.0
2026-01-17 16:24:00+00:00,1.0010743197028151,-0.0
2026-01-17 16:25:00+00:00,1.0010743197028151,-0.0
2026-01-17 16:26:00+00:00,1.0010743197028151,0.0
2026-01-17 16:27:00+00:00,1.0010743197028151,0.0
2026-01-17 16:28:00+00:00,1.0010743197028151,0.0
2026-01-17 16:29:00+00:00,1.0010743197028151,0.0
2026-01-17 16:30:00+00:00,1.0010743197028151,0.0
2026-01-17 16:31:00+00:00,1.0010743197028151,0.0
2026-01-17 16:32:00+00:00,1.0010743197028151,-0.0
2026-01-17 16:33:00+00:00,1.0010743197028151,-0.0
2026-01-17 16:34:00+00:00,1.0010743197028151,-0.0
2026-01-17 16:35:00+00:00,1.0010743197028151,-0.0
2026-01-17 16:36:00+00:00,1.0010743197028151,0.0
2026-01-17 16:37:00+00:00,1.0010743197028151,-0.0
2026-01-17 16:38:00+00:00,1.0010743197028151,-0.0
2026-01-17 16:39:00+00:00,1.0010743197028151,0.0
2026-01-17 16:40:00+00:00,1.0010743197028151,0.0
2026-01-17 16:41:00+00:00,1.0010743197028151,0.0
2026-01-17 16:42:00+00:00,1.0010743197028151,0.0
2026-01-17 16:43:00+00:00,1.0010743197028151,0.0
2026-01-17 16:44:00+00:00,1.0010743197028151,-0.0
2026-01-17 16:45:00+00:00,1.0010743197028151,0.0
2026-01-17 16:46:00+00:00,1.0010743197028151,-0.0
2026-01-17 16:47:00+00:00,1.0010743197028151,0.0
2026-01-17 16:48:00+00:00,1.0010743197028151,-0.0
2026-01-17 16:49:00+00:00,1.0010743197028151,-0.0
2026-01-17 16:50:00+00:00,1.0010743197028151,-0.0
2026-01-17 16:51:00+00:00,1.0010743197028151,0.0
2026-01-17 16:52:00+00:00,1.0010743197028151,0.0
2026-01-17 16:53:00+00:00,1.0010743197028151,-0.0
2026-01-17 16:54:00+00:00,1.0010743197028151,-0.0
2026-01-17 16:55:00+00:00,1.0010743197028151,-0.0
2026-01-17 16:56:00+00:00,1.0010743197028151,0.0
2026-01-17 16:57:00+00:00,1.0010743197028151,0.0
2026-01-17 16:58:00+00:00,1.0010743197028151,-0.0
2026-01-17 16:59:00+00:00,1.0010743197028151,0.0
2026-01-17 17:00:00+00:00,1.0010743197028151,-0.0
2026-01-17 17:01:00+00:00,1.0010743197028151,0.0
2026-01-17 17:02:00+00:00,1.0010743197028151,0.0
2026-01-17 17:03:00+00:00,1.0010743197028151,0.0
2026-01-17 17:04:00+00:00,1.0010743197028151,0.0
2026-01-17 17:05:00+00:00,1.0010743197028151,-0.0
2026-01-17 17:06:00+00:00,1.0010743197028151,0.0
2026-01-17 17:07:00+00:00,1.0010743197028151,0.0
2026-01-17 17:08:00+00:00,1.0010743197028151,-0.0
2026-01-17 17:09:00+00:00,1.0010743197028151,0.0
2026-01-17 17:10:00+00:00,1.0010743197028151,-0.0
2026-01-17 17:11:00+00:00,1.0010743197028151,0.0
2026-01-17 17:12:00+00:00,1.0010743197028151,-0.0
2026-01-17 17:13:00+00:00,1.0010743197028151,-0.0
2026-01-17 17:14:00+00:00,1.0010743197028151,0.0
2026-01-17 17:15:00+00:00,1.0010743197028151,-0.0
2026-01-17 17:16:00+00:00,1.0010743197028151,0.0
2026-01-17 17:17:00+00:00,1.0010743197028151,-0.0
2026-01-17 17:18:00+00:00,1.0010743197028151,-0.0
2026-01-17 17:19:00+00:00,1.0010743197028151,0.0
2026-01-17 17:20:00+00:00,1.0010743197028151,0.0
2026-01-17 17:21:00+00:00,1.0010743197028151,0.0
2026-01-17 17:22:00+00:00,1.0010743197028151,-0.0
2026-01-17 17:23:00+00:00,1.0010743197028151,-0.0
2026-01-17 17:24:00+00:00,1.0010743197028151,0.0
2026-01-17 17:25:00+00:00,1.0010743197028151,0.0
2026-01-17 17:26:00+00:00,1.0010743197028151,-0.0
2026-01-17 17:27:00+00:00,1.0010743197028151,-0.0
2026-01-17 17:28:00+00:00,1.0010743197028151,-0.0
2026-01-17 17:29:00+00:00,1.0010743197028151,0.0
2026-01-17 17:30:00+00:00,1.0010743197028151,0.0
2026-01-17 17:31:00+00:00,1.0010743197028151,-0.0
2026-01-17 17:32:00+00:00,1.0010743197028151,-0.0
2026-01-17 17:33:00+00:00,1.0010743197028151,0.0
2026-01-17 17:34:00+00:00,1.0010743197028151,-0.0
2026-01-17 17:35:00+00:00,1.0010743197028151,0.0
2026-01-17 17:36:00+00:00,1.0010743197028151,0.0
2026-01-17 17:37:00+00:00,1.0010743197028151,-0.0
2026-01-17 17:38:00+00:00,1.0010743197028151,0.0
2026-01-17 17:39:00+00:00,1.0010743197028151,-0.0
2026-01-17 17:40:00+00:00,1.0010743197028151,0.0
2026-01-17 17:41:00+00:00,1.0010743197028151,-0.0
2026-01-17 17:42:00+00:00,1.0010743197028151,-0.0
2026-01-17 17:43:00+00:00,1.0010743197028151,0.0
2026-01-17 17:44:00+00:00,1.0010743197028151,0.0
2026-01-17 17:45:00+00:00,1.0010743197028151,-0.0
2026-01-17 17:46:00+00:00,1.0010743197028151,-0.0
2026-01-17 17:47:00+00:00,1.0010743197028151,0.0
2026-01-17 17:48:00+00:00,1.0010743197028151,0.0
2026-01-17 17:49:00+00:00,1.0010743197028151,-0.0
2026-01-17 17:50:00+00:00,1.0010743197028151,0.0
2026-01-17 17:51:00+00:00,1.0010743197028151,0.0
2026-01-17 17:52:00+00:00,1.0010743197028151,-0.0
2026-01-17 17:53:00+00:00,1.0010743197028151,0.0
2026-01-17 17:54:00+00:00,1.0010743197028151,0.0
2026-01-17 17:55:00+00:00,1.0010743197028151,-0.0
2026-01-17 17:56:00+00:00,1.0010743197028151,0.0
2026-01-17 17:57:00+00:00,1.0010743197028151,0.0
2026-01-17 17:58:00+00:00,1.0010743197028151,-0.0
2026-01-17 17:59:00+00:00,1.0010743197028151,0.0
2026-01-17 18:00:00+00:00,1.0010743197028151,-0.0
2026-01-17 18:01:00+00:00,1.0010743197028151,0.0
2026-01-17 18:02:00+00:00,1.0010743197028151,0.0
2026-01-17 18:03:00+00:00,1.0010743197028151,0.0
2026-01-17 18:04:00+00:00,1.0010743197028151,0.0
2026-01-17 18:05:00+00:00,1.0010743197028151,-0.0
2026-01-17 18:06:00+00:00,1.0010743197028151,-0.0
2026-01-17 18:07:00+00:00,1.0010743197028151,0.0
2026-01-17 18:08:00+00:00,1.0010743197028151,0.0
2026-01-17 18:09:00+00:00,1.0010743197028151,-0.0
2026-01-17 18:10:00+00:00,1.0010743197028151,0.0
2026-01-17 18:11:00+00:00,1.0010743197028151,-0.0
2026-01-17 18:12:00+00:00,1.0010743197028151,-0.0
2026-01-17 18:13:00+00:00,1.0010743197028151,-0.0
2026-01-17 18:14:00+00:00,1.0010743197028151,0.0
2026-01-17 18:15:00+00:00,1.0010743197028151,-0.0
2026-01-17 18:16:00+00:00,1.0010743197028151,0.0
2026-01-17 18:17:00+00:00,1.0010743197028151,-0.0
2026-01-17 18:18:00+00:00,1.0010743197028151,-0.0
2026-01-17 18:19:00+00:00,1.0010743197028151,-0.0
2026-01-17 18:20:00+00:00,1.0010743197028151,0.0
2026-01-17 18:21:00+00:00,1.0010743197028151,-0.0
2026-01-17 18:22:00+00:00,1.0010743197028151,0.0
2026-01-17 18:23:00+00:00,1.0010743197028151,0.0
2026-01-17 18:24:00+00:00,1.0010743197028151,-0.0
2026-01-17 18:25:00+00:00,1.0010743197028151,0.0
2026-01-17 18:26:00+00:00,1.0010743197028151,-0.0
2026-01-17 18:27:00+00:00,1.0010743197028151,0.0
2026-01-17 18:28:00+00:00,1.0010743197028151,-0.0
2026-01-17 18:29:00+00:00,1.0010743197028151,0.0
2026-01-17 18:30:00+00:00,1.0010743197028151,-0.0
2026-01-17 18:31:00+00:00,1.0010743197028151,-0.0
2026-01-17 18:32:00+00:00,1.0010743197028151,0.0
2026-01-17 18:33:00+00:00,1.0010743197028151,-0.0
2026-01-17 18:34:00+00:00,1.0010743197028151,-0.0
2026-01-17 18:35:00+00:00,1.0010743197028151,-0.0
2026-01-17 18:36:00+00:00,1.0010743197028151,-0.0
2026-01-17 18:37:00+00:00,1.0010743197028151,-0.0
2026-01-17 18:38:00+00:00,1.0010743197028151,-0.0
2026-01-17 18:39:00+00:00,1.0010743197028151,0.0
2026-01-17 18:40:00+00:00,1.0010743197028151,-0.0
2026-01-17 18:41:00+00:00,1.0010743197028151,-0.0
2026-01-17 18:42:00+00:00,1.0010743197028151,0.0
2026-01-17 18:43:00+00:00,1.0010743197028151,-0.0
2026-01-17 18:44:00+00:00,1.0010743197028151,-0.0
2026-01-17 18:45:00+00:00,1.0010743197028151,-0.0
2026-01-17 18:46:00+00:00,1.0010743197028151,-0.0
2026-01-17 18:47:00+00:00,1.0010743197028151,-0.0
2026-01-17 18:48:00+00:00,1.0010743197028151,-0.0
2026-01-17 18:49:00+00:00,1.0010743197028151,0.0
2026-01-17 18:50:00+00:00,1.0010743197028151,-0.0
2026-01-17 18:51:00+00:00,1.0010743197028151,-0.0
2026-01-17 18:52:00+00:00,1.0010743197028151,0.0
2026-01-17 18:53:00+00:00,1.0010743197028151,-0.0
2026-01-17 18:54:00+00:00,1.0010743197028151,0.0
2026-01-17 18:55:00+00:00,1.0010743197028151,-0.0
2026-01-17 18:56:00+00:00,1.0010743197028151,-0.0
2026-01-17 18:57:00+00:00,1.0010743197028151,0.0
2026-01-17 18:58:00+00:00,1.0010743197028151,0.0
2026-01-17 18:59:00+00:00,1.0010743197028151,-0.0
2026-01-17 19:00:00+00:00,1.0010743197028151,-0.0
2026-01-17 19:01:00+00:00,1.0010743197028151,-0.0
2026-01-17 19:02:00+00:00,1.0010743197028151,-0.0
2026-01-17 19:03:00+00:00,1.0010743197028151,0.0
2026-01-17 19:04:00+00:00,1.0010743197028151,-0.0
2026-01-17 19:05:00+00:00,1.0010743197028151,-0.0
2026-01-17 19:06:00+00:00,1.0010743197028151,-0.0
2026-01-17 19:07:00+00:00,1.0010743197028151,-0.0
2026-01-17 19:08:00+00:00,1.0010743197028151,0.0
2026-01-17 19:09:00+00:00,1.0010743197028151,-0.0
2026-01-17 19:10:00+00:00,1.0010743197028151,-0.0
2026-01-17 19:11:00+00:00,1.0010743197028151,-0.0
2026-01-17 19:12:00+00:00,1.0010743197028151,-0.0
2026-01-17 19:13:00+00:00,1.0010743197028151,-0.0
2026-01-17 19:14:00+00:00,1.0010743197028151,0.0
2026-01-17 19:15:00+00:00,1.0010743197028151,-0.0
2026-01-17 19:16:00+00:00,1.0010743197028151,0.0
2026-01-17 19:17:00+00:00,1.0010743197028151,-0.0
2026-01-17 19:18:00+00:00,1.0010743197028151,0.0
2026-01-17 19:19:00+00:00,1.0010743197028151,-0.0
2026-01-17 19:20:00+00:00,1.0010743197028151,-0.0
2026-01-17 19:21:00+00:00,1.0010743197028151,0.0
2026-01-17 19:22:00+00:00,1.0010743197028151,0.0
2026-01-17 19:23:00+00:00,1.0010743197028151,-0.0
2026-01-17 19:24:00+00:00,1.0010743197028151,0.0
2026-01-17 19:25:00+00:00,1.0010743197028151,0.0
2026-01-17 19:26:00+00:00,1.0010743197028151,-0.0
2026-01-17 19:27:00+00:00,1.0010743197028151,-0.0
2026-01-17 19:28:00+00:00,1.0010743197028151,-0.0
2026-01-17 19:29:00+00:00,1.0010743197028151,0.0
2026-01-17 19:30:00+00:00,1.0010743197028151,0.0
2026-01-17 19:31:00+00:00,1.0010743197028151,0.0
2026-01-17 19:32:00+00:00,1.0010743197028151,-0.0
2026-01-17 19:33:00+00:00,1.0010743197028151,0.0
2026-01-17 19:34:00+00:00,1.0010743197028151,0.0
2026-01-17 19:35:00+00:00,1.0010743197028151,-0.0
2026-01-17 19:36:00+00:00,1.0010743197028151,-0.0
2026-01-17 19:37:00+00:00,1.0010743197028151,0.0
2026-01-17 19:38:00+00:00,1.0010743197028151,-0.0
2026-01-17 19:39:00+00:00,1.0010743197028151,-0.0
2026-01-17 19:40:00+00:00,1.0010743197028151,-0.0
2026-01-17 19:41:00+00:00,1.0010743197028151,0.0
2026-01-17 19:42:00+00:00,1.0010743197028151,-0.0
2026-01-17 19:43:00+00:00,1.0010743197028151,-0.0
2026-01-17 19:44:00+00:00,1.0010743197028151,0.0
2026-01-17 19:45:00+00:00,1.0010743197028151,-0.0
2026-01-17 19:46:00+00:00,1.0010743197028151,0.0
2026-01-17 19:47:00+00:00,1.0010743197028151,0.0
2026-01-17 19:48:00+00:00,1.0010743197028151,0.0
2026-01-17 19:49:00+00:00,1.0010743197028151,0.0
2026-01-17 19:50:00+00:00,1.0010743197028151,0.0
2026-01-17 19:51:00+00:00,1.0010743197028151,-0.0
2026-01-17 19:52:00+00:00,1.0010743197028151,0.0
2026-01-17 19:53:00+00:00,1.0010743197028151,0.0
2026-01-17 19:54:00+00:00,1.0010743197028151,-0.0
2026-01-17 19:55:00+00:00,1.0010743197028151,-0.0
2026-01-17 19:56:00+00:00,1.0010743197028151,0.0
2026-01-17 19:57:00+00:00,1.0010743197028151,-0.0
2026-01-17 19:58:00+00:00,1.0010743197028151,-0.0
2026-01-17 19:59:00+00:00,1.0010743197028151,0.0
2026-01-17 20:00:00+00:00,1.0010743197028151,0.0
2026-01-17 20:01:00+00:00,1.0010743197028151,0.0
2026-01-17 20:02:00+00:00,1.0010743197028151,-0.0
2026-01-17 20:03:00+00:00,1.0010743197028151,-0.0
2026-01-17 20:04:00+00:00,1.0010743197028151,0.0
2026-01-17 20:05:00+00:00,1.0010743197028151,0.0
2026-01-17 20:06:00+00:00,1.0010743197028151,-0.0
2026-01-17 20:07:00+00:00,1.0010743197028151,0.0
2026-01-17 20:08:00+00:00,1.0010743197028151,0.0
2026-01-17 20:09:00+00:00,1.0010743197028151,-0.0
2026-01-17 20:10:00+00:00,1.0010743197028151,-0.0
2026-01-17 20:11:00+00:00,1.0010743197028151,-0.0
2026-01-17 20:12:00+00:00,1.0010743197028151,0.0
2026-01-17 20:13:00+00:00,1.0010743197028151,-0.0
2026-01-17 20:14:00+00:00,1.0010743197028151,0.0
2026-01-17 20:15:00+00:00,1.0010743197028151,0.0
2026-01-17 20:16:00+00:00,1.0010743197028151,-0.0
2026-01-17 20:17:00+00:00,1.0010743197028151,-0.0
2026-01-17 20:18:00+00:00,1.0010743197028151,0.0
2026-01-17 20:19:00+00:00,1.0010743197028151,-0.0
2026-01-17 20:20:00+00:00,1.0010743197028151,0.0
2026-01-17 20:21:00+00:00,1.0010743197028151,-0.0
2026-01-17 20:22:00+00:00,1.0010743197028151,0.0
2026-01-17 20:23:00+00:00,1.0010743197028151,0.0
2026-01-17 20:24:00+00:00,1.0010743197028151,0.0
2026-01-17 20:25:00+00:00,1.0010743197028151,0.0
2026-01-17 20:26:00+00:00,1.0010743197028151,-0.0
2026-01-17 20:27:00+00:00,1.0010743197028151,-0.0
2026-01-17 20:28:00+00:00,1.0010743197028151,0.0
2026-01-17 20:29:00+00:00,1.0010743197028151,-0.0
2026-01-17 20:30:00+00:00,1.0010743197028151,-0.0
2026-01-17 20:31:00+00:00,1.0010743197028151,0.0
2026-01-17 20:32:00+00:00,1.0010743197028151,-0.0
2026-01-17 20:33:00+00:00,1.0010743197028151,0.0
2026-01-17 20:34:00+00:00,1.0010743197028151,0.0
2026-01-17 20:35:00+00:00,1.0010743197028151,0.0
2026-01-17 20:36:00+00:00,1.0010743197028151,-0.0
2026-01-17 20:37:00+00:00,1.0010743197028151,-0.0
2026-01-17 20:38:00+00:00,1.0010743197028151,0.0
2026-01-17 20:39:00+00:00,1.0010743197028151,0.0
2026-01-17 20:40:00+00:00,1.0010743197028151,-0.0
2026-01-17 20:41:00+00:00,1.0010743197028151,0.0
2026-01-17 20:42:00+00:00,1.0010743197028151,0.0
2026-01-17 20:43:00+00:00,1.0010743197028151,-0.0
2026-01-17 20:44:00+00:00,1.0010743197028151,0.0
2026-01-17 20:45:00+00:00,1.0010743197028151,0.0
2026-01-17 20:46:00+00:00,1.0010743197028151,-0.0
2026-01-17 20:47:00+00:00,1.0010743197028151,0.0
2026-01-17 20:48:00+00:00,1.0010743197028151,0.0
2026-01-17 20:49:00+00:00,1.0010743197028151,0.0
2026-01-17 20:50:00+00:00,1.0010743197028151,-0.0
2026-01-17 20:51:00+00:00,1.0010743197028151,0.0
2026-01-17 20:52:00+00:00,1.0010743197028151,-0.0
2026-01-17 20:53:00+00:00,1.0010743197028151,-0.0
2026-01-17 20:54:00+00:00,1.0010743197028151,0.0
2026-01-17 20:55:00+00:00,1.0010743197028151,-0.0
2026-01-17 20:56:00+00:00,1.0010743197028151,0.0
2026-01-17 20:57:00+00:00,1.0010743197028151,-0.0
2026-01-17 20:58:00+00:00,1.0010743197028151,0.0
2026-01-17 20:59:00+00:00,1.0010743197028151,-0.0
2026-01-17 21:00:00+00:00,1.0010743197028151,0.0
2026-01-17 21:01:00+00:00,1.0010743197028151,-0.0
2026-01-17 21:02:00+00:00,1.0010743197028151,0.0
2026-01-17 21:03:00+00:00,1.0010743197028151,-0.0
2026-01-17 21:04:00+00:00,1.0010743197028151,0.0
2026-01-17 21:05:00+00:00,1.0010743197028151,-0.0
2026-01-17 21:06:00+00:00,1.0010743197028151,0.0
2026-01-17 21:07:00+00:00,1.0010743197028151,-0.0
2026-01-17 21:08:00+00:00,1.0010743197028151,0.0
2026-01-17 21:09:00+00:00,1.0010743197028151,-0.0
2026-01-17 21:10:00+00:00,1.0010743197028151,-0.0
2026-01-17 21:11:00+00:00,1.0010743197028151,-0.0
2026-01-17 21:12:00+00:00,1.0010743197028151,0.0
2026-01-17 21:13:00+00:00,1.0010743197028151,-0.0
2026-01-17 21:14:00+00:00,1.0010743197028151,-0.0
2026-01-17 21:15:00+00:00,1.0010743197028151,0.0
2026-01-17 21:16:00+00:00,1.0010743197028151,0.0
2026-01-17 21:17:00+00:00,1.0010743197028151,0.0
2026-01-17 21:18:00+00:00,1.0010743197028151,-0.0
2026-01-17 21:19:00+00:00,1.0010743197028151,-0.0
2026-01-17 21:20:00+00:00,1.0010743197028151,-0.0
2026-01-17 21:21:00+00:00,1.0010743197028151,-0.0
2026-01-17 21:22:00+00:00,1.0010743197028151,0.0
2026-01-17 21:23:00+00:00,1.0010743197028151,0.0
2026-01-17 21:24:00+00:00,1.0010743197028151,0.0
2026-01-17 21:25:00+00:00,1.0010743197028151,0.0
2026-01-17 21:26:00+00:00,1.0010743197028151,-0.0
2026-01-17 21:27:00+00:00,1.0010743197028151,-0.0
2026-01-17 21:28:00+00:00,1.0010743197028151,-0.0
2026-01-17 21:29:00+00:00,1.0010743197028151,0.0
2026-01-17 21:30:00+00:00,1.0010743197028151,0.0
2026-01-17 21:31:00+00:00,1.0010743197028151,-0.0
2026-01-17 21:32:00+00:00,1.0010743197028151,-0.0
2026-01-17 21:33:00+00:00,1.0010743197028151,0.0
2026-01-17 21:34:00+00:00,1.0010743197028151,0.0
2026-01-17 21:35:00+00:00,1.0010743197028151,0.0
2026-01-17 21:36:00+00:00,1.0010743197028151,-0.0
2026-01-17 21:37:00+00:00,1.0010743197028151,0.0
2026-01-17 21:38:00+00:00,1.0010743197028151,-0.0
2026-01-17 21:39:00+00:00,1.0010743197028151,-0.0
2026-01-17 21:40:00+00:00,1.0010743197028151,-0.0
2026-01-17 21:41:00+00:00,1.0010743197028151,-0.0
2026-01-17 21:42:00+00:00,1.0010743197028151,-0.0
2026-01-17 21:43:00+00:00,1.0010743197028151,-0.0
2026-01-17 21:44:00+00:00,1.0010743197028151,-0.0
2026-01-17 21:45:00+00:00,1.0010743197028151,-0.0
2026-01-17 21:46:00+00:00,1.0010743197028151,0.0
2026-01-17 21:47:00+00:00,1.0010743197028151,-0.0
2026-01-17 21:48:00+00:00,1.0010743197028151,-0.0
2026-01-17 21:49:00+00:00,1.0010743197028151,0.0
2026-01-17 21:50:00+00:00,1.0010743197028151,0.0
2026-01-17 21:51:00+00:00,1.0010743197028151,-0.0
2026-01-17 21:52:00+00:00,1.0010743197028151,-0.0
2026-01-17 21:53:00+00:00,1.0010743197028151,-0.0
2026-01-17 21:54:00+00:00,1.0010743197028151,0.0
2026-01-17 21:55:00+00:00,1.0010743197028151,0.0
2026-01-17 21:56:00+00:00,1.0010743197028151,-0.0
2026-01-17 21:57:00+00:00,1.0010743197028151,0.0
2026-01-17 21:58:00+00:00,1.0010743197028151,-0.0
2026-01-17 21:59:00+00:00,1.0010743197028151,0.0
2026-01-17 22:00:00+00:00,1.0010743197028151,-0.0
2026-01-17 22:01:00+00:00,1.0010743197028151,0.0
2026-01-17 22:02:00+00:00,1.0010743197028151,-0.0
2026-01-17 22:03:00+00:00,1.0010743197028151,-0.0
2026-01-17 22:04:00+00:00,1.0010743197028151,0.0
2026-01-17 22:05:00+00:00,1.0010743197028151,0.0
2026-01-17 22:06:00+00:00,1.0010743197028151,-0.0
2026-01-17 22:07:00+00:00,1.0010743197028151,-0.0
2026-01-17 22:08:00+00:00,1.0010743197028151,0.0
2026-01-17 22:09:00+00:00,1.0010743197028151,-0.0
2026-01-17 22:10:00+00:00,1.0010743197028151,-0.0
2026-01-17 22:11:00+00:00,1.0010743197028151,0.0
2026-01-17 22:12:00+00:00,1.0010743197028151,-0.0
2026-01-17 22:13:00+00:00,1.0010743197028151,-0.0
2026-01-17 22:14:00+00:00,1.0010743197028151,-0.0
2026-01-17 22:15:00+00:00,1.0010743197028151,0.0
2026-01-17 22:16:00+00:00,1.0010743197028151,0.0
2026-01-17 22:17:00+00:00,1.0010743197028151,0.0
2026-01-17 22:18:00+00:00,1.0010743197028151,-0.0
2026-01-17 22:19:00+00:00,1.0010743197028151,-0.0
2026-01-17 22:20:00+00:00,1.0010743197028151,0.0
2026-01-17 22:21:00+00:00,1.0010743197028151,0.0
2026-01-17 22:22:00+00:00,1.0010743197028151,0.0
2026-01-17 22:23:00+00:00,1.0010743197028151,0.0
2026-01-17 22:24:00+00:00,1.0010743197028151,-0.0
2026-01-17 22:25:00+00:00,1.0010743197028151,0.0
2026-01-17 22:26:00+00:00,1.0010743197028151,-0.0
2026-01-17 22:27:00+00:00,1.0010743197028151,0.0
2026-01-17 22:28:00+00:00,1.0010743197028151,-0.0
2026-01-17 22:29:00+00:00,1.0010743197028151,-0.0
2026-01-17 22:30:00+00:00,1.0010743197028151,0.0
2026-01-17 22:31:00+00:00,1.0010743197028151,-0.0
2026-01-17 22:32:00+00:00,1.0010743197028151,0.0
2026-01-17 22:33:00+00:00,1.0010743197028151,0.0
2026-01-17 22:34:00+00:00,1.0010743197028151,0.0
2026-01-17 22:35:00+00:00,1.0010743197028151,0.0
2026-01-17 22:36:00+00:00,1.0010743197028151,0.0
2026-01-17 22:37:00+00:00,1.0010743197028151,0.0
2026-01-17 22:38:00+00:00,1.0010743197028151,-0.0
2026-01-17 22:39:00+00:00,1.0010743197028151,-0.0
2026-01-17 22:40:00+00:00,1.0010743197028151,-0.0
2026-01-17 22:41:00+00:00,1.0010743197028151,0.0
2026-01-17 22:42:00+00:00,1.0010743197028151,-0.0
2026-01-17 22:43:00+00:00,1.0010743197028151,-0.0
2026-01-17 22:44:00+00:00,1.0010743197028151,0.0
2026-01-17 22:45:00+00:00,1.0010743197028151,-0.0
2026-01-17 22:46:00+00:00,1.0010743197028151,-0.0
2026-01-17 22:47:00+00:00,1.0010743197028151,-0.0
2026-01-17 22:48:00+00:00,1.0010743197028151,0.0
2026-01-17 22:49:00+00:00,1.0010743197028151,-0.0
2026-01-17 22:50:00+00:00,1.0010743197028151,0.0
2026-01-17 22:51:00+00:00,1.0010743197028151,0.0
2026-01-17 22:52:00+00:00,1.0010743197028151,0.0
2026-01-17 22:53:00+00:00,1.0010743197028151,-0.0
2026-01-17 22:54:00+00:00,1.0010743197028151,0.0
2026-01-17 22:55:00+00:00,1.0010743197028151,0.0
2026-01-17 22:56:00+00:00,1.0010743197028151,0.0
2026-01-17 22:57:00+00:00,1.0010743197028151,-0.0
2026-01-17 22:58:00+00:00,1.0010743197028151,-0.0
2026-01-17 22:59:00+00:00,1.0010743197028151,0.0
2026-01-17 23:00:00+00:00,1.0010743197028151,0.0
2026-01-17 23:01:00+00:00,1.0010743197028151,-0.0
2026-01-17 23:02:00+00:00,1.0010743197028151,0.0
2026-01-17 23:03:00+00:00,1.0010743197028151,0.0
2026-01-17 23:04:00+00:00,1.0010743197028151,-0.0
2026-01-17 23:05:00+00:00,1.0010743197028151,-0.0
2026-01-17 23:06:00+00:00,1.0010743197028151,-0.0
2026-01-17 23:07:00+00:00,1.0010743197028151,0.0
2026-01-17 23:08:00+00:00,1.0010743197028151,0.0
2026-01-17 23:09:00+00:00,1.0010743197028151,-0.0
2026-01-17 23:10:00+00:00,1.0010743197028151,0.0
2026-01-17 23:11:00+00:00,1.0010743197028151,-0.0
2026-01-17 23:12:00+00:00,1.0010743197028151,0.0
2026-01-17 23:13:00+00:00,1.0010743197028151,0.0
2026-01-17 23:14:00+00:00,1.0010743197028151,-0.0
2026-01-17 23:15:00+00:00,1.0010743197028151,0.0
2026-01-17 23:16:00+00:00,1.0010743197028151,-0.0
2026-01-17 23:17:00+00:00,1.0010743197028151,0.0
2026-01-17 23:18:00+00:00,1.0010743197028151,0.0
2026-01-17 23:19:00+00:00,1.0010743197028151,-0.0
2026-01-17 23:20:00+00:00,1.0010743197028151,-0.0
2026-01-17 23:21:00+00:00,1.0010743197028151,0.0
2026-01-17 23:22:00+00:00,1.0010743197028151,-0.0
2026-01-17 23:23:00+00:00,1.0010743197028151,0.0
2026-01-17 23:24:00+00:00,1.0010743197028151,0.0
2026-01-17 23:25:00+00:00,1.0010743197028151,0.0
2026-01-17 23:26:00+00:00,1.0010743197028151,-0.0
2026-01-17 23:27:00+00:00,1.0010743197028151,0.0
2026-01-17 23:28:00+00:00,1.0010743197028151,-0.0
2026-01-17 23:29:00+00:00,1.0010743197028151,0.0
2026-01-17 23:30:00+00:00,1.0010743197028151,-0.0
2026-01-17 23:31:00+00:00,1.0010743197028151,0.0
2026-01-17 23:32:00+00:00,1.0010743197028151,0.0
2026-01-17 23:33:00+00:00,1.0010743197028151,0.0
2026-01-17 23:34:00+00:00,1.0010743197028151,-0.0
2026-01-17 23:35:00+00:00,1.0010743197028151,0.0
2026-01-17 23:36:00+00:00,1.0010743197028151,0.0
2026-01-17 23:37:00+00:00,1.0010743197028151,-0.0
2026-01-17 23:38:00+00:00,1.0010743197028151,0.0
2026-01-17 23:39:00+00:00,1.0010743197028151,-0.0
2026-01-17 23:40:00+00:00,1.0010743197028151,-0.0
2026-01-17 23:41:00+00:00,1.0010743197028151,0.0
2026-01-17 23:42:00+00:00,1.0010743197028151,0.0
2026-01-17 23:43:00+00:00,1.0010743197028151,0.0
2026-01-17 23:44:00+00:00,1.0010743197028151,-0.0
2026-01-17 23:45:00+00:00,1.0010743197028151,-0.0
2026-01-17 23:46:00+00:00,1.0010743197028151,-0.0
2026-01-17 23:47:00+00:00,1.0010743197028151,0.0
2026-01-17 23:48:00+00:00,1.0010743197028151,-0.0
2026-01-17 23:49:00+00:00,1.0010743197028151,0.0
2026-01-17 23:50:00+00:00,1.0010743197028151,-0.0
2026-01-17 23:51:00+00:00,1.0010743197028151,0.0
2026-01-17 23:52:00+00:00,1.0010743197028151,0.0
2026-01-17 23:53:00+00:00,1.0010743197028151,-0.0
2026-01-17 23:54:00+00:00,1.0010743197028151,-0.0
2026-01-17 23:55:00+00:00,1.0010743197028151,0.0
2026-01-17 23:56:00+00:00,1.0010743197028151,0.0
2026-01-17 23:57:00+00:00,1.0010743197028151,-0.0
2026-01-17 23:58:00+00:00,1.0010743197028151,0.0
2026-01-17 23:59:00+00:00,1.0010743197028151,-0.0
2026-01-18 00:00:00+00:00,1.0010743197028151,0.0
2026-01-18 00:01:00+00:00,1.0010743197028151,0.0
2026-01-18 00:02:00+00:00,1.0010743197028151,-0.0
2026-01-18 00:03:00+00:00,1.0010743197028151,-0.0
2026-01-18 00:04:00+00:00,1.0010743197028151,0.0
2026-01-18 00:05:00+00:00,1.0010743197028151,0.0
2026-01-18 00:06:00+00:00,1.0010743197028151,0.0
2026-01-18 00:07:00+00:00,1.0010743197028151,-0.0
2026-01-18 00:08:00+00:00,1.0010743197028151,0.0
2026-01-18 00:09:00+00:00,1.0010743197028151,0.0
2026-01-18 00:10:00+00:00,1.0010743197028151,-0.0
2026-01-18 00:11:00+00:00,1.0010743197028151,-0.0
2026-01-18 00:12:00+00:00,1.0010743197028151,-0.0
2026-01-18 00:13:00+00:00,1.0010743197028151,-0.0
2026-01-18 00:14:00+00:00,1.0010743197028151,0.0
2026-01-18 00:15:00+00:00,1.0010743197028151,0.0
2026-01-18 00:16:00+00:00,1.0010743197028151,0.0
2026-01-18 00:17:00+00:00,1.0010743197028151,-0.0
2026-01-18 00:18:00+00:00,1.0010743197028151,-0.0
2026-01-18 00:19:00+00:00,1.0010743197028151,0.0
2026-01-18 00:20:00+00:00,1.0010743197028151,0.0
2026-01-18 00:21:00+00:00,1.0010743197028151,-0.0
2026-01-18 00:22:00+00:00,1.0010743197028151,0.0
2026-01-18 00:23:00+00:00,1.0010743197028151,-0.0
2026-01-18 00:24:00+00:00,1.0010743197028151,0.0
2026-01-18 00:25:00+00:00,1.0010743197028151,0.0
2026-01-18 00:26:00+00:00,1.0010743197028151,0.0
2026-01-18 00:27:00+00:00,1.0010743197028151,-0.0
2026-01-18 00:28:00+00:00,1.0010743197028151,0.0
2026-01-18 00:29:00+00:00,1.0010743197028151,-0.0
2026-01-18 00:30:00+00:00,1.0010743197028151,0.0
2026-01-18 00:31:00+00:00,1.0010743197028151,0.0
2026-01-18 00:32:00+00:00,1.0010743197028151,0.0
2026-01-18 00:33:00+00:00,1.0010743197028151,-0.0
2026-01-18 00:34:00+00:00,1.0010743197028151,0.0
2026-01-18 00:35:00+00:00,1.0010743197028151,0.0
2026-01-18 00:36:00+00:00,1.0010743197028151,0.0
2026-01-18 00:37:00+00:00,1.0010743197028151,-0.0
2026-01-18 00:38:00+00:00,1.0010743197028151,0.0
2026-01-18 00:39:00+00:00,1.0010743197028151,-0.0
2026-01-18 00:40:00+00:00,1.0010743197028151,0.0
2026-01-18 00:41:00+00:00,1.0010743197028151,0.0
2026-01-18 00:42:00+00:00,1.0010743197028151,0.0
2026-01-18 00:43:00+00:00,1.0010743197028151,0.0
2026-01-18 00:44:00+00:00,1.0010743197028151,-0.0
2026-01-18 00:45:00+00:00,1.0010743197028151,0.0
2026-01-18 00:46:00+00:00,1.0010743197028151,0.0
2026-01-18 00:47:00+00:00,1.0010743197028151,-0.0
2026-01-18 00:48:00+00:00,1.0010743197028151,-0.0
2026-01-18 00:49:00+00:00,1.0010743197028151,0.0
2026-01-18 00:50:00+00:00,1.0010743197028151,-0.0
2026-01-18 00:51:00+00:00,1.0010743197028151,0.0
2026-01-18 00:52:00+00:00,1.0010743197028151,-0.0
2026-01-18 00:53:00+00:00,1.0010743197028151,0.0
2026-01-18 00:54:00+00:00,1.0010743197028151,0.0
2026-01-18 00:55:00+00:00,1.0010743197028151,0.0
2026-01-18 00:56:00+00:00,1.0010743197028151,-0.0
2026-01-18 00:57:00+00:00,1.0010743197028151,-0.0
2026-01-18 00:58:00+00:00,1.0010743197028151,-0.0
2026-01-18 00:59:00+00:00,1.0010743197028151,0.0
2026-01-18 01:00:00+00:00,1.0010743197028151,-0.0
2026-01-18 01:01:00+00:00,1.0010743197028151,0.0
2026-01-18 01:02:00+00:00,1.0010743197028151,0.0
2026-01-18 01:03:00+00:00,1.0010743197028151,-0.0
2026-01-18 01:04:00+00:00,1.0010743197028151,0.0
2026-01-18 01:05:00+00:00,1.0010743197028151,-0.0
2026-01-18 01:06:00+00:00,1.0010743197028151,0.0
2026-01-18 01:07:00+00:00,1.0010743197028151,-0.0
2026-01-18 01:08:00+00:00,1.0010743197028151,-0.0
2026-01-18 01:09:00+00:00,1.0010743197028151,-0.0
2026-01-18 01:10:00+00:00,1.0010743197028151,-0.0
2026-01-18 01:11:00+00:00,1.0010743197028151,-0.0
2026-01-18 01:12:00+00:00,1.0010743197028151,0.0
2026-01-18 01:13:00+00:00,1.0010743197028151,0.0
2026-01-18 01:14:00+00:00,1.0010743197028151,-0.0
2026-01-18 01:15:00+00:00,1.0010743197028151,-0.0
2026-01-18 01:16:00+00:00,1.0010743197028151,0.0
2026-01-18 01:17:00+00:00,1.0010743197028151,-0.0
2026-01-18 01:18:00+00:00,1.0010743197028151,-0.0
2026-01-18 01:19:00+00:00,1.0010743197028151,-0.0
2026-01-18 01:20:00+00:00,1.0010743197028151,0.0
2026-01-18 01:21:00+00:00,1.0010743197028151,-0.0
2026-01-18 01:22:00+00:00,1.0010743197028151,0.0
2026-01-18 01:23:00+00:00,1.0010743197028151,-0.0
2026-01-18 01:24:00+00:00,1.0010743197028151,-0.0
2026-01-18 01:25:00+00:00,1.0010743197028151,0.0
2026-01-18 01:26:00+00:00,1.0010743197028151,0.0
2026-01-18 01:27:00+00:00,1.0010743197028151,0.0
2026-01-18 01:28:00+00:00,1.0010743197028151,0.0
2026-01-18 01:29:00+00:00,1.0010743197028151,0.0
2026-01-18 01:30:00+00:00,1.0010743197028151,-0.0
2026-01-18 01:31:00+00:00,1.0010743197028151,0.0
2026-01-18 01:32:00+00:00,1.0010743197028151,0.0
2026-01-18 01:33:00+00:00,1.0010743197028151,-0.0
2026-01-18 01:34:00+00:00,1.0010743197028151,0.0
2026-01-18 01:35:00+00:00,1.0010743197028151,0.0
2026-01-18 01:36:00+00:00,1.0010743197028151,0.0
2026-01-18 01:37:00+00:00,1.0010743197028151,0.0
2026-01-18 01:38:00+00:00,1.0010743197028151,-0.0
2026-01-18 01:39:00+00:00,1.0010743197028151,0.0
2026-01-18 01:40:00+00:00,1.0010743197028151,0.0
2026-01-18 01:41:00+00:00,1.0010743197028151,0.0
2026-01-18 01:42:00+00:00,1.0010743197028151,0.0
2026-01-18 01:43:00+00:00,1.0010743197028151,-0.0
2026-01-18 01:44:00+00:00,1.0010743197028151,0.0
2026-01-18 01:45:00+00:00,1.0010743197028151,0.0
2026-01-18 01:46:00+00:00,1.0010743197028151,-0.0
2026-01-18 01:47:00+00:00,1.0010743197028151,-0.0
2026-01-18 01:48:00+00:00,1.0010743197028151,0.0
2026-01-18 01:49:00+00:00,1.0010743197028151,0.0
2026-01-18 01:50:00+00:00,1.0010743197028151,0.0
2026-01-18 01:51:00+00:00,1.0010743197028151,0.0
2026-01-18 01:52:00+00:00,1.0010743197028151,-0.0
2026-01-18 01:53:00+00:00,1.0010743197028151,0.0
2026-01-18 01:54:00+00:00,1.0010743197028151,0.0
2026-01-18 01:55:00+00:00,1.0010743197028151,-0.0
2026-01-18 01:56:00+00:00,1.0010743197028151,-0.0
2026-01-18 01:57:00+00:00,1.0010743197028151,0.0
2026-01-18 01:58:00+00:00,1.0010743197028151,0.0
2026-01-18 01:59:00+00:00,1.0010743197028151,-0.0
2026-01-18 02:00:00+00:00,1.0010743197028151,0.0
2026-01-18 02:01:00+00:00,1.0010743197028151,-0.0
2026-01-18 02:02:00+00:00,1.0010743197028151,0.0
2026-01-18 02:03:00+00:00,1.0010743197028151,-0.0
2026-01-18 02:04:00+00:00,1.0010743197028151,-0.0
2026-01-18 02:05:00+00:00,1.0010743197028151,0.0
2026-01-18 02:06:00+00:00,1.0010743197028151,-0.0
2026-01-18 02:07:00+00:00,1.0010743197028151,-0.0
2026-01-18 02:08:00+00:00,1.0010743197028151,-0.0
2026-01-18 02:09:00+00:00,1.0010743197028151,0.0
2026-01-18 02:10:00+00:00,1.0010743197028151,-0.0
2026-01-18 02:11:00+00:00,1.0010743197028151,0.0
2026-01-18 02:12:00+00:00,1.0010743197028151,0.0
2026-01-18 02:13:00+00:00,1.0010743197028151,0.0
2026-01-18 02:14:00+00:00,1.0010743197028151,-0.0
2026-01-18 02:15:00+00:00,1.0010743197028151,0.0
2026-01-18 02:16:00+00:00,1.0010743197028151,0.0
2026-01-18 02:17:00+00:00,1.0010743197028151,-0.0
2026-01-18 02:18:00+00:00,1.0010743197028151,-0.0
2026-01-18 02:19:00+00:00,1.0010743197028151,0.0
2026-01-18 02:20:00+00:00,1.0010743197028151,0.0
2026-01-18 02:21:00+00:00,1.0010743197028151,-0.0
2026-01-18 02:22:00+00:00,1.0010743197028151,-0.0
2026-01-18 02:23:00+00:00,1.0010743197028151,0.0
2026-01-18 02:24:00+00:00,1.0010743197028151,-0.0
2026-01-18 02:25:00+00:00,1.0010743197028151,0.0
2026-01-18 02:26:00+00:00,1.0010743197028151,0.0
2026-01-18 02:27:00+00:00,1.0010743197028151,-0.0
2026-01-18 02:28:00+00:00,1.0010743197028151,-0.0
2026-01-18 02:29:00+00:00,1.0010743197028151,-0.0
2026-01-18 02:30:00+00:00,1.0010743197028151,-0.0
2026-01-18 02:31:00+00:00,1.0010743197028151,0.0
2026-01-18 02:32:00+00:00,1.0010743197028151,0.0
2026-01-18 02:33:00+00:00,1.0010743197028151,-0.0
2026-01-18 02:34:00+00:00,1.0010743197028151,0.0
2026-01-18 02:35:00+00:00,1.0010743197028151,-0.0
2026-01-18 02:36:00+00:00,1.0010743197028151,0.0
2026-01-18 02:37:00+00:00,1.0010743197028151,-0.0
2026-01-18 02:38:00+00:00,1.0010743197028151,-0.0
2026-01-18 02:39:00+00:00,1.0010743197028151,-0.0
2026-01-18 02:40:00+00:00,1.0010743197028151,0.0
2026-01-18 02:41:00+00:00,1.0010743197028151,-0.0
2026-01-18 02:42:00+00:00,1.0010743197028151,0.0
2026-01-18 02:43:00+00:00,1.0010743197028151,-0.0
2026-01-18 02:44:00+00:00,1.0010743197028151,0.0
2026-01-18 02:45:00+00:00,1.0010743197028151,0.0
2026-01-18 02:46:00+00:00,1.0010743197028151,0.0
2026-01-18 02:47:00+00:00,1.0010743197028151,-0.0
2026-01-18 02:48:00+00:00,1.0010743197028151,-0.0
2026-01-18 02:49:00+00:00,1.0010743197028151,-0.0
2026-01-18 02:50:00+00:00,1.0010743197028151,0.0
2026-01-18 02:51:00+00:00,1.0010743197028151,-0.0
2026-01-18 02:52:00+00:00,1.0010743197028151,-0.0
2026-01-18 02:53:00+00:00,1.0010743197028151,-0.0
2026-01-18 02:54:00+00:00,1.0010743197028151,-0.0
2026-01-18 02:55:00+00:00,1.0010743197028151,0.0
2026-01-18 02:56:00+00:00,1.0010743197028151,-0.0
2026-01-18 02:57:00+00:00,1.0010743197028151,0.0
2026-01-18 02:58:00+00:00,1.0010743197028151,-0.0
2026-01-18 02:59:00+00:00,1.0010743197028151,-0.0
2026-01-18 03:00:00+00:00,1.0010743197028151,0.0
2026-01-18 03:01:00+00:00,1.0010743197028151,0.0
2026-01-18 03:02:00+00:00,1.0010743197028151,-0.0
2026-01-18 03:03:00+00:00,1.0010743197028151,0.0
2026-01-18 03:04:00+00:00,1.0010743197028151,0.0
2026-01-18 03:05:00+00:00,1.0010743197028151,-0.0
2026-01-18 03:06:00+00:00,1.0010743197028151,-0.0
2026-01-18 03:07:00+00:00,1.0010743197028151,0.0
2026-01-18 03:08:00+00:00,1.0010743197028151,0.0
2026-01-18 03:09:00+00:00,1.0010743197028151,0.0
