timestamp,equity,pnl
2026-01-14 06:28:00+00:00,1.0,0.0
2026-01-14 06:29:00+00:00,1.0,0.0
2026-01-14 06:30:00+00:00,1.0,-0.0
2026-01-14 06:31:00+00:00,1.0,-0.0
2026-01-14 06:32:00+00:00,1.0,-0.0
2026-01-14 06:33:00+00:00,1.0,-0.0
2026-01-14 06:34:00+00:00,1.0,-0.0
2026-01-14 06:35:00+00:00,1.0,-0.0
2026-01-14 06:36:00+00:00,1.0,0.0
2026-01-14 06:37:00+00:00,1.0,0.0
2026-01-14 06:38:00+00:00,1.0,0.0
2026-01-14 06:39:00+00:00,1.0,-0.0
2026-01-14 06:40:00+00:00,1.0,0.0
2026-01-14 06:41:00+00:00,1.0,-0.0
2026-01-14 06:42:00+00:00,1.0,0.0
2026-01-14 06:43:00+00:00,1.0,0.0
2026-01-14 06:44:00+00:00,1.0,-0.0
2026-01-14 06:45:00+00:00,1.0,0.0
2026-01-14 06:46:00+00:00,1.0,0.0
2026-01-14 06:47:00+00:00,1.0,0.0
2026-01-14 06:48:00+00:00,1.0,-0.0
2026-01-14 06:49:00+00:00,1.0,-0.0
2026-01-14 06:50:00+00:00,1.0,0.0
2026-01-14 06:51:00+00:00,1.0,-0.0
2026-01-14 06:52:00+00:00,1.0,0.0
2026-01-14 06:53:00+00:00,1.0,0.0
2026-01-14 06:54:00+00:00,1.0,-0.0
2026-01-14 06:55:00+00:00,1.0,0.0
2026-01-14 06:56:00+00:00,1.0,0.0
2026-01-14 06:57:00+00:00,1.0,-0.0
2026-01-14 06:58:00+00:00,1.0,0.0
2026-01-14 06:59:00+00:00,1.0,-0.0
2026-01-14 07:00:00+00:00,1.0,-0.0
2026-01-14 07:01:00+00:00,1.0,-0.0
2026-01-14 07:02:00+00:00,1.0,-0.0
2026-01-14 07:03:00+00:00,1.0,-0.0
2026-01-14 07:04:00+00:00,1.0,0.0
2026-01-14 07:05:00+00:00,1.0,0.0
2026-01-14 07:06:00+00:00,1.0,0.0
2026-01-14 07:07:00+00:00,1.0,0.0
2026-01-14 07:08:00+00:00,1.0,0.0
2026-01-14 07:09:00+00:00,1.0,0.0
2026-01-14 07:10:00+00:00,1.0,-0.0
2026-01-14 07:11:00+00:00,1.0,0.0
2026-01-14 07:12:00+00:00,1.0,-0.0
2026-01-14 07:13:00+00:00,1.0,0.0
2026-01-14 07:14:00+00:00,1.0,-0.0
2026-01-14 07:15:00+00:00,1.0,0.0
2026-01-14 07:16:00+00:00,1.0,0.0
2026-01-14 07:17:00+00:00,1.0,-0.0
2026-01-14 07:18:00+00:00,1.0,-0.0
2026-01-14 07:19:00+00:00,1.0,0.0
2026-01-14 07:20:00+00:00,1.0,-0.0
2026-01-14 07:21:00+00:00,1.0,0.0
2026-01-14 07:22:00+00:00,1.0,-0.0
2026-01-14 07:23:00+00:00,1.0,0.0
2026-01-14 07:24:00+00:00,1.0,0.0
2026-01-14 07:25:00+00:00,1.0,-0.0
2026-01-14 07:26:00+00:00,1.0,-0.0
2026-01-14 07:27:00+00:00,1.0,-0.0
2026-01-14 07:28:00+00:00,1.0,-0.0
2026-01-14 07:29:00+00:00,1.0,0.0
2026-01-14 07:30:00+00:00,1.0,-0.0
2026-01-14 07:31:00+00:00,1.0,-0.0
2026-01-14 07:32:00+00:00,1.0,0.0
2026-01-14 07:33:00+00:00,1.0,0.0
2026-01-14 07:34:00+00:00,1.0,0.0
2026-01-14 07:35:00+00:00,1.0,-0.0
2026-01-14 07:36:00+00:00,1.0,0.0
2026-01-14 07:37:00+00:00,1.0,-0.0
2026-01-14 07:38:00+00:00,1.0,-0.0
2026-01-14 07:39:00+00:00,1.0,-0.0
2026-01-14 07:40:00+00:00,1.0,-0.0
2026-01-14 07:41:00+00:00,1.0,0.0
2026-01-14 07:42:00+00:00,1.0,0.0
2026-01-14 07:43:00+00:00,1.0,0.0
2026-01-14 07:44:00+00:00,1.0,-0.0
2026-01-14 07:45:00+00:00,1.0,0.0
2026-01-14 07:46:00+00:00,1.0,0.0
2026-01-14 07:47:00+00:00,1.0,0.0
2026-01-14 07:48:00+00:00,1.0,0.0
2026-01-14 07:49:00+00:00,1.0,0.0
2026-01-14 07:50:00+00:00,1.0,-0.0
2026-01-14 07:51:00+00:00,1.0,-0.0
2026-01-14 07:52:00+00:00,1.0,0.0
2026-01-14 07:53:00+00:00,1.0,0.0
2026-01-14 07:54:00+00:00,1.0,0.0
2026-01-14 07:55:00+00:00,1.0,-0.0
2026-01-14 07:56:00+00:00,1.0,-0.0
2026-01-14 07:57:00+00:00,1.0,0.0
2026-01-14 07:58:00+00:00,1.0,-0.0
2026-01-14 07:59:00+00:00,1.0,-0.0
2026-01-14 08:00:00+00:00,1.0,0.0
2026-01-14 08:01:00+00:00,1.0,-0.0
2026-01-14 08:02:00+00:00,1.0,0.0
2026-01-14 08:03:00+00:00,1.0,0.0
2026-01-14 08:04:00+00:00,1.0,-0.0
2026-01-14 08:05:00+00:00,1.0,-0.0
2026-01-14 08:06:00+00:00,1.0,0.0
2026-01-14 08:07:00+00:00,1.0,0.0
2026-01-14 08:08:00+00:00,1.0,-0.0
2026-01-14 08:09:00+00:00,1.0,-0.0
2026-01-14 08:10:00+00:00,1.0,0.0
2026-01-14 08:11:00+00:00,1.0,-0.0
2026-01-14 08:12:00+00:00,1.0,0.0
2026-01-14 08:13:00+00:00,1.0,0.0
2026-01-14 08:14:00+00:00,1.0,0.0
2026-01-14 08:15:00+00:00,1.0,-0.0
2026-01-14 08:16:00+00:00,1.0,0.0
2026-01-14 08:17:00+00:00,1.0,-0.0
2026-01-14 08:18:00+00:00,1.0,-0.0
2026-01-14 08:19:00+00:00,1.0,-0.0
2026-01-14 08:20:00+00:00,1.0,0.0
2026-01-14 08:21:00+00:00,1.0,0.0
2026-01-14 08:22:00+00:00,1.0,-0.0
2026-01-14 08:23:00+00:00,1.0,0.0
2026-01-14 08:24:00+00:00,1.0,-0.0
2026-01-14 08:25:00+00:00,1.0,-0.0
2026-01-14 08:26:00+00:00,1.0,-0.0
2026-01-14 08:27:00+00:00,1.0,-0.0
2026-01-14 08:28:00+00:00,1.0,-0.0
2026-01-14 08:29:00+00:00,1.0,0.0
2026-01-14 08:30:00+00:00,1.0,-0.0
2026-01-14 08:31:00+00:00,1.0,0.0
2026-01-14 08:32:00+00:00,1.0,0.0
2026-01-14 08:33:00+00:00,1.0,-0.0
2026-01-14 08:34:00+00:00,1.0,0.0
2026-01-14 08:35:00+00:00,1.0,0.0
2026-01-14 08:36:00+00:00,1.0,-0.0
2026-01-14 08:37:00+00:00,1.0,-0.0
2026-01-14 08:38:00+00:00,1.0,0.0
2026-01-14 08:39:00+00:00,1.0,0.0
2026-01-14 08:40:00+00:00,1.0,-0.0
2026-01-14 08:41:00+00:00,1.0,0.0
2026-01-14 08:42:00+00:00,1.0,-0.0
2026-01-14 08:43:00+00:00,1.0,-0.0
2026-01-14 08:44:00+00:00,1.0,0.0
2026-01-14 08:45:00+00:00,1.0,0.0
2026-01-14 08:46:00+00:00,1.0,0.0
2026-01-14 08:47:00+00:00,1.0,-0.0
2026-01-14 08:48:00+00:00,1.0,-0.0
2026-01-14 08:49:00+00:00,1.0,-0.0
2026-01-14 08:50:00+00:00,1.0,-0.0
2026-01-14 08:51:00+00:00,1.0,0.0
2026-01-14 08:52:00+00:00,1.0,-0.0
2026-01-14 08:53:00+00:00,1.0,0.0
2026-01-14 08:54:00+00:00,1.0,-0.0
2026-01-14 08:55:00+00:00,1.0,0.0
2026-01-14 08:56:00+00:00,1.0,-0.0
2026-01-14 08:57:00+00:00,1.0,0.0
2026-01-14 08:58:00+00:00,1.0,-0.0
2026-01-14 08:59:00+00:00,1.0,0.0
2026-01-14 09:00:00+00:00,1.0,0.0
2026-01-14 09:01:00+00:00,1.0,0.0
2026-01-14 09:02:00+00:00,1.0,-0.0
2026-01-14 09:03:00+00:00,1.0,-0.0
2026-01-14 09:04:00+00:00,1.0,-0.0
2026-01-14 09:05:00+00:00,1.0,0.0
2026-01-14 09:06:00+00:00,1.0,0.0
2026-01-14 09:07:00+00:00,1.0,-0.0
2026-01-14 09:08:00+00:00,1.0,0.0
2026-01-14 09:09:00+00:00,1.0,0.0
2026-01-14 09:10:00+00:00,1.0,0.0
2026-01-14 09:11:00+00:00,1.0,-0.0
2026-01-14 09:12:00+00:00,1.0,-0.0
2026-01-14 09:13:00+00:00,1.0,0.0
2026-01-14 09:14:00+00:00,1.0,0.0
2026-01-14 09:15:00+00:00,1.0,0.0
2026-01-14 09:16:00+00:00,1.0,0.0
2026-01-14 09:17:00+00:00,1.0,-0.0
2026-01-14 09:18:00+00:00,1.0,0.0
2026-01-14 09:19:00+00:00,1.0,0.0
2026-01-14 09:20:00+00:00,1.0,-0.0
2026-01-14 09:21:00+00:00,1.0,-0.0
2026-01-14 09:22:00+00:00,1.0,0.0
2026-01-14 09:23:00+00:00,1.0,-0.0
2026-01-14 09:24:00+00:00,1.0,0.0
2026-01-14 09:25:00+00:00,1.0,-0.0
2026-01-14 09:26:00+00:00,1.0,-0.0
2026-01-14 09:27:00+00:00,1.0,-0.0
2026-01-14 09:28:00+00:00,1.0,-0.0
2026-01-14 09:29:00+00:00,1.0,0.0
2026-01-14 09:30:00+00:00,1.0,-0.0
2026-01-14 09:31:00+00:00,1.0,-0.0
2026-01-14 09:32:00+00:00,1.0,0.0
2026-01-14 09:33:00+00:00,1.0,0.0
2026-01-14 09:34:00+00:00,1.0,0.0
2026-01-14 09:35:00+00:00,1.0,-0.0
2026-01-14 09:36:00+00:00,1.0,-0.0
2026-01-14 09:37:00+00:00,1.0,-0.0
2026-01-14 09:38:00+00:00,1.0,-0.0
2026-01-14 09:39:00+00:00,1.0,0.0
2026-01-14 09:40:00+00:00,1.0,-0.0
2026-01-14 09:41:00+00:00,1.0,0.0
2026-01-14 09:42:00+00:00,1.0,-0.0
2026-01-14 09:43:00+00:00,1.0,0.0
2026-01-14 09:44:00+00:00,1.0,-0.0
2026-01-14 09:45:00+00:00,1.0,0.0
2026-01-14 09:46:00+00:00,1.0,0.0
2026-01-14 09:47:00+00:00,1.0,-0.0
2026-01-14 09:48:00+00:00,1.0,0.0
2026-01-14 09:49:00+00:00,1.0,0.0
2026-01-14 09:50:00+00:00,1.0,-0.0
2026-01-14 09:51:00+00:00,1.0,-0.0
2026-01-14 09:52:00+00:00,1.0,-0.0
2026-01-14 09:53:00+00:00,1.0,0.0
2026-01-14 09:54:00+00:00,1.0,-0.0
2026-01-14 09:55:00+00:00,1.0,0.0
2026-01-14 09:56:00+00:00,1.0,-0.0
2026-01-14 09:57:00+00:00,1.0,0.0
2026-01-14 09:58:00+00:00,1.0,0.0
2026-01-14 09:59:00+00:00,1.0,-0.0
2026-01-14 10:00:00+00:00,1.0,0.0
2026-01-14 10:01:00+00:00,1.0,0.0
2026-01-14 10:02:00+00:00,1.0,-0.0
2026-01-14 10:03:00+00:00,1.0,0.0
2026-01-14 10:04:00+00:00,1.0,-0.0
2026-01-14 10:05:00+00:00,1.0,-0.0
2026-01-14 10:06:00+00:00,1.0,0.0
2026-01-14 10:07:00+00:00,1.0,0.0
2026-01-14 10:08:00+00:00,1.0,0.0
2026-01-14 10:09:00+00:00,1.0,-0.0
2026-01-14 10:10:00+00:00,1.0,0.0
2026-01-14 10:11:00+00:00,1.0,0.0
2026-01-14 10:12:00+00:00,1.0,-0.0
2026-01-14 10:13:00+00:00,1.0,-0.0
2026-01-14 10:14:00+00:00,1.0,0.0
2026-01-14 10:15:00+00:00,1.0,0.0
2026-01-14 10:16:00+00:00,1.0,0.0
2026-01-14 10:17:00+00:00,1.0,0.0
2026-01-14 10:18:00+00:00,1.0,-0.0
2026-01-14 10:19:00+00:00,1.0,-0.0
2026-01-14 10:20:00+00:00,1.0,0.0
2026-01-14 10:21:00+00:00,1.0,0.0
2026-01-14 10:22:00+00:00,1.0,0.0
2026-01-14 10:23:00+00:00,1.0,-0.0
2026-01-14 10:24:00+00:00,1.0,-0.0
2026-01-14 10:25:00+00:00,1.0,-0.0
2026-01-14 10:26:00+00:00,1.0,0.0
2026-01-14 10:27:00+00:00,1.0,0.0
2026-01-14 10:28:00+00:00,1.0,0.0
2026-01-14 10:29:00+00:00,1.0,0.0
2026-01-14 10:30:00+00:00,1.0,0.0
2026-01-14 10:31:00+00:00,0.9999749027134284,-2.509728657166671e-05
2026-01-14 10:32:00+00:00,0.9999560343508019,-1.8868836183083e-05
2026-01-14 10:33:00+00:00,0.9999821039445025,2.6070739917658332e-05
2026-01-14 10:34:00+00:00,0.9999837121765648,1.6082608439018058e-06
2026-01-14 10:35:00+00:00,0.999990657210896,6.945147452543339e-06
2026-01-14 10:36:00+00:00,0.999991565232208,9.080297955746364e-07
2026-01-14 10:37:00+00:00,0.9999797549341497,-1.1810397676245584e-05
2026-01-14 10:38:00+00:00,0.9999731523629557,-6.602704866210129e-06
2026-01-14 10:39:00+00:00,0.9999470273024105,-2.6125761960151385e-05
2026-01-14 10:40:00+00:00,0.9999229599738664,-2.4068603522991586e-05
2026-01-14 10:41:00+00:00,0.9999332998514288,1.0340674208304178e-05
2026-01-14 10:42:00+00:00,0.9999629107480839,2.9612871838016684e-05
2026-01-14 10:43:00+00:00,0.9999665402811411,3.6296676788985952e-06
2026-01-14 10:44:00+00:00,0.9999488344381148,-1.770643547855282e-05
2026-01-14 10:45:00+00:00,0.9999479179693972,-9.165156115873552e-07
2026-01-14 10:46:00+00:00,0.9999516473672629,3.7295921103815784e-06
2026-01-14 10:47:00+00:00,0.9999513370260238,-3.103562456593179e-07
2026-01-14 10:48:00+00:00,0.999950807836234,-5.292155428897708e-07
2026-01-14 10:49:00+00:00,0.9999592973247287,8.489906131382518e-06
2026-01-14 10:50:00+00:00,0.9999578632788927,-1.4341042078493664e-06
2026-01-14 10:51:00+00:00,0.9999595807583574,1.7175518367077567e-06
2026-01-14 10:52:00+00:00,0.9999467776644336,-1.2803611436110995e-05
2026-01-14 10:53:00+00:00,0.9999410866767389,-5.691290598612211e-06
2026-01-14 10:54:00+00:00,0.9999614548476977,2.0369370986072904e-05
2026-01-14 10:55:00+00:00,0.9999567614676556,-4.693560956275906e-06
2026-01-14 10:56:00+00:00,0.9999571367477088,3.7529628052266034e-07
2026-01-14 10:57:00+00:00,0.9999681103159948,1.0974038668854557e-05
2026-01-14 10:58:00+00:00,0.9999635359448499,-4.574517024687395e-06
2026-01-14 10:59:00+00:00,0.9999765132726443,1.2977801017718324e-05
2026-01-14 11:00:00+00:00,0.9999591276022334,-1.7386078753028447e-05
2026-01-14 11:01:00+00:00,0.9999724311093265,1.3304050861569671e-05
2026-01-14 11:02:00+00:00,0.9999870736296931,1.464292405583861e-05
2026-01-14 11:03:00+00:00,0.9999869257063773,-1.479252279130578e-07
2026-01-14 11:04:00+00:00,0.9999834588365072,-3.4669151976188683e-06
2026-01-14 11:05:00+00:00,0.9999754286769362,-8.030292401425175e-06
2026-01-14 11:06:00+00:00,0.9999695927465356,-5.8360738006347866e-06
2026-01-14 11:07:00+00:00,0.999983402913659,1.3810587065182178e-05
2026-01-14 11:08:00+00:00,0.9999875893781064,4.186533931735379e-06
2026-01-14 11:09:00+00:00,0.9999787979595424,-8.791527672350987e-06
2026-01-14 11:10:00+00:00,0.9999481124938645,-3.068611628604141e-05
2026-01-14 11:11:00+00:00,0.9999722426765918,2.413143484721817e-05
2026-01-14 11:12:00+00:00,0.9999614076779594,-1.0835299391236092e-05
2026-01-14 11:13:00+00:00,0.9999557017602247,-5.7061379476495786e-06
2026-01-14 11:14:00+00:00,0.9999695109871531,1.3809838679878818e-05
2026-01-14 11:15:00+00:00,0.9999874962225382,1.7985783753899825e-05
2026-01-14 11:16:00+00:00,0.9999898643644116,2.368171484438274e-06
2026-01-14 11:17:00+00:00,0.9999936477050103,3.7833789457560974e-06
2026-01-14 11:18:00+00:00,0.9999576836430981,-3.596429036801725e-05
2026-01-14 11:19:00+00:00,0.9999793274325,2.164470532700784e-05
2026-01-14 11:20:00+00:00,0.9999707285238535,-8.5990864116842e-06
2026-01-14 11:21:00+00:00,0.9999341798792498,-3.6549714467751744e-05
2026-01-14 11:22:00+00:00,0.9999507725559342,1.6593768888392397e-05
2026-01-14 11:23:00+00:00,0.9999522396648224,1.4671811137981938e-06
2026-01-14 11:24:00+00:00,0.9999434237213157,-8.816364579165377e-06
2026-01-14 11:25:00+00:00,0.9999595101563469,1.6087345193322298e-05
2026-01-14 11:26:00+00:00,0.9999589189073965,-5.912728909240791e-07
2026-01-14 11:27:00+00:00,0.9999530473092362,-5.871839381928223e-06
2026-01-14 11:28:00+00:00,0.9999491293661288,-3.918127074049115e-06
2026-01-14 11:29:00+00:00,0.9999438272167985,-5.302419067762313e-06
2026-01-14 11:30:00+00:00,0.9999592797172895,1.5453368549703352e-05
2026-01-14 11:31:00+00:00,0.9999571252607238,-2.1545442992641097e-06
2026-01-14 11:32:00+00:00,0.9999486574549313,-8.468168863041759e-06
2026-01-14 11:33:00+00:00,0.9999324840031996,-1.6174282160565327e-05
2026-01-14 11:34:00+00:00,0.9999262495136054,-6.234910550321729e-06
2026-01-14 11:35:00+00:00,0.9999356246290435,9.375806908355125e-06
2026-01-14 11:36:00+00:00,0.9999343670486033,-1.2576614027069955e-06
2026-01-14 11:37:00+00:00,0.9999403543887404,5.987733129750344e-06
2026-01-14 11:38:00+00:00,0.9999477876716301,7.433726278712796e-06
2026-01-14 11:39:00+00:00,0.9999317133837161,-1.6075127233754885e-05
2026-01-14 11:40:00+00:00,0.9999334224339997,1.7091669968532097e-06
2026-01-14 11:41:00+00:00,0.9999241151142614,-9.30793943833469e-06
2026-01-14 11:42:00+00:00,0.999937404257347,1.3290151607280727e-05
2026-01-14 11:43:00+00:00,0.9999341344073501,-3.270054688381604e-06
2026-01-14 11:44:00+00:00,0.9999503608986914,1.622756017920855e-05
2026-01-14 11:45:00+00:00,0.9999461091712499,-4.251938503803825e-06
2026-01-14 11:46:00+00:00,0.9999699636569932,2.3855771350577006e-05
2026-01-14 11:47:00+00:00,0.9999453343088969,-2.463008789412123e-05
2026-01-14 11:48:00+00:00,0.9999757073551848,3.037470674226131e-05
2026-01-14 11:49:00+00:00,0.9999739507777035,-1.7566201543376766e-06
2026-01-14 11:50:00+00:00,1.0000030421293622,2.9092109485557863e-05
2026-01-14 11:51:00+00:00,1.0000092125358624,6.170387728983897e-06
2026-01-14 11:52:00+00:00,0.999999351367178,-9.861077838894138e-06
2026-01-14 11:53:00+00:00,0.9999982343664948,-1.1170014077304719e-06
2026-01-14 11:54:00+00:00,1.0000091639823203,1.0929635123183302e-05
2026-01-14 11:55:00+00:00,1.0000167350548796,7.571003178823091e-06
2026-01-14 11:56:00+00:00,1.0000014696814115,-1.5265118005564217e-05
2026-01-14 11:57:00+00:00,1.0000018668250747,3.971430794369759e-07
2026-01-14 11:58:00+00:00,1.0000155472236427,1.3680373029148797e-05
2026-01-14 11:59:00+00:00,1.0000023989734739,-1.3148045753187746e-05
2026-01-14 12:00:00+00:00,1.000001276971307,-1.1219994753057979e-06
2026-01-14 12:01:00+00:00,1.0000243216056641,2.304460492992628e-05
2026-01-14 12:02:00+00:00,1.0000115006594041,-1.282063444168224e-05
2026-01-14 12:03:00+00:00,1.0000155795518466,4.07884553313752e-06
2026-01-14 12:04:00+00:00,0.9999846159159972,-3.0963153457444744e-05
2026-01-14 12:05:00+00:00,0.9999952133664487,1.0597613486030711e-05
2026-01-14 12:06:00+00:00,0.9999806538024123,-1.4559633728006037e-05
2026-01-14 12:07:00+00:00,0.9999661100263919,-1.454405739264481e-05
2026-01-14 12:08:00+00:00,0.9999663811735789,2.711563763742542e-07
2026-01-14 12:09:00+00:00,0.9999641239953346,-2.2572541304822318e-06
2026-01-14 12:10:00+00:00,0.9999678545129789,3.730651485086267e-06
2026-01-14 12:11:00+00:00,0.9999498846513676,-1.7970439279810897e-05
2026-01-14 12:12:00+00:00,0.9999529305323328,3.0460336182334998e-06
2026-01-14 12:13:00+00:00,0.9999363499807327,-1.6581332074593453e-05
2026-01-14 12:14:00+00:00,0.9999373084443145,9.585245919342405e-07
2026-01-14 12:15:00+00:00,0.9999413009744802,3.9927804793732156e-06
2026-01-14 12:16:00+00:00,0.9999402226796298,-1.078358149045695e-06
2026-01-14 12:17:00+00:00,0.9999475524843129,7.330242865277505e-06
2026-01-14 12:18:00+00:00,0.9999415385776612,-6.01422208264044e-06
2026-01-14 12:19:00+00:00,0.9999382318947411,-3.3068762448200315e-06
2026-01-14 12:20:00+00:00,0.999932971497054,-5.2607226319208814e-06
2026-01-14 12:21:00+00:00,0.9999180076787639,-1.4964821359674615e-05
2026-01-14 12:22:00+00:00,0.9999242487374165,6.24157041338741e-06
2026-01-14 12:23:00+00:00,0.9999165783087708,-7.671009734317681e-06
2026-01-14 12:24:00+00:00,0.9998902862452594,-2.6294257022665005e-05
2026-01-14 12:25:00+00:00,0.9999021961025013,1.191116406030083e-05
2026-01-14 12:26:00+00:00,0.9999085193017976,6.323817790279031e-06
2026-01-14 12:27:00+00:00,0.9999029288884792,-5.590924780007924e-06
2026-01-14 12:28:00+00:00,0.9999089288805654,6.000574568457456e-06
2026-01-14 12:29:00+00:00,0.9999117784804331,2.8498594076649626e-06
2026-01-14 12:30:00+00:00,0.9998790320133228,-3.274935630822975e-05
2026-01-14 12:31:00+00:00,0.9998950138570042,1.5983777206780453e-05
2026-01-14 12:32:00+00:00,0.9999050282212368,1.0015415712559345e-05
2026-01-14 12:33:00+00:00,0.9998872958874813,-1.773401798677837e-05
2026-01-14 12:34:00+00:00,0.9998807946127103,-6.50200757397418e-06
2026-01-14 12:35:00+00:00,0.9998806950068472,-9.961773809592364e-08
2026-01-14 12:36:00+00:00,0.9998825119714346,1.8171813862818305e-06
2026-01-14 12:37:00+00:00,0.9998827903742504,2.7843552871715424e-07
2026-01-14 12:38:00+00:00,0.9998947723152397,1.1983345552842268e-05
2026-01-14 12:39:00+00:00,0.9998801686188012,-1.4605233313278897e-05
2026-01-14 12:40:00+00:00,0.9998917178791784,1.1550644506917102e-05
2026-01-14 12:41:00+00:00,0.9999042948887966,1.2578371630986205e-05
2026-01-14 12:42:00+00:00,0.999930854387863,2.6562041189479508e-05
2026-01-14 12:43:00+00:00,0.9999332457362713,2.3915137709581853e-06
2026-01-14 12:44:00+00:00,0.9999284646779861,-4.781377462486502e-06
2026-01-14 12:45:00+00:00,0.9999215441179372,-6.921055148854271e-06
2026-01-14 12:46:00+00:00,0.9999170866840351,-4.457783641429608e-06
2026-01-14 12:47:00+00:00,0.9999176236763264,5.370368187276387e-07
2026-01-14 12:48:00+00:00,0.9999358362544144,1.8214078496683622e-05
2026-01-14 12:49:00+00:00,0.9999280276783908,-7.809077083193867e-06
2026-01-14 12:50:00+00:00,0.9999229099762557,-5.11807049464672e-06
2026-01-14 12:51:00+00:00,0.9999276824035576,4.7727952367609095e-06
2026-01-14 12:52:00+00:00,0.9999382401656097,1.055852561931943e-05
2026-01-14 12:53:00+00:00,0.9999373207043764,-9.195180225681715e-07
2026-01-14 12:54:00+00:00,0.9999181310200455,-1.9190887202140053e-05
2026-01-14 12:55:00+00:00,0.9999293842998656,1.1254201190019244e-05
2026-01-14 12:56:00+00:00,0.999925940334665,-3.4442084158518684e-06
2026-01-14 12:57:00+00:00,0.9999254152239864,-5.251495710634233e-07
2026-01-14 12:58:00+00:00,0.999925745366868,3.3016750712465255e-07
2026-01-14 12:59:00+00:00,0.999925277835843,-4.6756574391491487e-07
2026-01-14 13:00:00+00:00,0.9999185026120434,-6.7757300968106335e-06
2026-01-14 13:01:00+00:00,0.9999382565417853,1.975553976672694e-05
2026-01-14 13:02:00+00:00,0.9999389886952305,7.321986538026963e-07
2026-01-14 13:03:00+00:00,0.9999533224395251,1.4334618868368522e-05
2026-01-14 13:04:00+00:00,0.9999708558754478,1.75342543789696e-05
2026-01-14 13:05:00+00:00,0.9999782489194954,7.393259517725164e-06
2026-01-14 13:06:00+00:00,0.9999471674879065,-3.108210765829771e-05
2026-01-14 13:07:00+00:00,0.999934125954146,-1.3042222813888323e-05
2026-01-14 13:08:00+00:00,0.9999429853243729,8.859953867914735e-06
2026-01-14 13:09:00+00:00,0.9999422023220577,-7.830469603666614e-07
2026-01-14 13:10:00+00:00,0.9999412066421184,-9.957374905346973e-07
2026-01-14 13:11:00+00:00,0.9999651783796939,2.3973147037365464e-05
2026-01-14 13:12:00+00:00,0.9999421973539852,-2.2981825973122698e-05
2026-01-14 13:13:00+00:00,0.9999620578440068,1.9861638076798428e-05
2026-01-14 13:14:00+00:00,0.9999628242582334,7.664433071463806e-07
2026-01-14 13:15:00+00:00,0.9999783304144183,1.5506732659179447e-05
2026-01-14 13:16:00+00:00,0.9999746579072262,-3.6725867756100003e-06
2026-01-14 13:17:00+00:00,0.9999477970872738,-2.6861500679091793e-05
2026-01-14 13:18:00+00:00,0.9999649463746374,1.7150182653134117e-05
2026-01-14 13:19:00+00:00,0.9999559596500629,-8.98703960280346e-06
2026-01-14 13:20:00+00:00,0.9999471850152261,-8.775021291792934e-06
2026-01-14 13:21:00+00:00,0.9998967597495153,-5.0427929061096064e-05
2026-01-14 13:22:00+00:00,0.99989896251682,2.202994742375545e-06
2026-01-14 13:23:00+00:00,0.999891190433972,-7.772868198936949e-06
2026-01-14 13:24:00+00:00,0.9998888533252436,-2.337363055832743e-06
2026-01-14 13:25:00+00:00,0.9999073203082262,1.8469035754622172e-05
2026-01-14 13:26:00+00:00,0.9998960922576112,-1.1229091323670735e-05
2026-01-14 13:27:00+00:00,0.9998843771605053,-1.1716314521816788e-05
2026-01-14 13:28:00+00:00,0.9998970014069546,1.262570626941946e-05
2026-01-14 13:29:00+00:00,0.9999079859846679,1.0985709225809827e-05
2026-01-14 13:30:00+00:00,0.9999328892813588,2.4905588354173113e-05
2026-01-14 13:31:00+00:00,0.9999223759063757,-1.0514080590656147e-05
2026-01-14 13:32:00+00:00,0.9999289197801458,6.544381771842348e-06
2026-01-14 13:33:00+00:00,0.9999533611126877,2.4443069960701254e-05
2026-01-14 13:34:00+00:00,0.9999518434751316,-1.5177083404823703e-06
2026-01-14 13:35:00+00:00,0.999947940054252,-3.903608863667438e-06
2026-01-14 13:36:00+00:00,0.9999292388243408,-1.8702203546923655e-05
2026-01-14 13:37:00+00:00,0.9999350661420612,5.827730097417412e-06
2026-01-14 13:38:00+00:00,0.9999474766589334,1.241132278725023e-05
2026-01-14 13:39:00+00:00,0.9999459752758191,-1.5014619760803318e-06
2026-01-14 13:40:00+00:00,0.9999326739921512,-1.3302002304870698e-05
2026-01-14 13:41:00+00:00,0.9999586877948279,2.6015554199989635e-05
2026-01-14 13:42:00+00:00,0.9999528765120461,-5.811522868658467e-06
2026-01-14 13:43:00+00:00,0.9999256627118759,-2.7215082639798965e-05
2026-01-14 13:44:00+00:00,0.9999642480214411,3.858817810570654e-05
2026-01-14 13:45:00+00:00,0.9999536036480593,-1.0644753952805782e-05
2026-01-14 13:46:00+00:00,0.9999725928395676,1.899007257838533e-05
2026-01-14 13:47:00+00:00,0.9999770814987377,4.488782194905677e-06
2026-01-14 13:48:00+00:00,0.9999950894481581,1.8008362145114635e-05
2026-01-14 13:49:00+00:00,0.9999864448694118,-8.644621196110073e-06
2026-01-14 13:50:00+00:00,1.0000214269934655,3.49825982476318e-05
2026-01-14 13:51:00+00:00,1.0000043715073486,-1.7055120677107106e-05
2026-01-14 13:52:00+00:00,1.0000043715073486,-0.0
2026-01-14 13:53:00+00:00,1.0000043715073486,0.0
2026-01-14 13:54:00+00:00,1.0000043715073486,-0.0
2026-01-14 13:55:00+00:00,1.0000043715073486,0.0
2026-01-14 13:56:00+00:00,1.0000043715073486,0.0
2026-01-14 13:57:00+00:00,1.0000043715073486,0.0
2026-01-14 13:58:00+00:00,1.0000043715073486,0.0
2026-01-14 13:59:00+00:00,1.0000043715073486,-0.0
2026-01-14 14:00:00+00:00,1.0000043715073486,0.0
2026-01-14 14:01:00+00:00,1.0000043715073486,-0.0
2026-01-14 14:02:00+00:00,1.0000043715073486,0.0
2026-01-14 14:03:00+00:00,1.0000043715073486,0.0
2026-01-14 14:04:00+00:00,1.0000043715073486,0.0
2026-01-14 14:05:00+00:00,1.0000043715073486,0.0
2026-01-14 14:06:00+00:00,1.0000043715073486,-0.0
2026-01-14 14:07:00+00:00,1.0000043715073486,0.0
2026-01-14 14:08:00+00:00,1.0000043715073486,0.0
2026-01-14 14:09:00+00:00,1.0000043715073486,-0.0
2026-01-14 14:10:00+00:00,1.0000043715073486,0.0
2026-01-14 14:11:00+00:00,1.0000043715073486,0.0
2026-01-14 14:12:00+00:00,1.0000043715073486,0.0
2026-01-14 14:13:00+00:00,1.0000043715073486,-0.0
2026-01-14 14:14:00+00:00,1.0000043715073486,0.0
2026-01-14 14:15:00+00:00,1.0000043715073486,0.0
2026-01-14 14:16:00+00:00,1.0000043715073486,0.0
2026-01-14 14:17:00+00:00,1.0000043715073486,0.0
2026-01-14 14:18:00+00:00,1.0000043715073486,-0.0
2026-01-14 14:19:00+00:00,1.0000043715073486,0.0
2026-01-14 14:20:00+00:00,1.0000043715073486,0.0
2026-01-14 14:21:00+00:00,0.9999807717821496,-2.3599622033008668e-05
2026-01-14 14:22:00+00:00,0.9999959942212343,1.522273179059595e-05
2026-01-14 14:23:00+00:00,0.999986138560535,-9.855700179043247e-06
2026-01-14 14:24:00+00:00,0.9999665172676995,-1.962156481858873e-05
2026-01-14 14:25:00+00:00,0.999989000013225,2.2483498334546552e-05
2026-01-14 14:26:00+00:00,1.0000434026979248,5.4403283135151305e-05
2026-01-14 14:27:00+00:00,1.000016427147586,-2.697437957803011e-05
2026-01-14 14:28:00+00:00,1.0000202955413253,3.8683301936379696e-06
2026-01-14 14:29:00+00:00,1.0000308957551518,1.0599998693669334e-05
2026-01-14 14:30:00+00:00,1.0000093118951943,-2.1583193128404335e-05
2026-01-14 14:31:00+00:00,1.0000766854692338,6.737294666984023e-05
2026-01-14 14:32:00+00:00,1.0001055070534974,2.8819374236376466e-05
2026-01-14 14:33:00+00:00,1.0000606950091415,-4.480731686781246e-05
2026-01-14 14:34:00+00:00,1.0000746592145306,1.3963357883082527e-05
2026-01-14 14:35:00+00:00,1.0001112085911088,3.654664803416207e-05
2026-01-14 14:36:00+00:00,1.0000969966961102,-1.4210314689570229e-05
2026-01-14 14:37:00+00:00,1.0000270314970778,-6.995841329736657e-05
2026-01-14 14:38:00+00:00,0.9999605936548099,-6.643604640211957e-05
2026-01-14 14:39:00+00:00,0.9999442704993504,-1.6323798720730085e-05
2026-01-14 14:40:00+00:00,0.9999403836934119,-3.887022560427892e-06
2026-01-14 14:41:00+00:00,0.9999511163607603,1.0733307228452328e-05
2026-01-14 14:42:00+00:00,0.9998912429449389,-5.987634279486589e-05
2026-01-14 14:43:00+00:00,0.9998981751734078,6.932982479565053e-06
2026-01-14 14:44:00+00:00,0.9999342289838312,3.6057481970137104e-05
2026-01-14 14:45:00+00:00,0.9998994391821044,-3.479209003790238e-05
2026-01-14 14:46:00+00:00,0.9997482489342857,-0.00015120545316282463
2026-01-14 14:47:00+00:00,0.9997388479853163,-9.40331626436504e-06
2026-01-14 14:48:00+00:00,0.9996303500456022,-0.00010852628157116748
2026-01-14 14:49:00+00:00,0.9996379034810605,7.556228618006134e-06
2026-01-14 14:50:00+00:00,0.9996826415256854,4.475424998298232e-05
2026-01-14 14:51:00+00:00,0.9996461842258959,-3.646887349567006e-05
2026-01-14 14:52:00+00:00,0.999676672868685,3.0499433969962532e-05
2026-01-14 14:53:00+00:00,0.9996260125155789,-5.067673827057151e-05
2026-01-14 14:54:00+00:00,0.9995965518748782,-2.9471662733728674e-05
2026-01-14 14:55:00+00:00,0.9996180987655114,2.1555587194474023e-05
2026-01-14 14:56:00+00:00,0.9996674519024664,4.937199217979673e-05
2026-01-14 14:57:00+00:00,0.9997284049338659,6.097330795709541e-05
2026-01-14 14:58:00+00:00,0.9997091030551896,-1.930712239560312e-05
2026-01-14 14:59:00+00:00,0.9997337211458125,2.4625254034221385e-05
2026-01-14 15:00:00+00:00,0.9997051793898547,-2.854935804821072e-05
2026-01-14 15:01:00+00:00,0.9997221239057814,1.6949512992500648e-05
2026-01-14 15:02:00+00:00,0.9997687520950136,4.664114969270925e-05
2026-01-14 15:03:00+00:00,0.9997789210790687,1.0171336155257308e-05
2026-01-14 15:04:00+00:00,0.9997284883891777,-5.044384196115982e-05
2026-01-14 15:05:00+00:00,0.9997235400748705,-4.94965819689462e-06
2026-01-14 15:06:00+00:00,0.9996835217508028,-4.002939059011381e-05
2026-01-14 15:07:00+00:00,0.9997503424633449,6.684186653894863e-05
2026-01-14 15:08:00+00:00,0.9997088396023448,-4.151322508959972e-05
2026-01-14 15:09:00+00:00,0.999682626810286,-2.6220426408642235e-05
2026-01-14 15:10:00+00:00,0.9996721664452031,-1.0463685976358773e-05
2026-01-14 15:11:00+00:00,0.9996395791618988,-3.2597970012701435e-05
2026-01-14 15:12:00+00:00,0.9995997370864509,-3.9856440539606584e-05
2026-01-14 15:13:00+00:00,0.9995769527388632,-2.279347096880097e-05
2026-01-14 15:14:00+00:00,0.9996088421191134,3.1902876674823346e-05
2026-01-14 15:15:00+00:00,0.9995946135536248,-1.4234133282010784e-05
2026-01-14 15:16:00+00:00,0.9996208511501667,2.624823722142014e-05
2026-01-14 15:17:00+00:00,0.9996376676532354,1.6822881444701075e-05
2026-01-14 15:18:00+00:00,0.9996336863414836,-3.982754832600761e-06
2026-01-14 15:19:00+00:00,0.9996142960731098,-1.939737389675665e-05
2026-01-14 15:20:00+00:00,0.9996181404164249,3.8458266655765585e-06
2026-01-14 15:21:00+00:00,0.9996242730772604,6.135003545433976e-06
2026-01-14 15:22:00+00:00,0.9996331043784346,8.834620578986384e-06
2026-01-14 15:23:00+00:00,0.9996419839663,8.882846943115738e-06
2026-01-14 15:24:00+00:00,0.9996420195158936,3.556232551532905e-08
2026-01-14 15:25:00+00:00,0.9996417270708083,-2.9254981239616786e-07
2026-01-14 15:26:00+00:00,0.9996543273151677,1.2604760303801306e-05
2026-01-14 15:27:00+00:00,0.9996465850987768,-7.744893589012073e-06
2026-01-14 15:28:00+00:00,0.9996465555752398,-2.9533974660673427e-08
2026-01-14 15:29:00+00:00,0.9996832898145401,3.6747227403023426e-05
2026-01-14 15:30:00+00:00,0.9996779304814151,-5.361031018182965e-06
2026-01-14 15:31:00+00:00,0.9996720854978627,-5.846866649954916e-06
2026-01-14 15:32:00+00:00,0.9996983480170466,2.6271133869576848e-05
2026-01-14 15:33:00+00:00,0.9996857624569405,-1.2589357710799557e-05
2026-01-14 15:34:00+00:00,0.9996770103445816,-8.754863465750858e-06
2026-01-14 15:35:00+00:00,0.9996855550881546,8.547504328599637e-06
2026-01-14 15:36:00+00:00,0.9997162010551697,3.065560651461725e-05
2026-01-14 15:37:00+00:00,0.9997418555024375,2.5661730039774598e-05
2026-01-14 15:38:00+00:00,0.9997516259234278,9.77294382189786e-06
2026-01-14 15:39:00+00:00,0.9997618200660662,1.01966752281385e-05
2026-01-14 15:40:00+00:00,0.999780481201279,1.8665580979842775e-05
2026-01-14 15:41:00+00:00,0.9997975167354797,1.703927464160756e-05
2026-01-14 15:42:00+00:00,0.9997760145184732,-2.1506571727246248e-05
2026-01-14 15:43:00+00:00,0.9997782857226746,2.2717130320370743e-06
2026-01-14 15:44:00+00:00,0.9997510357662222,-2.725599949661074e-05
2026-01-14 15:45:00+00:00,0.9997654813134681,1.4449144566156921e-05
2026-01-14 15:46:00+00:00,0.9997404623661307,-2.502481612447575e-05
2026-01-14 15:47:00+00:00,0.9997274180833066,-1.3047669185294368e-05
2026-01-14 15:48:00+00:00,0.9997088608293311,-1.856231372659394e-05
2026-01-14 15:49:00+00:00,0.9996966220499677,-1.2242343589191389e-05
2026-01-14 15:50:00+00:00,0.9996974167221625,7.949133540206804e-07
2026-01-14 15:51:00+00:00,0.9997229804800242,2.5571495368437205e-05
2026-01-14 15:52:00+00:00,0.9997229534031334,-2.708439359884751e-08
2026-01-14 15:53:00+00:00,0.9997018662859184,-2.1092960948144917e-05
2026-01-14 15:54:00+00:00,0.9996914248514192,-1.0444548371250298e-05
2026-01-14 15:55:00+00:00,0.9996754693126827,-1.596046373894279e-05
2026-01-14 15:56:00+00:00,0.9996930738815065,1.7610283901409915e-05
2026-01-14 15:57:00+00:00,0.9996989557083463,5.883632680478756e-06
2026-01-14 15:58:00+00:00,0.9997083870863633,9.434218134454457e-06
2026-01-14 15:59:00+00:00,0.9997062147767171,-2.17294330460673e-06
2026-01-14 16:00:00+00:00,0.9997095551263909,3.341331307569517e-06
2026-01-14 16:01:00+00:00,0.9997037342332594,-5.822584271256174e-06
2026-01-14 16:02:00+00:00,0.999679726159455,-2.4015188682706584e-05
2026-01-14 16:03:00+00:00,0.9996667492485808,-1.2981068370754513e-05
2026-01-14 16:04:00+00:00,0.9996915934657299,2.4852499263172924e-05
2026-01-14 16:05:00+00:00,0.999684376143293,-7.2195489929744165e-06
2026-01-14 16:06:00+00:00,0.9996606431016835,-2.3740534688662435e-05
2026-01-14 16:07:00+00:00,0.9996680250614625,7.3844657484358815e-06
2026-01-14 16:08:00+00:00,0.999679183738563,1.1162382731988898e-05
2026-01-14 16:09:00+00:00,0.9996556086656934,-2.3582638563583577e-05
2026-01-14 16:10:00+00:00,0.999648385854608,-7.225299415928537e-06
2026-01-14 16:11:00+00:00,0.9996428284975512,-5.559311789562419e-06
2026-01-14 16:12:00+00:00,0.9996286518970687,-1.4181665769231937e-05
2026-01-14 16:13:00+00:00,0.9996428925910591,1.424598420956881e-05
2026-01-14 16:14:00+00:00,0.999675906316382,3.302551898054476e-05
2026-01-14 16:15:00+00:00,0.9996770509303067,1.1449850069493836e-06
2026-01-14 16:16:00+00:00,0.9996721029785975,-4.94955016178106e-06
2026-01-14 16:17:00+00:00,0.9996966144119103,2.4519473174865308e-05
2026-01-14 16:18:00+00:00,0.9997185798663566,2.1972120471095613e-05
2026-01-14 16:19:00+00:00,0.9997337579002474,1.5182306497448677e-05
2026-01-14 16:20:00+00:00,0.9997329639675803,-7.941441018373855e-07
2026-01-14 16:21:00+00:00,0.9997430765511917,1.0115284756815877e-05
2026-01-14 16:22:00+00:00,0.9997751071610262,3.203884136412166e-05
2026-01-14 16:23:00+00:00,0.999774322401331,-7.849362217997185e-07
2026-01-14 16:24:00+00:00,0.999743093949942,-3.123550054174389e-05
2026-01-14 16:25:00+00:00,0.9997355633053878,-7.532579719459182e-06
2026-01-14 16:26:00+00:00,0.9997598262291545,2.4269341471224554e-05
2026-01-14 16:27:00+00:00,0.9997682668333043,8.442631848453187e-06
2026-01-14 16:28:00+00:00,0.9997994309176468,3.1171307768340635e-05
2026-01-14 16:29:00+00:00,0.999805661669408,6.232001707944765e-06
2026-01-14 16:30:00+00:00,0.9998035763775237,-2.0856972151382925e-06
2026-01-14 16:31:00+00:00,0.9998352836756397,3.171352740202709e-05
2026-01-14 16:32:00+00:00,0.9998884299175982,5.315499745438977e-05
2026-01-14 16:33:00+00:00,0.9998685883042586,-1.9843827316982814e-05
2026-01-14 16:34:00+00:00,0.9998927966058366,2.4211483250072536e-05
2026-01-14 16:35:00+00:00,0.9998742667305052,-1.8531862009904025e-05
2026-01-14 16:36:00+00:00,0.9998717702705581,-2.4967738746167483e-06
2026-01-14 16:37:00+00:00,0.9998831750234087,1.1406215466599021e-05
2026-01-14 16:38:00+00:00,0.9998605121189071,-2.2665552404283128e-05
2026-01-14 16:39:00+00:00,0.9998874490574908,2.6940696484363614e-05
2026-01-14 16:40:00+00:00,0.999867397378567,-2.005393601320668e-05
2026-01-14 16:41:00+00:00,0.9998553864932385,-1.201247821474968e-05
2026-01-14 16:42:00+00:00,0.9998630338561618,7.648468995174795e-06
2026-01-14 16:43:00+00:00,0.9998508961658064,-1.2139353035752462e-05
2026-01-14 16:44:00+00:00,0.9998314608398835,-1.9438224236619828e-05
2026-01-14 16:45:00+00:00,0.9998443278293144,1.2869158388019792e-05
2026-01-14 16:46:00+00:00,0.9998066748305998,-3.765886115124573e-05
2026-01-14 16:47:00+00:00,0.9998321879473471,2.5518050028520208e-05
2026-01-14 16:48:00+00:00,0.9998358709965338,3.6836673505423966e-06
2026-01-14 16:49:00+00:00,0.9998323422634191,-3.529312377185944e-06
2026-01-14 16:50:00+00:00,0.9998379419506538,5.600626222952322e-06
2026-01-14 16:51:00+00:00,0.9998233973886802,-1.4546919418957434e-05
2026-01-14 16:52:00+00:00,0.9998285923455972,5.195874522013579e-06
2026-01-14 16:53:00+00:00,0.9998062031591748,-2.2393024758314374e-05
2026-01-14 16:54:00+00:00,0.9997972326887283,-8.972209232278257e-06
2026-01-14 16:55:00+00:00,0.9997933762438972,-3.857226950710518e-06
2026-01-14 16:56:00+00:00,0.9998100656995301,1.6692904783531116e-05
2026-01-14 16:57:00+00:00,0.9998589445780228,4.888816403198893e-05
2026-01-14 16:58:00+00:00,0.9998416053788299,-1.734164532595933e-05
2026-01-14 16:59:00+00:00,0.9998162788441042,-2.533054694820098e-05
2026-01-14 17:00:00+00:00,0.9998105574553465,-5.722440090996578e-06
2026-01-14 17:01:00+00:00,0.999811095424665,5.380712520222736e-07
2026-01-14 17:02:00+00:00,0.9998198763030097,8.782537406295796e-06
2026-01-14 17:03:00+00:00,0.9998152611730028,-4.615961451007602e-06
2026-01-14 17:04:00+00:00,0.9998102645046741,-4.997591577908661e-06
2026-01-14 17:05:00+00:00,0.9997906206579042,-1.964757461217408e-05
2026-01-14 17:06:00+00:00,0.9997784279286701,-1.2195282674365085e-05
2026-01-14 17:07:00+00:00,0.9997804228506817,1.9953641286527417e-06
2026-01-14 17:08:00+00:00,0.9997933743981713,1.2954391978082754e-05
2026-01-14 17:09:00+00:00,0.999806751378781,1.3379745207553838e-05
2026-01-14 17:10:00+00:00,0.9997894052843539,-1.7349447183843848e-05
2026-01-14 17:11:00+00:00,0.9997887850176749,-6.203973313698077e-07
2026-01-14 17:12:00+00:00,0.999785124199437,-3.661591620901288e-06
2026-01-14 17:13:00+00:00,0.9998012303281565,1.6109590280680845e-05
2026-01-14 17:14:00+00:00,0.9998227334299082,2.150737676591495e-05
2026-01-14 17:15:00+00:00,0.9997837983561614,-3.894197685746215e-05
2026-01-14 17:16:00+00:00,0.9997798013114363,-3.9979090795524305e-06
2026-01-14 17:17:00+00:00,0.999807688513155,2.7893343796468577e-05
2026-01-14 17:18:00+00:00,0.9998144574171218,6.770205955285972e-06
2026-01-14 17:19:00+00:00,0.9998301829226863,1.572842385697608e-05
2026-01-14 17:20:00+00:00,0.999817948143591,-1.2236857122581597e-05
2026-01-14 17:21:00+00:00,0.9998027896818976,-1.5161221821990107e-05
2026-01-14 17:22:00+00:00,0.9998044155431663,1.6261819686112567e-06
2026-01-14 17:23:00+00:00,0.999811784607177,7.370505567012064e-06
2026-01-14 17:24:00+00:00,0.9998011385363833,-1.064807492535686e-05
2026-01-14 17:25:00+00:00,0.9997870739409348,-1.4067392910891075e-05
2026-01-14 17:26:00+00:00,0.9997928313555741,5.758640804051428e-06
2026-01-14 17:27:00+00:00,0.999785002860445,-7.830117283757672e-06
2026-01-14 17:28:00+00:00,0.999814118812669,2.9122213416484416e-05
2026-01-14 17:29:00+00:00,0.9998217333852029,7.615988202843029e-06
2026-01-14 17:30:00+00:00,0.9998013344811796,-2.0402541115203354e-05
2026-01-14 17:31:00+00:00,0.9998202697457337,1.8939027085721428e-05
2026-01-14 17:32:00+00:00,0.9998427954012854,2.2529704821267157e-05
2026-01-14 17:33:00+00:00,0.9998177357014953,-2.5063639909489994e-05
2026-01-14 17:34:00+00:00,0.9997978544858266,-1.988483996514104e-05
2026-01-14 17:35:00+00:00,0.9998102175456144,1.2365559430251724e-05
2026-01-14 17:36:00+00:00,0.9997511626338346,-5.906612149336675e-05
2026-01-14 17:37:00+00:00,0.9997515684920101,4.0595919333746264e-07
2026-01-14 17:38:00+00:00,0.9997623890672186,1.0823264048328453e-05
2026-01-14 17:39:00+00:00,0.999785714844373,2.3331320931297353e-05
2026-01-14 17:40:00+00:00,0.9997924608650653,6.747466574259749e-06
2026-01-14 17:41:00+00:00,0.9997639998247585,-2.8466948312742824e-05
2026-01-14 17:42:00+00:00,0.9997757123135016,1.1715253545081256e-05
2026-01-14 17:43:00+00:00,0.9997775288933711,1.8169873974452046e-06
2026-01-14 17:44:00+00:00,0.9997920234711595,1.4497803130775533e-05
2026-01-14 17:45:00+00:00,0.9997684527388079,-2.3575635530499738e-05
2026-01-14 17:46:00+00:00,0.9997921623529974,2.3715105357240377e-05
2026-01-14 17:47:00+00:00,0.999807993372515,1.583431048352796e-05
2026-01-14 17:48:00+00:00,0.9997991990623467,-8.795999058459582e-06
2026-01-14 17:49:00+00:00,0.9998175129569429,1.831757278183408e-05
2026-01-14 17:50:00+00:00,0.9997714549745926,-4.606638886927434e-05
2026-01-14 17:51:00+00:00,0.9998000169110257,2.8568465613877608e-05
2026-01-14 17:52:00+00:00,0.9997574053515799,-4.262008274173826e-05
2026-01-14 17:53:00+00:00,0.9997610792242758,3.674764174097762e-06
2026-01-14 17:54:00+00:00,0.9997664787001994,5.4007662787600315e-06
2026-01-14 17:55:00+00:00,0.9997753630745275,8.886449503348942e-06
2026-01-14 17:56:00+00:00,0.999774459522026,-9.037555183063121e-07
2026-01-14 17:57:00+00:00,0.9997923569867894,1.7901502276755683e-05
2026-01-14 17:58:00+00:00,0.9997758106155458,-1.6549807695508407e-05
2026-01-14 17:59:00+00:00,0.9997863367501304,1.052849496146795e-05
2026-01-14 18:00:00+00:00,0.9997743684825925,-1.1970825263355373e-05
2026-01-14 18:01:00+00:00,0.9997687341691764,-5.635584981632686e-06
2026-01-14 18:02:00+00:00,0.9997777179792637,8.985888216122813e-06
2026-01-14 18:03:00+00:00,0.9997724122641805,-5.306894710580106e-06
2026-01-14 18:04:00+00:00,0.9997824462314375,1.003625138484457e-05
2026-01-14 18:05:00+00:00,0.999784944388619,2.498700783259595e-06
2026-01-14 18:06:00+00:00,0.9998154707614628,3.053293912367357e-05
2026-01-14 18:07:00+00:00,0.9998173133867959,1.842965414119489e-06
2026-01-14 18:08:00+00:00,0.9998217197287986,4.407147129566029e-06
2026-01-14 18:09:00+00:00,0.9998154913221161,-6.2295172825202595e-06
2026-01-14 18:10:00+00:00,0.9998584012225273,4.291781912116547e-05
2026-01-14 18:11:00+00:00,0.9998352029679193,-2.3201539917759837e-05
2026-01-14 18:12:00+00:00,0.9998380888873284,2.88639507841171e-06
2026-01-14 18:13:00+00:00,0.9998358424619368,-2.2467891716841617e-06
2026-01-14 18:14:00+00:00,0.9998316052036019,-4.237954026986173e-06
2026-01-14 18:15:00+00:00,0.99979039777327,-4.1214370617527745e-05
2026-01-14 18:16:00+00:00,0.9997922974568286,1.9000818201729844e-06
2026-01-14 18:17:00+00:00,0.9997889765218577,-3.3216248807615806e-06
2026-01-14 18:18:00+00:00,0.9998033382602864,1.4364769732395542e-05
2026-01-14 18:19:00+00:00,0.9997963691043747,-6.970526747560648e-06
2026-01-14 18:20:00+00:00,0.999796119597017,-2.495581755441554e-07
2026-01-14 18:21:00+00:00,0.9997724981622185,-2.3626251728266765e-05
2026-01-14 18:22:00+00:00,0.9997795470080366,7.050449808507036e-06
2026-01-14 18:23:00+00:00,0.9998001340544999,2.0591585939887836e-05
2026-01-14 18:24:00+00:00,0.9998213916824996,2.1261877524945658e-05
2026-01-14 18:25:00+00:00,0.9998296021592916,8.211943513325174e-06
2026-01-14 18:26:00+00:00,0.9998171474134864,-1.2456868428815791e-05
2026-01-14 18:27:00+00:00,0.9998334073565093,1.6262916739174364e-05
2026-01-14 18:28:00+00:00,0.9998343577493555,9.50551201135887e-07
2026-01-14 18:29:00+00:00,0.9998621952037258,2.7842066192802984e-05
2026-01-14 18:30:00+00:00,0.9998393190990297,-2.2879257567520032e-05
2026-01-14 18:31:00+00:00,0.999840040231417,7.212482782659403e-07
2026-01-14 18:32:00+00:00,0.9998172223773603,-2.2821504579347296e-05
2026-01-14 18:33:00+00:00,0.9998048675991882,-1.2357036761810312e-05
2026-01-14 18:34:00+00:00,0.9998260657363153,2.120227437763115e-05
2026-01-14 18:35:00+00:00,0.9997758898538998,-5.018461123892135e-05
2026-01-14 18:36:00+00:00,0.999801914349803,2.603032956417042e-05
2026-01-14 18:37:00+00:00,0.9997911108263631,-1.0805663886881998e-05
2026-01-14 18:38:00+00:00,0.999808209579744,1.710232587176883e-05
2026-01-14 18:39:00+00:00,0.999792983236195,-1.522926437605945e-05
2026-01-14 18:40:00+00:00,0.9998002577975901,7.276067663120609e-06
2026-01-14 18:41:00+00:00,0.999806339277299,6.082694679709875e-06
2026-01-14 18:42:00+00:00,0.9998120736667128,5.735500154914669e-06
2026-01-14 18:43:00+00:00,0.9998063447286006,-5.730014932850476e-06
2026-01-14 18:44:00+00:00,0.999789007905884,-1.734018073406163e-05
2026-01-14 18:45:00+00:00,0.9997649032693423,-2.4109723502772483e-05
2026-01-14 18:46:00+00:00,0.9997717992710541,6.8976233204579125e-06
2026-01-14 18:47:00+00:00,0.9997743365164643,2.5378245435891795e-06
2026-01-14 18:48:00+00:00,0.9997585069367042,-1.5833152724511046e-05
2026-01-14 18:49:00+00:00,0.9997702774378182,1.1773344294977393e-05
2026-01-14 18:50:00+00:00,0.9997712741547468,9.969459496093405e-07
2026-01-14 18:51:00+00:00,0.9998004807467151,2.9213273799120982e-05
2026-01-14 18:52:00+00:00,0.999807593912088,7.114584869371226e-06
2026-01-14 18:53:00+00:00,0.999835126575709,2.7537962092685424e-05
2026-01-14 18:54:00+00:00,0.9998185259802399,-1.660333291753179e-05
2026-01-14 18:55:00+00:00,0.9998385409347892,2.0018587402900074e-05
2026-01-14 18:56:00+00:00,0.9998342793618773,-4.262261092611837e-06
2026-01-14 18:57:00+00:00,0.9998363869728926,2.107960347774432e-06
2026-01-14 18:58:00+00:00,0.9998365949950953,2.0805624343753852e-07
2026-01-14 18:59:00+00:00,0.9998447221580052,8.128491146211308e-06
2026-01-14 19:00:00+00:00,0.9998340395666203,-1.068425041229443e-05
2026-01-14 19:01:00+00:00,0.9998065864006218,-2.745772289419665e-05
2026-01-14 19:02:00+00:00,0.9998100132614964,3.4275238044121672e-06
2026-01-14 19:03:00+00:00,0.9998284341837611,1.8424422660746475e-05
2026-01-14 19:04:00+00:00,0.9998893712802873,6.094755304290184e-05
2026-01-14 19:05:00+00:00,0.9998704331760263,-1.8940199591012217e-05
2026-01-14 19:06:00+00:00,0.9998703100136229,-1.2317836312109986e-07
2026-01-14 19:07:00+00:00,0.9998640619119346,-6.248912109665659e-06
2026-01-14 19:08:00+00:00,0.9998896262823552,2.556784606474983e-05
2026-01-14 19:09:00+00:00,0.9999073213302774,1.769700120607003e-05
2026-01-14 19:10:00+00:00,0.999899208578988,-8.113503238189933e-06
2026-01-14 19:11:00+00:00,0.999899208578988,0.0
2026-01-14 19:12:00+00:00,0.999899208578988,0.0
2026-01-14 19:13:00+00:00,0.999899208578988,0.0
2026-01-14 19:14:00+00:00,0.999899208578988,-0.0
2026-01-14 19:15:00+00:00,0.999899208578988,-0.0
2026-01-14 19:16:00+00:00,0.999899208578988,-0.0
2026-01-14 19:17:00+00:00,0.999899208578988,0.0
2026-01-14 19:18:00+00:00,0.999899208578988,0.0
2026-01-14 19:19:00+00:00,0.999899208578988,-0.0
2026-01-14 19:20:00+00:00,0.999899208578988,-0.0
2026-01-14 19:21:00+00:00,0.999899208578988,0.0
2026-01-14 19:22:00+00:00,0.999899208578988,0.0
2026-01-14 19:23:00+00:00,0.999899208578988,0.0
2026-01-14 19:24:00+00:00,0.999899208578988,-0.0
2026-01-14 19:25:00+00:00,0.999899208578988,0.0
2026-01-14 19:26:00+00:00,0.999899208578988,-0.0
2026-01-14 19:27:00+00:00,0.999899208578988,0.0
2026-01-14 19:28:00+00:00,0.999899208578988,-0.0
2026-01-14 19:29:00+00:00,0.999899208578988,-0.0
2026-01-14 19:30:00+00:00,0.999899208578988,0.0
2026-01-14 19:31:00+00:00,0.999899208578988,-0.0
2026-01-14 19:32:00+00:00,0.999899208578988,0.0
2026-01-14 19:33:00+00:00,0.999899208578988,-0.0
2026-01-14 19:34:00+00:00,0.999899208578988,0.0
2026-01-14 19:35:00+00:00,0.999899208578988,-0.0
2026-01-14 19:36:00+00:00,0.999899208578988,0.0
2026-01-14 19:37:00+00:00,0.999899208578988,-0.0
2026-01-14 19:38:00+00:00,0.999899208578988,-0.0
2026-01-14 19:39:00+00:00,0.999899208578988,-0.0
2026-01-14 19:40:00+00:00,0.999899208578988,0.0
2026-01-14 19:41:00+00:00,0.999899208578988,-0.0
2026-01-14 19:42:00+00:00,0.999899208578988,0.0
2026-01-14 19:43:00+00:00,0.999899208578988,-0.0
2026-01-14 19:44:00+00:00,0.999899208578988,-0.0
2026-01-14 19:45:00+00:00,0.999899208578988,-0.0
2026-01-14 19:46:00+00:00,0.999899208578988,-0.0
2026-01-14 19:47:00+00:00,0.999899208578988,0.0
2026-01-14 19:48:00+00:00,0.999899208578988,-0.0
2026-01-14 19:49:00+00:00,0.999899208578988,-0.0
2026-01-14 19:50:00+00:00,0.999899208578988,0.0
2026-01-14 19:51:00+00:00,0.999899208578988,-0.0
2026-01-14 19:52:00+00:00,0.999899208578988,0.0
2026-01-14 19:53:00+00:00,0.999899208578988,-0.0
2026-01-14 19:54:00+00:00,0.999899208578988,0.0
2026-01-14 19:55:00+00:00,0.999899208578988,-0.0
2026-01-14 19:56:00+00:00,0.999899208578988,0.0
2026-01-14 19:57:00+00:00,0.999899208578988,-0.0
2026-01-14 19:58:00+00:00,0.999899208578988,-0.0
2026-01-14 19:59:00+00:00,0.999899208578988,0.0
2026-01-14 20:00:00+00:00,0.999899208578988,0.0
2026-01-14 20:01:00+00:00,0.999899208578988,-0.0
2026-01-14 20:02:00+00:00,0.999899208578988,-0.0
2026-01-14 20:03:00+00:00,0.999899208578988,0.0
2026-01-14 20:04:00+00:00,0.999899208578988,0.0
2026-01-14 20:05:00+00:00,0.999899208578988,-0.0
2026-01-14 20:06:00+00:00,0.999899208578988,0.0
2026-01-14 20:07:00+00:00,0.999899208578988,-0.0
2026-01-14 20:08:00+00:00,0.999899208578988,0.0
2026-01-14 20:09:00+00:00,0.999899208578988,-0.0
2026-01-14 20:10:00+00:00,0.999899208578988,-0.0
2026-01-14 20:11:00+00:00,0.999899208578988,-0.0
2026-01-14 20:12:00+00:00,0.999899208578988,0.0
2026-01-14 20:13:00+00:00,0.999899208578988,-0.0
2026-01-14 20:14:00+00:00,0.999899208578988,-0.0
2026-01-14 20:15:00+00:00,0.999899208578988,0.0
2026-01-14 20:16:00+00:00,0.999899208578988,0.0
2026-01-14 20:17:00+00:00,0.999899208578988,0.0
2026-01-14 20:18:00+00:00,0.999899208578988,-0.0
2026-01-14 20:19:00+00:00,0.999899208578988,-0.0
2026-01-14 20:20:00+00:00,0.999899208578988,0.0
2026-01-14 20:21:00+00:00,0.999899208578988,-0.0
2026-01-14 20:22:00+00:00,0.999899208578988,0.0
2026-01-14 20:23:00+00:00,0.999899208578988,-0.0
2026-01-14 20:24:00+00:00,0.999899208578988,-0.0
2026-01-14 20:25:00+00:00,0.999899208578988,0.0
2026-01-14 20:26:00+00:00,0.999899208578988,-0.0
2026-01-14 20:27:00+00:00,0.999899208578988,-0.0
2026-01-14 20:28:00+00:00,0.999899208578988,0.0
2026-01-14 20:29:00+00:00,0.999899208578988,0.0
2026-01-14 20:30:00+00:00,0.999899208578988,-0.0
2026-01-14 20:31:00+00:00,0.999899208578988,-0.0
2026-01-14 20:32:00+00:00,0.999899208578988,0.0
2026-01-14 20:33:00+00:00,0.999899208578988,0.0
2026-01-14 20:34:00+00:00,0.999899208578988,-0.0
2026-01-14 20:35:00+00:00,0.999899208578988,-0.0
2026-01-14 20:36:00+00:00,0.999899208578988,-0.0
2026-01-14 20:37:00+00:00,0.999899208578988,0.0
2026-01-14 20:38:00+00:00,0.999899208578988,0.0
2026-01-14 20:39:00+00:00,0.999899208578988,-0.0
2026-01-14 20:40:00+00:00,0.999899208578988,0.0
2026-01-14 20:41:00+00:00,0.999899208578988,0.0
2026-01-14 20:42:00+00:00,0.999899208578988,-0.0
2026-01-14 20:43:00+00:00,0.999899208578988,0.0
2026-01-14 20:44:00+00:00,0.999899208578988,-0.0
2026-01-14 20:45:00+00:00,0.999899208578988,0.0
2026-01-14 20:46:00+00:00,0.999899208578988,-0.0
2026-01-14 20:47:00+00:00,0.999899208578988,0.0
2026-01-14 20:48:00+00:00,0.999899208578988,-0.0
2026-01-14 20:49:00+00:00,0.999899208578988,0.0
2026-01-14 20:50:00+00:00,0.999899208578988,-0.0
2026-01-14 20:51:00+00:00,0.999899208578988,0.0
2026-01-14 20:52:00+00:00,0.999899208578988,0.0
2026-01-14 20:53:00+00:00,0.999899208578988,-0.0
2026-01-14 20:54:00+00:00,0.999899208578988,-0.0
2026-01-14 20:55:00+00:00,0.999899208578988,-0.0
2026-01-14 20:56:00+00:00,0.999899208578988,-0.0
2026-01-14 20:57:00+00:00,0.999899208578988,0.0
2026-01-14 20:58:00+00:00,0.999899208578988,-0.0
2026-01-14 20:59:00+00:00,0.999899208578988,-0.0
2026-01-14 21:00:00+00:00,0.999899208578988,-0.0
2026-01-14 21:01:00+00:00,0.999899208578988,0.0
2026-01-14 21:02:00+00:00,0.999899208578988,0.0
2026-01-14 21:03:00+00:00,0.999899208578988,-0.0
2026-01-14 21:04:00+00:00,0.999899208578988,-0.0
2026-01-14 21:05:00+00:00,0.999899208578988,-0.0
2026-01-14 21:06:00+00:00,0.999899208578988,0.0
2026-01-14 21:07:00+00:00,0.999899208578988,0.0
2026-01-14 21:08:00+00:00,0.999899208578988,-0.0
2026-01-14 21:09:00+00:00,0.999899208578988,0.0
2026-01-14 21:10:00+00:00,0.999899208578988,0.0
2026-01-14 21:11:00+00:00,0.999899208578988,0.0
2026-01-14 21:12:00+00:00,0.999899208578988,0.0
2026-01-14 21:13:00+00:00,0.999899208578988,-0.0
2026-01-14 21:14:00+00:00,0.999899208578988,0.0
2026-01-14 21:15:00+00:00,0.999899208578988,0.0
2026-01-14 21:16:00+00:00,0.999899208578988,0.0
2026-01-14 21:17:00+00:00,0.999899208578988,-0.0
2026-01-14 21:18:00+00:00,0.999899208578988,-0.0
2026-01-14 21:19:00+00:00,0.999899208578988,-0.0
2026-01-14 21:20:00+00:00,0.999899208578988,0.0
2026-01-14 21:21:00+00:00,0.999899208578988,-0.0
2026-01-14 21:22:00+00:00,0.999899208578988,-0.0
2026-01-14 21:23:00+00:00,0.999899208578988,0.0
2026-01-14 21:24:00+00:00,0.999899208578988,-0.0
2026-01-14 21:25:00+00:00,0.999899208578988,0.0
2026-01-14 21:26:00+00:00,0.999899208578988,0.0
2026-01-14 21:27:00+00:00,0.999899208578988,-0.0
2026-01-14 21:28:00+00:00,0.999899208578988,0.0
2026-01-14 21:29:00+00:00,0.999899208578988,0.0
2026-01-14 21:30:00+00:00,0.999899208578988,-0.0
2026-01-14 21:31:00+00:00,0.999899208578988,-0.0
2026-01-14 21:32:00+00:00,0.999899208578988,-0.0
2026-01-14 21:33:00+00:00,0.999899208578988,-0.0
2026-01-14 21:34:00+00:00,0.999899208578988,0.0
2026-01-14 21:35:00+00:00,0.999899208578988,-0.0
2026-01-14 21:36:00+00:00,0.999899208578988,-0.0
2026-01-14 21:37:00+00:00,0.999899208578988,0.0
2026-01-14 21:38:00+00:00,0.999899208578988,-0.0
2026-01-14 21:39:00+00:00,0.999899208578988,0.0
2026-01-14 21:40:00+00:00,0.999899208578988,-0.0
2026-01-14 21:41:00+00:00,0.999899208578988,0.0
2026-01-14 21:42:00+00:00,0.999899208578988,-0.0
2026-01-14 21:43:00+00:00,0.999899208578988,0.0
2026-01-14 21:44:00+00:00,0.999899208578988,-0.0
2026-01-14 21:45:00+00:00,0.999899208578988,0.0
2026-01-14 21:46:00+00:00,0.999899208578988,-0.0
2026-01-14 21:47:00+00:00,0.999899208578988,-0.0
2026-01-14 21:48:00+00:00,0.999899208578988,0.0
2026-01-14 21:49:00+00:00,0.999899208578988,-0.0
2026-01-14 21:50:00+00:00,0.999899208578988,-0.0
2026-01-14 21:51:00+00:00,0.999899208578988,0.0
2026-01-14 21:52:00+00:00,0.999899208578988,-0.0
2026-01-14 21:53:00+00:00,0.999899208578988,-0.0
2026-01-14 21:54:00+00:00,0.999899208578988,0.0
2026-01-14 21:55:00+00:00,0.999899208578988,0.0
2026-01-14 21:56:00+00:00,0.999899208578988,-0.0
2026-01-14 21:57:00+00:00,0.999899208578988,-0.0
2026-01-14 21:58:00+00:00,0.999899208578988,-0.0
2026-01-14 21:59:00+00:00,0.999899208578988,-0.0
2026-01-14 22:00:00+00:00,0.999899208578988,-0.0
2026-01-14 22:01:00+00:00,0.999899208578988,-0.0
2026-01-14 22:02:00+00:00,0.999899208578988,0.0
2026-01-14 22:03:00+00:00,0.999899208578988,-0.0
2026-01-14 22:04:00+00:00,0.999899208578988,0.0
2026-01-14 22:05:00+00:00,0.999899208578988,-0.0
2026-01-14 22:06:00+00:00,0.999899208578988,-0.0
2026-01-14 22:07:00+00:00,0.999899208578988,0.0
2026-01-14 22:08:00+00:00,0.999899208578988,-0.0
2026-01-14 22:09:00+00:00,0.999899208578988,-0.0
2026-01-14 22:10:00+00:00,0.999899208578988,0.0
2026-01-14 22:11:00+00:00,0.999899208578988,-0.0
2026-01-14 22:12:00+00:00,0.999899208578988,0.0
2026-01-14 22:13:00+00:00,0.999899208578988,-0.0
2026-01-14 22:14:00+00:00,0.999899208578988,0.0
2026-01-14 22:15:00+00:00,0.999899208578988,-0.0
2026-01-14 22:16:00+00:00,0.999899208578988,-0.0
2026-01-14 22:17:00+00:00,0.999899208578988,0.0
2026-01-14 22:18:00+00:00,0.999899208578988,0.0
2026-01-14 22:19:00+00:00,0.999899208578988,0.0
2026-01-14 22:20:00+00:00,0.999899208578988,-0.0
2026-01-14 22:21:00+00:00,0.999899208578988,0.0
2026-01-14 22:22:00+00:00,0.999899208578988,-0.0
2026-01-14 22:23:00+00:00,0.999899208578988,-0.0
2026-01-14 22:24:00+00:00,0.999899208578988,-0.0
2026-01-14 22:25:00+00:00,0.999899208578988,0.0
2026-01-14 22:26:00+00:00,0.999899208578988,0.0
2026-01-14 22:27:00+00:00,0.999899208578988,0.0
2026-01-14 22:28:00+00:00,0.999899208578988,-0.0
2026-01-14 22:29:00+00:00,0.999899208578988,-0.0
2026-01-14 22:30:00+00:00,0.999899208578988,0.0
2026-01-14 22:31:00+00:00,0.999899208578988,0.0
2026-01-14 22:32:00+00:00,0.999899208578988,0.0
2026-01-14 22:33:00+00:00,0.999899208578988,-0.0
2026-01-14 22:34:00+00:00,0.999899208578988,0.0
2026-01-14 22:35:00+00:00,0.999899208578988,-0.0
2026-01-14 22:36:00+00:00,0.999899208578988,0.0
2026-01-14 22:37:00+00:00,0.999899208578988,0.0
2026-01-14 22:38:00+00:00,0.999899208578988,0.0
2026-01-14 22:39:00+00:00,0.999899208578988,0.0
2026-01-14 22:40:00+00:00,0.999899208578988,-0.0
2026-01-14 22:41:00+00:00,0.999899208578988,-0.0
2026-01-14 22:42:00+00:00,0.999899208578988,0.0
2026-01-14 22:43:00+00:00,0.999899208578988,0.0
2026-01-14 22:44:00+00:00,0.999899208578988,-0.0
2026-01-14 22:45:00+00:00,0.999899208578988,-0.0
2026-01-14 22:46:00+00:00,0.999899208578988,0.0
2026-01-14 22:47:00+00:00,0.999899208578988,0.0
2026-01-14 22:48:00+00:00,0.999899208578988,-0.0
2026-01-14 22:49:00+00:00,0.999899208578988,0.0
2026-01-14 22:50:00+00:00,0.999899208578988,-0.0
2026-01-14 22:51:00+00:00,0.999899208578988,-0.0
2026-01-14 22:52:00+00:00,0.999899208578988,-0.0
2026-01-14 22:53:00+00:00,0.999899208578988,-0.0
2026-01-14 22:54:00+00:00,0.999899208578988,0.0
2026-01-14 22:55:00+00:00,0.999899208578988,-0.0
2026-01-14 22:56:00+00:00,0.999899208578988,-0.0
2026-01-14 22:57:00+00:00,0.999899208578988,0.0
2026-01-14 22:58:00+00:00,0.999899208578988,0.0
2026-01-14 22:59:00+00:00,0.999899208578988,-0.0
2026-01-14 23:00:00+00:00,0.999899208578988,0.0
2026-01-14 23:01:00+00:00,0.999899208578988,-0.0
2026-01-14 23:02:00+00:00,0.999899208578988,-0.0
2026-01-14 23:03:00+00:00,0.999899208578988,-0.0
2026-01-14 23:04:00+00:00,0.999899208578988,0.0
2026-01-14 23:05:00+00:00,0.999899208578988,-0.0
2026-01-14 23:06:00+00:00,0.999899208578988,-0.0
2026-01-14 23:07:00+00:00,0.999899208578988,-0.0
2026-01-14 23:08:00+00:00,0.999899208578988,-0.0
2026-01-14 23:09:00+00:00,0.999899208578988,-0.0
2026-01-14 23:10:00+00:00,0.999899208578988,0.0
2026-01-14 23:11:00+00:00,0.999899208578988,0.0
2026-01-14 23:12:00+00:00,0.999899208578988,0.0
2026-01-14 23:13:00+00:00,0.999899208578988,-0.0
2026-01-14 23:14:00+00:00,0.999899208578988,0.0
2026-01-14 23:15:00+00:00,0.999899208578988,-0.0
2026-01-14 23:16:00+00:00,0.999899208578988,0.0
2026-01-14 23:17:00+00:00,0.999899208578988,0.0
2026-01-14 23:18:00+00:00,0.999899208578988,-0.0
2026-01-14 23:19:00+00:00,0.999899208578988,-0.0
2026-01-14 23:20:00+00:00,0.999899208578988,0.0
2026-01-14 23:21:00+00:00,0.999899208578988,0.0
2026-01-14 23:22:00+00:00,0.999899208578988,-0.0
2026-01-14 23:23:00+00:00,0.999899208578988,0.0
2026-01-14 23:24:00+00:00,0.999899208578988,-0.0
2026-01-14 23:25:00+00:00,0.999899208578988,-0.0
2026-01-14 23:26:00+00:00,0.999899208578988,0.0
2026-01-14 23:27:00+00:00,0.999899208578988,-0.0
2026-01-14 23:28:00+00:00,0.999899208578988,0.0
2026-01-14 23:29:00+00:00,0.999899208578988,-0.0
2026-01-14 23:30:00+00:00,0.999899208578988,0.0
2026-01-14 23:31:00+00:00,0.999899208578988,0.0
2026-01-14 23:32:00+00:00,0.999899208578988,0.0
2026-01-14 23:33:00+00:00,0.999899208578988,-0.0
2026-01-14 23:34:00+00:00,0.999899208578988,0.0
2026-01-14 23:35:00+00:00,0.999899208578988,-0.0
2026-01-14 23:36:00+00:00,0.999899208578988,0.0
2026-01-14 23:37:00+00:00,0.999899208578988,-0.0
2026-01-14 23:38:00+00:00,0.999899208578988,-0.0
2026-01-14 23:39:00+00:00,0.999899208578988,0.0
2026-01-14 23:40:00+00:00,0.999899208578988,-0.0
2026-01-14 23:41:00+00:00,0.999899208578988,-0.0
2026-01-14 23:42:00+00:00,0.999899208578988,0.0
2026-01-14 23:43:00+00:00,0.999899208578988,-0.0
2026-01-14 23:44:00+00:00,0.999899208578988,0.0
2026-01-14 23:45:00+00:00,0.999899208578988,-0.0
2026-01-14 23:46:00+00:00,0.999899208578988,0.0
2026-01-14 23:47:00+00:00,0.999899208578988,-0.0
2026-01-14 23:48:00+00:00,0.999899208578988,0.0
2026-01-14 23:49:00+00:00,0.999899208578988,-0.0
2026-01-14 23:50:00+00:00,0.999899208578988,-0.0
2026-01-14 23:51:00+00:00,0.999899208578988,-0.0
2026-01-14 23:52:00+00:00,0.999899208578988,-0.0
2026-01-14 23:53:00+00:00,0.999899208578988,-0.0
2026-01-14 23:54:00+00:00,0.999899208578988,0.0
2026-01-14 23:55:00+00:00,0.999899208578988,-0.0
2026-01-14 23:56:00+00:00,0.999899208578988,-0.0
2026-01-14 23:57:00+00:00,0.999899208578988,0.0
2026-01-14 23:58:00+00:00,0.999899208578988,-0.0
2026-01-14 23:59:00+00:00,0.999899208578988,0.0
2026-01-15 00:00:00+00:00,0.999899208578988,-0.0
2026-01-15 00:01:00+00:00,0.999899208578988,0.0
2026-01-15 00:02:00+00:00,0.999899208578988,-0.0
2026-01-15 00:03:00+00:00,0.999899208578988,0.0
2026-01-15 00:04:00+00:00,0.999899208578988,0.0
2026-01-15 00:05:00+00:00,0.999899208578988,-0.0
2026-01-15 00:06:00+00:00,0.999899208578988,0.0
2026-01-15 00:07:00+00:00,0.999899208578988,-0.0
2026-01-15 00:08:00+00:00,0.999899208578988,-0.0
2026-01-15 00:09:00+00:00,0.999899208578988,0.0
2026-01-15 00:10:00+00:00,0.999899208578988,0.0
2026-01-15 00:11:00+00:00,0.999899208578988,0.0
2026-01-15 00:12:00+00:00,0.999899208578988,0.0
2026-01-15 00:13:00+00:00,0.999899208578988,-0.0
2026-01-15 00:14:00+00:00,0.999899208578988,0.0
2026-01-15 00:15:00+00:00,0.999899208578988,0.0
2026-01-15 00:16:00+00:00,0.999899208578988,0.0
2026-01-15 00:17:00+00:00,0.999899208578988,-0.0
2026-01-15 00:18:00+00:00,0.999899208578988,-0.0
2026-01-15 00:19:00+00:00,0.999899208578988,0.0
2026-01-15 00:20:00+00:00,0.999899208578988,0.0
2026-01-15 00:21:00+00:00,0.999899208578988,-0.0
2026-01-15 00:22:00+00:00,0.999899208578988,0.0
2026-01-15 00:23:00+00:00,0.999899208578988,-0.0
2026-01-15 00:24:00+00:00,0.999899208578988,0.0
2026-01-15 00:25:00+00:00,0.999899208578988,-0.0
2026-01-15 00:26:00+00:00,0.999899208578988,0.0
2026-01-15 00:27:00+00:00,0.999899208578988,-0.0
2026-01-15 00:28:00+00:00,0.999899208578988,-0.0
2026-01-15 00:29:00+00:00,0.999899208578988,0.0
2026-01-15 00:30:00+00:00,0.999899208578988,-0.0
2026-01-15 00:31:00+00:00,0.999899208578988,0.0
2026-01-15 00:32:00+00:00,0.999899208578988,0.0
2026-01-15 00:33:00+00:00,0.999899208578988,0.0
2026-01-15 00:34:00+00:00,0.999899208578988,-0.0
2026-01-15 00:35:00+00:00,0.999899208578988,-0.0
2026-01-15 00:36:00+00:00,0.999899208578988,0.0
2026-01-15 00:37:00+00:00,0.999899208578988,0.0
2026-01-15 00:38:00+00:00,0.999899208578988,-0.0
2026-01-15 00:39:00+00:00,0.999899208578988,0.0
2026-01-15 00:40:00+00:00,0.999899208578988,-0.0
2026-01-15 00:41:00+00:00,0.999899208578988,0.0
2026-01-15 00:42:00+00:00,0.999899208578988,-0.0
2026-01-15 00:43:00+00:00,0.999899208578988,-0.0
2026-01-15 00:44:00+00:00,0.999899208578988,-0.0
2026-01-15 00:45:00+00:00,0.999899208578988,0.0
2026-01-15 00:46:00+00:00,0.999899208578988,0.0
2026-01-15 00:47:00+00:00,0.999899208578988,-0.0
2026-01-15 00:48:00+00:00,0.999899208578988,0.0
2026-01-15 00:49:00+00:00,0.999899208578988,-0.0
2026-01-15 00:50:00+00:00,0.999899208578988,0.0
2026-01-15 00:51:00+00:00,0.999899208578988,0.0
2026-01-15 00:52:00+00:00,0.999899208578988,-0.0
2026-01-15 00:53:00+00:00,0.999899208578988,0.0
2026-01-15 00:54:00+00:00,0.999899208578988,-0.0
2026-01-15 00:55:00+00:00,0.999899208578988,0.0
2026-01-15 00:56:00+00:00,0.999899208578988,-0.0
2026-01-15 00:57:00+00:00,0.999899208578988,0.0
2026-01-15 00:58:00+00:00,0.999899208578988,-0.0
2026-01-15 00:59:00+00:00,0.999899208578988,0.0
2026-01-15 01:00:00+00:00,0.999899208578988,-0.0
2026-01-15 01:01:00+00:00,0.999899208578988,0.0
2026-01-15 01:02:00+00:00,0.999899208578988,0.0
2026-01-15 01:03:00+00:00,0.999899208578988,-0.0
2026-01-15 01:04:00+00:00,0.999899208578988,0.0
2026-01-15 01:05:00+00:00,0.999899208578988,-0.0
2026-01-15 01:06:00+00:00,0.999899208578988,-0.0
2026-01-15 01:07:00+00:00,0.999899208578988,-0.0
2026-01-15 01:08:00+00:00,0.999899208578988,0.0
2026-01-15 01:09:00+00:00,0.999899208578988,-0.0
2026-01-15 01:10:00+00:00,0.999899208578988,0.0
2026-01-15 01:11:00+00:00,0.999899208578988,-0.0
2026-01-15 01:12:00+00:00,0.999899208578988,0.0
2026-01-15 01:13:00+00:00,0.999899208578988,0.0
2026-01-15 01:14:00+00:00,0.999899208578988,-0.0
2026-01-15 01:15:00+00:00,0.999899208578988,-0.0
2026-01-15 01:16:00+00:00,0.999899208578988,0.0
2026-01-15 01:17:00+00:00,0.999899208578988,-0.0
2026-01-15 01:18:00+00:00,0.999899208578988,-0.0
2026-01-15 01:19:00+00:00,0.999899208578988,0.0
2026-01-15 01:20:00+00:00,0.999899208578988,0.0
2026-01-15 01:21:00+00:00,0.999899208578988,0.0
2026-01-15 01:22:00+00:00,0.999899208578988,-0.0
2026-01-15 01:23:00+00:00,0.999899208578988,-0.0
2026-01-15 01:24:00+00:00,0.999899208578988,0.0
2026-01-15 01:25:00+00:00,0.999899208578988,0.0
2026-01-15 01:26:00+00:00,0.999899208578988,-0.0
2026-01-15 01:27:00+00:00,0.999899208578988,0.0
2026-01-15 01:28:00+00:00,0.999899208578988,-0.0
2026-01-15 01:29:00+00:00,0.999899208578988,-0.0
2026-01-15 01:30:00+00:00,0.999899208578988,0.0
2026-01-15 01:31:00+00:00,0.999899208578988,0.0
2026-01-15 01:32:00+00:00,0.999899208578988,0.0
2026-01-15 01:33:00+00:00,0.999899208578988,0.0
2026-01-15 01:34:00+00:00,0.999899208578988,-0.0
2026-01-15 01:35:00+00:00,0.999899208578988,-0.0
2026-01-15 01:36:00+00:00,0.999899208578988,0.0
2026-01-15 01:37:00+00:00,0.999899208578988,-0.0
2026-01-15 01:38:00+00:00,0.999899208578988,-0.0
2026-01-15 01:39:00+00:00,0.999899208578988,-0.0
2026-01-15 01:40:00+00:00,0.999899208578988,-0.0
2026-01-15 01:41:00+00:00,0.999899208578988,0.0
2026-01-15 01:42:00+00:00,0.999899208578988,-0.0
2026-01-15 01:43:00+00:00,0.999899208578988,0.0
2026-01-15 01:44:00+00:00,0.999899208578988,-0.0
2026-01-15 01:45:00+00:00,0.999899208578988,-0.0
2026-01-15 01:46:00+00:00,0.999899208578988,-0.0
2026-01-15 01:47:00+00:00,0.999899208578988,0.0
2026-01-15 01:48:00+00:00,0.999899208578988,-0.0
2026-01-15 01:49:00+00:00,0.999899208578988,0.0
2026-01-15 01:50:00+00:00,0.999899208578988,0.0
2026-01-15 01:51:00+00:00,0.999899208578988,0.0
2026-01-15 01:52:00+00:00,0.999899208578988,-0.0
2026-01-15 01:53:00+00:00,0.999899208578988,-0.0
2026-01-15 01:54:00+00:00,0.999899208578988,-0.0
2026-01-15 01:55:00+00:00,0.999899208578988,0.0
2026-01-15 01:56:00+00:00,0.999899208578988,-0.0
2026-01-15 01:57:00+00:00,0.999899208578988,0.0
2026-01-15 01:58:00+00:00,0.999899208578988,0.0
2026-01-15 01:59:00+00:00,0.999899208578988,0.0
2026-01-15 02:00:00+00:00,0.999899208578988,-0.0
2026-01-15 02:01:00+00:00,0.999899208578988,0.0
2026-01-15 02:02:00+00:00,0.999899208578988,-0.0
2026-01-15 02:03:00+00:00,0.999899208578988,0.0
2026-01-15 02:04:00+00:00,0.999899208578988,0.0
2026-01-15 02:05:00+00:00,0.999899208578988,-0.0
2026-01-15 02:06:00+00:00,0.999899208578988,-0.0
2026-01-15 02:07:00+00:00,0.999899208578988,0.0
2026-01-15 02:08:00+00:00,0.999899208578988,-0.0
2026-01-15 02:09:00+00:00,0.999899208578988,-0.0
2026-01-15 02:10:00+00:00,0.999899208578988,0.0
2026-01-15 02:11:00+00:00,0.999899208578988,0.0
2026-01-15 02:12:00+00:00,0.999899208578988,0.0
2026-01-15 02:13:00+00:00,0.999899208578988,-0.0
2026-01-15 02:14:00+00:00,0.999899208578988,0.0
2026-01-15 02:15:00+00:00,0.999899208578988,0.0
2026-01-15 02:16:00+00:00,0.999899208578988,-0.0
2026-01-15 02:17:00+00:00,0.999899208578988,0.0
2026-01-15 02:18:00+00:00,0.999899208578988,0.0
2026-01-15 02:19:00+00:00,0.999899208578988,-0.0
2026-01-15 02:20:00+00:00,0.999899208578988,0.0
2026-01-15 02:21:00+00:00,0.999899208578988,-0.0
2026-01-15 02:22:00+00:00,0.999899208578988,0.0
2026-01-15 02:23:00+00:00,0.999899208578988,0.0
2026-01-15 02:24:00+00:00,0.999899208578988,0.0
2026-01-15 02:25:00+00:00,0.999899208578988,-0.0
2026-01-15 02:26:00+00:00,0.999899208578988,0.0
2026-01-15 02:27:00+00:00,0.999899208578988,0.0
2026-01-15 02:28:00+00:00,0.999899208578988,-0.0
2026-01-15 02:29:00+00:00,0.999899208578988,0.0
2026-01-15 02:30:00+00:00,0.999899208578988,0.0
2026-01-15 02:31:00+00:00,0.999899208578988,-0.0
2026-01-15 02:32:00+00:00,0.999899208578988,-0.0
2026-01-15 02:33:00+00:00,0.999899208578988,-0.0
2026-01-15 02:34:00+00:00,0.999899208578988,0.0
2026-01-15 02:35:00+00:00,0.999899208578988,0.0
2026-01-15 02:36:00+00:00,0.999899208578988,-0.0
2026-01-15 02:37:00+00:00,0.999899208578988,-0.0
2026-01-15 02:38:00+00:00,0.999899208578988,0.0
2026-01-15 02:39:00+00:00,0.999899208578988,-0.0
2026-01-15 02:40:00+00:00,0.999899208578988,-0.0
2026-01-15 02:41:00+00:00,0.999899208578988,-0.0
2026-01-15 02:42:00+00:00,0.999899208578988,0.0
2026-01-15 02:43:00+00:00,0.999899208578988,0.0
2026-01-15 02:44:00+00:00,0.999899208578988,-0.0
2026-01-15 02:45:00+00:00,0.999899208578988,0.0
2026-01-15 02:46:00+00:00,0.999899208578988,0.0
2026-01-15 02:47:00+00:00,0.999899208578988,-0.0
2026-01-15 02:48:00+00:00,0.999899208578988,0.0
2026-01-15 02:49:00+00:00,0.999899208578988,-0.0
2026-01-15 02:50:00+00:00,0.999899208578988,-0.0
2026-01-15 02:51:00+00:00,0.999899208578988,0.0
2026-01-15 02:52:00+00:00,0.999899208578988,-0.0
2026-01-15 02:53:00+00:00,0.999899208578988,-0.0
2026-01-15 02:54:00+00:00,0.999899208578988,0.0
2026-01-15 02:55:00+00:00,0.999899208578988,0.0
2026-01-15 02:56:00+00:00,0.999899208578988,-0.0
2026-01-15 02:57:00+00:00,0.999899208578988,0.0
2026-01-15 02:58:00+00:00,0.999899208578988,0.0
2026-01-15 02:59:00+00:00,0.999899208578988,0.0
2026-01-15 03:00:00+00:00,0.999899208578988,-0.0
2026-01-15 03:01:00+00:00,0.999899208578988,0.0
2026-01-15 03:02:00+00:00,0.999899208578988,-0.0
2026-01-15 03:03:00+00:00,0.999899208578988,0.0
2026-01-15 03:04:00+00:00,0.999899208578988,0.0
2026-01-15 03:05:00+00:00,0.999899208578988,0.0
2026-01-15 03:06:00+00:00,0.999899208578988,-0.0
2026-01-15 03:07:00+00:00,0.999899208578988,-0.0
2026-01-15 03:08:00+00:00,0.999899208578988,-0.0
2026-01-15 03:09:00+00:00,0.999899208578988,0.0
2026-01-15 03:10:00+00:00,0.999899208578988,-0.0
2026-01-15 03:11:00+00:00,0.999899208578988,0.0
2026-01-15 03:12:00+00:00,0.999899208578988,-0.0
2026-01-15 03:13:00+00:00,0.999899208578988,-0.0
2026-01-15 03:14:00+00:00,0.999899208578988,0.0
2026-01-15 03:15:00+00:00,0.999899208578988,0.0
2026-01-15 03:16:00+00:00,0.999899208578988,-0.0
2026-01-15 03:17:00+00:00,0.999899208578988,0.0
2026-01-15 03:18:00+00:00,0.999899208578988,0.0
2026-01-15 03:19:00+00:00,0.999899208578988,0.0
2026-01-15 03:20:00+00:00,0.999899208578988,0.0
2026-01-15 03:21:00+00:00,0.999899208578988,-0.0
2026-01-15 03:22:00+00:00,0.999899208578988,0.0
2026-01-15 03:23:00+00:00,0.999899208578988,0.0
2026-01-15 03:24:00+00:00,0.999899208578988,-0.0
2026-01-15 03:25:00+00:00,0.999899208578988,-0.0
2026-01-15 03:26:00+00:00,0.999899208578988,0.0
2026-01-15 03:27:00+00:00,0.999899208578988,0.0
2026-01-15 03:28:00+00:00,0.999899208578988,0.0
2026-01-15 03:29:00+00:00,0.999899208578988,-0.0
2026-01-15 03:30:00+00:00,0.999899208578988,0.0
2026-01-15 03:31:00+00:00,0.999899208578988,-0.0
2026-01-15 03:32:00+00:00,0.999899208578988,0.0
2026-01-15 03:33:00+00:00,0.999899208578988,-0.0
2026-01-15 03:34:00+00:00,0.999899208578988,0.0
2026-01-15 03:35:00+00:00,0.999899208578988,-0.0
2026-01-15 03:36:00+00:00,0.999899208578988,-0.0
2026-01-15 03:37:00+00:00,0.999899208578988,0.0
2026-01-15 03:38:00+00:00,0.999899208578988,-0.0
2026-01-15 03:39:00+00:00,0.999899208578988,0.0
2026-01-15 03:40:00+00:00,0.999899208578988,0.0
2026-01-15 03:41:00+00:00,0.999899208578988,0.0
2026-01-15 03:42:00+00:00,0.999899208578988,0.0
2026-01-15 03:43:00+00:00,0.999899208578988,-0.0
2026-01-15 03:44:00+00:00,0.999899208578988,-0.0
2026-01-15 03:45:00+00:00,0.999899208578988,0.0
2026-01-15 03:46:00+00:00,0.999899208578988,0.0
2026-01-15 03:47:00+00:00,0.999899208578988,0.0
2026-01-15 03:48:00+00:00,0.999899208578988,-0.0
2026-01-15 03:49:00+00:00,0.999899208578988,-0.0
2026-01-15 03:50:00+00:00,0.999899208578988,0.0
2026-01-15 03:51:00+00:00,0.999899208578988,0.0
2026-01-15 03:52:00+00:00,0.999899208578988,0.0
2026-01-15 03:53:00+00:00,0.999899208578988,-0.0
2026-01-15 03:54:00+00:00,0.999899208578988,-0.0
2026-01-15 03:55:00+00:00,0.999899208578988,0.0
2026-01-15 03:56:00+00:00,0.999899208578988,0.0
2026-01-15 03:57:00+00:00,0.999899208578988,-0.0
2026-01-15 03:58:00+00:00,0.999899208578988,0.0
2026-01-15 03:59:00+00:00,0.999899208578988,0.0
2026-01-15 04:00:00+00:00,0.999899208578988,0.0
2026-01-15 04:01:00+00:00,0.999899208578988,0.0
2026-01-15 04:02:00+00:00,0.999899208578988,-0.0
2026-01-15 04:03:00+00:00,0.999899208578988,-0.0
2026-01-15 04:04:00+00:00,0.999899208578988,0.0
2026-01-15 04:05:00+00:00,0.999899208578988,-0.0
2026-01-15 04:06:00+00:00,0.999899208578988,-0.0
2026-01-15 04:07:00+00:00,0.999899208578988,0.0
2026-01-15 04:08:00+00:00,0.999899208578988,-0.0
2026-01-15 04:09:00+00:00,0.999899208578988,0.0
2026-01-15 04:10:00+00:00,0.999899208578988,-0.0
2026-01-15 04:11:00+00:00,0.999899208578988,0.0
2026-01-15 04:12:00+00:00,0.999899208578988,-0.0
2026-01-15 04:13:00+00:00,0.999899208578988,0.0
2026-01-15 04:14:00+00:00,0.999899208578988,0.0
2026-01-15 04:15:00+00:00,0.999899208578988,-0.0
2026-01-15 04:16:00+00:00,0.999899208578988,0.0
2026-01-15 04:17:00+00:00,0.999899208578988,-0.0
2026-01-15 04:18:00+00:00,0.999899208578988,0.0
2026-01-15 04:19:00+00:00,0.999899208578988,0.0
2026-01-15 04:20:00+00:00,0.999899208578988,-0.0
2026-01-15 04:21:00+00:00,0.999899208578988,0.0
2026-01-15 04:22:00+00:00,0.999899208578988,0.0
2026-01-15 04:23:00+00:00,0.999899208578988,0.0
2026-01-15 04:24:00+00:00,0.999899208578988,-0.0
2026-01-15 04:25:00+00:00,0.999899208578988,-0.0
2026-01-15 04:26:00+00:00,0.999899208578988,-0.0
2026-01-15 04:27:00+00:00,0.999899208578988,0.0
2026-01-15 04:28:00+00:00,0.999899208578988,-0.0
2026-01-15 04:29:00+00:00,0.999899208578988,-0.0
2026-01-15 04:30:00+00:00,0.999899208578988,-0.0
2026-01-15 04:31:00+00:00,0.999899208578988,0.0
2026-01-15 04:32:00+00:00,0.999899208578988,-0.0
2026-01-15 04:33:00+00:00,0.999899208578988,-0.0
2026-01-15 04:34:00+00:00,0.999899208578988,0.0
2026-01-15 04:35:00+00:00,0.999899208578988,-0.0
2026-01-15 04:36:00+00:00,0.999899208578988,-0.0
2026-01-15 04:37:00+00:00,0.999899208578988,-0.0
2026-01-15 04:38:00+00:00,0.999899208578988,-0.0
2026-01-15 04:39:00+00:00,0.999899208578988,0.0
2026-01-15 04:40:00+00:00,0.999899208578988,-0.0
2026-01-15 04:41:00+00:00,0.999899208578988,0.0
2026-01-15 04:42:00+00:00,0.999899208578988,-0.0
2026-01-15 04:43:00+00:00,0.999899208578988,0.0
2026-01-15 04:44:00+00:00,0.999899208578988,-0.0
2026-01-15 04:45:00+00:00,0.999899208578988,0.0
2026-01-15 04:46:00+00:00,0.999899208578988,0.0
2026-01-15 04:47:00+00:00,0.999899208578988,0.0
2026-01-15 04:48:00+00:00,0.999899208578988,-0.0
2026-01-15 04:49:00+00:00,0.999899208578988,-0.0
2026-01-15 04:50:00+00:00,0.999899208578988,0.0
2026-01-15 04:51:00+00:00,0.999899208578988,0.0
2026-01-15 04:52:00+00:00,0.999899208578988,-0.0
2026-01-15 04:53:00+00:00,0.999899208578988,0.0
2026-01-15 04:54:00+00:00,0.999899208578988,-0.0
2026-01-15 04:55:00+00:00,0.999899208578988,0.0
2026-01-15 04:56:00+00:00,0.999899208578988,-0.0
2026-01-15 04:57:00+00:00,0.999899208578988,0.0
2026-01-15 04:58:00+00:00,0.999899208578988,0.0
2026-01-15 04:59:00+00:00,0.999899208578988,0.0
2026-01-15 05:00:00+00:00,0.999899208578988,-0.0
2026-01-15 05:01:00+00:00,0.999899208578988,0.0
2026-01-15 05:02:00+00:00,0.999899208578988,-0.0
2026-01-15 05:03:00+00:00,0.999899208578988,0.0
2026-01-15 05:04:00+00:00,0.999899208578988,-0.0
2026-01-15 05:05:00+00:00,0.999899208578988,0.0
2026-01-15 05:06:00+00:00,0.999899208578988,-0.0
2026-01-15 05:07:00+00:00,0.999899208578988,-0.0
2026-01-15 05:08:00+00:00,0.999899208578988,-0.0
2026-01-15 05:09:00+00:00,0.999899208578988,-0.0
2026-01-15 05:10:00+00:00,0.999899208578988,-0.0
2026-01-15 05:11:00+00:00,0.999899208578988,-0.0
2026-01-15 05:12:00+00:00,0.999899208578988,-0.0
2026-01-15 05:13:00+00:00,0.999899208578988,-0.0
2026-01-15 05:14:00+00:00,0.999899208578988,-0.0
2026-01-15 05:15:00+00:00,0.999899208578988,0.0
2026-01-15 05:16:00+00:00,0.999899208578988,-0.0
2026-01-15 05:17:00+00:00,0.999899208578988,-0.0
2026-01-15 05:18:00+00:00,0.999899208578988,0.0
2026-01-15 05:19:00+00:00,0.999899208578988,0.0
2026-01-15 05:20:00+00:00,0.999899208578988,-0.0
2026-01-15 05:21:00+00:00,0.999899208578988,-0.0
2026-01-15 05:22:00+00:00,0.999899208578988,-0.0
2026-01-15 05:23:00+00:00,0.999899208578988,0.0
2026-01-15 05:24:00+00:00,0.999899208578988,0.0
2026-01-15 05:25:00+00:00,0.999899208578988,-0.0
2026-01-15 05:26:00+00:00,0.999899208578988,-0.0
2026-01-15 05:27:00+00:00,0.999899208578988,0.0
2026-01-15 05:28:00+00:00,0.999899208578988,-0.0
2026-01-15 05:29:00+00:00,0.999899208578988,-0.0
2026-01-15 05:30:00+00:00,0.999899208578988,0.0
2026-01-15 05:31:00+00:00,0.999899208578988,0.0
2026-01-15 05:32:00+00:00,0.999899208578988,0.0
2026-01-15 05:33:00+00:00,0.999899208578988,-0.0
2026-01-15 05:34:00+00:00,0.999899208578988,-0.0
2026-01-15 05:35:00+00:00,0.999899208578988,0.0
2026-01-15 05:36:00+00:00,0.999899208578988,-0.0
2026-01-15 05:37:00+00:00,0.999899208578988,-0.0
2026-01-15 05:38:00+00:00,0.999899208578988,0.0
2026-01-15 05:39:00+00:00,0.999899208578988,-0.0
2026-01-15 05:40:00+00:00,0.999899208578988,-0.0
2026-01-15 05:41:00+00:00,0.999899208578988,0.0
2026-01-15 05:42:00+00:00,0.999899208578988,0.0
2026-01-15 05:43:00+00:00,0.999899208578988,0.0
2026-01-15 05:44:00+00:00,0.999899208578988,0.0
2026-01-15 05:45:00+00:00,0.999899208578988,-0.0
2026-01-15 05:46:00+00:00,0.999899208578988,-0.0
2026-01-15 05:47:00+00:00,0.999899208578988,0.0
2026-01-15 05:48:00+00:00,0.999899208578988,0.0
2026-01-15 05:49:00+00:00,0.999899208578988,-0.0
2026-01-15 05:50:00+00:00,0.999899208578988,-0.0
2026-01-15 05:51:00+00:00,0.999899208578988,0.0
2026-01-15 05:52:00+00:00,0.999899208578988,0.0
2026-01-15 05:53:00+00:00,0.999899208578988,-0.0
2026-01-15 05:54:00+00:00,0.999899208578988,-0.0
2026-01-15 05:55:00+00:00,0.999899208578988,-0.0
2026-01-15 05:56:00+00:00,0.999899208578988,0.0
2026-01-15 05:57:00+00:00,0.999899208578988,0.0
2026-01-15 05:58:00+00:00,0.999899208578988,-0.0
2026-01-15 05:59:00+00:00,0.999899208578988,0.0
2026-01-15 06:00:00+00:00,0.999899208578988,-0.0
2026-01-15 06:01:00+00:00,0.999899208578988,-0.0
2026-01-15 06:02:00+00:00,0.999899208578988,-0.0
2026-01-15 06:03:00+00:00,0.999899208578988,0.0
2026-01-15 06:04:00+00:00,0.999899208578988,0.0
2026-01-15 06:05:00+00:00,0.999899208578988,-0.0
2026-01-15 06:06:00+00:00,0.999899208578988,0.0
2026-01-15 06:07:00+00:00,0.999899208578988,0.0
2026-01-15 06:08:00+00:00,0.999899208578988,-0.0
2026-01-15 06:09:00+00:00,0.999899208578988,-0.0
2026-01-15 06:10:00+00:00,0.999899208578988,0.0
2026-01-15 06:11:00+00:00,0.999899208578988,0.0
2026-01-15 06:12:00+00:00,0.999899208578988,-0.0
2026-01-15 06:13:00+00:00,0.999899208578988,-0.0
2026-01-15 06:14:00+00:00,0.999899208578988,0.0
2026-01-15 06:15:00+00:00,0.999899208578988,-0.0
2026-01-15 06:16:00+00:00,0.999899208578988,0.0
2026-01-15 06:17:00+00:00,0.999899208578988,0.0
2026-01-15 06:18:00+00:00,0.999899208578988,-0.0
2026-01-15 06:19:00+00:00,0.999899208578988,0.0
2026-01-15 06:20:00+00:00,0.999899208578988,0.0
2026-01-15 06:21:00+00:00,0.999899208578988,-0.0
2026-01-15 06:22:00+00:00,0.999899208578988,-0.0
2026-01-15 06:23:00+00:00,0.999899208578988,-0.0
2026-01-15 06:24:00+00:00,0.999899208578988,0.0
2026-01-15 06:25:00+00:00,0.999899208578988,-0.0
2026-01-15 06:26:00+00:00,0.999899208578988,0.0
2026-01-15 06:27:00+00:00,0.999899208578988,0.0
2026-01-15 06:28:00+00:00,0.999899208578988,-0.0
2026-01-15 06:29:00+00:00,0.999899208578988,-0.0
2026-01-15 06:30:00+00:00,0.999899208578988,-0.0
2026-01-15 06:31:00+00:00,0.999899208578988,-0.0
2026-01-15 06:32:00+00:00,0.999899208578988,0.0
2026-01-15 06:33:00+00:00,0.999899208578988,-0.0
2026-01-15 06:34:00+00:00,0.999899208578988,0.0
2026-01-15 06:35:00+00:00,0.999899208578988,-0.0
2026-01-15 06:36:00+00:00,0.999899208578988,0.0
2026-01-15 06:37:00+00:00,0.999899208578988,-0.0
2026-01-15 06:38:00+00:00,0.999899208578988,-0.0
2026-01-15 06:39:00+00:00,0.999899208578988,0.0
2026-01-15 06:40:00+00:00,0.999899208578988,-0.0
2026-01-15 06:41:00+00:00,0.999899208578988,-0.0
2026-01-15 06:42:00+00:00,0.999899208578988,0.0
2026-01-15 06:43:00+00:00,0.999899208578988,-0.0
2026-01-15 06:44:00+00:00,0.999899208578988,-0.0
2026-01-15 06:45:00+00:00,0.999899208578988,0.0
2026-01-15 06:46:00+00:00,0.999899208578988,0.0
2026-01-15 06:47:00+00:00,0.999899208578988,0.0
2026-01-15 06:48:00+00:00,0.999899208578988,-0.0
2026-01-15 06:49:00+00:00,0.999899208578988,0.0
2026-01-15 06:50:00+00:00,0.999899208578988,-0.0
2026-01-15 06:51:00+00:00,0.999899208578988,-0.0
2026-01-15 06:52:00+00:00,0.999899208578988,0.0
2026-01-15 06:53:00+00:00,0.999899208578988,-0.0
2026-01-15 06:54:00+00:00,0.999899208578988,0.0
2026-01-15 06:55:00+00:00,0.999899208578988,-0.0
2026-01-15 06:56:00+00:00,0.999899208578988,-0.0
2026-01-15 06:57:00+00:00,0.999899208578988,0.0
2026-01-15 06:58:00+00:00,0.999899208578988,-0.0
2026-01-15 06:59:00+00:00,0.999899208578988,-0.0
2026-01-15 07:00:00+00:00,0.999899208578988,0.0
2026-01-15 07:01:00+00:00,0.999899208578988,-0.0
2026-01-15 07:02:00+00:00,0.999899208578988,0.0
2026-01-15 07:03:00+00:00,0.999899208578988,0.0
2026-01-15 07:04:00+00:00,0.999899208578988,-0.0
2026-01-15 07:05:00+00:00,0.999899208578988,-0.0
2026-01-15 07:06:00+00:00,0.999899208578988,0.0
2026-01-15 07:07:00+00:00,0.9998811163631471,-1.80940395647922e-05
2026-01-15 07:08:00+00:00,0.9999033684083306,2.2254690902112225e-05
2026-01-15 07:09:00+00:00,0.9999125495478155,9.182026758736783e-06
2026-01-15 07:10:00+00:00,0.9999006433159862,-1.1907273125743918e-05
2026-01-15 07:11:00+00:00,0.9998969444049962,-3.699278538018055e-06
2026-01-15 07:12:00+00:00,0.9998952989288721,-1.645645717134959e-06
2026-01-15 07:13:00+00:00,0.9998922093220204,-3.089930370694964e-06
2026-01-15 07:14:00+00:00,0.9998790052086853,-1.320553676891699e-05
2026-01-15 07:15:00+00:00,0.9998935514431075,1.4547994653905805e-05
2026-01-15 07:16:00+00:00,0.9999174411404409,2.389224062790139e-05
2026-01-15 07:17:00+00:00,0.9999069880599581,-1.0453943548405137e-05
2026-01-15 07:18:00+00:00,0.9999018973861138,-5.0911473819274215e-06
2026-01-15 07:19:00+00:00,0.9998954425732628,-6.455446147176814e-06
2026-01-15 07:20:00+00:00,0.9999038843167412,8.442626217780694e-06
2026-01-15 07:21:00+00:00,0.9999120795891377,8.196060166608316e-06
2026-01-15 07:22:00+00:00,0.9999024208194517,-9.659618963661616e-06
2026-01-15 07:23:00+00:00,0.9999129364339241,1.0516640677717962e-05
2026-01-15 07:24:00+00:00,0.9999063351406846,-6.601868021747928e-06
2026-01-15 07:25:00+00:00,0.9999197309651194,1.3397079270473219e-05
2026-01-15 07:26:00+00:00,0.9999349653971755,1.523565500744735e-05
2026-01-15 07:27:00+00:00,0.9999280517721028,-6.914074726870589e-06
2026-01-15 07:28:00+00:00,0.9999141722535722,-1.3880517209227909e-05
2026-01-15 07:29:00+00:00,0.9999179157620216,3.743829774073123e-06
2026-01-15 07:30:00+00:00,0.9999264854421048,8.57038357650601e-06
2026-01-15 07:31:00+00:00,0.9999438882773976,1.7404114748574024e-05
2026-01-15 07:32:00+00:00,0.9999550520272655,1.1164376320242365e-05
2026-01-15 07:33:00+00:00,0.9999569291237665,1.877180876466132e-06
2026-01-15 07:34:00+00:00,0.9999578020178049,8.729316364020641e-07
2026-01-15 07:35:00+00:00,0.9999614915491266,3.6896870190156507e-06
2026-01-15 07:36:00+00:00,0.9999511770767988,-1.031486953734481e-05
2026-01-15 07:37:00+00:00,0.9999461826772319,-4.994643420011494e-06
2026-01-15 07:38:00+00:00,0.9999605886020905,1.440670018853853e-05
2026-01-15 07:39:00+00:00,0.9999685622750446,7.973987220188327e-06
2026-01-15 07:40:00+00:00,0.9999650515156945,-3.5108697238633753e-06
2026-01-15 07:41:00+00:00,0.9999768243604381,1.1773256201103783e-05
2026-01-15 07:42:00+00:00,0.9999492080289375,-2.761697154162252e-05
2026-01-15 07:43:00+00:00,0.9999481319232661,-1.0761603316607642e-06
2026-01-15 07:44:00+00:00,0.9999443358524263,-3.7962677450568738e-06
2026-01-15 07:45:00+00:00,0.9999504470272982,6.1115150642056235e-06
2026-01-15 07:46:00+00:00,0.9999370055692043,-1.3442124191056266e-05
2026-01-15 07:47:00+00:00,0.999922348515467,-1.465797710819847e-05
2026-01-15 07:48:00+00:00,0.9999325202578535,1.0172532298722173e-05
2026-01-15 07:49:00+00:00,0.9999162480759778,-1.627327999246238e-05
2026-01-15 07:50:00+00:00,0.9999134001437833,-2.8481707342171285e-06
2026-01-15 07:51:00+00:00,0.9999248227380537,1.1423583551114452e-05
2026-01-15 07:52:00+00:00,0.9999266957123133,1.8731150752084417e-06
2026-01-15 07:53:00+00:00,0.9999348271063693,8.131990165688273e-06
2026-01-15 07:54:00+00:00,0.9999312822844051,-3.5450530056071814e-06
2026-01-15 07:55:00+00:00,0.9999436861993327,1.2404767354900078e-05
2026-01-15 07:56:00+00:00,0.99992774202539,-1.5945071870307405e-05
2026-01-15 07:57:00+00:00,0.9999406469835669,1.2905890730313061e-05
2026-01-15 07:58:00+00:00,0.9999300042371456,-1.0643378137797585e-05
2026-01-15 07:59:00+00:00,0.999960031019966,3.0028884715037773e-05
2026-01-15 08:00:00+00:00,0.9999296613450859,-3.0370888773610842e-05
2026-01-15 08:01:00+00:00,0.9999246690583727,-4.992637888543173e-06
2026-01-15 08:02:00+00:00,0.9999225573060708,-2.111911394163347e-06
2026-01-15 08:03:00+00:00,0.9999279178324615,5.360941556386512e-06
2026-01-15 08:04:00+00:00,0.9999370812635763,9.164091682433435e-06
2026-01-15 08:05:00+00:00,0.999937893437785,8.12225312938055e-07
2026-01-15 08:06:00+00:00,0.9999363943585017,-1.4991723917463856e-06
2026-01-15 08:07:00+00:00,0.9999244811957844,-1.1913920509925753e-05
2026-01-15 08:08:00+00:00,0.99993424637041,9.765912135716628e-06
2026-01-15 08:09:00+00:00,0.999933417534305,-8.288906075275511e-07
2026-01-15 08:10:00+00:00,0.9999254314552828,-7.986610790409838e-06
2026-01-15 08:11:00+00:00,0.9999406995392368,1.5269222557589873e-05
2026-01-15 08:12:00+00:00,0.9999294435696965,-1.1256637064148464e-05
2026-01-15 08:13:00+00:00,0.9999436965888348,1.4254024851401715e-05
2026-01-15 08:14:00+00:00,0.9999328609753381,-1.0836223613093145e-05
2026-01-15 08:15:00+00:00,0.9999307457527253,-2.115364636289852e-06
2026-01-15 08:16:00+00:00,0.9999320806483718,1.334988099982011e-06
2026-01-15 08:17:00+00:00,0.9999357719022495,3.6915046022114623e-06
2026-01-15 08:18:00+00:00,0.9999420991847675,6.327688933512737e-06
2026-01-15 08:19:00+00:00,0.9999448437661503,2.74474030552979e-06
2026-01-15 08:20:00+00:00,0.9999461386936398,1.2949989167981877e-06
2026-01-15 08:21:00+00:00,0.9999328089850954,-1.3330426538647368e-05
2026-01-15 08:22:00+00:00,0.9999454421688042,1.263403260232612e-05
2026-01-15 08:23:00+00:00,0.9999314204439178,-1.4022489922976808e-05
2026-01-15 08:24:00+00:00,0.9999480711201418,1.6651818198414013e-05
2026-01-15 08:25:00+00:00,0.9999351758576787,-1.2895932134540522e-05
2026-01-15 08:26:00+00:00,0.9999272282337066,-7.948139203299665e-06
2026-01-15 08:27:00+00:00,0.9999269833513365,-2.4490019205508577e-07
2026-01-15 08:28:00+00:00,0.9999236359675779,-3.3476281911102136e-06
2026-01-15 08:29:00+00:00,0.9999009435668524,-2.2694133741086168e-05
2026-01-15 08:30:00+00:00,0.9999109120316171,9.969452303108689e-06
2026-01-15 08:31:00+00:00,0.9999227794992527,1.1868524978409657e-05
2026-01-15 08:32:00+00:00,0.9998948330048802,-2.7948652581419086e-05
2026-01-15 08:33:00+00:00,0.9998881119435905,-6.721768197947319e-06
2026-01-15 08:34:00+00:00,0.9999098184354683,2.1708920846808754e-05
2026-01-15 08:35:00+00:00,0.9998958222929034,-1.39974048728575e-05
2026-01-15 08:36:00+00:00,0.999908417754412,1.2596773811521576e-05
2026-01-15 08:37:00+00:00,0.9999035214638946,-4.896738971696444e-06
2026-01-15 08:38:00+00:00,0.999889850598572,-1.3672184394858678e-05
2026-01-15 08:39:00+00:00,0.9999105066231428,2.0658300070113198e-05
2026-01-15 08:40:00+00:00,0.9999078828868923,-2.623971078681027e-06
2026-01-15 08:41:00+00:00,0.9999066421776867,-1.2408235067577059e-06
2026-01-15 08:42:00+00:00,0.9999225004374792,1.5859740423302438e-05
2026-01-15 08:43:00+00:00,0.9999113047241898,-1.1196581019597093e-05
2026-01-15 08:44:00+00:00,0.9998970049248573,-1.4301067769556325e-05
2026-01-15 08:45:00+00:00,0.9998935008831776,-3.504402615828387e-06
2026-01-15 08:46:00+00:00,0.9999038494290777,1.0349648128563326e-05
2026-01-15 08:47:00+00:00,0.999919084518476,1.5236554401765479e-05
2026-01-15 08:48:00+00:00,0.9999039081174499,-1.5177629131328202e-05
2026-01-15 08:49:00+00:00,0.9999348748547988,3.0969713286868665e-05
2026-01-15 08:50:00+00:00,0.9998976180723493,-3.7259208960902025e-05
2026-01-15 08:51:00+00:00,0.999895866552196,-1.7516994956508648e-06
2026-01-15 08:52:00+00:00,0.9999058023009294,9.936783484854296e-06
2026-01-15 08:53:00+00:00,0.9999033935743676,-2.4089534796739562e-06
2026-01-15 08:54:00+00:00,0.999923707776855,2.031616515942502e-05
2026-01-15 08:55:00+00:00,0.9999209328615034,-2.7751270722161165e-06
2026-01-15 08:56:00+00:00,0.9999145617111298,-6.371654162087064e-06
2026-01-15 08:57:00+00:00,0.9999119568826086,-2.6050510923161007e-06
2026-01-15 08:58:00+00:00,0.9999103237734871,-1.6332529181762267e-06
2026-01-15 08:59:00+00:00,0.9999189715560507,8.648558133563347e-06
2026-01-15 09:00:00+00:00,0.9999299770969371,1.1006432720626664e-05
2026-01-15 09:01:00+00:00,0.999913062451866,-1.691582956661949e-05
2026-01-15 09:02:00+00:00,0.9999240895020144,1.1028008896443635e-05
2026-01-15 09:03:00+00:00,0.9999078371206366,-1.6253615197805572e-05
2026-01-15 09:04:00+00:00,0.999920077336191,1.2241343751949552e-05
2026-01-15 09:05:00+00:00,0.9999435877215687,2.3512264540521848e-05
2026-01-15 09:06:00+00:00,0.9999348509851973,-8.737229258455406e-06
2026-01-15 09:07:00+00:00,0.9999324419255383,-2.4092166171082214e-06
2026-01-15 09:08:00+00:00,0.9999351261501275,2.684405942395933e-06
2026-01-15 09:09:00+00:00,0.9999346879307391,-4.38247819178588e-07
2026-01-15 09:10:00+00:00,0.9999188469452792,-1.5842020135099427e-05
2026-01-15 09:11:00+00:00,0.999926492901632,7.646576895881771e-06
2026-01-15 09:12:00+00:00,0.9999328755268501,6.383094420760169e-06
2026-01-15 09:13:00+00:00,0.9999330055776713,1.3005955132305244e-07
2026-01-15 09:14:00+00:00,0.9999222138997867,-1.0792400915173062e-05
2026-01-15 09:15:00+00:00,0.9999375965146869,1.5383811546789637e-05
2026-01-15 09:16:00+00:00,0.9999417637925742,4.167537956025815e-06
2026-01-15 09:17:00+00:00,0.9999312700085694,-1.0494395158597775e-05
2026-01-15 09:18:00+00:00,0.9999303028070109,-9.672680388476489e-07
2026-01-15 09:19:00+00:00,0.9999339196233699,3.6170684586367784e-06
2026-01-15 09:20:00+00:00,0.9999274916450495,-6.428403111704287e-06
2026-01-15 09:21:00+00:00,0.9999239477310063,-3.544171025142463e-06
2026-01-15 09:22:00+00:00,0.99992658807324,2.6405430529244258e-06
2026-01-15 09:23:00+00:00,0.9999151830554365,-1.1405855129259383e-05
2026-01-15 09:24:00+00:00,0.9999217658058214,6.583308761034766e-06
2026-01-15 09:25:00+00:00,0.9999205378582369,-1.2280436595282913e-06
2026-01-15 09:26:00+00:00,0.9999193381523013,-1.1998012743386322e-06
2026-01-15 09:27:00+00:00,0.9999247540700194,5.4163546113566e-06
2026-01-15 09:28:00+00:00,0.9999066288647256,-1.8126569244324853e-05
2026-01-15 09:29:00+00:00,0.999895766364772,-1.086351429225627e-05
2026-01-15 09:30:00+00:00,0.9999093543027772,1.358935447309002e-05
2026-01-15 09:31:00+00:00,0.9999123638080729,3.009778119193711e-06
2026-01-15 09:32:00+00:00,0.9999235588629637,1.119603606859647e-05
2026-01-15 09:33:00+00:00,0.9999245889967344,1.030212521343332e-06
2026-01-15 09:34:00+00:00,0.9999090441448543,-1.55460242215188e-05
2026-01-15 09:35:00+00:00,0.9999141672693846,5.123590550829299e-06
2026-01-15 09:36:00+00:00,0.999922589280928,8.42273448965061e-06
2026-01-15 09:37:00+00:00,0.9998870557015054,-3.5536330315539664e-05
2026-01-15 09:38:00+00:00,0.9998865858722316,-4.6988234434548447e-07
2026-01-15 09:39:00+00:00,0.9998939973767719,7.412345205002051e-06
2026-01-15 09:40:00+00:00,0.999872617281592,-2.1382361766292713e-05
2026-01-15 09:41:00+00:00,0.9998542267139069,-1.8392910624091597e-05
2026-01-15 09:42:00+00:00,0.9998878406206196,3.361880743685063e-05
2026-01-15 09:43:00+00:00,0.9998911110112997,3.2707575261455037e-06
2026-01-15 09:44:00+00:00,0.9998642959348655,-2.6817996618752834e-05
2026-01-15 09:45:00+00:00,0.9998820629029133,1.7769379424694363e-05
2026-01-15 09:46:00+00:00,0.999885809134096,3.7466730544831136e-06
2026-01-15 09:47:00+00:00,0.9998900069068518,4.198252158019974e-06
2026-01-15 09:48:00+00:00,0.9998675961039242,-2.2413268232359803e-05
2026-01-15 09:49:00+00:00,0.9999089183987638,4.1327766796978065e-05
2026-01-15 09:50:00+00:00,0.9999031690950451,-5.749827422243837e-06
2026-01-15 09:51:00+00:00,0.9999265296583835,2.3362825581960188e-05
2026-01-15 09:52:00+00:00,0.9999162177380952,-1.0312677964145758e-05
2026-01-15 09:53:00+00:00,0.9998979510613514,-1.8268207295541276e-05
2026-01-15 09:54:00+00:00,0.9998873610098767,-1.059113228838695e-05
2026-01-15 09:55:00+00:00,0.9999162526967693,2.8894941589619488e-05
2026-01-15 09:56:00+00:00,0.9998909314775276,-2.5323340003123046e-05
2026-01-15 09:57:00+00:00,0.9998922241409515,1.292804428108081e-06
2026-01-15 09:58:00+00:00,0.9999009547810066,8.731581108786675e-06
2026-01-15 09:59:00+00:00,0.9998982588733633,-2.696174686546584e-06
2026-01-15 10:00:00+00:00,0.9999073853791327,9.12743440485688e-06
2026-01-15 10:01:00+00:00,0.9999183128363319,1.0928469335248818e-05
2026-01-15 10:02:00+00:00,0.9999204094241892,2.096759135601129e-06
2026-01-15 10:03:00+00:00,0.9999062769099808,-1.4133639112918528e-05
2026-01-15 10:04:00+00:00,0.999904675420761,-1.6016393303689252e-06
2026-01-15 10:05:00+00:00,0.9998867706853816,-1.790644230353127e-05
2026-01-15 10:06:00+00:00,0.9998944176887578,7.647869339058307e-06
2026-01-15 10:07:00+00:00,0.9998906808925162,-3.7371908228601365e-06
2026-01-15 10:08:00+00:00,0.9998709065296667,-1.9776524801578742e-05
2026-01-15 10:09:00+00:00,0.9998540015301616,-1.69071821119382e-05
2026-01-15 10:10:00+00:00,0.9998380105565158,-1.5993308644482802e-05
2026-01-15 10:11:00+00:00,0.9998445466128139,6.537115241874043e-06
2026-01-15 10:12:00+00:00,0.9998431177169986,-1.429117976423334e-06
2026-01-15 10:13:00+00:00,0.9998680041417862,2.4890329639452277e-05
2026-01-15 10:14:00+00:00,0.9998602954584932,-7.709700941652462e-06
2026-01-15 10:15:00+00:00,0.9998480397783418,-1.2257392564849425e-05
2026-01-15 10:16:00+00:00,0.9998470911855626,-9.487369494787972e-07
2026-01-15 10:17:00+00:00,0.9998451119683492,-1.9795198993184917e-06
2026-01-15 10:18:00+00:00,0.9998463054667771,1.1936833150055509e-06
2026-01-15 10:19:00+00:00,0.9998268082592503,-1.950020460162087e-05
2026-01-15 10:20:00+00:00,0.9998262051382923,-6.032254316561559e-07
2026-01-15 10:21:00+00:00,0.9998142735352957,-1.193367700835179e-05
2026-01-15 10:22:00+00:00,0.9998281361738236,1.386521366501353e-05
2026-01-15 10:23:00+00:00,0.9998272032867507,-9.330474299714392e-07
2026-01-15 10:24:00+00:00,0.9998177297710074,-9.475153018610486e-06
2026-01-15 10:25:00+00:00,0.9998345087404455,1.6782028302353387e-05
2026-01-15 10:26:00+00:00,0.9998329414875258,-1.5675123294299264e-06
2026-01-15 10:27:00+00:00,0.9998379933537301,5.052710302634861e-06
2026-01-15 10:28:00+00:00,0.9998374284926861,-5.649525701862593e-07
2026-01-15 10:29:00+00:00,0.9998471932232156,9.766318254611347e-06
2026-01-15 10:30:00+00:00,0.9998355638458941,-1.1631154640716979e-05
2026-01-15 10:31:00+00:00,0.9998215475818855,-1.4018569168281982e-05
2026-01-15 10:32:00+00:00,0.9998338187136788,1.2273321997401616e-05
2026-01-15 10:33:00+00:00,0.9998401289845358,6.3113196802150924e-06
2026-01-15 10:34:00+00:00,0.9998347739630499,-5.355877735561029e-06
2026-01-15 10:35:00+00:00,0.9998310793642486,-3.695209346027121e-06
2026-01-15 10:36:00+00:00,0.9998209434698678,-1.01376068317235e-05
2026-01-15 10:37:00+00:00,0.9998248278798961,3.88510568174371e-06
2026-01-15 10:38:00+00:00,0.9998325599341058,7.733408887268042e-06
2026-01-15 10:39:00+00:00,0.9998417745628009,9.216171851467626e-06
2026-01-15 10:40:00+00:00,0.9998403369780295,-1.437812269812322e-06
2026-01-15 10:41:00+00:00,0.9998248871167551,-1.5452328439942778e-05
2026-01-15 10:42:00+00:00,0.9998411005172392,1.6216240156691376e-05
2026-01-15 10:43:00+00:00,0.9998491564692733,8.057232324308603e-06
2026-01-15 10:44:00+00:00,0.9998375766663115,-1.1581549963694353e-05
2026-01-15 10:45:00+00:00,0.9998406183581959,3.042186006489066e-06
2026-01-15 10:46:00+00:00,0.9998347834491239,-5.835839197691505e-06
2026-01-15 10:47:00+00:00,0.9998398717239725,5.089115654656329e-06
2026-01-15 10:48:00+00:00,0.9998552476706144,1.5378409160020688e-05
2026-01-15 10:49:00+00:00,0.9998585713918172,3.3242023889135454e-06
2026-01-15 10:50:00+00:00,0.9998676203365486,9.050224692000296e-06
2026-01-15 10:51:00+00:00,0.999864381486093,-3.2392792702220412e-06
2026-01-15 10:52:00+00:00,0.9998738456318651,9.465429459650395e-06
2026-01-15 10:53:00+00:00,0.9998649600056267,-8.886747340332027e-06
2026-01-15 10:54:00+00:00,0.9998871570372883,2.2200029553413127e-05
2026-01-15 10:55:00+00:00,0.9998692151059926,-1.7943956144845127e-05
2026-01-15 10:56:00+00:00,0.9998698566750877,6.416530136521807e-07
2026-01-15 10:57:00+00:00,0.9998848830689852,1.5028349736779036e-05
2026-01-15 10:58:00+00:00,0.9998838302677485,-1.0529224457823936e-06
2026-01-15 10:59:00+00:00,0.9998830173923776,-8.129698133596146e-07
2026-01-15 11:00:00+00:00,0.9998811273822191,-1.890231282764596e-06
2026-01-15 11:01:00+00:00,0.9998893534408755,8.227036625809483e-06
2026-01-15 11:02:00+00:00,0.99988672664474,-2.627086813600165e-06
2026-01-15 11:03:00+00:00,0.9998748475277845,-1.188046269529596e-05
2026-01-15 11:04:00+00:00,0.9998905191782028,1.5673612009501848e-05
2026-01-15 11:05:00+00:00,0.9999001143271917,9.596199588805558e-06
2026-01-15 11:06:00+00:00,0.999888260034896,-1.18554764880225e-05
2026-01-15 11:07:00+00:00,0.9998874856292053,-7.744922324353386e-07
2026-01-15 11:08:00+00:00,0.9998922530963317,4.768003595354848e-06
2026-01-15 11:09:00+00:00,0.9998828804625893,-9.373643723416981e-06
2026-01-15 11:10:00+00:00,0.9998946355057552,1.1756420072305492e-05
2026-01-15 11:11:00+00:00,0.9998884211888025,-6.214971790106904e-06
2026-01-15 11:12:00+00:00,0.9998869283799602,-1.4929754266961537e-06
2026-01-15 11:13:00+00:00,0.9998909541814222,4.026256717427568e-06
2026-01-15 11:14:00+00:00,0.9998939494676384,2.9956128752404756e-06
2026-01-15 11:15:00+00:00,0.9998933228421087,-6.266919907222777e-07
2026-01-15 11:16:00+00:00,0.9998846366463829,-8.687122443293806e-06
2026-01-15 11:17:00+00:00,0.9998810503048818,-3.586755281250588e-06
2026-01-15 11:18:00+00:00,0.9998955487638338,1.4500183744363134e-05
2026-01-15 11:19:00+00:00,0.999917134116927,2.1587607945375436e-05
2026-01-15 11:20:00+00:00,0.9999163336258778,-8.005573880684035e-07
2026-01-15 11:21:00+00:00,0.9999108472764948,-5.486808444339995e-06
2026-01-15 11:22:00+00:00,0.9999179167884313,7.070142258903555e-06
2026-01-15 11:23:00+00:00,0.9999040036750216,-1.3914255536480252e-05
2026-01-15 11:24:00+00:00,0.9999213263475443,1.7324335595303312e-05
2026-01-15 11:25:00+00:00,0.999902458328042,-1.8869504035100134e-05
2026-01-15 11:26:00+00:00,0.9999204710902124,1.80145193367605e-05
2026-01-15 11:27:00+00:00,0.999922278402202,1.8074557346972714e-06
2026-01-15 11:28:00+00:00,0.9999263170737472,4.038985461599784e-06
2026-01-15 11:29:00+00:00,0.9999260323312242,-2.847635051764093e-07
2026-01-15 11:30:00+00:00,0.9999260323312242,-0.0
2026-01-15 11:31:00+00:00,0.9999260323312242,0.0
2026-01-15 11:32:00+00:00,0.9999260323312242,0.0
2026-01-15 11:33:00+00:00,0.9999260323312242,-0.0
2026-01-15 11:34:00+00:00,0.9999260323312242,0.0
2026-01-15 11:35:00+00:00,0.9999260323312242,-0.0
2026-01-15 11:36:00+00:00,0.9999260323312242,0.0
2026-01-15 11:37:00+00:00,0.9999260323312242,0.0
2026-01-15 11:38:00+00:00,0.9999260323312242,-0.0
2026-01-15 11:39:00+00:00,0.9999260323312242,-0.0
2026-01-15 11:40:00+00:00,0.9999260323312242,-0.0
2026-01-15 11:41:00+00:00,0.9999260323312242,-0.0
2026-01-15 11:42:00+00:00,0.9999260323312242,-0.0
2026-01-15 11:43:00+00:00,0.9999260323312242,-0.0
2026-01-15 11:44:00+00:00,0.9999260323312242,0.0
2026-01-15 11:45:00+00:00,0.9999260323312242,-0.0
2026-01-15 11:46:00+00:00,0.9999260323312242,-0.0
2026-01-15 11:47:00+00:00,0.9999260323312242,0.0
2026-01-15 11:48:00+00:00,0.9999260323312242,-0.0
2026-01-15 11:49:00+00:00,0.9999260323312242,-0.0
2026-01-15 11:50:00+00:00,0.9999260323312242,-0.0
2026-01-15 11:51:00+00:00,0.9999260323312242,0.0
2026-01-15 11:52:00+00:00,0.9999260323312242,-0.0
2026-01-15 11:53:00+00:00,0.9999260323312242,-0.0
2026-01-15 11:54:00+00:00,0.9999260323312242,-0.0
2026-01-15 11:55:00+00:00,0.9999260323312242,0.0
2026-01-15 11:56:00+00:00,0.9999260323312242,-0.0
2026-01-15 11:57:00+00:00,0.9999260323312242,0.0
2026-01-15 11:58:00+00:00,0.9999260323312242,-0.0
2026-01-15 11:59:00+00:00,0.9999260323312242,-0.0
2026-01-15 12:00:00+00:00,0.9999260323312242,0.0
2026-01-15 12:01:00+00:00,0.9999260323312242,0.0
2026-01-15 12:02:00+00:00,0.9999260323312242,0.0
2026-01-15 12:03:00+00:00,0.9999260323312242,0.0
2026-01-15 12:04:00+00:00,0.9999260323312242,-0.0
2026-01-15 12:05:00+00:00,0.9999260323312242,-0.0
2026-01-15 12:06:00+00:00,0.9999260323312242,0.0
2026-01-15 12:07:00+00:00,0.9999260323312242,-0.0
2026-01-15 12:08:00+00:00,0.9999260323312242,0.0
2026-01-15 12:09:00+00:00,0.9999260323312242,-0.0
2026-01-15 12:10:00+00:00,0.9999260323312242,0.0
2026-01-15 12:11:00+00:00,0.9999260323312242,0.0
2026-01-15 12:12:00+00:00,0.9999260323312242,0.0
2026-01-15 12:13:00+00:00,0.9999260323312242,-0.0
2026-01-15 12:14:00+00:00,0.9999260323312242,0.0
2026-01-15 12:15:00+00:00,0.9999260323312242,0.0
2026-01-15 12:16:00+00:00,0.9999260323312242,-0.0
2026-01-15 12:17:00+00:00,0.9999260323312242,-0.0
2026-01-15 12:18:00+00:00,0.9999260323312242,0.0
2026-01-15 12:19:00+00:00,0.9999260323312242,-0.0
2026-01-15 12:20:00+00:00,0.9999260323312242,0.0
2026-01-15 12:21:00+00:00,0.9999260323312242,-0.0
2026-01-15 12:22:00+00:00,0.9999260323312242,0.0
2026-01-15 12:23:00+00:00,0.9999260323312242,0.0
2026-01-15 12:24:00+00:00,0.9999260323312242,0.0
2026-01-15 12:25:00+00:00,0.9999260323312242,-0.0
2026-01-15 12:26:00+00:00,0.9999260323312242,0.0
2026-01-15 12:27:00+00:00,0.9999260323312242,-0.0
2026-01-15 12:28:00+00:00,0.9999260323312242,0.0
2026-01-15 12:29:00+00:00,0.9999260323312242,0.0
2026-01-15 12:30:00+00:00,0.9999260323312242,0.0
2026-01-15 12:31:00+00:00,0.9999260323312242,-0.0
2026-01-15 12:32:00+00:00,0.9999260323312242,-0.0
2026-01-15 12:33:00+00:00,0.9999260323312242,0.0
2026-01-15 12:34:00+00:00,0.9999260323312242,0.0
2026-01-15 12:35:00+00:00,0.9999260323312242,-0.0
2026-01-15 12:36:00+00:00,0.9999260323312242,-0.0
2026-01-15 12:37:00+00:00,0.9999260323312242,0.0
2026-01-15 12:38:00+00:00,0.9999260323312242,-0.0
2026-01-15 12:39:00+00:00,0.9999260323312242,0.0
2026-01-15 12:40:00+00:00,0.9999260323312242,-0.0
2026-01-15 12:41:00+00:00,0.9999260323312242,-0.0
2026-01-15 12:42:00+00:00,0.9999260323312242,-0.0
2026-01-15 12:43:00+00:00,0.9999260323312242,0.0
2026-01-15 12:44:00+00:00,0.9999260323312242,-0.0
2026-01-15 12:45:00+00:00,0.9999260323312242,0.0
2026-01-15 12:46:00+00:00,0.9999260323312242,0.0
2026-01-15 12:47:00+00:00,0.9999260323312242,0.0
2026-01-15 12:48:00+00:00,0.9999260323312242,0.0
2026-01-15 12:49:00+00:00,0.9999260323312242,-0.0
2026-01-15 12:50:00+00:00,0.9999260323312242,0.0
2026-01-15 12:51:00+00:00,0.9999260323312242,0.0
2026-01-15 12:52:00+00:00,0.9999260323312242,-0.0
2026-01-15 12:53:00+00:00,0.9999260323312242,0.0
2026-01-15 12:54:00+00:00,0.9999260323312242,0.0
2026-01-15 12:55:00+00:00,0.9999260323312242,-0.0
2026-01-15 12:56:00+00:00,0.9999260323312242,0.0
2026-01-15 12:57:00+00:00,0.9999260323312242,0.0
2026-01-15 12:58:00+00:00,0.9999260323312242,0.0
2026-01-15 12:59:00+00:00,0.9999260323312242,-0.0
2026-01-15 13:00:00+00:00,0.9999260323312242,0.0
2026-01-15 13:01:00+00:00,0.9999260323312242,0.0
2026-01-15 13:02:00+00:00,0.9999260323312242,-0.0
2026-01-15 13:03:00+00:00,0.9999260323312242,-0.0
2026-01-15 13:04:00+00:00,0.9999260323312242,0.0
2026-01-15 13:05:00+00:00,0.9999260323312242,-0.0
2026-01-15 13:06:00+00:00,0.9999260323312242,0.0
2026-01-15 13:07:00+00:00,0.9999260323312242,-0.0
2026-01-15 13:08:00+00:00,0.9999260323312242,0.0
2026-01-15 13:09:00+00:00,0.9999260323312242,0.0
2026-01-15 13:10:00+00:00,0.9999260323312242,0.0
2026-01-15 13:11:00+00:00,0.9999260323312242,-0.0
2026-01-15 13:12:00+00:00,0.9999260323312242,0.0
2026-01-15 13:13:00+00:00,0.9999260323312242,0.0
2026-01-15 13:14:00+00:00,0.9999260323312242,-0.0
2026-01-15 13:15:00+00:00,0.9999260323312242,0.0
2026-01-15 13:16:00+00:00,0.9999260323312242,0.0
2026-01-15 13:17:00+00:00,0.9999260323312242,-0.0
2026-01-15 13:18:00+00:00,0.9999260323312242,0.0
2026-01-15 13:19:00+00:00,0.9999260323312242,-0.0
2026-01-15 13:20:00+00:00,0.9999260323312242,-0.0
2026-01-15 13:21:00+00:00,0.9999260323312242,-0.0
2026-01-15 13:22:00+00:00,0.9999260323312242,0.0
2026-01-15 13:23:00+00:00,0.9999260323312242,0.0
2026-01-15 13:24:00+00:00,0.9999260323312242,0.0
2026-01-15 13:25:00+00:00,0.9999260323312242,-0.0
2026-01-15 13:26:00+00:00,0.9999260323312242,0.0
2026-01-15 13:27:00+00:00,0.9999260323312242,-0.0
2026-01-15 13:28:00+00:00,0.9999260323312242,-0.0
2026-01-15 13:29:00+00:00,0.9999260323312242,0.0
2026-01-15 13:30:00+00:00,0.9999260323312242,-0.0
2026-01-15 13:31:00+00:00,0.9999260323312242,-0.0
2026-01-15 13:32:00+00:00,0.9999260323312242,0.0
2026-01-15 13:33:00+00:00,0.9999260323312242,-0.0
2026-01-15 13:34:00+00:00,0.9999260323312242,-0.0
2026-01-15 13:35:00+00:00,0.9999260323312242,0.0
2026-01-15 13:36:00+00:00,0.9999260323312242,0.0
2026-01-15 13:37:00+00:00,0.9999260323312242,0.0
2026-01-15 13:38:00+00:00,0.9999260323312242,0.0
2026-01-15 13:39:00+00:00,0.9999260323312242,-0.0
2026-01-15 13:40:00+00:00,0.9999260323312242,0.0
2026-01-15 13:41:00+00:00,0.9999260323312242,0.0
2026-01-15 13:42:00+00:00,0.9999260323312242,0.0
2026-01-15 13:43:00+00:00,0.9999260323312242,-0.0
2026-01-15 13:44:00+00:00,0.9999260323312242,0.0
2026-01-15 13:45:00+00:00,0.9999260323312242,-0.0
2026-01-15 13:46:00+00:00,0.9999260323312242,0.0
2026-01-15 13:47:00+00:00,0.9999260323312242,0.0
2026-01-15 13:48:00+00:00,0.9999260323312242,0.0
2026-01-15 13:49:00+00:00,0.9999260323312242,-0.0
2026-01-15 13:50:00+00:00,0.9999260323312242,0.0
2026-01-15 13:51:00+00:00,0.9999260323312242,-0.0
2026-01-15 13:52:00+00:00,0.9999260323312242,0.0
2026-01-15 13:53:00+00:00,0.9999260323312242,-0.0
2026-01-15 13:54:00+00:00,0.9999260323312242,0.0
2026-01-15 13:55:00+00:00,0.9999260323312242,0.0
2026-01-15 13:56:00+00:00,0.9999260323312242,-0.0
2026-01-15 13:57:00+00:00,0.9999260323312242,-0.0
2026-01-15 13:58:00+00:00,0.9999260323312242,-0.0
2026-01-15 13:59:00+00:00,0.9999260323312242,0.0
2026-01-15 14:00:00+00:00,0.9999260323312242,0.0
2026-01-15 14:01:00+00:00,0.9999260323312242,0.0
2026-01-15 14:02:00+00:00,0.9999260323312242,0.0
2026-01-15 14:03:00+00:00,0.9999260323312242,0.0
2026-01-15 14:04:00+00:00,0.9999260323312242,0.0
2026-01-15 14:05:00+00:00,0.9999260323312242,-0.0
2026-01-15 14:06:00+00:00,0.9999260323312242,0.0
2026-01-15 14:07:00+00:00,0.9999260323312242,0.0
2026-01-15 14:08:00+00:00,0.9999260323312242,0.0
2026-01-15 14:09:00+00:00,0.9999260323312242,-0.0
2026-01-15 14:10:00+00:00,0.9999260323312242,-0.0
2026-01-15 14:11:00+00:00,0.9999260323312242,0.0
2026-01-15 14:12:00+00:00,0.9999260323312242,-0.0
2026-01-15 14:13:00+00:00,0.9999260323312242,0.0
2026-01-15 14:14:00+00:00,0.9999260323312242,0.0
2026-01-15 14:15:00+00:00,0.9999260323312242,0.0
2026-01-15 14:16:00+00:00,0.9999260323312242,-0.0
2026-01-15 14:17:00+00:00,0.9999260323312242,-0.0
2026-01-15 14:18:00+00:00,0.9999260323312242,0.0
2026-01-15 14:19:00+00:00,0.9999260323312242,-0.0
2026-01-15 14:20:00+00:00,0.9999260323312242,-0.0
2026-01-15 14:21:00+00:00,0.9999260323312242,-0.0
2026-01-15 14:22:00+00:00,0.9999260323312242,0.0
2026-01-15 14:23:00+00:00,0.9999260323312242,-0.0
2026-01-15 14:24:00+00:00,0.9999260323312242,-0.0
2026-01-15 14:25:00+00:00,0.9999260323312242,-0.0
2026-01-15 14:26:00+00:00,0.9999260323312242,0.0
2026-01-15 14:27:00+00:00,0.9999260323312242,-0.0
2026-01-15 14:28:00+00:00,0.9999260323312242,-0.0
2026-01-15 14:29:00+00:00,0.9999260323312242,0.0
2026-01-15 14:30:00+00:00,0.9999260323312242,0.0
2026-01-15 14:31:00+00:00,0.9999260323312242,-0.0
2026-01-15 14:32:00+00:00,0.9999260323312242,-0.0
2026-01-15 14:33:00+00:00,0.9999260323312242,-0.0
2026-01-15 14:34:00+00:00,0.9999260323312242,-0.0
2026-01-15 14:35:00+00:00,0.9999260323312242,-0.0
2026-01-15 14:36:00+00:00,0.9999084598363436,-1.7573794773303294e-05
2026-01-15 14:37:00+00:00,0.999937463045781,2.9005864639108555e-05
2026-01-15 14:38:00+00:00,0.9998931937151507,-4.427209927244013e-05
2026-01-15 14:39:00+00:00,0.9998931236317146,-7.009092223712373e-08
2026-01-15 14:40:00+00:00,0.999871099133281,-2.202685258358546e-05
2026-01-15 14:41:00+00:00,0.9998516158229803,-1.948582204006391e-05
2026-01-15 14:42:00+00:00,0.999859460191318,7.845532490651708e-06
2026-01-15 14:43:00+00:00,0.9998407716899511,-1.8691128214480843e-05
2026-01-15 14:44:00+00:00,0.9997973109388303,-4.346767240477361e-05
2026-01-15 14:45:00+00:00,0.9997818444148321,-1.5469659528972868e-05
2026-01-15 14:46:00+00:00,0.9997825730628263,7.288069875253572e-07
2026-01-15 14:47:00+00:00,0.9997858488738421,3.2765234203054517e-06
2026-01-15 14:48:00+00:00,0.9998065144563062,2.0670008969780038e-05
2026-01-15 14:49:00+00:00,0.9998255032711533,1.8992489619306145e-05
2026-01-15 14:50:00+00:00,0.9998553158781731,2.9817810130116236e-05
2026-01-15 14:51:00+00:00,0.9998383436395633,-1.6974694578572362e-05
2026-01-15 14:52:00+00:00,0.9998270809921287,-1.1264468407451882e-05
2026-01-15 14:53:00+00:00,0.9998609430588337,3.386792311268797e-05
2026-01-15 14:54:00+00:00,0.999894443739244,3.3505339560310003e-05
2026-01-15 14:55:00+00:00,0.9999036242840794,9.181514001811427e-06
2026-01-15 14:56:00+00:00,0.9998715401435786,-3.208723293090488e-05
2026-01-15 14:57:00+00:00,0.9998522867746508,-1.9255842530562777e-05
2026-01-15 14:58:00+00:00,0.999846036863417,-6.250834564705532e-06
2026-01-15 14:59:00+00:00,0.9998557009982671,9.665622999742164e-06
2026-01-15 15:00:00+00:00,0.9998970006414807,4.130560357077727e-05
2026-01-15 15:01:00+00:00,0.999899256239219,2.2558300873537147e-06
2026-01-15 15:02:00+00:00,0.9999083209263963,9.065600479897485e-06
2026-01-15 15:03:00+00:00,0.9998748380184683,-3.348597789136146e-05
2026-01-15 15:04:00+00:00,0.9998568250443898,-1.801522890031378e-05
2026-01-15 15:05:00+00:00,0.9998791450567827,2.232320851721916e-05
2026-01-15 15:06:00+00:00,0.9998568147017581,-2.2333054084484227e-05
2026-01-15 15:07:00+00:00,0.9998317110175464,-2.510727920501394e-05
2026-01-15 15:08:00+00:00,0.9998315019683288,-2.0908440428306756e-07
2026-01-15 15:09:00+00:00,0.9999037165817516,7.222678349363295e-05
2026-01-15 15:10:00+00:00,0.9998863030897384,-1.7415168805141044e-05
2026-01-15 15:11:00+00:00,0.9999176631553827,3.136363159224944e-05
2026-01-15 15:12:00+00:00,0.9999214473097241,3.784465942466465e-06
2026-01-15 15:13:00+00:00,0.9998820129157264,-3.943749191885433e-05
2026-01-15 15:14:00+00:00,0.9998951645324358,1.3153168613341518e-05
2026-01-15 15:15:00+00:00,0.9999053604434103,1.0196979979830217e-05
2026-01-15 15:16:00+00:00,0.9999200140462078,1.4654989739393402e-05
2026-01-15 15:17:00+00:00,0.9999488791387305,2.8867401509459588e-05
2026-01-15 15:18:00+00:00,0.9999420479910188,-6.831496943720234e-06
2026-01-15 15:19:00+00:00,0.9999358906274832,-6.157720387784768e-06
2026-01-15 15:20:00+00:00,0.9998950867039719,-4.080653959302243e-05
2026-01-15 15:21:00+00:00,0.9998994259630207,4.339714342447342e-06
2026-01-15 15:22:00+00:00,0.9998919473448341,-7.479370417082713e-06
2026-01-15 15:23:00+00:00,0.9998877020062773,-4.245797326486633e-06
2026-01-15 15:24:00+00:00,0.9998722908059782,-1.5412931140403745e-05
2026-01-15 15:25:00+00:00,0.9998457426044153,-2.6551592445346278e-05
2026-01-15 15:26:00+00:00,0.9998493111050205,3.56905115771511e-06
2026-01-15 15:27:00+00:00,0.9998540408455021,4.730453308498133e-06
2026-01-15 15:28:00+00:00,0.9998215710412133,-3.2474544245780876e-05
2026-01-15 15:29:00+00:00,0.9998264060921735,4.835913827444078e-06
2026-01-15 15:30:00+00:00,0.9998332975949769,6.892699333939694e-06
2026-01-15 15:31:00+00:00,0.9998386616664078,5.364965783593267e-06
2026-01-15 15:32:00+00:00,0.9998372370792501,-1.4248170351975918e-06
2026-01-15 15:33:00+00:00,0.9998465370722266,9.301506916962509e-06
2026-01-15 15:34:00+00:00,0.9998441273576747,-2.4100844104430745e-06
2026-01-15 15:35:00+00:00,0.9998360446774149,-8.083940324963851e-06
2026-01-15 15:36:00+00:00,0.9998366589298124,6.143531238766507e-07
2026-01-15 15:37:00+00:00,0.9998105405802605,-2.6122616448047056e-05
2026-01-15 15:38:00+00:00,0.9997894762863451,-2.106828550058146e-05
2026-01-15 15:39:00+00:00,0.9998025864602457,1.31129344841578e-05
2026-01-15 15:40:00+00:00,0.9998083674712511,5.782152480624785e-06
2026-01-15 15:41:00+00:00,0.9998117731610069,3.4063425218600835e-06
2026-01-15 15:42:00+00:00,0.999838465305164,2.669716928082936e-05
2026-01-15 15:43:00+00:00,0.999853509047244,1.5046172559082115e-05
2026-01-15 15:44:00+00:00,0.999845379062672,-8.13117571568553e-06
2026-01-15 15:45:00+00:00,0.9998666266011761,2.125082432655195e-05
2026-01-15 15:46:00+00:00,0.9998391242978677,-2.7505971873434464e-05
2026-01-15 15:47:00+00:00,0.9998386580526399,-4.663202472508861e-07
2026-01-15 15:48:00+00:00,0.9998501084011017,1.1452196181365139e-05
2026-01-15 15:49:00+00:00,0.9998261161240107,-2.39958738708302e-05
2026-01-15 15:50:00+00:00,0.9998924179435557,6.631335036729931e-05
2026-01-15 15:51:00+00:00,0.9998867306224459,-5.6879330292672995e-06
2026-01-15 15:52:00+00:00,0.9998814476714858,-5.283549424545772e-06
2026-01-15 15:53:00+00:00,0.999903296948449,2.185186755305011e-05
2026-01-15 15:54:00+00:00,0.9998975299553352,-5.767550853562021e-06
2026-01-15 15:55:00+00:00,0.9999050030628865,7.473873399555696e-06
2026-01-15 15:56:00+00:00,0.9999802474035461,7.525148932043133e-05
2026-01-15 15:57:00+00:00,1.0001036378448498,0.0001233928786334022
2026-01-15 15:58:00+00:00,1.000112393295361,8.754543209187866e-06
2026-01-15 15:59:00+00:00,1.0002013279362207,8.892464632552196e-05
2026-01-15 16:00:00+00:00,1.0002047656032937,3.436975113894348e-06
2026-01-15 16:01:00+00:00,1.000151331115316,-5.342354867251118e-05
2026-01-15 16:02:00+00:00,1.0000931688083539,-5.8153506527190245e-05
2026-01-15 16:03:00+00:00,1.0001180787089123,2.4907579948918273e-05
2026-01-15 16:04:00+00:00,1.000173715331871,5.5630054233712506e-05
2026-01-15 16:05:00+00:00,1.000107849629144,-6.585426283203121e-05
2026-01-15 16:06:00+00:00,1.0000769583317881,-3.088796610018416e-05
2026-01-15 16:07:00+00:00,1.0000854334053215,8.474421355897822e-06
2026-01-15 16:08:00+00:00,1.000098117466679,1.268297780746577e-05
2026-01-15 16:09:00+00:00,1.0000942533924393,-3.863695143713631e-06
2026-01-15 16:10:00+00:00,1.0000995418332497,5.287942403897736e-06
2026-01-15 16:11:00+00:00,1.0000842935118783,-1.5246803676506122e-05
2026-01-15 16:12:00+00:00,1.0001051378040007,2.0842535231927726e-05
2026-01-15 16:13:00+00:00,1.0000997599287482,-5.37730989378575e-06
2026-01-15 16:14:00+00:00,1.000104063328621,4.302970608784657e-06
2026-01-15 16:15:00+00:00,1.000131496885137,2.7430701985875783e-05
2026-01-15 16:16:00+00:00,1.0001426365172899,1.113816751846406e-05
2026-01-15 16:17:00+00:00,1.0001145781467011,-2.8054369011244537e-05
2026-01-15 16:18:00+00:00,1.000073297059082,-4.1276358250455264e-05
2026-01-15 16:19:00+00:00,1.0001089244002714,3.562473000146792e-05
2026-01-15 16:20:00+00:00,1.0001151245244306,6.1994488879466714e-06
2026-01-15 16:21:00+00:00,1.0001153197212227,1.9517432273236928e-07
2026-01-15 16:22:00+00:00,1.0001201902628427,4.869980015318106e-06
2026-01-15 16:23:00+00:00,1.0001148210074116,-5.368610176423793e-06
2026-01-15 16:24:00+00:00,1.0001441974835406,2.937310347982045e-05
2026-01-15 16:25:00+00:00,1.000121059665618,-2.3134481988376463e-05
2026-01-15 16:26:00+00:00,1.0001293617741351,8.301103588393221e-06
2026-01-15 16:27:00+00:00,1.0001190166860061,-1.0343750043124891e-05
2026-01-15 16:28:00+00:00,1.0000965854706017,-2.2428546033160567e-05
2026-01-15 16:29:00+00:00,1.000112793286603,1.6206250713063815e-05
2026-01-15 16:30:00+00:00,1.0001532957531876,4.049789869349833e-05
2026-01-15 16:31:00+00:00,1.000136407571686,-1.6885593011808622e-05
2026-01-15 16:32:00+00:00,1.0001070187014263,-2.938486194230049e-05
2026-01-15 16:33:00+00:00,1.0001176229139208,1.0603077766891901e-05
2026-01-15 16:34:00+00:00,1.00010536498406,-1.2256488216755976e-05
2026-01-15 16:35:00+00:00,1.0001038521911494,-1.5126335321829517e-06
2026-01-15 16:36:00+00:00,1.0001164774232951,1.2623921123787787e-05
2026-01-15 16:37:00+00:00,1.000143483292831,2.70027243283506e-05
2026-01-15 16:38:00+00:00,1.000139592805346,-3.8899293452278585e-06
2026-01-15 16:39:00+00:00,1.0001473578866245,7.763997480268141e-06
2026-01-15 16:40:00+00:00,1.0001772698608098,2.9907567069497835e-05
2026-01-15 16:41:00+00:00,1.0001978575656367,2.0584055894152592e-05
2026-01-15 16:42:00+00:00,1.0002578953133934,6.002587118380272e-05
2026-01-15 16:43:00+00:00,1.0002069165935839,-5.0965576026359076e-05
2026-01-15 16:44:00+00:00,1.000227758035437,2.0837130305254658e-05
2026-01-15 16:45:00+00:00,1.0002132487225899,-1.4506008987048484e-05
2026-01-15 16:46:00+00:00,1.0002144401924464,1.1912158313891323e-06
2026-01-15 16:47:00+00:00,1.0001735747239977,-4.085670712847615e-05
2026-01-15 16:48:00+00:00,1.000199511001292,2.5931776193561972e-05
2026-01-15 16:49:00+00:00,1.0001825082943145,-1.6999315426992473e-05
2026-01-15 16:50:00+00:00,1.0001606998135613,-2.1804501250891356e-05
2026-01-15 16:51:00+00:00,1.0001618624446307,1.1624442648978839e-06
2026-01-15 16:52:00+00:00,1.0001567689706958,-5.092649626173531e-06
2026-01-15 16:53:00+00:00,1.0001806574908527,2.388477576525971e-05
2026-01-15 16:54:00+00:00,1.0001695549052043,-1.1100580245503784e-05
2026-01-15 16:55:00+00:00,1.0001762869308666,6.7308844078627235e-06
2026-01-15 16:56:00+00:00,1.0002058262732658,2.953413591721148e-05
2026-01-15 16:57:00+00:00,1.0002255545008512,1.9724167833447023e-05
2026-01-15 16:58:00+00:00,1.0002286928161388,3.1376075862932424e-06
2026-01-15 16:59:00+00:00,1.000194081170387,-3.460373212679621e-05
2026-01-15 17:00:00+00:00,1.000208310482861,1.4226551368058414e-05
2026-01-15 17:01:00+00:00,1.0001781078478797,-3.0196344765984862e-05
2026-01-15 17:02:00+00:00,1.0001794409623417,1.332877066152403e-06
2026-01-15 17:03:00+00:00,1.000158904602797,-2.053267514181634e-05
2026-01-15 17:04:00+00:00,1.0001509053982334,-7.997933655170154e-06
2026-01-15 17:05:00+00:00,1.000158961196951,8.054583237559824e-06
2026-01-15 17:06:00+00:00,1.000121844895977,-3.71104018600494e-05
2026-01-15 17:07:00+00:00,1.000116538475113,-5.305774382474257e-06
2026-01-15 17:08:00+00:00,1.000108431666583,-8.105863884987322e-06
2026-01-15 17:09:00+00:00,1.0001339168671022,2.548243741614626e-05
2026-01-15 17:10:00+00:00,1.0001431984221387,9.280312246294209e-06
2026-01-15 17:11:00+00:00,1.000143644654476,4.461684466299856e-07
2026-01-15 17:12:00+00:00,1.0001247349988087,-1.8906939786462082e-05
2026-01-15 17:13:00+00:00,1.0001360777685595,1.1341355086889732e-05
2026-01-15 17:14:00+00:00,1.0001313933696927,-4.683761511059041e-06
2026-01-15 17:15:00+00:00,1.00011908485236,-1.2306900287693772e-05
2026-01-15 17:16:00+00:00,1.0001437608179906,2.467302744679533e-05
2026-01-15 17:17:00+00:00,1.0001605443192598,1.678108880617438e-05
2026-01-15 17:18:00+00:00,1.00015240854908,-8.134464237717203e-06
2026-01-15 17:19:00+00:00,1.000149294312541,-3.113761975194426e-06
2026-01-15 17:20:00+00:00,1.0001482002973778,-1.093851857347726e-06
2026-01-15 17:21:00+00:00,1.0001498476659454,1.6471244633194038e-06
2026-01-15 17:22:00+00:00,1.0001644923216588,1.4642461574746497e-05
2026-01-15 17:23:00+00:00,1.000161740798082,-2.7510710466165786e-06
2026-01-15 17:24:00+00:00,1.0001628711596264,1.1301787484099817e-06
2026-01-15 17:25:00+00:00,1.0001691019660752,6.22979179538544e-06
2026-01-15 17:26:00+00:00,1.0001793023150207,1.0198624338206547e-05
2026-01-15 17:27:00+00:00,1.000181678163718,2.3754227784686557e-06
2026-01-15 17:28:00+00:00,1.000190156710958,8.477007152652736e-06
2026-01-15 17:29:00+00:00,1.0002045937448953,1.4434289160614359e-05
2026-01-15 17:30:00+00:00,1.0001751020828222,-2.948562949775262e-05
2026-01-15 17:31:00+00:00,1.000192982433429,1.7877220268293244e-05
2026-01-15 17:32:00+00:00,1.0001951137099387,2.13086529014844e-06
2026-01-15 17:33:00+00:00,1.0002018566561728,6.741630849363343e-06
2026-01-15 17:34:00+00:00,1.0002284219842659,2.655996678692028e-05
2026-01-15 17:35:00+00:00,1.0002279897646864,-4.3212087349067673e-07
2026-01-15 17:36:00+00:00,1.0002153829218527,-1.2603969257775894e-05
2026-01-15 17:37:00+00:00,1.0002505846754732,3.519417339657834e-05
2026-01-15 17:38:00+00:00,1.0002559366997277,5.350683455144814e-06
2026-01-15 17:39:00+00:00,1.0002615395134773,5.601380150872219e-06
2026-01-15 17:40:00+00:00,1.0002660452335788,4.504541985592386e-06
2026-01-15 17:41:00+00:00,1.0002952535428073,2.9200540563929104e-05
2026-01-15 17:42:00+00:00,1.0003414796814984,4.6212494288463395e-05
2026-01-15 17:43:00+00:00,1.0003221609225101,-1.931216427658939e-05
2026-01-15 17:44:00+00:00,1.00028714246773,-3.500717683582917e-05
2026-01-15 17:45:00+00:00,1.0003035881973465,1.644100870462148e-05
2026-01-15 17:46:00+00:00,1.0003077576783694,4.1682156017180895e-06
2026-01-15 17:47:00+00:00,1.000332762620325,2.4997248860236646e-05
2026-01-15 17:48:00+00:00,1.0003318363961684,-9.259160461276595e-07
2026-01-15 17:49:00+00:00,1.0002821204323675,-4.9699471707169974e-05
2026-01-15 17:50:00+00:00,1.000298797330883,1.6672194948565533e-05
2026-01-15 17:51:00+00:00,1.0003137184500335,1.4916662091851126e-05
2026-01-15 17:52:00+00:00,1.0002854204812164,-2.828909400627564e-05
2026-01-15 17:53:00+00:00,1.0003051273491204,1.9701244765109243e-05
2026-01-15 17:54:00+00:00,1.0002874009546017,-1.7720987360865275e-05
2026-01-15 17:55:00+00:00,1.000264349704138,-2.304462741576542e-05
2026-01-15 17:56:00+00:00,1.0002529994957476,-1.1347208759107835e-05
2026-01-15 17:57:00+00:00,1.0002492548839255,-3.743664676875342e-06
2026-01-15 17:58:00+00:00,1.0002718505348056,2.2590020207348495e-05
2026-01-15 17:59:00+00:00,1.0002697176368165,-2.132318317084495e-06
2026-01-15 18:00:00+00:00,1.00023233284075,-3.737471544650161e-05
2026-01-15 18:01:00+00:00,1.000251089283044,1.8752085568764926e-05
2026-01-15 18:02:00+00:00,1.00024494542483,-6.142315944527064e-06
2026-01-15 18:03:00+00:00,1.0001887886442336,-5.61430286183131e-05
2026-01-15 18:04:00+00:00,1.0002347409785137,4.5943660638780874e-05
2026-01-15 18:05:00+00:00,1.0002260986532652,-8.640297016876982e-06
2026-01-15 18:06:00+00:00,1.0002568847028537,3.077909047758297e-05
2026-01-15 18:07:00+00:00,1.0002650153832155,8.12859225082989e-06
2026-01-15 18:08:00+00:00,1.0002734886868236,8.471058647215686e-06
2026-01-15 18:09:00+00:00,1.000263482686642,-1.0003264402151393e-05
2026-01-15 18:10:00+00:00,1.0000913449944933,-0.00017209234879406594
2026-01-15 18:11:00+00:00,1.0001115024661973,2.015563058817777e-05
2026-01-15 18:12:00+00:00,1.0000470135358552,-6.448174046899418e-05
2026-01-15 18:13:00+00:00,1.0000719067394799,2.4892033362145062e-05
2026-01-15 18:14:00+00:00,1.0000957589205572,2.3850466068011618e-05
2026-01-15 18:15:00+00:00,1.0000821089213014,-1.3648692271822222e-05
2026-01-15 18:16:00+00:00,1.0000530941667838,-2.9012372343075832e-05
2026-01-15 18:17:00+00:00,1.0000587227082278,5.628242617119145e-06
2026-01-15 18:18:00+00:00,1.0000000426755238,-5.867658705580527e-05
2026-01-15 18:19:00+00:00,1.0000000426755238,-0.0
2026-01-15 18:20:00+00:00,1.0000000426755238,0.0
2026-01-15 18:21:00+00:00,1.0000000426755238,-0.0
2026-01-15 18:22:00+00:00,1.0000000426755238,0.0
2026-01-15 18:23:00+00:00,1.0000000426755238,0.0
2026-01-15 18:24:00+00:00,1.0000000426755238,-0.0
2026-01-15 18:25:00+00:00,1.0000000426755238,0.0
2026-01-15 18:26:00+00:00,1.0000000426755238,0.0
2026-01-15 18:27:00+00:00,1.0000000426755238,-0.0
2026-01-15 18:28:00+00:00,1.0000000426755238,0.0
2026-01-15 18:29:00+00:00,1.0000000426755238,0.0
2026-01-15 18:30:00+00:00,1.0000000426755238,0.0
2026-01-15 18:31:00+00:00,1.0000000426755238,-0.0
2026-01-15 18:32:00+00:00,1.0000000426755238,-0.0
2026-01-15 18:33:00+00:00,1.0000000426755238,-0.0
2026-01-15 18:34:00+00:00,1.0000000426755238,-0.0
2026-01-15 18:35:00+00:00,1.0000000426755238,0.0
2026-01-15 18:36:00+00:00,1.0000000426755238,-0.0
2026-01-15 18:37:00+00:00,1.0000000426755238,-0.0
2026-01-15 18:38:00+00:00,1.0000000426755238,0.0
2026-01-15 18:39:00+00:00,1.0000000426755238,-0.0
2026-01-15 18:40:00+00:00,1.0000000426755238,-0.0
2026-01-15 18:41:00+00:00,1.0000000426755238,0.0
2026-01-15 18:42:00+00:00,1.0000000426755238,0.0
2026-01-15 18:43:00+00:00,1.0000000426755238,-0.0
2026-01-15 18:44:00+00:00,1.0000000426755238,0.0
2026-01-15 18:45:00+00:00,1.0000000426755238,0.0
2026-01-15 18:46:00+00:00,1.0000000426755238,-0.0
2026-01-15 18:47:00+00:00,1.0000000426755238,-0.0
2026-01-15 18:48:00+00:00,1.0000000426755238,-0.0
2026-01-15 18:49:00+00:00,1.0000000426755238,0.0
2026-01-15 18:50:00+00:00,1.0000000426755238,-0.0
2026-01-15 18:51:00+00:00,1.0000000426755238,-0.0
2026-01-15 18:52:00+00:00,1.0000000426755238,0.0
2026-01-15 18:53:00+00:00,1.0000000426755238,-0.0
2026-01-15 18:54:00+00:00,1.0000000426755238,-0.0
2026-01-15 18:55:00+00:00,1.0000000426755238,0.0
2026-01-15 18:56:00+00:00,1.0000000426755238,0.0
2026-01-15 18:57:00+00:00,1.0000000426755238,-0.0
2026-01-15 18:58:00+00:00,1.0000000426755238,0.0
2026-01-15 18:59:00+00:00,1.0000000426755238,-0.0
2026-01-15 19:00:00+00:00,1.0000000426755238,-0.0
2026-01-15 19:01:00+00:00,1.0000000426755238,-0.0
2026-01-15 19:02:00+00:00,1.0000000426755238,-0.0
2026-01-15 19:03:00+00:00,1.0000000426755238,0.0
2026-01-15 19:04:00+00:00,1.0000000426755238,0.0
2026-01-15 19:05:00+00:00,1.0000000426755238,0.0
2026-01-15 19:06:00+00:00,1.0000000426755238,0.0
2026-01-15 19:07:00+00:00,1.0000000426755238,-0.0
2026-01-15 19:08:00+00:00,1.0000000426755238,0.0
2026-01-15 19:09:00+00:00,1.0000000426755238,0.0
2026-01-15 19:10:00+00:00,1.0000000426755238,0.0
2026-01-15 19:11:00+00:00,1.0000000426755238,-0.0
2026-01-15 19:12:00+00:00,1.0000000426755238,0.0
2026-01-15 19:13:00+00:00,1.0000000426755238,-0.0
2026-01-15 19:14:00+00:00,1.0000000426755238,-0.0
2026-01-15 19:15:00+00:00,1.0000000426755238,-0.0
2026-01-15 19:16:00+00:00,1.0000000426755238,-0.0
2026-01-15 19:17:00+00:00,1.0000000426755238,0.0
2026-01-15 19:18:00+00:00,1.0000000426755238,0.0
2026-01-15 19:19:00+00:00,1.0000000426755238,-0.0
2026-01-15 19:20:00+00:00,1.0000000426755238,-0.0
2026-01-15 19:21:00+00:00,1.0000000426755238,0.0
2026-01-15 19:22:00+00:00,1.0000000426755238,0.0
2026-01-15 19:23:00+00:00,1.0000000426755238,-0.0
2026-01-15 19:24:00+00:00,1.0000000426755238,-0.0
2026-01-15 19:25:00+00:00,1.0000000426755238,-0.0
2026-01-15 19:26:00+00:00,1.0000000426755238,-0.0
2026-01-15 19:27:00+00:00,1.0000000426755238,0.0
2026-01-15 19:28:00+00:00,1.0000000426755238,-0.0
2026-01-15 19:29:00+00:00,0.9999662696452966,-3.377302878589318e-05
2026-01-15 19:30:00+00:00,0.9999319397535378,-3.4331049757223183e-05
2026-01-15 19:31:00+00:00,0.9998505885723983,-8.13567182978149e-05
2026-01-15 19:32:00+00:00,0.9998886930404937,3.8110162189181084e-05
2026-01-15 19:33:00+00:00,0.999921564417002,3.287503572861689e-05
2026-01-15 19:34:00+00:00,0.9999461240123715,2.4561521866766402e-05
2026-01-15 19:35:00+00:00,0.9999228917015108,-2.3233562591779572e-05
2026-01-15 19:36:00+00:00,0.9999055401119132,-1.7352927652318194e-05
2026-01-15 19:37:00+00:00,0.9999195259705932,1.3987179907389266e-05
2026-01-15 19:38:00+00:00,0.9998764782802874,-4.3051154805750506e-05
2026-01-15 19:39:00+00:00,0.9998805170901451,4.0393088001705435e-06
2026-01-15 19:40:00+00:00,0.9999349240386094,5.44134499415833e-05
2026-01-15 19:41:00+00:00,0.9999038557887439,-3.107027179334376e-05
2026-01-15 19:42:00+00:00,0.9999187836022568,1.4929248873752392e-05
2026-01-15 19:43:00+00:00,0.999919338850326,5.552931681401413e-07
2026-01-15 19:44:00+00:00,0.999926443182811,7.1049055746772075e-06
2026-01-15 19:45:00+00:00,0.9999507881947726,2.4346802834847366e-05
2026-01-15 19:46:00+00:00,0.9999629244156018,1.2136818103816423e-05
2026-01-15 19:47:00+00:00,0.9999490609232676,-1.3864006350334997e-05
2026-01-15 19:48:00+00:00,0.9999980333469362,4.897491840560254e-05
2026-01-15 19:49:00+00:00,1.0000126731733536,1.4639855209087395e-05
2026-01-15 19:50:00+00:00,1.0000547958963106,4.2122189135187954e-05
2026-01-15 19:51:00+00:00,1.0000427011211155,-1.2094112487483558e-05
2026-01-15 19:52:00+00:00,1.0000054877007845,-3.721183134406505e-05
2026-01-15 19:53:00+00:00,1.000017091142786,1.16033783256107e-05
2026-01-15 19:54:00+00:00,1.0000135233579979,-3.5677238115172566e-06
2026-01-15 19:55:00+00:00,0.9999949676320375,-1.855547502789104e-05
2026-01-15 19:56:00+00:00,0.9999805711251214,-1.43965793651243e-05
2026-01-15 19:57:00+00:00,0.999951508197981,-2.906349181142311e-05
2026-01-15 19:58:00+00:00,0.9999462820353845,-5.226416034849668e-06
2026-01-15 19:59:00+00:00,0.9999814714595755,3.5191314596856055e-05
2026-01-15 20:00:00+00:00,0.9999455497368611,-3.592238830389526e-05
2026-01-15 20:01:00+00:00,0.9999468306595299,1.2809924191465206e-06
2026-01-15 20:02:00+00:00,0.9999661970671171,1.9367437341059552e-05
2026-01-15 20:03:00+00:00,0.9999742295482726,8.032752686226033e-06
2026-01-15 20:04:00+00:00,0.9999934385988444,1.920954561050825e-05
2026-01-15 20:05:00+00:00,0.9999804919206379,-1.2946763155407772e-05
2026-01-15 20:06:00+00:00,0.9999839576212078,3.4657681804895813e-06
2026-01-15 20:07:00+00:00,0.9999805738520159,-3.3838234765396673e-06
2026-01-15 20:08:00+00:00,0.9999896882852306,9.114610276480609e-06
2026-01-15 20:09:00+00:00,0.9999974155986471,7.727393099266328e-06
2026-01-15 20:10:00+00:00,0.99995357661307,-4.383909887484088e-05
2026-01-15 20:11:00+00:00,1.000000224531033,4.665008361794329e-05
2026-01-15 20:12:00+00:00,0.9999941329742581,-6.091555407176878e-06
2026-01-15 20:13:00+00:00,1.0000031823963467,9.04947518219338e-06
2026-01-15 20:14:00+00:00,0.9999933107734342,-9.871591497076676e-06
2026-01-15 20:15:00+00:00,1.0000200868819453,2.6776287623741924e-05
2026-01-15 20:16:00+00:00,0.9999956863155502,-2.4400076273590583e-05
2026-01-15 20:17:00+00:00,1.0000073211485823,1.1634883221401957e-05
2026-01-15 20:18:00+00:00,1.0000047604962263,-2.5606336092430243e-06
2026-01-15 20:19:00+00:00,0.9999861291351106,-1.863127242158489e-05
2026-01-15 20:20:00+00:00,0.9999926122404349,6.4831952518628105e-06
2026-01-15 20:21:00+00:00,0.9999873419277419,-5.270351629064247e-06
2026-01-15 20:22:00+00:00,1.0000057467102166,1.8405015446713225e-05
2026-01-15 20:23:00+00:00,1.0000022757557525,-3.4709345175265524e-06
2026-01-15 20:24:00+00:00,0.99998900309672,-1.3272628827175971e-05
2026-01-15 20:25:00+00:00,0.9999549287649464,-3.4074706489821065e-05
2026-01-15 20:26:00+00:00,0.9999625209810679,7.5925583274467295e-06
2026-01-15 20:27:00+00:00,0.9999624806325197,-4.035006035228548e-08
2026-01-15 20:28:00+00:00,0.9998925277913219,-6.995546588256884e-05
2026-01-15 20:29:00+00:00,0.9998924347021734,-9.309915405423524e-08
2026-01-15 20:30:00+00:00,0.9999151466900537,2.2714431164804445e-05
2026-01-15 20:31:00+00:00,0.9999069565904536,-8.19079461615579e-06
2026-01-15 20:32:00+00:00,0.9998864730798512,-2.048541663531735e-05
2026-01-15 20:33:00+00:00,0.9998793373134057,-7.1365766391024275e-06
2026-01-15 20:34:00+00:00,0.9999063869438296,2.7052894698771485e-05
2026-01-15 20:35:00+00:00,0.9999438432901226,3.7459853024440365e-05
2026-01-15 20:36:00+00:00,0.9999583449828863,1.4502507176737849e-05
2026-01-15 20:37:00+00:00,0.9999591398421591,7.948923840562321e-07
2026-01-15 20:38:00+00:00,0.9999757985891381,1.6659427685858294e-05
2026-01-15 20:39:00+00:00,0.9999978849345164,2.2086879912000384e-05
2026-01-15 20:40:00+00:00,0.9999965899946993,-1.2949425560082697e-06
2026-01-15 20:41:00+00:00,0.9999937667784593,-2.823225867159955e-06
2026-01-15 20:42:00+00:00,1.0000172190555954,2.34524233203429e-05
2026-01-15 20:43:00+00:00,1.000006974207206,-1.0244671985837057e-05
2026-01-15 20:44:00+00:00,1.0000084082389529,1.4340217459006526e-06
2026-01-15 20:45:00+00:00,1.0000213540255123,1.2945677709216603e-05
2026-01-15 20:46:00+00:00,1.0000036299986153,-1.772364842576287e-05
2026-01-15 20:47:00+00:00,1.0000269503225991,2.3320239331338917e-05
2026-01-15 20:48:00+00:00,1.0000176538432841,-9.296228778666966e-06
2026-01-15 20:49:00+00:00,0.9999915645400583,-2.6088842657427727e-05
2026-01-15 20:50:00+00:00,0.9999741347164391,-1.7429970649070443e-05
2026-01-15 20:51:00+00:00,0.9999997295703486,2.5595515944819483e-05
2026-01-15 20:52:00+00:00,0.9999966656971683,-3.0638740088872125e-06
2026-01-15 20:53:00+00:00,1.0000089580397027,1.2292383520780333e-05
2026-01-15 20:54:00+00:00,0.9999995229725627,-9.434982621037746e-06
2026-01-15 20:55:00+00:00,0.9999877139909992,-1.1808987196669013e-05
2026-01-15 20:56:00+00:00,0.999983565584514,-4.148457453242998e-06
2026-01-15 20:57:00+00:00,0.999990523689402,6.958219242319898e-06
2026-01-15 20:58:00+00:00,0.9999633294491754,-2.7194497930062346e-05
2026-01-15 20:59:00+00:00,1.0000004684283057,3.714034108711565e-05
2026-01-15 21:00:00+00:00,0.9999950086300681,-5.459795680114779e-06
2026-01-15 21:01:00+00:00,1.0000354737342565,4.046530616571887e-05
2026-01-15 21:02:00+00:00,1.0000543793129906,1.8904908106207975e-05
2026-01-15 21:03:00+00:00,1.000015629532826,-3.874767309270021e-05
2026-01-15 21:04:00+00:00,1.0000016242660599,-1.4005047873640493e-05
2026-01-15 21:05:00+00:00,0.9999686305061602,-3.299370630910214e-05
2026-01-15 21:06:00+00:00,0.9999794439270336,1.0813760095540966e-05
2026-01-15 21:07:00+00:00,1.0000125661427859,3.3122896628893744e-05
2026-01-15 21:08:00+00:00,1.0000026144352023,-9.951582530467055e-06
2026-01-15 21:09:00+00:00,1.0000014004740505,-1.2139579780706127e-06
2026-01-15 21:10:00+00:00,1.0000062352228538,4.834742032239784e-06
2026-01-15 21:11:00+00:00,0.9999957069393167,-1.0528217891215002e-05
2026-01-15 21:12:00+00:00,0.9999946302397767,-1.0767041622895947e-06
2026-01-15 21:13:00+00:00,1.0000011383481446,6.508143315239959e-06
2026-01-15 21:14:00+00:00,1.0000023695794802,1.2312299339741351e-06
2026-01-15 21:15:00+00:00,1.000003619160505,1.2495780639291274e-06
2026-01-15 21:16:00+00:00,0.9999996072496804,-4.011896304960879e-06
2026-01-15 21:17:00+00:00,1.0000115936229867,1.1986378013820309e-05
2026-01-15 21:18:00+00:00,1.0000155664225572,3.972753511732894e-06
2026-01-15 21:19:00+00:00,1.0000090200628668,-6.546257788529963e-06
2026-01-15 21:20:00+00:00,1.0000153269061265,6.306786371982012e-06
2026-01-15 21:21:00+00:00,1.0000215150674843,6.188066513913063e-06
2026-01-15 21:22:00+00:00,1.0000102854499886,-1.1229375894960227e-05
2026-01-15 21:23:00+00:00,1.0000038677872252,-6.417596755529327e-06
2026-01-15 21:24:00+00:00,1.0000039140134405,4.622603644606105e-08
2026-01-15 21:25:00+00:00,1.0000196574246056,1.5743349545562557e-05
2026-01-15 21:26:00+00:00,1.0000153270293874,-4.330310095464706e-06
2026-01-15 21:27:00+00:00,1.000016766150956,1.4390995114481661e-06
2026-01-15 21:28:00+00:00,1.0000324739372954,1.5707522984765172e-05
2026-01-15 21:29:00+00:00,1.0000361792401355,3.7051825180290075e-06
2026-01-15 21:30:00+00:00,1.000024880161404,-1.1298669954343137e-05
2026-01-15 21:31:00+00:00,1.0000475478733613,2.2667147995122493e-05
2026-01-15 21:32:00+00:00,1.000042678418964,-4.869222876159254e-06
2026-01-15 21:33:00+00:00,1.0000569238666337,1.42448397224269e-05
2026-01-15 21:34:00+00:00,1.000058869485231,1.9455078515898454e-06
2026-01-15 21:35:00+00:00,1.0000604413337295,1.571755970012925e-06
2026-01-15 21:36:00+00:00,1.0000557665518175,-4.6744993791221306e-06
2026-01-15 21:37:00+00:00,1.0000608627056589,5.0958696623170945e-06
2026-01-15 21:38:00+00:00,1.0000687679035591,7.904716797692917e-06
2026-01-15 21:39:00+00:00,1.0000554810259425,-1.3285963968683377e-05
2026-01-15 21:40:00+00:00,1.0000702882706953,1.4806423277333135e-05
2026-01-15 21:41:00+00:00,1.0000419735757522,-2.8312704892010558e-05
2026-01-15 21:42:00+00:00,1.0000423842567931,4.1066380377238746e-07
2026-01-15 21:43:00+00:00,1.0000416187589127,-7.654654367854702e-07
2026-01-15 21:44:00+00:00,1.0000594945043564,1.7875001508205264e-05
2026-01-15 21:45:00+00:00,1.0000854912559503,2.5995205022074053e-05
2026-01-15 21:46:00+00:00,1.0001051372076377,1.9644272273923324e-05
2026-01-15 21:47:00+00:00,1.0000957609685313,-9.375253418485995e-06
2026-01-15 21:48:00+00:00,1.000079043317854,-1.67160499322075e-05
2026-01-15 21:49:00+00:00,1.0000784040695112,-6.391978183949944e-07
2026-01-15 21:50:00+00:00,1.0000784040695112,-0.0
2026-01-15 21:51:00+00:00,1.0000784040695112,-0.0
2026-01-15 21:52:00+00:00,1.0000784040695112,0.0
2026-01-15 21:53:00+00:00,1.0000784040695112,-0.0
2026-01-15 21:54:00+00:00,1.0000784040695112,0.0
2026-01-15 21:55:00+00:00,1.0000784040695112,0.0
2026-01-15 21:56:00+00:00,1.0000784040695112,-0.0
2026-01-15 21:57:00+00:00,1.0000784040695112,0.0
2026-01-15 21:58:00+00:00,1.0000784040695112,0.0
2026-01-15 21:59:00+00:00,1.0000784040695112,0.0
2026-01-15 22:00:00+00:00,1.0000784040695112,-0.0
2026-01-15 22:01:00+00:00,1.0000784040695112,-0.0
2026-01-15 22:02:00+00:00,1.0000784040695112,-0.0
2026-01-15 22:03:00+00:00,1.0000784040695112,0.0
2026-01-15 22:04:00+00:00,1.0000784040695112,-0.0
2026-01-15 22:05:00+00:00,1.0000784040695112,0.0
2026-01-15 22:06:00+00:00,1.0000784040695112,0.0
2026-01-15 22:07:00+00:00,1.0000784040695112,0.0
2026-01-15 22:08:00+00:00,1.0000784040695112,0.0
2026-01-15 22:09:00+00:00,1.0000784040695112,-0.0
2026-01-15 22:10:00+00:00,1.0000784040695112,-0.0
2026-01-15 22:11:00+00:00,1.0000784040695112,-0.0
2026-01-15 22:12:00+00:00,1.0000784040695112,-0.0
2026-01-15 22:13:00+00:00,1.0000784040695112,0.0
2026-01-15 22:14:00+00:00,1.0000784040695112,-0.0
2026-01-15 22:15:00+00:00,1.0000784040695112,-0.0
2026-01-15 22:16:00+00:00,1.0000784040695112,0.0
2026-01-15 22:17:00+00:00,1.0000784040695112,0.0
2026-01-15 22:18:00+00:00,1.0000784040695112,-0.0
2026-01-15 22:19:00+00:00,1.0000784040695112,0.0
2026-01-15 22:20:00+00:00,1.0000784040695112,0.0
2026-01-15 22:21:00+00:00,1.0000784040695112,-0.0
2026-01-15 22:22:00+00:00,1.0000784040695112,-0.0
2026-01-15 22:23:00+00:00,1.0000784040695112,0.0
2026-01-15 22:24:00+00:00,1.0000784040695112,0.0
2026-01-15 22:25:00+00:00,1.0000784040695112,0.0
2026-01-15 22:26:00+00:00,1.0000784040695112,-0.0
2026-01-15 22:27:00+00:00,1.0000784040695112,0.0
2026-01-15 22:28:00+00:00,1.0000784040695112,0.0
2026-01-15 22:29:00+00:00,1.0000784040695112,-0.0
2026-01-15 22:30:00+00:00,1.0000784040695112,-0.0
2026-01-15 22:31:00+00:00,1.0000784040695112,-0.0
2026-01-15 22:32:00+00:00,1.0000784040695112,0.0
2026-01-15 22:33:00+00:00,1.0000784040695112,0.0
2026-01-15 22:34:00+00:00,1.0000784040695112,0.0
2026-01-15 22:35:00+00:00,1.0000784040695112,-0.0
2026-01-15 22:36:00+00:00,1.0000784040695112,-0.0
2026-01-15 22:37:00+00:00,1.0000784040695112,0.0
2026-01-15 22:38:00+00:00,1.0000784040695112,-0.0
2026-01-15 22:39:00+00:00,1.0000784040695112,-0.0
2026-01-15 22:40:00+00:00,1.0000784040695112,-0.0
2026-01-15 22:41:00+00:00,1.0000784040695112,-0.0
2026-01-15 22:42:00+00:00,1.0000784040695112,0.0
2026-01-15 22:43:00+00:00,1.0000784040695112,0.0
2026-01-15 22:44:00+00:00,1.0000784040695112,0.0
2026-01-15 22:45:00+00:00,1.0000784040695112,0.0
2026-01-15 22:46:00+00:00,1.0000784040695112,-0.0
2026-01-15 22:47:00+00:00,1.0000784040695112,-0.0
2026-01-15 22:48:00+00:00,1.0000784040695112,0.0
2026-01-15 22:49:00+00:00,1.0000784040695112,-0.0
2026-01-15 22:50:00+00:00,1.0000784040695112,0.0
2026-01-15 22:51:00+00:00,1.0000784040695112,-0.0
2026-01-15 22:52:00+00:00,1.0000784040695112,-0.0
2026-01-15 22:53:00+00:00,1.0000784040695112,-0.0
2026-01-15 22:54:00+00:00,1.0000784040695112,0.0
2026-01-15 22:55:00+00:00,1.0000784040695112,-0.0
2026-01-15 22:56:00+00:00,1.0000784040695112,0.0
2026-01-15 22:57:00+00:00,1.0000784040695112,0.0
2026-01-15 22:58:00+00:00,1.0000784040695112,-0.0
2026-01-15 22:59:00+00:00,1.0000784040695112,-0.0
2026-01-15 23:00:00+00:00,1.0000784040695112,0.0
2026-01-15 23:01:00+00:00,1.0000784040695112,0.0
2026-01-15 23:02:00+00:00,1.0000784040695112,-0.0
2026-01-15 23:03:00+00:00,1.0000784040695112,0.0
2026-01-15 23:04:00+00:00,1.0000784040695112,-0.0
2026-01-15 23:05:00+00:00,1.0000784040695112,0.0
2026-01-15 23:06:00+00:00,1.0000784040695112,-0.0
2026-01-15 23:07:00+00:00,1.0000784040695112,-0.0
2026-01-15 23:08:00+00:00,1.0000784040695112,0.0
2026-01-15 23:09:00+00:00,1.0000784040695112,0.0
2026-01-15 23:10:00+00:00,1.0000784040695112,-0.0
2026-01-15 23:11:00+00:00,1.0000784040695112,0.0
2026-01-15 23:12:00+00:00,1.0000784040695112,-0.0
2026-01-15 23:13:00+00:00,1.0000784040695112,0.0
2026-01-15 23:14:00+00:00,1.0000784040695112,0.0
2026-01-15 23:15:00+00:00,1.0000784040695112,-0.0
2026-01-15 23:16:00+00:00,1.0000784040695112,0.0
2026-01-15 23:17:00+00:00,1.0000784040695112,-0.0
2026-01-15 23:18:00+00:00,1.0000784040695112,0.0
2026-01-15 23:19:00+00:00,1.0000784040695112,-0.0
2026-01-15 23:20:00+00:00,1.0000784040695112,0.0
2026-01-15 23:21:00+00:00,1.0000784040695112,-0.0
2026-01-15 23:22:00+00:00,1.0000784040695112,0.0
2026-01-15 23:23:00+00:00,1.0000784040695112,-0.0
2026-01-15 23:24:00+00:00,1.0000784040695112,0.0
2026-01-15 23:25:00+00:00,1.0000784040695112,-0.0
2026-01-15 23:26:00+00:00,1.0000784040695112,0.0
2026-01-15 23:27:00+00:00,1.0000784040695112,-0.0
2026-01-15 23:28:00+00:00,1.0000784040695112,-0.0
2026-01-15 23:29:00+00:00,1.0000784040695112,-0.0
2026-01-15 23:30:00+00:00,1.0000784040695112,-0.0
2026-01-15 23:31:00+00:00,1.0000784040695112,-0.0
2026-01-15 23:32:00+00:00,1.0000784040695112,0.0
2026-01-15 23:33:00+00:00,1.0000784040695112,0.0
2026-01-15 23:34:00+00:00,1.0000784040695112,-0.0
2026-01-15 23:35:00+00:00,1.0000784040695112,-0.0
2026-01-15 23:36:00+00:00,1.0000784040695112,0.0
2026-01-15 23:37:00+00:00,1.0000784040695112,0.0
2026-01-15 23:38:00+00:00,1.0000784040695112,0.0
2026-01-15 23:39:00+00:00,1.0000784040695112,0.0
2026-01-15 23:40:00+00:00,1.0000784040695112,-0.0
2026-01-15 23:41:00+00:00,1.0000784040695112,-0.0
2026-01-15 23:42:00+00:00,1.0000784040695112,0.0
2026-01-15 23:43:00+00:00,1.0000784040695112,0.0
2026-01-15 23:44:00+00:00,1.0000784040695112,0.0
2026-01-15 23:45:00+00:00,1.0000784040695112,0.0
2026-01-15 23:46:00+00:00,1.0000784040695112,-0.0
2026-01-15 23:47:00+00:00,1.0000784040695112,0.0
2026-01-15 23:48:00+00:00,1.0000784040695112,-0.0
2026-01-15 23:49:00+00:00,1.0000784040695112,-0.0
2026-01-15 23:50:00+00:00,1.0000784040695112,0.0
2026-01-15 23:51:00+00:00,1.0000784040695112,-0.0
2026-01-15 23:52:00+00:00,1.0000784040695112,-0.0
2026-01-15 23:53:00+00:00,1.0000784040695112,0.0
2026-01-15 23:54:00+00:00,1.0000784040695112,0.0
2026-01-15 23:55:00+00:00,1.0000784040695112,-0.0
2026-01-15 23:56:00+00:00,1.0000784040695112,-0.0
2026-01-15 23:57:00+00:00,1.0000784040695112,-0.0
2026-01-15 23:58:00+00:00,1.0000784040695112,0.0
2026-01-15 23:59:00+00:00,1.0000784040695112,0.0
2026-01-16 00:00:00+00:00,1.0000784040695112,-0.0
2026-01-16 00:01:00+00:00,1.0000784040695112,0.0
2026-01-16 00:02:00+00:00,1.0000784040695112,0.0
2026-01-16 00:03:00+00:00,1.0000784040695112,0.0
2026-01-16 00:04:00+00:00,1.0000784040695112,-0.0
2026-01-16 00:05:00+00:00,1.0000784040695112,0.0
2026-01-16 00:06:00+00:00,1.0000784040695112,0.0
2026-01-16 00:07:00+00:00,1.0000784040695112,-0.0
2026-01-16 00:08:00+00:00,1.0000784040695112,-0.0
2026-01-16 00:09:00+00:00,1.0000784040695112,0.0
2026-01-16 00:10:00+00:00,1.0000784040695112,0.0
2026-01-16 00:11:00+00:00,1.0000784040695112,0.0
2026-01-16 00:12:00+00:00,1.0000784040695112,-0.0
2026-01-16 00:13:00+00:00,1.0000784040695112,0.0
2026-01-16 00:14:00+00:00,1.0000784040695112,0.0
2026-01-16 00:15:00+00:00,1.0000784040695112,0.0
2026-01-16 00:16:00+00:00,1.0000784040695112,0.0
2026-01-16 00:17:00+00:00,1.0000784040695112,0.0
2026-01-16 00:18:00+00:00,1.0000784040695112,-0.0
2026-01-16 00:19:00+00:00,1.0000784040695112,-0.0
2026-01-16 00:20:00+00:00,1.0000784040695112,-0.0
2026-01-16 00:21:00+00:00,1.0000784040695112,0.0
2026-01-16 00:22:00+00:00,1.0000784040695112,0.0
2026-01-16 00:23:00+00:00,1.0000784040695112,-0.0
2026-01-16 00:24:00+00:00,1.0000784040695112,-0.0
2026-01-16 00:25:00+00:00,1.0000784040695112,0.0
2026-01-16 00:26:00+00:00,1.0000784040695112,-0.0
2026-01-16 00:27:00+00:00,1.0000784040695112,-0.0
2026-01-16 00:28:00+00:00,1.0000784040695112,0.0
2026-01-16 00:29:00+00:00,1.0000784040695112,-0.0
2026-01-16 00:30:00+00:00,1.0000784040695112,0.0
2026-01-16 00:31:00+00:00,1.0000784040695112,-0.0
2026-01-16 00:32:00+00:00,1.0000784040695112,0.0
2026-01-16 00:33:00+00:00,1.0000784040695112,-0.0
2026-01-16 00:34:00+00:00,1.0000784040695112,-0.0
2026-01-16 00:35:00+00:00,1.0000784040695112,0.0
2026-01-16 00:36:00+00:00,1.0000784040695112,-0.0
2026-01-16 00:37:00+00:00,1.0000784040695112,-0.0
2026-01-16 00:38:00+00:00,1.0000784040695112,0.0
2026-01-16 00:39:00+00:00,1.0000784040695112,0.0
2026-01-16 00:40:00+00:00,1.0000784040695112,0.0
2026-01-16 00:41:00+00:00,1.0000784040695112,-0.0
2026-01-16 00:42:00+00:00,1.0000784040695112,0.0
2026-01-16 00:43:00+00:00,1.0000784040695112,0.0
2026-01-16 00:44:00+00:00,1.0000784040695112,-0.0
2026-01-16 00:45:00+00:00,1.0000784040695112,-0.0
2026-01-16 00:46:00+00:00,1.0000784040695112,0.0
2026-01-16 00:47:00+00:00,1.0000784040695112,0.0
2026-01-16 00:48:00+00:00,1.0000784040695112,-0.0
2026-01-16 00:49:00+00:00,1.0000784040695112,-0.0
2026-01-16 00:50:00+00:00,1.0000784040695112,-0.0
2026-01-16 00:51:00+00:00,1.0000784040695112,0.0
2026-01-16 00:52:00+00:00,1.0000784040695112,-0.0
2026-01-16 00:53:00+00:00,1.0000784040695112,0.0
2026-01-16 00:54:00+00:00,1.0000784040695112,-0.0
2026-01-16 00:55:00+00:00,1.0000784040695112,-0.0
2026-01-16 00:56:00+00:00,1.0000784040695112,0.0
2026-01-16 00:57:00+00:00,1.0000784040695112,0.0
2026-01-16 00:58:00+00:00,1.0000784040695112,0.0
2026-01-16 00:59:00+00:00,1.0000784040695112,0.0
2026-01-16 01:00:00+00:00,1.0000784040695112,-0.0
2026-01-16 01:01:00+00:00,1.0000784040695112,-0.0
2026-01-16 01:02:00+00:00,1.0000784040695112,0.0
2026-01-16 01:03:00+00:00,1.0000784040695112,-0.0
2026-01-16 01:04:00+00:00,1.0000784040695112,0.0
2026-01-16 01:05:00+00:00,1.0000784040695112,0.0
2026-01-16 01:06:00+00:00,1.0000784040695112,-0.0
2026-01-16 01:07:00+00:00,1.0000784040695112,0.0
2026-01-16 01:08:00+00:00,1.0000784040695112,0.0
2026-01-16 01:09:00+00:00,1.0000784040695112,-0.0
2026-01-16 01:10:00+00:00,1.0000784040695112,-0.0
2026-01-16 01:11:00+00:00,1.0000784040695112,0.0
2026-01-16 01:12:00+00:00,1.0000784040695112,-0.0
2026-01-16 01:13:00+00:00,1.0000784040695112,0.0
2026-01-16 01:14:00+00:00,1.0000784040695112,0.0
2026-01-16 01:15:00+00:00,1.0000784040695112,-0.0
2026-01-16 01:16:00+00:00,1.0000784040695112,0.0
2026-01-16 01:17:00+00:00,1.0000784040695112,0.0
2026-01-16 01:18:00+00:00,1.0000784040695112,-0.0
2026-01-16 01:19:00+00:00,1.0000784040695112,-0.0
2026-01-16 01:20:00+00:00,1.0000784040695112,0.0
2026-01-16 01:21:00+00:00,1.0000784040695112,-0.0
2026-01-16 01:22:00+00:00,1.0000784040695112,-0.0
2026-01-16 01:23:00+00:00,1.0000784040695112,0.0
2026-01-16 01:24:00+00:00,1.0000784040695112,0.0
2026-01-16 01:25:00+00:00,1.0000784040695112,0.0
2026-01-16 01:26:00+00:00,1.0000784040695112,-0.0
2026-01-16 01:27:00+00:00,1.0000784040695112,0.0
2026-01-16 01:28:00+00:00,1.0000784040695112,0.0
2026-01-16 01:29:00+00:00,1.0000784040695112,0.0
2026-01-16 01:30:00+00:00,1.0000784040695112,0.0
2026-01-16 01:31:00+00:00,1.0000784040695112,-0.0
2026-01-16 01:32:00+00:00,1.0000784040695112,0.0
2026-01-16 01:33:00+00:00,1.0000784040695112,-0.0
2026-01-16 01:34:00+00:00,1.0000784040695112,0.0
2026-01-16 01:35:00+00:00,1.0000784040695112,-0.0
2026-01-16 01:36:00+00:00,1.0000784040695112,-0.0
2026-01-16 01:37:00+00:00,1.0000784040695112,-0.0
2026-01-16 01:38:00+00:00,1.0000784040695112,0.0
2026-01-16 01:39:00+00:00,1.0000784040695112,-0.0
2026-01-16 01:40:00+00:00,1.0000784040695112,-0.0
2026-01-16 01:41:00+00:00,1.0000784040695112,0.0
2026-01-16 01:42:00+00:00,1.0000784040695112,-0.0
2026-01-16 01:43:00+00:00,1.0000784040695112,0.0
2026-01-16 01:44:00+00:00,1.0000784040695112,-0.0
2026-01-16 01:45:00+00:00,1.0000784040695112,0.0
2026-01-16 01:46:00+00:00,1.0000784040695112,0.0
2026-01-16 01:47:00+00:00,1.0000784040695112,0.0
2026-01-16 01:48:00+00:00,1.0000784040695112,-0.0
2026-01-16 01:49:00+00:00,1.0000784040695112,0.0
2026-01-16 01:50:00+00:00,1.0000784040695112,0.0
2026-01-16 01:51:00+00:00,1.0000784040695112,-0.0
2026-01-16 01:52:00+00:00,1.0000784040695112,0.0
2026-01-16 01:53:00+00:00,1.0000784040695112,-0.0
2026-01-16 01:54:00+00:00,1.0000784040695112,-0.0
2026-01-16 01:55:00+00:00,1.0000784040695112,0.0
2026-01-16 01:56:00+00:00,1.0000784040695112,-0.0
2026-01-16 01:57:00+00:00,1.0000784040695112,-0.0
2026-01-16 01:58:00+00:00,1.0000784040695112,-0.0
2026-01-16 01:59:00+00:00,1.0000784040695112,0.0
2026-01-16 02:00:00+00:00,1.0000784040695112,-0.0
2026-01-16 02:01:00+00:00,1.0000784040695112,0.0
2026-01-16 02:02:00+00:00,1.0000784040695112,0.0
2026-01-16 02:03:00+00:00,1.0000784040695112,0.0
2026-01-16 02:04:00+00:00,1.0000784040695112,-0.0
2026-01-16 02:05:00+00:00,1.0000784040695112,0.0
2026-01-16 02:06:00+00:00,1.0000784040695112,0.0
2026-01-16 02:07:00+00:00,1.0000784040695112,0.0
2026-01-16 02:08:00+00:00,1.0000784040695112,-0.0
2026-01-16 02:09:00+00:00,1.0000784040695112,0.0
2026-01-16 02:10:00+00:00,1.0000784040695112,0.0
2026-01-16 02:11:00+00:00,1.0000784040695112,-0.0
2026-01-16 02:12:00+00:00,1.0000784040695112,-0.0
2026-01-16 02:13:00+00:00,1.0000784040695112,0.0
2026-01-16 02:14:00+00:00,1.0000784040695112,0.0
2026-01-16 02:15:00+00:00,1.0000784040695112,-0.0
2026-01-16 02:16:00+00:00,1.0000784040695112,0.0
2026-01-16 02:17:00+00:00,1.0000784040695112,-0.0
2026-01-16 02:18:00+00:00,1.0000784040695112,0.0
2026-01-16 02:19:00+00:00,1.0000784040695112,-0.0
2026-01-16 02:20:00+00:00,1.0000784040695112,0.0
2026-01-16 02:21:00+00:00,1.0000784040695112,0.0
2026-01-16 02:22:00+00:00,1.0000784040695112,-0.0
2026-01-16 02:23:00+00:00,1.0000784040695112,0.0
2026-01-16 02:24:00+00:00,1.0000784040695112,-0.0
2026-01-16 02:25:00+00:00,1.0000784040695112,0.0
2026-01-16 02:26:00+00:00,1.0000784040695112,-0.0
2026-01-16 02:27:00+00:00,1.0000784040695112,0.0
2026-01-16 02:28:00+00:00,1.0000784040695112,0.0
2026-01-16 02:29:00+00:00,1.0000784040695112,0.0
2026-01-16 02:30:00+00:00,1.0000784040695112,-0.0
2026-01-16 02:31:00+00:00,1.0000784040695112,0.0
2026-01-16 02:32:00+00:00,1.0000784040695112,-0.0
2026-01-16 02:33:00+00:00,1.0000784040695112,-0.0
2026-01-16 02:34:00+00:00,1.0000784040695112,-0.0
2026-01-16 02:35:00+00:00,1.0000784040695112,-0.0
2026-01-16 02:36:00+00:00,1.0000784040695112,0.0
2026-01-16 02:37:00+00:00,1.0000784040695112,-0.0
2026-01-16 02:38:00+00:00,1.0000784040695112,0.0
2026-01-16 02:39:00+00:00,1.0000784040695112,-0.0
2026-01-16 02:40:00+00:00,1.0000784040695112,0.0
2026-01-16 02:41:00+00:00,1.0000784040695112,-0.0
2026-01-16 02:42:00+00:00,1.0000784040695112,-0.0
2026-01-16 02:43:00+00:00,1.0000784040695112,-0.0
2026-01-16 02:44:00+00:00,1.0000784040695112,0.0
2026-01-16 02:45:00+00:00,1.0000784040695112,0.0
2026-01-16 02:46:00+00:00,1.0000784040695112,0.0
2026-01-16 02:47:00+00:00,1.0000784040695112,0.0
2026-01-16 02:48:00+00:00,1.0000784040695112,-0.0
2026-01-16 02:49:00+00:00,1.0000784040695112,-0.0
2026-01-16 02:50:00+00:00,1.0000784040695112,-0.0
2026-01-16 02:51:00+00:00,1.0000784040695112,-0.0
2026-01-16 02:52:00+00:00,1.0000784040695112,0.0
2026-01-16 02:53:00+00:00,1.0000784040695112,0.0
2026-01-16 02:54:00+00:00,1.0000784040695112,0.0
2026-01-16 02:55:00+00:00,1.0000784040695112,0.0
2026-01-16 02:56:00+00:00,1.0000784040695112,0.0
2026-01-16 02:57:00+00:00,1.0000784040695112,0.0
2026-01-16 02:58:00+00:00,1.0000784040695112,-0.0
2026-01-16 02:59:00+00:00,1.0000784040695112,0.0
2026-01-16 03:00:00+00:00,1.0000784040695112,0.0
2026-01-16 03:01:00+00:00,1.0000784040695112,-0.0
2026-01-16 03:02:00+00:00,1.0000784040695112,-0.0
2026-01-16 03:03:00+00:00,1.0000784040695112,-0.0
2026-01-16 03:04:00+00:00,1.0000784040695112,-0.0
2026-01-16 03:05:00+00:00,1.0000784040695112,0.0
2026-01-16 03:06:00+00:00,1.0000784040695112,0.0
2026-01-16 03:07:00+00:00,1.0000784040695112,-0.0
2026-01-16 03:08:00+00:00,1.0000784040695112,-0.0
2026-01-16 03:09:00+00:00,1.0000784040695112,0.0
2026-01-16 03:10:00+00:00,1.0000784040695112,-0.0
2026-01-16 03:11:00+00:00,1.0000784040695112,0.0
2026-01-16 03:12:00+00:00,1.0000784040695112,-0.0
2026-01-16 03:13:00+00:00,1.0000784040695112,-0.0
2026-01-16 03:14:00+00:00,1.0000784040695112,-0.0
2026-01-16 03:15:00+00:00,1.0000784040695112,0.0
2026-01-16 03:16:00+00:00,1.0000784040695112,0.0
2026-01-16 03:17:00+00:00,1.0000784040695112,-0.0
2026-01-16 03:18:00+00:00,1.0000784040695112,-0.0
2026-01-16 03:19:00+00:00,1.0000784040695112,-0.0
2026-01-16 03:20:00+00:00,1.0000784040695112,0.0
2026-01-16 03:21:00+00:00,1.0000784040695112,0.0
2026-01-16 03:22:00+00:00,1.0000784040695112,-0.0
2026-01-16 03:23:00+00:00,1.0000784040695112,0.0
2026-01-16 03:24:00+00:00,1.0000784040695112,-0.0
2026-01-16 03:25:00+00:00,1.0000784040695112,0.0
2026-01-16 03:26:00+00:00,1.0000784040695112,-0.0
2026-01-16 03:27:00+00:00,1.0000784040695112,-0.0
2026-01-16 03:28:00+00:00,1.0000784040695112,0.0
2026-01-16 03:29:00+00:00,1.0000784040695112,-0.0
2026-01-16 03:30:00+00:00,1.0000784040695112,0.0
2026-01-16 03:31:00+00:00,1.0000784040695112,-0.0
2026-01-16 03:32:00+00:00,1.0000784040695112,0.0
2026-01-16 03:33:00+00:00,1.0000784040695112,0.0
2026-01-16 03:34:00+00:00,1.0000784040695112,-0.0
2026-01-16 03:35:00+00:00,1.0000784040695112,-0.0
2026-01-16 03:36:00+00:00,1.0000784040695112,0.0
2026-01-16 03:37:00+00:00,1.0000784040695112,-0.0
2026-01-16 03:38:00+00:00,1.0000784040695112,-0.0
2026-01-16 03:39:00+00:00,1.0000784040695112,0.0
2026-01-16 03:40:00+00:00,1.0000784040695112,-0.0
2026-01-16 03:41:00+00:00,1.0000784040695112,0.0
2026-01-16 03:42:00+00:00,1.0000784040695112,0.0
2026-01-16 03:43:00+00:00,1.0000784040695112,0.0
2026-01-16 03:44:00+00:00,1.0000784040695112,-0.0
2026-01-16 03:45:00+00:00,1.0000784040695112,-0.0
2026-01-16 03:46:00+00:00,1.0000784040695112,0.0
2026-01-16 03:47:00+00:00,1.0000784040695112,-0.0
2026-01-16 03:48:00+00:00,1.0000784040695112,-0.0
2026-01-16 03:49:00+00:00,1.0000784040695112,0.0
2026-01-16 03:50:00+00:00,1.0000784040695112,-0.0
2026-01-16 03:51:00+00:00,1.0000784040695112,-0.0
2026-01-16 03:52:00+00:00,1.0000784040695112,0.0
2026-01-16 03:53:00+00:00,1.0000784040695112,-0.0
2026-01-16 03:54:00+00:00,1.0000784040695112,0.0
2026-01-16 03:55:00+00:00,1.0000784040695112,0.0
2026-01-16 03:56:00+00:00,1.0000784040695112,-0.0
2026-01-16 03:57:00+00:00,1.0000784040695112,0.0
2026-01-16 03:58:00+00:00,1.0000784040695112,0.0
2026-01-16 03:59:00+00:00,1.0000784040695112,0.0
2026-01-16 04:00:00+00:00,1.0000784040695112,0.0
2026-01-16 04:01:00+00:00,1.0000784040695112,0.0
2026-01-16 04:02:00+00:00,1.0000784040695112,-0.0
2026-01-16 04:03:00+00:00,1.0000784040695112,-0.0
2026-01-16 04:04:00+00:00,1.0000784040695112,-0.0
2026-01-16 04:05:00+00:00,1.0000784040695112,-0.0
2026-01-16 04:06:00+00:00,1.0000784040695112,-0.0
2026-01-16 04:07:00+00:00,1.0000784040695112,0.0
2026-01-16 04:08:00+00:00,1.0000784040695112,0.0
2026-01-16 04:09:00+00:00,1.0000784040695112,-0.0
2026-01-16 04:10:00+00:00,1.0000784040695112,0.0
2026-01-16 04:11:00+00:00,1.0000784040695112,-0.0
2026-01-16 04:12:00+00:00,1.0000784040695112,0.0
2026-01-16 04:13:00+00:00,1.0000784040695112,0.0
2026-01-16 04:14:00+00:00,1.0000784040695112,0.0
2026-01-16 04:15:00+00:00,1.0000784040695112,0.0
2026-01-16 04:16:00+00:00,1.0000784040695112,-0.0
2026-01-16 04:17:00+00:00,1.0000784040695112,0.0
2026-01-16 04:18:00+00:00,1.0000784040695112,0.0
2026-01-16 04:19:00+00:00,1.0000784040695112,-0.0
2026-01-16 04:20:00+00:00,1.0000784040695112,-0.0
2026-01-16 04:21:00+00:00,1.0000784040695112,-0.0
2026-01-16 04:22:00+00:00,1.0000784040695112,0.0
2026-01-16 04:23:00+00:00,1.0000784040695112,0.0
2026-01-16 04:24:00+00:00,1.0000784040695112,0.0
2026-01-16 04:25:00+00:00,1.0000784040695112,-0.0
2026-01-16 04:26:00+00:00,1.0000784040695112,0.0
2026-01-16 04:27:00+00:00,1.0000784040695112,-0.0
2026-01-16 04:28:00+00:00,1.0000784040695112,-0.0
2026-01-16 04:29:00+00:00,1.0000784040695112,-0.0
2026-01-16 04:30:00+00:00,1.0000784040695112,0.0
2026-01-16 04:31:00+00:00,1.0000784040695112,-0.0
2026-01-16 04:32:00+00:00,1.0000784040695112,0.0
2026-01-16 04:33:00+00:00,1.0000784040695112,0.0
2026-01-16 04:34:00+00:00,1.0000784040695112,0.0
2026-01-16 04:35:00+00:00,1.0000784040695112,-0.0
2026-01-16 04:36:00+00:00,1.0000784040695112,0.0
2026-01-16 04:37:00+00:00,1.0000784040695112,-0.0
2026-01-16 04:38:00+00:00,1.0000784040695112,0.0
2026-01-16 04:39:00+00:00,1.0000784040695112,-0.0
2026-01-16 04:40:00+00:00,1.0000784040695112,0.0
2026-01-16 04:41:00+00:00,1.0000784040695112,-0.0
2026-01-16 04:42:00+00:00,1.0000784040695112,0.0
2026-01-16 04:43:00+00:00,1.0000784040695112,0.0
2026-01-16 04:44:00+00:00,1.0000784040695112,-0.0
2026-01-16 04:45:00+00:00,1.0000784040695112,0.0
2026-01-16 04:46:00+00:00,1.0000784040695112,-0.0
2026-01-16 04:47:00+00:00,1.0000784040695112,-0.0
2026-01-16 04:48:00+00:00,1.0000784040695112,-0.0
2026-01-16 04:49:00+00:00,1.0000784040695112,-0.0
2026-01-16 04:50:00+00:00,1.0000784040695112,-0.0
2026-01-16 04:51:00+00:00,1.0000784040695112,0.0
2026-01-16 04:52:00+00:00,1.0000784040695112,0.0
2026-01-16 04:53:00+00:00,1.0000784040695112,-0.0
2026-01-16 04:54:00+00:00,1.0000784040695112,0.0
2026-01-16 04:55:00+00:00,1.0000784040695112,-0.0
2026-01-16 04:56:00+00:00,1.0000784040695112,-0.0
2026-01-16 04:57:00+00:00,1.0000784040695112,0.0
2026-01-16 04:58:00+00:00,1.0000784040695112,-0.0
2026-01-16 04:59:00+00:00,1.0000784040695112,-0.0
2026-01-16 05:00:00+00:00,1.0000784040695112,0.0
2026-01-16 05:01:00+00:00,1.0000784040695112,0.0
2026-01-16 05:02:00+00:00,1.0000784040695112,-0.0
2026-01-16 05:03:00+00:00,1.0000784040695112,-0.0
2026-01-16 05:04:00+00:00,1.0000784040695112,-0.0
2026-01-16 05:05:00+00:00,1.0000784040695112,0.0
2026-01-16 05:06:00+00:00,1.0000784040695112,0.0
2026-01-16 05:07:00+00:00,1.0000784040695112,0.0
2026-01-16 05:08:00+00:00,1.0000784040695112,0.0
2026-01-16 05:09:00+00:00,1.0000784040695112,-0.0
2026-01-16 05:10:00+00:00,1.0000784040695112,-0.0
2026-01-16 05:11:00+00:00,1.0000784040695112,-0.0
2026-01-16 05:12:00+00:00,1.0000784040695112,0.0
2026-01-16 05:13:00+00:00,1.0000784040695112,-0.0
2026-01-16 05:14:00+00:00,1.0000784040695112,0.0
2026-01-16 05:15:00+00:00,1.0000784040695112,0.0
2026-01-16 05:16:00+00:00,1.0000784040695112,-0.0
2026-01-16 05:17:00+00:00,1.0000784040695112,-0.0
2026-01-16 05:18:00+00:00,1.0000784040695112,-0.0
2026-01-16 05:19:00+00:00,1.0000784040695112,0.0
2026-01-16 05:20:00+00:00,1.0000784040695112,-0.0
2026-01-16 05:21:00+00:00,1.0000784040695112,-0.0
2026-01-16 05:22:00+00:00,1.0000784040695112,0.0
2026-01-16 05:23:00+00:00,1.0000784040695112,-0.0
2026-01-16 05:24:00+00:00,1.0000784040695112,-0.0
2026-01-16 05:25:00+00:00,1.0000784040695112,-0.0
2026-01-16 05:26:00+00:00,1.0000784040695112,0.0
2026-01-16 05:27:00+00:00,1.0000784040695112,-0.0
2026-01-16 05:28:00+00:00,1.0000784040695112,0.0
2026-01-16 05:29:00+00:00,1.0000784040695112,-0.0
2026-01-16 05:30:00+00:00,1.0000784040695112,0.0
2026-01-16 05:31:00+00:00,1.0000784040695112,-0.0
2026-01-16 05:32:00+00:00,1.0000784040695112,0.0
2026-01-16 05:33:00+00:00,1.0000784040695112,-0.0
2026-01-16 05:34:00+00:00,1.0000784040695112,-0.0
2026-01-16 05:35:00+00:00,1.0000784040695112,0.0
2026-01-16 05:36:00+00:00,1.0000784040695112,0.0
2026-01-16 05:37:00+00:00,1.0000784040695112,-0.0
2026-01-16 05:38:00+00:00,1.0000784040695112,0.0
2026-01-16 05:39:00+00:00,1.0000784040695112,-0.0
2026-01-16 05:40:00+00:00,1.0000784040695112,-0.0
2026-01-16 05:41:00+00:00,1.0000784040695112,0.0
2026-01-16 05:42:00+00:00,1.0000784040695112,-0.0
2026-01-16 05:43:00+00:00,1.0000784040695112,0.0
2026-01-16 05:44:00+00:00,1.0000784040695112,-0.0
2026-01-16 05:45:00+00:00,1.0000784040695112,0.0
2026-01-16 05:46:00+00:00,1.0000784040695112,0.0
2026-01-16 05:47:00+00:00,1.0000784040695112,-0.0
2026-01-16 05:48:00+00:00,1.0000784040695112,-0.0
2026-01-16 05:49:00+00:00,1.0000784040695112,0.0
2026-01-16 05:50:00+00:00,1.0000784040695112,-0.0
2026-01-16 05:51:00+00:00,1.0000784040695112,0.0
2026-01-16 05:52:00+00:00,1.0000784040695112,0.0
2026-01-16 05:53:00+00:00,1.0000784040695112,0.0
2026-01-16 05:54:00+00:00,1.0000784040695112,-0.0
2026-01-16 05:55:00+00:00,1.0000784040695112,0.0
2026-01-16 05:56:00+00:00,1.0000784040695112,0.0
2026-01-16 05:57:00+00:00,1.0000784040695112,0.0
2026-01-16 05:58:00+00:00,1.0000784040695112,-0.0
2026-01-16 05:59:00+00:00,1.0000784040695112,0.0
2026-01-16 06:00:00+00:00,1.0000447923688998,-3.360906552388126e-05
2026-01-16 06:01:00+00:00,1.0000519215363848,7.128848167055053e-06
2026-01-16 06:02:00+00:00,1.0000384831195184,-1.3437719159383634e-05
2026-01-16 06:03:00+00:00,1.0000198814244086,-1.8600979286144226e-05
2026-01-16 06:04:00+00:00,0.9999997336891605,-2.0147334690410706e-05
2026-01-16 06:05:00+00:00,0.9999463665298671,-5.3367173505660305e-05
2026-01-16 06:06:00+00:00,0.9999541359236547,7.76981050952209e-06
2026-01-16 06:07:00+00:00,1.0000141222234271,5.9989051114760907e-05
2026-01-16 06:08:00+00:00,1.000030862416226,1.6739956393602938e-05
2026-01-16 06:09:00+00:00,1.0000286644277252,-2.197920667579471e-06
2026-01-16 06:10:00+00:00,1.0000556941067646,2.7028904271425784e-05
2026-01-16 06:11:00+00:00,1.0000433487244846,-1.2344694753328185e-05
2026-01-16 06:12:00+00:00,1.0000321820362474,-1.116620419654442e-05
2026-01-16 06:13:00+00:00,1.0000666103782374,3.442723405157711e-05
2026-01-16 06:14:00+00:00,1.0000571838901282,-9.425860248944023e-06
2026-01-16 06:15:00+00:00,1.0000584923951958,1.3084302466606633e-06
2026-01-16 06:16:00+00:00,1.0000654420913215,6.949289645084028e-06
2026-01-16 06:17:00+00:00,1.0000760547338208,1.0611948031108935e-05
2026-01-16 06:18:00+00:00,1.0000779541693032,1.8992910323851957e-06
2026-01-16 06:19:00+00:00,1.000099563076156,2.160722247969825e-05
2026-01-16 06:20:00+00:00,1.0000912476223007,-8.314626025563174e-06
2026-01-16 06:21:00+00:00,1.0000554458412563,-3.579851451522481e-05
2026-01-16 06:22:00+00:00,1.0000414925420475,-1.3952525599091232e-05
2026-01-16 06:23:00+00:00,1.0000278589996023,-1.3632976778310072e-05
2026-01-16 06:24:00+00:00,1.0000454273983337,1.7567909306967254e-05
2026-01-16 06:25:00+00:00,1.0000217413911285,-2.368493126026106e-05
2026-01-16 06:26:00+00:00,1.0000475943654508,2.5852412254673272e-05
2026-01-16 06:27:00+00:00,1.0000487430921978,1.1486720768174322e-06
2026-01-16 06:28:00+00:00,1.0000304792882722,-1.8262913734749917e-05
2026-01-16 06:29:00+00:00,1.0000481845758658,1.7704747965569234e-05
2026-01-16 06:30:00+00:00,1.0000493331318152,1.1485006095697488e-06
2026-01-16 06:31:00+00:00,1.0000560851942248,6.751729325670385e-06
2026-01-16 06:32:00+00:00,1.0000556021035492,-4.830635830771922e-07
2026-01-16 06:33:00+00:00,1.0000484897405302,-7.111967578658491e-06
2026-01-16 06:34:00+00:00,1.0000548263802869,6.336332509592166e-06
2026-01-16 06:35:00+00:00,1.000047724977142,-7.101013822093279e-06
2026-01-16 06:36:00+00:00,1.0000594074714857,1.1681936823423565e-05
2026-01-16 06:37:00+00:00,1.0000746649037704,1.5256525932956036e-05
2026-01-16 06:38:00+00:00,1.0000697465184902,-4.9180180768859856e-06
2026-01-16 06:39:00+00:00,1.0000554175767418,-1.4327942424425849e-05
2026-01-16 06:40:00+00:00,1.0000441624399292,-1.1254513114695353e-05
2026-01-16 06:41:00+00:00,1.0000353533641935,-8.80868672259959e-06
2026-01-16 06:42:00+00:00,1.0000289404187024,-6.412718779882869e-06
2026-01-16 06:43:00+00:00,1.0000511776671759,2.2236604936891597e-05
2026-01-16 06:44:00+00:00,1.0000387294086797,-1.2447621455954375e-05
2026-01-16 06:45:00+00:00,1.0000258115589356,-1.2917349462703804e-05
2026-01-16 06:46:00+00:00,1.0000422588324696,1.644684901511088e-05
2026-01-16 06:47:00+00:00,1.0000453227249952,3.0637630545375337e-06
2026-01-16 06:48:00+00:00,1.000055831592788,1.0508391523882298e-05
2026-01-16 06:49:00+00:00,1.0000299495345384,-2.588061329392064e-05
2026-01-16 06:50:00+00:00,1.000022605885574,-7.3434290322244715e-06
2026-01-16 06:51:00+00:00,1.0000677531939584,4.514628781256287e-05
2026-01-16 06:52:00+00:00,1.0000315584382968,-3.619230351736598e-05
2026-01-16 06:53:00+00:00,1.0000445263482176,1.296750068675272e-05
2026-01-16 06:54:00+00:00,1.0000448845686507,3.5820448360740217e-07
2026-01-16 06:55:00+00:00,1.0000434167941956,-1.4677085776657315e-06
2026-01-16 06:56:00+00:00,1.0000177229035252,-2.569277517250949e-05
2026-01-16 06:57:00+00:00,1.0000411090269061,2.3385708918334738e-05
2026-01-16 06:58:00+00:00,1.0000260738118616,-1.5034596986867916e-05
2026-01-16 06:59:00+00:00,1.000018601556655,-7.472060381487409e-06
2026-01-16 07:00:00+00:00,1.0000193143487235,7.12778809796559e-07
2026-01-16 07:01:00+00:00,1.000020620538637,1.306164685693566e-06
2026-01-16 07:02:00+00:00,1.0000076590186677,-1.2961252701359843e-05
2026-01-16 07:03:00+00:00,1.0000272707712448,1.9611602371391526e-05
2026-01-16 07:04:00+00:00,0.9999879641364704,-3.9305562881361114e-05
2026-01-16 07:05:00+00:00,1.0000093812598994,2.141738120556246e-05
2026-01-16 07:06:00+00:00,1.0000211486369814,1.176726669037196e-05
2026-01-16 07:07:00+00:00,1.0000110154466515,-1.0132976031235978e-05
2026-01-16 07:08:00+00:00,1.0000279163494794,1.690071665915495e-05
2026-01-16 07:09:00+00:00,1.0000442450756866,1.6328270381593705e-05
2026-01-16 07:10:00+00:00,1.00003595372473,-8.290984121354487e-06
2026-01-16 07:11:00+00:00,1.0000395067638415,3.5529113708017174e-06
2026-01-16 07:12:00+00:00,1.0000554752868964,1.5967892215054084e-05
2026-01-16 07:13:00+00:00,1.0000666719769462,1.119606894452274e-05
2026-01-16 07:14:00+00:00,1.000076153277018,9.48066797691277e-06
2026-01-16 07:15:00+00:00,1.0000774133392134,1.2599662449977527e-06
2026-01-16 07:16:00+00:00,1.000071635180615,-5.777711326544155e-06
2026-01-16 07:17:00+00:00,1.000070865234914,-7.698905497608538e-07
2026-01-16 07:18:00+00:00,1.0000864750803162,1.5608739285283514e-05
2026-01-16 07:19:00+00:00,1.000085557795267,-9.172057338220998e-07
2026-01-16 07:20:00+00:00,1.0000906046042553,5.046377231521534e-06
2026-01-16 07:21:00+00:00,1.0000706603666116,-1.9942430767637757e-05
2026-01-16 07:22:00+00:00,1.0000817646396485,1.1103488460136127e-05
2026-01-16 07:23:00+00:00,1.0000770670452819,-4.6972103008972885e-06
2026-01-16 07:24:00+00:00,1.0000778998882713,8.327788097193548e-07
2026-01-16 07:25:00+00:00,1.0000924690084039,1.4567985288181492e-05
2026-01-16 07:26:00+00:00,1.0000844261503445,-8.042114413021895e-06
2026-01-16 07:27:00+00:00,1.000093624875431,9.19794853913723e-06
2026-01-16 07:28:00+00:00,1.0001022543645732,8.628681283120609e-06
2026-01-16 07:29:00+00:00,1.0000622480964363,-4.000217773966282e-05
2026-01-16 07:30:00+00:00,1.0000827005798933,2.0451210408071457e-05
2026-01-16 07:31:00+00:00,1.0001172031252805,3.44996922424585e-05
2026-01-16 07:32:00+00:00,1.0001005623579733,-1.6638817185982967e-05
2026-01-16 07:33:00+00:00,1.000082221101645,-1.8339412073959504e-05
2026-01-16 07:34:00+00:00,1.0000868272081809,4.605727848039157e-06
2026-01-16 07:35:00+00:00,1.0000990070858442,1.2178820210214737e-05
2026-01-16 07:36:00+00:00,1.0001210026828868,2.1993419538251085e-05
2026-01-16 07:37:00+00:00,1.000103119524041,-1.7880995197373097e-05
2026-01-16 07:38:00+00:00,1.0001089161952323,5.7960735030013065e-06
2026-01-16 07:39:00+00:00,1.0001125674786853,3.6508858122243505e-06
2026-01-16 07:40:00+00:00,1.0001163444586383,3.776554835740809e-06
2026-01-16 07:41:00+00:00,1.000113148417333,-3.195669507030288e-06
2026-01-16 07:42:00+00:00,1.0001216466570226,8.497278236059582e-06
2026-01-16 07:43:00+00:00,1.0001175135590707,-4.132595235429425e-06
2026-01-16 07:44:00+00:00,1.0001132269918143,-4.2860635858515255e-06
2026-01-16 07:45:00+00:00,1.0000813111906521,-3.19121878411487e-05
2026-01-16 07:46:00+00:00,1.000093107644961,1.179549520331084e-05
2026-01-16 07:47:00+00:00,1.0000771051298547,-1.6001025288696004e-05
2026-01-16 07:48:00+00:00,1.0000679242370132,-9.18018500218569e-06
2026-01-16 07:49:00+00:00,1.0000647979779997,-3.1260466791415166e-06
2026-01-16 07:50:00+00:00,1.0000844573078203,1.9658056018229278e-05
2026-01-16 07:51:00+00:00,1.0000578281482964,-2.662691068682957e-05
2026-01-16 07:52:00+00:00,1.000041604025776,-1.622318436353479e-05
2026-01-16 07:53:00+00:00,1.0000415221365704,-8.188579876834379e-08
2026-01-16 07:54:00+00:00,1.0000326749419373,-8.846827294002053e-06
2026-01-16 07:55:00+00:00,1.000024881017127,-7.793670152535984e-06
2026-01-16 07:56:00+00:00,1.0000161982009996,-8.682600095479313e-06
2026-01-16 07:57:00+00:00,1.0000342416966854,1.804320341828846e-05
2026-01-16 07:58:00+00:00,1.0000168586603237,-1.7382441157325193e-05
2026-01-16 07:59:00+00:00,1.0000327485596878,1.588963148608447e-05
2026-01-16 08:00:00+00:00,1.0000593350089286,2.658557860143046e-05
2026-01-16 08:01:00+00:00,1.0000543350511377,-4.999661135889094e-06
2026-01-16 08:02:00+00:00,1.0000705892255155,1.6253291254403545e-05
2026-01-16 08:03:00+00:00,1.0000869975772582,1.640719357165425e-05
2026-01-16 08:04:00+00:00,1.0000784765643647,-8.520271650503268e-06
2026-01-16 08:05:00+00:00,1.0001003828902162,2.190460685318882e-05
2026-01-16 08:06:00+00:00,1.000074824192903,-2.5556131914844527e-05
2026-01-16 08:07:00+00:00,1.0000674132649732,-7.410373454614363e-06
2026-01-16 08:08:00+00:00,1.0000873059404072,1.9891334494236196e-05
2026-01-16 08:09:00+00:00,1.00010769255859,2.038483846521046e-05
2026-01-16 08:10:00+00:00,1.000091827760424,-1.586308982908712e-05
2026-01-16 08:11:00+00:00,1.0000894922405832,-2.335305395111001e-06
2026-01-16 08:12:00+00:00,1.0000975192326307,8.026273758379243e-06
2026-01-16 08:13:00+00:00,1.0000751753522918,-2.2341701593244084e-05
2026-01-16 08:14:00+00:00,1.000083385624235,8.209654779619255e-06
2026-01-16 08:15:00+00:00,1.0000817982550887,-1.5872367936712336e-06
2026-01-16 08:16:00+00:00,1.0000721437444415,-9.653720989651615e-06
2026-01-16 08:17:00+00:00,1.0000542762892106,-1.7866166298817356e-05
2026-01-16 08:18:00+00:00,1.0000629807146202,8.703952991230903e-06
2026-01-16 08:19:00+00:00,1.000051565593991,-1.1414401741987233e-05
2026-01-16 08:20:00+00:00,1.000067847302823,1.6280869299326607e-05
2026-01-16 08:21:00+00:00,1.0000635082971931,-4.3387112600246786e-06
2026-01-16 08:22:00+00:00,1.0000308631104111,-3.26431136735523e-05
2026-01-16 08:23:00+00:00,1.0000447431427746,1.387960399560022e-05
2026-01-16 08:24:00+00:00,1.0000536130982118,8.869558585463777e-06
2026-01-16 08:25:00+00:00,1.000053931676942,3.185616510261965e-07
2026-01-16 08:26:00+00:00,1.0000364871348746,-1.7443601304623066e-05
2026-01-16 08:27:00+00:00,1.000049564883808,1.3077271781230473e-05
2026-01-16 08:28:00+00:00,1.000023173288454,-2.6390287322521355e-05
2026-01-16 08:29:00+00:00,1.0000229445820545,-2.2870109970433033e-07
2026-01-16 08:30:00+00:00,1.0000206595436214,-2.2849860050510796e-06
2026-01-16 08:31:00+00:00,1.0000389762971975,1.8316375168103878e-05
2026-01-16 08:32:00+00:00,1.0000218093971112,-1.7166231010204338e-05
2026-01-16 08:33:00+00:00,1.0000217821084019,-2.72881141759e-08
2026-01-16 08:34:00+00:00,1.0000190811603817,-2.7008891889487387e-06
2026-01-16 08:35:00+00:00,1.000043978821062,2.4897185613254424e-05
2026-01-16 08:36:00+00:00,1.0000916495680028,4.76686505297047e-05
2026-01-16 08:37:00+00:00,1.0000751271572452,-1.6520896624579583e-05
2026-01-16 08:38:00+00:00,1.000064497028131,-1.062933056297922e-05
2026-01-16 08:39:00+00:00,1.0000529565286775,-1.1539755173444019e-05
2026-01-16 08:40:00+00:00,1.0000519520583893,-1.0044170979547922e-06
2026-01-16 08:41:00+00:00,1.0000553696386285,3.4174026980897397e-06
2026-01-16 08:42:00+00:00,1.0000407559560098,-1.4612873509082864e-05
2026-01-16 08:43:00+00:00,1.00001953594346,-2.1219147743183696e-05
2026-01-16 08:44:00+00:00,1.00002563188229,6.095819742297999e-06
2026-01-16 08:45:00+00:00,1.0000558286275933,3.019597132385863e-05
2026-01-16 08:46:00+00:00,1.0000932237330233,3.739301782924332e-05
2026-01-16 08:47:00+00:00,1.0000742374710963,-1.898449212185858e-05
2026-01-16 08:48:00+00:00,1.0000423575318484,-3.1877572737335646e-05
2026-01-16 08:49:00+00:00,1.0000175279632642,-2.4828516909510916e-05
2026-01-16 08:50:00+00:00,1.0000395584112913,2.203006188519002e-05
2026-01-16 08:51:00+00:00,1.0000228633758386,-1.6694375049902416e-05
2026-01-16 08:52:00+00:00,1.0000473534767356,2.448954098341531e-05
2026-01-16 08:53:00+00:00,1.0000405975060342,-6.755650797632819e-06
2026-01-16 08:54:00+00:00,1.000033534899779,-7.062319542556915e-06
2026-01-16 08:55:00+00:00,1.000052886534641,1.9350985928453336e-05
2026-01-16 08:56:00+00:00,1.0000502268972702,-2.659496719141802e-06
2026-01-16 08:57:00+00:00,1.0000502469668833,2.0068605072119392e-08
2026-01-16 08:58:00+00:00,1.0000764938652742,2.624557962999231e-05
2026-01-16 08:59:00+00:00,1.0000650784837746,-1.1414508359714092e-05
2026-01-16 09:00:00+00:00,1.0000520407636189,-1.303687173579513e-05
2026-01-16 09:01:00+00:00,1.0000551743278137,3.133401130133468e-06
2026-01-16 09:02:00+00:00,1.000045238215119,-9.935564506517136e-06
2026-01-16 09:03:00+00:00,1.0000592084096454,1.3969562568285531e-05
2026-01-16 09:04:00+00:00,1.0000698445734957,1.0635534137254686e-05
2026-01-16 09:05:00+00:00,1.0000451825101295,-2.466034097513007e-05
2026-01-16 09:06:00+00:00,1.0000225827236957,-2.2598765364957886e-05
2026-01-16 09:07:00+00:00,1.000015269659132,-7.312899418591856e-06
2026-01-16 09:08:00+00:00,1.0000305879404268,1.5318047393423663e-05
2026-01-16 09:09:00+00:00,1.000037617893297,7.02973784518728e-06
2026-01-16 09:10:00+00:00,1.0000339076353442,-3.7101183861109082e-06
2026-01-16 09:11:00+00:00,1.0000308341915454,-3.0733395890220256e-06
2026-01-16 09:12:00+00:00,1.000040357044086,9.522558920026326e-06
2026-01-16 09:13:00+00:00,1.0000379860969848,-2.370851420610056e-06
2026-01-16 09:14:00+00:00,1.0000458534590597,7.867063236075242e-06
2026-01-16 09:15:00+00:00,1.0000450958512581,-7.575730641811487e-07
2026-01-16 09:16:00+00:00,1.0000686678789223,2.3570964711581083e-05
2026-01-16 09:17:00+00:00,1.0000593187602587,-9.348476723541347e-06
2026-01-16 09:18:00+00:00,1.0000787693409128,1.9449426938336626e-05
2026-01-16 09:19:00+00:00,1.0000499867011148,-2.8780372787000202e-05
2026-01-16 09:20:00+00:00,1.0000736724134083,2.3684528382115607e-05
2026-01-16 09:21:00+00:00,1.0000506658957942,-2.300482279322123e-05
2026-01-16 09:22:00+00:00,1.0000676951923568,1.702843380187814e-05
2026-01-16 09:23:00+00:00,1.000040545213139,-2.714814141924976e-05
2026-01-16 09:24:00+00:00,1.0000575448199782,1.6998917614584197e-05
2026-01-16 09:25:00+00:00,1.0000625691047593,5.0239956762166775e-06
2026-01-16 09:26:00+00:00,1.0000664884911683,3.919141191834183e-06
2026-01-16 09:27:00+00:00,1.000050841048101,-1.564640276162946e-05
2026-01-16 09:28:00+00:00,1.0000279441492557,-2.2895734802237798e-05
2026-01-16 09:29:00+00:00,1.0000303933094215,2.449091728031241e-06
2026-01-16 09:30:00+00:00,1.000050421291028,2.002737290830873e-05
2026-01-16 09:31:00+00:00,1.0000573750845965,6.953442966919085e-06
2026-01-16 09:32:00+00:00,1.000062935259036,5.559855442283685e-06
2026-01-16 09:33:00+00:00,1.0000661225199643,3.187060349801377e-06
2026-01-16 09:34:00+00:00,1.0000471864074592,-1.893486048452981e-05
2026-01-16 09:35:00+00:00,1.0000479455816529,7.591383729339549e-07
2026-01-16 09:36:00+00:00,1.0000479699282538,2.434543373704593e-08
2026-01-16 09:37:00+00:00,1.000052937674477,4.96750793205931e-06
2026-01-16 09:38:00+00:00,1.000047986491059,-4.950921327714145e-06
2026-01-16 09:39:00+00:00,1.0000739940203598,2.6006281350640754e-05
2026-01-16 09:40:00+00:00,1.0000594570061487,-1.4535938638567383e-05
2026-01-16 09:41:00+00:00,1.000044507690138,-1.4948427221891498e-05
2026-01-16 09:42:00+00:00,1.000054744370771,1.0236225042214647e-05
2026-01-16 09:43:00+00:00,1.0000547879144879,4.3541333189009846e-08
2026-01-16 09:44:00+00:00,1.0000517447072286,-3.0430405374120577e-06
2026-01-16 09:45:00+00:00,1.0000714815868148,1.973585836009129e-05
2026-01-16 09:46:00+00:00,1.0000655012876105,-5.979871753658602e-06
2026-01-16 09:47:00+00:00,1.000065447020115,-5.426394135765158e-08
2026-01-16 09:48:00+00:00,1.0000742597300067,8.812133164054886e-06
2026-01-16 09:49:00+00:00,1.0000741102905808,-1.4942832949549382e-07
2026-01-16 09:50:00+00:00,1.0000779687462034,3.858169692450157e-06
2026-01-16 09:51:00+00:00,1.0000765001492435,-1.4684824642047907e-06
2026-01-16 09:52:00+00:00,1.0000655992500622,-1.0900065324829863e-05
2026-01-16 09:53:00+00:00,1.0000655569565304,-4.2290757510333754e-08
2026-01-16 09:54:00+00:00,1.000080043340768,1.4485434616474114e-05
2026-01-16 09:55:00+00:00,1.0000829651207277,2.9215461095585473e-06
2026-01-16 09:56:00+00:00,1.0000922573265956,9.291435003035706e-06
2026-01-16 09:57:00+00:00,1.0000563641583253,-3.588985716806494e-05
2026-01-16 09:58:00+00:00,1.0000563163759,-4.777973243702117e-08
2026-01-16 09:59:00+00:00,1.0000416629743525,-1.4652576367402301e-05
2026-01-16 10:00:00+00:00,1.000038627641758,-3.0352061386478e-06
2026-01-16 10:01:00+00:00,1.0000657523256784,2.7123636198090544e-05
2026-01-16 10:02:00+00:00,1.0000807109998484,1.495769066701115e-05
2026-01-16 10:03:00+00:00,1.0000635279317824,-1.7181681315292737e-05
2026-01-16 10:04:00+00:00,1.000069380861637,5.852558053784091e-06
2026-01-16 10:05:00+00:00,1.0000801412431353,1.0759634985324882e-05
2026-01-16 10:06:00+00:00,1.0000863234856312,6.181747083084099e-06
2026-01-16 10:07:00+00:00,1.000066400500085,-1.992126587304743e-05
2026-01-16 10:08:00+00:00,1.0000729356517197,6.534717726204253e-06
2026-01-16 10:09:00+00:00,1.0000805705808111,7.63437227349698e-06
2026-01-16 10:10:00+00:00,1.0000600462642326,-2.0522663055501185e-05
2026-01-16 10:11:00+00:00,1.0000545393845086,-5.506549076421238e-06
2026-01-16 10:12:00+00:00,1.0000907827507688,3.624138967714579e-05
2026-01-16 10:13:00+00:00,1.000090651151483,-1.3158733991331525e-07
2026-01-16 10:14:00+00:00,1.0000905127307318,-1.3840820432861993e-07
2026-01-16 10:15:00+00:00,1.0001018315057977,1.1317750665419593e-05
2026-01-16 10:16:00+00:00,1.0001283096361389,2.6475434307881217e-05
2026-01-16 10:17:00+00:00,1.0001052356421654,-2.307103373751673e-05
2026-01-16 10:18:00+00:00,1.0001052356421654,0.0
2026-01-16 10:19:00+00:00,1.0001052356421654,0.0
2026-01-16 10:20:00+00:00,1.0001052356421654,0.0
2026-01-16 10:21:00+00:00,1.0001052356421654,0.0
2026-01-16 10:22:00+00:00,1.0001052356421654,-0.0
2026-01-16 10:23:00+00:00,1.0001052356421654,-0.0
2026-01-16 10:24:00+00:00,1.0001052356421654,-0.0
2026-01-16 10:25:00+00:00,1.0001052356421654,0.0
2026-01-16 10:26:00+00:00,1.0001052356421654,-0.0
2026-01-16 10:27:00+00:00,1.0001052356421654,-0.0
2026-01-16 10:28:00+00:00,1.0001052356421654,0.0
2026-01-16 10:29:00+00:00,1.0001052356421654,-0.0
2026-01-16 10:30:00+00:00,1.0001052356421654,-0.0
2026-01-16 10:31:00+00:00,1.0001052356421654,0.0
2026-01-16 10:32:00+00:00,1.0001052356421654,-0.0
2026-01-16 10:33:00+00:00,1.0001052356421654,0.0
2026-01-16 10:34:00+00:00,1.0001052356421654,-0.0
2026-01-16 10:35:00+00:00,1.0001052356421654,0.0
2026-01-16 10:36:00+00:00,1.0001052356421654,0.0
2026-01-16 10:37:00+00:00,1.0001052356421654,-0.0
2026-01-16 10:38:00+00:00,1.0001052356421654,0.0
2026-01-16 10:39:00+00:00,1.0001052356421654,-0.0
2026-01-16 10:40:00+00:00,1.0001052356421654,-0.0
2026-01-16 10:41:00+00:00,1.0001052356421654,-0.0
2026-01-16 10:42:00+00:00,1.0001052356421654,0.0
2026-01-16 10:43:00+00:00,1.0001052356421654,-0.0
2026-01-16 10:44:00+00:00,1.0001052356421654,0.0
2026-01-16 10:45:00+00:00,1.0001052356421654,-0.0
2026-01-16 10:46:00+00:00,1.0001052356421654,0.0
2026-01-16 10:47:00+00:00,1.0001052356421654,-0.0
2026-01-16 10:48:00+00:00,1.0001052356421654,0.0
2026-01-16 10:49:00+00:00,1.0001052356421654,-0.0
2026-01-16 10:50:00+00:00,1.0001052356421654,-0.0
2026-01-16 10:51:00+00:00,1.0001052356421654,-0.0
2026-01-16 10:52:00+00:00,1.0001052356421654,0.0
2026-01-16 10:53:00+00:00,1.0001052356421654,-0.0
2026-01-16 10:54:00+00:00,1.0001052356421654,-0.0
2026-01-16 10:55:00+00:00,1.0001052356421654,0.0
2026-01-16 10:56:00+00:00,1.0001052356421654,-0.0
2026-01-16 10:57:00+00:00,1.0001052356421654,0.0
2026-01-16 10:58:00+00:00,1.0001052356421654,0.0
2026-01-16 10:59:00+00:00,1.0001052356421654,0.0
2026-01-16 11:00:00+00:00,1.0001052356421654,0.0
2026-01-16 11:01:00+00:00,1.0001052356421654,0.0
2026-01-16 11:02:00+00:00,1.0001052356421654,-0.0
2026-01-16 11:03:00+00:00,1.0001052356421654,-0.0
2026-01-16 11:04:00+00:00,1.0001052356421654,0.0
2026-01-16 11:05:00+00:00,1.0001052356421654,-0.0
2026-01-16 11:06:00+00:00,1.0001052356421654,0.0
2026-01-16 11:07:00+00:00,1.0001052356421654,0.0
2026-01-16 11:08:00+00:00,1.0001052356421654,-0.0
2026-01-16 11:09:00+00:00,1.0001052356421654,0.0
2026-01-16 11:10:00+00:00,1.0001052356421654,0.0
2026-01-16 11:11:00+00:00,1.0001052356421654,0.0
2026-01-16 11:12:00+00:00,1.0001052356421654,-0.0
2026-01-16 11:13:00+00:00,1.0001052356421654,-0.0
2026-01-16 11:14:00+00:00,1.0001052356421654,0.0
2026-01-16 11:15:00+00:00,1.0001052356421654,0.0
2026-01-16 11:16:00+00:00,1.0001052356421654,-0.0
2026-01-16 11:17:00+00:00,1.0001052356421654,0.0
2026-01-16 11:18:00+00:00,1.0001052356421654,0.0
2026-01-16 11:19:00+00:00,1.0001052356421654,0.0
2026-01-16 11:20:00+00:00,1.0001052356421654,0.0
2026-01-16 11:21:00+00:00,1.0001052356421654,-0.0
2026-01-16 11:22:00+00:00,1.0001052356421654,0.0
2026-01-16 11:23:00+00:00,1.0001052356421654,-0.0
2026-01-16 11:24:00+00:00,1.0001052356421654,0.0
2026-01-16 11:25:00+00:00,1.0001052356421654,0.0
2026-01-16 11:26:00+00:00,1.0001052356421654,-0.0
2026-01-16 11:27:00+00:00,1.0001052356421654,-0.0
2026-01-16 11:28:00+00:00,1.0001052356421654,-0.0
2026-01-16 11:29:00+00:00,1.0001052356421654,0.0
2026-01-16 11:30:00+00:00,1.0001052356421654,-0.0
2026-01-16 11:31:00+00:00,1.0001052356421654,0.0
2026-01-16 11:32:00+00:00,1.0001052356421654,-0.0
2026-01-16 11:33:00+00:00,1.0001052356421654,-0.0
2026-01-16 11:34:00+00:00,1.0001052356421654,-0.0
2026-01-16 11:35:00+00:00,1.0001052356421654,-0.0
2026-01-16 11:36:00+00:00,1.0001052356421654,0.0
2026-01-16 11:37:00+00:00,1.0001052356421654,-0.0
2026-01-16 11:38:00+00:00,1.0001052356421654,-0.0
2026-01-16 11:39:00+00:00,1.0001052356421654,0.0
2026-01-16 11:40:00+00:00,1.0001052356421654,0.0
2026-01-16 11:41:00+00:00,1.0001052356421654,0.0
2026-01-16 11:42:00+00:00,1.0001052356421654,-0.0
2026-01-16 11:43:00+00:00,1.0001052356421654,0.0
2026-01-16 11:44:00+00:00,1.0001052356421654,-0.0
2026-01-16 11:45:00+00:00,1.0001052356421654,0.0
2026-01-16 11:46:00+00:00,1.0001052356421654,0.0
2026-01-16 11:47:00+00:00,1.0001052356421654,0.0
2026-01-16 11:48:00+00:00,1.0001052356421654,-0.0
2026-01-16 11:49:00+00:00,1.0001052356421654,0.0
2026-01-16 11:50:00+00:00,1.0001052356421654,0.0
2026-01-16 11:51:00+00:00,1.0001052356421654,-0.0
2026-01-16 11:52:00+00:00,1.0001052356421654,-0.0
2026-01-16 11:53:00+00:00,1.0001052356421654,0.0
2026-01-16 11:54:00+00:00,1.0001052356421654,-0.0
2026-01-16 11:55:00+00:00,1.0001052356421654,0.0
2026-01-16 11:56:00+00:00,1.0001052356421654,-0.0
2026-01-16 11:57:00+00:00,1.0001052356421654,-0.0
2026-01-16 11:58:00+00:00,1.0001052356421654,0.0
2026-01-16 11:59:00+00:00,1.0001052356421654,0.0
2026-01-16 12:00:00+00:00,1.0001052356421654,-0.0
2026-01-16 12:01:00+00:00,1.0001052356421654,0.0
2026-01-16 12:02:00+00:00,1.0001052356421654,-0.0
2026-01-16 12:03:00+00:00,1.0001052356421654,-0.0
2026-01-16 12:04:00+00:00,1.0001052356421654,0.0
2026-01-16 12:05:00+00:00,1.0001052356421654,0.0
2026-01-16 12:06:00+00:00,1.0001052356421654,-0.0
2026-01-16 12:07:00+00:00,1.0001052356421654,-0.0
2026-01-16 12:08:00+00:00,1.0001052356421654,0.0
2026-01-16 12:09:00+00:00,1.0001052356421654,-0.0
2026-01-16 12:10:00+00:00,1.0001052356421654,-0.0
2026-01-16 12:11:00+00:00,1.0001052356421654,-0.0
2026-01-16 12:12:00+00:00,1.0001052356421654,-0.0
2026-01-16 12:13:00+00:00,1.0001052356421654,0.0
2026-01-16 12:14:00+00:00,1.0001052356421654,0.0
2026-01-16 12:15:00+00:00,1.0001052356421654,-0.0
2026-01-16 12:16:00+00:00,1.0001052356421654,-0.0
2026-01-16 12:17:00+00:00,1.0001052356421654,0.0
2026-01-16 12:18:00+00:00,1.0001052356421654,-0.0
2026-01-16 12:19:00+00:00,1.0001052356421654,-0.0
2026-01-16 12:20:00+00:00,1.0001052356421654,0.0
2026-01-16 12:21:00+00:00,1.0001052356421654,-0.0
2026-01-16 12:22:00+00:00,1.0001052356421654,0.0
2026-01-16 12:23:00+00:00,1.0001052356421654,-0.0
2026-01-16 12:24:00+00:00,1.0001052356421654,0.0
2026-01-16 12:25:00+00:00,1.0001052356421654,-0.0
2026-01-16 12:26:00+00:00,1.0001052356421654,0.0
2026-01-16 12:27:00+00:00,1.0001052356421654,0.0
2026-01-16 12:28:00+00:00,1.0001052356421654,-0.0
2026-01-16 12:29:00+00:00,1.0001052356421654,0.0
2026-01-16 12:30:00+00:00,1.0001052356421654,0.0
2026-01-16 12:31:00+00:00,1.0001052356421654,-0.0
2026-01-16 12:32:00+00:00,1.0001052356421654,-0.0
2026-01-16 12:33:00+00:00,1.0001052356421654,-0.0
2026-01-16 12:34:00+00:00,1.0001052356421654,0.0
2026-01-16 12:35:00+00:00,1.0001052356421654,-0.0
2026-01-16 12:36:00+00:00,1.0001052356421654,0.0
2026-01-16 12:37:00+00:00,1.0001052356421654,0.0
2026-01-16 12:38:00+00:00,1.0001052356421654,0.0
2026-01-16 12:39:00+00:00,1.0001052356421654,-0.0
2026-01-16 12:40:00+00:00,1.0001052356421654,-0.0
2026-01-16 12:41:00+00:00,1.0001052356421654,-0.0
2026-01-16 12:42:00+00:00,1.0001052356421654,0.0
2026-01-16 12:43:00+00:00,1.0001052356421654,-0.0
2026-01-16 12:44:00+00:00,1.0001052356421654,0.0
2026-01-16 12:45:00+00:00,1.0001052356421654,0.0
2026-01-16 12:46:00+00:00,1.0001052356421654,-0.0
2026-01-16 12:47:00+00:00,1.0001052356421654,-0.0
2026-01-16 12:48:00+00:00,1.0001052356421654,-0.0
2026-01-16 12:49:00+00:00,1.0001052356421654,0.0
2026-01-16 12:50:00+00:00,1.0001052356421654,0.0
2026-01-16 12:51:00+00:00,1.0001052356421654,0.0
2026-01-16 12:52:00+00:00,1.0001052356421654,-0.0
2026-01-16 12:53:00+00:00,1.0001052356421654,0.0
2026-01-16 12:54:00+00:00,1.0001052356421654,0.0
2026-01-16 12:55:00+00:00,1.0001052356421654,0.0
2026-01-16 12:56:00+00:00,1.0001052356421654,0.0
2026-01-16 12:57:00+00:00,1.0001052356421654,-0.0
2026-01-16 12:58:00+00:00,1.0001052356421654,0.0
2026-01-16 12:59:00+00:00,1.0001052356421654,0.0
2026-01-16 13:00:00+00:00,1.0001052356421654,-0.0
2026-01-16 13:01:00+00:00,1.0001052356421654,-0.0
2026-01-16 13:02:00+00:00,1.0001052356421654,0.0
2026-01-16 13:03:00+00:00,1.0001052356421654,0.0
2026-01-16 13:04:00+00:00,1.0001052356421654,-0.0
2026-01-16 13:05:00+00:00,1.0001052356421654,0.0
2026-01-16 13:06:00+00:00,1.0001052356421654,-0.0
2026-01-16 13:07:00+00:00,1.0001052356421654,-0.0
2026-01-16 13:08:00+00:00,1.0001052356421654,0.0
2026-01-16 13:09:00+00:00,1.0001052356421654,-0.0
2026-01-16 13:10:00+00:00,1.0001052356421654,0.0
2026-01-16 13:11:00+00:00,1.0001052356421654,-0.0
2026-01-16 13:12:00+00:00,1.0001052356421654,0.0
2026-01-16 13:13:00+00:00,1.0001052356421654,-0.0
2026-01-16 13:14:00+00:00,1.0001052356421654,-0.0
2026-01-16 13:15:00+00:00,1.0001052356421654,-0.0
2026-01-16 13:16:00+00:00,1.0001052356421654,0.0
2026-01-16 13:17:00+00:00,1.0001052356421654,0.0
2026-01-16 13:18:00+00:00,1.0001052356421654,0.0
2026-01-16 13:19:00+00:00,1.0001052356421654,0.0
2026-01-16 13:20:00+00:00,1.0001052356421654,-0.0
2026-01-16 13:21:00+00:00,1.0001052356421654,0.0
2026-01-16 13:22:00+00:00,1.0001052356421654,-0.0
2026-01-16 13:23:00+00:00,1.0001052356421654,-0.0
2026-01-16 13:24:00+00:00,1.0001052356421654,0.0
2026-01-16 13:25:00+00:00,1.0001052356421654,-0.0
2026-01-16 13:26:00+00:00,1.0001052356421654,0.0
2026-01-16 13:27:00+00:00,1.0001052356421654,-0.0
2026-01-16 13:28:00+00:00,1.0001052356421654,0.0
2026-01-16 13:29:00+00:00,1.0001052356421654,-0.0
2026-01-16 13:30:00+00:00,1.0001052356421654,0.0
2026-01-16 13:31:00+00:00,1.0001052356421654,0.0
2026-01-16 13:32:00+00:00,1.0001052356421654,-0.0
2026-01-16 13:33:00+00:00,1.0001052356421654,-0.0
2026-01-16 13:34:00+00:00,1.0001052356421654,0.0
2026-01-16 13:35:00+00:00,1.0001052356421654,-0.0
2026-01-16 13:36:00+00:00,1.0001052356421654,0.0
2026-01-16 13:37:00+00:00,1.0001052356421654,0.0
2026-01-16 13:38:00+00:00,1.0001052356421654,-0.0
2026-01-16 13:39:00+00:00,1.0001052356421654,-0.0
2026-01-16 13:40:00+00:00,1.0001052356421654,-0.0
2026-01-16 13:41:00+00:00,1.0001052356421654,-0.0
2026-01-16 13:42:00+00:00,1.0001052356421654,0.0
2026-01-16 13:43:00+00:00,1.0001052356421654,-0.0
2026-01-16 13:44:00+00:00,1.0001052356421654,-0.0
2026-01-16 13:45:00+00:00,1.0001052356421654,0.0
2026-01-16 13:46:00+00:00,1.0001052356421654,-0.0
2026-01-16 13:47:00+00:00,1.0001052356421654,-0.0
2026-01-16 13:48:00+00:00,1.0001052356421654,0.0
2026-01-16 13:49:00+00:00,1.0001052356421654,0.0
2026-01-16 13:50:00+00:00,1.0001052356421654,0.0
2026-01-16 13:51:00+00:00,1.0001052356421654,-0.0
2026-01-16 13:52:00+00:00,1.0001052356421654,-0.0
2026-01-16 13:53:00+00:00,1.0001052356421654,-0.0
2026-01-16 13:54:00+00:00,1.0001052356421654,0.0
2026-01-16 13:55:00+00:00,1.0001052356421654,-0.0
2026-01-16 13:56:00+00:00,1.0001052356421654,0.0
2026-01-16 13:57:00+00:00,1.0001052356421654,-0.0
2026-01-16 13:58:00+00:00,1.0001052356421654,-0.0
2026-01-16 13:59:00+00:00,1.0001052356421654,0.0
2026-01-16 14:00:00+00:00,1.0001052356421654,-0.0
2026-01-16 14:01:00+00:00,1.0001052356421654,0.0
2026-01-16 14:02:00+00:00,1.0001052356421654,0.0
2026-01-16 14:03:00+00:00,1.0001052356421654,-0.0
2026-01-16 14:04:00+00:00,1.0001052356421654,0.0
2026-01-16 14:05:00+00:00,1.0001052356421654,0.0
2026-01-16 14:06:00+00:00,1.0001052356421654,-0.0
2026-01-16 14:07:00+00:00,1.0001052356421654,0.0
2026-01-16 14:08:00+00:00,1.0001052356421654,0.0
2026-01-16 14:09:00+00:00,1.0001052356421654,0.0
2026-01-16 14:10:00+00:00,1.0001052356421654,-0.0
2026-01-16 14:11:00+00:00,1.0001052356421654,0.0
2026-01-16 14:12:00+00:00,1.0001052356421654,0.0
2026-01-16 14:13:00+00:00,1.0001052356421654,-0.0
2026-01-16 14:14:00+00:00,1.0001052356421654,0.0
2026-01-16 14:15:00+00:00,1.0001052356421654,-0.0
2026-01-16 14:16:00+00:00,1.0001052356421654,-0.0
2026-01-16 14:17:00+00:00,1.0001052356421654,-0.0
2026-01-16 14:18:00+00:00,1.0001052356421654,-0.0
2026-01-16 14:19:00+00:00,1.0001052356421654,-0.0
2026-01-16 14:20:00+00:00,1.0001052356421654,0.0
2026-01-16 14:21:00+00:00,1.0001052356421654,0.0
2026-01-16 14:22:00+00:00,1.0001052356421654,-0.0
2026-01-16 14:23:00+00:00,1.0001052356421654,-0.0
2026-01-16 14:24:00+00:00,1.0001052356421654,-0.0
2026-01-16 14:25:00+00:00,1.0001052356421654,0.0
2026-01-16 14:26:00+00:00,1.0001052356421654,0.0
2026-01-16 14:27:00+00:00,1.0001052356421654,-0.0
2026-01-16 14:28:00+00:00,1.0001052356421654,0.0
2026-01-16 14:29:00+00:00,1.0001052356421654,0.0
2026-01-16 14:30:00+00:00,1.0001052356421654,0.0
2026-01-16 14:31:00+00:00,1.0001052356421654,-0.0
2026-01-16 14:32:00+00:00,1.0001052356421654,0.0
2026-01-16 14:33:00+00:00,1.0001052356421654,0.0
2026-01-16 14:34:00+00:00,1.0001052356421654,0.0
2026-01-16 14:35:00+00:00,1.0001052356421654,-0.0
2026-01-16 14:36:00+00:00,1.0001052356421654,-0.0
2026-01-16 14:37:00+00:00,1.0001052356421654,-0.0
2026-01-16 14:38:00+00:00,1.0001052356421654,-0.0
2026-01-16 14:39:00+00:00,1.0001052356421654,-0.0
2026-01-16 14:40:00+00:00,1.0001052356421654,0.0
2026-01-16 14:41:00+00:00,1.0001052356421654,-0.0
2026-01-16 14:42:00+00:00,1.0001052356421654,0.0
2026-01-16 14:43:00+00:00,1.0001052356421654,-0.0
2026-01-16 14:44:00+00:00,1.0001052356421654,-0.0
2026-01-16 14:45:00+00:00,1.0001052356421654,0.0
2026-01-16 14:46:00+00:00,1.0001052356421654,-0.0
2026-01-16 14:47:00+00:00,1.0001052356421654,-0.0
2026-01-16 14:48:00+00:00,1.0001052356421654,-0.0
2026-01-16 14:49:00+00:00,1.0001052356421654,0.0
2026-01-16 14:50:00+00:00,1.0001052356421654,-0.0
2026-01-16 14:51:00+00:00,1.0001052356421654,0.0
2026-01-16 14:52:00+00:00,1.0001052356421654,-0.0
2026-01-16 14:53:00+00:00,1.0001052356421654,-0.0
2026-01-16 14:54:00+00:00,1.0001052356421654,0.0
2026-01-16 14:55:00+00:00,1.0001052356421654,-0.0
2026-01-16 14:56:00+00:00,1.0001052356421654,0.0
2026-01-16 14:57:00+00:00,1.0001052356421654,-0.0
2026-01-16 14:58:00+00:00,1.0001052356421654,-0.0
2026-01-16 14:59:00+00:00,1.0001052356421654,-0.0
2026-01-16 15:00:00+00:00,1.0001052356421654,0.0
2026-01-16 15:01:00+00:00,1.0001052356421654,-0.0
2026-01-16 15:02:00+00:00,1.0001052356421654,0.0
2026-01-16 15:03:00+00:00,1.0001052356421654,0.0
2026-01-16 15:04:00+00:00,1.0001052356421654,-0.0
2026-01-16 15:05:00+00:00,1.0001052356421654,0.0
2026-01-16 15:06:00+00:00,1.0001052356421654,0.0
2026-01-16 15:07:00+00:00,1.0001052356421654,0.0
2026-01-16 15:08:00+00:00,1.0001052356421654,0.0
2026-01-16 15:09:00+00:00,1.0001052356421654,0.0
2026-01-16 15:10:00+00:00,1.0001052356421654,-0.0
2026-01-16 15:11:00+00:00,1.0001052356421654,-0.0
2026-01-16 15:12:00+00:00,1.0001052356421654,-0.0
2026-01-16 15:13:00+00:00,1.0001052356421654,0.0
2026-01-16 15:14:00+00:00,1.0001052356421654,0.0
2026-01-16 15:15:00+00:00,1.0001052356421654,-0.0
2026-01-16 15:16:00+00:00,1.0001052356421654,0.0
2026-01-16 15:17:00+00:00,1.0001052356421654,-0.0
2026-01-16 15:18:00+00:00,1.0001052356421654,-0.0
2026-01-16 15:19:00+00:00,1.0001052356421654,-0.0
2026-01-16 15:20:00+00:00,1.0001052356421654,0.0
2026-01-16 15:21:00+00:00,1.0000717277982916,-3.350431802526875e-05
2026-01-16 15:22:00+00:00,1.0001297726430252,5.804068160324015e-05
2026-01-16 15:23:00+00:00,1.0001145950282513,-1.517564539023324e-05
2026-01-16 15:24:00+00:00,1.0001047182492262,-9.875647325026497e-06
2026-01-16 15:25:00+00:00,1.0000874360194103,-1.7280420240591217e-05
2026-01-16 15:26:00+00:00,1.0000730353360192,-1.4399424362743076e-05
2026-01-16 15:27:00+00:00,1.000114117090883,4.107875466307083e-05
2026-01-16 15:28:00+00:00,1.0000502345796007,-6.38752220277281e-05
2026-01-16 15:29:00+00:00,0.9999889611570101,-6.127034470063644e-05
2026-01-16 15:30:00+00:00,1.000008606305203,1.9645365054919215e-05
2026-01-16 15:31:00+00:00,0.9999730155224781,-3.5590476422375193e-05
2026-01-16 15:32:00+00:00,1.000012469869938,3.945541214357944e-05
2026-01-16 15:33:00+00:00,1.000084320754733,7.184998883492691e-05
2026-01-16 15:34:00+00:00,1.000098083278269,1.3761363167612644e-05
2026-01-16 15:35:00+00:00,1.000087471482056,-1.0610755475390628e-05
2026-01-16 15:36:00+00:00,1.0000894708011323,1.999144208163124e-06
2026-01-16 15:37:00+00:00,1.0000878394611739,-1.6311940141745636e-06
2026-01-16 15:38:00+00:00,1.00013966064176,5.181662904159755e-05
2026-01-16 15:39:00+00:00,1.0001917456553444,5.2077740373678784e-05
2026-01-16 15:40:00+00:00,1.0001366056380938,-5.512944641878729e-05
2026-01-16 15:41:00+00:00,1.0001765067919235,3.989570385160238e-05
2026-01-16 15:42:00+00:00,1.0002166875294654,4.017364662043418e-05
2026-01-16 15:43:00+00:00,1.0001680447243992,-4.863226706016006e-05
2026-01-16 15:44:00+00:00,1.0001849345144176,1.688695225529022e-05
2026-01-16 15:45:00+00:00,1.0002764228178782,9.14713872440205e-05
2026-01-16 15:46:00+00:00,1.000218144142318,-5.826257045635196e-05
2026-01-16 15:47:00+00:00,1.0002334924906535,1.5345000913584458e-05
2026-01-16 15:48:00+00:00,1.0002410477651178,7.553510776102198e-06
2026-01-16 15:49:00+00:00,1.000286372098204,4.531341039002379e-05
2026-01-16 15:50:00+00:00,1.0003108080446865,2.442895071255648e-05
2026-01-16 15:51:00+00:00,1.000365850337377,5.502519041852735e-05
2026-01-16 15:52:00+00:00,1.0002723967101266,-9.341944971314046e-05
2026-01-16 15:53:00+00:00,1.0002723967101266,-0.0
2026-01-16 15:54:00+00:00,1.0002723967101266,0.0
2026-01-16 15:55:00+00:00,1.0002723967101266,0.0
2026-01-16 15:56:00+00:00,1.0002723967101266,-0.0
2026-01-16 15:57:00+00:00,1.0002723967101266,0.0
2026-01-16 15:58:00+00:00,1.0002723967101266,-0.0
2026-01-16 15:59:00+00:00,1.0002723967101266,-0.0
2026-01-16 16:00:00+00:00,1.0002723967101266,0.0
2026-01-16 16:01:00+00:00,1.0002723967101266,-0.0
2026-01-16 16:02:00+00:00,1.0002723967101266,-0.0
2026-01-16 16:03:00+00:00,1.0002723967101266,0.0
2026-01-16 16:04:00+00:00,1.0002723967101266,0.0
2026-01-16 16:05:00+00:00,1.0002723967101266,-0.0
2026-01-16 16:06:00+00:00,1.0002723967101266,0.0
2026-01-16 16:07:00+00:00,1.0002723967101266,0.0
2026-01-16 16:08:00+00:00,1.0002723967101266,0.0
2026-01-16 16:09:00+00:00,1.0002723967101266,0.0
2026-01-16 16:10:00+00:00,1.0002723967101266,-0.0
2026-01-16 16:11:00+00:00,1.0002723967101266,-0.0
2026-01-16 16:12:00+00:00,1.0002723967101266,0.0
2026-01-16 16:13:00+00:00,1.0002723967101266,-0.0
2026-01-16 16:14:00+00:00,1.0002723967101266,0.0
2026-01-16 16:15:00+00:00,1.0002723967101266,-0.0
2026-01-16 16:16:00+00:00,1.0002723967101266,0.0
2026-01-16 16:17:00+00:00,1.0002723967101266,0.0
2026-01-16 16:18:00+00:00,1.0002723967101266,0.0
2026-01-16 16:19:00+00:00,1.0002723967101266,-0.0
2026-01-16 16:20:00+00:00,1.0002723967101266,0.0
2026-01-16 16:21:00+00:00,1.0002723967101266,0.0
2026-01-16 16:22:00+00:00,1.0002723967101266,-0.0
2026-01-16 16:23:00+00:00,1.0002723967101266,0.0
2026-01-16 16:24:00+00:00,1.0002723967101266,-0.0
2026-01-16 16:25:00+00:00,1.0002723967101266,0.0
2026-01-16 16:26:00+00:00,1.0002723967101266,-0.0
2026-01-16 16:27:00+00:00,1.0002723967101266,-0.0
2026-01-16 16:28:00+00:00,1.0002723967101266,-0.0
2026-01-16 16:29:00+00:00,1.0002723967101266,0.0
2026-01-16 16:30:00+00:00,1.0002723967101266,-0.0
2026-01-16 16:31:00+00:00,1.0002723967101266,-0.0
2026-01-16 16:32:00+00:00,1.0002723967101266,0.0
2026-01-16 16:33:00+00:00,1.0002723967101266,-0.0
2026-01-16 16:34:00+00:00,1.0002723967101266,0.0
2026-01-16 16:35:00+00:00,1.0002723967101266,-0.0
2026-01-16 16:36:00+00:00,1.0002723967101266,-0.0
2026-01-16 16:37:00+00:00,1.0002723967101266,-0.0
2026-01-16 16:38:00+00:00,1.0002723967101266,0.0
2026-01-16 16:39:00+00:00,1.0002723967101266,0.0
2026-01-16 16:40:00+00:00,1.0002723967101266,0.0
2026-01-16 16:41:00+00:00,1.0002723967101266,0.0
2026-01-16 16:42:00+00:00,1.0002723967101266,-0.0
2026-01-16 16:43:00+00:00,1.0002723967101266,0.0
2026-01-16 16:44:00+00:00,1.0002723967101266,-0.0
2026-01-16 16:45:00+00:00,1.0002723967101266,-0.0
2026-01-16 16:46:00+00:00,1.0002723967101266,0.0
2026-01-16 16:47:00+00:00,1.0002723967101266,-0.0
2026-01-16 16:48:00+00:00,1.0002723967101266,0.0
2026-01-16 16:49:00+00:00,1.0002723967101266,-0.0
2026-01-16 16:50:00+00:00,1.0002723967101266,0.0
2026-01-16 16:51:00+00:00,1.0002723967101266,0.0
2026-01-16 16:52:00+00:00,1.0002723967101266,-0.0
2026-01-16 16:53:00+00:00,1.0002723967101266,-0.0
2026-01-16 16:54:00+00:00,1.0002723967101266,0.0
2026-01-16 16:55:00+00:00,1.0002723967101266,0.0
2026-01-16 16:56:00+00:00,1.0002723967101266,-0.0
2026-01-16 16:57:00+00:00,1.0002723967101266,0.0
2026-01-16 16:58:00+00:00,1.0002723967101266,-0.0
2026-01-16 16:59:00+00:00,1.0002723967101266,0.0
2026-01-16 17:00:00+00:00,1.0002723967101266,-0.0
2026-01-16 17:01:00+00:00,1.0002723967101266,0.0
2026-01-16 17:02:00+00:00,1.0002723967101266,-0.0
2026-01-16 17:03:00+00:00,1.0002723967101266,0.0
2026-01-16 17:04:00+00:00,1.0002723967101266,-0.0
2026-01-16 17:05:00+00:00,1.0002723967101266,0.0
2026-01-16 17:06:00+00:00,1.0002723967101266,-0.0
2026-01-16 17:07:00+00:00,1.0002723967101266,-0.0
2026-01-16 17:08:00+00:00,1.0002723967101266,0.0
2026-01-16 17:09:00+00:00,1.0002723967101266,0.0
2026-01-16 17:10:00+00:00,1.0002723967101266,-0.0
2026-01-16 17:11:00+00:00,1.0002723967101266,0.0
2026-01-16 17:12:00+00:00,1.0002723967101266,-0.0
2026-01-16 17:13:00+00:00,1.0002723967101266,0.0
2026-01-16 17:14:00+00:00,1.0002723967101266,-0.0
2026-01-16 17:15:00+00:00,1.0002723967101266,-0.0
2026-01-16 17:16:00+00:00,1.0002723967101266,0.0
2026-01-16 17:17:00+00:00,1.0002723967101266,-0.0
2026-01-16 17:18:00+00:00,1.0002723967101266,-0.0
2026-01-16 17:19:00+00:00,1.0002723967101266,0.0
2026-01-16 17:20:00+00:00,1.0002723967101266,0.0
2026-01-16 17:21:00+00:00,1.0002723967101266,0.0
2026-01-16 17:22:00+00:00,1.0002723967101266,-0.0
2026-01-16 17:23:00+00:00,1.0002723967101266,0.0
2026-01-16 17:24:00+00:00,1.0002723967101266,-0.0
2026-01-16 17:25:00+00:00,1.0002723967101266,-0.0
2026-01-16 17:26:00+00:00,1.0002723967101266,0.0
2026-01-16 17:27:00+00:00,1.0002723967101266,-0.0
2026-01-16 17:28:00+00:00,1.0002723967101266,0.0
2026-01-16 17:29:00+00:00,1.0002723967101266,-0.0
2026-01-16 17:30:00+00:00,1.0002723967101266,-0.0
2026-01-16 17:31:00+00:00,1.0002723967101266,0.0
2026-01-16 17:32:00+00:00,1.0002723967101266,-0.0
2026-01-16 17:33:00+00:00,1.0002723967101266,0.0
2026-01-16 17:34:00+00:00,1.0002723967101266,0.0
2026-01-16 17:35:00+00:00,1.0002723967101266,-0.0
2026-01-16 17:36:00+00:00,1.0002723967101266,0.0
2026-01-16 17:37:00+00:00,1.0002723967101266,-0.0
2026-01-16 17:38:00+00:00,1.0002723967101266,-0.0
2026-01-16 17:39:00+00:00,1.0002723967101266,0.0
2026-01-16 17:40:00+00:00,1.0002723967101266,0.0
2026-01-16 17:41:00+00:00,1.0002723967101266,0.0
2026-01-16 17:42:00+00:00,1.0002723967101266,-0.0
2026-01-16 17:43:00+00:00,1.0002723967101266,-0.0
2026-01-16 17:44:00+00:00,1.0002723967101266,0.0
2026-01-16 17:45:00+00:00,1.0002723967101266,-0.0
2026-01-16 17:46:00+00:00,1.0002723967101266,-0.0
2026-01-16 17:47:00+00:00,1.0002723967101266,0.0
2026-01-16 17:48:00+00:00,1.0002723967101266,-0.0
2026-01-16 17:49:00+00:00,1.0002723967101266,0.0
2026-01-16 17:50:00+00:00,1.0002723967101266,0.0
2026-01-16 17:51:00+00:00,1.0002723967101266,0.0
2026-01-16 17:52:00+00:00,1.0002723967101266,-0.0
2026-01-16 17:53:00+00:00,1.0002723967101266,-0.0
2026-01-16 17:54:00+00:00,1.0002723967101266,0.0
2026-01-16 17:55:00+00:00,1.0002723967101266,0.0
2026-01-16 17:56:00+00:00,1.0002723967101266,-0.0
2026-01-16 17:57:00+00:00,1.0002723967101266,-0.0
2026-01-16 17:58:00+00:00,1.0002723967101266,0.0
2026-01-16 17:59:00+00:00,1.0002723967101266,0.0
2026-01-16 18:00:00+00:00,1.0002723967101266,-0.0
2026-01-16 18:01:00+00:00,1.0002723967101266,-0.0
2026-01-16 18:02:00+00:00,1.0002723967101266,0.0
2026-01-16 18:03:00+00:00,1.0002723967101266,0.0
2026-01-16 18:04:00+00:00,1.0002723967101266,-0.0
2026-01-16 18:05:00+00:00,1.0002723967101266,-0.0
2026-01-16 18:06:00+00:00,1.0002723967101266,0.0
2026-01-16 18:07:00+00:00,1.0002723967101266,-0.0
2026-01-16 18:08:00+00:00,1.0002723967101266,0.0
2026-01-16 18:09:00+00:00,1.0002723967101266,-0.0
2026-01-16 18:10:00+00:00,1.0002723967101266,-0.0
2026-01-16 18:11:00+00:00,1.0002723967101266,0.0
2026-01-16 18:12:00+00:00,1.0002723967101266,-0.0
2026-01-16 18:13:00+00:00,1.0002723967101266,0.0
2026-01-16 18:14:00+00:00,1.0002723967101266,-0.0
2026-01-16 18:15:00+00:00,1.0002723967101266,0.0
2026-01-16 18:16:00+00:00,1.0002723967101266,0.0
2026-01-16 18:17:00+00:00,1.0002723967101266,0.0
2026-01-16 18:18:00+00:00,1.0002723967101266,-0.0
2026-01-16 18:19:00+00:00,1.0002723967101266,0.0
2026-01-16 18:20:00+00:00,1.0002723967101266,-0.0
2026-01-16 18:21:00+00:00,1.0002723967101266,0.0
2026-01-16 18:22:00+00:00,1.0002723967101266,0.0
2026-01-16 18:23:00+00:00,1.0002723967101266,0.0
2026-01-16 18:24:00+00:00,1.0002723967101266,-0.0
2026-01-16 18:25:00+00:00,1.0002723967101266,0.0
2026-01-16 18:26:00+00:00,1.0002723967101266,-0.0
2026-01-16 18:27:00+00:00,1.0002723967101266,0.0
2026-01-16 18:28:00+00:00,1.0002723967101266,-0.0
2026-01-16 18:29:00+00:00,1.0002723967101266,0.0
2026-01-16 18:30:00+00:00,1.0002723967101266,-0.0
2026-01-16 18:31:00+00:00,1.0002723967101266,-0.0
2026-01-16 18:32:00+00:00,1.0002723967101266,-0.0
2026-01-16 18:33:00+00:00,1.0002723967101266,0.0
2026-01-16 18:34:00+00:00,1.0002723967101266,0.0
2026-01-16 18:35:00+00:00,1.0002723967101266,-0.0
2026-01-16 18:36:00+00:00,1.0002723967101266,0.0
2026-01-16 18:37:00+00:00,1.0002723967101266,-0.0
2026-01-16 18:38:00+00:00,1.0002723967101266,0.0
2026-01-16 18:39:00+00:00,1.0002723967101266,-0.0
2026-01-16 18:40:00+00:00,1.0002723967101266,-0.0
2026-01-16 18:41:00+00:00,1.0002723967101266,0.0
2026-01-16 18:42:00+00:00,1.0002723967101266,0.0
2026-01-16 18:43:00+00:00,1.0002723967101266,-0.0
2026-01-16 18:44:00+00:00,1.0002723967101266,0.0
2026-01-16 18:45:00+00:00,1.0002723967101266,0.0
2026-01-16 18:46:00+00:00,1.0002723967101266,-0.0
2026-01-16 18:47:00+00:00,1.0002723967101266,-0.0
2026-01-16 18:48:00+00:00,1.0002723967101266,-0.0
2026-01-16 18:49:00+00:00,1.0002723967101266,0.0
2026-01-16 18:50:00+00:00,1.0002723967101266,0.0
2026-01-16 18:51:00+00:00,1.0002723967101266,-0.0
2026-01-16 18:52:00+00:00,1.0002723967101266,-0.0
2026-01-16 18:53:00+00:00,1.0002723967101266,0.0
2026-01-16 18:54:00+00:00,1.0002723967101266,0.0
2026-01-16 18:55:00+00:00,1.0002723967101266,-0.0
2026-01-16 18:56:00+00:00,1.0002723967101266,0.0
2026-01-16 18:57:00+00:00,1.0002723967101266,-0.0
2026-01-16 18:58:00+00:00,1.0002723967101266,-0.0
2026-01-16 18:59:00+00:00,1.0002723967101266,-0.0
2026-01-16 19:00:00+00:00,1.0002723967101266,-0.0
2026-01-16 19:01:00+00:00,1.0002723967101266,0.0
2026-01-16 19:02:00+00:00,1.0002723967101266,-0.0
2026-01-16 19:03:00+00:00,1.0002723967101266,0.0
2026-01-16 19:04:00+00:00,1.0002723967101266,-0.0
2026-01-16 19:05:00+00:00,1.0002723967101266,0.0
2026-01-16 19:06:00+00:00,1.0002723967101266,-0.0
2026-01-16 19:07:00+00:00,1.0002723967101266,0.0
2026-01-16 19:08:00+00:00,1.0002723967101266,0.0
2026-01-16 19:09:00+00:00,1.0002723967101266,0.0
2026-01-16 19:10:00+00:00,1.0002723967101266,-0.0
2026-01-16 19:11:00+00:00,1.0002723967101266,0.0
2026-01-16 19:12:00+00:00,1.0002723967101266,0.0
2026-01-16 19:13:00+00:00,1.0002723967101266,0.0
2026-01-16 19:14:00+00:00,1.0002723967101266,-0.0
2026-01-16 19:15:00+00:00,1.0002723967101266,-0.0
2026-01-16 19:16:00+00:00,1.0002723967101266,0.0
2026-01-16 19:17:00+00:00,1.0002723967101266,-0.0
2026-01-16 19:18:00+00:00,1.0002723967101266,-0.0
2026-01-16 19:19:00+00:00,1.0002723967101266,0.0
2026-01-16 19:20:00+00:00,1.0002723967101266,-0.0
2026-01-16 19:21:00+00:00,1.0002723967101266,-0.0
2026-01-16 19:22:00+00:00,1.0002723967101266,0.0
2026-01-16 19:23:00+00:00,1.0002723967101266,-0.0
2026-01-16 19:24:00+00:00,1.0002723967101266,-0.0
2026-01-16 19:25:00+00:00,1.0002723967101266,0.0
2026-01-16 19:26:00+00:00,1.0002723967101266,-0.0
2026-01-16 19:27:00+00:00,1.0002723967101266,-0.0
2026-01-16 19:28:00+00:00,1.0002723967101266,-0.0
2026-01-16 19:29:00+00:00,1.0002723967101266,0.0
2026-01-16 19:30:00+00:00,1.0002723967101266,0.0
2026-01-16 19:31:00+00:00,1.0002723967101266,-0.0
2026-01-16 19:32:00+00:00,1.0002723967101266,0.0
2026-01-16 19:33:00+00:00,1.0002723967101266,-0.0
2026-01-16 19:34:00+00:00,1.0002723967101266,-0.0
2026-01-16 19:35:00+00:00,1.0002723967101266,-0.0
2026-01-16 19:36:00+00:00,1.0002723967101266,0.0
2026-01-16 19:37:00+00:00,1.0002723967101266,0.0
2026-01-16 19:38:00+00:00,1.0002723967101266,-0.0
2026-01-16 19:39:00+00:00,1.0002723967101266,-0.0
2026-01-16 19:40:00+00:00,1.0002723967101266,0.0
2026-01-16 19:41:00+00:00,1.0002723967101266,-0.0
2026-01-16 19:42:00+00:00,1.0002723967101266,-0.0
2026-01-16 19:43:00+00:00,1.0002723967101266,0.0
2026-01-16 19:44:00+00:00,1.0002723967101266,0.0
2026-01-16 19:45:00+00:00,1.0002723967101266,0.0
2026-01-16 19:46:00+00:00,1.0002723967101266,-0.0
2026-01-16 19:47:00+00:00,1.0002723967101266,0.0
2026-01-16 19:48:00+00:00,1.0002723967101266,0.0
2026-01-16 19:49:00+00:00,1.0002723967101266,0.0
2026-01-16 19:50:00+00:00,1.0002723967101266,-0.0
2026-01-16 19:51:00+00:00,1.0002723967101266,0.0
2026-01-16 19:52:00+00:00,1.0002723967101266,0.0
2026-01-16 19:53:00+00:00,1.0002723967101266,-0.0
2026-01-16 19:54:00+00:00,1.0002723967101266,-0.0
2026-01-16 19:55:00+00:00,1.0002723967101266,-0.0
2026-01-16 19:56:00+00:00,1.0002723967101266,0.0
2026-01-16 19:57:00+00:00,1.0002723967101266,0.0
2026-01-16 19:58:00+00:00,1.0002723967101266,0.0
2026-01-16 19:59:00+00:00,1.0002723967101266,-0.0
2026-01-16 20:00:00+00:00,1.0002723967101266,-0.0
2026-01-16 20:01:00+00:00,1.0002723967101266,-0.0
2026-01-16 20:02:00+00:00,1.0002723967101266,-0.0
2026-01-16 20:03:00+00:00,1.0002723967101266,0.0
2026-01-16 20:04:00+00:00,1.0002723967101266,0.0
2026-01-16 20:05:00+00:00,1.0002723967101266,-0.0
2026-01-16 20:06:00+00:00,1.0002723967101266,0.0
2026-01-16 20:07:00+00:00,1.0002723967101266,-0.0
2026-01-16 20:08:00+00:00,1.0002723967101266,-0.0
2026-01-16 20:09:00+00:00,1.0002723967101266,-0.0
2026-01-16 20:10:00+00:00,1.0002723967101266,-0.0
2026-01-16 20:11:00+00:00,1.0002723967101266,0.0
2026-01-16 20:12:00+00:00,1.0002723967101266,0.0
2026-01-16 20:13:00+00:00,1.0002723967101266,0.0
2026-01-16 20:14:00+00:00,1.0002723967101266,-0.0
2026-01-16 20:15:00+00:00,1.0002723967101266,-0.0
2026-01-16 20:16:00+00:00,1.0002723967101266,0.0
2026-01-16 20:17:00+00:00,1.0002723967101266,-0.0
2026-01-16 20:18:00+00:00,1.0002723967101266,0.0
2026-01-16 20:19:00+00:00,1.0002723967101266,0.0
2026-01-16 20:20:00+00:00,1.0002723967101266,-0.0
2026-01-16 20:21:00+00:00,1.0002723967101266,-0.0
2026-01-16 20:22:00+00:00,1.0002723967101266,-0.0
2026-01-16 20:23:00+00:00,1.0002723967101266,0.0
2026-01-16 20:24:00+00:00,1.0002723967101266,-0.0
2026-01-16 20:25:00+00:00,1.0002723967101266,0.0
2026-01-16 20:26:00+00:00,1.0002723967101266,-0.0
2026-01-16 20:27:00+00:00,1.0002723967101266,-0.0
2026-01-16 20:28:00+00:00,1.0002723967101266,-0.0
2026-01-16 20:29:00+00:00,1.0002723967101266,0.0
2026-01-16 20:30:00+00:00,1.0002723967101266,-0.0
2026-01-16 20:31:00+00:00,1.0002723967101266,0.0
2026-01-16 20:32:00+00:00,1.0002723967101266,0.0
2026-01-16 20:33:00+00:00,1.0002723967101266,0.0
2026-01-16 20:34:00+00:00,1.0002723967101266,-0.0
2026-01-16 20:35:00+00:00,1.0002723967101266,0.0
2026-01-16 20:36:00+00:00,1.0002723967101266,-0.0
2026-01-16 20:37:00+00:00,1.0002723967101266,-0.0
2026-01-16 20:38:00+00:00,1.0002723967101266,0.0
2026-01-16 20:39:00+00:00,1.0002723967101266,-0.0
2026-01-16 20:40:00+00:00,1.0002723967101266,0.0
2026-01-16 20:41:00+00:00,1.0002723967101266,-0.0
2026-01-16 20:42:00+00:00,1.0002723967101266,0.0
2026-01-16 20:43:00+00:00,1.0002723967101266,-0.0
2026-01-16 20:44:00+00:00,1.0002723967101266,-0.0
2026-01-16 20:45:00+00:00,1.0002723967101266,0.0
2026-01-16 20:46:00+00:00,1.0002723967101266,-0.0
2026-01-16 20:47:00+00:00,1.0002723967101266,0.0
2026-01-16 20:48:00+00:00,1.0002723967101266,-0.0
2026-01-16 20:49:00+00:00,1.0002723967101266,-0.0
2026-01-16 20:50:00+00:00,1.0002723967101266,0.0
2026-01-16 20:51:00+00:00,1.0002723967101266,-0.0
2026-01-16 20:52:00+00:00,1.0002723967101266,-0.0
2026-01-16 20:53:00+00:00,1.0002723967101266,0.0
2026-01-16 20:54:00+00:00,1.0002723967101266,0.0
2026-01-16 20:55:00+00:00,1.0002723967101266,-0.0
2026-01-16 20:56:00+00:00,1.0002723967101266,0.0
2026-01-16 20:57:00+00:00,1.0002723967101266,-0.0
2026-01-16 20:58:00+00:00,1.0002723967101266,0.0
2026-01-16 20:59:00+00:00,1.00023488649525,-3.7500000000000003e-05
2026-01-16 21:00:00+00:00,1.000326354907641,9.144693274149668e-05
2026-01-16 21:01:00+00:00,1.0003129070061925,-1.344351409188919e-05
2026-01-16 21:02:00+00:00,1.0003224272531248,9.51726891229278e-06
2026-01-16 21:03:00+00:00,1.0003569552879994,3.451690568338413e-05
2026-01-16 21:04:00+00:00,1.0003375866765196,-1.936170021849266e-05
2026-01-16 21:05:00+00:00,1.0003541643476008,1.6572076569041556e-05
2026-01-16 21:06:00+00:00,1.0003509099867918,-3.2532086384261366e-06
2026-01-16 21:07:00+00:00,1.0003596343457386,8.721298556019984e-06
2026-01-16 21:08:00+00:00,1.0003634471353122,3.8114188565016183e-06
2026-01-16 21:09:00+00:00,1.0003184842394321,-4.494656018146773e-05
2026-01-16 21:10:00+00:00,1.000336720240269,1.8230194807338453e-05
2026-01-16 21:11:00+00:00,1.000306722764222,-2.998737868989353e-05
2026-01-16 21:12:00+00:00,1.000342339070249,3.5605385044959515e-05
2026-01-16 21:13:00+00:00,1.0003344459172685,-7.890451770473662e-06
2026-01-16 21:14:00+00:00,1.00033380244178,-6.432603526459606e-07
2026-01-16 21:15:00+00:00,1.0003675033512613,3.368966378939202e-05
2026-01-16 21:16:00+00:00,1.0003437169949942,-2.3777617912691815e-05
2026-01-16 21:17:00+00:00,1.000343918732163,2.016678520668585e-07
2026-01-16 21:18:00+00:00,1.0003385489430061,-5.367943020646023e-06
2026-01-16 21:19:00+00:00,1.0003455663073733,7.014989449676295e-06
2026-01-16 21:20:00+00:00,1.0003261537222703,-1.940587908492425e-05
2026-01-16 21:21:00+00:00,1.0003084051159452,-1.774281943860778e-05
2026-01-16 21:22:00+00:00,1.000347035814604,3.861878842688319e-05
2026-01-16 21:23:00+00:00,1.0003556297518357,8.590955862175906e-06
2026-01-16 21:24:00+00:00,1.0003623589677486,6.726823654354412e-06
2026-01-16 21:25:00+00:00,1.0003738937152442,1.1530569290521262e-05
2026-01-16 21:26:00+00:00,1.0003740420039382,1.4823327051956278e-07
2026-01-16 21:27:00+00:00,1.000377548253065,3.5049381329466075e-06
2026-01-16 21:28:00+00:00,1.0003867951308945,9.243388004362393e-06
2026-01-16 21:29:00+00:00,1.000378356117856,-8.43575013132312e-06
2026-01-16 21:30:00+00:00,1.0003417568409068,-3.6585434626225055e-05
2026-01-16 21:31:00+00:00,1.0003562407863587,1.4478997155650566e-05
2026-01-16 21:32:00+00:00,1.0003765620633058,2.0314040257432115e-05
2026-01-16 21:33:00+00:00,1.0003829189080988,6.354451947580483e-06
2026-01-16 21:34:00+00:00,1.0004200408970396,3.710777967047081e-05
2026-01-16 21:35:00+00:00,1.0004124800424352,-7.557680069808247e-06
2026-01-16 21:36:00+00:00,1.000426275523799,1.378979334931384e-05
2026-01-16 21:37:00+00:00,1.0003854081031014,-4.085000733929264e-05
2026-01-16 21:38:00+00:00,1.0003975073613631,1.209459690597288e-05
2026-01-16 21:39:00+00:00,1.000368075000451,-2.9420665980713715e-05
2026-01-16 21:40:00+00:00,1.000365014151684,-3.059722559801806e-06
2026-01-16 21:41:00+00:00,1.0003314275455004,-3.357435107023718e-05
2026-01-16 21:42:00+00:00,1.000297503524465,-3.3912781405550796e-05
2026-01-16 21:43:00+00:00,1.0003149392144115,1.743050431013841e-05
2026-01-16 21:44:00+00:00,1.0003151516873434,2.1240603698378838e-07
2026-01-16 21:45:00+00:00,1.0003127901396358,-2.360803696331215e-06
2026-01-16 21:46:00+00:00,1.0003384936153898,2.5695438474205597e-05
2026-01-16 21:47:00+00:00,1.000309132880802,-2.935079952954114e-05
2026-01-16 21:48:00+00:00,1.0003416506020357,3.2507672043381826e-05
2026-01-16 21:49:00+00:00,1.000333140755661,-8.506939973585875e-06
2026-01-16 21:50:00+00:00,1.0003375912311439,4.448993341711346e-06
2026-01-16 21:51:00+00:00,1.0003352938782595,-2.296577579838785e-06
2026-01-16 21:52:00+00:00,1.0003373714245216,2.076849907057579e-06
2026-01-16 21:53:00+00:00,1.0003567162698515,1.9338321132898417e-05
2026-01-16 21:54:00+00:00,1.000372394594259,1.5672733688720948e-05
2026-01-16 21:55:00+00:00,1.0003603158506635,-1.2074247211104216e-05
2026-01-16 21:56:00+00:00,1.0003559367725428,-4.377500837814383e-06
2026-01-16 21:57:00+00:00,1.0003456033573306,-1.0329738478326898e-05
2026-01-16 21:58:00+00:00,1.0003399283498653,-5.6730468412437665e-06
2026-01-16 21:59:00+00:00,1.000320782105389,-1.913973833669967e-05
2026-01-16 22:00:00+00:00,1.0003209246652278,1.4251412297161722e-07
2026-01-16 22:01:00+00:00,1.0002967274470702,-2.418945516481418e-05
2026-01-16 22:02:00+00:00,1.0003742549979988,7.750455320032873e-05
2026-01-16 22:03:00+00:00,1.0003312440819427,-4.299482502806142e-05
2026-01-16 22:04:00+00:00,1.0003161574297676,-1.5081656465596694e-05
2026-01-16 22:05:00+00:00,1.0003180896908779,1.9316504044338555e-06
2026-01-16 22:06:00+00:00,1.0003520727109698,3.39722138808094e-05
2026-01-16 22:07:00+00:00,1.000349185910609,-2.885784354962525e-06
2026-01-16 22:08:00+00:00,1.0003493218392057,1.3588114873667168e-07
2026-01-16 22:09:00+00:00,1.0003672061865392,1.787810212196381e-05
2026-01-16 22:10:00+00:00,1.0003472937723832,-1.9905104878208945e-05
2026-01-16 22:11:00+00:00,1.000348049013726,7.549791432568561e-07
2026-01-16 22:12:00+00:00,1.0003320533112323,-1.599013714211709e-05
2026-01-16 22:13:00+00:00,1.000341178143881,9.121803723475875e-06
2026-01-16 22:14:00+00:00,1.0003167263806338,-2.4443423685286893e-05
2026-01-16 22:15:00+00:00,1.0003637839247876,4.704264450714323e-05
2026-01-16 22:16:00+00:00,1.0003439743508347,-1.9802370168995006e-05
2026-01-16 22:17:00+00:00,1.0003379567429211,-6.015538722538191e-06
2026-01-16 22:18:00+00:00,1.0003636978912407,2.5732451863945692e-05
2026-01-16 22:19:00+00:00,1.0003839388061513,2.0233556008911436e-05
2026-01-16 22:20:00+00:00,1.0003841557063922,2.168169963024041e-07
2026-01-16 22:21:00+00:00,1.0003720328058323,-1.2118245266796583e-05
2026-01-16 22:22:00+00:00,1.0003457796281925,-2.6243414228862616e-05
2026-01-16 22:23:00+00:00,1.0003404702928265,-5.307500140660311e-06
2026-01-16 22:24:00+00:00,1.0003201751520499,-2.0288233236009756e-05
2026-01-16 22:25:00+00:00,1.0003288795588086,8.701620716069525e-06
2026-01-16 22:26:00+00:00,1.000335872232515,6.99037471497839e-06
2026-01-16 22:27:00+00:00,1.0003354805008553,-3.9160013217327503e-07
2026-01-16 22:28:00+00:00,1.0003281468974876,-7.331143911843857e-06
2026-01-16 22:29:00+00:00,1.000373550981134,4.538918932473801e-05
2026-01-16 22:30:00+00:00,1.0003709065490665,-2.6434446061728436e-06
2026-01-16 22:31:00+00:00,1.0003616297964362,-9.273313097691061e-06
2026-01-16 22:32:00+00:00,1.0003547540609705,-6.873249893726273e-06
2026-01-16 22:33:00+00:00,1.0003550561060828,3.019379985663716e-07
2026-01-16 22:34:00+00:00,1.0003362351788856,-1.8814247083803267e-05
2026-01-16 22:35:00+00:00,1.0003278558173336,-8.376545062944645e-06
2026-01-16 22:36:00+00:00,1.000336829836017,8.971077463305116e-06
2026-01-16 22:37:00+00:00,1.0003339776534874,-2.851222152870067e-06
2026-01-16 22:38:00+00:00,1.0003173874729865,-1.658464160116385e-05
2026-01-16 22:39:00+00:00,1.0003073706433319,-1.0013651447131201e-05
2026-01-16 22:40:00+00:00,1.000325837934914,1.846161702321496e-05
2026-01-16 22:41:00+00:00,1.0003448078482926,1.8963734274370132e-05
2026-01-16 22:42:00+00:00,1.0003903666424936,4.554309058596127e-05
2026-01-16 22:43:00+00:00,1.000357827402217,-3.252654299935245e-05
2026-01-16 22:44:00+00:00,1.000302568396316,-5.52392397872591e-05
2026-01-16 22:45:00+00:00,1.0003443356467432,4.1754616799574097e-05
2026-01-16 22:46:00+00:00,1.0003862410247686,4.189095347673912e-05
2026-01-16 22:47:00+00:00,1.0003268655652795,-5.9352535105002657e-05
2026-01-16 22:48:00+00:00,1.0003271560097329,2.903495481701663e-07
2026-01-16 22:49:00+00:00,1.0003322981202658,5.140428810823117e-06
2026-01-16 22:50:00+00:00,1.0003554917208826,2.3185895987221573e-05
2026-01-16 22:51:00+00:00,1.0003670582561943,1.1562424965575473e-05
2026-01-16 22:52:00+00:00,1.00035420340253,-1.2850136915664835e-05
2026-01-16 22:53:00+00:00,1.0003270427466386,-2.7151038900985723e-05
2026-01-16 22:54:00+00:00,1.0003315584579622,4.514234975778173e-06
2026-01-16 22:55:00+00:00,1.0003139496882998,-1.7602933261071e-05
2026-01-16 22:56:00+00:00,1.0003559708940362,4.200801733245784e-05
2026-01-16 22:57:00+00:00,1.0003446103993996,-1.1356452070093636e-05
2026-01-16 22:58:00+00:00,1.0003615889612205,1.697271284769328e-05
2026-01-16 22:59:00+00:00,1.0003345807763366,-2.699842255233383e-05
2026-01-16 23:00:00+00:00,1.0003951330336753,6.053200449378067e-05
2026-01-16 23:01:00+00:00,1.0003836280445535,-1.150044491613357e-05
2026-01-16 23:02:00+00:00,1.0003752561882913,-8.368645814986226e-06
2026-01-16 23:03:00+00:00,1.000354322760419,-2.0925575420599702e-05
2026-01-16 23:04:00+00:00,1.0003917875166695,3.745148633648968e-05
2026-01-16 23:05:00+00:00,1.0003753595698366,-1.642151308912761e-05
2026-01-16 23:06:00+00:00,1.0004064466606375,3.107542634218236e-05
2026-01-16 23:07:00+00:00,1.0004120540926384,5.6051538048138494e-06
2026-01-16 23:08:00+00:00,1.0003837087922733,-2.833362537893802e-05
2026-01-16 23:09:00+00:00,1.0004309551992605,4.72282850789468e-05
2026-01-16 23:10:00+00:00,1.0004054576028834,-2.548661278892925e-05
2026-01-16 23:11:00+00:00,1.0003876349415455,-1.7815437933080548e-05
2026-01-16 23:12:00+00:00,1.000398992554644,1.1353212196729216e-05
2026-01-16 23:13:00+00:00,1.0003854818459235,-1.3505320198275853e-05
2026-01-16 23:14:00+00:00,1.000390019061529,4.53546726502462e-06
2026-01-16 23:15:00+00:00,1.000407314529437,1.7288724975755645e-05
2026-01-16 23:16:00+00:00,1.0004009280904127,-6.383838793943237e-06
2026-01-16 23:17:00+00:00,1.0004079464126905,7.0155095629335774e-06
2026-01-16 23:18:00+00:00,1.0004022031305826,-5.740940112069108e-06
2026-01-16 23:19:00+00:00,1.0004004643729434,-1.7380585866090769e-06
2026-01-16 23:20:00+00:00,1.000401951640499,1.4866721961635795e-06
2026-01-16 23:21:00+00:00,1.000405635312039,3.6821914770109064e-06
2026-01-16 23:22:00+00:00,1.0003957185301098,-9.912760963457524e-06
2026-01-16 23:23:00+00:00,1.0004176384263717,2.191122558403323e-05
2026-01-16 23:24:00+00:00,1.0004313192009229,1.3675063319371124e-05
2026-01-16 23:25:00+00:00,1.000414533032618,-1.677893122978042e-05
2026-01-16 23:26:00+00:00,1.0004066226121178,-7.907142728217087e-06
2026-01-16 23:27:00+00:00,1.0004391636993815,3.252786069998952e-05
2026-01-16 23:28:00+00:00,1.000404503674108,-3.4644810530153644e-05
2026-01-16 23:29:00+00:00,1.0004139136510541,9.40617211490752e-06
2026-01-16 23:30:00+00:00,1.0003902267169154,-2.3677133849913565e-05
2026-01-16 23:31:00+00:00,1.0003882956343293,-1.930329320097294e-06
2026-01-16 23:32:00+00:00,1.0003957025303172,7.404021038911011e-06
2026-01-16 23:33:00+00:00,1.0003961050490886,4.0235955670721157e-07
2026-01-16 23:34:00+00:00,1.000386962292343,-9.139136687448e-06
2026-01-16 23:35:00+00:00,1.0004278922212495,4.09140966938843e-05
2026-01-16 23:36:00+00:00,1.000410665798144,-1.7219055205811486e-05
2026-01-16 23:37:00+00:00,1.0004057248933897,-4.938876526632207e-06
2026-01-16 23:38:00+00:00,1.0003802333352247,-2.5481219799727287e-05
2026-01-16 23:39:00+00:00,1.0003943371834443,1.4098487504628706e-05
2026-01-16 23:40:00+00:00,1.0003974262039956,3.0878029158501064e-06
2026-01-16 23:41:00+00:00,1.0004073843917527,9.954231684396484e-06
2026-01-16 23:42:00+00:00,1.0004132097111411,5.8229472105846845e-06
2026-01-16 23:43:00+00:00,1.0004382631032616,2.5043044091344563e-05
2026-01-16 23:44:00+00:00,1.000417460028632,-2.0793961403590086e-05
2026-01-16 23:45:00+00:00,1.000409306961816,-8.14966465659505e-06
2026-01-16 23:46:00+00:00,1.0003793905061134,-2.9904215699074115e-05
2026-01-16 23:47:00+00:00,1.0003909686537722,1.1573756685373218e-05
2026-01-16 23:48:00+00:00,1.0003750827773314,-1.5879667988357416e-05
2026-01-16 23:49:00+00:00,1.0003671317558924,-7.948040265889275e-06
2026-01-16 23:50:00+00:00,1.0003626773784746,-4.452742674569972e-06
2026-01-16 23:51:00+00:00,1.0003630065290274,3.2903122063141897e-07
2026-01-16 23:52:00+00:00,1.0003894260099606,2.6409893969275106e-05
2026-01-16 23:53:00+00:00,1.0003474079796404,-4.2001673775971444e-05
2026-01-16 23:54:00+00:00,1.0003927983181997,4.5374575069902576e-05
2026-01-16 23:55:00+00:00,1.0003910257389017,-1.7718833053375516e-06
2026-01-16 23:56:00+00:00,1.0003845801859734,-6.443033536245868e-06
2026-01-16 23:57:00+00:00,1.0003706127327212,-1.3962083711555048e-05
2026-01-16 23:58:00+00:00,1.0003669481944613,-3.663180638480526e-06
2026-01-16 23:59:00+00:00,1.0003801616927817,1.3208651429442186e-05
2026-01-17 00:00:00+00:00,1.0003782830904284,-1.8778884519305974e-06
2026-01-17 00:01:00+00:00,1.0003859977292087,7.711721566364084e-06
2026-01-17 00:02:00+00:00,1.0003869980778384,9.999626464104012e-07
2026-01-17 00:03:00+00:00,1.0003584878105656,-2.8499238122314787e-05
2026-01-17 00:04:00+00:00,1.0003391748874746,-1.9306002124640908e-05
2026-01-17 00:05:00+00:00,1.0003271137869396,-1.205701109956503e-05
2026-01-17 00:06:00+00:00,1.0003113128673817,-1.579575254953104e-05
2026-01-17 00:07:00+00:00,1.0003275962088598,1.6278273841997766e-05
2026-01-17 00:08:00+00:00,1.0003445985227857,1.6996745856370987e-05
2026-01-17 00:09:00+00:00,1.0003627099975556,1.8105235732355538e-05
2026-01-17 00:10:00+00:00,1.000319104953726,-4.358923357878306e-05
2026-01-17 00:11:00+00:00,1.0003174544154134,-1.6500117854397341e-06
2026-01-17 00:12:00+00:00,1.0003591775224485,4.17098660539476e-05
2026-01-17 00:13:00+00:00,1.000343735976152,-1.543600203148227e-05
2026-01-17 00:14:00+00:00,1.000354168048979,1.0428488180433995e-05
2026-01-17 00:15:00+00:00,1.0003545319416212,3.63763808564556e-07
2026-01-17 00:16:00+00:00,1.0003625982134063,8.0634130478071e-06
2026-01-17 00:17:00+00:00,1.0003550274826427,-7.5679866252691704e-06
2026-01-17 00:18:00+00:00,1.0003398825516827,-1.5139556001599706e-05
2026-01-17 00:19:00+00:00,1.00035257868115,1.2691815740682789e-05
2026-01-17 00:20:00+00:00,1.0003663939032055,1.3810352819543084e-05
2026-01-17 00:21:00+00:00,1.000366892674703,4.98588817622162e-07
2026-01-17 00:22:00+00:00,1.0003474916332622,-1.939392595129385e-05
2026-01-17 00:23:00+00:00,1.00036458986276,1.7092290069987427e-05
2026-01-17 00:24:00+00:00,1.0003859849002867,2.1387239955882774e-05
2026-01-17 00:25:00+00:00,1.0003783021582233,-7.679777785227885e-06
2026-01-17 00:26:00+00:00,1.0003796566042036,1.353933784135388e-06
2026-01-17 00:27:00+00:00,1.000419613989794,3.994222126250773e-05
2026-01-17 00:28:00+00:00,1.0004108587432463,-8.751574264820114e-06
2026-01-17 00:29:00+00:00,1.000366924384465,-4.391631537912484e-05
2026-01-17 00:30:00+00:00,1.0003663104612057,-6.136980784373856e-07
2026-01-17 00:31:00+00:00,1.0003666961373852,3.855349540702302e-07
2026-01-17 00:32:00+00:00,1.0003710573454916,4.35960945454675e-06
2026-01-17 00:33:00+00:00,1.000399653210502,2.858525824021139e-05
2026-01-17 00:34:00+00:00,1.0004219913836863,2.232924922807711e-05
2026-01-17 00:35:00+00:00,1.0004005027142926,-2.1479605185242017e-05
2026-01-17 00:36:00+00:00,1.0003817956813876,-1.8699543687076966e-05
2026-01-17 00:37:00+00:00,1.0003608005698816,-2.0987098722367938e-05
2026-01-17 00:38:00+00:00,1.0004013786919057,4.056348669485224e-05
2026-01-17 00:39:00+00:00,1.0003665367162937,-3.482799639643746e-05
2026-01-17 00:40:00+00:00,1.0003670525844728,5.1567916370525e-07
2026-01-17 00:41:00+00:00,1.000367640011195,5.872111847051658e-07
2026-01-17 00:42:00+00:00,1.0003541348628966,-1.350018509007649e-05
2026-01-17 00:43:00+00:00,1.000381183551082,2.7039112692992548e-05
2026-01-17 00:44:00+00:00,1.0004189319613497,3.7734026677183976e-05
2026-01-17 00:45:00+00:00,1.0003838082263545,-3.510902670182957e-05
2026-01-17 00:46:00+00:00,1.0003669355819325,-1.6866171046860667e-05
2026-01-17 00:47:00+00:00,1.000368919644638,1.9833349494702525e-06
2026-01-17 00:48:00+00:00,1.0003827696571075,1.3844904812205297e-05
2026-01-17 00:49:00+00:00,1.000377808171148,-4.95958757981285e-06
2026-01-17 00:50:00+00:00,1.0003804089286141,2.5997752498249974e-06
2026-01-17 00:51:00+00:00,1.0003880889390897,7.67709004181512e-06
2026-01-17 00:52:00+00:00,1.0003886255727288,5.364254583024726e-07
2026-01-17 00:53:00+00:00,1.000362920093178,-2.5695493624863014e-05
2026-01-17 00:54:00+00:00,1.0003709987767397,8.075752708805665e-06
2026-01-17 00:55:00+00:00,1.0003660290628567,-4.967870809069511e-06
2026-01-17 00:56:00+00:00,1.0003665290709307,4.998251234512716e-07
2026-01-17 00:57:00+00:00,1.0003950883994035,2.8548864483947584e-05
2026-01-17 00:58:00+00:00,1.0003904228283027,-4.663728515850894e-06
2026-01-17 00:59:00+00:00,1.000419431007563,2.899685822481348e-05
2026-01-17 01:00:00+00:00,1.0004250667004813,5.6333301250306785e-06
2026-01-17 01:01:00+00:00,1.000405300294633,-1.9758007377377896e-05
2026-01-17 01:02:00+00:00,1.0003933733873556,-1.19220752567683e-05
2026-01-17 01:03:00+00:00,1.0004110880438348,1.7707690745089722e-05
2026-01-17 01:04:00+00:00,1.0003815394117184,-2.9536490018620695e-05
2026-01-17 01:05:00+00:00,1.000392050652327,1.050723168563888e-05
2026-01-17 01:06:00+00:00,1.0003598183287252,-3.2219691850397045e-05
2026-01-17 01:07:00+00:00,1.000392193587188,3.236361344144877e-05
2026-01-17 01:08:00+00:00,1.0003618479622802,-3.033372821408722e-05
2026-01-17 01:09:00+00:00,1.0004333765086335,7.150267325676946e-05
2026-01-17 01:10:00+00:00,1.0004333765086335,0.0
2026-01-17 01:11:00+00:00,1.0004333765086335,0.0
2026-01-17 01:12:00+00:00,1.0004333765086335,-0.0
2026-01-17 01:13:00+00:00,1.0004333765086335,-0.0
2026-01-17 01:14:00+00:00,1.0004333765086335,0.0
2026-01-17 01:15:00+00:00,1.0004333765086335,-0.0
2026-01-17 01:16:00+00:00,1.0004333765086335,0.0
2026-01-17 01:17:00+00:00,1.0004333765086335,-0.0
2026-01-17 01:18:00+00:00,1.0004333765086335,-0.0
2026-01-17 01:19:00+00:00,1.0004333765086335,0.0
2026-01-17 01:20:00+00:00,1.0004333765086335,-0.0
2026-01-17 01:21:00+00:00,1.0004333765086335,-0.0
2026-01-17 01:22:00+00:00,1.0004333765086335,0.0
2026-01-17 01:23:00+00:00,1.0004333765086335,-0.0
2026-01-17 01:24:00+00:00,1.0004333765086335,0.0
2026-01-17 01:25:00+00:00,1.0004333765086335,0.0
2026-01-17 01:26:00+00:00,1.0004333765086335,0.0
2026-01-17 01:27:00+00:00,1.0004333765086335,-0.0
2026-01-17 01:28:00+00:00,1.0004333765086335,0.0
2026-01-17 01:29:00+00:00,1.0004333765086335,-0.0
2026-01-17 01:30:00+00:00,1.0004333765086335,-0.0
2026-01-17 01:31:00+00:00,1.0004333765086335,-0.0
2026-01-17 01:32:00+00:00,1.0004333765086335,0.0
2026-01-17 01:33:00+00:00,1.0004333765086335,-0.0
2026-01-17 01:34:00+00:00,1.0004333765086335,0.0
2026-01-17 01:35:00+00:00,1.0004333765086335,0.0
2026-01-17 01:36:00+00:00,1.0004333765086335,-0.0
2026-01-17 01:37:00+00:00,1.0004333765086335,-0.0
2026-01-17 01:38:00+00:00,1.0004333765086335,-0.0
2026-01-17 01:39:00+00:00,1.0004333765086335,-0.0
2026-01-17 01:40:00+00:00,1.0004333765086335,0.0
2026-01-17 01:41:00+00:00,1.0004333765086335,-0.0
2026-01-17 01:42:00+00:00,1.0004333765086335,0.0
2026-01-17 01:43:00+00:00,1.0004333765086335,-0.0
2026-01-17 01:44:00+00:00,1.0004333765086335,0.0
2026-01-17 01:45:00+00:00,1.0004333765086335,-0.0
2026-01-17 01:46:00+00:00,1.0004333765086335,-0.0
2026-01-17 01:47:00+00:00,1.0004333765086335,0.0
2026-01-17 01:48:00+00:00,1.0004333765086335,-0.0
2026-01-17 01:49:00+00:00,1.0004333765086335,-0.0
2026-01-17 01:50:00+00:00,1.0004333765086335,0.0
2026-01-17 01:51:00+00:00,1.0004333765086335,0.0
2026-01-17 01:52:00+00:00,1.0004333765086335,0.0
2026-01-17 01:53:00+00:00,1.0004333765086335,-0.0
2026-01-17 01:54:00+00:00,1.0004333765086335,-0.0
2026-01-17 01:55:00+00:00,1.0004333765086335,-0.0
2026-01-17 01:56:00+00:00,1.0004333765086335,-0.0
2026-01-17 01:57:00+00:00,1.0004333765086335,0.0
2026-01-17 01:58:00+00:00,1.0004333765086335,0.0
2026-01-17 01:59:00+00:00,1.0004333765086335,-0.0
2026-01-17 02:00:00+00:00,1.0004333765086335,0.0
2026-01-17 02:01:00+00:00,1.0004333765086335,-0.0
2026-01-17 02:02:00+00:00,1.0004333765086335,0.0
2026-01-17 02:03:00+00:00,1.0004333765086335,0.0
2026-01-17 02:04:00+00:00,1.0004333765086335,-0.0
2026-01-17 02:05:00+00:00,1.0004333765086335,0.0
2026-01-17 02:06:00+00:00,1.0004333765086335,-0.0
2026-01-17 02:07:00+00:00,1.0004333765086335,0.0
2026-01-17 02:08:00+00:00,1.0004333765086335,-0.0
2026-01-17 02:09:00+00:00,1.0004333765086335,-0.0
2026-01-17 02:10:00+00:00,1.0004333765086335,0.0
2026-01-17 02:11:00+00:00,1.0004333765086335,-0.0
2026-01-17 02:12:00+00:00,1.0004333765086335,-0.0
2026-01-17 02:13:00+00:00,1.0004333765086335,0.0
2026-01-17 02:14:00+00:00,1.0004333765086335,-0.0
2026-01-17 02:15:00+00:00,1.0004333765086335,-0.0
2026-01-17 02:16:00+00:00,1.0004333765086335,-0.0
2026-01-17 02:17:00+00:00,1.0004333765086335,0.0
2026-01-17 02:18:00+00:00,1.0004333765086335,-0.0
2026-01-17 02:19:00+00:00,1.0004333765086335,-0.0
2026-01-17 02:20:00+00:00,1.0004333765086335,-0.0
2026-01-17 02:21:00+00:00,1.0004333765086335,0.0
2026-01-17 02:22:00+00:00,1.0004333765086335,0.0
2026-01-17 02:23:00+00:00,1.0004333765086335,-0.0
2026-01-17 02:24:00+00:00,1.0004333765086335,-0.0
2026-01-17 02:25:00+00:00,1.0004333765086335,-0.0
2026-01-17 02:26:00+00:00,1.0004333765086335,-0.0
2026-01-17 02:27:00+00:00,1.0004333765086335,0.0
2026-01-17 02:28:00+00:00,1.0004333765086335,0.0
2026-01-17 02:29:00+00:00,1.0004333765086335,-0.0
2026-01-17 02:30:00+00:00,1.0004333765086335,-0.0
2026-01-17 02:31:00+00:00,1.0004333765086335,0.0
2026-01-17 02:32:00+00:00,1.0004333765086335,-0.0
2026-01-17 02:33:00+00:00,1.0004333765086335,-0.0
2026-01-17 02:34:00+00:00,1.0004333765086335,-0.0
2026-01-17 02:35:00+00:00,1.0004333765086335,-0.0
2026-01-17 02:36:00+00:00,1.0004333765086335,0.0
2026-01-17 02:37:00+00:00,1.0004333765086335,0.0
2026-01-17 02:38:00+00:00,1.0004333765086335,-0.0
2026-01-17 02:39:00+00:00,1.0004333765086335,0.0
2026-01-17 02:40:00+00:00,1.0004333765086335,0.0
2026-01-17 02:41:00+00:00,1.0004333765086335,-0.0
2026-01-17 02:42:00+00:00,1.0004333765086335,0.0
2026-01-17 02:43:00+00:00,1.0004333765086335,-0.0
2026-01-17 02:44:00+00:00,1.0004333765086335,-0.0
2026-01-17 02:45:00+00:00,1.0004333765086335,-0.0
2026-01-17 02:46:00+00:00,1.0004333765086335,-0.0
2026-01-17 02:47:00+00:00,1.0004333765086335,-0.0
2026-01-17 02:48:00+00:00,1.0004333765086335,-0.0
2026-01-17 02:49:00+00:00,1.0004333765086335,-0.0
2026-01-17 02:50:00+00:00,1.0004333765086335,0.0
2026-01-17 02:51:00+00:00,1.0004333765086335,0.0
2026-01-17 02:52:00+00:00,1.0004333765086335,-0.0
2026-01-17 02:53:00+00:00,1.0004333765086335,-0.0
2026-01-17 02:54:00+00:00,1.0004333765086335,0.0
2026-01-17 02:55:00+00:00,1.0004333765086335,0.0
2026-01-17 02:56:00+00:00,1.0004333765086335,0.0
2026-01-17 02:57:00+00:00,1.0004333765086335,-0.0
2026-01-17 02:58:00+00:00,1.0004333765086335,-0.0
2026-01-17 02:59:00+00:00,1.0004333765086335,-0.0
2026-01-17 03:00:00+00:00,1.0004333765086335,0.0
2026-01-17 03:01:00+00:00,1.0004333765086335,-0.0
2026-01-17 03:02:00+00:00,1.0004333765086335,-0.0
2026-01-17 03:03:00+00:00,1.0004333765086335,-0.0
2026-01-17 03:04:00+00:00,1.0004333765086335,0.0
2026-01-17 03:05:00+00:00,1.0004333765086335,0.0
2026-01-17 03:06:00+00:00,1.0004333765086335,-0.0
2026-01-17 03:07:00+00:00,1.0004333765086335,-0.0
2026-01-17 03:08:00+00:00,1.0004333765086335,-0.0
2026-01-17 03:09:00+00:00,1.0004333765086335,-0.0
2026-01-17 03:10:00+00:00,1.0004333765086335,0.0
2026-01-17 03:11:00+00:00,1.0004333765086335,-0.0
2026-01-17 03:12:00+00:00,1.0004333765086335,-0.0
2026-01-17 03:13:00+00:00,1.0004333765086335,-0.0
2026-01-17 03:14:00+00:00,1.0004333765086335,0.0
2026-01-17 03:15:00+00:00,1.0004333765086335,-0.0
2026-01-17 03:16:00+00:00,1.0004333765086335,-0.0
2026-01-17 03:17:00+00:00,1.0004333765086335,-0.0
2026-01-17 03:18:00+00:00,1.0004333765086335,-0.0
2026-01-17 03:19:00+00:00,1.0004333765086335,0.0
2026-01-17 03:20:00+00:00,1.0004333765086335,-0.0
2026-01-17 03:21:00+00:00,1.0004333765086335,0.0
2026-01-17 03:22:00+00:00,1.0004333765086335,-0.0
2026-01-17 03:23:00+00:00,1.0004333765086335,0.0
2026-01-17 03:24:00+00:00,1.0004333765086335,-0.0
2026-01-17 03:25:00+00:00,1.0004333765086335,-0.0
2026-01-17 03:26:00+00:00,1.0004333765086335,-0.0
2026-01-17 03:27:00+00:00,1.0004333765086335,-0.0
2026-01-17 03:28:00+00:00,1.0004333765086335,0.0
2026-01-17 03:29:00+00:00,1.0004333765086335,0.0
2026-01-17 03:30:00+00:00,1.0004333765086335,0.0
2026-01-17 03:31:00+00:00,1.0004333765086335,-0.0
2026-01-17 03:32:00+00:00,1.0004333765086335,0.0
2026-01-17 03:33:00+00:00,1.0004333765086335,-0.0
2026-01-17 03:34:00+00:00,1.0004333765086335,-0.0
2026-01-17 03:35:00+00:00,1.0004333765086335,-0.0
2026-01-17 03:36:00+00:00,1.0004333765086335,-0.0
2026-01-17 03:37:00+00:00,1.0004333765086335,0.0
2026-01-17 03:38:00+00:00,1.0004333765086335,-0.0
2026-01-17 03:39:00+00:00,1.0004333765086335,-0.0
2026-01-17 03:40:00+00:00,1.0004333765086335,0.0
2026-01-17 03:41:00+00:00,1.0004333765086335,-0.0
2026-01-17 03:42:00+00:00,1.0004333765086335,0.0
2026-01-17 03:43:00+00:00,1.0004333765086335,0.0
2026-01-17 03:44:00+00:00,1.0004333765086335,-0.0
2026-01-17 03:45:00+00:00,1.0004333765086335,-0.0
2026-01-17 03:46:00+00:00,1.0004333765086335,-0.0
2026-01-17 03:47:00+00:00,1.0004333765086335,0.0
2026-01-17 03:48:00+00:00,1.0004333765086335,-0.0
2026-01-17 03:49:00+00:00,1.0004333765086335,-0.0
2026-01-17 03:50:00+00:00,1.0004333765086335,0.0
2026-01-17 03:51:00+00:00,1.0004333765086335,-0.0
2026-01-17 03:52:00+00:00,1.0004333765086335,-0.0
2026-01-17 03:53:00+00:00,1.0004333765086335,0.0
2026-01-17 03:54:00+00:00,1.0004333765086335,-0.0
2026-01-17 03:55:00+00:00,1.0004333765086335,0.0
2026-01-17 03:56:00+00:00,1.0004333765086335,-0.0
2026-01-17 03:57:00+00:00,1.0004333765086335,0.0
2026-01-17 03:58:00+00:00,1.0004333765086335,0.0
2026-01-17 03:59:00+00:00,1.0004333765086335,0.0
2026-01-17 04:00:00+00:00,1.0004333765086335,0.0
2026-01-17 04:01:00+00:00,1.0004333765086335,-0.0
2026-01-17 04:02:00+00:00,1.0004333765086335,0.0
2026-01-17 04:03:00+00:00,1.0004333765086335,0.0
2026-01-17 04:04:00+00:00,1.0004333765086335,0.0
2026-01-17 04:05:00+00:00,1.0004333765086335,-0.0
2026-01-17 04:06:00+00:00,1.0004333765086335,0.0
2026-01-17 04:07:00+00:00,1.0004333765086335,0.0
2026-01-17 04:08:00+00:00,1.0004333765086335,0.0
2026-01-17 04:09:00+00:00,1.0004333765086335,0.0
2026-01-17 04:10:00+00:00,1.0004333765086335,0.0
2026-01-17 04:11:00+00:00,1.0004333765086335,-0.0
2026-01-17 04:12:00+00:00,1.0004333765086335,0.0
2026-01-17 04:13:00+00:00,1.0004333765086335,-0.0
2026-01-17 04:14:00+00:00,1.0004333765086335,0.0
2026-01-17 04:15:00+00:00,1.0004333765086335,-0.0
2026-01-17 04:16:00+00:00,1.0004333765086335,0.0
2026-01-17 04:17:00+00:00,1.0004333765086335,-0.0
2026-01-17 04:18:00+00:00,1.0004333765086335,-0.0
2026-01-17 04:19:00+00:00,1.0004333765086335,-0.0
2026-01-17 04:20:00+00:00,1.0004333765086335,0.0
2026-01-17 04:21:00+00:00,1.0004333765086335,0.0
2026-01-17 04:22:00+00:00,1.0004333765086335,-0.0
2026-01-17 04:23:00+00:00,1.0004333765086335,0.0
2026-01-17 04:24:00+00:00,1.0004333765086335,0.0
2026-01-17 04:25:00+00:00,1.0004333765086335,-0.0
2026-01-17 04:26:00+00:00,1.0004333765086335,-0.0
2026-01-17 04:27:00+00:00,1.0004333765086335,0.0
2026-01-17 04:28:00+00:00,1.0004333765086335,-0.0
2026-01-17 04:29:00+00:00,1.0004333765086335,0.0
2026-01-17 04:30:00+00:00,1.0004333765086335,-0.0
2026-01-17 04:31:00+00:00,1.0004333765086335,0.0
2026-01-17 04:32:00+00:00,1.0004333765086335,0.0
2026-01-17 04:33:00+00:00,1.0004333765086335,-0.0
2026-01-17 04:34:00+00:00,1.0004333765086335,0.0
2026-01-17 04:35:00+00:00,1.0004333765086335,-0.0
2026-01-17 04:36:00+00:00,1.0004333765086335,-0.0
2026-01-17 04:37:00+00:00,1.0004333765086335,0.0
2026-01-17 04:38:00+00:00,1.0004333765086335,0.0
2026-01-17 04:39:00+00:00,1.0004333765086335,-0.0
2026-01-17 04:40:00+00:00,1.0004333765086335,-0.0
2026-01-17 04:41:00+00:00,1.0004333765086335,0.0
2026-01-17 04:42:00+00:00,1.0004333765086335,-0.0
2026-01-17 04:43:00+00:00,1.0004333765086335,-0.0
2026-01-17 04:44:00+00:00,1.0004333765086335,0.0
2026-01-17 04:45:00+00:00,1.0004333765086335,-0.0
2026-01-17 04:46:00+00:00,1.0004333765086335,-0.0
2026-01-17 04:47:00+00:00,1.0004333765086335,-0.0
2026-01-17 04:48:00+00:00,1.0004333765086335,0.0
2026-01-17 04:49:00+00:00,1.0004333765086335,0.0
2026-01-17 04:50:00+00:00,1.0004333765086335,0.0
2026-01-17 04:51:00+00:00,1.0004333765086335,-0.0
2026-01-17 04:52:00+00:00,1.0004333765086335,0.0
2026-01-17 04:53:00+00:00,1.0004333765086335,0.0
2026-01-17 04:54:00+00:00,1.0004333765086335,-0.0
2026-01-17 04:55:00+00:00,1.0004333765086335,-0.0
2026-01-17 04:56:00+00:00,1.0004333765086335,-0.0
2026-01-17 04:57:00+00:00,1.0004333765086335,0.0
2026-01-17 04:58:00+00:00,1.0004333765086335,-0.0
2026-01-17 04:59:00+00:00,1.0004333765086335,-0.0
2026-01-17 05:00:00+00:00,1.0004333765086335,0.0
2026-01-17 05:01:00+00:00,1.0004333765086335,-0.0
2026-01-17 05:02:00+00:00,1.0004333765086335,-0.0
2026-01-17 05:03:00+00:00,1.0004333765086335,0.0
2026-01-17 05:04:00+00:00,1.0004333765086335,0.0
2026-01-17 05:05:00+00:00,1.0004333765086335,0.0
2026-01-17 05:06:00+00:00,1.0004333765086335,-0.0
2026-01-17 05:07:00+00:00,1.0004333765086335,-0.0
2026-01-17 05:08:00+00:00,1.0004333765086335,0.0
2026-01-17 05:09:00+00:00,1.0004333765086335,-0.0
2026-01-17 05:10:00+00:00,1.0004333765086335,0.0
2026-01-17 05:11:00+00:00,1.0004333765086335,-0.0
2026-01-17 05:12:00+00:00,1.0004333765086335,0.0
2026-01-17 05:13:00+00:00,1.0004333765086335,-0.0
2026-01-17 05:14:00+00:00,1.0004333765086335,-0.0
2026-01-17 05:15:00+00:00,1.0004333765086335,0.0
2026-01-17 05:16:00+00:00,1.0004333765086335,0.0
2026-01-17 05:17:00+00:00,1.0004333765086335,-0.0
2026-01-17 05:18:00+00:00,1.0004333765086335,0.0
2026-01-17 05:19:00+00:00,1.0004333765086335,0.0
2026-01-17 05:20:00+00:00,1.0004333765086335,0.0
2026-01-17 05:21:00+00:00,1.0004333765086335,-0.0
2026-01-17 05:22:00+00:00,1.0004333765086335,0.0
2026-01-17 05:23:00+00:00,1.0004333765086335,0.0
2026-01-17 05:24:00+00:00,1.0004333765086335,-0.0
2026-01-17 05:25:00+00:00,1.0004333765086335,-0.0
2026-01-17 05:26:00+00:00,1.0004333765086335,0.0
2026-01-17 05:27:00+00:00,1.0004333765086335,0.0
2026-01-17 05:28:00+00:00,1.0004333765086335,-0.0
2026-01-17 05:29:00+00:00,1.0004333765086335,0.0
2026-01-17 05:30:00+00:00,1.0004333765086335,0.0
2026-01-17 05:31:00+00:00,1.0004333765086335,-0.0
2026-01-17 05:32:00+00:00,1.0004333765086335,0.0
2026-01-17 05:33:00+00:00,1.0004333765086335,0.0
2026-01-17 05:34:00+00:00,1.0004333765086335,-0.0
2026-01-17 05:35:00+00:00,1.0004333765086335,0.0
2026-01-17 05:36:00+00:00,1.0004333765086335,0.0
2026-01-17 05:37:00+00:00,1.0004333765086335,-0.0
2026-01-17 05:38:00+00:00,1.0004333765086335,0.0
2026-01-17 05:39:00+00:00,1.0004333765086335,-0.0
2026-01-17 05:40:00+00:00,1.0004333765086335,0.0
2026-01-17 05:41:00+00:00,1.0004333765086335,0.0
2026-01-17 05:42:00+00:00,1.0004333765086335,-0.0
2026-01-17 05:43:00+00:00,1.0004333765086335,-0.0
2026-01-17 05:44:00+00:00,1.0004333765086335,-0.0
2026-01-17 05:45:00+00:00,1.0004333765086335,-0.0
2026-01-17 05:46:00+00:00,1.0004333765086335,0.0
2026-01-17 05:47:00+00:00,1.0004333765086335,-0.0
2026-01-17 05:48:00+00:00,1.0004333765086335,0.0
2026-01-17 05:49:00+00:00,1.0004333765086335,-0.0
2026-01-17 05:50:00+00:00,1.0004333765086335,0.0
2026-01-17 05:51:00+00:00,1.0004333765086335,-0.0
2026-01-17 05:52:00+00:00,1.0004333765086335,0.0
2026-01-17 05:53:00+00:00,1.0004333765086335,0.0
2026-01-17 05:54:00+00:00,1.0004333765086335,-0.0
2026-01-17 05:55:00+00:00,1.0004333765086335,-0.0
2026-01-17 05:56:00+00:00,1.0004333765086335,-0.0
2026-01-17 05:57:00+00:00,1.0004333765086335,0.0
2026-01-17 05:58:00+00:00,1.0004333765086335,-0.0
2026-01-17 05:59:00+00:00,1.0004333765086335,0.0
2026-01-17 06:00:00+00:00,1.0004333765086335,-0.0
2026-01-17 06:01:00+00:00,1.0004333765086335,-0.0
2026-01-17 06:02:00+00:00,1.0004333765086335,0.0
2026-01-17 06:03:00+00:00,1.0004333765086335,-0.0
2026-01-17 06:04:00+00:00,1.0004333765086335,-0.0
2026-01-17 06:05:00+00:00,1.0004333765086335,0.0
2026-01-17 06:06:00+00:00,1.0004333765086335,0.0
2026-01-17 06:07:00+00:00,1.0004333765086335,-0.0
2026-01-17 06:08:00+00:00,1.0004333765086335,-0.0
2026-01-17 06:09:00+00:00,1.0004333765086335,0.0
2026-01-17 06:10:00+00:00,1.0004333765086335,0.0
2026-01-17 06:11:00+00:00,1.0004333765086335,0.0
2026-01-17 06:12:00+00:00,1.0004333765086335,-0.0
2026-01-17 06:13:00+00:00,1.0004333765086335,-0.0
2026-01-17 06:14:00+00:00,1.0004333765086335,0.0
2026-01-17 06:15:00+00:00,1.0004333765086335,0.0
2026-01-17 06:16:00+00:00,1.0004333765086335,0.0
2026-01-17 06:17:00+00:00,1.0004333765086335,0.0
2026-01-17 06:18:00+00:00,1.0004333765086335,-0.0
2026-01-17 06:19:00+00:00,1.0004333765086335,-0.0
2026-01-17 06:20:00+00:00,1.0004333765086335,-0.0
2026-01-17 06:21:00+00:00,1.0004333765086335,0.0
2026-01-17 06:22:00+00:00,1.0004333765086335,-0.0
2026-01-17 06:23:00+00:00,1.0004333765086335,-0.0
2026-01-17 06:24:00+00:00,1.0004333765086335,-0.0
2026-01-17 06:25:00+00:00,1.0004333765086335,0.0
2026-01-17 06:26:00+00:00,1.0004333765086335,0.0
2026-01-17 06:27:00+00:00,1.0004333765086335,0.0
2026-01-17 06:28:00+00:00,1.0004333765086335,0.0
2026-01-17 06:29:00+00:00,1.0004333765086335,0.0
2026-01-17 06:30:00+00:00,1.0004333765086335,-0.0
2026-01-17 06:31:00+00:00,1.0004333765086335,0.0
2026-01-17 06:32:00+00:00,1.0004333765086335,0.0
2026-01-17 06:33:00+00:00,1.0004333765086335,-0.0
2026-01-17 06:34:00+00:00,1.0004333765086335,-0.0
2026-01-17 06:35:00+00:00,1.0004333765086335,0.0
2026-01-17 06:36:00+00:00,1.0004333765086335,0.0
2026-01-17 06:37:00+00:00,1.0004333765086335,-0.0
2026-01-17 06:38:00+00:00,1.0004333765086335,0.0
2026-01-17 06:39:00+00:00,1.0004333765086335,-0.0
2026-01-17 06:40:00+00:00,1.0004333765086335,-0.0
2026-01-17 06:41:00+00:00,1.0004333765086335,-0.0
2026-01-17 06:42:00+00:00,1.0004333765086335,-0.0
2026-01-17 06:43:00+00:00,1.0004333765086335,-0.0
2026-01-17 06:44:00+00:00,1.0004333765086335,0.0
2026-01-17 06:45:00+00:00,1.0004333765086335,-0.0
2026-01-17 06:46:00+00:00,1.0004333765086335,0.0
2026-01-17 06:47:00+00:00,1.0004333765086335,-0.0
2026-01-17 06:48:00+00:00,1.0004333765086335,-0.0
2026-01-17 06:49:00+00:00,1.0004333765086335,0.0
2026-01-17 06:50:00+00:00,1.0004333765086335,-0.0
2026-01-17 06:51:00+00:00,1.0004333765086335,0.0
2026-01-17 06:52:00+00:00,1.0004333765086335,-0.0
2026-01-17 06:53:00+00:00,1.0004333765086335,-0.0
2026-01-17 06:54:00+00:00,1.0004333765086335,0.0
2026-01-17 06:55:00+00:00,1.0004333765086335,-0.0
2026-01-17 06:56:00+00:00,1.0004333765086335,0.0
2026-01-17 06:57:00+00:00,1.0004333765086335,-0.0
2026-01-17 06:58:00+00:00,1.0004333765086335,-0.0
2026-01-17 06:59:00+00:00,1.0004333765086335,-0.0
2026-01-17 07:00:00+00:00,1.0004333765086335,-0.0
2026-01-17 07:01:00+00:00,1.0004333765086335,-0.0
2026-01-17 07:02:00+00:00,1.0004333765086335,0.0
2026-01-17 07:03:00+00:00,1.0004333765086335,0.0
2026-01-17 07:04:00+00:00,1.0004333765086335,-0.0
2026-01-17 07:05:00+00:00,1.0004333765086335,-0.0
2026-01-17 07:06:00+00:00,1.0004333765086335,0.0
2026-01-17 07:07:00+00:00,1.0004333765086335,-0.0
2026-01-17 07:08:00+00:00,1.0004333765086335,-0.0
2026-01-17 07:09:00+00:00,1.0004333765086335,-0.0
2026-01-17 07:10:00+00:00,1.0003958602570144,-3.7500000000000003e-05
2026-01-17 07:11:00+00:00,1.000389976319988,-5.8816087313858745e-06
2026-01-17 07:12:00+00:00,1.0004126930173238,2.2707841815428873e-05
2026-01-17 07:13:00+00:00,1.000373111901391,-3.956478782112005e-05
2026-01-17 07:14:00+00:00,1.0003877813444566,1.4663971763301312e-05
2026-01-17 07:15:00+00:00,1.0004012600091348,1.3473439929425831e-05
2026-01-17 07:16:00+00:00,1.0004020768928175,8.165560313723471e-07
2026-01-17 07:17:00+00:00,1.0004023124819432,2.3549443876646175e-07
2026-01-17 07:18:00+00:00,1.0003979554687825,-4.35526098490646e-06
2026-01-17 07:19:00+00:00,1.000394868138398,-3.0861022532110895e-06
2026-01-17 07:20:00+00:00,1.0003820771148415,-1.2785974782612087e-05
2026-01-17 07:21:00+00:00,1.0003971235213942,1.5040659860724092e-05
2026-01-17 07:22:00+00:00,1.0003923366480998,-4.784973069118332e-06
2026-01-17 07:23:00+00:00,1.000390293311418,-2.0425353203243824e-06
2026-01-17 07:24:00+00:00,1.0004190878371526,2.878329180851869e-05
2026-01-17 07:25:00+00:00,1.0003871483888689,-3.192606845678808e-05
2026-01-17 07:26:00+00:00,1.0003712522027775,-1.58900342902063e-05
2026-01-17 07:27:00+00:00,1.000382949886966,1.1693343009217092e-05
2026-01-17 07:28:00+00:00,1.0003986097449225,1.5653863311160777e-05
2026-01-17 07:29:00+00:00,1.0003861021379237,-1.2502623331159261e-05
2026-01-17 07:30:00+00:00,1.0004056423241867,1.953264466729558e-05
2026-01-17 07:31:00+00:00,1.0003707166175622,-3.491154502426064e-05
2026-01-17 07:32:00+00:00,1.0003895730696506,1.8849464278747865e-05
2026-01-17 07:33:00+00:00,1.0003947560464521,5.180958439608326e-06
2026-01-17 07:34:00+00:00,1.000381885429183,-1.2865538519853644e-05
2026-01-17 07:35:00+00:00,1.000385967440683,4.080453234154257e-06
2026-01-17 07:36:00+00:00,1.000401122661223,1.5149373375051958e-05
2026-01-17 07:37:00+00:00,1.000411852658145,1.07256946026691e-05
2026-01-17 07:38:00+00:00,1.0004083089196525,-3.5422795951287547e-06
2026-01-17 07:39:00+00:00,1.0003944485986103,-1.3854664059203625e-05
2026-01-17 07:40:00+00:00,1.0003945383041501,8.967016945156097e-08
2026-01-17 07:41:00+00:00,1.0003922982236146,-2.239197086368923e-06
2026-01-17 07:42:00+00:00,1.0003886369659352,-3.65982193774049e-06
2026-01-17 07:43:00+00:00,1.0003795069822838,-9.126436780677328e-06
2026-01-17 07:44:00+00:00,1.0003833843108692,3.875857670280452e-06
2026-01-17 07:45:00+00:00,1.0003492155905764,-3.4155625561690794e-05
2026-01-17 07:46:00+00:00,1.0003661324146742,1.691091854127138e-05
2026-01-17 07:47:00+00:00,1.0003494976725305,-1.662865385461759e-05
2026-01-17 07:48:00+00:00,1.0003473656494706,-2.1312781831096132e-06
2026-01-17 07:49:00+00:00,1.0003443154873715,-3.0491029455779888e-06
2026-01-17 07:50:00+00:00,1.0003535477656083,9.229100514579884e-06
2026-01-17 07:51:00+00:00,1.0003838532909848,3.0294814712463605e-05
2026-01-17 07:52:00+00:00,1.0003840392838395,1.859214883099556e-07
2026-01-17 07:53:00+00:00,1.0003742025639077,-9.832943695148288e-06
2026-01-17 07:54:00+00:00,1.0003453163387952,-2.8875419856283235e-05
2026-01-17 07:55:00+00:00,1.000333983448286,-1.1328978427708005e-05
2026-01-17 07:56:00+00:00,1.0003278604854116,-6.120918589143891e-06
2026-01-17 07:57:00+00:00,1.000375178158077,4.730216415501268e-05
2026-01-17 07:58:00+00:00,1.0003539830033272,-2.1187205772846762e-05
2026-01-17 07:59:00+00:00,1.000347051067559,-6.929482849049988e-06
2026-01-17 08:00:00+00:00,1.0003421339730638,-4.915388604262263e-06
2026-01-17 08:01:00+00:00,1.0003333430491217,-8.787917297021879e-06
2026-01-17 08:02:00+00:00,1.0003481822184428,1.483422443539523e-05
2026-01-17 08:03:00+00:00,1.0003619848916778,1.3797869062488217e-05
2026-01-17 08:04:00+00:00,1.0003731177476556,1.112882751031919e-05
2026-01-17 08:05:00+00:00,1.0003457239554094,-2.738357494832924e-05
2026-01-17 08:06:00+00:00,1.0003686275910753,2.289572006708152e-05
2026-01-17 08:07:00+00:00,1.0003636991327645,-4.9266422144910525e-06
2026-01-17 08:08:00+00:00,1.0003506670989482,-1.3027295800145041e-05
2026-01-17 08:09:00+00:00,1.0003714310529603,2.07566753289147e-05
2026-01-17 08:10:00+00:00,1.0003346452063222,-3.677218830554258e-05
2026-01-17 08:11:00+00:00,1.0003693630402646,3.470621967241426e-05
2026-01-17 08:12:00+00:00,1.0003651197350667,-4.24173845644192e-06
2026-01-17 08:13:00+00:00,1.000385418627887,2.0291483998958166e-05
2026-01-17 08:14:00+00:00,1.0003685870479697,-1.6825095212200692e-05
2026-01-17 08:15:00+00:00,1.0003674150359498,-1.1715801905126297e-06
2026-01-17 08:16:00+00:00,1.0003916582141472,2.4234274160717083e-05
2026-01-17 08:17:00+00:00,1.000393850710715,2.1916381945972452e-06
2026-01-17 08:18:00+00:00,1.000391740588835,-2.1092911342740555e-06
2026-01-17 08:19:00+00:00,1.000385937897634,-5.800418941319103e-06
2026-01-17 08:20:00+00:00,1.000414227334062,2.827852267408306e-05
2026-01-17 08:21:00+00:00,1.0004145799732622,3.524931880017732e-07
2026-01-17 08:22:00+00:00,1.0004234651408974,8.881485549192062e-06
2026-01-17 08:23:00+00:00,1.0003658695539548,-5.757120754318269e-05
2026-01-17 08:24:00+00:00,1.0003737032908322,7.830871799901187e-06
2026-01-17 08:25:00+00:00,1.00038073792722,7.032008502958837e-06
2026-01-17 08:26:00+00:00,1.0004042670223365,2.3520140107055452e-05
2026-01-17 08:27:00+00:00,1.0003767873836793,-2.746853403467517e-05
2026-01-17 08:28:00+00:00,1.000417369346594,4.056667790236661e-05
2026-01-17 08:29:00+00:00,1.0003807495444283,-3.660452455937715e-05
2026-01-17 08:30:00+00:00,1.0003900885493244,9.335450427495825e-06
2026-01-17 08:31:00+00:00,1.0003954762285796,5.385578402847563e-06
2026-01-17 08:32:00+00:00,1.000390951772029,-4.522667942976273e-06
2026-01-17 08:33:00+00:00,1.0004037763124,1.2819528553580471e-05
2026-01-17 08:34:00+00:00,1.0004126404299887,8.860539912382484e-06
2026-01-17 08:35:00+00:00,1.0003895171306685,-2.3113761647670816e-05
2026-01-17 08:36:00+00:00,1.000385408407491,-4.10712338255862e-06
2026-01-17 08:37:00+00:00,1.0003900454361843,4.635242231890489e-06
2026-01-17 08:38:00+00:00,1.0003914505615128,1.4045774794914534e-06
2026-01-17 08:39:00+00:00,1.000412268298221,2.0809590782389643e-05
2026-01-17 08:40:00+00:00,1.0004149234021535,2.654009768479388e-06
2026-01-17 08:41:00+00:00,1.0003970624152183,-1.78535790674253e-05
2026-01-17 08:42:00+00:00,1.000367067652955,-2.9982857197740624e-05
2026-01-17 08:43:00+00:00,1.0003657048644172,-1.3622884856703774e-06
2026-01-17 08:44:00+00:00,1.0003831926230058,1.748136556812692e-05
2026-01-17 08:45:00+00:00,1.0003883610088096,5.1664060751451115e-06
2026-01-17 08:46:00+00:00,1.0004009240893557,1.2558203429509289e-05
2026-01-17 08:47:00+00:00,1.0004047366065554,3.8109892823851356e-06
2026-01-17 08:48:00+00:00,1.0004036028740435,-1.1332738344040152e-06
2026-01-17 08:49:00+00:00,1.000416234764693,1.2626794439029141e-05
2026-01-17 08:50:00+00:00,1.0004263169223806,1.0077962889051165e-05
2026-01-17 08:51:00+00:00,1.0004197326197835,-6.581496793743544e-06
2026-01-17 08:52:00+00:00,1.0004205443463547,8.113860061992016e-07
2026-01-17 08:53:00+00:00,1.0004022800055443,-1.825666307405471e-05
2026-01-17 08:54:00+00:00,1.0004031500195767,8.696641838637849e-07
2026-01-17 08:55:00+00:00,1.000389121185888,-1.402318024338796e-05
2026-01-17 08:56:00+00:00,1.0004010688618141,1.1943028640677943e-05
2026-01-17 08:57:00+00:00,1.0003889705495475,-1.2093461955621304e-05
2026-01-17 08:58:00+00:00,1.0004138967429443,2.491650161159084e-05
2026-01-17 08:59:00+00:00,1.0004148837105187,9.865592406738682e-07
2026-01-17 09:00:00+00:00,1.0004102088909759,-4.672880840586102e-06
2026-01-17 09:01:00+00:00,1.0004203247201156,1.0111681238138736e-05
2026-01-17 09:02:00+00:00,1.000392751205207,-2.7561929947956347e-05
2026-01-17 09:03:00+00:00,1.0004058601695005,1.3103817753068233e-05
2026-01-17 09:04:00+00:00,1.0004227521154239,1.688509293664137e-05
2026-01-17 09:05:00+00:00,1.000399705601977,-2.303677460153623e-05
2026-01-17 09:06:00+00:00,1.0004148526968835,1.5141042946860408e-05
2026-01-17 09:07:00+00:00,1.0004161774582723,1.3242120357168068e-06
2026-01-17 09:08:00+00:00,1.0004174030352344,1.2250671168596856e-06
2026-01-17 09:09:00+00:00,1.0004159489809257,-1.4534476352178493e-06
2026-01-17 09:10:00+00:00,1.0004151687024119,-7.799540926079817e-07
2026-01-17 09:11:00+00:00,1.0004069792278039,-8.186076005520146e-06
2026-01-17 09:12:00+00:00,1.0004075951039701,6.156256194595473e-07
2026-01-17 09:13:00+00:00,1.0003946347512536,-1.2955072292468702e-05
2026-01-17 09:14:00+00:00,1.0004037188280281,9.080493296372894e-06
2026-01-17 09:15:00+00:00,1.0004000592980897,-3.6580531134918947e-06
2026-01-17 09:16:00+00:00,1.000406214332677,6.152573193217558e-06
2026-01-17 09:17:00+00:00,1.0004093048258955,3.0892383256780567e-06
2026-01-17 09:18:00+00:00,1.0004022844669866,-7.017486617662473e-06
2026-01-17 09:19:00+00:00,1.000400644112725,-1.6396946380446356e-06
2026-01-17 09:20:00+00:00,1.0004223682383875,2.1715425505176068e-05
2026-01-17 09:21:00+00:00,1.000417793404163,-4.572902775706688e-06
2026-01-17 09:22:00+00:00,1.0004207186488863,2.924023085792896e-06
2026-01-17 09:23:00+00:00,1.0004240054650368,3.285433907372195e-06
2026-01-17 09:24:00+00:00,1.0004504505194596,2.6433846327341026e-05
2026-01-17 09:25:00+00:00,1.0004426438167564,-7.803187753265764e-06
2026-01-17 09:26:00+00:00,1.0004255399734023,-1.709627579325068e-05
2026-01-17 09:27:00+00:00,1.0004178217245545,-7.714965821448514e-06
2026-01-17 09:28:00+00:00,1.0004168186790325,-1.00262660283495e-06
2026-01-17 09:29:00+00:00,1.000432839418085,1.60140640914136e-05
2026-01-17 09:30:00+00:00,1.000419825865056,-1.3007922687306602e-05
2026-01-17 09:31:00+00:00,1.000414589075702,-5.234591737054103e-06
2026-01-17 09:32:00+00:00,1.0004186966671076,4.105889148810817e-06
2026-01-17 09:33:00+00:00,1.000424746678012,6.047478845224473e-06
2026-01-17 09:34:00+00:00,1.0004290937772515,4.345253607445215e-06
2026-01-17 09:35:00+00:00,1.0004232465973903,-5.844671948752956e-06
2026-01-17 09:36:00+00:00,1.0004290243902423,5.775348455336243e-06
2026-01-17 09:37:00+00:00,1.0004072108697402,-2.180416598314331e-05
2026-01-17 09:38:00+00:00,1.0004148902622831,7.67626668391103e-06
2026-01-17 09:39:00+00:00,1.0004228634901733,7.969921247477017e-06
2026-01-17 09:40:00+00:00,1.0004301462514134,7.279682927934735e-06
2026-01-17 09:41:00+00:00,1.000431924108327,1.7770925041380471e-06
2026-01-17 09:42:00+00:00,1.0003912853531531,-4.062120989412717e-05
2026-01-17 09:43:00+00:00,1.0004073591693192,1.6067529177234703e-05
2026-01-17 09:44:00+00:00,1.0004316010605205,2.4232020065814473e-05
2026-01-17 09:45:00+00:00,1.0004435100894773,1.19038912246648e-05
2026-01-17 09:46:00+00:00,1.0004421076222818,-1.4018454628946737e-06
2026-01-17 09:47:00+00:00,1.000442822389159,7.14451012912444e-07
2026-01-17 09:48:00+00:00,1.0004457493198298,2.9256351339724314e-06
2026-01-17 09:49:00+00:00,1.000447911027294,2.160744313943575e-06
2026-01-17 09:50:00+00:00,1.000450060133915,2.1481444433748453e-06
2026-01-17 09:51:00+00:00,1.0004524408290383,2.3796241492113304e-06
2026-01-17 09:52:00+00:00,1.0004547877701282,2.3458797181485397e-06
2026-01-17 09:53:00+00:00,1.0004550715757623,2.83676621537557e-07
2026-01-17 09:54:00+00:00,1.0004572219520578,2.1493981653963997e-06
2026-01-17 09:55:00+00:00,1.000459235368264,2.0124960488718174e-06
2026-01-17 09:56:00+00:00,1.0004609874911345,1.7513186030031661e-06
2026-01-17 09:57:00+00:00,1.000456325773602,-4.659569529235407e-06
2026-01-17 09:58:00+00:00,1.0004543499190728,-1.9749533072183772e-06
2026-01-17 09:59:00+00:00,1.0004606638094438,6.311022958123057e-06
2026-01-17 10:00:00+00:00,1.0004652262428693,4.560332645224186e-06
2026-01-17 10:01:00+00:00,1.000451491399141,-1.3728456889876362e-05
2026-01-17 10:02:00+00:00,1.000444030934257,-7.457098068106063e-06
2026-01-17 10:03:00+00:00,1.0004458134657204,1.7817403154933518e-06
2026-01-17 10:04:00+00:00,1.0004887489800076,4.291638158656018e-05
2026-01-17 10:05:00+00:00,1.0004697655444694,-1.897416193599106e-05
2026-01-17 10:06:00+00:00,1.0004761006676761,6.332148581453494e-06
2026-01-17 10:07:00+00:00,1.000474809652354,-1.290400961462928e-06
2026-01-17 10:08:00+00:00,1.0004918436270271,1.7025890616050266e-05
2026-01-17 10:09:00+00:00,1.0004663535556066,-2.5477540454511348e-05
2026-01-17 10:10:00+00:00,1.000459821831605,-6.528679328838832e-06
2026-01-17 10:11:00+00:00,1.0004331395036612,-2.6670064465880104e-05
2026-01-17 10:12:00+00:00,1.000438199156043,5.057461795059575e-06
2026-01-17 10:13:00+00:00,1.0004613195548633,2.311027191864778e-05
2026-01-17 10:14:00+00:00,1.0004750441904793,1.371830709277438e-05
2026-01-17 10:15:00+00:00,1.0004620898094254,-1.2948230072524106e-05
2026-01-17 10:16:00+00:00,1.0004587663990654,-3.3218753552469143e-06
2026-01-17 10:17:00+00:00,1.000494930144708,3.6147162538981147e-05
2026-01-17 10:18:00+00:00,1.0004954267198098,4.963294534298331e-07
2026-01-17 10:19:00+00:00,1.0005006989572294,5.269626705733901e-06
2026-01-17 10:20:00+00:00,1.000478395775925,-2.2292019713444137e-05
2026-01-17 10:21:00+00:00,1.0004533165320577,-2.5067251799707623e-05
2026-01-17 10:22:00+00:00,1.0004570763491532,3.758113480323771e-06
2026-01-17 10:23:00+00:00,1.0004525101645998,-4.564098411990764e-06
2026-01-17 10:24:00+00:00,1.0004489543160735,-3.554240196488363e-06
2026-01-17 10:25:00+00:00,1.0004581609527003,9.202505122452987e-06
2026-01-17 10:26:00+00:00,1.0004639703243818,5.806711273150638e-06
2026-01-17 10:27:00+00:00,1.0004636081076923,-3.6204870961514314e-07
2026-01-17 10:28:00+00:00,1.0004902793160861,2.6658849135332108e-05
2026-01-17 10:29:00+00:00,1.000490699660398,4.20138326493047e-07
2026-01-17 10:30:00+00:00,1.000486505530103,-4.1920732460278096e-06
2026-01-17 10:31:00+00:00,1.000485854890267,-6.503234500937988e-07
2026-01-17 10:32:00+00:00,1.000482997827468,-2.8556753551575465e-06
2026-01-17 10:33:00+00:00,1.0004638832794341,-1.9105320205814172e-05
2026-01-17 10:34:00+00:00,1.0004520371948236,-1.1840591958046634e-05
2026-01-17 10:35:00+00:00,1.0004524854152814,4.480179370836646e-07
2026-01-17 10:36:00+00:00,1.0004519899079498,-4.952832231685219e-07
2026-01-17 10:37:00+00:00,1.0004440516238957,-7.93469765091322e-06
2026-01-17 10:38:00+00:00,1.0004295584895144,-1.4486701537954408e-05
2026-01-17 10:39:00+00:00,1.0004476767718968,1.811050286215456e-05
2026-01-17 10:40:00+00:00,1.0004565746841525,8.893930649484845e-06
2026-01-17 10:41:00+00:00,1.0004393830815201,-1.7183756963997612e-05
2026-01-17 10:42:00+00:00,1.0004535183667707,1.4129077173205026e-05
2026-01-17 10:43:00+00:00,1.000422019922074,-3.148416604913517e-05
2026-01-17 10:44:00+00:00,1.0004371123714353,1.508608273390876e-05
2026-01-17 10:45:00+00:00,1.0004001110952798,-3.698510950660124e-05
2026-01-17 10:46:00+00:00,1.0003996322863402,-4.786174394610645e-07
2026-01-17 10:47:00+00:00,1.0004085695323042,8.93367577870575e-06
2026-01-17 10:48:00+00:00,1.000408957411725,3.877210097067892e-07
2026-01-17 10:49:00+00:00,1.0004093429552638,3.85385932394661e-07
2026-01-17 10:50:00+00:00,1.0004097282451327,3.851322175792288e-07
2026-01-17 10:51:00+00:00,1.0003954994465498,-1.4222971030001104e-05
2026-01-17 10:52:00+00:00,1.0003813625663103,-1.4131291321644572e-05
2026-01-17 10:53:00+00:00,1.0003819688752236,6.060777779072059e-07
2026-01-17 10:54:00+00:00,1.0003960038075705,1.4029573486525096e-05
2026-01-17 10:55:00+00:00,1.0003760905321482,-1.990539281097298e-05
2026-01-17 10:56:00+00:00,1.0003770019425173,9.110677252013068e-07
2026-01-17 10:57:00+00:00,1.000418052280924,4.103486818170173e-05
2026-01-17 10:58:00+00:00,1.000418536056373,4.835732901202546e-07
2026-01-17 10:59:00+00:00,1.0003779437981541,-4.057527600283136e-05
2026-01-17 11:00:00+00:00,1.000392434183742,1.4484911105363037e-05
2026-01-17 11:01:00+00:00,1.0004009531019227,8.515576377323782e-06
2026-01-17 11:02:00+00:00,1.000389760769589,-1.118784653190707e-05
2026-01-17 11:03:00+00:00,1.000396173742633,6.410474492539505e-06
2026-01-17 11:04:00+00:00,1.0004044713994447,8.294370799714159e-06
2026-01-17 11:05:00+00:00,1.0004135108414278,9.035787265654986e-06
2026-01-17 11:06:00+00:00,1.000394966542505,-1.8536633823746346e-05
2026-01-17 11:07:00+00:00,1.0003805842751694,-1.4376589063725869e-05
2026-01-17 11:08:00+00:00,1.0003747365812858,-5.845469189750956e-06
2026-01-17 11:09:00+00:00,1.0003751159017626,3.791783847585082e-07
2026-01-17 11:10:00+00:00,1.0003869276537234,1.1807322846166932e-05
2026-01-17 11:11:00+00:00,1.0004117943172925,2.4857045690957978e-05
2026-01-17 11:12:00+00:00,1.0003953546286584,-1.6432921650431752e-05
2026-01-17 11:13:00+00:00,1.0004181489856894,2.2785348738088828e-05
2026-01-17 11:14:00+00:00,1.0004212307603986,3.0804866069108394e-06
2026-01-17 11:15:00+00:00,1.0004413761686042,2.013692591289232e-05
2026-01-17 11:16:00+00:00,1.0004314019036062,-9.969864537340533e-06
2026-01-17 11:17:00+00:00,1.000423769771133,-7.6288413767028526e-06
2026-01-17 11:18:00+00:00,1.0004307519044557,6.979175759167245e-06
2026-01-17 11:19:00+00:00,1.0004614965268788,3.073138482036444e-05
2026-01-17 11:20:00+00:00,1.0004451357331114,-1.6353246800708746e-05
2026-01-17 11:21:00+00:00,1.0004674426340479,2.2296975755650908e-05
2026-01-17 11:22:00+00:00,1.000478798093604,1.1350154010487872e-05
2026-01-17 11:23:00+00:00,1.0004680661652117,-1.0726792424538641e-05
2026-01-17 11:24:00+00:00,1.0004680661652117,0.0
2026-01-17 11:25:00+00:00,1.0004680661652117,-0.0
2026-01-17 11:26:00+00:00,1.0004680661652117,0.0
2026-01-17 11:27:00+00:00,1.0004680661652117,0.0
2026-01-17 11:28:00+00:00,1.0004680661652117,0.0
2026-01-17 11:29:00+00:00,1.0004680661652117,0.0
2026-01-17 11:30:00+00:00,1.0004680661652117,-0.0
2026-01-17 11:31:00+00:00,1.0004680661652117,0.0
2026-01-17 11:32:00+00:00,1.0004680661652117,-0.0
2026-01-17 11:33:00+00:00,1.0004680661652117,0.0
2026-01-17 11:34:00+00:00,1.0004680661652117,0.0
2026-01-17 11:35:00+00:00,1.0004680661652117,0.0
2026-01-17 11:36:00+00:00,1.0004680661652117,-0.0
2026-01-17 11:37:00+00:00,1.0004680661652117,0.0
2026-01-17 11:38:00+00:00,1.0004680661652117,-0.0
2026-01-17 11:39:00+00:00,1.0004680661652117,0.0
2026-01-17 11:40:00+00:00,1.0004680661652117,-0.0
2026-01-17 11:41:00+00:00,1.0004680661652117,-0.0
2026-01-17 11:42:00+00:00,1.0004680661652117,0.0
2026-01-17 11:43:00+00:00,1.0004680661652117,-0.0
2026-01-17 11:44:00+00:00,1.0004680661652117,0.0
2026-01-17 11:45:00+00:00,1.0004680661652117,-0.0
2026-01-17 11:46:00+00:00,1.0004680661652117,0.0
2026-01-17 11:47:00+00:00,1.0004680661652117,-0.0
2026-01-17 11:48:00+00:00,1.0004680661652117,-0.0
2026-01-17 11:49:00+00:00,1.0004680661652117,-0.0
2026-01-17 11:50:00+00:00,1.0004680661652117,0.0
2026-01-17 11:51:00+00:00,1.0004680661652117,0.0
2026-01-17 11:52:00+00:00,1.0004680661652117,0.0
2026-01-17 11:53:00+00:00,1.0004680661652117,0.0
2026-01-17 11:54:00+00:00,1.0004680661652117,0.0
2026-01-17 11:55:00+00:00,1.0004680661652117,-0.0
2026-01-17 11:56:00+00:00,1.0004680661652117,0.0
2026-01-17 11:57:00+00:00,1.0004680661652117,0.0
2026-01-17 11:58:00+00:00,1.0004680661652117,-0.0
2026-01-17 11:59:00+00:00,1.0004680661652117,0.0
2026-01-17 12:00:00+00:00,1.0004680661652117,-0.0
2026-01-17 12:01:00+00:00,1.0004680661652117,-0.0
2026-01-17 12:02:00+00:00,1.0004680661652117,0.0
2026-01-17 12:03:00+00:00,1.0004680661652117,-0.0
2026-01-17 12:04:00+00:00,1.0004680661652117,-0.0
2026-01-17 12:05:00+00:00,1.0004680661652117,0.0
2026-01-17 12:06:00+00:00,1.0004680661652117,-0.0
2026-01-17 12:07:00+00:00,1.0004680661652117,0.0
2026-01-17 12:08:00+00:00,1.0004680661652117,-0.0
2026-01-17 12:09:00+00:00,1.0004680661652117,0.0
2026-01-17 12:10:00+00:00,1.0004680661652117,-0.0
2026-01-17 12:11:00+00:00,1.0004680661652117,0.0
2026-01-17 12:12:00+00:00,1.0004680661652117,-0.0
2026-01-17 12:13:00+00:00,1.0004680661652117,0.0
2026-01-17 12:14:00+00:00,1.0004680661652117,0.0
2026-01-17 12:15:00+00:00,1.0004680661652117,-0.0
2026-01-17 12:16:00+00:00,1.0004680661652117,0.0
2026-01-17 12:17:00+00:00,1.0004680661652117,-0.0
2026-01-17 12:18:00+00:00,1.0004680661652117,-0.0
2026-01-17 12:19:00+00:00,1.0004680661652117,-0.0
2026-01-17 12:20:00+00:00,1.0004680661652117,-0.0
2026-01-17 12:21:00+00:00,1.0004680661652117,0.0
2026-01-17 12:22:00+00:00,1.0004680661652117,-0.0
2026-01-17 12:23:00+00:00,1.0004680661652117,-0.0
2026-01-17 12:24:00+00:00,1.0004680661652117,0.0
2026-01-17 12:25:00+00:00,1.0004680661652117,-0.0
2026-01-17 12:26:00+00:00,1.0004680661652117,-0.0
2026-01-17 12:27:00+00:00,1.0004680661652117,0.0
2026-01-17 12:28:00+00:00,1.0004680661652117,0.0
2026-01-17 12:29:00+00:00,1.0004680661652117,0.0
2026-01-17 12:30:00+00:00,1.0004680661652117,-0.0
2026-01-17 12:31:00+00:00,1.0004680661652117,0.0
2026-01-17 12:32:00+00:00,1.0004680661652117,0.0
2026-01-17 12:33:00+00:00,1.0004680661652117,0.0
2026-01-17 12:34:00+00:00,1.0004680661652117,0.0
2026-01-17 12:35:00+00:00,1.0004680661652117,-0.0
2026-01-17 12:36:00+00:00,1.0004680661652117,0.0
2026-01-17 12:37:00+00:00,1.0004680661652117,0.0
2026-01-17 12:38:00+00:00,1.0004680661652117,-0.0
2026-01-17 12:39:00+00:00,1.0004680661652117,0.0
2026-01-17 12:40:00+00:00,1.0004680661652117,-0.0
2026-01-17 12:41:00+00:00,1.0004680661652117,0.0
2026-01-17 12:42:00+00:00,1.0004680661652117,-0.0
2026-01-17 12:43:00+00:00,1.0004680661652117,-0.0
2026-01-17 12:44:00+00:00,1.0004680661652117,0.0
2026-01-17 12:45:00+00:00,1.0004680661652117,-0.0
2026-01-17 12:46:00+00:00,1.0004680661652117,0.0
2026-01-17 12:47:00+00:00,1.0004680661652117,-0.0
2026-01-17 12:48:00+00:00,1.0004680661652117,-0.0
2026-01-17 12:49:00+00:00,1.0004680661652117,0.0
2026-01-17 12:50:00+00:00,1.0004680661652117,0.0
2026-01-17 12:51:00+00:00,1.0004680661652117,0.0
2026-01-17 12:52:00+00:00,1.0004680661652117,-0.0
2026-01-17 12:53:00+00:00,1.0004680661652117,0.0
2026-01-17 12:54:00+00:00,1.0004680661652117,0.0
2026-01-17 12:55:00+00:00,1.0004680661652117,-0.0
2026-01-17 12:56:00+00:00,1.0004680661652117,-0.0
2026-01-17 12:57:00+00:00,1.0004680661652117,0.0
2026-01-17 12:58:00+00:00,1.0004680661652117,-0.0
2026-01-17 12:59:00+00:00,1.0004680661652117,-0.0
2026-01-17 13:00:00+00:00,1.0004680661652117,-0.0
2026-01-17 13:01:00+00:00,1.0004680661652117,0.0
2026-01-17 13:02:00+00:00,1.0004680661652117,0.0
2026-01-17 13:03:00+00:00,1.0004680661652117,-0.0
2026-01-17 13:04:00+00:00,1.0004680661652117,-0.0
2026-01-17 13:05:00+00:00,1.0004680661652117,-0.0
2026-01-17 13:06:00+00:00,1.0004680661652117,0.0
2026-01-17 13:07:00+00:00,1.0004680661652117,0.0
2026-01-17 13:08:00+00:00,1.0004680661652117,0.0
2026-01-17 13:09:00+00:00,1.0004680661652117,-0.0
2026-01-17 13:10:00+00:00,1.0004680661652117,0.0
2026-01-17 13:11:00+00:00,1.0004680661652117,-0.0
2026-01-17 13:12:00+00:00,1.0004680661652117,0.0
2026-01-17 13:13:00+00:00,1.0004680661652117,-0.0
2026-01-17 13:14:00+00:00,1.0004680661652117,0.0
2026-01-17 13:15:00+00:00,1.0004680661652117,0.0
2026-01-17 13:16:00+00:00,1.0004680661652117,0.0
2026-01-17 13:17:00+00:00,1.0004680661652117,0.0
2026-01-17 13:18:00+00:00,1.0004680661652117,0.0
2026-01-17 13:19:00+00:00,1.0004680661652117,-0.0
2026-01-17 13:20:00+00:00,1.0004680661652117,-0.0
2026-01-17 13:21:00+00:00,1.0004680661652117,-0.0
2026-01-17 13:22:00+00:00,1.0004680661652117,0.0
2026-01-17 13:23:00+00:00,1.0004680661652117,0.0
2026-01-17 13:24:00+00:00,1.0004680661652117,0.0
2026-01-17 13:25:00+00:00,1.0004680661652117,-0.0
2026-01-17 13:26:00+00:00,1.0004680661652117,0.0
2026-01-17 13:27:00+00:00,1.0004680661652117,0.0
2026-01-17 13:28:00+00:00,1.0004680661652117,0.0
2026-01-17 13:29:00+00:00,1.0004680661652117,-0.0
2026-01-17 13:30:00+00:00,1.0004680661652117,0.0
2026-01-17 13:31:00+00:00,1.0004680661652117,-0.0
2026-01-17 13:32:00+00:00,1.0004680661652117,0.0
2026-01-17 13:33:00+00:00,1.0004680661652117,0.0
2026-01-17 13:34:00+00:00,1.0004680661652117,-0.0
2026-01-17 13:35:00+00:00,1.0004680661652117,-0.0
2026-01-17 13:36:00+00:00,1.0004680661652117,-0.0
2026-01-17 13:37:00+00:00,1.0004680661652117,-0.0
2026-01-17 13:38:00+00:00,1.0004680661652117,-0.0
2026-01-17 13:39:00+00:00,1.0004680661652117,0.0
2026-01-17 13:40:00+00:00,1.0004680661652117,0.0
2026-01-17 13:41:00+00:00,1.0004680661652117,-0.0
2026-01-17 13:42:00+00:00,1.0004680661652117,0.0
2026-01-17 13:43:00+00:00,1.0004680661652117,0.0
2026-01-17 13:44:00+00:00,1.0004680661652117,-0.0
2026-01-17 13:45:00+00:00,1.0004680661652117,0.0
2026-01-17 13:46:00+00:00,1.0004680661652117,-0.0
2026-01-17 13:47:00+00:00,1.0004680661652117,0.0
2026-01-17 13:48:00+00:00,1.0004680661652117,0.0
2026-01-17 13:49:00+00:00,1.0004680661652117,-0.0
2026-01-17 13:50:00+00:00,1.0004680661652117,0.0
2026-01-17 13:51:00+00:00,1.0004680661652117,0.0
2026-01-17 13:52:00+00:00,1.0004680661652117,-0.0
2026-01-17 13:53:00+00:00,1.0004680661652117,-0.0
2026-01-17 13:54:00+00:00,1.0004680661652117,-0.0
2026-01-17 13:55:00+00:00,1.0004680661652117,-0.0
2026-01-17 13:56:00+00:00,1.0004680661652117,-0.0
2026-01-17 13:57:00+00:00,1.0004680661652117,-0.0
2026-01-17 13:58:00+00:00,1.0004680661652117,-0.0
2026-01-17 13:59:00+00:00,1.0004680661652117,0.0
2026-01-17 14:00:00+00:00,1.0004680661652117,-0.0
2026-01-17 14:01:00+00:00,1.0004680661652117,-0.0
2026-01-17 14:02:00+00:00,1.0004680661652117,-0.0
2026-01-17 14:03:00+00:00,1.0004680661652117,-0.0
2026-01-17 14:04:00+00:00,1.0004680661652117,0.0
2026-01-17 14:05:00+00:00,1.0004680661652117,0.0
2026-01-17 14:06:00+00:00,1.0004680661652117,-0.0
2026-01-17 14:07:00+00:00,1.0004680661652117,0.0
2026-01-17 14:08:00+00:00,1.0004680661652117,-0.0
2026-01-17 14:09:00+00:00,1.0004680661652117,-0.0
2026-01-17 14:10:00+00:00,1.0004680661652117,0.0
2026-01-17 14:11:00+00:00,1.0004680661652117,-0.0
2026-01-17 14:12:00+00:00,1.0004680661652117,-0.0
2026-01-17 14:13:00+00:00,1.0004680661652117,0.0
2026-01-17 14:14:00+00:00,1.0004680661652117,0.0
2026-01-17 14:15:00+00:00,1.0004680661652117,0.0
2026-01-17 14:16:00+00:00,1.0004680661652117,0.0
2026-01-17 14:17:00+00:00,1.0004680661652117,-0.0
2026-01-17 14:18:00+00:00,1.0004680661652117,-0.0
2026-01-17 14:19:00+00:00,1.0004680661652117,0.0
2026-01-17 14:20:00+00:00,1.0004680661652117,-0.0
2026-01-17 14:21:00+00:00,1.0004680661652117,-0.0
2026-01-17 14:22:00+00:00,1.0004680661652117,-0.0
2026-01-17 14:23:00+00:00,1.0004680661652117,0.0
2026-01-17 14:24:00+00:00,1.0004680661652117,-0.0
2026-01-17 14:25:00+00:00,1.0004680661652117,-0.0
2026-01-17 14:26:00+00:00,1.0004680661652117,-0.0
2026-01-17 14:27:00+00:00,1.0004680661652117,0.0
2026-01-17 14:28:00+00:00,1.0004680661652117,0.0
2026-01-17 14:29:00+00:00,1.0004680661652117,-0.0
2026-01-17 14:30:00+00:00,1.0004680661652117,0.0
2026-01-17 14:31:00+00:00,1.0004680661652117,-0.0
2026-01-17 14:32:00+00:00,1.0004680661652117,0.0
2026-01-17 14:33:00+00:00,1.0004680661652117,0.0
2026-01-17 14:34:00+00:00,1.0004680661652117,-0.0
2026-01-17 14:35:00+00:00,1.0004680661652117,0.0
2026-01-17 14:36:00+00:00,1.0004680661652117,-0.0
2026-01-17 14:37:00+00:00,1.0004680661652117,-0.0
2026-01-17 14:38:00+00:00,1.0004680661652117,0.0
2026-01-17 14:39:00+00:00,1.0004680661652117,0.0
2026-01-17 14:40:00+00:00,1.0004680661652117,0.0
2026-01-17 14:41:00+00:00,1.0004680661652117,-0.0
2026-01-17 14:42:00+00:00,1.0004680661652117,-0.0
2026-01-17 14:43:00+00:00,1.0004680661652117,-0.0
2026-01-17 14:44:00+00:00,1.0004680661652117,-0.0
2026-01-17 14:45:00+00:00,1.0004680661652117,0.0
2026-01-17 14:46:00+00:00,1.0004680661652117,-0.0
2026-01-17 14:47:00+00:00,1.0004680661652117,0.0
2026-01-17 14:48:00+00:00,1.0004680661652117,-0.0
2026-01-17 14:49:00+00:00,1.0004680661652117,-0.0
2026-01-17 14:50:00+00:00,1.0004680661652117,-0.0
2026-01-17 14:51:00+00:00,1.0004680661652117,-0.0
2026-01-17 14:52:00+00:00,1.0004680661652117,0.0
2026-01-17 14:53:00+00:00,1.0004680661652117,0.0
2026-01-17 14:54:00+00:00,1.0004680661652117,-0.0
2026-01-17 14:55:00+00:00,1.0004680661652117,0.0
2026-01-17 14:56:00+00:00,1.0004680661652117,-0.0
2026-01-17 14:57:00+00:00,1.0004680661652117,-0.0
2026-01-17 14:58:00+00:00,1.0004680661652117,0.0
2026-01-17 14:59:00+00:00,1.0004680661652117,0.0
2026-01-17 15:00:00+00:00,1.0004680661652117,-0.0
2026-01-17 15:01:00+00:00,1.0004680661652117,0.0
2026-01-17 15:02:00+00:00,1.0004680661652117,-0.0
2026-01-17 15:03:00+00:00,1.0004680661652117,-0.0
2026-01-17 15:04:00+00:00,1.0004680661652117,-0.0
2026-01-17 15:05:00+00:00,1.0004680661652117,0.0
2026-01-17 15:06:00+00:00,1.0004305486127305,-3.7500000000000003e-05
2026-01-17 15:07:00+00:00,1.000430719525322,1.7083903694362036e-07
2026-01-17 15:08:00+00:00,1.0004954240305604,6.46766477434928e-05
2026-01-17 15:09:00+00:00,1.0005021550019408,6.727638346766077e-06
2026-01-17 15:10:00+00:00,1.0005405459135308,3.8371643077393795e-05
2026-01-17 15:11:00+00:00,1.0005466464382518,6.097228888979788e-06
2026-01-17 15:12:00+00:00,1.0005487677524094,2.1201551823802122e-06
2026-01-17 15:13:00+00:00,1.000549891740615,1.1233717353011829e-06
2026-01-17 15:14:00+00:00,1.0005446907326647,-5.198149530916101e-06
2026-01-17 15:15:00+00:00,1.000543739589849,-9.506250189775356e-07
2026-01-17 15:16:00+00:00,1.0005257963356864,-1.793350300702884e-05
2026-01-17 15:17:00+00:00,1.0005551716622594,2.9359889250884694e-05
2026-01-17 15:18:00+00:00,1.0005296943056763,-2.546322012483986e-05
2026-01-17 15:19:00+00:00,1.0005640741067028,3.436159988279858e-05
2026-01-17 15:20:00+00:00,1.0005804142716666,1.6330953096150025e-05
2026-01-17 15:21:00+00:00,1.0005730449961532,-7.365000761727153e-06
2026-01-17 15:22:00+00:00,1.0006055079548029,3.244436656775127e-05
2026-01-17 15:23:00+00:00,1.0006082639649325,2.754342353561237e-06
2026-01-17 15:24:00+00:00,1.000602005971036,-6.254189698289297e-06
2026-01-17 15:25:00+00:00,1.0006114179588879,9.406325187878542e-06
2026-01-17 15:26:00+00:00,1.0005970953039758,-1.43139031345834e-05
2026-01-17 15:27:00+00:00,1.000588436983285,-8.653153933257154e-06
2026-01-17 15:28:00+00:00,1.0006125574835172,2.4106315184809254e-05
2026-01-17 15:29:00+00:00,1.0005989191009896,-1.3630033348598353e-05
2026-01-17 15:30:00+00:00,1.0005702450618643,-2.8656875974933413e-05
2026-01-17 15:31:00+00:00,1.0005864989635427,1.624463825368783e-05
2026-01-17 15:32:00+00:00,1.0006001488449963,1.3641880504788054e-05
2026-01-17 15:33:00+00:00,1.0005791967948354,-2.0939483354009992e-05
2026-01-17 15:34:00+00:00,1.0005577478148349,-2.1436564011372866e-05
2026-01-17 15:35:00+00:00,1.0005970682937142,3.929856019339836e-05
2026-01-17 15:36:00+00:00,1.0006087131129504,1.1637870632768464e-05
2026-01-17 15:37:00+00:00,1.0005926689311793,-1.603442140849853e-05
2026-01-17 15:38:00+00:00,1.0006051984588469,1.2522106204353866e-05
2026-01-17 15:39:00+00:00,1.0005922591553467,-1.293147739012024e-05
2026-01-17 15:40:00+00:00,1.000613626104248,2.1354301620701172e-05
2026-01-17 15:41:00+00:00,1.0006339200831262,2.028153359996496e-05
2026-01-17 15:42:00+00:00,1.0005903223639645,-4.3570099200869664e-05
2026-01-17 15:43:00+00:00,1.000613722961176,2.338679146541008e-05
2026-01-17 15:44:00+00:00,1.0006292874842753,1.5554976652857502e-05
2026-01-17 15:45:00+00:00,1.0006144414476348,-1.4836700090740418e-05
2026-01-17 15:46:00+00:00,1.0006232282666345,8.781423329380974e-06
2026-01-17 15:47:00+00:00,1.000636109136827,1.2872847469991406e-05
2026-01-17 15:48:00+00:00,1.0006154891008816,-2.0606927690336234e-05
2026-01-17 15:49:00+00:00,1.0006154891008816,-0.0
2026-01-17 15:50:00+00:00,1.0006154891008816,-0.0
2026-01-17 15:51:00+00:00,1.0006154891008816,0.0
2026-01-17 15:52:00+00:00,1.0006154891008816,0.0
2026-01-17 15:53:00+00:00,1.0006154891008816,0.0
2026-01-17 15:54:00+00:00,1.0006154891008816,0.0
2026-01-17 15:55:00+00:00,1.0006154891008816,0.0
2026-01-17 15:56:00+00:00,1.0006154891008816,0.0
2026-01-17 15:57:00+00:00,1.0006154891008816,-0.0
2026-01-17 15:58:00+00:00,1.0006154891008816,-0.0
2026-01-17 15:59:00+00:00,1.0006154891008816,-0.0
2026-01-17 16:00:00+00:00,1.0006154891008816,0.0
2026-01-17 16:01:00+00:00,1.0006154891008816,-0.0
2026-01-17 16:02:00+00:00,1.0006154891008816,0.0
2026-01-17 16:03:00+00:00,1.0006154891008816,0.0
2026-01-17 16:04:00+00:00,1.0006154891008816,-0.0
2026-01-17 16:05:00+00:00,1.0006154891008816,0.0
2026-01-17 16:06:00+00:00,1.0006154891008816,-0.0
2026-01-17 16:07:00+00:00,1.0006154891008816,-0.0
2026-01-17 16:08:00+00:00,1.0006154891008816,0.0
2026-01-17 16:09:00+00:00,1.0006154891008816,-0.0
2026-01-17 16:10:00+00:00,1.0006154891008816,0.0
2026-01-17 16:11:00+00:00,1.0006154891008816,-0.0
2026-01-17 16:12:00+00:00,1.0006154891008816,-0.0
2026-01-17 16:13:00+00:00,1.0006154891008816,0.0
2026-01-17 16:14:00+00:00,1.0006154891008816,-0.0
2026-01-17 16:15:00+00:00,1.0006154891008816,0.0
2026-01-17 16:16:00+00:00,1.0006154891008816,-0.0
2026-01-17 16:17:00+00:00,1.0006154891008816,0.0
2026-01-17 16:18:00+00:00,1.0006154891008816,-0.0
2026-01-17 16:19:00+00:00,1.0006154891008816,-0.0
2026-01-17 16:20:00+00:00,1.0006154891008816,0.0
2026-01-17 16:21:00+00:00,1.0006154891008816,0.0
2026-01-17 16:22:00+00:00,1.0006154891008816,-0.0
2026-01-17 16:23:00+00:00,1.0006154891008816,0.0
2026-01-17 16:24:00+00:00,1.0006154891008816,-0.0
2026-01-17 16:25:00+00:00,1.0006154891008816,-0.0
2026-01-17 16:26:00+00:00,1.0006154891008816,0.0
2026-01-17 16:27:00+00:00,1.0006154891008816,0.0
2026-01-17 16:28:00+00:00,1.0006154891008816,0.0
2026-01-17 16:29:00+00:00,1.0006154891008816,0.0
2026-01-17 16:30:00+00:00,1.0006154891008816,0.0
2026-01-17 16:31:00+00:00,1.0006154891008816,0.0
2026-01-17 16:32:00+00:00,1.0006154891008816,-0.0
2026-01-17 16:33:00+00:00,1.0006154891008816,-0.0
2026-01-17 16:34:00+00:00,1.0006154891008816,-0.0
2026-01-17 16:35:00+00:00,1.0006154891008816,-0.0
2026-01-17 16:36:00+00:00,1.0006154891008816,0.0
2026-01-17 16:37:00+00:00,1.0006154891008816,-0.0
2026-01-17 16:38:00+00:00,1.0006154891008816,-0.0
2026-01-17 16:39:00+00:00,1.0006154891008816,0.0
2026-01-17 16:40:00+00:00,1.0006154891008816,0.0
2026-01-17 16:41:00+00:00,1.0006154891008816,0.0
2026-01-17 16:42:00+00:00,1.0006154891008816,0.0
2026-01-17 16:43:00+00:00,1.0006154891008816,0.0
2026-01-17 16:44:00+00:00,1.0006154891008816,-0.0
2026-01-17 16:45:00+00:00,1.0006154891008816,0.0
2026-01-17 16:46:00+00:00,1.0006154891008816,-0.0
2026-01-17 16:47:00+00:00,1.0006154891008816,0.0
2026-01-17 16:48:00+00:00,1.0006154891008816,-0.0
2026-01-17 16:49:00+00:00,1.0006154891008816,-0.0
2026-01-17 16:50:00+00:00,1.0006154891008816,-0.0
2026-01-17 16:51:00+00:00,1.0006154891008816,0.0
2026-01-17 16:52:00+00:00,1.0006154891008816,0.0
2026-01-17 16:53:00+00:00,1.0006154891008816,-0.0
2026-01-17 16:54:00+00:00,1.0006154891008816,-0.0
2026-01-17 16:55:00+00:00,1.0006154891008816,-0.0
2026-01-17 16:56:00+00:00,1.0006154891008816,0.0
2026-01-17 16:57:00+00:00,1.0006154891008816,0.0
2026-01-17 16:58:00+00:00,1.0006154891008816,-0.0
2026-01-17 16:59:00+00:00,1.0006154891008816,0.0
2026-01-17 17:00:00+00:00,1.0006154891008816,-0.0
2026-01-17 17:01:00+00:00,1.0006154891008816,0.0
2026-01-17 17:02:00+00:00,1.0006154891008816,0.0
2026-01-17 17:03:00+00:00,1.0006154891008816,0.0
2026-01-17 17:04:00+00:00,1.0006154891008816,0.0
2026-01-17 17:05:00+00:00,1.0006154891008816,-0.0
2026-01-17 17:06:00+00:00,1.0006154891008816,0.0
2026-01-17 17:07:00+00:00,1.0006154891008816,0.0
2026-01-17 17:08:00+00:00,1.0006154891008816,-0.0
2026-01-17 17:09:00+00:00,1.0006154891008816,0.0
2026-01-17 17:10:00+00:00,1.0006154891008816,-0.0
2026-01-17 17:11:00+00:00,1.0006154891008816,0.0
2026-01-17 17:12:00+00:00,1.0006154891008816,-0.0
2026-01-17 17:13:00+00:00,1.0006154891008816,-0.0
2026-01-17 17:14:00+00:00,1.0006154891008816,0.0
2026-01-17 17:15:00+00:00,1.0006154891008816,-0.0
2026-01-17 17:16:00+00:00,1.0006154891008816,0.0
2026-01-17 17:17:00+00:00,1.0006154891008816,-0.0
2026-01-17 17:18:00+00:00,1.0006154891008816,-0.0
2026-01-17 17:19:00+00:00,1.0006154891008816,0.0
2026-01-17 17:20:00+00:00,1.0006154891008816,0.0
2026-01-17 17:21:00+00:00,1.0006154891008816,0.0
2026-01-17 17:22:00+00:00,1.0006154891008816,-0.0
2026-01-17 17:23:00+00:00,1.0006154891008816,-0.0
2026-01-17 17:24:00+00:00,1.0006154891008816,0.0
2026-01-17 17:25:00+00:00,1.0006154891008816,0.0
2026-01-17 17:26:00+00:00,1.0006154891008816,-0.0
2026-01-17 17:27:00+00:00,1.0006154891008816,-0.0
2026-01-17 17:28:00+00:00,1.0006154891008816,-0.0
2026-01-17 17:29:00+00:00,1.0006154891008816,0.0
2026-01-17 17:30:00+00:00,1.0006154891008816,0.0
2026-01-17 17:31:00+00:00,1.0006154891008816,-0.0
2026-01-17 17:32:00+00:00,1.0006154891008816,-0.0
2026-01-17 17:33:00+00:00,1.0006154891008816,0.0
2026-01-17 17:34:00+00:00,1.0006154891008816,-0.0
2026-01-17 17:35:00+00:00,1.0006154891008816,0.0
2026-01-17 17:36:00+00:00,1.0006154891008816,0.0
2026-01-17 17:37:00+00:00,1.0006154891008816,-0.0
2026-01-17 17:38:00+00:00,1.0006154891008816,0.0
2026-01-17 17:39:00+00:00,1.0006154891008816,-0.0
2026-01-17 17:40:00+00:00,1.0006154891008816,0.0
2026-01-17 17:41:00+00:00,1.0006154891008816,-0.0
2026-01-17 17:42:00+00:00,1.0006154891008816,-0.0
2026-01-17 17:43:00+00:00,1.0006154891008816,0.0
2026-01-17 17:44:00+00:00,1.0006154891008816,0.0
2026-01-17 17:45:00+00:00,1.0006154891008816,-0.0
2026-01-17 17:46:00+00:00,1.0006154891008816,-0.0
2026-01-17 17:47:00+00:00,1.0006154891008816,0.0
2026-01-17 17:48:00+00:00,1.0006154891008816,0.0
2026-01-17 17:49:00+00:00,1.0006154891008816,-0.0
2026-01-17 17:50:00+00:00,1.0006154891008816,0.0
2026-01-17 17:51:00+00:00,1.0006154891008816,0.0
2026-01-17 17:52:00+00:00,1.0006154891008816,-0.0
2026-01-17 17:53:00+00:00,1.0006154891008816,0.0
2026-01-17 17:54:00+00:00,1.0006154891008816,0.0
2026-01-17 17:55:00+00:00,1.0006154891008816,-0.0
2026-01-17 17:56:00+00:00,1.0006154891008816,0.0
2026-01-17 17:57:00+00:00,1.0006154891008816,0.0
2026-01-17 17:58:00+00:00,1.0006154891008816,-0.0
2026-01-17 17:59:00+00:00,1.0006154891008816,0.0
2026-01-17 18:00:00+00:00,1.0006154891008816,-0.0
2026-01-17 18:01:00+00:00,1.0006154891008816,0.0
2026-01-17 18:02:00+00:00,1.0006154891008816,0.0
2026-01-17 18:03:00+00:00,1.0006154891008816,0.0
2026-01-17 18:04:00+00:00,1.0006154891008816,0.0
2026-01-17 18:05:00+00:00,1.0006154891008816,-0.0
2026-01-17 18:06:00+00:00,1.0006154891008816,-0.0
2026-01-17 18:07:00+00:00,1.0006154891008816,0.0
2026-01-17 18:08:00+00:00,1.0006154891008816,0.0
2026-01-17 18:09:00+00:00,1.0006154891008816,-0.0
2026-01-17 18:10:00+00:00,1.0006154891008816,0.0
2026-01-17 18:11:00+00:00,1.0006154891008816,-0.0
2026-01-17 18:12:00+00:00,1.0006154891008816,-0.0
2026-01-17 18:13:00+00:00,1.0006154891008816,-0.0
2026-01-17 18:14:00+00:00,1.0006154891008816,0.0
2026-01-17 18:15:00+00:00,1.0006154891008816,-0.0
2026-01-17 18:16:00+00:00,1.0006154891008816,0.0
2026-01-17 18:17:00+00:00,1.0006154891008816,-0.0
2026-01-17 18:18:00+00:00,1.0006154891008816,-0.0
2026-01-17 18:19:00+00:00,1.0006154891008816,-0.0
2026-01-17 18:20:00+00:00,1.0006154891008816,0.0
2026-01-17 18:21:00+00:00,1.0006154891008816,-0.0
2026-01-17 18:22:00+00:00,1.0006154891008816,0.0
2026-01-17 18:23:00+00:00,1.0006154891008816,0.0
2026-01-17 18:24:00+00:00,1.0006154891008816,-0.0
2026-01-17 18:25:00+00:00,1.0006154891008816,0.0
2026-01-17 18:26:00+00:00,1.0006154891008816,-0.0
2026-01-17 18:27:00+00:00,1.0006154891008816,0.0
2026-01-17 18:28:00+00:00,1.0006154891008816,-0.0
2026-01-17 18:29:00+00:00,1.0006154891008816,0.0
2026-01-17 18:30:00+00:00,1.0006154891008816,-0.0
2026-01-17 18:31:00+00:00,1.0006154891008816,-0.0
2026-01-17 18:32:00+00:00,1.0006154891008816,0.0
2026-01-17 18:33:00+00:00,1.0006154891008816,-0.0
2026-01-17 18:34:00+00:00,1.0006154891008816,-0.0
2026-01-17 18:35:00+00:00,1.0006154891008816,0.0
2026-01-17 18:36:00+00:00,1.0006154891008816,-0.0
2026-01-17 18:37:00+00:00,1.0006154891008816,-0.0
2026-01-17 18:38:00+00:00,1.0006154891008816,-0.0
2026-01-17 18:39:00+00:00,1.0006154891008816,0.0
2026-01-17 18:40:00+00:00,1.0006154891008816,-0.0
2026-01-17 18:41:00+00:00,1.0006154891008816,-0.0
2026-01-17 18:42:00+00:00,1.0006154891008816,0.0
2026-01-17 18:43:00+00:00,1.0006154891008816,-0.0
2026-01-17 18:44:00+00:00,1.0006154891008816,-0.0
2026-01-17 18:45:00+00:00,1.0006154891008816,-0.0
2026-01-17 18:46:00+00:00,1.0006154891008816,-0.0
2026-01-17 18:47:00+00:00,1.0006154891008816,-0.0
2026-01-17 18:48:00+00:00,1.0006154891008816,-0.0
2026-01-17 18:49:00+00:00,1.0006154891008816,0.0
2026-01-17 18:50:00+00:00,1.0006154891008816,-0.0
2026-01-17 18:51:00+00:00,1.0006154891008816,-0.0
2026-01-17 18:52:00+00:00,1.0006154891008816,-0.0
2026-01-17 18:53:00+00:00,1.0006154891008816,-0.0
2026-01-17 18:54:00+00:00,1.0006154891008816,0.0
2026-01-17 18:55:00+00:00,1.0006154891008816,-0.0
2026-01-17 18:56:00+00:00,1.0006154891008816,-0.0
2026-01-17 18:57:00+00:00,1.0006154891008816,0.0
2026-01-17 18:58:00+00:00,1.0006154891008816,0.0
2026-01-17 18:59:00+00:00,1.0006154891008816,-0.0
2026-01-17 19:00:00+00:00,1.0006154891008816,-0.0
2026-01-17 19:01:00+00:00,1.0006154891008816,-0.0
2026-01-17 19:02:00+00:00,1.0006154891008816,-0.0
2026-01-17 19:03:00+00:00,1.0006154891008816,0.0
2026-01-17 19:04:00+00:00,1.0006154891008816,0.0
2026-01-17 19:05:00+00:00,1.0006154891008816,-0.0
2026-01-17 19:06:00+00:00,1.0006154891008816,0.0
2026-01-17 19:07:00+00:00,1.0006154891008816,-0.0
2026-01-17 19:08:00+00:00,1.0006154891008816,0.0
2026-01-17 19:09:00+00:00,1.0006154891008816,0.0
2026-01-17 19:10:00+00:00,1.0006154891008816,0.0
2026-01-17 19:11:00+00:00,1.0006154891008816,-0.0
2026-01-17 19:12:00+00:00,1.0006154891008816,-0.0
2026-01-17 19:13:00+00:00,1.0006154891008816,-0.0
2026-01-17 19:14:00+00:00,1.0006154891008816,0.0
2026-01-17 19:15:00+00:00,1.0006154891008816,-0.0
2026-01-17 19:16:00+00:00,1.0006154891008816,0.0
2026-01-17 19:17:00+00:00,1.0006154891008816,-0.0
2026-01-17 19:18:00+00:00,1.0006154891008816,0.0
2026-01-17 19:19:00+00:00,1.0006154891008816,-0.0
2026-01-17 19:20:00+00:00,1.0006154891008816,-0.0
2026-01-17 19:21:00+00:00,1.0006154891008816,0.0
2026-01-17 19:22:00+00:00,1.0006154891008816,0.0
2026-01-17 19:23:00+00:00,1.0006154891008816,-0.0
2026-01-17 19:24:00+00:00,1.0006154891008816,0.0
2026-01-17 19:25:00+00:00,1.0006154891008816,0.0
2026-01-17 19:26:00+00:00,1.0006154891008816,-0.0
2026-01-17 19:27:00+00:00,1.0006154891008816,-0.0
2026-01-17 19:28:00+00:00,1.0006154891008816,-0.0
2026-01-17 19:29:00+00:00,1.0006154891008816,0.0
2026-01-17 19:30:00+00:00,1.0006154891008816,0.0
2026-01-17 19:31:00+00:00,1.0006154891008816,0.0
2026-01-17 19:32:00+00:00,1.0006154891008816,-0.0
2026-01-17 19:33:00+00:00,1.0006154891008816,0.0
2026-01-17 19:34:00+00:00,1.0006154891008816,0.0
2026-01-17 19:35:00+00:00,1.0006154891008816,-0.0
2026-01-17 19:36:00+00:00,1.0006154891008816,-0.0
2026-01-17 19:37:00+00:00,1.0006154891008816,0.0
2026-01-17 19:38:00+00:00,1.0006154891008816,-0.0
2026-01-17 19:39:00+00:00,1.0006154891008816,-0.0
2026-01-17 19:40:00+00:00,1.0006154891008816,-0.0
2026-01-17 19:41:00+00:00,1.0006154891008816,0.0
2026-01-17 19:42:00+00:00,1.0006154891008816,-0.0
2026-01-17 19:43:00+00:00,1.0006154891008816,-0.0
2026-01-17 19:44:00+00:00,1.0006154891008816,0.0
2026-01-17 19:45:00+00:00,1.0006154891008816,-0.0
2026-01-17 19:46:00+00:00,1.0006154891008816,0.0
2026-01-17 19:47:00+00:00,1.0006154891008816,0.0
2026-01-17 19:48:00+00:00,1.0006154891008816,0.0
2026-01-17 19:49:00+00:00,1.0006154891008816,0.0
2026-01-17 19:50:00+00:00,1.0006154891008816,0.0
2026-01-17 19:51:00+00:00,1.0006154891008816,-0.0
2026-01-17 19:52:00+00:00,1.0006154891008816,0.0
2026-01-17 19:53:00+00:00,1.0006154891008816,0.0
2026-01-17 19:54:00+00:00,1.0006154891008816,-0.0
2026-01-17 19:55:00+00:00,1.0006154891008816,-0.0
2026-01-17 19:56:00+00:00,1.0006154891008816,0.0
2026-01-17 19:57:00+00:00,1.0006154891008816,-0.0
2026-01-17 19:58:00+00:00,1.0006154891008816,-0.0
2026-01-17 19:59:00+00:00,1.0006154891008816,0.0
2026-01-17 20:00:00+00:00,1.0006154891008816,0.0
2026-01-17 20:01:00+00:00,1.0006154891008816,0.0
2026-01-17 20:02:00+00:00,1.0006154891008816,-0.0
2026-01-17 20:03:00+00:00,1.0006154891008816,-0.0
2026-01-17 20:04:00+00:00,1.0006154891008816,0.0
2026-01-17 20:05:00+00:00,1.0006154891008816,0.0
2026-01-17 20:06:00+00:00,1.0006154891008816,-0.0
2026-01-17 20:07:00+00:00,1.0006154891008816,0.0
2026-01-17 20:08:00+00:00,1.0006154891008816,0.0
2026-01-17 20:09:00+00:00,1.0006154891008816,-0.0
2026-01-17 20:10:00+00:00,1.0006154891008816,-0.0
2026-01-17 20:11:00+00:00,1.0006154891008816,-0.0
2026-01-17 20:12:00+00:00,1.0006154891008816,0.0
2026-01-17 20:13:00+00:00,1.0006154891008816,-0.0
2026-01-17 20:14:00+00:00,1.0006154891008816,0.0
2026-01-17 20:15:00+00:00,1.0006154891008816,0.0
2026-01-17 20:16:00+00:00,1.0006154891008816,-0.0
2026-01-17 20:17:00+00:00,1.0006154891008816,-0.0
2026-01-17 20:18:00+00:00,1.0006154891008816,0.0
2026-01-17 20:19:00+00:00,1.0006154891008816,-0.0
2026-01-17 20:20:00+00:00,1.0006154891008816,0.0
2026-01-17 20:21:00+00:00,1.0006154891008816,-0.0
2026-01-17 20:22:00+00:00,1.0006154891008816,0.0
2026-01-17 20:23:00+00:00,1.0006154891008816,0.0
2026-01-17 20:24:00+00:00,1.0006154891008816,0.0
2026-01-17 20:25:00+00:00,1.0006154891008816,0.0
2026-01-17 20:26:00+00:00,1.0006154891008816,-0.0
2026-01-17 20:27:00+00:00,1.0006154891008816,-0.0
2026-01-17 20:28:00+00:00,1.0006154891008816,0.0
2026-01-17 20:29:00+00:00,1.0006154891008816,-0.0
2026-01-17 20:30:00+00:00,1.0006154891008816,-0.0
2026-01-17 20:31:00+00:00,1.0006154891008816,0.0
2026-01-17 20:32:00+00:00,1.0006154891008816,-0.0
2026-01-17 20:33:00+00:00,1.0006154891008816,0.0
2026-01-17 20:34:00+00:00,1.0006154891008816,0.0
2026-01-17 20:35:00+00:00,1.0006154891008816,0.0
2026-01-17 20:36:00+00:00,1.0006154891008816,-0.0
2026-01-17 20:37:00+00:00,1.0006154891008816,-0.0
2026-01-17 20:38:00+00:00,1.0006154891008816,0.0
2026-01-17 20:39:00+00:00,1.0006154891008816,0.0
2026-01-17 20:40:00+00:00,1.0006154891008816,-0.0
2026-01-17 20:41:00+00:00,1.0006154891008816,0.0
2026-01-17 20:42:00+00:00,1.0006154891008816,0.0
2026-01-17 20:43:00+00:00,1.0006154891008816,-0.0
2026-01-17 20:44:00+00:00,1.0006154891008816,0.0
2026-01-17 20:45:00+00:00,1.0006154891008816,0.0
2026-01-17 20:46:00+00:00,1.0006154891008816,-0.0
2026-01-17 20:47:00+00:00,1.0006154891008816,0.0
2026-01-17 20:48:00+00:00,1.0006154891008816,0.0
2026-01-17 20:49:00+00:00,1.0006154891008816,0.0
2026-01-17 20:50:00+00:00,1.0006154891008816,-0.0
2026-01-17 20:51:00+00:00,1.0006154891008816,0.0
2026-01-17 20:52:00+00:00,1.0006154891008816,-0.0
2026-01-17 20:53:00+00:00,1.0006154891008816,-0.0
2026-01-17 20:54:00+00:00,1.0006154891008816,0.0
2026-01-17 20:55:00+00:00,1.0006154891008816,-0.0
2026-01-17 20:56:00+00:00,1.0006154891008816,0.0
2026-01-17 20:57:00+00:00,1.0006154891008816,-0.0
2026-01-17 20:58:00+00:00,1.0006154891008816,0.0
2026-01-17 20:59:00+00:00,1.0006154891008816,-0.0
2026-01-17 21:00:00+00:00,1.0006154891008816,0.0
2026-01-17 21:01:00+00:00,1.0006154891008816,-0.0
2026-01-17 21:02:00+00:00,1.0006154891008816,0.0
2026-01-17 21:03:00+00:00,1.0006154891008816,-0.0
2026-01-17 21:04:00+00:00,1.0006154891008816,0.0
2026-01-17 21:05:00+00:00,1.0006154891008816,-0.0
2026-01-17 21:06:00+00:00,1.0006154891008816,0.0
2026-01-17 21:07:00+00:00,1.0006154891008816,-0.0
2026-01-17 21:08:00+00:00,1.0006154891008816,0.0
2026-01-17 21:09:00+00:00,1.0006154891008816,-0.0
2026-01-17 21:10:00+00:00,1.0006154891008816,-0.0
2026-01-17 21:11:00+00:00,1.0006154891008816,-0.0
2026-01-17 21:12:00+00:00,1.0006154891008816,0.0
2026-01-17 21:13:00+00:00,1.0006154891008816,-0.0
2026-01-17 21:14:00+00:00,1.0006154891008816,-0.0
2026-01-17 21:15:00+00:00,1.0006154891008816,0.0
2026-01-17 21:16:00+00:00,1.0006154891008816,0.0
2026-01-17 21:17:00+00:00,1.0006154891008816,0.0
2026-01-17 21:18:00+00:00,1.0006154891008816,-0.0
2026-01-17 21:19:00+00:00,1.0006154891008816,-0.0
2026-01-17 21:20:00+00:00,1.0006154891008816,-0.0
2026-01-17 21:21:00+00:00,1.0006154891008816,-0.0
2026-01-17 21:22:00+00:00,1.0006154891008816,0.0
2026-01-17 21:23:00+00:00,1.0006154891008816,0.0
2026-01-17 21:24:00+00:00,1.0006154891008816,0.0
2026-01-17 21:25:00+00:00,1.0006154891008816,0.0
2026-01-17 21:26:00+00:00,1.0006154891008816,-0.0
2026-01-17 21:27:00+00:00,1.0006154891008816,0.0
2026-01-17 21:28:00+00:00,1.0006154891008816,-0.0
2026-01-17 21:29:00+00:00,1.0006154891008816,0.0
2026-01-17 21:30:00+00:00,1.0006154891008816,-0.0
2026-01-17 21:31:00+00:00,1.0006154891008816,0.0
2026-01-17 21:32:00+00:00,1.0006154891008816,-0.0
2026-01-17 21:33:00+00:00,1.0006154891008816,0.0
2026-01-17 21:34:00+00:00,1.0006154891008816,0.0
2026-01-17 21:35:00+00:00,1.0006154891008816,0.0
2026-01-17 21:36:00+00:00,1.0006154891008816,-0.0
2026-01-17 21:37:00+00:00,1.0006154891008816,0.0
2026-01-17 21:38:00+00:00,1.0006154891008816,-0.0
2026-01-17 21:39:00+00:00,1.0006154891008816,-0.0
2026-01-17 21:40:00+00:00,1.0006154891008816,-0.0
2026-01-17 21:41:00+00:00,1.0006154891008816,0.0
2026-01-17 21:42:00+00:00,1.0006154891008816,-0.0
2026-01-17 21:43:00+00:00,1.0006154891008816,-0.0
2026-01-17 21:44:00+00:00,1.0006154891008816,0.0
2026-01-17 21:45:00+00:00,1.0006154891008816,-0.0
2026-01-17 21:46:00+00:00,1.0006154891008816,0.0
2026-01-17 21:47:00+00:00,1.0006154891008816,-0.0
2026-01-17 21:48:00+00:00,1.0006154891008816,-0.0
2026-01-17 21:49:00+00:00,1.0006154891008816,0.0
2026-01-17 21:50:00+00:00,1.0006154891008816,0.0
2026-01-17 21:51:00+00:00,1.0006154891008816,-0.0
2026-01-17 21:52:00+00:00,1.0006154891008816,-0.0
2026-01-17 21:53:00+00:00,1.0006154891008816,-0.0
2026-01-17 21:54:00+00:00,1.0006154891008816,0.0
2026-01-17 21:55:00+00:00,1.0006154891008816,0.0
2026-01-17 21:56:00+00:00,1.0006154891008816,0.0
2026-01-17 21:57:00+00:00,1.0006154891008816,0.0
2026-01-17 21:58:00+00:00,1.0006154891008816,-0.0
2026-01-17 21:59:00+00:00,1.0006154891008816,0.0
2026-01-17 22:00:00+00:00,1.0006154891008816,-0.0
2026-01-17 22:01:00+00:00,1.0006154891008816,0.0
2026-01-17 22:02:00+00:00,1.0006154891008816,-0.0
2026-01-17 22:03:00+00:00,1.0006154891008816,-0.0
2026-01-17 22:04:00+00:00,1.0006154891008816,0.0
2026-01-17 22:05:00+00:00,1.0006154891008816,0.0
2026-01-17 22:06:00+00:00,1.0006154891008816,-0.0
2026-01-17 22:07:00+00:00,1.0006154891008816,-0.0
2026-01-17 22:08:00+00:00,1.0006154891008816,0.0
2026-01-17 22:09:00+00:00,1.0006154891008816,-0.0
2026-01-17 22:10:00+00:00,1.0006154891008816,0.0
2026-01-17 22:11:00+00:00,1.0006154891008816,0.0
2026-01-17 22:12:00+00:00,1.0006154891008816,-0.0
2026-01-17 22:13:00+00:00,1.0006154891008816,-0.0
2026-01-17 22:14:00+00:00,1.0006154891008816,-0.0
2026-01-17 22:15:00+00:00,1.0006154891008816,0.0
2026-01-17 22:16:00+00:00,1.0006154891008816,0.0
2026-01-17 22:17:00+00:00,1.0006154891008816,0.0
2026-01-17 22:18:00+00:00,1.0006154891008816,-0.0
2026-01-17 22:19:00+00:00,1.0006154891008816,-0.0
2026-01-17 22:20:00+00:00,1.0006154891008816,-0.0
2026-01-17 22:21:00+00:00,1.0006154891008816,-0.0
2026-01-17 22:22:00+00:00,1.0006154891008816,0.0
2026-01-17 22:23:00+00:00,1.0006154891008816,0.0
2026-01-17 22:24:00+00:00,1.0006154891008816,-0.0
2026-01-17 22:25:00+00:00,1.0006154891008816,-0.0
2026-01-17 22:26:00+00:00,1.0006154891008816,-0.0
2026-01-17 22:27:00+00:00,1.0006154891008816,0.0
2026-01-17 22:28:00+00:00,1.0006154891008816,-0.0
2026-01-17 22:29:00+00:00,1.0006154891008816,-0.0
2026-01-17 22:30:00+00:00,1.0006154891008816,0.0
2026-01-17 22:31:00+00:00,1.0006154891008816,-0.0
2026-01-17 22:32:00+00:00,1.0006154891008816,0.0
2026-01-17 22:33:00+00:00,1.0006154891008816,0.0
2026-01-17 22:34:00+00:00,1.0006154891008816,0.0
2026-01-17 22:35:00+00:00,1.0006154891008816,-0.0
2026-01-17 22:36:00+00:00,1.0006154891008816,0.0
2026-01-17 22:37:00+00:00,1.0006154891008816,-0.0
2026-01-17 22:38:00+00:00,1.0006154891008816,-0.0
2026-01-17 22:39:00+00:00,1.0006154891008816,-0.0
2026-01-17 22:40:00+00:00,1.0006154891008816,-0.0
2026-01-17 22:41:00+00:00,1.0006154891008816,0.0
2026-01-17 22:42:00+00:00,1.0006154891008816,-0.0
2026-01-17 22:43:00+00:00,1.0006154891008816,-0.0
2026-01-17 22:44:00+00:00,1.0006154891008816,-0.0
2026-01-17 22:45:00+00:00,1.0006154891008816,-0.0
2026-01-17 22:46:00+00:00,1.0006154891008816,-0.0
2026-01-17 22:47:00+00:00,1.0006154891008816,-0.0
2026-01-17 22:48:00+00:00,1.0006154891008816,0.0
2026-01-17 22:49:00+00:00,1.0006154891008816,-0.0
2026-01-17 22:50:00+00:00,1.0006154891008816,0.0
2026-01-17 22:51:00+00:00,1.0006154891008816,0.0
2026-01-17 22:52:00+00:00,1.0006154891008816,0.0
2026-01-17 22:53:00+00:00,1.0006154891008816,-0.0
2026-01-17 22:54:00+00:00,1.0006154891008816,0.0
2026-01-17 22:55:00+00:00,1.0006154891008816,0.0
2026-01-17 22:56:00+00:00,1.0006154891008816,0.0
2026-01-17 22:57:00+00:00,1.0006154891008816,-0.0
2026-01-17 22:58:00+00:00,1.0006154891008816,-0.0
2026-01-17 22:59:00+00:00,1.0006154891008816,0.0
2026-01-17 23:00:00+00:00,1.0006154891008816,0.0
2026-01-17 23:01:00+00:00,1.0006154891008816,-0.0
2026-01-17 23:02:00+00:00,1.0006154891008816,0.0
2026-01-17 23:03:00+00:00,1.0006154891008816,0.0
2026-01-17 23:04:00+00:00,1.0006154891008816,-0.0
2026-01-17 23:05:00+00:00,1.0006154891008816,-0.0
2026-01-17 23:06:00+00:00,1.0006154891008816,0.0
2026-01-17 23:07:00+00:00,1.0006154891008816,0.0
2026-01-17 23:08:00+00:00,1.0006154891008816,0.0
2026-01-17 23:09:00+00:00,1.0006154891008816,-0.0
2026-01-17 23:10:00+00:00,1.0006154891008816,0.0
2026-01-17 23:11:00+00:00,1.0006154891008816,-0.0
2026-01-17 23:12:00+00:00,1.0006154891008816,-0.0
2026-01-17 23:13:00+00:00,1.0006154891008816,-0.0
2026-01-17 23:14:00+00:00,1.0006154891008816,-0.0
2026-01-17 23:15:00+00:00,1.0006154891008816,0.0
2026-01-17 23:16:00+00:00,1.0006154891008816,-0.0
2026-01-17 23:17:00+00:00,1.0006154891008816,0.0
2026-01-17 23:18:00+00:00,1.0006154891008816,-0.0
2026-01-17 23:19:00+00:00,1.0006154891008816,-0.0
2026-01-17 23:20:00+00:00,1.0006154891008816,-0.0
2026-01-17 23:21:00+00:00,1.0006154891008816,-0.0
2026-01-17 23:22:00+00:00,1.0006154891008816,-0.0
2026-01-17 23:23:00+00:00,1.0006154891008816,-0.0
2026-01-17 23:24:00+00:00,1.0006154891008816,0.0
2026-01-17 23:25:00+00:00,1.0006154891008816,0.0
2026-01-17 23:26:00+00:00,1.0006154891008816,-0.0
2026-01-17 23:27:00+00:00,1.0006154891008816,0.0
2026-01-17 23:28:00+00:00,1.0006154891008816,-0.0
2026-01-17 23:29:00+00:00,1.0006154891008816,0.0
2026-01-17 23:30:00+00:00,1.0006154891008816,-0.0
2026-01-17 23:31:00+00:00,1.0006154891008816,0.0
2026-01-17 23:32:00+00:00,1.0006154891008816,0.0
2026-01-17 23:33:00+00:00,1.0006154891008816,0.0
2026-01-17 23:34:00+00:00,1.0006154891008816,-0.0
2026-01-17 23:35:00+00:00,1.0006154891008816,0.0
2026-01-17 23:36:00+00:00,1.0006154891008816,0.0
2026-01-17 23:37:00+00:00,1.0006154891008816,-0.0
2026-01-17 23:38:00+00:00,1.0006154891008816,0.0
2026-01-17 23:39:00+00:00,1.0006154891008816,-0.0
2026-01-17 23:40:00+00:00,1.0006154891008816,-0.0
2026-01-17 23:41:00+00:00,1.0006154891008816,0.0
2026-01-17 23:42:00+00:00,1.0006154891008816,0.0
2026-01-17 23:43:00+00:00,1.0006154891008816,0.0
2026-01-17 23:44:00+00:00,1.0006154891008816,-0.0
2026-01-17 23:45:00+00:00,1.0006154891008816,-0.0
2026-01-17 23:46:00+00:00,1.0006154891008816,-0.0
2026-01-17 23:47:00+00:00,1.0006154891008816,0.0
2026-01-17 23:48:00+00:00,1.0006154891008816,-0.0
2026-01-17 23:49:00+00:00,1.0006154891008816,0.0
2026-01-17 23:50:00+00:00,1.0006154891008816,-0.0
2026-01-17 23:51:00+00:00,1.0006154891008816,0.0
2026-01-17 23:52:00+00:00,1.0006154891008816,0.0
2026-01-17 23:53:00+00:00,1.0006154891008816,-0.0
2026-01-17 23:54:00+00:00,1.0006154891008816,-0.0
2026-01-17 23:55:00+00:00,1.0006154891008816,0.0
2026-01-17 23:56:00+00:00,1.0006154891008816,0.0
2026-01-17 23:57:00+00:00,1.0006154891008816,-0.0
2026-01-17 23:58:00+00:00,1.0006154891008816,0.0
2026-01-17 23:59:00+00:00,1.0006154891008816,-0.0
2026-01-18 00:00:00+00:00,1.0006154891008816,0.0
2026-01-18 00:01:00+00:00,1.0006154891008816,-0.0
2026-01-18 00:02:00+00:00,1.0006154891008816,-0.0
2026-01-18 00:03:00+00:00,1.0006154891008816,-0.0
2026-01-18 00:04:00+00:00,1.0006154891008816,0.0
2026-01-18 00:05:00+00:00,1.0006154891008816,0.0
2026-01-18 00:06:00+00:00,1.0006154891008816,0.0
2026-01-18 00:07:00+00:00,1.0006154891008816,-0.0
2026-01-18 00:08:00+00:00,1.0006154891008816,0.0
2026-01-18 00:09:00+00:00,1.0006154891008816,0.0
2026-01-18 00:10:00+00:00,1.0006154891008816,0.0
2026-01-18 00:11:00+00:00,1.0006154891008816,-0.0
2026-01-18 00:12:00+00:00,1.0006154891008816,-0.0
2026-01-18 00:13:00+00:00,1.0006154891008816,-0.0
2026-01-18 00:14:00+00:00,1.0006154891008816,0.0
2026-01-18 00:15:00+00:00,1.0006154891008816,0.0
2026-01-18 00:16:00+00:00,1.0006154891008816,0.0
2026-01-18 00:17:00+00:00,1.0006154891008816,-0.0
2026-01-18 00:18:00+00:00,1.0006154891008816,-0.0
2026-01-18 00:19:00+00:00,1.0006154891008816,0.0
2026-01-18 00:20:00+00:00,1.0006154891008816,0.0
2026-01-18 00:21:00+00:00,1.0006154891008816,-0.0
2026-01-18 00:22:00+00:00,1.0006154891008816,0.0
2026-01-18 00:23:00+00:00,1.0006154891008816,-0.0
2026-01-18 00:24:00+00:00,1.0006154891008816,0.0
2026-01-18 00:25:00+00:00,1.0006154891008816,0.0
2026-01-18 00:26:00+00:00,1.0006154891008816,0.0
2026-01-18 00:27:00+00:00,1.0006154891008816,-0.0
2026-01-18 00:28:00+00:00,1.0006154891008816,0.0
2026-01-18 00:29:00+00:00,1.0006154891008816,-0.0
2026-01-18 00:30:00+00:00,1.0006154891008816,0.0
2026-01-18 00:31:00+00:00,1.0006154891008816,0.0
2026-01-18 00:32:00+00:00,1.0006154891008816,0.0
2026-01-18 00:33:00+00:00,1.0006154891008816,-0.0
2026-01-18 00:34:00+00:00,1.0006154891008816,0.0
2026-01-18 00:35:00+00:00,1.0006154891008816,0.0
2026-01-18 00:36:00+00:00,1.0006154891008816,0.0
2026-01-18 00:37:00+00:00,1.0006154891008816,-0.0
2026-01-18 00:38:00+00:00,1.0006154891008816,0.0
2026-01-18 00:39:00+00:00,1.0006154891008816,-0.0
2026-01-18 00:40:00+00:00,1.0006154891008816,-0.0
2026-01-18 00:41:00+00:00,1.0006154891008816,0.0
2026-01-18 00:42:00+00:00,1.0006154891008816,0.0
2026-01-18 00:43:00+00:00,1.0006154891008816,0.0
2026-01-18 00:44:00+00:00,1.0006154891008816,-0.0
2026-01-18 00:45:00+00:00,1.0006154891008816,-0.0
2026-01-18 00:46:00+00:00,1.0006154891008816,0.0
2026-01-18 00:47:00+00:00,1.0006154891008816,-0.0
2026-01-18 00:48:00+00:00,1.0006154891008816,-0.0
2026-01-18 00:49:00+00:00,1.0006154891008816,0.0
2026-01-18 00:50:00+00:00,1.0006154891008816,-0.0
2026-01-18 00:51:00+00:00,1.0006154891008816,0.0
2026-01-18 00:52:00+00:00,1.0006154891008816,-0.0
2026-01-18 00:53:00+00:00,1.0006154891008816,0.0
2026-01-18 00:54:00+00:00,1.0006154891008816,0.0
2026-01-18 00:55:00+00:00,1.0006154891008816,0.0
2026-01-18 00:56:00+00:00,1.0006154891008816,-0.0
2026-01-18 00:57:00+00:00,1.0006154891008816,-0.0
2026-01-18 00:58:00+00:00,1.0006154891008816,-0.0
2026-01-18 00:59:00+00:00,1.0006154891008816,0.0
2026-01-18 01:00:00+00:00,1.0006154891008816,-0.0
2026-01-18 01:01:00+00:00,1.0006154891008816,0.0
2026-01-18 01:02:00+00:00,1.0006154891008816,0.0
2026-01-18 01:03:00+00:00,1.0006154891008816,-0.0
2026-01-18 01:04:00+00:00,1.0006154891008816,0.0
2026-01-18 01:05:00+00:00,1.0006154891008816,-0.0
2026-01-18 01:06:00+00:00,1.0006154891008816,0.0
2026-01-18 01:07:00+00:00,1.0006154891008816,-0.0
2026-01-18 01:08:00+00:00,1.0006154891008816,-0.0
2026-01-18 01:09:00+00:00,1.0006154891008816,-0.0
2026-01-18 01:10:00+00:00,1.0006154891008816,-0.0
2026-01-18 01:11:00+00:00,1.0006154891008816,-0.0
2026-01-18 01:12:00+00:00,1.0006154891008816,0.0
2026-01-18 01:13:00+00:00,1.0006154891008816,0.0
2026-01-18 01:14:00+00:00,1.0006154891008816,-0.0
2026-01-18 01:15:00+00:00,1.0006154891008816,-0.0
2026-01-18 01:16:00+00:00,1.0006154891008816,0.0
2026-01-18 01:17:00+00:00,1.0006154891008816,0.0
2026-01-18 01:18:00+00:00,1.0006154891008816,0.0
2026-01-18 01:19:00+00:00,1.0006154891008816,0.0
2026-01-18 01:20:00+00:00,1.0006154891008816,0.0
2026-01-18 01:21:00+00:00,1.0006154891008816,-0.0
2026-01-18 01:22:00+00:00,1.0006154891008816,0.0
2026-01-18 01:23:00+00:00,1.0006154891008816,-0.0
2026-01-18 01:24:00+00:00,1.0006154891008816,-0.0
2026-01-18 01:25:00+00:00,1.0006154891008816,0.0
2026-01-18 01:26:00+00:00,1.0006154891008816,0.0
2026-01-18 01:27:00+00:00,1.0006154891008816,0.0
2026-01-18 01:28:00+00:00,1.0006154891008816,0.0
2026-01-18 01:29:00+00:00,1.0006154891008816,0.0
2026-01-18 01:30:00+00:00,1.0006154891008816,-0.0
2026-01-18 01:31:00+00:00,1.0006154891008816,0.0
2026-01-18 01:32:00+00:00,1.0006154891008816,0.0
2026-01-18 01:33:00+00:00,1.0006154891008816,-0.0
2026-01-18 01:34:00+00:00,1.0006154891008816,0.0
2026-01-18 01:35:00+00:00,1.0006154891008816,0.0
2026-01-18 01:36:00+00:00,1.0006154891008816,0.0
2026-01-18 01:37:00+00:00,1.0006154891008816,0.0
2026-01-18 01:38:00+00:00,1.0006154891008816,-0.0
2026-01-18 01:39:00+00:00,1.0006154891008816,0.0
2026-01-18 01:40:00+00:00,1.0006154891008816,0.0
2026-01-18 01:41:00+00:00,1.0006154891008816,0.0
2026-01-18 01:42:00+00:00,1.0006154891008816,0.0
2026-01-18 01:43:00+00:00,1.0006154891008816,-0.0
2026-01-18 01:44:00+00:00,1.0006154891008816,0.0
2026-01-18 01:45:00+00:00,1.0006154891008816,0.0
2026-01-18 01:46:00+00:00,1.0006154891008816,-0.0
2026-01-18 01:47:00+00:00,1.0006154891008816,0.0
2026-01-18 01:48:00+00:00,1.0006154891008816,0.0
2026-01-18 01:49:00+00:00,1.0006154891008816,0.0
2026-01-18 01:50:00+00:00,1.0006154891008816,0.0
2026-01-18 01:51:00+00:00,1.0006154891008816,0.0
2026-01-18 01:52:00+00:00,1.0006154891008816,-0.0
2026-01-18 01:53:00+00:00,1.0006154891008816,0.0
2026-01-18 01:54:00+00:00,1.0006154891008816,0.0
2026-01-18 01:55:00+00:00,1.0006154891008816,-0.0
2026-01-18 01:56:00+00:00,1.0006154891008816,-0.0
2026-01-18 01:57:00+00:00,1.0006154891008816,0.0
2026-01-18 01:58:00+00:00,1.0006154891008816,0.0
2026-01-18 01:59:00+00:00,1.0006154891008816,-0.0
2026-01-18 02:00:00+00:00,1.0006154891008816,0.0
2026-01-18 02:01:00+00:00,1.0006154891008816,-0.0
2026-01-18 02:02:00+00:00,1.0006154891008816,0.0
2026-01-18 02:03:00+00:00,1.0006154891008816,0.0
2026-01-18 02:04:00+00:00,1.0006154891008816,-0.0
2026-01-18 02:05:00+00:00,1.0006154891008816,0.0
2026-01-18 02:06:00+00:00,1.0006154891008816,-0.0
2026-01-18 02:07:00+00:00,1.0006154891008816,0.0
2026-01-18 02:08:00+00:00,1.0006154891008816,-0.0
2026-01-18 02:09:00+00:00,1.0006154891008816,0.0
2026-01-18 02:10:00+00:00,1.0006154891008816,-0.0
2026-01-18 02:11:00+00:00,1.0006154891008816,0.0
2026-01-18 02:12:00+00:00,1.0006154891008816,0.0
2026-01-18 02:13:00+00:00,1.0006154891008816,0.0
2026-01-18 02:14:00+00:00,1.0006154891008816,-0.0
2026-01-18 02:15:00+00:00,1.0006154891008816,0.0
2026-01-18 02:16:00+00:00,1.0006154891008816,0.0
2026-01-18 02:17:00+00:00,1.0006154891008816,-0.0
2026-01-18 02:18:00+00:00,1.0006154891008816,-0.0
2026-01-18 02:19:00+00:00,1.0006154891008816,0.0
2026-01-18 02:20:00+00:00,1.0006154891008816,0.0
2026-01-18 02:21:00+00:00,1.0006154891008816,-0.0
2026-01-18 02:22:00+00:00,1.0006154891008816,-0.0
2026-01-18 02:23:00+00:00,1.0006154891008816,0.0
2026-01-18 02:24:00+00:00,1.0006154891008816,-0.0
2026-01-18 02:25:00+00:00,1.0006154891008816,0.0
2026-01-18 02:26:00+00:00,1.0006154891008816,0.0
2026-01-18 02:27:00+00:00,1.0006154891008816,-0.0
2026-01-18 02:28:00+00:00,1.0006154891008816,-0.0
2026-01-18 02:29:00+00:00,1.0006154891008816,0.0
2026-01-18 02:30:00+00:00,1.0006154891008816,-0.0
2026-01-18 02:31:00+00:00,1.0006154891008816,0.0
2026-01-18 02:32:00+00:00,1.0006154891008816,0.0
2026-01-18 02:33:00+00:00,1.0006154891008816,-0.0
2026-01-18 02:34:00+00:00,1.0006154891008816,0.0
2026-01-18 02:35:00+00:00,1.0006154891008816,-0.0
2026-01-18 02:36:00+00:00,1.0006154891008816,0.0
2026-01-18 02:37:00+00:00,1.0006154891008816,-0.0
2026-01-18 02:38:00+00:00,1.0006154891008816,-0.0
2026-01-18 02:39:00+00:00,1.0006154891008816,0.0
2026-01-18 02:40:00+00:00,1.0006154891008816,0.0
2026-01-18 02:41:00+00:00,1.0006154891008816,-0.0
2026-01-18 02:42:00+00:00,1.0006154891008816,0.0
2026-01-18 02:43:00+00:00,1.0006154891008816,-0.0
2026-01-18 02:44:00+00:00,1.0006154891008816,0.0
2026-01-18 02:45:00+00:00,1.0006154891008816,0.0
2026-01-18 02:46:00+00:00,1.0006154891008816,0.0
2026-01-18 02:47:00+00:00,1.0006154891008816,-0.0
2026-01-18 02:48:00+00:00,1.0006154891008816,-0.0
2026-01-18 02:49:00+00:00,1.0006154891008816,-0.0
2026-01-18 02:50:00+00:00,1.0006154891008816,0.0
2026-01-18 02:51:00+00:00,1.0006154891008816,-0.0
2026-01-18 02:52:00+00:00,1.0006154891008816,-0.0
2026-01-18 02:53:00+00:00,1.0006154891008816,-0.0
2026-01-18 02:54:00+00:00,1.0006154891008816,-0.0
2026-01-18 02:55:00+00:00,1.0006154891008816,0.0
2026-01-18 02:56:00+00:00,1.0006154891008816,-0.0
2026-01-18 02:57:00+00:00,1.0006154891008816,0.0
2026-01-18 02:58:00+00:00,1.0006154891008816,-0.0
2026-01-18 02:59:00+00:00,1.0006154891008816,-0.0
2026-01-18 03:00:00+00:00,1.0006154891008816,0.0
2026-01-18 03:01:00+00:00,1.0006154891008816,0.0
2026-01-18 03:02:00+00:00,1.0006154891008816,-0.0
2026-01-18 03:03:00+00:00,1.0006154891008816,0.0
2026-01-18 03:04:00+00:00,1.0006154891008816,0.0
2026-01-18 03:05:00+00:00,1.0006154891008816,-0.0
2026-01-18 03:06:00+00:00,1.0006154891008816,-0.0
2026-01-18 03:07:00+00:00,1.0006154891008816,0.0
2026-01-18 03:08:00+00:00,1.0006154891008816,0.0
2026-01-18 03:09:00+00:00,1.0006154891008816,0.0
