timestamp,equity,pnl
2026-01-14 06:28:00+00:00,1.0,0.0
2026-01-14 06:29:00+00:00,1.0,0.0
2026-01-14 06:30:00+00:00,1.0,-0.0
2026-01-14 06:31:00+00:00,1.0,-0.0
2026-01-14 06:32:00+00:00,1.0,-0.0
2026-01-14 06:33:00+00:00,1.0,-0.0
2026-01-14 06:34:00+00:00,1.0,-0.0
2026-01-14 06:35:00+00:00,0.9999906011084922,-9.398891507737345e-06
2026-01-14 06:36:00+00:00,1.0000307951209315,4.019439022191748e-05
2026-01-14 06:37:00+00:00,1.0000690966238903,3.8300323495522886e-05
2026-01-14 06:38:00+00:00,1.0000970684913641,2.796993484570132e-05
2026-01-14 06:39:00+00:00,1.0000652949440667,-3.1770463386555035e-05
2026-01-14 06:40:00+00:00,1.000094481929576,2.918507987129104e-05
2026-01-14 06:41:00+00:00,1.0000850366622285,-9.444375024815723e-06
2026-01-14 06:42:00+00:00,1.000093427924137,8.390548404259047e-06
2026-01-14 06:43:00+00:00,1.0001114970698393,1.8067457697180515e-05
2026-01-14 06:44:00+00:00,1.000103711415058,-7.784786800437223e-06
2026-01-14 06:45:00+00:00,1.000120646999333,1.6933828043821704e-05
2026-01-14 06:46:00+00:00,1.0001349982436047,1.4349513046335344e-05
2026-01-14 06:47:00+00:00,1.0001390685906177,4.069797597417264e-06
2026-01-14 06:48:00+00:00,1.000137403990945,-1.664368211441599e-06
2026-01-14 06:49:00+00:00,1.000119927274124,-1.7474315780415582e-05
2026-01-14 06:50:00+00:00,1.000133379734033,1.3450846785637296e-05
2026-01-14 06:51:00+00:00,1.000133379734033,-0.0
2026-01-14 06:52:00+00:00,1.000133379734033,0.0
2026-01-14 06:53:00+00:00,1.000133379734033,0.0
2026-01-14 06:54:00+00:00,1.000133379734033,-0.0
2026-01-14 06:55:00+00:00,1.000133379734033,0.0
2026-01-14 06:56:00+00:00,1.000133379734033,0.0
2026-01-14 06:57:00+00:00,1.000133379734033,-0.0
2026-01-14 06:58:00+00:00,1.000133379734033,0.0
2026-01-14 06:59:00+00:00,1.000133379734033,-0.0
2026-01-14 07:00:00+00:00,1.000133379734033,-0.0
2026-01-14 07:01:00+00:00,1.000133379734033,-0.0
2026-01-14 07:02:00+00:00,1.000133379734033,-0.0
2026-01-14 07:03:00+00:00,1.000133379734033,-0.0
2026-01-14 07:04:00+00:00,1.000133379734033,0.0
2026-01-14 07:05:00+00:00,1.000133379734033,0.0
2026-01-14 07:06:00+00:00,1.000133379734033,0.0
2026-01-14 07:07:00+00:00,1.000133379734033,0.0
2026-01-14 07:08:00+00:00,1.000133379734033,0.0
2026-01-14 07:09:00+00:00,1.000133379734033,0.0
2026-01-14 07:10:00+00:00,1.000133379734033,-0.0
2026-01-14 07:11:00+00:00,1.000133379734033,0.0
2026-01-14 07:12:00+00:00,1.000133379734033,-0.0
2026-01-14 07:13:00+00:00,1.000133379734033,0.0
2026-01-14 07:14:00+00:00,1.000133379734033,-0.0
2026-01-14 07:15:00+00:00,1.000133379734033,0.0
2026-01-14 07:16:00+00:00,1.000133379734033,0.0
2026-01-14 07:17:00+00:00,1.000133379734033,-0.0
2026-01-14 07:18:00+00:00,1.000133379734033,-0.0
2026-01-14 07:19:00+00:00,1.000133379734033,0.0
2026-01-14 07:20:00+00:00,1.000133379734033,-0.0
2026-01-14 07:21:00+00:00,1.000133379734033,0.0
2026-01-14 07:22:00+00:00,1.000133379734033,-0.0
2026-01-14 07:23:00+00:00,1.000133379734033,0.0
2026-01-14 07:24:00+00:00,1.000133379734033,0.0
2026-01-14 07:25:00+00:00,1.000133379734033,-0.0
2026-01-14 07:26:00+00:00,1.000133379734033,-0.0
2026-01-14 07:27:00+00:00,1.000133379734033,-0.0
2026-01-14 07:28:00+00:00,1.000133379734033,-0.0
2026-01-14 07:29:00+00:00,1.000133379734033,0.0
2026-01-14 07:30:00+00:00,1.000133379734033,-0.0
2026-01-14 07:31:00+00:00,1.000133379734033,-0.0
2026-01-14 07:32:00+00:00,1.000133379734033,0.0
2026-01-14 07:33:00+00:00,1.000133379734033,0.0
2026-01-14 07:34:00+00:00,1.000133379734033,0.0
2026-01-14 07:35:00+00:00,1.000133379734033,-0.0
2026-01-14 07:36:00+00:00,1.000133379734033,0.0
2026-01-14 07:37:00+00:00,1.000133379734033,-0.0
2026-01-14 07:38:00+00:00,1.000133379734033,-0.0
2026-01-14 07:39:00+00:00,1.000133379734033,-0.0
2026-01-14 07:40:00+00:00,1.000133379734033,-0.0
2026-01-14 07:41:00+00:00,1.000133379734033,0.0
2026-01-14 07:42:00+00:00,1.000133379734033,0.0
2026-01-14 07:43:00+00:00,1.000133379734033,0.0
2026-01-14 07:44:00+00:00,1.000133379734033,-0.0
2026-01-14 07:45:00+00:00,1.000133379734033,0.0
2026-01-14 07:46:00+00:00,1.000133379734033,0.0
2026-01-14 07:47:00+00:00,1.000133379734033,0.0
2026-01-14 07:48:00+00:00,1.000133379734033,0.0
2026-01-14 07:49:00+00:00,1.000133379734033,0.0
2026-01-14 07:50:00+00:00,1.000133379734033,-0.0
2026-01-14 07:51:00+00:00,1.000133379734033,-0.0
2026-01-14 07:52:00+00:00,1.000133379734033,0.0
2026-01-14 07:53:00+00:00,1.000133379734033,0.0
2026-01-14 07:54:00+00:00,1.000133379734033,0.0
2026-01-14 07:55:00+00:00,1.000133379734033,-0.0
2026-01-14 07:56:00+00:00,1.000133379734033,-0.0
2026-01-14 07:57:00+00:00,1.000133379734033,0.0
2026-01-14 07:58:00+00:00,1.000133379734033,-0.0
2026-01-14 07:59:00+00:00,1.000133379734033,-0.0
2026-01-14 08:00:00+00:00,1.000133379734033,0.0
2026-01-14 08:01:00+00:00,1.000133379734033,-0.0
2026-01-14 08:02:00+00:00,1.000133379734033,0.0
2026-01-14 08:03:00+00:00,1.000133379734033,0.0
2026-01-14 08:04:00+00:00,1.000133379734033,-0.0
2026-01-14 08:05:00+00:00,1.000133379734033,-0.0
2026-01-14 08:06:00+00:00,1.000133379734033,0.0
2026-01-14 08:07:00+00:00,1.000133379734033,0.0
2026-01-14 08:08:00+00:00,1.000133379734033,-0.0
2026-01-14 08:09:00+00:00,1.000133379734033,-0.0
2026-01-14 08:10:00+00:00,1.000133379734033,0.0
2026-01-14 08:11:00+00:00,1.000133379734033,-0.0
2026-01-14 08:12:00+00:00,1.000133379734033,0.0
2026-01-14 08:13:00+00:00,1.000133379734033,0.0
2026-01-14 08:14:00+00:00,1.000133379734033,0.0
2026-01-14 08:15:00+00:00,1.000133379734033,-0.0
2026-01-14 08:16:00+00:00,1.000133379734033,0.0
2026-01-14 08:17:00+00:00,1.000133379734033,-0.0
2026-01-14 08:18:00+00:00,1.000133379734033,-0.0
2026-01-14 08:19:00+00:00,1.000133379734033,-0.0
2026-01-14 08:20:00+00:00,1.000133379734033,0.0
2026-01-14 08:21:00+00:00,1.000133379734033,0.0
2026-01-14 08:22:00+00:00,1.000133379734033,-0.0
2026-01-14 08:23:00+00:00,1.000133379734033,0.0
2026-01-14 08:24:00+00:00,1.000133379734033,-0.0
2026-01-14 08:25:00+00:00,1.000133379734033,-0.0
2026-01-14 08:26:00+00:00,1.000133379734033,-0.0
2026-01-14 08:27:00+00:00,1.000133379734033,-0.0
2026-01-14 08:28:00+00:00,1.000133379734033,-0.0
2026-01-14 08:29:00+00:00,1.000133379734033,0.0
2026-01-14 08:30:00+00:00,1.000133379734033,-0.0
2026-01-14 08:31:00+00:00,1.000133379734033,0.0
2026-01-14 08:32:00+00:00,1.000133379734033,0.0
2026-01-14 08:33:00+00:00,1.000133379734033,-0.0
2026-01-14 08:34:00+00:00,1.000133379734033,0.0
2026-01-14 08:35:00+00:00,1.000133379734033,0.0
2026-01-14 08:36:00+00:00,1.000133379734033,-0.0
2026-01-14 08:37:00+00:00,1.000133379734033,-0.0
2026-01-14 08:38:00+00:00,1.000133379734033,0.0
2026-01-14 08:39:00+00:00,1.000133379734033,0.0
2026-01-14 08:40:00+00:00,1.000133379734033,-0.0
2026-01-14 08:41:00+00:00,1.000133379734033,0.0
2026-01-14 08:42:00+00:00,1.000133379734033,-0.0
2026-01-14 08:43:00+00:00,1.000133379734033,-0.0
2026-01-14 08:44:00+00:00,1.000133379734033,0.0
2026-01-14 08:45:00+00:00,1.000133379734033,0.0
2026-01-14 08:46:00+00:00,1.000133379734033,0.0
2026-01-14 08:47:00+00:00,1.000133379734033,-0.0
2026-01-14 08:48:00+00:00,1.000133379734033,-0.0
2026-01-14 08:49:00+00:00,1.000133379734033,-0.0
2026-01-14 08:50:00+00:00,1.000133379734033,-0.0
2026-01-14 08:51:00+00:00,1.000133379734033,0.0
2026-01-14 08:52:00+00:00,1.000133379734033,-0.0
2026-01-14 08:53:00+00:00,1.000133379734033,0.0
2026-01-14 08:54:00+00:00,1.000133379734033,-0.0
2026-01-14 08:55:00+00:00,1.000133379734033,0.0
2026-01-14 08:56:00+00:00,1.000133379734033,-0.0
2026-01-14 08:57:00+00:00,1.000133379734033,0.0
2026-01-14 08:58:00+00:00,1.000133379734033,-0.0
2026-01-14 08:59:00+00:00,1.000133379734033,0.0
2026-01-14 09:00:00+00:00,1.000133379734033,0.0
2026-01-14 09:01:00+00:00,1.000133379734033,0.0
2026-01-14 09:02:00+00:00,1.000133379734033,-0.0
2026-01-14 09:03:00+00:00,1.000133379734033,-0.0
2026-01-14 09:04:00+00:00,1.000133379734033,-0.0
2026-01-14 09:05:00+00:00,1.000133379734033,0.0
2026-01-14 09:06:00+00:00,1.000133379734033,0.0
2026-01-14 09:07:00+00:00,1.000133379734033,-0.0
2026-01-14 09:08:00+00:00,1.000133379734033,0.0
2026-01-14 09:09:00+00:00,1.000133379734033,0.0
2026-01-14 09:10:00+00:00,1.000133379734033,0.0
2026-01-14 09:11:00+00:00,1.000133379734033,-0.0
2026-01-14 09:12:00+00:00,1.000133379734033,-0.0
2026-01-14 09:13:00+00:00,1.000133379734033,0.0
2026-01-14 09:14:00+00:00,1.000133379734033,0.0
2026-01-14 09:15:00+00:00,1.000133379734033,0.0
2026-01-14 09:16:00+00:00,1.000133379734033,0.0
2026-01-14 09:17:00+00:00,1.000133379734033,-0.0
2026-01-14 09:18:00+00:00,1.000133379734033,0.0
2026-01-14 09:19:00+00:00,1.000133379734033,0.0
2026-01-14 09:20:00+00:00,1.000133379734033,-0.0
2026-01-14 09:21:00+00:00,1.000133379734033,-0.0
2026-01-14 09:22:00+00:00,1.000133379734033,0.0
2026-01-14 09:23:00+00:00,1.000133379734033,-0.0
2026-01-14 09:24:00+00:00,1.000133379734033,0.0
2026-01-14 09:25:00+00:00,1.000133379734033,-0.0
2026-01-14 09:26:00+00:00,1.000133379734033,-0.0
2026-01-14 09:27:00+00:00,1.000133379734033,-0.0
2026-01-14 09:28:00+00:00,1.000133379734033,-0.0
2026-01-14 09:29:00+00:00,1.000133379734033,0.0
2026-01-14 09:30:00+00:00,1.000133379734033,-0.0
2026-01-14 09:31:00+00:00,1.000133379734033,-0.0
2026-01-14 09:32:00+00:00,1.000133379734033,0.0
2026-01-14 09:33:00+00:00,1.000133379734033,0.0
2026-01-14 09:34:00+00:00,1.000133379734033,0.0
2026-01-14 09:35:00+00:00,1.000133379734033,-0.0
2026-01-14 09:36:00+00:00,1.000133379734033,-0.0
2026-01-14 09:37:00+00:00,1.000133379734033,-0.0
2026-01-14 09:38:00+00:00,1.000133379734033,-0.0
2026-01-14 09:39:00+00:00,1.000133379734033,0.0
2026-01-14 09:40:00+00:00,1.000133379734033,-0.0
2026-01-14 09:41:00+00:00,1.000133379734033,0.0
2026-01-14 09:42:00+00:00,1.000133379734033,-0.0
2026-01-14 09:43:00+00:00,1.000133379734033,0.0
2026-01-14 09:44:00+00:00,1.000133379734033,-0.0
2026-01-14 09:45:00+00:00,1.000133379734033,0.0
2026-01-14 09:46:00+00:00,1.000133379734033,0.0
2026-01-14 09:47:00+00:00,1.000133379734033,-0.0
2026-01-14 09:48:00+00:00,1.000133379734033,0.0
2026-01-14 09:49:00+00:00,1.000133379734033,0.0
2026-01-14 09:50:00+00:00,1.000133379734033,-0.0
2026-01-14 09:51:00+00:00,1.000133379734033,-0.0
2026-01-14 09:52:00+00:00,1.000133379734033,-0.0
2026-01-14 09:53:00+00:00,1.000133379734033,0.0
2026-01-14 09:54:00+00:00,1.000133379734033,-0.0
2026-01-14 09:55:00+00:00,1.000133379734033,0.0
2026-01-14 09:56:00+00:00,1.000133379734033,-0.0
2026-01-14 09:57:00+00:00,1.000133379734033,0.0
2026-01-14 09:58:00+00:00,1.000133379734033,0.0
2026-01-14 09:59:00+00:00,1.000133379734033,-0.0
2026-01-14 10:00:00+00:00,1.000133379734033,0.0
2026-01-14 10:01:00+00:00,1.000133379734033,0.0
2026-01-14 10:02:00+00:00,1.000133379734033,-0.0
2026-01-14 10:03:00+00:00,1.000133379734033,0.0
2026-01-14 10:04:00+00:00,1.000133379734033,-0.0
2026-01-14 10:05:00+00:00,1.000133379734033,-0.0
2026-01-14 10:06:00+00:00,1.000133379734033,0.0
2026-01-14 10:07:00+00:00,1.000133379734033,0.0
2026-01-14 10:08:00+00:00,1.000133379734033,0.0
2026-01-14 10:09:00+00:00,1.000133379734033,-0.0
2026-01-14 10:10:00+00:00,1.000133379734033,0.0
2026-01-14 10:11:00+00:00,1.000133379734033,0.0
2026-01-14 10:12:00+00:00,1.000133379734033,-0.0
2026-01-14 10:13:00+00:00,1.000133379734033,-0.0
2026-01-14 10:14:00+00:00,1.000133379734033,0.0
2026-01-14 10:15:00+00:00,1.000133379734033,0.0
2026-01-14 10:16:00+00:00,1.0001233627622201,-1.001563593001988e-05
2026-01-14 10:17:00+00:00,1.0001028963866143,-2.0463851128552257e-05
2026-01-14 10:18:00+00:00,1.000124813584659,2.1914943076183045e-05
2026-01-14 10:19:00+00:00,1.0001478132951371,2.2996840160231616e-05
2026-01-14 10:20:00+00:00,1.0001312308733377,-1.6579971059441433e-05
2026-01-14 10:21:00+00:00,1.0001308418885588,-3.889337387604547e-07
2026-01-14 10:22:00+00:00,1.0001110625281309,-1.9776772797652993e-05
2026-01-14 10:23:00+00:00,1.0001486660146153,3.759931060990593e-05
2026-01-14 10:24:00+00:00,1.0001579097440763,9.242355436793332e-06
2026-01-14 10:25:00+00:00,1.0001720531548681,1.4141177762159351e-05
2026-01-14 10:26:00+00:00,1.0001632737023716,-8.777942223954782e-06
2026-01-14 10:27:00+00:00,1.0001508139760302,-1.2457692327707046e-05
2026-01-14 10:28:00+00:00,1.0001473222619182,-3.4911875920784272e-06
2026-01-14 10:29:00+00:00,1.0001218834197498,-2.5435095012502728e-05
2026-01-14 10:30:00+00:00,1.0001026673976698,-1.921368025090185e-05
2026-01-14 10:31:00+00:00,1.0000908084318845,-1.1857748381176168e-05
2026-01-14 10:32:00+00:00,1.0000719382932308,-1.8868425241582042e-05
2026-01-14 10:33:00+00:00,1.000098012647852,2.6072479011478453e-05
2026-01-14 10:34:00+00:00,1.0000996217568783,1.6089513286521362e-06
2026-01-14 10:35:00+00:00,1.0001065686142772,6.9461654096858314e-06
2026-01-14 10:36:00+00:00,1.0001074782915675,9.095803575897752e-07
2026-01-14 10:37:00+00:00,1.0000956669873642,-1.1810034880991352e-05
2026-01-14 10:38:00+00:00,1.0000890648032192,-6.601552594368943e-06
2026-01-14 10:39:00+00:00,1.0000629369070795,-2.6125569271045642e-05
2026-01-14 10:40:00+00:00,1.0000388702473313,-2.4065145162254166e-05
2026-01-14 10:41:00+00:00,1.000049214067676,1.0343418293409529e-05
2026-01-14 10:42:00+00:00,1.0000788289738922,2.961344881800247e-05
2026-01-14 10:43:00+00:00,1.000082459215719,3.629955680971885e-06
2026-01-14 10:44:00+00:00,1.000064752801909,-1.7704953873162195e-05
2026-01-14 10:45:00+00:00,1.0000638382419913,-9.145007014343403e-07
2026-01-14 10:46:00+00:00,1.0000675693137373,3.730833575979468e-06
2026-01-14 10:47:00+00:00,1.0000672608729908,-3.084199067345536e-07
2026-01-14 10:48:00+00:00,1.000066733456778,-5.273807406422123e-07
2026-01-14 10:49:00+00:00,1.0000752259213466,8.491897874689362e-06
2026-01-14 10:50:00+00:00,1.0000737938306186,-1.4319830057842628e-06
2026-01-14 10:51:00+00:00,1.0000755133242367,1.719366739536694e-06
2026-01-14 10:52:00+00:00,1.0000627115360317,-1.2800821572560222e-05
2026-01-14 10:53:00+00:00,1.0000570223094738,-5.688869800010084e-06
2026-01-14 10:54:00+00:00,1.0000773943951209,2.0370924050125035e-05
2026-01-14 10:55:00+00:00,1.0000727021954738,-4.691836525210948e-06
2026-01-14 10:56:00+00:00,1.0000730790579375,3.76835066992733e-07
2026-01-14 10:57:00+00:00,1.0000840549981806,1.0975138190297492e-05
2026-01-14 10:58:00+00:00,1.0000794804793325,-4.574134369401596e-06
2026-01-14 10:59:00+00:00,1.0000924596110043,1.2978100166387261e-05
2026-01-14 11:00:00+00:00,1.000075073990508,-1.7384013177139713e-05
2026-01-14 11:01:00+00:00,1.0000883808240686,1.3305834638514627e-05
2026-01-14 11:02:00+00:00,1.000103025767213,1.4643648926633322e-05
2026-01-14 11:03:00+00:00,1.0001028784800674,-1.4727197282535706e-07
2026-01-14 11:04:00+00:00,1.0000994112143398,-3.4669090572810632e-06
2026-01-14 11:05:00+00:00,1.0000913812633,-8.02915285183212e-06
2026-01-14 11:06:00+00:00,1.0000855462985117,-5.834431630855881e-06
2026-01-14 11:07:00+00:00,1.0000993588608353,1.3811380811235712e-05
2026-01-14 11:08:00+00:00,1.000103546706207,4.1874293132244915e-06
2026-01-14 11:09:00+00:00,1.0000947543065575,-8.791489319614356e-06
2026-01-14 11:10:00+00:00,1.0000640673221586,-3.068407695045251e-05
2026-01-14 11:11:00+00:00,1.0000882006306926,2.4131762476459e-05
2026-01-14 11:12:00+00:00,1.0000773644648622,-1.083521015801553e-05
2026-01-14 11:13:00+00:00,1.000071658379718,-5.705643730131623e-06
2026-01-14 11:14:00+00:00,1.0000854696743997,1.3810305057582029e-05
2026-01-14 11:15:00+00:00,1.0001034574943302,1.7986282648838688e-05
2026-01-14 11:16:00+00:00,1.0001058275124608,2.3697729598918296e-06
2026-01-14 11:17:00+00:00,1.0001096125491609,3.784636181393601e-06
2026-01-14 11:18:00+00:00,1.0000736449549472,-3.596365214601088e-05
2026-01-14 11:19:00+00:00,1.0000952922436066,2.1645694563287083e-05
2026-01-14 11:20:00+00:00,1.0000866940910844,-8.59733326299927e-06
2026-01-14 11:21:00+00:00,1.0000501446031471,-3.6546319587223464e-05
2026-01-14 11:22:00+00:00,1.0000667412977775,1.659586243740595e-05
2026-01-14 11:23:00+00:00,1.0000682108242722,1.4694284232586194e-06
2026-01-14 11:24:00+00:00,1.0000593955444663,-8.814678549314345e-06
2026-01-14 11:25:00+00:00,1.0000754850870819,1.608858702498206e-05
2026-01-14 11:26:00+00:00,1.0000748939808282,-5.910616374138004e-07
2026-01-14 11:27:00+00:00,1.0000690236674934,-5.869873716663187e-06
2026-01-14 11:28:00+00:00,1.0000651076837603,-3.915713456094188e-06
2026-01-14 11:29:00+00:00,1.0000598074494276,-5.299889269368099e-06
2026-01-14 11:30:00+00:00,1.0000752639021266,1.5455528343300015e-05
2026-01-14 11:31:00+00:00,1.0000731109062508,-2.152833845197214e-06
2026-01-14 11:32:00+00:00,1.0000646447601569,-8.465527171513165e-06
2026-01-14 11:33:00+00:00,1.0000484731687425,-1.617054607327069e-05
2026-01-14 11:34:00+00:00,1.000042242278161,-6.230588565144326e-06
2026-01-14 11:35:00+00:00,1.0000516220371851,9.379362818522668e-06
2026-01-14 11:36:00+00:00,1.0000503666860323,-1.2552863523955001e-06
2026-01-14 11:37:00+00:00,1.0000563575085304,5.990520775475586e-06
2026-01-14 11:38:00+00:00,1.0000637946917157,7.436764067954725e-06
2026-01-14 11:39:00+00:00,1.000047722705588,-1.6070960885893138e-05
2026-01-14 11:40:00+00:00,1.0000494352135205,1.7124262109632102e-06
2026-01-14 11:41:00+00:00,1.0000401310375728,-9.303716016611875e-06
2026-01-14 11:42:00+00:00,1.000053425551021,1.3293979946913949e-05
2026-01-14 11:43:00+00:00,1.0000501597624059,-3.2656141477357645e-06
2026-01-14 11:44:00+00:00,1.0000663911142245,1.6230537698814055e-05
2026-01-14 11:45:00+00:00,1.000062141982421,-4.2488497175811626e-06
2026-01-14 11:46:00+00:00,1.000086001171227,2.38577062408277e-05
2026-01-14 11:47:00+00:00,1.00006137168578,-2.462736746451865e-05
2026-01-14 11:48:00+00:00,1.000091750337936,3.037678788130426e-05
2026-01-14 11:49:00+00:00,1.0000899954310454,-1.7547458922547896e-06
2026-01-14 11:50:00+00:00,1.0001190909256445,2.909287637324327e-05
2026-01-14 11:51:00+00:00,1.0001252626723733,6.171011817414005e-06
2026-01-14 11:52:00+00:00,1.0001154018380511,-9.85959928247453e-06
2026-01-14 11:53:00+00:00,1.0001142860883268,-1.1156209796300063e-06
2026-01-14 11:54:00+00:00,1.0001252180083935,1.0930670843089848e-05
2026-01-14 11:55:00+00:00,1.0001327907187647,7.571762250333932e-06
2026-01-14 11:56:00+00:00,1.000117525075795,-1.5263616103228537e-05
2026-01-14 11:57:00+00:00,1.0001179237577558,3.98635111244532e-07
2026-01-14 11:58:00+00:00,1.0001316066100367,1.3681238937999525e-05
2026-01-14 11:59:00+00:00,1.0001184580393727,-1.3146840452933716e-05
2026-01-14 12:00:00+00:00,1.0001173366517124,-1.1212548385868935e-06
2026-01-14 12:01:00+00:00,1.0001403844189112,2.3045063168163023e-05
2026-01-14 12:02:00+00:00,1.000127563235265,-1.2819384004261253e-05
2026-01-14 12:03:00+00:00,1.0001316437612995,4.0800055755184345e-06
2026-01-14 12:04:00+00:00,1.0001006789626625,-3.096072285087562e-05
2026-01-14 12:05:00+00:00,1.000111279606142,1.0599576325007913e-05
2026-01-14 12:06:00+00:00,1.0000967208574871,-1.4557128743291362e-05
2026-01-14 12:07:00+00:00,1.0000821783535245,-1.4541097535079135e-05
2026-01-14 12:08:00+00:00,1.0000824519334428,2.735574377785877e-07
2026-01-14 12:09:00+00:00,1.000080196448563,-2.2552989260102143e-06
2026-01-14 12:10:00+00:00,1.0000839295235167,3.732775598240753e-06
2026-01-14 12:11:00+00:00,1.0000659608280635,-1.7967187475640968e-05
2026-01-14 12:12:00+00:00,1.0000690110682524,3.0500390058217206e-06
2026-01-14 12:13:00+00:00,1.0000524326843685,-1.6577239870757643e-05
2026-01-14 12:14:00+00:00,1.0000533958648334,9.631299656129712e-07
2026-01-14 12:15:00+00:00,1.0000573926486858,3.9965704518971015e-06
2026-01-14 12:16:00+00:00,1.0000563182852764,-1.0743017522868806e-06
2026-01-14 12:17:00+00:00,1.0000636525253677,7.333827062664575e-06
2026-01-14 12:18:00+00:00,1.0000576410424218,-6.011100324064799e-06
2026-01-14 12:19:00+00:00,1.0000543377031,-3.303148924848612e-06
2026-01-14 12:20:00+00:00,1.0000490801431898,-5.257274241908823e-06
2026-01-14 12:21:00+00:00,1.0000341195189675,-1.495988998873146e-05
2026-01-14 12:22:00+00:00,1.000040365547025,6.245814953237708e-06
2026-01-14 12:23:00+00:00,1.0000326994441007,-7.665793490278246e-06
2026-01-14 12:24:00+00:00,1.0000064113430274,-2.6287241495166493e-05
2026-01-14 12:25:00+00:00,1.0000183282802142,1.1916860783677715e-05
2026-01-14 12:26:00+00:00,1.0000246574653922,6.329069177079013e-06
2026-01-14 12:27:00+00:00,1.0000190726568094,-5.584670878892839e-06
2026-01-14 12:28:00+00:00,1.0000250796043537,6.006832977995586e-06
2026-01-14 12:29:00+00:00,1.0000279355543777,2.855878399716486e-06
2026-01-14 12:30:00+00:00,0.99999519386059,-3.2740779155914926e-05
2026-01-14 12:31:00+00:00,1.0000111848089128,1.5991025177945974e-05
2026-01-14 12:32:00+00:00,1.000021206524886,1.0021603883395312e-05
2026-01-14 12:33:00+00:00,1.000003480149493,-1.7725999486040255e-05
2026-01-14 12:34:00+00:00,0.999996985511883,-6.494615007767957e-06
2026-01-14 12:35:00+00:00,0.9999968927934508,-9.271871172671771e-08
2026-01-14 12:36:00+00:00,0.9999987174944855,1.8247067045047792e-06
2026-01-14 12:37:00+00:00,0.9999990032695604,2.8577544128366476e-07
2026-01-14 12:38:00+00:00,1.0000109928760488,1.1989618438702348e-05
2026-01-14 12:39:00+00:00,0.9999963952904584,-1.459742512281791e-05
2026-01-14 12:40:00+00:00,1.000007952170308,1.155692150913632e-05
2026-01-14 12:41:00+00:00,1.0000205360253038,1.2583754927605066e-05
2026-01-14 12:42:00+00:00,1.0000471026745024,2.656610363622744e-05
2026-01-14 12:43:00+00:00,1.0000494979457033,2.3951583824822743e-06
2026-01-14 12:44:00+00:00,1.0000447204263785,-4.77728285915665e-06
2026-01-14 12:45:00+00:00,1.0000378040565656,-6.9160605236405125e-06
2026-01-14 12:46:00+00:00,1.0000333514171802,-4.452471063966936e-06
2026-01-14 12:47:00+00:00,1.0000338930775197,5.416422750254395e-07
2026-01-14 12:48:00+00:00,1.0000521109367027,1.82172417446262e-05
2026-01-14 12:49:00+00:00,1.0000443053218917,-7.805208074156155e-06
2026-01-14 12:50:00+00:00,1.0000391915493743,-5.113545960217421e-06
2026-01-14 12:51:00+00:00,1.0000439677055837,4.775969031761251e-06
2026-01-14 12:52:00+00:00,1.000054529243544,1.056107361424429e-05
2026-01-14 12:53:00+00:00,1.0000536121552337,-9.170383050214907e-07
2026-01-14 12:54:00+00:00,1.0000344236538676,-1.918747268436366e-05
2026-01-14 12:55:00+00:00,1.000045681656749,1.1257615352939979e-05
2026-01-14 12:56:00+00:00,1.00004224097005,-3.4405295296771493e-06
2026-01-14 12:57:00+00:00,1.0000417196942453,-5.212537864990409e-07
2026-01-14 12:58:00+00:00,1.0000420534549512,3.337467823166073e-07
2026-01-14 12:59:00+00:00,1.0000415899595183,-4.6347594214677743e-07
2026-01-14 13:00:00+00:00,1.0000348189788166,-6.77069910849016e-06
2026-01-14 13:01:00+00:00,1.0000545788008122,1.975913400275946e-05
2026-01-14 13:02:00+00:00,1.0000553144541524,7.356131913463908e-07
2026-01-14 13:03:00+00:00,1.0000696515130145,1.433626585934408e-05
2026-01-14 13:04:00+00:00,1.000087187912834,1.7535178467791493e-05
2026-01-14 13:05:00+00:00,1.0000945820566598,7.393499202300476e-06
2026-01-14 13:06:00+00:00,1.0000634985406078,-3.108057638720122e-05
2026-01-14 13:07:00+00:00,1.0000504579972787,-1.3039715326324807e-05
2026-01-14 13:08:00+00:00,1.0000593221313707,8.863686848352592e-06
2026-01-14 13:09:00+00:00,1.0000585417949612,-7.802901210149772e-07
2026-01-14 13:10:00+00:00,1.0000575500114068,-9.91725497093612e-07
2026-01-14 13:11:00+00:00,1.0000815275161916,2.3976124958565792e-05
2026-01-14 13:12:00+00:00,1.0000585480114939,-2.2977631388623005e-05
2026-01-14 13:13:00+00:00,1.000078413752146,1.986457762063654e-05
2026-01-14 13:14:00+00:00,1.000079183212475,7.693999974506997e-07
2026-01-14 13:15:00+00:00,1.0000946934010373,1.550896051317563e-05
2026-01-14 13:16:00+00:00,1.0000910226781998,-3.6703752771760334e-06
2026-01-14 13:17:00+00:00,1.0000641624361861,-2.6857797344980247e-05
2026-01-14 13:18:00+00:00,1.000081316518935,1.715298217164631e-05
2026-01-14 13:19:00+00:00,1.0000723320651994,-8.983723210445015e-06
2026-01-14 13:20:00+00:00,1.0000635602110113,-8.771219747650567e-06
2026-01-14 13:21:00+00:00,1.0000131365085028,-5.042049777101656e-05
2026-01-14 13:22:00+00:00,1.0000153467777817,2.2102402441486974e-06
2026-01-14 13:23:00+00:00,1.0000075816505505,-7.765008063410716e-06
2026-01-14 13:24:00+00:00,1.0000052523031129,-2.329329777527273e-06
2026-01-14 13:25:00+00:00,1.000023727914628,1.8475514475992653e-05
2026-01-14 13:26:00+00:00,1.0000125055327698,-1.1222115580868778e-05
2026-01-14 13:27:00+00:00,1.0000007973583416,-1.1708028013040305e-05
2026-01-14 13:28:00+00:00,1.0000134302096182,1.2632841203871677e-05
2026-01-14 13:29:00+00:00,1.0000244224054924,1.0992048248790836e-05
2026-01-14 13:30:00+00:00,1.0000493331953593,2.4910181500359024e-05
2026-01-14 13:31:00+00:00,1.0000388233149464,-1.0509361952483368e-05
2026-01-14 13:32:00+00:00,1.0000453727861718,6.5492169628624e-06
2026-01-14 13:33:00+00:00,1.0000698197665017,2.4445871152720545e-05
2026-01-14 13:34:00+00:00,1.0000683042844356,-1.5153762628935613e-06
2026-01-14 13:35:00+00:00,1.0000644035794366,-3.900438582334226e-06
2026-01-14 13:36:00+00:00,1.0000457049661071,-1.8697409149533577e-05
2026-01-14 13:37:00+00:00,1.0000515372307723,5.8319981139676086e-06
2026-01-14 13:38:00+00:00,1.0000639527938946,1.2414923291502248e-05
2026-01-14 13:39:00+00:00,1.0000624549498491,-1.4977482601949535e-06
2026-01-14 13:40:00+00:00,1.0000491566460463,-1.3297473309674047e-05
2026-01-14 13:41:00+00:00,1.0000751765167197,2.60185916867089e-05
2026-01-14 13:42:00+00:00,1.000069367896708,-5.808183372747062e-06
2026-01-14 13:43:00+00:00,1.000042155884412,-2.721012478712143e-05
2026-01-14 13:44:00+00:00,1.0000807483888012,3.85908775565618e-05
2026-01-14 13:45:00+00:00,1.0000701058494235,-1.0641680079246517e-05
2026-01-14 13:46:00+00:00,1.000089099483459,1.8992302563920462e-05
2026-01-14 13:47:00+00:00,1.0000935907142474,4.490830657747403e-06
2026-01-14 13:48:00+00:00,1.0001116016594878,1.80092597408922e-05
2026-01-14 13:49:00+00:00,1.0001029574458655,-8.643249021393004e-06
2026-01-14 13:50:00+00:00,1.0001379439989382,3.498295131741128e-05
2026-01-14 13:51:00+00:00,1.0001353632330425,-2.5804099435172517e-06
2026-01-14 13:52:00+00:00,1.0001353632330425,-0.0
2026-01-14 13:53:00+00:00,1.0001353632330425,0.0
2026-01-14 13:54:00+00:00,1.0001353632330425,-0.0
2026-01-14 13:55:00+00:00,1.0001353632330425,0.0
2026-01-14 13:56:00+00:00,1.0001353632330425,0.0
2026-01-14 13:57:00+00:00,1.0001353632330425,0.0
2026-01-14 13:58:00+00:00,1.0001353632330425,0.0
2026-01-14 13:59:00+00:00,1.0001353632330425,-0.0
2026-01-14 14:00:00+00:00,1.0001353632330425,0.0
2026-01-14 14:01:00+00:00,1.0001353632330425,-0.0
2026-01-14 14:02:00+00:00,1.0001257183980095,-9.643529653752295e-06
2026-01-14 14:03:00+00:00,1.0001158895012443,-9.827661247340906e-06
2026-01-14 14:04:00+00:00,1.000070804176787,-4.508010014696992e-05
2026-01-14 14:05:00+00:00,1.0000617839183614,-9.019619798726119e-06
2026-01-14 14:06:00+00:00,1.0000773627702817,1.55778894573681e-05
2026-01-14 14:07:00+00:00,1.0000567259303539,-2.0635243528125225e-05
2026-01-14 14:08:00+00:00,1.0000245105339076,-3.2213569101637314e-05
2026-01-14 14:09:00+00:00,1.0000732466203353,4.87348919094363e-05
2026-01-14 14:10:00+00:00,1.000012598709104,-6.0643469302074167e-05
2026-01-14 14:11:00+00:00,0.9999633988851051,-4.9199204152330804e-05
2026-01-14 14:12:00+00:00,0.9999633424489973,-5.643817343175692e-08
2026-01-14 14:13:00+00:00,0.9999885224212558,2.518089532833563e-05
2026-01-14 14:14:00+00:00,0.999965643629342,-2.2879054509981075e-05
2026-01-14 14:15:00+00:00,0.9999630357752209,-2.6079437205553735e-06
2026-01-14 14:16:00+00:00,0.9999137272169695,-4.93103809714061e-05
2026-01-14 14:17:00+00:00,0.9999106742030772,-3.053277307015744e-06
2026-01-14 14:18:00+00:00,0.9999215957162351,1.0922488817796288e-05
2026-01-14 14:19:00+00:00,0.9999007883529324,-2.0808994817080765e-05
2026-01-14 14:20:00+00:00,0.9999006045175785,-1.8385359437496283e-07
2026-01-14 14:21:00+00:00,0.9998678909047849,-3.271686470209602e-05
2026-01-14 14:22:00+00:00,0.9998831389727041,1.5250082593947304e-05
2026-01-14 14:23:00+00:00,0.9998733134318133,-9.826689247711287e-06
2026-01-14 14:24:00+00:00,0.9998537265911377,-1.958932237966456e-05
2026-01-14 14:25:00+00:00,0.999876234624117,2.2511325787697836e-05
2026-01-14 14:26:00+00:00,0.9999306515773282,5.4423688979441415e-05
2026-01-14 14:27:00+00:00,0.9999037031600282,-2.6950286259869004e-05
2026-01-14 14:28:00+00:00,0.9999075942148553,3.891429559553431e-06
2026-01-14 14:29:00+00:00,0.9999182145513947,1.0621318010608295e-05
2026-01-14 14:30:00+00:00,0.9998966580976462,-2.1558216896967935e-05
2026-01-14 14:31:00+00:00,0.9999640400744009,6.738894085600923e-05
2026-01-14 14:32:00+00:00,0.9999928711877756,2.8832150176768456e-05
2026-01-14 14:33:00+00:00,0.999948081991341,-4.4789515730570785e-05
2026-01-14 14:34:00+00:00,0.9999620606461244,1.3979380564809683e-05
2026-01-14 14:35:00+00:00,0.9999986176534816,3.655839435904728e-05
2026-01-14 14:36:00+00:00,0.999984420571793,-1.4197101313937462e-05
2026-01-14 14:37:00+00:00,0.9999144850423023,-6.993661906330915e-05
2026-01-14 14:38:00+00:00,0.9998480858252784,-6.640489563564286e-05
2026-01-14 14:39:00+00:00,0.9998317982543623,-1.6290045604917827e-05
2026-01-14 14:40:00+00:00,0.9998279460966615,-3.852805749386062e-06
2026-01-14 14:41:00+00:00,0.9998387090734232,1.0764828892441915e-05
2026-01-14 14:42:00+00:00,0.9997788843871679,-5.9834336990951945e-05
2026-01-14 14:43:00+00:00,0.9997858565425133,6.973697338731111e-06
2026-01-14 14:44:00+00:00,0.9998219400958055,3.6091282004145185e-05
2026-01-14 14:45:00+00:00,0.9997871940368256,-3.4752246961645594e-05
2026-01-14 14:46:00+00:00,0.9996360919815592,-0.00015113421752907912
2026-01-14 14:47:00+00:00,0.9996267635341123,-9.331843379624143e-06
2026-01-14 14:48:00+00:00,0.9995183746016612,-0.00010842940225808347
2026-01-14 14:49:00+00:00,0.9995260209592787,7.650042072091765e-06
2026-01-14 14:50:00+00:00,0.9995708341667385,4.483445805324823e-05
2026-01-14 14:51:00+00:00,0.999534468919716,-3.6380860444913576e-05
2026-01-14 14:52:00+00:00,0.9995650322321984,3.057754728097586e-05
2026-01-14 14:53:00+00:00,0.9995144668257459,-5.0587410345497445e-05
2026-01-14 14:54:00+00:00,0.9994851046568509,-2.9376432127260357e-05
2026-01-14 14:55:00+00:00,0.9995067356169166,2.1642103484029445e-05
2026-01-14 14:56:00+00:00,0.9995561549391448,4.944371104993849e-05
2026-01-14 14:57:00+00:00,0.9996171581959817,6.103034485400843e-05
2026-01-14 14:58:00+00:00,0.9995979183491039,-1.9247215516463024e-05
2026-01-14 14:59:00+00:00,0.9996225885092289,2.4680083533630744e-05
2026-01-14 15:00:00+00:00,0.9995941109230551,-2.8488337999935345e-05
2026-01-14 15:01:00+00:00,0.9996111090959137,1.7005075032724755e-05
2026-01-14 15:02:00+00:00,0.999657778434457,4.6687494885478966e-05
2026-01-14 15:03:00+00:00,0.9996679902449221,1.0215306363183953e-05
2026-01-14 15:04:00+00:00,0.9996176160426493,-5.0390932553973174e-05
2026-01-14 15:05:00+00:00,0.9996127217048736,-4.896210007923669e-06
2026-01-14 15:06:00+00:00,0.9995727682566073,-3.99689273642516e-05
2026-01-14 15:07:00+00:00,0.9996396280745368,6.688839477494155e-05
2026-01-14 15:08:00+00:00,0.9995981836966464,-4.145931866484391e-05
2026-01-14 15:09:00+00:00,0.9995720318655126,-2.6162343590111774e-05
2026-01-14 15:10:00+00:00,0.9995616319486942,-1.0404369557068958e-05
2026-01-14 15:11:00+00:00,0.9995291126043085,-3.253360607915209e-05
2026-01-14 15:12:00+00:00,0.9994893471281472,-3.978421004442596e-05
2026-01-14 15:13:00+00:00,0.9994666406907124,-2.2718038466336177e-05
2026-01-14 15:14:00+00:00,0.9994985930193655,3.1969379819487654e-05
2026-01-14 15:15:00+00:00,0.9994844339652492,-1.4166157126377062e-05
2026-01-14 15:16:00+00:00,0.9995107307703697,2.6310369853489334e-05
2026-01-14 15:17:00+00:00,0.999527602525268,1.6880013769681248e-05
2026-01-14 15:18:00+00:00,0.999523679557084,-3.924822260055898e-06
2026-01-14 15:19:00+00:00,0.9995043518640573,-1.933690358919142e-05
2026-01-14 15:20:00+00:00,0.9995082548293686,3.904900768083307e-06
2026-01-14 15:21:00+00:00,0.9995144428435452,6.191058599783893e-06
2026-01-14 15:22:00+00:00,0.9995233275891059,8.889061708312123e-06
2026-01-14 15:23:00+00:00,0.9995322578645562,8.934534296425631e-06
2026-01-14 15:24:00+00:00,0.9995323445741805,8.675020094863867e-08
2026-01-14 15:25:00+00:00,0.9995321026985154,-2.419888323948695e-07
2026-01-14 15:26:00+00:00,0.9995447488309905,1.2652052336299033e-05
2026-01-14 15:27:00+00:00,0.9995370554572949,-7.696877708190874e-06
2026-01-14 15:28:00+00:00,0.9995370730560911,1.760694733786141e-08
2026-01-14 15:29:00+00:00,0.9995738433918532,3.6787365624879174e-05
2026-01-14 15:30:00+00:00,0.9995685254245852,-5.32023452107152e-06
2026-01-14 15:31:00+00:00,0.9995627217886105,-5.806141176998349e-06
2026-01-14 15:32:00+00:00,0.9995890177814556,2.6307496540074642e-05
2026-01-14 15:33:00+00:00,0.9995764705192649,-1.255242101245043e-05
2026-01-14 15:34:00+00:00,0.9995677569797211,-8.717231548369291e-06
2026-01-14 15:35:00+00:00,0.9995763365891512,8.583319510143317e-06
2026-01-14 15:36:00+00:00,0.9996070109742522,3.068738622367062e-05
2026-01-14 15:37:00+00:00,0.999632690600291,2.568972181754713e-05
2026-01-14 15:38:00+00:00,0.9996424858306049,9.798829515988107e-06
2026-01-14 15:39:00+00:00,0.9996527029647663,1.022078823793469e-05
2026-01-14 15:40:00+00:00,0.9996713839500047,1.8687475343225494e-05
2026-01-14 15:41:00+00:00,0.9996884372839081,1.705893974479962e-05
2026-01-14 15:42:00+00:00,0.9996669597367861,-2.148424081040247e-05
2026-01-14 15:43:00+00:00,0.9996692528600364,2.2938872071317285e-06
2026-01-14 15:44:00+00:00,0.9996420315798068,-2.7230286569049556e-05
2026-01-14 15:45:00+00:00,0.9996564983694539,1.4471970155432036e-05
2026-01-14 15:46:00+00:00,0.9996315081632389,-2.499879334123224e-05
2026-01-14 15:47:00+00:00,0.9996184929160791,-1.3020044940032348e-05
2026-01-14 15:48:00+00:00,0.9995999675574803,-1.8532428851748846e-05
2026-01-14 15:49:00+00:00,0.9995877613432737,-1.2211099042365354e-05
2026-01-14 15:50:00+00:00,0.9995885859995519,8.24996373652413e-07
2026-01-14 15:51:00+00:00,0.999614173132885,2.5597664570607095e-05
2026-01-14 15:52:00+00:00,0.9996141713739481,-1.7596158238119826e-09
2026-01-14 15:53:00+00:00,0.9995931152977177,-2.1064203403246855e-05
2026-01-14 15:54:00+00:00,0.9995827052574672,-1.041427766077052e-05
2026-01-14 15:55:00+00:00,0.9995667845731846,-1.5927330673950314e-05
2026-01-14 15:56:00+00:00,0.999584417329104,1.7640398011976584e-05
2026-01-14 15:57:00+00:00,0.9995903277810394,5.912909238112934e-06
2026-01-14 15:58:00+00:00,0.9995997858438904,9.461939144533128e-06
2026-01-14 15:59:00+00:00,0.999597641485072,-2.1452173647279957e-06
2026-01-14 16:00:00+00:00,0.9996010079601334,3.3678301364893638e-06
2026-01-14 16:01:00+00:00,0.9995952147529292,-5.795519570312209e-06
2026-01-14 16:02:00+00:00,0.9995712396846878,-2.3984776925343422e-05
2026-01-14 16:03:00+00:00,0.9995582960380558,-1.2949198734470492e-05
2026-01-14 16:04:00+00:00,0.9995831656738993,2.488062571444435e-05
2026-01-14 16:05:00+00:00,0.9995759779281095,-7.190743138393701e-06
2026-01-14 16:06:00+00:00,0.9995522791221746,-2.3708859014324632e-05
2026-01-14 16:07:00+00:00,0.9995596903313413,7.41452880605774e-06
2026-01-14 16:08:00+00:00,0.999570876047288,1.1190643295166737e-05
2026-01-14 16:09:00+00:00,0.9995473348189279,-2.355133480198342e-05
2026-01-14 16:10:00+00:00,0.9995401448494177,-7.193225633028958e-06
2026-01-14 16:11:00+00:00,0.9995346205617361,-5.526829222426156e-06
2026-01-14 16:12:00+00:00,0.9995204795445068,-1.4147601231932841e-05
2026-01-14 16:13:00+00:00,0.9995347503515044,1.4277653424519163e-05
2026-01-14 16:14:00+00:00,0.9995677874560466,3.305248219785888e-05
2026-01-14 16:15:00+00:00,0.9995689584821029,1.1715324073244698e-06
2026-01-14 16:16:00+00:00,0.9995640379640853,-4.922639879694438e-06
2026-01-14 16:17:00+00:00,0.9995885703672273,2.4543103003048984e-05
2026-01-14 16:18:00+00:00,0.9996105543609264,2.1993042288340735e-05
2026-01-14 16:19:00+00:00,0.9996257498301157,1.5201389304053442e-05
2026-01-14 16:20:00+00:00,0.9996249750119681,-7.751082318846029e-07
2026-01-14 16:21:00+00:00,0.9996351043319771,1.0133120182303174e-05
2026-01-14 16:22:00+00:00,0.9996671460519424,3.205341611800436e-05
2026-01-14 16:23:00+00:00,0.9996663759107077,-7.70397664580427e-07
2026-01-14 16:24:00+00:00,0.9996351682924667,-3.121803332893485e-05
2026-01-14 16:25:00+00:00,0.9996276563604943,-7.514673563579134e-06
2026-01-14 16:26:00+00:00,0.9996519321465304,2.428482833735618e-05
2026-01-14 16:27:00+00:00,0.9996603864582794,8.457255447754961e-06
2026-01-14 16:28:00+00:00,0.9996915590629231,3.118319487891487e-05
2026-01-14 16:29:00+00:00,0.9996978004162986,6.243279058380141e-06
2026-01-14 16:30:00+00:00,0.9996957267700056,-2.0742731374696714e-06
2026-01-14 16:31:00+00:00,0.9997274395803295,3.172246262009275e-05
2026-01-14 16:32:00+00:00,0.9997805854265971,5.316033567107864e-05
2026-01-14 16:33:00+00:00,0.9997607525749203,-1.9837204248635552e-05
2026-01-14 16:34:00+00:00,0.999784963387552,2.4216606392386506e-05
2026-01-14 16:35:00+00:00,0.9997664417175985,-1.8525653647266264e-05
2026-01-14 16:36:00+00:00,0.9997639518637388,-2.4904355215297127e-06
2026-01-14 16:37:00+00:00,0.9997753610069873,1.1411836991372862e-05
2026-01-14 16:38:00+00:00,0.9997527075123588,-2.2658584630169843e-05
2026-01-14 16:39:00+00:00,0.9997796469032226,2.694605442056089e-05
2026-01-14 16:40:00+00:00,0.9997596039376776,-2.0047383047974368e-05
2026-01-14 16:41:00+00:00,0.9997476016050595,-1.2005218625447925e-05
2026-01-14 16:42:00+00:00,0.9997552549153514,7.655242462887343e-06
2026-01-14 16:43:00+00:00,0.9997431260561724,-1.213182838431605e-05
2026-01-14 16:44:00+00:00,0.9997237015793387,-1.9429467757788527e-05
2026-01-14 16:45:00+00:00,0.9997365750589796,1.2877037546077516e-05
2026-01-14 16:46:00+00:00,0.9996989367137,-3.764826277098979e-05
2026-01-14 16:47:00+00:00,0.999724455739767,2.5526711222610854e-05
2026-01-14 16:48:00+00:00,0.9997281467598591,3.692037411721579e-06
2026-01-14 16:49:00+00:00,0.9997246269696884,-3.5207472972879293e-06
2026-01-14 16:50:00+00:00,0.9997302341829087,5.608757720823216e-06
2026-01-14 16:51:00+00:00,0.9997157002555389,-1.453784918460393e-05
2026-01-14 16:52:00+00:00,0.999720903320451,5.204544562953002e-06
2026-01-14 16:53:00+00:00,0.9996985267671588,-2.238280025760551e-05
2026-01-14 16:54:00+00:00,0.9996895681254147,-8.961343349311735e-06
2026-01-14 16:55:00+00:00,0.9996857232683788,-3.846050972717238e-06
2026-01-14 16:56:00+00:00,0.9997024208232681,1.6702804191883513e-05
2026-01-14 16:57:00+00:00,0.9997513008978072,4.8894624561201615e-05
2026-01-14 16:58:00+00:00,0.9997339710925252,-1.7334116261101536e-05
2026-01-14 16:59:00+00:00,0.9997086565296801,-2.5321299042572203e-05
2026-01-14 17:00:00+00:00,0.9997029454652787,-5.712728767601716e-06
2026-01-14 17:01:00+00:00,0.9997034929971312,5.476945476140305e-07
2026-01-14 17:02:00+00:00,0.999712281870337,8.791479941168597e-06
2026-01-14 17:03:00+00:00,0.999707676462354,-4.606733423715172e-06
2026-01-14 17:04:00+00:00,0.9997026898832161,-4.988037258639915e-06
2026-01-14 17:05:00+00:00,0.9996830591226765,-1.9636598698972813e-05
2026-01-14 17:06:00+00:00,0.9996708795464863,-1.2183437619661681e-05
2026-01-14 17:07:00+00:00,0.9996728858474447,2.0069614906015703e-06
2026-01-14 17:08:00+00:00,0.9996858464714748,1.296486502092307e-05
2026-01-14 17:09:00+00:00,0.9996992315643165,1.3389299137083388e-05
2026-01-14 17:10:00+00:00,0.9996818980903586,-1.7338688888269165e-05
2026-01-14 17:11:00+00:00,0.9996812886190419,-6.096652523252839e-07
2026-01-14 17:12:00+00:00,0.9996776391763392,-3.650606192503727e-06
2026-01-14 17:13:00+00:00,0.9996937533102134,1.6119330114680376e-05
2026-01-14 17:14:00+00:00,0.9997152622869249,2.1515565782362082e-05
2026-01-14 17:15:00+00:00,0.9996763423769746,-3.8930995072842126e-05
2026-01-14 17:16:00+00:00,0.9996723570153908,-3.9866518940152666e-06
2026-01-14 17:17:00+00:00,0.9997002502343253,2.7902360947245903e-05
2026-01-14 17:18:00+00:00,0.9997070269617971,6.778759403372352e-06
2026-01-14 17:19:00+00:00,0.9997227582633587,1.5735911759440233e-05
2026-01-14 17:20:00+00:00,0.9997105330581806,-1.2228595455158484e-05
2026-01-14 17:21:00+00:00,0.9996953855010057,-1.5151943161551652e-05
2026-01-14 17:22:00+00:00,0.9996970203081379,1.6353052699303028e-06
2026-01-14 17:23:00+00:00,0.9997043971395622,7.379067131767389e-06
2026-01-14 17:24:00+00:00,0.9996937614649046,-1.0638819523049873e-05
2026-01-14 17:25:00+00:00,0.9996797086474914,-1.405712224569303e-05
2026-01-14 17:26:00+00:00,0.9996854752326516,5.7684327391414706e-06
2026-01-14 17:27:00+00:00,0.9996776579029687,-7.819789200283262e-06
2026-01-14 17:28:00+00:00,0.9997067789208524,2.913040784027848e-05
2026-01-14 17:29:00+00:00,0.9997144003299381,7.623644499074051e-06
2026-01-14 17:30:00+00:00,0.9996940126188606,-2.0393535464485044e-05
2026-01-14 17:31:00+00:00,0.9997129535317318,1.8946710325582575e-05
2026-01-14 17:32:00+00:00,0.9997354830149591,2.2535952092589017e-05
2026-01-14 17:33:00+00:00,0.9997104337702392,-2.50558724237164e-05
2026-01-14 17:34:00+00:00,0.9996905637905044,-1.9875735076392444e-05
2026-01-14 17:35:00+00:00,0.9997029337233346,1.2373761720139114e-05
2026-01-14 17:36:00+00:00,0.999643897642914,-5.905362326061227e-05
2026-01-14 17:37:00+00:00,0.9996443159047538,4.1841083679328713e-07
2026-01-14 17:38:00+00:00,0.9996551468423545,1.0834791363559513e-05
2026-01-14 17:39:00+00:00,0.9996784798136951,2.334102056514236e-05
2026-01-14 17:40:00+00:00,0.9996852342770973,6.756635796970836e-06
2026-01-14 17:41:00+00:00,0.9996567875281571,-2.845570582096052e-05
2026-01-14 17:42:00+00:00,0.9996685090308913,1.1725527081299486e-05
2026-01-14 17:43:00+00:00,0.9996703355142113,1.8270889835096786e-06
2026-01-14 17:44:00+00:00,0.9996848375193852,1.450678754649565e-05
2026-01-14 17:45:00+00:00,0.9996612799851328,-2.356496104404423e-05
2026-01-14 17:46:00+00:00,0.9996849959565619,2.372400722519305e-05
2026-01-14 17:47:00+00:00,0.9997008330759947,1.5842109761304617e-05
2026-01-14 17:48:00+00:00,0.9996920480606057,-8.787644361435088e-06
2026-01-14 17:49:00+00:00,0.9997103671299316,1.832471245661354e-05
2026-01-14 17:50:00+00:00,0.999664324291158,-4.605617815653548e-05
2026-01-14 17:51:00+00:00,0.999692891331953,2.8576633276489786e-05
2026-01-14 17:52:00+00:00,0.9996502954117847,-4.2609005763355645e-05
2026-01-14 17:53:00+00:00,0.9996539795337065,3.685410726834718e-06
2026-01-14 17:54:00+00:00,0.9996593887025629,5.411041187262753e-06
2026-01-14 17:55:00+00:00,0.9996682817093008,8.896036828515219e-06
2026-01-14 17:56:00+00:00,0.9996673878967187,-8.941091744307123e-07
2026-01-14 17:57:00+00:00,0.9996852917734189,1.790983372771789e-05
2026-01-14 17:58:00+00:00,0.9996687566605973,-1.6540318195824287e-05
2026-01-14 17:59:00+00:00,0.999679290331962,1.053716172932047e-05
2026-01-14 18:00:00+00:00,0.9996673328215561,-1.1961346525419527e-05
2026-01-14 18:01:00+00:00,0.9996617088857301,-5.625807347452802e-06
2026-01-14 18:02:00+00:00,0.9996707008835489,8.995040761237607e-06
2026-01-14 18:03:00+00:00,0.999665405253296,-5.297374673815514e-06
2026-01-14 18:04:00+00:00,0.9996754468916764,1.0044999384530066e-05
2026-01-14 18:05:00+00:00,0.9996779533507764,2.507272843104969e-06
2026-01-14 18:06:00+00:00,0.9997084830560113,3.053954039160345e-05
2026-01-14 18:07:00+00:00,0.9997103319631874,1.8494463209114764e-06
2026-01-14 18:08:00+00:00,0.9997147440350763,4.413350295368867e-06
2026-01-14 18:09:00+00:00,0.9997085228240365,-6.222986183737651e-06
2026-01-14 18:10:00+00:00,0.9997514323730761,4.2922059840348646e-05
2026-01-14 18:11:00+00:00,0.999728241992779,-2.3196146108042036e-05
2026-01-14 18:12:00+00:00,0.9997311328041857,2.891597221440572e-06
2026-01-14 18:13:00+00:00,0.9997288919464631,-2.241460377753907e-06
2026-01-14 18:14:00+00:00,0.9997246606342604,-4.23245965664234e-06
2026-01-14 18:15:00+00:00,0.9996834655214613,-4.120645855921474e-05
2026-01-14 18:16:00+00:00,0.9996853727828474,1.9078652913433363e-06
2026-01-14 18:17:00+00:00,0.9996820601502678,-3.3136751519060215e-06
2026-01-14 18:18:00+00:00,0.9996964273661239,1.4371785219195788e-05
2026-01-14 18:19:00+00:00,0.9996894663721598,-6.9631077730233675e-06
2026-01-14 18:20:00+00:00,0.9996892243055363,-2.421418167581413e-07
2026-01-14 18:21:00+00:00,0.9996656141846726,-2.3617460596413082e-05
2026-01-14 18:22:00+00:00,0.9996726706297581,7.058805450003232e-06
2026-01-14 18:23:00+00:00,0.9996932624424861,2.0598555240164357e-05
2026-01-14 18:24:00+00:00,0.9997145235341496,2.1267615239748173e-05
2026-01-14 18:25:00+00:00,0.9997227382616102,8.217073241586388e-06
2026-01-14 18:26:00+00:00,0.9997102907441254,-1.2450969662345657e-05
2026-01-14 18:27:00+00:00,0.9997265538831022,1.626785192409087e-05
2026-01-14 18:28:00+00:00,0.9997275090597602,9.554379186717637e-07
2026-01-14 18:29:00+00:00,0.9997553471569993,2.784568493603257e-05
2026-01-14 18:30:00+00:00,0.9997324781391528,-2.287461418593217e-05
2026-01-14 18:31:00+00:00,0.9997332037964126,7.258514409427761e-07
2026-01-14 18:32:00+00:00,0.9997103941744321,-2.281570912512493e-05
2026-01-14 18:33:00+00:00,0.9996980472701164,-1.2350481087016053e-05
2026-01-14 18:34:00+00:00,0.9997192485108728,2.12076444624704e-05
2026-01-14 18:35:00+00:00,0.9996690862665921,-5.017633136039771e-05
2026-01-14 18:36:00+00:00,0.9996951146320525,2.6036981454996134e-05
2026-01-14 18:37:00+00:00,0.9996843194814923,-1.0798442847455045e-05
2026-01-14 18:38:00+00:00,0.9997014225830959,1.710850242461732e-05
2026-01-14 18:39:00+00:00,0.9996862048202008,-1.5222307932448308e-05
2026-01-14 18:40:00+00:00,0.9996934849701928,7.28243518503319e-06
2026-01-14 18:41:00+00:00,0.9996995717032209,6.088599275262673e-06
2026-01-14 18:42:00+00:00,0.9997053109592252,5.740980757380276e-06
2026-01-14 18:43:00+00:00,0.9996995883396582,-5.72430645742483e-06
2026-01-14 18:44:00+00:00,0.9996822600761078,-1.7333470727093625e-05
2026-01-14 18:45:00+00:00,0.9996581661923958,-2.4101541734073367e-05
2026-01-14 18:46:00+00:00,0.9996650690951357,6.905263192283148e-06
2026-01-14 18:47:00+00:00,0.9996676132506583,2.5450079244843107e-06
2026-01-14 18:48:00+00:00,0.999651792956987,-1.582555387567521e-05
2026-01-14 18:49:00+00:00,0.9996635691304082,1.178027539600529e-05
2026-01-14 18:50:00+00:00,0.9996645725444779,1.0037517627074696e-06
2026-01-14 18:51:00+00:00,0.999693780781848,2.921803790231035e-05
2026-01-14 18:52:00+00:00,0.9997008975319853,7.118930090612296e-06
2026-01-14 18:53:00+00:00,0.9997284305119537,2.7541217614559798e-05
2026-01-14 18:54:00+00:00,0.9997118357932365,-1.6599226560573614e-05
2026-01-14 18:55:00+00:00,0.9997318521973134,2.0022173750653858e-05
2026-01-14 18:56:00+00:00,0.9997275947998755,-4.258539355956572e-06
2026-01-14 18:57:00+00:00,0.9997297059664106,2.1117417845705487e-06
2026-01-14 18:58:00+00:00,0.9997299172826727,2.1137339502359532e-07
2026-01-14 18:59:00+00:00,0.9997380471151235,8.132028771147865e-06
2026-01-14 19:00:00+00:00,0.9997273696790578,-1.0680233783650314e-05
2026-01-14 19:01:00+00:00,0.9996999247050202,-2.745245841013612e-05
2026-01-14 19:02:00+00:00,0.9997033561313083,3.432456283388352e-06
2026-01-14 19:03:00+00:00,0.9997217793588447,1.8428694295510736e-05
2026-01-14 19:04:00+00:00,0.9997774146989654,5.565082332839106e-05
2026-01-14 19:05:00+00:00,0.9997774146989654,0.0
2026-01-14 19:06:00+00:00,0.9997774146989654,0.0
2026-01-14 19:07:00+00:00,0.9997774146989654,0.0
2026-01-14 19:08:00+00:00,0.9997774146989654,-0.0
2026-01-14 19:09:00+00:00,0.9997774146989654,-0.0
2026-01-14 19:10:00+00:00,0.9997774146989654,-0.0
2026-01-14 19:11:00+00:00,0.9997774146989654,0.0
2026-01-14 19:12:00+00:00,0.9997774146989654,0.0
2026-01-14 19:13:00+00:00,0.9997774146989654,0.0
2026-01-14 19:14:00+00:00,0.9997774146989654,-0.0
2026-01-14 19:15:00+00:00,0.9997774146989654,-0.0
2026-01-14 19:16:00+00:00,0.9997774146989654,-0.0
2026-01-14 19:17:00+00:00,0.9997774146989654,0.0
2026-01-14 19:18:00+00:00,0.9997774146989654,0.0
2026-01-14 19:19:00+00:00,0.9997774146989654,-0.0
2026-01-14 19:20:00+00:00,0.9997774146989654,-0.0
2026-01-14 19:21:00+00:00,0.9997774146989654,0.0
2026-01-14 19:22:00+00:00,0.9997774146989654,0.0
2026-01-14 19:23:00+00:00,0.9997774146989654,0.0
2026-01-14 19:24:00+00:00,0.9997774146989654,-0.0
2026-01-14 19:25:00+00:00,0.9997774146989654,0.0
2026-01-14 19:26:00+00:00,0.9997774146989654,-0.0
2026-01-14 19:27:00+00:00,0.9997774146989654,0.0
2026-01-14 19:28:00+00:00,0.9997774146989654,-0.0
2026-01-14 19:29:00+00:00,0.999772146179124,-5.269692797528828e-06
2026-01-14 19:30:00+00:00,0.9998492319535293,7.710334269660224e-05
2026-01-14 19:31:00+00:00,0.999826634715438,-2.260064554647213e-05
2026-01-14 19:32:00+00:00,0.9998544610866364,2.7831196161576825e-05
2026-01-14 19:33:00+00:00,0.9998412303184874,-1.323269402097462e-05
2026-01-14 19:34:00+00:00,0.9998470258334645,5.7964352752804935e-06
2026-01-14 19:35:00+00:00,0.9998320734254685,-1.4954695678171062e-05
2026-01-14 19:36:00+00:00,0.9998761551711611,4.4089149432337704e-05
2026-01-14 19:37:00+00:00,0.9998756789195026,-4.7631064719817747e-07
2026-01-14 19:38:00+00:00,0.9998658589998329,-9.821140644396106e-06
2026-01-14 19:39:00+00:00,0.9998456898285203,-2.017187718839541e-05
2026-01-14 19:40:00+00:00,0.9998814462622039,3.576195211644145e-05
2026-01-14 19:41:00+00:00,0.9998777689359158,-3.677762300438772e-06
2026-01-14 19:42:00+00:00,0.9998922764469778,1.450928454709585e-05
2026-01-14 19:43:00+00:00,0.9998922764469778,-0.0
2026-01-14 19:44:00+00:00,0.9998922764469778,-0.0
2026-01-14 19:45:00+00:00,0.9998922764469778,-0.0
2026-01-14 19:46:00+00:00,0.9998922764469778,-0.0
2026-01-14 19:47:00+00:00,0.9998922764469778,0.0
2026-01-14 19:48:00+00:00,0.9998922764469778,-0.0
2026-01-14 19:49:00+00:00,0.9998922764469778,-0.0
2026-01-14 19:50:00+00:00,0.9998922764469778,0.0
2026-01-14 19:51:00+00:00,0.9998922764469778,-0.0
2026-01-14 19:52:00+00:00,0.9998922764469778,0.0
2026-01-14 19:53:00+00:00,0.9998922764469778,-0.0
2026-01-14 19:54:00+00:00,0.9998922764469778,0.0
2026-01-14 19:55:00+00:00,0.9998922764469778,-0.0
2026-01-14 19:56:00+00:00,0.9998922764469778,0.0
2026-01-14 19:57:00+00:00,0.9998922764469778,-0.0
2026-01-14 19:58:00+00:00,0.9998922764469778,-0.0
2026-01-14 19:59:00+00:00,0.9998922764469778,0.0
2026-01-14 20:00:00+00:00,0.9998922764469778,0.0
2026-01-14 20:01:00+00:00,0.9998922764469778,-0.0
2026-01-14 20:02:00+00:00,0.9998922764469778,-0.0
2026-01-14 20:03:00+00:00,0.9998922764469778,0.0
2026-01-14 20:04:00+00:00,0.9998922764469778,0.0
2026-01-14 20:05:00+00:00,0.9998922764469778,-0.0
2026-01-14 20:06:00+00:00,0.9998922764469778,0.0
2026-01-14 20:07:00+00:00,0.9998922764469778,-0.0
2026-01-14 20:08:00+00:00,0.9998922764469778,0.0
2026-01-14 20:09:00+00:00,0.9998922764469778,-0.0
2026-01-14 20:10:00+00:00,0.9998922764469778,-0.0
2026-01-14 20:11:00+00:00,0.9998922764469778,-0.0
2026-01-14 20:12:00+00:00,0.9998922764469778,0.0
2026-01-14 20:13:00+00:00,0.9998922764469778,-0.0
2026-01-14 20:14:00+00:00,0.9998922764469778,-0.0
2026-01-14 20:15:00+00:00,0.9998922764469778,0.0
2026-01-14 20:16:00+00:00,0.9998922764469778,0.0
2026-01-14 20:17:00+00:00,0.9998922764469778,0.0
2026-01-14 20:18:00+00:00,0.9998922764469778,-0.0
2026-01-14 20:19:00+00:00,0.9998922764469778,-0.0
2026-01-14 20:20:00+00:00,0.9998922764469778,0.0
2026-01-14 20:21:00+00:00,0.9998922764469778,-0.0
2026-01-14 20:22:00+00:00,0.9998922764469778,0.0
2026-01-14 20:23:00+00:00,0.9998922764469778,-0.0
2026-01-14 20:24:00+00:00,0.9998922764469778,-0.0
2026-01-14 20:25:00+00:00,0.9998922764469778,0.0
2026-01-14 20:26:00+00:00,0.9998922764469778,-0.0
2026-01-14 20:27:00+00:00,0.9998922764469778,-0.0
2026-01-14 20:28:00+00:00,0.9998922764469778,0.0
2026-01-14 20:29:00+00:00,0.9998922764469778,0.0
2026-01-14 20:30:00+00:00,0.9998922764469778,-0.0
2026-01-14 20:31:00+00:00,0.9998922764469778,-0.0
2026-01-14 20:32:00+00:00,0.9998922764469778,0.0
2026-01-14 20:33:00+00:00,0.9998922764469778,0.0
2026-01-14 20:34:00+00:00,0.9998922764469778,-0.0
2026-01-14 20:35:00+00:00,0.9998922764469778,-0.0
2026-01-14 20:36:00+00:00,0.9998922764469778,-0.0
2026-01-14 20:37:00+00:00,0.9998922764469778,0.0
2026-01-14 20:38:00+00:00,0.9998922764469778,0.0
2026-01-14 20:39:00+00:00,0.9998922764469778,-0.0
2026-01-14 20:40:00+00:00,0.9998922764469778,0.0
2026-01-14 20:41:00+00:00,0.9998922764469778,0.0
2026-01-14 20:42:00+00:00,0.9998922764469778,-0.0
2026-01-14 20:43:00+00:00,0.9998922764469778,0.0
2026-01-14 20:44:00+00:00,0.9998922764469778,-0.0
2026-01-14 20:45:00+00:00,0.9998922764469778,0.0
2026-01-14 20:46:00+00:00,0.9998922764469778,-0.0
2026-01-14 20:47:00+00:00,0.9998922764469778,0.0
2026-01-14 20:48:00+00:00,0.9998922764469778,-0.0
2026-01-14 20:49:00+00:00,0.9998922764469778,0.0
2026-01-14 20:50:00+00:00,0.9998922764469778,-0.0
2026-01-14 20:51:00+00:00,0.9998922764469778,0.0
2026-01-14 20:52:00+00:00,0.9998922764469778,0.0
2026-01-14 20:53:00+00:00,0.9998922764469778,-0.0
2026-01-14 20:54:00+00:00,0.9998922764469778,-0.0
2026-01-14 20:55:00+00:00,0.9998922764469778,-0.0
2026-01-14 20:56:00+00:00,0.9998922764469778,-0.0
2026-01-14 20:57:00+00:00,0.9998922764469778,0.0
2026-01-14 20:58:00+00:00,0.9998922764469778,-0.0
2026-01-14 20:59:00+00:00,0.9998922764469778,-0.0
2026-01-14 21:00:00+00:00,0.9998922764469778,-0.0
2026-01-14 21:01:00+00:00,0.9998922764469778,0.0
2026-01-14 21:02:00+00:00,0.9998922764469778,0.0
2026-01-14 21:03:00+00:00,0.9998922764469778,-0.0
2026-01-14 21:04:00+00:00,0.9998922764469778,-0.0
2026-01-14 21:05:00+00:00,0.9998922764469778,-0.0
2026-01-14 21:06:00+00:00,0.9998922764469778,0.0
2026-01-14 21:07:00+00:00,0.9998922764469778,0.0
2026-01-14 21:08:00+00:00,0.9998922764469778,-0.0
2026-01-14 21:09:00+00:00,0.9998922764469778,0.0
2026-01-14 21:10:00+00:00,0.9998922764469778,0.0
2026-01-14 21:11:00+00:00,0.9998922764469778,0.0
2026-01-14 21:12:00+00:00,0.9998922764469778,0.0
2026-01-14 21:13:00+00:00,0.9998922764469778,-0.0
2026-01-14 21:14:00+00:00,0.9998922764469778,0.0
2026-01-14 21:15:00+00:00,0.9998922764469778,0.0
2026-01-14 21:16:00+00:00,0.9998922764469778,0.0
2026-01-14 21:17:00+00:00,0.9998922764469778,-0.0
2026-01-14 21:18:00+00:00,0.9998922764469778,-0.0
2026-01-14 21:19:00+00:00,0.9998922764469778,-0.0
2026-01-14 21:20:00+00:00,0.9998922764469778,0.0
2026-01-14 21:21:00+00:00,0.9998922764469778,-0.0
2026-01-14 21:22:00+00:00,0.9998922764469778,-0.0
2026-01-14 21:23:00+00:00,0.9998922764469778,0.0
2026-01-14 21:24:00+00:00,0.9998922764469778,-0.0
2026-01-14 21:25:00+00:00,0.9998922764469778,0.0
2026-01-14 21:26:00+00:00,0.9998922764469778,0.0
2026-01-14 21:27:00+00:00,0.9998922764469778,-0.0
2026-01-14 21:28:00+00:00,0.9998922764469778,0.0
2026-01-14 21:29:00+00:00,0.9998922764469778,0.0
2026-01-14 21:30:00+00:00,0.9998922764469778,-0.0
2026-01-14 21:31:00+00:00,0.9998922764469778,-0.0
2026-01-14 21:32:00+00:00,0.9998922764469778,-0.0
2026-01-14 21:33:00+00:00,0.9998922764469778,-0.0
2026-01-14 21:34:00+00:00,0.9998922764469778,0.0
2026-01-14 21:35:00+00:00,0.9998922764469778,-0.0
2026-01-14 21:36:00+00:00,0.9998922764469778,-0.0
2026-01-14 21:37:00+00:00,0.9998922764469778,0.0
2026-01-14 21:38:00+00:00,0.9998922764469778,-0.0
2026-01-14 21:39:00+00:00,0.9998922764469778,0.0
2026-01-14 21:40:00+00:00,0.9998922764469778,-0.0
2026-01-14 21:41:00+00:00,0.9998922764469778,0.0
2026-01-14 21:42:00+00:00,0.9998922764469778,-0.0
2026-01-14 21:43:00+00:00,0.9998922764469778,0.0
2026-01-14 21:44:00+00:00,0.9998922764469778,-0.0
2026-01-14 21:45:00+00:00,0.9998922764469778,0.0
2026-01-14 21:46:00+00:00,0.9998922764469778,-0.0
2026-01-14 21:47:00+00:00,0.9998922764469778,-0.0
2026-01-14 21:48:00+00:00,0.9998922764469778,0.0
2026-01-14 21:49:00+00:00,0.9998922764469778,-0.0
2026-01-14 21:50:00+00:00,0.9998922764469778,-0.0
2026-01-14 21:51:00+00:00,0.9998922764469778,0.0
2026-01-14 21:52:00+00:00,0.9998922764469778,-0.0
2026-01-14 21:53:00+00:00,0.9998922764469778,-0.0
2026-01-14 21:54:00+00:00,0.9998922764469778,0.0
2026-01-14 21:55:00+00:00,0.9998922764469778,0.0
2026-01-14 21:56:00+00:00,0.9998922764469778,-0.0
2026-01-14 21:57:00+00:00,0.9998922764469778,-0.0
2026-01-14 21:58:00+00:00,0.9998922764469778,-0.0
2026-01-14 21:59:00+00:00,0.9998922764469778,-0.0
2026-01-14 22:00:00+00:00,0.9998922764469778,-0.0
2026-01-14 22:01:00+00:00,0.9998922764469778,-0.0
2026-01-14 22:02:00+00:00,0.9998922764469778,0.0
2026-01-14 22:03:00+00:00,0.9998922764469778,-0.0
2026-01-14 22:04:00+00:00,0.9998922764469778,0.0
2026-01-14 22:05:00+00:00,0.9998922764469778,-0.0
2026-01-14 22:06:00+00:00,0.9998922764469778,-0.0
2026-01-14 22:07:00+00:00,0.9998922764469778,0.0
2026-01-14 22:08:00+00:00,0.9998922764469778,-0.0
2026-01-14 22:09:00+00:00,0.9998922764469778,-0.0
2026-01-14 22:10:00+00:00,0.9998922764469778,0.0
2026-01-14 22:11:00+00:00,0.9998922764469778,-0.0
2026-01-14 22:12:00+00:00,0.9998922764469778,0.0
2026-01-14 22:13:00+00:00,0.9998922764469778,-0.0
2026-01-14 22:14:00+00:00,0.9998922764469778,0.0
2026-01-14 22:15:00+00:00,0.9998922764469778,-0.0
2026-01-14 22:16:00+00:00,0.9998922764469778,-0.0
2026-01-14 22:17:00+00:00,0.9998922764469778,0.0
2026-01-14 22:18:00+00:00,0.9998922764469778,0.0
2026-01-14 22:19:00+00:00,0.9998922764469778,0.0
2026-01-14 22:20:00+00:00,0.9998922764469778,-0.0
2026-01-14 22:21:00+00:00,0.9998922764469778,0.0
2026-01-14 22:22:00+00:00,0.9998922764469778,-0.0
2026-01-14 22:23:00+00:00,0.9998922764469778,-0.0
2026-01-14 22:24:00+00:00,0.9998922764469778,-0.0
2026-01-14 22:25:00+00:00,0.9998922764469778,0.0
2026-01-14 22:26:00+00:00,0.9998922764469778,0.0
2026-01-14 22:27:00+00:00,0.9998922764469778,0.0
2026-01-14 22:28:00+00:00,0.9998922764469778,-0.0
2026-01-14 22:29:00+00:00,0.9998922764469778,-0.0
2026-01-14 22:30:00+00:00,0.9998922764469778,0.0
2026-01-14 22:31:00+00:00,0.9998922764469778,0.0
2026-01-14 22:32:00+00:00,0.9998922764469778,0.0
2026-01-14 22:33:00+00:00,0.9998922764469778,-0.0
2026-01-14 22:34:00+00:00,0.9998922764469778,0.0
2026-01-14 22:35:00+00:00,0.9998922764469778,-0.0
2026-01-14 22:36:00+00:00,0.9998922764469778,0.0
2026-01-14 22:37:00+00:00,0.9998922764469778,0.0
2026-01-14 22:38:00+00:00,0.9998922764469778,0.0
2026-01-14 22:39:00+00:00,0.9998922764469778,0.0
2026-01-14 22:40:00+00:00,0.9998922764469778,-0.0
2026-01-14 22:41:00+00:00,0.9998922764469778,-0.0
2026-01-14 22:42:00+00:00,0.9998922764469778,0.0
2026-01-14 22:43:00+00:00,0.9998922764469778,0.0
2026-01-14 22:44:00+00:00,0.9998922764469778,-0.0
2026-01-14 22:45:00+00:00,0.9998922764469778,-0.0
2026-01-14 22:46:00+00:00,0.9998922764469778,0.0
2026-01-14 22:47:00+00:00,0.9998922764469778,0.0
2026-01-14 22:48:00+00:00,0.9998922764469778,-0.0
2026-01-14 22:49:00+00:00,0.9998922764469778,0.0
2026-01-14 22:50:00+00:00,0.9998922764469778,-0.0
2026-01-14 22:51:00+00:00,0.9998922764469778,-0.0
2026-01-14 22:52:00+00:00,0.9998922764469778,-0.0
2026-01-14 22:53:00+00:00,0.9998922764469778,-0.0
2026-01-14 22:54:00+00:00,0.9998922764469778,0.0
2026-01-14 22:55:00+00:00,0.9998922764469778,-0.0
2026-01-14 22:56:00+00:00,0.9998922764469778,-0.0
2026-01-14 22:57:00+00:00,0.9998922764469778,0.0
2026-01-14 22:58:00+00:00,0.9998922764469778,0.0
2026-01-14 22:59:00+00:00,0.9998922764469778,-0.0
2026-01-14 23:00:00+00:00,0.9998922764469778,0.0
2026-01-14 23:01:00+00:00,0.9998922764469778,-0.0
2026-01-14 23:02:00+00:00,0.9998922764469778,-0.0
2026-01-14 23:03:00+00:00,0.9998922764469778,-0.0
2026-01-14 23:04:00+00:00,0.9998922764469778,0.0
2026-01-14 23:05:00+00:00,0.9998922764469778,-0.0
2026-01-14 23:06:00+00:00,0.9998922764469778,-0.0
2026-01-14 23:07:00+00:00,0.9998922764469778,-0.0
2026-01-14 23:08:00+00:00,0.9998922764469778,-0.0
2026-01-14 23:09:00+00:00,0.9998922764469778,-0.0
2026-01-14 23:10:00+00:00,0.9998922764469778,0.0
2026-01-14 23:11:00+00:00,0.9998922764469778,0.0
2026-01-14 23:12:00+00:00,0.9998922764469778,0.0
2026-01-14 23:13:00+00:00,0.9998922764469778,-0.0
2026-01-14 23:14:00+00:00,0.9998922764469778,0.0
2026-01-14 23:15:00+00:00,0.9998922764469778,-0.0
2026-01-14 23:16:00+00:00,0.9998922764469778,0.0
2026-01-14 23:17:00+00:00,0.9998922764469778,0.0
2026-01-14 23:18:00+00:00,0.9998922764469778,-0.0
2026-01-14 23:19:00+00:00,0.9998922764469778,-0.0
2026-01-14 23:20:00+00:00,0.9998922764469778,0.0
2026-01-14 23:21:00+00:00,0.9998922764469778,0.0
2026-01-14 23:22:00+00:00,0.9998922764469778,-0.0
2026-01-14 23:23:00+00:00,0.9998922764469778,0.0
2026-01-14 23:24:00+00:00,0.9998922764469778,-0.0
2026-01-14 23:25:00+00:00,0.9998922764469778,-0.0
2026-01-14 23:26:00+00:00,0.9998922764469778,0.0
2026-01-14 23:27:00+00:00,0.9998922764469778,-0.0
2026-01-14 23:28:00+00:00,0.9998922764469778,0.0
2026-01-14 23:29:00+00:00,0.9998922764469778,-0.0
2026-01-14 23:30:00+00:00,0.9998922764469778,0.0
2026-01-14 23:31:00+00:00,0.9998922764469778,0.0
2026-01-14 23:32:00+00:00,0.9998922764469778,0.0
2026-01-14 23:33:00+00:00,0.9998922764469778,-0.0
2026-01-14 23:34:00+00:00,0.9998922764469778,0.0
2026-01-14 23:35:00+00:00,0.9998922764469778,-0.0
2026-01-14 23:36:00+00:00,0.9998922764469778,0.0
2026-01-14 23:37:00+00:00,0.9998922764469778,-0.0
2026-01-14 23:38:00+00:00,0.9998922764469778,-0.0
2026-01-14 23:39:00+00:00,0.9998922764469778,0.0
2026-01-14 23:40:00+00:00,0.9998922764469778,-0.0
2026-01-14 23:41:00+00:00,0.9998922764469778,-0.0
2026-01-14 23:42:00+00:00,0.9998922764469778,0.0
2026-01-14 23:43:00+00:00,0.9998922764469778,-0.0
2026-01-14 23:44:00+00:00,0.9998922764469778,0.0
2026-01-14 23:45:00+00:00,0.9998922764469778,-0.0
2026-01-14 23:46:00+00:00,0.9998922764469778,0.0
2026-01-14 23:47:00+00:00,0.9998922764469778,-0.0
2026-01-14 23:48:00+00:00,0.9998922764469778,0.0
2026-01-14 23:49:00+00:00,0.9998922764469778,-0.0
2026-01-14 23:50:00+00:00,0.9998922764469778,-0.0
2026-01-14 23:51:00+00:00,0.9998922764469778,-0.0
2026-01-14 23:52:00+00:00,0.9998922764469778,-0.0
2026-01-14 23:53:00+00:00,0.9998922764469778,-0.0
2026-01-14 23:54:00+00:00,0.9998922764469778,0.0
2026-01-14 23:55:00+00:00,0.9998922764469778,-0.0
2026-01-14 23:56:00+00:00,0.9998922764469778,-0.0
2026-01-14 23:57:00+00:00,0.9998922764469778,0.0
2026-01-14 23:58:00+00:00,0.9998922764469778,-0.0
2026-01-14 23:59:00+00:00,0.9998922764469778,0.0
2026-01-15 00:00:00+00:00,0.9998922764469778,-0.0
2026-01-15 00:01:00+00:00,0.9998922764469778,0.0
2026-01-15 00:02:00+00:00,0.9998922764469778,-0.0
2026-01-15 00:03:00+00:00,0.9998922764469778,0.0
2026-01-15 00:04:00+00:00,0.9998922764469778,0.0
2026-01-15 00:05:00+00:00,0.9998922764469778,-0.0
2026-01-15 00:06:00+00:00,0.9998922764469778,0.0
2026-01-15 00:07:00+00:00,0.9998922764469778,-0.0
2026-01-15 00:08:00+00:00,0.9998922764469778,-0.0
2026-01-15 00:09:00+00:00,0.9998922764469778,0.0
2026-01-15 00:10:00+00:00,0.9998922764469778,0.0
2026-01-15 00:11:00+00:00,0.9998922764469778,0.0
2026-01-15 00:12:00+00:00,0.9998922764469778,0.0
2026-01-15 00:13:00+00:00,0.9998922764469778,-0.0
2026-01-15 00:14:00+00:00,0.9998922764469778,0.0
2026-01-15 00:15:00+00:00,0.9998922764469778,0.0
2026-01-15 00:16:00+00:00,0.9998922764469778,0.0
2026-01-15 00:17:00+00:00,0.9998922764469778,-0.0
2026-01-15 00:18:00+00:00,0.9998922764469778,-0.0
2026-01-15 00:19:00+00:00,0.9998922764469778,0.0
2026-01-15 00:20:00+00:00,0.9998922764469778,0.0
2026-01-15 00:21:00+00:00,0.9998922764469778,-0.0
2026-01-15 00:22:00+00:00,0.9998922764469778,0.0
2026-01-15 00:23:00+00:00,0.9998922764469778,-0.0
2026-01-15 00:24:00+00:00,0.9998922764469778,0.0
2026-01-15 00:25:00+00:00,0.9998922764469778,-0.0
2026-01-15 00:26:00+00:00,0.9998922764469778,0.0
2026-01-15 00:27:00+00:00,0.9998922764469778,-0.0
2026-01-15 00:28:00+00:00,0.9998922764469778,-0.0
2026-01-15 00:29:00+00:00,0.9998922764469778,0.0
2026-01-15 00:30:00+00:00,0.9998922764469778,-0.0
2026-01-15 00:31:00+00:00,0.9998922764469778,0.0
2026-01-15 00:32:00+00:00,0.9998922764469778,0.0
2026-01-15 00:33:00+00:00,0.9998922764469778,0.0
2026-01-15 00:34:00+00:00,0.9998922764469778,-0.0
2026-01-15 00:35:00+00:00,0.9998922764469778,-0.0
2026-01-15 00:36:00+00:00,0.9998922764469778,0.0
2026-01-15 00:37:00+00:00,0.9998922764469778,0.0
2026-01-15 00:38:00+00:00,0.9998922764469778,-0.0
2026-01-15 00:39:00+00:00,0.9998922764469778,0.0
2026-01-15 00:40:00+00:00,0.9998922764469778,-0.0
2026-01-15 00:41:00+00:00,0.9998922764469778,0.0
2026-01-15 00:42:00+00:00,0.9998922764469778,-0.0
2026-01-15 00:43:00+00:00,0.9998922764469778,-0.0
2026-01-15 00:44:00+00:00,0.9998922764469778,-0.0
2026-01-15 00:45:00+00:00,0.9998922764469778,0.0
2026-01-15 00:46:00+00:00,0.9998922764469778,0.0
2026-01-15 00:47:00+00:00,0.9998922764469778,-0.0
2026-01-15 00:48:00+00:00,0.9998922764469778,0.0
2026-01-15 00:49:00+00:00,0.9998922764469778,-0.0
2026-01-15 00:50:00+00:00,0.9998922764469778,0.0
2026-01-15 00:51:00+00:00,0.9998922764469778,0.0
2026-01-15 00:52:00+00:00,0.9998922764469778,-0.0
2026-01-15 00:53:00+00:00,0.9998922764469778,0.0
2026-01-15 00:54:00+00:00,0.9998922764469778,-0.0
2026-01-15 00:55:00+00:00,0.9998922764469778,0.0
2026-01-15 00:56:00+00:00,0.9998922764469778,-0.0
2026-01-15 00:57:00+00:00,0.9998922764469778,0.0
2026-01-15 00:58:00+00:00,0.9998922764469778,-0.0
2026-01-15 00:59:00+00:00,0.9998922764469778,0.0
2026-01-15 01:00:00+00:00,0.9998922764469778,-0.0
2026-01-15 01:01:00+00:00,0.9998922764469778,0.0
2026-01-15 01:02:00+00:00,0.9998922764469778,0.0
2026-01-15 01:03:00+00:00,0.9998922764469778,-0.0
2026-01-15 01:04:00+00:00,0.9998922764469778,0.0
2026-01-15 01:05:00+00:00,0.9998922764469778,-0.0
2026-01-15 01:06:00+00:00,0.9998922764469778,-0.0
2026-01-15 01:07:00+00:00,0.9998922764469778,-0.0
2026-01-15 01:08:00+00:00,0.9998922764469778,0.0
2026-01-15 01:09:00+00:00,0.9998922764469778,-0.0
2026-01-15 01:10:00+00:00,0.9998922764469778,0.0
2026-01-15 01:11:00+00:00,0.9998922764469778,-0.0
2026-01-15 01:12:00+00:00,0.9998922764469778,0.0
2026-01-15 01:13:00+00:00,0.9998922764469778,0.0
2026-01-15 01:14:00+00:00,0.9998922764469778,-0.0
2026-01-15 01:15:00+00:00,0.9998922764469778,-0.0
2026-01-15 01:16:00+00:00,0.9998922764469778,0.0
2026-01-15 01:17:00+00:00,0.9998922764469778,-0.0
2026-01-15 01:18:00+00:00,0.9998922764469778,-0.0
2026-01-15 01:19:00+00:00,0.9998922764469778,0.0
2026-01-15 01:20:00+00:00,0.9998922764469778,0.0
2026-01-15 01:21:00+00:00,0.9998922764469778,0.0
2026-01-15 01:22:00+00:00,0.9998922764469778,-0.0
2026-01-15 01:23:00+00:00,0.9998922764469778,-0.0
2026-01-15 01:24:00+00:00,0.9998922764469778,0.0
2026-01-15 01:25:00+00:00,0.9998922764469778,0.0
2026-01-15 01:26:00+00:00,0.9998922764469778,-0.0
2026-01-15 01:27:00+00:00,0.9998922764469778,0.0
2026-01-15 01:28:00+00:00,0.9998922764469778,-0.0
2026-01-15 01:29:00+00:00,0.9998922764469778,-0.0
2026-01-15 01:30:00+00:00,0.9998922764469778,0.0
2026-01-15 01:31:00+00:00,0.9998922764469778,0.0
2026-01-15 01:32:00+00:00,0.9998922764469778,0.0
2026-01-15 01:33:00+00:00,0.9998922764469778,0.0
2026-01-15 01:34:00+00:00,0.9998922764469778,-0.0
2026-01-15 01:35:00+00:00,0.9998922764469778,-0.0
2026-01-15 01:36:00+00:00,0.9998922764469778,0.0
2026-01-15 01:37:00+00:00,0.9998922764469778,-0.0
2026-01-15 01:38:00+00:00,0.9998922764469778,-0.0
2026-01-15 01:39:00+00:00,0.9998922764469778,-0.0
2026-01-15 01:40:00+00:00,0.9998922764469778,-0.0
2026-01-15 01:41:00+00:00,0.9998922764469778,0.0
2026-01-15 01:42:00+00:00,0.9998922764469778,-0.0
2026-01-15 01:43:00+00:00,0.9998922764469778,0.0
2026-01-15 01:44:00+00:00,0.9998922764469778,-0.0
2026-01-15 01:45:00+00:00,0.9998922764469778,-0.0
2026-01-15 01:46:00+00:00,0.9998922764469778,-0.0
2026-01-15 01:47:00+00:00,0.9998922764469778,0.0
2026-01-15 01:48:00+00:00,0.9998922764469778,-0.0
2026-01-15 01:49:00+00:00,0.9998922764469778,0.0
2026-01-15 01:50:00+00:00,0.9998922764469778,0.0
2026-01-15 01:51:00+00:00,0.9998922764469778,0.0
2026-01-15 01:52:00+00:00,0.9998922764469778,-0.0
2026-01-15 01:53:00+00:00,0.9998922764469778,-0.0
2026-01-15 01:54:00+00:00,0.9998922764469778,-0.0
2026-01-15 01:55:00+00:00,0.9998922764469778,0.0
2026-01-15 01:56:00+00:00,0.9998922764469778,-0.0
2026-01-15 01:57:00+00:00,0.9998922764469778,0.0
2026-01-15 01:58:00+00:00,0.9998922764469778,0.0
2026-01-15 01:59:00+00:00,0.9998922764469778,0.0
2026-01-15 02:00:00+00:00,0.9998922764469778,-0.0
2026-01-15 02:01:00+00:00,0.9998922764469778,0.0
2026-01-15 02:02:00+00:00,0.9998922764469778,-0.0
2026-01-15 02:03:00+00:00,0.9998922764469778,0.0
2026-01-15 02:04:00+00:00,0.9998922764469778,0.0
2026-01-15 02:05:00+00:00,0.9998922764469778,-0.0
2026-01-15 02:06:00+00:00,0.9998922764469778,-0.0
2026-01-15 02:07:00+00:00,0.9998922764469778,0.0
2026-01-15 02:08:00+00:00,0.9998922764469778,-0.0
2026-01-15 02:09:00+00:00,0.9998922764469778,-0.0
2026-01-15 02:10:00+00:00,0.9998922764469778,0.0
2026-01-15 02:11:00+00:00,0.9998922764469778,0.0
2026-01-15 02:12:00+00:00,0.9998922764469778,0.0
2026-01-15 02:13:00+00:00,0.9998922764469778,-0.0
2026-01-15 02:14:00+00:00,0.9998922764469778,0.0
2026-01-15 02:15:00+00:00,0.9998922764469778,0.0
2026-01-15 02:16:00+00:00,0.9998922764469778,-0.0
2026-01-15 02:17:00+00:00,0.9998922764469778,0.0
2026-01-15 02:18:00+00:00,0.9998922764469778,0.0
2026-01-15 02:19:00+00:00,0.9998922764469778,-0.0
2026-01-15 02:20:00+00:00,0.9998922764469778,0.0
2026-01-15 02:21:00+00:00,0.9998922764469778,-0.0
2026-01-15 02:22:00+00:00,0.9998922764469778,0.0
2026-01-15 02:23:00+00:00,0.9998922764469778,0.0
2026-01-15 02:24:00+00:00,0.9998922764469778,0.0
2026-01-15 02:25:00+00:00,0.9998922764469778,-0.0
2026-01-15 02:26:00+00:00,0.9998922764469778,0.0
2026-01-15 02:27:00+00:00,0.9998922764469778,0.0
2026-01-15 02:28:00+00:00,0.9998922764469778,-0.0
2026-01-15 02:29:00+00:00,0.9998922764469778,0.0
2026-01-15 02:30:00+00:00,0.9998922764469778,0.0
2026-01-15 02:31:00+00:00,0.9998922764469778,-0.0
2026-01-15 02:32:00+00:00,0.9998922764469778,-0.0
2026-01-15 02:33:00+00:00,0.9998922764469778,-0.0
2026-01-15 02:34:00+00:00,0.9998922764469778,0.0
2026-01-15 02:35:00+00:00,0.9998922764469778,0.0
2026-01-15 02:36:00+00:00,0.9998922764469778,-0.0
2026-01-15 02:37:00+00:00,0.9998922764469778,-0.0
2026-01-15 02:38:00+00:00,0.9998922764469778,0.0
2026-01-15 02:39:00+00:00,0.9998922764469778,-0.0
2026-01-15 02:40:00+00:00,0.9998922764469778,-0.0
2026-01-15 02:41:00+00:00,0.9998922764469778,-0.0
2026-01-15 02:42:00+00:00,0.9998922764469778,0.0
2026-01-15 02:43:00+00:00,0.9998922764469778,0.0
2026-01-15 02:44:00+00:00,0.9998922764469778,-0.0
2026-01-15 02:45:00+00:00,0.9998922764469778,0.0
2026-01-15 02:46:00+00:00,0.9998922764469778,0.0
2026-01-15 02:47:00+00:00,0.9998922764469778,-0.0
2026-01-15 02:48:00+00:00,0.9998922764469778,0.0
2026-01-15 02:49:00+00:00,0.9998922764469778,-0.0
2026-01-15 02:50:00+00:00,0.9998922764469778,-0.0
2026-01-15 02:51:00+00:00,0.9998922764469778,0.0
2026-01-15 02:52:00+00:00,0.9998922764469778,-0.0
2026-01-15 02:53:00+00:00,0.9998922764469778,-0.0
2026-01-15 02:54:00+00:00,0.9998922764469778,0.0
2026-01-15 02:55:00+00:00,0.9998922764469778,0.0
2026-01-15 02:56:00+00:00,0.9998922764469778,-0.0
2026-01-15 02:57:00+00:00,0.9998922764469778,0.0
2026-01-15 02:58:00+00:00,0.9998922764469778,0.0
2026-01-15 02:59:00+00:00,0.9998922764469778,0.0
2026-01-15 03:00:00+00:00,0.9998922764469778,-0.0
2026-01-15 03:01:00+00:00,0.9998922764469778,0.0
2026-01-15 03:02:00+00:00,0.9998922764469778,-0.0
2026-01-15 03:03:00+00:00,0.9998922764469778,0.0
2026-01-15 03:04:00+00:00,0.9998922764469778,0.0
2026-01-15 03:05:00+00:00,0.9998922764469778,0.0
2026-01-15 03:06:00+00:00,0.9998922764469778,-0.0
2026-01-15 03:07:00+00:00,0.9998922764469778,-0.0
2026-01-15 03:08:00+00:00,0.9998922764469778,-0.0
2026-01-15 03:09:00+00:00,0.9998922764469778,0.0
2026-01-15 03:10:00+00:00,0.9998922764469778,-0.0
2026-01-15 03:11:00+00:00,0.9998922764469778,0.0
2026-01-15 03:12:00+00:00,0.9998922764469778,-0.0
2026-01-15 03:13:00+00:00,0.9998922764469778,-0.0
2026-01-15 03:14:00+00:00,0.9998922764469778,0.0
2026-01-15 03:15:00+00:00,0.9998922764469778,0.0
2026-01-15 03:16:00+00:00,0.9998922764469778,-0.0
2026-01-15 03:17:00+00:00,0.9998922764469778,0.0
2026-01-15 03:18:00+00:00,0.9998922764469778,0.0
2026-01-15 03:19:00+00:00,0.9998922764469778,0.0
2026-01-15 03:20:00+00:00,0.9998922764469778,0.0
2026-01-15 03:21:00+00:00,0.9998922764469778,-0.0
2026-01-15 03:22:00+00:00,0.9998922764469778,0.0
2026-01-15 03:23:00+00:00,0.9998922764469778,0.0
2026-01-15 03:24:00+00:00,0.9998922764469778,-0.0
2026-01-15 03:25:00+00:00,0.9998922764469778,-0.0
2026-01-15 03:26:00+00:00,0.9998922764469778,0.0
2026-01-15 03:27:00+00:00,0.9998922764469778,0.0
2026-01-15 03:28:00+00:00,0.9998922764469778,0.0
2026-01-15 03:29:00+00:00,0.9998922764469778,-0.0
2026-01-15 03:30:00+00:00,0.9998922764469778,0.0
2026-01-15 03:31:00+00:00,0.9998922764469778,-0.0
2026-01-15 03:32:00+00:00,0.9998922764469778,0.0
2026-01-15 03:33:00+00:00,0.9998922764469778,-0.0
2026-01-15 03:34:00+00:00,0.9998922764469778,0.0
2026-01-15 03:35:00+00:00,0.9998922764469778,-0.0
2026-01-15 03:36:00+00:00,0.9998922764469778,-0.0
2026-01-15 03:37:00+00:00,0.9998922764469778,0.0
2026-01-15 03:38:00+00:00,0.9998922764469778,-0.0
2026-01-15 03:39:00+00:00,0.9998922764469778,0.0
2026-01-15 03:40:00+00:00,0.9998922764469778,0.0
2026-01-15 03:41:00+00:00,0.9998922764469778,0.0
2026-01-15 03:42:00+00:00,0.9998922764469778,0.0
2026-01-15 03:43:00+00:00,0.9998922764469778,-0.0
2026-01-15 03:44:00+00:00,0.9998922764469778,-0.0
2026-01-15 03:45:00+00:00,0.9998922764469778,0.0
2026-01-15 03:46:00+00:00,0.9998922764469778,0.0
2026-01-15 03:47:00+00:00,0.9998922764469778,0.0
2026-01-15 03:48:00+00:00,0.9998922764469778,-0.0
2026-01-15 03:49:00+00:00,0.9998922764469778,-0.0
2026-01-15 03:50:00+00:00,0.9998922764469778,0.0
2026-01-15 03:51:00+00:00,0.9998922764469778,0.0
2026-01-15 03:52:00+00:00,0.9998922764469778,0.0
2026-01-15 03:53:00+00:00,0.9998922764469778,-0.0
2026-01-15 03:54:00+00:00,0.9998922764469778,-0.0
2026-01-15 03:55:00+00:00,0.9998922764469778,0.0
2026-01-15 03:56:00+00:00,0.9998922764469778,0.0
2026-01-15 03:57:00+00:00,0.9998922764469778,-0.0
2026-01-15 03:58:00+00:00,0.9998922764469778,0.0
2026-01-15 03:59:00+00:00,0.9998922764469778,0.0
2026-01-15 04:00:00+00:00,0.9998922764469778,0.0
2026-01-15 04:01:00+00:00,0.9998922764469778,0.0
2026-01-15 04:02:00+00:00,0.9998922764469778,-0.0
2026-01-15 04:03:00+00:00,0.9998922764469778,-0.0
2026-01-15 04:04:00+00:00,0.9998922764469778,0.0
2026-01-15 04:05:00+00:00,0.9998922764469778,-0.0
2026-01-15 04:06:00+00:00,0.9998922764469778,-0.0
2026-01-15 04:07:00+00:00,0.9998922764469778,0.0
2026-01-15 04:08:00+00:00,0.9998922764469778,-0.0
2026-01-15 04:09:00+00:00,0.9998922764469778,0.0
2026-01-15 04:10:00+00:00,0.9998922764469778,-0.0
2026-01-15 04:11:00+00:00,0.9998922764469778,0.0
2026-01-15 04:12:00+00:00,0.9998922764469778,-0.0
2026-01-15 04:13:00+00:00,0.9998922764469778,0.0
2026-01-15 04:14:00+00:00,0.9998922764469778,0.0
2026-01-15 04:15:00+00:00,0.9998922764469778,-0.0
2026-01-15 04:16:00+00:00,0.9998922764469778,0.0
2026-01-15 04:17:00+00:00,0.9998922764469778,-0.0
2026-01-15 04:18:00+00:00,0.9998922764469778,0.0
2026-01-15 04:19:00+00:00,0.9998922764469778,0.0
2026-01-15 04:20:00+00:00,0.9998922764469778,-0.0
2026-01-15 04:21:00+00:00,0.9998922764469778,0.0
2026-01-15 04:22:00+00:00,0.9998922764469778,0.0
2026-01-15 04:23:00+00:00,0.9998922764469778,0.0
2026-01-15 04:24:00+00:00,0.9998922764469778,-0.0
2026-01-15 04:25:00+00:00,0.9998922764469778,-0.0
2026-01-15 04:26:00+00:00,0.9998922764469778,-0.0
2026-01-15 04:27:00+00:00,0.9998922764469778,0.0
2026-01-15 04:28:00+00:00,0.9998922764469778,-0.0
2026-01-15 04:29:00+00:00,0.9998922764469778,-0.0
2026-01-15 04:30:00+00:00,0.9998922764469778,-0.0
2026-01-15 04:31:00+00:00,0.9998922764469778,0.0
2026-01-15 04:32:00+00:00,0.9998922764469778,-0.0
2026-01-15 04:33:00+00:00,0.9998922764469778,-0.0
2026-01-15 04:34:00+00:00,0.9998922764469778,0.0
2026-01-15 04:35:00+00:00,0.9998922764469778,-0.0
2026-01-15 04:36:00+00:00,0.9998922764469778,-0.0
2026-01-15 04:37:00+00:00,0.9998922764469778,-0.0
2026-01-15 04:38:00+00:00,0.9998922764469778,-0.0
2026-01-15 04:39:00+00:00,0.9998922764469778,0.0
2026-01-15 04:40:00+00:00,0.9998922764469778,-0.0
2026-01-15 04:41:00+00:00,0.9998922764469778,0.0
2026-01-15 04:42:00+00:00,0.9998922764469778,-0.0
2026-01-15 04:43:00+00:00,0.9998922764469778,0.0
2026-01-15 04:44:00+00:00,0.9998922764469778,-0.0
2026-01-15 04:45:00+00:00,0.9998922764469778,0.0
2026-01-15 04:46:00+00:00,0.9998922764469778,0.0
2026-01-15 04:47:00+00:00,0.9998922764469778,0.0
2026-01-15 04:48:00+00:00,0.9998922764469778,-0.0
2026-01-15 04:49:00+00:00,0.9998922764469778,-0.0
2026-01-15 04:50:00+00:00,0.9998922764469778,0.0
2026-01-15 04:51:00+00:00,0.9998922764469778,0.0
2026-01-15 04:52:00+00:00,0.9998922764469778,-0.0
2026-01-15 04:53:00+00:00,0.9998922764469778,0.0
2026-01-15 04:54:00+00:00,0.9998922764469778,-0.0
2026-01-15 04:55:00+00:00,0.9998922764469778,0.0
2026-01-15 04:56:00+00:00,0.9998922764469778,-0.0
2026-01-15 04:57:00+00:00,0.9998922764469778,0.0
2026-01-15 04:58:00+00:00,0.9998922764469778,0.0
2026-01-15 04:59:00+00:00,0.9998922764469778,0.0
2026-01-15 05:00:00+00:00,0.9998922764469778,-0.0
2026-01-15 05:01:00+00:00,0.9998922764469778,0.0
2026-01-15 05:02:00+00:00,0.9998922764469778,-0.0
2026-01-15 05:03:00+00:00,0.9998922764469778,0.0
2026-01-15 05:04:00+00:00,0.9998922764469778,-0.0
2026-01-15 05:05:00+00:00,0.9998922764469778,0.0
2026-01-15 05:06:00+00:00,0.9998922764469778,-0.0
2026-01-15 05:07:00+00:00,0.9998922764469778,-0.0
2026-01-15 05:08:00+00:00,0.9998922764469778,-0.0
2026-01-15 05:09:00+00:00,0.9998922764469778,-0.0
2026-01-15 05:10:00+00:00,0.9998922764469778,-0.0
2026-01-15 05:11:00+00:00,0.9998922764469778,-0.0
2026-01-15 05:12:00+00:00,0.9998922764469778,-0.0
2026-01-15 05:13:00+00:00,0.9998922764469778,-0.0
2026-01-15 05:14:00+00:00,0.9998922764469778,-0.0
2026-01-15 05:15:00+00:00,0.9998922764469778,0.0
2026-01-15 05:16:00+00:00,0.9998922764469778,-0.0
2026-01-15 05:17:00+00:00,0.9998922764469778,-0.0
2026-01-15 05:18:00+00:00,0.9998922764469778,0.0
2026-01-15 05:19:00+00:00,0.9998922764469778,0.0
2026-01-15 05:20:00+00:00,0.9998922764469778,-0.0
2026-01-15 05:21:00+00:00,0.9998922764469778,-0.0
2026-01-15 05:22:00+00:00,0.9998922764469778,-0.0
2026-01-15 05:23:00+00:00,0.9998922764469778,0.0
2026-01-15 05:24:00+00:00,0.9998922764469778,0.0
2026-01-15 05:25:00+00:00,0.9998922764469778,-0.0
2026-01-15 05:26:00+00:00,0.9998922764469778,-0.0
2026-01-15 05:27:00+00:00,0.9998922764469778,0.0
2026-01-15 05:28:00+00:00,0.9998922764469778,-0.0
2026-01-15 05:29:00+00:00,0.9998922764469778,-0.0
2026-01-15 05:30:00+00:00,0.9998922764469778,0.0
2026-01-15 05:31:00+00:00,0.9998922764469778,0.0
2026-01-15 05:32:00+00:00,0.9998922764469778,0.0
2026-01-15 05:33:00+00:00,0.9998922764469778,-0.0
2026-01-15 05:34:00+00:00,0.9998922764469778,-0.0
2026-01-15 05:35:00+00:00,0.9998922764469778,0.0
2026-01-15 05:36:00+00:00,0.9998922764469778,-0.0
2026-01-15 05:37:00+00:00,0.9998922764469778,-0.0
2026-01-15 05:38:00+00:00,0.9998922764469778,0.0
2026-01-15 05:39:00+00:00,0.9998922764469778,-0.0
2026-01-15 05:40:00+00:00,0.9998922764469778,-0.0
2026-01-15 05:41:00+00:00,0.9998922764469778,0.0
2026-01-15 05:42:00+00:00,0.9998922764469778,0.0
2026-01-15 05:43:00+00:00,0.9998922764469778,0.0
2026-01-15 05:44:00+00:00,0.9998922764469778,0.0
2026-01-15 05:45:00+00:00,0.9998922764469778,-0.0
2026-01-15 05:46:00+00:00,0.9998922764469778,-0.0
2026-01-15 05:47:00+00:00,0.9998922764469778,0.0
2026-01-15 05:48:00+00:00,0.9998922764469778,0.0
2026-01-15 05:49:00+00:00,0.9998922764469778,-0.0
2026-01-15 05:50:00+00:00,0.9998922764469778,-0.0
2026-01-15 05:51:00+00:00,0.9998922764469778,0.0
2026-01-15 05:52:00+00:00,0.9998922764469778,0.0
2026-01-15 05:53:00+00:00,0.9998922764469778,-0.0
2026-01-15 05:54:00+00:00,0.9998922764469778,-0.0
2026-01-15 05:55:00+00:00,0.9998922764469778,-0.0
2026-01-15 05:56:00+00:00,0.9998922764469778,0.0
2026-01-15 05:57:00+00:00,0.9998922764469778,0.0
2026-01-15 05:58:00+00:00,0.9998922764469778,-0.0
2026-01-15 05:59:00+00:00,0.9998922764469778,0.0
2026-01-15 06:00:00+00:00,0.9998922764469778,-0.0
2026-01-15 06:01:00+00:00,0.9998922764469778,-0.0
2026-01-15 06:02:00+00:00,0.9998922764469778,-0.0
2026-01-15 06:03:00+00:00,0.9998922764469778,0.0
2026-01-15 06:04:00+00:00,0.9998922764469778,0.0
2026-01-15 06:05:00+00:00,0.9998922764469778,-0.0
2026-01-15 06:06:00+00:00,0.9998922764469778,0.0
2026-01-15 06:07:00+00:00,0.9998922764469778,0.0
2026-01-15 06:08:00+00:00,0.9998922764469778,-0.0
2026-01-15 06:09:00+00:00,0.9998922764469778,-0.0
2026-01-15 06:10:00+00:00,0.9998922764469778,0.0
2026-01-15 06:11:00+00:00,0.9998922764469778,0.0
2026-01-15 06:12:00+00:00,0.9998922764469778,-0.0
2026-01-15 06:13:00+00:00,0.9998922764469778,-0.0
2026-01-15 06:14:00+00:00,0.9998922764469778,0.0
2026-01-15 06:15:00+00:00,0.9998922764469778,-0.0
2026-01-15 06:16:00+00:00,0.9998922764469778,0.0
2026-01-15 06:17:00+00:00,0.9998922764469778,0.0
2026-01-15 06:18:00+00:00,0.9998922764469778,-0.0
2026-01-15 06:19:00+00:00,0.9998922764469778,0.0
2026-01-15 06:20:00+00:00,0.9998922764469778,0.0
2026-01-15 06:21:00+00:00,0.9998922764469778,-0.0
2026-01-15 06:22:00+00:00,0.9998922764469778,-0.0
2026-01-15 06:23:00+00:00,0.9998922764469778,-0.0
2026-01-15 06:24:00+00:00,0.9998922764469778,0.0
2026-01-15 06:25:00+00:00,0.9998922764469778,-0.0
2026-01-15 06:26:00+00:00,0.9998922764469778,0.0
2026-01-15 06:27:00+00:00,0.9998922764469778,0.0
2026-01-15 06:28:00+00:00,0.9998922764469778,-0.0
2026-01-15 06:29:00+00:00,0.9998922764469778,-0.0
2026-01-15 06:30:00+00:00,0.9998922764469778,-0.0
2026-01-15 06:31:00+00:00,0.9998922764469778,-0.0
2026-01-15 06:32:00+00:00,0.9998922764469778,0.0
2026-01-15 06:33:00+00:00,0.9998922764469778,-0.0
2026-01-15 06:34:00+00:00,0.9998922764469778,0.0
2026-01-15 06:35:00+00:00,0.9998851849046015,-7.092306384630645e-06
2026-01-15 06:36:00+00:00,0.9998971047537315,1.1921217865761769e-05
2026-01-15 06:37:00+00:00,0.9998876505979274,-9.455128691864297e-06
2026-01-15 06:38:00+00:00,0.9998843598982479,-3.291069429207732e-06
2026-01-15 06:39:00+00:00,0.9998920265448845,7.667533310997462e-06
2026-01-15 06:40:00+00:00,0.9998865581916645,-5.468943720803546e-06
2026-01-15 06:41:00+00:00,0.9998858756263519,-6.826427529232027e-07
2026-01-15 06:42:00+00:00,0.9998930768634168,7.202058995462402e-06
2026-01-15 06:43:00+00:00,0.9998759318999422,-1.7146796863896854e-05
2026-01-15 06:44:00+00:00,0.9998724527221842,-3.4796094665704004e-06
2026-01-15 06:45:00+00:00,0.9998782374281348,5.785443868304395e-06
2026-01-15 06:46:00+00:00,0.9998822627605526,4.025822612322767e-06
2026-01-15 06:47:00+00:00,0.9998964136330495,1.4152538777742162e-05
2026-01-15 06:48:00+00:00,0.9998897180756846,-6.696251005251629e-06
2026-01-15 06:49:00+00:00,0.999893649979937,3.932337918257071e-06
2026-01-15 06:50:00+00:00,0.9998905396553548,-3.110655400524682e-06
2026-01-15 06:51:00+00:00,0.9998902181911787,-3.214993674646284e-07
2026-01-15 06:52:00+00:00,0.9998905682903143,3.501375743172304e-07
2026-01-15 06:53:00+00:00,0.9998871531821236,-3.4154819526954224e-06
2026-01-15 06:54:00+00:00,0.9999071515469032,2.000062178602021e-05
2026-01-15 06:55:00+00:00,0.9998991685749155,-7.983713263116323e-06
2026-01-15 06:56:00+00:00,0.9998964186183087,-2.750233916709528e-06
2026-01-15 06:57:00+00:00,0.9999022117195031,5.793701313970611e-06
2026-01-15 06:58:00+00:00,0.999883180122818,-1.9033457934334382e-05
2026-01-15 06:59:00+00:00,0.9998648122079498,-1.8370060856442585e-05
2026-01-15 07:00:00+00:00,0.9998706715882089,5.860172482777629e-06
2026-01-15 07:01:00+00:00,0.9998663842646833,-4.287878069959781e-06
2026-01-15 07:02:00+00:00,0.9998723792254952,5.995761939954269e-06
2026-01-15 07:03:00+00:00,0.9998778736557823,5.495131579944184e-06
2026-01-15 07:04:00+00:00,0.9998714941151047,-6.380319882718204e-06
2026-01-15 07:05:00+00:00,0.9998582543947396,-1.3241421965708108e-05
2026-01-15 07:06:00+00:00,0.9998606024946411,2.3484327816310074e-06
2026-01-15 07:07:00+00:00,0.9998451600320356,-1.5444615546372743e-05
2026-01-15 07:08:00+00:00,0.9998674134242332,2.2256838445913608e-05
2026-01-15 07:09:00+00:00,0.9998765966939033,9.184487409687955e-06
2026-01-15 07:10:00+00:00,0.9998646936953006,-1.1904467653283331e-05
2026-01-15 07:11:00+00:00,0.9998609965578537,-3.697637760609413e-06
2026-01-15 07:12:00+00:00,0.9998593535754566,-1.6432108089981712e-06
2026-01-15 07:13:00+00:00,0.9998562658322722,-3.088177525535309e-06
2026-01-15 07:14:00+00:00,0.9998430638072514,-1.3203922875604742e-05
2026-01-15 07:15:00+00:00,0.9998576116591695,1.4550135361061603e-05
2026-01-15 07:16:00+00:00,0.999881501994104,2.3893737123912757e-05
2026-01-15 07:17:00+00:00,0.9998710509528317,-1.0452279846601158e-05
2026-01-15 07:18:00+00:00,0.999865962132395,-5.089476719800772e-06
2026-01-15 07:19:00+00:00,0.9998595087717898,-6.454225715882981e-06
2026-01-15 07:20:00+00:00,0.9998679527129883,8.445127664985018e-06
2026-01-15 07:21:00+00:00,0.9998761501338317,8.19850343345361e-06
2026-01-15 07:22:00+00:00,0.9998664952352372,-9.656094500492142e-06
2026-01-15 07:23:00+00:00,0.9998770143311837,1.0520500483549077e-05
2026-01-15 07:24:00+00:00,0.9998704159820082,-6.599160777769406e-06
2026-01-15 07:25:00+00:00,0.9998838155053491,1.3401259929920169e-05
2026-01-15 07:26:00+00:00,0.9998990550570014,1.5241322457701593e-05
2026-01-15 07:27:00+00:00,0.9998921475879817,-6.908166364103756e-06
2026-01-15 07:28:00+00:00,0.9998782746453431,-1.387443903036246e-05
2026-01-15 07:29:00+00:00,0.9998820238521006,3.7496631865399195e-06
2026-01-15 07:30:00+00:00,0.9998905997373039,8.576897072610428e-06
2026-01-15 07:31:00+00:00,0.999908010418207,1.7412585844475052e-05
2026-01-15 07:32:00+00:00,0.9999191820750106,1.1172684574068911e-05
2026-01-15 07:33:00+00:00,0.9999210663484227,1.8844257073733633e-06
2026-01-15 07:34:00+00:00,0.9999219452369236,8.789578803282545e-07
2026-01-15 07:35:00+00:00,0.999925641626917,3.6966785368994666e-06
2026-01-15 07:36:00+00:00,0.9999153331206853,-1.0309272812523099e-05
2026-01-15 07:37:00+00:00,0.9999103449521205,-4.988590933223185e-06
2026-01-15 07:38:00+00:00,0.9999247576674697,1.4414007637735923e-05
2026-01-15 07:39:00+00:00,0.9999327392743084,7.98220743859485e-06
2026-01-15 07:40:00+00:00,0.9999292375100822,-3.501999773197701e-06
2026-01-15 07:41:00+00:00,0.9999410154098916,1.1778733301853506e-05
2026-01-15 07:42:00+00:00,0.9999134044829031,-2.761255570375105e-05
2026-01-15 07:43:00+00:00,0.9999123325421191,-1.0720336173717079e-06
2026-01-15 07:44:00+00:00,0.9999085410032623,-3.79187128057074e-06
2026-01-15 07:45:00+00:00,0.9999146557622373,6.115318275665418e-06
2026-01-15 07:46:00+00:00,0.9999012174772853,-1.3439431929971678e-05
2026-01-15 07:47:00+00:00,0.9998865621228192,-1.4656802301944134e-05
2026-01-15 07:48:00+00:00,0.9998967348740581,1.0173905344986683e-05
2026-01-15 07:49:00+00:00,0.9998804633995744,-1.6273154933185027e-05
2026-01-15 07:50:00+00:00,0.9998776156686667,-2.8480713563712323e-06
2026-01-15 07:51:00+00:00,0.9998890386591732,1.1424388672671241e-05
2026-01-15 07:52:00+00:00,0.9998909121749423,1.8737236800546301e-06
2026-01-15 07:53:00+00:00,0.999899043702784,8.132414989164319e-06
2026-01-15 07:54:00+00:00,0.9998954992099091,-3.5448507499449755e-06
2026-01-15 07:55:00+00:00,0.9999079031868028,1.2405273254619814e-05
2026-01-15 07:56:00+00:00,0.9998919598773344,-1.5944777931615856e-05
2026-01-15 07:57:00+00:00,0.9999048648852704,1.2906402345343204e-05
2026-01-15 07:58:00+00:00,0.9998942231323975,-1.0642765373607243e-05
2026-01-15 07:59:00+00:00,0.9999242506653414,3.003070949833887e-05
2026-01-15 08:00:00+00:00,0.9998938823413115,-3.0370624584558e-05
2026-01-15 08:01:00+00:00,0.9998888905855462,-4.992285534990492e-06
2026-01-15 08:02:00+00:00,0.9998867791473471,-2.1116728258072936e-06
2026-01-15 08:03:00+00:00,0.9998921397707683,5.3612304243752075e-06
2026-01-15 08:04:00+00:00,0.9999013030663333,9.164284026709028e-06
2026-01-15 08:05:00+00:00,0.9999021155427216,8.125565850807265e-07
2026-01-15 08:06:00+00:00,0.9999006165280504,-1.4991614158171618e-06
2026-01-15 08:07:00+00:00,0.9998887043323766,-1.1913379666792765e-05
2026-01-15 08:08:00+00:00,0.9998984694384999,9.766193058229697e-06
2026-01-15 08:09:00+00:00,0.9998976419903167,-8.275322029395678e-07
2026-01-15 08:10:00+00:00,0.9998896563078223,-7.986499976615484e-06
2026-01-15 08:11:00+00:00,0.9999049247356153,1.527011275363998e-05
2026-01-15 08:12:00+00:00,0.9998936692727507,-1.1256533082495415e-05
2026-01-15 08:13:00+00:00,0.9999079224272168,1.425467017546642e-05
2026-01-15 08:14:00+00:00,0.9998970872374908,-1.0836187495905313e-05
2026-01-15 08:15:00+00:00,0.9998949723622178,-2.115092943086171e-06
2026-01-15 08:16:00+00:00,0.9998963074489104,1.3352269284244774e-06
2026-01-15 08:17:00+00:00,0.9998999992113631,3.692145300550422e-06
2026-01-15 08:18:00+00:00,0.999906327318927,6.3287404430557936e-06
2026-01-15 08:19:00+00:00,0.999909073266653,2.7462049702840975e-06
2026-01-15 08:20:00+00:00,0.9999103695240956,1.2963753178181988e-06
2026-01-15 08:21:00+00:00,0.9998970404924477,-1.3330226442489633e-05
2026-01-15 08:22:00+00:00,0.9999096741889534,1.2634997398736913e-05
2026-01-15 08:23:00+00:00,0.9998956531513125,-1.4022304216894621e-05
2026-01-15 08:24:00+00:00,0.9999123043640828,1.6652950453212674e-05
2026-01-15 08:25:00+00:00,0.9998994101994753,-1.2895295468740292e-05
2026-01-15 08:26:00+00:00,0.9998914639899384,-7.947008924778568e-06
2026-01-15 08:27:00+00:00,0.9998912204162791,-2.4360009878084264e-07
2026-01-15 08:28:00+00:00,0.9998878744948648,-3.3462854217594874e-06
2026-01-15 08:29:00+00:00,0.9998651830034191,-2.269403602597718e-05
2026-01-15 08:30:00+00:00,0.9998751520097032,9.970350456835055e-06
2026-01-15 08:31:00+00:00,0.9998870202601295,1.1869732338589046e-05
2026-01-15 08:32:00+00:00,0.9998590754603949,-2.7947957287664423e-05
2026-01-15 08:33:00+00:00,0.99985235519925,-6.721208328131193e-06
2026-01-15 08:34:00+00:00,0.9998740615354618,2.1709541512595956e-05
2026-01-15 08:35:00+00:00,0.9998600664618563,-1.39968363455157e-05
2026-01-15 08:36:00+00:00,0.9998726623443204,1.2597645297080627e-05
2026-01-15 08:37:00+00:00,0.9998677690556856,-4.893911814037453e-06
2026-01-15 08:38:00+00:00,0.99985410049983,-1.3670363500689558e-05
2026-01-15 08:39:00+00:00,0.9998747582564046,2.0660770970788403e-05
2026-01-15 08:40:00+00:00,0.9998721372832371,-2.6213014638449362e-06
2026-01-15 08:41:00+00:00,0.9998708991973816,-1.2382441807347808e-06
2026-01-15 08:42:00+00:00,0.9998867610404473,1.586389110677699e-05
2026-01-15 08:43:00+00:00,0.9998755694330084,-1.11928749083114e-05
2026-01-15 08:44:00+00:00,0.999861272650083,-1.4298562103566263e-05
2026-01-15 08:45:00+00:00,0.9998577707177303,-3.5024182338839057e-06
2026-01-15 08:46:00+00:00,0.9998681214275621,1.0352182215229911e-05
2026-01-15 08:47:00+00:00,0.9998833604941897,1.5241076599019952e-05
2026-01-15 08:48:00+00:00,0.99986818894144,-1.5173322558519998e-05
2026-01-15 08:49:00+00:00,0.9998991609643877,3.097610594086602e-05
2026-01-15 08:50:00+00:00,0.9998619101396111,-3.725458149259212e-05
2026-01-15 08:51:00+00:00,0.9998601628673609,-1.74751356407671e-06
2026-01-15 08:52:00+00:00,0.9998701038278472,9.942350796113173e-06
2026-01-15 08:53:00+00:00,0.9998676995744064,-2.4045657848245893e-06
2026-01-15 08:54:00+00:00,0.9998880187687237,2.032188291107864e-05
2026-01-15 08:55:00+00:00,0.9998852490472359,-2.7700316793296936e-06
2026-01-15 08:56:00+00:00,0.9998788834588274,-6.366318949675685e-06
2026-01-15 08:57:00+00:00,0.9998762833010464,-2.600472741263873e-06
2026-01-15 08:58:00+00:00,0.9998746565407889,-1.6269615398224383e-06
2026-01-15 08:59:00+00:00,0.9998833107356473,8.655279741200508e-06
2026-01-15 09:00:00+00:00,0.9998943216732346,1.1012222595331037e-05
2026-01-15 09:01:00+00:00,0.9998774123612281,-1.6911099143181798e-05
2026-01-15 09:02:00+00:00,0.9998884450090786,1.1034000482704784e-05
2026-01-15 09:03:00+00:00,0.9998721986869827,-1.624813465638631e-05
2026-01-15 09:04:00+00:00,0.9998844449797815,1.2247858091158484e-05
2026-01-15 09:05:00+00:00,0.9999079608956914,2.3518633606192487e-05
2026-01-15 09:06:00+00:00,0.9998992289321704,-8.73276727709071e-06
2026-01-15 09:07:00+00:00,0.9998968246830288,-2.4044914448095288e-06
2026-01-15 09:08:00+00:00,0.9998995134603322,2.689054747437945e-06
2026-01-15 09:09:00+00:00,0.9998990798615085,-4.336423990158009e-07
2026-01-15 09:10:00+00:00,0.999883240670459,-1.584078970423382e-05
2026-01-15 09:11:00+00:00,0.9998908884049885,7.648627578102757e-06
2026-01-15 09:12:00+00:00,0.9998972738631727,6.386154987689086e-06
2026-01-15 09:13:00+00:00,0.9998974065134576,1.3266391292985022e-07
2026-01-15 09:14:00+00:00,0.9998866172527981,-1.0790367680910066e-05
2026-01-15 09:15:00+00:00,0.9999020011591393,1.5385650808582263e-05
2026-01-15 09:16:00+00:00,0.9999061695666845,4.168816084274957e-06
2026-01-15 09:17:00+00:00,0.9998956775748583,-1.0492976386802586e-05
2026-01-15 09:18:00+00:00,0.9998947112040416,-9.664716414138469e-07
2026-01-15 09:19:00+00:00,0.9998983285075107,3.617684370831903e-06
2026-01-15 09:20:00+00:00,0.9998919011066846,-6.42805437603388e-06
2026-01-15 09:21:00+00:00,0.9998883580910466,-3.5433986754549492e-06
2026-01-15 09:22:00+00:00,0.9998909984944665,2.640698232499222e-06
2026-01-15 09:23:00+00:00,0.9998795942514942,-1.140548618751228e-05
2026-01-15 09:24:00+00:00,0.9998861771439388,6.583685158157311e-06
2026-01-15 09:25:00+00:00,0.999884949515566,-1.2277681209793517e-06
2026-01-15 09:26:00+00:00,0.999883749999355,-1.1996542316826436e-06
2026-01-15 09:27:00+00:00,0.9998891673839926,5.41801448180259e-06
2026-01-15 09:28:00+00:00,0.9998710442934505,-1.812509939421125e-05
2026-01-15 09:29:00+00:00,0.9998601826860016,-1.0863008295749213e-05
2026-01-15 09:30:00+00:00,0.999873771718724,1.3590932970244564e-05
2026-01-15 09:31:00+00:00,0.9998767828772884,3.0115387057650584e-06
2026-01-15 09:32:00+00:00,0.999887979516612,1.1198019111287738e-05
2026-01-15 09:33:00+00:00,0.9998890112064109,1.0318053822731207e-06
2026-01-15 09:34:00+00:00,0.9998734669200698,-1.554601177424763e-05
2026-01-15 09:35:00+00:00,0.999878591511806,5.125240248547809e-06
2026-01-15 09:36:00+00:00,0.9998870162106119,8.425721759989614e-06
2026-01-15 09:37:00+00:00,0.9998514852856344,-3.553493984977662e-05
2026-01-15 09:38:00+00:00,0.9998510173734952,-4.6798164133363035e-07
2026-01-15 09:39:00+00:00,0.9998584304198801,7.414150964554275e-06
2026-01-15 09:40:00+00:00,0.9998370516214953,-2.1381825400921417e-05
2026-01-15 09:41:00+00:00,0.9998186626298651,-1.8391988574921156e-05
2026-01-15 09:42:00+00:00,0.9998522769341344,3.362040090429719e-05
2026-01-15 09:43:00+00:00,0.9998555489400253,3.2724893130849096e-06
2026-01-15 09:44:00+00:00,0.9998287348577317,-2.6817956175731638e-05
2026-01-15 09:45:00+00:00,0.9998465022427218,1.7770428445056337e-05
2026-01-15 09:46:00+00:00,0.9998502488529492,3.747185412018341e-06
2026-01-15 09:47:00+00:00,0.9998544475572227,4.199333128590194e-06
2026-01-15 09:48:00+00:00,0.9998320384811691,-2.24123382242186e-05
2026-01-15 09:49:00+00:00,0.9998733605235339,4.1328984043671216e-05
2026-01-15 09:50:00+00:00,0.9998676123448035,-5.748906768949541e-06
2026-01-15 09:51:00+00:00,0.9998909748730477,2.3365621564010088e-05
2026-01-15 09:52:00+00:00,0.9998806656468927,-1.0310350242278982e-05
2026-01-15 09:53:00+00:00,0.9998623998563821,-1.8267970506973935e-05
2026-01-15 09:54:00+00:00,0.999851810254263,-1.059105945048881e-05
2026-01-15 09:55:00+00:00,0.9998807010118324,2.8895039517955477e-05
2026-01-15 09:56:00+00:00,0.9998553816441119,-2.53223886557949e-05
2026-01-15 09:57:00+00:00,0.9998566753449416,1.2938879497772745e-06
2026-01-15 09:58:00+00:00,0.9998654063635007,8.732270108766109e-06
2026-01-15 09:59:00+00:00,0.9998627111244242,-2.695601887508231e-06
2026-01-15 10:00:00+00:00,0.9998718377347366,9.12786346660547e-06
2026-01-15 10:01:00+00:00,0.9998827648653622,1.0928531250914007e-05
2026-01-15 10:02:00+00:00,0.9998848616410596,2.0970215419320667e-06
2026-01-15 10:03:00+00:00,0.9998707304303913,-1.4132837900043892e-05
2026-01-15 10:04:00+00:00,0.9998691295312518,-1.60110611382469e-06
2026-01-15 10:05:00+00:00,0.9998512268409193,-1.790503357268463e-05
2026-01-15 10:06:00+00:00,0.9998588745367609,7.648833782821428e-06
2026-01-15 10:07:00+00:00,0.9998551395015381,-3.7355624057665824e-06
2026-01-15 10:08:00+00:00,0.9998353695090098,-1.9772856834281688e-05
2026-01-15 10:09:00+00:00,0.9998184695253838,-1.6902766336745928e-05
2026-01-15 10:10:00+00:00,0.9998024849452065,-1.5987482392463968e-05
2026-01-15 10:11:00+00:00,0.999809026137364,6.542484396685464e-06
2026-01-15 10:12:00+00:00,0.9998076025497425,-1.4238595413686136e-06
2026-01-15 10:13:00+00:00,0.9998324913949377,2.4893634667053457e-05
2026-01-15 10:14:00+00:00,0.9998247875665125,-7.705119099014312e-06
2026-01-15 10:15:00+00:00,0.999812537958502,-1.2251754670184565e-05
2026-01-15 10:16:00+00:00,0.9998115956395508,-9.424956333365891e-07
2026-01-15 10:17:00+00:00,0.9998096233497897,-1.972661419047571e-06
2026-01-15 10:18:00+00:00,0.9998108230370608,1.1999157070356286e-06
2026-01-15 10:19:00+00:00,0.9997913336256385,-1.9493099067534017e-05
2026-01-15 10:20:00+00:00,0.9997907381312738,-5.956186503433877e-07
2026-01-15 10:21:00+00:00,0.9997788155463981,-1.1925080340260288e-05
2026-01-15 10:22:00+00:00,0.9997926855952542,1.387311737406304e-05
2026-01-15 10:23:00+00:00,0.9997917597102103,-9.260770330811444e-07
2026-01-15 10:24:00+00:00,0.9997822939832322,-9.467698534436978e-06
2026-01-15 10:25:00+00:00,0.9997990779683892,1.6787639927228036e-05
2026-01-15 10:26:00+00:00,0.9997975167827814,-1.5614993473455357e-06
2026-01-15 10:27:00+00:00,0.9998025744619081,5.058703429220931e-06
2026-01-15 10:28:00+00:00,0.9998020157458279,-5.588264067843671e-07
2026-01-15 10:29:00+00:00,0.9998117861880212,9.772376970131984e-06
2026-01-15 10:30:00+00:00,0.9998001645739449,-1.162380183636723e-05
2026-01-15 10:31:00+00:00,0.9997861574840842,-1.4009889533087683e-05
2026-01-15 10:32:00+00:00,0.999798436169834,1.2281312016547698e-05
2026-01-15 10:33:00+00:00,0.9998047532480522,6.318351769414998e-06
2026-01-15 10:34:00+00:00,0.9997994058029425,-5.3484893849231754e-06
2026-01-15 10:35:00+00:00,0.9997957188449523,-3.687697720906235e-06
2026-01-15 10:36:00+00:00,0.9997855915865319,-1.0129327651240328e-05
2026-01-15 10:37:00+00:00,0.9997894840354445,3.893283665484839e-06
2026-01-15 10:38:00+00:00,0.9997972234826894,7.74107686497439e-06
2026-01-15 10:39:00+00:00,0.9998064451363665,9.223523991341836e-06
2026-01-15 10:40:00+00:00,0.9998050152967088,-1.4301164637008376e-06
2026-01-15 10:41:00+00:00,0.9997895747357068,-1.544357226232666e-05
2026-01-15 10:42:00+00:00,0.9998057946657224,1.622334381698283e-05
2026-01-15 10:43:00+00:00,0.9998138567781678,8.063678454662858e-06
2026-01-15 10:44:00+00:00,0.9998022849103179,-1.1574022275702783e-05
2026-01-15 10:45:00+00:00,0.9998053337857613,3.0494783713961897e-06
2026-01-15 10:46:00+00:00,0.9997995067355175,-5.828184794400758e-06
2026-01-15 10:47:00+00:00,0.9998046020875809,5.0963738520387e-06
2026-01-15 10:48:00+00:00,0.9998199836514239,1.5384569955843007e-05
2026-01-15 10:49:00+00:00,0.9998233130578055,3.3300058371586274e-06
2026-01-15 10:50:00+00:00,0.9998323669052173,9.055447390993107e-06
2026-01-15 10:51:00+00:00,0.999829133560746,-3.233886577589753e-06
2026-01-15 10:52:00+00:00,0.9998386023318759,9.4703893017286e-06
2026-01-15 10:53:00+00:00,0.999829722588939,-8.881176338149274e-06
2026-01-15 10:54:00+00:00,0.9998519227953542,2.2203987252574678e-05
2026-01-15 10:55:00+00:00,0.9998339865776482,-1.7938874044338798e-05
2026-01-15 10:56:00+00:00,0.9998346331489606,6.466786697980588e-07
2026-01-15 10:57:00+00:00,0.9998496629713646,1.50323082494395e-05
2026-01-15 10:58:00+00:00,0.9998486142887786,-1.0488402655779904e-06
2026-01-15 10:59:00+00:00,0.999847805352466,-8.090587925515195e-07
2026-01-15 11:00:00+00:00,0.9998459196952463,-1.8859442503679918e-06
2026-01-15 11:01:00+00:00,0.9998541490740448,8.230646979104845e-06
2026-01-15 11:02:00+00:00,0.9998515258594746,-2.6235972243204985e-06
2026-01-15 11:03:00+00:00,0.999839651333932,-1.187628886437801e-05
2026-01-15 11:04:00+00:00,0.9998553257686836,1.5676948529371777e-05
2026-01-15 11:05:00+00:00,0.9998649235468904,9.59916695881599e-06
2026-01-15 11:06:00+00:00,0.9998530733588753,-1.1851788912724436e-05
2026-01-15 11:07:00+00:00,0.9998523024683286,-7.710038277353879e-07
2026-01-15 11:08:00+00:00,0.9998570729131342,4.771149492537788e-06
2026-01-15 11:09:00+00:00,0.9998477044261949,-9.3698261412763e-06
2026-01-15 11:10:00+00:00,0.9998594626755201,1.1760040327218265e-05
2026-01-15 11:11:00+00:00,0.9998532521832061,-6.2113652426058906e-06
2026-01-15 11:12:00+00:00,0.9998517632735906,-1.4891281417868277e-06
2026-01-15 11:13:00+00:00,0.9998557926329456,4.029956742577555e-06
2026-01-15 11:14:00+00:00,0.9998587911484671,2.998947991969845e-06
2026-01-15 11:15:00+00:00,0.9998581675992193,-6.236373109337693e-07
2026-01-15 11:16:00+00:00,0.9998494851849723,-8.683645869351753e-06
2026-01-15 11:17:00+00:00,0.9998459025686884,-3.583155601943621e-06
2026-01-15 11:18:00+00:00,0.9998604039193212,1.4503585598004932e-05
2026-01-15 11:19:00+00:00,0.9998819905402816,2.1589634788814245e-05
2026-01-15 11:20:00+00:00,0.9998811922784427,-7.983560524042228e-07
2026-01-15 11:21:00+00:00,0.9998757090279565,-5.483902016201117e-06
2026-01-15 11:22:00+00:00,0.9998827806936131,7.072544710040573e-06
2026-01-15 11:23:00+00:00,0.9998688710955208,-1.3911228756958633e-05
2026-01-15 11:24:00+00:00,0.9998861954912881,1.7326667794306594e-05
2026-01-15 11:25:00+00:00,0.9998673311337828,-1.886650459854683e-05
2026-01-15 11:26:00+00:00,0.9998853454357661,1.8016692237461263e-05
2026-01-15 11:27:00+00:00,0.9998871548534856,1.8096252012830113e-06
2026-01-15 11:28:00+00:00,0.999891195429073,4.041031598225411e-06
2026-01-15 11:29:00+00:00,0.9999017285874747,1.0534304582304685e-05
2026-01-15 11:30:00+00:00,0.9999017285874747,-0.0
2026-01-15 11:31:00+00:00,0.9999017285874747,0.0
2026-01-15 11:32:00+00:00,0.9999017285874747,0.0
2026-01-15 11:33:00+00:00,0.9999017285874747,-0.0
2026-01-15 11:34:00+00:00,0.9999017285874747,0.0
2026-01-15 11:35:00+00:00,0.9999017285874747,-0.0
2026-01-15 11:36:00+00:00,0.9999017285874747,0.0
2026-01-15 11:37:00+00:00,0.9999017285874747,0.0
2026-01-15 11:38:00+00:00,0.9999017285874747,-0.0
2026-01-15 11:39:00+00:00,0.9999017285874747,-0.0
2026-01-15 11:40:00+00:00,0.9999017285874747,-0.0
2026-01-15 11:41:00+00:00,0.9999017285874747,-0.0
2026-01-15 11:42:00+00:00,0.9999017285874747,-0.0
2026-01-15 11:43:00+00:00,0.9999017285874747,-0.0
2026-01-15 11:44:00+00:00,0.9999017285874747,0.0
2026-01-15 11:45:00+00:00,0.9999017285874747,-0.0
2026-01-15 11:46:00+00:00,0.9999017285874747,-0.0
2026-01-15 11:47:00+00:00,0.9999017285874747,0.0
2026-01-15 11:48:00+00:00,0.9999017285874747,-0.0
2026-01-15 11:49:00+00:00,0.9999017285874747,-0.0
2026-01-15 11:50:00+00:00,0.9999017285874747,-0.0
2026-01-15 11:51:00+00:00,0.9999017285874747,0.0
2026-01-15 11:52:00+00:00,0.9999017285874747,-0.0
2026-01-15 11:53:00+00:00,0.9999017285874747,-0.0
2026-01-15 11:54:00+00:00,0.9999017285874747,-0.0
2026-01-15 11:55:00+00:00,0.9999017285874747,0.0
2026-01-15 11:56:00+00:00,0.9999017285874747,-0.0
2026-01-15 11:57:00+00:00,0.9999017285874747,0.0
2026-01-15 11:58:00+00:00,0.9999017285874747,-0.0
2026-01-15 11:59:00+00:00,0.9998945638147295,-7.165476906765263e-06
2026-01-15 12:00:00+00:00,0.9998978910675557,3.32760367597261e-06
2026-01-15 12:01:00+00:00,0.9999066127919277,8.722615029043382e-06
2026-01-15 12:02:00+00:00,0.9999133364487505,6.724284784929096e-06
2026-01-15 12:03:00+00:00,0.9999190669473238,5.7309952417505075e-06
2026-01-15 12:04:00+00:00,0.9999138424273933,-5.224942801024826e-06
2026-01-15 12:05:00+00:00,0.9999092278705989,-4.614954407724459e-06
2026-01-15 12:06:00+00:00,0.9999095498933894,3.2205202385824357e-07
2026-01-15 12:07:00+00:00,0.9999093758938415,-1.7401528758261374e-07
2026-01-15 12:08:00+00:00,0.9999178566026492,8.48147743395171e-06
2026-01-15 12:09:00+00:00,0.9999158339100951,-2.0228587186176934e-06
2026-01-15 12:10:00+00:00,0.9999240662845261,8.233067376139731e-06
2026-01-15 12:11:00+00:00,0.9999243223933928,2.5612831546109973e-07
2026-01-15 12:12:00+00:00,0.9999262525371913,1.9302898782331194e-06
2026-01-15 12:13:00+00:00,0.9999169235166092,-9.329708624295297e-06
2026-01-15 12:14:00+00:00,0.9999259957681778,9.073005322013884e-06
2026-01-15 12:15:00+00:00,0.9999397017655216,1.3707011720827003e-05
2026-01-15 12:16:00+00:00,0.9999383077532304,-1.3940963526944792e-06
2026-01-15 12:17:00+00:00,0.9999302054875807,-8.102765527512234e-06
2026-01-15 12:18:00+00:00,0.9999315191282601,1.3137323706334632e-06
2026-01-15 12:19:00+00:00,0.9999218332093385,-9.686582267157313e-06
2026-01-15 12:20:00+00:00,0.9999310205452615,9.18805412381214e-06
2026-01-15 12:21:00+00:00,0.9999244654313618,-6.555566099044374e-06
2026-01-15 12:22:00+00:00,0.9999274836199523,3.0184165854034957e-06
2026-01-15 12:23:00+00:00,0.9999314303264027,3.946992672102661e-06
2026-01-15 12:24:00+00:00,0.9999354997267714,4.06967942526879e-06
2026-01-15 12:25:00+00:00,0.9999347511859826,-7.48589072979587e-07
2026-01-15 12:26:00+00:00,0.999945224762358,1.047425980848235e-05
2026-01-15 12:27:00+00:00,0.999945224762358,-0.0
2026-01-15 12:28:00+00:00,0.999945224762358,0.0
2026-01-15 12:29:00+00:00,0.999945224762358,0.0
2026-01-15 12:30:00+00:00,0.999945224762358,0.0
2026-01-15 12:31:00+00:00,0.999945224762358,-0.0
2026-01-15 12:32:00+00:00,0.999945224762358,-0.0
2026-01-15 12:33:00+00:00,0.999945224762358,0.0
2026-01-15 12:34:00+00:00,0.999945224762358,0.0
2026-01-15 12:35:00+00:00,0.999945224762358,-0.0
2026-01-15 12:36:00+00:00,0.999945224762358,-0.0
2026-01-15 12:37:00+00:00,0.999945224762358,0.0
2026-01-15 12:38:00+00:00,0.999945224762358,-0.0
2026-01-15 12:39:00+00:00,0.999945224762358,0.0
2026-01-15 12:40:00+00:00,0.999945224762358,-0.0
2026-01-15 12:41:00+00:00,0.999945224762358,-0.0
2026-01-15 12:42:00+00:00,0.999945224762358,-0.0
2026-01-15 12:43:00+00:00,0.999945224762358,0.0
2026-01-15 12:44:00+00:00,0.999945224762358,-0.0
2026-01-15 12:45:00+00:00,0.999945224762358,0.0
2026-01-15 12:46:00+00:00,0.999945224762358,0.0
2026-01-15 12:47:00+00:00,0.999945224762358,0.0
2026-01-15 12:48:00+00:00,0.999945224762358,0.0
2026-01-15 12:49:00+00:00,0.999945224762358,-0.0
2026-01-15 12:50:00+00:00,0.999945224762358,0.0
2026-01-15 12:51:00+00:00,0.999945224762358,0.0
2026-01-15 12:52:00+00:00,0.999945224762358,-0.0
2026-01-15 12:53:00+00:00,0.999945224762358,0.0
2026-01-15 12:54:00+00:00,0.999945224762358,0.0
2026-01-15 12:55:00+00:00,0.999945224762358,-0.0
2026-01-15 12:56:00+00:00,0.999945224762358,0.0
2026-01-15 12:57:00+00:00,0.999945224762358,0.0
2026-01-15 12:58:00+00:00,0.999945224762358,0.0
2026-01-15 12:59:00+00:00,0.999945224762358,-0.0
2026-01-15 13:00:00+00:00,0.999945224762358,0.0
2026-01-15 13:01:00+00:00,0.999945224762358,0.0
2026-01-15 13:02:00+00:00,0.999945224762358,-0.0
2026-01-15 13:03:00+00:00,0.999945224762358,-0.0
2026-01-15 13:04:00+00:00,0.999945224762358,0.0
2026-01-15 13:05:00+00:00,0.999945224762358,-0.0
2026-01-15 13:06:00+00:00,0.999945224762358,0.0
2026-01-15 13:07:00+00:00,0.999945224762358,-0.0
2026-01-15 13:08:00+00:00,0.999945224762358,0.0
2026-01-15 13:09:00+00:00,0.999945224762358,0.0
2026-01-15 13:10:00+00:00,0.999945224762358,0.0
2026-01-15 13:11:00+00:00,0.999945224762358,-0.0
2026-01-15 13:12:00+00:00,0.999945224762358,0.0
2026-01-15 13:13:00+00:00,0.999945224762358,0.0
2026-01-15 13:14:00+00:00,0.999945224762358,-0.0
2026-01-15 13:15:00+00:00,0.999945224762358,0.0
2026-01-15 13:16:00+00:00,0.999945224762358,0.0
2026-01-15 13:17:00+00:00,0.999945224762358,-0.0
2026-01-15 13:18:00+00:00,0.999945224762358,0.0
2026-01-15 13:19:00+00:00,0.999945224762358,-0.0
2026-01-15 13:20:00+00:00,0.999945224762358,-0.0
2026-01-15 13:21:00+00:00,0.999945224762358,-0.0
2026-01-15 13:22:00+00:00,0.999945224762358,0.0
2026-01-15 13:23:00+00:00,0.999945224762358,0.0
2026-01-15 13:24:00+00:00,0.999945224762358,0.0
2026-01-15 13:25:00+00:00,0.999945224762358,-0.0
2026-01-15 13:26:00+00:00,0.999945224762358,0.0
2026-01-15 13:27:00+00:00,0.999945224762358,-0.0
2026-01-15 13:28:00+00:00,0.999945224762358,-0.0
2026-01-15 13:29:00+00:00,0.999945224762358,0.0
2026-01-15 13:30:00+00:00,0.999945224762358,-0.0
2026-01-15 13:31:00+00:00,0.999945224762358,-0.0
2026-01-15 13:32:00+00:00,0.999945224762358,0.0
2026-01-15 13:33:00+00:00,0.999945224762358,-0.0
2026-01-15 13:34:00+00:00,0.999945224762358,-0.0
2026-01-15 13:35:00+00:00,0.999945224762358,0.0
2026-01-15 13:36:00+00:00,0.999945224762358,0.0
2026-01-15 13:37:00+00:00,0.999945224762358,0.0
2026-01-15 13:38:00+00:00,0.999945224762358,0.0
2026-01-15 13:39:00+00:00,0.999945224762358,-0.0
2026-01-15 13:40:00+00:00,0.999945224762358,0.0
2026-01-15 13:41:00+00:00,0.999945224762358,0.0
2026-01-15 13:42:00+00:00,0.999945224762358,0.0
2026-01-15 13:43:00+00:00,0.999945224762358,-0.0
2026-01-15 13:44:00+00:00,0.999945224762358,0.0
2026-01-15 13:45:00+00:00,0.999945224762358,-0.0
2026-01-15 13:46:00+00:00,0.999945224762358,0.0
2026-01-15 13:47:00+00:00,0.999945224762358,0.0
2026-01-15 13:48:00+00:00,0.999945224762358,0.0
2026-01-15 13:49:00+00:00,0.999945224762358,-0.0
2026-01-15 13:50:00+00:00,0.999945224762358,0.0
2026-01-15 13:51:00+00:00,0.999945224762358,-0.0
2026-01-15 13:52:00+00:00,0.999945224762358,0.0
2026-01-15 13:53:00+00:00,0.999945224762358,-0.0
2026-01-15 13:54:00+00:00,0.999945224762358,0.0
2026-01-15 13:55:00+00:00,0.999945224762358,0.0
2026-01-15 13:56:00+00:00,0.999945224762358,-0.0
2026-01-15 13:57:00+00:00,0.999945224762358,-0.0
2026-01-15 13:58:00+00:00,0.999945224762358,-0.0
2026-01-15 13:59:00+00:00,0.999945224762358,0.0
2026-01-15 14:00:00+00:00,0.999945224762358,0.0
2026-01-15 14:01:00+00:00,0.999945224762358,0.0
2026-01-15 14:02:00+00:00,0.999945224762358,0.0
2026-01-15 14:03:00+00:00,0.999945224762358,0.0
2026-01-15 14:04:00+00:00,0.999945224762358,0.0
2026-01-15 14:05:00+00:00,0.999945224762358,-0.0
2026-01-15 14:06:00+00:00,0.999945224762358,0.0
2026-01-15 14:07:00+00:00,0.999945224762358,0.0
2026-01-15 14:08:00+00:00,0.999945224762358,0.0
2026-01-15 14:09:00+00:00,0.999945224762358,-0.0
2026-01-15 14:10:00+00:00,0.999945224762358,-0.0
2026-01-15 14:11:00+00:00,0.999945224762358,0.0
2026-01-15 14:12:00+00:00,0.999945224762358,-0.0
2026-01-15 14:13:00+00:00,0.999945224762358,0.0
2026-01-15 14:14:00+00:00,0.999945224762358,0.0
2026-01-15 14:15:00+00:00,0.999945224762358,0.0
2026-01-15 14:16:00+00:00,0.999945224762358,-0.0
2026-01-15 14:17:00+00:00,0.999945224762358,-0.0
2026-01-15 14:18:00+00:00,0.999945224762358,0.0
2026-01-15 14:19:00+00:00,0.999945224762358,-0.0
2026-01-15 14:20:00+00:00,0.999945224762358,-0.0
2026-01-15 14:21:00+00:00,0.999945224762358,-0.0
2026-01-15 14:22:00+00:00,0.999945224762358,0.0
2026-01-15 14:23:00+00:00,0.999945224762358,-0.0
2026-01-15 14:24:00+00:00,0.999945224762358,-0.0
2026-01-15 14:25:00+00:00,0.999945224762358,-0.0
2026-01-15 14:26:00+00:00,0.999945224762358,0.0
2026-01-15 14:27:00+00:00,0.999945224762358,-0.0
2026-01-15 14:28:00+00:00,0.999945224762358,-0.0
2026-01-15 14:29:00+00:00,0.999945224762358,0.0
2026-01-15 14:30:00+00:00,0.999945224762358,0.0
2026-01-15 14:31:00+00:00,0.999945224762358,-0.0
2026-01-15 14:32:00+00:00,0.999945224762358,-0.0
2026-01-15 14:33:00+00:00,0.9999381843010559,-7.0408469661923365e-06
2026-01-15 14:34:00+00:00,0.9999252184541,-1.2966648498251346e-05
2026-01-15 14:35:00+00:00,0.9998889888534188,-3.623231018939649e-05
2026-01-15 14:36:00+00:00,0.9998675454076399,-2.1445826504806322e-05
2026-01-15 14:37:00+00:00,0.9998965512158099,2.9009650631514238e-05
2026-01-15 14:38:00+00:00,0.9998522881837183,-4.4267611522193935e-05
2026-01-15 14:39:00+00:00,0.9998522218297639,-6.636375715194359e-08
2026-01-15 14:40:00+00:00,0.9998302035282833,-2.2021555785783175e-05
2026-01-15 14:41:00+00:00,0.9998107284627374,-1.9478372904817823e-05
2026-01-15 14:42:00+00:00,0.999818576163897,7.849186787200193e-06
2026-01-15 14:43:00+00:00,0.9997998941143477,-1.868543953339564e-05
2026-01-15 14:44:00+00:00,0.99975644701535,-4.3455794757962705e-05
2026-01-15 14:45:00+00:00,0.9997409927948175,-1.5457985370914564e-05
2026-01-15 14:46:00+00:00,0.9997417223026129,7.296967921444769e-07
2026-01-15 14:47:00+00:00,0.9997449983652295,3.2769089690602466e-06
2026-01-15 14:48:00+00:00,0.9997656765957812,2.068350487925108e-05
2026-01-15 14:49:00+00:00,0.999784679376215,1.9007234273576307e-05
2026-01-15 14:50:00+00:00,0.9998145036645751,2.983071152765348e-05
2026-01-15 14:51:00+00:00,0.9997975475153702,-1.6959295092080096e-05
2026-01-15 14:52:00+00:00,0.9997862964682593,-1.1253325374604125e-05
2026-01-15 14:53:00+00:00,0.9998201772869483,3.38880606870595e-05
2026-01-15 14:54:00+00:00,0.9998537033511927,3.353209407642626e-05
2026-01-15 14:55:00+00:00,0.9998629085274551,9.206523145807193e-06
2026-01-15 14:56:00+00:00,0.9998308424900736,-3.2070433964453615e-05
2026-01-15 14:57:00+00:00,0.9998115986039007,-1.9247141971530087e-05
2026-01-15 14:58:00+00:00,0.9998053591770231,-6.24060261584684e-06
2026-01-15 14:59:00+00:00,0.9998150315920593,9.674298049597014e-06
2026-01-15 15:00:00+00:00,0.9998563447489274,4.132079991056588e-05
2026-01-15 15:01:00+00:00,0.9998586139356765,2.269512776691994e-06
2026-01-15 15:02:00+00:00,0.9998676880435923,9.075391049466233e-06
2026-01-15 15:03:00+00:00,0.9998342128139462,-3.347965940524192e-05
2026-01-15 15:04:00+00:00,0.9998162104346168,-1.8005364388154092e-05
2026-01-15 15:05:00+00:00,0.9998385419589751,2.2335629413969287e-05
2026-01-15 15:06:00+00:00,0.9998162277318107,-2.231783055775857e-05
2026-01-15 15:07:00+00:00,0.9997911305813915,-2.5101763427191258e-05
2026-01-15 15:08:00+00:00,0.9997909316731879,-1.9894975813074717e-07
2026-01-15 15:09:00+00:00,0.9998631629609425,7.224639218685282e-05
2026-01-15 15:10:00+00:00,0.9998457699536895,-1.739538758637604e-05
2026-01-15 15:11:00+00:00,0.9998771554578997,3.1390345544739966e-05
2026-01-15 15:12:00+00:00,0.9998809725917728,3.817602844786429e-06
2026-01-15 15:13:00+00:00,0.9998415739802394,-3.940330160618463e-05
2026-01-15 15:14:00+00:00,0.9998547556214414,1.3183729847826702e-05
2026-01-15 15:15:00+00:00,0.9998649851069612,1.0230971510778941e-05
2026-01-15 15:16:00+00:00,0.9998796693713166,1.468624721743226e-05
2026-01-15 15:17:00+00:00,0.9999085641779375,2.889828396967908e-05
2026-01-15 15:18:00+00:00,0.9999017647327,-6.800067007313261e-06
2026-01-15 15:19:00+00:00,0.9998956421619828,-6.12317222871377e-06
2026-01-15 15:20:00+00:00,0.9998548712376356,-4.0775179556852075e-05
2026-01-15 15:21:00+00:00,0.9998592413661199,4.370762807619273e-06
2026-01-15 15:22:00+00:00,0.9998517923788598,-7.450035916917132e-06
2026-01-15 15:23:00+00:00,0.9998475750495048,-4.217954487959835e-06
2026-01-15 15:24:00+00:00,0.9998321912971959,-1.5386097534074833e-05
2026-01-15 15:25:00+00:00,0.9998056688722913,-2.6526876345298e-05
2026-01-15 15:26:00+00:00,0.99980926044212,3.592267918345454e-06
2026-01-15 15:27:00+00:00,0.9998140152471753,4.755712157680054e-06
2026-01-15 15:28:00+00:00,0.9997815690061753,-3.245227662860509e-05
2026-01-15 15:29:00+00:00,0.999786420716305,4.852770124993553e-06
2026-01-15 15:30:00+00:00,0.9997933305890631,6.911348879056512e-06
2026-01-15 15:31:00+00:00,0.9997987148343453,5.385358271079791e-06
2026-01-15 15:32:00+00:00,0.9997973064512616,-1.408666627490989e-06
2026-01-15 15:33:00+00:00,0.9998066253952776,9.320833288666927e-06
2026-01-15 15:34:00+00:00,0.9998042365620006,-2.3892953061144048e-06
2026-01-15 15:35:00+00:00,0.9997961729392218,-8.065201650338463e-06
2026-01-15 15:36:00+00:00,0.9997968011386829,6.283275311893481e-07
2026-01-15 15:37:00+00:00,0.9997706912356873,-2.6115209576369947e-05
2026-01-15 15:38:00+00:00,0.9997496314561176,-2.1064609869241944e-05
2026-01-15 15:39:00+00:00,0.9997627449821291,1.3116810048125346e-05
2026-01-15 15:40:00+00:00,0.9997685278614559,5.784251669354678e-06
2026-01-15 15:41:00+00:00,0.9997719338015734,3.406728680254611e-06
2026-01-15 15:42:00+00:00,0.999798630984226,2.6703272766477992e-05
2026-01-15 15:43:00+00:00,0.9998136815069737,1.5053554067034201e-05
2026-01-15 15:44:00+00:00,0.9998055623913734,-8.120628623578613e-06
2026-01-15 15:45:00+00:00,0.9998268196772295,2.1261419875818672e-05
2026-01-15 15:46:00+00:00,0.9997993302505712,-2.7494188110636122e-05
2026-01-15 15:47:00+00:00,0.9997988779698596,-4.5237148895650213e-07
2026-01-15 15:48:00+00:00,0.9998103462159229,1.1470553044249167e-05
2026-01-15 15:49:00+00:00,0.9997863731683578,-2.397759500669306e-05
2026-01-15 15:50:00+00:00,0.9998526969429962,6.633794620355462e-05
2026-01-15 15:51:00+00:00,0.999847029716866,-5.66806105283697e-06
2026-01-15 15:52:00+00:00,0.9998417665984975,-5.263923592321061e-06
2026-01-15 15:53:00+00:00,0.9998636404000811,2.187726329728124e-05
2026-01-15 15:54:00+00:00,0.9998579008008427,-5.740381994641984e-06
2026-01-15 15:55:00+00:00,0.9998654048246315,7.50509025615331e-06
2026-01-15 15:56:00+00:00,0.9999406791673914,7.52844756870514e-05
2026-01-15 15:57:00+00:00,1.000064100521223,0.0001234286757235082
2026-01-15 15:58:00+00:00,1.000072890007062,8.788922464415495e-06
2026-01-15 15:59:00+00:00,1.0001460584444013,7.316310448010797e-05
2026-01-15 16:00:00+00:00,1.0001425428277908,-3.515103200124077e-06
2026-01-15 16:01:00+00:00,1.0001958896653271,5.333923441103896e-05
2026-01-15 16:02:00+00:00,1.0002539574027998,5.805636483076809e-05
2026-01-15 16:03:00+00:00,1.000228938072543,-2.5012978025742387e-05
2026-01-15 16:04:00+00:00,1.00017320295345,-5.572236212291553e-05
2026-01-15 16:05:00+00:00,1.0002389702111385,6.5755868578001e-05
2026-01-15 16:06:00+00:00,1.0002697536402982,3.07760745947168e-05
2026-01-15 16:07:00+00:00,1.000261167446923,-8.583877842853647e-06
2026-01-15 16:08:00+00:00,1.0002483762629455,-1.278784420897322e-05
2026-01-15 16:09:00+00:00,1.0002521210423114,3.7438494825555738e-06
2026-01-15 16:10:00+00:00,1.0002467056569733,-5.414020349775445e-06
2026-01-15 16:11:00+00:00,1.0002618250578286,1.5115671733691833e-05
2026-01-15 16:12:00+00:00,1.0002408340611295,-2.0985502168650307e-05
2026-01-15 16:13:00+00:00,1.0002460771168722,5.24179334022181e-06
2026-01-15 16:14:00+00:00,1.0002416569727197,-4.419056723645082e-06
2026-01-15 16:15:00+00:00,1.0002141028055167,-2.754751015506809e-05
2026-01-15 16:16:00+00:00,1.0002028409355026,-1.125945933230767e-05
2026-01-15 16:17:00+00:00,1.0002307932945367,2.7946690301351145e-05
2026-01-15 16:18:00+00:00,1.000271984181357,4.118138243338497e-05
2026-01-15 16:19:00+00:00,1.0002362617540774,-3.571271398636261e-05
2026-01-15 16:20:00+00:00,1.0002299714885077,-6.288779771608818e-06
2026-01-15 16:21:00+00:00,1.0002296917723092,-2.796518863909393e-07
2026-01-15 16:22:00+00:00,1.0002247525662689,-4.938071806054002e-06
2026-01-15 16:23:00+00:00,1.0002300532999984,5.299542643698762e-06
2026-01-15 16:24:00+00:00,1.0002005872713133,-2.9459251487092073e-05
2026-01-15 16:25:00+00:00,1.0002236344664608,2.3042573100393785e-05
2026-01-15 16:26:00+00:00,1.0002152528410304,-8.379751429135016e-06
2026-01-15 16:27:00+00:00,1.0002255239818174,1.0268930370527857e-05
2026-01-15 16:28:00+00:00,1.0002478983102554,2.236928362808378e-05
2026-01-15 16:29:00+00:00,1.0002316312890438,-1.626298964380842e-05
2026-01-15 16:30:00+00:00,1.0001910668057339,-4.0555089482341445e-05
2026-01-15 16:31:00+00:00,1.0002079119550962,1.6841931428120938e-05
2026-01-15 16:32:00+00:00,1.0002372784534412,2.93603939681688e-05
2026-01-15 16:33:00+00:00,1.00022664160553,-1.0634324615080249e-05
2026-01-15 16:34:00+00:00,1.000238877581293,1.2233203209886621e-05
2026-01-15 16:35:00+00:00,1.000240361080231,1.4831446482185269e-06
2026-01-15 16:36:00+00:00,1.0002277036525644,-1.2654386044746569e-05
2026-01-15 16:37:00+00:00,1.000200668717131,-2.7028780881211197e-05
2026-01-15 16:38:00+00:00,1.0002045249978329,3.855507022337517e-06
2026-01-15 16:39:00+00:00,1.0001967347277607,-7.788677093095417e-06
2026-01-15 16:40:00+00:00,1.000166791083437,-2.9937754527558182e-05
2026-01-15 16:41:00+00:00,1.0001461702712156,-2.061737342735634e-05
2026-01-15 16:42:00+00:00,1.0000861123241156,-6.0049169696544096e-05
2026-01-15 16:43:00+00:00,1.0001370477765033,5.0931066595099014e-05
2026-01-15 16:44:00+00:00,1.0001161669483118,-2.0877966912403195e-05
2026-01-15 16:45:00+00:00,1.0001306377194663,1.4469090324248669e-05
2026-01-15 16:46:00+00:00,1.000129391510077,-1.2460466084624354e-06
2026-01-15 16:47:00+00:00,1.0001702073154184,4.081052480607856e-05
2026-01-15 16:48:00+00:00,1.0001442284945612,-2.5974399824374928e-05
2026-01-15 16:49:00+00:00,1.0001611843397282,1.695340000364194e-05
2026-01-15 16:50:00+00:00,1.0001829473487078,2.175950168865741e-05
2026-01-15 16:51:00+00:00,1.0001817325698743,-1.2145566335593006e-06
2026-01-15 16:52:00+00:00,1.0001867759933627,5.0425071005571574e-06
2026-01-15 16:53:00+00:00,1.000162826354638,-2.3945166342556613e-05
2026-01-15 16:54:00+00:00,1.0001738621699907,1.10340187236515e-05
2026-01-15 16:55:00+00:00,1.0001670613248739,-6.799662912606313e-06
2026-01-15 16:56:00+00:00,1.0001374650077641,-2.9591373535775985e-05
2026-01-15 16:57:00+00:00,1.000117706664402,-1.9755627654516905e-05
2026-01-15 16:58:00+00:00,1.0001145296803495,-3.17661014430434e-06
2026-01-15 16:59:00+00:00,1.0001490815485141,3.454791140348372e-05
2026-01-15 17:00:00+00:00,1.0001347950275885,-1.4284391386376576e-05
2026-01-15 17:01:00+00:00,1.0001649347122177,3.0135622497213084e-05
2026-01-15 17:02:00+00:00,1.0001635454345215,-1.389048593970813e-06
2026-01-15 17:03:00+00:00,1.000184020968124,2.047218547014666e-05
2026-01-15 17:04:00+00:00,1.0001919561982475,7.933770143317844e-06
2026-01-15 17:05:00+00:00,1.0001838240953909,-8.130542148606785e-06
2026-01-15 17:06:00+00:00,1.0002208552395744,3.702433821795715e-05
2026-01-15 17:07:00+00:00,1.0002260765373203,5.22014484953761e-06
2026-01-15 17:08:00+00:00,1.0002341061804547,8.02782823073452e-06
2026-01-15 17:09:00+00:00,1.0002085480684744,-2.555213006887237e-05
2026-01-15 17:10:00+00:00,1.000199184934881,-9.361181336950351e-06
2026-01-15 17:11:00+00:00,1.000198656718996,-5.281106934364533e-07
2026-01-15 17:12:00+00:00,1.0002174815268114,1.8821068883625002e-05
2026-01-15 17:13:00+00:00,1.000206062239575,-1.1416804292460927e-05
2026-01-15 17:14:00+00:00,1.0002106841170864,4.620925312959894e-06
2026-01-15 17:15:00+00:00,1.0002229045663908,1.2217875192222606e-05
2026-01-15 17:16:00+00:00,1.0001981342401183,-2.4764806084153825e-05
2026-01-15 17:17:00+00:00,1.000181277520607,-1.6853380279545086e-05
2026-01-15 17:18:00+00:00,1.0001893444759418,8.065493242161643e-06
2026-01-15 17:19:00+00:00,1.0001923989063841,3.0538522123020426e-06
2026-01-15 17:20:00+00:00,1.0001934250386637,1.0259348907759058e-06
2026-01-15 17:21:00+00:00,1.0001916992174178,-1.7254874933768402e-06
2026-01-15 17:22:00+00:00,1.0001769770766322,-1.4719319103616153e-05
2026-01-15 17:23:00+00:00,1.0001796559923297,2.6784416747637673e-06
2026-01-15 17:24:00+00:00,1.000178445145789,-1.210629044159875e-06
2026-01-15 17:25:00+00:00,1.000172123268027,-6.3207498548448545e-06
2026-01-15 17:26:00+00:00,1.0001618363806153,-1.0285117103632534e-05
2026-01-15 17:27:00+00:00,1.0001593675595004,-2.4684216344299635e-06
2026-01-15 17:28:00+00:00,1.0001508178307894,-8.548366378739308e-06
2026-01-15 17:29:00+00:00,1.000136316424951,-1.4499219097612245e-05
2026-01-15 17:30:00+00:00,1.0001657229574792,2.940252448106626e-05
2026-01-15 17:31:00+00:00,1.0001477745010063,-1.794548249444751e-05
2026-01-15 17:32:00+00:00,1.000145589672808,-2.1845053841728973e-06
2026-01-15 17:33:00+00:00,1.0001387772712356,-6.81140990150577e-06
2026-01-15 17:34:00+00:00,1.0001121322898623,-2.664128416859346e-05
2026-01-15 17:35:00+00:00,1.0001124918640911,3.595339134535788e-07
2026-01-15 17:36:00+00:00,1.0001249723863177,1.247911842716671e-05
2026-01-15 17:37:00+00:00,1.0000896536638058,-3.5314309198568246e-05
2026-01-15 17:38:00+00:00,1.0000841923101023,-5.4608641171545774e-06
2026-01-15 17:39:00+00:00,1.0000785012075004,-5.690623495150961e-06
2026-01-15 17:40:00+00:00,1.0000739130124665,-4.587834883313618e-06
2026-01-15 17:41:00+00:00,1.0000446072574976,-2.9303589052506707e-05
2026-01-15 17:42:00+00:00,0.999998312012408,-4.629318007772656e-05
2026-01-15 17:43:00+00:00,1.000017539118507,1.922713855449368e-05
2026-01-15 17:44:00+00:00,1.000052465453403,3.4925722329586615e-05
2026-01-15 17:45:00+00:00,1.0000359237278185,-1.654085776104715e-05
2026-01-15 17:46:00+00:00,1.0000316779046678,-4.245670630334505e-06
2026-01-15 17:47:00+00:00,1.0000066225151707,-2.5054595820084247e-05
2026-01-15 17:48:00+00:00,1.0000074829831156,8.604622466101274e-07
2026-01-15 17:49:00+00:00,1.0000571195177956,4.963616325328016e-05
2026-01-15 17:50:00+00:00,1.0000403449802246,-1.6773579472247466e-05
2026-01-15 17:51:00+00:00,1.000025356495665,-1.4987879874038176e-05
2026-01-15 17:52:00+00:00,1.0000535254931178,2.8168283203911255e-05
2026-01-15 17:53:00+00:00,1.0000337101002656,-1.981433228011485e-05
2026-01-15 17:54:00+00:00,1.0000513186804483,1.7607986615715524e-05
2026-01-15 17:55:00+00:00,1.0000742542517436,2.293439433257297e-05
2026-01-15 17:56:00+00:00,1.0000854876011587,1.1232515353066723e-05
2026-01-15 17:57:00+00:00,1.0000891332254842,3.645312696667264e-06
2026-01-15 17:58:00+00:00,1.0000664300778164,-2.2701124243572328e-05
2026-01-15 17:59:00+00:00,1.0000684609216803,2.0307089637769574e-06
2026-01-15 18:00:00+00:00,1.0001057149214025,3.7251449453505466e-05
2026-01-15 18:01:00+00:00,1.0000868338816842,-1.887904392162659e-05
2026-01-15 18:02:00+00:00,1.0000928571341314,6.022729470264761e-06
2026-01-15 18:03:00+00:00,1.0001488684381348,5.600610343709825e-05
2026-01-15 18:04:00+00:00,1.0001027988085205,-4.606277232138392e-05
2026-01-15 18:05:00+00:00,1.0001113207268015,8.52104232794881e-06
2026-01-15 18:06:00+00:00,1.0000804563453742,-3.086094596435389e-05
2026-01-15 18:07:00+00:00,1.0000722484291773,-8.207255871191364e-06
2026-01-15 18:08:00+00:00,1.0000637039828704,-8.543829028768588e-06
2026-01-15 18:09:00+00:00,1.0000736260544363,9.921439530673334e-06
2026-01-15 18:10:00+00:00,1.0002456630981071,0.0001720243781947395
2026-01-15 18:11:00+00:00,1.0002254150802243,-2.0243044913783463e-05
2026-01-15 18:12:00+00:00,1.0002898242534917,6.43946577403856e-05
2026-01-15 18:13:00+00:00,1.0002648351450691,-2.4981868071225677e-05
2026-01-15 18:14:00+00:00,1.0002408845016748,-2.394430210159461e-05
2026-01-15 18:15:00+00:00,1.0002543972770859,1.3509521176951518e-05
2026-01-15 18:16:00+00:00,1.0002832779882838,2.887336589209403e-05
2026-01-15 18:17:00+00:00,1.0002775034199392,-5.7729329997993105e-06
2026-01-15 18:18:00+00:00,1.0002974020197588,1.9893079422264397e-05
2026-01-15 18:19:00+00:00,1.0002974020197588,-0.0
2026-01-15 18:20:00+00:00,1.0002974020197588,0.0
2026-01-15 18:21:00+00:00,1.0002974020197588,-0.0
2026-01-15 18:22:00+00:00,1.0002974020197588,0.0
2026-01-15 18:23:00+00:00,1.0002974020197588,0.0
2026-01-15 18:24:00+00:00,1.0002974020197588,-0.0
2026-01-15 18:25:00+00:00,1.0002974020197588,0.0
2026-01-15 18:26:00+00:00,1.0002974020197588,0.0
2026-01-15 18:27:00+00:00,1.0002974020197588,-0.0
2026-01-15 18:28:00+00:00,1.0002974020197588,0.0
2026-01-15 18:29:00+00:00,1.0002974020197588,0.0
2026-01-15 18:30:00+00:00,1.0002974020197588,0.0
2026-01-15 18:31:00+00:00,1.0002974020197588,-0.0
2026-01-15 18:32:00+00:00,1.0002974020197588,-0.0
2026-01-15 18:33:00+00:00,1.0002974020197588,-0.0
2026-01-15 18:34:00+00:00,1.0002974020197588,-0.0
2026-01-15 18:35:00+00:00,1.0002974020197588,0.0
2026-01-15 18:36:00+00:00,1.0002974020197588,-0.0
2026-01-15 18:37:00+00:00,1.0002974020197588,-0.0
2026-01-15 18:38:00+00:00,1.0002974020197588,0.0
2026-01-15 18:39:00+00:00,1.0002974020197588,-0.0
2026-01-15 18:40:00+00:00,1.0002974020197588,-0.0
2026-01-15 18:41:00+00:00,1.0002974020197588,0.0
2026-01-15 18:42:00+00:00,1.0002974020197588,0.0
2026-01-15 18:43:00+00:00,1.0002974020197588,-0.0
2026-01-15 18:44:00+00:00,1.0002974020197588,0.0
2026-01-15 18:45:00+00:00,1.0002974020197588,0.0
2026-01-15 18:46:00+00:00,1.0002974020197588,-0.0
2026-01-15 18:47:00+00:00,1.0002974020197588,-0.0
2026-01-15 18:48:00+00:00,1.0002974020197588,-0.0
2026-01-15 18:49:00+00:00,1.0002974020197588,0.0
2026-01-15 18:50:00+00:00,1.0002974020197588,-0.0
2026-01-15 18:51:00+00:00,1.0002974020197588,-0.0
2026-01-15 18:52:00+00:00,1.0002974020197588,0.0
2026-01-15 18:53:00+00:00,1.0002974020197588,-0.0
2026-01-15 18:54:00+00:00,1.0002974020197588,-0.0
2026-01-15 18:55:00+00:00,1.0002974020197588,0.0
2026-01-15 18:56:00+00:00,1.0002974020197588,0.0
2026-01-15 18:57:00+00:00,1.0002974020197588,-0.0
2026-01-15 18:58:00+00:00,1.0002974020197588,0.0
2026-01-15 18:59:00+00:00,1.0002974020197588,-0.0
2026-01-15 19:00:00+00:00,1.0002974020197588,-0.0
2026-01-15 19:01:00+00:00,1.0002974020197588,-0.0
2026-01-15 19:02:00+00:00,1.0002974020197588,-0.0
2026-01-15 19:03:00+00:00,1.0002974020197588,0.0
2026-01-15 19:04:00+00:00,1.0002974020197588,0.0
2026-01-15 19:05:00+00:00,1.0002974020197588,0.0
2026-01-15 19:06:00+00:00,1.0002974020197588,0.0
2026-01-15 19:07:00+00:00,1.0002974020197588,-0.0
2026-01-15 19:08:00+00:00,1.0002974020197588,0.0
2026-01-15 19:09:00+00:00,1.0002974020197588,0.0
2026-01-15 19:10:00+00:00,1.0002974020197588,0.0
2026-01-15 19:11:00+00:00,1.0002974020197588,-0.0
2026-01-15 19:12:00+00:00,1.0002974020197588,0.0
2026-01-15 19:13:00+00:00,1.0002974020197588,-0.0
2026-01-15 19:14:00+00:00,1.0002974020197588,-0.0
2026-01-15 19:15:00+00:00,1.0002974020197588,-0.0
2026-01-15 19:16:00+00:00,1.0002974020197588,-0.0
2026-01-15 19:17:00+00:00,1.0002974020197588,0.0
2026-01-15 19:18:00+00:00,1.0002974020197588,0.0
2026-01-15 19:19:00+00:00,1.0002974020197588,-0.0
2026-01-15 19:20:00+00:00,1.0002974020197588,-0.0
2026-01-15 19:21:00+00:00,1.0002974020197588,0.0
2026-01-15 19:22:00+00:00,1.0002974020197588,0.0
2026-01-15 19:23:00+00:00,1.0002838841122665,-1.3513888434572939e-05
2026-01-15 19:24:00+00:00,1.0002769663529025,-6.91579607934611e-06
2026-01-15 19:25:00+00:00,1.0002750995916352,-1.8662443804329948e-06
2026-01-15 19:26:00+00:00,1.0002648397393459,-1.025703058430514e-05
2026-01-15 19:27:00+00:00,1.0002709689064153,6.12754425230449e-06
2026-01-15 19:28:00+00:00,1.0002639829917928,-6.984022169749555e-06
2026-01-15 19:29:00+00:00,1.000231942758561,-3.203177738727014e-05
2026-01-15 19:30:00+00:00,1.0001976503175491,-3.4284488973014144e-05
2026-01-15 19:31:00+00:00,1.000116345380748,-8.12888700301835e-05
2026-01-15 19:32:00+00:00,1.000154515962716,3.8166141513968567e-05
2026-01-15 19:33:00+00:00,1.000187443911299,3.2922861475379836e-05
2026-01-15 19:34:00+00:00,1.000212051497453,2.4602974476478473e-05
2026-01-15 19:35:00+00:00,1.000188859801162,-2.31867794998152e-05
2026-01-15 19:36:00+00:00,1.0001715507363376,-1.7305796454999426e-05
2026-01-15 19:37:00+00:00,1.000185583687367,1.4030544079332533e-05
2026-01-15 19:38:00+00:00,1.0001425796625352,-4.299604546725682e-05
2026-01-15 19:39:00+00:00,1.0001466747371397,4.09449081344297e-06
2026-01-15 19:40:00+00:00,1.000201133610168,5.4450886458729936e-05
2026-01-15 19:41:00+00:00,1.000170102076671,-3.1025293267720704e-05
2026-01-15 19:42:00+00:00,1.0001850707796256,1.4966157180190359e-05
2026-01-15 19:43:00+00:00,1.000185663745985,5.928566389614234e-07
2026-01-15 19:44:00+00:00,1.0001928064739305,7.1414020462246e-06
2026-01-15 19:45:00+00:00,1.0002171902718733,2.437909749495649e-05
2026-01-15 19:46:00+00:00,1.0002293617998932,1.2168885056400582e-05
2026-01-15 19:47:00+00:00,1.0002155277896845,-1.3830837942792656e-05
2026-01-15 19:48:00+00:00,1.0002645378614345,4.899951099370521e-05
2026-01-15 19:49:00+00:00,1.0002792052728051,1.4663532310991757e-05
2026-01-15 19:50:00+00:00,1.000321354986139,4.213794819653152e-05
2026-01-15 19:51:00+00:00,1.0003092760627197,-1.2075043043969544e-05
2026-01-15 19:52:00+00:00,1.0002720735531123,-3.71910073190391e-05
2026-01-15 19:53:00+00:00,1.0002836995251527,1.1622809781225788e-05
2026-01-15 19:54:00+00:00,1.0002801452108163,-3.5533062649780454e-06
2026-01-15 19:55:00+00:00,1.0002616053152908,-1.8534703117031e-05
2026-01-15 19:56:00+00:00,1.0002472232875825,-1.4378266277428946e-05
2026-01-15 19:57:00+00:00,1.0002181792646114,-2.9036844386983607e-05
2026-01-15 19:58:00+00:00,1.000212982926833,-5.19520429281212e-06
2026-01-15 19:59:00+00:00,1.0002482052237411,3.521479675773548e-05
2026-01-15 20:00:00+00:00,1.000212299791778,-3.589652225890563e-05
2026-01-15 20:01:00+00:00,1.0002136090102227,1.308940557058788e-06
2026-01-15 20:02:00+00:00,1.0002330053424076,1.939218983848202e-05
2026-01-15 20:03:00+00:00,1.0002410615310422,8.054311936861073e-06
2026-01-15 20:04:00+00:00,1.0002602934619946,1.9227295991070603e-05
2026-01-15 20:05:00+00:00,1.0002473670583738,-1.2923039838130687e-05
2026-01-15 20:06:00+00:00,1.000250853708326,3.4857876828399553e-06
2026-01-15 20:07:00+00:00,1.0002474925734797,-3.3602919046271873e-06
2026-01-15 20:08:00+00:00,1.0002566310134913,9.13617887521008e-06
2026-01-15 20:09:00+00:00,1.000264381356911,7.748354951390145e-06
2026-01-15 20:10:00+00:00,1.0002205617233848,-4.3808051494183156e-05
2026-01-15 20:11:00+00:00,1.0002672452178778,4.667320017165096e-05
2026-01-15 20:12:00+00:00,1.0002611748804082,-6.06871563419665e-06
2026-01-15 20:13:00+00:00,1.0002702491129307,9.0718631797759e-06
2026-01-15 20:14:00+00:00,1.0002603987431156,-9.847708480690343e-06
2026-01-15 20:15:00+00:00,1.0002872008262886,2.6795105761228846e-05
2026-01-15 20:16:00+00:00,1.0002628160075415,-2.437781741784337e-05
2026-01-15 20:17:00+00:00,1.0002744718166425,1.165274657284976e-05
2026-01-15 20:18:00+00:00,1.000271930273065,-2.5408461869910018e-06
2026-01-15 20:19:00+00:00,1.000253317990508,-1.860722268979499e-05
2026-01-15 20:20:00+00:00,1.0002598237633034,6.504125183657221e-06
2026-01-15 20:21:00+00:00,1.000254575099205,-5.247300724965482e-06
2026-01-15 20:22:00+00:00,1.000273002876639,1.84230873747888e-05
2026-01-15 20:23:00+00:00,1.0002695496732643,-3.4522608974579152e-06
2026-01-15 20:24:00+00:00,1.0002562958919623,-1.325020971230626e-05
2026-01-15 20:25:00+00:00,1.0002222296870562,-3.40574761150035e-05
2026-01-15 20:26:00+00:00,1.0002298438830306,7.612504249813006e-06
2026-01-15 20:27:00+00:00,1.0002298258404267,-1.8038457776147333e-08
2026-01-15 20:28:00+00:00,1.0001598893495074,-6.992042139963354e-05
2026-01-15 20:29:00+00:00,1.00015983078715,-5.85529953122991e-08
2026-01-15 20:30:00+00:00,1.000182582535363,2.274811236432228e-05
2026-01-15 20:31:00+00:00,1.0001744261640537,-8.154882370136457e-06
2026-01-15 20:32:00+00:00,1.0001539767922702,-2.0445805500066084e-05
2026-01-15 20:33:00+00:00,1.0001468780282463,-7.097671147302021e-06
2026-01-15 20:34:00+00:00,1.000173968892775,2.7086886060370588e-05
2026-01-15 20:35:00+00:00,1.0002114632851677,3.748787066925515e-05
2026-01-15 20:36:00+00:00,1.0002259944330574,1.4528075735167824e-05
2026-01-15 20:37:00+00:00,1.0002268147264775,8.201080801576364e-07
2026-01-15 20:38:00+00:00,1.0002434980931918,1.6679583539246072e-05
2026-01-15 20:39:00+00:00,1.000265608808744,2.21053329458408e-05
2026-01-15 20:40:00+00:00,1.000264332068492,-1.276401228482805e-06
2026-01-15 20:41:00+00:00,1.0002615258455847,-2.8054813287401934e-06
2026-01-15 20:42:00+00:00,1.0002849998525782,2.346786953927743e-05
2026-01-15 20:43:00+00:00,1.0002747682155986,-1.022872179559546e-05
2026-01-15 20:44:00+00:00,1.000276218615639,1.4500016260175917e-06
2026-01-15 20:45:00+00:00,1.0002891809368724,1.2958741787589878e-05
2026-01-15 20:46:00+00:00,1.0002714691787318,-1.770663771862838e-05
2026-01-15 20:47:00+00:00,1.0002948086842538,2.3333171285116744e-05
2026-01-15 20:48:00+00:00,1.0002855241141324,-9.281833756228967e-06
2026-01-15 20:49:00+00:00,1.0002594453287477,-2.6071341388125565e-05
2026-01-15 20:50:00+00:00,1.0002420321346013,-1.7408677546286454e-05
2026-01-15 20:51:00+00:00,1.0002676496540839,2.5611320719996292e-05
2026-01-15 20:52:00+00:00,1.000264599550459,-3.04928748412408e-06
2026-01-15 20:53:00+00:00,1.0002769100467424,1.2307239792961359e-05
2026-01-15 20:54:00+00:00,1.0002674885322793,-9.41890627312711e-06
2026-01-15 20:55:00+00:00,1.0002556954163013,-1.1789962298262507e-05
2026-01-15 20:56:00+00:00,1.0002515655699808,-4.128790607646874e-06
2026-01-15 20:57:00+00:00,1.0002585439805363,6.9766554690642e-06
2026-01-15 20:58:00+00:00,1.0002313653133064,-2.7171642165445444e-05
2026-01-15 20:59:00+00:00,1.0002685313840054,3.7157473748565554e-05
2026-01-15 21:00:00+00:00,1.0002630871489349,-5.442773515064404e-06
2026-01-15 21:01:00+00:00,1.0003035752240914,4.047742606582437e-05
2026-01-15 21:02:00+00:00,1.0003224964134334,1.8915447080885877e-05
2026-01-15 21:03:00+00:00,1.0002837513018532,-3.87326204490813e-05
2026-01-15 21:04:00+00:00,1.0002697590443006,-1.39882883576219e-05
2026-01-15 21:05:00+00:00,1.0002367777496042,-3.2972400093371846e-05
2026-01-15 21:06:00+00:00,1.0002476137082632,1.0833393552412014e-05
2026-01-15 21:07:00+00:00,1.0002807599816668,3.313806796365348e-05
2026-01-15 21:08:00+00:00,1.0002708219483207,-9.935243927134638e-06
2026-01-15 21:09:00+00:00,1.0002696238971613,-1.1977267887851004e-06
2026-01-15 21:10:00+00:00,1.0002744744855088,4.849280865578186e-06
2026-01-15 21:11:00+00:00,1.0002639591746383,-1.0512425478013292e-05
2026-01-15 21:12:00+00:00,1.0002628963236424,-1.0625705207242619e-06
2026-01-15 21:13:00+00:00,1.0002694195628252,6.521524698099537e-06
2026-01-15 21:14:00+00:00,1.0002706611205707,1.2412233356522722e-06
2026-01-15 21:15:00+00:00,1.0002719207485706,1.2592871598538705e-06
2026-01-15 21:16:00+00:00,1.0002679148952505,-4.004764341576747e-06
2026-01-15 21:17:00+00:00,1.0002799160953717,1.199798568203784e-05
2026-01-15 21:18:00+00:00,1.0002839025789012,3.9853679607821585e-06
2026-01-15 21:19:00+00:00,1.0002773687140516,-6.532010395076468e-06
2026-01-15 21:20:00+00:00,1.0002836890771563,6.318610519674117e-06
2026-01-15 21:21:00+00:00,1.0002898900588957,6.199223087524665e-06
2026-01-15 21:22:00+00:00,1.0002786712707856,-1.1215536837340891e-05
2026-01-15 21:23:00+00:00,1.0002722662262467,-6.4032601341848994e-06
2026-01-15 21:24:00+00:00,1.0002723269985887,6.075580034456029e-08
2026-01-15 21:25:00+00:00,1.0002880847114806,1.575342280966492e-05
2026-01-15 21:26:00+00:00,1.0002837635556405,-4.319911339587337e-06
2026-01-15 21:27:00+00:00,1.0002852144398129,1.4504725811899915e-06
2026-01-15 21:28:00+00:00,1.0003009336836168,1.571476172711326e-05
2026-01-15 21:29:00+00:00,1.0003046458746805,3.7110742762886635e-06
2026-01-15 21:30:00+00:00,1.0002933539627288,-1.1288472964919173e-05
2026-01-15 21:31:00+00:00,1.000316035922692,2.267530807161916e-05
2026-01-15 21:32:00+00:00,1.0003111741141921,-4.860272479175063e-06
2026-01-15 21:33:00+00:00,1.000325431432932,1.4252883611402553e-05
2026-01-15 21:34:00+00:00,1.0003273844994536,1.95243113929867e-06
2026-01-15 21:35:00+00:00,1.0003289635502937,1.5785340525182737e-06
2026-01-15 21:36:00+00:00,1.0003242954742928,-4.666540879005308e-06
2026-01-15 21:37:00+00:00,1.0003293999659773,5.1028368575784005e-06
2026-01-15 21:38:00+00:00,1.000337314266839,7.911694749821843e-06
2026-01-15 21:39:00+00:00,1.0003240297742226,-1.3280013078533351e-05
2026-01-15 21:40:00+00:00,1.0003388469272563,1.481235339002627e-05
2026-01-15 21:41:00+00:00,1.0003105321000967,-2.8305236017265242e-05
2026-01-15 21:42:00+00:00,1.0003109506865009,4.1845646019104185e-07
2026-01-15 21:43:00+00:00,1.00031019081269,-7.5963760117733e-07
2026-01-15 21:44:00+00:00,1.0003280767748648,1.7880415834216837e-05
2026-01-15 21:45:00+00:00,1.0003540831279494,2.5997823802330885e-05
2026-01-15 21:46:00+00:00,1.0003621486744065,8.062691594194578e-06
2026-01-15 21:47:00+00:00,1.0003621486744065,-0.0
2026-01-15 21:48:00+00:00,1.0003621486744065,-0.0
2026-01-15 21:49:00+00:00,1.0003621486744065,0.0
2026-01-15 21:50:00+00:00,1.0003621486744065,-0.0
2026-01-15 21:51:00+00:00,1.0003621486744065,-0.0
2026-01-15 21:52:00+00:00,1.0003621486744065,0.0
2026-01-15 21:53:00+00:00,1.0003621486744065,-0.0
2026-01-15 21:54:00+00:00,1.0003621486744065,0.0
2026-01-15 21:55:00+00:00,1.0003621486744065,0.0
2026-01-15 21:56:00+00:00,1.0003621486744065,-0.0
2026-01-15 21:57:00+00:00,1.0003621486744065,0.0
2026-01-15 21:58:00+00:00,1.0003621486744065,0.0
2026-01-15 21:59:00+00:00,1.0003621486744065,0.0
2026-01-15 22:00:00+00:00,1.0003621486744065,-0.0
2026-01-15 22:01:00+00:00,1.0003621486744065,-0.0
2026-01-15 22:02:00+00:00,1.0003621486744065,-0.0
2026-01-15 22:03:00+00:00,1.0003621486744065,0.0
2026-01-15 22:04:00+00:00,1.0003621486744065,-0.0
2026-01-15 22:05:00+00:00,1.0003621486744065,0.0
2026-01-15 22:06:00+00:00,1.0003621486744065,0.0
2026-01-15 22:07:00+00:00,1.0003621486744065,0.0
2026-01-15 22:08:00+00:00,1.0003621486744065,0.0
2026-01-15 22:09:00+00:00,1.0003621486744065,-0.0
2026-01-15 22:10:00+00:00,1.0003621486744065,-0.0
2026-01-15 22:11:00+00:00,1.0003621486744065,-0.0
2026-01-15 22:12:00+00:00,1.0003621486744065,-0.0
2026-01-15 22:13:00+00:00,1.0003621486744065,0.0
2026-01-15 22:14:00+00:00,1.0003621486744065,-0.0
2026-01-15 22:15:00+00:00,1.0003621486744065,-0.0
2026-01-15 22:16:00+00:00,1.0003621486744065,0.0
2026-01-15 22:17:00+00:00,1.0003621486744065,0.0
2026-01-15 22:18:00+00:00,1.0003621486744065,-0.0
2026-01-15 22:19:00+00:00,1.0003621486744065,0.0
2026-01-15 22:20:00+00:00,1.0003621486744065,0.0
2026-01-15 22:21:00+00:00,1.0003621486744065,-0.0
2026-01-15 22:22:00+00:00,1.0003621486744065,-0.0
2026-01-15 22:23:00+00:00,1.0003621486744065,0.0
2026-01-15 22:24:00+00:00,1.0003621486744065,0.0
2026-01-15 22:25:00+00:00,1.0003621486744065,0.0
2026-01-15 22:26:00+00:00,1.0003621486744065,-0.0
2026-01-15 22:27:00+00:00,1.0003621486744065,0.0
2026-01-15 22:28:00+00:00,1.0003621486744065,0.0
2026-01-15 22:29:00+00:00,1.0003621486744065,-0.0
2026-01-15 22:30:00+00:00,1.0003621486744065,-0.0
2026-01-15 22:31:00+00:00,1.0003621486744065,-0.0
2026-01-15 22:32:00+00:00,1.0003621486744065,0.0
2026-01-15 22:33:00+00:00,1.0003621486744065,0.0
2026-01-15 22:34:00+00:00,1.0003621486744065,0.0
2026-01-15 22:35:00+00:00,1.0003621486744065,-0.0
2026-01-15 22:36:00+00:00,1.0003621486744065,-0.0
2026-01-15 22:37:00+00:00,1.0003621486744065,0.0
2026-01-15 22:38:00+00:00,1.0003621486744065,-0.0
2026-01-15 22:39:00+00:00,1.0003621486744065,-0.0
2026-01-15 22:40:00+00:00,1.0003621486744065,-0.0
2026-01-15 22:41:00+00:00,1.0003621486744065,-0.0
2026-01-15 22:42:00+00:00,1.0003621486744065,0.0
2026-01-15 22:43:00+00:00,1.0003621486744065,0.0
2026-01-15 22:44:00+00:00,1.0003621486744065,0.0
2026-01-15 22:45:00+00:00,1.0003621486744065,0.0
2026-01-15 22:46:00+00:00,1.0003621486744065,-0.0
2026-01-15 22:47:00+00:00,1.0003621486744065,-0.0
2026-01-15 22:48:00+00:00,1.0003621486744065,0.0
2026-01-15 22:49:00+00:00,1.0003621486744065,-0.0
2026-01-15 22:50:00+00:00,1.0003621486744065,0.0
2026-01-15 22:51:00+00:00,1.0003621486744065,-0.0
2026-01-15 22:52:00+00:00,1.0003621486744065,-0.0
2026-01-15 22:53:00+00:00,1.0003621486744065,-0.0
2026-01-15 22:54:00+00:00,1.0003621486744065,0.0
2026-01-15 22:55:00+00:00,1.0003621486744065,-0.0
2026-01-15 22:56:00+00:00,1.0003621486744065,0.0
2026-01-15 22:57:00+00:00,1.0003621486744065,0.0
2026-01-15 22:58:00+00:00,1.0003621486744065,-0.0
2026-01-15 22:59:00+00:00,1.0003621486744065,-0.0
2026-01-15 23:00:00+00:00,1.0003621486744065,0.0
2026-01-15 23:01:00+00:00,1.0003621486744065,0.0
2026-01-15 23:02:00+00:00,1.0003621486744065,-0.0
2026-01-15 23:03:00+00:00,1.0003621486744065,0.0
2026-01-15 23:04:00+00:00,1.0003621486744065,-0.0
2026-01-15 23:05:00+00:00,1.0003621486744065,0.0
2026-01-15 23:06:00+00:00,1.0003621486744065,-0.0
2026-01-15 23:07:00+00:00,1.0003621486744065,-0.0
2026-01-15 23:08:00+00:00,1.0003621486744065,0.0
2026-01-15 23:09:00+00:00,1.0003621486744065,0.0
2026-01-15 23:10:00+00:00,1.0003621486744065,-0.0
2026-01-15 23:11:00+00:00,1.0003621486744065,0.0
2026-01-15 23:12:00+00:00,1.0003621486744065,-0.0
2026-01-15 23:13:00+00:00,1.0003621486744065,0.0
2026-01-15 23:14:00+00:00,1.0003621486744065,0.0
2026-01-15 23:15:00+00:00,1.0003621486744065,-0.0
2026-01-15 23:16:00+00:00,1.0003621486744065,0.0
2026-01-15 23:17:00+00:00,1.0003621486744065,-0.0
2026-01-15 23:18:00+00:00,1.0003621486744065,0.0
2026-01-15 23:19:00+00:00,1.0003621486744065,-0.0
2026-01-15 23:20:00+00:00,1.0003621486744065,0.0
2026-01-15 23:21:00+00:00,1.0003621486744065,-0.0
2026-01-15 23:22:00+00:00,1.0003621486744065,0.0
2026-01-15 23:23:00+00:00,1.0003621486744065,-0.0
2026-01-15 23:24:00+00:00,1.0003621486744065,0.0
2026-01-15 23:25:00+00:00,1.0003621486744065,-0.0
2026-01-15 23:26:00+00:00,1.0003621486744065,0.0
2026-01-15 23:27:00+00:00,1.0003621486744065,-0.0
2026-01-15 23:28:00+00:00,1.0003621486744065,-0.0
2026-01-15 23:29:00+00:00,1.0003621486744065,-0.0
2026-01-15 23:30:00+00:00,1.0003621486744065,-0.0
2026-01-15 23:31:00+00:00,1.0003621486744065,-0.0
2026-01-15 23:32:00+00:00,1.0003621486744065,0.0
2026-01-15 23:33:00+00:00,1.0003621486744065,0.0
2026-01-15 23:34:00+00:00,1.0003621486744065,-0.0
2026-01-15 23:35:00+00:00,1.0003621486744065,-0.0
2026-01-15 23:36:00+00:00,1.0003621486744065,0.0
2026-01-15 23:37:00+00:00,1.0003621486744065,0.0
2026-01-15 23:38:00+00:00,1.0003621486744065,0.0
2026-01-15 23:39:00+00:00,1.0003621486744065,0.0
2026-01-15 23:40:00+00:00,1.0003621486744065,-0.0
2026-01-15 23:41:00+00:00,1.0003621486744065,-0.0
2026-01-15 23:42:00+00:00,1.0003621486744065,0.0
2026-01-15 23:43:00+00:00,1.0003621486744065,0.0
2026-01-15 23:44:00+00:00,1.0003621486744065,0.0
2026-01-15 23:45:00+00:00,1.0003621486744065,0.0
2026-01-15 23:46:00+00:00,1.0003621486744065,-0.0
2026-01-15 23:47:00+00:00,1.0003621486744065,0.0
2026-01-15 23:48:00+00:00,1.0003621486744065,-0.0
2026-01-15 23:49:00+00:00,1.0003621486744065,-0.0
2026-01-15 23:50:00+00:00,1.0003621486744065,0.0
2026-01-15 23:51:00+00:00,1.0003621486744065,-0.0
2026-01-15 23:52:00+00:00,1.0003621486744065,-0.0
2026-01-15 23:53:00+00:00,1.0003621486744065,0.0
2026-01-15 23:54:00+00:00,1.0003621486744065,0.0
2026-01-15 23:55:00+00:00,1.0003621486744065,-0.0
2026-01-15 23:56:00+00:00,1.0003621486744065,-0.0
2026-01-15 23:57:00+00:00,1.0003621486744065,-0.0
2026-01-15 23:58:00+00:00,1.0003621486744065,0.0
2026-01-15 23:59:00+00:00,1.0003621486744065,0.0
2026-01-16 00:00:00+00:00,1.0003621486744065,-0.0
2026-01-16 00:01:00+00:00,1.0003621486744065,0.0
2026-01-16 00:02:00+00:00,1.0003621486744065,0.0
2026-01-16 00:03:00+00:00,1.0003621486744065,0.0
2026-01-16 00:04:00+00:00,1.0003621486744065,-0.0
2026-01-16 00:05:00+00:00,1.0003621486744065,0.0
2026-01-16 00:06:00+00:00,1.0003621486744065,0.0
2026-01-16 00:07:00+00:00,1.0003621486744065,-0.0
2026-01-16 00:08:00+00:00,1.0003621486744065,-0.0
2026-01-16 00:09:00+00:00,1.0003621486744065,0.0
2026-01-16 00:10:00+00:00,1.0003621486744065,0.0
2026-01-16 00:11:00+00:00,1.0003621486744065,0.0
2026-01-16 00:12:00+00:00,1.0003621486744065,-0.0
2026-01-16 00:13:00+00:00,1.0003621486744065,0.0
2026-01-16 00:14:00+00:00,1.0003621486744065,0.0
2026-01-16 00:15:00+00:00,1.0003621486744065,0.0
2026-01-16 00:16:00+00:00,1.0003621486744065,0.0
2026-01-16 00:17:00+00:00,1.0003621486744065,0.0
2026-01-16 00:18:00+00:00,1.0003621486744065,-0.0
2026-01-16 00:19:00+00:00,1.0003621486744065,-0.0
2026-01-16 00:20:00+00:00,1.0003621486744065,-0.0
2026-01-16 00:21:00+00:00,1.0003621486744065,0.0
2026-01-16 00:22:00+00:00,1.0003621486744065,0.0
2026-01-16 00:23:00+00:00,1.0003621486744065,-0.0
2026-01-16 00:24:00+00:00,1.0003621486744065,-0.0
2026-01-16 00:25:00+00:00,1.0003621486744065,0.0
2026-01-16 00:26:00+00:00,1.0003621486744065,-0.0
2026-01-16 00:27:00+00:00,1.0003621486744065,-0.0
2026-01-16 00:28:00+00:00,1.0003621486744065,0.0
2026-01-16 00:29:00+00:00,1.0003621486744065,-0.0
2026-01-16 00:30:00+00:00,1.0003621486744065,0.0
2026-01-16 00:31:00+00:00,1.0003621486744065,-0.0
2026-01-16 00:32:00+00:00,1.0003621486744065,0.0
2026-01-16 00:33:00+00:00,1.0003621486744065,-0.0
2026-01-16 00:34:00+00:00,1.0003621486744065,-0.0
2026-01-16 00:35:00+00:00,1.0003621486744065,0.0
2026-01-16 00:36:00+00:00,1.0003621486744065,-0.0
2026-01-16 00:37:00+00:00,1.0003621486744065,-0.0
2026-01-16 00:38:00+00:00,1.0003621486744065,0.0
2026-01-16 00:39:00+00:00,1.0003621486744065,0.0
2026-01-16 00:40:00+00:00,1.0003621486744065,0.0
2026-01-16 00:41:00+00:00,1.0003621486744065,-0.0
2026-01-16 00:42:00+00:00,1.0003621486744065,0.0
2026-01-16 00:43:00+00:00,1.0003621486744065,0.0
2026-01-16 00:44:00+00:00,1.0003621486744065,-0.0
2026-01-16 00:45:00+00:00,1.0003621486744065,-0.0
2026-01-16 00:46:00+00:00,1.0003621486744065,0.0
2026-01-16 00:47:00+00:00,1.0003621486744065,0.0
2026-01-16 00:48:00+00:00,1.0003621486744065,-0.0
2026-01-16 00:49:00+00:00,1.0003621486744065,-0.0
2026-01-16 00:50:00+00:00,1.0003621486744065,-0.0
2026-01-16 00:51:00+00:00,1.0003621486744065,0.0
2026-01-16 00:52:00+00:00,1.0003621486744065,-0.0
2026-01-16 00:53:00+00:00,1.0003621486744065,0.0
2026-01-16 00:54:00+00:00,1.0003621486744065,-0.0
2026-01-16 00:55:00+00:00,1.0003621486744065,-0.0
2026-01-16 00:56:00+00:00,1.0003621486744065,0.0
2026-01-16 00:57:00+00:00,1.0003621486744065,0.0
2026-01-16 00:58:00+00:00,1.0003621486744065,0.0
2026-01-16 00:59:00+00:00,1.0003621486744065,0.0
2026-01-16 01:00:00+00:00,1.0003621486744065,-0.0
2026-01-16 01:01:00+00:00,1.0003621486744065,-0.0
2026-01-16 01:02:00+00:00,1.0003621486744065,0.0
2026-01-16 01:03:00+00:00,1.0003621486744065,-0.0
2026-01-16 01:04:00+00:00,1.0003621486744065,0.0
2026-01-16 01:05:00+00:00,1.0003621486744065,0.0
2026-01-16 01:06:00+00:00,1.0003621486744065,-0.0
2026-01-16 01:07:00+00:00,1.0003621486744065,0.0
2026-01-16 01:08:00+00:00,1.0003621486744065,0.0
2026-01-16 01:09:00+00:00,1.0003621486744065,-0.0
2026-01-16 01:10:00+00:00,1.0003621486744065,-0.0
2026-01-16 01:11:00+00:00,1.0003621486744065,0.0
2026-01-16 01:12:00+00:00,1.0003621486744065,-0.0
2026-01-16 01:13:00+00:00,1.0003621486744065,0.0
2026-01-16 01:14:00+00:00,1.0003621486744065,0.0
2026-01-16 01:15:00+00:00,1.0003621486744065,-0.0
2026-01-16 01:16:00+00:00,1.0003621486744065,0.0
2026-01-16 01:17:00+00:00,1.0003621486744065,0.0
2026-01-16 01:18:00+00:00,1.0003621486744065,-0.0
2026-01-16 01:19:00+00:00,1.0003621486744065,-0.0
2026-01-16 01:20:00+00:00,1.0003621486744065,0.0
2026-01-16 01:21:00+00:00,1.0003621486744065,-0.0
2026-01-16 01:22:00+00:00,1.0003621486744065,-0.0
2026-01-16 01:23:00+00:00,1.0003621486744065,0.0
2026-01-16 01:24:00+00:00,1.0003621486744065,0.0
2026-01-16 01:25:00+00:00,1.0003621486744065,0.0
2026-01-16 01:26:00+00:00,1.0003621486744065,-0.0
2026-01-16 01:27:00+00:00,1.0003621486744065,0.0
2026-01-16 01:28:00+00:00,1.0003621486744065,0.0
2026-01-16 01:29:00+00:00,1.0003621486744065,0.0
2026-01-16 01:30:00+00:00,1.0003621486744065,0.0
2026-01-16 01:31:00+00:00,1.0003621486744065,-0.0
2026-01-16 01:32:00+00:00,1.0003621486744065,0.0
2026-01-16 01:33:00+00:00,1.0003621486744065,-0.0
2026-01-16 01:34:00+00:00,1.0003621486744065,0.0
2026-01-16 01:35:00+00:00,1.0003621486744065,-0.0
2026-01-16 01:36:00+00:00,1.0003621486744065,-0.0
2026-01-16 01:37:00+00:00,1.0003621486744065,-0.0
2026-01-16 01:38:00+00:00,1.0003621486744065,0.0
2026-01-16 01:39:00+00:00,1.0003621486744065,-0.0
2026-01-16 01:40:00+00:00,1.0003621486744065,-0.0
2026-01-16 01:41:00+00:00,1.0003621486744065,0.0
2026-01-16 01:42:00+00:00,1.0003621486744065,-0.0
2026-01-16 01:43:00+00:00,1.0003621486744065,0.0
2026-01-16 01:44:00+00:00,1.0003621486744065,-0.0
2026-01-16 01:45:00+00:00,1.0003621486744065,0.0
2026-01-16 01:46:00+00:00,1.0003621486744065,0.0
2026-01-16 01:47:00+00:00,1.0003621486744065,0.0
2026-01-16 01:48:00+00:00,1.0003621486744065,-0.0
2026-01-16 01:49:00+00:00,1.0003621486744065,0.0
2026-01-16 01:50:00+00:00,1.0003621486744065,0.0
2026-01-16 01:51:00+00:00,1.0003621486744065,-0.0
2026-01-16 01:52:00+00:00,1.0003621486744065,0.0
2026-01-16 01:53:00+00:00,1.0003621486744065,-0.0
2026-01-16 01:54:00+00:00,1.0003621486744065,-0.0
2026-01-16 01:55:00+00:00,1.0003621486744065,0.0
2026-01-16 01:56:00+00:00,1.0003621486744065,-0.0
2026-01-16 01:57:00+00:00,1.0003621486744065,-0.0
2026-01-16 01:58:00+00:00,1.0003621486744065,-0.0
2026-01-16 01:59:00+00:00,1.0003621486744065,0.0
2026-01-16 02:00:00+00:00,1.0003621486744065,-0.0
2026-01-16 02:01:00+00:00,1.0003621486744065,0.0
2026-01-16 02:02:00+00:00,1.0003621486744065,0.0
2026-01-16 02:03:00+00:00,1.0003621486744065,0.0
2026-01-16 02:04:00+00:00,1.0003621486744065,-0.0
2026-01-16 02:05:00+00:00,1.0003621486744065,0.0
2026-01-16 02:06:00+00:00,1.0003621486744065,0.0
2026-01-16 02:07:00+00:00,1.0003621486744065,0.0
2026-01-16 02:08:00+00:00,1.0003621486744065,-0.0
2026-01-16 02:09:00+00:00,1.0003621486744065,0.0
2026-01-16 02:10:00+00:00,1.0003621486744065,0.0
2026-01-16 02:11:00+00:00,1.0003621486744065,-0.0
2026-01-16 02:12:00+00:00,1.0003621486744065,-0.0
2026-01-16 02:13:00+00:00,1.0003621486744065,0.0
2026-01-16 02:14:00+00:00,1.0003621486744065,0.0
2026-01-16 02:15:00+00:00,1.0003621486744065,-0.0
2026-01-16 02:16:00+00:00,1.0003621486744065,0.0
2026-01-16 02:17:00+00:00,1.0003621486744065,-0.0
2026-01-16 02:18:00+00:00,1.0003621486744065,0.0
2026-01-16 02:19:00+00:00,1.0003621486744065,-0.0
2026-01-16 02:20:00+00:00,1.0003621486744065,0.0
2026-01-16 02:21:00+00:00,1.0003621486744065,0.0
2026-01-16 02:22:00+00:00,1.0003621486744065,-0.0
2026-01-16 02:23:00+00:00,1.0003621486744065,0.0
2026-01-16 02:24:00+00:00,1.0003621486744065,-0.0
2026-01-16 02:25:00+00:00,1.0003621486744065,0.0
2026-01-16 02:26:00+00:00,1.0003621486744065,-0.0
2026-01-16 02:27:00+00:00,1.0003621486744065,0.0
2026-01-16 02:28:00+00:00,1.0003621486744065,0.0
2026-01-16 02:29:00+00:00,1.0003621486744065,0.0
2026-01-16 02:30:00+00:00,1.0003621486744065,-0.0
2026-01-16 02:31:00+00:00,1.0003621486744065,0.0
2026-01-16 02:32:00+00:00,1.0003621486744065,-0.0
2026-01-16 02:33:00+00:00,1.0003621486744065,-0.0
2026-01-16 02:34:00+00:00,1.0003621486744065,-0.0
2026-01-16 02:35:00+00:00,1.0003621486744065,-0.0
2026-01-16 02:36:00+00:00,1.0003621486744065,0.0
2026-01-16 02:37:00+00:00,1.0003621486744065,-0.0
2026-01-16 02:38:00+00:00,1.0003621486744065,0.0
2026-01-16 02:39:00+00:00,1.0003621486744065,-0.0
2026-01-16 02:40:00+00:00,1.0003621486744065,0.0
2026-01-16 02:41:00+00:00,1.0003621486744065,-0.0
2026-01-16 02:42:00+00:00,1.0003621486744065,-0.0
2026-01-16 02:43:00+00:00,1.0003621486744065,-0.0
2026-01-16 02:44:00+00:00,1.0003621486744065,0.0
2026-01-16 02:45:00+00:00,1.0003621486744065,0.0
2026-01-16 02:46:00+00:00,1.0003621486744065,0.0
2026-01-16 02:47:00+00:00,1.0003621486744065,0.0
2026-01-16 02:48:00+00:00,1.0003621486744065,-0.0
2026-01-16 02:49:00+00:00,1.0003621486744065,-0.0
2026-01-16 02:50:00+00:00,1.0003621486744065,-0.0
2026-01-16 02:51:00+00:00,1.0003621486744065,-0.0
2026-01-16 02:52:00+00:00,1.0003621486744065,0.0
2026-01-16 02:53:00+00:00,1.0003621486744065,0.0
2026-01-16 02:54:00+00:00,1.0003621486744065,0.0
2026-01-16 02:55:00+00:00,1.0003621486744065,0.0
2026-01-16 02:56:00+00:00,1.0003621486744065,0.0
2026-01-16 02:57:00+00:00,1.0003621486744065,0.0
2026-01-16 02:58:00+00:00,1.0003621486744065,-0.0
2026-01-16 02:59:00+00:00,1.0003621486744065,0.0
2026-01-16 03:00:00+00:00,1.0003621486744065,0.0
2026-01-16 03:01:00+00:00,1.0003621486744065,-0.0
2026-01-16 03:02:00+00:00,1.0003621486744065,-0.0
2026-01-16 03:03:00+00:00,1.0003621486744065,-0.0
2026-01-16 03:04:00+00:00,1.0003621486744065,-0.0
2026-01-16 03:05:00+00:00,1.0003621486744065,0.0
2026-01-16 03:06:00+00:00,1.0003621486744065,0.0
2026-01-16 03:07:00+00:00,1.0003621486744065,-0.0
2026-01-16 03:08:00+00:00,1.0003621486744065,-0.0
2026-01-16 03:09:00+00:00,1.0003621486744065,0.0
2026-01-16 03:10:00+00:00,1.0003621486744065,-0.0
2026-01-16 03:11:00+00:00,1.0003621486744065,0.0
2026-01-16 03:12:00+00:00,1.0003621486744065,-0.0
2026-01-16 03:13:00+00:00,1.0003621486744065,-0.0
2026-01-16 03:14:00+00:00,1.0003621486744065,-0.0
2026-01-16 03:15:00+00:00,1.0003621486744065,0.0
2026-01-16 03:16:00+00:00,1.0003621486744065,0.0
2026-01-16 03:17:00+00:00,1.0003621486744065,-0.0
2026-01-16 03:18:00+00:00,1.0003621486744065,-0.0
2026-01-16 03:19:00+00:00,1.0003621486744065,-0.0
2026-01-16 03:20:00+00:00,1.0003621486744065,0.0
2026-01-16 03:21:00+00:00,1.0003621486744065,0.0
2026-01-16 03:22:00+00:00,1.0003621486744065,-0.0
2026-01-16 03:23:00+00:00,1.0003621486744065,0.0
2026-01-16 03:24:00+00:00,1.0003621486744065,-0.0
2026-01-16 03:25:00+00:00,1.0003621486744065,0.0
2026-01-16 03:26:00+00:00,1.0003621486744065,-0.0
2026-01-16 03:27:00+00:00,1.0003621486744065,-0.0
2026-01-16 03:28:00+00:00,1.0003621486744065,0.0
2026-01-16 03:29:00+00:00,1.0003621486744065,-0.0
2026-01-16 03:30:00+00:00,1.0003621486744065,0.0
2026-01-16 03:31:00+00:00,1.0003621486744065,-0.0
2026-01-16 03:32:00+00:00,1.0003621486744065,0.0
2026-01-16 03:33:00+00:00,1.0003621486744065,0.0
2026-01-16 03:34:00+00:00,1.0003621486744065,-0.0
2026-01-16 03:35:00+00:00,1.0003621486744065,-0.0
2026-01-16 03:36:00+00:00,1.0003621486744065,0.0
2026-01-16 03:37:00+00:00,1.0003621486744065,-0.0
2026-01-16 03:38:00+00:00,1.0003621486744065,-0.0
2026-01-16 03:39:00+00:00,1.0003621486744065,0.0
2026-01-16 03:40:00+00:00,1.0003621486744065,-0.0
2026-01-16 03:41:00+00:00,1.0003621486744065,0.0
2026-01-16 03:42:00+00:00,1.0003621486744065,0.0
2026-01-16 03:43:00+00:00,1.0003621486744065,0.0
2026-01-16 03:44:00+00:00,1.0003621486744065,-0.0
2026-01-16 03:45:00+00:00,1.0003621486744065,-0.0
2026-01-16 03:46:00+00:00,1.0003621486744065,0.0
2026-01-16 03:47:00+00:00,1.0003621486744065,-0.0
2026-01-16 03:48:00+00:00,1.0003621486744065,-0.0
2026-01-16 03:49:00+00:00,1.0003621486744065,0.0
2026-01-16 03:50:00+00:00,1.0003621486744065,-0.0
2026-01-16 03:51:00+00:00,1.0003621486744065,-0.0
2026-01-16 03:52:00+00:00,1.0003621486744065,0.0
2026-01-16 03:53:00+00:00,1.0003621486744065,-0.0
2026-01-16 03:54:00+00:00,1.0003621486744065,0.0
2026-01-16 03:55:00+00:00,1.0003621486744065,0.0
2026-01-16 03:56:00+00:00,1.0003621486744065,-0.0
2026-01-16 03:57:00+00:00,1.0003621486744065,0.0
2026-01-16 03:58:00+00:00,1.0003621486744065,0.0
2026-01-16 03:59:00+00:00,1.0003621486744065,0.0
2026-01-16 04:00:00+00:00,1.0003621486744065,0.0
2026-01-16 04:01:00+00:00,1.0003621486744065,0.0
2026-01-16 04:02:00+00:00,1.0003621486744065,-0.0
2026-01-16 04:03:00+00:00,1.0003621486744065,-0.0
2026-01-16 04:04:00+00:00,1.0003621486744065,-0.0
2026-01-16 04:05:00+00:00,1.0003621486744065,-0.0
2026-01-16 04:06:00+00:00,1.0003621486744065,-0.0
2026-01-16 04:07:00+00:00,1.0003621486744065,0.0
2026-01-16 04:08:00+00:00,1.0003621486744065,0.0
2026-01-16 04:09:00+00:00,1.0003621486744065,-0.0
2026-01-16 04:10:00+00:00,1.0003621486744065,0.0
2026-01-16 04:11:00+00:00,1.0003621486744065,-0.0
2026-01-16 04:12:00+00:00,1.0003621486744065,0.0
2026-01-16 04:13:00+00:00,1.0003621486744065,0.0
2026-01-16 04:14:00+00:00,1.0003621486744065,0.0
2026-01-16 04:15:00+00:00,1.0003621486744065,0.0
2026-01-16 04:16:00+00:00,1.0003621486744065,-0.0
2026-01-16 04:17:00+00:00,1.0003621486744065,0.0
2026-01-16 04:18:00+00:00,1.0003621486744065,0.0
2026-01-16 04:19:00+00:00,1.0003621486744065,-0.0
2026-01-16 04:20:00+00:00,1.0003621486744065,-0.0
2026-01-16 04:21:00+00:00,1.0003621486744065,-0.0
2026-01-16 04:22:00+00:00,1.0003621486744065,0.0
2026-01-16 04:23:00+00:00,1.0003621486744065,0.0
2026-01-16 04:24:00+00:00,1.0003621486744065,0.0
2026-01-16 04:25:00+00:00,1.0003621486744065,-0.0
2026-01-16 04:26:00+00:00,1.0003621486744065,0.0
2026-01-16 04:27:00+00:00,1.0003621486744065,-0.0
2026-01-16 04:28:00+00:00,1.0003621486744065,-0.0
2026-01-16 04:29:00+00:00,1.0003621486744065,-0.0
2026-01-16 04:30:00+00:00,1.0003621486744065,0.0
2026-01-16 04:31:00+00:00,1.0003621486744065,-0.0
2026-01-16 04:32:00+00:00,1.0003621486744065,0.0
2026-01-16 04:33:00+00:00,1.0003621486744065,0.0
2026-01-16 04:34:00+00:00,1.0003621486744065,0.0
2026-01-16 04:35:00+00:00,1.0003621486744065,-0.0
2026-01-16 04:36:00+00:00,1.0003621486744065,0.0
2026-01-16 04:37:00+00:00,1.0003621486744065,-0.0
2026-01-16 04:38:00+00:00,1.0003621486744065,0.0
2026-01-16 04:39:00+00:00,1.0003621486744065,-0.0
2026-01-16 04:40:00+00:00,1.0003621486744065,0.0
2026-01-16 04:41:00+00:00,1.0003621486744065,-0.0
2026-01-16 04:42:00+00:00,1.0003621486744065,0.0
2026-01-16 04:43:00+00:00,1.0003621486744065,0.0
2026-01-16 04:44:00+00:00,1.0003621486744065,-0.0
2026-01-16 04:45:00+00:00,1.0003621486744065,0.0
2026-01-16 04:46:00+00:00,1.0003621486744065,-0.0
2026-01-16 04:47:00+00:00,1.0003621486744065,-0.0
2026-01-16 04:48:00+00:00,1.0003621486744065,-0.0
2026-01-16 04:49:00+00:00,1.0003621486744065,-0.0
2026-01-16 04:50:00+00:00,1.0003621486744065,-0.0
2026-01-16 04:51:00+00:00,1.0003621486744065,0.0
2026-01-16 04:52:00+00:00,1.0003621486744065,0.0
2026-01-16 04:53:00+00:00,1.0003621486744065,-0.0
2026-01-16 04:54:00+00:00,1.0003621486744065,0.0
2026-01-16 04:55:00+00:00,1.0003621486744065,-0.0
2026-01-16 04:56:00+00:00,1.0003621486744065,-0.0
2026-01-16 04:57:00+00:00,1.0003621486744065,0.0
2026-01-16 04:58:00+00:00,1.0003621486744065,-0.0
2026-01-16 04:59:00+00:00,1.0003621486744065,-0.0
2026-01-16 05:00:00+00:00,1.0003621486744065,0.0
2026-01-16 05:01:00+00:00,1.0003621486744065,0.0
2026-01-16 05:02:00+00:00,1.0003621486744065,-0.0
2026-01-16 05:03:00+00:00,1.0003621486744065,-0.0
2026-01-16 05:04:00+00:00,1.0003621486744065,-0.0
2026-01-16 05:05:00+00:00,1.0003621486744065,0.0
2026-01-16 05:06:00+00:00,1.0003621486744065,0.0
2026-01-16 05:07:00+00:00,1.0003621486744065,0.0
2026-01-16 05:08:00+00:00,1.0003621486744065,0.0
2026-01-16 05:09:00+00:00,1.0003621486744065,-0.0
2026-01-16 05:10:00+00:00,1.0003621486744065,-0.0
2026-01-16 05:11:00+00:00,1.0003621486744065,-0.0
2026-01-16 05:12:00+00:00,1.0003621486744065,0.0
2026-01-16 05:13:00+00:00,1.0003621486744065,-0.0
2026-01-16 05:14:00+00:00,1.0003621486744065,0.0
2026-01-16 05:15:00+00:00,1.0003621486744065,0.0
2026-01-16 05:16:00+00:00,1.0003621486744065,-0.0
2026-01-16 05:17:00+00:00,1.0003621486744065,-0.0
2026-01-16 05:18:00+00:00,1.0003621486744065,-0.0
2026-01-16 05:19:00+00:00,1.0003621486744065,0.0
2026-01-16 05:20:00+00:00,1.0003621486744065,-0.0
2026-01-16 05:21:00+00:00,1.0003621486744065,-0.0
2026-01-16 05:22:00+00:00,1.0003621486744065,0.0
2026-01-16 05:23:00+00:00,1.0003621486744065,-0.0
2026-01-16 05:24:00+00:00,1.0003621486744065,-0.0
2026-01-16 05:25:00+00:00,1.0003621486744065,-0.0
2026-01-16 05:26:00+00:00,1.0003621486744065,0.0
2026-01-16 05:27:00+00:00,1.0003621486744065,-0.0
2026-01-16 05:28:00+00:00,1.0003621486744065,0.0
2026-01-16 05:29:00+00:00,1.0003621486744065,-0.0
2026-01-16 05:30:00+00:00,1.0003621486744065,0.0
2026-01-16 05:31:00+00:00,1.0003621486744065,-0.0
2026-01-16 05:32:00+00:00,1.0003621486744065,0.0
2026-01-16 05:33:00+00:00,1.0003621486744065,-0.0
2026-01-16 05:34:00+00:00,1.0003621486744065,-0.0
2026-01-16 05:35:00+00:00,1.0003621486744065,0.0
2026-01-16 05:36:00+00:00,1.0003621486744065,0.0
2026-01-16 05:37:00+00:00,1.0003621486744065,-0.0
2026-01-16 05:38:00+00:00,1.0003621486744065,0.0
2026-01-16 05:39:00+00:00,1.0003621486744065,-0.0
2026-01-16 05:40:00+00:00,1.0003621486744065,-0.0
2026-01-16 05:41:00+00:00,1.0003621486744065,0.0
2026-01-16 05:42:00+00:00,1.0003621486744065,-0.0
2026-01-16 05:43:00+00:00,1.0003621486744065,0.0
2026-01-16 05:44:00+00:00,1.0003621486744065,-0.0
2026-01-16 05:45:00+00:00,1.0003621486744065,0.0
2026-01-16 05:46:00+00:00,1.0003487691964703,-1.3374634330111393e-05
2026-01-16 05:47:00+00:00,1.000366548599594,1.777320437756822e-05
2026-01-16 05:48:00+00:00,1.000384081112809,1.752608905162241e-05
2026-01-16 05:49:00+00:00,1.0003687987728165,-1.5276472588048692e-05
2026-01-16 05:50:00+00:00,1.000377961586899,9.15943609375381e-06
2026-01-16 05:51:00+00:00,1.000370024588749,-7.933999403061104e-06
2026-01-16 05:52:00+00:00,1.0003567939138565,-1.3225781028311794e-05
2026-01-16 05:53:00+00:00,1.00034980532875,-6.986092511017969e-06
2026-01-16 05:54:00+00:00,1.0003628718187803,1.306192090058147e-05
2026-01-16 05:55:00+00:00,1.0003405896415924,-2.2274094546565225e-05
2026-01-16 05:56:00+00:00,1.000317894691608,-2.268722295117143e-05
2026-01-16 05:57:00+00:00,1.0002955639101796,-2.232368484746887e-05
2026-01-16 05:58:00+00:00,1.0003216368776682,2.606526353732093e-05
2026-01-16 05:59:00+00:00,1.0003142241242862,-7.410369933809041e-06
2026-01-16 06:00:00+00:00,1.0002932364386108,-2.0981092909986014e-05
2026-01-16 06:01:00+00:00,1.0003003696369122,7.131107200881196e-06
2026-01-16 06:02:00+00:00,1.0002869281816222,-1.34374190973556e-05
2026-01-16 06:03:00+00:00,1.0002683233032674,-1.8599541622052464e-05
2026-01-16 06:04:00+00:00,1.0002481711613487,-2.0146736080083103e-05
2026-01-16 06:05:00+00:00,1.0001948041887272,-5.335373176391873e-05
2026-01-16 06:06:00+00:00,1.0002025874381986,7.781733557181673e-06
2026-01-16 06:07:00+00:00,1.000262590871982,5.999128030372735e-05
2026-01-16 06:08:00+00:00,1.0002793390161202,1.674374738307327e-05
2026-01-16 06:09:00+00:00,1.0002771450408556,-2.1933625728771266e-06
2026-01-16 06:10:00+00:00,1.0003041827021697,2.7030170036571534e-05
2026-01-16 06:11:00+00:00,1.0002918350325631,-1.234391480124993e-05
2026-01-16 06:12:00+00:00,1.0002806676748528,-1.1164099634835537e-05
2026-01-16 06:13:00+00:00,1.0003151051154573,3.4427777840175185e-05
2026-01-16 06:14:00+00:00,1.0003056783579374,-9.423788036045865e-06
2026-01-16 06:15:00+00:00,1.0003069895273742,1.3107687631451743e-06
2026-01-16 06:16:00+00:00,1.0003139411797985,6.949518994699269e-06
2026-01-16 06:17:00+00:00,1.0003245611974099,1.0616684596740787e-05
2026-01-16 06:18:00+00:00,1.0003264631638267,1.9013493126479453e-06
2026-01-16 06:19:00+00:00,1.0003480833975487,2.1613177815669268e-05
2026-01-16 06:20:00+00:00,1.0003397712986537,-8.309206598082994e-06
2026-01-16 06:21:00+00:00,1.000303961803588,-3.579733215966652e-05
2026-01-16 06:22:00+00:00,1.000290006066008,-1.3951496857892858e-05
2026-01-16 06:23:00+00:00,1.000276372295973,-1.3629817305401762e-05
2026-01-16 06:24:00+00:00,1.0002939459490277,1.756879752565439e-05
2026-01-16 06:25:00+00:00,1.0002702588804193,-2.3680107936586278e-05
2026-01-16 06:26:00+00:00,1.0002961201383505,2.5854270584831532e-05
2026-01-16 06:27:00+00:00,1.000297269901414,1.1494226963440878e-06
2026-01-16 06:28:00+00:00,1.0002790050685089,-1.825940493378929e-05
2026-01-16 06:29:00+00:00,1.0002967166627885,1.770665403345971e-05
2026-01-16 06:30:00+00:00,1.0002978673406728,1.1503365602550127e-06
2026-01-16 06:31:00+00:00,1.0003046249028997,6.755549969203037e-06
2026-01-16 06:32:00+00:00,1.0003041432180626,-4.815381486108826e-07
2026-01-16 06:33:00+00:00,1.0002970347214581,-7.10633526072937e-06
2026-01-16 06:34:00+00:00,1.0003033771691283,6.340564302479463e-06
2026-01-16 06:35:00+00:00,1.0002962813806506,-7.093636430248226e-06
2026-01-16 06:36:00+00:00,1.000307972142774,1.1687299393960887e-05
2026-01-16 06:37:00+00:00,1.0003232380869178,1.526124410577196e-05
2026-01-16 06:38:00+00:00,1.000318323811477,-4.912687473017055e-06
2026-01-16 06:39:00+00:00,1.000303997431816,-1.4321820684453049e-05
2026-01-16 06:40:00+00:00,1.000292747094388,-1.1246918393470407e-05
2026-01-16 06:41:00+00:00,1.000283944375845,-8.800142327127432e-06
2026-01-16 06:42:00+00:00,1.000277538577206,-6.403980264788539e-06
2026-01-16 06:43:00+00:00,1.000299788725466,2.2243974699004363e-05
2026-01-16 06:44:00+00:00,1.0002873461065436,-1.2438889883596068e-05
2026-01-16 06:45:00+00:00,1.0002744349548047,-1.2907442835446422e-05
2026-01-16 06:46:00+00:00,1.0002908942412292,1.6454770660321195e-05
2026-01-16 06:47:00+00:00,1.0002939655520273,3.070417631147988e-06
2026-01-16 06:48:00+00:00,1.000304483153256,1.0514510324776726e-05
2026-01-16 06:49:00+00:00,1.0002786031260635,-2.5872149558728583e-05
2026-01-16 06:50:00+00:00,1.0002712671446174,-7.333938188063846e-06
2026-01-16 06:51:00+00:00,1.0003164306500874,4.515125741741599e-05
2026-01-16 06:52:00+00:00,1.0002802353540976,-3.618384631169833e-05
2026-01-16 06:53:00+00:00,1.000293213797176,1.2974807078688252e-05
2026-01-16 06:54:00+00:00,1.0002935777287079,3.6382485345183423e-07
2026-01-16 06:55:00+00:00,1.0002921161047649,-1.4611949686361108e-06
2026-01-16 06:56:00+00:00,1.000266425345247,-2.5683257024931674e-05
2026-01-16 06:57:00+00:00,1.0002898237346494,2.339215713887416e-05
2026-01-16 06:58:00+00:00,1.000274794181612,-1.502519837842219e-05
2026-01-16 06:59:00+00:00,1.0002673308738668,-7.461257434959414e-06
2026-01-16 07:00:00+00:00,1.00026805442703,7.23359786730282e-07
2026-01-16 07:01:00+00:00,1.0002693714307682,1.316650804119349e-06
2026-01-16 07:02:00+00:00,1.000256418539492,-1.2949403076929628e-05
2026-01-16 07:03:00+00:00,1.0002760445436767,1.9620973003365963e-05
2026-01-16 07:04:00+00:00,1.0002367424437637,-3.929125377670973e-05
2026-01-16 07:05:00+00:00,1.000258176604622,2.142908768358743e-05
2026-01-16 07:06:00+00:00,1.0002699572152258,1.177756991094463e-05
2026-01-16 07:07:00+00:00,1.0002598327329268,-1.012174985953025e-05
2026-01-16 07:08:00+00:00,1.0002767472725091,1.691014577306913e-05
2026-01-16 07:09:00+00:00,1.0002930875580673,1.6335764679836804e-05
2026-01-16 07:10:00+00:00,1.0002848027216575,-8.282408938675228e-06
2026-01-16 07:11:00+00:00,1.000288364863082,3.5611272056945738e-06
2026-01-16 07:12:00+00:00,1.0003043440373207,1.5974567734631317e-05
2026-01-16 07:13:00+00:00,1.0003155491902187,1.1201743714143823e-05
2026-01-16 07:14:00+00:00,1.0003250374734054,9.485290111068154e-06
2026-01-16 07:15:00+00:00,1.0003263026484819,1.264763980869406e-06
2026-01-16 07:16:00+00:00,1.0003205278253917,-5.772939364634887e-06
2026-01-16 07:17:00+00:00,1.0003197628624076,-7.647178707836704e-07
2026-01-16 07:18:00+00:00,1.0003353806659783,1.5612811173566765e-05
2026-01-16 07:19:00+00:00,1.0003344673175558,-9.13042205728016e-07
2026-01-16 07:20:00+00:00,1.0003395191260378,5.050119381902191e-06
2026-01-16 07:21:00+00:00,1.0003195749402674,-1.993741663614894e-05
2026-01-16 07:22:00+00:00,1.0003306863503496,1.110786028854549e-05
2026-01-16 07:23:00+00:00,1.000325992056473,-4.692742050862041e-06
2026-01-16 07:24:00+00:00,1.0003268296858694,8.373564245828039e-07
2026-01-16 07:25:00+00:00,1.0003414055120796,1.4571063954046567e-05
2026-01-16 07:26:00+00:00,1.0003333633204798,-8.039446888190257e-06
2026-01-16 07:27:00+00:00,1.0003425668646029,9.200477021474045e-06
2026-01-16 07:28:00+00:00,1.000351201183024,8.631361602635754e-06
2026-01-16 07:29:00+00:00,1.0003111903847384,-3.9996751379168135e-05
2026-01-16 07:30:00+00:00,1.000331651326483,2.0454576477185748e-05
2026-01-16 07:31:00+00:00,1.000366162589885,3.449982149018478e-05
2026-01-16 07:32:00+00:00,1.0003495180736377,-1.6638423878960387e-05
2026-01-16 07:33:00+00:00,1.0003311728567827,-1.8338807110367008e-05
2026-01-16 07:34:00+00:00,1.0003357802790864,4.605896955607434e-06
2026-01-16 07:35:00+00:00,1.0003479642954851,1.2179926619578488e-05
2026-01-16 07:36:00+00:00,1.0003699664509411,2.1994502154425206e-05
2026-01-16 07:37:00+00:00,1.0003520792548928,-1.7880580833277117e-05
2026-01-16 07:38:00+00:00,1.000357878949,5.797652873892485e-06
2026-01-16 07:39:00+00:00,1.0003615340218361,3.6537652306855206e-06
2026-01-16 07:40:00+00:00,1.0003653145281646,3.7791400405910714e-06
2026-01-16 07:41:00+00:00,1.0003621218821466,-3.191480123956626e-06
2026-01-16 07:42:00+00:00,1.000370623150315,8.498190787682225e-06
2026-01-16 07:43:00+00:00,1.0003664896173703,-4.13200152943731e-06
2026-01-16 07:44:00+00:00,1.0003622019962104,-4.286050366939527e-06
2026-01-16 07:45:00+00:00,1.0003302796551992,-3.191078286189746e-05
2026-01-16 07:46:00+00:00,1.0003420809188486,1.1797367219057999e-05
2026-01-16 07:47:00+00:00,1.000326078415659,-1.5997030910651398e-05
2026-01-16 07:48:00+00:00,1.0003168993040967,-9.176119427790455e-06
2026-01-16 07:49:00+00:00,1.0003137775116464,-3.1208034698672805e-06
2026-01-16 07:50:00+00:00,1.000333445568611,1.9661887506593926e-05
2026-01-16 07:51:00+00:00,1.0003068151783665,-2.6621513418952695e-05
2026-01-16 07:52:00+00:00,1.0002905937844877,-1.6216418435445546e-05
2026-01-16 07:53:00+00:00,1.0002905180770747,-7.568541933876788e-08
2026-01-16 07:54:00+00:00,1.0002816760094526,-8.839499587580479e-06
2026-01-16 07:55:00+00:00,1.000273887255105,-7.78656106014274e-06
2026-01-16 07:56:00+00:00,1.0002652115706956,-8.673308900523472e-06
2026-01-16 07:57:00+00:00,1.0002832659493275,1.8049591671357714e-05
2026-01-16 07:58:00+00:00,1.0002658876226374,-1.7373405395950368e-05
2026-01-16 07:59:00+00:00,1.0002817859297026,1.5894081025828293e-05
2026-01-16 08:00:00+00:00,1.000308383873572,2.6590451054309637e-05
2026-01-16 08:01:00+00:00,1.0003033882733197,-4.994060164632714e-06
2026-01-16 08:02:00+00:00,1.0003196508531746,1.6257647475400972e-05
2026-01-16 08:03:00+00:00,1.0003360661395715,1.6410040913298052e-05
2026-01-16 08:04:00+00:00,1.0003275458022243,-8.517474912410833e-06
2026-01-16 08:05:00+00:00,1.0003494588556405,2.190587823784258e-05
2026-01-16 08:06:00+00:00,1.0003238969115689,-2.5553014344487377e-05
2026-01-16 08:07:00+00:00,1.0003164886226867,-7.405890137117072e-06
2026-01-16 08:08:00+00:00,1.000336388635092,1.989371627033493e-05
2026-01-16 08:09:00+00:00,1.0003567815183074,2.0386025588056255e-05
2026-01-16 08:10:00+00:00,1.0003409154247034,-1.5860434894065713e-05
2026-01-16 08:11:00+00:00,1.0003385810373804,-2.3335917655085493e-06
2026-01-16 08:12:00+00:00,1.00034661207788,8.028322261867231e-06
2026-01-16 08:13:00+00:00,1.0003242650876387,-2.2339247188294784e-05
2026-01-16 08:14:00+00:00,1.0003324801464812,8.212395849390732e-06
2026-01-16 08:15:00+00:00,1.0003308953786383,-1.5842411142693847e-06
2026-01-16 08:16:00+00:00,1.0003212420775627,-9.650107899461802e-06
2026-01-16 08:17:00+00:00,1.0003033749772259,-1.7861362515554407e-05
2026-01-16 08:18:00+00:00,1.0003120851117402,8.707492878911785e-06
2026-01-16 08:19:00+00:00,1.0003006714101421,-1.1410140662963676e-05
2026-01-16 08:20:00+00:00,1.0003169599428048,1.6283636638715554e-05
2026-01-16 08:21:00+00:00,1.0003126240790354,-4.3344899096678045e-06
2026-01-16 08:22:00+00:00,1.0002799769165933,-3.263695934279767e-05
2026-01-16 08:23:00+00:00,1.0002938663427703,1.3885538546644566e-05
2026-01-16 08:24:00+00:00,1.0003027422500097,8.873299675276584e-06
2026-01-16 08:25:00+00:00,1.000303065738513,3.233905994767046e-07
2026-01-16 08:26:00+00:00,1.0002856238107762,-1.7436643287605832e-05
2026-01-16 08:27:00+00:00,1.000298710557757,1.3083010161553602e-05
2026-01-16 08:28:00+00:00,1.000272320867778,-2.638180945402847e-05
2026-01-16 08:29:00+00:00,1.0002721012644105,-2.1954358112939605e-07
2026-01-16 08:30:00+00:00,1.000269824858582,-2.2757865842052216e-06
2026-01-16 08:31:00+00:00,1.0002881530563494,1.832325369811619e-05
2026-01-16 08:32:00+00:00,1.0002709910993928,-1.715701311103173e-05
2026-01-16 08:33:00+00:00,1.000270972928788,-1.816568205063635e-08
2026-01-16 08:34:00+00:00,1.0002682806103247,-2.6915891154241304e-06
2026-01-16 08:35:00+00:00,1.000293191439754,2.490414812934998e-05
2026-01-16 08:36:00+00:00,1.0003408772222553,4.7671805535928026e-05
2026-01-16 08:37:00+00:00,1.0003243550435135,-1.6516548626681986e-05
2026-01-16 08:38:00+00:00,1.0003137273962195,-1.0624201280704349e-05
2026-01-16 08:39:00+00:00,1.0003021899743456,-1.153380340366891e-05
2026-01-16 08:40:00+00:00,1.0003011913399762,-9.983326833475445e-07
2026-01-16 08:41:00+00:00,1.0003046155774946,3.4232064783810603e-06
2026-01-16 08:42:00+00:00,1.0002900048237968,-1.4606304389828036e-05
2026-01-16 08:43:00+00:00,1.0002687885892665,-2.1210083503756744e-05
2026-01-16 08:44:00+00:00,1.0002748946385143,6.104408452516584e-06
2026-01-16 08:45:00+00:00,1.0003051046746854,3.020173387650948e-05
2026-01-16 08:46:00+00:00,1.0003425121416203,3.7396057223105356e-05
2026-01-16 08:47:00+00:00,1.0003235250468119,-1.8980593724497383e-05
2026-01-16 08:48:00+00:00,1.0002916440438159,-3.1870692028913474e-05
2026-01-16 08:49:00+00:00,1.0002668163409565,-2.4820464118751843e-05
2026-01-16 08:50:00+00:00,1.0002888594203072,2.203719946579681e-05
2026-01-16 08:51:00+00:00,1.0002721689639578,-1.6685636546239256e-05
2026-01-16 08:52:00+00:00,1.0002966715099564,2.4495878980482958e-05
2026-01-16 08:53:00+00:00,1.0002899208136438,-6.7486941672795674e-06
2026-01-16 08:54:00+00:00,1.0002828634619907,-7.055306173111655e-06
2026-01-16 08:55:00+00:00,1.0003022253136575,1.935637645529977e-05
2026-01-16 08:56:00+00:00,1.0002995708520748,-2.6536595796049405e-06
2026-01-16 08:57:00+00:00,1.0002995968251351,2.5965281864152596e-08
2026-01-16 08:58:00+00:00,1.0003258541663163,2.62494769212053e-05
2026-01-16 08:59:00+00:00,1.0003144403974675,-1.1410050836113503e-05
2026-01-16 09:00:00+00:00,1.0003014043879346,-1.3031911773505586e-05
2026-01-16 09:01:00+00:00,1.0003045441514553,3.138817467378039e-06
2026-01-16 09:02:00+00:00,1.0002946113991293,-9.929728285408145e-06
2026-01-16 09:03:00+00:00,1.0003085902658073,1.3974749557623557e-05
2026-01-16 09:04:00+00:00,1.0003192331009756,1.0639551906196425e-05
2026-01-16 09:05:00+00:00,1.0002945694409695,-2.4655789062196805e-05
2026-01-16 09:06:00+00:00,1.0002719713417785,-2.2591444441784995e-05
2026-01-16 09:07:00+00:00,1.000264664668364,-7.304686748989108e-06
2026-01-16 09:08:00+00:00,1.00027999325701,1.532453278353517e-05
2026-01-16 09:09:00+00:00,1.0002870308091647,7.035582239192721e-06
2026-01-16 09:10:00+00:00,1.0002833266165367,-3.7031297155904833e-06
2026-01-16 09:11:00+00:00,1.000280259338221,-3.066409520343014e-06
2026-01-16 09:12:00+00:00,1.000289790246074,9.528237475499064e-06
2026-01-16 09:13:00+00:00,1.0002874245839297,-2.3649767971071846e-06
2026-01-16 09:14:00+00:00,1.0002952996422856,7.872795520763117e-06
2026-01-16 09:15:00+00:00,1.000294546771044,-7.526489845538294e-07
2026-01-16 09:16:00+00:00,1.00031812742026,2.357370565710241e-05
2026-01-16 09:17:00+00:00,1.0003087801217552,-9.344325818485458e-06
2026-01-16 09:18:00+00:00,1.0003282383563046,1.9452228088160402e-05
2026-01-16 09:19:00+00:00,1.000299453269015,-2.8775642020169333e-05
2026-01-16 09:20:00+00:00,1.000323148179479,2.3687817069648114e-05
2026-01-16 09:21:00+00:00,1.0003001411242665,-2.299962292626273e-05
2026-01-16 09:22:00+00:00,1.0003171784162614,1.7032179937213294e-05
2026-01-16 09:23:00+00:00,1.000290028040309,-2.714176716967189e-05
2026-01-16 09:24:00+00:00,1.0003070366034579,1.700363161903195e-05
2026-01-16 09:25:00+00:00,1.000312066512665,5.028365314913375e-06
2026-01-16 09:26:00+00:00,1.0003159909958819,3.923258899022897e-06
2026-01-16 09:27:00+00:00,1.0003003447501109,-1.5641303259907988e-05
2026-01-16 09:28:00+00:00,1.0002774498024098,-2.2888073388202648e-05
2026-01-16 09:29:00+00:00,1.0002799070288864,2.456544908500226e-06
2026-01-16 09:30:00+00:00,1.000299945597478,2.003296122505457e-05
2026-01-16 09:31:00+00:00,1.0003069060868495,6.958402229426144e-06
2026-01-16 09:32:00+00:00,1.0003124718050291,5.564010550947174e-06
2026-01-16 09:33:00+00:00,1.0003156637323,3.1909301951788486e-06
2026-01-16 09:34:00+00:00,1.0002967287191311,-1.8929037958197378e-05
2026-01-16 09:35:00+00:00,1.0002974937196882,7.647736268977864e-07
2026-01-16 09:36:00+00:00,1.0002975234127813,2.9684262206456238e-08
2026-01-16 09:37:00+00:00,1.0003024976706802,4.9727783809109644e-06
2026-01-16 09:38:00+00:00,1.000297550900082,-4.9452746640917696e-06
2026-01-16 09:39:00+00:00,1.0003235687244036,2.601008499726317e-05
2026-01-16 09:40:00+00:00,1.0003090323083856,-1.4531714009879726e-05
2026-01-16 09:41:00+00:00,1.0002940834999365,-1.4944190211508878e-05
2026-01-16 09:42:00+00:00,1.0003043278061767,1.0241294444436927e-05
2026-01-16 09:43:00+00:00,1.0003043764726927,4.865170981905767e-08
2026-01-16 09:44:00+00:00,1.0003013368068914,-3.038740880058372e-06
2026-01-16 09:45:00+00:00,1.0003210822675632,1.9739512430087378e-05
2026-01-16 09:46:00+00:00,1.000315104640997,-5.975707872320797e-06
2026-01-16 09:47:00+00:00,1.0003150546055437,-5.0019691888775e-08
2026-01-16 09:48:00+00:00,1.0003238723138954,8.81493116699812e-06
2026-01-16 09:49:00+00:00,1.000323726485222,-1.4578145877476893e-07
2026-01-16 09:50:00+00:00,1.0003275893550263,3.8616196958009505e-06
2026-01-16 09:51:00+00:00,1.0003261233293799,-1.4655455493248695e-06
2026-01-16 09:52:00+00:00,1.000315223763783,-1.08960121532755e-05
2026-01-16 09:53:00+00:00,1.0003151857300934,-3.802170420943137e-08
2026-01-16 09:54:00+00:00,1.0003296788872167,1.4488590526527011e-05
2026-01-16 09:55:00+00:00,1.0003326042893108,2.9244379686758056e-06
2026-01-16 09:56:00+00:00,1.0003419013117765,9.29393126432887e-06
2026-01-16 09:57:00+00:00,1.0003060040424157,-3.5885000232082765e-05
2026-01-16 09:58:00+00:00,1.0003059611559388,-4.287335744653771e-08
2026-01-16 09:59:00+00:00,1.000291310162419,-1.4646512256016099e-05
2026-01-16 10:00:00+00:00,1.0002882803450726,-3.0289349867809593e-06
2026-01-16 10:01:00+00:00,1.0003154157117276,2.712754631664047e-05
2026-01-16 10:02:00+00:00,1.0003303809765793,1.4960546060441789e-05
2026-01-16 10:03:00+00:00,1.000313197918645,-1.7177382853619255e-05
2026-01-16 10:04:00+00:00,1.0003190562082402,5.856455365499063e-06
2026-01-16 10:05:00+00:00,1.0003298223186348,1.0762676495911431e-05
2026-01-16 10:06:00+00:00,1.0003360089060944,6.184547657871258e-06
2026-01-16 10:07:00+00:00,1.0003160849494779,-1.9917264238441396e-05
2026-01-16 10:08:00+00:00,1.0003226246007995,6.537584889429964e-06
2026-01-16 10:09:00+00:00,1.0003302626889619,7.635624722006775e-06
2026-01-16 10:10:00+00:00,1.0003097343359064,-2.0521575544669245e-05
2026-01-16 10:11:00+00:00,1.0003042282308148,-5.504400189929307e-06
2026-01-16 10:12:00+00:00,1.0003404810160308,3.6241759449687166e-05
2026-01-16 10:13:00+00:00,1.000340350969664,-1.3000210358566773e-07
2026-01-16 10:14:00+00:00,1.0003402136040815,-1.3731884580500779e-07
2026-01-16 10:15:00+00:00,1.0003515357031552,1.1318248451684826e-05
2026-01-16 10:16:00+00:00,1.0003780220998064,2.64770890090446e-05
2026-01-16 10:17:00+00:00,1.0003739568704961,-4.063693144589753e-06
2026-01-16 10:18:00+00:00,1.0003739568704961,0.0
2026-01-16 10:19:00+00:00,1.0003739568704961,0.0
2026-01-16 10:20:00+00:00,1.0003739568704961,0.0
2026-01-16 10:21:00+00:00,1.0003739568704961,0.0
2026-01-16 10:22:00+00:00,1.0003739568704961,-0.0
2026-01-16 10:23:00+00:00,1.0003739568704961,-0.0
2026-01-16 10:24:00+00:00,1.0003739568704961,-0.0
2026-01-16 10:25:00+00:00,1.0003739568704961,0.0
2026-01-16 10:26:00+00:00,1.0003739568704961,-0.0
2026-01-16 10:27:00+00:00,1.0003739568704961,-0.0
2026-01-16 10:28:00+00:00,1.0003739568704961,0.0
2026-01-16 10:29:00+00:00,1.0003739568704961,-0.0
2026-01-16 10:30:00+00:00,1.0003739568704961,-0.0
2026-01-16 10:31:00+00:00,1.0003739568704961,0.0
2026-01-16 10:32:00+00:00,1.0003739568704961,-0.0
2026-01-16 10:33:00+00:00,1.0003739568704961,0.0
2026-01-16 10:34:00+00:00,1.0003739568704961,-0.0
2026-01-16 10:35:00+00:00,1.0003739568704961,0.0
2026-01-16 10:36:00+00:00,1.0003739568704961,0.0
2026-01-16 10:37:00+00:00,1.0003739568704961,-0.0
2026-01-16 10:38:00+00:00,1.0003739568704961,0.0
2026-01-16 10:39:00+00:00,1.0003739568704961,-0.0
2026-01-16 10:40:00+00:00,1.0003739568704961,-0.0
2026-01-16 10:41:00+00:00,1.0003739568704961,-0.0
2026-01-16 10:42:00+00:00,1.0003739568704961,0.0
2026-01-16 10:43:00+00:00,1.0003739568704961,-0.0
2026-01-16 10:44:00+00:00,1.0003739568704961,0.0
2026-01-16 10:45:00+00:00,1.0003739568704961,-0.0
2026-01-16 10:46:00+00:00,1.0003739568704961,0.0
2026-01-16 10:47:00+00:00,1.0003739568704961,-0.0
2026-01-16 10:48:00+00:00,1.0003739568704961,0.0
2026-01-16 10:49:00+00:00,1.0003739568704961,-0.0
2026-01-16 10:50:00+00:00,1.0003739568704961,-0.0
2026-01-16 10:51:00+00:00,1.0003739568704961,-0.0
2026-01-16 10:52:00+00:00,1.0003739568704961,0.0
2026-01-16 10:53:00+00:00,1.0003739568704961,-0.0
2026-01-16 10:54:00+00:00,1.0003739568704961,-0.0
2026-01-16 10:55:00+00:00,1.0003739568704961,0.0
2026-01-16 10:56:00+00:00,1.0003739568704961,-0.0
2026-01-16 10:57:00+00:00,1.0003739568704961,0.0
2026-01-16 10:58:00+00:00,1.0003739568704961,0.0
2026-01-16 10:59:00+00:00,1.0003739568704961,0.0
2026-01-16 11:00:00+00:00,1.0003739568704961,0.0
2026-01-16 11:01:00+00:00,1.0003739568704961,0.0
2026-01-16 11:02:00+00:00,1.0003739568704961,-0.0
2026-01-16 11:03:00+00:00,1.0003739568704961,-0.0
2026-01-16 11:04:00+00:00,1.0003739568704961,0.0
2026-01-16 11:05:00+00:00,1.0003739568704961,-0.0
2026-01-16 11:06:00+00:00,1.0003739568704961,0.0
2026-01-16 11:07:00+00:00,1.0003739568704961,0.0
2026-01-16 11:08:00+00:00,1.0003739568704961,-0.0
2026-01-16 11:09:00+00:00,1.0003739568704961,0.0
2026-01-16 11:10:00+00:00,1.0003739568704961,0.0
2026-01-16 11:11:00+00:00,1.0003739568704961,0.0
2026-01-16 11:12:00+00:00,1.0003739568704961,-0.0
2026-01-16 11:13:00+00:00,1.0003739568704961,-0.0
2026-01-16 11:14:00+00:00,1.0003739568704961,0.0
2026-01-16 11:15:00+00:00,1.0003739568704961,0.0
2026-01-16 11:16:00+00:00,1.0003739568704961,-0.0
2026-01-16 11:17:00+00:00,1.0003739568704961,0.0
2026-01-16 11:18:00+00:00,1.0003739568704961,0.0
2026-01-16 11:19:00+00:00,1.0003739568704961,0.0
2026-01-16 11:20:00+00:00,1.0003739568704961,0.0
2026-01-16 11:21:00+00:00,1.0003739568704961,-0.0
2026-01-16 11:22:00+00:00,1.0003739568704961,0.0
2026-01-16 11:23:00+00:00,1.0003739568704961,-0.0
2026-01-16 11:24:00+00:00,1.0003739568704961,0.0
2026-01-16 11:25:00+00:00,1.0003739568704961,0.0
2026-01-16 11:26:00+00:00,1.0003739568704961,-0.0
2026-01-16 11:27:00+00:00,1.0003739568704961,-0.0
2026-01-16 11:28:00+00:00,1.0003739568704961,-0.0
2026-01-16 11:29:00+00:00,1.0003739568704961,0.0
2026-01-16 11:30:00+00:00,1.0003739568704961,-0.0
2026-01-16 11:31:00+00:00,1.0003739568704961,0.0
2026-01-16 11:32:00+00:00,1.0003739568704961,-0.0
2026-01-16 11:33:00+00:00,1.0003739568704961,-0.0
2026-01-16 11:34:00+00:00,1.0003739568704961,-0.0
2026-01-16 11:35:00+00:00,1.0003739568704961,-0.0
2026-01-16 11:36:00+00:00,1.0003739568704961,0.0
2026-01-16 11:37:00+00:00,1.0003739568704961,-0.0
2026-01-16 11:38:00+00:00,1.0003739568704961,-0.0
2026-01-16 11:39:00+00:00,1.0003739568704961,0.0
2026-01-16 11:40:00+00:00,1.0003739568704961,0.0
2026-01-16 11:41:00+00:00,1.0003739568704961,0.0
2026-01-16 11:42:00+00:00,1.0003739568704961,-0.0
2026-01-16 11:43:00+00:00,1.0003739568704961,0.0
2026-01-16 11:44:00+00:00,1.0003739568704961,-0.0
2026-01-16 11:45:00+00:00,1.0003739568704961,0.0
2026-01-16 11:46:00+00:00,1.0003739568704961,0.0
2026-01-16 11:47:00+00:00,1.0003739568704961,0.0
2026-01-16 11:48:00+00:00,1.0003739568704961,-0.0
2026-01-16 11:49:00+00:00,1.0003739568704961,0.0
2026-01-16 11:50:00+00:00,1.0003739568704961,0.0
2026-01-16 11:51:00+00:00,1.0003739568704961,-0.0
2026-01-16 11:52:00+00:00,1.0003739568704961,-0.0
2026-01-16 11:53:00+00:00,1.0003739568704961,0.0
2026-01-16 11:54:00+00:00,1.0003739568704961,-0.0
2026-01-16 11:55:00+00:00,1.0003739568704961,0.0
2026-01-16 11:56:00+00:00,1.0003739568704961,-0.0
2026-01-16 11:57:00+00:00,1.0003739568704961,-0.0
2026-01-16 11:58:00+00:00,1.0003739568704961,0.0
2026-01-16 11:59:00+00:00,1.0003739568704961,0.0
2026-01-16 12:00:00+00:00,1.0003739568704961,-0.0
2026-01-16 12:01:00+00:00,1.0003739568704961,0.0
2026-01-16 12:02:00+00:00,1.0003739568704961,-0.0
2026-01-16 12:03:00+00:00,1.0003739568704961,-0.0
2026-01-16 12:04:00+00:00,1.0003739568704961,0.0
2026-01-16 12:05:00+00:00,1.0003739568704961,0.0
2026-01-16 12:06:00+00:00,1.0003739568704961,-0.0
2026-01-16 12:07:00+00:00,1.0003739568704961,-0.0
2026-01-16 12:08:00+00:00,1.0003739568704961,0.0
2026-01-16 12:09:00+00:00,1.0003739568704961,-0.0
2026-01-16 12:10:00+00:00,1.0003739568704961,-0.0
2026-01-16 12:11:00+00:00,1.0003739568704961,-0.0
2026-01-16 12:12:00+00:00,1.0003739568704961,-0.0
2026-01-16 12:13:00+00:00,1.0003739568704961,0.0
2026-01-16 12:14:00+00:00,1.0003739568704961,0.0
2026-01-16 12:15:00+00:00,1.0003739568704961,-0.0
2026-01-16 12:16:00+00:00,1.0003739568704961,-0.0
2026-01-16 12:17:00+00:00,1.0003739568704961,0.0
2026-01-16 12:18:00+00:00,1.0003739568704961,-0.0
2026-01-16 12:19:00+00:00,1.0003739568704961,-0.0
2026-01-16 12:20:00+00:00,1.0003739568704961,0.0
2026-01-16 12:21:00+00:00,1.0003739568704961,-0.0
2026-01-16 12:22:00+00:00,1.0003739568704961,0.0
2026-01-16 12:23:00+00:00,1.0003739568704961,-0.0
2026-01-16 12:24:00+00:00,1.0003739568704961,0.0
2026-01-16 12:25:00+00:00,1.0003739568704961,-0.0
2026-01-16 12:26:00+00:00,1.0003739568704961,0.0
2026-01-16 12:27:00+00:00,1.0003739568704961,0.0
2026-01-16 12:28:00+00:00,1.0003739568704961,-0.0
2026-01-16 12:29:00+00:00,1.0003739568704961,0.0
2026-01-16 12:30:00+00:00,1.0003739568704961,0.0
2026-01-16 12:31:00+00:00,1.0003739568704961,-0.0
2026-01-16 12:32:00+00:00,1.0003739568704961,-0.0
2026-01-16 12:33:00+00:00,1.0003739568704961,-0.0
2026-01-16 12:34:00+00:00,1.0003739568704961,0.0
2026-01-16 12:35:00+00:00,1.0003739568704961,-0.0
2026-01-16 12:36:00+00:00,1.0003739568704961,0.0
2026-01-16 12:37:00+00:00,1.0003739568704961,0.0
2026-01-16 12:38:00+00:00,1.0003739568704961,0.0
2026-01-16 12:39:00+00:00,1.0003739568704961,-0.0
2026-01-16 12:40:00+00:00,1.0003739568704961,-0.0
2026-01-16 12:41:00+00:00,1.0003739568704961,-0.0
2026-01-16 12:42:00+00:00,1.0003739568704961,0.0
2026-01-16 12:43:00+00:00,1.0003739568704961,-0.0
2026-01-16 12:44:00+00:00,1.0003739568704961,0.0
2026-01-16 12:45:00+00:00,1.0003739568704961,0.0
2026-01-16 12:46:00+00:00,1.0003739568704961,-0.0
2026-01-16 12:47:00+00:00,1.0003739568704961,-0.0
2026-01-16 12:48:00+00:00,1.0003739568704961,-0.0
2026-01-16 12:49:00+00:00,1.0003739568704961,0.0
2026-01-16 12:50:00+00:00,1.0003739568704961,0.0
2026-01-16 12:51:00+00:00,1.0003739568704961,0.0
2026-01-16 12:52:00+00:00,1.0003739568704961,-0.0
2026-01-16 12:53:00+00:00,1.0003739568704961,0.0
2026-01-16 12:54:00+00:00,1.0003739568704961,0.0
2026-01-16 12:55:00+00:00,1.0003739568704961,0.0
2026-01-16 12:56:00+00:00,1.0003739568704961,0.0
2026-01-16 12:57:00+00:00,1.0003739568704961,-0.0
2026-01-16 12:58:00+00:00,1.0003739568704961,0.0
2026-01-16 12:59:00+00:00,1.0003739568704961,0.0
2026-01-16 13:00:00+00:00,1.0003739568704961,-0.0
2026-01-16 13:01:00+00:00,1.0003739568704961,-0.0
2026-01-16 13:02:00+00:00,1.0003739568704961,0.0
2026-01-16 13:03:00+00:00,1.0003739568704961,0.0
2026-01-16 13:04:00+00:00,1.0003739568704961,-0.0
2026-01-16 13:05:00+00:00,1.0003739568704961,0.0
2026-01-16 13:06:00+00:00,1.0003739568704961,-0.0
2026-01-16 13:07:00+00:00,1.0003739568704961,-0.0
2026-01-16 13:08:00+00:00,1.0003739568704961,0.0
2026-01-16 13:09:00+00:00,1.0003739568704961,-0.0
2026-01-16 13:10:00+00:00,1.0003739568704961,0.0
2026-01-16 13:11:00+00:00,1.0003739568704961,-0.0
2026-01-16 13:12:00+00:00,1.0003739568704961,0.0
2026-01-16 13:13:00+00:00,1.0003739568704961,-0.0
2026-01-16 13:14:00+00:00,1.0003739568704961,-0.0
2026-01-16 13:15:00+00:00,1.0003739568704961,-0.0
2026-01-16 13:16:00+00:00,1.0003739568704961,0.0
2026-01-16 13:17:00+00:00,1.0003739568704961,0.0
2026-01-16 13:18:00+00:00,1.0003739568704961,0.0
2026-01-16 13:19:00+00:00,1.0003739568704961,0.0
2026-01-16 13:20:00+00:00,1.0003739568704961,-0.0
2026-01-16 13:21:00+00:00,1.0003739568704961,0.0
2026-01-16 13:22:00+00:00,1.0003739568704961,-0.0
2026-01-16 13:23:00+00:00,1.0003739568704961,-0.0
2026-01-16 13:24:00+00:00,1.0003739568704961,0.0
2026-01-16 13:25:00+00:00,1.0003739568704961,-0.0
2026-01-16 13:26:00+00:00,1.0003739568704961,0.0
2026-01-16 13:27:00+00:00,1.0003739568704961,-0.0
2026-01-16 13:28:00+00:00,1.0003739568704961,0.0
2026-01-16 13:29:00+00:00,1.0003739568704961,-0.0
2026-01-16 13:30:00+00:00,1.0003739568704961,0.0
2026-01-16 13:31:00+00:00,1.0003739568704961,0.0
2026-01-16 13:32:00+00:00,1.0003739568704961,-0.0
2026-01-16 13:33:00+00:00,1.0003739568704961,-0.0
2026-01-16 13:34:00+00:00,1.0003739568704961,0.0
2026-01-16 13:35:00+00:00,1.0003739568704961,-0.0
2026-01-16 13:36:00+00:00,1.0003739568704961,0.0
2026-01-16 13:37:00+00:00,1.0003739568704961,0.0
2026-01-16 13:38:00+00:00,1.0003739568704961,-0.0
2026-01-16 13:39:00+00:00,1.0003739568704961,-0.0
2026-01-16 13:40:00+00:00,1.0003739568704961,-0.0
2026-01-16 13:41:00+00:00,1.0003739568704961,-0.0
2026-01-16 13:42:00+00:00,1.0003739568704961,0.0
2026-01-16 13:43:00+00:00,1.0003739568704961,-0.0
2026-01-16 13:44:00+00:00,1.0003739568704961,-0.0
2026-01-16 13:45:00+00:00,1.0003739568704961,0.0
2026-01-16 13:46:00+00:00,1.0003739568704961,-0.0
2026-01-16 13:47:00+00:00,1.0003739568704961,-0.0
2026-01-16 13:48:00+00:00,1.0003739568704961,0.0
2026-01-16 13:49:00+00:00,1.0003739568704961,0.0
2026-01-16 13:50:00+00:00,1.0003739568704961,0.0
2026-01-16 13:51:00+00:00,1.0003739568704961,-0.0
2026-01-16 13:52:00+00:00,1.0003739568704961,-0.0
2026-01-16 13:53:00+00:00,1.0003739568704961,-0.0
2026-01-16 13:54:00+00:00,1.0003739568704961,0.0
2026-01-16 13:55:00+00:00,1.0003739568704961,-0.0
2026-01-16 13:56:00+00:00,1.0003739568704961,0.0
2026-01-16 13:57:00+00:00,1.0003739568704961,-0.0
2026-01-16 13:58:00+00:00,1.0003739568704961,-0.0
2026-01-16 13:59:00+00:00,1.0003739568704961,0.0
2026-01-16 14:00:00+00:00,1.0003739568704961,-0.0
2026-01-16 14:01:00+00:00,1.0003739568704961,0.0
2026-01-16 14:02:00+00:00,1.0003739568704961,0.0
2026-01-16 14:03:00+00:00,1.0003739568704961,-0.0
2026-01-16 14:04:00+00:00,1.0003739568704961,0.0
2026-01-16 14:05:00+00:00,1.0003739568704961,0.0
2026-01-16 14:06:00+00:00,1.0003739568704961,-0.0
2026-01-16 14:07:00+00:00,1.0003739568704961,0.0
2026-01-16 14:08:00+00:00,1.0003739568704961,0.0
2026-01-16 14:09:00+00:00,1.0003739568704961,0.0
2026-01-16 14:10:00+00:00,1.0003739568704961,-0.0
2026-01-16 14:11:00+00:00,1.0003739568704961,0.0
2026-01-16 14:12:00+00:00,1.0003739568704961,0.0
2026-01-16 14:13:00+00:00,1.0003739568704961,-0.0
2026-01-16 14:14:00+00:00,1.0003739568704961,0.0
2026-01-16 14:15:00+00:00,1.0003739568704961,-0.0
2026-01-16 14:16:00+00:00,1.0003739568704961,-0.0
2026-01-16 14:17:00+00:00,1.0003739568704961,-0.0
2026-01-16 14:18:00+00:00,1.0003739568704961,-0.0
2026-01-16 14:19:00+00:00,1.0003739568704961,-0.0
2026-01-16 14:20:00+00:00,1.0003739568704961,0.0
2026-01-16 14:21:00+00:00,1.0003739568704961,0.0
2026-01-16 14:22:00+00:00,1.0003739568704961,-0.0
2026-01-16 14:23:00+00:00,1.0003739568704961,-0.0
2026-01-16 14:24:00+00:00,1.0003610879964024,-1.2864063488773979e-05
2026-01-16 14:25:00+00:00,1.0004020126207802,4.090985232099475e-05
2026-01-16 14:26:00+00:00,1.0004194907472586,1.7471102874468465e-05
2026-01-16 14:27:00+00:00,1.0004194907472586,-0.0
2026-01-16 14:28:00+00:00,1.0004194907472586,0.0
2026-01-16 14:29:00+00:00,1.0004066281059179,-1.2857247844262687e-05
2026-01-16 14:30:00+00:00,1.0004039707429644,-2.6562828342855662e-06
2026-01-16 14:31:00+00:00,1.0004509838049747,4.699407777787869e-05
2026-01-16 14:32:00+00:00,1.0004412879272813,-9.691506980555415e-06
2026-01-16 14:33:00+00:00,1.0003901915548254,-5.107383418949715e-05
2026-01-16 14:34:00+00:00,1.0003842650016532,-5.9242415831186944e-06
2026-01-16 14:35:00+00:00,1.000427753106431,4.347140024006442e-05
2026-01-16 14:36:00+00:00,1.0004366326970682,8.875793988689895e-06
2026-01-16 14:37:00+00:00,1.000459238593695,2.2596030461276485e-05
2026-01-16 14:38:00+00:00,1.000452590160414,-6.645381465456058e-06
2026-01-16 14:39:00+00:00,1.000452590160414,-0.0
2026-01-16 14:40:00+00:00,1.000452590160414,0.0
2026-01-16 14:41:00+00:00,1.000452590160414,-0.0
2026-01-16 14:42:00+00:00,1.000452590160414,0.0
2026-01-16 14:43:00+00:00,1.000452590160414,-0.0
2026-01-16 14:44:00+00:00,1.000452590160414,-0.0
2026-01-16 14:45:00+00:00,1.000452590160414,0.0
2026-01-16 14:46:00+00:00,1.000452590160414,-0.0
2026-01-16 14:47:00+00:00,1.000452590160414,-0.0
2026-01-16 14:48:00+00:00,1.000452590160414,-0.0
2026-01-16 14:49:00+00:00,1.000452590160414,0.0
2026-01-16 14:50:00+00:00,1.000452590160414,-0.0
2026-01-16 14:51:00+00:00,1.000452590160414,0.0
2026-01-16 14:52:00+00:00,1.000452590160414,-0.0
2026-01-16 14:53:00+00:00,1.000452590160414,-0.0
2026-01-16 14:54:00+00:00,1.000452590160414,0.0
2026-01-16 14:55:00+00:00,1.000452590160414,-0.0
2026-01-16 14:56:00+00:00,1.000452590160414,0.0
2026-01-16 14:57:00+00:00,1.000452590160414,-0.0
2026-01-16 14:58:00+00:00,1.000452590160414,-0.0
2026-01-16 14:59:00+00:00,1.000452590160414,-0.0
2026-01-16 15:00:00+00:00,1.000452590160414,0.0
2026-01-16 15:01:00+00:00,1.0004393389298385,-1.3245235912073975e-05
2026-01-16 15:02:00+00:00,1.0004605521149754,2.120386945156605e-05
2026-01-16 15:03:00+00:00,1.000492761682083,3.219473975202103e-05
2026-01-16 15:04:00+00:00,1.0004803252384336,-1.2430318464773866e-05
2026-01-16 15:05:00+00:00,1.0004976121288327,1.727859105582353e-05
2026-01-16 15:06:00+00:00,1.0005245909717957,2.6965424640526427e-05
2026-01-16 15:07:00+00:00,1.0005245909717957,0.0
2026-01-16 15:08:00+00:00,1.0005112396252387,-1.3344346233422361e-05
2026-01-16 15:09:00+00:00,1.000505076985763,-6.159490499927028e-06
2026-01-16 15:10:00+00:00,1.0005210824025985,1.5997336948740376e-05
2026-01-16 15:11:00+00:00,1.000535979701638,1.4889540362095195e-05
2026-01-16 15:12:00+00:00,1.0005758161077312,3.98150660259398e-05
2026-01-16 15:13:00+00:00,1.0005737639105539,-2.0510161692790635e-06
2026-01-16 15:14:00+00:00,1.0005289785446774,-4.4759684384904464e-05
2026-01-16 15:15:00+00:00,1.000574214207625,4.521174690369957e-05
2026-01-16 15:16:00+00:00,1.000574214207625,0.0
2026-01-16 15:17:00+00:00,1.000574214207625,-0.0
2026-01-16 15:18:00+00:00,1.000574214207625,-0.0
2026-01-16 15:19:00+00:00,1.000560813923699,-1.3392593708382856e-05
2026-01-16 15:20:00+00:00,1.0005704629427052,9.643610735080964e-06
2026-01-16 15:21:00+00:00,1.000483423824819,-8.69894936037659e-05
2026-01-16 15:22:00+00:00,1.0005415024059994,5.805051817694697e-05
2026-01-16 15:23:00+00:00,1.000526328223992,-1.5165969598299842e-05
2026-01-16 15:24:00+00:00,1.0005164603081964,-9.862724765165826e-06
2026-01-16 15:25:00+00:00,1.0004991904467628,-1.726094683978163e-05
2026-01-16 15:26:00+00:00,1.0004848006519464,-1.438261515243703e-05
2026-01-16 15:27:00+00:00,1.0005259186935391,4.109811719866027e-05
2026-01-16 15:28:00+00:00,1.0004620339760946,-6.385113693808871e-05
2026-01-16 15:29:00+00:00,1.0004007488100608,-6.125686328165173e-05
2026-01-16 15:30:00+00:00,1.000420416107244,1.9659418694577912e-05
2026-01-16 15:31:00+00:00,1.000384817056647,-3.558409047228964e-05
2026-01-16 15:32:00+00:00,1.0004243009034406,3.946865858047348e-05
2026-01-16 15:33:00+00:00,1.000496200600556,7.186920294769526e-05
2026-01-16 15:34:00+00:00,1.0005099902809815,1.3782841371421108e-05
2026-01-16 15:35:00+00:00,1.0004993974335317,-1.058744795439593e-05
2026-01-16 15:36:00+00:00,1.0005014209689382,2.022525362627245e-06
2026-01-16 15:37:00+00:00,1.000499822310352,-1.5978573870779496e-06
2026-01-16 15:38:00+00:00,1.000551712123172,5.1863890090703096e-05
2026-01-16 15:39:00+00:00,1.0006038634085408,5.212252873787377e-05
2026-01-16 15:40:00+00:00,1.0005487401265263,-5.509001517014827e-05
2026-01-16 15:41:00+00:00,1.0005886985357684,3.993649448489672e-05
2026-01-16 15:42:00+00:00,1.000628927982966,4.020577811504711e-05
2026-01-16 15:43:00+00:00,1.0005802901446121,-4.860726788298351e-05
2026-01-16 15:44:00+00:00,1.0005972157050547,1.6915744402659373e-05
2026-01-16 15:45:00+00:00,1.0006887652203538,9.149487312386951e-05
2026-01-16 15:46:00+00:00,1.000630495088268,-5.823002526964566e-05
2026-01-16 15:47:00+00:00,1.0006458830134133,1.5378229247067294e-05
2026-01-16 15:48:00+00:00,1.0006534708078125,7.582896734942751e-06
2026-01-16 15:49:00+00:00,1.0006988523056783,4.5351861748043644e-05
2026-01-16 15:50:00+00:00,1.000709450145602,1.0590438770995682e-05
2026-01-16 15:51:00+00:00,1.000709450145602,0.0
2026-01-16 15:52:00+00:00,1.000709450145602,-0.0
2026-01-16 15:53:00+00:00,1.000709450145602,-0.0
2026-01-16 15:54:00+00:00,1.000709450145602,0.0
2026-01-16 15:55:00+00:00,1.000709450145602,0.0
2026-01-16 15:56:00+00:00,1.000709450145602,-0.0
2026-01-16 15:57:00+00:00,1.000709450145602,0.0
2026-01-16 15:58:00+00:00,1.000709450145602,-0.0
2026-01-16 15:59:00+00:00,1.000709450145602,-0.0
2026-01-16 16:00:00+00:00,1.000709450145602,0.0
2026-01-16 16:01:00+00:00,1.000709450145602,-0.0
2026-01-16 16:02:00+00:00,1.000709450145602,-0.0
2026-01-16 16:03:00+00:00,1.000709450145602,0.0
2026-01-16 16:04:00+00:00,1.000709450145602,0.0
2026-01-16 16:05:00+00:00,1.000709450145602,-0.0
2026-01-16 16:06:00+00:00,1.000709450145602,0.0
2026-01-16 16:07:00+00:00,1.000709450145602,0.0
2026-01-16 16:08:00+00:00,1.000709450145602,0.0
2026-01-16 16:09:00+00:00,1.0006954262620134,-1.4013941395925609e-05
2026-01-16 16:10:00+00:00,1.0007498672007054,5.440310534378139e-05
2026-01-16 16:11:00+00:00,1.0007749742895804,2.5088275999880083e-05
2026-01-16 16:12:00+00:00,1.0007749742895804,0.0
2026-01-16 16:13:00+00:00,1.0007749742895804,-0.0
2026-01-16 16:14:00+00:00,1.0007749742895804,0.0
2026-01-16 16:15:00+00:00,1.0007749742895804,-0.0
2026-01-16 16:16:00+00:00,1.0007749742895804,0.0
2026-01-16 16:17:00+00:00,1.0007749742895804,0.0
2026-01-16 16:18:00+00:00,1.000760922215407,-1.404119261015687e-05
2026-01-16 16:19:00+00:00,1.0008422114357265,8.122741257686949e-05
2026-01-16 16:20:00+00:00,1.0008422114357265,0.0
2026-01-16 16:21:00+00:00,1.0008422114357265,0.0
2026-01-16 16:22:00+00:00,1.0008422114357265,-0.0
2026-01-16 16:23:00+00:00,1.0008422114357265,0.0
2026-01-16 16:24:00+00:00,1.0008422114357265,-0.0
2026-01-16 16:25:00+00:00,1.0008422114357265,0.0
2026-01-16 16:26:00+00:00,1.0008422114357265,-0.0
2026-01-16 16:27:00+00:00,1.0008422114357265,-0.0
2026-01-16 16:28:00+00:00,1.0008422114357265,-0.0
2026-01-16 16:29:00+00:00,1.0008422114357265,0.0
2026-01-16 16:30:00+00:00,1.0008422114357265,-0.0
2026-01-16 16:31:00+00:00,1.0008422114357265,-0.0
2026-01-16 16:32:00+00:00,1.0008422114357265,0.0
2026-01-16 16:33:00+00:00,1.0008422114357265,-0.0
2026-01-16 16:34:00+00:00,1.0008422114357265,0.0
2026-01-16 16:35:00+00:00,1.0008422114357265,-0.0
2026-01-16 16:36:00+00:00,1.0008422114357265,-0.0
2026-01-16 16:37:00+00:00,1.0008422114357265,-0.0
2026-01-16 16:38:00+00:00,1.0008422114357265,0.0
2026-01-16 16:39:00+00:00,1.0008422114357265,0.0
2026-01-16 16:40:00+00:00,1.0008422114357265,0.0
2026-01-16 16:41:00+00:00,1.0008422114357265,0.0
2026-01-16 16:42:00+00:00,1.0008422114357265,-0.0
2026-01-16 16:43:00+00:00,1.0008422114357265,0.0
2026-01-16 16:44:00+00:00,1.0008422114357265,-0.0
2026-01-16 16:45:00+00:00,1.0008422114357265,-0.0
2026-01-16 16:46:00+00:00,1.0008422114357265,0.0
2026-01-16 16:47:00+00:00,1.0008422114357265,-0.0
2026-01-16 16:48:00+00:00,1.0008422114357265,0.0
2026-01-16 16:49:00+00:00,1.0008422114357265,-0.0
2026-01-16 16:50:00+00:00,1.0008422114357265,0.0
2026-01-16 16:51:00+00:00,1.0008422114357265,0.0
2026-01-16 16:52:00+00:00,1.0008422114357265,-0.0
2026-01-16 16:53:00+00:00,1.0008422114357265,-0.0
2026-01-16 16:54:00+00:00,1.0008422114357265,0.0
2026-01-16 16:55:00+00:00,1.0008422114357265,0.0
2026-01-16 16:56:00+00:00,1.0008422114357265,-0.0
2026-01-16 16:57:00+00:00,1.0008422114357265,0.0
2026-01-16 16:58:00+00:00,1.0008422114357265,-0.0
2026-01-16 16:59:00+00:00,1.0008422114357265,0.0
2026-01-16 17:00:00+00:00,1.0008422114357265,-0.0
2026-01-16 17:01:00+00:00,1.0008422114357265,0.0
2026-01-16 17:02:00+00:00,1.0008422114357265,-0.0
2026-01-16 17:03:00+00:00,1.0008422114357265,0.0
2026-01-16 17:04:00+00:00,1.0008422114357265,-0.0
2026-01-16 17:05:00+00:00,1.0008422114357265,0.0
2026-01-16 17:06:00+00:00,1.0008422114357265,-0.0
2026-01-16 17:07:00+00:00,1.0008422114357265,-0.0
2026-01-16 17:08:00+00:00,1.0008422114357265,0.0
2026-01-16 17:09:00+00:00,1.0008422114357265,0.0
2026-01-16 17:10:00+00:00,1.0008422114357265,-0.0
2026-01-16 17:11:00+00:00,1.0008422114357265,0.0
2026-01-16 17:12:00+00:00,1.0008422114357265,-0.0
2026-01-16 17:13:00+00:00,1.0008422114357265,0.0
2026-01-16 17:14:00+00:00,1.0008422114357265,-0.0
2026-01-16 17:15:00+00:00,1.0008422114357265,-0.0
2026-01-16 17:16:00+00:00,1.0008422114357265,0.0
2026-01-16 17:17:00+00:00,1.0008422114357265,-0.0
2026-01-16 17:18:00+00:00,1.0008422114357265,-0.0
2026-01-16 17:19:00+00:00,1.0008422114357265,0.0
2026-01-16 17:20:00+00:00,1.0008422114357265,0.0
2026-01-16 17:21:00+00:00,1.0008422114357265,0.0
2026-01-16 17:22:00+00:00,1.0008422114357265,-0.0
2026-01-16 17:23:00+00:00,1.0008422114357265,0.0
2026-01-16 17:24:00+00:00,1.0008422114357265,-0.0
2026-01-16 17:25:00+00:00,1.0008422114357265,-0.0
2026-01-16 17:26:00+00:00,1.0008422114357265,0.0
2026-01-16 17:27:00+00:00,1.0008422114357265,-0.0
2026-01-16 17:28:00+00:00,1.0008422114357265,0.0
2026-01-16 17:29:00+00:00,1.0008422114357265,-0.0
2026-01-16 17:30:00+00:00,1.0008422114357265,-0.0
2026-01-16 17:31:00+00:00,1.0008422114357265,0.0
2026-01-16 17:32:00+00:00,1.0008422114357265,-0.0
2026-01-16 17:33:00+00:00,1.0008422114357265,0.0
2026-01-16 17:34:00+00:00,1.0008422114357265,0.0
2026-01-16 17:35:00+00:00,1.0008422114357265,-0.0
2026-01-16 17:36:00+00:00,1.0008422114357265,0.0
2026-01-16 17:37:00+00:00,1.0008422114357265,-0.0
2026-01-16 17:38:00+00:00,1.0008422114357265,-0.0
2026-01-16 17:39:00+00:00,1.0008422114357265,0.0
2026-01-16 17:40:00+00:00,1.0008422114357265,0.0
2026-01-16 17:41:00+00:00,1.0008422114357265,0.0
2026-01-16 17:42:00+00:00,1.0008422114357265,-0.0
2026-01-16 17:43:00+00:00,1.0008422114357265,-0.0
2026-01-16 17:44:00+00:00,1.0008422114357265,0.0
2026-01-16 17:45:00+00:00,1.0008422114357265,-0.0
2026-01-16 17:46:00+00:00,1.0008422114357265,-0.0
2026-01-16 17:47:00+00:00,1.0008422114357265,0.0
2026-01-16 17:48:00+00:00,1.0008422114357265,-0.0
2026-01-16 17:49:00+00:00,1.0008422114357265,0.0
2026-01-16 17:50:00+00:00,1.0008422114357265,0.0
2026-01-16 17:51:00+00:00,1.0008422114357265,0.0
2026-01-16 17:52:00+00:00,1.0008422114357265,-0.0
2026-01-16 17:53:00+00:00,1.0008422114357265,-0.0
2026-01-16 17:54:00+00:00,1.0008422114357265,0.0
2026-01-16 17:55:00+00:00,1.0008422114357265,0.0
2026-01-16 17:56:00+00:00,1.0008422114357265,-0.0
2026-01-16 17:57:00+00:00,1.0008422114357265,-0.0
2026-01-16 17:58:00+00:00,1.0008422114357265,0.0
2026-01-16 17:59:00+00:00,1.000827198802555,-1.5000000000000004e-05
2026-01-16 18:00:00+00:00,1.0008364030442944,9.196634294650066e-06
2026-01-16 18:01:00+00:00,1.0008748181335143,3.8382985573865866e-05
2026-01-16 18:02:00+00:00,1.0008103959071943,-6.436591784771742e-05
2026-01-16 18:03:00+00:00,1.0007867803502895,-2.3596434450983895e-05
2026-01-16 18:04:00+00:00,1.0008195156467505,3.270956122110811e-05
2026-01-16 18:05:00+00:00,1.0008208498733855,1.3331341106198228e-06
2026-01-16 18:06:00+00:00,1.000811853894149,-8.988600944527074e-06
2026-01-16 18:07:00+00:00,1.0008210744236088,9.213049809243147e-06
2026-01-16 18:08:00+00:00,1.0007549213080265,-6.609884351251556e-05
2026-01-16 18:09:00+00:00,1.0007557265724596,8.046569803788164e-07
2026-01-16 18:10:00+00:00,1.0007838200597636,2.807227234181168e-05
2026-01-16 18:11:00+00:00,1.000768046929426,-1.576077672460098e-05
2026-01-16 18:12:00+00:00,1.0007728441253079,4.793514238091919e-06
2026-01-16 18:13:00+00:00,1.0007337468195974,-3.906711292183274e-05
2026-01-16 18:14:00+00:00,1.000783641448136,4.985804535634472e-05
2026-01-16 18:15:00+00:00,1.0007724900895054,-1.1142626806253627e-05
2026-01-16 18:16:00+00:00,1.0007666701285298,-5.815468583720382e-06
2026-01-16 18:17:00+00:00,1.0007571006966187,-9.562100933924768e-06
2026-01-16 18:18:00+00:00,1.000786527847835,2.940488875452027e-05
2026-01-16 18:19:00+00:00,1.0007808513437673,-5.672042847934586e-06
2026-01-16 18:20:00+00:00,1.0007871159115642,6.2596799175198346e-06
2026-01-16 18:21:00+00:00,1.0007517428369175,-3.5345253835066e-05
2026-01-16 18:22:00+00:00,1.0007467771740017,-4.96193281824388e-06
2026-01-16 18:23:00+00:00,1.000708966549819,-3.778240914212526e-05
2026-01-16 18:24:00+00:00,1.0007337020309084,2.4717956884752157e-05
2026-01-16 18:25:00+00:00,1.000725623260475,-8.072847368767044e-06
2026-01-16 18:26:00+00:00,1.000753016754397,2.7373630978505946e-05
2026-01-16 18:27:00+00:00,1.000701232391378,-5.174539786729141e-05
2026-01-16 18:28:00+00:00,1.0007295457859382,2.8293554203475383e-05
2026-01-16 18:29:00+00:00,1.0007125041785598,-1.7029183809089432e-05
2026-01-16 18:30:00+00:00,1.0007205408946285,8.030993951897021e-06
2026-01-16 18:31:00+00:00,1.0007467423521914,2.6182591934854076e-05
2026-01-16 18:32:00+00:00,1.0007770848493207,3.0319856008842892e-05
2026-01-16 18:33:00+00:00,1.0007695857318135,-7.4932945815396655e-06
2026-01-16 18:34:00+00:00,1.0007658810911162,-3.701791851189329e-06
2026-01-16 18:35:00+00:00,1.0007953535640377,2.9449917786427544e-05
2026-01-16 18:36:00+00:00,1.0007389606959878,-5.634805142631522e-05
2026-01-16 18:37:00+00:00,1.0007779436575606,3.895417596775182e-05
2026-01-16 18:38:00+00:00,1.0007757150993613,-2.2268258541772823e-06
2026-01-16 18:39:00+00:00,1.000792241379565,1.651347045533496e-05
2026-01-16 18:40:00+00:00,1.0007988265556138,6.579963129808017e-06
2026-01-16 18:41:00+00:00,1.0007488750623281,-4.991162255622131e-05
2026-01-16 18:42:00+00:00,1.0007116853194353,-3.7161913262623436e-05
2026-01-16 18:43:00+00:00,1.0007888621776646,7.712197165420434e-05
2026-01-16 18:44:00+00:00,1.0007772059212465,-1.1647068486290846e-05
2026-01-16 18:45:00+00:00,1.0007683378596426,-8.86117464661751e-06
2026-01-16 18:46:00+00:00,1.0007765537571343,8.209589753048282e-06
2026-01-16 18:47:00+00:00,1.000787575539595,1.1013230095386691e-05
2026-01-16 18:48:00+00:00,1.0008063147503565,1.8724463831886374e-05
2026-01-16 18:49:00+00:00,1.0007859039033495,-2.0394402699230998e-05
2026-01-16 18:50:00+00:00,1.0007704813448832,-1.541044733550415e-05
2026-01-16 18:51:00+00:00,1.0007761284554402,5.642762913461985e-06
2026-01-16 18:52:00+00:00,1.0008005523530181,2.440495619694098e-05
2026-01-16 18:53:00+00:00,1.0007951037491518,-5.444245462930184e-06
2026-01-16 18:54:00+00:00,1.0007715378839481,-2.3547142782129842e-05
2026-01-16 18:55:00+00:00,1.0007920313922083,2.0477708931770656e-05
2026-01-16 18:56:00+00:00,1.000781035804458,-1.0986885791957276e-05
2026-01-16 18:57:00+00:00,1.0007841952547163,3.156984540450076e-06
2026-01-16 18:58:00+00:00,1.0008152380092523,3.101843003030337e-05
2026-01-16 18:59:00+00:00,1.0008207563147649,5.5138104446322676e-06
2026-01-16 19:00:00+00:00,1.00084067563431,1.990298404537956e-05
2026-01-16 19:01:00+00:00,1.000801303344144,-3.933921864343015e-05
2026-01-16 19:02:00+00:00,1.0008047143949754,3.408319733392285e-06
2026-01-16 19:03:00+00:00,1.0007913216894482,-1.3381936889994499e-05
2026-01-16 19:04:00+00:00,1.0008136269821264,2.228765597253352e-05
2026-01-16 19:05:00+00:00,1.0008108761325099,-2.748613270547481e-06
2026-01-16 19:06:00+00:00,1.0008268196981502,1.5930647858299947e-05
2026-01-16 19:07:00+00:00,1.000800956765157,-2.5841566676880495e-05
2026-01-16 19:08:00+00:00,1.0007953678014183,-5.5844908028479816e-06
2026-01-16 19:09:00+00:00,1.0007595804113751,-3.575894852694304e-05
2026-01-16 19:10:00+00:00,1.0007745457974675,1.4954027306208231e-05
2026-01-16 19:11:00+00:00,1.0007676376511732,-6.90279975979292e-06
2026-01-16 19:12:00+00:00,1.0007597901252459,-7.841506491627724e-06
2026-01-16 19:13:00+00:00,1.000746285284149,-1.3494588042018137e-05
2026-01-16 19:14:00+00:00,1.0007559247857234,9.632313120626002e-06
2026-01-16 19:15:00+00:00,1.0007825052865764,2.6560423170915782e-05
2026-01-16 19:16:00+00:00,1.0007645940835583,-1.789719836562455e-05
2026-01-16 19:17:00+00:00,1.0007666394888777,2.043842609450585e-06
2026-01-16 19:18:00+00:00,1.0007728256080273,6.1813802593604586e-06
2026-01-16 19:19:00+00:00,1.0007514804478885,-2.1328676791076354e-05
2026-01-16 19:20:00+00:00,1.0007613505785737,9.862719044527431e-06
2026-01-16 19:21:00+00:00,1.0007896727802796,2.8300654985926695e-05
2026-01-16 19:22:00+00:00,1.0007584248222139,-3.1223301874070516e-05
2026-01-16 19:23:00+00:00,1.0007823068634265,2.386394220645264e-05
2026-01-16 19:24:00+00:00,1.0007868033351963,4.49295689866897e-06
2026-01-16 19:25:00+00:00,1.0007764427325798,-1.0352457268504428e-05
2026-01-16 19:26:00+00:00,1.0007868721940503,1.0421369873442806e-05
2026-01-16 19:27:00+00:00,1.000801503301999,1.4619604188788676e-05
2026-01-16 19:28:00+00:00,1.00080153098687,2.7662699348517656e-08
2026-01-16 19:29:00+00:00,1.0007628803899065,-3.861964212376975e-05
2026-01-16 19:30:00+00:00,1.0007627240937569,-1.561770052207221e-07
2026-01-16 19:31:00+00:00,1.0007830116971104,2.0272141302851468e-05
2026-01-16 19:32:00+00:00,1.0007432485894054,-3.973199708656397e-05
2026-01-16 19:33:00+00:00,1.0007436475217895,3.9863609827480677e-07
2026-01-16 19:34:00+00:00,1.0007536009405298,9.946022405452538e-06
2026-01-16 19:35:00+00:00,1.000770755213512,1.714135524098991e-05
2026-01-16 19:36:00+00:00,1.0007653414957058,-5.409548368574775e-06
2026-01-16 19:37:00+00:00,1.0007548444424466,-1.0489025572664695e-05
2026-01-16 19:38:00+00:00,1.00076973312247,1.4877449863251348e-05
2026-01-16 19:39:00+00:00,1.0007864185634547,1.6672607526429807e-05
2026-01-16 19:40:00+00:00,1.0007524381034252,-3.395375816369186e-05
2026-01-16 19:41:00+00:00,1.0007931661362814,4.069741057373505e-05
2026-01-16 19:42:00+00:00,1.0007949406930186,1.7731503342812912e-06
2026-01-16 19:43:00+00:00,1.0007741942601915,-2.0729953743215583e-05
2026-01-16 19:44:00+00:00,1.0007710263447627,-3.1654647442072245e-06
2026-01-16 19:45:00+00:00,1.0007559370360333,-1.5077683438255031e-05
2026-01-16 19:46:00+00:00,1.0007838547188435,2.789659474104238e-05
2026-01-16 19:47:00+00:00,1.0007782753208585,-5.575027972896342e-06
2026-01-16 19:48:00+00:00,1.000769978729021,-8.290139826424055e-06
2026-01-16 19:49:00+00:00,1.0007360421914653,-3.391042724814198e-05
2026-01-16 19:50:00+00:00,1.0007424788142074,6.431888600878969e-06
2026-01-16 19:51:00+00:00,1.00073861161343,-3.864331593025616e-06
2026-01-16 19:52:00+00:00,1.0007335237522876,-5.0841059628145005e-06
2026-01-16 19:53:00+00:00,1.0007343220897758,7.977523176571008e-07
2026-01-16 19:54:00+00:00,1.0007589487760393,2.4608615613546267e-05
2026-01-16 19:55:00+00:00,1.0007865686171193,2.7598894932604093e-05
2026-01-16 19:56:00+00:00,1.0007610343797582,-2.5514168716832927e-05
2026-01-16 19:57:00+00:00,1.0007476430660953,-1.3381130162661424e-05
2026-01-16 19:58:00+00:00,1.000745905958195,-1.7358101341290663e-06
2026-01-16 19:59:00+00:00,1.0007695843615494,2.3660754656647604e-05
2026-01-16 20:00:00+00:00,1.0008119267668827,4.230984433868722e-05
2026-01-16 20:01:00+00:00,1.000821376452082,9.4420189712646e-06
2026-01-16 20:02:00+00:00,1.0008300157282297,8.632185873557368e-06
2026-01-16 20:03:00+00:00,1.000811234497007,-1.8765655433501046e-05
2026-01-16 20:04:00+00:00,1.0007884280882187,-2.278792243959929e-05
2026-01-16 20:05:00+00:00,1.000807928347332,1.948489667354557e-05
2026-01-16 20:06:00+00:00,1.0007954591417827,-1.2459139457294605e-05
2026-01-16 20:07:00+00:00,1.0008219756466896,2.6495428875810082e-05
2026-01-16 20:08:00+00:00,1.0008257929213578,3.8141395383856957e-06
2026-01-16 20:09:00+00:00,1.0008619786786586,3.615590001450302e-05
2026-01-16 20:10:00+00:00,1.000879981888379,1.7987704702493763e-05
2026-01-16 20:11:00+00:00,1.000879981888379,0.0
2026-01-16 20:12:00+00:00,1.000879981888379,0.0
2026-01-16 20:13:00+00:00,1.000879981888379,0.0
2026-01-16 20:14:00+00:00,1.000879981888379,-0.0
2026-01-16 20:15:00+00:00,1.000879981888379,-0.0
2026-01-16 20:16:00+00:00,1.0008649686886506,-1.5000000000000004e-05
2026-01-16 20:17:00+00:00,1.0008842407015521,1.925535762004605e-05
2026-01-16 20:18:00+00:00,1.0008828148088509,-1.4246329826597346e-06
2026-01-16 20:19:00+00:00,1.0008827396339048,-7.510863896576807e-08
2026-01-16 20:20:00+00:00,1.0009202530908328,3.7480371518487524e-05
2026-01-16 20:21:00+00:00,1.0009376591728114,1.7390078705040462e-05
2026-01-16 20:22:00+00:00,1.0009543183717404,1.6643592911508447e-05
2026-01-16 20:23:00+00:00,1.0008824492585362,-7.180059257965265e-05
2026-01-16 20:24:00+00:00,1.000884317390567,1.8664849525663329e-06
2026-01-16 20:25:00+00:00,1.0008758358028844,-8.474093893875975e-06
2026-01-16 20:26:00+00:00,1.0009130599011036,3.7191524550278536e-05
2026-01-16 20:27:00+00:00,1.0009287825221411,1.570827843839976e-05
2026-01-16 20:28:00+00:00,1.0009301807980107,1.3969783805966367e-06
2026-01-16 20:29:00+00:00,1.0009131558574322,-1.700911902242444e-05
2026-01-16 20:30:00+00:00,1.0009489402277543,3.5751723426459115e-05
2026-01-16 20:31:00+00:00,1.0009489402277543,0.0
2026-01-16 20:32:00+00:00,1.0009489402277543,0.0
2026-01-16 20:33:00+00:00,1.0009489402277543,0.0
2026-01-16 20:34:00+00:00,1.0009489402277543,-0.0
2026-01-16 20:35:00+00:00,1.000933925993651,-1.5000000000000004e-05
2026-01-16 20:36:00+00:00,1.0009442521237215,1.0316495227450078e-05
2026-01-16 20:37:00+00:00,1.000961514207365,1.7245799260842564e-05
2026-01-16 20:38:00+00:00,1.0009268831458737,-3.45977952194531e-05
2026-01-16 20:39:00+00:00,1.0009654153010445,3.849647343827518e-05
2026-01-16 20:40:00+00:00,1.0009310198277384,-3.4362299416555894e-05
2026-01-16 20:41:00+00:00,1.0009537691639867,2.272817586591844e-05
2026-01-16 20:42:00+00:00,1.000935696904063,-1.8055039583771325e-05
2026-01-16 20:43:00+00:00,1.0009385613833912,2.8618015492466516e-06
2026-01-16 20:44:00+00:00,1.0009487812817008,1.0210315301915364e-05
2026-01-16 20:45:00+00:00,1.0009073747214299,-4.1367311739978746e-05
2026-01-16 20:46:00+00:00,1.0009177265027387,1.0342396879442563e-05
2026-01-16 20:47:00+00:00,1.000908847893288,-8.870468786385795e-06
2026-01-16 20:48:00+00:00,1.0009219019613176,1.3042214640262346e-05
2026-01-16 20:49:00+00:00,1.000929762697756,7.853496284765197e-06
2026-01-16 20:50:00+00:00,1.000903710315064,-2.6028182658639796e-05
2026-01-16 20:51:00+00:00,1.0009066519902154,2.9390191296963754e-06
2026-01-16 20:52:00+00:00,1.0009274408232753,2.0770001896338226e-05
2026-01-16 20:53:00+00:00,1.0009245834966323,-2.8546790972692864e-06
2026-01-16 20:54:00+00:00,1.0008843364023818,-4.020991682484391e-05
2026-01-16 20:55:00+00:00,1.000885724729277,1.3871002320864855e-06
2026-01-16 20:56:00+00:00,1.0008704132983401,-1.5297881225117914e-05
2026-01-16 20:57:00+00:00,1.000879338871315,8.917810793723582e-06
2026-01-16 20:58:00+00:00,1.0008384066780125,-4.089623165643465e-05
2026-01-16 20:59:00+00:00,1.0007534276269634,-8.490786372908033e-05
2026-01-16 21:00:00+00:00,1.0008449434583504,9.144693274149668e-05
2026-01-16 21:01:00+00:00,1.0008314885852492,-1.344351409188919e-05
2026-01-16 21:02:00+00:00,1.000841013767662,9.51726891229278e-06
2026-01-16 21:03:00+00:00,1.0008755597025383,3.451690568338413e-05
2026-01-16 21:04:00+00:00,1.0008561810499952,-1.936170021849266e-05
2026-01-16 21:05:00+00:00,1.0008727673152622,1.6572076569041556e-05
2026-01-16 21:06:00+00:00,1.0008695112673296,-3.2532086384261366e-06
2026-01-16 21:07:00+00:00,1.000878240149153,8.721298556019984e-06
2026-01-16 21:08:00+00:00,1.0008820549153505,3.8114188565016183e-06
2026-01-16 21:09:00+00:00,1.0008370687098347,-4.494656018146773e-05
2026-01-16 21:10:00+00:00,1.0008553141645675,1.8230194807338453e-05
2026-01-16 21:11:00+00:00,1.0008253011372479,-2.998737868989353e-05
2026-01-16 21:12:00+00:00,1.0008609359074576,3.5605385044959515e-05
2026-01-16 21:13:00+00:00,1.0008530386625138,-7.890451770473662e-06
2026-01-16 21:14:00+00:00,1.0008523948534354,-6.432603526459606e-07
2026-01-16 21:15:00+00:00,1.0008861132341207,3.368966378939202e-05
2026-01-16 21:16:00+00:00,1.000862314546546,-2.3777617912691815e-05
2026-01-16 21:17:00+00:00,1.0008625163882992,2.016678520668585e-07
2026-01-16 21:18:00+00:00,1.0008571438153397,-5.367943020646023e-06
2026-01-16 21:19:00+00:00,1.0008641648176444,7.014989449676295e-06
2026-01-16 21:20:00+00:00,1.0008447421686815,-1.940587908492425e-05
2026-01-16 21:21:00+00:00,1.000826984361135,-1.774281943860778e-05
2026-01-16 21:22:00+00:00,1.000865635086696,3.861878842688319e-05
2026-01-16 21:23:00+00:00,1.0008742334791911,8.590955862175906e-06
2026-01-16 21:24:00+00:00,1.00088096618366,6.726823654354412e-06
2026-01-16 21:25:00+00:00,1.000892506910992,1.1530569290521262e-05
2026-01-16 21:26:00+00:00,1.0008926552765618,1.4823327051956278e-07
2026-01-16 21:27:00+00:00,1.0008961633433962,3.5049381329466075e-06
2026-01-16 21:28:00+00:00,1.000905415014986,9.243388004362393e-06
2026-01-16 21:29:00+00:00,1.000896971627,-8.43575013132312e-06
2026-01-16 21:30:00+00:00,1.000860353376277,-3.6585434626225055e-05
2026-01-16 21:31:00+00:00,1.0008748448304867,1.4478997155650566e-05
2026-01-16 21:32:00+00:00,1.0008951766423773,2.0314040257432115e-05
2026-01-16 21:33:00+00:00,1.0009015367826817,6.354451947580483e-06
2026-01-16 21:34:00+00:00,1.0009386780163803,3.710777967047081e-05
2026-01-16 21:35:00+00:00,1.0009311132420824,-7.557680069808247e-06
2026-01-16 21:36:00+00:00,1.0009449158752908,1.378979334931384e-05
2026-01-16 21:37:00+00:00,1.000904027268131,-4.085000733929264e-05
2026-01-16 21:38:00+00:00,1.0009161327988825,1.209459690597288e-05
2026-01-16 21:39:00+00:00,1.0008866851796647,-2.9420665980713715e-05
2026-01-16 21:40:00+00:00,1.0008836227440943,-3.059722559801806e-06
2026-01-16 21:41:00+00:00,1.000850018725964,-3.357435107023718e-05
2026-01-16 21:42:00+00:00,1.0008160771180592,-3.3912781405550796e-05
2026-01-16 21:43:00+00:00,1.000833521847005,1.743050431013841e-05
2026-01-16 21:44:00+00:00,1.000833734430087,2.1240603698378838e-07
2026-01-16 21:45:00+00:00,1.0008313716581074,-2.360803696331215e-06
2026-01-16 21:46:00+00:00,1.000857088459041,2.5695438474205597e-05
2026-01-16 21:47:00+00:00,1.00082771250328,-2.935079952954114e-05
2026-01-16 21:48:00+00:00,1.00086024708233,3.2507672043381826e-05
2026-01-16 21:49:00+00:00,1.000851732824286,-8.506939973585875e-06
2026-01-16 21:50:00+00:00,1.0008561856069815,4.448993341711346e-06
2026-01-16 21:51:00+00:00,1.000853887063105,-2.296577579838785e-06
2026-01-16 21:52:00+00:00,1.0008559656864073,2.076849907057579e-06
2026-01-16 21:53:00+00:00,1.0008753205604795,1.9338321132898417e-05
2026-01-16 21:54:00+00:00,1.000891007012834,1.5672733688720948e-05
2026-01-16 21:55:00+00:00,1.0008789220073842,-1.2074247211104216e-05
2026-01-16 21:56:00+00:00,1.0008745406590644,-4.377500837814383e-06
2026-01-16 21:57:00+00:00,1.0008642018868097,-1.0329738478326898e-05
2026-01-16 21:58:00+00:00,1.0008585239373107,-5.6730468412437665e-06
2026-01-16 21:59:00+00:00,1.0008393677670504,-1.913973833669967e-05
2026-01-16 22:00:00+00:00,1.0008395104007952,1.4251412297161722e-07
2026-01-16 22:01:00+00:00,1.0008153006383311,-2.418945516481418e-05
2026-01-16 22:02:00+00:00,1.0008928683810432,7.750455320032873e-05
2026-01-16 22:03:00+00:00,1.0008498351672954,-4.299482502806142e-05
2026-01-16 22:04:00+00:00,1.0008347406939078,-1.5081656465596694e-05
2026-01-16 22:05:00+00:00,1.0008366739567396,1.9316504044338555e-06
2026-01-16 22:06:00+00:00,1.000870674594287,3.39722138808094e-05
2026-01-16 22:07:00+00:00,1.000867786297353,-2.885784354962525e-06
2026-01-16 22:08:00+00:00,1.0008679222964176,1.3588114873667168e-07
2026-01-16 22:09:00+00:00,1.000885815915343,1.787810212196381e-05
2026-01-16 22:10:00+00:00,1.0008658931782062,-1.9905104878208945e-05
2026-01-16 22:11:00+00:00,1.0008666488110807,7.549791432568561e-07
2026-01-16 22:12:00+00:00,1.0008506448161052,-1.599013714211709e-05
2026-01-16 22:13:00+00:00,1.0008597743792438,9.121803723475875e-06
2026-01-16 22:14:00+00:00,1.0008353099397291,-2.4443423685286893e-05
2026-01-16 22:15:00+00:00,1.000882391879425,4.704264450714323e-05
2026-01-16 22:16:00+00:00,1.0008625720358053,-1.9802370168995006e-05
2026-01-16 22:17:00+00:00,1.0008565513082472,-6.015538722538191e-06
2026-01-16 22:18:00+00:00,1.0008823058012766,2.5732451863945692e-05
2026-01-16 22:19:00+00:00,1.0009025572094694,2.0233556008911436e-05
2026-01-16 22:20:00+00:00,1.0009027742221555,2.168169963024041e-07
2026-01-16 22:21:00+00:00,1.000890645036849,-1.2118245266796583e-05
2026-01-16 22:22:00+00:00,1.0008643782490536,-2.6243414228862616e-05
2026-01-16 22:23:00+00:00,1.0008590661612253,-5.307500140660311e-06
2026-01-16 22:24:00+00:00,1.0008387604990547,-2.0288233236009756e-05
2026-01-16 22:25:00+00:00,1.0008474694183465,8.701620716069525e-06
2026-01-16 22:26:00+00:00,1.0008544657171903,6.99037471497839e-06
2026-01-16 22:27:00+00:00,1.0008540737824492,-3.9160013217327503e-07
2026-01-16 22:28:00+00:00,1.0008467363771996,-7.331143911843857e-06
2026-01-16 22:29:00+00:00,1.0008921639992021,4.538918932473801e-05
2026-01-16 22:30:00+00:00,1.0008895181962099,-2.6434446061728436e-06
2026-01-16 22:31:00+00:00,1.0008802366343315,-9.273313097691061e-06
2026-01-16 22:32:00+00:00,1.0008733573343513,-6.873249893726273e-06
2026-01-16 22:33:00+00:00,1.0008736595360497,3.019379985663716e-07
2026-01-16 22:34:00+00:00,1.0008548288517194,-1.8814247083803267e-05
2026-01-16 22:35:00+00:00,1.000846445146144,-8.376545062944645e-06
2026-01-16 22:36:00+00:00,1.0008554238171323,8.971077463305116e-06
2026-01-16 22:37:00+00:00,1.000852570155976,-2.851222152870067e-06
2026-01-16 22:38:00+00:00,1.0008359713748045,-1.658464160116385e-05
2026-01-16 22:39:00+00:00,1.0008259493522313,-1.0013651447131201e-05
2026-01-16 22:40:00+00:00,1.000844426217615,1.846161702321496e-05
2026-01-16 22:41:00+00:00,1.0008634059653638,1.8963734274370132e-05
2026-01-16 22:42:00+00:00,1.000908988378126,4.554309058596127e-05
2026-01-16 22:43:00+00:00,1.000876432268877,-3.252654299935245e-05
2026-01-16 22:44:00+00:00,1.0008211446156374,-5.52392397872591e-05
2026-01-16 22:45:00+00:00,1.0008629335190158,4.1754616799574097e-05
2026-01-16 22:46:00+00:00,1.0009048606216004,4.189095347673912e-05
2026-01-16 22:47:00+00:00,1.0008454543807237,-5.9352535105002657e-05
2026-01-16 22:48:00+00:00,1.000845744975749,2.903495481701663e-07
2026-01-16 22:49:00+00:00,1.0008508897520518,5.140428810823117e-06
2026-01-16 22:50:00+00:00,1.0008740953766804,2.3185895987221573e-05
2026-01-16 22:51:00+00:00,1.000885667908308,1.1562424965575473e-05
2026-01-16 22:52:00+00:00,1.0008728063904384,-1.2850136915664835e-05
2026-01-16 22:53:00+00:00,1.0008456316539371,-2.7151038900985723e-05
2026-01-16 22:54:00+00:00,1.000850149706293,4.514234975778173e-06
2026-01-16 22:55:00+00:00,1.0008325318079034,-1.7602933261071e-05
2026-01-16 22:56:00+00:00,1.0008745747982466,4.200801733245784e-05
2026-01-16 22:57:00+00:00,1.0008632084141098,-1.1356452070093636e-05
2026-01-16 22:58:00+00:00,1.000880195777946,1.697271284769328e-05
2026-01-16 22:59:00+00:00,1.000853173591496,-2.699842255233383e-05
2026-01-16 23:00:00+00:00,1.0009137572402975,6.053200449378067e-05
2026-01-16 23:01:00+00:00,1.0009022462867665,-1.150044491613357e-05
2026-01-16 23:02:00+00:00,1.0008938700903718,-8.368645814986226e-06
2026-01-16 23:03:00+00:00,1.0008729258102051,-2.0925575420599702e-05
2026-01-16 23:04:00+00:00,1.0009104099889106,3.745148633648968e-05
2026-01-16 23:05:00+00:00,1.0008939735255118,-1.642151308912761e-05
2026-01-16 23:06:00+00:00,1.0009250767324624,3.107542634218236e-05
2026-01-16 23:07:00+00:00,1.0009306870714647,5.6051538048138494e-06
2026-01-16 23:08:00+00:00,1.000902327076347,-2.833362537893802e-05
2026-01-16 23:09:00+00:00,1.0009495979767864,4.72282850789468e-05
2026-01-16 23:10:00+00:00,1.0009240871619616,-2.548661278892925e-05
2026-01-16 23:11:00+00:00,1.000906255261011,-1.7815437933080548e-05
2026-01-16 23:12:00+00:00,1.0009176187621163,1.1353212196729216e-05
2026-01-16 23:13:00+00:00,1.0009041010491828,-1.3505320198275853e-05
2026-01-16 23:14:00+00:00,1.0009086406169687,4.53546726502462e-06
2026-01-16 23:15:00+00:00,1.0009259450511823,1.7288724975755645e-05
2026-01-16 23:16:00+00:00,1.0009195553013044,-6.383838793943237e-06
2026-01-16 23:17:00+00:00,1.0009265772620162,7.0155095629335774e-06
2026-01-16 23:18:00+00:00,1.0009208310024795,-5.740940112069108e-06
2026-01-16 23:19:00+00:00,1.0009190913434347,-1.7380585866090769e-06
2026-01-16 23:20:00+00:00,1.0009205793820184,1.4866721961635795e-06
2026-01-16 23:21:00+00:00,1.000924264963245,3.6821914770109064e-06
2026-01-16 23:22:00+00:00,1.000914343040264,-9.912760963457524e-06
2026-01-16 23:23:00+00:00,1.0009362743002246,2.191122558403323e-05
2026-01-16 23:24:00+00:00,1.0009499621671543,1.3675063319371124e-05
2026-01-16 23:25:00+00:00,1.0009331672965747,-1.677893122978042e-05
2026-01-16 23:26:00+00:00,1.0009252527751593,-7.907142728217087e-06
2026-01-16 23:27:00+00:00,1.0009578107323527,3.252786069998952e-05
2026-01-16 23:28:00+00:00,1.0009231327386512,-3.4644810530153644e-05
2026-01-16 23:29:00+00:00,1.0009325475939115,9.40617211490752e-06
2026-01-16 23:30:00+00:00,1.0009088483800075,-2.3677133849913565e-05
2026-01-16 23:31:00+00:00,1.0009069162963107,-1.930329320097294e-06
2026-01-16 23:32:00+00:00,1.000914327032177,7.404021038911011e-06
2026-01-16 23:33:00+00:00,1.000914729759622,4.0235955670721157e-07
2026-01-16 23:34:00+00:00,1.0009055822630941,-9.139136687448e-06
2026-01-16 23:35:00+00:00,1.0009465334108683,4.09140966938843e-05
2026-01-16 23:36:00+00:00,1.0009292980572515,-1.7219055205811486e-05
2026-01-16 23:37:00+00:00,1.0009243545910365,-4.938876526632207e-06
2026-01-16 23:38:00+00:00,1.0008988498175542,-2.5481219799727287e-05
2026-01-16 23:39:00+00:00,1.0009129609774816,1.4098487504628706e-05
2026-01-16 23:40:00+00:00,1.000916051599441,3.0878029158501064e-06
2026-01-16 23:41:00+00:00,1.0009260149497154,9.954231684396484e-06
2026-01-16 23:42:00+00:00,1.0009318432890622,5.8229472105846845e-06
2026-01-16 23:43:00+00:00,1.000956909669346,2.5043044091344563e-05
2026-01-16 23:44:00+00:00,1.0009360958099998,-2.0793961403590086e-05
2026-01-16 23:45:00+00:00,1.0009279385164762,-8.14966465659505e-06
2026-01-16 23:46:00+00:00,1.0008980065515036,-2.9904215699074115e-05
2026-01-16 23:47:00+00:00,1.0009095907014984,1.1573756685373218e-05
2026-01-16 23:48:00+00:00,1.0008936965895117,-1.5879667988357416e-05
2026-01-16 23:49:00+00:00,1.0008857414461092,-7.948040265889275e-06
2026-01-16 23:50:00+00:00,1.000881284759456,-4.452742674569972e-06
2026-01-16 23:51:00+00:00,1.000881614080647,3.2903122063141897e-07
2026-01-16 23:52:00+00:00,1.0009080472579506,2.6409893969275106e-05
2026-01-16 23:53:00+00:00,1.0008660074446698,-4.2001673775971444e-05
2026-01-16 23:54:00+00:00,1.0009114213144594,4.5374575069902576e-05
2026-01-16 23:55:00+00:00,1.0009096478162218,-1.7718833053375516e-06
2026-01-16 23:56:00+00:00,1.0009031989217942,-6.443033536245868e-06
2026-01-16 23:57:00+00:00,1.0008892242275438,-1.3962083711555048e-05
2026-01-16 23:58:00+00:00,1.0008855577895164,-3.663180638480526e-06
2026-01-16 23:59:00+00:00,1.0008987781379701,1.3208651429442186e-05
2026-01-17 00:00:00+00:00,1.000896898561713,-1.8778884519305974e-06
2026-01-17 00:01:00+00:00,1.0009046171999114,7.711721566364084e-06
2026-01-17 00:02:00+00:00,1.0009056180671414,9.999626464104012e-07
2026-01-17 00:03:00+00:00,1.000877093019594,-2.8499238122314787e-05
2026-01-17 00:04:00+00:00,1.0008577700843098,-1.9306002124640908e-05
2026-01-17 00:05:00+00:00,1.0008457027310669,-1.205701109956503e-05
2026-01-17 00:06:00+00:00,1.0008298936200064,-1.579575254953104e-05
2026-01-17 00:07:00+00:00,1.000846185403084,1.6278273841997766e-05
2026-01-17 00:08:00+00:00,1.0008631965313384,1.6996745856370987e-05
2026-01-17 00:09:00+00:00,1.0008813173954474,1.8105235732355538e-05
2026-01-17 00:10:00+00:00,1.0008376897459188,-4.358923357878306e-05
2026-01-17 00:11:00+00:00,1.0008360383519355,-1.6500117854397341e-06
2026-01-17 00:12:00+00:00,1.000877783089037,4.17098660539476e-05
2026-01-17 00:13:00+00:00,1.000862333537544,-1.543600203148227e-05
2026-01-17 00:14:00+00:00,1.0008727710185594,1.0428488180433995e-05
2026-01-17 00:15:00+00:00,1.0008731350998505,3.63763808564556e-07
2026-01-17 00:16:00+00:00,1.0008812055533471,8.0634130478071e-06
2026-01-17 00:17:00+00:00,1.00087363089777,-7.5679866252691704e-06
2026-01-17 00:18:00+00:00,1.0008584781153844,-1.5139556001599706e-05
2026-01-17 00:19:00+00:00,1.0008711808267712,1.2691815740682789e-05
2026-01-17 00:20:00+00:00,1.0008850032109053,1.3810352819543084e-05
2026-01-17 00:21:00+00:00,1.0008855022409757,4.98588817622162e-07
2026-01-17 00:22:00+00:00,1.0008660911416596,-1.939392595129385e-05
2026-01-17 00:23:00+00:00,1.0008831982352107,1.7092290069987427e-05
2026-01-17 00:24:00+00:00,1.0009046043643393,2.1387239955882774e-05
2026-01-17 00:25:00+00:00,1.0008969176393936,-7.679777785227885e-06
2026-01-17 00:26:00+00:00,1.0008982727875448,1.353933784135388e-06
2026-01-17 00:27:00+00:00,1.0009382508878177,3.994222126250773e-05
2026-01-17 00:28:00+00:00,1.0009294911023805,-8.751574264820114e-06
2026-01-17 00:29:00+00:00,1.000885533967177,-4.391631537912484e-05
2026-01-17 00:30:00+00:00,1.000884919725648,-6.136980784373856e-07
2026-01-17 00:31:00+00:00,1.0008853056017695,3.855349540702302e-07
2026-01-17 00:32:00+00:00,1.0008896690708107,4.35960945454675e-06
2026-01-17 00:33:00+00:00,1.000918279760471,2.858525824021139e-05
2026-01-17 00:34:00+00:00,1.0009406295141967,2.232924922807711e-05
2026-01-17 00:35:00+00:00,1.000919129704661,-2.1479605185242017e-05
2026-01-17 00:36:00+00:00,1.0009004129736678,-1.8699543687076966e-05
2026-01-17 00:37:00+00:00,1.0008794069778895,-2.0987098722367938e-05
2026-01-17 00:38:00+00:00,1.0009200061363976,4.056348669485224e-05
2026-01-17 00:39:00+00:00,1.0008851460980308,-3.482799639643746e-05
2026-01-17 00:40:00+00:00,1.000885662233646,5.1567916370525e-07
2026-01-17 00:41:00+00:00,1.0008862499649016,5.872111847051658e-07
2026-01-17 00:42:00+00:00,1.000872737815273,-1.350018509007649e-05
2026-01-17 00:43:00+00:00,1.0008998005260223,2.7039112692992548e-05
2026-01-17 00:44:00+00:00,1.0009375685057966,3.7734026677183976e-05
2026-01-17 00:45:00+00:00,1.000902426561977,-3.510902670182957e-05
2026-01-17 00:46:00+00:00,1.0008855451704495,-1.6866171046860667e-05
2026-01-17 00:47:00+00:00,1.0008875302617315,1.9833349494702525e-06
2026-01-17 00:48:00+00:00,1.0009013874543156,1.3844904812205297e-05
2026-01-17 00:49:00+00:00,1.0008964233962256,-4.95958757981285e-06
2026-01-17 00:50:00+00:00,1.0008990255019747,2.5997752498249974e-06
2026-01-17 00:51:00+00:00,1.0009067094939164,7.67709004181512e-06
2026-01-17 00:52:00+00:00,1.0009072464057567,5.364254583024726e-07
2026-01-17 00:53:00+00:00,1.0008815275999876,-2.5695493624863014e-05
2026-01-17 00:54:00+00:00,1.0008896104716953,8.075752708805665e-06
2026-01-17 00:55:00+00:00,1.0008846381814165,-4.967870809069511e-06
2026-01-17 00:56:00+00:00,1.0008851384487043,4.998251234512716e-07
2026-01-17 00:57:00+00:00,1.000913712582886,2.8548864483947584e-05
2026-01-17 00:58:00+00:00,1.0009090445930626,-4.663728515850894e-06
2026-01-17 00:59:00+00:00,1.0009380678107245,2.899685822481348e-05
2026-01-17 01:00:00+00:00,1.000943706425295,5.6333301250306785e-06
2026-01-17 01:01:00+00:00,1.000923929772159,-1.9758007377377896e-05
2026-01-17 01:02:00+00:00,1.000911996681742,-1.19220752567683e-05
2026-01-17 01:03:00+00:00,1.0009297205218421,1.7707690745089722e-05
2026-01-17 01:04:00+00:00,1.0009001565711426,-2.9536490018620695e-05
2026-01-17 01:05:00+00:00,1.0009106732609818,1.050723168563888e-05
2026-01-17 01:06:00+00:00,1.0008784242275195,-3.2219691850397045e-05
2026-01-17 01:07:00+00:00,1.000910816269943,3.236361344144877e-05
2026-01-17 01:08:00+00:00,1.0008804549132757,-3.033372821408722e-05
2026-01-17 01:09:00+00:00,1.000974540351648,9.400267325676947e-05
2026-01-17 01:10:00+00:00,1.000974540351648,0.0
2026-01-17 01:11:00+00:00,1.000974540351648,0.0
2026-01-17 01:12:00+00:00,1.000974540351648,-0.0
2026-01-17 01:13:00+00:00,1.000974540351648,-0.0
2026-01-17 01:14:00+00:00,1.000974540351648,0.0
2026-01-17 01:15:00+00:00,1.000974540351648,-0.0
2026-01-17 01:16:00+00:00,1.000974540351648,0.0
2026-01-17 01:17:00+00:00,1.000974540351648,-0.0
2026-01-17 01:18:00+00:00,1.000974540351648,-0.0
2026-01-17 01:19:00+00:00,1.000974540351648,0.0
2026-01-17 01:20:00+00:00,1.000974540351648,-0.0
2026-01-17 01:21:00+00:00,1.000974540351648,-0.0
2026-01-17 01:22:00+00:00,1.000974540351648,0.0
2026-01-17 01:23:00+00:00,1.000974540351648,-0.0
2026-01-17 01:24:00+00:00,1.000974540351648,0.0
2026-01-17 01:25:00+00:00,1.000974540351648,0.0
2026-01-17 01:26:00+00:00,1.000974540351648,0.0
2026-01-17 01:27:00+00:00,1.000974540351648,-0.0
2026-01-17 01:28:00+00:00,1.000974540351648,0.0
2026-01-17 01:29:00+00:00,1.000974540351648,-0.0
2026-01-17 01:30:00+00:00,1.000974540351648,-0.0
2026-01-17 01:31:00+00:00,1.000974540351648,-0.0
2026-01-17 01:32:00+00:00,1.000974540351648,0.0
2026-01-17 01:33:00+00:00,1.000974540351648,-0.0
2026-01-17 01:34:00+00:00,1.000974540351648,0.0
2026-01-17 01:35:00+00:00,1.000974540351648,0.0
2026-01-17 01:36:00+00:00,1.000974540351648,-0.0
2026-01-17 01:37:00+00:00,1.000974540351648,-0.0
2026-01-17 01:38:00+00:00,1.000974540351648,-0.0
2026-01-17 01:39:00+00:00,1.000974540351648,-0.0
2026-01-17 01:40:00+00:00,1.000974540351648,0.0
2026-01-17 01:41:00+00:00,1.000974540351648,-0.0
2026-01-17 01:42:00+00:00,1.000974540351648,0.0
2026-01-17 01:43:00+00:00,1.000974540351648,-0.0
2026-01-17 01:44:00+00:00,1.000974540351648,0.0
2026-01-17 01:45:00+00:00,1.000974540351648,-0.0
2026-01-17 01:46:00+00:00,1.000974540351648,-0.0
2026-01-17 01:47:00+00:00,1.000974540351648,0.0
2026-01-17 01:48:00+00:00,1.000974540351648,-0.0
2026-01-17 01:49:00+00:00,1.000974540351648,-0.0
2026-01-17 01:50:00+00:00,1.000974540351648,0.0
2026-01-17 01:51:00+00:00,1.000974540351648,0.0
2026-01-17 01:52:00+00:00,1.000974540351648,0.0
2026-01-17 01:53:00+00:00,1.000974540351648,-0.0
2026-01-17 01:54:00+00:00,1.000974540351648,-0.0
2026-01-17 01:55:00+00:00,1.000974540351648,-0.0
2026-01-17 01:56:00+00:00,1.000974540351648,-0.0
2026-01-17 01:57:00+00:00,1.000974540351648,0.0
2026-01-17 01:58:00+00:00,1.000974540351648,0.0
2026-01-17 01:59:00+00:00,1.000974540351648,-0.0
2026-01-17 02:00:00+00:00,1.000974540351648,0.0
2026-01-17 02:01:00+00:00,1.000974540351648,-0.0
2026-01-17 02:02:00+00:00,1.000974540351648,0.0
2026-01-17 02:03:00+00:00,1.000974540351648,0.0
2026-01-17 02:04:00+00:00,1.000974540351648,-0.0
2026-01-17 02:05:00+00:00,1.000974540351648,0.0
2026-01-17 02:06:00+00:00,1.000974540351648,-0.0
2026-01-17 02:07:00+00:00,1.000974540351648,0.0
2026-01-17 02:08:00+00:00,1.000974540351648,-0.0
2026-01-17 02:09:00+00:00,1.000974540351648,-0.0
2026-01-17 02:10:00+00:00,1.000974540351648,0.0
2026-01-17 02:11:00+00:00,1.000974540351648,-0.0
2026-01-17 02:12:00+00:00,1.000974540351648,-0.0
2026-01-17 02:13:00+00:00,1.000974540351648,0.0
2026-01-17 02:14:00+00:00,1.000974540351648,-0.0
2026-01-17 02:15:00+00:00,1.000974540351648,-0.0
2026-01-17 02:16:00+00:00,1.000974540351648,-0.0
2026-01-17 02:17:00+00:00,1.000974540351648,0.0
2026-01-17 02:18:00+00:00,1.000974540351648,-0.0
2026-01-17 02:19:00+00:00,1.000974540351648,-0.0
2026-01-17 02:20:00+00:00,1.000974540351648,-0.0
2026-01-17 02:21:00+00:00,1.000974540351648,0.0
2026-01-17 02:22:00+00:00,1.000974540351648,0.0
2026-01-17 02:23:00+00:00,1.000974540351648,-0.0
2026-01-17 02:24:00+00:00,1.000974540351648,-0.0
2026-01-17 02:25:00+00:00,1.000974540351648,-0.0
2026-01-17 02:26:00+00:00,1.000974540351648,-0.0
2026-01-17 02:27:00+00:00,1.000974540351648,0.0
2026-01-17 02:28:00+00:00,1.000974540351648,0.0
2026-01-17 02:29:00+00:00,1.000974540351648,-0.0
2026-01-17 02:30:00+00:00,1.000974540351648,-0.0
2026-01-17 02:31:00+00:00,1.000974540351648,0.0
2026-01-17 02:32:00+00:00,1.000974540351648,-0.0
2026-01-17 02:33:00+00:00,1.000974540351648,-0.0
2026-01-17 02:34:00+00:00,1.000974540351648,-0.0
2026-01-17 02:35:00+00:00,1.000974540351648,-0.0
2026-01-17 02:36:00+00:00,1.000974540351648,0.0
2026-01-17 02:37:00+00:00,1.000974540351648,0.0
2026-01-17 02:38:00+00:00,1.000974540351648,-0.0
2026-01-17 02:39:00+00:00,1.000974540351648,0.0
2026-01-17 02:40:00+00:00,1.000974540351648,0.0
2026-01-17 02:41:00+00:00,1.000974540351648,-0.0
2026-01-17 02:42:00+00:00,1.000974540351648,0.0
2026-01-17 02:43:00+00:00,1.000974540351648,-0.0
2026-01-17 02:44:00+00:00,1.000974540351648,-0.0
2026-01-17 02:45:00+00:00,1.000974540351648,-0.0
2026-01-17 02:46:00+00:00,1.000974540351648,-0.0
2026-01-17 02:47:00+00:00,1.000974540351648,-0.0
2026-01-17 02:48:00+00:00,1.000974540351648,-0.0
2026-01-17 02:49:00+00:00,1.000974540351648,-0.0
2026-01-17 02:50:00+00:00,1.000974540351648,0.0
2026-01-17 02:51:00+00:00,1.000974540351648,0.0
2026-01-17 02:52:00+00:00,1.000974540351648,-0.0
2026-01-17 02:53:00+00:00,1.000974540351648,-0.0
2026-01-17 02:54:00+00:00,1.000974540351648,0.0
2026-01-17 02:55:00+00:00,1.000974540351648,0.0
2026-01-17 02:56:00+00:00,1.000974540351648,0.0
2026-01-17 02:57:00+00:00,1.000974540351648,-0.0
2026-01-17 02:58:00+00:00,1.000974540351648,-0.0
2026-01-17 02:59:00+00:00,1.000974540351648,-0.0
2026-01-17 03:00:00+00:00,1.000974540351648,0.0
2026-01-17 03:01:00+00:00,1.000974540351648,-0.0
2026-01-17 03:02:00+00:00,1.000974540351648,-0.0
2026-01-17 03:03:00+00:00,1.0009595257335426,-1.5000000000000004e-05
2026-01-17 03:04:00+00:00,1.0009713814625392,1.1844364024518439e-05
2026-01-17 03:05:00+00:00,1.0010306393954955,5.920042675933045e-05
2026-01-17 03:06:00+00:00,1.0010260073774053,-4.627249064876994e-06
2026-01-17 03:07:00+00:00,1.0009926552214532,-3.331797146766657e-05
2026-01-17 03:08:00+00:00,1.0009873875579933,-5.262439671585755e-06
2026-01-17 03:09:00+00:00,1.0009853298579023,-2.055670347585734e-06
2026-01-17 03:10:00+00:00,1.000996121571813,1.0781090979933972e-05
2026-01-17 03:11:00+00:00,1.000995558849999,-5.621618325778934e-07
2026-01-17 03:12:00+00:00,1.0009896833679433,-5.869638485104348e-06
2026-01-17 03:13:00+00:00,1.00096525521278,-2.4404002927474993e-05
2026-01-17 03:14:00+00:00,1.0009882734759281,2.2996066075542086e-05
2026-01-17 03:15:00+00:00,1.0009677857631127,-2.0467485342481535e-05
2026-01-17 03:16:00+00:00,1.0009633536204388,-4.427857456559716e-06
2026-01-17 03:17:00+00:00,1.000950542788301,-1.2798502654008521e-05
2026-01-17 03:18:00+00:00,1.0009379538482555,-1.2576985083000358e-05
2026-01-17 03:19:00+00:00,1.0009558370659442,1.7866459774073887e-05
2026-01-17 03:20:00+00:00,1.0009523103182467,-3.523379920337224e-06
2026-01-17 03:21:00+00:00,1.000959208826064,6.891944547175141e-06
2026-01-17 03:22:00+00:00,1.0009421850967903,-1.7007415610553526e-05
2026-01-17 03:23:00+00:00,1.0009893854037066,4.715587735137483e-05
2026-01-17 03:24:00+00:00,1.0009886696312678,-7.15064964129562e-07
2026-01-17 03:25:00+00:00,1.0009877483782723,-9.203430802264061e-07
2026-01-17 03:26:00+00:00,1.0009680652872643,-1.9663668251443528e-05
2026-01-17 03:27:00+00:00,1.000958184003282,-9.87172750550918e-06
2026-01-17 03:28:00+00:00,1.000958200213696,1.6194896639914466e-08
2026-01-17 03:29:00+00:00,1.0009913211617525,3.3089241937738874e-05
2026-01-17 03:30:00+00:00,1.0009973937619785,6.066586290703714e-06
2026-01-17 03:31:00+00:00,1.0009715041697023,-2.5863795887666667e-05
2026-01-17 03:32:00+00:00,1.0010332494524892,6.168535520712186e-05
2026-01-17 03:33:00+00:00,1.0010326057644114,-6.430236739492008e-07
2026-01-17 03:34:00+00:00,1.001008897634519,-2.3683673994191235e-05
2026-01-17 03:35:00+00:00,1.0010087077598708,-1.8968327733190077e-07
2026-01-17 03:36:00+00:00,1.000985029082958,-2.3654816116150663e-05
2026-01-17 03:37:00+00:00,1.0009994286230366,1.4385370070601608e-05
2026-01-17 03:38:00+00:00,1.0009981281948988,-1.2991297503599082e-06
2026-01-17 03:39:00+00:00,1.0009737339665363,-2.436990407395162e-05
2026-01-17 03:40:00+00:00,1.0010008884954489,2.7128113347129647e-05
2026-01-17 03:41:00+00:00,1.0009615244550354,-3.932468079290768e-05
2026-01-17 03:42:00+00:00,1.00096694332582,5.413665412751115e-06
2026-01-17 03:43:00+00:00,1.001002370732807,3.5393183784252856e-05
2026-01-17 03:44:00+00:00,1.0009972453930172,-5.120207443927587e-06
2026-01-17 03:45:00+00:00,1.000964864100792,-3.234903230169191e-05
2026-01-17 03:46:00+00:00,1.0009627987959917,-2.0633139827049943e-06
2026-01-17 03:47:00+00:00,1.0009845218236895,2.1702132910383532e-05
2026-01-17 03:48:00+00:00,1.0009771141668689,-7.400370993881142e-06
2026-01-17 03:49:00+00:00,1.0009624276677014,-1.4672162789426802e-05
2026-01-17 03:50:00+00:00,1.0010385634157286,7.60625433310836e-05
2026-01-17 03:51:00+00:00,1.0010346189549748,-3.9403684313297465e-06
2026-01-17 03:52:00+00:00,1.001010066243054,-2.452733547441957e-05
2026-01-17 03:53:00+00:00,1.0010245448134871,1.4463960874361565e-05
2026-01-17 03:54:00+00:00,1.0010202794932561,-4.260954691986488e-06
2026-01-17 03:55:00+00:00,1.0010300179121636,9.728493125501286e-06
2026-01-17 03:56:00+00:00,1.0010114546690387,-1.8544142326098546e-05
2026-01-17 03:57:00+00:00,1.0010182483605314,6.786826924879386e-06
2026-01-17 03:58:00+00:00,1.0010189398160827,6.907521939219234e-07
2026-01-17 03:59:00+00:00,1.0010464841785878,2.7516325025907917e-05
2026-01-17 04:00:00+00:00,1.0010577691886282,1.1273212801669591e-05
2026-01-17 04:01:00+00:00,1.0010360868495052,-2.1659428446900436e-05
2026-01-17 04:02:00+00:00,1.00104409304739,7.99791135404246e-06
2026-01-17 04:03:00+00:00,1.0010534172194518,9.314446912416148e-06
2026-01-17 04:04:00+00:00,1.0010539923109754,5.744863496408966e-07
2026-01-17 04:05:00+00:00,1.0010296084672434,-2.435817040759308e-05
2026-01-17 04:06:00+00:00,1.0010399795145581,1.0360380179614809e-05
2026-01-17 04:07:00+00:00,1.001041295378782,1.3144971737220512e-06
2026-01-17 04:08:00+00:00,1.0010471364693512,5.8350145953926054e-06
2026-01-17 04:09:00+00:00,1.0010515833807934,4.442259790096191e-06
2026-01-17 04:10:00+00:00,1.0010630601398227,1.1464702938238483e-05
2026-01-17 04:11:00+00:00,1.0010630601398227,-0.0
2026-01-17 04:12:00+00:00,1.0010630601398227,0.0
2026-01-17 04:13:00+00:00,1.0010630601398227,-0.0
2026-01-17 04:14:00+00:00,1.0010630601398227,0.0
2026-01-17 04:15:00+00:00,1.0010630601398227,-0.0
2026-01-17 04:16:00+00:00,1.0010630601398227,0.0
2026-01-17 04:17:00+00:00,1.0010630601398227,-0.0
2026-01-17 04:18:00+00:00,1.0010630601398227,-0.0
2026-01-17 04:19:00+00:00,1.0010630601398227,-0.0
2026-01-17 04:20:00+00:00,1.0010630601398227,0.0
2026-01-17 04:21:00+00:00,1.0010630601398227,0.0
2026-01-17 04:22:00+00:00,1.0010630601398227,-0.0
2026-01-17 04:23:00+00:00,1.0010630601398227,0.0
2026-01-17 04:24:00+00:00,1.0010630601398227,0.0
2026-01-17 04:25:00+00:00,1.0010630601398227,-0.0
2026-01-17 04:26:00+00:00,1.0010630601398227,-0.0
2026-01-17 04:27:00+00:00,1.0010630601398227,0.0
2026-01-17 04:28:00+00:00,1.0010630601398227,-0.0
2026-01-17 04:29:00+00:00,1.0010630601398227,0.0
2026-01-17 04:30:00+00:00,1.0010630601398227,-0.0
2026-01-17 04:31:00+00:00,1.0010630601398227,0.0
2026-01-17 04:32:00+00:00,1.0010630601398227,0.0
2026-01-17 04:33:00+00:00,1.0010630601398227,-0.0
2026-01-17 04:34:00+00:00,1.0010630601398227,0.0
2026-01-17 04:35:00+00:00,1.0010480441939207,-1.5000000000000004e-05
2026-01-17 04:36:00+00:00,1.0010478858318315,-1.58196292493022e-07
2026-01-17 04:37:00+00:00,1.001069818728445,2.1909937500487448e-05
2026-01-17 04:38:00+00:00,1.001100365956411,3.0514582893797343e-05
2026-01-17 04:39:00+00:00,1.0010516568613714,-4.865555612213328e-05
2026-01-17 04:40:00+00:00,1.0010441779536796,-7.471050710002446e-06
2026-01-17 04:41:00+00:00,1.0010527697516471,8.58283595940698e-06
2026-01-17 04:42:00+00:00,1.0010413913413778,-1.1366444020788866e-05
2026-01-17 04:43:00+00:00,1.001041208472277,-1.826788606257676e-07
2026-01-17 04:44:00+00:00,1.0010793840727803,3.8135893088275446e-05
2026-01-17 04:45:00+00:00,1.0010610088699152,-1.8355390349055145e-05
2026-01-17 04:46:00+00:00,1.001051596144898,-9.402748617613808e-06
2026-01-17 04:47:00+00:00,1.0010314315491826,-2.0143412979962514e-05
2026-01-17 04:48:00+00:00,1.001043039595773,1.1596086021331406e-05
2026-01-17 04:49:00+00:00,1.0010529125780663,9.862695111641523e-06
2026-01-17 04:50:00+00:00,1.001053981087288,1.0673853582237888e-06
2026-01-17 04:51:00+00:00,1.0010186679926782,-3.527591446306333e-05
2026-01-17 04:52:00+00:00,1.0010268082229095,8.131946477462777e-06
2026-01-17 04:53:00+00:00,1.0010434760976814,1.665077761644916e-05
2026-01-17 04:54:00+00:00,1.0010433034193664,-1.7249831714827926e-07
2026-01-17 04:55:00+00:00,1.001040262940098,-3.0373104319729757e-06
2026-01-17 04:56:00+00:00,1.0010079782798689,-3.2251110594016495e-05
2026-01-17 04:57:00+00:00,1.0010188521007175,1.0862871310151064e-05
2026-01-17 04:58:00+00:00,1.0010158987683841,-2.9503263871463343e-06
2026-01-17 04:59:00+00:00,1.0009997013545782,-1.6180975572748478e-05
2026-01-17 05:00:00+00:00,1.001032244499966,3.251064445253138e-05
2026-01-17 05:01:00+00:00,1.001004781773418,-2.7434407531597737e-05
2026-01-17 05:02:00+00:00,1.0009957187720975,-9.0539041227303e-06
2026-01-17 05:03:00+00:00,1.0009958441215838,1.2522479768288377e-07
2026-01-17 05:04:00+00:00,1.0009972518374917,1.406315436940679e-06
2026-01-17 05:05:00+00:00,1.001027134664329,2.9853055822470504e-05
2026-01-17 05:06:00+00:00,1.0009989751706982,-2.8130599716525504e-05
2026-01-17 05:07:00+00:00,1.0009870719262792,-1.1891365240372e-05
2026-01-17 05:08:00+00:00,1.0009996461576722,1.2561831961291533e-05
2026-01-17 05:09:00+00:00,1.0009833886322559,-1.624128987341916e-05
2026-01-17 05:10:00+00:00,1.0009994094906671,1.600511915892233e-05
2026-01-17 05:11:00+00:00,1.0009957569186665,-3.6489252300903972e-06
2026-01-17 05:12:00+00:00,1.0010349707661368,3.9174838853579584e-05
2026-01-17 05:13:00+00:00,1.0010246578751998,-1.0302228431676282e-05
2026-01-17 05:14:00+00:00,1.0009808988092104,-4.3714273814603846e-05
2026-01-17 05:15:00+00:00,1.0009851150504905,4.212109626825888e-06
2026-01-17 05:16:00+00:00,1.0010054417544512,2.030669952548514e-05
2026-01-17 05:17:00+00:00,1.000988673915359,-1.6750996940325527e-05
2026-01-17 05:18:00+00:00,1.000988712242716,3.8289500921333804e-08
2026-01-17 05:19:00+00:00,1.0010143426923257,2.5605133500837236e-05
2026-01-17 05:20:00+00:00,1.0010314758368877,1.7115783292122822e-05
2026-01-17 05:21:00+00:00,1.001026378609214,-5.0919754240444255e-06
2026-01-17 05:22:00+00:00,1.001028652646245,2.2717054014572176e-06
2026-01-17 05:23:00+00:00,1.0010286927347771,4.004733715149292e-08
2026-01-17 05:24:00+00:00,1.0009994857303581,-2.9176990261130254e-05
2026-01-17 05:25:00+00:00,1.0009864010548926,-1.3071610577315306e-05
2026-01-17 05:26:00+00:00,1.0009958976211997,9.4872081150224e-06
2026-01-17 05:27:00+00:00,1.0010092758113966,1.336488014462719e-05
2026-01-17 05:28:00+00:00,1.0009870030688561,-2.2250285865207108e-05
2026-01-17 05:29:00+00:00,1.0009941683201544,7.158186146533836e-06
2026-01-17 05:30:00+00:00,1.0010235164481633,2.9318980007691964e-05
2026-01-17 05:31:00+00:00,1.000975992971819,-4.7474885018721726e-05
2026-01-17 05:32:00+00:00,1.0009760731525226,8.010252407066103e-08
2026-01-17 05:33:00+00:00,1.0009853721394404,9.289919276976434e-06
2026-01-17 05:34:00+00:00,1.0009811463471527,-4.221632408622397e-06
2026-01-17 05:35:00+00:00,1.000981221846239,7.542508333121098e-08
2026-01-17 05:36:00+00:00,1.0009834272693332,2.2032612062535473e-06
2026-01-17 05:37:00+00:00,1.0009694331397136,-1.3980380931837489e-05
2026-01-17 05:38:00+00:00,1.0009982164744822,2.8755458274251312e-05
2026-01-17 05:39:00+00:00,1.000976634512156,-2.156044033942482e-05
2026-01-17 05:40:00+00:00,1.0009788425660155,2.2058995019032955e-06
2026-01-17 05:41:00+00:00,1.0010012554185608,2.2390935344774527e-05
2026-01-17 05:42:00+00:00,1.000998403558117,-2.849007859160362e-06
2026-01-17 05:43:00+00:00,1.0009712494277012,-2.712704667573637e-05
2026-01-17 05:44:00+00:00,1.0009661709518114,-5.073548209075316e-06
2026-01-17 05:45:00+00:00,1.0009416368718043,-2.4510398771831363e-05
2026-01-17 05:46:00+00:00,1.0009496585557496,8.014137537889316e-06
2026-01-17 05:47:00+00:00,1.0009467348741057,-2.9209077787249064e-06
2026-01-17 05:48:00+00:00,1.0009619555752542,1.5206304809627411e-05
2026-01-17 05:49:00+00:00,1.0009550151576487,-6.933747648292878e-06
2026-01-17 05:50:00+00:00,1.0009671877424549,1.2160970894504335e-05
2026-01-17 05:51:00+00:00,1.0009555033889854,-1.1673063425625186e-05
2026-01-17 05:52:00+00:00,1.0009782494231867,2.2724321035547096e-05
2026-01-17 05:53:00+00:00,1.0009939788791187,1.571408363881924e-05
2026-01-17 05:54:00+00:00,1.0009891461248057,-4.827955427279985e-06
2026-01-17 05:55:00+00:00,1.000970945204768,-1.818293445858339e-05
2026-01-17 05:56:00+00:00,1.0009669074067513,-4.033881338877134e-06
2026-01-17 05:57:00+00:00,1.000986553924224,1.9627539459183613e-05
2026-01-17 05:58:00+00:00,1.0009727925681748,-1.3747793109828044e-05
2026-01-17 05:59:00+00:00,1.0010015519431232,2.8731425231455503e-05
2026-01-17 06:00:00+00:00,1.000999213649514,-2.3359540299210926e-06
2026-01-17 06:01:00+00:00,1.0009851369758793,-1.4062622070812891e-05
2026-01-17 06:02:00+00:00,1.00101889303587,3.372283837584741e-05
2026-01-17 06:03:00+00:00,1.0009730532316896,-4.57931458630569e-05
2026-01-17 06:04:00+00:00,1.0009632693087283,-9.77441193833383e-06
2026-01-17 06:05:00+00:00,1.0009738023080317,1.0522862952596314e-05
2026-01-17 06:06:00+00:00,1.000984077939567,1.026563483648035e-05
2026-01-17 06:07:00+00:00,1.0009761215519857,-7.948565573199931e-06
2026-01-17 06:08:00+00:00,1.0009478947468413,-2.819927922019585e-05
2026-01-17 06:09:00+00:00,1.0009677542937676,1.9840739993125607e-05
2026-01-17 06:10:00+00:00,1.0009827850352666,1.5016209497733416e-05
2026-01-17 06:11:00+00:00,1.0010006195909131,1.781704532110185e-05
2026-01-17 06:12:00+00:00,1.0009715651280786,-2.9025419431179517e-05
2026-01-17 06:13:00+00:00,1.0009665310150906,-5.029226766751564e-06
2026-01-17 06:14:00+00:00,1.0009753659514755,8.82640539036628e-06
2026-01-17 06:15:00+00:00,1.0009754224491334,5.644260565509285e-08
2026-01-17 06:16:00+00:00,1.0009899736992358,1.453707031776818e-05
2026-01-17 06:17:00+00:00,1.0009908606460451,8.860696236713693e-07
2026-01-17 06:18:00+00:00,1.000990717219315,-1.4328475483938274e-07
2026-01-17 06:19:00+00:00,1.000965441979234,-2.5250224249170926e-05
2026-01-17 06:20:00+00:00,1.0009507583070842,-1.4669509589315498e-05
2026-01-17 06:21:00+00:00,1.000989453254981,3.865819329835906e-05
2026-01-17 06:22:00+00:00,1.000980598618745,-8.845883647688434e-06
2026-01-17 06:23:00+00:00,1.0009724584643425,-8.132179998005219e-06
2026-01-17 06:24:00+00:00,1.0009606748841287,-1.1772132304120442e-05
2026-01-17 06:25:00+00:00,1.0009718126996752,1.112712599583649e-05
2026-01-17 06:26:00+00:00,1.0009726012269546,7.877617226245272e-07
2026-01-17 06:27:00+00:00,1.0009729772044273,3.7561215190780945e-07
2026-01-17 06:28:00+00:00,1.000982476060189,9.489622575357495e-06
2026-01-17 06:29:00+00:00,1.0010043165593638,2.1819062468104104e-05
2026-01-17 06:30:00+00:00,1.0009788454443258,-2.5445559641143436e-05
2026-01-17 06:31:00+00:00,1.0009957086078687,1.6846673253561985e-05
2026-01-17 06:32:00+00:00,1.00100792595594,1.2205195253236733e-05
2026-01-17 06:33:00+00:00,1.0009922171138974,-1.569302463553213e-05
2026-01-17 06:34:00+00:00,1.0009839553294444,-8.253595094571213e-06
2026-01-17 06:35:00+00:00,1.000985484279355,1.5274469711930172e-06
2026-01-17 06:36:00+00:00,1.0010058251892984,2.032088403137635e-05
2026-01-17 06:37:00+00:00,1.0009992100209124,-6.608521368853174e-06
2026-01-17 06:38:00+00:00,1.0010088917116884,9.672026390130835e-06
2026-01-17 06:39:00+00:00,1.0009970038380571,-1.1875892142087555e-05
2026-01-17 06:40:00+00:00,1.0009948413396388,-2.1603445464346866e-06
2026-01-17 06:41:00+00:00,1.0009854669099019,-9.365112935320984e-06
2026-01-17 06:42:00+00:00,1.0009728335377597,-1.2620934628789654e-05
2026-01-17 06:43:00+00:00,1.0009460081670227,-2.679929947958423e-05
2026-01-17 06:44:00+00:00,1.0009702144951578,2.4183450393586795e-05
2026-01-17 06:45:00+00:00,1.0009361278222093,-3.4053633619396975e-05
2026-01-17 06:46:00+00:00,1.0009767418269577,4.0576020406651235e-05
2026-01-17 06:47:00+00:00,1.0009719275213773,-4.809607835320362e-06
2026-01-17 06:48:00+00:00,1.0009694665717035,-2.458560131477615e-06
2026-01-17 06:49:00+00:00,1.0009949554651527,2.5464206752201092e-05
2026-01-17 06:50:00+00:00,1.0009897805628194,-5.169758653686994e-06
2026-01-17 06:51:00+00:00,1.000992571829218,2.788506389406724e-06
2026-01-17 06:52:00+00:00,1.0009726058239523,-1.9946207222499754e-05
2026-01-17 06:53:00+00:00,1.0009508559937728,-2.1728696722706844e-05
2026-01-17 06:54:00+00:00,1.0009529891991245,2.1311789073091783e-06
2026-01-17 06:55:00+00:00,1.0009487038882072,-4.281230950441773e-06
2026-01-17 06:56:00+00:00,1.0009592441388546,1.0530260548114067e-05
2026-01-17 06:57:00+00:00,1.000950318288534,-8.917296456380265e-06
2026-01-17 06:58:00+00:00,1.0009415294899613,-8.780454346396618e-06
2026-01-17 06:59:00+00:00,1.0009346695999328,-6.8534373151244845e-06
2026-01-17 07:00:00+00:00,1.0009328374450621,-1.8304440103864114e-06
2026-01-17 07:01:00+00:00,1.0009073028611872,-2.5510786458034816e-05
2026-01-17 07:02:00+00:00,1.0009110336368443,3.7273937820798843e-06
2026-01-17 07:03:00+00:00,1.0009127580404704,1.7228340662172205e-06
2026-01-17 07:04:00+00:00,1.0009113139973629,-1.442726247556341e-06
2026-01-17 07:05:00+00:00,1.0009074008451615,-3.9095893379454755e-06
2026-01-17 07:06:00+00:00,1.0009199211017807,1.2508906027501767e-05
2026-01-17 07:07:00+00:00,1.0009159439946254,-3.973451893200134e-06
2026-01-17 07:08:00+00:00,1.000909172922517,-6.7648758609611125e-06
2026-01-17 07:09:00+00:00,1.0008957677002288,-1.3393045693805902e-05
2026-01-17 07:10:00+00:00,1.0008910242888545,-4.7391661822680315e-06
2026-01-17 07:11:00+00:00,1.000885137439467,-5.8816087313858745e-06
2026-01-17 07:12:00+00:00,1.0009078653808432,2.2707841815428873e-05
2026-01-17 07:13:00+00:00,1.000868264673521,-3.956478782112005e-05
2026-01-17 07:14:00+00:00,1.000882941377493,1.4663971763301312e-05
2026-01-17 07:15:00+00:00,1.00089642671368,1.3473439929425831e-05
2026-01-17 07:16:00+00:00,1.000897244001694,8.165560313723471e-07
2026-01-17 07:17:00+00:00,1.0008974797074288,2.3549443876646175e-07
2026-01-17 07:18:00+00:00,1.0008931205376856,-4.35526098490646e-06
2026-01-17 07:19:00+00:00,1.0008900316791711,-3.0861022532110895e-06
2026-01-17 07:20:00+00:00,1.0008772343244658,-1.2785974782612087e-05
2026-01-17 07:21:00+00:00,1.0008922881785096,1.5040659860724092e-05
2026-01-17 07:22:00+00:00,1.0008874989358656,-4.784973069118332e-06
2026-01-17 07:23:00+00:00,1.0008854545877974,-2.0425353203243824e-06
2026-01-17 07:24:00+00:00,1.0009142633659036,2.878329180851869e-05
2026-01-17 07:25:00+00:00,1.000882308108612,-3.192606845678808e-05
2026-01-17 07:26:00+00:00,1.0008664040544157,-1.58900342902063e-05
2026-01-17 07:27:00+00:00,1.0008781075285846,1.1693343009217092e-05
2026-01-17 07:28:00+00:00,1.000893775137671,1.5653863311160777e-05
2026-01-17 07:29:00+00:00,1.000881261339806,-1.2502623331159261e-05
2026-01-17 07:30:00+00:00,1.0009008111978377,1.953264466729558e-05
2026-01-17 07:31:00+00:00,1.0008658682041027,-3.491154502426064e-05
2026-01-17 07:32:00+00:00,1.0008847339895333,1.8849464278747865e-05
2026-01-17 07:33:00+00:00,1.0008899195317429,5.180958439608326e-06
2026-01-17 07:34:00+00:00,1.000877042543929,-1.2865538519853644e-05
2026-01-17 07:35:00+00:00,1.0008811265758943,4.080453234154257e-06
2026-01-17 07:36:00+00:00,1.0008962892977848,1.5149373375051958e-05
2026-01-17 07:37:00+00:00,1.0009070246057128,1.07256946026691e-05
2026-01-17 07:38:00+00:00,1.000903479113183,-3.5422795951287547e-06
2026-01-17 07:39:00+00:00,1.000889611931724,-1.3854664059203625e-05
2026-01-17 07:40:00+00:00,1.0008897016816654,8.967016945156097e-08
2026-01-17 07:41:00+00:00,1.0008874604923614,-2.239197086368923e-06
2026-01-17 07:42:00+00:00,1.0008837974224762,-3.65982193774049e-06
2026-01-17 07:43:00+00:00,1.0008746629197742,-9.126436780677328e-06
2026-01-17 07:44:00+00:00,1.0008785421675135,3.875857670280452e-06
2026-01-17 07:45:00+00:00,1.0008443565347946,-3.4155625561690794e-05
2026-01-17 07:46:00+00:00,1.0008612817321805,1.691091854127138e-05
2026-01-17 07:47:00+00:00,1.00084463875637,-1.662865385461759e-05
2026-01-17 07:48:00+00:00,1.0008425056780268,-2.1312781831096132e-06
2026-01-17 07:49:00+00:00,1.0008394540061947,-3.0491029455779888e-06
2026-01-17 07:50:00+00:00,1.0008486908541145,9.229100514579884e-06
2026-01-17 07:51:00+00:00,1.0008790113797592,3.0294814712463605e-05
2026-01-17 07:52:00+00:00,1.0008791974646745,1.859214883099556e-07
2026-01-17 07:53:00+00:00,1.00086935587588,-9.832943695148288e-06
2026-01-17 07:54:00+00:00,1.000840455353008,-2.8875419856283235e-05
2026-01-17 07:55:00+00:00,1.0008291168530796,-1.1328978427708005e-05
2026-01-17 07:56:00+00:00,1.0008229908595339,-6.120918589143891e-06
2026-01-17 07:57:00+00:00,1.0008703319529375,4.730216415501268e-05
2026-01-17 07:58:00+00:00,1.0008491263072625,-2.1187205772846762e-05
2026-01-17 07:59:00+00:00,1.0008421909404073,-6.929482849049988e-06
2026-01-17 08:00:00+00:00,1.0008372714121072,-4.915388604262263e-06
2026-01-17 08:01:00+00:00,1.0008284761369384,-8.787917297021879e-06
2026-01-17 08:02:00+00:00,1.0008433226511748,1.483422443539523e-05
2026-01-17 08:03:00+00:00,1.0008571321562927,1.3797869062488217e-05
2026-01-17 08:04:00+00:00,1.000868270522679,1.112882751031919e-05
2026-01-17 08:05:00+00:00,1.0008408631713797,-2.738357494832924e-05
2026-01-17 08:06:00+00:00,1.0008637781436145,2.289572006708152e-05
2026-01-17 08:07:00+00:00,1.0008588472458742,-4.9266422144910525e-06
2026-01-17 08:08:00+00:00,1.000845808761617,-1.3027295800145041e-05
2026-01-17 08:09:00+00:00,1.0008665829931238,2.07566753289147e-05
2026-01-17 08:10:00+00:00,1.0008297789386653,-3.677218830554258e-05
2026-01-17 08:11:00+00:00,1.0008645139568277,3.470621967241426e-05
2026-01-17 08:12:00+00:00,1.0008602685513293,-4.24173845644192e-06
2026-01-17 08:13:00+00:00,1.0008805774914538,2.0291483998958166e-05
2026-01-17 08:14:00+00:00,1.0008637375804414,-1.6825095212200692e-05
2026-01-17 08:15:00+00:00,1.0008625649883132,-1.1715801905126297e-06
2026-01-17 08:16:00+00:00,1.0008868201661103,2.4234274160717083e-05
2026-01-17 08:17:00+00:00,1.0008890137478939,2.1916381945972452e-06
2026-01-17 08:18:00+00:00,1.0008869025815708,-2.1092911342740555e-06
2026-01-17 08:19:00+00:00,1.000881097018223,-5.800418941319103e-06
2026-01-17 08:20:00+00:00,1.0009094004570191,2.827852267408306e-05
2026-01-17 08:21:00+00:00,1.0009097532707645,3.524931880017732e-07
2026-01-17 08:22:00+00:00,1.0009186428362742,8.881485549192062e-06
2026-01-17 08:23:00+00:00,1.0008610187413536,-5.757120754318269e-05
2026-01-17 08:24:00+00:00,1.000868856355681,7.830871799901187e-06
2026-01-17 08:25:00+00:00,1.0008758944739893,7.032008502958837e-06
2026-01-17 08:26:00+00:00,1.0008994352152571,2.3520140107055452e-05
2026-01-17 08:27:00+00:00,1.0008719419750556,-2.746853403467517e-05
2026-01-17 08:28:00+00:00,1.0009125440247473,4.056667790236661e-05
2026-01-17 08:29:00+00:00,1.0008759060969479,-3.660452455937715e-05
2026-01-17 08:30:00+00:00,1.0008852497243534,9.335450427495825e-06
2026-01-17 08:31:00+00:00,1.0008906400703381,5.385578402847563e-06
2026-01-17 08:32:00+00:00,1.0008861133743259,-4.522667942976273e-06
2026-01-17 08:33:00+00:00,1.0008989442624352,1.2819528553580471e-05
2026-01-17 08:34:00+00:00,1.000907812767479,8.860539912382484e-06
2026-01-17 08:35:00+00:00,1.0008846780228635,-2.3113761647670816e-05
2026-01-17 08:36:00+00:00,1.000880567265999,-4.10712338255862e-06
2026-01-17 08:37:00+00:00,1.0008852065898735,4.635242231890489e-06
2026-01-17 08:38:00+00:00,1.000886612410694,1.4045774794914534e-06
2026-01-17 08:39:00+00:00,1.000907440451518,2.0809590782389643e-05
2026-01-17 08:40:00+00:00,1.000910096869642,2.654009768479388e-06
2026-01-17 08:41:00+00:00,1.0008922270420881,-1.78535790674253e-05
2026-01-17 08:42:00+00:00,1.0008622174333746,-2.9982857197740624e-05
2026-01-17 08:43:00+00:00,1.0008608539703,-1.3622884856703774e-06
2026-01-17 08:44:00+00:00,1.0008783503847711,1.748136556812692e-05
2026-01-17 08:45:00+00:00,1.000883521328761,5.1664060751451115e-06
2026-01-17 08:46:00+00:00,1.0008960906276312,1.2558203429509289e-05
2026-01-17 08:47:00+00:00,1.0008999050319054,3.8109892823851356e-06
2026-01-17 08:48:00+00:00,1.0008987707382322,-1.1332738344040152e-06
2026-01-17 08:49:00+00:00,1.0009114088812645,1.2626794439029141e-05
2026-01-17 08:50:00+00:00,1.0009214960292985,1.0077962889051165e-05
2026-01-17 08:51:00+00:00,1.0009149084676816,-6.581496793743544e-06
2026-01-17 08:52:00+00:00,1.0009157205960317,8.113860061992016e-07
2026-01-17 08:53:00+00:00,1.0008974472149552,-1.825666307405471e-05
2026-01-17 08:54:00+00:00,1.0008983176596167,8.696641838637849e-07
2026-01-17 08:55:00+00:00,1.0008842818821029,-1.402318024338796e-05
2026-01-17 08:56:00+00:00,1.0008962354717474,1.1943028640677943e-05
2026-01-17 08:57:00+00:00,1.0008841311712022,-1.2093461955621304e-05
2026-01-17 08:58:00+00:00,1.0009090697022696,2.491650161159084e-05
2026-01-17 08:59:00+00:00,1.0009100571583613,9.865592406738682e-07
2026-01-17 09:00:00+00:00,1.0009053800249321,-4.672880840586102e-06
2026-01-17 09:01:00+00:00,1.0009155008610844,1.0111681238138736e-05
2026-01-17 09:02:00+00:00,1.0008879136981659,-2.7561929947956347e-05
2026-01-17 09:03:00+00:00,1.0009010291509783,1.3103817753068233e-05
2026-01-17 09:04:00+00:00,1.000917929457876,1.688509293664137e-05
2026-01-17 09:05:00+00:00,1.0008948715371404,-2.303677460153623e-05
2026-01-17 09:06:00+00:00,1.0009100261293755,1.5141042946860408e-05
2026-01-17 09:07:00+00:00,1.000911351546479,1.3242120357168068e-06
2026-01-17 09:08:00+00:00,1.0009125777300627,1.2250671168596856e-06
2026-01-17 09:09:00+00:00,1.0009111229560435,-1.4534476352178493e-06
2026-01-17 09:10:00+00:00,1.0009103422913168,-7.799540926079817e-07
2026-01-17 09:11:00+00:00,1.0009021487631802,-8.186076005520146e-06
2026-01-17 09:12:00+00:00,1.0009027649441855,6.156256194595473e-07
2026-01-17 09:13:00+00:00,1.000889798176508,-1.2955072292468702e-05
2026-01-17 09:14:00+00:00,1.0008988867496107,9.080493296372894e-06
2026-01-17 09:15:00+00:00,1.0008952254083217,-3.6580531134918947e-06
2026-01-17 09:16:00+00:00,1.0009013834894547,6.152573193217558e-06
2026-01-17 09:17:00+00:00,1.0009044755123686,3.0892383256780567e-06
2026-01-17 09:18:00+00:00,1.0008974516786062,-7.017486617662473e-06
2026-01-17 09:19:00+00:00,1.0008958105124215,-1.6396946380446356e-06
2026-01-17 09:20:00+00:00,1.000917545390833,2.1715425505176068e-05
2026-01-17 09:21:00+00:00,1.0009129682922115,-4.572902775706688e-06
2026-01-17 09:22:00+00:00,1.0009158949848378,2.924023085792896e-06
2026-01-17 09:23:00+00:00,1.0009191834278577,3.285433907372195e-06
2026-01-17 09:24:00+00:00,1.0009456415717386,2.6433846327341026e-05
2026-01-17 09:25:00+00:00,1.0009378310049666,-7.803187753265764e-06
2026-01-17 09:26:00+00:00,1.0009207186957558,-1.709627579325068e-05
2026-01-17 09:27:00+00:00,1.0009129966266213,-7.714965821448514e-06
2026-01-17 09:28:00+00:00,1.0009119930846238,-1.00262660283495e-06
2026-01-17 09:29:00+00:00,1.0009280217534309,1.60140640914136e-05
2026-01-17 09:30:00+00:00,1.0009150017591084,-1.3007922687306602e-05
2026-01-17 09:31:00+00:00,1.0009097623777108,-5.234591737054103e-06
2026-01-17 09:32:00+00:00,1.0009138720022432,4.105889148810817e-06
2026-01-17 09:33:00+00:00,1.00091992500771,6.047478845224473e-06
2026-01-17 09:34:00+00:00,1.0009242742586248,4.345253607445215e-06
2026-01-17 09:35:00+00:00,1.0009184241845963,-5.844671948752956e-06
2026-01-17 09:36:00+00:00,1.0009242048372713,5.775348455336243e-06
2026-01-17 09:37:00+00:00,1.0009023805197725,-2.180416598314331e-05
2026-01-17 09:38:00+00:00,1.0009100637133699,7.67626668391103e-06
2026-01-17 09:39:00+00:00,1.0009180408877534,7.969921247477017e-06
2026-01-17 09:40:00+00:00,1.000925327253728,7.279682927934735e-06
2026-01-17 09:41:00+00:00,1.0009271059906242,1.7770925041380471e-06
2026-01-17 09:42:00+00:00,1.000886447120563,-4.062120989412717e-05
2026-01-17 09:43:00+00:00,1.000902528892755,1.6067529177234703e-05
2026-01-17 09:44:00+00:00,1.0009267827829191,2.4232020065814473e-05
2026-01-17 09:45:00+00:00,1.0009386977064654,1.19038912246648e-05
2026-01-17 09:46:00+00:00,1.0009372945450934,-1.4018454628946737e-06
2026-01-17 09:47:00+00:00,1.0009380096657574,7.14451012912444e-07
2026-01-17 09:48:00+00:00,1.0009409380451655,2.9256351339724314e-06
2026-01-17 09:49:00+00:00,1.000943100822606,2.160744313943575e-06
2026-01-17 09:50:00+00:00,1.0009452509929662,2.1481444433748453e-06
2026-01-17 09:51:00+00:00,1.0009476328664575,2.3796241492113304e-06
2026-01-17 09:52:00+00:00,1.0009499809692084,2.3458797181485397e-06
2026-01-17 09:53:00+00:00,1.0009502649153172,2.83676621537557e-07
2026-01-17 09:54:00+00:00,1.0009524163559804,2.1493981653963997e-06
2026-01-17 09:55:00+00:00,1.0009544307687634,2.0124960488718174e-06
2026-01-17 09:56:00+00:00,1.0009561837588787,1.7513186030031661e-06
2026-01-17 09:57:00+00:00,1.000951519733945,-4.659569529235407e-06
2026-01-17 09:58:00+00:00,1.0009495429014306,-1.9749533072183772e-06
2026-01-17 09:59:00+00:00,1.0009558599169759,6.311022958123057e-06
2026-01-17 10:00:00+00:00,1.0009604246086603,4.560332645224186e-06
2026-01-17 10:01:00+00:00,1.0009466829666227,-1.3728456889876362e-05
2026-01-17 10:02:00+00:00,1.000939218809047,-7.457098068106063e-06
2026-01-17 10:03:00+00:00,1.0009410022228065,1.7817403154933518e-06
2026-01-17 10:04:00+00:00,1.0009839589888034,4.291638158656018e-05
2026-01-17 10:05:00+00:00,1.0009649661570703,-1.897416193599106e-05
2026-01-17 10:06:00+00:00,1.000971304415961,6.332148581453494e-06
2026-01-17 10:07:00+00:00,1.0009700127616274,-1.290400961462928e-06
2026-01-17 10:08:00+00:00,1.0009870551675746,1.7025890616050266e-05
2026-01-17 10:09:00+00:00,1.000961552479382,-2.5477540454511348e-05
2026-01-17 10:10:00+00:00,1.0009550175223854,-6.528679328838832e-06
2026-01-17 10:11:00+00:00,1.0009283219875407,-2.6670064465880104e-05
2026-01-17 10:12:00+00:00,1.000933384144289,5.057461795059575e-06
2026-01-17 10:13:00+00:00,1.0009565159869689,2.311027191864778e-05
2026-01-17 10:14:00+00:00,1.0009702474158417,1.371830709277438e-05
2026-01-17 10:15:00+00:00,1.0009572866227825,-1.2948230072524106e-05
2026-01-17 10:16:00+00:00,1.0009539615674403,-3.3218753552469143e-06
2026-01-17 10:17:00+00:00,1.000990143212983,3.6147162538981147e-05
2026-01-17 10:18:00+00:00,1.000990640033874,4.963294534298331e-07
2026-01-17 10:19:00+00:00,1.0009959148808827,5.269626705733901e-06
2026-01-17 10:20:00+00:00,1.000973600660215,-2.2292019713444137e-05
2026-01-17 10:21:00+00:00,1.0009485090029224,-2.5067251799707623e-05
2026-01-17 10:22:00+00:00,1.0009522706810072,3.758113480323771e-06
2026-01-17 10:23:00+00:00,1.0009477022363382,-4.564098411990764e-06
2026-01-17 10:24:00+00:00,1.0009441446277803,-3.554240196488363e-06
2026-01-17 10:25:00+00:00,1.0009533558213983,9.202505122452987e-06
2026-01-17 10:26:00+00:00,1.0009591680685335,5.806711273150638e-06
2026-01-17 10:27:00+00:00,1.0009588056725582,-3.6204870961514314e-07
2026-01-17 10:28:00+00:00,1.0009854900823494,2.6658849135332108e-05
2026-01-17 10:29:00+00:00,1.000985910634718,4.20138326493047e-07
2026-01-17 10:30:00+00:00,1.0009817144284625,-4.1920732460278096e-06
2026-01-17 10:31:00+00:00,1.0009810634665806,-6.503234500937988e-07
2026-01-17 10:32:00+00:00,1.0009782049896265,-2.8556753551575465e-06
2026-01-17 10:33:00+00:00,1.0009590809805011,-1.9105320205814172e-05
2026-01-17 10:34:00+00:00,1.0009472290324566,-1.1840591958046634e-05
2026-01-17 10:35:00+00:00,1.0009476774747694,4.480179370836646e-07
2026-01-17 10:36:00+00:00,1.0009471817221776,-4.952832231685219e-07
2026-01-17 10:37:00+00:00,1.000939239508926,-7.93469765091322e-06
2026-01-17 10:38:00+00:00,1.0009247392009057,-1.4486701537954408e-05
2026-01-17 10:39:00+00:00,1.0009428664512596,1.811050286215456e-05
2026-01-17 10:40:00+00:00,1.0009517687676979,8.893930649484845e-06
2026-01-17 10:41:00+00:00,1.0009345686557707,-1.7183756963997612e-05
2026-01-17 10:42:00+00:00,1.0009487109375366,1.4129077173205026e-05
2026-01-17 10:43:00+00:00,1.0009171969021147,-3.148416604913517e-05
2026-01-17 10:44:00+00:00,1.0009322968217569,1.508608273390876e-05
2026-01-17 10:45:00+00:00,1.0008952772311503,-3.698510950660124e-05
2026-01-17 10:46:00+00:00,1.0008947981852157,-4.786174394610645e-07
2026-01-17 10:47:00+00:00,1.0009037398548313,8.93367577870575e-06
2026-01-17 10:48:00+00:00,1.0009041279262398,3.877210097067892e-07
2026-01-17 10:49:00+00:00,1.0009045136606105,3.85385932394661e-07
2026-01-17 10:50:00+00:00,1.0009048991411855,3.851322175792288e-07
2026-01-17 10:51:00+00:00,1.0008906632998011,-1.4222971030001104e-05
2026-01-17 10:52:00+00:00,1.0008765194222569,-1.4131291321644572e-05
2026-01-17 10:53:00+00:00,1.0008771260312739,6.060777779072059e-07
2026-01-17 10:54:00+00:00,1.0008911679104644,1.4029573486525096e-05
2026-01-17 10:55:00+00:00,1.0008712447786061,-1.990539281097298e-05
2026-01-17 10:56:00+00:00,1.0008721566400944,9.110677252013068e-07
2026-01-17 10:57:00+00:00,1.0009132272971089,4.103486818170173e-05
2026-01-17 10:58:00+00:00,1.0009137113120112,4.835732901202546e-07
2026-01-17 10:59:00+00:00,1.0008730989619197,-4.057527600283136e-05
2026-01-17 11:00:00+00:00,1.0008875965197859,1.4484911105363037e-05
2026-01-17 11:01:00+00:00,1.0008961196545592,8.515576377323782e-06
2026-01-17 11:02:00+00:00,1.000884921782378,-1.118784653190707e-05
2026-01-17 11:03:00+00:00,1.0008913379296391,6.410474492539505e-06
2026-01-17 11:04:00+00:00,1.0008996396935261,8.294370799714159e-06
2026-01-17 11:05:00+00:00,1.0009086836097447,9.035787265654986e-06
2026-01-17 11:06:00+00:00,1.0008901301319857,-1.8536633823746346e-05
2026-01-17 11:07:00+00:00,1.0008757407458868,-1.4376589063725869e-05
2026-01-17 11:08:00+00:00,1.0008698901575814,-5.845469189750956e-06
2026-01-17 11:09:00+00:00,1.0008702696658096,3.791783847585082e-07
2026-01-17 11:10:00+00:00,1.0008820872642106,1.1807322846166932e-05
2026-01-17 11:11:00+00:00,1.0009069662359849,2.4857045690957978e-05
2026-01-17 11:12:00+00:00,1.0008905184102292,-1.6432921650431752e-05
2026-01-17 11:13:00+00:00,1.0009133240497399,2.2785348738088828e-05
2026-01-17 11:14:00+00:00,1.0009164073498293,3.0804866069108394e-06
2026-01-17 11:15:00+00:00,1.0009365627293692,2.013692591289232e-05
2026-01-17 11:16:00+00:00,1.0009265835274281,-9.969864537340533e-06
2026-01-17 11:17:00+00:00,1.0009189476172926,-7.6288413767028526e-06
2026-01-17 11:18:00+00:00,1.0009259332065485,6.979175759167245e-06
2026-01-17 11:19:00+00:00,1.0009566930465787,3.073138482036444e-05
2026-01-17 11:20:00+00:00,1.0009403241547405,-1.6353246800708746e-05
2026-01-17 11:21:00+00:00,1.0009626420968811,2.2296975755650908e-05
2026-01-17 11:22:00+00:00,1.0009740031770276,1.1350154010487872e-05
2026-01-17 11:23:00+00:00,1.0009857878517447,1.1773207575461359e-05
2026-01-17 11:24:00+00:00,1.0009857878517447,0.0
2026-01-17 11:25:00+00:00,1.0009857878517447,-0.0
2026-01-17 11:26:00+00:00,1.0009857878517447,0.0
2026-01-17 11:27:00+00:00,1.0009857878517447,0.0
2026-01-17 11:28:00+00:00,1.0009857878517447,0.0
2026-01-17 11:29:00+00:00,1.0009857878517447,0.0
2026-01-17 11:30:00+00:00,1.0009857878517447,-0.0
2026-01-17 11:31:00+00:00,1.0009857878517447,0.0
2026-01-17 11:32:00+00:00,1.0009857878517447,-0.0
2026-01-17 11:33:00+00:00,1.0009857878517447,0.0
2026-01-17 11:34:00+00:00,1.0009857878517447,0.0
2026-01-17 11:35:00+00:00,1.0009857878517447,0.0
2026-01-17 11:36:00+00:00,1.0009857878517447,-0.0
2026-01-17 11:37:00+00:00,1.0009857878517447,0.0
2026-01-17 11:38:00+00:00,1.0009857878517447,-0.0
2026-01-17 11:39:00+00:00,1.0009857878517447,0.0
2026-01-17 11:40:00+00:00,1.0009857878517447,-0.0
2026-01-17 11:41:00+00:00,1.0009857878517447,-0.0
2026-01-17 11:42:00+00:00,1.0009857878517447,0.0
2026-01-17 11:43:00+00:00,1.0009857878517447,-0.0
2026-01-17 11:44:00+00:00,1.0009857878517447,0.0
2026-01-17 11:45:00+00:00,1.0009857878517447,-0.0
2026-01-17 11:46:00+00:00,1.0009857878517447,0.0
2026-01-17 11:47:00+00:00,1.0009857878517447,-0.0
2026-01-17 11:48:00+00:00,1.0009857878517447,-0.0
2026-01-17 11:49:00+00:00,1.0009857878517447,-0.0
2026-01-17 11:50:00+00:00,1.0009857878517447,0.0
2026-01-17 11:51:00+00:00,1.0009857878517447,0.0
2026-01-17 11:52:00+00:00,1.0009857878517447,0.0
2026-01-17 11:53:00+00:00,1.0009857878517447,0.0
2026-01-17 11:54:00+00:00,1.0009857878517447,0.0
2026-01-17 11:55:00+00:00,1.0009857878517447,-0.0
2026-01-17 11:56:00+00:00,1.0009857878517447,0.0
2026-01-17 11:57:00+00:00,1.0009857878517447,0.0
2026-01-17 11:58:00+00:00,1.0009857878517447,-0.0
2026-01-17 11:59:00+00:00,1.0009857878517447,0.0
2026-01-17 12:00:00+00:00,1.0009857878517447,-0.0
2026-01-17 12:01:00+00:00,1.0009857878517447,-0.0
2026-01-17 12:02:00+00:00,1.0009857878517447,0.0
2026-01-17 12:03:00+00:00,1.0009857878517447,-0.0
2026-01-17 12:04:00+00:00,1.0009857878517447,-0.0
2026-01-17 12:05:00+00:00,1.0009857878517447,0.0
2026-01-17 12:06:00+00:00,1.0009857878517447,-0.0
2026-01-17 12:07:00+00:00,1.0009857878517447,0.0
2026-01-17 12:08:00+00:00,1.0009857878517447,-0.0
2026-01-17 12:09:00+00:00,1.0009857878517447,0.0
2026-01-17 12:10:00+00:00,1.0009857878517447,-0.0
2026-01-17 12:11:00+00:00,1.0009857878517447,0.0
2026-01-17 12:12:00+00:00,1.0009857878517447,-0.0
2026-01-17 12:13:00+00:00,1.0009857878517447,0.0
2026-01-17 12:14:00+00:00,1.0009857878517447,0.0
2026-01-17 12:15:00+00:00,1.0009857878517447,-0.0
2026-01-17 12:16:00+00:00,1.0009857878517447,0.0
2026-01-17 12:17:00+00:00,1.0009857878517447,-0.0
2026-01-17 12:18:00+00:00,1.0009857878517447,-0.0
2026-01-17 12:19:00+00:00,1.0009857878517447,-0.0
2026-01-17 12:20:00+00:00,1.0009857878517447,-0.0
2026-01-17 12:21:00+00:00,1.0009857878517447,0.0
2026-01-17 12:22:00+00:00,1.0009857878517447,-0.0
2026-01-17 12:23:00+00:00,1.0009857878517447,-0.0
2026-01-17 12:24:00+00:00,1.0009857878517447,0.0
2026-01-17 12:25:00+00:00,1.0009857878517447,-0.0
2026-01-17 12:26:00+00:00,1.0009857878517447,-0.0
2026-01-17 12:27:00+00:00,1.0009857878517447,0.0
2026-01-17 12:28:00+00:00,1.0009857878517447,0.0
2026-01-17 12:29:00+00:00,1.0009857878517447,0.0
2026-01-17 12:30:00+00:00,1.0009857878517447,-0.0
2026-01-17 12:31:00+00:00,1.0009857878517447,0.0
2026-01-17 12:32:00+00:00,1.0009857878517447,0.0
2026-01-17 12:33:00+00:00,1.0009857878517447,0.0
2026-01-17 12:34:00+00:00,1.0009857878517447,0.0
2026-01-17 12:35:00+00:00,1.0009857878517447,-0.0
2026-01-17 12:36:00+00:00,1.0009857878517447,0.0
2026-01-17 12:37:00+00:00,1.0009857878517447,0.0
2026-01-17 12:38:00+00:00,1.0009857878517447,-0.0
2026-01-17 12:39:00+00:00,1.0009857878517447,0.0
2026-01-17 12:40:00+00:00,1.0009857878517447,-0.0
2026-01-17 12:41:00+00:00,1.0009857878517447,0.0
2026-01-17 12:42:00+00:00,1.0009857878517447,-0.0
2026-01-17 12:43:00+00:00,1.0009857878517447,-0.0
2026-01-17 12:44:00+00:00,1.0009857878517447,0.0
2026-01-17 12:45:00+00:00,1.0009857878517447,-0.0
2026-01-17 12:46:00+00:00,1.0009857878517447,0.0
2026-01-17 12:47:00+00:00,1.0009857878517447,-0.0
2026-01-17 12:48:00+00:00,1.0009857878517447,-0.0
2026-01-17 12:49:00+00:00,1.0009857878517447,0.0
2026-01-17 12:50:00+00:00,1.0009857878517447,0.0
2026-01-17 12:51:00+00:00,1.0009857878517447,0.0
2026-01-17 12:52:00+00:00,1.0009857878517447,-0.0
2026-01-17 12:53:00+00:00,1.0009857878517447,0.0
2026-01-17 12:54:00+00:00,1.0009857878517447,0.0
2026-01-17 12:55:00+00:00,1.0009857878517447,-0.0
2026-01-17 12:56:00+00:00,1.0009857878517447,-0.0
2026-01-17 12:57:00+00:00,1.0009857878517447,0.0
2026-01-17 12:58:00+00:00,1.0009857878517447,-0.0
2026-01-17 12:59:00+00:00,1.0009857878517447,-0.0
2026-01-17 13:00:00+00:00,1.0009857878517447,-0.0
2026-01-17 13:01:00+00:00,1.0009857878517447,0.0
2026-01-17 13:02:00+00:00,1.0009857878517447,0.0
2026-01-17 13:03:00+00:00,1.0009857878517447,-0.0
2026-01-17 13:04:00+00:00,1.0009857878517447,-0.0
2026-01-17 13:05:00+00:00,1.0009857878517447,-0.0
2026-01-17 13:06:00+00:00,1.0009857878517447,0.0
2026-01-17 13:07:00+00:00,1.0009857878517447,0.0
2026-01-17 13:08:00+00:00,1.0009857878517447,0.0
2026-01-17 13:09:00+00:00,1.0009857878517447,-0.0
2026-01-17 13:10:00+00:00,1.0009857878517447,0.0
2026-01-17 13:11:00+00:00,1.0009857878517447,-0.0
2026-01-17 13:12:00+00:00,1.0009857878517447,0.0
2026-01-17 13:13:00+00:00,1.0009857878517447,-0.0
2026-01-17 13:14:00+00:00,1.0009857878517447,0.0
2026-01-17 13:15:00+00:00,1.0009857878517447,0.0
2026-01-17 13:16:00+00:00,1.0009857878517447,0.0
2026-01-17 13:17:00+00:00,1.0009707730649269,-1.5000000000000004e-05
2026-01-17 13:18:00+00:00,1.0009319884922543,-3.8746958169353625e-05
2026-01-17 13:19:00+00:00,1.0009323919928323,4.0312487033485956e-07
2026-01-17 13:20:00+00:00,1.0009680054019825,3.558023442460791e-05
2026-01-17 13:21:00+00:00,1.0009747322922002,6.720384848872462e-06
2026-01-17 13:22:00+00:00,1.0009737575661306,-9.73776897811818e-07
2026-01-17 13:23:00+00:00,1.0009700494790579,-3.704479807617049e-06
2026-01-17 13:24:00+00:00,1.0009695318778327,-5.170996129539947e-07
2026-01-17 13:25:00+00:00,1.0009895598187355,2.000854198356714e-05
2026-01-17 13:26:00+00:00,1.000981125231512,-8.426248946210097e-06
2026-01-17 13:27:00+00:00,1.0009504093372243,-3.0685787686951216e-05
2026-01-17 13:28:00+00:00,1.0009463434804773,-4.061996187896623e-06
2026-01-17 13:29:00+00:00,1.000957642503624,1.128834049926596e-05
2026-01-17 13:30:00+00:00,1.0009450084142455,-1.2622002012865134e-05
2026-01-17 13:31:00+00:00,1.0009544319367643,9.414625618328762e-06
2026-01-17 13:32:00+00:00,1.0009398224981791,-1.4595508166093515e-05
2026-01-17 13:33:00+00:00,1.0009318482009235,-7.96680986851577e-06
2026-01-17 13:34:00+00:00,1.0009334700509764,1.6203401418756658e-06
2026-01-17 13:35:00+00:00,1.00095406685993,2.0577600379873627e-05
2026-01-17 13:36:00+00:00,1.0009544622848965,3.950480641679481e-07
2026-01-17 13:37:00+00:00,1.0009874382121569,3.294448299379648e-05
2026-01-17 13:38:00+00:00,1.0009876547382468,2.1631249475100676e-07
2026-01-17 13:39:00+00:00,1.0009622315247024,-2.5398128961957663e-05
2026-01-17 13:40:00+00:00,1.0009410541803565,-2.115698642669711e-05
2026-01-17 13:41:00+00:00,1.0009416131421665,5.584362911926694e-07
2026-01-17 13:42:00+00:00,1.0009269083665782,-1.4690942403762718e-05
2026-01-17 13:43:00+00:00,1.000904778776996,-2.2109096475695652e-05
2026-01-17 13:44:00+00:00,1.0009091414097284,4.358689083023175e-06
2026-01-17 13:45:00+00:00,1.000906238662057,-2.9001110601822915e-06
2026-01-17 13:46:00+00:00,1.000923199040167,1.6945021875790165e-05
2026-01-17 13:47:00+00:00,1.0009150449506987,-8.146568564116957e-06
2026-01-17 13:48:00+00:00,1.000913486591823,-1.556934210905974e-06
2026-01-17 13:49:00+00:00,1.0009352604591468,2.175399534072459e-05
2026-01-17 13:50:00+00:00,1.0009185404287326,-1.670440744249634e-05
2026-01-17 13:51:00+00:00,1.0009071973545443,-1.1332664677774156e-05
2026-01-17 13:52:00+00:00,1.0009079539876573,7.559473195555616e-07
2026-01-17 13:53:00+00:00,1.0009178669763892,9.903996358724834e-06
2026-01-17 13:54:00+00:00,1.0009185708923365,7.032704386115561e-07
2026-01-17 13:55:00+00:00,1.000931604613481,1.3021759735093683e-05
2026-01-17 13:56:00+00:00,1.0009323125733538,7.073009477072673e-07
2026-01-17 13:57:00+00:00,1.0009410345402283,8.713842849179047e-06
2026-01-17 13:58:00+00:00,1.0009417056444943,6.704733273174063e-07
2026-01-17 13:59:00+00:00,1.0009143342838964,-2.7345609083328932e-05
2026-01-17 14:00:00+00:00,1.0009647242583528,5.0343943263099494e-05
2026-01-17 14:01:00+00:00,1.0009694402687315,4.711465114056188e-06
2026-01-17 14:02:00+00:00,1.000974093637258,4.64886173266773e-06
2026-01-17 14:03:00+00:00,1.0009744640336629,3.700359551713124e-07
2026-01-17 14:04:00+00:00,1.0009652019793946,-9.25303751600326e-06
2026-01-17 14:05:00+00:00,1.0009479506199896,-1.723472441492059e-05
2026-01-17 14:06:00+00:00,1.0009752747158385,2.7298218485686888e-05
2026-01-17 14:07:00+00:00,1.0009524135884875,-2.2838853194914398e-05
2026-01-17 14:08:00+00:00,1.0009532575932254,8.432016610670815e-07
2026-01-17 14:09:00+00:00,1.0009559786399167,2.7184553030693314e-06
2026-01-17 14:10:00+00:00,1.0009454339708386,-1.0534598227217501e-05
2026-01-17 14:11:00+00:00,1.0009496841159853,4.2461307106055935e-06
2026-01-17 14:12:00+00:00,1.000950785906634,1.1007452885640918e-06
2026-01-17 14:13:00+00:00,1.0009429617141654,-7.816760403095922e-06
2026-01-17 14:14:00+00:00,1.000932081831479,-1.0869633038549588e-05
2026-01-17 14:15:00+00:00,1.0009118054185586,-2.025753124353977e-05
2026-01-17 14:16:00+00:00,1.0009040728271248,-7.725547237961448e-06
2026-01-17 14:17:00+00:00,1.0009260256664347,2.1933010271224384e-05
2026-01-17 14:18:00+00:00,1.0009271254724426,1.0987885015220817e-06
2026-01-17 14:19:00+00:00,1.0009129707300823,-1.4141631293493254e-05
2026-01-17 14:20:00+00:00,1.0009432788799868,3.028050468996525e-05
2026-01-17 14:21:00+00:00,1.000944176528571,8.9680264909408e-07
2026-01-17 14:22:00+00:00,1.0009450534454594,8.76089704982483e-07
2026-01-17 14:23:00+00:00,1.0009314170122414,-1.3623558227257298e-05
2026-01-17 14:24:00+00:00,1.0009565904564028,2.5150019005858158e-05
2026-01-17 14:25:00+00:00,1.0009857165054965,2.9098214019888585e-05
2026-01-17 14:26:00+00:00,1.0009975550136536,1.1826850235646074e-05
2026-01-17 14:27:00+00:00,1.000981868660966,-1.567072028210021e-05
2026-01-17 14:28:00+00:00,1.0009213984083825,-6.041093697756634e-05
2026-01-17 14:29:00+00:00,1.0009241075878033,2.706685485126456e-06
2026-01-17 14:30:00+00:00,1.000924061620391,-4.592497265725359e-08
2026-01-17 14:31:00+00:00,1.0009261578073778,2.094251769028972e-06
2026-01-17 14:32:00+00:00,1.0008984019324134,-2.7730192430066944e-05
2026-01-17 14:33:00+00:00,1.0008898129926873,-8.581230332234092e-06
2026-01-17 14:34:00+00:00,1.0008996451748446,9.823441131927406e-06
2026-01-17 14:35:00+00:00,1.0008894463422733,-1.0189665488081243e-05
2026-01-17 14:36:00+00:00,1.000907222615938,1.776047667363089e-05
2026-01-17 14:37:00+00:00,1.0009084009534992,1.1772695157963372e-06
2026-01-17 14:38:00+00:00,1.0008938587050142,-1.4529050281721711e-05
2026-01-17 14:39:00+00:00,1.000892982401288,-8.755211340367738e-07
2026-01-17 14:40:00+00:00,1.0008838746096007,-9.099665845814656e-06
2026-01-17 14:41:00+00:00,1.0008968737935036,1.298770440060222e-05
2026-01-17 14:42:00+00:00,1.0008988256032312,1.9500607693175095e-06
2026-01-17 14:43:00+00:00,1.0009003191684642,1.4922239838959901e-06
2026-01-17 14:44:00+00:00,1.0009638999844392,6.352362443810438e-05
2026-01-17 14:45:00+00:00,1.0009549005764098,-8.990741853402414e-06
2026-01-17 14:46:00+00:00,1.0009678237301847,1.291082522039718e-05
2026-01-17 14:47:00+00:00,1.0009550055429046,-1.2805793529093468e-05
2026-01-17 14:48:00+00:00,1.0009699672304364,1.4947412669884981e-05
2026-01-17 14:49:00+00:00,1.0009774916666236,7.517144803026881e-06
2026-01-17 14:50:00+00:00,1.0009913721907717,1.3866969301151117e-05
2026-01-17 14:51:00+00:00,1.0009919587265261,5.859548550128165e-07
2026-01-17 14:52:00+00:00,1.0009892832220038,-2.6728531625105233e-06
2026-01-17 14:53:00+00:00,1.0009802487443384,-9.025548841147203e-06
2026-01-17 14:54:00+00:00,1.001006779155988,2.650443071452643e-05
2026-01-17 14:55:00+00:00,1.000990819398424,-1.594370577336581e-05
2026-01-17 14:56:00+00:00,1.001014543547633,2.3700666129235563e-05
2026-01-17 14:57:00+00:00,1.0010149540041346,4.100404978325202e-07
2026-01-17 14:58:00+00:00,1.001006345091422,-8.600183921724883e-06
2026-01-17 14:59:00+00:00,1.00096361072498,-4.269140415696726e-05
2026-01-17 15:00:00+00:00,1.0009749832332204,1.1361560119381876e-05
2026-01-17 15:01:00+00:00,1.0009633902550021,-1.1581686268310593e-05
2026-01-17 15:02:00+00:00,1.000964179264303,7.882499085363504e-07
2026-01-17 15:03:00+00:00,1.0009652831416045,1.102813991316262e-06
2026-01-17 15:04:00+00:00,1.0009689985480883,3.7118235232466396e-06
2026-01-17 15:05:00+00:00,1.0009458244042015,-2.3151709913425733e-05
2026-01-17 15:06:00+00:00,1.000845819853835,-9.991005300010098e-05
2026-01-17 15:07:00+00:00,1.000845990837371,1.7083903694362036e-07
2026-01-17 15:08:00+00:00,1.0009107222009659,6.46766477434928e-05
2026-01-17 15:09:00+00:00,1.0009174559663223,6.727638346766077e-06
2026-01-17 15:10:00+00:00,1.0009558628136925,3.8371643077393795e-05
2026-01-17 15:11:00+00:00,1.0009619658706959,6.097228888979788e-06
2026-01-17 15:12:00+00:00,1.0009640880653952,2.1201551823802122e-06
2026-01-17 15:13:00+00:00,1.0009652125201598,1.1233717353011829e-06
2026-01-17 15:14:00+00:00,1.0009600093533098,-5.198149530916101e-06
2026-01-17 15:15:00+00:00,1.000959057815682,-9.506250189775356e-07
2026-01-17 15:16:00+00:00,1.0009411071134087,-1.793350300702884e-05
2026-01-17 15:17:00+00:00,1.00097049463346,2.9359889250884694e-05
2026-01-17 15:18:00+00:00,1.0009450067014167,-2.546322012483986e-05
2026-01-17 15:19:00+00:00,1.0009794007732418,3.436159988279858e-05
2026-01-17 15:20:00+00:00,1.000995747720886,1.6330953096150025e-05
2026-01-17 15:21:00+00:00,1.0009883753864415,-7.365000761727153e-06
2026-01-17 15:22:00+00:00,1.0010208518202226,3.244436656775127e-05
2026-01-17 15:23:00+00:00,1.0010236089743516,2.754342353561237e-06
2026-01-17 15:24:00+00:00,1.0010173483828086,-6.254189698289297e-06
2026-01-17 15:25:00+00:00,1.0010267642775061,9.406325187878542e-06
2026-01-17 15:26:00+00:00,1.001012435677367,-1.43139031345834e-05
2026-01-17 15:27:00+00:00,1.001003773762672,-8.653153933257154e-06
2026-01-17 15:28:00+00:00,1.0010279042751435,2.4106315184809254e-05
2026-01-17 15:29:00+00:00,1.0010142602314254,-1.3630033348598353e-05
2026-01-17 15:30:00+00:00,1.0009855742899207,-2.8656875974933413e-05
2026-01-17 15:31:00+00:00,1.0010018349384722,1.624463825368783e-05
2026-01-17 15:32:00+00:00,1.0010154904858894,1.3641880504788054e-05
2026-01-17 15:33:00+00:00,1.0009945297386893,-2.0939483354009992e-05
2026-01-17 15:34:00+00:00,1.0009730718553775,-2.1436564011372866e-05
2026-01-17 15:35:00+00:00,1.0010124086558938,3.929856019339836e-05
2026-01-17 15:36:00+00:00,1.0010240583088075,1.1637870632768464e-05
2026-01-17 15:37:00+00:00,1.0010080074672165,-1.603442140849853e-05
2026-01-17 15:38:00+00:00,1.0010205421957974,1.2522106204353866e-05
2026-01-17 15:39:00+00:00,1.0010075975212889,-1.293147739012024e-05
2026-01-17 15:40:00+00:00,1.001028973339451,2.1354301620701172e-05
2026-01-17 15:41:00+00:00,1.0010492757422083,2.028153359996496e-05
2026-01-17 15:42:00+00:00,1.0010056599259591,-4.3570099200869664e-05
2026-01-17 15:43:00+00:00,1.0010290702365836,2.338679146541008e-05
2026-01-17 15:44:00+00:00,1.0010446412204002,1.5554976652857502e-05
2026-01-17 15:45:00+00:00,1.001029789021281,-1.4836700090740418e-05
2026-01-17 15:46:00+00:00,1.0010385794876235,8.781423329380974e-06
2026-01-17 15:47:00+00:00,1.0010514657045688,1.2872847469991406e-05
2026-01-17 15:48:00+00:00,1.001053360767379,1.8930723096637655e-06
2026-01-17 15:49:00+00:00,1.001053360767379,-0.0
2026-01-17 15:50:00+00:00,1.001053360767379,-0.0
2026-01-17 15:51:00+00:00,1.001053360767379,0.0
2026-01-17 15:52:00+00:00,1.001053360767379,0.0
2026-01-17 15:53:00+00:00,1.001053360767379,0.0
2026-01-17 15:54:00+00:00,1.001053360767379,0.0
2026-01-17 15:55:00+00:00,1.001053360767379,0.0
2026-01-17 15:56:00+00:00,1.001053360767379,0.0
2026-01-17 15:57:00+00:00,1.001053360767379,-0.0
2026-01-17 15:58:00+00:00,1.001053360767379,-0.0
2026-01-17 15:59:00+00:00,1.001053360767379,-0.0
2026-01-17 16:00:00+00:00,1.001053360767379,0.0
2026-01-17 16:01:00+00:00,1.001053360767379,-0.0
2026-01-17 16:02:00+00:00,1.001053360767379,0.0
2026-01-17 16:03:00+00:00,1.001053360767379,0.0
2026-01-17 16:04:00+00:00,1.001053360767379,-0.0
2026-01-17 16:05:00+00:00,1.001053360767379,0.0
2026-01-17 16:06:00+00:00,1.001053360767379,-0.0
2026-01-17 16:07:00+00:00,1.001053360767379,-0.0
2026-01-17 16:08:00+00:00,1.001053360767379,0.0
2026-01-17 16:09:00+00:00,1.001053360767379,-0.0
2026-01-17 16:10:00+00:00,1.001053360767379,0.0
2026-01-17 16:11:00+00:00,1.001053360767379,-0.0
2026-01-17 16:12:00+00:00,1.001053360767379,-0.0
2026-01-17 16:13:00+00:00,1.001053360767379,0.0
2026-01-17 16:14:00+00:00,1.001053360767379,-0.0
2026-01-17 16:15:00+00:00,1.001053360767379,0.0
2026-01-17 16:16:00+00:00,1.001053360767379,-0.0
2026-01-17 16:17:00+00:00,1.001053360767379,0.0
2026-01-17 16:18:00+00:00,1.001053360767379,-0.0
2026-01-17 16:19:00+00:00,1.001053360767379,-0.0
2026-01-17 16:20:00+00:00,1.001053360767379,0.0
2026-01-17 16:21:00+00:00,1.001053360767379,0.0
2026-01-17 16:22:00+00:00,1.001053360767379,-0.0
2026-01-17 16:23:00+00:00,1.001053360767379,0.0
2026-01-17 16:24:00+00:00,1.001053360767379,-0.0
2026-01-17 16:25:00+00:00,1.001053360767379,-0.0
2026-01-17 16:26:00+00:00,1.001053360767379,0.0
2026-01-17 16:27:00+00:00,1.001053360767379,0.0
2026-01-17 16:28:00+00:00,1.001053360767379,0.0
2026-01-17 16:29:00+00:00,1.001053360767379,0.0
2026-01-17 16:30:00+00:00,1.001053360767379,0.0
2026-01-17 16:31:00+00:00,1.001053360767379,0.0
2026-01-17 16:32:00+00:00,1.001053360767379,-0.0
2026-01-17 16:33:00+00:00,1.001053360767379,-0.0
2026-01-17 16:34:00+00:00,1.001053360767379,-0.0
2026-01-17 16:35:00+00:00,1.001053360767379,-0.0
2026-01-17 16:36:00+00:00,1.001053360767379,0.0
2026-01-17 16:37:00+00:00,1.001053360767379,-0.0
2026-01-17 16:38:00+00:00,1.001053360767379,-0.0
2026-01-17 16:39:00+00:00,1.001053360767379,0.0
2026-01-17 16:40:00+00:00,1.001053360767379,0.0
2026-01-17 16:41:00+00:00,1.001053360767379,0.0
2026-01-17 16:42:00+00:00,1.001053360767379,0.0
2026-01-17 16:43:00+00:00,1.001053360767379,0.0
2026-01-17 16:44:00+00:00,1.001053360767379,-0.0
2026-01-17 16:45:00+00:00,1.001053360767379,0.0
2026-01-17 16:46:00+00:00,1.001053360767379,-0.0
2026-01-17 16:47:00+00:00,1.001053360767379,0.0
2026-01-17 16:48:00+00:00,1.001053360767379,-0.0
2026-01-17 16:49:00+00:00,1.001053360767379,-0.0
2026-01-17 16:50:00+00:00,1.001053360767379,-0.0
2026-01-17 16:51:00+00:00,1.001053360767379,0.0
2026-01-17 16:52:00+00:00,1.001053360767379,0.0
2026-01-17 16:53:00+00:00,1.001053360767379,-0.0
2026-01-17 16:54:00+00:00,1.001053360767379,-0.0
2026-01-17 16:55:00+00:00,1.001053360767379,-0.0
2026-01-17 16:56:00+00:00,1.001053360767379,0.0
2026-01-17 16:57:00+00:00,1.001053360767379,0.0
2026-01-17 16:58:00+00:00,1.001053360767379,-0.0
2026-01-17 16:59:00+00:00,1.001053360767379,0.0
2026-01-17 17:00:00+00:00,1.001053360767379,-0.0
2026-01-17 17:01:00+00:00,1.001053360767379,0.0
2026-01-17 17:02:00+00:00,1.001053360767379,0.0
2026-01-17 17:03:00+00:00,1.001053360767379,0.0
2026-01-17 17:04:00+00:00,1.001053360767379,0.0
2026-01-17 17:05:00+00:00,1.001053360767379,-0.0
2026-01-17 17:06:00+00:00,1.001053360767379,0.0
2026-01-17 17:07:00+00:00,1.001053360767379,0.0
2026-01-17 17:08:00+00:00,1.001053360767379,-0.0
2026-01-17 17:09:00+00:00,1.001053360767379,0.0
2026-01-17 17:10:00+00:00,1.001053360767379,-0.0
2026-01-17 17:11:00+00:00,1.001053360767379,0.0
2026-01-17 17:12:00+00:00,1.001053360767379,-0.0
2026-01-17 17:13:00+00:00,1.001053360767379,-0.0
2026-01-17 17:14:00+00:00,1.001053360767379,0.0
2026-01-17 17:15:00+00:00,1.001053360767379,-0.0
2026-01-17 17:16:00+00:00,1.001053360767379,0.0
2026-01-17 17:17:00+00:00,1.001053360767379,-0.0
2026-01-17 17:18:00+00:00,1.001053360767379,-0.0
2026-01-17 17:19:00+00:00,1.001053360767379,0.0
2026-01-17 17:20:00+00:00,1.001053360767379,0.0
2026-01-17 17:21:00+00:00,1.001053360767379,0.0
2026-01-17 17:22:00+00:00,1.001053360767379,-0.0
2026-01-17 17:23:00+00:00,1.001053360767379,-0.0
2026-01-17 17:24:00+00:00,1.001053360767379,0.0
2026-01-17 17:25:00+00:00,1.001053360767379,0.0
2026-01-17 17:26:00+00:00,1.001053360767379,-0.0
2026-01-17 17:27:00+00:00,1.001053360767379,-0.0
2026-01-17 17:28:00+00:00,1.001053360767379,-0.0
2026-01-17 17:29:00+00:00,1.001053360767379,0.0
2026-01-17 17:30:00+00:00,1.001053360767379,0.0
2026-01-17 17:31:00+00:00,1.001053360767379,-0.0
2026-01-17 17:32:00+00:00,1.001053360767379,-0.0
2026-01-17 17:33:00+00:00,1.001053360767379,0.0
2026-01-17 17:34:00+00:00,1.001053360767379,-0.0
2026-01-17 17:35:00+00:00,1.001053360767379,0.0
2026-01-17 17:36:00+00:00,1.001053360767379,0.0
2026-01-17 17:37:00+00:00,1.001053360767379,-0.0
2026-01-17 17:38:00+00:00,1.001053360767379,0.0
2026-01-17 17:39:00+00:00,1.001053360767379,-0.0
2026-01-17 17:40:00+00:00,1.001053360767379,0.0
2026-01-17 17:41:00+00:00,1.001053360767379,-0.0
2026-01-17 17:42:00+00:00,1.001053360767379,-0.0
2026-01-17 17:43:00+00:00,1.001053360767379,0.0
2026-01-17 17:44:00+00:00,1.001053360767379,0.0
2026-01-17 17:45:00+00:00,1.001053360767379,-0.0
2026-01-17 17:46:00+00:00,1.001053360767379,-0.0
2026-01-17 17:47:00+00:00,1.001053360767379,0.0
2026-01-17 17:48:00+00:00,1.001053360767379,0.0
2026-01-17 17:49:00+00:00,1.001053360767379,-0.0
2026-01-17 17:50:00+00:00,1.001053360767379,0.0
2026-01-17 17:51:00+00:00,1.001053360767379,0.0
2026-01-17 17:52:00+00:00,1.001053360767379,-0.0
2026-01-17 17:53:00+00:00,1.001053360767379,0.0
2026-01-17 17:54:00+00:00,1.001053360767379,0.0
2026-01-17 17:55:00+00:00,1.001053360767379,-0.0
2026-01-17 17:56:00+00:00,1.001053360767379,0.0
2026-01-17 17:57:00+00:00,1.001053360767379,0.0
2026-01-17 17:58:00+00:00,1.001053360767379,-0.0
2026-01-17 17:59:00+00:00,1.001053360767379,0.0
2026-01-17 18:00:00+00:00,1.001053360767379,-0.0
2026-01-17 18:01:00+00:00,1.001053360767379,0.0
2026-01-17 18:02:00+00:00,1.001053360767379,0.0
2026-01-17 18:03:00+00:00,1.001053360767379,0.0
2026-01-17 18:04:00+00:00,1.001053360767379,0.0
2026-01-17 18:05:00+00:00,1.001053360767379,-0.0
2026-01-17 18:06:00+00:00,1.001053360767379,-0.0
2026-01-17 18:07:00+00:00,1.001053360767379,0.0
2026-01-17 18:08:00+00:00,1.001053360767379,0.0
2026-01-17 18:09:00+00:00,1.001053360767379,-0.0
2026-01-17 18:10:00+00:00,1.001053360767379,0.0
2026-01-17 18:11:00+00:00,1.001053360767379,-0.0
2026-01-17 18:12:00+00:00,1.001053360767379,-0.0
2026-01-17 18:13:00+00:00,1.001053360767379,-0.0
2026-01-17 18:14:00+00:00,1.001053360767379,0.0
2026-01-17 18:15:00+00:00,1.001053360767379,-0.0
2026-01-17 18:16:00+00:00,1.001053360767379,0.0
2026-01-17 18:17:00+00:00,1.001053360767379,-0.0
2026-01-17 18:18:00+00:00,1.001053360767379,-0.0
2026-01-17 18:19:00+00:00,1.001053360767379,-0.0
2026-01-17 18:20:00+00:00,1.001053360767379,0.0
2026-01-17 18:21:00+00:00,1.001053360767379,-0.0
2026-01-17 18:22:00+00:00,1.001053360767379,0.0
2026-01-17 18:23:00+00:00,1.001053360767379,0.0
2026-01-17 18:24:00+00:00,1.001053360767379,-0.0
2026-01-17 18:25:00+00:00,1.001053360767379,0.0
2026-01-17 18:26:00+00:00,1.001053360767379,-0.0
2026-01-17 18:27:00+00:00,1.001053360767379,0.0
2026-01-17 18:28:00+00:00,1.001053360767379,-0.0
2026-01-17 18:29:00+00:00,1.001053360767379,0.0
2026-01-17 18:30:00+00:00,1.001053360767379,-0.0
2026-01-17 18:31:00+00:00,1.001053360767379,-0.0
2026-01-17 18:32:00+00:00,1.001053360767379,0.0
2026-01-17 18:33:00+00:00,1.001053360767379,-0.0
2026-01-17 18:34:00+00:00,1.001053360767379,-0.0
2026-01-17 18:35:00+00:00,1.001053360767379,0.0
2026-01-17 18:36:00+00:00,1.001053360767379,-0.0
2026-01-17 18:37:00+00:00,1.001053360767379,-0.0
2026-01-17 18:38:00+00:00,1.001053360767379,-0.0
2026-01-17 18:39:00+00:00,1.001053360767379,0.0
2026-01-17 18:40:00+00:00,1.001053360767379,-0.0
2026-01-17 18:41:00+00:00,1.001053360767379,-0.0
2026-01-17 18:42:00+00:00,1.001053360767379,0.0
2026-01-17 18:43:00+00:00,1.001053360767379,-0.0
2026-01-17 18:44:00+00:00,1.001053360767379,-0.0
2026-01-17 18:45:00+00:00,1.001053360767379,-0.0
2026-01-17 18:46:00+00:00,1.001053360767379,-0.0
2026-01-17 18:47:00+00:00,1.001053360767379,-0.0
2026-01-17 18:48:00+00:00,1.001053360767379,-0.0
2026-01-17 18:49:00+00:00,1.001053360767379,0.0
2026-01-17 18:50:00+00:00,1.001053360767379,-0.0
2026-01-17 18:51:00+00:00,1.001053360767379,-0.0
2026-01-17 18:52:00+00:00,1.001053360767379,-0.0
2026-01-17 18:53:00+00:00,1.001053360767379,-0.0
2026-01-17 18:54:00+00:00,1.001053360767379,0.0
2026-01-17 18:55:00+00:00,1.001053360767379,-0.0
2026-01-17 18:56:00+00:00,1.001053360767379,-0.0
2026-01-17 18:57:00+00:00,1.001053360767379,0.0
2026-01-17 18:58:00+00:00,1.001053360767379,0.0
2026-01-17 18:59:00+00:00,1.001053360767379,-0.0
2026-01-17 19:00:00+00:00,1.001053360767379,-0.0
2026-01-17 19:01:00+00:00,1.001053360767379,-0.0
2026-01-17 19:02:00+00:00,1.001053360767379,-0.0
2026-01-17 19:03:00+00:00,1.001053360767379,0.0
2026-01-17 19:04:00+00:00,1.001053360767379,0.0
2026-01-17 19:05:00+00:00,1.001053360767379,-0.0
2026-01-17 19:06:00+00:00,1.001053360767379,0.0
2026-01-17 19:07:00+00:00,1.001053360767379,-0.0
2026-01-17 19:08:00+00:00,1.001053360767379,0.0
2026-01-17 19:09:00+00:00,1.001053360767379,0.0
2026-01-17 19:10:00+00:00,1.001053360767379,0.0
2026-01-17 19:11:00+00:00,1.001053360767379,-0.0
2026-01-17 19:12:00+00:00,1.001053360767379,-0.0
2026-01-17 19:13:00+00:00,1.001053360767379,-0.0
2026-01-17 19:14:00+00:00,1.001053360767379,0.0
2026-01-17 19:15:00+00:00,1.001053360767379,-0.0
2026-01-17 19:16:00+00:00,1.001053360767379,0.0
2026-01-17 19:17:00+00:00,1.001053360767379,-0.0
2026-01-17 19:18:00+00:00,1.001053360767379,0.0
2026-01-17 19:19:00+00:00,1.001053360767379,-0.0
2026-01-17 19:20:00+00:00,1.001053360767379,-0.0
2026-01-17 19:21:00+00:00,1.001053360767379,0.0
2026-01-17 19:22:00+00:00,1.001053360767379,0.0
2026-01-17 19:23:00+00:00,1.001053360767379,-0.0
2026-01-17 19:24:00+00:00,1.001053360767379,0.0
2026-01-17 19:25:00+00:00,1.001053360767379,0.0
2026-01-17 19:26:00+00:00,1.001053360767379,-0.0
2026-01-17 19:27:00+00:00,1.001053360767379,-0.0
2026-01-17 19:28:00+00:00,1.001053360767379,-0.0
2026-01-17 19:29:00+00:00,1.001053360767379,0.0
2026-01-17 19:30:00+00:00,1.001053360767379,0.0
2026-01-17 19:31:00+00:00,1.001053360767379,0.0
2026-01-17 19:32:00+00:00,1.001053360767379,-0.0
2026-01-17 19:33:00+00:00,1.001053360767379,0.0
2026-01-17 19:34:00+00:00,1.001053360767379,0.0
2026-01-17 19:35:00+00:00,1.001053360767379,-0.0
2026-01-17 19:36:00+00:00,1.001053360767379,-0.0
2026-01-17 19:37:00+00:00,1.001053360767379,0.0
2026-01-17 19:38:00+00:00,1.001053360767379,-0.0
2026-01-17 19:39:00+00:00,1.001053360767379,-0.0
2026-01-17 19:40:00+00:00,1.001053360767379,-0.0
2026-01-17 19:41:00+00:00,1.001053360767379,0.0
2026-01-17 19:42:00+00:00,1.001053360767379,-0.0
2026-01-17 19:43:00+00:00,1.001053360767379,-0.0
2026-01-17 19:44:00+00:00,1.001053360767379,0.0
2026-01-17 19:45:00+00:00,1.001053360767379,-0.0
2026-01-17 19:46:00+00:00,1.001053360767379,0.0
2026-01-17 19:47:00+00:00,1.001053360767379,0.0
2026-01-17 19:48:00+00:00,1.001053360767379,0.0
2026-01-17 19:49:00+00:00,1.001053360767379,0.0
2026-01-17 19:50:00+00:00,1.001053360767379,0.0
2026-01-17 19:51:00+00:00,1.001053360767379,-0.0
2026-01-17 19:52:00+00:00,1.001053360767379,0.0
2026-01-17 19:53:00+00:00,1.001053360767379,0.0
2026-01-17 19:54:00+00:00,1.001053360767379,-0.0
2026-01-17 19:55:00+00:00,1.001053360767379,-0.0
2026-01-17 19:56:00+00:00,1.001053360767379,0.0
2026-01-17 19:57:00+00:00,1.001053360767379,-0.0
2026-01-17 19:58:00+00:00,1.001053360767379,-0.0
2026-01-17 19:59:00+00:00,1.001053360767379,0.0
2026-01-17 20:00:00+00:00,1.001053360767379,0.0
2026-01-17 20:01:00+00:00,1.001053360767379,0.0
2026-01-17 20:02:00+00:00,1.001053360767379,-0.0
2026-01-17 20:03:00+00:00,1.001053360767379,-0.0
2026-01-17 20:04:00+00:00,1.001053360767379,0.0
2026-01-17 20:05:00+00:00,1.001053360767379,0.0
2026-01-17 20:06:00+00:00,1.001053360767379,-0.0
2026-01-17 20:07:00+00:00,1.001053360767379,0.0
2026-01-17 20:08:00+00:00,1.001053360767379,0.0
2026-01-17 20:09:00+00:00,1.001053360767379,-0.0
2026-01-17 20:10:00+00:00,1.001053360767379,-0.0
2026-01-17 20:11:00+00:00,1.001053360767379,-0.0
2026-01-17 20:12:00+00:00,1.001053360767379,0.0
2026-01-17 20:13:00+00:00,1.001053360767379,-0.0
2026-01-17 20:14:00+00:00,1.001053360767379,0.0
2026-01-17 20:15:00+00:00,1.001053360767379,0.0
2026-01-17 20:16:00+00:00,1.001053360767379,-0.0
2026-01-17 20:17:00+00:00,1.001053360767379,-0.0
2026-01-17 20:18:00+00:00,1.001053360767379,0.0
2026-01-17 20:19:00+00:00,1.001053360767379,-0.0
2026-01-17 20:20:00+00:00,1.001053360767379,0.0
2026-01-17 20:21:00+00:00,1.001053360767379,-0.0
2026-01-17 20:22:00+00:00,1.001053360767379,0.0
2026-01-17 20:23:00+00:00,1.001053360767379,0.0
2026-01-17 20:24:00+00:00,1.001053360767379,0.0
2026-01-17 20:25:00+00:00,1.001053360767379,0.0
2026-01-17 20:26:00+00:00,1.001053360767379,-0.0
2026-01-17 20:27:00+00:00,1.001053360767379,-0.0
2026-01-17 20:28:00+00:00,1.001053360767379,0.0
2026-01-17 20:29:00+00:00,1.001053360767379,-0.0
2026-01-17 20:30:00+00:00,1.001053360767379,-0.0
2026-01-17 20:31:00+00:00,1.001053360767379,0.0
2026-01-17 20:32:00+00:00,1.001053360767379,-0.0
2026-01-17 20:33:00+00:00,1.001053360767379,0.0
2026-01-17 20:34:00+00:00,1.001053360767379,0.0
2026-01-17 20:35:00+00:00,1.001053360767379,0.0
2026-01-17 20:36:00+00:00,1.001053360767379,-0.0
2026-01-17 20:37:00+00:00,1.001053360767379,-0.0
2026-01-17 20:38:00+00:00,1.001053360767379,0.0
2026-01-17 20:39:00+00:00,1.001053360767379,0.0
2026-01-17 20:40:00+00:00,1.001053360767379,-0.0
2026-01-17 20:41:00+00:00,1.001053360767379,0.0
2026-01-17 20:42:00+00:00,1.001053360767379,0.0
2026-01-17 20:43:00+00:00,1.001053360767379,-0.0
2026-01-17 20:44:00+00:00,1.001053360767379,0.0
2026-01-17 20:45:00+00:00,1.001053360767379,0.0
2026-01-17 20:46:00+00:00,1.001053360767379,-0.0
2026-01-17 20:47:00+00:00,1.001053360767379,0.0
2026-01-17 20:48:00+00:00,1.001053360767379,0.0
2026-01-17 20:49:00+00:00,1.001053360767379,0.0
2026-01-17 20:50:00+00:00,1.001053360767379,-0.0
2026-01-17 20:51:00+00:00,1.001053360767379,0.0
2026-01-17 20:52:00+00:00,1.001053360767379,-0.0
2026-01-17 20:53:00+00:00,1.001053360767379,-0.0
2026-01-17 20:54:00+00:00,1.001053360767379,0.0
2026-01-17 20:55:00+00:00,1.001053360767379,-0.0
2026-01-17 20:56:00+00:00,1.001053360767379,0.0
2026-01-17 20:57:00+00:00,1.001053360767379,-0.0
2026-01-17 20:58:00+00:00,1.001053360767379,0.0
2026-01-17 20:59:00+00:00,1.001053360767379,-0.0
2026-01-17 21:00:00+00:00,1.001053360767379,0.0
2026-01-17 21:01:00+00:00,1.001053360767379,-0.0
2026-01-17 21:02:00+00:00,1.001053360767379,0.0
2026-01-17 21:03:00+00:00,1.001053360767379,-0.0
2026-01-17 21:04:00+00:00,1.001053360767379,0.0
2026-01-17 21:05:00+00:00,1.001053360767379,-0.0
2026-01-17 21:06:00+00:00,1.001053360767379,0.0
2026-01-17 21:07:00+00:00,1.001053360767379,-0.0
2026-01-17 21:08:00+00:00,1.001053360767379,0.0
2026-01-17 21:09:00+00:00,1.001053360767379,-0.0
2026-01-17 21:10:00+00:00,1.001053360767379,-0.0
2026-01-17 21:11:00+00:00,1.001053360767379,-0.0
2026-01-17 21:12:00+00:00,1.001053360767379,0.0
2026-01-17 21:13:00+00:00,1.001053360767379,-0.0
2026-01-17 21:14:00+00:00,1.001053360767379,-0.0
2026-01-17 21:15:00+00:00,1.001053360767379,0.0
2026-01-17 21:16:00+00:00,1.001053360767379,0.0
2026-01-17 21:17:00+00:00,1.001053360767379,0.0
2026-01-17 21:18:00+00:00,1.001053360767379,-0.0
2026-01-17 21:19:00+00:00,1.001053360767379,-0.0
2026-01-17 21:20:00+00:00,1.001053360767379,-0.0
2026-01-17 21:21:00+00:00,1.001053360767379,-0.0
2026-01-17 21:22:00+00:00,1.001053360767379,0.0
2026-01-17 21:23:00+00:00,1.001053360767379,0.0
2026-01-17 21:24:00+00:00,1.001053360767379,0.0
2026-01-17 21:25:00+00:00,1.001053360767379,0.0
2026-01-17 21:26:00+00:00,1.001053360767379,-0.0
2026-01-17 21:27:00+00:00,1.001053360767379,0.0
2026-01-17 21:28:00+00:00,1.001053360767379,-0.0
2026-01-17 21:29:00+00:00,1.001053360767379,0.0
2026-01-17 21:30:00+00:00,1.001053360767379,-0.0
2026-01-17 21:31:00+00:00,1.001053360767379,0.0
2026-01-17 21:32:00+00:00,1.001053360767379,-0.0
2026-01-17 21:33:00+00:00,1.001053360767379,0.0
2026-01-17 21:34:00+00:00,1.001053360767379,0.0
2026-01-17 21:35:00+00:00,1.001053360767379,0.0
2026-01-17 21:36:00+00:00,1.001053360767379,-0.0
2026-01-17 21:37:00+00:00,1.001053360767379,0.0
2026-01-17 21:38:00+00:00,1.001053360767379,-0.0
2026-01-17 21:39:00+00:00,1.001053360767379,-0.0
2026-01-17 21:40:00+00:00,1.001053360767379,-0.0
2026-01-17 21:41:00+00:00,1.001053360767379,0.0
2026-01-17 21:42:00+00:00,1.001053360767379,-0.0
2026-01-17 21:43:00+00:00,1.001053360767379,-0.0
2026-01-17 21:44:00+00:00,1.001053360767379,0.0
2026-01-17 21:45:00+00:00,1.001053360767379,-0.0
2026-01-17 21:46:00+00:00,1.001053360767379,0.0
2026-01-17 21:47:00+00:00,1.001053360767379,-0.0
2026-01-17 21:48:00+00:00,1.001053360767379,-0.0
2026-01-17 21:49:00+00:00,1.001053360767379,0.0
2026-01-17 21:50:00+00:00,1.001053360767379,0.0
2026-01-17 21:51:00+00:00,1.001053360767379,-0.0
2026-01-17 21:52:00+00:00,1.001053360767379,-0.0
2026-01-17 21:53:00+00:00,1.001053360767379,-0.0
2026-01-17 21:54:00+00:00,1.001053360767379,0.0
2026-01-17 21:55:00+00:00,1.001053360767379,0.0
2026-01-17 21:56:00+00:00,1.001053360767379,0.0
2026-01-17 21:57:00+00:00,1.001053360767379,0.0
2026-01-17 21:58:00+00:00,1.001053360767379,-0.0
2026-01-17 21:59:00+00:00,1.001053360767379,0.0
2026-01-17 22:00:00+00:00,1.001053360767379,-0.0
2026-01-17 22:01:00+00:00,1.001053360767379,0.0
2026-01-17 22:02:00+00:00,1.001053360767379,-0.0
2026-01-17 22:03:00+00:00,1.001053360767379,-0.0
2026-01-17 22:04:00+00:00,1.001053360767379,0.0
2026-01-17 22:05:00+00:00,1.001053360767379,0.0
2026-01-17 22:06:00+00:00,1.001053360767379,-0.0
2026-01-17 22:07:00+00:00,1.001053360767379,-0.0
2026-01-17 22:08:00+00:00,1.001053360767379,0.0
2026-01-17 22:09:00+00:00,1.001053360767379,-0.0
2026-01-17 22:10:00+00:00,1.001053360767379,0.0
2026-01-17 22:11:00+00:00,1.001053360767379,0.0
2026-01-17 22:12:00+00:00,1.001053360767379,-0.0
2026-01-17 22:13:00+00:00,1.0010383449669675,-1.5000000000000004e-05
2026-01-17 22:14:00+00:00,1.0010296287511695,-8.707174746913955e-06
2026-01-17 22:15:00+00:00,1.0010349005306935,5.266357131221967e-06
2026-01-17 22:16:00+00:00,1.0010574002634656,2.247647185929872e-05
2026-01-17 22:17:00+00:00,1.0010788620482907,2.143911509918748e-05
2026-01-17 22:18:00+00:00,1.0010600031671246,-1.883855696190292e-05
2026-01-17 22:19:00+00:00,1.001053039678775,-6.95611484595324e-06
2026-01-17 22:20:00+00:00,1.0010527470522057,-2.9231874588813703e-07
2026-01-17 22:21:00+00:00,1.0010525493238922,-1.9752037453067143e-07
2026-01-17 22:22:00+00:00,1.001062356098216,9.796463063135961e-06
2026-01-17 22:23:00+00:00,1.0010638113793746,1.4537367725393113e-06
2026-01-17 22:24:00+00:00,1.0010393276421699,-2.4457718805193203e-05
2026-01-17 22:25:00+00:00,1.001035832087818,-3.491925097395997e-06
2026-01-17 22:26:00+00:00,1.0010038189207804,-3.1980041085078375e-05
2026-01-17 22:27:00+00:00,1.001038226307333,3.4372882402832066e-05
2026-01-17 22:28:00+00:00,1.0010335672274697,-4.654247700871306e-06
2026-01-17 22:29:00+00:00,1.0010314806198508,-2.084453196421065e-06
2026-01-17 22:30:00+00:00,1.0010489273837453,1.7428786439018606e-05
2026-01-17 22:31:00+00:00,1.0010097689510935,-3.911740133840483e-05
2026-01-17 22:32:00+00:00,1.0010246406462555,1.4856693334476953e-05
2026-01-17 22:33:00+00:00,1.0010265071303752,1.8645736018424805e-06
2026-01-17 22:34:00+00:00,1.0010369477338505,1.0429897111509238e-05
2026-01-17 22:35:00+00:00,1.0010363363583286,-6.107422142097823e-07
2026-01-17 22:36:00+00:00,1.0010481773451054,1.1828728235794788e-05
2026-01-17 22:37:00+00:00,1.0010467144470403,-1.4613662941554382e-06
2026-01-17 22:38:00+00:00,1.0010294828920296,-1.7213537352463936e-05
2026-01-17 22:39:00+00:00,1.0010099554111913,-1.9507398305525255e-05
2026-01-17 22:40:00+00:00,1.0009930013887838,-1.6936916876613554e-05
2026-01-17 22:41:00+00:00,1.0010452687351004,5.221549625638811e-05
2026-01-17 22:42:00+00:00,1.0010422939008696,-2.9717279765082152e-06
2026-01-17 22:43:00+00:00,1.001038618214486,-3.6718592273602257e-06
2026-01-17 22:44:00+00:00,1.0010313674002023,-7.243291269373673e-06
2026-01-17 22:45:00+00:00,1.001011388599312,-1.995821663640276e-05
2026-01-17 22:46:00+00:00,1.0009941743662483,-1.7196840375266886e-05
2026-01-17 22:47:00+00:00,1.00098160124515,-1.2560633638161897e-05
2026-01-17 22:48:00+00:00,1.0010244134573096,4.277022884960573e-05
2026-01-17 22:49:00+00:00,1.0010207467762287,-3.6629287275726144e-06
2026-01-17 22:50:00+00:00,1.0010259856874817,5.233569104406346e-06
2026-01-17 22:51:00+00:00,1.001033501746473,7.5083555262407986e-06
2026-01-17 22:52:00+00:00,1.0010404145609935,6.905677490607905e-06
2026-01-17 22:53:00+00:00,1.0010153256864316,-2.5062798861004476e-05
2026-01-17 22:54:00+00:00,1.001024055489392,8.720948357588636e-06
2026-01-17 22:55:00+00:00,1.0010523063751335,2.8221984862816744e-05
2026-01-17 22:56:00+00:00,1.0010837909450871,3.145147336760919e-05
2026-01-17 22:57:00+00:00,1.001074495014606,-9.285866543062208e-06
2026-01-17 22:58:00+00:00,1.0010468029036288,-2.766238787932931e-05
2026-01-17 22:59:00+00:00,1.0010656251882026,1.8802601955417746e-05
2026-01-17 23:00:00+00:00,1.001066307151164,6.812370181126709e-07
2026-01-17 23:01:00+00:00,1.001049453266917,-1.6835931972546293e-05
2026-01-17 23:02:00+00:00,1.0010504540105798,9.996945299757596e-07
2026-01-17 23:03:00+00:00,1.0010567816558318,6.321005326447729e-06
2026-01-17 23:04:00+00:00,1.0010508502205384,-5.925173678429012e-06
2026-01-17 23:05:00+00:00,1.0010457596571427,-5.085219591684879e-06
2026-01-17 23:06:00+00:00,1.0010467184246423,9.577659064988452e-07
2026-01-17 23:07:00+00:00,1.001066872973681,2.0133474959537244e-05
2026-01-17 23:08:00+00:00,1.0010771093384097,1.0225455466625959e-05
2026-01-17 23:09:00+00:00,1.0010538750869515,-2.320925255545567e-05
2026-01-17 23:10:00+00:00,1.0010640932578685,1.0207413578185922e-05
2026-01-17 23:11:00+00:00,1.001046353087436,-1.7721313302505177e-05
2026-01-17 23:12:00+00:00,1.0010462780609044,-7.494810951031867e-08
2026-01-17 23:13:00+00:00,1.0010461490870508,-1.2883905220608665e-07
2026-01-17 23:14:00+00:00,1.0010286981736982,-1.7432676174244097e-05
2026-01-17 23:15:00+00:00,1.0010471256405404,1.840853002095975e-05
2026-01-17 23:16:00+00:00,1.0010345685711912,-1.2543934273945905e-05
2026-01-17 23:17:00+00:00,1.0010457274199351,1.114731608104507e-05
2026-01-17 23:18:00+00:00,1.0010456627018682,-6.465046020924604e-08
2026-01-17 23:19:00+00:00,1.001043313688623,-2.3465595356086994e-06
2026-01-17 23:20:00+00:00,1.0010380968601846,-5.211391322352207e-06
2026-01-17 23:21:00+00:00,1.0010321331376137,-5.957538069364325e-06
2026-01-17 23:22:00+00:00,1.0010230723269098,-9.051468383647053e-06
2026-01-17 23:23:00+00:00,1.0010219188148926,-1.1523330971548798e-06
2026-01-17 23:24:00+00:00,1.0010294749509498,7.548422182538809e-06
2026-01-17 23:25:00+00:00,1.001054590886822,2.509010623608109e-05
2026-01-17 23:26:00+00:00,1.001038919365633,-1.5655011556573015e-05
2026-01-17 23:27:00+00:00,1.001043353515017,4.42954744134779e-06
2026-01-17 23:28:00+00:00,1.0010003156668745,-4.29929912538748e-05
2026-01-17 23:29:00+00:00,1.001026681325709,2.6339311208870604e-05
2026-01-17 23:30:00+00:00,1.000995249465538,-3.139962276443405e-05
2026-01-17 23:31:00+00:00,1.001004302222837,9.04375650511584e-06
2026-01-17 23:32:00+00:00,1.0010371591825058,3.282399445834402e-05
2026-01-17 23:33:00+00:00,1.0010405715190949,3.4088011196820697e-06
2026-01-17 23:34:00+00:00,1.0010367743982187,-3.793173807469368e-06
2026-01-17 23:35:00+00:00,1.0010504130242464,1.36245004941556e-05
2026-01-17 23:36:00+00:00,1.0010576813748733,7.260723867983284e-06
2026-01-17 23:37:00+00:00,1.0010147982764346,-4.283778970638769e-05
2026-01-17 23:38:00+00:00,1.0010237188866313,8.911566754154326e-06
2026-01-17 23:39:00+00:00,1.00100223470867,-2.146220669503898e-05
2026-01-17 23:40:00+00:00,1.000989829079271,-1.2393208495305618e-05
2026-01-17 23:41:00+00:00,1.0010133335011162,2.3481179490974656e-05
2026-01-17 23:42:00+00:00,1.001027198857216,1.3851320093090817e-05
2026-01-17 23:43:00+00:00,1.001027945367254,7.457440105170767e-07
2026-01-17 23:44:00+00:00,1.0010130070035301,-1.4923023670749711e-05
2026-01-17 23:45:00+00:00,1.0010125670957997,-4.3946255188288153e-07
2026-01-17 23:46:00+00:00,1.001003432464807,-9.125390922263127e-06
2026-01-17 23:47:00+00:00,1.0010270190193893,2.3562910792680332e-05
2026-01-17 23:48:00+00:00,1.001010727993746,-1.6274311615758808e-05
2026-01-17 23:49:00+00:00,1.0010141005387256,3.3691396959223055e-06
2026-01-17 23:50:00+00:00,1.0010035197649352,-1.0570054692323945e-05
2026-01-17 23:51:00+00:00,1.0010038870709712,3.6693780652508166e-07
2026-01-17 23:52:00+00:00,1.0010267488116529,2.2838813092437266e-05
2026-01-17 23:53:00+00:00,1.0010162399233318,-1.049810939975402e-05
2026-01-17 23:54:00+00:00,1.0010070437704948,-9.18681682693869e-06
2026-01-17 23:55:00+00:00,1.0010098764095563,2.8297893398217193e-06
2026-01-17 23:56:00+00:00,1.0010288857511345,1.8990163859536846e-05
2026-01-17 23:57:00+00:00,1.0010119662807888,-1.6902080036325893e-05
2026-01-17 23:58:00+00:00,1.00101552088711,3.5510128159304292e-06
2026-01-17 23:59:00+00:00,1.0010094466115962,-6.0681132182693834e-06
2026-01-18 00:00:00+00:00,1.0010228054517245,1.3345368690928372e-05
2026-01-18 00:01:00+00:00,1.0010223407572445,-4.6421967361696105e-07
2026-01-18 00:02:00+00:00,1.0010081635535024,-1.416272461146707e-05
2026-01-18 00:03:00+00:00,1.000995169891528,-1.2980575431411897e-05
2026-01-18 00:04:00+00:00,1.0009989696396362,3.795970472727609e-06
2026-01-18 00:05:00+00:00,1.0010446102657529,4.55950780180676e-05
2026-01-18 00:06:00+00:00,1.001054384304773,9.763839613119975e-06
2026-01-18 00:07:00+00:00,1.0010249718645203,-2.938146090135568e-05
2026-01-18 00:08:00+00:00,1.0010324136806426,7.43419628017736e-06
2026-01-18 00:09:00+00:00,1.0010477182148705,1.5288749913399028e-05
2026-01-18 00:10:00+00:00,1.0010504938632807,2.7727433563859458e-06
2026-01-18 00:11:00+00:00,1.0010448020285274,-5.685861790371982e-06
2026-01-18 00:12:00+00:00,1.0010305715447736,-1.4215631233374189e-05
2026-01-18 00:13:00+00:00,1.001030100912911,-4.7014734214707113e-07
2026-01-18 00:14:00+00:00,1.0010305594033622,4.580186456550924e-07
2026-01-18 00:15:00+00:00,1.0010339193090758,3.3564466960083604e-06
2026-01-18 00:16:00+00:00,1.0010638413922257,2.9891178083653153e-05
2026-01-18 00:17:00+00:00,1.0010612974105875,-2.5412781214023795e-06
2026-01-18 00:18:00+00:00,1.0010501507780243,-1.1134815212483126e-05
2026-01-18 00:19:00+00:00,1.0010635829285266,1.3418059516671433e-05
2026-01-18 00:20:00+00:00,1.0010831445982968,1.9540886417061255e-05
2026-01-18 00:21:00+00:00,1.001035528912327,-4.7564167099169456e-05
2026-01-18 00:22:00+00:00,1.0010392343069983,3.7015615972754286e-06
2026-01-18 00:23:00+00:00,1.0010338880892682,-5.340667525197552e-06
2026-01-18 00:24:00+00:00,1.0010403508853192,6.456121144244531e-06
2026-01-18 00:25:00+00:00,1.0010405736191297,2.225023300569652e-07
2026-01-18 00:26:00+00:00,1.0010616473795435,2.105185440947946e-05
2026-01-18 00:27:00+00:00,1.0010367793511026,-2.4841655362606937e-05
2026-01-18 00:28:00+00:00,1.0010619841217707,2.517866594713408e-05
2026-01-18 00:29:00+00:00,1.001025404594678,-3.6540721426730325e-05
2026-01-18 00:30:00+00:00,1.001035616252849,1.0201197815926108e-05
2026-01-18 00:31:00+00:00,1.0010370129016037,1.395203858920928e-06
2026-01-18 00:32:00+00:00,1.0010415909158674,4.573271721920935e-06
2026-01-18 00:33:00+00:00,1.001031859798929,-9.72099164198301e-06
2026-01-18 00:34:00+00:00,1.0010320482644572,1.8827125888074916e-07
2026-01-18 00:35:00+00:00,1.0010344481192102,2.39738054051124e-06
2026-01-18 00:36:00+00:00,1.0010572905845239,2.2818860386653105e-05
2026-01-18 00:37:00+00:00,1.0010377332145866,-1.9536713953471312e-05
2026-01-18 00:38:00+00:00,1.0010517098046186,1.3962101095884024e-05
2026-01-18 00:39:00+00:00,1.0010331560174137,-1.8534294505614187e-05
2026-01-18 00:40:00+00:00,1.0010321254761883,-1.0294776144247849e-06
2026-01-18 00:41:00+00:00,1.0010368440358022,4.713694489894971e-06
2026-01-18 00:42:00+00:00,1.0010380037628934,1.15852588046926e-06
2026-01-18 00:43:00+00:00,1.0010527342026565,1.4715165365930351e-05
2026-01-18 00:44:00+00:00,1.001038157046456,-1.4561826467790037e-05
2026-01-18 00:45:00+00:00,1.0010329692568747,-5.182409426386882e-06
2026-01-18 00:46:00+00:00,1.0010393963569097,6.420467889130024e-06
2026-01-18 00:47:00+00:00,1.0010374698409712,-1.9245156040888256e-06
2026-01-18 00:48:00+00:00,1.0010196173446055,-1.7833994134546453e-05
2026-01-18 00:49:00+00:00,1.0010486010026163,2.895413587156919e-05
2026-01-18 00:50:00+00:00,1.0010263426239587,-2.2235062948210568e-05
2026-01-18 00:51:00+00:00,1.001045480900582,1.911865433356356e-05
2026-01-18 00:52:00+00:00,1.001023527546716,-2.1930426024323168e-05
2026-01-18 00:53:00+00:00,1.0010301358000948,6.601496565217607e-06
2026-01-18 00:54:00+00:00,1.0010306982818402,5.619029091727634e-07
2026-01-18 00:55:00+00:00,1.0010455046613322,1.4791134295343276e-05
2026-01-18 00:56:00+00:00,1.001038145228703,-7.351746344306828e-06
2026-01-18 00:57:00+00:00,1.001033979022586,-4.161885475510874e-06
2026-01-18 00:58:00+00:00,1.001031879313121,-2.0975406519701234e-06
2026-01-18 00:59:00+00:00,1.001039220685791,7.333805068404845e-06
2026-01-18 01:00:00+00:00,1.0010147082431209,-2.448699527798394e-05
2026-01-18 01:01:00+00:00,1.001019995199963,5.281597561463134e-06
2026-01-18 01:02:00+00:00,1.0010259112383937,5.910010248457881e-06
2026-01-18 01:03:00+00:00,1.0009951782060094,-3.070153533413086e-05
2026-01-18 01:04:00+00:00,1.0010061456829384,1.095657318637926e-05
2026-01-18 01:05:00+00:00,1.000979248406512,-2.687024104940762e-05
2026-01-18 01:06:00+00:00,1.0010068246143309,2.7549230278962755e-05
2026-01-18 01:07:00+00:00,1.0009632704984752,-4.3510308606057696e-05
2026-01-18 01:08:00+00:00,1.0009574981693656,-5.766774146201295e-06
2026-01-18 01:09:00+00:00,1.0009113542254744,-4.6099803413849067e-05
2026-01-18 01:10:00+00:00,1.0009084432303876,-2.908344554587235e-06
2026-01-18 01:11:00+00:00,1.0008989417548604,-9.492851810156161e-06
2026-01-18 01:12:00+00:00,1.0009044079426823,5.461278450907627e-06
2026-01-18 01:13:00+00:00,1.0009671825371984,6.271787197461299e-05
2026-01-18 01:14:00+00:00,1.0009413852154472,-2.577239514068805e-05
2026-01-18 01:15:00+00:00,1.000916605408771,-2.475650127186025e-05
2026-01-18 01:16:00+00:00,1.0009552615645085,3.862075574394065e-05
2026-01-18 01:17:00+00:00,1.0009558051921885,5.431088688885588e-07
2026-01-18 01:18:00+00:00,1.0009592085945045,3.4001524327338083e-06
2026-01-18 01:19:00+00:00,1.0009635158013326,4.303079277486122e-06
2026-01-18 01:20:00+00:00,1.000968139474983,4.619222956153862e-06
2026-01-18 01:21:00+00:00,1.0009540967879231,-1.402910492950919e-05
2026-01-18 01:22:00+00:00,1.000993042120186,3.890821006463151e-05
2026-01-18 01:23:00+00:00,1.0009793439102341,-1.3684620547210229e-05
2026-01-18 01:24:00+00:00,1.0009633301058019,-1.5998136754567534e-05
2026-01-18 01:25:00+00:00,1.0009715578638219,8.21983960090437e-06
2026-01-18 01:26:00+00:00,1.0009765310544616,4.968363586890845e-06
2026-01-18 01:27:00+00:00,1.0009775094760798,9.774670913196346e-07
2026-01-18 01:28:00+00:00,1.0009786112574106,1.1007053808282942e-06
2026-01-18 01:29:00+00:00,1.001009410952881,3.076958400924798e-05
2026-01-18 01:30:00+00:00,1.00100397929898,-5.426176658841737e-06
2026-01-18 01:31:00+00:00,1.001009175723429,5.191212578994334e-06
2026-01-18 01:32:00+00:00,1.001010558599322,1.3814817352826616e-06
2026-01-18 01:33:00+00:00,1.000985699886473,-2.483361702383923e-05
2026-01-18 01:34:00+00:00,1.0009956450885982,9.93540879396639e-06
2026-01-18 01:35:00+00:00,1.0009970602780516,1.4137818283900213e-06
2026-01-18 01:36:00+00:00,1.001013525209003,1.6448530774651284e-05
2026-01-18 01:37:00+00:00,1.0010302929503396,1.675076401505094e-05
2026-01-18 01:38:00+00:00,1.000988127277375,-4.212227468187243e-05
2026-01-18 01:39:00+00:00,1.0009894214538197,1.2928988958340745e-06
2026-01-18 01:40:00+00:00,1.0010159257880522,2.64781361965595e-05
2026-01-18 01:41:00+00:00,1.0010204335598238,4.5031968579234585e-06
2026-01-18 01:42:00+00:00,1.0010232291269583,2.792717351942714e-06
2026-01-18 01:43:00+00:00,1.0010050287768122,-1.8181746054068873e-05
2026-01-18 01:44:00+00:00,1.0010321119668424,2.7055997973608928e-05
2026-01-18 01:45:00+00:00,1.0010613795066063,2.9237363531069215e-05
2026-01-18 01:46:00+00:00,1.0010273525575852,-3.399087180648476e-05
2026-01-18 01:47:00+00:00,1.0010291048998952,1.7505438843338224e-06
2026-01-18 01:48:00+00:00,1.0010464919341675,1.736915958503118e-05
2026-01-18 01:49:00+00:00,1.001048360849767,1.8669618389246478e-06
2026-01-18 01:50:00+00:00,1.00106250646467,1.4130800724947372e-05
2026-01-18 01:51:00+00:00,1.0010568797116577,-5.620780896436512e-06
2026-01-18 01:52:00+00:00,1.0010568797116577,-0.0
2026-01-18 01:53:00+00:00,1.0010568797116577,0.0
2026-01-18 01:54:00+00:00,1.0010568797116577,0.0
2026-01-18 01:55:00+00:00,1.0010568797116577,-0.0
2026-01-18 01:56:00+00:00,1.0010568797116577,-0.0
2026-01-18 01:57:00+00:00,1.0010568797116577,0.0
2026-01-18 01:58:00+00:00,1.0010568797116577,0.0
2026-01-18 01:59:00+00:00,1.0010568797116577,-0.0
2026-01-18 02:00:00+00:00,1.0010568797116577,0.0
2026-01-18 02:01:00+00:00,1.0010568797116577,-0.0
2026-01-18 02:02:00+00:00,1.0010568797116577,0.0
2026-01-18 02:03:00+00:00,1.0010568797116577,0.0
2026-01-18 02:04:00+00:00,1.0010568797116577,-0.0
2026-01-18 02:05:00+00:00,1.0010568797116577,0.0
2026-01-18 02:06:00+00:00,1.0010568797116577,-0.0
2026-01-18 02:07:00+00:00,1.0010568797116577,0.0
2026-01-18 02:08:00+00:00,1.0010568797116577,-0.0
2026-01-18 02:09:00+00:00,1.0010568797116577,0.0
2026-01-18 02:10:00+00:00,1.0010568797116577,-0.0
2026-01-18 02:11:00+00:00,1.0010568797116577,0.0
2026-01-18 02:12:00+00:00,1.0010568797116577,0.0
2026-01-18 02:13:00+00:00,1.0010568797116577,0.0
2026-01-18 02:14:00+00:00,1.0010568797116577,-0.0
2026-01-18 02:15:00+00:00,1.0010568797116577,0.0
2026-01-18 02:16:00+00:00,1.0010568797116577,0.0
2026-01-18 02:17:00+00:00,1.0010568797116577,-0.0
2026-01-18 02:18:00+00:00,1.0010568797116577,-0.0
2026-01-18 02:19:00+00:00,1.0010568797116577,0.0
2026-01-18 02:20:00+00:00,1.0010568797116577,0.0
2026-01-18 02:21:00+00:00,1.0010568797116577,-0.0
2026-01-18 02:22:00+00:00,1.0010568797116577,-0.0
2026-01-18 02:23:00+00:00,1.0010568797116577,0.0
2026-01-18 02:24:00+00:00,1.0010568797116577,-0.0
2026-01-18 02:25:00+00:00,1.0010568797116577,0.0
2026-01-18 02:26:00+00:00,1.0010568797116577,0.0
2026-01-18 02:27:00+00:00,1.0010568797116577,-0.0
2026-01-18 02:28:00+00:00,1.0010568797116577,-0.0
2026-01-18 02:29:00+00:00,1.0010568797116577,0.0
2026-01-18 02:30:00+00:00,1.0010568797116577,-0.0
2026-01-18 02:31:00+00:00,1.0010568797116577,0.0
2026-01-18 02:32:00+00:00,1.0010568797116577,0.0
2026-01-18 02:33:00+00:00,1.0010568797116577,-0.0
2026-01-18 02:34:00+00:00,1.0010568797116577,0.0
2026-01-18 02:35:00+00:00,1.0010568797116577,-0.0
2026-01-18 02:36:00+00:00,1.0010568797116577,0.0
2026-01-18 02:37:00+00:00,1.0010568797116577,-0.0
2026-01-18 02:38:00+00:00,1.0010568797116577,-0.0
2026-01-18 02:39:00+00:00,1.0010568797116577,0.0
2026-01-18 02:40:00+00:00,1.0010568797116577,0.0
2026-01-18 02:41:00+00:00,1.0010568797116577,-0.0
2026-01-18 02:42:00+00:00,1.0010568797116577,0.0
2026-01-18 02:43:00+00:00,1.0010568797116577,-0.0
2026-01-18 02:44:00+00:00,1.0010568797116577,0.0
2026-01-18 02:45:00+00:00,1.0010568797116577,0.0
2026-01-18 02:46:00+00:00,1.0010568797116577,0.0
2026-01-18 02:47:00+00:00,1.0010568797116577,-0.0
2026-01-18 02:48:00+00:00,1.0010568797116577,-0.0
2026-01-18 02:49:00+00:00,1.0010568797116577,-0.0
2026-01-18 02:50:00+00:00,1.0010568797116577,0.0
2026-01-18 02:51:00+00:00,1.0010568797116577,-0.0
2026-01-18 02:52:00+00:00,1.0010568797116577,-0.0
2026-01-18 02:53:00+00:00,1.0010568797116577,-0.0
2026-01-18 02:54:00+00:00,1.0010568797116577,-0.0
2026-01-18 02:55:00+00:00,1.0010568797116577,0.0
2026-01-18 02:56:00+00:00,1.0010568797116577,-0.0
2026-01-18 02:57:00+00:00,1.0010568797116577,0.0
2026-01-18 02:58:00+00:00,1.0010568797116577,-0.0
2026-01-18 02:59:00+00:00,1.0010568797116577,-0.0
2026-01-18 03:00:00+00:00,1.0010568797116577,0.0
2026-01-18 03:01:00+00:00,1.0010568797116577,0.0
2026-01-18 03:02:00+00:00,1.0010568797116577,-0.0
2026-01-18 03:03:00+00:00,1.0010568797116577,0.0
2026-01-18 03:04:00+00:00,1.0010568797116577,0.0
2026-01-18 03:05:00+00:00,1.0010568797116577,-0.0
2026-01-18 03:06:00+00:00,1.0010568797116577,-0.0
2026-01-18 03:07:00+00:00,1.0010568797116577,0.0
2026-01-18 03:08:00+00:00,1.0010568797116577,0.0
2026-01-18 03:09:00+00:00,1.0010568797116577,0.0
