Which,Bars,Annualized Gross Return,Sharpe,Max Drawdown,MAR,Win Rate (Monthly)
Train,50472,0.24197319308473708,0.7186968476095749,0.3982116999755518,0.607649632342779,0.4230769230769231
Test,21632,1.2071940879556733,1.9923669139462423,0.1995540031894012,6.049460640535977,0.8333333333333334
Full,72104,0.47582031246893974,1.1100917264386583,0.3982116999755518,1.194892848447579,0.5161290322580645
